ISO-10303-21;
HEADER;
/* Generated by software containing ST-Developer
 * from STEP Tools, Inc. (www.steptools.com) 
 */
/* OPTION: using custom renumber hook */

FILE_DESCRIPTION(
/* description */ ('STEP AP242 Edition 2',
'CAx-IF Rec.Pracs.---Representation and Presentation of Product Manufa
cturing Information (PMI)---4.0---2014-10-13',
'CAx-IF Rec.Pracs.---3D Tessellated Geometry---0.4---2014-09-14','2;1',
'CAx-IF Rec.Pracs.---User Defined Attributes---1.5---2016-08-15'),
/* implementation_level */ '2;1');

FILE_NAME(
/* name */ '69724cd54d56253080346c56',
/* time_stamp */ '2026-01-22T16:14:13Z',
/* author */ (''),
/* organization */ (''),
/* preprocessor_version */ 'ST-DEVELOPER v20',
/* originating_system */ 'ONSHAPE BY PTC INC, 1.209',
/* authorisation */ '  ');

FILE_SCHEMA (('AP242_MANAGED_MODEL_BASED_3D_ENGINEERING_MIM_LF { 1 0 10303 442 3 1 4 }'));
ENDSEC;

DATA;
#10=SHAPE_REPRESENTATION_RELATIONSHIP('','',#1231,#11);
#11=ADVANCED_BREP_SHAPE_REPRESENTATION('',(#1229),#3128);
#12=VERTEX_LOOP('',#653);
#13=VERTEX_LOOP('',#678);
#14=VERTEX_LOOP('',#688);
#15=VERTEX_LOOP('',#689);
#16=B_SPLINE_SURFACE_WITH_KNOTS('',3,3,((#1873,#1874,#1875,#1876),(#1877,
#1878,#1879,#1880),(#1881,#1882,#1883,#1884),(#1885,#1886,#1887,#1888),
(#1889,#1890,#1891,#1892),(#1893,#1894,#1895,#1896),(#1897,#1898,#1899,
#1900),(#1901,#1902,#1903,#1904),(#1905,#1906,#1907,#1908),(#1909,#1910,
#1911,#1912),(#1913,#1914,#1915,#1916),(#1917,#1918,#1919,#1920),(#1921,
#1922,#1923,#1924),(#1925,#1926,#1927,#1928),(#1929,#1930,#1931,#1932),
(#1933,#1934,#1935,#1936),(#1937,#1938,#1939,#1940),(#1941,#1942,#1943,
#1944),(#1945,#1946,#1947,#1948),(#1949,#1950,#1951,#1952),(#1953,#1954,
#1955,#1956),(#1957,#1958,#1959,#1960),(#1961,#1962,#1963,#1964),(#1965,
#1966,#1967,#1968),(#1969,#1970,#1971,#1972),(#1973,#1974,#1975,#1976),
(#1977,#1978,#1979,#1980),(#1981,#1982,#1983,#1984),(#1985,#1986,#1987,
#1988),(#1989,#1990,#1991,#1992),(#1993,#1994,#1995,#1996),(#1997,#1998,
#1999,#2000),(#2001,#2002,#2003,#2004),(#2005,#2006,#2007,#2008),(#2009,
#2010,#2011,#2012),(#2013,#2014,#2015,#2016),(#2017,#2018,#2019,#2020),
(#2021,#2022,#2023,#2024),(#2025,#2026,#2027,#2028),(#2029,#2030,#2031,
#2032),(#2033,#2034,#2035,#2036),(#2037,#2038,#2039,#2040),(#2041,#2042,
#2043,#2044),(#2045,#2046,#2047,#2048),(#2049,#2050,#2051,#2052),(#2053,
#2054,#2055,#2056),(#2057,#2058,#2059,#2060),(#2061,#2062,#2063,#2064),
(#2065,#2066,#2067,#2068),(#2069,#2070,#2071,#2072),(#2073,#2074,#2075,
#2076),(#2077,#2078,#2079,#2080),(#2081,#2082,#2083,#2084),(#2085,#2086,
#2087,#2088),(#2089,#2090,#2091,#2092),(#2093,#2094,#2095,#2096),(#2097,
#2098,#2099,#2100),(#2101,#2102,#2103,#2104),(#2105,#2106,#2107,#2108),
(#2109,#2110,#2111,#2112),(#2113,#2114,#2115,#2116),(#2117,#2118,#2119,
#2120),(#2121,#2122,#2123,#2124),(#2125,#2126,#2127,#2128),(#2129,#2130,
#2131,#2132),(#2133,#2134,#2135,#2136),(#2137,#2138,#2139,#2140),(#2141,
#2142,#2143,#2144)),.UNSPECIFIED.,.T.,.F.,.F.,(2,2,2,2,2,2,2,2,2,2,2,2,
1,2,2,2,2,2,2,2,2,2,2,2,1,2,2,2,2,2,2,2,2,2,2,2,2),(4,4),(-0.03125,0.,0.03125,
0.0625,0.09375,0.125,0.15625,0.1875,0.21875,0.25,0.28125,0.3125,0.333333333333334,
0.34375,0.375,0.40625,0.4375,0.46875,0.5,0.53125,0.5625,0.59375,0.625,0.65625,
0.666666666666667,0.6875,0.71875,0.75,0.78125,0.8125,0.84375,0.875,0.90625,
0.9375,0.96875,1.,1.03125),(0.,1.),.UNSPECIFIED.);
#17=B_SPLINE_SURFACE_WITH_KNOTS('',3,3,((#2225,#2226,#2227,#2228),(#2229,
#2230,#2231,#2232),(#2233,#2234,#2235,#2236),(#2237,#2238,#2239,#2240),
(#2241,#2242,#2243,#2244),(#2245,#2246,#2247,#2248),(#2249,#2250,#2251,
#2252),(#2253,#2254,#2255,#2256),(#2257,#2258,#2259,#2260),(#2261,#2262,
#2263,#2264),(#2265,#2266,#2267,#2268),(#2269,#2270,#2271,#2272),(#2273,
#2274,#2275,#2276),(#2277,#2278,#2279,#2280),(#2281,#2282,#2283,#2284),
(#2285,#2286,#2287,#2288),(#2289,#2290,#2291,#2292),(#2293,#2294,#2295,
#2296),(#2297,#2298,#2299,#2300),(#2301,#2302,#2303,#2304),(#2305,#2306,
#2307,#2308),(#2309,#2310,#2311,#2312),(#2313,#2314,#2315,#2316),(#2317,
#2318,#2319,#2320),(#2321,#2322,#2323,#2324),(#2325,#2326,#2327,#2328),
(#2329,#2330,#2331,#2332),(#2333,#2334,#2335,#2336),(#2337,#2338,#2339,
#2340),(#2341,#2342,#2343,#2344),(#2345,#2346,#2347,#2348),(#2349,#2350,
#2351,#2352),(#2353,#2354,#2355,#2356),(#2357,#2358,#2359,#2360),(#2361,
#2362,#2363,#2364),(#2365,#2366,#2367,#2368),(#2369,#2370,#2371,#2372),
(#2373,#2374,#2375,#2376),(#2377,#2378,#2379,#2380),(#2381,#2382,#2383,
#2384),(#2385,#2386,#2387,#2388),(#2389,#2390,#2391,#2392),(#2393,#2394,
#2395,#2396),(#2397,#2398,#2399,#2400),(#2401,#2402,#2403,#2404),(#2405,
#2406,#2407,#2408),(#2409,#2410,#2411,#2412),(#2413,#2414,#2415,#2416),
(#2417,#2418,#2419,#2420),(#2421,#2422,#2423,#2424),(#2425,#2426,#2427,
#2428),(#2429,#2430,#2431,#2432),(#2433,#2434,#2435,#2436),(#2437,#2438,
#2439,#2440),(#2441,#2442,#2443,#2444),(#2445,#2446,#2447,#2448),(#2449,
#2450,#2451,#2452),(#2453,#2454,#2455,#2456),(#2457,#2458,#2459,#2460),
(#2461,#2462,#2463,#2464),(#2465,#2466,#2467,#2468),(#2469,#2470,#2471,
#2472),(#2473,#2474,#2475,#2476),(#2477,#2478,#2479,#2480),(#2481,#2482,
#2483,#2484),(#2485,#2486,#2487,#2488),(#2489,#2490,#2491,#2492),(#2493,
#2494,#2495,#2496)),.UNSPECIFIED.,.T.,.F.,.F.,(2,2,2,2,2,2,2,2,2,2,2,2,
1,2,2,2,2,2,2,2,2,2,2,2,1,2,2,2,2,2,2,2,2,2,2,2,2),(4,4),(-0.03125,0.,0.03125,
0.0625,0.09375,0.125,0.15625,0.1875,0.21875,0.25,0.28125,0.3125,0.333333333333334,
0.34375,0.375,0.40625,0.4375,0.46875,0.5,0.53125,0.5625,0.59375,0.625,0.65625,
0.666666666666667,0.6875,0.71875,0.75,0.78125,0.8125,0.84375,0.875,0.90625,
0.9375,0.96875,1.,1.03125),(0.,1.),.UNSPECIFIED.);
#18=B_SPLINE_SURFACE_WITH_KNOTS('',3,3,((#2538,#2539,#2540,#2541),(#2542,
#2543,#2544,#2545),(#2546,#2547,#2548,#2549),(#2550,#2551,#2552,#2553),
(#2554,#2555,#2556,#2557),(#2558,#2559,#2560,#2561),(#2562,#2563,#2564,
#2565),(#2566,#2567,#2568,#2569),(#2570,#2571,#2572,#2573),(#2574,#2575,
#2576,#2577),(#2578,#2579,#2580,#2581),(#2582,#2583,#2584,#2585),(#2586,
#2587,#2588,#2589),(#2590,#2591,#2592,#2593),(#2594,#2595,#2596,#2597),
(#2598,#2599,#2600,#2601),(#2602,#2603,#2604,#2605),(#2606,#2607,#2608,
#2609),(#2610,#2611,#2612,#2613),(#2614,#2615,#2616,#2617),(#2618,#2619,
#2620,#2621),(#2622,#2623,#2624,#2625),(#2626,#2627,#2628,#2629),(#2630,
#2631,#2632,#2633),(#2634,#2635,#2636,#2637),(#2638,#2639,#2640,#2641),
(#2642,#2643,#2644,#2645),(#2646,#2647,#2648,#2649),(#2650,#2651,#2652,
#2653),(#2654,#2655,#2656,#2657),(#2658,#2659,#2660,#2661),(#2662,#2663,
#2664,#2665),(#2666,#2667,#2668,#2669),(#2670,#2671,#2672,#2673),(#2674,
#2675,#2676,#2677),(#2678,#2679,#2680,#2681),(#2682,#2683,#2684,#2685),
(#2686,#2687,#2688,#2689),(#2690,#2691,#2692,#2693),(#2694,#2695,#2696,
#2697),(#2698,#2699,#2700,#2701),(#2702,#2703,#2704,#2705),(#2706,#2707,
#2708,#2709),(#2710,#2711,#2712,#2713),(#2714,#2715,#2716,#2717),(#2718,
#2719,#2720,#2721),(#2722,#2723,#2724,#2725),(#2726,#2727,#2728,#2729),
(#2730,#2731,#2732,#2733),(#2734,#2735,#2736,#2737),(#2738,#2739,#2740,
#2741),(#2742,#2743,#2744,#2745),(#2746,#2747,#2748,#2749),(#2750,#2751,
#2752,#2753),(#2754,#2755,#2756,#2757),(#2758,#2759,#2760,#2761),(#2762,
#2763,#2764,#2765),(#2766,#2767,#2768,#2769),(#2770,#2771,#2772,#2773),
(#2774,#2775,#2776,#2777),(#2778,#2779,#2780,#2781),(#2782,#2783,#2784,
#2785),(#2786,#2787,#2788,#2789),(#2790,#2791,#2792,#2793),(#2794,#2795,
#2796,#2797),(#2798,#2799,#2800,#2801),(#2802,#2803,#2804,#2805),(#2806,
#2807,#2808,#2809)),.UNSPECIFIED.,.T.,.F.,.F.,(2,2,2,2,2,2,2,2,2,2,2,2,
1,2,2,2,2,2,2,2,2,2,2,2,1,2,2,2,2,2,2,2,2,2,2,2,2),(4,4),(-0.03125,0.,0.03125,
0.0625,0.09375,0.125,0.15625,0.1875,0.21875,0.25,0.28125,0.3125,0.333333333333334,
0.34375,0.375,0.40625,0.4375,0.46875,0.5,0.53125,0.5625,0.59375,0.625,0.65625,
0.666666666666667,0.6875,0.71875,0.75,0.78125,0.8125,0.84375,0.875,0.90625,
0.9375,0.96875,1.,1.03125),(0.,1.),.UNSPECIFIED.);
#19=B_SPLINE_SURFACE_WITH_KNOTS('',3,3,((#2811,#2812,#2813,#2814),(#2815,
#2816,#2817,#2818),(#2819,#2820,#2821,#2822),(#2823,#2824,#2825,#2826),
(#2827,#2828,#2829,#2830),(#2831,#2832,#2833,#2834),(#2835,#2836,#2837,
#2838),(#2839,#2840,#2841,#2842),(#2843,#2844,#2845,#2846),(#2847,#2848,
#2849,#2850),(#2851,#2852,#2853,#2854),(#2855,#2856,#2857,#2858),(#2859,
#2860,#2861,#2862),(#2863,#2864,#2865,#2866),(#2867,#2868,#2869,#2870),
(#2871,#2872,#2873,#2874),(#2875,#2876,#2877,#2878),(#2879,#2880,#2881,
#2882),(#2883,#2884,#2885,#2886),(#2887,#2888,#2889,#2890),(#2891,#2892,
#2893,#2894),(#2895,#2896,#2897,#2898),(#2899,#2900,#2901,#2902),(#2903,
#2904,#2905,#2906),(#2907,#2908,#2909,#2910),(#2911,#2912,#2913,#2914),
(#2915,#2916,#2917,#2918),(#2919,#2920,#2921,#2922),(#2923,#2924,#2925,
#2926),(#2927,#2928,#2929,#2930),(#2931,#2932,#2933,#2934),(#2935,#2936,
#2937,#2938),(#2939,#2940,#2941,#2942),(#2943,#2944,#2945,#2946),(#2947,
#2948,#2949,#2950),(#2951,#2952,#2953,#2954),(#2955,#2956,#2957,#2958),
(#2959,#2960,#2961,#2962),(#2963,#2964,#2965,#2966),(#2967,#2968,#2969,
#2970),(#2971,#2972,#2973,#2974),(#2975,#2976,#2977,#2978),(#2979,#2980,
#2981,#2982),(#2983,#2984,#2985,#2986),(#2987,#2988,#2989,#2990),(#2991,
#2992,#2993,#2994),(#2995,#2996,#2997,#2998),(#2999,#3000,#3001,#3002),
(#3003,#3004,#3005,#3006),(#3007,#3008,#3009,#3010),(#3011,#3012,#3013,
#3014),(#3015,#3016,#3017,#3018),(#3019,#3020,#3021,#3022),(#3023,#3024,
#3025,#3026),(#3027,#3028,#3029,#3030),(#3031,#3032,#3033,#3034),(#3035,
#3036,#3037,#3038),(#3039,#3040,#3041,#3042),(#3043,#3044,#3045,#3046),
(#3047,#3048,#3049,#3050),(#3051,#3052,#3053,#3054),(#3055,#3056,#3057,
#3058),(#3059,#3060,#3061,#3062),(#3063,#3064,#3065,#3066),(#3067,#3068,
#3069,#3070),(#3071,#3072,#3073,#3074),(#3075,#3076,#3077,#3078),(#3079,
#3080,#3081,#3082)),.UNSPECIFIED.,.T.,.F.,.F.,(2,2,2,2,2,2,2,2,2,2,2,2,
1,2,2,2,2,2,2,2,2,2,2,2,1,2,2,2,2,2,2,2,2,2,2,2,2),(4,4),(-0.03125,0.,0.03125,
0.0625,0.09375,0.125,0.15625,0.1875,0.21875,0.25,0.28125,0.3125,0.333333333333334,
0.34375,0.375,0.40625,0.4375,0.46875,0.5,0.53125,0.5625,0.59375,0.625,0.65625,
0.666666666666667,0.6875,0.71875,0.75,0.78125,0.8125,0.84375,0.875,0.90625,
0.9375,0.96875,1.,1.03125),(0.,1.),.UNSPECIFIED.);
#20=CONICAL_SURFACE('',#1270,0.00205904036903828,0.323340231192517);
#21=CONICAL_SURFACE('',#1271,0.00226095202129185,0.323340231192522);
#22=SPHERICAL_SURFACE('',#1267,0.0028);
#23=CIRCLE('',#1245,0.0048);
#24=CIRCLE('',#1246,0.0048);
#25=CIRCLE('',#1249,0.0048);
#26=CIRCLE('',#1250,0.0048);
#27=CIRCLE('',#1259,0.00226095202129185);
#28=CIRCLE('',#1261,0.0028);
#29=CIRCLE('',#1263,0.0028);
#30=CIRCLE('',#1265,0.00226095202129185);
#31=CIRCLE('',#1266,0.0048);
#32=CIRCLE('',#1268,0.00205904036903828);
#33=CIRCLE('',#1269,0.00205904036903828);
#34=CIRCLE('',#1279,0.001);
#35=CIRCLE('',#1281,0.001);
#36=CIRCLE('',#1283,0.001);
#37=CIRCLE('',#1287,0.001);
#38=CIRCLE('',#1298,0.001);
#39=CIRCLE('',#1300,0.001);
#40=CIRCLE('',#1302,0.001);
#41=CIRCLE('',#1307,0.001);
#42=CIRCLE('',#1311,0.001);
#43=CIRCLE('',#1313,0.001);
#44=CIRCLE('',#1315,0.001);
#45=CIRCLE('',#1321,0.001);
#46=CIRCLE('',#1325,0.001);
#47=CIRCLE('',#1326,0.001);
#48=CIRCLE('',#1327,0.001);
#49=CIRCLE('',#1328,0.001);
#50=CYLINDRICAL_SURFACE('',#1238,0.0048);
#51=CYLINDRICAL_SURFACE('',#1241,0.0048);
#52=CYLINDRICAL_SURFACE('',#1247,0.0048);
#53=CYLINDRICAL_SURFACE('',#1289,0.0048);
#54=CYLINDRICAL_SURFACE('',#1341,0.0184054588594926);
#55=CYLINDRICAL_SURFACE('',#1342,0.0184054588594914);
#56=ELLIPSE('',#1234,0.00695090591850489,0.0048);
#57=ELLIPSE('',#1236,0.0533060887163524,0.0184054588594926);
#58=ELLIPSE('',#1237,0.00695090591850489,0.0048);
#59=ELLIPSE('',#1239,0.00554256258422041,0.0048);
#60=ELLIPSE('',#1240,0.00554256258422041,0.0048);
#61=ELLIPSE('',#1242,0.0096,0.0048);
#62=ELLIPSE('',#1243,0.0096,0.0048);
#63=ELLIPSE('',#1244,0.00977435003440606,0.0048);
#64=ELLIPSE('',#1248,0.00695090591850489,0.0048);
#65=ELLIPSE('',#1251,0.00977435003440606,0.0048);
#66=ELLIPSE('',#1252,0.0096,0.0048);
#67=ELLIPSE('',#1253,0.0096,0.0048);
#68=ELLIPSE('',#1273,0.0212527932541719,0.0184054588594914);
#69=ELLIPSE('',#1275,0.0212527932541732,0.0184054588594926);
#70=ELLIPSE('',#1277,0.0533060887163491,0.0184054588594914);
#71=ELLIPSE('',#1290,0.00977435003440606,0.0048);
#72=ELLIPSE('',#1291,0.00846483543527695,0.0048);
#73=ELLIPSE('',#1292,0.00977435003440606,0.0048);
#74=ORIENTED_EDGE('',*,*,#418,.F.);
#75=ORIENTED_EDGE('',*,*,#419,.T.);
#76=ORIENTED_EDGE('',*,*,#420,.F.);
#77=ORIENTED_EDGE('',*,*,#421,.T.);
#78=ORIENTED_EDGE('',*,*,#422,.F.);
#79=ORIENTED_EDGE('',*,*,#423,.F.);
#80=ORIENTED_EDGE('',*,*,#424,.T.);
#81=ORIENTED_EDGE('',*,*,#425,.T.);
#82=ORIENTED_EDGE('',*,*,#426,.T.);
#83=ORIENTED_EDGE('',*,*,#427,.T.);
#84=ORIENTED_EDGE('',*,*,#428,.T.);
#85=ORIENTED_EDGE('',*,*,#421,.F.);
#86=ORIENTED_EDGE('',*,*,#429,.F.);
#87=ORIENTED_EDGE('',*,*,#430,.F.);
#88=ORIENTED_EDGE('',*,*,#428,.F.);
#89=ORIENTED_EDGE('',*,*,#431,.F.);
#90=ORIENTED_EDGE('',*,*,#432,.F.);
#91=ORIENTED_EDGE('',*,*,#433,.F.);
#92=ORIENTED_EDGE('',*,*,#434,.F.);
#93=ORIENTED_EDGE('',*,*,#435,.T.);
#94=ORIENTED_EDGE('',*,*,#436,.T.);
#95=ORIENTED_EDGE('',*,*,#437,.F.);
#96=ORIENTED_EDGE('',*,*,#438,.F.);
#97=ORIENTED_EDGE('',*,*,#439,.T.);
#98=ORIENTED_EDGE('',*,*,#440,.T.);
#99=ORIENTED_EDGE('',*,*,#441,.F.);
#100=ORIENTED_EDGE('',*,*,#442,.F.);
#101=ORIENTED_EDGE('',*,*,#443,.F.);
#102=ORIENTED_EDGE('',*,*,#444,.T.);
#103=ORIENTED_EDGE('',*,*,#445,.T.);
#104=ORIENTED_EDGE('',*,*,#446,.F.);
#105=ORIENTED_EDGE('',*,*,#422,.T.);
#106=ORIENTED_EDGE('',*,*,#430,.T.);
#107=ORIENTED_EDGE('',*,*,#447,.F.);
#108=ORIENTED_EDGE('',*,*,#448,.F.);
#109=ORIENTED_EDGE('',*,*,#449,.F.);
#110=ORIENTED_EDGE('',*,*,#450,.F.);
#111=ORIENTED_EDGE('',*,*,#451,.F.);
#112=ORIENTED_EDGE('',*,*,#452,.F.);
#113=ORIENTED_EDGE('',*,*,#453,.F.);
#114=ORIENTED_EDGE('',*,*,#454,.F.);
#115=ORIENTED_EDGE('',*,*,#455,.F.);
#116=ORIENTED_EDGE('',*,*,#432,.T.);
#117=ORIENTED_EDGE('',*,*,#456,.F.);
#118=ORIENTED_EDGE('',*,*,#444,.F.);
#119=ORIENTED_EDGE('',*,*,#457,.T.);
#120=ORIENTED_EDGE('',*,*,#458,.T.);
#121=ORIENTED_EDGE('',*,*,#459,.T.);
#122=ORIENTED_EDGE('',*,*,#460,.T.);
#123=ORIENTED_EDGE('',*,*,#461,.T.);
#124=ORIENTED_EDGE('',*,*,#462,.T.);
#125=ORIENTED_EDGE('',*,*,#463,.T.);
#126=ORIENTED_EDGE('',*,*,#464,.T.);
#127=ORIENTED_EDGE('',*,*,#429,.T.);
#128=ORIENTED_EDGE('',*,*,#420,.T.);
#129=ORIENTED_EDGE('',*,*,#465,.F.);
#130=ORIENTED_EDGE('',*,*,#466,.F.);
#131=ORIENTED_EDGE('',*,*,#467,.T.);
#132=ORIENTED_EDGE('',*,*,#468,.T.);
#133=ORIENTED_EDGE('',*,*,#436,.F.);
#134=ORIENTED_EDGE('',*,*,#469,.F.);
#135=ORIENTED_EDGE('',*,*,#470,.T.);
#136=ORIENTED_EDGE('',*,*,#471,.T.);
#137=ORIENTED_EDGE('',*,*,#440,.F.);
#138=ORIENTED_EDGE('',*,*,#472,.F.);
#139=ORIENTED_EDGE('',*,*,#473,.T.);
#140=ORIENTED_EDGE('',*,*,#474,.T.);
#141=ORIENTED_EDGE('',*,*,#441,.T.);
#142=ORIENTED_EDGE('',*,*,#471,.F.);
#143=ORIENTED_EDGE('',*,*,#475,.T.);
#144=ORIENTED_EDGE('',*,*,#476,.F.);
#145=ORIENTED_EDGE('',*,*,#477,.T.);
#146=ORIENTED_EDGE('',*,*,#478,.T.);
#147=ORIENTED_EDGE('',*,*,#479,.T.);
#148=ORIENTED_EDGE('',*,*,#469,.T.);
#149=ORIENTED_EDGE('',*,*,#435,.F.);
#150=ORIENTED_EDGE('',*,*,#474,.F.);
#151=ORIENTED_EDGE('',*,*,#480,.T.);
#152=ORIENTED_EDGE('',*,*,#476,.T.);
#153=ORIENTED_EDGE('',*,*,#434,.T.);
#154=ORIENTED_EDGE('',*,*,#481,.T.);
#155=ORIENTED_EDGE('',*,*,#442,.T.);
#156=ORIENTED_EDGE('',*,*,#478,.F.);
#157=ORIENTED_EDGE('',*,*,#482,.T.);
#158=ORIENTED_EDGE('',*,*,#472,.T.);
#159=ORIENTED_EDGE('',*,*,#483,.T.);
#160=ORIENTED_EDGE('',*,*,#477,.F.);
#161=ORIENTED_EDGE('',*,*,#480,.F.);
#162=ORIENTED_EDGE('',*,*,#473,.F.);
#163=ORIENTED_EDGE('',*,*,#482,.F.);
#164=ORIENTED_EDGE('',*,*,#479,.F.);
#165=ORIENTED_EDGE('',*,*,#483,.F.);
#166=ORIENTED_EDGE('',*,*,#475,.F.);
#167=ORIENTED_EDGE('',*,*,#470,.F.);
#168=ORIENTED_EDGE('',*,*,#484,.T.);
#169=ORIENTED_EDGE('',*,*,#485,.T.);
#170=ORIENTED_EDGE('',*,*,#456,.T.);
#171=ORIENTED_EDGE('',*,*,#486,.F.);
#172=ORIENTED_EDGE('',*,*,#418,.T.);
#173=ORIENTED_EDGE('',*,*,#487,.T.);
#174=ORIENTED_EDGE('',*,*,#488,.T.);
#175=ORIENTED_EDGE('',*,*,#489,.T.);
#176=ORIENTED_EDGE('',*,*,#490,.T.);
#177=ORIENTED_EDGE('',*,*,#491,.T.);
#178=ORIENTED_EDGE('',*,*,#466,.T.);
#179=ORIENTED_EDGE('',*,*,#439,.F.);
#180=ORIENTED_EDGE('',*,*,#424,.F.);
#181=ORIENTED_EDGE('',*,*,#492,.F.);
#182=ORIENTED_EDGE('',*,*,#447,.T.);
#183=ORIENTED_EDGE('',*,*,#493,.T.);
#184=ORIENTED_EDGE('',*,*,#426,.F.);
#185=ORIENTED_EDGE('',*,*,#437,.T.);
#186=ORIENTED_EDGE('',*,*,#468,.F.);
#187=ORIENTED_EDGE('',*,*,#494,.F.);
#188=ORIENTED_EDGE('',*,*,#495,.F.);
#189=ORIENTED_EDGE('',*,*,#496,.F.);
#190=ORIENTED_EDGE('',*,*,#497,.F.);
#191=ORIENTED_EDGE('',*,*,#498,.F.);
#192=ORIENTED_EDGE('',*,*,#499,.F.);
#193=ORIENTED_EDGE('',*,*,#484,.F.);
#194=ORIENTED_EDGE('',*,*,#438,.T.);
#195=ORIENTED_EDGE('',*,*,#500,.F.);
#196=ORIENTED_EDGE('',*,*,#501,.T.);
#197=ORIENTED_EDGE('',*,*,#489,.F.);
#198=ORIENTED_EDGE('',*,*,#502,.F.);
#199=ORIENTED_EDGE('',*,*,#488,.F.);
#200=ORIENTED_EDGE('',*,*,#503,.F.);
#201=ORIENTED_EDGE('',*,*,#504,.F.);
#202=ORIENTED_EDGE('',*,*,#505,.F.);
#203=ORIENTED_EDGE('',*,*,#497,.T.);
#204=ORIENTED_EDGE('',*,*,#467,.F.);
#205=ORIENTED_EDGE('',*,*,#491,.F.);
#206=ORIENTED_EDGE('',*,*,#506,.F.);
#207=ORIENTED_EDGE('',*,*,#494,.T.);
#208=ORIENTED_EDGE('',*,*,#490,.F.);
#209=ORIENTED_EDGE('',*,*,#501,.F.);
#210=ORIENTED_EDGE('',*,*,#507,.F.);
#211=ORIENTED_EDGE('',*,*,#495,.T.);
#212=ORIENTED_EDGE('',*,*,#506,.T.);
#213=ORIENTED_EDGE('',*,*,#508,.F.);
#214=ORIENTED_EDGE('',*,*,#496,.T.);
#215=ORIENTED_EDGE('',*,*,#507,.T.);
#216=ORIENTED_EDGE('',*,*,#487,.F.);
#217=ORIENTED_EDGE('',*,*,#425,.F.);
#218=ORIENTED_EDGE('',*,*,#498,.T.);
#219=ORIENTED_EDGE('',*,*,#505,.T.);
#220=ORIENTED_EDGE('',*,*,#503,.T.);
#221=ORIENTED_EDGE('',*,*,#500,.T.);
#222=ORIENTED_EDGE('',*,*,#502,.T.);
#223=ORIENTED_EDGE('',*,*,#504,.T.);
#224=ORIENTED_EDGE('',*,*,#508,.T.);
#225=ORIENTED_EDGE('',*,*,#481,.F.);
#226=ORIENTED_EDGE('',*,*,#509,.F.);
#227=ORIENTED_EDGE('',*,*,#510,.F.);
#228=ORIENTED_EDGE('',*,*,#511,.F.);
#229=ORIENTED_EDGE('',*,*,#512,.T.);
#230=ORIENTED_EDGE('',*,*,#513,.F.);
#231=ORIENTED_EDGE('',*,*,#514,.F.);
#232=ORIENTED_EDGE('',*,*,#510,.T.);
#233=ORIENTED_EDGE('',*,*,#515,.F.);
#234=ORIENTED_EDGE('',*,*,#512,.F.);
#235=ORIENTED_EDGE('',*,*,#516,.T.);
#236=ORIENTED_EDGE('',*,*,#517,.T.);
#237=ORIENTED_EDGE('',*,*,#518,.F.);
#238=ORIENTED_EDGE('',*,*,#519,.T.);
#239=ORIENTED_EDGE('',*,*,#520,.F.);
#240=ORIENTED_EDGE('',*,*,#521,.F.);
#241=ORIENTED_EDGE('',*,*,#522,.F.);
#242=ORIENTED_EDGE('',*,*,#523,.F.);
#243=ORIENTED_EDGE('',*,*,#524,.F.);
#244=ORIENTED_EDGE('',*,*,#525,.F.);
#245=ORIENTED_EDGE('',*,*,#526,.F.);
#246=ORIENTED_EDGE('',*,*,#527,.T.);
#247=ORIENTED_EDGE('',*,*,#528,.T.);
#248=ORIENTED_EDGE('',*,*,#529,.T.);
#249=ORIENTED_EDGE('',*,*,#530,.T.);
#250=ORIENTED_EDGE('',*,*,#531,.T.);
#251=ORIENTED_EDGE('',*,*,#532,.T.);
#252=ORIENTED_EDGE('',*,*,#533,.T.);
#253=ORIENTED_EDGE('',*,*,#534,.T.);
#254=ORIENTED_EDGE('',*,*,#535,.T.);
#255=ORIENTED_EDGE('',*,*,#536,.F.);
#256=ORIENTED_EDGE('',*,*,#537,.T.);
#257=ORIENTED_EDGE('',*,*,#533,.F.);
#258=ORIENTED_EDGE('',*,*,#538,.F.);
#259=ORIENTED_EDGE('',*,*,#532,.F.);
#260=ORIENTED_EDGE('',*,*,#539,.F.);
#261=ORIENTED_EDGE('',*,*,#540,.F.);
#262=ORIENTED_EDGE('',*,*,#541,.F.);
#263=ORIENTED_EDGE('',*,*,#524,.T.);
#264=ORIENTED_EDGE('',*,*,#542,.F.);
#265=ORIENTED_EDGE('',*,*,#527,.F.);
#266=ORIENTED_EDGE('',*,*,#543,.F.);
#267=ORIENTED_EDGE('',*,*,#520,.T.);
#268=ORIENTED_EDGE('',*,*,#544,.F.);
#269=ORIENTED_EDGE('',*,*,#535,.F.);
#270=ORIENTED_EDGE('',*,*,#545,.F.);
#271=ORIENTED_EDGE('',*,*,#521,.T.);
#272=ORIENTED_EDGE('',*,*,#543,.T.);
#273=ORIENTED_EDGE('',*,*,#534,.F.);
#274=ORIENTED_EDGE('',*,*,#537,.F.);
#275=ORIENTED_EDGE('',*,*,#546,.F.);
#276=ORIENTED_EDGE('',*,*,#522,.T.);
#277=ORIENTED_EDGE('',*,*,#545,.T.);
#278=ORIENTED_EDGE('',*,*,#547,.F.);
#279=ORIENTED_EDGE('',*,*,#523,.T.);
#280=ORIENTED_EDGE('',*,*,#546,.T.);
#281=ORIENTED_EDGE('',*,*,#531,.F.);
#282=ORIENTED_EDGE('',*,*,#548,.F.);
#283=ORIENTED_EDGE('',*,*,#525,.T.);
#284=ORIENTED_EDGE('',*,*,#541,.T.);
#285=ORIENTED_EDGE('',*,*,#539,.T.);
#286=ORIENTED_EDGE('',*,*,#530,.F.);
#287=ORIENTED_EDGE('',*,*,#549,.F.);
#288=ORIENTED_EDGE('',*,*,#526,.T.);
#289=ORIENTED_EDGE('',*,*,#548,.T.);
#290=ORIENTED_EDGE('',*,*,#536,.T.);
#291=ORIENTED_EDGE('',*,*,#538,.T.);
#292=ORIENTED_EDGE('',*,*,#540,.T.);
#293=ORIENTED_EDGE('',*,*,#547,.T.);
#294=ORIENTED_EDGE('',*,*,#550,.F.);
#295=ORIENTED_EDGE('',*,*,#551,.T.);
#296=ORIENTED_EDGE('',*,*,#552,.F.);
#297=ORIENTED_EDGE('',*,*,#553,.F.);
#298=ORIENTED_EDGE('',*,*,#554,.F.);
#299=ORIENTED_EDGE('',*,*,#555,.F.);
#300=ORIENTED_EDGE('',*,*,#556,.F.);
#301=ORIENTED_EDGE('',*,*,#557,.F.);
#302=ORIENTED_EDGE('',*,*,#452,.T.);
#303=ORIENTED_EDGE('',*,*,#515,.T.);
#304=ORIENTED_EDGE('',*,*,#509,.T.);
#305=ORIENTED_EDGE('',*,*,#433,.T.);
#306=ORIENTED_EDGE('',*,*,#455,.T.);
#307=ORIENTED_EDGE('',*,*,#558,.T.);
#308=ORIENTED_EDGE('',*,*,#559,.F.);
#309=ORIENTED_EDGE('',*,*,#446,.T.);
#310=ORIENTED_EDGE('',*,*,#544,.T.);
#311=ORIENTED_EDGE('',*,*,#560,.F.);
#312=ORIENTED_EDGE('',*,*,#561,.F.);
#313=ORIENTED_EDGE('',*,*,#448,.T.);
#314=ORIENTED_EDGE('',*,*,#492,.T.);
#315=ORIENTED_EDGE('',*,*,#423,.T.);
#316=ORIENTED_EDGE('',*,*,#562,.F.);
#317=ORIENTED_EDGE('',*,*,#563,.F.);
#318=ORIENTED_EDGE('',*,*,#449,.T.);
#319=ORIENTED_EDGE('',*,*,#561,.T.);
#320=ORIENTED_EDGE('',*,*,#564,.F.);
#321=ORIENTED_EDGE('',*,*,#551,.F.);
#322=ORIENTED_EDGE('',*,*,#565,.F.);
#323=ORIENTED_EDGE('',*,*,#450,.T.);
#324=ORIENTED_EDGE('',*,*,#563,.T.);
#325=ORIENTED_EDGE('',*,*,#566,.F.);
#326=ORIENTED_EDGE('',*,*,#451,.T.);
#327=ORIENTED_EDGE('',*,*,#565,.T.);
#328=ORIENTED_EDGE('',*,*,#567,.F.);
#329=ORIENTED_EDGE('',*,*,#568,.F.);
#330=ORIENTED_EDGE('',*,*,#453,.T.);
#331=ORIENTED_EDGE('',*,*,#557,.T.);
#332=ORIENTED_EDGE('',*,*,#555,.T.);
#333=ORIENTED_EDGE('',*,*,#569,.F.);
#334=ORIENTED_EDGE('',*,*,#558,.F.);
#335=ORIENTED_EDGE('',*,*,#454,.T.);
#336=ORIENTED_EDGE('',*,*,#568,.T.);
#337=ORIENTED_EDGE('',*,*,#519,.F.);
#338=ORIENTED_EDGE('',*,*,#559,.T.);
#339=ORIENTED_EDGE('',*,*,#569,.T.);
#340=ORIENTED_EDGE('',*,*,#567,.T.);
#341=ORIENTED_EDGE('',*,*,#554,.T.);
#342=ORIENTED_EDGE('',*,*,#552,.T.);
#343=ORIENTED_EDGE('',*,*,#564,.T.);
#344=ORIENTED_EDGE('',*,*,#562,.T.);
#345=ORIENTED_EDGE('',*,*,#560,.T.);
#346=ORIENTED_EDGE('',*,*,#550,.T.);
#347=ORIENTED_EDGE('',*,*,#553,.T.);
#348=ORIENTED_EDGE('',*,*,#556,.T.);
#349=ORIENTED_EDGE('',*,*,#566,.T.);
#350=ORIENTED_EDGE('',*,*,#570,.T.);
#351=ORIENTED_EDGE('',*,*,#571,.T.);
#352=ORIENTED_EDGE('',*,*,#572,.T.);
#353=ORIENTED_EDGE('',*,*,#573,.T.);
#354=ORIENTED_EDGE('',*,*,#458,.F.);
#355=ORIENTED_EDGE('',*,*,#574,.F.);
#356=ORIENTED_EDGE('',*,*,#575,.T.);
#357=ORIENTED_EDGE('',*,*,#576,.T.);
#358=ORIENTED_EDGE('',*,*,#459,.F.);
#359=ORIENTED_EDGE('',*,*,#576,.F.);
#360=ORIENTED_EDGE('',*,*,#577,.T.);
#361=ORIENTED_EDGE('',*,*,#578,.T.);
#362=ORIENTED_EDGE('',*,*,#579,.T.);
#363=ORIENTED_EDGE('',*,*,#573,.F.);
#364=ORIENTED_EDGE('',*,*,#580,.T.);
#365=ORIENTED_EDGE('',*,*,#581,.T.);
#366=ORIENTED_EDGE('',*,*,#462,.F.);
#367=ORIENTED_EDGE('',*,*,#582,.F.);
#368=ORIENTED_EDGE('',*,*,#581,.F.);
#369=ORIENTED_EDGE('',*,*,#583,.T.);
#370=ORIENTED_EDGE('',*,*,#584,.T.);
#371=ORIENTED_EDGE('',*,*,#463,.F.);
#372=ORIENTED_EDGE('',*,*,#584,.F.);
#373=ORIENTED_EDGE('',*,*,#585,.T.);
#374=ORIENTED_EDGE('',*,*,#586,.T.);
#375=ORIENTED_EDGE('',*,*,#587,.T.);
#376=ORIENTED_EDGE('',*,*,#542,.T.);
#377=ORIENTED_EDGE('',*,*,#465,.T.);
#378=ORIENTED_EDGE('',*,*,#419,.F.);
#379=ORIENTED_EDGE('',*,*,#486,.T.);
#380=ORIENTED_EDGE('',*,*,#464,.F.);
#381=ORIENTED_EDGE('',*,*,#586,.F.);
#382=ORIENTED_EDGE('',*,*,#457,.F.);
#383=ORIENTED_EDGE('',*,*,#443,.T.);
#384=ORIENTED_EDGE('',*,*,#513,.T.);
#385=ORIENTED_EDGE('',*,*,#517,.F.);
#386=ORIENTED_EDGE('',*,*,#588,.T.);
#387=ORIENTED_EDGE('',*,*,#574,.T.);
#388=ORIENTED_EDGE('',*,*,#572,.F.);
#389=ORIENTED_EDGE('',*,*,#578,.F.);
#390=ORIENTED_EDGE('',*,*,#589,.T.);
#391=ORIENTED_EDGE('',*,*,#571,.F.);
#392=ORIENTED_EDGE('',*,*,#460,.F.);
#393=ORIENTED_EDGE('',*,*,#579,.F.);
#394=ORIENTED_EDGE('',*,*,#570,.F.);
#395=ORIENTED_EDGE('',*,*,#582,.T.);
#396=ORIENTED_EDGE('',*,*,#461,.F.);
#397=ORIENTED_EDGE('',*,*,#528,.F.);
#398=ORIENTED_EDGE('',*,*,#587,.F.);
#399=ORIENTED_EDGE('',*,*,#585,.F.);
#400=ORIENTED_EDGE('',*,*,#583,.F.);
#401=ORIENTED_EDGE('',*,*,#580,.F.);
#402=ORIENTED_EDGE('',*,*,#589,.F.);
#403=ORIENTED_EDGE('',*,*,#577,.F.);
#404=ORIENTED_EDGE('',*,*,#575,.F.);
#405=ORIENTED_EDGE('',*,*,#588,.F.);
#406=ORIENTED_EDGE('',*,*,#516,.F.);
#407=ORIENTED_EDGE('',*,*,#511,.T.);
#408=ORIENTED_EDGE('',*,*,#514,.T.);
#409=ORIENTED_EDGE('',*,*,#518,.T.);
#410=ORIENTED_EDGE('',*,*,#549,.T.);
#411=ORIENTED_EDGE('',*,*,#529,.F.);
#412=ORIENTED_EDGE('',*,*,#427,.F.);
#413=ORIENTED_EDGE('',*,*,#493,.F.);
#414=ORIENTED_EDGE('',*,*,#431,.T.);
#415=ORIENTED_EDGE('',*,*,#485,.F.);
#416=ORIENTED_EDGE('',*,*,#499,.T.);
#417=ORIENTED_EDGE('',*,*,#445,.F.);
#418=EDGE_CURVE('',#590,#591,#699,.T.);
#419=EDGE_CURVE('',#590,#592,#700,.T.);
#420=EDGE_CURVE('',#593,#592,#701,.T.);
#421=EDGE_CURVE('',#593,#594,#56,.T.);
#422=EDGE_CURVE('',#595,#594,#702,.T.);
#423=EDGE_CURVE('',#596,#595,#703,.T.);
#424=EDGE_CURVE('',#596,#597,#704,.T.);
#425=EDGE_CURVE('',#597,#591,#705,.T.);
#426=EDGE_CURVE('',#598,#599,#706,.T.);
#427=EDGE_CURVE('',#599,#600,#57,.T.);
#428=EDGE_CURVE('',#600,#598,#58,.T.);
#429=EDGE_CURVE('',#601,#593,#59,.F.);
#430=EDGE_CURVE('',#594,#601,#60,.F.);
#431=EDGE_CURVE('',#602,#600,#61,.F.);
#432=EDGE_CURVE('',#603,#602,#62,.F.);
#433=EDGE_CURVE('',#604,#603,#63,.F.);
#434=EDGE_CURVE('',#605,#604,#23,.T.);
#435=EDGE_CURVE('',#605,#606,#707,.T.);
#436=EDGE_CURVE('',#606,#607,#24,.T.);
#437=EDGE_CURVE('',#598,#607,#708,.T.);
#438=EDGE_CURVE('',#608,#609,#64,.T.);
#439=EDGE_CURVE('',#608,#610,#709,.T.);
#440=EDGE_CURVE('',#610,#611,#25,.T.);
#441=EDGE_CURVE('',#612,#611,#710,.T.);
#442=EDGE_CURVE('',#613,#612,#26,.T.);
#443=EDGE_CURVE('',#614,#613,#65,.F.);
#444=EDGE_CURVE('',#614,#615,#66,.F.);
#445=EDGE_CURVE('',#615,#609,#67,.F.);
#446=EDGE_CURVE('',#595,#601,#711,.T.);
#447=EDGE_CURVE('',#616,#602,#712,.T.);
#448=EDGE_CURVE('',#617,#616,#713,.T.);
#449=EDGE_CURVE('',#618,#617,#714,.T.);
#450=EDGE_CURVE('',#619,#618,#715,.T.);
#451=EDGE_CURVE('',#620,#619,#716,.T.);
#452=EDGE_CURVE('',#621,#620,#717,.T.);
#453=EDGE_CURVE('',#622,#621,#718,.T.);
#454=EDGE_CURVE('',#623,#622,#719,.T.);
#455=EDGE_CURVE('',#603,#623,#720,.T.);
#456=EDGE_CURVE('',#615,#624,#721,.T.);
#457=EDGE_CURVE('',#614,#625,#722,.T.);
#458=EDGE_CURVE('',#625,#626,#723,.T.);
#459=EDGE_CURVE('',#626,#627,#724,.T.);
#460=EDGE_CURVE('',#627,#628,#725,.T.);
#461=EDGE_CURVE('',#628,#629,#726,.T.);
#462=EDGE_CURVE('',#629,#630,#727,.T.);
#463=EDGE_CURVE('',#630,#631,#728,.T.);
#464=EDGE_CURVE('',#631,#624,#729,.T.);
#465=EDGE_CURVE('',#601,#592,#730,.T.);
#466=EDGE_CURVE('',#632,#610,#731,.T.);
#467=EDGE_CURVE('',#632,#633,#732,.T.);
#468=EDGE_CURVE('',#633,#607,#733,.T.);
#469=EDGE_CURVE('',#634,#606,#734,.T.);
#470=EDGE_CURVE('',#634,#635,#27,.T.);
#471=EDGE_CURVE('',#635,#611,#735,.T.);
#472=EDGE_CURVE('',#636,#637,#28,.T.);
#473=EDGE_CURVE('',#636,#638,#736,.F.);
#474=EDGE_CURVE('',#638,#612,#737,.T.);
#475=EDGE_CURVE('',#635,#637,#738,.F.);
#476=EDGE_CURVE('',#639,#605,#739,.T.);
#477=EDGE_CURVE('',#639,#640,#740,.T.);
#478=EDGE_CURVE('',#640,#641,#29,.T.);
#479=EDGE_CURVE('',#641,#634,#741,.T.);
#480=EDGE_CURVE('',#638,#639,#30,.F.);
#481=EDGE_CURVE('',#604,#613,#31,.T.);
#482=EDGE_CURVE('',#640,#636,#32,.F.);
#483=EDGE_CURVE('',#637,#641,#33,.F.);
#484=EDGE_CURVE('',#608,#642,#742,.T.);
#485=EDGE_CURVE('',#642,#615,#68,.T.);
#486=EDGE_CURVE('',#590,#624,#743,.T.);
#487=EDGE_CURVE('',#591,#643,#744,.T.);
#488=EDGE_CURVE('',#643,#644,#745,.T.);
#489=EDGE_CURVE('',#644,#645,#746,.T.);
#490=EDGE_CURVE('',#645,#646,#747,.T.);
#491=EDGE_CURVE('',#646,#632,#748,.T.);
#492=EDGE_CURVE('',#616,#596,#749,.T.);
#493=EDGE_CURVE('',#602,#599,#69,.F.);
#494=EDGE_CURVE('',#647,#633,#750,.T.);
#495=EDGE_CURVE('',#648,#647,#751,.T.);
#496=EDGE_CURVE('',#649,#648,#752,.T.);
#497=EDGE_CURVE('',#650,#649,#753,.T.);
#498=EDGE_CURVE('',#597,#650,#754,.T.);
#499=EDGE_CURVE('',#642,#609,#70,.F.);
#500=EDGE_CURVE('',#651,#644,#34,.T.);
#501=EDGE_CURVE('',#651,#645,#755,.T.);
#502=EDGE_CURVE('',#644,#652,#35,.T.);
#503=EDGE_CURVE('',#652,#643,#756,.T.);
#504=EDGE_CURVE('',#652,#649,#36,.T.);
#505=EDGE_CURVE('',#650,#652,#757,.T.);
#506=EDGE_CURVE('',#647,#646,#758,.T.);
#507=EDGE_CURVE('',#648,#651,#759,.T.);
#508=EDGE_CURVE('',#649,#651,#37,.T.);
#509=EDGE_CURVE('',#654,#604,#71,.F.);
#510=EDGE_CURVE('',#655,#654,#760,.T.);
#511=EDGE_CURVE('',#656,#655,#72,.F.);
#512=EDGE_CURVE('',#656,#657,#761,.T.);
#513=EDGE_CURVE('',#613,#657,#73,.F.);
#514=EDGE_CURVE('',#655,#658,#762,.T.);
#515=EDGE_CURVE('',#658,#654,#763,.T.);
#516=EDGE_CURVE('',#656,#659,#764,.T.);
#517=EDGE_CURVE('',#659,#657,#765,.T.);
#518=EDGE_CURVE('',#658,#660,#766,.T.);
#519=EDGE_CURVE('',#658,#661,#767,.T.);
#520=EDGE_CURVE('',#662,#661,#768,.T.);
#521=EDGE_CURVE('',#663,#662,#769,.T.);
#522=EDGE_CURVE('',#664,#663,#770,.T.);
#523=EDGE_CURVE('',#665,#664,#771,.T.);
#524=EDGE_CURVE('',#666,#665,#772,.T.);
#525=EDGE_CURVE('',#667,#666,#773,.T.);
#526=EDGE_CURVE('',#660,#667,#774,.T.);
#527=EDGE_CURVE('',#668,#669,#775,.T.);
#528=EDGE_CURVE('',#669,#659,#776,.T.);
#529=EDGE_CURVE('',#659,#670,#777,.T.);
#530=EDGE_CURVE('',#670,#671,#778,.T.);
#531=EDGE_CURVE('',#671,#672,#779,.T.);
#532=EDGE_CURVE('',#672,#673,#780,.T.);
#533=EDGE_CURVE('',#673,#674,#781,.T.);
#534=EDGE_CURVE('',#674,#675,#782,.T.);
#535=EDGE_CURVE('',#675,#668,#783,.T.);
#536=EDGE_CURVE('',#676,#673,#38,.T.);
#537=EDGE_CURVE('',#676,#674,#784,.T.);
#538=EDGE_CURVE('',#673,#677,#39,.T.);
#539=EDGE_CURVE('',#677,#672,#785,.T.);
#540=EDGE_CURVE('',#677,#665,#40,.T.);
#541=EDGE_CURVE('',#666,#677,#786,.T.);
#542=EDGE_CURVE('',#669,#601,#787,.T.);
#543=EDGE_CURVE('',#662,#668,#788,.T.);
#544=EDGE_CURVE('',#601,#661,#789,.T.);
#545=EDGE_CURVE('',#663,#675,#790,.T.);
#546=EDGE_CURVE('',#664,#676,#791,.T.);
#547=EDGE_CURVE('',#665,#676,#41,.T.);
#548=EDGE_CURVE('',#667,#671,#792,.T.);
#549=EDGE_CURVE('',#660,#670,#793,.T.);
#550=EDGE_CURVE('',#679,#680,#42,.T.);
#551=EDGE_CURVE('',#679,#681,#794,.T.);
#552=EDGE_CURVE('',#680,#681,#795,.T.);
#553=EDGE_CURVE('',#680,#682,#43,.T.);
#554=EDGE_CURVE('',#683,#680,#796,.T.);
#555=EDGE_CURVE('',#682,#683,#797,.T.);
#556=EDGE_CURVE('',#682,#620,#44,.T.);
#557=EDGE_CURVE('',#621,#682,#798,.T.);
#558=EDGE_CURVE('',#623,#684,#799,.T.);
#559=EDGE_CURVE('',#658,#684,#800,.T.);
#560=EDGE_CURVE('',#685,#661,#801,.T.);
#561=EDGE_CURVE('',#617,#685,#802,.T.);
#562=EDGE_CURVE('',#686,#685,#803,.T.);
#563=EDGE_CURVE('',#618,#686,#804,.T.);
#564=EDGE_CURVE('',#681,#686,#805,.T.);
#565=EDGE_CURVE('',#619,#679,#806,.T.);
#566=EDGE_CURVE('',#620,#679,#45,.T.);
#567=EDGE_CURVE('',#687,#683,#807,.T.);
#568=EDGE_CURVE('',#622,#687,#808,.T.);
#569=EDGE_CURVE('',#684,#687,#809,.T.);
#570=EDGE_CURVE('',#690,#628,#46,.T.);
#571=EDGE_CURVE('',#628,#691,#47,.T.);
#572=EDGE_CURVE('',#691,#692,#48,.T.);
#573=EDGE_CURVE('',#692,#690,#49,.T.);
#574=EDGE_CURVE('',#693,#625,#810,.T.);
#575=EDGE_CURVE('',#693,#694,#811,.T.);
#576=EDGE_CURVE('',#694,#626,#812,.T.);
#577=EDGE_CURVE('',#694,#695,#813,.T.);
#578=EDGE_CURVE('',#695,#691,#814,.T.);
#579=EDGE_CURVE('',#691,#627,#815,.T.);
#580=EDGE_CURVE('',#692,#696,#816,.T.);
#581=EDGE_CURVE('',#696,#690,#817,.T.);
#582=EDGE_CURVE('',#690,#629,#818,.T.);
#583=EDGE_CURVE('',#696,#697,#819,.T.);
#584=EDGE_CURVE('',#697,#630,#820,.T.);
#585=EDGE_CURVE('',#697,#698,#821,.T.);
#586=EDGE_CURVE('',#698,#631,#822,.T.);
#587=EDGE_CURVE('',#698,#669,#823,.T.);
#588=EDGE_CURVE('',#659,#693,#824,.T.);
#589=EDGE_CURVE('',#695,#692,#825,.T.);
#590=VERTEX_POINT('',#1695);
#591=VERTEX_POINT('',#1696);
#592=VERTEX_POINT('',#1698);
#593=VERTEX_POINT('',#1700);
#594=VERTEX_POINT('',#1702);
#595=VERTEX_POINT('',#1704);
#596=VERTEX_POINT('',#1706);
#597=VERTEX_POINT('',#1708);
#598=VERTEX_POINT('',#1712);
#599=VERTEX_POINT('',#1713);
#600=VERTEX_POINT('',#1715);
#601=VERTEX_POINT('',#1719);
#602=VERTEX_POINT('',#1723);
#603=VERTEX_POINT('',#1725);
#604=VERTEX_POINT('',#1727);
#605=VERTEX_POINT('',#1729);
#606=VERTEX_POINT('',#1731);
#607=VERTEX_POINT('',#1733);
#608=VERTEX_POINT('',#1737);
#609=VERTEX_POINT('',#1738);
#610=VERTEX_POINT('',#1740);
#611=VERTEX_POINT('',#1742);
#612=VERTEX_POINT('',#1744);
#613=VERTEX_POINT('',#1746);
#614=VERTEX_POINT('',#1748);
#615=VERTEX_POINT('',#1750);
#616=VERTEX_POINT('',#1756);
#617=VERTEX_POINT('',#1758);
#618=VERTEX_POINT('',#1760);
#619=VERTEX_POINT('',#1762);
#620=VERTEX_POINT('',#1764);
#621=VERTEX_POINT('',#1766);
#622=VERTEX_POINT('',#1768);
#623=VERTEX_POINT('',#1770);
#624=VERTEX_POINT('',#1774);
#625=VERTEX_POINT('',#1776);
#626=VERTEX_POINT('',#1778);
#627=VERTEX_POINT('',#1780);
#628=VERTEX_POINT('',#1782);
#629=VERTEX_POINT('',#1784);
#630=VERTEX_POINT('',#1786);
#631=VERTEX_POINT('',#1788);
#632=VERTEX_POINT('',#1794);
#633=VERTEX_POINT('',#1796);
#634=VERTEX_POINT('',#1799);
#635=VERTEX_POINT('',#1801);
#636=VERTEX_POINT('',#1805);
#637=VERTEX_POINT('',#1806);
#638=VERTEX_POINT('',#1808);
#639=VERTEX_POINT('',#1813);
#640=VERTEX_POINT('',#1815);
#641=VERTEX_POINT('',#1817);
#642=VERTEX_POINT('',#1829);
#643=VERTEX_POINT('',#1833);
#644=VERTEX_POINT('',#1835);
#645=VERTEX_POINT('',#1837);
#646=VERTEX_POINT('',#1839);
#647=VERTEX_POINT('',#1845);
#648=VERTEX_POINT('',#1847);
#649=VERTEX_POINT('',#1849);
#650=VERTEX_POINT('',#1851);
#651=VERTEX_POINT('',#1857);
#652=VERTEX_POINT('',#1861);
#653=VERTEX_POINT('',#2145);
#654=VERTEX_POINT('',#2148);
#655=VERTEX_POINT('',#2150);
#656=VERTEX_POINT('',#2152);
#657=VERTEX_POINT('',#2154);
#658=VERTEX_POINT('',#2158);
#659=VERTEX_POINT('',#2162);
#660=VERTEX_POINT('',#2166);
#661=VERTEX_POINT('',#2168);
#662=VERTEX_POINT('',#2170);
#663=VERTEX_POINT('',#2172);
#664=VERTEX_POINT('',#2174);
#665=VERTEX_POINT('',#2176);
#666=VERTEX_POINT('',#2178);
#667=VERTEX_POINT('',#2180);
#668=VERTEX_POINT('',#2184);
#669=VERTEX_POINT('',#2185);
#670=VERTEX_POINT('',#2188);
#671=VERTEX_POINT('',#2190);
#672=VERTEX_POINT('',#2192);
#673=VERTEX_POINT('',#2194);
#674=VERTEX_POINT('',#2196);
#675=VERTEX_POINT('',#2198);
#676=VERTEX_POINT('',#2202);
#677=VERTEX_POINT('',#2206);
#678=VERTEX_POINT('',#2497);
#679=VERTEX_POINT('',#2500);
#680=VERTEX_POINT('',#2501);
#681=VERTEX_POINT('',#2503);
#682=VERTEX_POINT('',#2507);
#683=VERTEX_POINT('',#2509);
#684=VERTEX_POINT('',#2516);
#685=VERTEX_POINT('',#2520);
#686=VERTEX_POINT('',#2524);
#687=VERTEX_POINT('',#2533);
#688=VERTEX_POINT('',#2810);
#689=VERTEX_POINT('',#3083);
#690=VERTEX_POINT('',#3085);
#691=VERTEX_POINT('',#3087);
#692=VERTEX_POINT('',#3089);
#693=VERTEX_POINT('',#3093);
#694=VERTEX_POINT('',#3095);
#695=VERTEX_POINT('',#3099);
#696=VERTEX_POINT('',#3104);
#697=VERTEX_POINT('',#3109);
#698=VERTEX_POINT('',#3113);
#699=LINE('',#1694,#826);
#700=LINE('',#1697,#827);
#701=LINE('',#1699,#828);
#702=LINE('',#1703,#829);
#703=LINE('',#1705,#830);
#704=LINE('',#1707,#831);
#705=LINE('',#1709,#832);
#706=LINE('',#1711,#833);
#707=LINE('',#1730,#834);
#708=LINE('',#1734,#835);
#709=LINE('',#1739,#836);
#710=LINE('',#1743,#837);
#711=LINE('',#1753,#838);
#712=LINE('',#1755,#839);
#713=LINE('',#1757,#840);
#714=LINE('',#1759,#841);
#715=LINE('',#1761,#842);
#716=LINE('',#1763,#843);
#717=LINE('',#1765,#844);
#718=LINE('',#1767,#845);
#719=LINE('',#1769,#846);
#720=LINE('',#1771,#847);
#721=LINE('',#1773,#848);
#722=LINE('',#1775,#849);
#723=LINE('',#1777,#850);
#724=LINE('',#1779,#851);
#725=LINE('',#1781,#852);
#726=LINE('',#1783,#853);
#727=LINE('',#1785,#854);
#728=LINE('',#1787,#855);
#729=LINE('',#1789,#856);
#730=LINE('',#1791,#857);
#731=LINE('',#1793,#858);
#732=LINE('',#1795,#859);
#733=LINE('',#1797,#860);
#734=LINE('',#1798,#861);
#735=LINE('',#1802,#862);
#736=LINE('',#1807,#863);
#737=LINE('',#1809,#864);
#738=LINE('',#1810,#865);
#739=LINE('',#1812,#866);
#740=LINE('',#1814,#867);
#741=LINE('',#1818,#868);
#742=LINE('',#1828,#869);
#743=LINE('',#1831,#870);
#744=LINE('',#1832,#871);
#745=LINE('',#1834,#872);
#746=LINE('',#1836,#873);
#747=LINE('',#1838,#874);
#748=LINE('',#1840,#875);
#749=LINE('',#1842,#876);
#750=LINE('',#1844,#877);
#751=LINE('',#1846,#878);
#752=LINE('',#1848,#879);
#753=LINE('',#1850,#880);
#754=LINE('',#1852,#881);
#755=LINE('',#1858,#882);
#756=LINE('',#1862,#883);
#757=LINE('',#1865,#884);
#758=LINE('',#1867,#885);
#759=LINE('',#1869,#886);
#760=LINE('',#2149,#887);
#761=LINE('',#2153,#888);
#762=LINE('',#2157,#889);
#763=LINE('',#2159,#890);
#764=LINE('',#2161,#891);
#765=LINE('',#2163,#892);
#766=LINE('',#2165,#893);
#767=LINE('',#2167,#894);
#768=LINE('',#2169,#895);
#769=LINE('',#2171,#896);
#770=LINE('',#2173,#897);
#771=LINE('',#2175,#898);
#772=LINE('',#2177,#899);
#773=LINE('',#2179,#900);
#774=LINE('',#2181,#901);
#775=LINE('',#2183,#902);
#776=LINE('',#2186,#903);
#777=LINE('',#2187,#904);
#778=LINE('',#2189,#905);
#779=LINE('',#2191,#906);
#780=LINE('',#2193,#907);
#781=LINE('',#2195,#908);
#782=LINE('',#2197,#909);
#783=LINE('',#2199,#910);
#784=LINE('',#2203,#911);
#785=LINE('',#2207,#912);
#786=LINE('',#2210,#913);
#787=LINE('',#2212,#914);
#788=LINE('',#2213,#915);
#789=LINE('',#2214,#916);
#790=LINE('',#2216,#917);
#791=LINE('',#2218,#918);
#792=LINE('',#2222,#919);
#793=LINE('',#2224,#920);
#794=LINE('',#2502,#921);
#795=LINE('',#2504,#922);
#796=LINE('',#2508,#923);
#797=LINE('',#2510,#924);
#798=LINE('',#2513,#925);
#799=LINE('',#2515,#926);
#800=LINE('',#2517,#927);
#801=LINE('',#2519,#928);
#802=LINE('',#2521,#929);
#803=LINE('',#2523,#930);
#804=LINE('',#2525,#931);
#805=LINE('',#2527,#932);
#806=LINE('',#2528,#933);
#807=LINE('',#2532,#934);
#808=LINE('',#2534,#935);
#809=LINE('',#2536,#936);
#810=LINE('',#3092,#937);
#811=LINE('',#3094,#938);
#812=LINE('',#3096,#939);
#813=LINE('',#3098,#940);
#814=LINE('',#3100,#941);
#815=LINE('',#3101,#942);
#816=LINE('',#3103,#943);
#817=LINE('',#3105,#944);
#818=LINE('',#3107,#945);
#819=LINE('',#3108,#946);
#820=LINE('',#3110,#947);
#821=LINE('',#3112,#948);
#822=LINE('',#3114,#949);
#823=LINE('',#3116,#950);
#824=LINE('',#3118,#951);
#825=LINE('',#3120,#952);
#826=VECTOR('',#1347,1.);
#827=VECTOR('',#1348,1.);
#828=VECTOR('',#1349,1.);
#829=VECTOR('',#1352,1.);
#830=VECTOR('',#1353,1.);
#831=VECTOR('',#1354,1.);
#832=VECTOR('',#1355,1.);
#833=VECTOR('',#1358,1.);
#834=VECTOR('',#1379,1.);
#835=VECTOR('',#1382,1.);
#836=VECTOR('',#1387,1.);
#837=VECTOR('',#1390,1.);
#838=VECTOR('',#1401,1.);
#839=VECTOR('',#1404,1.);
#840=VECTOR('',#1405,1.);
#841=VECTOR('',#1406,1.);
#842=VECTOR('',#1407,1.);
#843=VECTOR('',#1408,1.);
#844=VECTOR('',#1409,1.);
#845=VECTOR('',#1410,1.);
#846=VECTOR('',#1411,1.);
#847=VECTOR('',#1412,1.);
#848=VECTOR('',#1415,1.);
#849=VECTOR('',#1416,1.);
#850=VECTOR('',#1417,1.);
#851=VECTOR('',#1418,1.);
#852=VECTOR('',#1419,1.);
#853=VECTOR('',#1420,1.);
#854=VECTOR('',#1421,1.);
#855=VECTOR('',#1422,1.);
#856=VECTOR('',#1423,1.);
#857=VECTOR('',#1426,1.);
#858=VECTOR('',#1429,1.);
#859=VECTOR('',#1430,1.);
#860=VECTOR('',#1431,1.);
#861=VECTOR('',#1432,1.);
#862=VECTOR('',#1435,1.);
#863=VECTOR('',#1440,1.);
#864=VECTOR('',#1441,1.);
#865=VECTOR('',#1442,1.);
#866=VECTOR('',#1445,1.);
#867=VECTOR('',#1446,1.);
#868=VECTOR('',#1449,1.);
#869=VECTOR('',#1468,1.);
#870=VECTOR('',#1471,1.);
#871=VECTOR('',#1472,1.);
#872=VECTOR('',#1473,1.);
#873=VECTOR('',#1474,1.);
#874=VECTOR('',#1475,1.);
#875=VECTOR('',#1476,1.);
#876=VECTOR('',#1479,1.);
#877=VECTOR('',#1482,1.);
#878=VECTOR('',#1483,1.);
#879=VECTOR('',#1484,1.);
#880=VECTOR('',#1485,1.);
#881=VECTOR('',#1486,1.);
#882=VECTOR('',#1495,1.);
#883=VECTOR('',#1500,1.);
#884=VECTOR('',#1505,1.);
#885=VECTOR('',#1508,1.);
#886=VECTOR('',#1511,1.);
#887=VECTOR('',#1522,1.);
#888=VECTOR('',#1525,1.);
#889=VECTOR('',#1530,1.);
#890=VECTOR('',#1531,1.);
#891=VECTOR('',#1534,1.);
#892=VECTOR('',#1535,1.);
#893=VECTOR('',#1538,1.);
#894=VECTOR('',#1539,1.);
#895=VECTOR('',#1540,1.);
#896=VECTOR('',#1541,1.);
#897=VECTOR('',#1542,1.);
#898=VECTOR('',#1543,1.);
#899=VECTOR('',#1544,1.);
#900=VECTOR('',#1545,1.);
#901=VECTOR('',#1546,1.);
#902=VECTOR('',#1549,1.);
#903=VECTOR('',#1550,1.);
#904=VECTOR('',#1551,1.);
#905=VECTOR('',#1552,1.);
#906=VECTOR('',#1553,1.);
#907=VECTOR('',#1554,1.);
#908=VECTOR('',#1555,1.);
#909=VECTOR('',#1556,1.);
#910=VECTOR('',#1557,1.);
#911=VECTOR('',#1562,1.);
#912=VECTOR('',#1567,1.);
#913=VECTOR('',#1572,1.);
#914=VECTOR('',#1575,1.);
#915=VECTOR('',#1576,1.);
#916=VECTOR('',#1577,1.);
#917=VECTOR('',#1580,1.);
#918=VECTOR('',#1583,1.);
#919=VECTOR('',#1590,1.);
#920=VECTOR('',#1593,1.);
#921=VECTOR('',#1598,1.);
#922=VECTOR('',#1599,1.);
#923=VECTOR('',#1604,1.);
#924=VECTOR('',#1605,1.);
#925=VECTOR('',#1610,1.);
#926=VECTOR('',#1613,1.);
#927=VECTOR('',#1614,1.);
#928=VECTOR('',#1617,1.);
#929=VECTOR('',#1618,1.);
#930=VECTOR('',#1621,1.);
#931=VECTOR('',#1622,1.);
#932=VECTOR('',#1625,1.);
#933=VECTOR('',#1626,1.);
#934=VECTOR('',#1633,1.);
#935=VECTOR('',#1634,1.);
#936=VECTOR('',#1637,1.);
#937=VECTOR('',#1650,1.);
#938=VECTOR('',#1651,1.);
#939=VECTOR('',#1652,1.);
#940=VECTOR('',#1655,1.);
#941=VECTOR('',#1656,1.);
#942=VECTOR('',#1657,1.);
#943=VECTOR('',#1660,1.);
#944=VECTOR('',#1661,1.);
#945=VECTOR('',#1664,1.);
#946=VECTOR('',#1665,1.);
#947=VECTOR('',#1666,1.);
#948=VECTOR('',#1669,1.);
#949=VECTOR('',#1670,1.);
#950=VECTOR('',#1673,1.);
#951=VECTOR('',#1676,1.);
#952=VECTOR('',#1679,1.);
#953=EDGE_LOOP('',(#74,#75,#76,#77,#78,#79,#80,#81));
#954=EDGE_LOOP('',(#82,#83,#84));
#955=EDGE_LOOP('',(#85,#86,#87));
#956=EDGE_LOOP('',(#88,#89,#90,#91,#92,#93,#94,#95));
#957=EDGE_LOOP('',(#96,#97,#98,#99,#100,#101,#102,#103));
#958=EDGE_LOOP('',(#104,#105,#106));
#959=EDGE_LOOP('',(#107,#108,#109,#110,#111,#112,#113,#114,#115,#116));
#960=EDGE_LOOP('',(#117,#118,#119,#120,#121,#122,#123,#124,#125,#126));
#961=EDGE_LOOP('',(#127,#128,#129));
#962=EDGE_LOOP('',(#130,#131,#132,#133,#134,#135,#136,#137));
#963=EDGE_LOOP('',(#138,#139,#140,#141,#142,#143));
#964=EDGE_LOOP('',(#144,#145,#146,#147,#148,#149));
#965=EDGE_LOOP('',(#150,#151,#152,#153,#154,#155));
#966=EDGE_LOOP('',(#156,#157,#158,#159));
#967=EDGE_LOOP('',(#160,#161,#162,#163));
#968=EDGE_LOOP('',(#164,#165,#166,#167));
#969=EDGE_LOOP('',(#168,#169,#170,#171,#172,#173,#174,#175,#176,#177,#178,
#179));
#970=EDGE_LOOP('',(#180,#181,#182,#183,#184,#185,#186,#187,#188,#189,#190,
#191));
#971=EDGE_LOOP('',(#192,#193,#194));
#972=EDGE_LOOP('',(#195,#196,#197));
#973=EDGE_LOOP('',(#198,#199,#200));
#974=EDGE_LOOP('',(#201,#202,#203));
#975=EDGE_LOOP('',(#204,#205,#206,#207));
#976=EDGE_LOOP('',(#208,#209,#210,#211,#212));
#977=EDGE_LOOP('',(#213,#214,#215));
#978=EDGE_LOOP('',(#216,#217,#218,#219,#220));
#979=EDGE_LOOP('',(#221,#222,#223,#224));
#980=EDGE_LOOP('',(#225,#226,#227,#228,#229,#230));
#981=EDGE_LOOP('',(#231,#232,#233));
#982=EDGE_LOOP('',(#234,#235,#236));
#983=EDGE_LOOP('',(#237,#238,#239,#240,#241,#242,#243,#244,#245));
#984=EDGE_LOOP('',(#246,#247,#248,#249,#250,#251,#252,#253,#254));
#985=EDGE_LOOP('',(#255,#256,#257));
#986=EDGE_LOOP('',(#258,#259,#260));
#987=EDGE_LOOP('',(#261,#262,#263));
#988=EDGE_LOOP('',(#264,#265,#266,#267,#268));
#989=EDGE_LOOP('',(#269,#270,#271,#272));
#990=EDGE_LOOP('',(#273,#274,#275,#276,#277));
#991=EDGE_LOOP('',(#278,#279,#280));
#992=EDGE_LOOP('',(#281,#282,#283,#284,#285));
#993=EDGE_LOOP('',(#286,#287,#288,#289));
#994=EDGE_LOOP('',(#290,#291,#292,#293));
#995=EDGE_LOOP('',(#294,#295,#296));
#996=EDGE_LOOP('',(#297,#298,#299));
#997=EDGE_LOOP('',(#300,#301,#302));
#998=EDGE_LOOP('',(#303,#304,#305,#306,#307,#308));
#999=EDGE_LOOP('',(#309,#310,#311,#312,#313,#314,#315));
#1000=EDGE_LOOP('',(#316,#317,#318,#319));
#1001=EDGE_LOOP('',(#320,#321,#322,#323,#324));
#1002=EDGE_LOOP('',(#325,#326,#327));
#1003=EDGE_LOOP('',(#328,#329,#330,#331,#332));
#1004=EDGE_LOOP('',(#333,#334,#335,#336));
#1005=EDGE_LOOP('',(#337,#338,#339,#340,#341,#342,#343,#344,#345));
#1006=EDGE_LOOP('',(#346,#347,#348,#349));
#1007=EDGE_LOOP('',(#350,#351,#352,#353));
#1008=EDGE_LOOP('',(#354,#355,#356,#357));
#1009=EDGE_LOOP('',(#358,#359,#360,#361,#362));
#1010=EDGE_LOOP('',(#363,#364,#365));
#1011=EDGE_LOOP('',(#366,#367,#368,#369,#370));
#1012=EDGE_LOOP('',(#371,#372,#373,#374));
#1013=EDGE_LOOP('',(#375,#376,#377,#378,#379,#380,#381));
#1014=EDGE_LOOP('',(#382,#383,#384,#385,#386,#387));
#1015=EDGE_LOOP('',(#388,#389,#390));
#1016=EDGE_LOOP('',(#391,#392,#393));
#1017=EDGE_LOOP('',(#394,#395,#396));
#1018=EDGE_LOOP('',(#397,#398,#399,#400,#401,#402,#403,#404,#405));
#1019=EDGE_LOOP('',(#406,#407,#408,#409,#410,#411));
#1020=EDGE_LOOP('',(#412,#413,#414));
#1021=EDGE_LOOP('',(#415,#416,#417));
#1022=FACE_BOUND('',#953,.T.);
#1023=FACE_BOUND('',#954,.T.);
#1024=FACE_BOUND('',#955,.T.);
#1025=FACE_BOUND('',#956,.T.);
#1026=FACE_BOUND('',#957,.T.);
#1027=FACE_BOUND('',#958,.T.);
#1028=FACE_BOUND('',#959,.T.);
#1029=FACE_BOUND('',#960,.T.);
#1030=FACE_BOUND('',#961,.T.);
#1031=FACE_BOUND('',#962,.T.);
#1032=FACE_BOUND('',#963,.T.);
#1033=FACE_BOUND('',#964,.T.);
#1034=FACE_BOUND('',#965,.T.);
#1035=FACE_BOUND('',#966,.T.);
#1036=FACE_BOUND('',#967,.T.);
#1037=FACE_BOUND('',#968,.T.);
#1038=FACE_BOUND('',#969,.T.);
#1039=FACE_BOUND('',#970,.T.);
#1040=FACE_BOUND('',#971,.T.);
#1041=FACE_BOUND('',#972,.T.);
#1042=FACE_BOUND('',#973,.T.);
#1043=FACE_BOUND('',#974,.T.);
#1044=FACE_BOUND('',#975,.T.);
#1045=FACE_BOUND('',#976,.T.);
#1046=FACE_BOUND('',#977,.T.);
#1047=FACE_BOUND('',#978,.T.);
#1048=FACE_BOUND('',#12,.T.);
#1049=FACE_BOUND('',#979,.T.);
#1050=FACE_BOUND('',#980,.T.);
#1051=FACE_BOUND('',#981,.T.);
#1052=FACE_BOUND('',#982,.T.);
#1053=FACE_BOUND('',#983,.T.);
#1054=FACE_BOUND('',#984,.T.);
#1055=FACE_BOUND('',#985,.T.);
#1056=FACE_BOUND('',#986,.T.);
#1057=FACE_BOUND('',#987,.T.);
#1058=FACE_BOUND('',#988,.T.);
#1059=FACE_BOUND('',#989,.T.);
#1060=FACE_BOUND('',#990,.T.);
#1061=FACE_BOUND('',#991,.T.);
#1062=FACE_BOUND('',#992,.T.);
#1063=FACE_BOUND('',#993,.T.);
#1064=FACE_BOUND('',#13,.T.);
#1065=FACE_BOUND('',#994,.T.);
#1066=FACE_BOUND('',#995,.T.);
#1067=FACE_BOUND('',#996,.T.);
#1068=FACE_BOUND('',#997,.T.);
#1069=FACE_BOUND('',#998,.T.);
#1070=FACE_BOUND('',#999,.T.);
#1071=FACE_BOUND('',#1000,.T.);
#1072=FACE_BOUND('',#1001,.T.);
#1073=FACE_BOUND('',#1002,.T.);
#1074=FACE_BOUND('',#1003,.T.);
#1075=FACE_BOUND('',#1004,.T.);
#1076=FACE_BOUND('',#1005,.T.);
#1077=FACE_BOUND('',#14,.T.);
#1078=FACE_BOUND('',#1006,.T.);
#1079=FACE_BOUND('',#15,.T.);
#1080=FACE_BOUND('',#1007,.T.);
#1081=FACE_BOUND('',#1008,.T.);
#1082=FACE_BOUND('',#1009,.T.);
#1083=FACE_BOUND('',#1010,.T.);
#1084=FACE_BOUND('',#1011,.T.);
#1085=FACE_BOUND('',#1012,.T.);
#1086=FACE_BOUND('',#1013,.T.);
#1087=FACE_BOUND('',#1014,.T.);
#1088=FACE_BOUND('',#1015,.T.);
#1089=FACE_BOUND('',#1016,.T.);
#1090=FACE_BOUND('',#1017,.T.);
#1091=FACE_BOUND('',#1018,.T.);
#1092=FACE_BOUND('',#1019,.T.);
#1093=FACE_BOUND('',#1020,.T.);
#1094=FACE_BOUND('',#1021,.T.);
#1095=PLANE('',#1233);
#1096=PLANE('',#1235);
#1097=PLANE('',#1254);
#1098=PLANE('',#1255);
#1099=PLANE('',#1256);
#1100=PLANE('',#1257);
#1101=PLANE('',#1258);
#1102=PLANE('',#1260);
#1103=PLANE('',#1262);
#1104=PLANE('',#1264);
#1105=PLANE('',#1272);
#1106=PLANE('',#1274);
#1107=PLANE('',#1276);
#1108=PLANE('',#1278);
#1109=PLANE('',#1280);
#1110=PLANE('',#1282);
#1111=PLANE('',#1284);
#1112=PLANE('',#1285);
#1113=PLANE('',#1286);
#1114=PLANE('',#1288);
#1115=PLANE('',#1293);
#1116=PLANE('',#1294);
#1117=PLANE('',#1295);
#1118=PLANE('',#1296);
#1119=PLANE('',#1297);
#1120=PLANE('',#1299);
#1121=PLANE('',#1301);
#1122=PLANE('',#1303);
#1123=PLANE('',#1304);
#1124=PLANE('',#1305);
#1125=PLANE('',#1306);
#1126=PLANE('',#1308);
#1127=PLANE('',#1309);
#1128=PLANE('',#1310);
#1129=PLANE('',#1312);
#1130=PLANE('',#1314);
#1131=PLANE('',#1316);
#1132=PLANE('',#1317);
#1133=PLANE('',#1318);
#1134=PLANE('',#1319);
#1135=PLANE('',#1320);
#1136=PLANE('',#1322);
#1137=PLANE('',#1323);
#1138=PLANE('',#1324);
#1139=PLANE('',#1329);
#1140=PLANE('',#1330);
#1141=PLANE('',#1331);
#1142=PLANE('',#1332);
#1143=PLANE('',#1333);
#1144=PLANE('',#1334);
#1145=PLANE('',#1335);
#1146=PLANE('',#1336);
#1147=PLANE('',#1337);
#1148=PLANE('',#1338);
#1149=PLANE('',#1339);
#1150=PLANE('',#1340);
#1151=ADVANCED_FACE('',(#1022),#1095,.T.);
#1152=ADVANCED_FACE('',(#1023),#1096,.T.);
#1153=ADVANCED_FACE('',(#1024),#50,.T.);
#1154=ADVANCED_FACE('',(#1025),#51,.T.);
#1155=ADVANCED_FACE('',(#1026),#52,.T.);
#1156=ADVANCED_FACE('',(#1027),#1097,.T.);
#1157=ADVANCED_FACE('',(#1028),#1098,.T.);
#1158=ADVANCED_FACE('',(#1029),#1099,.F.);
#1159=ADVANCED_FACE('',(#1030),#1100,.T.);
#1160=ADVANCED_FACE('',(#1031),#1101,.F.);
#1161=ADVANCED_FACE('',(#1032),#1102,.T.);
#1162=ADVANCED_FACE('',(#1033),#1103,.F.);
#1163=ADVANCED_FACE('',(#1034),#1104,.T.);
#1164=ADVANCED_FACE('',(#1035),#22,.F.);
#1165=ADVANCED_FACE('',(#1036),#20,.F.);
#1166=ADVANCED_FACE('',(#1037),#21,.F.);
#1167=ADVANCED_FACE('',(#1038),#1105,.F.);
#1168=ADVANCED_FACE('',(#1039),#1106,.T.);
#1169=ADVANCED_FACE('',(#1040),#1107,.T.);
#1170=ADVANCED_FACE('',(#1041),#1108,.T.);
#1171=ADVANCED_FACE('',(#1042),#1109,.T.);
#1172=ADVANCED_FACE('',(#1043),#1110,.T.);
#1173=ADVANCED_FACE('',(#1044),#1111,.T.);
#1174=ADVANCED_FACE('',(#1045),#1112,.T.);
#1175=ADVANCED_FACE('',(#1046),#1113,.T.);
#1176=ADVANCED_FACE('',(#1047),#1114,.T.);
#1177=ADVANCED_FACE('',(#1048,#1049),#16,.T.);
#1178=ADVANCED_FACE('',(#1050),#53,.F.);
#1179=ADVANCED_FACE('',(#1051),#1115,.T.);
#1180=ADVANCED_FACE('',(#1052),#1116,.F.);
#1181=ADVANCED_FACE('',(#1053),#1117,.T.);
#1182=ADVANCED_FACE('',(#1054),#1118,.F.);
#1183=ADVANCED_FACE('',(#1055),#1119,.T.);
#1184=ADVANCED_FACE('',(#1056),#1120,.T.);
#1185=ADVANCED_FACE('',(#1057),#1121,.T.);
#1186=ADVANCED_FACE('',(#1058),#1122,.T.);
#1187=ADVANCED_FACE('',(#1059),#1123,.T.);
#1188=ADVANCED_FACE('',(#1060),#1124,.T.);
#1189=ADVANCED_FACE('',(#1061),#1125,.T.);
#1190=ADVANCED_FACE('',(#1062),#1126,.T.);
#1191=ADVANCED_FACE('',(#1063),#1127,.T.);
#1192=ADVANCED_FACE('',(#1064,#1065),#17,.T.);
#1193=ADVANCED_FACE('',(#1066),#1128,.T.);
#1194=ADVANCED_FACE('',(#1067),#1129,.T.);
#1195=ADVANCED_FACE('',(#1068),#1130,.T.);
#1196=ADVANCED_FACE('',(#1069),#1131,.T.);
#1197=ADVANCED_FACE('',(#1070),#1132,.T.);
#1198=ADVANCED_FACE('',(#1071),#1133,.T.);
#1199=ADVANCED_FACE('',(#1072),#1134,.T.);
#1200=ADVANCED_FACE('',(#1073),#1135,.T.);
#1201=ADVANCED_FACE('',(#1074),#1136,.T.);
#1202=ADVANCED_FACE('',(#1075),#1137,.T.);
#1203=ADVANCED_FACE('',(#1076),#1138,.F.);
#1204=ADVANCED_FACE('',(#1077,#1078),#18,.T.);
#1205=ADVANCED_FACE('',(#1079,#1080),#19,.T.);
#1206=ADVANCED_FACE('',(#1081),#1139,.T.);
#1207=ADVANCED_FACE('',(#1082),#1140,.T.);
#1208=ADVANCED_FACE('',(#1083),#1141,.T.);
#1209=ADVANCED_FACE('',(#1084),#1142,.T.);
#1210=ADVANCED_FACE('',(#1085),#1143,.T.);
#1211=ADVANCED_FACE('',(#1086),#1144,.T.);
#1212=ADVANCED_FACE('',(#1087),#1145,.T.);
#1213=ADVANCED_FACE('',(#1088),#1146,.T.);
#1214=ADVANCED_FACE('',(#1089),#1147,.T.);
#1215=ADVANCED_FACE('',(#1090),#1148,.T.);
#1216=ADVANCED_FACE('',(#1091),#1149,.T.);
#1217=ADVANCED_FACE('',(#1092),#1150,.T.);
#1218=ADVANCED_FACE('',(#1093),#54,.F.);
#1219=ADVANCED_FACE('',(#1094),#55,.F.);
#1220=CLOSED_SHELL('',(#1151,#1152,#1153,#1154,#1155,#1156,#1157,#1158,
#1159,#1160,#1161,#1162,#1163,#1164,#1165,#1166,#1167,#1168,#1169,#1170,
#1171,#1172,#1173,#1174,#1175,#1176,#1177,#1178,#1179,#1180,#1181,#1182,
#1183,#1184,#1185,#1186,#1187,#1188,#1189,#1190,#1191,#1192,#1193,#1194,
#1195,#1196,#1197,#1198,#1199,#1200,#1201,#1202,#1203,#1204,#1205,#1206,
#1207,#1208,#1209,#1210,#1211,#1212,#1213,#1214,#1215,#1216,#1217,#1218,
#1219));
#1221=STYLED_ITEM('',(#1222),#1229);
#1222=PRESENTATION_STYLE_ASSIGNMENT((#1223));
#1223=SURFACE_STYLE_USAGE(.BOTH.,#1224);
#1224=SURFACE_SIDE_STYLE('',(#1225));
#1225=SURFACE_STYLE_FILL_AREA(#1226);
#1226=FILL_AREA_STYLE('',(#1227));
#1227=FILL_AREA_STYLE_COLOUR('',#1228);
#1228=COLOUR_RGB('',0.615686274509804,0.811764705882353,0.929411764705882);
#1229=MANIFOLD_SOLID_BREP('Foot',#1220);
#1230=SHAPE_DEFINITION_REPRESENTATION(#3133,#1231);
#1231=SHAPE_REPRESENTATION('Foot',(#1232),#3128);
#1232=AXIS2_PLACEMENT_3D('',#1692,#1343,#1344);
#1233=AXIS2_PLACEMENT_3D('',#1693,#1345,#1346);
#1234=AXIS2_PLACEMENT_3D('',#1701,#1350,#1351);
#1235=AXIS2_PLACEMENT_3D('',#1710,#1356,#1357);
#1236=AXIS2_PLACEMENT_3D('',#1714,#1359,#1360);
#1237=AXIS2_PLACEMENT_3D('',#1716,#1361,#1362);
#1238=AXIS2_PLACEMENT_3D('',#1717,#1363,#1364);
#1239=AXIS2_PLACEMENT_3D('',#1718,#1365,#1366);
#1240=AXIS2_PLACEMENT_3D('',#1720,#1367,#1368);
#1241=AXIS2_PLACEMENT_3D('',#1721,#1369,#1370);
#1242=AXIS2_PLACEMENT_3D('',#1722,#1371,#1372);
#1243=AXIS2_PLACEMENT_3D('',#1724,#1373,#1374);
#1244=AXIS2_PLACEMENT_3D('',#1726,#1375,#1376);
#1245=AXIS2_PLACEMENT_3D('',#1728,#1377,#1378);
#1246=AXIS2_PLACEMENT_3D('',#1732,#1380,#1381);
#1247=AXIS2_PLACEMENT_3D('',#1735,#1383,#1384);
#1248=AXIS2_PLACEMENT_3D('',#1736,#1385,#1386);
#1249=AXIS2_PLACEMENT_3D('',#1741,#1388,#1389);
#1250=AXIS2_PLACEMENT_3D('',#1745,#1391,#1392);
#1251=AXIS2_PLACEMENT_3D('',#1747,#1393,#1394);
#1252=AXIS2_PLACEMENT_3D('',#1749,#1395,#1396);
#1253=AXIS2_PLACEMENT_3D('',#1751,#1397,#1398);
#1254=AXIS2_PLACEMENT_3D('',#1752,#1399,#1400);
#1255=AXIS2_PLACEMENT_3D('',#1754,#1402,#1403);
#1256=AXIS2_PLACEMENT_3D('',#1772,#1413,#1414);
#1257=AXIS2_PLACEMENT_3D('',#1790,#1424,#1425);
#1258=AXIS2_PLACEMENT_3D('',#1792,#1427,#1428);
#1259=AXIS2_PLACEMENT_3D('',#1800,#1433,#1434);
#1260=AXIS2_PLACEMENT_3D('',#1803,#1436,#1437);
#1261=AXIS2_PLACEMENT_3D('',#1804,#1438,#1439);
#1262=AXIS2_PLACEMENT_3D('',#1811,#1443,#1444);
#1263=AXIS2_PLACEMENT_3D('',#1816,#1447,#1448);
#1264=AXIS2_PLACEMENT_3D('',#1819,#1450,#1451);
#1265=AXIS2_PLACEMENT_3D('',#1820,#1452,#1453);
#1266=AXIS2_PLACEMENT_3D('',#1821,#1454,#1455);
#1267=AXIS2_PLACEMENT_3D('',#1822,#1456,#1457);
#1268=AXIS2_PLACEMENT_3D('',#1823,#1458,#1459);
#1269=AXIS2_PLACEMENT_3D('',#1824,#1460,#1461);
#1270=AXIS2_PLACEMENT_3D('',#1825,#1462,#1463);
#1271=AXIS2_PLACEMENT_3D('',#1826,#1464,#1465);
#1272=AXIS2_PLACEMENT_3D('',#1827,#1466,#1467);
#1273=AXIS2_PLACEMENT_3D('',#1830,#1469,#1470);
#1274=AXIS2_PLACEMENT_3D('',#1841,#1477,#1478);
#1275=AXIS2_PLACEMENT_3D('',#1843,#1480,#1481);
#1276=AXIS2_PLACEMENT_3D('',#1853,#1487,#1488);
#1277=AXIS2_PLACEMENT_3D('',#1854,#1489,#1490);
#1278=AXIS2_PLACEMENT_3D('',#1855,#1491,#1492);
#1279=AXIS2_PLACEMENT_3D('',#1856,#1493,#1494);
#1280=AXIS2_PLACEMENT_3D('',#1859,#1496,#1497);
#1281=AXIS2_PLACEMENT_3D('',#1860,#1498,#1499);
#1282=AXIS2_PLACEMENT_3D('',#1863,#1501,#1502);
#1283=AXIS2_PLACEMENT_3D('',#1864,#1503,#1504);
#1284=AXIS2_PLACEMENT_3D('',#1866,#1506,#1507);
#1285=AXIS2_PLACEMENT_3D('',#1868,#1509,#1510);
#1286=AXIS2_PLACEMENT_3D('',#1870,#1512,#1513);
#1287=AXIS2_PLACEMENT_3D('',#1871,#1514,#1515);
#1288=AXIS2_PLACEMENT_3D('',#1872,#1516,#1517);
#1289=AXIS2_PLACEMENT_3D('',#2146,#1518,#1519);
#1290=AXIS2_PLACEMENT_3D('',#2147,#1520,#1521);
#1291=AXIS2_PLACEMENT_3D('',#2151,#1523,#1524);
#1292=AXIS2_PLACEMENT_3D('',#2155,#1526,#1527);
#1293=AXIS2_PLACEMENT_3D('',#2156,#1528,#1529);
#1294=AXIS2_PLACEMENT_3D('',#2160,#1532,#1533);
#1295=AXIS2_PLACEMENT_3D('',#2164,#1536,#1537);
#1296=AXIS2_PLACEMENT_3D('',#2182,#1547,#1548);
#1297=AXIS2_PLACEMENT_3D('',#2200,#1558,#1559);
#1298=AXIS2_PLACEMENT_3D('',#2201,#1560,#1561);
#1299=AXIS2_PLACEMENT_3D('',#2204,#1563,#1564);
#1300=AXIS2_PLACEMENT_3D('',#2205,#1565,#1566);
#1301=AXIS2_PLACEMENT_3D('',#2208,#1568,#1569);
#1302=AXIS2_PLACEMENT_3D('',#2209,#1570,#1571);
#1303=AXIS2_PLACEMENT_3D('',#2211,#1573,#1574);
#1304=AXIS2_PLACEMENT_3D('',#2215,#1578,#1579);
#1305=AXIS2_PLACEMENT_3D('',#2217,#1581,#1582);
#1306=AXIS2_PLACEMENT_3D('',#2219,#1584,#1585);
#1307=AXIS2_PLACEMENT_3D('',#2220,#1586,#1587);
#1308=AXIS2_PLACEMENT_3D('',#2221,#1588,#1589);
#1309=AXIS2_PLACEMENT_3D('',#2223,#1591,#1592);
#1310=AXIS2_PLACEMENT_3D('',#2498,#1594,#1595);
#1311=AXIS2_PLACEMENT_3D('',#2499,#1596,#1597);
#1312=AXIS2_PLACEMENT_3D('',#2505,#1600,#1601);
#1313=AXIS2_PLACEMENT_3D('',#2506,#1602,#1603);
#1314=AXIS2_PLACEMENT_3D('',#2511,#1606,#1607);
#1315=AXIS2_PLACEMENT_3D('',#2512,#1608,#1609);
#1316=AXIS2_PLACEMENT_3D('',#2514,#1611,#1612);
#1317=AXIS2_PLACEMENT_3D('',#2518,#1615,#1616);
#1318=AXIS2_PLACEMENT_3D('',#2522,#1619,#1620);
#1319=AXIS2_PLACEMENT_3D('',#2526,#1623,#1624);
#1320=AXIS2_PLACEMENT_3D('',#2529,#1627,#1628);
#1321=AXIS2_PLACEMENT_3D('',#2530,#1629,#1630);
#1322=AXIS2_PLACEMENT_3D('',#2531,#1631,#1632);
#1323=AXIS2_PLACEMENT_3D('',#2535,#1635,#1636);
#1324=AXIS2_PLACEMENT_3D('',#2537,#1638,#1639);
#1325=AXIS2_PLACEMENT_3D('',#3084,#1640,#1641);
#1326=AXIS2_PLACEMENT_3D('',#3086,#1642,#1643);
#1327=AXIS2_PLACEMENT_3D('',#3088,#1644,#1645);
#1328=AXIS2_PLACEMENT_3D('',#3090,#1646,#1647);
#1329=AXIS2_PLACEMENT_3D('',#3091,#1648,#1649);
#1330=AXIS2_PLACEMENT_3D('',#3097,#1653,#1654);
#1331=AXIS2_PLACEMENT_3D('',#3102,#1658,#1659);
#1332=AXIS2_PLACEMENT_3D('',#3106,#1662,#1663);
#1333=AXIS2_PLACEMENT_3D('',#3111,#1667,#1668);
#1334=AXIS2_PLACEMENT_3D('',#3115,#1671,#1672);
#1335=AXIS2_PLACEMENT_3D('',#3117,#1674,#1675);
#1336=AXIS2_PLACEMENT_3D('',#3119,#1677,#1678);
#1337=AXIS2_PLACEMENT_3D('',#3121,#1680,#1681);
#1338=AXIS2_PLACEMENT_3D('',#3122,#1682,#1683);
#1339=AXIS2_PLACEMENT_3D('',#3123,#1684,#1685);
#1340=AXIS2_PLACEMENT_3D('',#3124,#1686,#1687);
#1341=AXIS2_PLACEMENT_3D('',#3125,#1688,#1689);
#1342=AXIS2_PLACEMENT_3D('',#3126,#1690,#1691);
#1343=DIRECTION('',(0.,0.,1.));
#1344=DIRECTION('',(1.,0.,0.));
#1345=DIRECTION('',(0.723277527425297,0.,0.690557469238838));
#1346=DIRECTION('',(0.690557469238838,0.,-0.723277527425297));
#1347=DIRECTION('',(0.690557469238838,0.,-0.723277527425297));
#1348=DIRECTION('',(-0.183094409522928,-0.964209924635285,0.19176980585136));
#1349=DIRECTION('',(0.430808948411469,0.78153869864291,-0.451221578043594));
#1350=DIRECTION('',(-0.723277527425296,0.,-0.690557469238839));
#1351=DIRECTION('',(0.690557469238839,0.,-0.723277527425296));
#1352=DIRECTION('',(-0.430808948411469,0.78153869864291,0.451221578043594));
#1353=DIRECTION('',(-0.183094409522928,0.964209924635285,0.19176980585136));
#1354=DIRECTION('',(0.690557469238838,0.,-0.723277527425297));
#1355=DIRECTION('',(0.,1.,0.));
#1356=DIRECTION('',(0.723277527425297,0.,0.690557469238838));
#1357=DIRECTION('',(0.690557469238838,0.,-0.723277527425297));
#1358=DIRECTION('',(0.690557469238838,0.,-0.723277527425297));
#1359=DIRECTION('',(0.723277527425297,0.,0.690557469238838));
#1360=DIRECTION('',(0.266097283408477,-0.922775955213965,-0.278705529621469));
#1361=DIRECTION('',(-0.723277527425296,0.,-0.690557469238839));
#1362=DIRECTION('',(0.690557469238839,0.,-0.723277527425296));
#1363=DIRECTION('',(0.,0.,-1.));
#1364=DIRECTION('',(-1.,0.,0.));
#1365=DIRECTION('',(0.,-0.5,-0.866025403784439));
#1366=DIRECTION('',(0.,0.866025403784439,-0.5));
#1367=DIRECTION('',(0.,0.5,-0.866025403784439));
#1368=DIRECTION('',(0.,-0.866025403784439,-0.5));
#1369=DIRECTION('',(0.,0.,-1.));
#1370=DIRECTION('',(-1.,0.,0.));
#1371=DIRECTION('',(0.,-0.866025403784439,-0.5));
#1372=DIRECTION('',(0.,0.5,-0.866025403784439));
#1373=DIRECTION('',(0.,-0.866025403784439,-0.5));
#1374=DIRECTION('',(0.,0.5,-0.866025403784439));
#1375=DIRECTION('',(-0.823682146783726,-0.283525889942062,0.491081246640833));
#1376=DIRECTION('',(-0.464342164058034,-0.159834744283641,-0.87111377511648));
#1377=DIRECTION('',(0.,0.,1.));
#1378=DIRECTION('',(1.,0.,0.));
#1379=DIRECTION('',(0.,0.,-1.));
#1380=DIRECTION('',(0.,0.,1.));
#1381=DIRECTION('',(1.,0.,0.));
#1382=DIRECTION('',(0.,0.,-1.));
#1383=DIRECTION('',(0.,0.,-1.));
#1384=DIRECTION('',(-1.,0.,0.));
#1385=DIRECTION('',(-0.723277527425296,0.,-0.690557469238839));
#1386=DIRECTION('',(0.690557469238839,0.,-0.723277527425296));
#1387=DIRECTION('',(0.,0.,-1.));
#1388=DIRECTION('',(0.,0.,1.));
#1389=DIRECTION('',(1.,0.,0.));
#1390=DIRECTION('',(0.,0.,-1.));
#1391=DIRECTION('',(0.,0.,1.));
#1392=DIRECTION('',(1.,0.,0.));
#1393=DIRECTION('',(-0.823682146783726,0.283525889942062,0.491081246640833));
#1394=DIRECTION('',(-0.464342164058034,0.159834744283641,-0.87111377511648));
#1395=DIRECTION('',(0.,-0.866025403784439,0.5));
#1396=DIRECTION('',(0.,-0.5,-0.866025403784439));
#1397=DIRECTION('',(0.,-0.866025403784439,0.5));
#1398=DIRECTION('',(0.,-0.5,-0.866025403784439));
#1399=DIRECTION('',(0.,0.5,-0.866025403784439));
#1400=DIRECTION('',(-1.,0.,0.));
#1401=DIRECTION('',(0.,0.866025403784439,0.5));
#1402=DIRECTION('',(0.,-0.866025403784439,-0.5));
#1403=DIRECTION('',(1.,0.,0.));
#1404=DIRECTION('',(-1.,0.,0.));
#1405=DIRECTION('',(-0.501305197731999,0.432635267496445,-0.749346264449995));
#1406=DIRECTION('',(-0.178040755557322,0.492011557120506,-0.852189014843793));
#1407=DIRECTION('',(0.,0.5,-0.866025403784439));
#1408=DIRECTION('',(1.,0.,0.));
#1409=DIRECTION('',(1.,0.,0.));
#1410=DIRECTION('',(-2.48491022226498E-5,-0.499999999845631,0.866025403517063));
#1411=DIRECTION('',(0.178815068376382,-0.491941351006792,0.852067414287838));
#1412=DIRECTION('',(0.567051779884124,-0.411841073391863,0.713329663758409));
#1413=DIRECTION('',(0.,-0.866025403784439,0.5));
#1414=DIRECTION('',(1.,0.,0.));
#1415=DIRECTION('',(1.,0.,0.));
#1416=DIRECTION('',(0.567051779884124,0.411841073391863,0.713329663758409));
#1417=DIRECTION('',(0.178815068376382,0.491941351006792,0.852067414287838));
#1418=DIRECTION('',(-2.48491022226498E-5,0.499999999845631,0.866025403517063));
#1419=DIRECTION('',(1.,0.,0.));
#1420=DIRECTION('',(1.,0.,0.));
#1421=DIRECTION('',(0.,-0.5,-0.866025403784439));
#1422=DIRECTION('',(-0.178040755557322,-0.492011557120506,-0.852189014843793));
#1423=DIRECTION('',(-0.501305197731999,-0.432635267496445,-0.749346264449995));
#1424=DIRECTION('',(0.,-0.5,-0.866025403784439));
#1425=DIRECTION('',(-1.,0.,0.));
#1426=DIRECTION('',(0.,0.866025403784439,-0.5));
#1427=DIRECTION('',(0.,0.,1.));
#1428=DIRECTION('',(1.,0.,0.));
#1429=DIRECTION('',(1.,0.,0.));
#1430=DIRECTION('',(0.,-1.,0.));
#1431=DIRECTION('',(1.,0.,0.));
#1432=DIRECTION('',(-0.559192903470746,-0.829037572555042,0.));
#1433=DIRECTION('',(0.,0.,1.));
#1434=DIRECTION('',(1.,0.,0.));
#1435=DIRECTION('',(-0.559192903470747,0.829037572555042,0.));
#1436=DIRECTION('',(-0.829037572555042,-0.559192903470747,0.));
#1437=DIRECTION('',(0.559192903470747,-0.829037572555042,0.));
#1438=DIRECTION('',(-0.829037572555042,-0.559192903470747,0.));
#1439=DIRECTION('',(0.559192903470747,-0.829037572555042,0.));
#1440=DIRECTION('',(0.177675417568019,-0.263414639150549,-0.948179399624996));
#1441=DIRECTION('',(-0.559192903470747,0.829037572555042,0.));
#1442=DIRECTION('',(-0.177675417568022,0.263414639150552,-0.948179399624994));
#1443=DIRECTION('',(0.829037572555042,-0.559192903470746,0.));
#1444=DIRECTION('',(0.559192903470746,0.829037572555042,0.));
#1445=DIRECTION('',(-0.559192903470746,-0.829037572555042,0.));
#1446=DIRECTION('',(0.177675417568019,0.263414639150549,-0.948179399624996));
#1447=DIRECTION('',(0.829037572555042,-0.559192903470746,0.));
#1448=DIRECTION('',(0.559192903470746,0.829037572555042,0.));
#1449=DIRECTION('',(-0.177675417568021,-0.263414639150553,-0.948179399624994));
#1450=DIRECTION('',(0.,0.,1.));
#1451=DIRECTION('',(1.,0.,0.));
#1452=DIRECTION('',(0.,0.,1.));
#1453=DIRECTION('',(1.,0.,0.));
#1454=DIRECTION('',(0.,0.,1.));
#1455=DIRECTION('',(1.,0.,0.));
#1456=DIRECTION('',(1.,0.,0.));
#1457=DIRECTION('',(0.,-1.,0.));
#1458=DIRECTION('',(0.,0.,-1.));
#1459=DIRECTION('',(-1.,0.,0.));
#1460=DIRECTION('',(0.,0.,1.));
#1461=DIRECTION('',(1.,0.,0.));
#1462=DIRECTION('',(0.,0.,1.));
#1463=DIRECTION('',(1.,0.,0.));
#1464=DIRECTION('',(0.,0.,-1.));
#1465=DIRECTION('',(-1.,0.,0.));
#1466=DIRECTION('',(0.,-1.,0.));
#1467=DIRECTION('',(1.,0.,0.));
#1468=DIRECTION('',(0.690557469238838,0.,-0.723277527425297));
#1469=DIRECTION('',(0.,-1.,0.));
#1470=DIRECTION('',(0.,0.,1.));
#1471=DIRECTION('',(0.448459152229112,0.,0.893803327797535));
#1472=DIRECTION('',(0.,0.,-1.));
#1473=DIRECTION('',(-1.,0.,0.));
#1474=DIRECTION('',(-1.,0.,0.));
#1475=DIRECTION('',(0.,0.,1.));
#1476=DIRECTION('',(-0.739508660057958,0.,0.673147043148289));
#1477=DIRECTION('',(0.,-1.,0.));
#1478=DIRECTION('',(1.,0.,0.));
#1479=DIRECTION('',(-0.448459152229112,0.,-0.893803327797535));
#1480=DIRECTION('',(0.,-1.,0.));
#1481=DIRECTION('',(-5.15696489899237E-16,0.,-1.));
#1482=DIRECTION('',(-0.739508660057958,0.,0.673147043148289));
#1483=DIRECTION('',(0.,0.,1.));
#1484=DIRECTION('',(-1.,0.,0.));
#1485=DIRECTION('',(-1.,0.,0.));
#1486=DIRECTION('',(0.,0.,-1.));
#1487=DIRECTION('',(0.723277527425297,0.,0.690557469238838));
#1488=DIRECTION('',(0.690557469238838,0.,-0.723277527425297));
#1489=DIRECTION('',(0.723277527425297,0.,0.690557469238838));
#1490=DIRECTION('',(-0.266097283408477,-0.922775955213965,0.278705529621469));
#1491=DIRECTION('',(0.,0.,-1.));
#1492=DIRECTION('',(-1.,0.,0.));
#1493=DIRECTION('',(0.,0.,-1.));
#1494=DIRECTION('',(-1.,0.,0.));
#1495=DIRECTION('',(0.,1.,0.));
#1496=DIRECTION('',(0.,0.,-1.));
#1497=DIRECTION('',(-1.,0.,0.));
#1498=DIRECTION('',(0.,0.,-1.));
#1499=DIRECTION('',(-1.,0.,0.));
#1500=DIRECTION('',(0.,1.,0.));
#1501=DIRECTION('',(0.,0.,-1.));
#1502=DIRECTION('',(-1.,0.,0.));
#1503=DIRECTION('',(0.,0.,-1.));
#1504=DIRECTION('',(-1.,0.,0.));
#1505=DIRECTION('',(0.,1.,0.));
#1506=DIRECTION('',(-0.673147043148289,0.,-0.739508660057958));
#1507=DIRECTION('',(-0.739508660057958,0.,0.673147043148289));
#1508=DIRECTION('',(0.,1.,0.));
#1509=DIRECTION('',(-1.,0.,0.));
#1510=DIRECTION('',(0.,0.,1.));
#1511=DIRECTION('',(0.,1.,0.));
#1512=DIRECTION('',(0.,0.,-1.));
#1513=DIRECTION('',(-1.,0.,0.));
#1514=DIRECTION('',(0.,0.,-1.));
#1515=DIRECTION('',(-1.,0.,0.));
#1516=DIRECTION('',(1.,0.,0.));
#1517=DIRECTION('',(0.,0.,-1.));
#1518=DIRECTION('',(0.,0.,-1.));
#1519=DIRECTION('',(-1.,0.,0.));
#1520=DIRECTION('',(-0.823682146783726,-0.283525889942062,0.491081246640833));
#1521=DIRECTION('',(-0.464342164058034,-0.159834744283641,-0.87111377511648));
#1522=DIRECTION('',(0.,0.,-1.));
#1523=DIRECTION('',(-0.823682146783726,0.,0.567051779884124));
#1524=DIRECTION('',(-0.567051779884124,0.,-0.823682146783726));
#1525=DIRECTION('',(0.,0.,-1.));
#1526=DIRECTION('',(-0.823682146783726,0.283525889942062,0.491081246640833));
#1527=DIRECTION('',(-0.464342164058034,0.159834744283641,-0.87111377511648));
#1528=DIRECTION('',(0.,-1.,0.));
#1529=DIRECTION('',(1.,0.,0.));
#1530=DIRECTION('',(0.567051779884124,0.,0.823682146783726));
#1531=DIRECTION('',(-0.512095290904982,0.,-0.858928642573376));
#1532=DIRECTION('',(0.,-1.,0.));
#1533=DIRECTION('',(1.,0.,0.));
#1534=DIRECTION('',(0.567051779884124,0.,0.823682146783726));
#1535=DIRECTION('',(-0.512095290904982,0.,-0.858928642573376));
#1536=DIRECTION('',(0.,-1.,0.));
#1537=DIRECTION('',(1.,0.,0.));
#1538=DIRECTION('',(0.567051779884124,0.,0.823682146783726));
#1539=DIRECTION('',(1.,0.,0.));
#1540=DIRECTION('',(-0.501305197731999,0.,-0.86527053499289));
#1541=DIRECTION('',(-0.178040755557322,0.,-0.984023114241011));
#1542=DIRECTION('',(0.,0.,-1.));
#1543=DIRECTION('',(1.,0.,0.));
#1544=DIRECTION('',(1.,0.,0.));
#1545=DIRECTION('',(-2.48491022226498E-5,0.,0.999999999691261));
#1546=DIRECTION('',(0.178815068376382,0.,0.983882702013584));
#1547=DIRECTION('',(0.,-1.,0.));
#1548=DIRECTION('',(1.,0.,0.));
#1549=DIRECTION('',(-0.501305197731999,0.,-0.86527053499289));
#1550=DIRECTION('',(-1.,0.,0.));
#1551=DIRECTION('',(0.567051779884124,0.,0.823682146783726));
#1552=DIRECTION('',(0.178815068376382,0.,0.983882702013584));
#1553=DIRECTION('',(-2.48491022226498E-5,0.,0.999999999691261));
#1554=DIRECTION('',(1.,0.,0.));
#1555=DIRECTION('',(1.,0.,0.));
#1556=DIRECTION('',(0.,0.,-1.));
#1557=DIRECTION('',(-0.178040755557322,0.,-0.984023114241011));
#1558=DIRECTION('',(0.,0.,1.));
#1559=DIRECTION('',(1.,0.,0.));
#1560=DIRECTION('',(0.,0.,1.));
#1561=DIRECTION('',(1.,0.,0.));
#1562=DIRECTION('',(0.,1.,0.));
#1563=DIRECTION('',(0.,0.,1.));
#1564=DIRECTION('',(1.,0.,0.));
#1565=DIRECTION('',(0.,0.,1.));
#1566=DIRECTION('',(1.,0.,0.));
#1567=DIRECTION('',(0.,1.,0.));
#1568=DIRECTION('',(0.,0.,1.));
#1569=DIRECTION('',(1.,0.,0.));
#1570=DIRECTION('',(0.,0.,1.));
#1571=DIRECTION('',(1.,0.,0.));
#1572=DIRECTION('',(0.,1.,0.));
#1573=DIRECTION('',(0.86527053499289,0.,-0.501305197731999));
#1574=DIRECTION('',(-0.501305197731999,0.,-0.86527053499289));
#1575=DIRECTION('',(-0.488351630213246,-0.225857648223186,-0.842912218446949));
#1576=DIRECTION('',(0.,1.,0.));
#1577=DIRECTION('',(0.488351630213246,-0.225857648223186,0.842912218446949));
#1578=DIRECTION('',(0.984023114241011,0.,-0.178040755557322));
#1579=DIRECTION('',(-0.178040755557322,0.,-0.984023114241011));
#1580=DIRECTION('',(0.,1.,0.));
#1581=DIRECTION('',(1.,0.,0.));
#1582=DIRECTION('',(0.,0.,-1.));
#1583=DIRECTION('',(0.,1.,0.));
#1584=DIRECTION('',(0.,0.,1.));
#1585=DIRECTION('',(1.,0.,0.));
#1586=DIRECTION('',(0.,0.,1.));
#1587=DIRECTION('',(1.,0.,0.));
#1588=DIRECTION('',(-0.999999999691261,0.,-2.48491022226498E-5));
#1589=DIRECTION('',(-2.48491022226498E-5,0.,0.999999999691261));
#1590=DIRECTION('',(0.,1.,0.));
#1591=DIRECTION('',(-0.983882702013584,0.,0.178815068376382));
#1592=DIRECTION('',(0.178815068376382,0.,0.983882702013584));
#1593=DIRECTION('',(0.,1.,0.));
#1594=DIRECTION('',(0.,-0.5,0.866025403784439));
#1595=DIRECTION('',(1.,0.,0.));
#1596=DIRECTION('',(0.,-0.5,0.866025403784439));
#1597=DIRECTION('',(1.,0.,0.));
#1598=DIRECTION('',(0.,0.866025403784439,0.5));
#1599=DIRECTION('',(1.,0.,0.));
#1600=DIRECTION('',(0.,-0.5,0.866025403784439));
#1601=DIRECTION('',(1.,0.,0.));
#1602=DIRECTION('',(0.,-0.5,0.866025403784439));
#1603=DIRECTION('',(1.,0.,0.));
#1604=DIRECTION('',(1.,0.,0.));
#1605=DIRECTION('',(0.,0.866025403784439,0.5));
#1606=DIRECTION('',(0.,-0.5,0.866025403784439));
#1607=DIRECTION('',(1.,0.,0.));
#1608=DIRECTION('',(0.,-0.5,0.866025403784439));
#1609=DIRECTION('',(1.,0.,0.));
#1610=DIRECTION('',(0.,0.866025403784439,0.5));
#1611=DIRECTION('',(-0.823682146783726,-0.283525889942062,0.491081246640833));
#1612=DIRECTION('',(0.567051779884124,-0.411841073391863,0.713329663758409));
#1613=DIRECTION('',(0.,0.866025403784439,0.5));
#1614=DIRECTION('',(0.567051779884124,-0.411841073391863,0.713329663758409));
#1615=DIRECTION('',(0.86527053499289,0.250652598865999,-0.434143036285092));
#1616=DIRECTION('',(-0.501305197731999,0.432635267496445,-0.749346264449995));
#1617=DIRECTION('',(-0.501305197731999,0.432635267496445,-0.749346264449995));
#1618=DIRECTION('',(0.,0.866025403784439,0.5));
#1619=DIRECTION('',(0.984023114241011,0.089020377778661,-0.154187817221616));
#1620=DIRECTION('',(-0.178040755557322,0.492011557120506,-0.852189014843793));
#1621=DIRECTION('',(-0.178040755557322,0.492011557120506,-0.852189014843793));
#1622=DIRECTION('',(0.,0.866025403784439,0.5));
#1623=DIRECTION('',(1.,0.,0.));
#1624=DIRECTION('',(0.,0.5,-0.866025403784439));
#1625=DIRECTION('',(0.,0.5,-0.866025403784439));
#1626=DIRECTION('',(0.,0.866025403784439,0.5));
#1627=DIRECTION('',(0.,-0.5,0.866025403784439));
#1628=DIRECTION('',(1.,0.,0.));
#1629=DIRECTION('',(0.,-0.5,0.866025403784439));
#1630=DIRECTION('',(1.,0.,0.));
#1631=DIRECTION('',(-0.999999999691261,1.24245511113249E-5,-2.1519953786051E-5));
#1632=DIRECTION('',(-2.48491022226498E-5,-0.499999999845631,0.866025403517063));
#1633=DIRECTION('',(-2.48491022226498E-5,-0.499999999845631,0.866025403517063));
#1634=DIRECTION('',(0.,0.866025403784439,0.5));
#1635=DIRECTION('',(-0.983882702013584,-0.0894075341881906,0.154858391793397));
#1636=DIRECTION('',(0.178815068376382,-0.491941351006792,0.852067414287839));
#1637=DIRECTION('',(0.178815068376382,-0.491941351006792,0.852067414287838));
#1638=DIRECTION('',(0.,-0.866025403784439,-0.5));
#1639=DIRECTION('',(1.,0.,0.));
#1640=DIRECTION('',(0.,0.5,0.866025403784439));
#1641=DIRECTION('',(1.,0.,0.));
#1642=DIRECTION('',(0.,0.5,0.866025403784439));
#1643=DIRECTION('',(1.,0.,0.));
#1644=DIRECTION('',(0.,0.5,0.866025403784439));
#1645=DIRECTION('',(1.,0.,0.));
#1646=DIRECTION('',(0.,0.5,0.866025403784439));
#1647=DIRECTION('',(1.,0.,0.));
#1648=DIRECTION('',(-0.983882702013584,0.0894075341881906,0.154858391793397));
#1649=DIRECTION('',(0.178815068376382,0.491941351006792,0.852067414287839));
#1650=DIRECTION('',(0.,0.866025403784439,-0.5));
#1651=DIRECTION('',(0.178815068376382,0.491941351006792,0.852067414287838));
#1652=DIRECTION('',(0.,0.866025403784439,-0.5));
#1653=DIRECTION('',(-0.999999999691261,-1.24245511113249E-5,-2.1519953786051E-5));
#1654=DIRECTION('',(-2.48491022226498E-5,0.499999999845631,0.866025403517063));
#1655=DIRECTION('',(-2.48491022226498E-5,0.499999999845631,0.866025403517063));
#1656=DIRECTION('',(0.,0.866025403784439,-0.5));
#1657=DIRECTION('',(0.,0.866025403784439,-0.5));
#1658=DIRECTION('',(0.,0.5,0.866025403784439));
#1659=DIRECTION('',(1.,0.,0.));
#1660=DIRECTION('',(1.,0.,0.));
#1661=DIRECTION('',(0.,0.866025403784439,-0.5));
#1662=DIRECTION('',(1.,0.,0.));
#1663=DIRECTION('',(0.,-0.5,-0.866025403784439));
#1664=DIRECTION('',(0.,0.866025403784439,-0.5));
#1665=DIRECTION('',(0.,-0.5,-0.866025403784439));
#1666=DIRECTION('',(0.,0.866025403784439,-0.5));
#1667=DIRECTION('',(0.984023114241011,-0.089020377778661,-0.154187817221616));
#1668=DIRECTION('',(-0.178040755557322,-0.492011557120506,-0.852189014843793));
#1669=DIRECTION('',(-0.178040755557322,-0.492011557120506,-0.852189014843793));
#1670=DIRECTION('',(0.,0.866025403784439,-0.5));
#1671=DIRECTION('',(0.86527053499289,-0.250652598865999,-0.434143036285092));
#1672=DIRECTION('',(-0.501305197731999,-0.432635267496445,-0.749346264449995));
#1673=DIRECTION('',(-0.501305197731999,-0.432635267496445,-0.749346264449995));
#1674=DIRECTION('',(-0.823682146783726,0.283525889942062,0.491081246640833));
#1675=DIRECTION('',(0.567051779884124,0.411841073391863,0.713329663758409));
#1676=DIRECTION('',(0.567051779884124,0.411841073391863,0.713329663758409));
#1677=DIRECTION('',(0.,0.5,0.866025403784439));
#1678=DIRECTION('',(1.,0.,0.));
#1679=DIRECTION('',(1.,0.,0.));
#1680=DIRECTION('',(0.,0.5,0.866025403784439));
#1681=DIRECTION('',(1.,0.,0.));
#1682=DIRECTION('',(0.,0.5,0.866025403784439));
#1683=DIRECTION('',(1.,0.,0.));
#1684=DIRECTION('',(0.,-0.866025403784439,0.5));
#1685=DIRECTION('',(1.,0.,0.));
#1686=DIRECTION('',(-0.823682146783726,0.,0.567051779884124));
#1687=DIRECTION('',(0.567051779884124,0.,0.823682146783726));
#1688=DIRECTION('',(-2.57848244949617E-16,-0.866025403784439,-0.499999999999999));
#1689=DIRECTION('',(0.,0.499999999999999,-0.866025403784439));
#1690=DIRECTION('',(0.,-0.866025403784439,0.499999999999999));
#1691=DIRECTION('',(0.,-0.499999999999999,-0.866025403784439));
#1692=CARTESIAN_POINT('',(0.,0.,0.));
#1693=CARTESIAN_POINT('',(0.063312501740823,-0.0329209372712298,-0.0106834439321249));
#1694=CARTESIAN_POINT('',(0.063312501740823,-0.0309209372712299,-0.0106834439321249));
#1695=CARTESIAN_POINT('',(0.0608083723741316,-0.0309209372712299,-0.00806066367505231));
#1696=CARTESIAN_POINT('',(0.0643784484267955,-0.0309209372712299,-0.0117998974030389));
#1697=CARTESIAN_POINT('',(0.0606313278248668,-0.0318532874830607,-0.00787523038450004));
#1698=CARTESIAN_POINT('',(0.0608,-0.0309650277830675,-0.00805189460031147));
#1699=CARTESIAN_POINT('',(0.0597464685807983,-0.0328762591476396,-0.00694844465749208));
#1700=CARTESIAN_POINT('',(0.0607283941195061,-0.0310949293713765,-0.0079768958833331));
#1701=CARTESIAN_POINT('',(0.056,-0.0319209372712298,-0.0030244605542094));
#1702=CARTESIAN_POINT('',(0.0607283941195061,-0.0327469451710832,-0.0079768958833331));
#1703=CARTESIAN_POINT('',(0.0605240297549484,-0.0323762038944353,-0.00776284830746068));
#1704=CARTESIAN_POINT('',(0.0608,-0.0328768467593922,-0.00805189460031147));
#1705=CARTESIAN_POINT('',(0.0609844107184813,-0.0338479886169294,-0.00824504308459457));
#1706=CARTESIAN_POINT('',(0.0608083723741316,-0.0329209372712298,-0.00806066367505231));
#1707=CARTESIAN_POINT('',(0.063312501740823,-0.0329209372712298,-0.0106834439321249));
#1708=CARTESIAN_POINT('',(0.0643784484267955,-0.0329209372712298,-0.0117998974030389));
#1709=CARTESIAN_POINT('',(0.0643784484267955,-0.0329209372712298,-0.0117998974030389));
#1710=CARTESIAN_POINT('',(0.063312501740823,-0.0329209372712298,-0.0106834439321249));
#1711=CARTESIAN_POINT('',(0.063312501740823,-0.0329209372712298,-0.0106834439321249));
#1712=CARTESIAN_POINT('',(0.0606946778377222,-0.0329209372712298,-0.0079415820535522));
#1713=CARTESIAN_POINT('',(0.0607115627001306,-0.0329209372712298,-0.00795926695608044));
#1714=CARTESIAN_POINT('',(0.0423926704576324,0.00387772116446321,0.0112276127411717));
#1715=CARTESIAN_POINT('',(0.0607175337470791,-0.0328068691789799,-0.00796552092373044));
#1716=CARTESIAN_POINT('',(0.056,-0.0319209372712298,-0.0030244605542094));
#1717=CARTESIAN_POINT('',(0.056,-0.0319209372712298,-0.0055));
#1718=CARTESIAN_POINT('',(0.056,-0.0319209372712298,-0.0075));
#1719=CARTESIAN_POINT('',(0.0608,-0.0319209372712298,-0.0075));
#1720=CARTESIAN_POINT('',(0.056,-0.0319209372712298,-0.0075));
#1721=CARTESIAN_POINT('',(0.056,-0.0319209372712298,-0.0055));
#1722=CARTESIAN_POINT('',(0.056,-0.0319209372712298,-0.0095));
#1723=CARTESIAN_POINT('',(0.0606946778377222,-0.0329209372712298,-0.00776794919243113));
#1724=CARTESIAN_POINT('',(0.056,-0.0319209372712298,-0.0095));
#1725=CARTESIAN_POINT('',(0.0602193842086979,-0.0342093421522312,-0.00553636647781709));
#1726=CARTESIAN_POINT('',(0.056,-0.0319209372712298,-0.0112922560216084));
#1727=CARTESIAN_POINT('',(0.0602326120959349,-0.0341847824172913,-0.0055));
#1728=CARTESIAN_POINT('',(0.056,-0.0319209372712298,-0.0055));
#1729=CARTESIAN_POINT('',(0.0533158740633404,-0.0359003176194941,-0.0055));
#1730=CARTESIAN_POINT('',(0.0533158740633404,-0.0359003176194941,-0.0055));
#1731=CARTESIAN_POINT('',(0.0533158740633404,-0.0359003176194941,-0.0105));
#1732=CARTESIAN_POINT('',(0.056,-0.0319209372712298,-0.0105));
#1733=CARTESIAN_POINT('',(0.0606946778377222,-0.0329209372712298,-0.0105));
#1734=CARTESIAN_POINT('',(0.0606946778377222,-0.0329209372712298,0.0145));
#1735=CARTESIAN_POINT('',(0.056,-0.0319209372712298,-0.0055));
#1736=CARTESIAN_POINT('',(0.056,-0.0319209372712298,-0.0030244605542094));
#1737=CARTESIAN_POINT('',(0.0606946778377222,-0.0309209372712299,-0.0079415820535522));
#1738=CARTESIAN_POINT('',(0.0607175337470791,-0.0310350053634798,-0.00796552092373044));
#1739=CARTESIAN_POINT('',(0.0606946778377222,-0.0309209372712299,0.0145));
#1740=CARTESIAN_POINT('',(0.0606946778377222,-0.0309209372712299,-0.0105));
#1741=CARTESIAN_POINT('',(0.056,-0.0319209372712298,-0.0105));
#1742=CARTESIAN_POINT('',(0.0533158740633404,-0.0279415569229657,-0.0105));
#1743=CARTESIAN_POINT('',(0.0533158740633404,-0.0279415569229657,-0.0055));
#1744=CARTESIAN_POINT('',(0.0533158740633404,-0.0279415569229657,-0.0055));
#1745=CARTESIAN_POINT('',(0.056,-0.0319209372712298,-0.0055));
#1746=CARTESIAN_POINT('',(0.0602326120959349,-0.0296570921251685,-0.0055));
#1747=CARTESIAN_POINT('',(0.056,-0.0319209372712298,-0.0112922560216084));
#1748=CARTESIAN_POINT('',(0.0602193842086979,-0.0296325323902286,-0.0055363664778171));
#1749=CARTESIAN_POINT('',(0.056,-0.0319209372712298,-0.0095));
#1750=CARTESIAN_POINT('',(0.0606946778377222,-0.0309209372712299,-0.00776794919243113));
#1751=CARTESIAN_POINT('',(0.056,-0.0319209372712298,-0.0095));
#1752=CARTESIAN_POINT('',(0.0595304760106459,-0.0327869626750143,-0.008));
#1753=CARTESIAN_POINT('',(0.0608,-0.0327869626750143,-0.008));
#1754=CARTESIAN_POINT('',(0.0613197002240437,-0.0325728349316676,-0.00837088013078643));
#1755=CARTESIAN_POINT('',(0.0613197002240437,-0.0329209372712298,-0.00776794919243113));
#1756=CARTESIAN_POINT('',(0.0609552396822283,-0.0329209372712298,-0.00776794919243113));
#1757=CARTESIAN_POINT('',(0.0622316313502983,-0.0340224858951899,-0.00586001100872479));
#1758=CARTESIAN_POINT('',(0.0636632627005966,-0.0352580091153655,-0.00372002201744956));
#1759=CARTESIAN_POINT('',(0.064020855563696,-0.0362462088162597,-0.00200840992747636));
#1760=CARTESIAN_POINT('',(0.0643784484267954,-0.037234408517154,-0.00029679783750317));
#1761=CARTESIAN_POINT('',(0.0643784484267955,-0.0379800915180417,0.000994763006374912));
#1762=CARTESIAN_POINT('',(0.0643784484267955,-0.0387257745189295,0.002286323850253));
#1763=CARTESIAN_POINT('',(0.0633784484267955,-0.0387257745189295,0.002286323850253));
#1764=CARTESIAN_POINT('',(0.0633784484267955,-0.0387257745189295,0.002286323850253));
#1765=CARTESIAN_POINT('',(0.0633784484267955,-0.0387257745189295,0.002286323850253));
#1766=CARTESIAN_POINT('',(0.0623784484267955,-0.0387257745189295,0.002286323850253));
#1767=CARTESIAN_POINT('',(0.0623784857004488,-0.0379757745191611,0.000987285744977402));
#1768=CARTESIAN_POINT('',(0.0623785229741021,-0.0372257745193927,-0.000311752360298193));
#1769=CARTESIAN_POINT('',(0.0620208928373494,-0.0362418918173791,-0.00201588718887387));
#1770=CARTESIAN_POINT('',(0.0616632627005966,-0.0352580091153655,-0.00372002201744954));
#1771=CARTESIAN_POINT('',(0.0599621073609442,-0.0340224858951899,-0.00586001100872478));
#1772=CARTESIAN_POINT('',(0.0613197002240437,-0.031269039610792,-0.00837088013078643));
#1773=CARTESIAN_POINT('',(0.0613197002240437,-0.0309209372712299,-0.00776794919243113));
#1774=CARTESIAN_POINT('',(0.0609552396822283,-0.0309209372712299,-0.00776794919243113));
#1775=CARTESIAN_POINT('',(0.0599621073609442,-0.0298193886472699,-0.00586001100872478));
#1776=CARTESIAN_POINT('',(0.0616632627005966,-0.0285838654270942,-0.00372002201744954));
#1777=CARTESIAN_POINT('',(0.0620208928373494,-0.0275999827250807,-0.00201588718887387));
#1778=CARTESIAN_POINT('',(0.0623785229741021,-0.026616100023067,-0.000311752360298191));
#1779=CARTESIAN_POINT('',(0.0623784857004488,-0.0258661000232987,0.000987285744977405));
#1780=CARTESIAN_POINT('',(0.0623784484267955,-0.0251161000235302,0.002286323850253));
#1781=CARTESIAN_POINT('',(0.0633784484267955,-0.0251161000235302,0.002286323850253));
#1782=CARTESIAN_POINT('',(0.0633784484267955,-0.0251161000235302,0.002286323850253));
#1783=CARTESIAN_POINT('',(0.0633784484267955,-0.0251161000235302,0.002286323850253));
#1784=CARTESIAN_POINT('',(0.0643784484267955,-0.0251161000235302,0.002286323850253));
#1785=CARTESIAN_POINT('',(0.0643784484267955,-0.0258617830244179,0.000994763006374912));
#1786=CARTESIAN_POINT('',(0.0643784484267954,-0.0266074660253058,-0.00029679783750317));
#1787=CARTESIAN_POINT('',(0.064020855563696,-0.0275956657262,-0.00200840992747635));
#1788=CARTESIAN_POINT('',(0.0636632627005966,-0.0285838654270942,-0.00372002201744956));
#1789=CARTESIAN_POINT('',(0.0622316313502983,-0.0298193886472699,-0.00586001100872478));
#1790=CARTESIAN_POINT('',(0.0595304760106459,-0.0327869626750143,-0.007));
#1791=CARTESIAN_POINT('',(0.0608,-0.0327869626750143,-0.007));
#1792=CARTESIAN_POINT('',(0.056,-0.0319209372712298,-0.0105));
#1793=CARTESIAN_POINT('',(0.0613197002240437,-0.0309209372712299,-0.0105));
#1794=CARTESIAN_POINT('',(0.0593595361532213,-0.0309209372712299,-0.0105));
#1795=CARTESIAN_POINT('',(0.0593595361532213,-0.0329209372712298,-0.0105));
#1796=CARTESIAN_POINT('',(0.0593595361532213,-0.0329209372712298,-0.0105));
#1797=CARTESIAN_POINT('',(0.0613197002240437,-0.0329209372712298,-0.0105));
#1798=CARTESIAN_POINT('',(0.0538750669668112,-0.035071280046939,-0.0105));
#1799=CARTESIAN_POINT('',(0.0547356916746058,-0.0337953514466251,-0.0105));
#1800=CARTESIAN_POINT('',(0.056,-0.0319209372712298,-0.0105));
#1801=CARTESIAN_POINT('',(0.0547356916746058,-0.0300465230958346,-0.0105));
#1802=CARTESIAN_POINT('',(0.0538750669668112,-0.0287705944955207,-0.0105));
#1803=CARTESIAN_POINT('',(0.0538750669668112,-0.0287705944955207,-0.0055));
#1804=CARTESIAN_POINT('',(0.056,-0.0319209372712298,-0.008));
#1805=CARTESIAN_POINT('',(0.054848599237674,-0.0302139154418895,-0.00610254044610414));
#1806=CARTESIAN_POINT('',(0.054848599237674,-0.0302139154418895,-0.00989745955389587));
#1807=CARTESIAN_POINT('',(0.056,-0.0319209372712298,-0.0122470847983473));
#1808=CARTESIAN_POINT('',(0.0547356916746058,-0.0300465230958346,-0.0055));
#1809=CARTESIAN_POINT('',(0.0538750669668112,-0.0287705944955207,-0.0055));
#1810=CARTESIAN_POINT('',(0.056,-0.0319209372712298,-0.0037529152016528));
#1811=CARTESIAN_POINT('',(0.0538750669668112,-0.035071280046939,-0.0055));
#1812=CARTESIAN_POINT('',(0.0538750669668112,-0.035071280046939,-0.0055));
#1813=CARTESIAN_POINT('',(0.0547356916746058,-0.0337953514466251,-0.0055));
#1814=CARTESIAN_POINT('',(0.056,-0.0319209372712298,-0.0122470847983473));
#1815=CARTESIAN_POINT('',(0.054848599237674,-0.0336279591005702,-0.00610254044610414));
#1816=CARTESIAN_POINT('',(0.056,-0.0319209372712298,-0.008));
#1817=CARTESIAN_POINT('',(0.054848599237674,-0.0336279591005702,-0.00989745955389587));
#1818=CARTESIAN_POINT('',(0.056,-0.0319209372712298,-0.0037529152016528));
#1819=CARTESIAN_POINT('',(0.056,-0.0319209372712298,-0.0055));
#1820=CARTESIAN_POINT('',(0.056,-0.0319209372712298,-0.0055));
#1821=CARTESIAN_POINT('',(0.056,-0.0319209372712298,-0.0055));
#1822=CARTESIAN_POINT('',(0.056,-0.0319209372712298,-0.008));
#1823=CARTESIAN_POINT('',(0.056,-0.0319209372712298,-0.00610254044610414));
#1824=CARTESIAN_POINT('',(0.056,-0.0319209372712298,-0.00989745955389587));
#1825=CARTESIAN_POINT('',(0.056,-0.0319209372712298,-0.00610254044610414));
#1826=CARTESIAN_POINT('',(0.056,-0.0319209372712298,-0.0105));
#1827=CARTESIAN_POINT('',(0.0613197002240437,-0.0309209372712299,-0.00492825548669326));
#1828=CARTESIAN_POINT('',(0.063312501740823,-0.0309209372712299,-0.0106834439321249));
#1829=CARTESIAN_POINT('',(0.0607115627001306,-0.0309209372712299,-0.00795926695608043));
#1830=CARTESIAN_POINT('',(0.0423926704576336,-0.0309209372712299,-0.0100181026124926));
#1831=CARTESIAN_POINT('',(0.0619453035319546,-0.0309209372712299,-0.00579469843097645));
#1832=CARTESIAN_POINT('',(0.0643784484267955,-0.0309209372712299,-0.0152410687319723));
#1833=CARTESIAN_POINT('',(0.0643784484267955,-0.0309209372712299,-0.017234134661217));
#1834=CARTESIAN_POINT('',(0.0633784484267955,-0.0309209372712299,-0.017234134661217));
#1835=CARTESIAN_POINT('',(0.0633784484267955,-0.0309209372712299,-0.017234134661217));
#1836=CARTESIAN_POINT('',(0.0633784484267955,-0.0309209372712299,-0.017234134661217));
#1837=CARTESIAN_POINT('',(0.0623784484267955,-0.0309209372712299,-0.017234134661217));
#1838=CARTESIAN_POINT('',(0.0623784484267955,-0.0309209372712299,-0.0152410687319723));
#1839=CARTESIAN_POINT('',(0.0623784484267955,-0.0309209372712299,-0.0132480028027275));
#1840=CARTESIAN_POINT('',(0.0603197002240437,-0.0309209372712299,-0.0113740014013637));
#1841=CARTESIAN_POINT('',(0.0613197002240437,-0.0329209372712298,-0.00492825548669326));
#1842=CARTESIAN_POINT('',(0.0619453035319546,-0.0329209372712298,-0.00579469843097645));
#1843=CARTESIAN_POINT('',(0.0423926704576324,-0.0329209372712298,-0.0100181026124927));
#1844=CARTESIAN_POINT('',(0.0603197002240437,-0.0329209372712298,-0.0113740014013637));
#1845=CARTESIAN_POINT('',(0.0623784484267955,-0.0329209372712298,-0.0132480028027275));
#1846=CARTESIAN_POINT('',(0.0623784484267955,-0.0329209372712298,-0.0152410687319723));
#1847=CARTESIAN_POINT('',(0.0623784484267955,-0.0329209372712298,-0.017234134661217));
#1848=CARTESIAN_POINT('',(0.0633784484267955,-0.0329209372712298,-0.017234134661217));
#1849=CARTESIAN_POINT('',(0.0633784484267955,-0.0329209372712298,-0.017234134661217));
#1850=CARTESIAN_POINT('',(0.0633784484267955,-0.0329209372712298,-0.017234134661217));
#1851=CARTESIAN_POINT('',(0.0643784484267955,-0.0329209372712298,-0.017234134661217));
#1852=CARTESIAN_POINT('',(0.0643784484267955,-0.0329209372712298,-0.0152410687319723));
#1853=CARTESIAN_POINT('',(0.063312501740823,-0.0329209372712298,-0.0106834439321249));
#1854=CARTESIAN_POINT('',(0.0423926704576336,-0.0677195957069207,0.0112276127411705));
#1855=CARTESIAN_POINT('',(0.0633784484267955,-0.0329209372712298,-0.017234134661217));
#1856=CARTESIAN_POINT('',(0.0633784484267955,-0.0319209372712298,-0.017234134661217));
#1857=CARTESIAN_POINT('',(0.0623784484267955,-0.0319209372712298,-0.017234134661217));
#1858=CARTESIAN_POINT('',(0.0623784484267955,-0.0329209372712298,-0.017234134661217));
#1859=CARTESIAN_POINT('',(0.0633784484267955,-0.0329209372712298,-0.017234134661217));
#1860=CARTESIAN_POINT('',(0.0633784484267955,-0.0319209372712298,-0.017234134661217));
#1861=CARTESIAN_POINT('',(0.0643784484267955,-0.0319209372712298,-0.017234134661217));
#1862=CARTESIAN_POINT('',(0.0643784484267955,-0.0329209372712298,-0.017234134661217));
#1863=CARTESIAN_POINT('',(0.0633784484267955,-0.0329209372712298,-0.017234134661217));
#1864=CARTESIAN_POINT('',(0.0633784484267955,-0.0319209372712298,-0.017234134661217));
#1865=CARTESIAN_POINT('',(0.0643784484267955,-0.0329209372712298,-0.017234134661217));
#1866=CARTESIAN_POINT('',(0.0603197002240437,-0.0329209372712298,-0.0113740014013637));
#1867=CARTESIAN_POINT('',(0.0623784484267955,-0.0329209372712298,-0.0132480028027275));
#1868=CARTESIAN_POINT('',(0.0623784484267955,-0.0329209372712298,-0.0152410687319723));
#1869=CARTESIAN_POINT('',(0.0623784484267955,-0.0329209372712298,-0.017234134661217));
#1870=CARTESIAN_POINT('',(0.0633784484267955,-0.0329209372712298,-0.017234134661217));
#1871=CARTESIAN_POINT('',(0.0633784484267955,-0.0319209372712298,-0.017234134661217));
#1872=CARTESIAN_POINT('',(0.0643784484267955,-0.0329209372712298,-0.0152410687319723));
#1873=CARTESIAN_POINT('',(0.0643784484267955,-0.0318554874242801,-0.017234134661217));
#1874=CARTESIAN_POINT('',(0.0643784484267955,-0.0318554874242801,-0.0179086717122851));
#1875=CARTESIAN_POINT('',(0.0650039128275455,-0.0319209372712298,-0.019234134661217));
#1876=CARTESIAN_POINT('',(0.0653784484267955,-0.0319209372712298,-0.019234134661217));
#1877=CARTESIAN_POINT('',(0.0643784484267955,-0.0319863871181797,-0.017234134661217));
#1878=CARTESIAN_POINT('',(0.0643784484267955,-0.0319863871181797,-0.0179086688086488));
#1879=CARTESIAN_POINT('',(0.0650039128275455,-0.0319209372712298,-0.019234134661217));
#1880=CARTESIAN_POINT('',(0.0653784484267955,-0.0319209372712298,-0.019234134661217));
#1881=CARTESIAN_POINT('',(0.064372002338916,-0.032051835346753,-0.017234134661217));
#1882=CARTESIAN_POINT('',(0.064372002338916,-0.032051835346753,-0.0179088649917422));
#1883=CARTESIAN_POINT('',(0.0650017861327082,-0.0319209372712298,-0.019234134661217));
#1884=CARTESIAN_POINT('',(0.0653784484267955,-0.0319209372712298,-0.019234134661217));
#1885=CARTESIAN_POINT('',(0.0643464650754813,-0.032180219839739,-0.017234134661217));
#1886=CARTESIAN_POINT('',(0.0643464650754813,-0.032180219839739,-0.0179096208849397));
#1887=CARTESIAN_POINT('',(0.0649933693156253,-0.0319209372712298,-0.019234134661217));
#1888=CARTESIAN_POINT('',(0.0653784484267955,-0.0319209372712298,-0.019234134661217));
#1889=CARTESIAN_POINT('',(0.0643273745313853,-0.0322431529295921,-0.017234134661217));
#1890=CARTESIAN_POINT('',(0.0643273745313853,-0.0322431529295921,-0.0179101805950438));
#1891=CARTESIAN_POINT('',(0.0649870797537246,-0.0319209372712298,-0.019234134661217));
#1892=CARTESIAN_POINT('',(0.0653784484267955,-0.0319209372712298,-0.019234134661217));
#1893=CARTESIAN_POINT('',(0.0642772813872282,-0.0323640884775978,-0.017234134661217));
#1894=CARTESIAN_POINT('',(0.0642772813872282,-0.0323640884775978,-0.0179116317994501));
#1895=CARTESIAN_POINT('',(0.0649706017473132,-0.0319209372712298,-0.019234134661217));
#1896=CARTESIAN_POINT('',(0.0653784484267955,-0.0319209372712298,-0.019234134661217));
#1897=CARTESIAN_POINT('',(0.064246280025819,-0.0324220879453809,-0.017234134661217));
#1898=CARTESIAN_POINT('',(0.064246280025819,-0.0324220879453809,-0.0179125199407602));
#1899=CARTESIAN_POINT('',(0.0649604142256408,-0.0319209372712298,-0.019234134661217));
#1900=CARTESIAN_POINT('',(0.0653784484267955,-0.0319209372712298,-0.019234134661217));
#1901=CARTESIAN_POINT('',(0.064173556052377,-0.0325309270631181,-0.017234134661217));
#1902=CARTESIAN_POINT('',(0.064173556052377,-0.0325309270631181,-0.0179145546057726));
#1903=CARTESIAN_POINT('',(0.064936561630861,-0.0319209372712298,-0.019234134661217));
#1904=CARTESIAN_POINT('',(0.0653784484267955,-0.0319209372712298,-0.019234134661217));
#1905=CARTESIAN_POINT('',(0.0641318352385878,-0.0325817640218106,-0.017234134661217));
#1906=CARTESIAN_POINT('',(0.0641318352385878,-0.0325817640218106,-0.0179157011294749));
#1907=CARTESIAN_POINT('',(0.0649228976047762,-0.0319209372712298,-0.019234134661217));
#1908=CARTESIAN_POINT('',(0.0653784484267955,-0.0319209372712298,-0.019234134661217));
#1909=CARTESIAN_POINT('',(0.0640392751773762,-0.0326743240830222,-0.017234134661217));
#1910=CARTESIAN_POINT('',(0.0640392751773762,-0.0326743240830222,-0.0179181858634501));
#1911=CARTESIAN_POINT('',(0.0648926456470355,-0.0319209372712298,-0.019234134661217));
#1912=CARTESIAN_POINT('',(0.0653784484267955,-0.0319209372712298,-0.019234134661217));
#1913=CARTESIAN_POINT('',(0.0639884382186837,-0.0327160448968114,-0.017234134661217));
#1914=CARTESIAN_POINT('',(0.0639884382186837,-0.0327160448968114,-0.0179195210680266));
#1915=CARTESIAN_POINT('',(0.0648760587424962,-0.0319209372712298,-0.019234134661217));
#1916=CARTESIAN_POINT('',(0.0653784484267955,-0.0319209372712298,-0.019234134661217));
#1917=CARTESIAN_POINT('',(0.0638795991009465,-0.0327887688702534,-0.017234134661217));
#1918=CARTESIAN_POINT('',(0.0638795991009465,-0.0327887688702534,-0.0179223078456451));
#1919=CARTESIAN_POINT('',(0.0648406198987017,-0.0319209372712298,-0.019234134661217));
#1920=CARTESIAN_POINT('',(0.0653784484267955,-0.0319209372712298,-0.019234134661217));
#1921=CARTESIAN_POINT('',(0.0638215996331634,-0.0328197702316627,-0.017234134661217));
#1922=CARTESIAN_POINT('',(0.0638215996331634,-0.0328197702316627,-0.0179237594186871));
#1923=CARTESIAN_POINT('',(0.0648217700949661,-0.0319209372712298,-0.019234134661217));
#1924=CARTESIAN_POINT('',(0.0653784484267955,-0.0319209372712298,-0.019234134661217));
#1925=CARTESIAN_POINT('',(0.0637006640851576,-0.0328698633758197,-0.017234134661217));
#1926=CARTESIAN_POINT('',(0.0637006640851576,-0.0328698633758197,-0.0179267096265243));
#1927=CARTESIAN_POINT('',(0.0647825370952664,-0.0319209372712298,-0.019234134661217));
#1928=CARTESIAN_POINT('',(0.0653784484267955,-0.0319209372712298,-0.019234134661217));
#1929=CARTESIAN_POINT('',(0.0636377309953046,-0.0328889539199157,-0.017234134661217));
#1930=CARTESIAN_POINT('',(0.0636377309953046,-0.0328889539199157,-0.0179282074510607));
#1931=CARTESIAN_POINT('',(0.0647621560993216,-0.0319209372712298,-0.019234134661217));
#1932=CARTESIAN_POINT('',(0.0653784484267955,-0.0319209372712298,-0.019234134661217));
#1933=CARTESIAN_POINT('',(0.0635093465023186,-0.0329144911833504,-0.017234134661217));
#1934=CARTESIAN_POINT('',(0.0635093465023186,-0.0329144911833504,-0.0179311927582905));
#1935=CARTESIAN_POINT('',(0.0647206570612216,-0.0319209372712298,-0.019234134661217));
#1936=CARTESIAN_POINT('',(0.0653784484267955,-0.0319209372712298,-0.019234134661217));
#1937=CARTESIAN_POINT('',(0.0634438982737452,-0.0329209372712298,-0.017234134661217));
#1938=CARTESIAN_POINT('',(0.0634438982737452,-0.0329209372712298,-0.017932680240984));
#1939=CARTESIAN_POINT('',(0.0646995390190663,-0.0319209372712298,-0.019234134661217));
#1940=CARTESIAN_POINT('',(0.0653784484267955,-0.0319209372712298,-0.019234134661217));
#1941=CARTESIAN_POINT('',(0.0633129985798457,-0.0329209372712298,-0.017234134661217));
#1942=CARTESIAN_POINT('',(0.0633129985798457,-0.0329209372712298,-0.01793558908145));
#1943=CARTESIAN_POINT('',(0.0646573578345246,-0.0319209372712298,-0.019234134661217));
#1944=CARTESIAN_POINT('',(0.0653784484267955,-0.0319209372712298,-0.019234134661217));
#1945=CARTESIAN_POINT('',(0.0632475503512723,-0.0329144911833504,-0.017234134661217));
#1946=CARTESIAN_POINT('',(0.0632475503512723,-0.0329144911833504,-0.0179370105580062));
#1947=CARTESIAN_POINT('',(0.0646363021662791,-0.0319209372712298,-0.019234134661217));
#1948=CARTESIAN_POINT('',(0.0653784484267955,-0.0319209372712298,-0.019234134661217));
#1949=CARTESIAN_POINT('',(0.0631191658582863,-0.0328889539199157,-0.017234134661217));
#1950=CARTESIAN_POINT('',(0.0631191658582863,-0.0328889539199157,-0.0179397474011247));
#1951=CARTESIAN_POINT('',(0.06459505003295,-0.0319209372712298,-0.019234134661217));
#1952=CARTESIAN_POINT('',(0.0653784484267955,-0.0319209372712298,-0.019234134661217));
#1953=CARTESIAN_POINT('',(0.0630562327684333,-0.0328698633758197,-0.017234134661217));
#1954=CARTESIAN_POINT('',(0.0630562327684333,-0.0328698633758197,-0.0179410627676871));
#1955=CARTESIAN_POINT('',(0.0645748556475556,-0.0319209372712298,-0.019234134661217));
#1956=CARTESIAN_POINT('',(0.0653784484267955,-0.0319209372712298,-0.019234134661217));
#1957=CARTESIAN_POINT('',(0.0629554531450951,-0.0328281190890222,-0.017234134661217));
#1958=CARTESIAN_POINT('',(0.0629554531450951,-0.0328281190890222,-0.0179431331014297));
#1959=CARTESIAN_POINT('',(0.0645425513855801,-0.0319209372712298,-0.019234134661217));
#1960=CARTESIAN_POINT('',(0.0653784484267955,-0.0319209372712298,-0.019234134661217));
#1961=CARTESIAN_POINT('',(0.0628966309085721,-0.0327991026573898,-0.017234134661217));
#1962=CARTESIAN_POINT('',(0.0628966309085721,-0.0327991026573898,-0.0179443266926576));
#1963=CARTESIAN_POINT('',(0.0645237105956701,-0.0319209372712298,-0.019234134661217));
#1964=CARTESIAN_POINT('',(0.0653784484267955,-0.0319209372712298,-0.019234134661217));
#1965=CARTESIAN_POINT('',(0.0628410180467321,-0.0327645275457727,-0.017234134661217));
#1966=CARTESIAN_POINT('',(0.0628410180467321,-0.0327645275457727,-0.017945438458332));
#1967=CARTESIAN_POINT('',(0.0645059147290498,-0.0319209372712298,-0.019234134661217));
#1968=CARTESIAN_POINT('',(0.0653784484267955,-0.0319209372712298,-0.019234134661217));
#1969=CARTESIAN_POINT('',(0.0627684586349072,-0.0327160448968114,-0.017234134661217));
#1970=CARTESIAN_POINT('',(0.0627684586349072,-0.0327160448968114,-0.0179468824652015));
#1971=CARTESIAN_POINT('',(0.0644827029333241,-0.0319209372712298,-0.019234134661217));
#1972=CARTESIAN_POINT('',(0.0653784484267955,-0.0319209372712298,-0.019234134661217));
#1973=CARTESIAN_POINT('',(0.0627176216762147,-0.0326743240830222,-0.017234134661217));
#1974=CARTESIAN_POINT('',(0.0627176216762147,-0.0326743240830222,-0.0179478791887866));
#1975=CARTESIAN_POINT('',(0.0644664558897258,-0.0319209372712298,-0.019234134661217));
#1976=CARTESIAN_POINT('',(0.0653784484267955,-0.0319209372712298,-0.019234134661217));
#1977=CARTESIAN_POINT('',(0.0626250616150031,-0.0325817640218106,-0.017234134661217));
#1978=CARTESIAN_POINT('',(0.0626250616150031,-0.0325817640218106,-0.0179496733367415));
#1979=CARTESIAN_POINT('',(0.064436893692059,-0.0319209372712298,-0.019234134661217));
#1980=CARTESIAN_POINT('',(0.0653784484267955,-0.0319209372712298,-0.019234134661217));
#1981=CARTESIAN_POINT('',(0.0625833408012139,-0.0325309270631181,-0.017234134661217));
#1982=CARTESIAN_POINT('',(0.0625833408012139,-0.0325309270631181,-0.0179504709341343));
#1983=CARTESIAN_POINT('',(0.0644235791737087,-0.0319209372712298,-0.019234134661217));
#1984=CARTESIAN_POINT('',(0.0653784484267955,-0.0319209372712298,-0.019234134661217));
#1985=CARTESIAN_POINT('',(0.0625106168277719,-0.0324220879453809,-0.017234134661217));
#1986=CARTESIAN_POINT('',(0.0625106168277719,-0.0324220879453809,-0.0179518519029786));
#1987=CARTESIAN_POINT('',(0.0644003810428729,-0.0319209372712298,-0.019234134661217));
#1988=CARTESIAN_POINT('',(0.0653784484267955,-0.0319209372712298,-0.019234134661217));
#1989=CARTESIAN_POINT('',(0.0624796154663627,-0.0323640884775978,-0.017234134661217));
#1990=CARTESIAN_POINT('',(0.0624796154663627,-0.0323640884775978,-0.0179524352744302));
#1991=CARTESIAN_POINT('',(0.0643904979320824,-0.0319209372712298,-0.019234134661217));
#1992=CARTESIAN_POINT('',(0.0653784484267955,-0.0319209372712298,-0.019234134661217));
#1993=CARTESIAN_POINT('',(0.0624295223222057,-0.0322431529295921,-0.017234134661217));
#1994=CARTESIAN_POINT('',(0.0624295223222057,-0.0322431529295921,-0.0179533725186195));
#1995=CARTESIAN_POINT('',(0.0643745327313861,-0.0319209372712298,-0.019234134661217));
#1996=CARTESIAN_POINT('',(0.0653784484267955,-0.0319209372712298,-0.019234134661217));
#1997=CARTESIAN_POINT('',(0.0624104317781096,-0.032180219839739,-0.017234134661217));
#1998=CARTESIAN_POINT('',(0.0624104317781096,-0.032180219839739,-0.0179537266219789));
#1999=CARTESIAN_POINT('',(0.0643684509881823,-0.0319209372712298,-0.019234134661217));
#2000=CARTESIAN_POINT('',(0.0653784484267955,-0.0319209372712298,-0.019234134661217));
#2001=CARTESIAN_POINT('',(0.0623848945146749,-0.032051835346753,-0.017234134661217));
#2002=CARTESIAN_POINT('',(0.0623848945146749,-0.032051835346753,-0.0179542003660929));
#2003=CARTESIAN_POINT('',(0.0643603162260818,-0.0319209372712298,-0.019234134661217));
#2004=CARTESIAN_POINT('',(0.0653784484267955,-0.0319209372712298,-0.019234134661217));
#2005=CARTESIAN_POINT('',(0.0623784484267955,-0.0319863871181797,-0.017234134661217));
#2006=CARTESIAN_POINT('',(0.0623784484267954,-0.0319863871181797,-0.0179543200068475));
#2007=CARTESIAN_POINT('',(0.0643582633060572,-0.0319209372712298,-0.019234134661217));
#2008=CARTESIAN_POINT('',(0.0653784484267955,-0.0319209372712298,-0.019234134661217));
#2009=CARTESIAN_POINT('',(0.0623784484267955,-0.0318554874242801,-0.017234134661217));
#2010=CARTESIAN_POINT('',(0.0623784484267954,-0.0318554874242801,-0.0179543194006174));
#2011=CARTESIAN_POINT('',(0.0643582634625027,-0.0319209372712298,-0.019234134661217));
#2012=CARTESIAN_POINT('',(0.0653784484267955,-0.0319209372712298,-0.019234134661217));
#2013=CARTESIAN_POINT('',(0.0623848945146749,-0.0317900391957067,-0.017234134661217));
#2014=CARTESIAN_POINT('',(0.0623848945146749,-0.0317900391957067,-0.0179541997598629));
#2015=CARTESIAN_POINT('',(0.0643603162260818,-0.0319209372712298,-0.019234134661217));
#2016=CARTESIAN_POINT('',(0.0653784484267955,-0.0319209372712298,-0.019234134661217));
#2017=CARTESIAN_POINT('',(0.0624104317781096,-0.0316616547027207,-0.017234134661217));
#2018=CARTESIAN_POINT('',(0.0624104317781096,-0.0316616547027207,-0.0179537263188639));
#2019=CARTESIAN_POINT('',(0.0643684509881823,-0.0319209372712298,-0.019234134661217));
#2020=CARTESIAN_POINT('',(0.0653784484267955,-0.0319209372712298,-0.019234134661217));
#2021=CARTESIAN_POINT('',(0.0624295223222057,-0.0315987216128676,-0.017234134661217));
#2022=CARTESIAN_POINT('',(0.0624295223222057,-0.0315987216128676,-0.0179533725186195));
#2023=CARTESIAN_POINT('',(0.0643745327313861,-0.0319209372712298,-0.019234134661217));
#2024=CARTESIAN_POINT('',(0.0653784484267955,-0.0319209372712298,-0.019234134661217));
#2025=CARTESIAN_POINT('',(0.0624796154663627,-0.0314777860648619,-0.017234134661217));
#2026=CARTESIAN_POINT('',(0.0624796154663627,-0.0314777860648619,-0.0179524352744302));
#2027=CARTESIAN_POINT('',(0.0643904979320824,-0.0319209372712298,-0.019234134661217));
#2028=CARTESIAN_POINT('',(0.0653784484267955,-0.0319209372712298,-0.019234134661217));
#2029=CARTESIAN_POINT('',(0.0625106168277719,-0.0314197865970788,-0.017234134661217));
#2030=CARTESIAN_POINT('',(0.0625106168277719,-0.0314197865970788,-0.0179518519029786));
#2031=CARTESIAN_POINT('',(0.0644003810428729,-0.0319209372712298,-0.019234134661217));
#2032=CARTESIAN_POINT('',(0.0653784484267955,-0.0319209372712298,-0.019234134661217));
#2033=CARTESIAN_POINT('',(0.0625833408012139,-0.0313109474793416,-0.017234134661217));
#2034=CARTESIAN_POINT('',(0.0625833408012139,-0.0313109474793416,-0.0179504709341343));
#2035=CARTESIAN_POINT('',(0.0644235791737087,-0.0319209372712298,-0.019234134661217));
#2036=CARTESIAN_POINT('',(0.0653784484267955,-0.0319209372712298,-0.019234134661217));
#2037=CARTESIAN_POINT('',(0.0626250616150031,-0.0312601105206491,-0.017234134661217));
#2038=CARTESIAN_POINT('',(0.0626250616150031,-0.0312601105206491,-0.0179496733367415));
#2039=CARTESIAN_POINT('',(0.064436893692059,-0.0319209372712298,-0.019234134661217));
#2040=CARTESIAN_POINT('',(0.0653784484267955,-0.0319209372712298,-0.019234134661217));
#2041=CARTESIAN_POINT('',(0.0627176216762147,-0.0311675504594375,-0.017234134661217));
#2042=CARTESIAN_POINT('',(0.0627176216762147,-0.0311675504594375,-0.0179478791887866));
#2043=CARTESIAN_POINT('',(0.0644664558897258,-0.0319209372712298,-0.019234134661217));
#2044=CARTESIAN_POINT('',(0.0653784484267955,-0.0319209372712298,-0.019234134661217));
#2045=CARTESIAN_POINT('',(0.0627684586349072,-0.0311258296456483,-0.017234134661217));
#2046=CARTESIAN_POINT('',(0.0627684586349072,-0.0311258296456483,-0.0179468824652015));
#2047=CARTESIAN_POINT('',(0.0644827029333241,-0.0319209372712298,-0.019234134661217));
#2048=CARTESIAN_POINT('',(0.0653784484267955,-0.0319209372712298,-0.019234134661217));
#2049=CARTESIAN_POINT('',(0.0628410180467321,-0.031077346996687,-0.017234134661217));
#2050=CARTESIAN_POINT('',(0.0628410180467321,-0.031077346996687,-0.017945438458332));
#2051=CARTESIAN_POINT('',(0.0645059147290498,-0.0319209372712298,-0.019234134661217));
#2052=CARTESIAN_POINT('',(0.0653784484267955,-0.0319209372712298,-0.019234134661217));
#2053=CARTESIAN_POINT('',(0.0628966309085721,-0.0310427718850699,-0.017234134661217));
#2054=CARTESIAN_POINT('',(0.0628966309085721,-0.0310427718850699,-0.0179443266926576));
#2055=CARTESIAN_POINT('',(0.0645237105956701,-0.0319209372712298,-0.019234134661217));
#2056=CARTESIAN_POINT('',(0.0653784484267955,-0.0319209372712298,-0.019234134661217));
#2057=CARTESIAN_POINT('',(0.0629554531450951,-0.0310137554534376,-0.017234134661217));
#2058=CARTESIAN_POINT('',(0.0629554531450951,-0.0310137554534376,-0.0179431331014297));
#2059=CARTESIAN_POINT('',(0.0645425513855801,-0.0319209372712298,-0.019234134661217));
#2060=CARTESIAN_POINT('',(0.0653784484267955,-0.0319209372712298,-0.019234134661217));
#2061=CARTESIAN_POINT('',(0.0630562327684333,-0.03097201116664,-0.017234134661217));
#2062=CARTESIAN_POINT('',(0.0630562327684333,-0.03097201116664,-0.0179410627676871));
#2063=CARTESIAN_POINT('',(0.0645748556475556,-0.0319209372712298,-0.019234134661217));
#2064=CARTESIAN_POINT('',(0.0653784484267955,-0.0319209372712298,-0.019234134661217));
#2065=CARTESIAN_POINT('',(0.0631191658582863,-0.0309529206225439,-0.017234134661217));
#2066=CARTESIAN_POINT('',(0.0631191658582863,-0.0309529206225439,-0.0179397474011247));
#2067=CARTESIAN_POINT('',(0.06459505003295,-0.0319209372712298,-0.019234134661217));
#2068=CARTESIAN_POINT('',(0.0653784484267955,-0.0319209372712298,-0.019234134661217));
#2069=CARTESIAN_POINT('',(0.0632475503512723,-0.0309273833591093,-0.017234134661217));
#2070=CARTESIAN_POINT('',(0.0632475503512723,-0.0309273833591093,-0.0179370105580062));
#2071=CARTESIAN_POINT('',(0.0646363021662791,-0.0319209372712298,-0.019234134661217));
#2072=CARTESIAN_POINT('',(0.0653784484267955,-0.0319209372712298,-0.019234134661217));
#2073=CARTESIAN_POINT('',(0.0633129985798457,-0.0309209372712299,-0.017234134661217));
#2074=CARTESIAN_POINT('',(0.0633129985798457,-0.0309209372712299,-0.01793558908145));
#2075=CARTESIAN_POINT('',(0.0646573578345246,-0.0319209372712298,-0.019234134661217));
#2076=CARTESIAN_POINT('',(0.0653784484267955,-0.0319209372712298,-0.019234134661217));
#2077=CARTESIAN_POINT('',(0.0634438982737452,-0.0309209372712299,-0.017234134661217));
#2078=CARTESIAN_POINT('',(0.0634438982737452,-0.0309209372712299,-0.017932680240984));
#2079=CARTESIAN_POINT('',(0.0646995390190663,-0.0319209372712298,-0.019234134661217));
#2080=CARTESIAN_POINT('',(0.0653784484267955,-0.0319209372712298,-0.019234134661217));
#2081=CARTESIAN_POINT('',(0.0635093465023186,-0.0309273833591093,-0.017234134661217));
#2082=CARTESIAN_POINT('',(0.0635093465023186,-0.0309273833591093,-0.0179311927582905));
#2083=CARTESIAN_POINT('',(0.0647206570612216,-0.0319209372712298,-0.019234134661217));
#2084=CARTESIAN_POINT('',(0.0653784484267955,-0.0319209372712298,-0.019234134661217));
#2085=CARTESIAN_POINT('',(0.0636377309953046,-0.0309529206225439,-0.017234134661217));
#2086=CARTESIAN_POINT('',(0.0636377309953046,-0.0309529206225439,-0.0179282074510607));
#2087=CARTESIAN_POINT('',(0.0647621560993216,-0.0319209372712298,-0.019234134661217));
#2088=CARTESIAN_POINT('',(0.0653784484267955,-0.0319209372712298,-0.019234134661217));
#2089=CARTESIAN_POINT('',(0.0637006640851576,-0.03097201116664,-0.017234134661217));
#2090=CARTESIAN_POINT('',(0.0637006640851576,-0.03097201116664,-0.0179267096265243));
#2091=CARTESIAN_POINT('',(0.0647825370952664,-0.0319209372712298,-0.019234134661217));
#2092=CARTESIAN_POINT('',(0.0653784484267955,-0.0319209372712298,-0.019234134661217));
#2093=CARTESIAN_POINT('',(0.0638215996331634,-0.0310221043107971,-0.017234134661217));
#2094=CARTESIAN_POINT('',(0.0638215996331634,-0.0310221043107971,-0.0179237594186871));
#2095=CARTESIAN_POINT('',(0.0648217700949661,-0.0319209372712298,-0.019234134661217));
#2096=CARTESIAN_POINT('',(0.0653784484267955,-0.0319209372712298,-0.019234134661217));
#2097=CARTESIAN_POINT('',(0.0638795991009465,-0.0310531056722063,-0.017234134661217));
#2098=CARTESIAN_POINT('',(0.0638795991009465,-0.0310531056722063,-0.0179223078456451));
#2099=CARTESIAN_POINT('',(0.0648406198987018,-0.0319209372712298,-0.019234134661217));
#2100=CARTESIAN_POINT('',(0.0653784484267955,-0.0319209372712298,-0.019234134661217));
#2101=CARTESIAN_POINT('',(0.0639884382186837,-0.0311258296456483,-0.017234134661217));
#2102=CARTESIAN_POINT('',(0.0639884382186837,-0.0311258296456483,-0.0179195210680266));
#2103=CARTESIAN_POINT('',(0.0648760587424962,-0.0319209372712298,-0.019234134661217));
#2104=CARTESIAN_POINT('',(0.0653784484267955,-0.0319209372712298,-0.019234134661217));
#2105=CARTESIAN_POINT('',(0.0640392751773762,-0.0311675504594375,-0.017234134661217));
#2106=CARTESIAN_POINT('',(0.0640392751773762,-0.0311675504594375,-0.0179181858634501));
#2107=CARTESIAN_POINT('',(0.0648926456470356,-0.0319209372712298,-0.019234134661217));
#2108=CARTESIAN_POINT('',(0.0653784484267955,-0.0319209372712298,-0.019234134661217));
#2109=CARTESIAN_POINT('',(0.0641318352385878,-0.0312601105206491,-0.017234134661217));
#2110=CARTESIAN_POINT('',(0.0641318352385878,-0.0312601105206491,-0.0179157011294749));
#2111=CARTESIAN_POINT('',(0.0649228976047762,-0.0319209372712298,-0.019234134661217));
#2112=CARTESIAN_POINT('',(0.0653784484267955,-0.0319209372712298,-0.019234134661217));
#2113=CARTESIAN_POINT('',(0.064173556052377,-0.0313109474793416,-0.017234134661217));
#2114=CARTESIAN_POINT('',(0.064173556052377,-0.0313109474793416,-0.0179145545301096));
#2115=CARTESIAN_POINT('',(0.064936561630861,-0.0319209372712298,-0.019234134661217));
#2116=CARTESIAN_POINT('',(0.0653784484267955,-0.0319209372712298,-0.019234134661217));
#2117=CARTESIAN_POINT('',(0.064246280025819,-0.0314197865970788,-0.017234134661217));
#2118=CARTESIAN_POINT('',(0.064246280025819,-0.0314197865970788,-0.017912519789434));
#2119=CARTESIAN_POINT('',(0.0649604142256408,-0.0319209372712298,-0.019234134661217));
#2120=CARTESIAN_POINT('',(0.0653784484267955,-0.0319209372712298,-0.019234134661217));
#2121=CARTESIAN_POINT('',(0.0642772813872282,-0.0314777860648619,-0.017234134661217));
#2122=CARTESIAN_POINT('',(0.0642772813872282,-0.0314777860648619,-0.0179116316481239));
#2123=CARTESIAN_POINT('',(0.0649706017473132,-0.0319209372712298,-0.019234134661217));
#2124=CARTESIAN_POINT('',(0.0653784484267955,-0.0319209372712298,-0.019234134661217));
#2125=CARTESIAN_POINT('',(0.0643273745313853,-0.0315987216128676,-0.017234134661217));
#2126=CARTESIAN_POINT('',(0.0643273745313853,-0.0315987216128676,-0.0179101807463699));
#2127=CARTESIAN_POINT('',(0.0649870797537246,-0.0319209372712298,-0.019234134661217));
#2128=CARTESIAN_POINT('',(0.0653784484267955,-0.0319209372712298,-0.019234134661217));
#2129=CARTESIAN_POINT('',(0.0643464650754813,-0.0316616547027207,-0.017234134661217));
#2130=CARTESIAN_POINT('',(0.0643464650754813,-0.0316616547027207,-0.0179096187669928));
#2131=CARTESIAN_POINT('',(0.0649933693156253,-0.0319209372712298,-0.019234134661217));
#2132=CARTESIAN_POINT('',(0.0653784484267955,-0.0319209372712298,-0.019234134661217));
#2133=CARTESIAN_POINT('',(0.064372002338916,-0.0317900391957067,-0.017234134661217));
#2134=CARTESIAN_POINT('',(0.064372002338916,-0.0317900391957067,-0.0179088631289404));
#2135=CARTESIAN_POINT('',(0.0650017861327082,-0.0319209372712298,-0.019234134661217));
#2136=CARTESIAN_POINT('',(0.0653784484267955,-0.0319209372712298,-0.019234134661217));
#2137=CARTESIAN_POINT('',(0.0643784484267955,-0.0318554874242801,-0.017234134661217));
#2138=CARTESIAN_POINT('',(0.0643784484267955,-0.0318554874242801,-0.0179086717122851));
#2139=CARTESIAN_POINT('',(0.0650039128275455,-0.0319209372712298,-0.019234134661217));
#2140=CARTESIAN_POINT('',(0.0653784484267955,-0.0319209372712298,-0.019234134661217));
#2141=CARTESIAN_POINT('',(0.0643784484267955,-0.0319863871181797,-0.017234134661217));
#2142=CARTESIAN_POINT('',(0.0643784484267955,-0.0319863871181797,-0.0179086688086488));
#2143=CARTESIAN_POINT('',(0.0650039128275455,-0.0319209372712298,-0.019234134661217));
#2144=CARTESIAN_POINT('',(0.0653784484267955,-0.0319209372712298,-0.019234134661217));
#2145=CARTESIAN_POINT('',(0.0653784484267955,-0.0319209372712298,-0.019234134661217));
#2146=CARTESIAN_POINT('',(0.056,-0.0319209372712298,0.0145));
#2147=CARTESIAN_POINT('',(0.056,-0.0319209372712298,-0.0112922560216084));
#2148=CARTESIAN_POINT('',(0.0606946778377222,-0.0329209372712298,-0.00399530372623445));
#2149=CARTESIAN_POINT('',(0.0606946778377222,-0.0329209372712298,0.0145));
#2150=CARTESIAN_POINT('',(0.0606946778377222,-0.0329209372712298,-0.00396484399437038));
#2151=CARTESIAN_POINT('',(0.056,-0.0319209372712298,-0.0107841900523674));
#2152=CARTESIAN_POINT('',(0.0606946778377222,-0.0309209372712299,-0.00396484399437038));
#2153=CARTESIAN_POINT('',(0.0606946778377222,-0.0309209372712299,0.0145));
#2154=CARTESIAN_POINT('',(0.0606946778377222,-0.0309209372712299,-0.00399530372623447));
#2155=CARTESIAN_POINT('',(0.056,-0.0319209372712298,-0.0112922560216084));
#2156=CARTESIAN_POINT('',(0.0613197002240437,-0.0329209372712298,-0.00792825548669326));
#2157=CARTESIAN_POINT('',(0.0599621073609442,-0.0329209372712298,-0.00502895355964883));
#2158=CARTESIAN_POINT('',(0.06083022714922,-0.0329209372712298,-0.00376794919243113));
#2159=CARTESIAN_POINT('',(0.0591286628381589,-0.0329209372712298,-0.00662195380818973));
#2160=CARTESIAN_POINT('',(0.0613197002240437,-0.0309209372712299,-0.00792825548669326));
#2161=CARTESIAN_POINT('',(0.0599621073609442,-0.0309209372712299,-0.00502895355964883));
#2162=CARTESIAN_POINT('',(0.06083022714922,-0.0309209372712299,-0.00376794919243113));
#2163=CARTESIAN_POINT('',(0.0591286628381589,-0.0309209372712299,-0.00662195380818973));
#2164=CARTESIAN_POINT('',(0.0613197002240437,-0.0329209372712298,-0.00792825548669326));
#2165=CARTESIAN_POINT('',(0.0599621073609442,-0.0329209372712298,-0.00502895355964883));
#2166=CARTESIAN_POINT('',(0.0616632627005966,-0.0329209372712298,-0.00255790711929765));
#2167=CARTESIAN_POINT('',(0.0613197002240437,-0.0329209372712298,-0.00376794919243113));
#2168=CARTESIAN_POINT('',(0.0629622098434793,-0.0329209372712298,-0.00376794919243113));
#2169=CARTESIAN_POINT('',(0.0622316313502983,-0.0329209372712298,-0.00502895355964884));
#2170=CARTESIAN_POINT('',(0.0636632627005966,-0.0329209372712298,-0.00255790711929766));
#2171=CARTESIAN_POINT('',(0.064020855563696,-0.0329209372712298,-0.000581507717509175));
#2172=CARTESIAN_POINT('',(0.0643784484267954,-0.0329209372712298,0.0013948916842793));
#2173=CARTESIAN_POINT('',(0.0643784484267955,-0.0329209372712298,0.00288625768605488));
#2174=CARTESIAN_POINT('',(0.0643784484267955,-0.0329209372712298,0.00437762368783047));
#2175=CARTESIAN_POINT('',(0.0633784484267955,-0.0329209372712298,0.00437762368783047));
#2176=CARTESIAN_POINT('',(0.0633784484267955,-0.0329209372712298,0.00437762368783047));
#2177=CARTESIAN_POINT('',(0.0633784484267955,-0.0329209372712298,0.00437762368783047));
#2178=CARTESIAN_POINT('',(0.0623784484267955,-0.0329209372712298,0.00437762368783047));
#2179=CARTESIAN_POINT('',(0.0623784857004488,-0.0329209372712298,0.00287762368829358));
#2180=CARTESIAN_POINT('',(0.0623785229741021,-0.0329209372712298,0.00137762368875669));
#2181=CARTESIAN_POINT('',(0.0620208928373494,-0.0329209372712298,-0.000590141715270481));
#2182=CARTESIAN_POINT('',(0.0613197002240437,-0.0309209372712299,-0.00792825548669326));
#2183=CARTESIAN_POINT('',(0.0622316313502983,-0.0309209372712299,-0.00502895355964884));
#2184=CARTESIAN_POINT('',(0.0636632627005966,-0.0309209372712299,-0.00255790711929766));
#2185=CARTESIAN_POINT('',(0.0629622098434793,-0.0309209372712299,-0.00376794919243113));
#2186=CARTESIAN_POINT('',(0.0613197002240437,-0.0309209372712299,-0.00376794919243113));
#2187=CARTESIAN_POINT('',(0.0599621073609442,-0.0309209372712299,-0.00502895355964883));
#2188=CARTESIAN_POINT('',(0.0616632627005966,-0.0309209372712299,-0.00255790711929765));
#2189=CARTESIAN_POINT('',(0.0620208928373494,-0.0309209372712299,-0.000590141715270481));
#2190=CARTESIAN_POINT('',(0.0623785229741021,-0.0309209372712299,0.00137762368875669));
#2191=CARTESIAN_POINT('',(0.0623784857004488,-0.0309209372712299,0.00287762368829358));
#2192=CARTESIAN_POINT('',(0.0623784484267955,-0.0309209372712299,0.00437762368783047));
#2193=CARTESIAN_POINT('',(0.0633784484267955,-0.0309209372712299,0.00437762368783047));
#2194=CARTESIAN_POINT('',(0.0633784484267955,-0.0309209372712299,0.00437762368783047));
#2195=CARTESIAN_POINT('',(0.0633784484267955,-0.0309209372712299,0.00437762368783047));
#2196=CARTESIAN_POINT('',(0.0643784484267955,-0.0309209372712299,0.00437762368783047));
#2197=CARTESIAN_POINT('',(0.0643784484267955,-0.0309209372712299,0.00288625768605488));
#2198=CARTESIAN_POINT('',(0.0643784484267954,-0.0309209372712299,0.0013948916842793));
#2199=CARTESIAN_POINT('',(0.064020855563696,-0.0309209372712299,-0.000581507717509175));
#2200=CARTESIAN_POINT('',(0.0633784484267955,-0.0329209372712298,0.00437762368783047));
#2201=CARTESIAN_POINT('',(0.0633784484267955,-0.0319209372712298,0.00437762368783047));
#2202=CARTESIAN_POINT('',(0.0643784484267955,-0.0319209372712298,0.00437762368783047));
#2203=CARTESIAN_POINT('',(0.0643784484267955,-0.0329209372712298,0.00437762368783047));
#2204=CARTESIAN_POINT('',(0.0633784484267955,-0.0329209372712298,0.00437762368783047));
#2205=CARTESIAN_POINT('',(0.0633784484267955,-0.0319209372712298,0.00437762368783047));
#2206=CARTESIAN_POINT('',(0.0623784484267955,-0.0319209372712298,0.00437762368783047));
#2207=CARTESIAN_POINT('',(0.0623784484267955,-0.0329209372712298,0.00437762368783047));
#2208=CARTESIAN_POINT('',(0.0633784484267955,-0.0329209372712298,0.00437762368783047));
#2209=CARTESIAN_POINT('',(0.0633784484267955,-0.0319209372712298,0.00437762368783047));
#2210=CARTESIAN_POINT('',(0.0623784484267955,-0.0329209372712298,0.00437762368783047));
#2211=CARTESIAN_POINT('',(0.0622316313502983,-0.0329209372712298,-0.00502895355964884));
#2212=CARTESIAN_POINT('',(0.0620483034831944,-0.0313436096418331,-0.00534538395447776));
#2213=CARTESIAN_POINT('',(0.0636632627005966,-0.0329209372712298,-0.00255790711929766));
#2214=CARTESIAN_POINT('',(0.0622688993846062,-0.0326002882551485,-0.00496462761184373));
#2215=CARTESIAN_POINT('',(0.064020855563696,-0.0329209372712298,-0.000581507717509175));
#2216=CARTESIAN_POINT('',(0.0643784484267954,-0.0329209372712298,0.0013948916842793));
#2217=CARTESIAN_POINT('',(0.0643784484267955,-0.0329209372712298,0.00288625768605488));
#2218=CARTESIAN_POINT('',(0.0643784484267955,-0.0329209372712298,0.00437762368783047));
#2219=CARTESIAN_POINT('',(0.0633784484267955,-0.0329209372712298,0.00437762368783047));
#2220=CARTESIAN_POINT('',(0.0633784484267955,-0.0319209372712298,0.00437762368783047));
#2221=CARTESIAN_POINT('',(0.0623784857004488,-0.0329209372712298,0.00287762368829358));
#2222=CARTESIAN_POINT('',(0.0623785229741021,-0.0329209372712298,0.00137762368875669));
#2223=CARTESIAN_POINT('',(0.0620208928373494,-0.0329209372712298,-0.000590141715270481));
#2224=CARTESIAN_POINT('',(0.0616632627005966,-0.0329209372712298,-0.00255790711929765));
#2225=CARTESIAN_POINT('',(0.0643784484267955,-0.0319863871181797,0.00437762368783047));
#2226=CARTESIAN_POINT('',(0.0643784484267955,-0.0319863871181797,0.00505216073889857));
#2227=CARTESIAN_POINT('',(0.0650039130449891,-0.0319209372712298,0.00637762368783047));
#2228=CARTESIAN_POINT('',(0.0653784484267955,-0.0319209372712298,0.00637762368783047));
#2229=CARTESIAN_POINT('',(0.0643784484267955,-0.0318554874242801,0.00437762368783047));
#2230=CARTESIAN_POINT('',(0.0643784484267955,-0.0318554874242801,0.00505215783526236));
#2231=CARTESIAN_POINT('',(0.0650039126101018,-0.0319209372712298,0.00637762368783047));
#2232=CARTESIAN_POINT('',(0.0653784484267955,-0.0319209372712298,0.00637762368783047));
#2233=CARTESIAN_POINT('',(0.064372002338916,-0.0317900391957067,0.00437762368783047));
#2234=CARTESIAN_POINT('',(0.064372002338916,-0.0317900391957067,0.00505235401835575));
#2235=CARTESIAN_POINT('',(0.0650017861327082,-0.0319209372712298,0.00637762368783047));
#2236=CARTESIAN_POINT('',(0.0653784484267955,-0.0319209372712298,0.00637762368783047));
#2237=CARTESIAN_POINT('',(0.0643464650754813,-0.0316616547027207,0.00437762368783047));
#2238=CARTESIAN_POINT('',(0.0643464650754813,-0.0316616547027207,0.00505310991155318));
#2239=CARTESIAN_POINT('',(0.0649933693156253,-0.0319209372712298,0.00637762368783047));
#2240=CARTESIAN_POINT('',(0.0653784484267955,-0.0319209372712298,0.00637762368783047));
#2241=CARTESIAN_POINT('',(0.0643273745313853,-0.0315987216128676,0.00437762368783047));
#2242=CARTESIAN_POINT('',(0.0643273745313853,-0.0315987216128676,0.00505366962165722));
#2243=CARTESIAN_POINT('',(0.0649870797537246,-0.0319209372712298,0.00637762368783047));
#2244=CARTESIAN_POINT('',(0.0653784484267955,-0.0319209372712298,0.00637762368783047));
#2245=CARTESIAN_POINT('',(0.0642772813872282,-0.0314777860648619,0.00437762368783047));
#2246=CARTESIAN_POINT('',(0.0642772813872282,-0.0314777860648619,0.00505512082606357));
#2247=CARTESIAN_POINT('',(0.0649706017473132,-0.0319209372712298,0.00637762368783047));
#2248=CARTESIAN_POINT('',(0.0653784484267955,-0.0319209372712298,0.00637762368783047));
#2249=CARTESIAN_POINT('',(0.064246280025819,-0.0314197865970788,0.00437762368783047));
#2250=CARTESIAN_POINT('',(0.064246280025819,-0.0314197865970788,0.00505600896737369));
#2251=CARTESIAN_POINT('',(0.0649604142256408,-0.0319209372712298,0.00637762368783047));
#2252=CARTESIAN_POINT('',(0.0653784484267955,-0.0319209372712298,0.00637762368783047));
#2253=CARTESIAN_POINT('',(0.064173556052377,-0.0313109474793416,0.00437762368783047));
#2254=CARTESIAN_POINT('',(0.064173556052377,-0.0313109474793416,0.00505804363238613));
#2255=CARTESIAN_POINT('',(0.064936561630861,-0.0319209372712298,0.00637762368783047));
#2256=CARTESIAN_POINT('',(0.0653784484267955,-0.0319209372712298,0.00637762368783047));
#2257=CARTESIAN_POINT('',(0.0641318352385878,-0.0312601105206491,0.00437762368783047));
#2258=CARTESIAN_POINT('',(0.0641318352385878,-0.0312601105206491,0.00505919015608846));
#2259=CARTESIAN_POINT('',(0.0649228976047762,-0.0319209372712298,0.00637762368783047));
#2260=CARTESIAN_POINT('',(0.0653784484267955,-0.0319209372712298,0.00637762368783047));
#2261=CARTESIAN_POINT('',(0.0640392751773762,-0.0311675504594375,0.00437762368783047));
#2262=CARTESIAN_POINT('',(0.0640392751773762,-0.0311675504594375,0.0050616748900636));
#2263=CARTESIAN_POINT('',(0.0648926456470355,-0.0319209372712298,0.00637762368783047));
#2264=CARTESIAN_POINT('',(0.0653784484267955,-0.0319209372712298,0.00637762368783047));
#2265=CARTESIAN_POINT('',(0.0639884382186837,-0.0311258296456483,0.00437762368783047));
#2266=CARTESIAN_POINT('',(0.0639884382186837,-0.0311258296456483,0.00506301009464009));
#2267=CARTESIAN_POINT('',(0.0648760587424962,-0.0319209372712298,0.00637762368783047));
#2268=CARTESIAN_POINT('',(0.0653784484267955,-0.0319209372712298,0.00637762368783047));
#2269=CARTESIAN_POINT('',(0.0638795991009465,-0.0310531056722063,0.00437762368783047));
#2270=CARTESIAN_POINT('',(0.0638795991009465,-0.0310531056722063,0.00506579687225857));
#2271=CARTESIAN_POINT('',(0.0648406198987017,-0.0319209372712298,0.00637762368783047));
#2272=CARTESIAN_POINT('',(0.0653784484267955,-0.0319209372712298,0.00637762368783047));
#2273=CARTESIAN_POINT('',(0.0638215996331634,-0.0310221043107971,0.00437762368783047));
#2274=CARTESIAN_POINT('',(0.0638215996331634,-0.0310221043107971,0.00506724844530057));
#2275=CARTESIAN_POINT('',(0.0648217700949661,-0.0319209372712298,0.00637762368783047));
#2276=CARTESIAN_POINT('',(0.0653784484267955,-0.0319209372712298,0.00637762368783047));
#2277=CARTESIAN_POINT('',(0.0637006640851577,-0.03097201116664,0.00437762368783047));
#2278=CARTESIAN_POINT('',(0.0637006640851577,-0.03097201116664,0.00507019865313781));
#2279=CARTESIAN_POINT('',(0.0647825370952664,-0.0319209372712298,0.00637762368783047));
#2280=CARTESIAN_POINT('',(0.0653784484267955,-0.0319209372712298,0.00637762368783047));
#2281=CARTESIAN_POINT('',(0.0636377309953046,-0.0309529206225439,0.00437762368783047));
#2282=CARTESIAN_POINT('',(0.0636377309953046,-0.0309529206225439,0.00507169647767413));
#2283=CARTESIAN_POINT('',(0.0647621560993216,-0.0319209372712298,0.00637762368783047));
#2284=CARTESIAN_POINT('',(0.0653784484267955,-0.0319209372712298,0.00637762368783047));
#2285=CARTESIAN_POINT('',(0.0635093465023186,-0.0309273833591093,0.00437762368783047));
#2286=CARTESIAN_POINT('',(0.0635093465023186,-0.0309273833591093,0.00507468178490396));
#2287=CARTESIAN_POINT('',(0.0647206570612216,-0.0319209372712298,0.00637762368783047));
#2288=CARTESIAN_POINT('',(0.0653784484267955,-0.0319209372712298,0.00637762368783047));
#2289=CARTESIAN_POINT('',(0.0634438982737452,-0.0309209372712299,0.00437762368783047));
#2290=CARTESIAN_POINT('',(0.0634438982737452,-0.0309209372712299,0.00507616926759747));
#2291=CARTESIAN_POINT('',(0.0646995390190663,-0.0319209372712298,0.00637762368783047));
#2292=CARTESIAN_POINT('',(0.0653784484267955,-0.0319209372712298,0.00637762368783047));
#2293=CARTESIAN_POINT('',(0.0633129985798457,-0.0309209372712299,0.00437762368783047));
#2294=CARTESIAN_POINT('',(0.0633129985798457,-0.0309209372712299,0.00507907810806347));
#2295=CARTESIAN_POINT('',(0.0646573578345246,-0.0319209372712298,0.00637762368783047));
#2296=CARTESIAN_POINT('',(0.0653784484267955,-0.0319209372712298,0.00637762368783047));
#2297=CARTESIAN_POINT('',(0.0632475503512723,-0.0309273833591093,0.00437762368783047));
#2298=CARTESIAN_POINT('',(0.0632475503512723,-0.0309273833591093,0.00508049958461962));
#2299=CARTESIAN_POINT('',(0.0646363021662791,-0.0319209372712298,0.00637762368783047));
#2300=CARTESIAN_POINT('',(0.0653784484267955,-0.0319209372712298,0.00637762368783047));
#2301=CARTESIAN_POINT('',(0.0631191658582863,-0.0309529206225439,0.00437762368783047));
#2302=CARTESIAN_POINT('',(0.0631191658582863,-0.0309529206225439,0.00508323642773818));
#2303=CARTESIAN_POINT('',(0.0645950500329501,-0.0319209372712298,0.00637762368783047));
#2304=CARTESIAN_POINT('',(0.0653784484267955,-0.0319209372712298,0.00637762368783047));
#2305=CARTESIAN_POINT('',(0.0630562327684333,-0.03097201116664,0.00437762368783047));
#2306=CARTESIAN_POINT('',(0.0630562327684333,-0.03097201116664,0.00508455179430059));
#2307=CARTESIAN_POINT('',(0.0645748556475556,-0.0319209372712298,0.00637762368783047));
#2308=CARTESIAN_POINT('',(0.0653784484267955,-0.0319209372712298,0.00637762368783047));
#2309=CARTESIAN_POINT('',(0.0629554531450951,-0.0310137554534376,0.00437762368783047));
#2310=CARTESIAN_POINT('',(0.0629554531450951,-0.0310137554534376,0.00508662212804312));
#2311=CARTESIAN_POINT('',(0.0645425513855801,-0.0319209372712298,0.00637762368783047));
#2312=CARTESIAN_POINT('',(0.0653784484267955,-0.0319209372712298,0.00637762368783047));
#2313=CARTESIAN_POINT('',(0.0628966309085721,-0.0310427718850699,0.00437762368783047));
#2314=CARTESIAN_POINT('',(0.0628966309085721,-0.0310427718850699,0.00508781571927104));
#2315=CARTESIAN_POINT('',(0.0645237105956701,-0.0319209372712298,0.00637762368783047));
#2316=CARTESIAN_POINT('',(0.0653784484267955,-0.0319209372712298,0.00637762368783047));
#2317=CARTESIAN_POINT('',(0.0628410180467321,-0.031077346996687,0.00437762368783047));
#2318=CARTESIAN_POINT('',(0.0628410180467321,-0.031077346996687,0.00508892748494548));
#2319=CARTESIAN_POINT('',(0.0645059147290498,-0.0319209372712298,0.00637762368783047));
#2320=CARTESIAN_POINT('',(0.0653784484267955,-0.0319209372712298,0.00637762368783047));
#2321=CARTESIAN_POINT('',(0.0627684586349072,-0.0311258296456483,0.00437762368783047));
#2322=CARTESIAN_POINT('',(0.0627684586349072,-0.0311258296456483,0.00509037149181496));
#2323=CARTESIAN_POINT('',(0.0644827029333241,-0.0319209372712298,0.00637762368783047));
#2324=CARTESIAN_POINT('',(0.0653784484267955,-0.0319209372712298,0.00637762368783047));
#2325=CARTESIAN_POINT('',(0.0627176216762147,-0.0311675504594375,0.00437762368783047));
#2326=CARTESIAN_POINT('',(0.0627176216762147,-0.0311675504594375,0.00509136821540005));
#2327=CARTESIAN_POINT('',(0.0644664558897258,-0.0319209372712298,0.00637762368783047));
#2328=CARTESIAN_POINT('',(0.0653784484267955,-0.0319209372712298,0.00637762368783047));
#2329=CARTESIAN_POINT('',(0.0626250616150031,-0.0312601105206491,0.00437762368783047));
#2330=CARTESIAN_POINT('',(0.0626250616150031,-0.0312601105206491,0.005093162363355));
#2331=CARTESIAN_POINT('',(0.064436893692059,-0.0319209372712298,0.00637762368783047));
#2332=CARTESIAN_POINT('',(0.0653784484267955,-0.0319209372712298,0.00637762368783047));
#2333=CARTESIAN_POINT('',(0.0625833408012139,-0.0313109474793416,0.00437762368783047));
#2334=CARTESIAN_POINT('',(0.0625833408012139,-0.0313109474793416,0.00509395996074785));
#2335=CARTESIAN_POINT('',(0.0644235791737087,-0.0319209372712298,0.00637762368783047));
#2336=CARTESIAN_POINT('',(0.0653784484267955,-0.0319209372712298,0.00637762368783047));
#2337=CARTESIAN_POINT('',(0.0625106168277719,-0.0314197865970788,0.00437762368783047));
#2338=CARTESIAN_POINT('',(0.0625106168277719,-0.0314197865970788,0.00509534092959216));
#2339=CARTESIAN_POINT('',(0.0644003810428729,-0.0319209372712298,0.00637762368783047));
#2340=CARTESIAN_POINT('',(0.0653784484267955,-0.0319209372712298,0.00637762368783047));
#2341=CARTESIAN_POINT('',(0.0624796154663627,-0.0314777860648619,0.00437762368783047));
#2342=CARTESIAN_POINT('',(0.0624796154663627,-0.0314777860648619,0.00509592430104361));
#2343=CARTESIAN_POINT('',(0.0643904979320824,-0.0319209372712298,0.00637762368783047));
#2344=CARTESIAN_POINT('',(0.0653784484267955,-0.0319209372712298,0.00637762368783047));
#2345=CARTESIAN_POINT('',(0.0624295223222057,-0.0315987216128676,0.00437762368783047));
#2346=CARTESIAN_POINT('',(0.0624295223222057,-0.0315987216128676,0.00509686154523298));
#2347=CARTESIAN_POINT('',(0.0643745327313861,-0.0319209372712298,0.00637762368783047));
#2348=CARTESIAN_POINT('',(0.0653784484267955,-0.0319209372712298,0.00637762368783047));
#2349=CARTESIAN_POINT('',(0.0624104317781096,-0.0316616547027207,0.00437762368783047));
#2350=CARTESIAN_POINT('',(0.0624104317781096,-0.0316616547027207,0.00509721549703489));
#2351=CARTESIAN_POINT('',(0.0643684509881823,-0.0319209372712298,0.00637762368783047));
#2352=CARTESIAN_POINT('',(0.0653784484267955,-0.0319209372712298,0.00637762368783047));
#2353=CARTESIAN_POINT('',(0.0623848945146749,-0.0317900391957067,0.00437762368783047));
#2354=CARTESIAN_POINT('',(0.0623848945146749,-0.0317900391957067,0.00509768908959137));
#2355=CARTESIAN_POINT('',(0.0643603162260818,-0.0319209372712298,0.00637762368783047));
#2356=CARTESIAN_POINT('',(0.0653784484267955,-0.0319209372712298,0.00637762368783047));
#2357=CARTESIAN_POINT('',(0.0623784484267955,-0.0318554874242801,0.00437762368783047));
#2358=CARTESIAN_POINT('',(0.0623784484267954,-0.0318554874242801,0.00509780873034594));
#2359=CARTESIAN_POINT('',(0.0643582634625027,-0.0319209372712298,0.00637762368783047));
#2360=CARTESIAN_POINT('',(0.0653784484267955,-0.0319209372712298,0.00637762368783047));
#2361=CARTESIAN_POINT('',(0.0623784484267955,-0.0319863871181797,0.00437762368783047));
#2362=CARTESIAN_POINT('',(0.0623784484267954,-0.0319863871181797,0.00509780873034594));
#2363=CARTESIAN_POINT('',(0.0643582633060572,-0.0319209372712298,0.00637762368783047));
#2364=CARTESIAN_POINT('',(0.0653784484267955,-0.0319209372712298,0.00637762368783047));
#2365=CARTESIAN_POINT('',(0.0623848945146749,-0.032051835346753,0.00437762368783047));
#2366=CARTESIAN_POINT('',(0.0623848945146749,-0.032051835346753,0.00509768908959137));
#2367=CARTESIAN_POINT('',(0.0643603162260818,-0.0319209372712298,0.00637762368783047));
#2368=CARTESIAN_POINT('',(0.0653784484267955,-0.0319209372712298,0.00637762368783047));
#2369=CARTESIAN_POINT('',(0.0624104317781096,-0.032180219839739,0.00437762368783047));
#2370=CARTESIAN_POINT('',(0.0624104317781096,-0.032180219839739,0.00509721549703489));
#2371=CARTESIAN_POINT('',(0.0643684509881823,-0.0319209372712298,0.00637762368783047));
#2372=CARTESIAN_POINT('',(0.0653784484267955,-0.0319209372712298,0.00637762368783047));
#2373=CARTESIAN_POINT('',(0.0624295223222057,-0.0322431529295921,0.00437762368783047));
#2374=CARTESIAN_POINT('',(0.0624295223222057,-0.0322431529295921,0.00509686154523298));
#2375=CARTESIAN_POINT('',(0.0643745327313861,-0.0319209372712298,0.00637762368783047));
#2376=CARTESIAN_POINT('',(0.0653784484267955,-0.0319209372712298,0.00637762368783047));
#2377=CARTESIAN_POINT('',(0.0624796154663627,-0.0323640884775978,0.00437762368783047));
#2378=CARTESIAN_POINT('',(0.0624796154663627,-0.0323640884775978,0.00509592430104361));
#2379=CARTESIAN_POINT('',(0.0643904979320824,-0.0319209372712298,0.00637762368783047));
#2380=CARTESIAN_POINT('',(0.0653784484267955,-0.0319209372712298,0.00637762368783047));
#2381=CARTESIAN_POINT('',(0.0625106168277719,-0.0324220879453809,0.00437762368783047));
#2382=CARTESIAN_POINT('',(0.0625106168277719,-0.0324220879453809,0.00509534092959216));
#2383=CARTESIAN_POINT('',(0.0644003810428729,-0.0319209372712298,0.00637762368783047));
#2384=CARTESIAN_POINT('',(0.0653784484267955,-0.0319209372712298,0.00637762368783047));
#2385=CARTESIAN_POINT('',(0.0625833408012139,-0.0325309270631181,0.00437762368783047));
#2386=CARTESIAN_POINT('',(0.0625833408012139,-0.0325309270631181,0.00509395996074785));
#2387=CARTESIAN_POINT('',(0.0644235791737087,-0.0319209372712298,0.00637762368783047));
#2388=CARTESIAN_POINT('',(0.0653784484267955,-0.0319209372712298,0.00637762368783047));
#2389=CARTESIAN_POINT('',(0.0626250616150031,-0.0325817640218106,0.00437762368783047));
#2390=CARTESIAN_POINT('',(0.0626250616150031,-0.0325817640218106,0.005093162363355));
#2391=CARTESIAN_POINT('',(0.064436893692059,-0.0319209372712298,0.00637762368783047));
#2392=CARTESIAN_POINT('',(0.0653784484267955,-0.0319209372712298,0.00637762368783047));
#2393=CARTESIAN_POINT('',(0.0627176216762147,-0.0326743240830222,0.00437762368783047));
#2394=CARTESIAN_POINT('',(0.0627176216762147,-0.0326743240830222,0.00509136821540005));
#2395=CARTESIAN_POINT('',(0.0644664558897258,-0.0319209372712298,0.00637762368783047));
#2396=CARTESIAN_POINT('',(0.0653784484267955,-0.0319209372712298,0.00637762368783047));
#2397=CARTESIAN_POINT('',(0.0627684586349072,-0.0327160448968114,0.00437762368783047));
#2398=CARTESIAN_POINT('',(0.0627684586349072,-0.0327160448968114,0.00509037149181496));
#2399=CARTESIAN_POINT('',(0.0644827029333241,-0.0319209372712298,0.00637762368783047));
#2400=CARTESIAN_POINT('',(0.0653784484267955,-0.0319209372712298,0.00637762368783047));
#2401=CARTESIAN_POINT('',(0.0628410180467321,-0.0327645275457727,0.00437762368783047));
#2402=CARTESIAN_POINT('',(0.0628410180467321,-0.0327645275457727,0.00508892748494548));
#2403=CARTESIAN_POINT('',(0.0645059147290498,-0.0319209372712298,0.00637762368783047));
#2404=CARTESIAN_POINT('',(0.0653784484267955,-0.0319209372712298,0.00637762368783047));
#2405=CARTESIAN_POINT('',(0.0628966309085721,-0.0327991026573898,0.00437762368783047));
#2406=CARTESIAN_POINT('',(0.0628966309085721,-0.0327991026573898,0.00508781571927104));
#2407=CARTESIAN_POINT('',(0.0645237105956701,-0.0319209372712298,0.00637762368783047));
#2408=CARTESIAN_POINT('',(0.0653784484267955,-0.0319209372712298,0.00637762368783047));
#2409=CARTESIAN_POINT('',(0.0629554531450951,-0.0328281190890222,0.00437762368783047));
#2410=CARTESIAN_POINT('',(0.0629554531450951,-0.0328281190890222,0.00508662212804312));
#2411=CARTESIAN_POINT('',(0.0645425513855801,-0.0319209372712298,0.00637762368783047));
#2412=CARTESIAN_POINT('',(0.0653784484267955,-0.0319209372712298,0.00637762368783047));
#2413=CARTESIAN_POINT('',(0.0630562327684333,-0.0328698633758197,0.00437762368783047));
#2414=CARTESIAN_POINT('',(0.0630562327684333,-0.0328698633758197,0.0050845517943006));
#2415=CARTESIAN_POINT('',(0.0645748556475556,-0.0319209372712298,0.00637762368783047));
#2416=CARTESIAN_POINT('',(0.0653784484267955,-0.0319209372712298,0.00637762368783047));
#2417=CARTESIAN_POINT('',(0.0631191658582863,-0.0328889539199157,0.00437762368783047));
#2418=CARTESIAN_POINT('',(0.0631191658582863,-0.0328889539199157,0.00508323642773818));
#2419=CARTESIAN_POINT('',(0.06459505003295,-0.0319209372712298,0.00637762368783047));
#2420=CARTESIAN_POINT('',(0.0653784484267955,-0.0319209372712298,0.00637762368783047));
#2421=CARTESIAN_POINT('',(0.0632475503512723,-0.0329144911833504,0.00437762368783047));
#2422=CARTESIAN_POINT('',(0.0632475503512723,-0.0329144911833504,0.00508049958461962));
#2423=CARTESIAN_POINT('',(0.0646363021662791,-0.0319209372712298,0.00637762368783047));
#2424=CARTESIAN_POINT('',(0.0653784484267955,-0.0319209372712298,0.00637762368783047));
#2425=CARTESIAN_POINT('',(0.0633129985798457,-0.0329209372712298,0.00437762368783047));
#2426=CARTESIAN_POINT('',(0.0633129985798457,-0.0329209372712298,0.00507907810806347));
#2427=CARTESIAN_POINT('',(0.0646573578345246,-0.0319209372712298,0.00637762368783047));
#2428=CARTESIAN_POINT('',(0.0653784484267955,-0.0319209372712298,0.00637762368783047));
#2429=CARTESIAN_POINT('',(0.0634438982737452,-0.0329209372712298,0.00437762368783047));
#2430=CARTESIAN_POINT('',(0.0634438982737452,-0.0329209372712298,0.00507616926759747));
#2431=CARTESIAN_POINT('',(0.0646995390190663,-0.0319209372712298,0.00637762368783047));
#2432=CARTESIAN_POINT('',(0.0653784484267955,-0.0319209372712298,0.00637762368783047));
#2433=CARTESIAN_POINT('',(0.0635093465023186,-0.0329144911833504,0.00437762368783047));
#2434=CARTESIAN_POINT('',(0.0635093465023186,-0.0329144911833504,0.00507468178490396));
#2435=CARTESIAN_POINT('',(0.0647206570612216,-0.0319209372712298,0.00637762368783047));
#2436=CARTESIAN_POINT('',(0.0653784484267955,-0.0319209372712298,0.00637762368783047));
#2437=CARTESIAN_POINT('',(0.0636377309953046,-0.0328889539199157,0.00437762368783047));
#2438=CARTESIAN_POINT('',(0.0636377309953046,-0.0328889539199157,0.00507169647767413));
#2439=CARTESIAN_POINT('',(0.0647621560993216,-0.0319209372712298,0.00637762368783047));
#2440=CARTESIAN_POINT('',(0.0653784484267955,-0.0319209372712298,0.00637762368783047));
#2441=CARTESIAN_POINT('',(0.0637006640851577,-0.0328698633758197,0.00437762368783047));
#2442=CARTESIAN_POINT('',(0.0637006640851577,-0.0328698633758197,0.00507019865313781));
#2443=CARTESIAN_POINT('',(0.0647825370952664,-0.0319209372712298,0.00637762368783047));
#2444=CARTESIAN_POINT('',(0.0653784484267955,-0.0319209372712298,0.00637762368783047));
#2445=CARTESIAN_POINT('',(0.0638215996331634,-0.0328197702316627,0.00437762368783047));
#2446=CARTESIAN_POINT('',(0.0638215996331634,-0.0328197702316627,0.00506724844530057));
#2447=CARTESIAN_POINT('',(0.0648217700949661,-0.0319209372712298,0.00637762368783047));
#2448=CARTESIAN_POINT('',(0.0653784484267955,-0.0319209372712298,0.00637762368783047));
#2449=CARTESIAN_POINT('',(0.0638795991009465,-0.0327887688702534,0.00437762368783047));
#2450=CARTESIAN_POINT('',(0.0638795991009465,-0.0327887688702534,0.00506579687225857));
#2451=CARTESIAN_POINT('',(0.0648406198987018,-0.0319209372712298,0.00637762368783047));
#2452=CARTESIAN_POINT('',(0.0653784484267955,-0.0319209372712298,0.00637762368783047));
#2453=CARTESIAN_POINT('',(0.0639884382186837,-0.0327160448968114,0.00437762368783047));
#2454=CARTESIAN_POINT('',(0.0639884382186837,-0.0327160448968114,0.00506301009464009));
#2455=CARTESIAN_POINT('',(0.0648760587424962,-0.0319209372712298,0.00637762368783047));
#2456=CARTESIAN_POINT('',(0.0653784484267955,-0.0319209372712298,0.00637762368783047));
#2457=CARTESIAN_POINT('',(0.0640392751773762,-0.0326743240830222,0.00437762368783047));
#2458=CARTESIAN_POINT('',(0.0640392751773762,-0.0326743240830222,0.00506167489006361));
#2459=CARTESIAN_POINT('',(0.0648926456470356,-0.0319209372712298,0.00637762368783047));
#2460=CARTESIAN_POINT('',(0.0653784484267955,-0.0319209372712298,0.00637762368783047));
#2461=CARTESIAN_POINT('',(0.0641318352385878,-0.0325817640218106,0.00437762368783047));
#2462=CARTESIAN_POINT('',(0.0641318352385878,-0.0325817640218106,0.00505919015608846));
#2463=CARTESIAN_POINT('',(0.0649228976047762,-0.0319209372712298,0.00637762368783047));
#2464=CARTESIAN_POINT('',(0.0653784484267955,-0.0319209372712298,0.00637762368783047));
#2465=CARTESIAN_POINT('',(0.064173556052377,-0.0325309270631181,0.00437762368783047));
#2466=CARTESIAN_POINT('',(0.064173556052377,-0.0325309270631181,0.00505804355672302));
#2467=CARTESIAN_POINT('',(0.064936561630861,-0.0319209372712298,0.00637762368783047));
#2468=CARTESIAN_POINT('',(0.0653784484267955,-0.0319209372712298,0.00637762368783047));
#2469=CARTESIAN_POINT('',(0.064246280025819,-0.0324220879453809,0.00437762368783047));
#2470=CARTESIAN_POINT('',(0.064246280025819,-0.0324220879453809,0.00505600881604747));
#2471=CARTESIAN_POINT('',(0.0649604142256408,-0.0319209372712298,0.00637762368783047));
#2472=CARTESIAN_POINT('',(0.0653784484267955,-0.0319209372712298,0.00637762368783047));
#2473=CARTESIAN_POINT('',(0.0642772813872282,-0.0323640884775978,0.00437762368783047));
#2474=CARTESIAN_POINT('',(0.0642772813872282,-0.0323640884775978,0.00505512067473735));
#2475=CARTESIAN_POINT('',(0.0649706017473132,-0.0319209372712298,0.00637762368783047));
#2476=CARTESIAN_POINT('',(0.0653784484267955,-0.0319209372712298,0.00637762368783047));
#2477=CARTESIAN_POINT('',(0.0643273745313853,-0.0322431529295921,0.00437762368783047));
#2478=CARTESIAN_POINT('',(0.0643273745313853,-0.0322431529295921,0.00505366977298345));
#2479=CARTESIAN_POINT('',(0.0649870797537246,-0.0319209372712298,0.00637762368783047));
#2480=CARTESIAN_POINT('',(0.0653784484267955,-0.0319209372712298,0.00637762368783047));
#2481=CARTESIAN_POINT('',(0.0643464650754813,-0.032180219839739,0.00437762368783047));
#2482=CARTESIAN_POINT('',(0.0643464650754813,-0.032180219839739,0.00505310779360635));
#2483=CARTESIAN_POINT('',(0.0649933693156253,-0.0319209372712298,0.00637762368783047));
#2484=CARTESIAN_POINT('',(0.0653784484267955,-0.0319209372712298,0.00637762368783047));
#2485=CARTESIAN_POINT('',(0.064372002338916,-0.032051835346753,0.00437762368783047));
#2486=CARTESIAN_POINT('',(0.064372002338916,-0.032051835346753,0.00505235215555387));
#2487=CARTESIAN_POINT('',(0.0650017861327082,-0.0319209372712298,0.00637762368783047));
#2488=CARTESIAN_POINT('',(0.0653784484267955,-0.0319209372712298,0.00637762368783047));
#2489=CARTESIAN_POINT('',(0.0643784484267955,-0.0319863871181797,0.00437762368783047));
#2490=CARTESIAN_POINT('',(0.0643784484267955,-0.0319863871181797,0.00505216073889857));
#2491=CARTESIAN_POINT('',(0.0650039130449891,-0.0319209372712298,0.00637762368783047));
#2492=CARTESIAN_POINT('',(0.0653784484267955,-0.0319209372712298,0.00637762368783047));
#2493=CARTESIAN_POINT('',(0.0643784484267955,-0.0318554874242801,0.00437762368783047));
#2494=CARTESIAN_POINT('',(0.0643784484267955,-0.0318554874242801,0.00505215783526236));
#2495=CARTESIAN_POINT('',(0.0650039126101018,-0.0319209372712298,0.00637762368783047));
#2496=CARTESIAN_POINT('',(0.0653784484267955,-0.0319209372712298,0.00637762368783047));
#2497=CARTESIAN_POINT('',(0.0653784484267955,-0.0319209372712298,0.00637762368783047));
#2498=CARTESIAN_POINT('',(0.0633784484267955,-0.0387257745189295,0.002286323850253));
#2499=CARTESIAN_POINT('',(0.0633784484267955,-0.0378597491151451,0.002786323850253));
#2500=CARTESIAN_POINT('',(0.0643784484267955,-0.0378597491151451,0.002786323850253));
#2501=CARTESIAN_POINT('',(0.0633784484267955,-0.0369937237113607,0.003286323850253));
#2502=CARTESIAN_POINT('',(0.0643784484267955,-0.0387257745189295,0.002286323850253));
#2503=CARTESIAN_POINT('',(0.0643784484267955,-0.0369937237113607,0.003286323850253));
#2504=CARTESIAN_POINT('',(0.0633784484267955,-0.0369937237113607,0.003286323850253));
#2505=CARTESIAN_POINT('',(0.0633784484267955,-0.0387257745189295,0.002286323850253));
#2506=CARTESIAN_POINT('',(0.0633784484267955,-0.0378597491151451,0.002786323850253));
#2507=CARTESIAN_POINT('',(0.0623784484267955,-0.0378597491151451,0.002786323850253));
#2508=CARTESIAN_POINT('',(0.0633784484267955,-0.0369937237113607,0.003286323850253));
#2509=CARTESIAN_POINT('',(0.0623784484267955,-0.0369937237113607,0.003286323850253));
#2510=CARTESIAN_POINT('',(0.0623784484267955,-0.0387257745189295,0.002286323850253));
#2511=CARTESIAN_POINT('',(0.0633784484267955,-0.0387257745189295,0.002286323850253));
#2512=CARTESIAN_POINT('',(0.0633784484267955,-0.0378597491151451,0.002786323850253));
#2513=CARTESIAN_POINT('',(0.0623784484267955,-0.0387257745189295,0.002286323850253));
#2514=CARTESIAN_POINT('',(0.0599621073609442,-0.0340224858951899,-0.00586001100872478));
#2515=CARTESIAN_POINT('',(0.0616632627005966,-0.0352580091153655,-0.00372002201744954));
#2516=CARTESIAN_POINT('',(0.0616632627005966,-0.0335259583077966,-0.00272002201744955));
#2517=CARTESIAN_POINT('',(0.0599621073609442,-0.032290435087621,-0.00486001100872478));
#2518=CARTESIAN_POINT('',(0.0622316313502983,-0.0340224858951899,-0.00586001100872479));
#2519=CARTESIAN_POINT('',(0.0622316313502983,-0.032290435087621,-0.00486001100872478));
#2520=CARTESIAN_POINT('',(0.0636632627005966,-0.0335259583077966,-0.00272002201744956));
#2521=CARTESIAN_POINT('',(0.0636632627005966,-0.0352580091153655,-0.00372002201744956));
#2522=CARTESIAN_POINT('',(0.064020855563696,-0.0362462088162597,-0.00200840992747636));
#2523=CARTESIAN_POINT('',(0.064020855563696,-0.0345141580086908,-0.00100840992747636));
#2524=CARTESIAN_POINT('',(0.0643784484267954,-0.035502357709585,0.000703202162496829));
#2525=CARTESIAN_POINT('',(0.0643784484267954,-0.037234408517154,-0.00029679783750317));
#2526=CARTESIAN_POINT('',(0.0643784484267955,-0.0379800915180417,0.000994763006374912));
#2527=CARTESIAN_POINT('',(0.0643784484267955,-0.0362480407104728,0.00199476300637491));
#2528=CARTESIAN_POINT('',(0.0643784484267955,-0.0387257745189295,0.002286323850253));
#2529=CARTESIAN_POINT('',(0.0633784484267955,-0.0387257745189295,0.002286323850253));
#2530=CARTESIAN_POINT('',(0.0633784484267955,-0.0378597491151451,0.002786323850253));
#2531=CARTESIAN_POINT('',(0.0623784857004488,-0.0379757745191611,0.000987285744977402));
#2532=CARTESIAN_POINT('',(0.0623784857004488,-0.0362437237115922,0.0019872857449774));
#2533=CARTESIAN_POINT('',(0.0623785229741021,-0.0354937237118238,0.000688247639701807));
#2534=CARTESIAN_POINT('',(0.0623785229741021,-0.0372257745193927,-0.000311752360298193));
#2535=CARTESIAN_POINT('',(0.0620208928373494,-0.0362418918173791,-0.00201588718887387));
#2536=CARTESIAN_POINT('',(0.0620208928373494,-0.0345098410098102,-0.00101588718887387));
#2537=CARTESIAN_POINT('',(0.0613197002240437,-0.0308407841240988,-0.00737088013078643));
#2538=CARTESIAN_POINT('',(0.0643784484267955,-0.0379164303452774,0.0027535989267781));
#2539=CARTESIAN_POINT('',(0.0643784484267955,-0.0382536988708114,0.00333776514879691));
#2540=CARTESIAN_POINT('',(0.0650039130449891,-0.0388597491151451,0.00451837465782187));
#2541=CARTESIAN_POINT('',(0.0653784484267955,-0.0388597491151451,0.00451837465782187));
#2542=CARTESIAN_POINT('',(0.0643784484267955,-0.0378030678850127,0.00281904877372789));
#2543=CARTESIAN_POINT('',(0.0643784484267955,-0.0381403349587287,0.00340321248112398));
#2544=CARTESIAN_POINT('',(0.0650039126101018,-0.0388597491151451,0.00451837465782187));
#2545=CARTESIAN_POINT('',(0.0653784484267955,-0.0388597491151451,0.00451837465782187));
#2546=CARTESIAN_POINT('',(0.064372002338916,-0.0377463880564355,0.00285177288801456));
#2547=CARTESIAN_POINT('',(0.064372002338916,-0.0380837532216982,0.00343610649495333));
#2548=CARTESIAN_POINT('',(0.0650017861327082,-0.0388597491151451,0.00451837465782187));
#2549=CARTESIAN_POINT('',(0.0653784484267955,-0.0388597491151451,0.00451837465782187));
#2550=CARTESIAN_POINT('',(0.0643464650754813,-0.0376352038240577,0.00291596513450756));
#2551=CARTESIAN_POINT('',(0.0643464650754813,-0.0379729469359191,0.00350095336415785));
#2552=CARTESIAN_POINT('',(0.0649933693156253,-0.0388597491151451,0.00451837465782187));
#2553=CARTESIAN_POINT('',(0.0653784484267955,-0.0388597491151451,0.00451837465782187));
#2554=CARTESIAN_POINT('',(0.0643273745313853,-0.0375807021695063,0.00294743167943409));
#2555=CARTESIAN_POINT('',(0.0643273745313853,-0.0379187251364197,0.00353290463225322));
#2556=CARTESIAN_POINT('',(0.0649870797537246,-0.0388597491151451,0.00451837465782187));
#2557=CARTESIAN_POINT('',(0.0653784484267955,-0.0388597491151451,0.00451837465782187));
#2558=CARTESIAN_POINT('',(0.0642772813872282,-0.0374759689127127,0.003007899453437));
#2559=CARTESIAN_POINT('',(0.0642772813872282,-0.0378147174818293,0.00359462918613812));
#2560=CARTESIAN_POINT('',(0.0649706017473132,-0.0388597491151451,0.00451837465782187));
#2561=CARTESIAN_POINT('',(0.0653784484267955,-0.0388597491151451,0.00451837465782187));
#2562=CARTESIAN_POINT('',(0.064246280025819,-0.0374257399002066,0.0030368991873285));
#2563=CARTESIAN_POINT('',(0.064246280025819,-0.0377649325399783,0.00362439807296634));
#2564=CARTESIAN_POINT('',(0.0649604142256408,-0.0388597491151451,0.00451837465782187));
#2565=CARTESIAN_POINT('',(0.0653784484267955,-0.0388597491151451,0.00451837465782187));
#2566=CARTESIAN_POINT('',(0.064173556052377,-0.0373314824593207,0.0030913187461971));
#2567=CARTESIAN_POINT('',(0.064173556052377,-0.0376716924315985,0.0036805797034239));
#2568=CARTESIAN_POINT('',(0.064936561630861,-0.0388597491151451,0.00451837465782187));
#2569=CARTESIAN_POINT('',(0.0653784484267955,-0.0388597491151451,0.00451837465782187));
#2570=CARTESIAN_POINT('',(0.0641318352385878,-0.0372874563616419,0.00311673722554336));
#2571=CARTESIAN_POINT('',(0.0641318352385878,-0.0376282395957709,0.00370699110142241));
#2572=CARTESIAN_POINT('',(0.0649228976047762,-0.0388597491151451,0.00451837465782187));
#2573=CARTESIAN_POINT('',(0.0653784484267955,-0.0388597491151451,0.00451837465782187));
#2574=CARTESIAN_POINT('',(0.0640392751773762,-0.0372072969972568,0.00316301725614917));
#2575=CARTESIAN_POINT('',(0.0640392751773762,-0.0375493225983733,0.00375542297477236));
#2576=CARTESIAN_POINT('',(0.0648926456470355,-0.0388597491151451,0.00451837465782187));
#2577=CARTESIAN_POINT('',(0.0653784484267955,-0.0388597491151451,0.00451837465782187));
#2578=CARTESIAN_POINT('',(0.0639884382186837,-0.0371711657126488,0.00318387766304377));
#2579=CARTESIAN_POINT('',(0.0639884382186837,-0.0375138589160535,0.00377743970274944));
#2580=CARTESIAN_POINT('',(0.0648760587424962,-0.0388597491151451,0.00451837465782187));
#2581=CARTESIAN_POINT('',(0.0653784484267955,-0.0388597491151451,0.00451837465782187));
#2582=CARTESIAN_POINT('',(0.0638795991009465,-0.0371081849041838,0.00322023964976476));
#2583=CARTESIAN_POINT('',(0.0638795991009465,-0.0374522714963979,0.00381621510968273));
#2584=CARTESIAN_POINT('',(0.0648406198987017,-0.0388597491151451,0.00451837465782187));
#2585=CARTESIAN_POINT('',(0.0653784484267955,-0.0388597491151451,0.00451837465782187));
#2586=CARTESIAN_POINT('',(0.0638215996331634,-0.0370813369376515,0.00323574033046938));
#2587=CARTESIAN_POINT('',(0.0638215996331634,-0.0374261493163866,0.00383297288951717));
#2588=CARTESIAN_POINT('',(0.0648217700949661,-0.0388597491151451,0.00451837465782187));
#2589=CARTESIAN_POINT('',(0.0653784484267955,-0.0388597491151451,0.00451837465782187));
#2590=CARTESIAN_POINT('',(0.0637006640851577,-0.0370379550022561,0.0032607869025479));
#2591=CARTESIAN_POINT('',(0.0637006640851577,-0.0373842424849098,0.00386057441652918));
#2592=CARTESIAN_POINT('',(0.0647825370952664,-0.0388597491151451,0.00451837465782187));
#2593=CARTESIAN_POINT('',(0.0653784484267955,-0.0388597491151451,0.00451837465782187));
#2594=CARTESIAN_POINT('',(0.0636377309953046,-0.0370214221060969,0.00327033217459594));
#2595=CARTESIAN_POINT('',(0.0636377309953046,-0.0373684585010187,0.00387141684267609));
#2596=CARTESIAN_POINT('',(0.0647621560993216,-0.0388597491151451,0.00451837465782187));
#2597=CARTESIAN_POINT('',(0.0653784484267955,-0.0388597491151451,0.00451837465782187));
#2598=CARTESIAN_POINT('',(0.0635093465023186,-0.0369993061872192,0.00328310080631328));
#2599=CARTESIAN_POINT('',(0.0635093465023186,-0.037347835235756,0.00388677082629256));
#2600=CARTESIAN_POINT('',(0.0647206570612216,-0.0388597491151451,0.00451837465782187));
#2601=CARTESIAN_POINT('',(0.0653784484267955,-0.0388597491151451,0.00451837465782187));
#2602=CARTESIAN_POINT('',(0.0634438982737452,-0.0369937237113607,0.003286323850253));
#2603=CARTESIAN_POINT('',(0.0634438982737452,-0.0373429965012442,0.00389128206803255));
#2604=CARTESIAN_POINT('',(0.0646995390190663,-0.0388597491151451,0.00451837465782187));
#2605=CARTESIAN_POINT('',(0.0653784484267955,-0.0388597491151451,0.00451837465782187));
#2606=CARTESIAN_POINT('',(0.0633129985798457,-0.0369937237113607,0.003286323850253));
#2607=CARTESIAN_POINT('',(0.0633129985798457,-0.0373444509214772,0.00389380119777165));
#2608=CARTESIAN_POINT('',(0.0646573578345246,-0.0388597491151451,0.00451837465782187));
#2609=CARTESIAN_POINT('',(0.0653784484267955,-0.0388597491151451,0.00451837465782187));
#2610=CARTESIAN_POINT('',(0.0632475503512723,-0.0369993061872192,0.00328310080631328));
#2611=CARTESIAN_POINT('',(0.0632475503512723,-0.0373507441356139,0.00389180918864045));
#2612=CARTESIAN_POINT('',(0.0646363021662791,-0.0388597491151451,0.00451837465782187));
#2613=CARTESIAN_POINT('',(0.0653784484267955,-0.0388597491151451,0.00451837465782187));
#2614=CARTESIAN_POINT('',(0.0631191658582863,-0.0370214221060969,0.00327033217459594));
#2615=CARTESIAN_POINT('',(0.0631191658582863,-0.0373742284760507,0.00388141073258996));
#2616=CARTESIAN_POINT('',(0.0645950500329501,-0.0388597491151451,0.00451837465782187));
#2617=CARTESIAN_POINT('',(0.0653784484267955,-0.0388597491151451,0.00451837465782187));
#2618=CARTESIAN_POINT('',(0.0630562327684333,-0.0370379550022561,0.0032607869025479));
#2619=CARTESIAN_POINT('',(0.0630562327684333,-0.0373914190554912,0.00387300460140025));
#2620=CARTESIAN_POINT('',(0.0645748556475556,-0.0388597491151451,0.00451837465782187));
#2621=CARTESIAN_POINT('',(0.0653784484267955,-0.0388597491151451,0.00451837465782187));
#2622=CARTESIAN_POINT('',(0.0629554531450951,-0.0370741066150856,0.00323991475914914));
#2623=CARTESIAN_POINT('',(0.0629554531450951,-0.0374286058351919,0.00385392541961683));
#2624=CARTESIAN_POINT('',(0.0645425513855801,-0.0388597491151451,0.00451837465782187));
#2625=CARTESIAN_POINT('',(0.0653784484267955,-0.0388597491151451,0.00451837465782187));
#2626=CARTESIAN_POINT('',(0.0628966309085721,-0.0370992355820064,0.00322540654333297));
#2627=CARTESIAN_POINT('',(0.0628966309085721,-0.0374543315977267,0.00384045088412578));
#2628=CARTESIAN_POINT('',(0.0645237105956701,-0.0388597491151451,0.00451837465782187));
#2629=CARTESIAN_POINT('',(0.0653784484267955,-0.0388597491151451,0.00451837465782187));
#2630=CARTESIAN_POINT('',(0.0628410180467321,-0.0371291785070055,0.00320811898752443));
#2631=CARTESIAN_POINT('',(0.0628410180467321,-0.037484830405563,0.00382412614563436));
#2632=CARTESIAN_POINT('',(0.0645059147290498,-0.0388597491151451,0.00451837465782187));
#2633=CARTESIAN_POINT('',(0.0653784484267955,-0.0388597491151451,0.00451837465782187));
#2634=CARTESIAN_POINT('',(0.0627684586349072,-0.0371711657126488,0.00318387766304377));
#2635=CARTESIAN_POINT('',(0.0627684586349072,-0.037527539614641,0.00380113536778591));
#2636=CARTESIAN_POINT('',(0.0644827029333241,-0.0388597491151451,0.00451837465782187));
#2637=CARTESIAN_POINT('',(0.0653784484267955,-0.0388597491151451,0.00451837465782187));
#2638=CARTESIAN_POINT('',(0.0627176216762147,-0.0372072969972568,0.00316301725614917));
#2639=CARTESIAN_POINT('',(0.0627176216762147,-0.0375641692610415,0.00378113814883656));
#2640=CARTESIAN_POINT('',(0.0644664558897258,-0.0388597491151451,0.00451837465782187));
#2641=CARTESIAN_POINT('',(0.0653784484267955,-0.0388597491151451,0.00451837465782187));
#2642=CARTESIAN_POINT('',(0.0626250616150031,-0.0372874563616419,0.00311673722554336));
#2643=CARTESIAN_POINT('',(0.0626250616150031,-0.0376452256994041,0.00373641189593788));
#2644=CARTESIAN_POINT('',(0.064436893692059,-0.0388597491151451,0.00451837465782187));
#2645=CARTESIAN_POINT('',(0.0653784484267955,-0.0388597491151451,0.00451837465782187));
#2646=CARTESIAN_POINT('',(0.0625833408012139,-0.0373314824593207,0.0030913187461971));
#2647=CARTESIAN_POINT('',(0.0625833408012139,-0.0376896505957794,0.00371168415619581));
#2648=CARTESIAN_POINT('',(0.0644235791737087,-0.0388597491151451,0.00451837465782187));
#2649=CARTESIAN_POINT('',(0.0653784484267955,-0.0388597491151451,0.00451837465782187));
#2650=CARTESIAN_POINT('',(0.0625106168277719,-0.0374257399002066,0.0030368991873285));
#2651=CARTESIAN_POINT('',(0.0625106168277719,-0.0377845985210875,0.00365846055142822));
#2652=CARTESIAN_POINT('',(0.0644003810428729,-0.0388597491151451,0.00451837465782187));
#2653=CARTESIAN_POINT('',(0.0653784484267955,-0.0388597491151451,0.00451837465782187));
#2654=CARTESIAN_POINT('',(0.0624796154663627,-0.0374759689127127,0.003007899453437));
#2655=CARTESIAN_POINT('',(0.0624796154663627,-0.0378351192193193,0.00362996603203352));
#2656=CARTESIAN_POINT('',(0.0643904979320824,-0.0388597491151451,0.00451837465782187));
#2657=CARTESIAN_POINT('',(0.0653784484267955,-0.0388597491151451,0.00451837465782187));
#2658=CARTESIAN_POINT('',(0.0624295223222057,-0.0375807021695063,0.00294743167943409));
#2659=CARTESIAN_POINT('',(0.0624295223222057,-0.0379403210982076,0.00357030993530815));
#2660=CARTESIAN_POINT('',(0.0643745327313861,-0.0388597491151451,0.00451837465782187));
#2661=CARTESIAN_POINT('',(0.0653784484267955,-0.0388597491151451,0.00451837465782187));
#2662=CARTESIAN_POINT('',(0.0624104317781096,-0.0376352038240577,0.00291596513450756));
#2663=CARTESIAN_POINT('',(0.0624104317781096,-0.0379949997286599,0.00353914992163379));
#2664=CARTESIAN_POINT('',(0.0643684509881823,-0.0388597491151451,0.00451837465782187));
#2665=CARTESIAN_POINT('',(0.0653784484267955,-0.0388597491151451,0.00451837465782187));
#2666=CARTESIAN_POINT('',(0.0623848945146749,-0.0377463880564355,0.00285177288801456));
#2667=CARTESIAN_POINT('',(0.0623848945146749,-0.038106420757316,0.00347536781832575));
#2668=CARTESIAN_POINT('',(0.0643603162260818,-0.0388597491151451,0.00451837465782187));
#2669=CARTESIAN_POINT('',(0.0653784484267955,-0.0388597491151451,0.00451837465782187));
#2670=CARTESIAN_POINT('',(0.0623784484267955,-0.0378030678850127,0.00281904877372789));
#2671=CARTESIAN_POINT('',(0.0623784484267954,-0.0381631604062705,0.00344274731597186));
#2672=CARTESIAN_POINT('',(0.0643582634625027,-0.0388597491151451,0.00451837465782187));
#2673=CARTESIAN_POINT('',(0.0653784484267955,-0.0388597491151451,0.00451837465782187));
#2674=CARTESIAN_POINT('',(0.0623784484267955,-0.0379164303452774,0.0027535989267781));
#2675=CARTESIAN_POINT('',(0.0623784484267954,-0.0382765228665351,0.00337729746902207));
#2676=CARTESIAN_POINT('',(0.0643582633060572,-0.0388597491151451,0.00451837465782187));
#2677=CARTESIAN_POINT('',(0.0653784484267955,-0.0388597491151451,0.00451837465782187));
#2678=CARTESIAN_POINT('',(0.0623848945146749,-0.0379731101738546,0.00272087481249143));
#2679=CARTESIAN_POINT('',(0.0623848945146749,-0.038333142874735,0.00334446974280262));
#2680=CARTESIAN_POINT('',(0.0643603162260818,-0.0388597491151451,0.00451837465782187));
#2681=CARTESIAN_POINT('',(0.0653784484267955,-0.0388597491151451,0.00451837465782187));
#2682=CARTESIAN_POINT('',(0.0624104317781096,-0.0380842944062325,0.00265668256599843));
#2683=CARTESIAN_POINT('',(0.0624104317781096,-0.0384440903108347,0.00327986735312466));
#2684=CARTESIAN_POINT('',(0.0643684509881823,-0.0388597491151451,0.00451837465782187));
#2685=CARTESIAN_POINT('',(0.0653784484267955,-0.0388597491151451,0.00451837465782187));
#2686=CARTESIAN_POINT('',(0.0624295223222057,-0.0381387960607839,0.00262521602107191));
#2687=CARTESIAN_POINT('',(0.0624295223222057,-0.0384984149894851,0.00324809427694597));
#2688=CARTESIAN_POINT('',(0.0643745327313861,-0.0388597491151451,0.00451837465782187));
#2689=CARTESIAN_POINT('',(0.0653784484267955,-0.0388597491151451,0.00451837465782187));
#2690=CARTESIAN_POINT('',(0.0624796154663627,-0.0382435293175775,0.002564748247069));
#2691=CARTESIAN_POINT('',(0.0624796154663627,-0.0386026796241841,0.00318681482566552));
#2692=CARTESIAN_POINT('',(0.0643904979320824,-0.0388597491151451,0.00451837465782187));
#2693=CARTESIAN_POINT('',(0.0653784484267955,-0.0388597491151451,0.00451837465782187));
#2694=CARTESIAN_POINT('',(0.0625106168277719,-0.0382937583300835,0.0025357485131775));
#2695=CARTESIAN_POINT('',(0.0625106168277719,-0.0386526169509644,0.00315730987727721));
#2696=CARTESIAN_POINT('',(0.0644003810428729,-0.0388597491151451,0.00451837465782187));
#2697=CARTESIAN_POINT('',(0.0653784484267955,-0.0388597491151451,0.00451837465782187));
#2698=CARTESIAN_POINT('',(0.0625833408012139,-0.0383880157709695,0.0024813289543089));
#2699=CARTESIAN_POINT('',(0.0625833408012139,-0.0387461839074281,0.00310169436430761));
#2700=CARTESIAN_POINT('',(0.0644235791737087,-0.0388597491151451,0.00451837465782187));
#2701=CARTESIAN_POINT('',(0.0653784484267955,-0.0388597491151451,0.00451837465782187));
#2702=CARTESIAN_POINT('',(0.0626250616150031,-0.0384320418686483,0.00245591047496263));
#2703=CARTESIAN_POINT('',(0.0626250616150031,-0.0387898112064106,0.00307558514535714));
#2704=CARTESIAN_POINT('',(0.064436893692059,-0.0388597491151451,0.00451837465782187));
#2705=CARTESIAN_POINT('',(0.0653784484267955,-0.0388597491151451,0.00451837465782187));
#2706=CARTESIAN_POINT('',(0.0627176216762147,-0.0385122012330334,0.00240963044435681));
#2707=CARTESIAN_POINT('',(0.0627176216762147,-0.0388690734968183,0.0030277513370442));
#2708=CARTESIAN_POINT('',(0.0644664558897258,-0.0388597491151451,0.00451837465782187));
#2709=CARTESIAN_POINT('',(0.0653784484267955,-0.0388597491151451,0.00451837465782187));
#2710=CARTESIAN_POINT('',(0.0627684586349072,-0.0385483325176414,0.00238877003746222));
#2711=CARTESIAN_POINT('',(0.0627684586349072,-0.0389047064196337,0.00300602774220436));
#2712=CARTESIAN_POINT('',(0.0644827029333241,-0.0388597491151451,0.00451837465782187));
#2713=CARTESIAN_POINT('',(0.0653784484267955,-0.0388597491151451,0.00451837465782187));
#2714=CARTESIAN_POINT('',(0.0628410180467321,-0.0385903197232847,0.00236452871298156));
#2715=CARTESIAN_POINT('',(0.0628410180467321,-0.0389459716218422,0.00298053587109149));
#2716=CARTESIAN_POINT('',(0.0645059147290498,-0.0388597491151451,0.00451837465782187));
#2717=CARTESIAN_POINT('',(0.0653784484267955,-0.0388597491151451,0.00451837465782187));
#2718=CARTESIAN_POINT('',(0.0628966309085721,-0.0386202626482838,0.00234724115717303));
#2719=CARTESIAN_POINT('',(0.0628966309085721,-0.0389753586640041,0.00296228549796584));
#2720=CARTESIAN_POINT('',(0.0645237105956701,-0.0388597491151451,0.00451837465782187));
#2721=CARTESIAN_POINT('',(0.0653784484267955,-0.0388597491151451,0.00451837465782187));
#2722=CARTESIAN_POINT('',(0.0629554531450951,-0.0386453916152046,0.00233273294135686));
#2723=CARTESIAN_POINT('',(0.0629554531450951,-0.0389998908353109,0.00294674360182456));
#2724=CARTESIAN_POINT('',(0.0645425513855801,-0.0388597491151451,0.00451837465782187));
#2725=CARTESIAN_POINT('',(0.0653784484267955,-0.0388597491151451,0.00451837465782187));
#2726=CARTESIAN_POINT('',(0.0630562327684333,-0.038681543228034,0.0023118607979581));
#2727=CARTESIAN_POINT('',(0.0630562327684333,-0.0390350072812692,0.00292407849681045));
#2728=CARTESIAN_POINT('',(0.0645748556475556,-0.0388597491151451,0.00451837465782187));
#2729=CARTESIAN_POINT('',(0.0653784484267955,-0.0388597491151451,0.00451837465782187));
#2730=CARTESIAN_POINT('',(0.0631191658582863,-0.0386980761241933,0.00230231552591005));
#2731=CARTESIAN_POINT('',(0.0631191658582863,-0.0390508824941472,0.00291339408390407));
#2732=CARTESIAN_POINT('',(0.06459505003295,-0.0388597491151451,0.00451837465782187));
#2733=CARTESIAN_POINT('',(0.0653784484267955,-0.0388597491151451,0.00451837465782187));
#2734=CARTESIAN_POINT('',(0.0632475503512723,-0.0387201920430709,0.00228954689419271));
#2735=CARTESIAN_POINT('',(0.0632475503512723,-0.0390716299914655,0.00289825527651988));
#2736=CARTESIAN_POINT('',(0.0646363021662791,-0.0388597491151451,0.00451837465782187));
#2737=CARTESIAN_POINT('',(0.0653784484267955,-0.0388597491151451,0.00451837465782187));
#2738=CARTESIAN_POINT('',(0.0633129985798457,-0.0387257745189295,0.002286323850253));
#2739=CARTESIAN_POINT('',(0.0633129985798457,-0.0390765017290461,0.00289380119777166));
#2740=CARTESIAN_POINT('',(0.0646573578345246,-0.0388597491151451,0.00451837465782187));
#2741=CARTESIAN_POINT('',(0.0653784484267955,-0.0388597491151451,0.00451837465782187));
#2742=CARTESIAN_POINT('',(0.0634438982737452,-0.0387257745189295,0.002286323850253));
#2743=CARTESIAN_POINT('',(0.0634438982737452,-0.039075047308813,0.00289128206803255));
#2744=CARTESIAN_POINT('',(0.0646995390190663,-0.0388597491151451,0.00451837465782187));
#2745=CARTESIAN_POINT('',(0.0653784484267955,-0.0388597491151451,0.00451837465782187));
#2746=CARTESIAN_POINT('',(0.0635093465023186,-0.0387201920430709,0.00228954689419271));
#2747=CARTESIAN_POINT('',(0.0635093465023186,-0.0390687210916077,0.00289321691417199));
#2748=CARTESIAN_POINT('',(0.0647206570612216,-0.0388597491151451,0.00451837465782187));
#2749=CARTESIAN_POINT('',(0.0653784484267955,-0.0388597491151451,0.00451837465782187));
#2750=CARTESIAN_POINT('',(0.0636377309953046,-0.0386980761241933,0.00230231552591005));
#2751=CARTESIAN_POINT('',(0.0636377309953046,-0.0390451125191152,0.0029034001939902));
#2752=CARTESIAN_POINT('',(0.0647621560993216,-0.0388597491151451,0.00451837465782187));
#2753=CARTESIAN_POINT('',(0.0653784484267955,-0.0388597491151451,0.00451837465782187));
#2754=CARTESIAN_POINT('',(0.0637006640851577,-0.038681543228034,0.0023118607979581));
#2755=CARTESIAN_POINT('',(0.0637006640851577,-0.0390278307106878,0.00291164831193937));
#2756=CARTESIAN_POINT('',(0.0647825370952664,-0.0388597491151451,0.00451837465782187));
#2757=CARTESIAN_POINT('',(0.0653784484267955,-0.0388597491151451,0.00451837465782187));
#2758=CARTESIAN_POINT('',(0.0638215996331634,-0.0386381612926386,0.00233690737003661));
#2759=CARTESIAN_POINT('',(0.0638215996331634,-0.0389829736713737,0.0029341399290844));
#2760=CARTESIAN_POINT('',(0.0648217700949661,-0.0388597491151451,0.00451837465782187));
#2761=CARTESIAN_POINT('',(0.0653784484267955,-0.0388597491151451,0.00451837465782187));
#2762=CARTESIAN_POINT('',(0.0638795991009465,-0.0386113133261064,0.00235240805074123));
#2763=CARTESIAN_POINT('',(0.0638795991009465,-0.0389553999183204,0.0029483835106592));
#2764=CARTESIAN_POINT('',(0.0648406198987018,-0.0388597491151451,0.00451837465782187));
#2765=CARTESIAN_POINT('',(0.0653784484267955,-0.0388597491151451,0.00451837465782187));
#2766=CARTESIAN_POINT('',(0.0639884382186837,-0.0385483325176414,0.00238877003746222));
#2767=CARTESIAN_POINT('',(0.0639884382186837,-0.0388910257210462,0.00298233207716788));
#2768=CARTESIAN_POINT('',(0.0648760587424962,-0.0388597491151451,0.00451837465782187));
#2769=CARTESIAN_POINT('',(0.0653784484267955,-0.0388597491151451,0.00451837465782187));
#2770=CARTESIAN_POINT('',(0.0640392751773762,-0.0385122012330334,0.00240963044435681));
#2771=CARTESIAN_POINT('',(0.0640392751773762,-0.03885422683415,0.00300203616297999));
#2772=CARTESIAN_POINT('',(0.0648926456470356,-0.0388597491151451,0.00451837465782187));
#2773=CARTESIAN_POINT('',(0.0653784484267955,-0.0388597491151451,0.00451837465782187));
#2774=CARTESIAN_POINT('',(0.0641318352385878,-0.0384320418686483,0.00245591047496263));
#2775=CARTESIAN_POINT('',(0.0641318352385878,-0.0387728251027773,0.00304616435084169));
#2776=CARTESIAN_POINT('',(0.0649228976047762,-0.0388597491151451,0.00451837465782187));
#2777=CARTESIAN_POINT('',(0.0653784484267955,-0.0388597491151451,0.00451837465782187));
#2778=CARTESIAN_POINT('',(0.064173556052377,-0.0383880157709695,0.00248132895430889));
#2779=CARTESIAN_POINT('',(0.064173556052377,-0.0387282257054158,0.00307058984600952));
#2780=CARTESIAN_POINT('',(0.064936561630861,-0.0388597491151451,0.00451837465782187));
#2781=CARTESIAN_POINT('',(0.0653784484267955,-0.0388597491151451,0.00451837465782187));
#2782=CARTESIAN_POINT('',(0.064246280025819,-0.0382937583300835,0.0025357485131775));
#2783=CARTESIAN_POINT('',(0.064246280025819,-0.0386329508941921,0.00312324726776298));
#2784=CARTESIAN_POINT('',(0.0649604142256408,-0.0388597491151451,0.00451837465782187));
#2785=CARTESIAN_POINT('',(0.0653784484267955,-0.0388597491151451,0.00451837465782187));
#2786=CARTESIAN_POINT('',(0.0642772813872282,-0.0382435293175775,0.002564748247069));
#2787=CARTESIAN_POINT('',(0.0642772813872282,-0.0385822778110309,0.00315147784871777));
#2788=CARTESIAN_POINT('',(0.0649706017473132,-0.0388597491151451,0.00451837465782187));
#2789=CARTESIAN_POINT('',(0.0653784484267955,-0.0388597491151451,0.00451837465782187));
#2790=CARTESIAN_POINT('',(0.0643273745313853,-0.0381387960607839,0.00262521602107191));
#2791=CARTESIAN_POINT('',(0.0643273745313853,-0.0384768191033603,0.0032106891049434));
#2792=CARTESIAN_POINT('',(0.0649870797537246,-0.0388597491151451,0.00451837465782187));
#2793=CARTESIAN_POINT('',(0.0653784484267955,-0.0388597491151451,0.00451837465782187));
#2794=CARTESIAN_POINT('',(0.0643464650754813,-0.0380842944062325,0.00265668256599843));
#2795=CARTESIAN_POINT('',(0.0643464650754813,-0.0384220364591204,0.00324166896145296));
#2796=CARTESIAN_POINT('',(0.0649933693156253,-0.0388597491151451,0.00451837465782187));
#2797=CARTESIAN_POINT('',(0.0653784484267955,-0.0388597491151451,0.00451837465782187));
#2798=CARTESIAN_POINT('',(0.064372002338916,-0.0379731101738546,0.00272087481249143));
#2799=CARTESIAN_POINT('',(0.064372002338916,-0.0383104744077163,0.00330520680619644));
#2800=CARTESIAN_POINT('',(0.0650017861327082,-0.0388597491151451,0.00451837465782187));
#2801=CARTESIAN_POINT('',(0.0653784484267955,-0.0388597491151451,0.00451837465782187));
#2802=CARTESIAN_POINT('',(0.0643784484267955,-0.0379164303452774,0.0027535989267781));
#2803=CARTESIAN_POINT('',(0.0643784484267955,-0.0382536988708114,0.00333776514879691));
#2804=CARTESIAN_POINT('',(0.0650039130449891,-0.0388597491151451,0.00451837465782187));
#2805=CARTESIAN_POINT('',(0.0653784484267955,-0.0388597491151451,0.00451837465782187));
#2806=CARTESIAN_POINT('',(0.0643784484267955,-0.0378030678850127,0.00281904877372789));
#2807=CARTESIAN_POINT('',(0.0643784484267955,-0.0381403349587287,0.00340321248112398));
#2808=CARTESIAN_POINT('',(0.0650039126101018,-0.0388597491151451,0.00451837465782187));
#2809=CARTESIAN_POINT('',(0.0653784484267955,-0.0388597491151451,0.00451837465782187));
#2810=CARTESIAN_POINT('',(0.0653784484267955,-0.0388597491151451,0.00451837465782187));
#2811=CARTESIAN_POINT('',(0.0643784484267955,-0.0260388066574469,0.00281904877372789));
#2812=CARTESIAN_POINT('',(0.0643784484267955,-0.0257015381319129,0.00340321499574671));
#2813=CARTESIAN_POINT('',(0.0650039130449891,-0.0249821254273146,0.00451837465782188));
#2814=CARTESIAN_POINT('',(0.0653784484267955,-0.0249821254273146,0.00451837465782188));
#2815=CARTESIAN_POINT('',(0.0643784484267955,-0.0259254441971823,0.0027535989267781));
#2816=CARTESIAN_POINT('',(0.0643784484267955,-0.0255881771234664,0.00333776263417419));
#2817=CARTESIAN_POINT('',(0.0650039126101018,-0.0249821254273146,0.00451837465782187));
#2818=CARTESIAN_POINT('',(0.0653784484267955,-0.0249821254273146,0.00451837465782187));
#2819=CARTESIAN_POINT('',(0.064372002338916,-0.0258687643686051,0.00272087481249143));
#2820=CARTESIAN_POINT('',(0.064372002338916,-0.0255313992033425,0.0033052084194302));
#2821=CARTESIAN_POINT('',(0.0650017861327082,-0.0249821254273146,0.00451837465782187));
#2822=CARTESIAN_POINT('',(0.0653784484267955,-0.0249821254273146,0.00451837465782187));
#2823=CARTESIAN_POINT('',(0.0643464650754813,-0.0257575801362273,0.00265668256599843));
#2824=CARTESIAN_POINT('',(0.0643464650754813,-0.0254198370243659,0.00324167079564872));
#2825=CARTESIAN_POINT('',(0.0649933693156253,-0.0249821254273146,0.00451837465782187));
#2826=CARTESIAN_POINT('',(0.0653784484267955,-0.0249821254273146,0.00451837465782187));
#2827=CARTESIAN_POINT('',(0.0643273745313853,-0.0257030784816758,0.00262521602107191));
#2828=CARTESIAN_POINT('',(0.0643273745313853,-0.0253650555147625,0.00321068897389104));
#2829=CARTESIAN_POINT('',(0.0649870797537246,-0.0249821254273146,0.00451837465782187));
#2830=CARTESIAN_POINT('',(0.0653784484267955,-0.0249821254273146,0.00451837465782187));
#2831=CARTESIAN_POINT('',(0.0642772813872282,-0.0255983452248822,0.002564748247069));
#2832=CARTESIAN_POINT('',(0.0642772813872282,-0.0252595966557656,0.00315147797977013));
#2833=CARTESIAN_POINT('',(0.0649706017473132,-0.0249821254273146,0.00451837465782187));
#2834=CARTESIAN_POINT('',(0.0653784484267955,-0.0249821254273146,0.00451837465782187));
#2835=CARTESIAN_POINT('',(0.064246280025819,-0.0255481162123761,0.0025357485131775));
#2836=CARTESIAN_POINT('',(0.064246280025819,-0.0252089235726046,0.00312324739881534));
#2837=CARTESIAN_POINT('',(0.0649604142256408,-0.0249821254273146,0.00451837465782187));
#2838=CARTESIAN_POINT('',(0.0653784484267955,-0.0249821254273146,0.00451837465782187));
#2839=CARTESIAN_POINT('',(0.064173556052377,-0.0254538587714902,0.0024813289543089));
#2840=CARTESIAN_POINT('',(0.064173556052377,-0.0251136487992124,0.0030705899115357));
#2841=CARTESIAN_POINT('',(0.064936561630861,-0.0249821254273146,0.00451837465782187));
#2842=CARTESIAN_POINT('',(0.0653784484267955,-0.0249821254273146,0.00451837465782187));
#2843=CARTESIAN_POINT('',(0.0641318352385878,-0.0254098326738114,0.00245591047496263));
#2844=CARTESIAN_POINT('',(0.0641318352385878,-0.0250690494396824,0.00304616435084168));
#2845=CARTESIAN_POINT('',(0.0649228976047762,-0.0249821254273146,0.00451837465782187));
#2846=CARTESIAN_POINT('',(0.0653784484267955,-0.0249821254273146,0.00451837465782187));
#2847=CARTESIAN_POINT('',(0.0640392751773762,-0.0253296733094263,0.00240963044435681));
#2848=CARTESIAN_POINT('',(0.0640392751773762,-0.0249876477083097,0.00300203616298));
#2849=CARTESIAN_POINT('',(0.0648926456470355,-0.0249821254273146,0.00451837465782187));
#2850=CARTESIAN_POINT('',(0.0653784484267955,-0.0249821254273146,0.00451837465782187));
#2851=CARTESIAN_POINT('',(0.0639884382186837,-0.0252935420248183,0.00238877003746222));
#2852=CARTESIAN_POINT('',(0.0639884382186837,-0.0249508488214135,0.00298233207716788));
#2853=CARTESIAN_POINT('',(0.0648760587424962,-0.0249821254273146,0.00451837465782187));
#2854=CARTESIAN_POINT('',(0.0653784484267955,-0.0249821254273146,0.00451837465782187));
#2855=CARTESIAN_POINT('',(0.0638795991009465,-0.0252305612163534,0.00235240805074123));
#2856=CARTESIAN_POINT('',(0.0638795991009465,-0.0248864746241393,0.00294838351065919));
#2857=CARTESIAN_POINT('',(0.0648406198987017,-0.0249821254273146,0.00451837465782187));
#2858=CARTESIAN_POINT('',(0.0653784484267955,-0.0249821254273146,0.00451837465782187));
#2859=CARTESIAN_POINT('',(0.0638215996331634,-0.025203713249821,0.00233690737003661));
#2860=CARTESIAN_POINT('',(0.0638215996331634,-0.024858900871086,0.0029341399290844));
#2861=CARTESIAN_POINT('',(0.0648217700949661,-0.0249821254273146,0.00451837465782187));
#2862=CARTESIAN_POINT('',(0.0653784484267955,-0.0249821254273146,0.00451837465782187));
#2863=CARTESIAN_POINT('',(0.0637006640851577,-0.0251603313144257,0.0023118607979581));
#2864=CARTESIAN_POINT('',(0.0637006640851577,-0.024814043831772,0.00291164831193938));
#2865=CARTESIAN_POINT('',(0.0647825370952664,-0.0249821254273146,0.00451837465782187));
#2866=CARTESIAN_POINT('',(0.0653784484267955,-0.0249821254273146,0.00451837465782187));
#2867=CARTESIAN_POINT('',(0.0636377309953046,-0.0251437984182664,0.00230231552591006));
#2868=CARTESIAN_POINT('',(0.0636377309953046,-0.0247967620233445,0.0029034001939902));
#2869=CARTESIAN_POINT('',(0.0647621560993216,-0.0249821254273146,0.00451837465782187));
#2870=CARTESIAN_POINT('',(0.0653784484267955,-0.0249821254273146,0.00451837465782187));
#2871=CARTESIAN_POINT('',(0.0635093465023186,-0.0251216824993888,0.00228954689419271));
#2872=CARTESIAN_POINT('',(0.0635093465023186,-0.024773153450852,0.002893216914172));
#2873=CARTESIAN_POINT('',(0.0647206570612216,-0.0249821254273146,0.00451837465782187));
#2874=CARTESIAN_POINT('',(0.0653784484267955,-0.0249821254273146,0.00451837465782187));
#2875=CARTESIAN_POINT('',(0.0634438982737452,-0.0251161000235302,0.002286323850253));
#2876=CARTESIAN_POINT('',(0.0634438982737452,-0.0247668272336467,0.00289128206803255));
#2877=CARTESIAN_POINT('',(0.0646995390190663,-0.0249821254273146,0.00451837465782187));
#2878=CARTESIAN_POINT('',(0.0653784484267955,-0.0249821254273146,0.00451837465782187));
#2879=CARTESIAN_POINT('',(0.0633129985798457,-0.0251161000235302,0.002286323850253));
#2880=CARTESIAN_POINT('',(0.0633129985798457,-0.0247653728134137,0.00289380119777166));
#2881=CARTESIAN_POINT('',(0.0646573578345246,-0.0249821254273146,0.00451837465782187));
#2882=CARTESIAN_POINT('',(0.0653784484267955,-0.0249821254273146,0.00451837465782187));
#2883=CARTESIAN_POINT('',(0.0632475503512723,-0.0251216824993888,0.00228954689419271));
#2884=CARTESIAN_POINT('',(0.0632475503512723,-0.0247702445509942,0.00289825527651988));
#2885=CARTESIAN_POINT('',(0.0646363021662791,-0.0249821254273146,0.00451837465782187));
#2886=CARTESIAN_POINT('',(0.0653784484267955,-0.0249821254273146,0.00451837465782187));
#2887=CARTESIAN_POINT('',(0.0631191658582863,-0.0251437984182664,0.00230231552591006));
#2888=CARTESIAN_POINT('',(0.0631191658582863,-0.0247909920483125,0.00291339408390407));
#2889=CARTESIAN_POINT('',(0.0645950500329501,-0.0249821254273146,0.00451837465782187));
#2890=CARTESIAN_POINT('',(0.0653784484267955,-0.0249821254273146,0.00451837465782187));
#2891=CARTESIAN_POINT('',(0.0630562327684333,-0.0251603313144257,0.0023118607979581));
#2892=CARTESIAN_POINT('',(0.0630562327684333,-0.0248068672611906,0.00292407849681045));
#2893=CARTESIAN_POINT('',(0.0645748556475556,-0.0249821254273146,0.00451837465782187));
#2894=CARTESIAN_POINT('',(0.0653784484267955,-0.0249821254273146,0.00451837465782187));
#2895=CARTESIAN_POINT('',(0.0629554531450951,-0.0251964829272552,0.00233273294135686));
#2896=CARTESIAN_POINT('',(0.0629554531450951,-0.0248419837071489,0.00294674360182456));
#2897=CARTESIAN_POINT('',(0.0645425513855801,-0.0249821254273146,0.00451837465782187));
#2898=CARTESIAN_POINT('',(0.0653784484267955,-0.0249821254273146,0.00451837465782187));
#2899=CARTESIAN_POINT('',(0.0628966309085721,-0.0252216118941759,0.00234724115717303));
#2900=CARTESIAN_POINT('',(0.0628966309085721,-0.0248665158784557,0.00296228549796583));
#2901=CARTESIAN_POINT('',(0.0645237105956701,-0.0249821254273146,0.00451837465782187));
#2902=CARTESIAN_POINT('',(0.0653784484267955,-0.0249821254273146,0.00451837465782187));
#2903=CARTESIAN_POINT('',(0.0628410180467321,-0.025251554819175,0.00236452871298156));
#2904=CARTESIAN_POINT('',(0.0628410180467321,-0.0248959029206175,0.00298053587109149));
#2905=CARTESIAN_POINT('',(0.0645059147290498,-0.0249821254273146,0.00451837465782187));
#2906=CARTESIAN_POINT('',(0.0653784484267955,-0.0249821254273146,0.00451837465782187));
#2907=CARTESIAN_POINT('',(0.0627684586349072,-0.0252935420248183,0.00238877003746222));
#2908=CARTESIAN_POINT('',(0.0627684586349072,-0.024937168122826,0.00300602774220436));
#2909=CARTESIAN_POINT('',(0.0644827029333241,-0.0249821254273146,0.00451837465782187));
#2910=CARTESIAN_POINT('',(0.0653784484267955,-0.0249821254273146,0.00451837465782187));
#2911=CARTESIAN_POINT('',(0.0627176216762147,-0.0253296733094263,0.00240963044435681));
#2912=CARTESIAN_POINT('',(0.0627176216762147,-0.0249728010456415,0.0030277513370442));
#2913=CARTESIAN_POINT('',(0.0644664558897258,-0.0249821254273146,0.00451837465782187));
#2914=CARTESIAN_POINT('',(0.0653784484267955,-0.0249821254273146,0.00451837465782187));
#2915=CARTESIAN_POINT('',(0.0626250616150031,-0.0254098326738114,0.00245591047496263));
#2916=CARTESIAN_POINT('',(0.0626250616150031,-0.0250520633360491,0.00307558514535714));
#2917=CARTESIAN_POINT('',(0.064436893692059,-0.0249821254273146,0.00451837465782187));
#2918=CARTESIAN_POINT('',(0.0653784484267955,-0.0249821254273146,0.00451837465782187));
#2919=CARTESIAN_POINT('',(0.0625833408012139,-0.0254538587714902,0.0024813289543089));
#2920=CARTESIAN_POINT('',(0.0625833408012139,-0.0250956906350316,0.00310169436430761));
#2921=CARTESIAN_POINT('',(0.0644235791737087,-0.0249821254273146,0.00451837465782187));
#2922=CARTESIAN_POINT('',(0.0653784484267955,-0.0249821254273146,0.00451837465782187));
#2923=CARTESIAN_POINT('',(0.0625106168277719,-0.0255481162123761,0.0025357485131775));
#2924=CARTESIAN_POINT('',(0.0625106168277719,-0.0251892575914953,0.00315730987727721));
#2925=CARTESIAN_POINT('',(0.0644003810428729,-0.0249821254273146,0.00451837465782187));
#2926=CARTESIAN_POINT('',(0.0653784484267955,-0.0249821254273146,0.00451837465782187));
#2927=CARTESIAN_POINT('',(0.0624796154663627,-0.0255983452248822,0.002564748247069));
#2928=CARTESIAN_POINT('',(0.0624796154663627,-0.0252391949182756,0.00318681482566552));
#2929=CARTESIAN_POINT('',(0.0643904979320824,-0.0249821254273146,0.00451837465782187));
#2930=CARTESIAN_POINT('',(0.0653784484267955,-0.0249821254273146,0.00451837465782187));
#2931=CARTESIAN_POINT('',(0.0624295223222057,-0.0257030784816758,0.00262521602107191));
#2932=CARTESIAN_POINT('',(0.0624295223222057,-0.0253434595529746,0.00324809427694597));
#2933=CARTESIAN_POINT('',(0.0643745327313861,-0.0249821254273146,0.00451837465782187));
#2934=CARTESIAN_POINT('',(0.0653784484267955,-0.0249821254273146,0.00451837465782187));
#2935=CARTESIAN_POINT('',(0.0624104317781096,-0.0257575801362273,0.00265668256599843));
#2936=CARTESIAN_POINT('',(0.0624104317781096,-0.025397784231625,0.00327986735312466));
#2937=CARTESIAN_POINT('',(0.0643684509881823,-0.0249821254273146,0.00451837465782187));
#2938=CARTESIAN_POINT('',(0.0653784484267955,-0.0249821254273146,0.00451837465782187));
#2939=CARTESIAN_POINT('',(0.0623848945146749,-0.0258687643686051,0.00272087481249143));
#2940=CARTESIAN_POINT('',(0.0623848945146749,-0.0255087316677246,0.00334446974280262));
#2941=CARTESIAN_POINT('',(0.0643603162260818,-0.0249821254273146,0.00451837465782187));
#2942=CARTESIAN_POINT('',(0.0653784484267955,-0.0249821254273146,0.00451837465782187));
#2943=CARTESIAN_POINT('',(0.0623784484267955,-0.0259254441971823,0.0027535989267781));
#2944=CARTESIAN_POINT('',(0.0623784484267954,-0.0255653516759246,0.00337729746902207));
#2945=CARTESIAN_POINT('',(0.0643582634625027,-0.0249821254273146,0.00451837465782187));
#2946=CARTESIAN_POINT('',(0.0653784484267955,-0.0249821254273146,0.00451837465782187));
#2947=CARTESIAN_POINT('',(0.0623784484267955,-0.0260388066574469,0.00281904877372789));
#2948=CARTESIAN_POINT('',(0.0623784484267954,-0.0256787141361892,0.00344274731597186));
#2949=CARTESIAN_POINT('',(0.0643582633060572,-0.0249821254273146,0.00451837465782187));
#2950=CARTESIAN_POINT('',(0.0653784484267955,-0.0249821254273146,0.00451837465782187));
#2951=CARTESIAN_POINT('',(0.0623848945146749,-0.0260954864860241,0.00285177288801456));
#2952=CARTESIAN_POINT('',(0.0623848945146749,-0.0257354537851437,0.00347536781832575));
#2953=CARTESIAN_POINT('',(0.0643603162260818,-0.0249821254273146,0.00451837465782187));
#2954=CARTESIAN_POINT('',(0.0653784484267955,-0.0249821254273146,0.00451837465782187));
#2955=CARTESIAN_POINT('',(0.0624104317781096,-0.026206670718402,0.00291596513450756));
#2956=CARTESIAN_POINT('',(0.0624104317781096,-0.0258468748137998,0.00353914992163379));
#2957=CARTESIAN_POINT('',(0.0643684509881823,-0.0249821254273146,0.00451837465782187));
#2958=CARTESIAN_POINT('',(0.0653784484267955,-0.0249821254273146,0.00451837465782187));
#2959=CARTESIAN_POINT('',(0.0624295223222057,-0.0262611723729534,0.00294743167943409));
#2960=CARTESIAN_POINT('',(0.0624295223222057,-0.0259015534442521,0.00357030993530815));
#2961=CARTESIAN_POINT('',(0.0643745327313861,-0.0249821254273146,0.00451837465782187));
#2962=CARTESIAN_POINT('',(0.0653784484267955,-0.0249821254273146,0.00451837465782187));
#2963=CARTESIAN_POINT('',(0.0624796154663627,-0.026365905629747,0.003007899453437));
#2964=CARTESIAN_POINT('',(0.0624796154663627,-0.0260067553231405,0.00362996603203352));
#2965=CARTESIAN_POINT('',(0.0643904979320824,-0.0249821254273146,0.00451837465782187));
#2966=CARTESIAN_POINT('',(0.0653784484267955,-0.0249821254273146,0.00451837465782187));
#2967=CARTESIAN_POINT('',(0.0625106168277719,-0.0264161346422531,0.0030368991873285));
#2968=CARTESIAN_POINT('',(0.0625106168277719,-0.0260572760213723,0.00365846055142822));
#2969=CARTESIAN_POINT('',(0.0644003810428729,-0.0249821254273146,0.00451837465782187));
#2970=CARTESIAN_POINT('',(0.0653784484267955,-0.0249821254273146,0.00451837465782187));
#2971=CARTESIAN_POINT('',(0.0625833408012139,-0.026510392083139,0.0030913187461971));
#2972=CARTESIAN_POINT('',(0.0625833408012139,-0.0261522239466803,0.00371168415619581));
#2973=CARTESIAN_POINT('',(0.0644235791737087,-0.0249821254273146,0.00451837465782187));
#2974=CARTESIAN_POINT('',(0.0653784484267955,-0.0249821254273146,0.00451837465782187));
#2975=CARTESIAN_POINT('',(0.0626250616150031,-0.0265544181808179,0.00311673722554336));
#2976=CARTESIAN_POINT('',(0.0626250616150031,-0.0261966488430556,0.00373641189593787));
#2977=CARTESIAN_POINT('',(0.064436893692059,-0.0249821254273146,0.00451837465782187));
#2978=CARTESIAN_POINT('',(0.0653784484267955,-0.0249821254273146,0.00451837465782187));
#2979=CARTESIAN_POINT('',(0.0627176216762147,-0.026634577545203,0.00316301725614917));
#2980=CARTESIAN_POINT('',(0.0627176216762147,-0.0262777052814182,0.00378113814883656));
#2981=CARTESIAN_POINT('',(0.0644664558897258,-0.0249821254273146,0.00451837465782187));
#2982=CARTESIAN_POINT('',(0.0653784484267955,-0.0249821254273146,0.00451837465782187));
#2983=CARTESIAN_POINT('',(0.0627684586349072,-0.026670708829811,0.00318387766304377));
#2984=CARTESIAN_POINT('',(0.0627684586349072,-0.0263143349278188,0.00380113536778591));
#2985=CARTESIAN_POINT('',(0.0644827029333241,-0.0249821254273146,0.00451837465782187));
#2986=CARTESIAN_POINT('',(0.0653784484267955,-0.0249821254273146,0.00451837465782187));
#2987=CARTESIAN_POINT('',(0.0628410180467321,-0.0267126960354543,0.00320811898752443));
#2988=CARTESIAN_POINT('',(0.0628410180467321,-0.0263570441368968,0.00382412614563436));
#2989=CARTESIAN_POINT('',(0.0645059147290498,-0.0249821254273146,0.00451837465782187));
#2990=CARTESIAN_POINT('',(0.0653784484267955,-0.0249821254273146,0.00451837465782187));
#2991=CARTESIAN_POINT('',(0.0628966309085721,-0.0267426389604533,0.00322540654333297));
#2992=CARTESIAN_POINT('',(0.0628966309085721,-0.026387542944733,0.00384045088412578));
#2993=CARTESIAN_POINT('',(0.0645237105956701,-0.0249821254273146,0.00451837465782187));
#2994=CARTESIAN_POINT('',(0.0653784484267955,-0.0249821254273146,0.00451837465782187));
#2995=CARTESIAN_POINT('',(0.0629554531450951,-0.0267677679273741,0.00323991475914913));
#2996=CARTESIAN_POINT('',(0.0629554531450951,-0.0264132687072677,0.00385392541961683));
#2997=CARTESIAN_POINT('',(0.0645425513855801,-0.0249821254273146,0.00451837465782187));
#2998=CARTESIAN_POINT('',(0.0653784484267955,-0.0249821254273146,0.00451837465782187));
#2999=CARTESIAN_POINT('',(0.0630562327684333,-0.0268039195402036,0.0032607869025479));
#3000=CARTESIAN_POINT('',(0.0630562327684333,-0.0264504554869686,0.00387300460140025));
#3001=CARTESIAN_POINT('',(0.0645748556475556,-0.0249821254273146,0.00451837465782187));
#3002=CARTESIAN_POINT('',(0.0653784484267955,-0.0249821254273146,0.00451837465782187));
#3003=CARTESIAN_POINT('',(0.0631191658582863,-0.0268204524363629,0.00327033217459594));
#3004=CARTESIAN_POINT('',(0.0631191658582863,-0.026467646066409,0.00388141073258997));
#3005=CARTESIAN_POINT('',(0.06459505003295,-0.0249821254273146,0.00451837465782187));
#3006=CARTESIAN_POINT('',(0.0653784484267955,-0.0249821254273146,0.00451837465782187));
#3007=CARTESIAN_POINT('',(0.0632475503512723,-0.0268425683552405,0.00328310080631328));
#3008=CARTESIAN_POINT('',(0.0632475503512723,-0.0264911304068459,0.00389180918864046));
#3009=CARTESIAN_POINT('',(0.0646363021662791,-0.0249821254273146,0.00451837465782187));
#3010=CARTESIAN_POINT('',(0.0653784484267955,-0.0249821254273146,0.00451837465782187));
#3011=CARTESIAN_POINT('',(0.0633129985798457,-0.0268481508310991,0.003286323850253));
#3012=CARTESIAN_POINT('',(0.0633129985798457,-0.0264974236209825,0.00389380119777165));
#3013=CARTESIAN_POINT('',(0.0646573578345246,-0.0249821254273146,0.00451837465782187));
#3014=CARTESIAN_POINT('',(0.0653784484267955,-0.0249821254273146,0.00451837465782187));
#3015=CARTESIAN_POINT('',(0.0634438982737452,-0.0268481508310991,0.003286323850253));
#3016=CARTESIAN_POINT('',(0.0634438982737452,-0.0264988780412155,0.00389128206803255));
#3017=CARTESIAN_POINT('',(0.0646995390190663,-0.0249821254273146,0.00451837465782187));
#3018=CARTESIAN_POINT('',(0.0653784484267955,-0.0249821254273146,0.00451837465782187));
#3019=CARTESIAN_POINT('',(0.0635093465023186,-0.0268425683552405,0.00328310080631328));
#3020=CARTESIAN_POINT('',(0.0635093465023186,-0.0264940393067037,0.00388677082629257));
#3021=CARTESIAN_POINT('',(0.0647206570612216,-0.0249821254273146,0.00451837465782187));
#3022=CARTESIAN_POINT('',(0.0653784484267955,-0.0249821254273146,0.00451837465782187));
#3023=CARTESIAN_POINT('',(0.0636377309953046,-0.0268204524363629,0.00327033217459594));
#3024=CARTESIAN_POINT('',(0.0636377309953046,-0.026473416041441,0.00387141684267609));
#3025=CARTESIAN_POINT('',(0.0647621560993216,-0.0249821254273146,0.00451837465782187));
#3026=CARTESIAN_POINT('',(0.0653784484267955,-0.0249821254273146,0.00451837465782187));
#3027=CARTESIAN_POINT('',(0.0637006640851577,-0.0268039195402036,0.0032607869025479));
#3028=CARTESIAN_POINT('',(0.0637006640851577,-0.0264576320575499,0.00386057441652918));
#3029=CARTESIAN_POINT('',(0.0647825370952664,-0.0249821254273146,0.00451837465782187));
#3030=CARTESIAN_POINT('',(0.0653784484267955,-0.0249821254273146,0.00451837465782187));
#3031=CARTESIAN_POINT('',(0.0638215996331634,-0.0267605376048082,0.00323574033046938));
#3032=CARTESIAN_POINT('',(0.0638215996331634,-0.0264157252260731,0.00383297288951717));
#3033=CARTESIAN_POINT('',(0.0648217700949661,-0.0249821254273146,0.00451837465782187));
#3034=CARTESIAN_POINT('',(0.0653784484267955,-0.0249821254273146,0.00451837465782187));
#3035=CARTESIAN_POINT('',(0.0638795991009465,-0.0267336896382759,0.00322023964976476));
#3036=CARTESIAN_POINT('',(0.0638795991009465,-0.0263896030460618,0.00381621510968273));
#3037=CARTESIAN_POINT('',(0.0648406198987018,-0.0249821254273146,0.00451837465782187));
#3038=CARTESIAN_POINT('',(0.0653784484267955,-0.0249821254273146,0.00451837465782187));
#3039=CARTESIAN_POINT('',(0.0639884382186837,-0.026670708829811,0.00318387766304377));
#3040=CARTESIAN_POINT('',(0.0639884382186837,-0.0263280156264062,0.00377743970274944));
#3041=CARTESIAN_POINT('',(0.0648760587424962,-0.0249821254273146,0.00451837465782187));
#3042=CARTESIAN_POINT('',(0.0653784484267955,-0.0249821254273146,0.00451837465782187));
#3043=CARTESIAN_POINT('',(0.0640392751773762,-0.026634577545203,0.00316301725614917));
#3044=CARTESIAN_POINT('',(0.0640392751773762,-0.0262925519440864,0.00375542297477236));
#3045=CARTESIAN_POINT('',(0.0648926456470356,-0.0249821254273146,0.00451837465782187));
#3046=CARTESIAN_POINT('',(0.0653784484267955,-0.0249821254273146,0.00451837465782187));
#3047=CARTESIAN_POINT('',(0.0641318352385878,-0.0265544181808179,0.00311673722554336));
#3048=CARTESIAN_POINT('',(0.0641318352385878,-0.0262136349466889,0.00370699110142241));
#3049=CARTESIAN_POINT('',(0.0649228976047762,-0.0249821254273146,0.00451837465782187));
#3050=CARTESIAN_POINT('',(0.0653784484267955,-0.0249821254273146,0.00451837465782187));
#3051=CARTESIAN_POINT('',(0.064173556052377,-0.026510392083139,0.0030913187461971));
#3052=CARTESIAN_POINT('',(0.064173556052377,-0.0261701821486927,0.00368057963789772));
#3053=CARTESIAN_POINT('',(0.064936561630861,-0.0249821254273146,0.00451837465782187));
#3054=CARTESIAN_POINT('',(0.0653784484267955,-0.0249821254273146,0.00451837465782187));
#3055=CARTESIAN_POINT('',(0.064246280025819,-0.0264161346422531,0.0030368991873285));
#3056=CARTESIAN_POINT('',(0.064246280025819,-0.0260769420781446,0.00362439794191397));
#3057=CARTESIAN_POINT('',(0.0649604142256408,-0.0249821254273146,0.00451837465782187));
#3058=CARTESIAN_POINT('',(0.0653784484267955,-0.0249821254273146,0.00451837465782187));
#3059=CARTESIAN_POINT('',(0.0642772813872282,-0.026365905629747,0.003007899453437));
#3060=CARTESIAN_POINT('',(0.0642772813872282,-0.0260271571362936,0.00359462905508577));
#3061=CARTESIAN_POINT('',(0.0649706017473132,-0.0249821254273146,0.00451837465782187));
#3062=CARTESIAN_POINT('',(0.0653784484267955,-0.0249821254273146,0.00451837465782187));
#3063=CARTESIAN_POINT('',(0.0643273745313853,-0.0262611723729534,0.00294743167943409));
#3064=CARTESIAN_POINT('',(0.0643273745313853,-0.0259231493303769,0.00353290476330558));
#3065=CARTESIAN_POINT('',(0.0649870797537246,-0.0249821254273146,0.00451837465782187));
#3066=CARTESIAN_POINT('',(0.0653784484267955,-0.0249821254273146,0.00451837465782187));
#3067=CARTESIAN_POINT('',(0.0643464650754813,-0.026206670718402,0.00291596513450756));
#3068=CARTESIAN_POINT('',(0.0643464650754813,-0.025868928665514,0.00350095152996209));
#3069=CARTESIAN_POINT('',(0.0649933693156253,-0.0249821254273146,0.00451837465782187));
#3070=CARTESIAN_POINT('',(0.0653784484267955,-0.0249821254273146,0.00451837465782187));
#3071=CARTESIAN_POINT('',(0.064372002338916,-0.0260954864860241,0.00285177288801456));
#3072=CARTESIAN_POINT('',(0.064372002338916,-0.0257581222521625,0.00343610488171958));
#3073=CARTESIAN_POINT('',(0.0650017861327082,-0.0249821254273146,0.00451837465782188));
#3074=CARTESIAN_POINT('',(0.0653784484267955,-0.0249821254273146,0.00451837465782188));
#3075=CARTESIAN_POINT('',(0.0643784484267955,-0.0260388066574469,0.00281904877372789));
#3076=CARTESIAN_POINT('',(0.0643784484267955,-0.0257015381319129,0.00340321499574671));
#3077=CARTESIAN_POINT('',(0.0650039130449891,-0.0249821254273146,0.00451837465782188));
#3078=CARTESIAN_POINT('',(0.0653784484267955,-0.0249821254273146,0.00451837465782188));
#3079=CARTESIAN_POINT('',(0.0643784484267955,-0.0259254441971823,0.0027535989267781));
#3080=CARTESIAN_POINT('',(0.0643784484267955,-0.0255881771234664,0.00333776263417419));
#3081=CARTESIAN_POINT('',(0.0650039126101018,-0.0249821254273146,0.00451837465782187));
#3082=CARTESIAN_POINT('',(0.0653784484267955,-0.0249821254273146,0.00451837465782187));
#3083=CARTESIAN_POINT('',(0.0653784484267955,-0.0249821254273146,0.00451837465782187));
#3084=CARTESIAN_POINT('',(0.0633784484267955,-0.0259821254273146,0.002786323850253));
#3085=CARTESIAN_POINT('',(0.0643784484267955,-0.0259821254273146,0.002786323850253));
#3086=CARTESIAN_POINT('',(0.0633784484267955,-0.0259821254273146,0.002786323850253));
#3087=CARTESIAN_POINT('',(0.0623784484267955,-0.0259821254273146,0.002786323850253));
#3088=CARTESIAN_POINT('',(0.0633784484267955,-0.0259821254273146,0.002786323850253));
#3089=CARTESIAN_POINT('',(0.0633784484267955,-0.0268481508310991,0.003286323850253));
#3090=CARTESIAN_POINT('',(0.0633784484267955,-0.0259821254273146,0.002786323850253));
#3091=CARTESIAN_POINT('',(0.0620208928373494,-0.0293320335326495,-0.00101588718887387));
#3092=CARTESIAN_POINT('',(0.0616632627005966,-0.0303159162346631,-0.00272002201744954));
#3093=CARTESIAN_POINT('',(0.0616632627005966,-0.0303159162346631,-0.00272002201744954));
#3094=CARTESIAN_POINT('',(0.0620208928373494,-0.0293320335326495,-0.00101588718887387));
#3095=CARTESIAN_POINT('',(0.0623785229741021,-0.0283481508306359,0.000688247639701807));
#3096=CARTESIAN_POINT('',(0.0623785229741021,-0.0283481508306359,0.000688247639701807));
#3097=CARTESIAN_POINT('',(0.0623784857004488,-0.0275981508308675,0.0019872857449774));
#3098=CARTESIAN_POINT('',(0.0623784857004488,-0.0275981508308675,0.0019872857449774));
#3099=CARTESIAN_POINT('',(0.0623784484267955,-0.0268481508310991,0.003286323850253));
#3100=CARTESIAN_POINT('',(0.0623784484267955,-0.0268481508310991,0.003286323850253));
#3101=CARTESIAN_POINT('',(0.0623784484267955,-0.0268481508310991,0.003286323850253));
#3102=CARTESIAN_POINT('',(0.0633784484267955,-0.0268481508310991,0.003286323850253));
#3103=CARTESIAN_POINT('',(0.0633784484267955,-0.0268481508310991,0.003286323850253));
#3104=CARTESIAN_POINT('',(0.0643784484267955,-0.0268481508310991,0.003286323850253));
#3105=CARTESIAN_POINT('',(0.0643784484267955,-0.0268481508310991,0.003286323850253));
#3106=CARTESIAN_POINT('',(0.0643784484267955,-0.0275938338319868,0.00199476300637492));
#3107=CARTESIAN_POINT('',(0.0643784484267955,-0.0268481508310991,0.003286323850253));
#3108=CARTESIAN_POINT('',(0.0643784484267955,-0.0275938338319868,0.00199476300637492));
#3109=CARTESIAN_POINT('',(0.0643784484267954,-0.0283395168328746,0.00070320216249683));
#3110=CARTESIAN_POINT('',(0.0643784484267954,-0.0283395168328746,0.00070320216249683));
#3111=CARTESIAN_POINT('',(0.064020855563696,-0.0293277165337689,-0.00100840992747636));
#3112=CARTESIAN_POINT('',(0.064020855563696,-0.0293277165337689,-0.00100840992747636));
#3113=CARTESIAN_POINT('',(0.0636632627005966,-0.0303159162346632,-0.00272002201744956));
#3114=CARTESIAN_POINT('',(0.0636632627005966,-0.0303159162346632,-0.00272002201744956));
#3115=CARTESIAN_POINT('',(0.0622316313502983,-0.0315514394548387,-0.00486001100872478));
#3116=CARTESIAN_POINT('',(0.0622316313502983,-0.0315514394548387,-0.00486001100872478));
#3117=CARTESIAN_POINT('',(0.0599621073609442,-0.0315514394548387,-0.00486001100872478));
#3118=CARTESIAN_POINT('',(0.0599621073609442,-0.0315514394548387,-0.00486001100872478));
#3119=CARTESIAN_POINT('',(0.0633784484267955,-0.0268481508310991,0.003286323850253));
#3120=CARTESIAN_POINT('',(0.0633784484267955,-0.0268481508310991,0.003286323850253));
#3121=CARTESIAN_POINT('',(0.0633784484267955,-0.0268481508310991,0.003286323850253));
#3122=CARTESIAN_POINT('',(0.0633784484267955,-0.0268481508310991,0.003286323850253));
#3123=CARTESIAN_POINT('',(0.0613197002240437,-0.0330010904183609,-0.00737088013078643));
#3124=CARTESIAN_POINT('',(0.0599621073609442,-0.0329209372712298,-0.00502895355964883));
#3125=CARTESIAN_POINT('',(0.0423926704576324,-0.0320132643230476,-0.00949405739152355));
#3126=CARTESIAN_POINT('',(0.0423926704576336,-0.0318286102194121,-0.00949405739152348));
#3127=MECHANICAL_DESIGN_GEOMETRIC_PRESENTATION_REPRESENTATION('',(#1221),
#3128);
#3128=(
GEOMETRIC_REPRESENTATION_CONTEXT(3)
GLOBAL_UNCERTAINTY_ASSIGNED_CONTEXT((#3129))
GLOBAL_UNIT_ASSIGNED_CONTEXT((#3132,#3131,#3130))
REPRESENTATION_CONTEXT('Foot','TOP_LEVEL_ASSEMBLY_PART')
);
#3129=UNCERTAINTY_MEASURE_WITH_UNIT(LENGTH_MEASURE(1.E-8),#3132,
'DISTANCE_ACCURACY_VALUE','Maximum Tolerance applied to model');
#3130=(
NAMED_UNIT(*)
SI_UNIT($,.STERADIAN.)
SOLID_ANGLE_UNIT()
);
#3131=(
NAMED_UNIT(*)
PLANE_ANGLE_UNIT()
SI_UNIT($,.RADIAN.)
);
#3132=(
LENGTH_UNIT()
NAMED_UNIT(*)
SI_UNIT($,.METRE.)
);
#3133=PRODUCT_DEFINITION_SHAPE('','',#3134);
#3134=PRODUCT_DEFINITION('','',#3136,#3135);
#3135=PRODUCT_DEFINITION_CONTEXT('',#3142,'design');
#3136=PRODUCT_DEFINITION_FORMATION_WITH_SPECIFIED_SOURCE('','',#3138,
 .NOT_KNOWN.);
#3137=PRODUCT_RELATED_PRODUCT_CATEGORY('','',(#3138));
#3138=PRODUCT('Foot','Foot','Foot',(#3140));
#3139=PRODUCT_CATEGORY('','');
#3140=PRODUCT_CONTEXT('',#3142,'mechanical');
#3141=APPLICATION_PROTOCOL_DEFINITION('international standard',
'ap242_managed_model_based_3d_engineering',2020,#3142);
#3142=APPLICATION_CONTEXT('managed model based 3d engineering');
ENDSEC;
END-ISO-10303-21;
