ISO-10303-21;
HEADER;
/* Generated by software containing ST-Developer
 * from STEP Tools, Inc. (www.steptools.com) 
 */
/* OPTION: using custom renumber hook */

FILE_DESCRIPTION(
/* description */ ('STEP AP242 Edition 2',
'CAx-IF Rec.Pracs.---Representation and Presentation of Product Manufa
cturing Information (PMI)---4.0---2014-10-13',
'CAx-IF Rec.Pracs.---3D Tessellated Geometry---0.4---2014-09-14','2;1',
'CAx-IF Rec.Pracs.---User Defined Attributes---1.5---2016-08-15'),
/* implementation_level */ '2;1');

FILE_NAME(
/* name */ '697ab2e724f0e0b53b2ea062',
/* time_stamp */ '2026-01-29T01:07:51Z',
/* author */ (''),
/* organization */ (''),
/* preprocessor_version */ 'ST-DEVELOPER v20',
/* originating_system */ 'ONSHAPE BY PTC INC, 1.209',
/* authorisation */ '  ');

FILE_SCHEMA (('AP242_MANAGED_MODEL_BASED_3D_ENGINEERING_MIM_LF { 1 0 10303 442 3 1 4 }'));
ENDSEC;

DATA;
#10=SHAPE_REPRESENTATION_RELATIONSHIP('','',#1838,#11);
#11=ADVANCED_BREP_SHAPE_REPRESENTATION('',(#1836),#4949);
#12=ORIENTED_CLOSED_SHELL('',*,#1802,.F.);
#13=B_SPLINE_SURFACE_WITH_KNOTS('',1,3,((#4715,#4716,#4717,#4718,#4719,
#4720),(#4721,#4722,#4723,#4724,#4725,#4726),(#4727,#4728,#4729,#4730,#4731,
#4732),(#4733,#4734,#4735,#4736,#4737,#4738)),.RULED_SURF.,.F.,.F.,.F.,
(2,1,1,2),(4,2,4),(-0.00666807563293927,0.,1.,1.0178324133796),(0.0036978025442182,
0.00517453763739803,0.00764743853257024),.UNSPECIFIED.);
#14=B_SPLINE_SURFACE_WITH_KNOTS('',1,3,((#4743,#4744,#4745,#4746,#4747,
#4748,#4749,#4750,#4751,#4752),(#4753,#4754,#4755,#4756,#4757,#4758,#4759,
#4760,#4761,#4762)),.RULED_SURF.,.F.,.F.,.F.,(2,2),(4,2,2,2,4),(0.,1.),
(0.0028447718810636,0.00292210727250575,0.00529998426374287,0.00767786125497999,
0.00890293713375851),.UNSPECIFIED.);
#15=B_SPLINE_SURFACE_WITH_KNOTS('',1,3,((#4763,#4764,#4765,#4766,#4767,
#4768,#4769,#4770,#4771,#4772),(#4773,#4774,#4775,#4776,#4777,#4778,#4779,
#4780,#4781,#4782)),.RULED_SURF.,.F.,.F.,.F.,(2,2),(4,2,2,2,4),(0.,1.),
(0.00279960595574961,0.00405427862660373,0.00642526053336058,0.00879624244011743,
0.00888144257653072),.UNSPECIFIED.);
#16=B_SPLINE_SURFACE_WITH_KNOTS('',1,3,((#4787,#4788,#4789,#4790,#4791,
#4792),(#4793,#4794,#4795,#4796,#4797,#4798)),.RULED_SURF.,.F.,.F.,.F.,
(2,2),(4,2,4),(0.,1.),(0.00327704503754973,0.00574738155384732,0.00726834371333079),
 .UNSPECIFIED.);
#17=B_SPLINE_SURFACE_WITH_KNOTS('',3,3,((#4876,#4877,#4878,#4879),(#4880,
#4881,#4882,#4883),(#4884,#4885,#4886,#4887),(#4888,#4889,#4890,#4891)),
 .UNSPECIFIED.,.F.,.F.,.F.,(4,4),(4,4),(4.83011649499995E-5,0.000121527642882871),
(0.000198760767441514,0.000312512009693266),.UNSPECIFIED.);
#18=B_SPLINE_SURFACE_WITH_KNOTS('',3,1,((#4901,#4902,#4903),(#4904,#4905,
#4906),(#4907,#4908,#4909),(#4910,#4911,#4912),(#4913,#4914,#4915),(#4916,
#4917,#4918),(#4919,#4920,#4921)),.RULED_SURF.,.F.,.F.,.F.,(4,3,4),(2,1,
2),(-0.00281205492631305,0.,0.328670548402839),(0.812484552589762,1.,1.00165220612353),
 .PIECEWISE_BEZIER_KNOTS.);
#19=B_SPLINE_SURFACE_WITH_KNOTS('',3,1,((#4926,#4927,#4928),(#4929,#4930,
#4931),(#4932,#4933,#4934),(#4935,#4936,#4937),(#4938,#4939,#4940),(#4941,
#4942,#4943),(#4944,#4945,#4946)),.RULED_SURF.,.F.,.F.,.F.,(4,3,4),(2,1,
2),(0.678615431064177,1.,1.00230294333922),(0.827389524988778,1.,1.00207889262784),
 .PIECEWISE_BEZIER_KNOTS.);
#20=VERTEX_LOOP('',#1343);
#21=VERTEX_LOOP('',#1345);
#22=(
BOUNDED_SURFACE()
B_SPLINE_SURFACE(3,3,((#3063,#3064,#3065,#3066,#3067,#3068,#3069,#3070,
#3071,#3072,#3073,#3074),(#3075,#3076,#3077,#3078,#3079,#3080,#3081,#3082,
#3083,#3084,#3085,#3086),(#3087,#3088,#3089,#3090,#3091,#3092,#3093,#3094,
#3095,#3096,#3097,#3098),(#3099,#3100,#3101,#3102,#3103,#3104,#3105,#3106,
#3107,#3108,#3109,#3110),(#3111,#3112,#3113,#3114,#3115,#3116,#3117,#3118,
#3119,#3120,#3121,#3122),(#3123,#3124,#3125,#3126,#3127,#3128,#3129,#3130,
#3131,#3132,#3133,#3134),(#3135,#3136,#3137,#3138,#3139,#3140,#3141,#3142,
#3143,#3144,#3145,#3146)),.UNSPECIFIED.,.T.,.F.,.F.)
B_SPLINE_SURFACE_WITH_KNOTS((4,3,4),(4,2,2,2,2,4),(0.,0.5,1.),(0.,0.5,0.75,
1.,1.27792820914857,1.35891660484454),.UNSPECIFIED.)
GEOMETRIC_REPRESENTATION_ITEM()
RATIONAL_B_SPLINE_SURFACE(((1.,1.,1.,1.,1.,1.,1.,1.,1.,1.,1.,1.),(0.333333333333334,
0.333333333333334,0.333333333333334,0.333333333333334,0.333333333333334,
0.333333333333334,0.333333333333334,0.333333333333334,0.333333333333334,
0.333333333333334,0.333333333333334,0.333333333333334),(0.333333333333334,
0.333333333333334,0.333333333333334,0.333333333333334,0.333333333333334,
0.333333333333334,0.333333333333334,0.333333333333334,0.333333333333334,
0.333333333333334,0.333333333333334,0.333333333333334),(1.,1.,1.,1.,1.,
1.,1.,1.,1.,1.,1.,1.),(0.333333333333334,0.333333333333334,0.333333333333334,
0.333333333333334,0.333333333333334,0.333333333333334,0.333333333333334,
0.333333333333334,0.333333333333334,0.333333333333334,0.333333333333334,
0.333333333333334),(0.333333333333334,0.333333333333334,0.333333333333334,
0.333333333333334,0.333333333333334,0.333333333333334,0.333333333333334,
0.333333333333334,0.333333333333334,0.333333333333334,0.333333333333334,
0.333333333333334),(1.,1.,1.,1.,1.,1.,1.,1.,1.,1.,1.,1.)))
REPRESENTATION_ITEM('')
SURFACE()
);
#23=(
BOUNDED_SURFACE()
B_SPLINE_SURFACE(3,3,((#3182,#3183,#3184,#3185),(#3186,#3187,#3188,#3189),
(#3190,#3191,#3192,#3193),(#3194,#3195,#3196,#3197),(#3198,#3199,#3200,
#3201),(#3202,#3203,#3204,#3205),(#3206,#3207,#3208,#3209)),
 .UNSPECIFIED.,.F.,.F.,.F.)
B_SPLINE_SURFACE_WITH_KNOTS((4,3,4),(4,4),(0.246519874378451,0.5,0.877160348611806),
(0.919990327954555,1.),.PIECEWISE_BEZIER_KNOTS.)
GEOMETRIC_REPRESENTATION_ITEM()
RATIONAL_B_SPLINE_SURFACE(((0.500096890194734,0.500096890194734,0.500096890194734,
0.500096890194734),(0.495392129236179,0.495392129236179,0.495392129236179,
0.495392129236179),(0.662026499171268,0.662026499171268,0.662026499171268,
0.662026499171268),(1.,1.,1.,1.),(0.497119535184259,0.497119535184259,0.497119535184259,
0.497119535184259),(0.373572213208462,0.373572213208462,0.373572213208462,
0.373572213208462),(0.629358034072608,0.629358034072608,0.629358034072608,
0.629358034072608)))
REPRESENTATION_ITEM('')
SURFACE()
);
#24=(
BOUNDED_SURFACE()
B_SPLINE_SURFACE(3,3,((#3230,#3231,#3232,#3233),(#3234,#3235,#3236,#3237),
(#3238,#3239,#3240,#3241),(#3242,#3243,#3244,#3245),(#3246,#3247,#3248,
#3249),(#3250,#3251,#3252,#3253),(#3254,#3255,#3256,#3257)),
 .UNSPECIFIED.,.F.,.F.,.F.)
B_SPLINE_SURFACE_WITH_KNOTS((4,3,4),(4,4),(0.24598013939727,0.5,0.885757715205071),
(0.910097675479073,0.919990327954555),.PIECEWISE_BEZIER_KNOTS.)
GEOMETRIC_REPRESENTATION_ITEM()
RATIONAL_B_SPLINE_SURFACE(((0.500129274234123,0.500129274234123,0.500129274234123,
0.500129274234123),(0.494683277274401,0.494683277274401,0.494683277274401,
0.494683277274401),(0.661306852529693,0.661306852529693,0.661306852529693,
0.661306852529693),(1.,1.,1.,1.),(0.485656379726573,0.485656379726573,0.485656379726573,
0.485656379726573),(0.368136799027109,0.368136799027109,0.368136799027109,
0.368136799027109),(0.647441257901609,0.647441257901609,0.647441257901609,
0.647441257901609)))
REPRESENTATION_ITEM('')
SURFACE()
);
#25=(
BOUNDED_SURFACE()
B_SPLINE_SURFACE(3,3,((#3259,#3260,#3261,#3262,#3263,#3264,#3265,#3266),
(#3267,#3268,#3269,#3270,#3271,#3272,#3273,#3274),(#3275,#3276,#3277,#3278,
#3279,#3280,#3281,#3282),(#3283,#3284,#3285,#3286,#3287,#3288,#3289,#3290),
(#3291,#3292,#3293,#3294,#3295,#3296,#3297,#3298),(#3299,#3300,#3301,#3302,
#3303,#3304,#3305,#3306),(#3307,#3308,#3309,#3310,#3311,#3312,#3313,#3314)),
 .UNSPECIFIED.,.F.,.F.,.F.)
B_SPLINE_SURFACE_WITH_KNOTS((4,3,4),(4,2,2,4),(0.236988416280747,0.5,0.985272119468573),
(0.814650004169758,0.862373839824416,0.886235757651745,0.910097675479073),
 .UNSPECIFIED.)
GEOMETRIC_REPRESENTATION_ITEM()
RATIONAL_B_SPLINE_SURFACE(((0.501354410487065,0.501354410487065,0.501354410487065,
0.501354410487065,0.501354410487065,0.501354410487065,0.501354410487065,
0.501354410487065),(0.483102691870017,0.483102691870017,0.483102691870017,
0.483102691870017,0.483102691870017,0.483102691870017,0.483102691870017,
0.483102691870017),(0.649317888374329,0.649317888374329,0.649317888374329,
0.649317888374329,0.649317888374329,0.649317888374329,0.649317888374329,
0.649317888374329),(1.,1.,1.,1.,1.,1.,1.,1.),(0.352970507375237,0.352970507375237,
0.352970507375237,0.352970507375237,0.352970507375237,0.352970507375237,
0.352970507375237,0.352970507375237),(0.333911761239862,0.333911761239862,
0.333911761239862,0.333911761239862,0.333911761239862,0.333911761239862,
0.333911761239862,0.333911761239862),(0.942823761593874,0.942823761593874,
0.942823761593874,0.942823761593874,0.942823761593874,0.942823761593874,
0.942823761593874,0.942823761593874)))
REPRESENTATION_ITEM('')
SURFACE()
);
#26=(
BOUNDED_SURFACE()
B_SPLINE_SURFACE(3,3,((#3316,#3317,#3318,#3319,#3320,#3321,#3322,#3323,
#3324,#3325),(#3326,#3327,#3328,#3329,#3330,#3331,#3332,#3333,#3334,#3335),
(#3336,#3337,#3338,#3339,#3340,#3341,#3342,#3343,#3344,#3345),(#3346,#3347,
#3348,#3349,#3350,#3351,#3352,#3353,#3354,#3355),(#3356,#3357,#3358,#3359,
#3360,#3361,#3362,#3363,#3364,#3365),(#3366,#3367,#3368,#3369,#3370,#3371,
#3372,#3373,#3374,#3375),(#3376,#3377,#3378,#3379,#3380,#3381,#3382,#3383,
#3384,#3385)),.UNSPECIFIED.,.F.,.F.,.F.)
B_SPLINE_SURFACE_WITH_KNOTS((4,3,4),(4,2,2,2,4),(0.234988617944522,0.5,
0.985284046695268),(0.667838397227886,0.68618984809562,0.704541298963354,
0.741244200698822,0.814650004169758),.UNSPECIFIED.)
GEOMETRIC_REPRESENTATION_ITEM()
RATIONAL_B_SPLINE_SURFACE(((0.501802732729724,0.501802732729724,0.501802732729724,
0.501802732729724,0.501802732729724,0.501802732729724,0.501802732729724,
0.501802732729724,0.501802732729724,0.501802732729724),(0.480585734835938,
0.480585734835938,0.480585734835938,0.480585734835938,0.480585734835938,
0.480585734835938,0.480585734835938,0.480585734835938,0.480585734835938,
0.480585734835938),(0.646651490592696,0.646651490592696,0.646651490592696,
0.646651490592696,0.646651490592696,0.646651490592696,0.646651490592696,
0.646651490592696,0.646651490592696,0.646651490592696),(1.,1.,1.,1.,1.,
1.,1.,1.,1.,1.),(0.35295460440631,0.35295460440631,0.35295460440631,0.35295460440631,
0.35295460440631,0.35295460440631,0.35295460440631,0.35295460440631,0.35295460440631,
0.35295460440631),(0.333910824751112,0.333910824751112,0.333910824751112,
0.333910824751112,0.333910824751112,0.333910824751112,0.333910824751112,
0.333910824751112,0.333910824751112,0.333910824751112),(0.942868661034408,
0.942868661034408,0.942868661034408,0.942868661034408,0.942868661034408,
0.942868661034408,0.942868661034408,0.942868661034408,0.942868661034408,
0.942868661034408)))
REPRESENTATION_ITEM('')
SURFACE()
);
#27=(
BOUNDED_SURFACE()
B_SPLINE_SURFACE(3,3,((#3387,#3388,#3389,#3390,#3391,#3392,#3393,#3394,
#3395,#3396,#3397,#3398,#3399,#3400,#3401,#3402),(#3403,#3404,#3405,#3406,
#3407,#3408,#3409,#3410,#3411,#3412,#3413,#3414,#3415,#3416,#3417,#3418),
(#3419,#3420,#3421,#3422,#3423,#3424,#3425,#3426,#3427,#3428,#3429,#3430,
#3431,#3432,#3433,#3434),(#3435,#3436,#3437,#3438,#3439,#3440,#3441,#3442,
#3443,#3444,#3445,#3446,#3447,#3448,#3449,#3450),(#3451,#3452,#3453,#3454,
#3455,#3456,#3457,#3458,#3459,#3460,#3461,#3462,#3463,#3464,#3465,#3466),
(#3467,#3468,#3469,#3470,#3471,#3472,#3473,#3474,#3475,#3476,#3477,#3478,
#3479,#3480,#3481,#3482),(#3483,#3484,#3485,#3486,#3487,#3488,#3489,#3490,
#3491,#3492,#3493,#3494,#3495,#3496,#3497,#3498)),.UNSPECIFIED.,.F.,.F.,
 .F.)
B_SPLINE_SURFACE_WITH_KNOTS((4,3,4),(4,2,2,2,2,2,2,4),(0.237320223890808,
0.5,0.981915793402635),(0.417115443700042,0.448455812891022,0.479796182082003,
0.542476920463964,0.605157658845925,0.636498028036905,0.652168212632396,
0.667838397227886),.UNSPECIFIED.)
GEOMETRIC_REPRESENTATION_ITEM()
RATIONAL_B_SPLINE_SURFACE(((0.501286213777434,0.501286213777434,0.501286213777434,
0.501286213777434,0.501286213777434,0.501286213777434,0.501286213777434,
0.501286213777434,0.501286213777434,0.501286213777434,0.501286213777434,
0.501286213777434,0.501286213777434,0.501286213777434,0.501286213777434,
0.501286213777434),(0.483522369780222,0.483522369780222,0.483522369780222,
0.483522369780222,0.483522369780222,0.483522369780222,0.483522369780222,
0.483522369780222,0.483522369780222,0.483522369780222,0.483522369780222,
0.483522369780222,0.483522369780222,0.483522369780222,0.483522369780222,
0.483522369780222),(0.649760298521077,0.649760298521077,0.649760298521077,
0.649760298521077,0.649760298521077,0.649760298521077,0.649760298521077,
0.649760298521077,0.649760298521077,0.649760298521077,0.649760298521077,
0.649760298521077,0.649760298521077,0.649760298521077,0.649760298521077,
0.649760298521077),(1.,1.,1.,1.,1.,1.,1.,1.,1.,1.,1.,1.,1.,1.,1.,1.),(0.357445608796487,
0.357445608796487,0.357445608796487,0.357445608796487,0.357445608796487,
0.357445608796487,0.357445608796487,0.357445608796487,0.357445608796487,
0.357445608796487,0.357445608796487,0.357445608796487,0.357445608796487,
0.357445608796487,0.357445608796487,0.357445608796487),(0.33420543607535,
0.33420543607535,0.33420543607535,0.33420543607535,0.33420543607535,0.33420543607535,
0.33420543607535,0.33420543607535,0.33420543607535,0.33420543607535,0.33420543607535,
0.33420543607535,0.33420543607535,0.33420543607535,0.33420543607535,0.33420543607535),
(0.930279481836588,0.930279481836588,0.930279481836588,0.930279481836588,
0.930279481836588,0.930279481836588,0.930279481836588,0.930279481836588,
0.930279481836588,0.930279481836588,0.930279481836588,0.930279481836588,
0.930279481836588,0.930279481836588,0.930279481836588,0.930279481836588)))
REPRESENTATION_ITEM('')
SURFACE()
);
#28=(
BOUNDED_SURFACE()
B_SPLINE_SURFACE(3,3,((#3500,#3501,#3502,#3503,#3504,#3505,#3506,#3507,
#3508,#3509),(#3510,#3511,#3512,#3513,#3514,#3515,#3516,#3517,#3518,#3519),
(#3520,#3521,#3522,#3523,#3524,#3525,#3526,#3527,#3528,#3529),(#3530,#3531,
#3532,#3533,#3534,#3535,#3536,#3537,#3538,#3539),(#3540,#3541,#3542,#3543,
#3544,#3545,#3546,#3547,#3548,#3549),(#3550,#3551,#3552,#3553,#3554,#3555,
#3556,#3557,#3558,#3559),(#3560,#3561,#3562,#3563,#3564,#3565,#3566,#3567,
#3568,#3569)),.UNSPECIFIED.,.F.,.F.,.F.)
B_SPLINE_SURFACE_WITH_KNOTS((4,3,4),(4,2,2,2,4),(0.238808835082765,0.5,
0.97712214855277),(0.23530366556163,0.280756610096233,0.326209554630836,
0.371662499165439,0.417115443700042),.UNSPECIFIED.)
GEOMETRIC_REPRESENTATION_ITEM()
RATIONAL_B_SPLINE_SURFACE(((0.501001937377638,0.501001937377638,0.501001937377638,
0.501001937377638,0.501001937377638,0.501001937377638,0.501001937377638,
0.501001937377638,0.501001937377638,0.501001937377638),(0.4854124259029,
0.4854124259029,0.4854124259029,0.4854124259029,0.4854124259029,0.4854124259029,
0.4854124259029,0.4854124259029,0.4854124259029,0.4854124259029),(0.651745113443687,
0.651745113443687,0.651745113443687,0.651745113443687,0.651745113443687,
0.651745113443687,0.651745113443687,0.651745113443687,0.651745113443687,
0.651745113443687),(1.,1.,1.,1.,1.,1.,1.,1.,1.,1.),(0.363837135262973,0.363837135262973,
0.363837135262973,0.363837135262973,0.363837135262973,0.363837135262973,
0.363837135262973,0.363837135262973,0.363837135262973,0.363837135262973),
(0.334729056231578,0.334729056231578,0.334729056231578,0.334729056231578,
0.334729056231578,0.334729056231578,0.334729056231578,0.334729056231578,
0.334729056231578,0.334729056231578),(0.912675762905813,0.912675762905813,
0.912675762905813,0.912675762905813,0.912675762905813,0.912675762905813,
0.912675762905813,0.912675762905813,0.912675762905813,0.912675762905813)))
REPRESENTATION_ITEM('')
SURFACE()
);
#29=(
BOUNDED_SURFACE()
B_SPLINE_SURFACE(3,3,((#3571,#3572,#3573,#3574,#3575,#3576,#3577,#3578,
#3579,#3580,#3581,#3582),(#3583,#3584,#3585,#3586,#3587,#3588,#3589,#3590,
#3591,#3592,#3593,#3594),(#3595,#3596,#3597,#3598,#3599,#3600,#3601,#3602,
#3603,#3604,#3605,#3606),(#3607,#3608,#3609,#3610,#3611,#3612,#3613,#3614,
#3615,#3616,#3617,#3618),(#3619,#3620,#3621,#3622,#3623,#3624,#3625,#3626,
#3627,#3628,#3629,#3630),(#3631,#3632,#3633,#3634,#3635,#3636,#3637,#3638,
#3639,#3640,#3641,#3642),(#3643,#3644,#3645,#3646,#3647,#3648,#3649,#3650,
#3651,#3652,#3653,#3654)),.UNSPECIFIED.,.T.,.F.,.F.)
B_SPLINE_SURFACE_WITH_KNOTS((4,3,4),(4,2,2,2,2,4),(0.,0.5,1.),(0.,0.5,0.75,
1.,1.27792820914863,1.35898557936653),.UNSPECIFIED.)
GEOMETRIC_REPRESENTATION_ITEM()
RATIONAL_B_SPLINE_SURFACE(((1.,1.,1.,1.,1.,1.,1.,1.,1.,1.,1.,1.),(0.333333333333334,
0.333333333333334,0.333333333333334,0.333333333333334,0.333333333333334,
0.333333333333334,0.333333333333334,0.333333333333334,0.333333333333334,
0.333333333333334,0.333333333333333,0.333333333333333),(0.333333333333334,
0.333333333333334,0.333333333333334,0.333333333333334,0.333333333333334,
0.333333333333334,0.333333333333334,0.333333333333334,0.333333333333334,
0.333333333333334,0.333333333333333,0.333333333333333),(1.,1.,1.,1.,1.,
1.,1.,1.,1.,1.,1.,1.),(0.333333333333334,0.333333333333334,0.333333333333334,
0.333333333333334,0.333333333333334,0.333333333333334,0.333333333333334,
0.333333333333334,0.333333333333334,0.333333333333334,0.333333333333333,
0.333333333333333),(0.333333333333334,0.333333333333334,0.333333333333334,
0.333333333333334,0.333333333333334,0.333333333333334,0.333333333333334,
0.333333333333334,0.333333333333334,0.333333333333334,0.333333333333333,
0.333333333333333),(1.,1.,1.,1.,1.,1.,1.,1.,1.,1.,1.,1.)))
REPRESENTATION_ITEM('')
SURFACE()
);
#30=(
BOUNDED_SURFACE()
B_SPLINE_SURFACE(3,3,((#3679,#3680,#3681,#3682,#3683,#3684,#3685,#3686,
#3687,#3688,#3689,#3690,#3691,#3692,#3693,#3694,#3695,#3696),(#3697,#3698,
#3699,#3700,#3701,#3702,#3703,#3704,#3705,#3706,#3707,#3708,#3709,#3710,
#3711,#3712,#3713,#3714),(#3715,#3716,#3717,#3718,#3719,#3720,#3721,#3722,
#3723,#3724,#3725,#3726,#3727,#3728,#3729,#3730,#3731,#3732),(#3733,#3734,
#3735,#3736,#3737,#3738,#3739,#3740,#3741,#3742,#3743,#3744,#3745,#3746,
#3747,#3748,#3749,#3750),(#3751,#3752,#3753,#3754,#3755,#3756,#3757,#3758,
#3759,#3760,#3761,#3762,#3763,#3764,#3765,#3766,#3767,#3768),(#3769,#3770,
#3771,#3772,#3773,#3774,#3775,#3776,#3777,#3778,#3779,#3780,#3781,#3782,
#3783,#3784,#3785,#3786),(#3787,#3788,#3789,#3790,#3791,#3792,#3793,#3794,
#3795,#3796,#3797,#3798,#3799,#3800,#3801,#3802,#3803,#3804),(#3805,#3806,
#3807,#3808,#3809,#3810,#3811,#3812,#3813,#3814,#3815,#3816,#3817,#3818,
#3819,#3820,#3821,#3822),(#3823,#3824,#3825,#3826,#3827,#3828,#3829,#3830,
#3831,#3832,#3833,#3834,#3835,#3836,#3837,#3838,#3839,#3840),(#3841,#3842,
#3843,#3844,#3845,#3846,#3847,#3848,#3849,#3850,#3851,#3852,#3853,#3854,
#3855,#3856,#3857,#3858)),.UNSPECIFIED.,.F.,.F.,.F.)
B_SPLINE_SURFACE_WITH_KNOTS((4,3,3,4),(4,2,2,2,2,2,2,2,4),(0.237991071402329,
0.5,1.,1.0045476082786),(-0.0139398905879754,0.,0.0147064790976019,0.0294129581952037,
0.0588259163904074,0.117651832780815,0.176477749171222,0.205890707366426,
0.23530366556163),.UNSPECIFIED.)
GEOMETRIC_REPRESENTATION_ITEM()
RATIONAL_B_SPLINE_SURFACE(((0.501153714928512,0.501153714928512,0.501153714928512,
0.501153714928512,0.501153714928512,0.501153714928512,0.501153714928512,
0.501153714928512,0.501153714928512,0.501153714928512,0.501153714928512,
0.501153714928512,0.501153714928512,0.501153714928512,0.501153714928512,
0.501153714928512,0.501153714928512,0.501153714928512),(0.484372666845943,
0.484372666845943,0.484372666845943,0.484372666845943,0.484372666845943,
0.484372666845943,0.484372666845943,0.484372666845943,0.484372666845943,
0.484372666845943,0.484372666845943,0.484372666845943,0.484372666845943,
0.484372666845943,0.484372666845943,0.484372666845943,0.484372666845943,
0.484372666845943),(0.650654761869772,0.650654761869772,0.650654761869772,
0.650654761869772,0.650654761869772,0.650654761869772,0.650654761869772,
0.650654761869772,0.650654761869772,0.650654761869772,0.650654761869772,
0.650654761869772,0.650654761869772,0.650654761869772,0.650654761869772,
0.650654761869772,0.650654761869772,0.650654761869772),(1.,1.,1.,1.,1.,
1.,1.,1.,1.,1.,1.,1.,1.,1.,1.,1.,1.,1.),(0.333333333333333,0.333333333333333,
0.333333333333333,0.333333333333334,0.333333333333334,0.333333333333334,
0.333333333333334,0.333333333333334,0.333333333333334,0.333333333333334,
0.333333333333334,0.333333333333334,0.333333333333334,0.333333333333334,
0.333333333333334,0.333333333333334,0.333333333333334,0.333333333333334),
(0.333333333333333,0.333333333333333,0.333333333333333,0.333333333333334,
0.333333333333334,0.333333333333334,0.333333333333334,0.333333333333334,
0.333333333333334,0.333333333333334,0.333333333333334,0.333333333333334,
0.333333333333334,0.333333333333334,0.333333333333334,0.333333333333334,
0.333333333333334,0.333333333333334),(1.,1.,1.,1.,1.,1.,1.,1.,1.,1.,1.,
1.,1.,1.,1.,1.,1.,1.),(1.,1.,1.,1.,1.,1.,1.,1.,1.,1.,1.,1.,1.,1.,1.,1.,
1.,1.),(1.,1.,1.,1.,1.,1.,1.,1.,1.,1.,1.,1.,1.,1.,1.,1.,1.,1.),(1.,1.,1.,
1.,1.,1.,1.,1.,1.,1.,1.,1.,1.,1.,1.,1.,1.,1.)))
REPRESENTATION_ITEM('')
SURFACE()
);
#31=(
BOUNDED_SURFACE()
B_SPLINE_SURFACE(3,3,((#3859,#3860,#3861,#3862),(#3863,#3864,#3865,#3866),
(#3867,#3868,#3869,#3870),(#3871,#3872,#3873,#3874),(#3875,#3876,#3877,
#3878),(#3879,#3880,#3881,#3882),(#3883,#3884,#3885,#3886)),
 .UNSPECIFIED.,.F.,.F.,.F.)
B_SPLINE_SURFACE_WITH_KNOTS((4,3,4),(4,4),(0.12283965138819,0.5,0.753480125621596),
(0.919990327954555,1.),.PIECEWISE_BEZIER_KNOTS.)
GEOMETRIC_REPRESENTATION_ITEM()
RATIONAL_B_SPLINE_SURFACE(((0.629358034072617,0.629358034072617,0.629358034072617,
0.629358034072617),(0.373572213208459,0.373572213208459,0.373572213208459,
0.373572213208459),(0.497119535184253,0.497119535184253,0.497119535184253,
0.497119535184253),(1.,1.,1.,1.),(0.662026499171206,0.662026499171206,0.662026499171206,
0.662026499171206),(0.495392129236118,0.495392129236118,0.495392129236118,
0.495392129236118),(0.500096890194737,0.500096890194737,0.500096890194737,
0.500096890194737)))
REPRESENTATION_ITEM('')
SURFACE()
);
#32=(
BOUNDED_SURFACE()
B_SPLINE_SURFACE(3,3,((#3888,#3889,#3890,#3891),(#3892,#3893,#3894,#3895),
(#3896,#3897,#3898,#3899),(#3900,#3901,#3902,#3903),(#3904,#3905,#3906,
#3907),(#3908,#3909,#3910,#3911),(#3912,#3913,#3914,#3915)),
 .UNSPECIFIED.,.F.,.F.,.F.)
B_SPLINE_SURFACE_WITH_KNOTS((4,3,4),(4,4),(0.114242284794918,0.5,0.754019860604755),
(0.910097675479074,0.919990327954555),.PIECEWISE_BEZIER_KNOTS.)
GEOMETRIC_REPRESENTATION_ITEM()
RATIONAL_B_SPLINE_SURFACE(((0.647441257901634,0.647441257901634,0.647441257901634,
0.647441257901634),(0.368136799027102,0.368136799027102,0.368136799027102,
0.368136799027102),(0.485656379726557,0.485656379726557,0.485656379726557,
0.485656379726557),(1.,1.,1.,1.),(0.661306852526994,0.661306852526994,0.661306852526994,
0.661306852526994),(0.494683277271745,0.494683277271745,0.494683277271745,
0.494683277271745),(0.500129274234253,0.500129274234253,0.500129274234253,
0.500129274234253)))
REPRESENTATION_ITEM('')
SURFACE()
);
#33=(
BOUNDED_SURFACE()
B_SPLINE_SURFACE(3,3,((#3917,#3918,#3919,#3920,#3921,#3922,#3923,#3924),
(#3925,#3926,#3927,#3928,#3929,#3930,#3931,#3932),(#3933,#3934,#3935,#3936,
#3937,#3938,#3939,#3940),(#3941,#3942,#3943,#3944,#3945,#3946,#3947,#3948),
(#3949,#3950,#3951,#3952,#3953,#3954,#3955,#3956),(#3957,#3958,#3959,#3960,
#3961,#3962,#3963,#3964),(#3965,#3966,#3967,#3968,#3969,#3970,#3971,#3972)),
 .UNSPECIFIED.,.F.,.F.,.F.)
B_SPLINE_SURFACE_WITH_KNOTS((4,3,4),(4,2,2,4),(0.014729181483016,0.5,0.762793457845111),
(0.814650004169759,0.862373839824416,0.886235757651745,0.910097675479074),
 .UNSPECIFIED.)
GEOMETRIC_REPRESENTATION_ITEM()
RATIONAL_B_SPLINE_SURFACE(((0.942818864365213,0.942818864365213,0.942818864365213,
0.942818864365213,0.942818864365213,0.942818864365213,0.942818864365213,
0.942818864365213),(0.333911863432426,0.333911863432426,0.333911863432426,
0.333911863432426,0.333911863432426,0.333911863432426,0.333911863432426,
0.333911863432426),(0.352972241977355,0.352972241977355,0.352972241977355,
0.352972241977355,0.352972241977355,0.352972241977355,0.352972241977355,
0.352972241977355),(1.,1.,1.,1.,1.,1.,1.,1.),(0.649608722873185,0.649608722873185,
0.649608722873185,0.649608722873185,0.649608722873185,0.649608722873185,
0.649608722873185,0.649608722873185),(0.483378516376211,0.483378516376211,
0.483378516376211,0.483378516376211,0.483378516376211,0.483378516376211,
0.483378516376211,0.483378516376211),(0.501309380509077,0.501309380509077,
0.501309380509077,0.501309380509077,0.501309380509077,0.501309380509077,
0.501309380509077,0.501309380509077)))
REPRESENTATION_ITEM('')
SURFACE()
);
#34=(
BOUNDED_SURFACE()
B_SPLINE_SURFACE(3,3,((#3974,#3975,#3976,#3977,#3978,#3979,#3980,#3981,
#3982,#3983),(#3984,#3985,#3986,#3987,#3988,#3989,#3990,#3991,#3992,#3993),
(#3994,#3995,#3996,#3997,#3998,#3999,#4000,#4001,#4002,#4003),(#4004,#4005,
#4006,#4007,#4008,#4009,#4010,#4011,#4012,#4013),(#4014,#4015,#4016,#4017,
#4018,#4019,#4020,#4021,#4022,#4023),(#4024,#4025,#4026,#4027,#4028,#4029,
#4030,#4031,#4032,#4033),(#4034,#4035,#4036,#4037,#4038,#4039,#4040,#4041,
#4042,#4043)),.UNSPECIFIED.,.F.,.F.,.F.)
B_SPLINE_SURFACE_WITH_KNOTS((4,3,4),(4,2,2,2,4),(0.0147149284830761,0.5,
0.76518321048159),(0.667838397227886,0.68618984809562,0.704541298963354,
0.741244200698823,0.814650004169759),.UNSPECIFIED.)
GEOMETRIC_REPRESENTATION_ITEM()
RATIONAL_B_SPLINE_SURFACE(((0.942872519029792,0.942872519029792,0.942872519029792,
0.942872519029792,0.942872519029792,0.942872519029792,0.942872519029792,
0.942872519029792,0.942872519029792,0.942872519029792),(0.333910744320699,
0.333910744320699,0.333910744320699,0.333910744320699,0.333910744320699,
0.333910744320699,0.333910744320699,0.333910744320699,0.333910744320699,
0.333910744320699),(0.352953237977435,0.352953237977435,0.352953237977435,
0.352953237977435,0.352953237977435,0.352953237977435,0.352953237977435,
0.352953237977435,0.352953237977435,0.352953237977435),(1.,1.,1.,1.,1.,
1.,1.,1.,1.,1.),(0.646422386024547,0.646422386024547,0.646422386024547,
0.646422386024547,0.646422386024547,0.646422386024547,0.646422386024547,
0.646422386024547,0.646422386024547,0.646422386024547),(0.480370465705956,
0.480370465705956,0.480370465705956,0.480370465705956,0.480370465705956,
0.480370465705956,0.480370465705956,0.480370465705956,0.480370465705956,
0.480370465705956),(0.501844239044226,0.501844239044226,0.501844239044226,
0.501844239044226,0.501844239044226,0.501844239044226,0.501844239044226,
0.501844239044226,0.501844239044226,0.501844239044226)))
REPRESENTATION_ITEM('')
SURFACE()
);
#35=(
BOUNDED_SURFACE()
B_SPLINE_SURFACE(3,3,((#4045,#4046,#4047,#4048,#4049,#4050,#4051,#4052,
#4053,#4054,#4055,#4056,#4057,#4058,#4059,#4060),(#4061,#4062,#4063,#4064,
#4065,#4066,#4067,#4068,#4069,#4070,#4071,#4072,#4073,#4074,#4075,#4076),
(#4077,#4078,#4079,#4080,#4081,#4082,#4083,#4084,#4085,#4086,#4087,#4088,
#4089,#4090,#4091,#4092),(#4093,#4094,#4095,#4096,#4097,#4098,#4099,#4100,
#4101,#4102,#4103,#4104,#4105,#4106,#4107,#4108),(#4109,#4110,#4111,#4112,
#4113,#4114,#4115,#4116,#4117,#4118,#4119,#4120,#4121,#4122,#4123,#4124),
(#4125,#4126,#4127,#4128,#4129,#4130,#4131,#4132,#4133,#4134,#4135,#4136,
#4137,#4138,#4139,#4140),(#4141,#4142,#4143,#4144,#4145,#4146,#4147,#4148,
#4149,#4150,#4151,#4152,#4153,#4154,#4155,#4156)),.UNSPECIFIED.,.F.,.F.,
 .F.)
B_SPLINE_SURFACE_WITH_KNOTS((4,3,4),(4,2,2,2,2,2,2,4),(0.0180841719740485,
0.5,0.762679776316039),(0.417115443700042,0.448455812891023,0.479796182082003,
0.542476920463964,0.605157658845925,0.636498028036906,0.652168212632396,
0.667838397227886),.UNSPECIFIED.)
GEOMETRIC_REPRESENTATION_ITEM()
RATIONAL_B_SPLINE_SURFACE(((0.930279610311701,0.930279610311701,0.930279610311701,
0.930279610311701,0.930279610311701,0.930279610311701,0.930279610311701,
0.930279610311701,0.930279610311701,0.930279610311701,0.930279610311701,
0.930279610311701,0.930279610311701,0.930279610311701,0.930279610311701,
0.930279610311701),(0.334205432735965,0.334205432735965,0.334205432735965,
0.334205432735965,0.334205432735965,0.334205432735965,0.334205432735965,
0.334205432735965,0.334205432735965,0.334205432735965,0.334205432735965,
0.334205432735965,0.334205432735965,0.334205432735965,0.334205432735965,
0.334205432735965),(0.357445562632065,0.357445562632065,0.357445562632065,
0.357445562632065,0.357445562632065,0.357445562632065,0.357445562632065,
0.357445562632065,0.357445562632065,0.357445562632065,0.357445562632065,
0.357445562632065,0.357445562632065,0.357445562632065,0.357445562632065,
0.357445562632065),(1.,1.,1.,1.,1.,1.,1.,1.,1.,1.,1.,1.,1.,1.,1.,1.),(0.649760298245282,
0.649760298245282,0.649760298245282,0.649760298245282,0.649760298245282,
0.649760298245282,0.649760298245282,0.649760298245282,0.649760298245282,
0.649760298245282,0.649760298245282,0.649760298245282,0.649760298245282,
0.649760298245282,0.649760298245282,0.649760298245282),(0.483522369518415,
0.483522369518415,0.483522369518415,0.483522369518415,0.483522369518415,
0.483522369518415,0.483522369518415,0.483522369518415,0.483522369518415,
0.483522369518415,0.483522369518415,0.483522369518415,0.483522369518415,
0.483522369518415,0.483522369518415,0.483522369518415),(0.501286213819398,
0.501286213819398,0.501286213819398,0.501286213819398,0.501286213819398,
0.501286213819398,0.501286213819398,0.501286213819398,0.501286213819398,
0.501286213819398,0.501286213819398,0.501286213819398,0.501286213819398,
0.501286213819398,0.501286213819398,0.501286213819398)))
REPRESENTATION_ITEM('')
SURFACE()
);
#36=(
BOUNDED_SURFACE()
B_SPLINE_SURFACE(3,3,((#4158,#4159,#4160,#4161,#4162,#4163,#4164,#4165,
#4166,#4167),(#4168,#4169,#4170,#4171,#4172,#4173,#4174,#4175,#4176,#4177),
(#4178,#4179,#4180,#4181,#4182,#4183,#4184,#4185,#4186,#4187),(#4188,#4189,
#4190,#4191,#4192,#4193,#4194,#4195,#4196,#4197),(#4198,#4199,#4200,#4201,
#4202,#4203,#4204,#4205,#4206,#4207),(#4208,#4209,#4210,#4211,#4212,#4213,
#4214,#4215,#4216,#4217),(#4218,#4219,#4220,#4221,#4222,#4223,#4224,#4225,
#4226,#4227)),.UNSPECIFIED.,.F.,.F.,.F.)
B_SPLINE_SURFACE_WITH_KNOTS((4,3,4),(4,2,2,2,4),(0.0228778514471984,0.5,
0.761191164917244),(0.23530366556163,0.280756610096233,0.326209554630836,
0.371662499165439,0.417115443700042),.UNSPECIFIED.)
GEOMETRIC_REPRESENTATION_ITEM()
RATIONAL_B_SPLINE_SURFACE(((0.912675762905927,0.912675762905927,0.912675762905927,
0.912675762905927,0.912675762905927,0.912675762905927,0.912675762905927,
0.912675762905927,0.912675762905927,0.912675762905927),(0.334729056231574,
0.334729056231574,0.334729056231574,0.334729056231574,0.334729056231574,
0.334729056231574,0.334729056231574,0.334729056231574,0.334729056231574,
0.334729056231574),(0.363837135262931,0.363837135262931,0.363837135262931,
0.363837135262931,0.363837135262931,0.363837135262931,0.363837135262931,
0.363837135262931,0.363837135262931,0.363837135262931),(1.,1.,1.,1.,1.,
1.,1.,1.,1.,1.),(0.651745113443675,0.651745113443675,0.651745113443675,
0.651745113443675,0.651745113443675,0.651745113443675,0.651745113443675,
0.651745113443675,0.651745113443675,0.651745113443675),(0.485412425902888,
0.485412425902888,0.485412425902888,0.485412425902888,0.485412425902888,
0.485412425902888,0.485412425902888,0.485412425902888,0.485412425902888,
0.485412425902888),(0.50100193737764,0.50100193737764,0.50100193737764,
0.50100193737764,0.50100193737764,0.50100193737764,0.50100193737764,0.50100193737764,
0.50100193737764,0.50100193737764)))
REPRESENTATION_ITEM('')
SURFACE()
);
#37=(
BOUNDED_SURFACE()
B_SPLINE_SURFACE(3,3,((#4229,#4230,#4231,#4232,#4233,#4234,#4235,#4236,
#4237,#4238,#4239,#4240,#4241,#4242,#4243,#4244,#4245,#4246),(#4247,#4248,
#4249,#4250,#4251,#4252,#4253,#4254,#4255,#4256,#4257,#4258,#4259,#4260,
#4261,#4262,#4263,#4264),(#4265,#4266,#4267,#4268,#4269,#4270,#4271,#4272,
#4273,#4274,#4275,#4276,#4277,#4278,#4279,#4280,#4281,#4282),(#4283,#4284,
#4285,#4286,#4287,#4288,#4289,#4290,#4291,#4292,#4293,#4294,#4295,#4296,
#4297,#4298,#4299,#4300),(#4301,#4302,#4303,#4304,#4305,#4306,#4307,#4308,
#4309,#4310,#4311,#4312,#4313,#4314,#4315,#4316,#4317,#4318),(#4319,#4320,
#4321,#4322,#4323,#4324,#4325,#4326,#4327,#4328,#4329,#4330,#4331,#4332,
#4333,#4334,#4335,#4336),(#4337,#4338,#4339,#4340,#4341,#4342,#4343,#4344,
#4345,#4346,#4347,#4348,#4349,#4350,#4351,#4352,#4353,#4354),(#4355,#4356,
#4357,#4358,#4359,#4360,#4361,#4362,#4363,#4364,#4365,#4366,#4367,#4368,
#4369,#4370,#4371,#4372),(#4373,#4374,#4375,#4376,#4377,#4378,#4379,#4380,
#4381,#4382,#4383,#4384,#4385,#4386,#4387,#4388,#4389,#4390),(#4391,#4392,
#4393,#4394,#4395,#4396,#4397,#4398,#4399,#4400,#4401,#4402,#4403,#4404,
#4405,#4406,#4407,#4408)),.UNSPECIFIED.,.F.,.F.,.F.)
B_SPLINE_SURFACE_WITH_KNOTS((4,3,3,4),(4,2,2,2,2,2,2,2,4),(0.995453001932972,
1.,1.5,1.76190663440356),(-0.0142241516872924,0.,0.0147064790976019,0.0294129581952037,
0.0588259163904074,0.117651832780815,0.176477749171222,0.205890707366426,
0.23530366556163),.UNSPECIFIED.)
GEOMETRIC_REPRESENTATION_ITEM()
RATIONAL_B_SPLINE_SURFACE(((0.98197740926326,0.981977409263261,0.981977409263261,
0.981977409263261,0.981977409263261,0.981977409263261,0.981977409263261,
0.981977409263261,0.981977409263261,0.981977409263261,0.981977409263261,
0.981977409263261,0.981977409263261,0.981977409263261,0.981977409263261,
0.981977409263261,0.981977409263261,0.981977409263261),(0.98792980566505,
0.98792980566505,0.98792980566505,0.98792980566505,0.98792980566505,0.98792980566505,
0.98792980566505,0.98792980566505,0.98792980566505,0.98792980566505,0.98792980566505,
0.98792980566505,0.98792980566505,0.98792980566505,0.98792980566505,0.98792980566505,
0.98792980566505,0.98792980566505),(0.993937335910629,0.993937335910629,
0.993937335910629,0.993937335910629,0.993937335910629,0.993937335910629,
0.993937335910629,0.993937335910629,0.993937335910629,0.993937335910629,
0.993937335910629,0.993937335910629,0.993937335910629,0.993937335910629,
0.993937335910629,0.993937335910629,0.993937335910629,0.993937335910629),
(1.,1.,1.,1.,1.,1.,1.,1.,1.,1.,1.,1.,1.,1.,1.,1.,1.,1.),(0.333333333333334,
0.333333333333334,0.333333333333334,0.333333333333334,0.333333333333334,
0.333333333333334,0.333333333333334,0.333333333333334,0.333333333333334,
0.333333333333334,0.333333333333334,0.333333333333334,0.333333333333334,
0.333333333333334,0.333333333333334,0.333333333333334,0.333333333333334,
0.333333333333334),(0.333333333333334,0.333333333333334,0.333333333333334,
0.333333333333334,0.333333333333334,0.333333333333334,0.333333333333334,
0.333333333333334,0.333333333333334,0.333333333333334,0.333333333333334,
0.333333333333334,0.333333333333334,0.333333333333334,0.333333333333334,
0.333333333333334,0.333333333333334,0.333333333333334),(1.,1.,1.,1.,1.,
1.,1.,1.,1.,1.,1.,1.,1.,1.,1.,1.,1.,1.),(0.650791154128584,0.650791154128584,
0.650791154128584,0.650791154128584,0.650791154128584,0.650791154128584,
0.650791154128584,0.650791154128584,0.650791154128584,0.650791154128584,
0.650791154128584,0.650791154128584,0.650791154128584,0.650791154128584,
0.650791154128584,0.650791154128584,0.650791154128584,0.650791154128584),
(0.484502535309438,0.484502535309438,0.484502535309438,0.484502535309438,
0.484502535309438,0.484502535309438,0.484502535309438,0.484502535309438,
0.484502535309438,0.484502535309438,0.484502535309438,0.484502535309438,
0.484502535309438,0.484502535309438,0.484502535309438,0.484502535309438,
0.484502535309438,0.484502535309438),(0.501134143542561,0.501134143542561,
0.501134143542561,0.501134143542561,0.501134143542561,0.501134143542561,
0.501134143542561,0.501134143542561,0.501134143542561,0.501134143542561,
0.501134143542561,0.501134143542561,0.501134143542561,0.501134143542561,
0.501134143542561,0.501134143542561,0.501134143542561,0.501134143542561)))
REPRESENTATION_ITEM('')
SURFACE()
);
#38=(
BOUNDED_SURFACE()
B_SPLINE_SURFACE(3,3,((#4409,#4410,#4411,#4412,#4413,#4414,#4415,#4416,
#4417,#4418,#4419,#4420),(#4421,#4422,#4423,#4424,#4425,#4426,#4427,#4428,
#4429,#4430,#4431,#4432),(#4433,#4434,#4435,#4436,#4437,#4438,#4439,#4440,
#4441,#4442,#4443,#4444),(#4445,#4446,#4447,#4448,#4449,#4450,#4451,#4452,
#4453,#4454,#4455,#4456),(#4457,#4458,#4459,#4460,#4461,#4462,#4463,#4464,
#4465,#4466,#4467,#4468),(#4469,#4470,#4471,#4472,#4473,#4474,#4475,#4476,
#4477,#4478,#4479,#4480),(#4481,#4482,#4483,#4484,#4485,#4486,#4487,#4488,
#4489,#4490,#4491,#4492)),.UNSPECIFIED.,.T.,.F.,.F.)
B_SPLINE_SURFACE_WITH_KNOTS((4,3,4),(4,2,2,2,2,4),(0.,0.5,1.),(0.,0.298790336784976,
0.479814528020341,0.660838719255705,0.830419359627853,1.),.UNSPECIFIED.)
GEOMETRIC_REPRESENTATION_ITEM()
RATIONAL_B_SPLINE_SURFACE(((1.,1.,1.,1.,1.,1.,1.,1.,1.,1.,1.,1.),(0.333333333333334,
0.333333333333334,0.333333333333334,0.333333333333334,0.333333333333334,
0.333333333333334,0.333333333333334,0.333333333333334,0.333333333333334,
0.333333333333334,0.333333333333334,0.333333333333334),(0.333333333333334,
0.333333333333334,0.333333333333334,0.333333333333334,0.333333333333334,
0.333333333333334,0.333333333333334,0.333333333333334,0.333333333333334,
0.333333333333334,0.333333333333334,0.333333333333334),(1.,1.,1.,1.,1.,
1.,1.,1.,1.,1.,1.,1.),(0.333333333333334,0.333333333333334,0.333333333333334,
0.333333333333334,0.333333333333334,0.333333333333334,0.333333333333334,
0.333333333333334,0.333333333333334,0.333333333333334,0.333333333333334,
0.333333333333334),(0.333333333333334,0.333333333333334,0.333333333333334,
0.333333333333334,0.333333333333334,0.333333333333334,0.333333333333334,
0.333333333333334,0.333333333333334,0.333333333333334,0.333333333333334,
0.333333333333334),(1.,1.,1.,1.,1.,1.,1.,1.,1.,1.,1.,1.)))
REPRESENTATION_ITEM('')
SURFACE()
);
#39=(
BOUNDED_SURFACE()
B_SPLINE_SURFACE(3,3,((#4497,#4498,#4499,#4500,#4501,#4502,#4503,#4504,
#4505,#4506,#4507,#4508),(#4509,#4510,#4511,#4512,#4513,#4514,#4515,#4516,
#4517,#4518,#4519,#4520),(#4521,#4522,#4523,#4524,#4525,#4526,#4527,#4528,
#4529,#4530,#4531,#4532),(#4533,#4534,#4535,#4536,#4537,#4538,#4539,#4540,
#4541,#4542,#4543,#4544),(#4545,#4546,#4547,#4548,#4549,#4550,#4551,#4552,
#4553,#4554,#4555,#4556),(#4557,#4558,#4559,#4560,#4561,#4562,#4563,#4564,
#4565,#4566,#4567,#4568),(#4569,#4570,#4571,#4572,#4573,#4574,#4575,#4576,
#4577,#4578,#4579,#4580)),.UNSPECIFIED.,.T.,.F.,.F.)
B_SPLINE_SURFACE_WITH_KNOTS((4,3,4),(4,2,2,2,2,4),(0.,0.5,1.),(0.,0.298790336784976,
0.479814528020341,0.660838719255705,0.830419359627853,1.),.UNSPECIFIED.)
GEOMETRIC_REPRESENTATION_ITEM()
RATIONAL_B_SPLINE_SURFACE(((1.,1.,1.,1.,1.,1.,1.,1.,1.,1.,1.,1.),(0.333333333333334,
0.333333333333334,0.333333333333334,0.333333333333334,0.333333333333334,
0.333333333333334,0.333333333333334,0.333333333333334,0.333333333333334,
0.333333333333334,0.333333333333334,0.333333333333334),(0.333333333333334,
0.333333333333334,0.333333333333334,0.333333333333334,0.333333333333334,
0.333333333333334,0.333333333333334,0.333333333333334,0.333333333333334,
0.333333333333334,0.333333333333334,0.333333333333334),(1.,1.,1.,1.,1.,
1.,1.,1.,1.,1.,1.,1.),(0.333333333333334,0.333333333333334,0.333333333333334,
0.333333333333334,0.333333333333334,0.333333333333334,0.333333333333334,
0.333333333333334,0.333333333333334,0.333333333333334,0.333333333333334,
0.333333333333334),(0.333333333333334,0.333333333333334,0.333333333333334,
0.333333333333334,0.333333333333334,0.333333333333334,0.333333333333334,
0.333333333333334,0.333333333333334,0.333333333333334,0.333333333333334,
0.333333333333334),(1.,1.,1.,1.,1.,1.,1.,1.,1.,1.,1.,1.)))
REPRESENTATION_ITEM('')
SURFACE()
);
#40=ELLIPSE('',#1887,0.0248935744758375,0.0247141389211942);
#41=ELLIPSE('',#1888,0.0278646029173078,0.0247141389211942);
#42=ELLIPSE('',#1889,0.0278646029173078,0.0247141389211942);
#43=ELLIPSE('',#1890,0.0248935744758375,0.0247141389211942);
#44=ELLIPSE('',#1939,0.0605073814374142,0.000897703206739118);
#45=ELLIPSE('',#1985,0.0278646029173078,0.0247141389211942);
#46=ELLIPSE('',#1986,0.0278646029173078,0.0247141389211942);
#47=ELLIPSE('',#1988,0.00481651005621516,0.00427193952836458);
#48=ELLIPSE('',#1989,0.00261410725906823,0.00231854766232414);
#49=ELLIPSE('',#1990,0.0462010048763938,0.0409773667402501);
#50=ELLIPSE('',#1992,0.00481651005621516,0.00427193952836458);
#51=ELLIPSE('',#1993,0.0462010048763938,0.0409773667402501);
#52=ELLIPSE('',#1994,0.00261410725906823,0.00231854766232414);
#53=ELLIPSE('',#1996,0.0412748805056418,0.0409773667402501);
#54=ELLIPSE('',#1998,0.0412748805056418,0.0409773667402501);
#55=ELLIPSE('',#2005,0.00491611506818131,0.00449973515166805);
#56=ELLIPSE('',#2007,0.00491611506818131,0.00449973515166805);
#57=CONICAL_SURFACE('',#1875,0.00393872841945724,0.429024432604595);
#58=CONICAL_SURFACE('',#1876,0.00428481354113111,0.429024432604436);
#59=CONICAL_SURFACE('',#1878,0.0155110087879587,0.785398163397455);
#60=CONICAL_SURFACE('',#1881,0.0152110087879587,0.785398163397455);
#61=CONICAL_SURFACE('',#1903,0.104216281368909,0.785398163397443);
#62=CONICAL_SURFACE('',#1905,0.00374343409026265,0.785398163397453);
#63=CONICAL_SURFACE('',#1909,0.104516281368909,0.785398163397443);
#64=CONICAL_SURFACE('',#1932,0.0152110087879587,0.785398163397446);
#65=CONICAL_SURFACE('',#1933,0.104516281368909,0.785398163397436);
#66=CONICAL_SURFACE('',#1934,0.00344343409026265,0.78539816339745);
#67=CONICAL_SURFACE('',#1935,0.104216281368909,0.785398163397436);
#68=CONICAL_SURFACE('',#1936,0.0155110087879587,0.785398163397446);
#69=CONICAL_SURFACE('',#1957,0.001,0.523598775598299);
#70=CONICAL_SURFACE('',#1959,0.001,0.523598775598299);
#71=CONICAL_SURFACE('',#1980,0.008,0.78539816339745);
#72=CONICAL_SURFACE('',#1981,0.006,0.785398163397448);
#73=CONICAL_SURFACE('',#1982,0.007,0.785398163397449);
#74=CONICAL_SURFACE('',#1983,0.005,0.785398163397448);
#75=SPHERICAL_SURFACE('',#1861,0.00480000000000006);
#76=SPHERICAL_SURFACE('',#1970,0.00175);
#77=SPHERICAL_SURFACE('',#1979,0.00175);
#78=LINE('',#2443,#145);
#79=LINE('',#2465,#146);
#80=LINE('',#2467,#147);
#81=LINE('',#2471,#148);
#82=LINE('',#2497,#149);
#83=LINE('',#2522,#150);
#84=LINE('',#2526,#151);
#85=LINE('',#2528,#152);
#86=LINE('',#2531,#153);
#87=LINE('',#2532,#154);
#88=LINE('',#2534,#155);
#89=LINE('',#2543,#156);
#90=LINE('',#2556,#157);
#91=LINE('',#2557,#158);
#92=LINE('',#2570,#159);
#93=LINE('',#2571,#160);
#94=LINE('',#2573,#161);
#95=LINE('',#2575,#162);
#96=LINE('',#2576,#163);
#97=LINE('',#2578,#164);
#98=LINE('',#2580,#165);
#99=LINE('',#2596,#166);
#100=LINE('',#2613,#167);
#101=LINE('',#2619,#168);
#102=LINE('',#2627,#169);
#103=LINE('',#2634,#170);
#104=LINE('',#2647,#171);
#105=LINE('',#2661,#172);
#106=LINE('',#2663,#173);
#107=LINE('',#2665,#174);
#108=LINE('',#2701,#175);
#109=LINE('',#2717,#176);
#110=LINE('',#2787,#177);
#111=LINE('',#2808,#178);
#112=LINE('',#2850,#179);
#113=LINE('',#2862,#180);
#114=LINE('',#2886,#181);
#115=LINE('',#2906,#182);
#116=LINE('',#2912,#183);
#117=LINE('',#2915,#184);
#118=LINE('',#2921,#185);
#119=LINE('',#2929,#186);
#120=LINE('',#2941,#187);
#121=LINE('',#2959,#188);
#122=LINE('',#3020,#189);
#123=LINE('',#3024,#190);
#124=LINE('',#3028,#191);
#125=LINE('',#3034,#192);
#126=LINE('',#3038,#193);
#127=LINE('',#3044,#194);
#128=LINE('',#3048,#195);
#129=LINE('',#3050,#196);
#130=LINE('',#3052,#197);
#131=LINE('',#3054,#198);
#132=LINE('',#4607,#199);
#133=LINE('',#4634,#200);
#134=LINE('',#4810,#201);
#135=LINE('',#4814,#202);
#136=LINE('',#4820,#203);
#137=LINE('',#4824,#204);
#138=LINE('',#4828,#205);
#139=LINE('',#4830,#206);
#140=LINE('',#4832,#207);
#141=LINE('',#4835,#208);
#142=LINE('',#4838,#209);
#143=LINE('',#4840,#210);
#144=LINE('',#4859,#211);
#145=VECTOR('',#2029,1.);
#146=VECTOR('',#2030,1.);
#147=VECTOR('',#2031,1.);
#148=VECTOR('',#2034,1.);
#149=VECTOR('',#2039,1.);
#150=VECTOR('',#2044,1.);
#151=VECTOR('',#2047,1.);
#152=VECTOR('',#2050,1.);
#153=VECTOR('',#2051,1.);
#154=VECTOR('',#2052,1.);
#155=VECTOR('',#2055,1.);
#156=VECTOR('',#2058,1.);
#157=VECTOR('',#2065,1.);
#158=VECTOR('',#2066,1.);
#159=VECTOR('',#2081,1.);
#160=VECTOR('',#2082,1.);
#161=VECTOR('',#2083,1.);
#162=VECTOR('',#2086,1.);
#163=VECTOR('',#2087,1.);
#164=VECTOR('',#2088,1.);
#165=VECTOR('',#2089,1.);
#166=VECTOR('',#2098,1.);
#167=VECTOR('',#2113,1.);
#168=VECTOR('',#2120,1.);
#169=VECTOR('',#2123,1.);
#170=VECTOR('',#2124,1.);
#171=VECTOR('',#2127,1.);
#172=VECTOR('',#2130,1.);
#173=VECTOR('',#2131,1.);
#174=VECTOR('',#2132,1.);
#175=VECTOR('',#2135,1.);
#176=VECTOR('',#2140,1.);
#177=VECTOR('',#2149,1.);
#178=VECTOR('',#2150,1.);
#179=VECTOR('',#2153,1.);
#180=VECTOR('',#2160,1.);
#181=VECTOR('',#2167,1.);
#182=VECTOR('',#2176,1.);
#183=VECTOR('',#2183,1.);
#184=VECTOR('',#2186,1.);
#185=VECTOR('',#2195,1.);
#186=VECTOR('',#2196,1.);
#187=VECTOR('',#2199,1.);
#188=VECTOR('',#2202,1.);
#189=VECTOR('',#2209,1.);
#190=VECTOR('',#2212,1.);
#191=VECTOR('',#2219,1.);
#192=VECTOR('',#2228,1.);
#193=VECTOR('',#2233,1.);
#194=VECTOR('',#2240,1.);
#195=VECTOR('',#2247,1.);
#196=VECTOR('',#2250,1.);
#197=VECTOR('',#2253,1.);
#198=VECTOR('',#2256,1.);
#199=VECTOR('',#2313,1.);
#200=VECTOR('',#2330,1.);
#201=VECTOR('',#2369,1.);
#202=VECTOR('',#2374,1.);
#203=VECTOR('',#2381,1.);
#204=VECTOR('',#2386,1.);
#205=VECTOR('',#2391,1.);
#206=VECTOR('',#2394,1.);
#207=VECTOR('',#2397,1.);
#208=VECTOR('',#2402,1.);
#209=VECTOR('',#2403,1.);
#210=VECTOR('',#2404,1.);
#211=VECTOR('',#2409,1.);
#212=B_SPLINE_CURVE_WITH_KNOTS('',3,(#2432,#2433,#2434,#2435),
 .UNSPECIFIED.,.F.,.F.,(4,4),(3.00455009553307E-6,1.),.UNSPECIFIED.);
#213=B_SPLINE_CURVE_WITH_KNOTS('',3,(#2438,#2439,#2440,#2441),
 .UNSPECIFIED.,.F.,.F.,(4,4),(0.,0.000989832532383894),.UNSPECIFIED.);
#214=B_SPLINE_CURVE_WITH_KNOTS('',3,(#2445,#2446,#2447,#2448),
 .UNSPECIFIED.,.F.,.F.,(4,4),(2.32487176377746E-14,0.000217191124116307),
 .UNSPECIFIED.);
#215=B_SPLINE_CURVE_WITH_KNOTS('',3,(#2450,#2451,#2452,#2453),
 .UNSPECIFIED.,.F.,.F.,(4,4),(0.,0.00931402123480454),.UNSPECIFIED.);
#216=B_SPLINE_CURVE_WITH_KNOTS('',3,(#2455,#2456,#2457,#2458),
 .UNSPECIFIED.,.F.,.F.,(4,4),(8.67361737988404E-19,0.00186930512747758),
 .UNSPECIFIED.);
#217=B_SPLINE_CURVE_WITH_KNOTS('',3,(#2460,#2461,#2462,#2463),
 .UNSPECIFIED.,.F.,.F.,(4,4),(6.15582458234378E-17,0.00105382858178084),
 .UNSPECIFIED.);
#218=B_SPLINE_CURVE_WITH_KNOTS('',3,(#2473,#2474,#2475,#2476),
 .UNSPECIFIED.,.F.,.F.,(4,4),(8.14750493609564E-13,0.000802139343473395),
 .UNSPECIFIED.);
#219=B_SPLINE_CURVE_WITH_KNOTS('',3,(#2478,#2479,#2480,#2481,#2482,#2483,
#2484),.UNSPECIFIED.,.F.,.F.,(4,1,1,1,4),(0.,0.249980754344946,0.499961508689892,
0.749942263034837,0.999923017379783),.UNSPECIFIED.);
#220=B_SPLINE_CURVE_WITH_KNOTS('',3,(#2486,#2487,#2488,#2489),
 .UNSPECIFIED.,.F.,.F.,(4,4),(-0.00106959506281139,0.0044157023758862),
 .UNSPECIFIED.);
#221=B_SPLINE_CURVE_WITH_KNOTS('',3,(#2491,#2492,#2493,#2494),
 .UNSPECIFIED.,.F.,.F.,(4,4),(9.4542429440736E-17,0.00471016501743113),
 .UNSPECIFIED.);
#222=B_SPLINE_CURVE_WITH_KNOTS('',3,(#2499,#2500,#2501,#2502),
 .UNSPECIFIED.,.F.,.F.,(4,4),(8.27694453079897E-17,0.000584108794919366),
 .UNSPECIFIED.);
#223=B_SPLINE_CURVE_WITH_KNOTS('',3,(#2504,#2505,#2506,#2507),
 .UNSPECIFIED.,.F.,.F.,(4,4),(5.57882862506562E-17,0.0053121972105701),
 .UNSPECIFIED.);
#224=B_SPLINE_CURVE_WITH_KNOTS('',3,(#2509,#2510,#2511,#2512),
 .UNSPECIFIED.,.F.,.F.,(4,4),(2.99585287812975E-17,0.0104258249028339),
 .UNSPECIFIED.);
#225=B_SPLINE_CURVE_WITH_KNOTS('',3,(#2514,#2515,#2516,#2517),
 .UNSPECIFIED.,.F.,.F.,(4,4),(2.90792643684038E-17,0.00693134121262175),
 .UNSPECIFIED.);
#226=B_SPLINE_CURVE_WITH_KNOTS('',3,(#2536,#2537,#2538,#2539),
 .UNSPECIFIED.,.F.,.F.,(4,4),(2.88692378895868E-7,0.000432119503714874),
 .UNSPECIFIED.);
#227=B_SPLINE_CURVE_WITH_KNOTS('',3,(#2547,#2548,#2549,#2550,#2551),
 .UNSPECIFIED.,.F.,.F.,(4,1,4),(0.,0.000891365146128339,0.00178273029225668),
 .UNSPECIFIED.);
#228=B_SPLINE_CURVE_WITH_KNOTS('',3,(#2582,#2583,#2584,#2585),
 .UNSPECIFIED.,.F.,.F.,(4,4),(2.87075008733371E-7,0.000432117886344707),
 .UNSPECIFIED.);
#229=B_SPLINE_CURVE_WITH_KNOTS('',3,(#2587,#2588,#2589,#2590,#2591),
 .UNSPECIFIED.,.F.,.F.,(4,1,4),(0.,0.000894123532184639,0.00178824706436928),
 .UNSPECIFIED.);
#230=B_SPLINE_CURVE_WITH_KNOTS('',3,(#2601,#2602,#2603,#2604,#2605,#2606,
#2607),.UNSPECIFIED.,.F.,.F.,(4,1,1,1,4),(0.,0.00106960392452591,0.00213920784905182,
0.00320881177357772,0.00427841569810363),.UNSPECIFIED.);
#231=B_SPLINE_CURVE_WITH_KNOTS('',3,(#2621,#2622,#2623,#2624),
 .UNSPECIFIED.,.F.,.F.,(4,4),(1.48214838758361E-17,2.84752051805495E-5),
 .UNSPECIFIED.);
#232=B_SPLINE_CURVE_WITH_KNOTS('',3,(#2629,#2630,#2631,#2632),
 .UNSPECIFIED.,.F.,.F.,(4,4),(1.45396321842019E-17,2.84752051801226E-5),
 .UNSPECIFIED.);
#233=B_SPLINE_CURVE_WITH_KNOTS('',3,(#2636,#2637,#2638,#2639),
 .UNSPECIFIED.,.F.,.F.,(4,4),(0.,0.00231825610557133),.UNSPECIFIED.);
#234=B_SPLINE_CURVE_WITH_KNOTS('',3,(#2642,#2643,#2644,#2645),
 .UNSPECIFIED.,.F.,.F.,(4,4),(1.22272259587046E-17,0.0023098437008515),
 .UNSPECIFIED.);
#235=B_SPLINE_CURVE_WITH_KNOTS('',3,(#2649,#2650,#2651,#2652,#2653),
 .UNSPECIFIED.,.F.,.F.,(4,1,4),(2.24485972472708E-14,0.00366806135019956,
0.00733612270037667),.UNSPECIFIED.);
#236=B_SPLINE_CURVE_WITH_KNOTS('',3,(#2656,#2657,#2658,#2659),
 .UNSPECIFIED.,.F.,.F.,(4,4),(4.563344992841E-17,0.000619444057205325),
 .UNSPECIFIED.);
#237=B_SPLINE_CURVE_WITH_KNOTS('',3,(#2667,#2668,#2669,#2670),
 .UNSPECIFIED.,.F.,.F.,(4,4),(3.5762240613455E-18,0.000619444057340759),
 .UNSPECIFIED.);
#238=B_SPLINE_CURVE_WITH_KNOTS('',3,(#2672,#2673,#2674,#2675,#2676),
 .UNSPECIFIED.,.F.,.F.,(4,1,4),(6.77562871832842E-14,0.00366788771886537,
0.00733577543766297),.UNSPECIFIED.);
#239=B_SPLINE_CURVE_WITH_KNOTS('',3,(#2678,#2679,#2680,#2681,#2682,#2683),
 .UNSPECIFIED.,.F.,.F.,(4,1,1,4),(0.,0.00210957069539751,0.00421914139079503,
0.00843828278159006),.UNSPECIFIED.);
#240=B_SPLINE_CURVE_WITH_KNOTS('',3,(#2685,#2686,#2687,#2688),
 .UNSPECIFIED.,.F.,.F.,(4,4),(2.45610063273549E-8,0.000333826859777088),
 .UNSPECIFIED.);
#241=B_SPLINE_CURVE_WITH_KNOTS('',3,(#2689,#2690,#2691,#2692),
 .UNSPECIFIED.,.F.,.F.,(4,4),(0.,0.000333728611270505),.UNSPECIFIED.);
#242=B_SPLINE_CURVE_WITH_KNOTS('',3,(#2694,#2695,#2696,#2697,#2698,#2699),
 .UNSPECIFIED.,.F.,.F.,(4,1,1,4),(0.,0.00423084518146089,0.00634626777219134,
0.00846169036292178),.UNSPECIFIED.);
#243=B_SPLINE_CURVE_WITH_KNOTS('',3,(#2707,#2708,#2709,#2710),
 .UNSPECIFIED.,.F.,.F.,(4,4),(2.78232557346822E-17,0.00948939566393792),
 .UNSPECIFIED.);
#244=B_SPLINE_CURVE_WITH_KNOTS('',3,(#2712,#2713,#2714,#2715),
 .UNSPECIFIED.,.F.,.F.,(4,4),(1.39048664439199E-17,0.000546831405289229),
 .UNSPECIFIED.);
#245=B_SPLINE_CURVE_WITH_KNOTS('',3,(#2719,#2720,#2721,#2722),
 .UNSPECIFIED.,.F.,.F.,(4,4),(6.07558150456459E-14,0.000546831405228561),
 .UNSPECIFIED.);
#246=B_SPLINE_CURVE_WITH_KNOTS('',3,(#2724,#2725,#2726,#2727),
 .UNSPECIFIED.,.F.,.F.,(4,4),(1.43311678859634E-17,0.00949019848566),
 .UNSPECIFIED.);
#247=B_SPLINE_CURVE_WITH_KNOTS('',3,(#2732,#2733,#2734,#2735,#2736),
 .UNSPECIFIED.,.F.,.F.,(4,1,4),(1.98718612675772E-16,0.00165650670573323,
0.00331301341146626),.UNSPECIFIED.);
#248=B_SPLINE_CURVE_WITH_KNOTS('',3,(#2739,#2740,#2741,#2742),
 .UNSPECIFIED.,.F.,.F.,(4,4),(2.23251936847118E-14,0.0053783730906891),
 .UNSPECIFIED.);
#249=B_SPLINE_CURVE_WITH_KNOTS('',3,(#2743,#2744,#2745,#2746),
 .UNSPECIFIED.,.F.,.F.,(4,4),(1.39318924489021E-17,0.00537438341013355),
 .UNSPECIFIED.);
#250=B_SPLINE_CURVE_WITH_KNOTS('',3,(#2748,#2749,#2750,#2751,#2752),
 .UNSPECIFIED.,.F.,.F.,(4,1,4),(2.6379777400251E-18,0.00164996012240291,
0.00329992024480582),.UNSPECIFIED.);
#251=B_SPLINE_CURVE_WITH_KNOTS('',3,(#2754,#2755,#2756,#2757),
 .UNSPECIFIED.,.F.,.F.,(4,4),(2.6663439076333E-17,0.000367270349618451),
 .UNSPECIFIED.);
#252=B_SPLINE_CURVE_WITH_KNOTS('',3,(#2759,#2760,#2761,#2762),
 .UNSPECIFIED.,.F.,.F.,(4,4),(1.2266347333467E-18,0.000715023342932387),
 .UNSPECIFIED.);
#253=B_SPLINE_CURVE_WITH_KNOTS('',3,(#2763,#2764,#2765,#2766),
 .UNSPECIFIED.,.F.,.F.,(4,4),(1.69357793325444E-18,0.000715023342927913),
 .UNSPECIFIED.);
#254=B_SPLINE_CURVE_WITH_KNOTS('',3,(#2768,#2769,#2770,#2771),
 .UNSPECIFIED.,.F.,.F.,(4,4),(4.5641692220526E-17,0.000367295874453014),
 .UNSPECIFIED.);
#255=B_SPLINE_CURVE_WITH_KNOTS('',3,(#2773,#2774,#2775,#2776,#2777,#2778,
#2779),.UNSPECIFIED.,.F.,.F.,(4,1,1,1,4),(6.61702262498213E-5,0.250049627669687,
0.500033085113125,0.750016542556562,1.),.UNSPECIFIED.);
#256=B_SPLINE_CURVE_WITH_KNOTS('',3,(#2782,#2783,#2784,#2785),
 .UNSPECIFIED.,.F.,.F.,(4,4),(1.61977289012589E-12,0.000834973578916854),
 .UNSPECIFIED.);
#257=B_SPLINE_CURVE_WITH_KNOTS('',3,(#2788,#2789,#2790,#2791),
 .UNSPECIFIED.,.F.,.F.,(4,4),(0.,0.00105287619388236),.UNSPECIFIED.);
#258=B_SPLINE_CURVE_WITH_KNOTS('',3,(#2793,#2794,#2795,#2796),
 .UNSPECIFIED.,.F.,.F.,(4,4),(0.,0.00186930444493006),.UNSPECIFIED.);
#259=B_SPLINE_CURVE_WITH_KNOTS('',3,(#2798,#2799,#2800,#2801),
 .UNSPECIFIED.,.F.,.F.,(4,4),(0.000631183033024533,0.00994050610120513),
 .UNSPECIFIED.);
#260=B_SPLINE_CURVE_WITH_KNOTS('',3,(#2803,#2804,#2805,#2806),
 .UNSPECIFIED.,.F.,.F.,(4,4),(4.21467434067614E-14,0.000217191124135422),
 .UNSPECIFIED.);
#261=B_SPLINE_CURVE_WITH_KNOTS('',3,(#2810,#2811,#2812,#2813),
 .UNSPECIFIED.,.F.,.F.,(4,4),(0.,0.00102734812256),.UNSPECIFIED.);
#262=B_SPLINE_CURVE_WITH_KNOTS('',3,(#2815,#2816,#2817,#2818),
 .UNSPECIFIED.,.F.,.F.,(4,4),(0.,0.999943896308161),.UNSPECIFIED.);
#263=B_SPLINE_CURVE_WITH_KNOTS('',3,(#2820,#2821,#2822,#2823),
 .UNSPECIFIED.,.F.,.F.,(4,4),(-0.000986320208144749,0.00372114311478541),
 .UNSPECIFIED.);
#264=B_SPLINE_CURVE_WITH_KNOTS('',3,(#2825,#2826,#2827,#2828,#2829),
 .UNSPECIFIED.,.F.,.F.,(4,1,4),(-9.25908655302621E-16,0.00274390232902985,
0.00548780465806062),.UNSPECIFIED.);
#265=B_SPLINE_CURVE_WITH_KNOTS('',3,(#2830,#2831,#2832,#2833),
 .UNSPECIFIED.,.F.,.F.,(4,4),(1.93947980722443E-18,0.00693136859426989),
 .UNSPECIFIED.);
#266=B_SPLINE_CURVE_WITH_KNOTS('',3,(#2835,#2836,#2837,#2838),
 .UNSPECIFIED.,.F.,.F.,(4,4),(3.13410737265257E-14,0.0104258769183523),
 .UNSPECIFIED.);
#267=B_SPLINE_CURVE_WITH_KNOTS('',3,(#2840,#2841,#2842,#2843),
 .UNSPECIFIED.,.F.,.F.,(4,4),(4.50518823421424E-14,0.00531536474323739),
 .UNSPECIFIED.);
#268=B_SPLINE_CURVE_WITH_KNOTS('',3,(#2845,#2846,#2847,#2848),
 .UNSPECIFIED.,.F.,.F.,(4,4),(2.03260828354414E-14,0.000584108794884843),
 .UNSPECIFIED.);
#269=B_SPLINE_CURVE_WITH_KNOTS('',3,(#2854,#2855,#2856,#2857),
 .UNSPECIFIED.,.F.,.F.,(4,4),(5.01853575760269E-18,0.00139928090902327),
 .UNSPECIFIED.);
#270=B_SPLINE_CURVE_WITH_KNOTS('',3,(#2864,#2865,#2866,#2867),
 .UNSPECIFIED.,.F.,.F.,(4,4),(1.50356600636667E-17,0.00331618344681786),
 .UNSPECIFIED.);
#271=B_SPLINE_CURVE_WITH_KNOTS('',3,(#2869,#2870,#2871,#2872),
 .UNSPECIFIED.,.F.,.F.,(4,4),(5.15008585697498E-17,0.000390080888136037),
 .UNSPECIFIED.);
#272=B_SPLINE_CURVE_WITH_KNOTS('',3,(#2874,#2875,#2876,#2877),
 .UNSPECIFIED.,.F.,.F.,(4,4),(3.7636029184026E-17,0.000561663966512831),
 .UNSPECIFIED.);
#273=B_SPLINE_CURVE_WITH_KNOTS('',3,(#2880,#2881,#2882,#2883),
 .UNSPECIFIED.,.F.,.F.,(4,4),(9.30205026669006E-18,0.00139928090902534),
 .UNSPECIFIED.);
#274=B_SPLINE_CURVE_WITH_KNOTS('',3,(#2890,#2891,#2892,#2893),
 .UNSPECIFIED.,.F.,.F.,(4,4),(3.99834005196946E-18,0.00331434855375152),
 .UNSPECIFIED.);
#275=B_SPLINE_CURVE_WITH_KNOTS('',3,(#2896,#2897,#2898,#2899),
 .UNSPECIFIED.,.F.,.F.,(4,4),(4.86269206956402E-17,0.000561663966512926),
 .UNSPECIFIED.);
#276=B_SPLINE_CURVE_WITH_KNOTS('',3,(#2901,#2902,#2903,#2904),
 .UNSPECIFIED.,.F.,.F.,(4,4),(5.40067646023008E-17,0.000390080888136001),
 .UNSPECIFIED.);
#277=B_SPLINE_CURVE_WITH_KNOTS('',3,(#2924,#2925,#2926,#2927),
 .UNSPECIFIED.,.F.,.F.,(4,4),(0.,0.00682620636728459),.UNSPECIFIED.);
#278=B_SPLINE_CURVE_WITH_KNOTS('',3,(#2931,#2932,#2933,#2934),
 .UNSPECIFIED.,.F.,.F.,(4,4),(0.,0.00682620636728459),.UNSPECIFIED.);
#279=B_SPLINE_CURVE_WITH_KNOTS('',3,(#2936,#2937,#2938,#2939),
 .UNSPECIFIED.,.F.,.F.,(4,4),(0.,0.00809484770888782),.UNSPECIFIED.);
#280=B_SPLINE_CURVE_WITH_KNOTS('',3,(#2943,#2944,#2945,#2946),
 .UNSPECIFIED.,.F.,.F.,(4,4),(0.,0.00809484770888783),.UNSPECIFIED.);
#281=B_SPLINE_CURVE_WITH_KNOTS('',3,(#2948,#2949,#2950,#2951,#2952),
 .UNSPECIFIED.,.F.,.F.,(4,1,4),(0.,0.00382002017024205,0.00764004034048409),
 .UNSPECIFIED.);
#282=B_SPLINE_CURVE_WITH_KNOTS('',3,(#2954,#2955,#2956,#2957),
 .UNSPECIFIED.,.F.,.F.,(4,4),(0.,0.00228907769107513),.UNSPECIFIED.);
#283=B_SPLINE_CURVE_WITH_KNOTS('',3,(#2961,#2962,#2963,#2964),
 .UNSPECIFIED.,.F.,.F.,(4,4),(0.,0.00228907769107513),.UNSPECIFIED.);
#284=B_SPLINE_CURVE_WITH_KNOTS('',3,(#2966,#2967,#2968,#2969,#2970),
 .UNSPECIFIED.,.F.,.F.,(4,1,4),(0.,0.00382002017024205,0.00764004034048409),
 .UNSPECIFIED.);
#285=B_SPLINE_CURVE_WITH_KNOTS('',3,(#2972,#2973,#2974,#2975,#2976),
 .UNSPECIFIED.,.F.,.F.,(4,1,4),(0.,0.00452915638554782,0.00905831277109564),
 .UNSPECIFIED.);
#286=B_SPLINE_CURVE_WITH_KNOTS('',3,(#2978,#2979,#2980,#2981),
 .UNSPECIFIED.,.F.,.F.,(4,4),(5.77076727643694E-18,0.000889171027714827),
 .UNSPECIFIED.);
#287=B_SPLINE_CURVE_WITH_KNOTS('',3,(#2982,#2983,#2984,#2985),
 .UNSPECIFIED.,.F.,.F.,(4,4),(2.90921971083665E-18,0.000889171027714826),
 .UNSPECIFIED.);
#288=B_SPLINE_CURVE_WITH_KNOTS('',3,(#2987,#2988,#2989,#2990,#2991),
 .UNSPECIFIED.,.F.,.F.,(4,1,4),(0.,0.00452915638554782,0.00905831277109564),
 .UNSPECIFIED.);
#289=B_SPLINE_CURVE_WITH_KNOTS('',3,(#2993,#2994,#2995,#2996),
 .UNSPECIFIED.,.F.,.F.,(4,4),(4.87890977618477E-19,0.000604757238723),
 .UNSPECIFIED.);
#290=B_SPLINE_CURVE_WITH_KNOTS('',3,(#2999,#3000,#3001,#3002),
 .UNSPECIFIED.,.F.,.F.,(4,4),(0.,0.00298021116101398),.UNSPECIFIED.);
#291=B_SPLINE_CURVE_WITH_KNOTS('',3,(#3004,#3005,#3006,#3007,#3008),
 .UNSPECIFIED.,.F.,.F.,(4,1,4),(0.,0.00181447397441083,0.00362894794882166),
 .UNSPECIFIED.);
#292=B_SPLINE_CURVE_WITH_KNOTS('',3,(#3009,#3010,#3011,#3012,#3013),
 .UNSPECIFIED.,.F.,.F.,(4,1,4),(2.4532694666934E-18,0.00181447397441083,
0.00362894794882166),.UNSPECIFIED.);
#293=B_SPLINE_CURVE_WITH_KNOTS('',3,(#3015,#3016,#3017,#3018),
 .UNSPECIFIED.,.F.,.F.,(4,4),(3.06658683336675E-18,0.00298021116101397),
 .UNSPECIFIED.);
#294=B_SPLINE_CURVE_WITH_KNOTS('',3,(#3147,#3148,#3149,#3150,#3151,#3152,
#3153,#3154,#3155,#3156),.UNSPECIFIED.,.F.,.F.,(4,1,1,1,1,1,1,4),(0.00142307714252036,
0.00197970308200963,0.0025363290214989,0.00309295496098818,0.00364958090047745,
0.00420620683996672,0.00476283277945599,0.00587608465843453),
 .UNSPECIFIED.);
#295=B_SPLINE_CURVE_WITH_KNOTS('',3,(#3157,#3158,#3159,#3160),
 .UNSPECIFIED.,.F.,.F.,(4,4),(2.60208521396521E-18,0.000305399206994857),
 .UNSPECIFIED.);
#296=B_SPLINE_CURVE_WITH_KNOTS('',3,(#3163,#3164,#3165,#3166,#3167,#3168,
#3169,#3170),.UNSPECIFIED.,.F.,.F.,(4,1,1,1,1,4),(4.33680868994202E-18,
0.000639826365328135,0.0009597395479922,0.00127965273065626,0.00191947909598439,
0.00255930546131253),.UNSPECIFIED.);
#297=B_SPLINE_CURVE_WITH_KNOTS('',3,(#3172,#3173,#3174,#3175,#3176),
 .UNSPECIFIED.,.F.,.F.,(4,1,4),(0.,0.00106343600375665,0.00212687200751331),
 .UNSPECIFIED.);
#298=B_SPLINE_CURVE_WITH_KNOTS('',3,(#3177,#3178,#3179,#3180,#3181),
 .UNSPECIFIED.,.F.,.F.,(4,1,4),(0.,0.00106295421010544,0.00212590842021089),
 .UNSPECIFIED.);
#299=B_SPLINE_CURVE_WITH_KNOTS('',3,(#3211,#3212,#3213,#3214),
 .UNSPECIFIED.,.F.,.F.,(4,4),(0.00143594830865093,0.00174602574190913),
 .UNSPECIFIED.);
#300=B_SPLINE_CURVE_WITH_KNOTS('',3,(#3216,#3217,#3218,#3219),
 .UNSPECIFIED.,.F.,.F.,(4,4),(0.00139826694821041,0.00143594830865093),
 .UNSPECIFIED.);
#301=B_SPLINE_CURVE_WITH_KNOTS('',3,(#3221,#3222,#3223,#3224),
 .UNSPECIFIED.,.F.,.F.,(4,4),(0.00111963568620691,0.00139826694821041),
 .UNSPECIFIED.);
#302=B_SPLINE_CURVE_WITH_KNOTS('',3,(#3226,#3227,#3228,#3229),
 .UNSPECIFIED.,.F.,.F.,(4,4),(0.000223845787655104,0.00111963568620691),
 .UNSPECIFIED.);
#303=B_SPLINE_CURVE_WITH_KNOTS('',3,(#3655,#3656,#3657,#3658,#3659,#3660,
#3661,#3662),.UNSPECIFIED.,.F.,.F.,(4,1,1,1,1,4),(1.46427514350953E-17,
0.000634123111279747,0.00126824622255948,0.00158530777819935,0.00190236933383921,
0.00253649244511894),.UNSPECIFIED.);
#304=B_SPLINE_CURVE_WITH_KNOTS('',3,(#3663,#3664,#3665,#3666),
 .UNSPECIFIED.,.F.,.F.,(4,4),(1.45396321842019E-17,0.000305399206994775),
 .UNSPECIFIED.);
#305=B_SPLINE_CURVE_WITH_KNOTS('',3,(#3669,#3670,#3671,#3672,#3673,#3674,
#3675,#3676,#3677,#3678),.UNSPECIFIED.,.F.,.F.,(4,1,1,1,1,1,1,4),(0.,0.00111322323496808,
0.00166983485245212,0.00222644646993617,0.00278305808742021,0.00333966970490425,
0.00389628132238829,0.00445289293987233),.UNSPECIFIED.);
#306=B_SPLINE_CURVE_WITH_KNOTS('',3,(#4591,#4592,#4593,#4594,#4595,#4596,
#4597,#4598,#4599,#4600,#4601,#4602,#4603,#4604,#4605),.UNSPECIFIED.,.F.,
 .F.,(4,1,1,1,1,1,1,1,1,1,1,1,4),(0.,0.124932237588338,0.249864475176677,
0.374796712765015,0.437262831559184,0.468495890956269,0.499728950353353,
0.530962009750438,0.562195069147522,0.624661187941692,0.74959342553003,
0.874525663118368,0.999457900706707),.UNSPECIFIED.);
#307=B_SPLINE_CURVE_WITH_KNOTS('',3,(#4609,#4610,#4611,#4612),
 .UNSPECIFIED.,.F.,.F.,(4,4),(0.,1.),.UNSPECIFIED.);
#308=B_SPLINE_CURVE_WITH_KNOTS('',3,(#4623,#4624,#4625,#4626,#4627),
 .UNSPECIFIED.,.F.,.F.,(4,1,4),(0.,0.0018131746715142,0.00362634934302841),
 .UNSPECIFIED.);
#309=B_SPLINE_CURVE_WITH_KNOTS('',3,(#4628,#4629,#4630,#4631,#4632),
 .UNSPECIFIED.,.F.,.F.,(4,1,4),(0.,0.00172874658767345,0.0034574931753469),
 .UNSPECIFIED.);
#310=B_SPLINE_CURVE_WITH_KNOTS('',3,(#4637,#4638,#4639,#4640,#4641,#4642,
#4643,#4644,#4645,#4646,#4647,#4648,#4649,#4650,#4651),.UNSPECIFIED.,.F.,
 .F.,(4,1,1,1,1,1,1,1,1,1,1,1,4),(0.00036065777693007,0.125315575554814,
0.250270493332698,0.375225411110581,0.437702869999523,0.468941599443994,
0.500180328888465,0.531419058332936,0.562657787777407,0.625135246666349,
0.750090164444233,0.875045082222116,1.),.UNSPECIFIED.);
#311=B_SPLINE_CURVE_WITH_KNOTS('',3,(#4657,#4658,#4659,#4660),
 .UNSPECIFIED.,.F.,.F.,(4,4),(0.,1.),.UNSPECIFIED.);
#312=B_SPLINE_CURVE_WITH_KNOTS('',3,(#4669,#4670,#4671,#4672,#4673),
 .UNSPECIFIED.,.F.,.F.,(4,1,4),(6.9928938926747E-18,0.00181317467151418,
0.00362634934302834),.UNSPECIFIED.);
#313=B_SPLINE_CURVE_WITH_KNOTS('',3,(#4674,#4675,#4676,#4677,#4678),
 .UNSPECIFIED.,.F.,.F.,(4,1,4),(0.,0.00172874658767353,0.00345749317534706),
 .UNSPECIFIED.);
#314=B_SPLINE_CURVE_WITH_KNOTS('',3,(#4680,#4681,#4682,#4683),
 .UNSPECIFIED.,.F.,.F.,(4,4),(0.00678768721770769,0.00739790641556639),
 .UNSPECIFIED.);
#315=B_SPLINE_CURVE_WITH_KNOTS('',3,(#4684,#4685,#4686,#4687),
 .UNSPECIFIED.,.F.,.F.,(4,4),(0.,0.000573129120716462),.UNSPECIFIED.);
#316=B_SPLINE_CURVE_WITH_KNOTS('',3,(#4688,#4689,#4690,#4691),
 .UNSPECIFIED.,.F.,.F.,(4,4),(0.,0.00179733179385881),.UNSPECIFIED.);
#317=B_SPLINE_CURVE_WITH_KNOTS('',3,(#4693,#4694,#4695,#4696),
 .UNSPECIFIED.,.F.,.F.,(4,4),(0.,0.000563786204861524),.UNSPECIFIED.);
#318=B_SPLINE_CURVE_WITH_KNOTS('',3,(#4698,#4699,#4700,#4701),
 .UNSPECIFIED.,.F.,.F.,(4,4),(0.,0.000582278653293987),.UNSPECIFIED.);
#319=B_SPLINE_CURVE_WITH_KNOTS('',3,(#4702,#4703,#4704,#4705),
 .UNSPECIFIED.,.F.,.F.,(4,4),(0.0067876872177097,0.00739790641556281),
 .UNSPECIFIED.);
#320=B_SPLINE_CURVE_WITH_KNOTS('',3,(#4706,#4707,#4708,#4709),
 .UNSPECIFIED.,.F.,.F.,(4,4),(1.93947980722443E-18,0.00179733179385883),
 .UNSPECIFIED.);
#321=B_SPLINE_CURVE_WITH_KNOTS('',3,(#4711,#4712,#4713,#4714),
 .UNSPECIFIED.,.F.,.F.,(4,4),(3.93097046563167E-7,0.000578650360220475),
 .UNSPECIFIED.);
#322=B_SPLINE_CURVE_WITH_KNOTS('',3,(#4739,#4740,#4741,#4742),
 .UNSPECIFIED.,.F.,.F.,(4,4),(0.,1.),.UNSPECIFIED.);
#323=B_SPLINE_CURVE_WITH_KNOTS('',3,(#4783,#4784,#4785,#4786),
 .UNSPECIFIED.,.F.,.F.,(4,4),(0.00248023127337055,1.),.UNSPECIFIED.);
#324=B_SPLINE_CURVE_WITH_KNOTS('',3,(#4842,#4843,#4844,#4845),
 .UNSPECIFIED.,.F.,.F.,(4,4),(5.51827198880724E-7,3.1397178602833E-5),
 .UNSPECIFIED.);
#325=B_SPLINE_CURVE_WITH_KNOTS('',3,(#4847,#4848,#4849,#4850),
 .UNSPECIFIED.,.F.,.F.,(4,4),(8.64249302951076E-5,0.000157996337591244),
 .UNSPECIFIED.);
#326=B_SPLINE_CURVE_WITH_KNOTS('',3,(#4852,#4853,#4854,#4855),
 .UNSPECIFIED.,.F.,.F.,(4,4),(0.,2.96400466166525E-5),.UNSPECIFIED.);
#327=B_SPLINE_CURVE_WITH_KNOTS('',3,(#4861,#4862,#4863,#4864),
 .UNSPECIFIED.,.F.,.F.,(4,4),(3.01285140753785E-15,0.000213057061982207),
 .UNSPECIFIED.);
#328=B_SPLINE_CURVE_WITH_KNOTS('',3,(#4867,#4868,#4869,#4870),
 .UNSPECIFIED.,.F.,.F.,(4,4),(0.,0.000207299444383062),.UNSPECIFIED.);
#329=B_SPLINE_CURVE_WITH_KNOTS('',3,(#4872,#4873,#4874,#4875),
 .UNSPECIFIED.,.F.,.F.,(4,4),(3.84090887739868E-17,4.85893412163941E-6),
 .UNSPECIFIED.);
#330=B_SPLINE_CURVE_WITH_KNOTS('',3,(#4892,#4893,#4894,#4895),
 .UNSPECIFIED.,.F.,.F.,(4,4),(0.,1.),.UNSPECIFIED.);
#331=B_SPLINE_CURVE_WITH_KNOTS('',3,(#4897,#4898,#4899,#4900),
 .UNSPECIFIED.,.F.,.F.,(4,4),(0.,1.),.UNSPECIFIED.);
#332=B_SPLINE_CURVE_WITH_KNOTS('',3,(#4922,#4923,#4924,#4925),
 .UNSPECIFIED.,.F.,.F.,(4,4),(0.,1.),.UNSPECIFIED.);
#333=CYLINDRICAL_SURFACE('',#1848,0.0155110087879587);
#334=CYLINDRICAL_SURFACE('',#1850,0.104216281368909);
#335=CYLINDRICAL_SURFACE('',#1856,0.0068);
#336=CYLINDRICAL_SURFACE('',#1869,0.0068);
#337=CYLINDRICAL_SURFACE('',#1884,0.00449973515166805);
#338=CYLINDRICAL_SURFACE('',#1885,0.0628605347922714);
#339=CYLINDRICAL_SURFACE('',#1886,0.0247141389211942);
#340=CYLINDRICAL_SURFACE('',#1891,0.010581537959554);
#341=CYLINDRICAL_SURFACE('',#1892,0.0155110087879587);
#342=CYLINDRICAL_SURFACE('',#1893,0.104216281368909);
#343=CYLINDRICAL_SURFACE('',#1895,0.00374343409026264);
#344=CYLINDRICAL_SURFACE('',#1897,0.00374343409026265);
#345=CYLINDRICAL_SURFACE('',#1899,0.00374343409026266);
#346=CYLINDRICAL_SURFACE('',#1901,0.00374343409026265);
#347=CYLINDRICAL_SURFACE('',#1911,0.0194004425773586);
#348=CYLINDRICAL_SURFACE('',#1912,0.0110461710220949);
#349=CYLINDRICAL_SURFACE('',#1913,0.016503645166724);
#350=CYLINDRICAL_SURFACE('',#1914,0.0319948507815059);
#351=CYLINDRICAL_SURFACE('',#1915,0.00369005403740271);
#352=CYLINDRICAL_SURFACE('',#1916,0.104216281368909);
#353=CYLINDRICAL_SURFACE('',#1918,0.0155110087879587);
#354=CYLINDRICAL_SURFACE('',#1920,0.00374343409026264);
#355=CYLINDRICAL_SURFACE('',#1922,0.00374343409026265);
#356=CYLINDRICAL_SURFACE('',#1924,0.0155110087879587);
#357=CYLINDRICAL_SURFACE('',#1926,0.104216281368909);
#358=CYLINDRICAL_SURFACE('',#1928,0.00374343409026266);
#359=CYLINDRICAL_SURFACE('',#1930,0.00374343409026265);
#360=CYLINDRICAL_SURFACE('',#1937,0.000897703206739118);
#361=CYLINDRICAL_SURFACE('',#1960,0.002);
#362=CYLINDRICAL_SURFACE('',#1961,0.001);
#363=CYLINDRICAL_SURFACE('',#1962,0.006);
#364=CYLINDRICAL_SURFACE('',#1964,0.008);
#365=CYLINDRICAL_SURFACE('',#1971,0.006);
#366=CYLINDRICAL_SURFACE('',#1973,0.008);
#367=CYLINDRICAL_SURFACE('',#1984,0.0247141389211942);
#368=CYLINDRICAL_SURFACE('',#1999,0.00427193952836458);
#369=CYLINDRICAL_SURFACE('',#2000,0.00231854766232414);
#370=CYLINDRICAL_SURFACE('',#2002,0.0409773667402501);
#371=CYLINDRICAL_SURFACE('',#2008,0.00449973515166805);
#372=ORIENTED_EDGE('',*,*,#924,.F.);
#373=ORIENTED_EDGE('',*,*,#925,.T.);
#374=ORIENTED_EDGE('',*,*,#926,.T.);
#375=ORIENTED_EDGE('',*,*,#927,.F.);
#376=ORIENTED_EDGE('',*,*,#928,.T.);
#377=ORIENTED_EDGE('',*,*,#929,.T.);
#378=ORIENTED_EDGE('',*,*,#930,.T.);
#379=ORIENTED_EDGE('',*,*,#931,.T.);
#380=ORIENTED_EDGE('',*,*,#932,.F.);
#381=ORIENTED_EDGE('',*,*,#933,.F.);
#382=ORIENTED_EDGE('',*,*,#934,.F.);
#383=ORIENTED_EDGE('',*,*,#935,.F.);
#384=ORIENTED_EDGE('',*,*,#936,.T.);
#385=ORIENTED_EDGE('',*,*,#937,.T.);
#386=ORIENTED_EDGE('',*,*,#938,.T.);
#387=ORIENTED_EDGE('',*,*,#939,.T.);
#388=ORIENTED_EDGE('',*,*,#940,.F.);
#389=ORIENTED_EDGE('',*,*,#941,.T.);
#390=ORIENTED_EDGE('',*,*,#942,.T.);
#391=ORIENTED_EDGE('',*,*,#932,.T.);
#392=ORIENTED_EDGE('',*,*,#943,.T.);
#393=ORIENTED_EDGE('',*,*,#944,.T.);
#394=ORIENTED_EDGE('',*,*,#940,.T.);
#395=ORIENTED_EDGE('',*,*,#945,.T.);
#396=ORIENTED_EDGE('',*,*,#946,.F.);
#397=ORIENTED_EDGE('',*,*,#947,.F.);
#398=ORIENTED_EDGE('',*,*,#948,.F.);
#399=ORIENTED_EDGE('',*,*,#949,.F.);
#400=ORIENTED_EDGE('',*,*,#950,.F.);
#401=ORIENTED_EDGE('',*,*,#951,.T.);
#402=ORIENTED_EDGE('',*,*,#952,.T.);
#403=ORIENTED_EDGE('',*,*,#953,.T.);
#404=ORIENTED_EDGE('',*,*,#954,.T.);
#405=ORIENTED_EDGE('',*,*,#955,.T.);
#406=ORIENTED_EDGE('',*,*,#956,.T.);
#407=ORIENTED_EDGE('',*,*,#937,.F.);
#408=ORIENTED_EDGE('',*,*,#957,.T.);
#409=ORIENTED_EDGE('',*,*,#958,.T.);
#410=ORIENTED_EDGE('',*,*,#959,.T.);
#411=ORIENTED_EDGE('',*,*,#960,.T.);
#412=ORIENTED_EDGE('',*,*,#961,.F.);
#413=ORIENTED_EDGE('',*,*,#962,.F.);
#414=ORIENTED_EDGE('',*,*,#963,.T.);
#415=ORIENTED_EDGE('',*,*,#964,.T.);
#416=ORIENTED_EDGE('',*,*,#965,.T.);
#417=ORIENTED_EDGE('',*,*,#962,.T.);
#418=ORIENTED_EDGE('',*,*,#966,.F.);
#419=ORIENTED_EDGE('',*,*,#967,.F.);
#420=ORIENTED_EDGE('',*,*,#968,.T.);
#421=ORIENTED_EDGE('',*,*,#969,.T.);
#422=ORIENTED_EDGE('',*,*,#970,.T.);
#423=ORIENTED_EDGE('',*,*,#971,.F.);
#424=ORIENTED_EDGE('',*,*,#969,.F.);
#425=ORIENTED_EDGE('',*,*,#972,.T.);
#426=ORIENTED_EDGE('',*,*,#966,.T.);
#427=ORIENTED_EDGE('',*,*,#961,.T.);
#428=ORIENTED_EDGE('',*,*,#973,.F.);
#429=ORIENTED_EDGE('',*,*,#974,.T.);
#430=ORIENTED_EDGE('',*,*,#954,.F.);
#431=ORIENTED_EDGE('',*,*,#975,.T.);
#432=ORIENTED_EDGE('',*,*,#967,.T.);
#433=ORIENTED_EDGE('',*,*,#976,.T.);
#434=ORIENTED_EDGE('',*,*,#977,.T.);
#435=ORIENTED_EDGE('',*,*,#978,.F.);
#436=ORIENTED_EDGE('',*,*,#979,.T.);
#437=ORIENTED_EDGE('',*,*,#938,.F.);
#438=ORIENTED_EDGE('',*,*,#980,.T.);
#439=ORIENTED_EDGE('',*,*,#951,.F.);
#440=ORIENTED_EDGE('',*,*,#978,.T.);
#441=ORIENTED_EDGE('',*,*,#981,.T.);
#442=ORIENTED_EDGE('',*,*,#960,.F.);
#443=ORIENTED_EDGE('',*,*,#982,.T.);
#444=ORIENTED_EDGE('',*,*,#983,.T.);
#445=ORIENTED_EDGE('',*,*,#984,.T.);
#446=ORIENTED_EDGE('',*,*,#981,.F.);
#447=ORIENTED_EDGE('',*,*,#977,.F.);
#448=ORIENTED_EDGE('',*,*,#985,.T.);
#449=ORIENTED_EDGE('',*,*,#973,.T.);
#450=ORIENTED_EDGE('',*,*,#975,.F.);
#451=ORIENTED_EDGE('',*,*,#953,.F.);
#452=ORIENTED_EDGE('',*,*,#986,.T.);
#453=ORIENTED_EDGE('',*,*,#964,.F.);
#454=ORIENTED_EDGE('',*,*,#972,.F.);
#455=ORIENTED_EDGE('',*,*,#968,.F.);
#456=ORIENTED_EDGE('',*,*,#976,.F.);
#457=ORIENTED_EDGE('',*,*,#970,.F.);
#458=ORIENTED_EDGE('',*,*,#974,.F.);
#459=ORIENTED_EDGE('',*,*,#985,.F.);
#460=ORIENTED_EDGE('',*,*,#971,.T.);
#461=ORIENTED_EDGE('',*,*,#959,.F.);
#462=ORIENTED_EDGE('',*,*,#987,.F.);
#463=ORIENTED_EDGE('',*,*,#988,.F.);
#464=ORIENTED_EDGE('',*,*,#989,.T.);
#465=ORIENTED_EDGE('',*,*,#979,.F.);
#466=ORIENTED_EDGE('',*,*,#990,.T.);
#467=ORIENTED_EDGE('',*,*,#991,.T.);
#468=ORIENTED_EDGE('',*,*,#939,.F.);
#469=ORIENTED_EDGE('',*,*,#992,.T.);
#470=ORIENTED_EDGE('',*,*,#993,.T.);
#471=ORIENTED_EDGE('',*,*,#994,.T.);
#472=ORIENTED_EDGE('',*,*,#995,.F.);
#473=ORIENTED_EDGE('',*,*,#996,.T.);
#474=ORIENTED_EDGE('',*,*,#997,.T.);
#475=ORIENTED_EDGE('',*,*,#998,.T.);
#476=ORIENTED_EDGE('',*,*,#999,.T.);
#477=ORIENTED_EDGE('',*,*,#1000,.T.);
#478=ORIENTED_EDGE('',*,*,#1001,.F.);
#479=ORIENTED_EDGE('',*,*,#1002,.F.);
#480=ORIENTED_EDGE('',*,*,#1003,.F.);
#481=ORIENTED_EDGE('',*,*,#1004,.T.);
#482=ORIENTED_EDGE('',*,*,#1005,.T.);
#483=ORIENTED_EDGE('',*,*,#1006,.T.);
#484=ORIENTED_EDGE('',*,*,#1007,.T.);
#485=ORIENTED_EDGE('',*,*,#995,.T.);
#486=ORIENTED_EDGE('',*,*,#1008,.T.);
#487=ORIENTED_EDGE('',*,*,#1009,.T.);
#488=ORIENTED_EDGE('',*,*,#1010,.F.);
#489=ORIENTED_EDGE('',*,*,#1011,.F.);
#490=ORIENTED_EDGE('',*,*,#1012,.F.);
#491=ORIENTED_EDGE('',*,*,#1001,.T.);
#492=ORIENTED_EDGE('',*,*,#1013,.F.);
#493=ORIENTED_EDGE('',*,*,#1014,.F.);
#494=ORIENTED_EDGE('',*,*,#1015,.F.);
#495=ORIENTED_EDGE('',*,*,#1016,.F.);
#496=ORIENTED_EDGE('',*,*,#1017,.F.);
#497=ORIENTED_EDGE('',*,*,#1003,.T.);
#498=ORIENTED_EDGE('',*,*,#1018,.T.);
#499=ORIENTED_EDGE('',*,*,#1019,.F.);
#500=ORIENTED_EDGE('',*,*,#1020,.T.);
#501=ORIENTED_EDGE('',*,*,#1021,.T.);
#502=ORIENTED_EDGE('',*,*,#1015,.T.);
#503=ORIENTED_EDGE('',*,*,#1022,.T.);
#504=ORIENTED_EDGE('',*,*,#1023,.T.);
#505=ORIENTED_EDGE('',*,*,#1024,.T.);
#506=ORIENTED_EDGE('',*,*,#1025,.T.);
#507=ORIENTED_EDGE('',*,*,#998,.F.);
#508=ORIENTED_EDGE('',*,*,#1026,.T.);
#509=ORIENTED_EDGE('',*,*,#1027,.T.);
#510=ORIENTED_EDGE('',*,*,#1028,.T.);
#511=ORIENTED_EDGE('',*,*,#1029,.T.);
#512=ORIENTED_EDGE('',*,*,#1030,.T.);
#513=ORIENTED_EDGE('',*,*,#987,.T.);
#514=ORIENTED_EDGE('',*,*,#958,.F.);
#515=ORIENTED_EDGE('',*,*,#955,.F.);
#516=ORIENTED_EDGE('',*,*,#1031,.T.);
#517=ORIENTED_EDGE('',*,*,#1032,.T.);
#518=ORIENTED_EDGE('',*,*,#1033,.T.);
#519=ORIENTED_EDGE('',*,*,#1034,.T.);
#520=ORIENTED_EDGE('',*,*,#1035,.T.);
#521=ORIENTED_EDGE('',*,*,#1036,.T.);
#522=ORIENTED_EDGE('',*,*,#1037,.T.);
#523=ORIENTED_EDGE('',*,*,#1030,.F.);
#524=ORIENTED_EDGE('',*,*,#1038,.T.);
#525=ORIENTED_EDGE('',*,*,#1039,.T.);
#526=ORIENTED_EDGE('',*,*,#1035,.F.);
#527=ORIENTED_EDGE('',*,*,#1040,.T.);
#528=ORIENTED_EDGE('',*,*,#1041,.T.);
#529=ORIENTED_EDGE('',*,*,#1042,.T.);
#530=ORIENTED_EDGE('',*,*,#1043,.T.);
#531=ORIENTED_EDGE('',*,*,#1044,.T.);
#532=ORIENTED_EDGE('',*,*,#1045,.T.);
#533=ORIENTED_EDGE('',*,*,#1046,.F.);
#534=ORIENTED_EDGE('',*,*,#1047,.T.);
#535=ORIENTED_EDGE('',*,*,#1048,.F.);
#536=ORIENTED_EDGE('',*,*,#1044,.F.);
#537=ORIENTED_EDGE('',*,*,#1049,.T.);
#538=ORIENTED_EDGE('',*,*,#1050,.T.);
#539=ORIENTED_EDGE('',*,*,#1051,.T.);
#540=ORIENTED_EDGE('',*,*,#1048,.T.);
#541=ORIENTED_EDGE('',*,*,#1052,.T.);
#542=ORIENTED_EDGE('',*,*,#1053,.F.);
#543=ORIENTED_EDGE('',*,*,#1054,.T.);
#544=ORIENTED_EDGE('',*,*,#1055,.T.);
#545=ORIENTED_EDGE('',*,*,#1056,.F.);
#546=ORIENTED_EDGE('',*,*,#946,.T.);
#547=ORIENTED_EDGE('',*,*,#1057,.T.);
#548=ORIENTED_EDGE('',*,*,#1054,.F.);
#549=ORIENTED_EDGE('',*,*,#1058,.F.);
#550=ORIENTED_EDGE('',*,*,#1059,.F.);
#551=ORIENTED_EDGE('',*,*,#988,.T.);
#552=ORIENTED_EDGE('',*,*,#1045,.F.);
#553=ORIENTED_EDGE('',*,*,#1060,.F.);
#554=ORIENTED_EDGE('',*,*,#1061,.T.);
#555=ORIENTED_EDGE('',*,*,#1060,.T.);
#556=ORIENTED_EDGE('',*,*,#1052,.F.);
#557=ORIENTED_EDGE('',*,*,#1047,.F.);
#558=ORIENTED_EDGE('',*,*,#1062,.F.);
#559=ORIENTED_EDGE('',*,*,#1063,.F.);
#560=ORIENTED_EDGE('',*,*,#1064,.F.);
#561=ORIENTED_EDGE('',*,*,#1055,.F.);
#562=ORIENTED_EDGE('',*,*,#1057,.F.);
#563=ORIENTED_EDGE('',*,*,#1065,.F.);
#564=ORIENTED_EDGE('',*,*,#1066,.T.);
#565=ORIENTED_EDGE('',*,*,#1065,.T.);
#566=ORIENTED_EDGE('',*,*,#945,.F.);
#567=ORIENTED_EDGE('',*,*,#991,.F.);
#568=ORIENTED_EDGE('',*,*,#1067,.T.);
#569=ORIENTED_EDGE('',*,*,#1068,.T.);
#570=ORIENTED_EDGE('',*,*,#1069,.T.);
#571=ORIENTED_EDGE('',*,*,#1070,.F.);
#572=ORIENTED_EDGE('',*,*,#1071,.F.);
#573=ORIENTED_EDGE('',*,*,#1070,.T.);
#574=ORIENTED_EDGE('',*,*,#1072,.T.);
#575=ORIENTED_EDGE('',*,*,#1073,.F.);
#576=ORIENTED_EDGE('',*,*,#1074,.F.);
#577=ORIENTED_EDGE('',*,*,#1075,.T.);
#578=ORIENTED_EDGE('',*,*,#1076,.T.);
#579=ORIENTED_EDGE('',*,*,#1077,.F.);
#580=ORIENTED_EDGE('',*,*,#1078,.F.);
#581=ORIENTED_EDGE('',*,*,#1079,.F.);
#582=ORIENTED_EDGE('',*,*,#1073,.T.);
#583=ORIENTED_EDGE('',*,*,#1080,.T.);
#584=ORIENTED_EDGE('',*,*,#1081,.T.);
#585=ORIENTED_EDGE('',*,*,#983,.F.);
#586=ORIENTED_EDGE('',*,*,#1082,.T.);
#587=ORIENTED_EDGE('',*,*,#1083,.F.);
#588=ORIENTED_EDGE('',*,*,#1077,.T.);
#589=ORIENTED_EDGE('',*,*,#1084,.T.);
#590=ORIENTED_EDGE('',*,*,#1085,.T.);
#591=ORIENTED_EDGE('',*,*,#1086,.T.);
#592=ORIENTED_EDGE('',*,*,#1068,.F.);
#593=ORIENTED_EDGE('',*,*,#1087,.F.);
#594=ORIENTED_EDGE('',*,*,#1088,.T.);
#595=ORIENTED_EDGE('',*,*,#1089,.T.);
#596=ORIENTED_EDGE('',*,*,#1090,.T.);
#597=ORIENTED_EDGE('',*,*,#1091,.F.);
#598=ORIENTED_EDGE('',*,*,#1071,.T.);
#599=ORIENTED_EDGE('',*,*,#1074,.T.);
#600=ORIENTED_EDGE('',*,*,#1079,.T.);
#601=ORIENTED_EDGE('',*,*,#1083,.T.);
#602=ORIENTED_EDGE('',*,*,#1092,.T.);
#603=ORIENTED_EDGE('',*,*,#1089,.F.);
#604=ORIENTED_EDGE('',*,*,#1078,.T.);
#605=ORIENTED_EDGE('',*,*,#1093,.T.);
#606=ORIENTED_EDGE('',*,*,#1094,.T.);
#607=ORIENTED_EDGE('',*,*,#1088,.F.);
#608=ORIENTED_EDGE('',*,*,#1091,.T.);
#609=ORIENTED_EDGE('',*,*,#1095,.T.);
#610=ORIENTED_EDGE('',*,*,#1093,.F.);
#611=ORIENTED_EDGE('',*,*,#1087,.T.);
#612=ORIENTED_EDGE('',*,*,#1096,.T.);
#613=ORIENTED_EDGE('',*,*,#1097,.T.);
#614=ORIENTED_EDGE('',*,*,#1080,.F.);
#615=ORIENTED_EDGE('',*,*,#1076,.F.);
#616=ORIENTED_EDGE('',*,*,#1098,.T.);
#617=ORIENTED_EDGE('',*,*,#1099,.T.);
#618=ORIENTED_EDGE('',*,*,#1096,.F.);
#619=ORIENTED_EDGE('',*,*,#1075,.F.);
#620=ORIENTED_EDGE('',*,*,#1072,.F.);
#621=ORIENTED_EDGE('',*,*,#1069,.F.);
#622=ORIENTED_EDGE('',*,*,#1085,.F.);
#623=ORIENTED_EDGE('',*,*,#1100,.T.);
#624=ORIENTED_EDGE('',*,*,#1101,.F.);
#625=ORIENTED_EDGE('',*,*,#1101,.T.);
#626=ORIENTED_EDGE('',*,*,#1102,.T.);
#627=ORIENTED_EDGE('',*,*,#1098,.F.);
#628=ORIENTED_EDGE('',*,*,#1086,.F.);
#629=ORIENTED_EDGE('',*,*,#1082,.F.);
#630=ORIENTED_EDGE('',*,*,#982,.F.);
#631=ORIENTED_EDGE('',*,*,#989,.F.);
#632=ORIENTED_EDGE('',*,*,#1103,.F.);
#633=ORIENTED_EDGE('',*,*,#1092,.F.);
#634=ORIENTED_EDGE('',*,*,#1103,.T.);
#635=ORIENTED_EDGE('',*,*,#1061,.F.);
#636=ORIENTED_EDGE('',*,*,#1104,.F.);
#637=ORIENTED_EDGE('',*,*,#1090,.F.);
#638=ORIENTED_EDGE('',*,*,#1104,.T.);
#639=ORIENTED_EDGE('',*,*,#1066,.F.);
#640=ORIENTED_EDGE('',*,*,#1105,.F.);
#641=ORIENTED_EDGE('',*,*,#1102,.F.);
#642=ORIENTED_EDGE('',*,*,#1100,.F.);
#643=ORIENTED_EDGE('',*,*,#1084,.F.);
#644=ORIENTED_EDGE('',*,*,#1094,.F.);
#645=ORIENTED_EDGE('',*,*,#1095,.F.);
#646=ORIENTED_EDGE('',*,*,#1105,.T.);
#647=ORIENTED_EDGE('',*,*,#1067,.F.);
#648=ORIENTED_EDGE('',*,*,#1106,.F.);
#649=ORIENTED_EDGE('',*,*,#1099,.F.);
#650=ORIENTED_EDGE('',*,*,#1106,.T.);
#651=ORIENTED_EDGE('',*,*,#990,.F.);
#652=ORIENTED_EDGE('',*,*,#984,.F.);
#653=ORIENTED_EDGE('',*,*,#1081,.F.);
#654=ORIENTED_EDGE('',*,*,#1097,.F.);
#655=ORIENTED_EDGE('',*,*,#1107,.T.);
#656=ORIENTED_EDGE('',*,*,#1108,.T.);
#657=ORIENTED_EDGE('',*,*,#1109,.T.);
#658=ORIENTED_EDGE('',*,*,#992,.F.);
#659=ORIENTED_EDGE('',*,*,#1007,.F.);
#660=ORIENTED_EDGE('',*,*,#1110,.T.);
#661=ORIENTED_EDGE('',*,*,#1032,.F.);
#662=ORIENTED_EDGE('',*,*,#1111,.F.);
#663=ORIENTED_EDGE('',*,*,#1112,.T.);
#664=ORIENTED_EDGE('',*,*,#1111,.T.);
#665=ORIENTED_EDGE('',*,*,#1113,.T.);
#666=ORIENTED_EDGE('',*,*,#1062,.T.);
#667=ORIENTED_EDGE('',*,*,#1114,.T.);
#668=ORIENTED_EDGE('',*,*,#1108,.F.);
#669=ORIENTED_EDGE('',*,*,#1115,.T.);
#670=ORIENTED_EDGE('',*,*,#1064,.T.);
#671=ORIENTED_EDGE('',*,*,#1063,.T.);
#672=ORIENTED_EDGE('',*,*,#996,.F.);
#673=ORIENTED_EDGE('',*,*,#1025,.F.);
#674=ORIENTED_EDGE('',*,*,#1116,.T.);
#675=ORIENTED_EDGE('',*,*,#1058,.T.);
#676=ORIENTED_EDGE('',*,*,#1053,.T.);
#677=ORIENTED_EDGE('',*,*,#1115,.F.);
#678=ORIENTED_EDGE('',*,*,#1107,.F.);
#679=ORIENTED_EDGE('',*,*,#1117,.F.);
#680=ORIENTED_EDGE('',*,*,#1118,.F.);
#681=ORIENTED_EDGE('',*,*,#1119,.F.);
#682=ORIENTED_EDGE('',*,*,#1120,.F.);
#683=ORIENTED_EDGE('',*,*,#1024,.F.);
#684=ORIENTED_EDGE('',*,*,#1121,.T.);
#685=ORIENTED_EDGE('',*,*,#1059,.T.);
#686=ORIENTED_EDGE('',*,*,#1116,.F.);
#687=ORIENTED_EDGE('',*,*,#1023,.F.);
#688=ORIENTED_EDGE('',*,*,#1122,.T.);
#689=ORIENTED_EDGE('',*,*,#947,.T.);
#690=ORIENTED_EDGE('',*,*,#1056,.T.);
#691=ORIENTED_EDGE('',*,*,#1121,.F.);
#692=ORIENTED_EDGE('',*,*,#1022,.F.);
#693=ORIENTED_EDGE('',*,*,#1014,.T.);
#694=ORIENTED_EDGE('',*,*,#1123,.T.);
#695=ORIENTED_EDGE('',*,*,#948,.T.);
#696=ORIENTED_EDGE('',*,*,#1122,.F.);
#697=ORIENTED_EDGE('',*,*,#1000,.F.);
#698=ORIENTED_EDGE('',*,*,#1124,.T.);
#699=ORIENTED_EDGE('',*,*,#949,.T.);
#700=ORIENTED_EDGE('',*,*,#1123,.F.);
#701=ORIENTED_EDGE('',*,*,#1013,.T.);
#702=ORIENTED_EDGE('',*,*,#999,.F.);
#703=ORIENTED_EDGE('',*,*,#1125,.T.);
#704=ORIENTED_EDGE('',*,*,#933,.T.);
#705=ORIENTED_EDGE('',*,*,#950,.T.);
#706=ORIENTED_EDGE('',*,*,#1124,.F.);
#707=ORIENTED_EDGE('',*,*,#994,.F.);
#708=ORIENTED_EDGE('',*,*,#1126,.T.);
#709=ORIENTED_EDGE('',*,*,#1127,.F.);
#710=ORIENTED_EDGE('',*,*,#1128,.T.);
#711=ORIENTED_EDGE('',*,*,#1127,.T.);
#712=ORIENTED_EDGE('',*,*,#935,.T.);
#713=ORIENTED_EDGE('',*,*,#1129,.T.);
#714=ORIENTED_EDGE('',*,*,#1008,.F.);
#715=ORIENTED_EDGE('',*,*,#1009,.F.);
#716=ORIENTED_EDGE('',*,*,#1129,.F.);
#717=ORIENTED_EDGE('',*,*,#934,.T.);
#718=ORIENTED_EDGE('',*,*,#1125,.F.);
#719=ORIENTED_EDGE('',*,*,#997,.F.);
#720=ORIENTED_EDGE('',*,*,#1120,.T.);
#721=ORIENTED_EDGE('',*,*,#1119,.T.);
#722=ORIENTED_EDGE('',*,*,#1118,.T.);
#723=ORIENTED_EDGE('',*,*,#1117,.T.);
#724=ORIENTED_EDGE('',*,*,#1109,.F.);
#725=ORIENTED_EDGE('',*,*,#1114,.F.);
#726=ORIENTED_EDGE('',*,*,#1046,.T.);
#727=ORIENTED_EDGE('',*,*,#1051,.F.);
#728=ORIENTED_EDGE('',*,*,#1130,.T.);
#729=ORIENTED_EDGE('',*,*,#1026,.F.);
#730=ORIENTED_EDGE('',*,*,#1027,.F.);
#731=ORIENTED_EDGE('',*,*,#1130,.F.);
#732=ORIENTED_EDGE('',*,*,#1050,.F.);
#733=ORIENTED_EDGE('',*,*,#1131,.T.);
#734=ORIENTED_EDGE('',*,*,#1020,.F.);
#735=ORIENTED_EDGE('',*,*,#1131,.F.);
#736=ORIENTED_EDGE('',*,*,#1049,.F.);
#737=ORIENTED_EDGE('',*,*,#1043,.F.);
#738=ORIENTED_EDGE('',*,*,#1132,.T.);
#739=ORIENTED_EDGE('',*,*,#1133,.T.);
#740=ORIENTED_EDGE('',*,*,#1016,.T.);
#741=ORIENTED_EDGE('',*,*,#1021,.F.);
#742=ORIENTED_EDGE('',*,*,#1132,.F.);
#743=ORIENTED_EDGE('',*,*,#1042,.F.);
#744=ORIENTED_EDGE('',*,*,#1004,.F.);
#745=ORIENTED_EDGE('',*,*,#1017,.T.);
#746=ORIENTED_EDGE('',*,*,#1133,.F.);
#747=ORIENTED_EDGE('',*,*,#1041,.F.);
#748=ORIENTED_EDGE('',*,*,#1134,.T.);
#749=ORIENTED_EDGE('',*,*,#1005,.F.);
#750=ORIENTED_EDGE('',*,*,#1134,.F.);
#751=ORIENTED_EDGE('',*,*,#1040,.F.);
#752=ORIENTED_EDGE('',*,*,#1034,.F.);
#753=ORIENTED_EDGE('',*,*,#1135,.T.);
#754=ORIENTED_EDGE('',*,*,#1006,.F.);
#755=ORIENTED_EDGE('',*,*,#1135,.F.);
#756=ORIENTED_EDGE('',*,*,#1033,.F.);
#757=ORIENTED_EDGE('',*,*,#1110,.F.);
#758=ORIENTED_EDGE('',*,*,#1136,.T.);
#759=ORIENTED_EDGE('',*,*,#1128,.F.);
#760=ORIENTED_EDGE('',*,*,#1136,.F.);
#761=ORIENTED_EDGE('',*,*,#1137,.F.);
#762=ORIENTED_EDGE('',*,*,#1112,.F.);
#763=ORIENTED_EDGE('',*,*,#1137,.T.);
#764=ORIENTED_EDGE('',*,*,#1031,.F.);
#765=ORIENTED_EDGE('',*,*,#957,.F.);
#766=ORIENTED_EDGE('',*,*,#936,.F.);
#767=ORIENTED_EDGE('',*,*,#1126,.F.);
#768=ORIENTED_EDGE('',*,*,#993,.F.);
#769=ORIENTED_EDGE('',*,*,#1113,.F.);
#770=ORIENTED_EDGE('',*,*,#980,.F.);
#771=ORIENTED_EDGE('',*,*,#956,.F.);
#772=ORIENTED_EDGE('',*,*,#963,.F.);
#773=ORIENTED_EDGE('',*,*,#965,.F.);
#774=ORIENTED_EDGE('',*,*,#986,.F.);
#775=ORIENTED_EDGE('',*,*,#952,.F.);
#776=ORIENTED_EDGE('',*,*,#1138,.T.);
#777=ORIENTED_EDGE('',*,*,#1139,.T.);
#778=ORIENTED_EDGE('',*,*,#1140,.F.);
#779=ORIENTED_EDGE('',*,*,#1140,.T.);
#780=ORIENTED_EDGE('',*,*,#1141,.T.);
#781=ORIENTED_EDGE('',*,*,#1142,.T.);
#782=ORIENTED_EDGE('',*,*,#1143,.T.);
#783=ORIENTED_EDGE('',*,*,#1144,.T.);
#784=ORIENTED_EDGE('',*,*,#1145,.F.);
#785=ORIENTED_EDGE('',*,*,#1145,.T.);
#786=ORIENTED_EDGE('',*,*,#1146,.T.);
#787=ORIENTED_EDGE('',*,*,#924,.T.);
#788=ORIENTED_EDGE('',*,*,#1147,.T.);
#789=ORIENTED_EDGE('',*,*,#1148,.T.);
#790=ORIENTED_EDGE('',*,*,#1149,.T.);
#791=ORIENTED_EDGE('',*,*,#1150,.T.);
#792=ORIENTED_EDGE('',*,*,#1151,.T.);
#793=ORIENTED_EDGE('',*,*,#1152,.T.);
#794=ORIENTED_EDGE('',*,*,#1148,.F.);
#795=ORIENTED_EDGE('',*,*,#1153,.T.);
#796=ORIENTED_EDGE('',*,*,#1154,.T.);
#797=ORIENTED_EDGE('',*,*,#1155,.F.);
#798=ORIENTED_EDGE('',*,*,#1155,.T.);
#799=ORIENTED_EDGE('',*,*,#1156,.T.);
#800=ORIENTED_EDGE('',*,*,#927,.T.);
#801=ORIENTED_EDGE('',*,*,#1157,.T.);
#802=ORIENTED_EDGE('',*,*,#1157,.F.);
#803=ORIENTED_EDGE('',*,*,#929,.F.);
#804=ORIENTED_EDGE('',*,*,#1158,.F.);
#805=ORIENTED_EDGE('',*,*,#943,.F.);
#806=ORIENTED_EDGE('',*,*,#931,.F.);
#807=ORIENTED_EDGE('',*,*,#1159,.T.);
#808=ORIENTED_EDGE('',*,*,#1151,.F.);
#809=ORIENTED_EDGE('',*,*,#1160,.F.);
#810=ORIENTED_EDGE('',*,*,#1153,.F.);
#811=ORIENTED_EDGE('',*,*,#1156,.F.);
#812=ORIENTED_EDGE('',*,*,#1154,.F.);
#813=ORIENTED_EDGE('',*,*,#1160,.T.);
#814=ORIENTED_EDGE('',*,*,#1150,.F.);
#815=ORIENTED_EDGE('',*,*,#1161,.T.);
#816=ORIENTED_EDGE('',*,*,#941,.F.);
#817=ORIENTED_EDGE('',*,*,#944,.F.);
#818=ORIENTED_EDGE('',*,*,#1158,.T.);
#819=ORIENTED_EDGE('',*,*,#928,.F.);
#820=ORIENTED_EDGE('',*,*,#1142,.F.);
#821=ORIENTED_EDGE('',*,*,#1162,.T.);
#822=ORIENTED_EDGE('',*,*,#1036,.F.);
#823=ORIENTED_EDGE('',*,*,#1039,.F.);
#824=ORIENTED_EDGE('',*,*,#1163,.F.);
#825=ORIENTED_EDGE('',*,*,#1143,.F.);
#826=ORIENTED_EDGE('',*,*,#1147,.F.);
#827=ORIENTED_EDGE('',*,*,#926,.F.);
#828=ORIENTED_EDGE('',*,*,#1164,.F.);
#829=ORIENTED_EDGE('',*,*,#1038,.F.);
#830=ORIENTED_EDGE('',*,*,#1029,.F.);
#831=ORIENTED_EDGE('',*,*,#1165,.T.);
#832=ORIENTED_EDGE('',*,*,#1138,.F.);
#833=ORIENTED_EDGE('',*,*,#1164,.T.);
#834=ORIENTED_EDGE('',*,*,#925,.F.);
#835=ORIENTED_EDGE('',*,*,#1146,.F.);
#836=ORIENTED_EDGE('',*,*,#1144,.F.);
#837=ORIENTED_EDGE('',*,*,#1163,.T.);
#838=ORIENTED_EDGE('',*,*,#1162,.F.);
#839=ORIENTED_EDGE('',*,*,#1141,.F.);
#840=ORIENTED_EDGE('',*,*,#1166,.F.);
#841=ORIENTED_EDGE('',*,*,#1037,.F.);
#842=ORIENTED_EDGE('',*,*,#1166,.T.);
#843=ORIENTED_EDGE('',*,*,#1139,.F.);
#844=ORIENTED_EDGE('',*,*,#1165,.F.);
#845=ORIENTED_EDGE('',*,*,#1028,.F.);
#846=ORIENTED_EDGE('',*,*,#1161,.F.);
#847=ORIENTED_EDGE('',*,*,#1149,.F.);
#848=ORIENTED_EDGE('',*,*,#1167,.F.);
#849=ORIENTED_EDGE('',*,*,#942,.F.);
#850=ORIENTED_EDGE('',*,*,#1167,.T.);
#851=ORIENTED_EDGE('',*,*,#1152,.F.);
#852=ORIENTED_EDGE('',*,*,#1159,.F.);
#853=ORIENTED_EDGE('',*,*,#930,.F.);
#854=ORIENTED_EDGE('',*,*,#1168,.T.);
#855=ORIENTED_EDGE('',*,*,#1002,.T.);
#856=ORIENTED_EDGE('',*,*,#1169,.F.);
#857=ORIENTED_EDGE('',*,*,#1168,.F.);
#858=ORIENTED_EDGE('',*,*,#1170,.T.);
#859=ORIENTED_EDGE('',*,*,#1171,.F.);
#860=ORIENTED_EDGE('',*,*,#1172,.F.);
#861=ORIENTED_EDGE('',*,*,#1173,.F.);
#862=ORIENTED_EDGE('',*,*,#1018,.F.);
#863=ORIENTED_EDGE('',*,*,#1174,.F.);
#864=ORIENTED_EDGE('',*,*,#1169,.T.);
#865=ORIENTED_EDGE('',*,*,#1012,.T.);
#866=ORIENTED_EDGE('',*,*,#1175,.T.);
#867=ORIENTED_EDGE('',*,*,#1176,.T.);
#868=ORIENTED_EDGE('',*,*,#1177,.T.);
#869=ORIENTED_EDGE('',*,*,#1178,.F.);
#870=ORIENTED_EDGE('',*,*,#1179,.T.);
#871=ORIENTED_EDGE('',*,*,#1175,.F.);
#872=ORIENTED_EDGE('',*,*,#1011,.T.);
#873=ORIENTED_EDGE('',*,*,#1180,.F.);
#874=ORIENTED_EDGE('',*,*,#1019,.T.);
#875=ORIENTED_EDGE('',*,*,#1173,.T.);
#876=ORIENTED_EDGE('',*,*,#1181,.T.);
#877=ORIENTED_EDGE('',*,*,#1174,.T.);
#878=ORIENTED_EDGE('',*,*,#1182,.T.);
#879=ORIENTED_EDGE('',*,*,#1170,.F.);
#880=ORIENTED_EDGE('',*,*,#1171,.T.);
#881=ORIENTED_EDGE('',*,*,#1182,.F.);
#882=ORIENTED_EDGE('',*,*,#1177,.F.);
#883=ORIENTED_EDGE('',*,*,#1183,.T.);
#884=ORIENTED_EDGE('',*,*,#1180,.T.);
#885=ORIENTED_EDGE('',*,*,#1184,.F.);
#886=ORIENTED_EDGE('',*,*,#1178,.T.);
#887=ORIENTED_EDGE('',*,*,#1010,.T.);
#888=ORIENTED_EDGE('',*,*,#1172,.T.);
#889=ORIENTED_EDGE('',*,*,#1183,.F.);
#890=ORIENTED_EDGE('',*,*,#1176,.F.);
#891=ORIENTED_EDGE('',*,*,#1179,.F.);
#892=ORIENTED_EDGE('',*,*,#1184,.T.);
#893=ORIENTED_EDGE('',*,*,#1181,.F.);
#894=ORIENTED_EDGE('',*,*,#1185,.T.);
#895=ORIENTED_EDGE('',*,*,#1186,.T.);
#896=ORIENTED_EDGE('',*,*,#1187,.T.);
#897=ORIENTED_EDGE('',*,*,#1188,.F.);
#898=ORIENTED_EDGE('',*,*,#1189,.F.);
#899=ORIENTED_EDGE('',*,*,#1190,.F.);
#900=ORIENTED_EDGE('',*,*,#1187,.F.);
#901=ORIENTED_EDGE('',*,*,#1191,.T.);
#902=ORIENTED_EDGE('',*,*,#1192,.F.);
#903=ORIENTED_EDGE('',*,*,#1193,.F.);
#904=ORIENTED_EDGE('',*,*,#1192,.T.);
#905=ORIENTED_EDGE('',*,*,#1194,.T.);
#906=ORIENTED_EDGE('',*,*,#1185,.F.);
#907=ORIENTED_EDGE('',*,*,#1195,.F.);
#908=ORIENTED_EDGE('',*,*,#1196,.F.);
#909=ORIENTED_EDGE('',*,*,#1197,.T.);
#910=ORIENTED_EDGE('',*,*,#1189,.T.);
#911=ORIENTED_EDGE('',*,*,#1198,.T.);
#912=ORIENTED_EDGE('',*,*,#1198,.F.);
#913=ORIENTED_EDGE('',*,*,#1188,.T.);
#914=ORIENTED_EDGE('',*,*,#1193,.T.);
#915=ORIENTED_EDGE('',*,*,#1196,.T.);
#916=ORIENTED_EDGE('',*,*,#1199,.F.);
#917=ORIENTED_EDGE('',*,*,#1195,.T.);
#918=ORIENTED_EDGE('',*,*,#1190,.T.);
#919=ORIENTED_EDGE('',*,*,#1197,.F.);
#920=ORIENTED_EDGE('',*,*,#1199,.T.);
#921=ORIENTED_EDGE('',*,*,#1191,.F.);
#922=ORIENTED_EDGE('',*,*,#1186,.F.);
#923=ORIENTED_EDGE('',*,*,#1194,.F.);
#924=EDGE_CURVE('',#1200,#1201,#1379,.T.);
#925=EDGE_CURVE('',#1200,#1202,#1380,.T.);
#926=EDGE_CURVE('',#1202,#1201,#1381,.T.);
#927=EDGE_CURVE('',#1203,#1204,#1382,.T.);
#928=EDGE_CURVE('',#1203,#1205,#1383,.T.);
#929=EDGE_CURVE('',#1205,#1204,#1384,.T.);
#930=EDGE_CURVE('',#1206,#1207,#212,.T.);
#931=EDGE_CURVE('',#1207,#1208,#213,.T.);
#932=EDGE_CURVE('',#1209,#1208,#78,.T.);
#933=EDGE_CURVE('',#1210,#1209,#214,.T.);
#934=EDGE_CURVE('',#1211,#1210,#215,.T.);
#935=EDGE_CURVE('',#1212,#1211,#216,.T.);
#936=EDGE_CURVE('',#1212,#1213,#217,.T.);
#937=EDGE_CURVE('',#1213,#1214,#79,.T.);
#938=EDGE_CURVE('',#1214,#1215,#80,.T.);
#939=EDGE_CURVE('',#1215,#1216,#1385,.F.);
#940=EDGE_CURVE('',#1217,#1216,#81,.T.);
#941=EDGE_CURVE('',#1217,#1218,#218,.F.);
#942=EDGE_CURVE('',#1218,#1206,#219,.T.);
#943=EDGE_CURVE('',#1208,#1219,#220,.T.);
#944=EDGE_CURVE('',#1219,#1217,#221,.T.);
#945=EDGE_CURVE('',#1216,#1220,#1386,.T.);
#946=EDGE_CURVE('',#1221,#1220,#82,.T.);
#947=EDGE_CURVE('',#1222,#1221,#222,.T.);
#948=EDGE_CURVE('',#1223,#1222,#223,.T.);
#949=EDGE_CURVE('',#1224,#1223,#224,.T.);
#950=EDGE_CURVE('',#1209,#1224,#225,.T.);
#951=EDGE_CURVE('',#1225,#1226,#1387,.T.);
#952=EDGE_CURVE('',#1226,#1227,#83,.T.);
#953=EDGE_CURVE('',#1227,#1228,#1388,.F.);
#954=EDGE_CURVE('',#1228,#1225,#84,.T.);
#955=EDGE_CURVE('',#1229,#1230,#85,.T.);
#956=EDGE_CURVE('',#1230,#1214,#86,.F.);
#957=EDGE_CURVE('',#1213,#1229,#87,.F.);
#958=EDGE_CURVE('',#1230,#1231,#88,.T.);
#959=EDGE_CURVE('',#1231,#1232,#226,.T.);
#960=EDGE_CURVE('',#1232,#1233,#1389,.T.);
#961=EDGE_CURVE('',#1234,#1233,#89,.T.);
#962=EDGE_CURVE('',#1235,#1234,#1390,.T.);
#963=EDGE_CURVE('',#1235,#1230,#227,.T.);
#964=EDGE_CURVE('',#1236,#1237,#1391,.F.);
#965=EDGE_CURVE('',#1237,#1235,#90,.T.);
#966=EDGE_CURVE('',#1236,#1234,#91,.T.);
#967=EDGE_CURVE('',#1238,#1239,#1392,.T.);
#968=EDGE_CURVE('',#1238,#1240,#1393,.F.);
#969=EDGE_CURVE('',#1240,#1241,#1394,.T.);
#970=EDGE_CURVE('',#1241,#1239,#1395,.F.);
#971=EDGE_CURVE('',#1242,#1242,#1396,.F.);
#972=EDGE_CURVE('',#1240,#1236,#92,.F.);
#973=EDGE_CURVE('',#1243,#1233,#93,.T.);
#974=EDGE_CURVE('',#1243,#1241,#94,.F.);
#975=EDGE_CURVE('',#1228,#1238,#95,.T.);
#976=EDGE_CURVE('',#1239,#1244,#96,.T.);
#977=EDGE_CURVE('',#1244,#1245,#97,.T.);
#978=EDGE_CURVE('',#1225,#1245,#98,.T.);
#979=EDGE_CURVE('',#1246,#1215,#228,.T.);
#980=EDGE_CURVE('',#1214,#1226,#229,.T.);
#981=EDGE_CURVE('',#1245,#1246,#1397,.T.);
#982=EDGE_CURVE('',#1232,#1247,#1398,.T.);
#983=EDGE_CURVE('',#1247,#1248,#99,.T.);
#984=EDGE_CURVE('',#1248,#1246,#1399,.T.);
#985=EDGE_CURVE('',#1244,#1243,#1400,.T.);
#986=EDGE_CURVE('',#1227,#1237,#230,.T.);
#987=EDGE_CURVE('',#1249,#1231,#1401,.F.);
#988=EDGE_CURVE('',#1250,#1249,#100,.T.);
#989=EDGE_CURVE('',#1250,#1232,#1402,.T.);
#990=EDGE_CURVE('',#1246,#1251,#1403,.T.);
#991=EDGE_CURVE('',#1251,#1216,#101,.T.);
#992=EDGE_CURVE('',#1252,#1253,#231,.T.);
#993=EDGE_CURVE('',#1253,#1254,#102,.T.);
#994=EDGE_CURVE('',#1254,#1255,#232,.T.);
#995=EDGE_CURVE('',#1252,#1255,#103,.T.);
#996=EDGE_CURVE('',#1256,#1257,#233,.T.);
#997=EDGE_CURVE('',#1257,#1258,#234,.T.);
#998=EDGE_CURVE('',#1258,#1256,#104,.T.);
#999=EDGE_CURVE('',#1259,#1260,#235,.T.);
#1000=EDGE_CURVE('',#1260,#1261,#236,.T.);
#1001=EDGE_CURVE('',#1262,#1261,#105,.T.);
#1002=EDGE_CURVE('',#1263,#1262,#106,.T.);
#1003=EDGE_CURVE('',#1264,#1263,#107,.T.);
#1004=EDGE_CURVE('',#1264,#1265,#237,.T.);
#1005=EDGE_CURVE('',#1265,#1266,#238,.T.);
#1006=EDGE_CURVE('',#1266,#1267,#239,.T.);
#1007=EDGE_CURVE('',#1267,#1252,#240,.T.);
#1008=EDGE_CURVE('',#1255,#1268,#241,.T.);
#1009=EDGE_CURVE('',#1268,#1259,#242,.T.);
#1010=EDGE_CURVE('',#1269,#1270,#108,.F.);
#1011=EDGE_CURVE('',#1271,#1269,#40,.F.);
#1012=EDGE_CURVE('',#1262,#1271,#41,.F.);
#1013=EDGE_CURVE('',#1272,#1261,#243,.T.);
#1014=EDGE_CURVE('',#1273,#1272,#244,.T.);
#1015=EDGE_CURVE('',#1274,#1273,#109,.T.);
#1016=EDGE_CURVE('',#1275,#1274,#245,.T.);
#1017=EDGE_CURVE('',#1264,#1275,#246,.T.);
#1018=EDGE_CURVE('',#1263,#1276,#42,.F.);
#1019=EDGE_CURVE('',#1270,#1276,#43,.F.);
#1020=EDGE_CURVE('',#1277,#1278,#247,.T.);
#1021=EDGE_CURVE('',#1278,#1274,#248,.T.);
#1022=EDGE_CURVE('',#1273,#1279,#249,.T.);
#1023=EDGE_CURVE('',#1279,#1280,#250,.T.);
#1024=EDGE_CURVE('',#1280,#1281,#251,.T.);
#1025=EDGE_CURVE('',#1281,#1256,#252,.T.);
#1026=EDGE_CURVE('',#1258,#1282,#253,.T.);
#1027=EDGE_CURVE('',#1282,#1277,#254,.T.);
#1028=EDGE_CURVE('',#1283,#1284,#255,.T.);
#1029=EDGE_CURVE('',#1284,#1285,#256,.T.);
#1030=EDGE_CURVE('',#1285,#1249,#110,.T.);
#1031=EDGE_CURVE('',#1229,#1286,#257,.T.);
#1032=EDGE_CURVE('',#1286,#1287,#258,.T.);
#1033=EDGE_CURVE('',#1287,#1288,#259,.T.);
#1034=EDGE_CURVE('',#1288,#1289,#260,.T.);
#1035=EDGE_CURVE('',#1289,#1290,#111,.T.);
#1036=EDGE_CURVE('',#1290,#1291,#261,.F.);
#1037=EDGE_CURVE('',#1291,#1283,#262,.T.);
#1038=EDGE_CURVE('',#1285,#1292,#263,.T.);
#1039=EDGE_CURVE('',#1292,#1290,#264,.T.);
#1040=EDGE_CURVE('',#1289,#1293,#265,.T.);
#1041=EDGE_CURVE('',#1293,#1294,#266,.T.);
#1042=EDGE_CURVE('',#1294,#1295,#267,.T.);
#1043=EDGE_CURVE('',#1295,#1296,#268,.T.);
#1044=EDGE_CURVE('',#1296,#1297,#112,.T.);
#1045=EDGE_CURVE('',#1297,#1249,#1404,.T.);
#1046=EDGE_CURVE('',#1298,#1299,#269,.T.);
#1047=EDGE_CURVE('',#1298,#1300,#1405,.F.);
#1048=EDGE_CURVE('',#1299,#1300,#113,.T.);
#1049=EDGE_CURVE('',#1296,#1301,#270,.T.);
#1050=EDGE_CURVE('',#1301,#1302,#271,.T.);
#1051=EDGE_CURVE('',#1302,#1299,#272,.T.);
#1052=EDGE_CURVE('',#1300,#1297,#1406,.F.);
#1053=EDGE_CURVE('',#1303,#1304,#273,.T.);
#1054=EDGE_CURVE('',#1303,#1305,#114,.T.);
#1055=EDGE_CURVE('',#1305,#1304,#1407,.F.);
#1056=EDGE_CURVE('',#1221,#1306,#274,.T.);
#1057=EDGE_CURVE('',#1220,#1305,#1408,.F.);
#1058=EDGE_CURVE('',#1307,#1303,#275,.T.);
#1059=EDGE_CURVE('',#1306,#1307,#276,.T.);
#1060=EDGE_CURVE('',#1308,#1297,#115,.T.);
#1061=EDGE_CURVE('',#1308,#1250,#1409,.F.);
#1062=EDGE_CURVE('',#1309,#1298,#1410,.F.);
#1063=EDGE_CURVE('',#1310,#1309,#116,.F.);
#1064=EDGE_CURVE('',#1304,#1310,#1411,.F.);
#1065=EDGE_CURVE('',#1311,#1220,#117,.T.);
#1066=EDGE_CURVE('',#1311,#1308,#1412,.T.);
#1067=EDGE_CURVE('',#1251,#1311,#1413,.F.);
#1068=EDGE_CURVE('',#1312,#1313,#118,.T.);
#1069=EDGE_CURVE('',#1313,#1314,#277,.T.);
#1070=EDGE_CURVE('',#1315,#1314,#119,.T.);
#1071=EDGE_CURVE('',#1312,#1315,#278,.T.);
#1072=EDGE_CURVE('',#1314,#1316,#279,.T.);
#1073=EDGE_CURVE('',#1317,#1316,#120,.T.);
#1074=EDGE_CURVE('',#1315,#1317,#280,.T.);
#1075=EDGE_CURVE('',#1316,#1318,#281,.T.);
#1076=EDGE_CURVE('',#1318,#1319,#282,.T.);
#1077=EDGE_CURVE('',#1320,#1319,#121,.T.);
#1078=EDGE_CURVE('',#1321,#1320,#283,.T.);
#1079=EDGE_CURVE('',#1317,#1321,#284,.T.);
#1080=EDGE_CURVE('',#1319,#1322,#285,.T.);
#1081=EDGE_CURVE('',#1322,#1248,#286,.T.);
#1082=EDGE_CURVE('',#1247,#1323,#287,.T.);
#1083=EDGE_CURVE('',#1320,#1323,#288,.T.);
#1084=EDGE_CURVE('',#1324,#1325,#289,.T.);
#1085=EDGE_CURVE('',#1325,#1326,#290,.F.);
#1086=EDGE_CURVE('',#1326,#1313,#291,.T.);
#1087=EDGE_CURVE('',#1327,#1312,#292,.T.);
#1088=EDGE_CURVE('',#1327,#1324,#293,.T.);
#1089=EDGE_CURVE('',#1321,#1328,#122,.T.);
#1090=EDGE_CURVE('',#1328,#1329,#1414,.T.);
#1091=EDGE_CURVE('',#1312,#1329,#123,.T.);
#1092=EDGE_CURVE('',#1323,#1328,#1415,.F.);
#1093=EDGE_CURVE('',#1327,#1330,#124,.T.);
#1094=EDGE_CURVE('',#1330,#1324,#1416,.F.);
#1095=EDGE_CURVE('',#1329,#1330,#1417,.F.);
#1096=EDGE_CURVE('',#1318,#1331,#125,.T.);
#1097=EDGE_CURVE('',#1331,#1322,#1418,.F.);
#1098=EDGE_CURVE('',#1313,#1332,#126,.T.);
#1099=EDGE_CURVE('',#1332,#1331,#1419,.T.);
#1100=EDGE_CURVE('',#1325,#1333,#1420,.F.);
#1101=EDGE_CURVE('',#1326,#1333,#127,.T.);
#1102=EDGE_CURVE('',#1333,#1332,#1421,.F.);
#1103=EDGE_CURVE('',#1328,#1250,#128,.T.);
#1104=EDGE_CURVE('',#1329,#1308,#129,.T.);
#1105=EDGE_CURVE('',#1332,#1311,#130,.T.);
#1106=EDGE_CURVE('',#1331,#1251,#131,.T.);
#1107=EDGE_CURVE('',#1334,#1335,#1422,.F.);
#1108=EDGE_CURVE('',#1335,#1336,#44,.T.);
#1109=EDGE_CURVE('',#1336,#1334,#1423,.F.);
#1110=EDGE_CURVE('',#1267,#1287,#294,.T.);
#1111=EDGE_CURVE('',#1337,#1286,#295,.T.);
#1112=EDGE_CURVE('',#1337,#1337,#1424,.F.);
#1113=EDGE_CURVE('',#1286,#1253,#296,.T.);
#1114=EDGE_CURVE('',#1298,#1336,#297,.T.);
#1115=EDGE_CURVE('',#1335,#1304,#298,.T.);
#1116=EDGE_CURVE('',#1281,#1307,#1425,.F.);
#1117=EDGE_CURVE('',#1338,#1334,#299,.T.);
#1118=EDGE_CURVE('',#1339,#1338,#300,.T.);
#1119=EDGE_CURVE('',#1340,#1339,#301,.T.);
#1120=EDGE_CURVE('',#1257,#1340,#302,.T.);
#1121=EDGE_CURVE('',#1280,#1306,#1426,.F.);
#1122=EDGE_CURVE('',#1279,#1222,#1427,.F.);
#1123=EDGE_CURVE('',#1272,#1223,#1428,.F.);
#1124=EDGE_CURVE('',#1260,#1224,#1429,.F.);
#1125=EDGE_CURVE('',#1259,#1210,#1430,.F.);
#1126=EDGE_CURVE('',#1254,#1212,#303,.T.);
#1127=EDGE_CURVE('',#1341,#1212,#304,.T.);
#1128=EDGE_CURVE('',#1341,#1341,#1431,.F.);
#1129=EDGE_CURVE('',#1211,#1268,#305,.T.);
#1130=EDGE_CURVE('',#1302,#1282,#1432,.F.);
#1131=EDGE_CURVE('',#1301,#1277,#1433,.F.);
#1132=EDGE_CURVE('',#1295,#1278,#1434,.F.);
#1133=EDGE_CURVE('',#1294,#1275,#1435,.F.);
#1134=EDGE_CURVE('',#1293,#1265,#1436,.F.);
#1135=EDGE_CURVE('',#1288,#1266,#1437,.F.);
#1136=EDGE_CURVE('',#1342,#1342,#1438,.F.);
#1137=EDGE_CURVE('',#1344,#1344,#1439,.F.);
#1138=EDGE_CURVE('',#1346,#1347,#1440,.F.);
#1139=EDGE_CURVE('',#1347,#1348,#306,.T.);
#1140=EDGE_CURVE('',#1346,#1348,#132,.T.);
#1141=EDGE_CURVE('',#1348,#1349,#307,.T.);
#1142=EDGE_CURVE('',#1349,#1346,#1441,.F.);
#1143=EDGE_CURVE('',#1350,#1351,#1442,.T.);
#1144=EDGE_CURVE('',#1351,#1352,#1443,.T.);
#1145=EDGE_CURVE('',#1350,#1352,#1444,.T.);
#1146=EDGE_CURVE('',#1352,#1200,#308,.T.);
#1147=EDGE_CURVE('',#1201,#1350,#309,.T.);
#1148=EDGE_CURVE('',#1353,#1354,#133,.T.);
#1149=EDGE_CURVE('',#1354,#1355,#310,.T.);
#1150=EDGE_CURVE('',#1355,#1353,#1445,.F.);
#1151=EDGE_CURVE('',#1353,#1356,#1446,.F.);
#1152=EDGE_CURVE('',#1356,#1354,#311,.T.);
#1153=EDGE_CURVE('',#1357,#1358,#1447,.T.);
#1154=EDGE_CURVE('',#1358,#1359,#1448,.T.);
#1155=EDGE_CURVE('',#1357,#1359,#1449,.T.);
#1156=EDGE_CURVE('',#1359,#1203,#312,.T.);
#1157=EDGE_CURVE('',#1204,#1357,#313,.T.);
#1158=EDGE_CURVE('',#1219,#1205,#314,.T.);
#1159=EDGE_CURVE('',#1207,#1356,#315,.F.);
#1160=EDGE_CURVE('',#1358,#1353,#316,.F.);
#1161=EDGE_CURVE('',#1355,#1218,#317,.T.);
#1162=EDGE_CURVE('',#1349,#1291,#318,.T.);
#1163=EDGE_CURVE('',#1351,#1292,#319,.F.);
#1164=EDGE_CURVE('',#1346,#1202,#320,.F.);
#1165=EDGE_CURVE('',#1284,#1347,#321,.F.);
#1166=EDGE_CURVE('',#1283,#1348,#322,.F.);
#1167=EDGE_CURVE('',#1206,#1354,#323,.F.);
#1168=EDGE_CURVE('',#1360,#1263,#45,.F.);
#1169=EDGE_CURVE('',#1360,#1262,#46,.F.);
#1170=EDGE_CURVE('',#1360,#1361,#47,.T.);
#1171=EDGE_CURVE('',#1362,#1361,#48,.T.);
#1172=EDGE_CURVE('',#1363,#1362,#49,.F.);
#1173=EDGE_CURVE('',#1276,#1363,#134,.T.);
#1174=EDGE_CURVE('',#1360,#1364,#50,.T.);
#1175=EDGE_CURVE('',#1271,#1365,#135,.T.);
#1176=EDGE_CURVE('',#1365,#1366,#51,.F.);
#1177=EDGE_CURVE('',#1366,#1364,#52,.T.);
#1178=EDGE_CURVE('',#1367,#1269,#136,.T.);
#1179=EDGE_CURVE('',#1367,#1365,#53,.F.);
#1180=EDGE_CURVE('',#1270,#1368,#137,.T.);
#1181=EDGE_CURVE('',#1363,#1368,#54,.F.);
#1182=EDGE_CURVE('',#1364,#1361,#138,.T.);
#1183=EDGE_CURVE('',#1366,#1362,#139,.T.);
#1184=EDGE_CURVE('',#1367,#1368,#140,.T.);
#1185=EDGE_CURVE('',#1369,#1370,#141,.T.);
#1186=EDGE_CURVE('',#1370,#1371,#142,.T.);
#1187=EDGE_CURVE('',#1371,#1372,#143,.T.);
#1188=EDGE_CURVE('',#1373,#1372,#324,.T.);
#1189=EDGE_CURVE('',#1374,#1373,#325,.T.);
#1190=EDGE_CURVE('',#1369,#1374,#326,.T.);
#1191=EDGE_CURVE('',#1371,#1375,#55,.T.);
#1192=EDGE_CURVE('',#1376,#1375,#144,.T.);
#1193=EDGE_CURVE('',#1372,#1376,#327,.T.);
#1194=EDGE_CURVE('',#1375,#1370,#56,.T.);
#1195=EDGE_CURVE('',#1377,#1369,#328,.T.);
#1196=EDGE_CURVE('',#1376,#1377,#329,.T.);
#1197=EDGE_CURVE('',#1378,#1374,#330,.F.);
#1198=EDGE_CURVE('',#1373,#1378,#331,.F.);
#1199=EDGE_CURVE('',#1378,#1377,#332,.F.);
#1200=VERTEX_POINT('',#2419);
#1201=VERTEX_POINT('',#2420);
#1202=VERTEX_POINT('',#2422);
#1203=VERTEX_POINT('',#2426);
#1204=VERTEX_POINT('',#2427);
#1205=VERTEX_POINT('',#2429);
#1206=VERTEX_POINT('',#2436);
#1207=VERTEX_POINT('',#2437);
#1208=VERTEX_POINT('',#2442);
#1209=VERTEX_POINT('',#2444);
#1210=VERTEX_POINT('',#2449);
#1211=VERTEX_POINT('',#2454);
#1212=VERTEX_POINT('',#2459);
#1213=VERTEX_POINT('',#2464);
#1214=VERTEX_POINT('',#2466);
#1215=VERTEX_POINT('',#2468);
#1216=VERTEX_POINT('',#2470);
#1217=VERTEX_POINT('',#2472);
#1218=VERTEX_POINT('',#2477);
#1219=VERTEX_POINT('',#2490);
#1220=VERTEX_POINT('',#2496);
#1221=VERTEX_POINT('',#2498);
#1222=VERTEX_POINT('',#2503);
#1223=VERTEX_POINT('',#2508);
#1224=VERTEX_POINT('',#2513);
#1225=VERTEX_POINT('',#2520);
#1226=VERTEX_POINT('',#2521);
#1227=VERTEX_POINT('',#2523);
#1228=VERTEX_POINT('',#2525);
#1229=VERTEX_POINT('',#2529);
#1230=VERTEX_POINT('',#2530);
#1231=VERTEX_POINT('',#2535);
#1232=VERTEX_POINT('',#2540);
#1233=VERTEX_POINT('',#2542);
#1234=VERTEX_POINT('',#2544);
#1235=VERTEX_POINT('',#2546);
#1236=VERTEX_POINT('',#2554);
#1237=VERTEX_POINT('',#2555);
#1238=VERTEX_POINT('',#2560);
#1239=VERTEX_POINT('',#2561);
#1240=VERTEX_POINT('',#2563);
#1241=VERTEX_POINT('',#2565);
#1242=VERTEX_POINT('',#2568);
#1243=VERTEX_POINT('',#2572);
#1244=VERTEX_POINT('',#2577);
#1245=VERTEX_POINT('',#2579);
#1246=VERTEX_POINT('',#2586);
#1247=VERTEX_POINT('',#2595);
#1248=VERTEX_POINT('',#2597);
#1249=VERTEX_POINT('',#2612);
#1250=VERTEX_POINT('',#2614);
#1251=VERTEX_POINT('',#2618);
#1252=VERTEX_POINT('',#2625);
#1253=VERTEX_POINT('',#2626);
#1254=VERTEX_POINT('',#2628);
#1255=VERTEX_POINT('',#2633);
#1256=VERTEX_POINT('',#2640);
#1257=VERTEX_POINT('',#2641);
#1258=VERTEX_POINT('',#2646);
#1259=VERTEX_POINT('',#2654);
#1260=VERTEX_POINT('',#2655);
#1261=VERTEX_POINT('',#2660);
#1262=VERTEX_POINT('',#2662);
#1263=VERTEX_POINT('',#2664);
#1264=VERTEX_POINT('',#2666);
#1265=VERTEX_POINT('',#2671);
#1266=VERTEX_POINT('',#2677);
#1267=VERTEX_POINT('',#2684);
#1268=VERTEX_POINT('',#2693);
#1269=VERTEX_POINT('',#2702);
#1270=VERTEX_POINT('',#2703);
#1271=VERTEX_POINT('',#2705);
#1272=VERTEX_POINT('',#2711);
#1273=VERTEX_POINT('',#2716);
#1274=VERTEX_POINT('',#2718);
#1275=VERTEX_POINT('',#2723);
#1276=VERTEX_POINT('',#2729);
#1277=VERTEX_POINT('',#2737);
#1278=VERTEX_POINT('',#2738);
#1279=VERTEX_POINT('',#2747);
#1280=VERTEX_POINT('',#2753);
#1281=VERTEX_POINT('',#2758);
#1282=VERTEX_POINT('',#2767);
#1283=VERTEX_POINT('',#2780);
#1284=VERTEX_POINT('',#2781);
#1285=VERTEX_POINT('',#2786);
#1286=VERTEX_POINT('',#2792);
#1287=VERTEX_POINT('',#2797);
#1288=VERTEX_POINT('',#2802);
#1289=VERTEX_POINT('',#2807);
#1290=VERTEX_POINT('',#2809);
#1291=VERTEX_POINT('',#2814);
#1292=VERTEX_POINT('',#2824);
#1293=VERTEX_POINT('',#2834);
#1294=VERTEX_POINT('',#2839);
#1295=VERTEX_POINT('',#2844);
#1296=VERTEX_POINT('',#2849);
#1297=VERTEX_POINT('',#2851);
#1298=VERTEX_POINT('',#2858);
#1299=VERTEX_POINT('',#2859);
#1300=VERTEX_POINT('',#2861);
#1301=VERTEX_POINT('',#2868);
#1302=VERTEX_POINT('',#2873);
#1303=VERTEX_POINT('',#2884);
#1304=VERTEX_POINT('',#2885);
#1305=VERTEX_POINT('',#2887);
#1306=VERTEX_POINT('',#2894);
#1307=VERTEX_POINT('',#2900);
#1308=VERTEX_POINT('',#2907);
#1309=VERTEX_POINT('',#2911);
#1310=VERTEX_POINT('',#2913);
#1311=VERTEX_POINT('',#2916);
#1312=VERTEX_POINT('',#2922);
#1313=VERTEX_POINT('',#2923);
#1314=VERTEX_POINT('',#2928);
#1315=VERTEX_POINT('',#2930);
#1316=VERTEX_POINT('',#2940);
#1317=VERTEX_POINT('',#2942);
#1318=VERTEX_POINT('',#2953);
#1319=VERTEX_POINT('',#2958);
#1320=VERTEX_POINT('',#2960);
#1321=VERTEX_POINT('',#2965);
#1322=VERTEX_POINT('',#2977);
#1323=VERTEX_POINT('',#2986);
#1324=VERTEX_POINT('',#2997);
#1325=VERTEX_POINT('',#2998);
#1326=VERTEX_POINT('',#3003);
#1327=VERTEX_POINT('',#3014);
#1328=VERTEX_POINT('',#3021);
#1329=VERTEX_POINT('',#3023);
#1330=VERTEX_POINT('',#3029);
#1331=VERTEX_POINT('',#3035);
#1332=VERTEX_POINT('',#3039);
#1333=VERTEX_POINT('',#3043);
#1334=VERTEX_POINT('',#3058);
#1335=VERTEX_POINT('',#3059);
#1336=VERTEX_POINT('',#3061);
#1337=VERTEX_POINT('',#3161);
#1338=VERTEX_POINT('',#3215);
#1339=VERTEX_POINT('',#3220);
#1340=VERTEX_POINT('',#3225);
#1341=VERTEX_POINT('',#3667);
#1342=VERTEX_POINT('',#4494);
#1343=VERTEX_POINT('',#4496);
#1344=VERTEX_POINT('',#4582);
#1345=VERTEX_POINT('',#4584);
#1346=VERTEX_POINT('',#4589);
#1347=VERTEX_POINT('',#4590);
#1348=VERTEX_POINT('',#4606);
#1349=VERTEX_POINT('',#4613);
#1350=VERTEX_POINT('',#4617);
#1351=VERTEX_POINT('',#4618);
#1352=VERTEX_POINT('',#4620);
#1353=VERTEX_POINT('',#4635);
#1354=VERTEX_POINT('',#4636);
#1355=VERTEX_POINT('',#4652);
#1356=VERTEX_POINT('',#4656);
#1357=VERTEX_POINT('',#4663);
#1358=VERTEX_POINT('',#4664);
#1359=VERTEX_POINT('',#4666);
#1360=VERTEX_POINT('',#4801);
#1361=VERTEX_POINT('',#4805);
#1362=VERTEX_POINT('',#4807);
#1363=VERTEX_POINT('',#4809);
#1364=VERTEX_POINT('',#4813);
#1365=VERTEX_POINT('',#4815);
#1366=VERTEX_POINT('',#4817);
#1367=VERTEX_POINT('',#4821);
#1368=VERTEX_POINT('',#4825);
#1369=VERTEX_POINT('',#4836);
#1370=VERTEX_POINT('',#4837);
#1371=VERTEX_POINT('',#4839);
#1372=VERTEX_POINT('',#4841);
#1373=VERTEX_POINT('',#4846);
#1374=VERTEX_POINT('',#4851);
#1375=VERTEX_POINT('',#4858);
#1376=VERTEX_POINT('',#4860);
#1377=VERTEX_POINT('',#4871);
#1378=VERTEX_POINT('',#4896);
#1379=CIRCLE('',#1841,0.00175);
#1380=CIRCLE('',#1842,0.005);
#1381=CIRCLE('',#1843,0.007);
#1382=CIRCLE('',#1845,0.00175);
#1383=CIRCLE('',#1846,0.005);
#1384=CIRCLE('',#1847,0.007);
#1385=CIRCLE('',#1849,0.0155110087879587);
#1386=CIRCLE('',#1851,0.104216281368909);
#1387=CIRCLE('',#1853,0.0068);
#1388=CIRCLE('',#1854,0.00428481354113145);
#1389=CIRCLE('',#1857,0.0068);
#1390=CIRCLE('',#1858,0.0068);
#1391=CIRCLE('',#1860,0.00428481354113145);
#1392=CIRCLE('',#1862,0.00480000000000006);
#1393=CIRCLE('',#1863,0.00393872841945724);
#1394=CIRCLE('',#1864,0.00480000000000006);
#1395=CIRCLE('',#1865,0.00393872841945712);
#1396=CIRCLE('',#1866,0.000504169952000319);
#1397=CIRCLE('',#1870,0.0068);
#1398=CIRCLE('',#1872,0.0152110087879587);
#1399=CIRCLE('',#1873,0.0152110087879587);
#1400=CIRCLE('',#1874,0.00428481354113111);
#1401=CIRCLE('',#1879,0.0155110087879587);
#1402=CIRCLE('',#1880,0.0152110087879587);
#1403=CIRCLE('',#1882,0.0152110087879587);
#1404=CIRCLE('',#1894,0.104216281368909);
#1405=CIRCLE('',#1896,0.00374343409026264);
#1406=CIRCLE('',#1898,0.00374343409026265);
#1407=CIRCLE('',#1900,0.00374343409026266);
#1408=CIRCLE('',#1902,0.00374343409026265);
#1409=CIRCLE('',#1904,0.104516281368909);
#1410=CIRCLE('',#1906,0.00374343409026264);
#1411=CIRCLE('',#1907,0.00374343409026266);
#1412=CIRCLE('',#1908,0.00344343409026265);
#1413=CIRCLE('',#1910,0.104516281368909);
#1414=CIRCLE('',#1917,0.104216281368909);
#1415=CIRCLE('',#1919,0.0155110087879587);
#1416=CIRCLE('',#1921,0.00374343409026264);
#1417=CIRCLE('',#1923,0.00374343409026265);
#1418=CIRCLE('',#1925,0.0155110087879587);
#1419=CIRCLE('',#1927,0.104216281368909);
#1420=CIRCLE('',#1929,0.00374343409026266);
#1421=CIRCLE('',#1931,0.00374343409026265);
#1422=CIRCLE('',#1938,0.001);
#1423=CIRCLE('',#1940,0.001);
#1424=CIRCLE('',#1941,0.001);
#1425=CIRCLE('',#1943,0.001);
#1426=CIRCLE('',#1944,0.001);
#1427=CIRCLE('',#1945,0.001);
#1428=CIRCLE('',#1946,0.001);
#1429=CIRCLE('',#1947,0.001);
#1430=CIRCLE('',#1948,0.001);
#1431=CIRCLE('',#1949,0.001);
#1432=CIRCLE('',#1950,0.001);
#1433=CIRCLE('',#1951,0.001);
#1434=CIRCLE('',#1952,0.001);
#1435=CIRCLE('',#1953,0.001);
#1436=CIRCLE('',#1954,0.001);
#1437=CIRCLE('',#1955,0.001);
#1438=CIRCLE('',#1956,0.001);
#1439=CIRCLE('',#1958,0.001);
#1440=CIRCLE('',#1963,0.006);
#1441=CIRCLE('',#1965,0.008);
#1442=CIRCLE('',#1967,0.007);
#1443=CIRCLE('',#1968,0.005);
#1444=CIRCLE('',#1969,0.00175);
#1445=CIRCLE('',#1972,0.006);
#1446=CIRCLE('',#1974,0.008);
#1447=CIRCLE('',#1976,0.007);
#1448=CIRCLE('',#1977,0.005);
#1449=CIRCLE('',#1978,0.00175);
#1450=EDGE_LOOP('',(#372,#373,#374));
#1451=EDGE_LOOP('',(#375,#376,#377));
#1452=EDGE_LOOP('',(#378,#379,#380,#381,#382,#383,#384,#385,#386,#387,#388,
#389,#390));
#1453=EDGE_LOOP('',(#391,#392,#393,#394,#395,#396,#397,#398,#399,#400));
#1454=EDGE_LOOP('',(#401,#402,#403,#404));
#1455=EDGE_LOOP('',(#405,#406,#407,#408));
#1456=EDGE_LOOP('',(#409,#410,#411,#412,#413,#414));
#1457=EDGE_LOOP('',(#415,#416,#417,#418));
#1458=EDGE_LOOP('',(#419,#420,#421,#422));
#1459=EDGE_LOOP('',(#423));
#1460=EDGE_LOOP('',(#424,#425,#426,#427,#428,#429));
#1461=EDGE_LOOP('',(#430,#431,#432,#433,#434,#435));
#1462=EDGE_LOOP('',(#436,#437,#438,#439,#440,#441));
#1463=EDGE_LOOP('',(#442,#443,#444,#445,#446,#447,#448,#449));
#1464=EDGE_LOOP('',(#450,#451,#452,#453,#454,#455));
#1465=EDGE_LOOP('',(#456,#457,#458,#459));
#1466=EDGE_LOOP('',(#460));
#1467=EDGE_LOOP('',(#461,#462,#463,#464));
#1468=EDGE_LOOP('',(#465,#466,#467,#468));
#1469=EDGE_LOOP('',(#469,#470,#471,#472));
#1470=EDGE_LOOP('',(#473,#474,#475));
#1471=EDGE_LOOP('',(#476,#477,#478,#479,#480,#481,#482,#483,#484,#485,#486,
#487));
#1472=EDGE_LOOP('',(#488,#489,#490,#491,#492,#493,#494,#495,#496,#497,#498,
#499));
#1473=EDGE_LOOP('',(#500,#501,#502,#503,#504,#505,#506,#507,#508,#509));
#1474=EDGE_LOOP('',(#510,#511,#512,#513,#514,#515,#516,#517,#518,#519,#520,
#521,#522));
#1475=EDGE_LOOP('',(#523,#524,#525,#526,#527,#528,#529,#530,#531,#532));
#1476=EDGE_LOOP('',(#533,#534,#535));
#1477=EDGE_LOOP('',(#536,#537,#538,#539,#540,#541));
#1478=EDGE_LOOP('',(#542,#543,#544));
#1479=EDGE_LOOP('',(#545,#546,#547,#548,#549,#550));
#1480=EDGE_LOOP('',(#551,#552,#553,#554));
#1481=EDGE_LOOP('',(#555,#556,#557,#558,#559,#560,#561,#562,#563,#564));
#1482=EDGE_LOOP('',(#565,#566,#567,#568));
#1483=EDGE_LOOP('',(#569,#570,#571,#572));
#1484=EDGE_LOOP('',(#573,#574,#575,#576));
#1485=EDGE_LOOP('',(#577,#578,#579,#580,#581,#582));
#1486=EDGE_LOOP('',(#583,#584,#585,#586,#587,#588));
#1487=EDGE_LOOP('',(#589,#590,#591,#592,#593,#594));
#1488=EDGE_LOOP('',(#595,#596,#597,#598,#599,#600));
#1489=EDGE_LOOP('',(#601,#602,#603,#604));
#1490=EDGE_LOOP('',(#605,#606,#607));
#1491=EDGE_LOOP('',(#608,#609,#610,#611));
#1492=EDGE_LOOP('',(#612,#613,#614,#615));
#1493=EDGE_LOOP('',(#616,#617,#618,#619,#620,#621));
#1494=EDGE_LOOP('',(#622,#623,#624));
#1495=EDGE_LOOP('',(#625,#626,#627,#628));
#1496=EDGE_LOOP('',(#629,#630,#631,#632,#633));
#1497=EDGE_LOOP('',(#634,#635,#636,#637));
#1498=EDGE_LOOP('',(#638,#639,#640,#641,#642,#643,#644,#645));
#1499=EDGE_LOOP('',(#646,#647,#648,#649));
#1500=EDGE_LOOP('',(#650,#651,#652,#653,#654));
#1501=EDGE_LOOP('',(#655,#656,#657));
#1502=EDGE_LOOP('',(#658,#659,#660,#661,#662,#663,#664,#665));
#1503=EDGE_LOOP('',(#666,#667,#668,#669,#670,#671));
#1504=EDGE_LOOP('',(#672,#673,#674,#675,#676,#677,#678,#679,#680,#681,#682));
#1505=EDGE_LOOP('',(#683,#684,#685,#686));
#1506=EDGE_LOOP('',(#687,#688,#689,#690,#691));
#1507=EDGE_LOOP('',(#692,#693,#694,#695,#696));
#1508=EDGE_LOOP('',(#697,#698,#699,#700,#701));
#1509=EDGE_LOOP('',(#702,#703,#704,#705,#706));
#1510=EDGE_LOOP('',(#707,#708,#709,#710,#711,#712,#713,#714));
#1511=EDGE_LOOP('',(#715,#716,#717,#718));
#1512=EDGE_LOOP('',(#719,#720,#721,#722,#723,#724,#725,#726,#727,#728,#729));
#1513=EDGE_LOOP('',(#730,#731,#732,#733));
#1514=EDGE_LOOP('',(#734,#735,#736,#737,#738));
#1515=EDGE_LOOP('',(#739,#740,#741,#742,#743));
#1516=EDGE_LOOP('',(#744,#745,#746,#747,#748));
#1517=EDGE_LOOP('',(#749,#750,#751,#752,#753));
#1518=EDGE_LOOP('',(#754,#755,#756,#757));
#1519=EDGE_LOOP('',(#758));
#1520=EDGE_LOOP('',(#759));
#1521=EDGE_LOOP('',(#760));
#1522=EDGE_LOOP('',(#761));
#1523=EDGE_LOOP('',(#762));
#1524=EDGE_LOOP('',(#763));
#1525=EDGE_LOOP('',(#764,#765,#766,#767,#768,#769));
#1526=EDGE_LOOP('',(#770,#771,#772,#773,#774,#775));
#1527=EDGE_LOOP('',(#776,#777,#778));
#1528=EDGE_LOOP('',(#779,#780,#781));
#1529=EDGE_LOOP('',(#782,#783,#784));
#1530=EDGE_LOOP('',(#785,#786,#787,#788));
#1531=EDGE_LOOP('',(#789,#790,#791));
#1532=EDGE_LOOP('',(#792,#793,#794));
#1533=EDGE_LOOP('',(#795,#796,#797));
#1534=EDGE_LOOP('',(#798,#799,#800,#801));
#1535=EDGE_LOOP('',(#802,#803,#804,#805,#806,#807,#808,#809,#810));
#1536=EDGE_LOOP('',(#811,#812,#813,#814,#815,#816,#817,#818,#819));
#1537=EDGE_LOOP('',(#820,#821,#822,#823,#824,#825,#826,#827,#828));
#1538=EDGE_LOOP('',(#829,#830,#831,#832,#833,#834,#835,#836,#837));
#1539=EDGE_LOOP('',(#838,#839,#840,#841));
#1540=EDGE_LOOP('',(#842,#843,#844,#845));
#1541=EDGE_LOOP('',(#846,#847,#848,#849));
#1542=EDGE_LOOP('',(#850,#851,#852,#853));
#1543=EDGE_LOOP('',(#854,#855,#856));
#1544=EDGE_LOOP('',(#857,#858,#859,#860,#861,#862));
#1545=EDGE_LOOP('',(#863,#864,#865,#866,#867,#868));
#1546=EDGE_LOOP('',(#869,#870,#871,#872));
#1547=EDGE_LOOP('',(#873,#874,#875,#876));
#1548=EDGE_LOOP('',(#877,#878,#879));
#1549=EDGE_LOOP('',(#880,#881,#882,#883));
#1550=EDGE_LOOP('',(#884,#885,#886,#887));
#1551=EDGE_LOOP('',(#888,#889,#890,#891,#892,#893));
#1552=EDGE_LOOP('',(#894,#895,#896,#897,#898,#899));
#1553=EDGE_LOOP('',(#900,#901,#902,#903));
#1554=EDGE_LOOP('',(#904,#905,#906,#907,#908));
#1555=EDGE_LOOP('',(#909,#910,#911));
#1556=EDGE_LOOP('',(#912,#913,#914,#915,#916));
#1557=EDGE_LOOP('',(#917,#918,#919,#920));
#1558=EDGE_LOOP('',(#921,#922,#923));
#1559=FACE_BOUND('',#1450,.T.);
#1560=FACE_BOUND('',#1451,.T.);
#1561=FACE_BOUND('',#1452,.T.);
#1562=FACE_BOUND('',#1453,.T.);
#1563=FACE_BOUND('',#1454,.T.);
#1564=FACE_BOUND('',#1455,.T.);
#1565=FACE_BOUND('',#1456,.T.);
#1566=FACE_BOUND('',#1457,.T.);
#1567=FACE_BOUND('',#1458,.T.);
#1568=FACE_BOUND('',#1459,.T.);
#1569=FACE_BOUND('',#1460,.T.);
#1570=FACE_BOUND('',#1461,.T.);
#1571=FACE_BOUND('',#1462,.T.);
#1572=FACE_BOUND('',#1463,.T.);
#1573=FACE_BOUND('',#1464,.T.);
#1574=FACE_BOUND('',#1465,.T.);
#1575=FACE_BOUND('',#1466,.T.);
#1576=FACE_BOUND('',#1467,.T.);
#1577=FACE_BOUND('',#1468,.T.);
#1578=FACE_BOUND('',#1469,.T.);
#1579=FACE_BOUND('',#1470,.T.);
#1580=FACE_BOUND('',#1471,.T.);
#1581=FACE_BOUND('',#1472,.T.);
#1582=FACE_BOUND('',#1473,.T.);
#1583=FACE_BOUND('',#1474,.T.);
#1584=FACE_BOUND('',#1475,.T.);
#1585=FACE_BOUND('',#1476,.T.);
#1586=FACE_BOUND('',#1477,.T.);
#1587=FACE_BOUND('',#1478,.T.);
#1588=FACE_BOUND('',#1479,.T.);
#1589=FACE_BOUND('',#1480,.T.);
#1590=FACE_BOUND('',#1481,.T.);
#1591=FACE_BOUND('',#1482,.T.);
#1592=FACE_BOUND('',#1483,.T.);
#1593=FACE_BOUND('',#1484,.T.);
#1594=FACE_BOUND('',#1485,.T.);
#1595=FACE_BOUND('',#1486,.T.);
#1596=FACE_BOUND('',#1487,.T.);
#1597=FACE_BOUND('',#1488,.T.);
#1598=FACE_BOUND('',#1489,.T.);
#1599=FACE_BOUND('',#1490,.T.);
#1600=FACE_BOUND('',#1491,.T.);
#1601=FACE_BOUND('',#1492,.T.);
#1602=FACE_BOUND('',#1493,.T.);
#1603=FACE_BOUND('',#1494,.T.);
#1604=FACE_BOUND('',#1495,.T.);
#1605=FACE_BOUND('',#1496,.T.);
#1606=FACE_BOUND('',#1497,.T.);
#1607=FACE_BOUND('',#1498,.T.);
#1608=FACE_BOUND('',#1499,.T.);
#1609=FACE_BOUND('',#1500,.T.);
#1610=FACE_BOUND('',#1501,.T.);
#1611=FACE_BOUND('',#1502,.T.);
#1612=FACE_BOUND('',#1503,.T.);
#1613=FACE_BOUND('',#1504,.T.);
#1614=FACE_BOUND('',#1505,.T.);
#1615=FACE_BOUND('',#1506,.T.);
#1616=FACE_BOUND('',#1507,.T.);
#1617=FACE_BOUND('',#1508,.T.);
#1618=FACE_BOUND('',#1509,.T.);
#1619=FACE_BOUND('',#1510,.T.);
#1620=FACE_BOUND('',#1511,.T.);
#1621=FACE_BOUND('',#1512,.T.);
#1622=FACE_BOUND('',#1513,.T.);
#1623=FACE_BOUND('',#1514,.T.);
#1624=FACE_BOUND('',#1515,.T.);
#1625=FACE_BOUND('',#1516,.T.);
#1626=FACE_BOUND('',#1517,.T.);
#1627=FACE_BOUND('',#1518,.T.);
#1628=FACE_BOUND('',#1519,.T.);
#1629=FACE_BOUND('',#1520,.T.);
#1630=FACE_BOUND('',#20,.T.);
#1631=FACE_BOUND('',#1521,.T.);
#1632=FACE_BOUND('',#1522,.T.);
#1633=FACE_BOUND('',#1523,.T.);
#1634=FACE_BOUND('',#21,.T.);
#1635=FACE_BOUND('',#1524,.T.);
#1636=FACE_BOUND('',#1525,.T.);
#1637=FACE_BOUND('',#1526,.T.);
#1638=FACE_BOUND('',#1527,.T.);
#1639=FACE_BOUND('',#1528,.T.);
#1640=FACE_BOUND('',#1529,.T.);
#1641=FACE_BOUND('',#1530,.T.);
#1642=FACE_BOUND('',#1531,.T.);
#1643=FACE_BOUND('',#1532,.T.);
#1644=FACE_BOUND('',#1533,.T.);
#1645=FACE_BOUND('',#1534,.T.);
#1646=FACE_BOUND('',#1535,.T.);
#1647=FACE_BOUND('',#1536,.T.);
#1648=FACE_BOUND('',#1537,.T.);
#1649=FACE_BOUND('',#1538,.T.);
#1650=FACE_BOUND('',#1539,.T.);
#1651=FACE_BOUND('',#1540,.T.);
#1652=FACE_BOUND('',#1541,.T.);
#1653=FACE_BOUND('',#1542,.T.);
#1654=FACE_BOUND('',#1543,.T.);
#1655=FACE_BOUND('',#1544,.T.);
#1656=FACE_BOUND('',#1545,.T.);
#1657=FACE_BOUND('',#1546,.T.);
#1658=FACE_BOUND('',#1547,.T.);
#1659=FACE_BOUND('',#1548,.T.);
#1660=FACE_BOUND('',#1549,.T.);
#1661=FACE_BOUND('',#1550,.T.);
#1662=FACE_BOUND('',#1551,.T.);
#1663=FACE_BOUND('',#1552,.T.);
#1664=FACE_BOUND('',#1553,.T.);
#1665=FACE_BOUND('',#1554,.T.);
#1666=FACE_BOUND('',#1555,.T.);
#1667=FACE_BOUND('',#1556,.T.);
#1668=FACE_BOUND('',#1557,.T.);
#1669=FACE_BOUND('',#1558,.T.);
#1670=PLANE('',#1840);
#1671=PLANE('',#1844);
#1672=PLANE('',#1852);
#1673=PLANE('',#1855);
#1674=PLANE('',#1859);
#1675=PLANE('',#1867);
#1676=PLANE('',#1868);
#1677=PLANE('',#1871);
#1678=PLANE('',#1877);
#1679=PLANE('',#1883);
#1680=PLANE('',#1942);
#1681=PLANE('',#1966);
#1682=PLANE('',#1975);
#1683=PLANE('',#1987);
#1684=PLANE('',#1991);
#1685=PLANE('',#1995);
#1686=PLANE('',#1997);
#1687=PLANE('',#2001);
#1688=PLANE('',#2003);
#1689=PLANE('',#2004);
#1690=PLANE('',#2006);
#1691=OVER_RIDING_STYLED_ITEM('',(#1805),#1695,#1803);
#1692=OVER_RIDING_STYLED_ITEM('',(#1806),#1696,#1803);
#1693=OVER_RIDING_STYLED_ITEM('',(#1807),#1771,#1803);
#1694=OVER_RIDING_STYLED_ITEM('',(#1808),#1775,#1803);
#1695=ADVANCED_FACE('Face appearance 4',(#1559),#1670,.T.);
#1696=ADVANCED_FACE('Face appearance 4',(#1560),#1671,.T.);
#1697=ADVANCED_FACE('',(#1561),#333,.T.);
#1698=ADVANCED_FACE('',(#1562),#334,.F.);
#1699=ADVANCED_FACE('',(#1563),#1672,.T.);
#1700=ADVANCED_FACE('',(#1564),#1673,.F.);
#1701=ADVANCED_FACE('',(#1565),#335,.T.);
#1702=ADVANCED_FACE('',(#1566),#1674,.T.);
#1703=ADVANCED_FACE('',(#1567,#1568),#75,.F.);
#1704=ADVANCED_FACE('',(#1569),#1675,.T.);
#1705=ADVANCED_FACE('',(#1570),#1676,.F.);
#1706=ADVANCED_FACE('',(#1571),#336,.T.);
#1707=ADVANCED_FACE('',(#1572),#1677,.F.);
#1708=ADVANCED_FACE('',(#1573),#57,.F.);
#1709=ADVANCED_FACE('',(#1574),#58,.F.);
#1710=ADVANCED_FACE('',(#1575),#1678,.F.);
#1711=ADVANCED_FACE('',(#1576),#59,.T.);
#1712=ADVANCED_FACE('',(#1577),#60,.T.);
#1713=ADVANCED_FACE('',(#1578),#1679,.F.);
#1714=ADVANCED_FACE('',(#1579),#337,.T.);
#1715=ADVANCED_FACE('',(#1580),#338,.T.);
#1716=ADVANCED_FACE('',(#1581),#339,.F.);
#1717=ADVANCED_FACE('',(#1582),#340,.T.);
#1718=ADVANCED_FACE('',(#1583),#341,.T.);
#1719=ADVANCED_FACE('',(#1584),#342,.F.);
#1720=ADVANCED_FACE('',(#1585),#343,.T.);
#1721=ADVANCED_FACE('',(#1586),#344,.T.);
#1722=ADVANCED_FACE('',(#1587),#345,.T.);
#1723=ADVANCED_FACE('',(#1588),#346,.T.);
#1724=ADVANCED_FACE('',(#1589),#61,.F.);
#1725=ADVANCED_FACE('',(#1590),#62,.T.);
#1726=ADVANCED_FACE('',(#1591),#63,.F.);
#1727=ADVANCED_FACE('',(#1592),#347,.T.);
#1728=ADVANCED_FACE('',(#1593),#348,.F.);
#1729=ADVANCED_FACE('',(#1594),#349,.T.);
#1730=ADVANCED_FACE('',(#1595),#350,.T.);
#1731=ADVANCED_FACE('',(#1596),#351,.T.);
#1732=ADVANCED_FACE('',(#1597),#352,.F.);
#1733=ADVANCED_FACE('',(#1598),#353,.T.);
#1734=ADVANCED_FACE('',(#1599),#354,.T.);
#1735=ADVANCED_FACE('',(#1600),#355,.T.);
#1736=ADVANCED_FACE('',(#1601),#356,.T.);
#1737=ADVANCED_FACE('',(#1602),#357,.F.);
#1738=ADVANCED_FACE('',(#1603),#358,.T.);
#1739=ADVANCED_FACE('',(#1604),#359,.T.);
#1740=ADVANCED_FACE('',(#1605),#64,.T.);
#1741=ADVANCED_FACE('',(#1606),#65,.F.);
#1742=ADVANCED_FACE('',(#1607),#66,.T.);
#1743=ADVANCED_FACE('',(#1608),#67,.F.);
#1744=ADVANCED_FACE('',(#1609),#68,.T.);
#1745=ADVANCED_FACE('',(#1610),#360,.T.);
#1746=ADVANCED_FACE('',(#1611),#22,.T.);
#1747=ADVANCED_FACE('',(#1612),#1680,.F.);
#1748=ADVANCED_FACE('',(#1613),#23,.T.);
#1749=ADVANCED_FACE('',(#1614),#24,.T.);
#1750=ADVANCED_FACE('',(#1615),#25,.T.);
#1751=ADVANCED_FACE('',(#1616),#26,.T.);
#1752=ADVANCED_FACE('',(#1617),#27,.T.);
#1753=ADVANCED_FACE('',(#1618),#28,.T.);
#1754=ADVANCED_FACE('',(#1619),#29,.T.);
#1755=ADVANCED_FACE('',(#1620),#30,.T.);
#1756=ADVANCED_FACE('',(#1621),#31,.T.);
#1757=ADVANCED_FACE('',(#1622),#32,.T.);
#1758=ADVANCED_FACE('',(#1623),#33,.T.);
#1759=ADVANCED_FACE('',(#1624),#34,.T.);
#1760=ADVANCED_FACE('',(#1625),#35,.T.);
#1761=ADVANCED_FACE('',(#1626),#36,.T.);
#1762=ADVANCED_FACE('',(#1627),#37,.T.);
#1763=ADVANCED_FACE('',(#1628,#1629),#38,.F.);
#1764=ADVANCED_FACE('',(#1630,#1631),#69,.T.);
#1765=ADVANCED_FACE('',(#1632,#1633),#39,.T.);
#1766=ADVANCED_FACE('',(#1634,#1635),#70,.T.);
#1767=ADVANCED_FACE('',(#1636),#361,.T.);
#1768=ADVANCED_FACE('',(#1637),#362,.F.);
#1769=ADVANCED_FACE('',(#1638),#363,.F.);
#1770=ADVANCED_FACE('',(#1639),#364,.F.);
#1771=ADVANCED_FACE('Face appearance 4',(#1640),#1681,.T.);
#1772=ADVANCED_FACE('',(#1641),#76,.T.);
#1773=ADVANCED_FACE('',(#1642),#365,.F.);
#1774=ADVANCED_FACE('',(#1643),#366,.F.);
#1775=ADVANCED_FACE('Face appearance 4',(#1644),#1682,.T.);
#1776=ADVANCED_FACE('',(#1645),#77,.T.);
#1777=ADVANCED_FACE('',(#1646),#71,.F.);
#1778=ADVANCED_FACE('',(#1647),#72,.F.);
#1779=ADVANCED_FACE('',(#1648),#73,.F.);
#1780=ADVANCED_FACE('',(#1649),#74,.F.);
#1781=ADVANCED_FACE('',(#1650),#13,.T.);
#1782=ADVANCED_FACE('',(#1651),#14,.T.);
#1783=ADVANCED_FACE('',(#1652),#15,.T.);
#1784=ADVANCED_FACE('',(#1653),#16,.T.);
#1785=ADVANCED_FACE('',(#1654),#367,.T.);
#1786=ADVANCED_FACE('',(#1655),#1683,.T.);
#1787=ADVANCED_FACE('',(#1656),#1684,.F.);
#1788=ADVANCED_FACE('',(#1657),#1685,.F.);
#1789=ADVANCED_FACE('',(#1658),#1686,.F.);
#1790=ADVANCED_FACE('',(#1659),#368,.T.);
#1791=ADVANCED_FACE('',(#1660),#369,.F.);
#1792=ADVANCED_FACE('',(#1661),#1687,.T.);
#1793=ADVANCED_FACE('',(#1662),#370,.T.);
#1794=ADVANCED_FACE('',(#1663),#1688,.F.);
#1795=ADVANCED_FACE('',(#1664),#1689,.F.);
#1796=ADVANCED_FACE('',(#1665),#1690,.F.);
#1797=ADVANCED_FACE('',(#1666),#17,.T.);
#1798=ADVANCED_FACE('',(#1667),#18,.F.);
#1799=ADVANCED_FACE('',(#1668),#19,.F.);
#1800=ADVANCED_FACE('',(#1669),#371,.T.);
#1801=CLOSED_SHELL('',(#1695,#1696,#1697,#1698,#1699,#1700,#1701,#1702,
#1703,#1704,#1705,#1706,#1707,#1708,#1709,#1710,#1711,#1712,#1713,#1714,
#1715,#1716,#1717,#1718,#1719,#1720,#1721,#1722,#1723,#1724,#1725,#1726,
#1727,#1728,#1729,#1730,#1731,#1732,#1733,#1734,#1735,#1736,#1737,#1738,
#1739,#1740,#1741,#1742,#1743,#1744,#1745,#1746,#1747,#1748,#1749,#1750,
#1751,#1752,#1753,#1754,#1755,#1756,#1757,#1758,#1759,#1760,#1761,#1762,
#1763,#1764,#1765,#1766,#1767,#1768,#1769,#1770,#1771,#1772,#1773,#1774,
#1775,#1776,#1777,#1778,#1779,#1780,#1781,#1782,#1783,#1784,#1785,#1786,
#1787,#1788,#1789,#1790,#1791,#1792,#1793));
#1802=CLOSED_SHELL('',(#1794,#1795,#1796,#1797,#1798,#1799,#1800));
#1803=STYLED_ITEM('',(#1804),#1836);
#1804=PRESENTATION_STYLE_ASSIGNMENT((#1809));
#1805=PRESENTATION_STYLE_ASSIGNMENT((#1810));
#1806=PRESENTATION_STYLE_ASSIGNMENT((#1811));
#1807=PRESENTATION_STYLE_ASSIGNMENT((#1812));
#1808=PRESENTATION_STYLE_ASSIGNMENT((#1813));
#1809=SURFACE_STYLE_USAGE(.BOTH.,#1814);
#1810=SURFACE_STYLE_USAGE(.BOTH.,#1815);
#1811=SURFACE_STYLE_USAGE(.BOTH.,#1816);
#1812=SURFACE_STYLE_USAGE(.BOTH.,#1817);
#1813=SURFACE_STYLE_USAGE(.BOTH.,#1818);
#1814=SURFACE_SIDE_STYLE('',(#1819));
#1815=SURFACE_SIDE_STYLE('',(#1820));
#1816=SURFACE_SIDE_STYLE('',(#1821));
#1817=SURFACE_SIDE_STYLE('',(#1822));
#1818=SURFACE_SIDE_STYLE('',(#1823));
#1819=SURFACE_STYLE_FILL_AREA(#1824);
#1820=SURFACE_STYLE_FILL_AREA(#1825);
#1821=SURFACE_STYLE_FILL_AREA(#1826);
#1822=SURFACE_STYLE_FILL_AREA(#1827);
#1823=SURFACE_STYLE_FILL_AREA(#1828);
#1824=FILL_AREA_STYLE('',(#1829));
#1825=FILL_AREA_STYLE('',(#1830));
#1826=FILL_AREA_STYLE('',(#1831));
#1827=FILL_AREA_STYLE('',(#1832));
#1828=FILL_AREA_STYLE('',(#1833));
#1829=FILL_AREA_STYLE_COLOUR('',#1834);
#1830=FILL_AREA_STYLE_COLOUR('',#1835);
#1831=FILL_AREA_STYLE_COLOUR('',#1835);
#1832=FILL_AREA_STYLE_COLOUR('',#1835);
#1833=FILL_AREA_STYLE_COLOUR('',#1835);
#1834=COLOUR_RGB('',0.207843137254902,0.207843137254902,0.207843137254902);
#1835=COLOUR_RGB('',0.917647058823529,0.917647058823529,0.917647058823529);
#1836=BREP_WITH_VOIDS('Head',#1801,(#12));
#1837=SHAPE_DEFINITION_REPRESENTATION(#4954,#1838);
#1838=SHAPE_REPRESENTATION('Head',(#1839),#4949);
#1839=AXIS2_PLACEMENT_3D('',#2416,#2009,#2010);
#1840=AXIS2_PLACEMENT_3D('',#2417,#2011,#2012);
#1841=AXIS2_PLACEMENT_3D('',#2418,#2013,#2014);
#1842=AXIS2_PLACEMENT_3D('',#2421,#2015,#2016);
#1843=AXIS2_PLACEMENT_3D('',#2423,#2017,#2018);
#1844=AXIS2_PLACEMENT_3D('',#2424,#2019,#2020);
#1845=AXIS2_PLACEMENT_3D('',#2425,#2021,#2022);
#1846=AXIS2_PLACEMENT_3D('',#2428,#2023,#2024);
#1847=AXIS2_PLACEMENT_3D('',#2430,#2025,#2026);
#1848=AXIS2_PLACEMENT_3D('',#2431,#2027,#2028);
#1849=AXIS2_PLACEMENT_3D('',#2469,#2032,#2033);
#1850=AXIS2_PLACEMENT_3D('',#2485,#2035,#2036);
#1851=AXIS2_PLACEMENT_3D('',#2495,#2037,#2038);
#1852=AXIS2_PLACEMENT_3D('',#2518,#2040,#2041);
#1853=AXIS2_PLACEMENT_3D('',#2519,#2042,#2043);
#1854=AXIS2_PLACEMENT_3D('',#2524,#2045,#2046);
#1855=AXIS2_PLACEMENT_3D('',#2527,#2048,#2049);
#1856=AXIS2_PLACEMENT_3D('',#2533,#2053,#2054);
#1857=AXIS2_PLACEMENT_3D('',#2541,#2056,#2057);
#1858=AXIS2_PLACEMENT_3D('',#2545,#2059,#2060);
#1859=AXIS2_PLACEMENT_3D('',#2552,#2061,#2062);
#1860=AXIS2_PLACEMENT_3D('',#2553,#2063,#2064);
#1861=AXIS2_PLACEMENT_3D('',#2558,#2067,#2068);
#1862=AXIS2_PLACEMENT_3D('',#2559,#2069,#2070);
#1863=AXIS2_PLACEMENT_3D('',#2562,#2071,#2072);
#1864=AXIS2_PLACEMENT_3D('',#2564,#2073,#2074);
#1865=AXIS2_PLACEMENT_3D('',#2566,#2075,#2076);
#1866=AXIS2_PLACEMENT_3D('',#2567,#2077,#2078);
#1867=AXIS2_PLACEMENT_3D('',#2569,#2079,#2080);
#1868=AXIS2_PLACEMENT_3D('',#2574,#2084,#2085);
#1869=AXIS2_PLACEMENT_3D('',#2581,#2090,#2091);
#1870=AXIS2_PLACEMENT_3D('',#2592,#2092,#2093);
#1871=AXIS2_PLACEMENT_3D('',#2593,#2094,#2095);
#1872=AXIS2_PLACEMENT_3D('',#2594,#2096,#2097);
#1873=AXIS2_PLACEMENT_3D('',#2598,#2099,#2100);
#1874=AXIS2_PLACEMENT_3D('',#2599,#2101,#2102);
#1875=AXIS2_PLACEMENT_3D('',#2600,#2103,#2104);
#1876=AXIS2_PLACEMENT_3D('',#2608,#2105,#2106);
#1877=AXIS2_PLACEMENT_3D('',#2609,#2107,#2108);
#1878=AXIS2_PLACEMENT_3D('',#2610,#2109,#2110);
#1879=AXIS2_PLACEMENT_3D('',#2611,#2111,#2112);
#1880=AXIS2_PLACEMENT_3D('',#2615,#2114,#2115);
#1881=AXIS2_PLACEMENT_3D('',#2616,#2116,#2117);
#1882=AXIS2_PLACEMENT_3D('',#2617,#2118,#2119);
#1883=AXIS2_PLACEMENT_3D('',#2620,#2121,#2122);
#1884=AXIS2_PLACEMENT_3D('',#2635,#2125,#2126);
#1885=AXIS2_PLACEMENT_3D('',#2648,#2128,#2129);
#1886=AXIS2_PLACEMENT_3D('',#2700,#2133,#2134);
#1887=AXIS2_PLACEMENT_3D('',#2704,#2136,#2137);
#1888=AXIS2_PLACEMENT_3D('',#2706,#2138,#2139);
#1889=AXIS2_PLACEMENT_3D('',#2728,#2141,#2142);
#1890=AXIS2_PLACEMENT_3D('',#2730,#2143,#2144);
#1891=AXIS2_PLACEMENT_3D('',#2731,#2145,#2146);
#1892=AXIS2_PLACEMENT_3D('',#2772,#2147,#2148);
#1893=AXIS2_PLACEMENT_3D('',#2819,#2151,#2152);
#1894=AXIS2_PLACEMENT_3D('',#2852,#2154,#2155);
#1895=AXIS2_PLACEMENT_3D('',#2853,#2156,#2157);
#1896=AXIS2_PLACEMENT_3D('',#2860,#2158,#2159);
#1897=AXIS2_PLACEMENT_3D('',#2863,#2161,#2162);
#1898=AXIS2_PLACEMENT_3D('',#2878,#2163,#2164);
#1899=AXIS2_PLACEMENT_3D('',#2879,#2165,#2166);
#1900=AXIS2_PLACEMENT_3D('',#2888,#2168,#2169);
#1901=AXIS2_PLACEMENT_3D('',#2889,#2170,#2171);
#1902=AXIS2_PLACEMENT_3D('',#2895,#2172,#2173);
#1903=AXIS2_PLACEMENT_3D('',#2905,#2174,#2175);
#1904=AXIS2_PLACEMENT_3D('',#2908,#2177,#2178);
#1905=AXIS2_PLACEMENT_3D('',#2909,#2179,#2180);
#1906=AXIS2_PLACEMENT_3D('',#2910,#2181,#2182);
#1907=AXIS2_PLACEMENT_3D('',#2914,#2184,#2185);
#1908=AXIS2_PLACEMENT_3D('',#2917,#2187,#2188);
#1909=AXIS2_PLACEMENT_3D('',#2918,#2189,#2190);
#1910=AXIS2_PLACEMENT_3D('',#2919,#2191,#2192);
#1911=AXIS2_PLACEMENT_3D('',#2920,#2193,#2194);
#1912=AXIS2_PLACEMENT_3D('',#2935,#2197,#2198);
#1913=AXIS2_PLACEMENT_3D('',#2947,#2200,#2201);
#1914=AXIS2_PLACEMENT_3D('',#2971,#2203,#2204);
#1915=AXIS2_PLACEMENT_3D('',#2992,#2205,#2206);
#1916=AXIS2_PLACEMENT_3D('',#3019,#2207,#2208);
#1917=AXIS2_PLACEMENT_3D('',#3022,#2210,#2211);
#1918=AXIS2_PLACEMENT_3D('',#3025,#2213,#2214);
#1919=AXIS2_PLACEMENT_3D('',#3026,#2215,#2216);
#1920=AXIS2_PLACEMENT_3D('',#3027,#2217,#2218);
#1921=AXIS2_PLACEMENT_3D('',#3030,#2220,#2221);
#1922=AXIS2_PLACEMENT_3D('',#3031,#2222,#2223);
#1923=AXIS2_PLACEMENT_3D('',#3032,#2224,#2225);
#1924=AXIS2_PLACEMENT_3D('',#3033,#2226,#2227);
#1925=AXIS2_PLACEMENT_3D('',#3036,#2229,#2230);
#1926=AXIS2_PLACEMENT_3D('',#3037,#2231,#2232);
#1927=AXIS2_PLACEMENT_3D('',#3040,#2234,#2235);
#1928=AXIS2_PLACEMENT_3D('',#3041,#2236,#2237);
#1929=AXIS2_PLACEMENT_3D('',#3042,#2238,#2239);
#1930=AXIS2_PLACEMENT_3D('',#3045,#2241,#2242);
#1931=AXIS2_PLACEMENT_3D('',#3046,#2243,#2244);
#1932=AXIS2_PLACEMENT_3D('',#3047,#2245,#2246);
#1933=AXIS2_PLACEMENT_3D('',#3049,#2248,#2249);
#1934=AXIS2_PLACEMENT_3D('',#3051,#2251,#2252);
#1935=AXIS2_PLACEMENT_3D('',#3053,#2254,#2255);
#1936=AXIS2_PLACEMENT_3D('',#3055,#2257,#2258);
#1937=AXIS2_PLACEMENT_3D('',#3056,#2259,#2260);
#1938=AXIS2_PLACEMENT_3D('',#3057,#2261,#2262);
#1939=AXIS2_PLACEMENT_3D('',#3060,#2263,#2264);
#1940=AXIS2_PLACEMENT_3D('',#3062,#2265,#2266);
#1941=AXIS2_PLACEMENT_3D('',#3162,#2267,#2268);
#1942=AXIS2_PLACEMENT_3D('',#3171,#2269,#2270);
#1943=AXIS2_PLACEMENT_3D('',#3210,#2271,#2272);
#1944=AXIS2_PLACEMENT_3D('',#3258,#2273,#2274);
#1945=AXIS2_PLACEMENT_3D('',#3315,#2275,#2276);
#1946=AXIS2_PLACEMENT_3D('',#3386,#2277,#2278);
#1947=AXIS2_PLACEMENT_3D('',#3499,#2279,#2280);
#1948=AXIS2_PLACEMENT_3D('',#3570,#2281,#2282);
#1949=AXIS2_PLACEMENT_3D('',#3668,#2283,#2284);
#1950=AXIS2_PLACEMENT_3D('',#3887,#2285,#2286);
#1951=AXIS2_PLACEMENT_3D('',#3916,#2287,#2288);
#1952=AXIS2_PLACEMENT_3D('',#3973,#2289,#2290);
#1953=AXIS2_PLACEMENT_3D('',#4044,#2291,#2292);
#1954=AXIS2_PLACEMENT_3D('',#4157,#2293,#2294);
#1955=AXIS2_PLACEMENT_3D('',#4228,#2295,#2296);
#1956=AXIS2_PLACEMENT_3D('',#4493,#2297,#2298);
#1957=AXIS2_PLACEMENT_3D('',#4495,#2299,#2300);
#1958=AXIS2_PLACEMENT_3D('',#4581,#2301,#2302);
#1959=AXIS2_PLACEMENT_3D('',#4583,#2303,#2304);
#1960=AXIS2_PLACEMENT_3D('',#4585,#2305,#2306);
#1961=AXIS2_PLACEMENT_3D('',#4586,#2307,#2308);
#1962=AXIS2_PLACEMENT_3D('',#4587,#2309,#2310);
#1963=AXIS2_PLACEMENT_3D('',#4588,#2311,#2312);
#1964=AXIS2_PLACEMENT_3D('',#4608,#2314,#2315);
#1965=AXIS2_PLACEMENT_3D('',#4614,#2316,#2317);
#1966=AXIS2_PLACEMENT_3D('',#4615,#2318,#2319);
#1967=AXIS2_PLACEMENT_3D('',#4616,#2320,#2321);
#1968=AXIS2_PLACEMENT_3D('',#4619,#2322,#2323);
#1969=AXIS2_PLACEMENT_3D('',#4621,#2324,#2325);
#1970=AXIS2_PLACEMENT_3D('',#4622,#2326,#2327);
#1971=AXIS2_PLACEMENT_3D('',#4633,#2328,#2329);
#1972=AXIS2_PLACEMENT_3D('',#4653,#2331,#2332);
#1973=AXIS2_PLACEMENT_3D('',#4654,#2333,#2334);
#1974=AXIS2_PLACEMENT_3D('',#4655,#2335,#2336);
#1975=AXIS2_PLACEMENT_3D('',#4661,#2337,#2338);
#1976=AXIS2_PLACEMENT_3D('',#4662,#2339,#2340);
#1977=AXIS2_PLACEMENT_3D('',#4665,#2341,#2342);
#1978=AXIS2_PLACEMENT_3D('',#4667,#2343,#2344);
#1979=AXIS2_PLACEMENT_3D('',#4668,#2345,#2346);
#1980=AXIS2_PLACEMENT_3D('',#4679,#2347,#2348);
#1981=AXIS2_PLACEMENT_3D('',#4692,#2349,#2350);
#1982=AXIS2_PLACEMENT_3D('',#4697,#2351,#2352);
#1983=AXIS2_PLACEMENT_3D('',#4710,#2353,#2354);
#1984=AXIS2_PLACEMENT_3D('',#4799,#2355,#2356);
#1985=AXIS2_PLACEMENT_3D('',#4800,#2357,#2358);
#1986=AXIS2_PLACEMENT_3D('',#4802,#2359,#2360);
#1987=AXIS2_PLACEMENT_3D('',#4803,#2361,#2362);
#1988=AXIS2_PLACEMENT_3D('',#4804,#2363,#2364);
#1989=AXIS2_PLACEMENT_3D('',#4806,#2365,#2366);
#1990=AXIS2_PLACEMENT_3D('',#4808,#2367,#2368);
#1991=AXIS2_PLACEMENT_3D('',#4811,#2370,#2371);
#1992=AXIS2_PLACEMENT_3D('',#4812,#2372,#2373);
#1993=AXIS2_PLACEMENT_3D('',#4816,#2375,#2376);
#1994=AXIS2_PLACEMENT_3D('',#4818,#2377,#2378);
#1995=AXIS2_PLACEMENT_3D('',#4819,#2379,#2380);
#1996=AXIS2_PLACEMENT_3D('',#4822,#2382,#2383);
#1997=AXIS2_PLACEMENT_3D('',#4823,#2384,#2385);
#1998=AXIS2_PLACEMENT_3D('',#4826,#2387,#2388);
#1999=AXIS2_PLACEMENT_3D('',#4827,#2389,#2390);
#2000=AXIS2_PLACEMENT_3D('',#4829,#2392,#2393);
#2001=AXIS2_PLACEMENT_3D('',#4831,#2395,#2396);
#2002=AXIS2_PLACEMENT_3D('',#4833,#2398,#2399);
#2003=AXIS2_PLACEMENT_3D('',#4834,#2400,#2401);
#2004=AXIS2_PLACEMENT_3D('',#4856,#2405,#2406);
#2005=AXIS2_PLACEMENT_3D('',#4857,#2407,#2408);
#2006=AXIS2_PLACEMENT_3D('',#4865,#2410,#2411);
#2007=AXIS2_PLACEMENT_3D('',#4866,#2412,#2413);
#2008=AXIS2_PLACEMENT_3D('',#4947,#2414,#2415);
#2009=DIRECTION('',(0.,0.,1.));
#2010=DIRECTION('',(1.,0.,0.));
#2011=DIRECTION('',(0.,-1.,0.));
#2012=DIRECTION('',(1.,0.,0.));
#2013=DIRECTION('',(0.,-1.,0.));
#2014=DIRECTION('',(0.,0.,-1.));
#2015=DIRECTION('',(0.,-1.,0.));
#2016=DIRECTION('',(0.,0.,-1.));
#2017=DIRECTION('',(0.,-1.,0.));
#2018=DIRECTION('',(0.,0.,-1.));
#2019=DIRECTION('',(-3.49665132289196E-14,1.,0.));
#2020=DIRECTION('',(1.,3.49665132289196E-14,0.));
#2021=DIRECTION('',(-3.49665132289196E-14,1.,0.));
#2022=DIRECTION('',(-1.,-3.49665132289196E-14,0.));
#2023=DIRECTION('',(-3.49665132289196E-14,1.,0.));
#2024=DIRECTION('',(-1.,-3.49665132289196E-14,0.));
#2025=DIRECTION('',(-3.49665132289196E-14,1.,0.));
#2026=DIRECTION('',(-1.,-3.49665132289196E-14,0.));
#2027=DIRECTION('',(0.,0.,-1.));
#2028=DIRECTION('',(-1.,0.,0.));
#2029=DIRECTION('',(0.,0.,-1.));
#2030=DIRECTION('',(0.,0.,-1.));
#2031=DIRECTION('',(0.,0.,-1.));
#2032=DIRECTION('',(0.,0.,-1.));
#2033=DIRECTION('',(-1.,0.,0.));
#2034=DIRECTION('',(0.,0.,-1.));
#2035=DIRECTION('',(0.,0.,-1.));
#2036=DIRECTION('',(-1.,0.,0.));
#2037=DIRECTION('',(0.,0.,-1.));
#2038=DIRECTION('',(-1.,0.,0.));
#2039=DIRECTION('',(0.,0.,-1.));
#2040=DIRECTION('',(0.,0.,1.));
#2041=DIRECTION('',(1.,0.,0.));
#2042=DIRECTION('',(0.,0.,1.));
#2043=DIRECTION('',(1.,0.,0.));
#2044=DIRECTION('',(0.,-1.,0.));
#2045=DIRECTION('',(0.,0.,1.));
#2046=DIRECTION('',(1.,0.,0.));
#2047=DIRECTION('',(0.555570233019602,0.831469612302546,0.));
#2048=DIRECTION('',(-1.,0.,0.));
#2049=DIRECTION('',(0.,0.,1.));
#2050=DIRECTION('',(0.,0.,-1.));
#2051=DIRECTION('',(0.,-1.,0.));
#2052=DIRECTION('',(0.,1.,0.));
#2053=DIRECTION('',(0.,0.,-1.));
#2054=DIRECTION('',(-1.,0.,0.));
#2055=DIRECTION('',(0.,0.,-1.));
#2056=DIRECTION('',(0.,0.,1.));
#2057=DIRECTION('',(1.,0.,0.));
#2058=DIRECTION('',(0.,0.,-1.));
#2059=DIRECTION('',(0.,0.,1.));
#2060=DIRECTION('',(1.,0.,0.));
#2061=DIRECTION('',(0.,0.,1.));
#2062=DIRECTION('',(1.,0.,0.));
#2063=DIRECTION('',(0.,0.,1.));
#2064=DIRECTION('',(1.,0.,0.));
#2065=DIRECTION('',(0.,-1.,0.));
#2066=DIRECTION('',(0.555570233019603,-0.831469612302545,0.));
#2067=DIRECTION('',(-1.,0.,0.));
#2068=DIRECTION('',(0.,-1.,0.));
#2069=DIRECTION('',(-0.831469612302546,0.555570233019602,0.));
#2070=DIRECTION('',(-0.555570233019602,-0.831469612302546,0.));
#2071=DIRECTION('',(0.,0.,-1.));
#2072=DIRECTION('',(-1.,0.,0.));
#2073=DIRECTION('',(0.831469612302545,0.555570233019603,0.));
#2074=DIRECTION('',(-0.555570233019603,0.831469612302545,0.));
#2075=DIRECTION('',(0.,0.,1.));
#2076=DIRECTION('',(1.,0.,0.));
#2077=DIRECTION('',(-1.,0.,0.));
#2078=DIRECTION('',(0.,0.,1.));
#2079=DIRECTION('',(0.831469612302545,0.555570233019603,0.));
#2080=DIRECTION('',(-0.555570233019603,0.831469612302545,0.));
#2081=DIRECTION('',(-0.231108242724831,0.345877927861477,-0.909372002627578));
#2082=DIRECTION('',(0.555570233019603,-0.831469612302545,0.));
#2083=DIRECTION('',(0.231108242724752,-0.345877927861357,-0.909372002627644));
#2084=DIRECTION('',(-0.831469612302546,0.555570233019602,0.));
#2085=DIRECTION('',(-0.555570233019602,-0.831469612302546,0.));
#2086=DIRECTION('',(-0.231108242724831,-0.345877927861477,-0.909372002627578));
#2087=DIRECTION('',(0.231108242724751,0.345877927861357,-0.909372002627644));
#2088=DIRECTION('',(0.555570233019602,0.831469612302546,0.));
#2089=DIRECTION('',(0.,0.,-1.));
#2090=DIRECTION('',(0.,0.,-1.));
#2091=DIRECTION('',(-1.,0.,0.));
#2092=DIRECTION('',(0.,0.,1.));
#2093=DIRECTION('',(1.,0.,0.));
#2094=DIRECTION('',(0.,0.,1.));
#2095=DIRECTION('',(1.,0.,0.));
#2096=DIRECTION('',(0.,0.,1.));
#2097=DIRECTION('',(1.,0.,0.));
#2098=DIRECTION('',(0.,1.,0.));
#2099=DIRECTION('',(0.,0.,1.));
#2100=DIRECTION('',(1.,0.,0.));
#2101=DIRECTION('',(0.,0.,1.));
#2102=DIRECTION('',(1.,0.,0.));
#2103=DIRECTION('',(0.,0.,1.));
#2104=DIRECTION('',(1.,0.,0.));
#2105=DIRECTION('',(0.,0.,-1.));
#2106=DIRECTION('',(-1.,0.,0.));
#2107=DIRECTION('',(-1.,0.,0.));
#2108=DIRECTION('',(0.,0.,1.));
#2109=DIRECTION('',(0.,0.,1.));
#2110=DIRECTION('',(1.,0.,0.));
#2111=DIRECTION('',(0.,0.,-1.));
#2112=DIRECTION('',(-1.,0.,0.));
#2113=DIRECTION('',(-0.159521069218266,-0.68887809405981,0.707106781186537));
#2114=DIRECTION('',(0.,0.,1.));
#2115=DIRECTION('',(1.,0.,0.));
#2116=DIRECTION('',(0.,0.,1.));
#2117=DIRECTION('',(1.,0.,0.));
#2118=DIRECTION('',(0.,0.,1.));
#2119=DIRECTION('',(1.,0.,0.));
#2120=DIRECTION('',(-0.159521069218238,0.688878094059795,0.707106781186557));
#2121=DIRECTION('',(0.,0.,-1.));
#2122=DIRECTION('',(-1.,0.,0.));
#2123=DIRECTION('',(0.,1.,0.));
#2124=DIRECTION('',(0.,1.,0.));
#2125=DIRECTION('',(0.,1.,0.));
#2126=DIRECTION('',(0.,0.,1.));
#2127=DIRECTION('',(0.,1.,0.));
#2128=DIRECTION('',(0.,1.,0.));
#2129=DIRECTION('',(0.,0.,1.));
#2130=DIRECTION('',(0.,1.,0.));
#2131=DIRECTION('',(0.,1.,0.));
#2132=DIRECTION('',(0.,1.,0.));
#2133=DIRECTION('',(0.,1.,0.));
#2134=DIRECTION('',(0.,0.,1.));
#2135=DIRECTION('',(0.,1.,0.));
#2136=DIRECTION('',(0.119850981175459,-0.99279189275058,0.));
#2137=DIRECTION('',(0.99279189275058,0.119850981175459,0.));
#2138=DIRECTION('',(-0.461890996399019,-0.886936698668807,0.));
#2139=DIRECTION('',(-0.886936698668807,0.461890996399019,0.));
#2140=DIRECTION('',(0.,1.,0.));
#2141=DIRECTION('',(0.461890996399019,-0.886936698668807,0.));
#2142=DIRECTION('',(0.886936698668807,0.461890996399019,0.));
#2143=DIRECTION('',(0.119850981175459,0.99279189275058,0.));
#2144=DIRECTION('',(-0.99279189275058,0.119850981175459,0.));
#2145=DIRECTION('',(0.,1.,0.));
#2146=DIRECTION('',(0.,0.,1.));
#2147=DIRECTION('',(0.,0.,-1.));
#2148=DIRECTION('',(-1.,0.,0.));
#2149=DIRECTION('',(0.,0.,-1.));
#2150=DIRECTION('',(0.,0.,-1.));
#2151=DIRECTION('',(0.,0.,-1.));
#2152=DIRECTION('',(-1.,0.,0.));
#2153=DIRECTION('',(0.,0.,-1.));
#2154=DIRECTION('',(0.,0.,-1.));
#2155=DIRECTION('',(-1.,0.,0.));
#2156=DIRECTION('',(0.,0.,-1.));
#2157=DIRECTION('',(-1.,0.,0.));
#2158=DIRECTION('',(0.,0.,-1.));
#2159=DIRECTION('',(-1.,0.,0.));
#2160=DIRECTION('',(0.,0.,-1.));
#2161=DIRECTION('',(0.,0.,-1.));
#2162=DIRECTION('',(-1.,0.,0.));
#2163=DIRECTION('',(0.,0.,-1.));
#2164=DIRECTION('',(-1.,0.,0.));
#2165=DIRECTION('',(0.,0.,-1.));
#2166=DIRECTION('',(-1.,0.,0.));
#2167=DIRECTION('',(0.,0.,-1.));
#2168=DIRECTION('',(0.,0.,-1.));
#2169=DIRECTION('',(-1.,0.,0.));
#2170=DIRECTION('',(0.,0.,-1.));
#2171=DIRECTION('',(-1.,0.,0.));
#2172=DIRECTION('',(0.,0.,-1.));
#2173=DIRECTION('',(-1.,0.,0.));
#2174=DIRECTION('',(0.,0.,-1.));
#2175=DIRECTION('',(-1.,0.,0.));
#2176=DIRECTION('',(-0.010083093877772,-0.70703488684637,0.707106781186543));
#2177=DIRECTION('',(0.,0.,1.));
#2178=DIRECTION('',(1.,0.,0.));
#2179=DIRECTION('',(0.,0.,1.));
#2180=DIRECTION('',(1.,0.,0.));
#2181=DIRECTION('',(0.,0.,-1.));
#2182=DIRECTION('',(-1.,0.,0.));
#2183=DIRECTION('',(0.,1.,0.));
#2184=DIRECTION('',(0.,0.,-1.));
#2185=DIRECTION('',(-1.,0.,0.));
#2186=DIRECTION('',(-0.010083093877772,0.707034886846372,0.707106781186541));
#2187=DIRECTION('',(0.,0.,1.));
#2188=DIRECTION('',(1.,0.,0.));
#2189=DIRECTION('',(0.,0.,-1.));
#2190=DIRECTION('',(-1.,0.,0.));
#2191=DIRECTION('',(0.,0.,1.));
#2192=DIRECTION('',(1.,0.,0.));
#2193=DIRECTION('',(0.,1.,0.));
#2194=DIRECTION('',(0.,0.,1.));
#2195=DIRECTION('',(0.,1.,0.));
#2196=DIRECTION('',(0.,1.,0.));
#2197=DIRECTION('',(0.,1.,0.));
#2198=DIRECTION('',(0.,0.,1.));
#2199=DIRECTION('',(0.,1.,0.));
#2200=DIRECTION('',(0.,1.,0.));
#2201=DIRECTION('',(0.,0.,1.));
#2202=DIRECTION('',(0.,1.,0.));
#2203=DIRECTION('',(0.,1.,0.));
#2204=DIRECTION('',(0.,0.,1.));
#2205=DIRECTION('',(0.,1.,0.));
#2206=DIRECTION('',(0.,0.,1.));
#2207=DIRECTION('',(0.,0.,1.));
#2208=DIRECTION('',(1.,0.,0.));
#2209=DIRECTION('',(0.,0.,1.));
#2210=DIRECTION('',(0.,0.,1.));
#2211=DIRECTION('',(1.,0.,0.));
#2212=DIRECTION('',(0.,0.,1.));
#2213=DIRECTION('',(0.,0.,1.));
#2214=DIRECTION('',(1.,0.,0.));
#2215=DIRECTION('',(0.,0.,1.));
#2216=DIRECTION('',(1.,0.,0.));
#2217=DIRECTION('',(0.,0.,1.));
#2218=DIRECTION('',(1.,0.,0.));
#2219=DIRECTION('',(0.,0.,1.));
#2220=DIRECTION('',(0.,0.,1.));
#2221=DIRECTION('',(1.,0.,0.));
#2222=DIRECTION('',(0.,0.,1.));
#2223=DIRECTION('',(1.,0.,0.));
#2224=DIRECTION('',(0.,0.,1.));
#2225=DIRECTION('',(1.,0.,0.));
#2226=DIRECTION('',(0.,0.,1.));
#2227=DIRECTION('',(1.,0.,0.));
#2228=DIRECTION('',(0.,0.,1.));
#2229=DIRECTION('',(0.,0.,1.));
#2230=DIRECTION('',(1.,0.,0.));
#2231=DIRECTION('',(0.,0.,1.));
#2232=DIRECTION('',(1.,0.,0.));
#2233=DIRECTION('',(0.,0.,1.));
#2234=DIRECTION('',(0.,0.,1.));
#2235=DIRECTION('',(1.,0.,0.));
#2236=DIRECTION('',(0.,0.,1.));
#2237=DIRECTION('',(1.,0.,0.));
#2238=DIRECTION('',(0.,0.,1.));
#2239=DIRECTION('',(1.,0.,0.));
#2240=DIRECTION('',(0.,0.,1.));
#2241=DIRECTION('',(0.,0.,1.));
#2242=DIRECTION('',(1.,0.,0.));
#2243=DIRECTION('',(0.,0.,1.));
#2244=DIRECTION('',(1.,0.,0.));
#2245=DIRECTION('',(0.,0.,-1.));
#2246=DIRECTION('',(-1.,0.,0.));
#2247=DIRECTION('',(0.159521069218235,0.688878094059804,0.70710678118655));
#2248=DIRECTION('',(0.,0.,1.));
#2249=DIRECTION('',(1.,0.,0.));
#2250=DIRECTION('',(0.010083093877772,0.707034886846366,0.707106781186547));
#2251=DIRECTION('',(0.,0.,-1.));
#2252=DIRECTION('',(-1.,0.,0.));
#2253=DIRECTION('',(0.010083093877772,-0.707034886846366,0.707106781186547));
#2254=DIRECTION('',(0.,0.,1.));
#2255=DIRECTION('',(1.,0.,0.));
#2256=DIRECTION('',(0.159521069218238,-0.688878094059788,0.707106781186564));
#2257=DIRECTION('',(0.,0.,-1.));
#2258=DIRECTION('',(-1.,0.,0.));
#2259=DIRECTION('',(0.00191871920603561,0.999888095700497,-0.014836259401965));
#2260=DIRECTION('',(0.,0.0148362867117617,0.999889936241288));
#2261=DIRECTION('',(-0.180921597012532,0.915303057243675,0.359843978878092));
#2262=DIRECTION('',(0.887310829163561,0.309721307258791,-0.341690216832414));
#2263=DIRECTION('',(0.,0.,1.));
#2264=DIRECTION('',(0.00191893040995164,0.999998158851346,0.));
#2265=DIRECTION('',(-0.180921597012525,-0.915303057243674,0.359843978878098));
#2266=DIRECTION('',(0.887310829163568,-0.309721307258783,-0.341690216832402));
#2267=DIRECTION('',(1.,0.,0.));
#2268=DIRECTION('',(0.,0.,-1.));
#2269=DIRECTION('',(0.,0.,1.));
#2270=DIRECTION('',(1.,0.,0.));
#2271=DIRECTION('',(0.209930547130477,0.905141526782907,0.369659278085383));
#2272=DIRECTION('',(0.788543405262788,0.0667839670394593,-0.611342129877406));
#2273=DIRECTION('',(0.268847426106372,0.892562095433484,0.362013766687632));
#2274=DIRECTION('',(0.760288701180277,0.0340962274762872,-0.648689862823133));
#2275=DIRECTION('',(0.754596354480228,0.498090520391125,0.427188688171456));
#2276=DIRECTION('',(0.521884728807321,-0.06092069556119,-0.850837821614702));
#2277=DIRECTION('',(0.837371932408604,0.544807126849681,-0.0446479713769381));
#2278=DIRECTION('',(0.000422114203178489,-0.0823225046675649,-0.996605652725721));
#2279=DIRECTION('',(0.735672023212506,0.612384652944726,0.289433431206877));
#2280=DIRECTION('',(0.392534087288055,-0.0372178125463188,-0.918984126493054));
#2281=DIRECTION('',(0.72407031238903,0.665307331289825,0.181902000123319));
#2282=DIRECTION('',(0.292182945218515,-0.0569747801055321,-0.954663815673015));
#2283=DIRECTION('',(1.,0.,0.));
#2284=DIRECTION('',(0.,0.,-1.));
#2285=DIRECTION('',(0.209930547130478,-0.905141526782908,0.369659278085383));
#2286=DIRECTION('',(0.788543405262787,-0.0667839670394588,-0.611342129877405));
#2287=DIRECTION('',(0.268847426106372,-0.892562095433484,0.362013766687632));
#2288=DIRECTION('',(0.760288701180277,-0.0340962274762868,-0.648689862823133));
#2289=DIRECTION('',(0.754596354480227,-0.498090520391124,0.427188688171457));
#2290=DIRECTION('',(0.521884728807322,0.0609206955611905,-0.850837821614701));
#2291=DIRECTION('',(0.837371932408604,-0.544807126849681,-0.044647971376938));
#2292=DIRECTION('',(0.000422114203179072,0.0823225046675653,-0.99660565272572));
#2293=DIRECTION('',(0.735672023212506,-0.612384652944726,0.289433431206877));
#2294=DIRECTION('',(0.392534087288055,0.0372178125463187,-0.918984126493053));
#2295=DIRECTION('',(0.72407031238903,-0.665307331289825,0.181902000123319));
#2296=DIRECTION('',(0.292182945218515,0.056974780105532,-0.954663815673015));
#2297=DIRECTION('',(0.467005520535193,1.63295547117723E-14,0.884254399926658));
#2298=DIRECTION('',(0.884254399926658,3.09192931727658E-14,-0.467005520535193));
#2299=DIRECTION('',(-0.467005520535193,-1.63295547117723E-14,-0.884254399926658));
#2300=DIRECTION('',(0.884254399926658,3.09192931727658E-14,-0.467005520535193));
#2301=DIRECTION('',(-0.467005520535193,0.,-0.884254399926658));
#2302=DIRECTION('',(0.884254399926658,0.,-0.467005520535193));
#2303=DIRECTION('',(-0.467005520535193,0.,-0.884254399926658));
#2304=DIRECTION('',(0.884254399926658,0.,-0.467005520535193));
#2305=DIRECTION('',(0.,1.,0.));
#2306=DIRECTION('',(0.,0.,1.));
#2307=DIRECTION('',(0.,-1.,0.));
#2308=DIRECTION('',(0.,0.,-1.));
#2309=DIRECTION('',(0.,-1.,0.));
#2310=DIRECTION('',(0.,0.,-1.));
#2311=DIRECTION('',(0.,-1.,0.));
#2312=DIRECTION('',(0.,0.,-1.));
#2313=DIRECTION('',(0.,-1.,0.));
#2314=DIRECTION('',(0.,-1.,0.));
#2315=DIRECTION('',(0.,0.,-1.));
#2316=DIRECTION('',(0.,-1.,0.));
#2317=DIRECTION('',(0.,0.,-1.));
#2318=DIRECTION('',(0.,-1.,0.));
#2319=DIRECTION('',(1.,0.,0.));
#2320=DIRECTION('',(0.,-1.,0.));
#2321=DIRECTION('',(0.,0.,-1.));
#2322=DIRECTION('',(0.,-1.,0.));
#2323=DIRECTION('',(0.,0.,-1.));
#2324=DIRECTION('',(0.,-1.,0.));
#2325=DIRECTION('',(0.,0.,-1.));
#2326=DIRECTION('',(-0.266066440902644,0.,0.963954692413186));
#2327=DIRECTION('',(0.963954692413186,0.,0.266066440902644));
#2328=DIRECTION('',(-3.49665132289196E-14,1.,0.));
#2329=DIRECTION('',(-1.,-3.49665132289196E-14,0.));
#2330=DIRECTION('',(-3.49665132289196E-14,1.,0.));
#2331=DIRECTION('',(-4.16333634234434E-14,1.,0.));
#2332=DIRECTION('',(-1.,-4.16333634234434E-14,0.));
#2333=DIRECTION('',(-3.49665132289196E-14,1.,0.));
#2334=DIRECTION('',(-1.,-3.49665132289196E-14,0.));
#2335=DIRECTION('',(-4.16333634234434E-14,1.,0.));
#2336=DIRECTION('',(-1.,-4.16333634234434E-14,0.));
#2337=DIRECTION('',(-3.49665132289196E-14,1.,0.));
#2338=DIRECTION('',(1.,3.49665132289196E-14,0.));
#2339=DIRECTION('',(-3.49665132289196E-14,1.,0.));
#2340=DIRECTION('',(-1.,-3.49665132289196E-14,0.));
#2341=DIRECTION('',(-3.49665132289196E-14,1.,0.));
#2342=DIRECTION('',(-1.,-3.49665132289196E-14,0.));
#2343=DIRECTION('',(-3.49665132289196E-14,1.,0.));
#2344=DIRECTION('',(-1.,-3.49665132289196E-14,0.));
#2345=DIRECTION('',(-0.266066440902644,-9.30341572559384E-15,0.963954692413186));
#2346=DIRECTION('',(0.963954692413186,3.37061345043449E-14,0.266066440902644));
#2347=DIRECTION('',(-4.16333634234434E-14,1.,0.));
#2348=DIRECTION('',(-1.,-4.16333634234434E-14,0.));
#2349=DIRECTION('',(-4.16333634234434E-14,1.,0.));
#2350=DIRECTION('',(-1.,-4.16333634234434E-14,0.));
#2351=DIRECTION('',(0.,-1.,0.));
#2352=DIRECTION('',(0.,0.,-1.));
#2353=DIRECTION('',(0.,-1.,0.));
#2354=DIRECTION('',(0.,0.,-1.));
#2355=DIRECTION('',(0.,1.,0.));
#2356=DIRECTION('',(0.,0.,1.));
#2357=DIRECTION('',(0.461890996399019,-0.886936698668807,0.));
#2358=DIRECTION('',(0.886936698668807,0.461890996399019,0.));
#2359=DIRECTION('',(-0.461890996399019,-0.886936698668807,0.));
#2360=DIRECTION('',(-0.886936698668807,0.461890996399019,0.));
#2361=DIRECTION('',(0.461890996399019,-0.886936698668807,0.));
#2362=DIRECTION('',(0.886936698668807,0.461890996399019,0.));
#2363=DIRECTION('',(0.461890996399019,-0.886936698668807,0.));
#2364=DIRECTION('',(-0.886936698668807,-0.461890996399019,0.));
#2365=DIRECTION('',(0.461890996399019,-0.886936698668807,0.));
#2366=DIRECTION('',(-0.886936698668807,-0.461890996399019,0.));
#2367=DIRECTION('',(0.461890996399019,-0.886936698668807,0.));
#2368=DIRECTION('',(-0.886936698668807,-0.461890996399019,0.));
#2369=DIRECTION('',(0.,0.,1.));
#2370=DIRECTION('',(-0.461890996399019,-0.886936698668807,0.));
#2371=DIRECTION('',(0.886936698668807,-0.461890996399019,0.));
#2372=DIRECTION('',(-0.461890996399019,-0.886936698668807,0.));
#2373=DIRECTION('',(0.886936698668807,-0.461890996399019,0.));
#2374=DIRECTION('',(0.,0.,1.));
#2375=DIRECTION('',(-0.461890996399019,-0.886936698668807,0.));
#2376=DIRECTION('',(0.886936698668807,-0.461890996399019,0.));
#2377=DIRECTION('',(-0.461890996399019,-0.886936698668807,0.));
#2378=DIRECTION('',(0.886936698668807,-0.461890996399019,0.));
#2379=DIRECTION('',(0.119850981175459,-0.99279189275058,0.));
#2380=DIRECTION('',(0.99279189275058,0.119850981175459,0.));
#2381=DIRECTION('',(-0.901974757225896,-0.108887431936533,-0.417833776152135));
#2382=DIRECTION('',(0.119850981175459,-0.99279189275058,0.));
#2383=DIRECTION('',(-0.99279189275058,-0.119850981175459,0.));
#2384=DIRECTION('',(0.119850981175459,0.99279189275058,0.));
#2385=DIRECTION('',(-0.99279189275058,0.119850981175459,0.));
#2386=DIRECTION('',(0.901974757225896,-0.108887431936532,0.417833776152135));
#2387=DIRECTION('',(0.119850981175459,0.99279189275058,0.));
#2388=DIRECTION('',(0.99279189275058,-0.119850981175459,0.));
#2389=DIRECTION('',(0.,-1.,0.));
#2390=DIRECTION('',(0.,0.,-1.));
#2391=DIRECTION('',(0.,-1.,0.));
#2392=DIRECTION('',(0.,-1.,0.));
#2393=DIRECTION('',(0.,0.,-1.));
#2394=DIRECTION('',(0.,-1.,0.));
#2395=DIRECTION('',(-0.420333039990138,0.,0.907369900036721));
#2396=DIRECTION('',(0.907369900036721,0.,0.420333039990138));
#2397=DIRECTION('',(0.,-1.,0.));
#2398=DIRECTION('',(0.,-1.,0.));
#2399=DIRECTION('',(0.,0.,-1.));
#2400=DIRECTION('',(0.,0.,-1.));
#2401=DIRECTION('',(1.,0.,0.));
#2402=DIRECTION('',(0.981019080405537,-0.193911226803078,0.));
#2403=DIRECTION('',(0.,1.,0.));
#2404=DIRECTION('',(-0.981019080405535,-0.193911226803086,0.));
#2405=DIRECTION('',(-0.180921597012532,0.915303057243675,0.359843978878092));
#2406=DIRECTION('',(-0.42420144764429,0.257474319554958,-0.868193588196897));
#2407=DIRECTION('',(-0.180921597012532,0.915303057243675,0.359843978878092));
#2408=DIRECTION('',(0.411152284390425,0.402765829484556,-0.817761264453235));
#2409=DIRECTION('',(0.893432244087362,5.13529981280555E-15,0.44919797998769));
#2410=DIRECTION('',(-0.180921597012525,-0.915303057243674,0.359843978878098));
#2411=DIRECTION('',(0.424201447644278,0.257474319554969,0.868193588196899));
#2412=DIRECTION('',(-0.180921597012525,-0.915303057243674,0.359843978878098));
#2413=DIRECTION('',(-0.411152284390405,0.402765829484558,0.817761264453244));
#2414=DIRECTION('',(0.,1.,0.));
#2415=DIRECTION('',(0.,0.,1.));
#2416=CARTESIAN_POINT('',(0.,0.,0.));
#2417=CARTESIAN_POINT('',(-0.0966199956326207,-0.0052,0.00557632036294786));
#2418=CARTESIAN_POINT('',(-0.0965013768242988,-0.0052,0.00654027505536105));
#2419=CARTESIAN_POINT('',(-0.094826487178084,-0.0052,0.00603308212066798));
#2420=CARTESIAN_POINT('',(-0.0953936388589658,-0.0052,0.00789505053497374));
#2421=CARTESIAN_POINT('',(-0.0975234789779059,-0.0052,0.0102433357034933));
#2422=CARTESIAN_POINT('',(-0.093222496572061,-0.0052,0.00769352191723124));
#2423=CARTESIAN_POINT('',(-0.0949471417888864,-0.0052,0.000909305022402396));
#2424=CARTESIAN_POINT('',(-0.0966199956326209,0.00519999999999662,0.00557632036294786));
#2425=CARTESIAN_POINT('',(-0.096501376824299,0.00519999999999663,0.00654027505536105));
#2426=CARTESIAN_POINT('',(-0.0976789654445809,0.00519999999999659,0.00524575389238894));
#2427=CARTESIAN_POINT('',(-0.0981472130315562,0.00519999999999657,0.00713502137008793));
#2428=CARTESIAN_POINT('',(-0.0975234789779061,0.00519999999999659,0.0102433357034933));
#2429=CARTESIAN_POINT('',(-0.0999075846219736,0.00519999999999651,0.00584833396539063));
#2430=CARTESIAN_POINT('',(-0.0949471417888866,0.00519999999999668,0.000909305022402396));
#2431=CARTESIAN_POINT('',(-0.0926493671908171,-0.00869207085845464,0.0245));
#2432=CARTESIAN_POINT('',(-0.0913243502661604,0.00676223998899195,0.0085087731363825));
#2433=CARTESIAN_POINT('',(-0.0925550482055595,0.00686775718836376,0.00907395313217275));
#2434=CARTESIAN_POINT('',(-0.0938648031130171,0.00683133900845882,0.00934125787826312));
#2435=CARTESIAN_POINT('',(-0.0952106741969054,0.0066060041851806,0.0093106873746536));
#2436=CARTESIAN_POINT('',(-0.0913241542682254,0.00676219230263562,0.00850920883118296));
#2437=CARTESIAN_POINT('',(-0.0952106329911717,0.00660575807317447,0.00931068737465358));
#2438=CARTESIAN_POINT('',(-0.0952107654647279,0.00660598890422567,0.00931115910442246));
#2439=CARTESIAN_POINT('',(-0.0955352742921548,0.00655165545519133,0.00924661685287339));
#2440=CARTESIAN_POINT('',(-0.0958473286123738,0.00648884048406284,0.00915513264304364));
#2441=CARTESIAN_POINT('',(-0.0961486020621849,0.00641907565447202,0.00904009205845716));
#2442=CARTESIAN_POINT('',(-0.0961486020621849,0.00641907565447201,0.00904009205845716));
#2443=CARTESIAN_POINT('',(-0.0961486020621849,0.00641907565447201,0.0245));
#2444=CARTESIAN_POINT('',(-0.0961486020621849,0.00641907565447201,0.00952722127034119));
#2445=CARTESIAN_POINT('',(-0.0959449268295312,0.00646479822087041,0.00958720319195342));
#2446=CARTESIAN_POINT('',(-0.0960129614390621,0.00645000544856154,0.00956735277159703));
#2447=CARTESIAN_POINT('',(-0.0960808533798835,0.00643476397775251,0.00954735993431577));
#2448=CARTESIAN_POINT('',(-0.0961486020621859,0.00641907565447411,0.00952722127034108));
#2449=CARTESIAN_POINT('',(-0.0959449268295094,0.00646479822087548,0.00958720319195981));
#2450=CARTESIAN_POINT('',(-0.0870401874600609,0.00576920489329721,0.0114999649258014));
#2451=CARTESIAN_POINT('',(-0.0899144467871081,0.00688406069405579,0.0110996729114948));
#2452=CARTESIAN_POINT('',(-0.093024958146583,0.00709968731884598,0.0104391298828106));
#2453=CARTESIAN_POINT('',(-0.0959449268295535,0.00646479822086592,0.00958720319194696));
#2454=CARTESIAN_POINT('',(-0.0870401898759005,0.00576920496493412,0.0114999824720139));
#2455=CARTESIAN_POINT('',(-0.0853413979100256,0.00498948528882407,0.0115000000000003));
#2456=CARTESIAN_POINT('',(-0.0858916683674484,0.00528341088878389,0.0115000000000018));
#2457=CARTESIAN_POINT('',(-0.0864585588706808,0.0055436053038074,0.011500000000007));
#2458=CARTESIAN_POINT('',(-0.0870401895841262,0.00576920571717069,0.0115000000000004));
#2459=CARTESIAN_POINT('',(-0.0853413979100256,0.00498948528882407,0.0115000000000003));
#2460=CARTESIAN_POINT('',(-0.0853413979100255,0.00498948528882397,0.0115000000000003));
#2461=CARTESIAN_POINT('',(-0.0851694772541329,0.0048976542969052,0.0112022246891238));
#2462=CARTESIAN_POINT('',(-0.0850734487175942,0.00484295233721115,0.0108562817122581));
#2463=CARTESIAN_POINT('',(-0.0850734487175942,0.00484295233721115,0.0105));
#2464=CARTESIAN_POINT('',(-0.0850734487175942,0.00484295233721114,0.0105));
#2465=CARTESIAN_POINT('',(-0.0850734487175942,0.00484295233721114,0.0245));
#2466=CARTESIAN_POINT('',(-0.0850734487175942,0.00484295233721114,0.0075));
#2467=CARTESIAN_POINT('',(-0.0850734487175942,0.00484295233721114,0.0245));
#2468=CARTESIAN_POINT('',(-0.0850734487175942,0.00484295233721114,-0.000199999999999996));
#2469=CARTESIAN_POINT('',(-0.0926493671908171,-0.00869207085845464,-0.000199999999999996));
#2470=CARTESIAN_POINT('',(-0.0961486020621849,0.00641907565447201,-0.000199999999999996));
#2471=CARTESIAN_POINT('',(-0.0961486020621849,0.00641907565447201,0.0245));
#2472=CARTESIAN_POINT('',(-0.0961486020621849,0.00641907565447201,0.00417813863639772));
#2473=CARTESIAN_POINT('',(-0.0953625216667968,0.00657980480924259,0.00424065522693616));
#2474=CARTESIAN_POINT('',(-0.0956260886468073,0.00653298030994101,0.0041955377452305));
#2475=CARTESIAN_POINT('',(-0.0958881137327814,0.00647939601765911,0.00417533616995413));
#2476=CARTESIAN_POINT('',(-0.0961486020621849,0.00641907565447202,0.00417813863639771));
#2477=CARTESIAN_POINT('',(-0.0953625563022523,0.00657960654826283,0.00424106331728775));
#2478=CARTESIAN_POINT('',(-0.0953625893880943,0.00657979277793023,0.00424106331728775));
#2479=CARTESIAN_POINT('',(-0.0948768007005813,0.00666609872470455,0.00441698857333931));
#2480=CARTESIAN_POINT('',(-0.0939671411400741,0.00678064050395072,0.00486601368031395));
#2481=CARTESIAN_POINT('',(-0.0927783987341477,0.00683061285092195,0.00586039941208283));
#2482=CARTESIAN_POINT('',(-0.0918574838510135,0.00680470200084908,0.00708766035508164));
#2483=CARTESIAN_POINT('',(-0.0914672478837555,0.00677449406798703,0.00801463453049753));
#2484=CARTESIAN_POINT('',(-0.091324096344139,0.00676221821620283,0.00850919270808279));
#2485=CARTESIAN_POINT('',(-0.119659467855354,0.107948738768358,0.0245));
#2486=CARTESIAN_POINT('',(-0.0961486020621848,0.00641907565447192,0.00904009205845707));
#2487=CARTESIAN_POINT('',(-0.0978342069839894,0.00602874607116188,0.00839644763606325));
#2488=CARTESIAN_POINT('',(-0.0993506804362849,0.00572462314905492,0.00728069410691104));
#2489=CARTESIAN_POINT('',(-0.100419804902266,0.00552379711928919,0.00577633313943853));
#2490=CARTESIAN_POINT('',(-0.100419804902266,0.00552379711928919,0.00577633313943854));
#2491=CARTESIAN_POINT('',(-0.100419804902266,0.00552379711928919,0.00577633313943854));
#2492=CARTESIAN_POINT('',(-0.0992313542817297,0.00574703756255781,0.00473970351936082));
#2493=CARTESIAN_POINT('',(-0.0976886857437948,0.00606244391121514,0.00419470764295519));
#2494=CARTESIAN_POINT('',(-0.0961486020621849,0.00641907565447194,0.0041781386363978));
#2495=CARTESIAN_POINT('',(-0.119659467855354,0.107948738768358,-0.000199999999999996));
#2496=CARTESIAN_POINT('',(-0.118173380355427,0.00374305348052858,-0.000199999999999996));
#2497=CARTESIAN_POINT('',(-0.118173380355427,0.00374305348052858,0.0245));
#2498=CARTESIAN_POINT('',(-0.118173380355427,0.00374305348052858,0.00349154927072934));
#2499=CARTESIAN_POINT('',(-0.117684808040706,0.00375116671900547,0.00381157169643106));
#2500=CARTESIAN_POINT('',(-0.117850490889506,0.00374802684485038,0.00370922209639851));
#2501=CARTESIAN_POINT('',(-0.118012973621746,0.00374534105669263,0.0036019754256067));
#2502=CARTESIAN_POINT('',(-0.118173380355427,0.00374305348052852,0.00349154927072935));
#2503=CARTESIAN_POINT('',(-0.117684808040706,0.00375116671900555,0.00381157169643106));
#2504=CARTESIAN_POINT('',(-0.112643535527434,0.00396888496997238,0.00524272964115024));
#2505=CARTESIAN_POINT('',(-0.114416615143615,0.00384924826973946,0.00524965259991002));
#2506=CARTESIAN_POINT('',(-0.116173804769439,0.00377980191060238,0.00474556994367106));
#2507=CARTESIAN_POINT('',(-0.117684808040707,0.0037511667190054,0.0038115716964311));
#2508=CARTESIAN_POINT('',(-0.112643535527434,0.00396888496997243,0.00524272964115024));
#2509=CARTESIAN_POINT('',(-0.102557300409841,0.00514528955078936,0.00722991174582107));
#2510=CARTESIAN_POINT('',(-0.105725785221102,0.00461818702453001,0.00589876633357105));
#2511=CARTESIAN_POINT('',(-0.109175132426628,0.00420291185645363,0.00522911400612158));
#2512=CARTESIAN_POINT('',(-0.112643535527434,0.00396888496997247,0.00524272964115022));
#2513=CARTESIAN_POINT('',(-0.102557300409841,0.00514528955078942,0.00722991174582107));
#2514=CARTESIAN_POINT('',(-0.0961486020621849,0.00641907565447197,0.00952722127034118));
#2515=CARTESIAN_POINT('',(-0.0983108686141158,0.00591836721959336,0.00888447578757817));
#2516=CARTESIAN_POINT('',(-0.100451683407667,0.0054955756046266,0.00811451590901018));
#2517=CARTESIAN_POINT('',(-0.10255730040984,0.00514528955078932,0.0072299117458211));
#2518=CARTESIAN_POINT('',(-0.0803,1.7347234759768E-18,0.0065));
#2519=CARTESIAN_POINT('',(-0.0803,2.14805912474241E-18,0.0065));
#2520=CARTESIAN_POINT('',(-0.0765221224154667,0.00565399336365731,0.0065));
#2521=CARTESIAN_POINT('',(-0.0840734487175942,0.00565695013021038,0.0065));
#2522=CARTESIAN_POINT('',(-0.0840734487175942,1.7347234759768E-18,0.0065));
#2523=CARTESIAN_POINT('',(-0.0840734487175942,0.00202995365906497,0.0065));
#2524=CARTESIAN_POINT('',(-0.0803,4.072164392669E-17,0.0065));
#2525=CARTESIAN_POINT('',(-0.0779194851425081,0.00356269225383327,0.0065));
#2526=CARTESIAN_POINT('',(-0.078966631440753,0.00199552706952611,0.0065));
#2527=CARTESIAN_POINT('',(-0.0850734487175942,-0.0075,0.003));
#2528=CARTESIAN_POINT('',(-0.0850734487175942,-0.00484295233721114,0.0245));
#2529=CARTESIAN_POINT('',(-0.0850734487175942,-0.00484295233721114,0.0105));
#2530=CARTESIAN_POINT('',(-0.0850734487175942,-0.00484295233721114,0.0075));
#2531=CARTESIAN_POINT('',(-0.0850734487175942,-0.0075,0.0075));
#2532=CARTESIAN_POINT('',(-0.0850734487175942,-0.0075,0.0105));
#2533=CARTESIAN_POINT('',(-0.0803,2.14805912474241E-18,0.0065));
#2534=CARTESIAN_POINT('',(-0.0850734487175942,-0.00484295233721114,0.0245));
#2535=CARTESIAN_POINT('',(-0.0850734487175942,-0.00484295233721114,-0.000199999999999996));
#2536=CARTESIAN_POINT('',(-0.0850734487175939,-0.0048429523372114,-0.000200000000000389));
#2537=CARTESIAN_POINT('',(-0.0851473981512751,-0.00477006418866203,-0.000299721280747461));
#2538=CARTESIAN_POINT('',(-0.0852194512062285,-0.00469570747427594,-0.000399717268424039));
#2539=CARTESIAN_POINT('',(-0.0852896264774249,-0.00461991640787806,-0.000500000000000359));
#2540=CARTESIAN_POINT('',(-0.0852896264774251,-0.00461991640787779,-0.000499999999999994));
#2541=CARTESIAN_POINT('',(-0.0803,2.14805912474241E-18,-0.000499999999999994));
#2542=CARTESIAN_POINT('',(-0.0765221224154667,-0.00565399336365731,-0.000499999999999994));
#2543=CARTESIAN_POINT('',(-0.0765221224154667,-0.00565399336365731,0.0065));
#2544=CARTESIAN_POINT('',(-0.0765221224154667,-0.00565399336365731,0.0065));
#2545=CARTESIAN_POINT('',(-0.0803,2.14805912474241E-18,0.0065));
#2546=CARTESIAN_POINT('',(-0.0840734487175942,-0.00565695013021037,0.0065));
#2547=CARTESIAN_POINT('',(-0.0840734487175942,-0.00565695013021037,0.0065));
#2548=CARTESIAN_POINT('',(-0.0843244210761942,-0.0054895398998014,0.0065));
#2549=CARTESIAN_POINT('',(-0.0847897363702971,-0.00512702950705668,0.00666864297243639));
#2550=CARTESIAN_POINT('',(-0.0850734487175942,-0.00484295233721115,0.00719647537036));
#2551=CARTESIAN_POINT('',(-0.0850734487175942,-0.00484295233721115,0.0075));
#2552=CARTESIAN_POINT('',(-0.0803,1.7347234759768E-18,0.0065));
#2553=CARTESIAN_POINT('',(-0.0803,4.072164392669E-17,0.0065));
#2554=CARTESIAN_POINT('',(-0.0779194851425081,-0.00356269225383321,0.0065));
#2555=CARTESIAN_POINT('',(-0.0840734487175942,-0.00202995365906489,0.0065));
#2556=CARTESIAN_POINT('',(-0.0840734487175942,1.7347234759768E-18,0.0065));
#2557=CARTESIAN_POINT('',(-0.078966631440753,-0.00199552706952611,0.0065));
#2558=CARTESIAN_POINT('',(-0.0803,4.072164392669E-17,0.003));
#2559=CARTESIAN_POINT('',(-0.0803,3.25544571226434E-18,0.003));
#2560=CARTESIAN_POINT('',(-0.0781117597342012,0.00327493299189113,0.00574343187226519));
#2561=CARTESIAN_POINT('',(-0.0781117597342013,0.00327493299189103,0.000256568127734651));
#2562=CARTESIAN_POINT('',(-0.0803,4.072164392669E-17,0.00574343187226519));
#2563=CARTESIAN_POINT('',(-0.0781117597342013,-0.00327493299189108,0.00574343187226518));
#2564=CARTESIAN_POINT('',(-0.0803,5.10820717287499E-17,0.003));
#2565=CARTESIAN_POINT('',(-0.0781117597342013,-0.00327493299189097,0.000256568127734651));
#2566=CARTESIAN_POINT('',(-0.0803,4.072164392669E-17,0.000256568127734652));
#2567=CARTESIAN_POINT('',(-0.0850734487175942,4.072164392669E-17,0.003));
#2568=CARTESIAN_POINT('',(-0.0850734487175942,4.072164392669E-17,0.00350416995200032));
#2569=CARTESIAN_POINT('',(-0.078966631440753,-0.00199552706952611,0.0065));
#2570=CARTESIAN_POINT('',(-0.0803,5.10820717287499E-17,-0.00286692494269728));
#2571=CARTESIAN_POINT('',(-0.078966631440753,-0.00199552706952611,-0.000499999999999994));
#2572=CARTESIAN_POINT('',(-0.0779194851425083,-0.00356269225383293,-0.000499999999999994));
#2573=CARTESIAN_POINT('',(-0.0803,5.10820717287499E-17,0.00886692494270045));
#2574=CARTESIAN_POINT('',(-0.078966631440753,0.00199552706952611,0.0065));
#2575=CARTESIAN_POINT('',(-0.0803,3.25544571226434E-18,-0.00286692494269728));
#2576=CARTESIAN_POINT('',(-0.0803,3.25544571226434E-18,0.00886692494270045));
#2577=CARTESIAN_POINT('',(-0.0779194851425083,0.00356269225383299,-0.000499999999999994));
#2578=CARTESIAN_POINT('',(-0.078966631440753,0.00199552706952611,-0.000499999999999994));
#2579=CARTESIAN_POINT('',(-0.0765221224154667,0.00565399336365731,-0.000499999999999994));
#2580=CARTESIAN_POINT('',(-0.0765221224154667,0.00565399336365731,0.0065));
#2581=CARTESIAN_POINT('',(-0.0803,2.14805912474241E-18,0.0065));
#2582=CARTESIAN_POINT('',(-0.0852896264774249,0.00461991640787807,-0.000500000000000362));
#2583=CARTESIAN_POINT('',(-0.0852194512062284,0.00469570747427594,-0.000399717268424042));
#2584=CARTESIAN_POINT('',(-0.0851473981512751,0.00477006418866203,-0.000299721280747467));
#2585=CARTESIAN_POINT('',(-0.0850734487175939,0.0048429523372114,-0.000200000000000396));
#2586=CARTESIAN_POINT('',(-0.0852896264774251,0.00461991640787779,-0.000499999999999994));
#2587=CARTESIAN_POINT('',(-0.0850734487175942,0.00484295233721114,0.0075));
#2588=CARTESIAN_POINT('',(-0.0850734487175942,0.00484295233721114,0.00719661401920759));
#2589=CARTESIAN_POINT('',(-0.0847928411026933,0.00512436839392528,0.00667129263863405));
#2590=CARTESIAN_POINT('',(-0.0843242102277218,0.00548968054553442,0.0065));
#2591=CARTESIAN_POINT('',(-0.0840734487175942,0.00565695013021037,0.0065));
#2592=CARTESIAN_POINT('',(-0.0803,2.14805912474241E-18,-0.000499999999999994));
#2593=CARTESIAN_POINT('',(-0.0803,1.7347234759768E-18,-0.000499999999999994));
#2594=CARTESIAN_POINT('',(-0.0926493671908171,0.00869207085845465,-0.000499999999999994));
#2595=CARTESIAN_POINT('',(-0.0850734487175942,-0.00449808636708424,-0.000499999999999994));
#2596=CARTESIAN_POINT('',(-0.0850734487175942,-0.0075,-0.000499999999999994));
#2597=CARTESIAN_POINT('',(-0.0850734487175942,0.00449808636708424,-0.000499999999999994));
#2598=CARTESIAN_POINT('',(-0.0926493671908171,-0.00869207085845464,-0.000499999999999994));
#2599=CARTESIAN_POINT('',(-0.0803,4.072164392669E-17,-0.000499999999999994));
#2600=CARTESIAN_POINT('',(-0.0803,4.072164392669E-17,0.00574343187226519));
#2601=CARTESIAN_POINT('',(-0.0840734487175942,0.00202995365906497,0.0065));
#2602=CARTESIAN_POINT('',(-0.0842447198231194,0.00171158051265389,0.0065));
#2603=CARTESIAN_POINT('',(-0.0845359387135582,0.0010682176961917,0.00658810809651612));
#2604=CARTESIAN_POINT('',(-0.0847480337246939,3.7520055185129E-6,0.00676055859536555));
#2605=CARTESIAN_POINT('',(-0.0845387408825204,-0.00106181168987509,0.00658936068305792));
#2606=CARTESIAN_POINT('',(-0.0842443919233003,-0.00171219004043621,0.0065));
#2607=CARTESIAN_POINT('',(-0.0840734487175942,-0.00202995365906489,0.0065));
#2608=CARTESIAN_POINT('',(-0.0803,4.072164392669E-17,-0.000499999999999994));
#2609=CARTESIAN_POINT('',(-0.0850734487175942,-0.0075,0.003));
#2610=CARTESIAN_POINT('',(-0.0926493671908171,0.00869207085845465,-0.000199999999999996));
#2611=CARTESIAN_POINT('',(-0.0926493671908171,0.00869207085845465,-0.000199999999999996));
#2612=CARTESIAN_POINT('',(-0.0961486020621849,-0.00641907565447201,-0.000199999999999996));
#2613=CARTESIAN_POINT('',(-0.0960809230043131,-0.00612680943143967,-0.000499999999999994));
#2614=CARTESIAN_POINT('',(-0.0960809230043131,-0.00612680943143967,-0.000499999999999994));
#2615=CARTESIAN_POINT('',(-0.0926493671908171,0.00869207085845465,-0.000499999999999994));
#2616=CARTESIAN_POINT('',(-0.0926493671908171,-0.00869207085845464,-0.000499999999999994));
#2617=CARTESIAN_POINT('',(-0.0926493671908171,-0.00869207085845464,-0.000499999999999994));
#2618=CARTESIAN_POINT('',(-0.0960809230043131,0.0061268094314397,-0.000499999999999994));
#2619=CARTESIAN_POINT('',(-0.0960809230043131,0.0061268094314397,-0.000499999999999994));
#2620=CARTESIAN_POINT('',(-0.0860867243587971,-0.0075,0.0125));
#2621=CARTESIAN_POINT('',(-0.0871,-0.00485928514034953,0.0125));
#2622=CARTESIAN_POINT('',(-0.0870911463255354,-0.00485586380089301,0.0125));
#2623=CARTESIAN_POINT('',(-0.0870822957705487,-0.00485243441158811,0.0125));
#2624=CARTESIAN_POINT('',(-0.0870734487175937,-0.00484899598525031,0.0125));
#2625=CARTESIAN_POINT('',(-0.0871,-0.00485928514034953,0.0125));
#2626=CARTESIAN_POINT('',(-0.0870734487175937,-0.00484899598525029,0.0125));
#2627=CARTESIAN_POINT('',(-0.0870734487175942,-0.0075,0.0125));
#2628=CARTESIAN_POINT('',(-0.0870734487175941,0.00484899598525011,0.0125));
#2629=CARTESIAN_POINT('',(-0.0870734487175941,0.00484899598525011,0.0125));
#2630=CARTESIAN_POINT('',(-0.0870822957705489,0.00485243441158785,0.0125));
#2631=CARTESIAN_POINT('',(-0.0870911463255355,0.00485586380089268,0.0125));
#2632=CARTESIAN_POINT('',(-0.0871,0.00485928514034914,0.0125));
#2633=CARTESIAN_POINT('',(-0.0871,0.00485928514034915,0.0125));
#2634=CARTESIAN_POINT('',(-0.0871,-0.0075,0.0125));
#2635=CARTESIAN_POINT('',(-0.117363699241162,-0.0075,-0.000500000000000055));
#2636=CARTESIAN_POINT('',(-0.120853098196212,0.00149819145428195,0.00234107574127304));
#2637=CARTESIAN_POINT('',(-0.121243775597529,0.00103293218902799,0.00186124716925987));
#2638=CARTESIAN_POINT('',(-0.121510287218373,0.000522375652661689,0.00133824438600678));
#2639=CARTESIAN_POINT('',(-0.121674097905214,-1.34000984876327E-15,0.00079154163389786));
#2640=CARTESIAN_POINT('',(-0.120853098196212,0.00149819145428194,0.00234107574127299));
#2641=CARTESIAN_POINT('',(-0.121674097905214,-1.25329906458923E-15,0.000791541633898042));
#2642=CARTESIAN_POINT('',(-0.121674097905214,-1.53985968288726E-15,0.000791541633897828));
#2643=CARTESIAN_POINT('',(-0.12151026355973,-0.000522451097708013,0.00133832334450405));
#2644=CARTESIAN_POINT('',(-0.121243846850606,-0.00103284733347743,0.00186115965648871));
#2645=CARTESIAN_POINT('',(-0.120853098196212,-0.00149819145428947,0.0023410757412731));
#2646=CARTESIAN_POINT('',(-0.120853098196212,-0.00149819145428946,0.00234107574127299));
#2647=CARTESIAN_POINT('',(-0.120853098196212,-0.0075,0.00234107574127299));
#2648=CARTESIAN_POINT('',(-0.0785158586158019,-0.0075,-0.0497716576868358));
#2649=CARTESIAN_POINT('',(-0.0955088333821749,0.00567268496744805,0.0107484682462764));
#2650=CARTESIAN_POINT('',(-0.096661039008758,0.00542159299889331,0.0104249494029773));
#2651=CARTESIAN_POINT('',(-0.0989412542801161,0.00489350507735584,0.00971416735831391));
#2652=CARTESIAN_POINT('',(-0.101199570278429,0.00448701885314359,0.00886584341527007));
#2653=CARTESIAN_POINT('',(-0.102318086024464,0.00430099717843723,0.00840824266334264));
#2654=CARTESIAN_POINT('',(-0.0955088333821537,0.00567268496745237,0.0107484682462824));
#2655=CARTESIAN_POINT('',(-0.102318086024464,0.00430099717843723,0.00840824266334258));
#2656=CARTESIAN_POINT('',(-0.102318086024464,0.00430099717843723,0.0084082426633426));
#2657=CARTESIAN_POINT('',(-0.102506970387874,0.00426958071025061,0.00833096737505978));
#2658=CARTESIAN_POINT('',(-0.102695547408624,0.00423868800994642,0.00825274397889536));
#2659=CARTESIAN_POINT('',(-0.102883795542813,0.00420817064221055,0.00817357925539751));
#2660=CARTESIAN_POINT('',(-0.102883795542813,0.00420817064221055,0.00817357925539743));
#2661=CARTESIAN_POINT('',(-0.102883795542813,-0.0075,0.00817357925539743));
#2662=CARTESIAN_POINT('',(-0.102883795542813,0.00037198930148819,0.00817357925539744));
#2663=CARTESIAN_POINT('',(-0.102883795542813,-0.0075,0.00817357925539743));
#2664=CARTESIAN_POINT('',(-0.102883795542813,-0.000371989301488203,0.00817357925539744));
#2665=CARTESIAN_POINT('',(-0.102883795542813,-0.0075,0.00817357925539743));
#2666=CARTESIAN_POINT('',(-0.102883795542813,-0.00420817064221117,0.00817357925539743));
#2667=CARTESIAN_POINT('',(-0.102883795542813,-0.00420817064221118,0.00817357925539748));
#2668=CARTESIAN_POINT('',(-0.102695547408583,-0.00423868800995351,0.00825274397891266));
#2669=CARTESIAN_POINT('',(-0.102506970387915,-0.00426958071024375,0.00833096737504101));
#2670=CARTESIAN_POINT('',(-0.102318086024463,-0.00430099717843724,0.00840824266334073));
#2671=CARTESIAN_POINT('',(-0.10231808602434,-0.00430099717845797,0.00840824266339331));
#2672=CARTESIAN_POINT('',(-0.102318086024402,-0.0043009971784476,0.00840824266336699));
#2673=CARTESIAN_POINT('',(-0.101199556573314,-0.00448702113245735,0.00886584902222552));
#2674=CARTESIAN_POINT('',(-0.0989409951111064,-0.00489355591480692,0.00971426159799221));
#2675=CARTESIAN_POINT('',(-0.0966608580319873,-0.00542163243787266,0.0104250002180345));
#2676=CARTESIAN_POINT('',(-0.0955088333821961,-0.0056726849674437,0.0107484682462703));
#2677=CARTESIAN_POINT('',(-0.0955088333821192,-0.00567268496745936,0.0107484682462921));
#2678=CARTESIAN_POINT('',(-0.0955088333821192,-0.00567268496745936,0.0107484682462921));
#2679=CARTESIAN_POINT('',(-0.0948447067208632,-0.00581690986870238,0.0109349431985887));
#2680=CARTESIAN_POINT('',(-0.0934894422583105,-0.00597171335289245,0.0112916450625034));
#2681=CARTESIAN_POINT('',(-0.0907426478588931,-0.00594497142762159,0.0119164389359799));
#2682=CARTESIAN_POINT('',(-0.0887077631209897,-0.00548799068124594,0.012271068583892));
#2683=CARTESIAN_POINT('',(-0.0874064557679852,-0.0049845882722787,0.0124569861731099));
#2684=CARTESIAN_POINT('',(-0.087408466473209,-0.00497928526826589,0.0124567011032437));
#2685=CARTESIAN_POINT('',(-0.0874091314747775,-0.00497751575807029,0.0124566038365763));
#2686=CARTESIAN_POINT('',(-0.0873061597902677,-0.00493800894160372,0.0124713199039173));
#2687=CARTESIAN_POINT('',(-0.0872029411095755,-0.00489906483648553,0.0124858095790016));
#2688=CARTESIAN_POINT('',(-0.0871,-0.00485928514034952,0.0125));
#2689=CARTESIAN_POINT('',(-0.0871,0.00485928514034915,0.0125));
#2690=CARTESIAN_POINT('',(-0.0872029183850681,0.00489905605501764,0.0124858127115726));
#2691=CARTESIAN_POINT('',(-0.0873061142208516,0.00493799174181634,0.0124713263012521));
#2692=CARTESIAN_POINT('',(-0.087409063281149,0.00497748959453304,0.0124566135823439));
#2693=CARTESIAN_POINT('',(-0.0874083982917215,0.00497925909426132,0.0124567108725181));
#2694=CARTESIAN_POINT('',(-0.0874063876081776,0.00498456190478306,0.0124569959110534));
#2695=CARTESIAN_POINT('',(-0.0887123049981767,0.00548975959053037,0.0122704211461154));
#2696=CARTESIAN_POINT('',(-0.0907562456248437,0.00594522415318996,0.0119133708962159));
#2697=CARTESIAN_POINT('',(-0.0934800080404051,0.00597192596589037,0.0112938783552794));
#2698=CARTESIAN_POINT('',(-0.094842856586495,0.00581731165267355,0.0109354626834081));
#2699=CARTESIAN_POINT('',(-0.0955088333821962,0.00567268496744375,0.0107484682462706));
#2700=CARTESIAN_POINT('',(-0.112464251395236,-0.0075,0.0309552281921153));
#2701=CARTESIAN_POINT('',(-0.111092533230781,-0.0075,0.00627918612914683));
#2702=CARTESIAN_POINT('',(-0.111092533230781,0.000937037483975212,0.00627918612914683));
#2703=CARTESIAN_POINT('',(-0.111092533230781,-0.000937037483975217,0.00627918612914683));
#2704=CARTESIAN_POINT('',(-0.112464251395236,0.000771442086685416,0.0309552281921153));
#2705=CARTESIAN_POINT('',(-0.105309415586178,0.00163518210926878,0.00729942579267216));
#2706=CARTESIAN_POINT('',(-0.112464251395236,0.00536121379324067,0.0309552281921153));
#2707=CARTESIAN_POINT('',(-0.112047065602936,0.00313421303624111,0.00624461066379805));
#2708=CARTESIAN_POINT('',(-0.108891248428562,0.00336619528453283,0.00629788987006382));
#2709=CARTESIAN_POINT('',(-0.105768980887297,0.00374044615440626,0.00696026098788903));
#2710=CARTESIAN_POINT('',(-0.102883795542813,0.00420817064221054,0.00817357925539742));
#2711=CARTESIAN_POINT('',(-0.112047065602936,0.00313421303624111,0.00624461066379818));
#2712=CARTESIAN_POINT('',(-0.112592533230781,0.00309574894244334,0.00624142220463632));
#2713=CARTESIAN_POINT('',(-0.112410659831551,0.00310801545665982,0.00624047815524539));
#2714=CARTESIAN_POINT('',(-0.112228838644805,0.00312085597944315,0.00624154181574488));
#2715=CARTESIAN_POINT('',(-0.112047065602936,0.0031342130362411,0.00624461066379791));
#2716=CARTESIAN_POINT('',(-0.112592533230781,0.00309574894244334,0.00624142220463627));
#2717=CARTESIAN_POINT('',(-0.112592533230781,-0.0075,0.00624142220463627));
#2718=CARTESIAN_POINT('',(-0.112592533230781,-0.00309574894244173,0.00624142220463627));
#2719=CARTESIAN_POINT('',(-0.112047065602997,-0.00313421303623663,0.00624461066379605));
#2720=CARTESIAN_POINT('',(-0.112228838644826,-0.00312085597944166,0.00624154181574414));
#2721=CARTESIAN_POINT('',(-0.112410659831591,-0.00310801545665507,0.00624047815524388));
#2722=CARTESIAN_POINT('',(-0.112592533230781,-0.00309574894244173,0.0062414222046346));
#2723=CARTESIAN_POINT('',(-0.112047065603057,-0.00313421303623221,0.00624461066379765));
#2724=CARTESIAN_POINT('',(-0.102883795542813,-0.00420817064221118,0.00817357925539748));
#2725=CARTESIAN_POINT('',(-0.105769147152085,-0.00374041920081664,0.00696019106790779));
#2726=CARTESIAN_POINT('',(-0.108891096738828,-0.0033662064351549,0.0062978924310148));
#2727=CARTESIAN_POINT('',(-0.112047065602936,-0.00313421303624103,0.00624461066379312));
#2728=CARTESIAN_POINT('',(-0.112464251395236,-0.00536121379324067,0.0309552281921153));
#2729=CARTESIAN_POINT('',(-0.105309415586178,-0.00163518210926878,0.00729942579267217));
#2730=CARTESIAN_POINT('',(-0.112464251395236,-0.000771442086685418,0.0309552281921153));
#2731=CARTESIAN_POINT('',(-0.112647458029767,-0.0075,-0.00433997320693113));
#2732=CARTESIAN_POINT('',(-0.120260380944788,-0.00210845063980755,0.00300933630344726));
#2733=CARTESIAN_POINT('',(-0.11992577770177,-0.00238955191445935,0.00335594147671164));
#2734=CARTESIAN_POINT('',(-0.119157516692128,-0.00280282063926675,0.00405466919923086));
#2735=CARTESIAN_POINT('',(-0.11822982986768,-0.00293221441327752,0.00466642122000449));
#2736=CARTESIAN_POINT('',(-0.117742580851686,-0.00287594095310744,0.00493411267896822));
#2737=CARTESIAN_POINT('',(-0.120260380944786,-0.00210845063980756,0.00300933630344448));
#2738=CARTESIAN_POINT('',(-0.117742580851726,-0.00287594095311201,0.00493411267894801));
#2739=CARTESIAN_POINT('',(-0.117742580851706,-0.00287594095310973,0.00493411267895831));
#2740=CARTESIAN_POINT('',(-0.116167657071041,-0.00290445411813093,0.00579936562101788));
#2741=CARTESIAN_POINT('',(-0.114385594745671,-0.00297481528938566,0.00625072944053883));
#2742=CARTESIAN_POINT('',(-0.112592533230781,-0.00309574894244174,0.00624142220463627));
#2743=CARTESIAN_POINT('',(-0.112592533230781,0.00309574894244334,0.00624142220463631));
#2744=CARTESIAN_POINT('',(-0.11438504890575,0.00297485210374506,0.00625072660725018));
#2745=CARTESIAN_POINT('',(-0.116168148915544,0.00290444521357798,0.00579909540482291));
#2746=CARTESIAN_POINT('',(-0.117742580851686,0.00287594095310745,0.00493411267896858));
#2747=CARTESIAN_POINT('',(-0.117742580851686,0.00287594095310745,0.00493411267896848));
#2748=CARTESIAN_POINT('',(-0.117742580851686,0.00287594095310745,0.00493411267896893));
#2749=CARTESIAN_POINT('',(-0.118228901670268,0.00293210721373875,0.0046669311656623));
#2750=CARTESIAN_POINT('',(-0.119154552003139,0.00280413981659459,0.00405714030787706));
#2751=CARTESIAN_POINT('',(-0.119926362516685,0.00238906060954604,0.00335533568499471));
#2752=CARTESIAN_POINT('',(-0.120260380944792,0.0021084506398073,0.00300933630344974));
#2753=CARTESIAN_POINT('',(-0.120260380944798,0.00210845063980704,0.00300933630345502));
#2754=CARTESIAN_POINT('',(-0.120260380944795,0.00210845063980703,0.00300933630345221));
#2755=CARTESIAN_POINT('',(-0.120333718212175,0.00204646620112977,0.00293336849143214));
#2756=CARTESIAN_POINT('',(-0.120403651627946,0.00197909936779576,0.00285869499055695));
#2757=CARTESIAN_POINT('',(-0.120472359217785,0.00191147775245919,0.00278321898388027));
#2758=CARTESIAN_POINT('',(-0.120472359217784,0.00191147775245921,0.00278321898387965));
#2759=CARTESIAN_POINT('',(-0.120472359217785,0.00191147775245921,0.00278321898387995));
#2760=CARTESIAN_POINT('',(-0.120606211351369,0.00177974125128819,0.00263618101395783));
#2761=CARTESIAN_POINT('',(-0.120732742240177,0.00164152383922421,0.00248889649139289));
#2762=CARTESIAN_POINT('',(-0.120853098196212,0.00149819145428197,0.00234107574127299));
#2763=CARTESIAN_POINT('',(-0.120853098196212,-0.00149819145428947,0.00234107574127301));
#2764=CARTESIAN_POINT('',(-0.120732742240177,-0.00164152383922817,0.00248889649139349));
#2765=CARTESIAN_POINT('',(-0.120606211351368,-0.00177974125128891,0.00263618101395899));
#2766=CARTESIAN_POINT('',(-0.120472359217785,-0.00191147775245908,0.00278321898388016));
#2767=CARTESIAN_POINT('',(-0.120472359217784,-0.00191147775245917,0.00278321898387932));
#2768=CARTESIAN_POINT('',(-0.120472359217784,-0.00191147775245918,0.00278321898387979));
#2769=CARTESIAN_POINT('',(-0.120403651801464,-0.00197909919702053,0.00285869479994535));
#2770=CARTESIAN_POINT('',(-0.120333717877647,-0.00204646648386951,0.00293336883795375));
#2771=CARTESIAN_POINT('',(-0.120260380944792,-0.00210845063980728,0.00300933630344969));
#2772=CARTESIAN_POINT('',(-0.0926493671908171,0.00869207085845465,0.0245));
#2773=CARTESIAN_POINT('',(-0.0913156799937607,-0.00676149416973673,0.00851248571112402));
#2774=CARTESIAN_POINT('',(-0.091457680450204,-0.00677374921835426,0.0080205532170824));
#2775=CARTESIAN_POINT('',(-0.0918449512532572,-0.00680394799471866,0.00709760305096453));
#2776=CARTESIAN_POINT('',(-0.092757761113965,-0.00683059004801404,0.00587352298775011));
#2777=CARTESIAN_POINT('',(-0.0939398624589345,-0.00678277538099565,0.00487698177701864));
#2778=CARTESIAN_POINT('',(-0.0948462744133505,-0.00667044684637453,0.0044248476140388));
#2779=CARTESIAN_POINT('',(-0.0953307609912917,-0.00658541325729256,0.00424679268727145));
#2780=CARTESIAN_POINT('',(-0.0913155180799386,-0.00676148113239023,0.0085124386485489));
#2781=CARTESIAN_POINT('',(-0.0953307158678004,-0.00658515616209944,0.00424679268727765));
#2782=CARTESIAN_POINT('',(-0.0953306633402505,-0.00658543039597715,0.0042462296579808));
#2783=CARTESIAN_POINT('',(-0.0956047682591731,-0.00653732328399541,0.00419722653293503));
#2784=CARTESIAN_POINT('',(-0.0958774199980856,-0.00648187232806484,0.00417522112129985));
#2785=CARTESIAN_POINT('',(-0.0961486020621849,-0.00641907565447201,0.00417813863640111));
#2786=CARTESIAN_POINT('',(-0.0961486020621849,-0.00641907565447201,0.00417813863640111));
#2787=CARTESIAN_POINT('',(-0.0961486020621849,-0.00641907565447201,0.0245));
#2788=CARTESIAN_POINT('',(-0.0850734487175942,-0.00484295233721114,0.0105));
#2789=CARTESIAN_POINT('',(-0.0850734487175942,-0.00484295233721114,0.0108564111652647));
#2790=CARTESIAN_POINT('',(-0.0851693805221,-0.00489760262772983,0.0112020571443283));
#2791=CARTESIAN_POINT('',(-0.0853413979100254,-0.00498948528882397,0.0115000000000003));
#2792=CARTESIAN_POINT('',(-0.0853413979100257,-0.00498948528882407,0.0115000000000003));
#2793=CARTESIAN_POINT('',(-0.0853413979100257,-0.00498948528882409,0.0115000000000003));
#2794=CARTESIAN_POINT('',(-0.0858916681665258,-0.00528341078146157,0.0115000000000018));
#2795=CARTESIAN_POINT('',(-0.0864585584552547,-0.00554360511320988,0.011500000000007));
#2796=CARTESIAN_POINT('',(-0.0870401889473579,-0.00576920547018369,0.0115000000000004));
#2797=CARTESIAN_POINT('',(-0.087040187976989,-0.00576920989878961,0.0114999822725948));
#2798=CARTESIAN_POINT('',(-0.0870401874964666,-0.0057692049074181,0.0114999649207633));
#2799=CARTESIAN_POINT('',(-0.0899093150263333,-0.0068820701996359,0.0111003872759409));
#2800=CARTESIAN_POINT('',(-0.0930265723729381,-0.00709933633743705,0.010438658917993));
#2801=CARTESIAN_POINT('',(-0.0959449268295523,-0.00646479822086362,0.0095872031919471));
#2802=CARTESIAN_POINT('',(-0.0959449268294737,-0.00646479822088325,0.00958720319197023));
#2803=CARTESIAN_POINT('',(-0.0959449268295132,-0.00646479822087404,0.00958720319195866));
#2804=CARTESIAN_POINT('',(-0.0960129614390442,-0.00645000544856524,0.00956735277160225));
#2805=CARTESIAN_POINT('',(-0.0960808533798834,-0.00643476397775252,0.00954735993431577));
#2806=CARTESIAN_POINT('',(-0.0961486020621859,-0.00641907565447411,0.009527221270341));
#2807=CARTESIAN_POINT('',(-0.0961486020621849,-0.00641907565447201,0.00952722127034109));
#2808=CARTESIAN_POINT('',(-0.0961486020621849,-0.00641907565447201,0.0245));
#2809=CARTESIAN_POINT('',(-0.0961486020621849,-0.00641907565447201,0.00904009205845371));
#2810=CARTESIAN_POINT('',(-0.0951744424690653,-0.00661202625504118,0.00931825978005763));
#2811=CARTESIAN_POINT('',(-0.0955118004885324,-0.00655636440262626,0.00925345854293465));
#2812=CARTESIAN_POINT('',(-0.0958359156227142,-0.00649148334980231,0.0091594906672974));
#2813=CARTESIAN_POINT('',(-0.0961486020621849,-0.00641907565447202,0.00904009205845371));
#2814=CARTESIAN_POINT('',(-0.0951743158442677,-0.00661179917513731,0.00931779562644372));
#2815=CARTESIAN_POINT('',(-0.0951743556723606,-0.00661204057567326,0.0093177956264437));
#2816=CARTESIAN_POINT('',(-0.0938378452784309,-0.00683254820623129,0.00934246763337917));
#2817=CARTESIAN_POINT('',(-0.0925376315414562,-0.00686695252695925,0.00907390092613818));
#2818=CARTESIAN_POINT('',(-0.0913156747571817,-0.00676149371780398,0.00851209550472075));
#2819=CARTESIAN_POINT('',(-0.119659467855354,-0.107948738768358,0.0245));
#2820=CARTESIAN_POINT('',(-0.0961486020621849,-0.00641907565447193,0.00417813863640119));
#2821=CARTESIAN_POINT('',(-0.0976886074158146,-0.00606246204934909,0.00419470680026612));
#2822=CARTESIAN_POINT('',(-0.0992311468331424,-0.00574707653002847,0.00473952257171369));
#2823=CARTESIAN_POINT('',(-0.10041980490226,-0.0055237971192902,0.0057763331394382));
#2824=CARTESIAN_POINT('',(-0.10041980490226,-0.0055237971192902,0.0057763331394382));
#2825=CARTESIAN_POINT('',(-0.10041980490226,-0.00552379711928928,0.00577633313943924));
#2826=CARTESIAN_POINT('',(-0.0998854617509425,-0.00562416898152446,0.006528205354187));
#2827=CARTESIAN_POINT('',(-0.0986111697685766,-0.00587189811516455,0.00782762113903813));
#2828=CARTESIAN_POINT('',(-0.0969910616170957,-0.00622399026834723,0.00871840078513292));
#2829=CARTESIAN_POINT('',(-0.0961486020621848,-0.00641907565447193,0.00904009205845365));
#2830=CARTESIAN_POINT('',(-0.0961486020621849,-0.00641907565447197,0.0095272212703411));
#2831=CARTESIAN_POINT('',(-0.0983108711487289,-0.00591836663266194,0.00888447503414869));
#2832=CARTESIAN_POINT('',(-0.100451680842631,-0.00549557603134047,0.00811451698662389));
#2833=CARTESIAN_POINT('',(-0.10255730040984,-0.00514528955078913,0.00722991174582112));
#2834=CARTESIAN_POINT('',(-0.102557300409898,-0.00514528955077993,0.00722991174579721));
#2835=CARTESIAN_POINT('',(-0.102557300409869,-0.00514528955078452,0.00722991174580915));
#2836=CARTESIAN_POINT('',(-0.105725788811397,-0.00461818642725682,0.00589876482521471));
#2837=CARTESIAN_POINT('',(-0.109175130102431,-0.00420291201327639,0.00522911399699768));
#2838=CARTESIAN_POINT('',(-0.112643535527434,-0.00396888496997246,0.00524272964115022));
#2839=CARTESIAN_POINT('',(-0.112643535527543,-0.00396888496996509,0.00524272964115029));
#2840=CARTESIAN_POINT('',(-0.112643535527499,-0.00396888496998494,0.00524272964115075));
#2841=CARTESIAN_POINT('',(-0.114417034172367,-0.00384921999622896,0.00524965423599981));
#2842=CARTESIAN_POINT('',(-0.116173423756502,-0.00377980913122087,0.00474580545972428));
#2843=CARTESIAN_POINT('',(-0.117684808040706,-0.0037511667190052,0.0038115716964311));
#2844=CARTESIAN_POINT('',(-0.117684808040748,-0.00375116671900477,0.00381157169640523));
#2845=CARTESIAN_POINT('',(-0.117684808040731,-0.00375116671901248,0.00381157169641611));
#2846=CARTESIAN_POINT('',(-0.117850490889518,-0.00374802684485767,0.00370922209639748));
#2847=CARTESIAN_POINT('',(-0.11801297362176,-0.0037453410566924,0.00360197542560619));
#2848=CARTESIAN_POINT('',(-0.118173380355427,-0.0037430534805285,0.00349154927073994));
#2849=CARTESIAN_POINT('',(-0.118173380355427,-0.00374305348052858,0.00349154927073994));
#2850=CARTESIAN_POINT('',(-0.118173380355427,-0.00374305348052858,0.0245));
#2851=CARTESIAN_POINT('',(-0.118173380355427,-0.00374305348052858,-0.000199999999999996));
#2852=CARTESIAN_POINT('',(-0.119659467855354,-0.107948738768358,-0.000199999999999996));
#2853=CARTESIAN_POINT('',(-0.118120000302567,3.97508159154367E-18,0.0245));
#2854=CARTESIAN_POINT('',(-0.121556840169668,-0.00148372184591647,-0.000200000000000056));
#2855=CARTESIAN_POINT('',(-0.121428129738373,-0.00178186205514905,0.000137714983116742));
#2856=CARTESIAN_POINT('',(-0.121260551270329,-0.002065399197686,0.000467991181918189));
#2857=CARTESIAN_POINT('',(-0.121048763529363,-0.00233144692187286,0.000790559127730199));
#2858=CARTESIAN_POINT('',(-0.121556840169668,-0.0014837218459164,-0.000199999999999996));
#2859=CARTESIAN_POINT('',(-0.121048763529363,-0.00233144692187237,0.000790559127730114));
#2860=CARTESIAN_POINT('',(-0.118120000302567,3.97508159154367E-18,-0.000199999999999996));
#2861=CARTESIAN_POINT('',(-0.121048763529363,-0.00233144692187237,-0.000199999999999996));
#2862=CARTESIAN_POINT('',(-0.121048763529363,-0.00233144692187237,0.0245));
#2863=CARTESIAN_POINT('',(-0.118120000302567,1.97324795392362E-17,0.0245));
#2864=CARTESIAN_POINT('',(-0.118173380355427,-0.00374305348052867,0.00349154927073994));
#2865=CARTESIAN_POINT('',(-0.119092511951029,-0.00372994565468173,0.00285880670689654));
#2866=CARTESIAN_POINT('',(-0.11990612423295,-0.00340053679648246,0.00213612478405565));
#2867=CARTESIAN_POINT('',(-0.12055897383689,-0.00283984275744548,0.00142780266220969));
#2868=CARTESIAN_POINT('',(-0.12055897383689,-0.00283984275744553,0.0014278026622096));
#2869=CARTESIAN_POINT('',(-0.12055897383689,-0.00283984275744555,0.00142780266220958));
#2870=CARTESIAN_POINT('',(-0.120635134735098,-0.0027744326516945,0.0013451444398162));
#2871=CARTESIAN_POINT('',(-0.120705890999656,-0.00270847988875373,0.00125810410575272));
#2872=CARTESIAN_POINT('',(-0.120774242269009,-0.00263975346798156,0.00117141548190953));
#2873=CARTESIAN_POINT('',(-0.120774242269009,-0.00263975346798146,0.00117141548190948));
#2874=CARTESIAN_POINT('',(-0.120774242269009,-0.00263975346798148,0.00117141548190945));
#2875=CARTESIAN_POINT('',(-0.120872743684014,-0.00254071142006678,0.00104648799783749));
#2876=CARTESIAN_POINT('',(-0.120964089618117,-0.00243781427478283,0.000919523578128543));
#2877=CARTESIAN_POINT('',(-0.121048763529364,-0.00233144692187334,0.00079055912773026));
#2878=CARTESIAN_POINT('',(-0.118120000302567,1.97324795392362E-17,-0.000199999999999996));
#2879=CARTESIAN_POINT('',(-0.118120000302567,2.67403898456106E-18,0.0245));
#2880=CARTESIAN_POINT('',(-0.121048763529363,0.00233144692187247,0.000790559127729935));
#2881=CARTESIAN_POINT('',(-0.121260551270329,0.00206539919768515,0.000467991181917527));
#2882=CARTESIAN_POINT('',(-0.121428129738374,0.00178186205514748,0.000137714983116574));
#2883=CARTESIAN_POINT('',(-0.121556840169669,0.00148372184591372,-0.000200000000000072));
#2884=CARTESIAN_POINT('',(-0.121048763529363,0.00233144692187238,0.000790559127730038));
#2885=CARTESIAN_POINT('',(-0.121556840169669,0.00148372184591372,-0.000199999999999996));
#2886=CARTESIAN_POINT('',(-0.121048763529363,0.00233144692187238,0.0245));
#2887=CARTESIAN_POINT('',(-0.121048763529363,0.00233144692187238,-0.000199999999999996));
#2888=CARTESIAN_POINT('',(-0.118120000302567,2.67403898456106E-18,-0.000199999999999996));
#2889=CARTESIAN_POINT('',(-0.118120000302567,-1.32272665043232E-17,0.0245));
#2890=CARTESIAN_POINT('',(-0.118173380355427,0.00374305348052867,0.00349154927072935));
#2891=CARTESIAN_POINT('',(-0.119092514250321,0.0037299456218913,0.00285880512401553));
#2892=CARTESIAN_POINT('',(-0.119906163906446,0.00340050272325576,0.0021360817395099));
#2893=CARTESIAN_POINT('',(-0.12055897383689,0.00283984275744551,0.00142780266220974));
#2894=CARTESIAN_POINT('',(-0.12055897383689,0.00283984275744556,0.00142780266220961));
#2895=CARTESIAN_POINT('',(-0.118120000302567,-1.32272665043232E-17,-0.000199999999999996));
#2896=CARTESIAN_POINT('',(-0.120774242269009,0.00263975346798153,0.00117141548190947));
#2897=CARTESIAN_POINT('',(-0.120872743684014,0.00254071142006682,0.00104648799783749));
#2898=CARTESIAN_POINT('',(-0.120964089618117,0.00243781427478287,0.000919523578128443));
#2899=CARTESIAN_POINT('',(-0.121048763529364,0.00233144692187334,0.000790559127730175));
#2900=CARTESIAN_POINT('',(-0.120774242269009,0.00263975346798152,0.00117141548190951));
#2901=CARTESIAN_POINT('',(-0.12055897383689,0.00283984275744558,0.00142780266220958));
#2902=CARTESIAN_POINT('',(-0.120635134735098,0.00277443265169454,0.00134514443981622));
#2903=CARTESIAN_POINT('',(-0.120705890999656,0.00270847988875374,0.00125810410575274));
#2904=CARTESIAN_POINT('',(-0.120774242269009,0.00263975346798158,0.00117141548190956));
#2905=CARTESIAN_POINT('',(-0.119659467855354,-0.107948738768358,-0.000199999999999996));
#2906=CARTESIAN_POINT('',(-0.118169102460993,-0.00344308398271387,-0.000499999999999994));
#2907=CARTESIAN_POINT('',(-0.118169102460993,-0.00344308398271387,-0.000499999999999994));
#2908=CARTESIAN_POINT('',(-0.119659467855354,-0.107948738768358,-0.000499999999999994));
#2909=CARTESIAN_POINT('',(-0.118120000302567,1.97324795392362E-17,-0.000199999999999996));
#2910=CARTESIAN_POINT('',(-0.118120000302567,3.97508159154367E-18,-0.000199999999999996));
#2911=CARTESIAN_POINT('',(-0.121853422666403,-0.000273598686680494,-0.000199999999999994));
#2912=CARTESIAN_POINT('',(-0.121853422666403,-0.0075,-0.000199999999999996));
#2913=CARTESIAN_POINT('',(-0.121853422666403,0.000273598686680625,-0.000199999999999996));
#2914=CARTESIAN_POINT('',(-0.118120000302567,2.67403898456106E-18,-0.000199999999999996));
#2915=CARTESIAN_POINT('',(-0.118169102460993,0.00344308398271386,-0.000499999999999994));
#2916=CARTESIAN_POINT('',(-0.118169102460993,0.00344308398271386,-0.000499999999999994));
#2917=CARTESIAN_POINT('',(-0.118120000302567,1.97324795392362E-17,-0.000499999999999994));
#2918=CARTESIAN_POINT('',(-0.119659467855354,0.107948738768358,-0.000499999999999994));
#2919=CARTESIAN_POINT('',(-0.119659467855354,0.107948738768358,-0.000499999999999994));
#2920=CARTESIAN_POINT('',(-0.118173380355427,-0.0075,0.0152103885399559));
#2921=CARTESIAN_POINT('',(-0.118173380355427,-0.0075,-0.0041900540374027));
#2922=CARTESIAN_POINT('',(-0.118173380355427,-0.00374305348052858,-0.0041900540374027));
#2923=CARTESIAN_POINT('',(-0.118173380355427,0.00374305348052858,-0.0041900540374027));
#2924=CARTESIAN_POINT('',(-0.118173380355427,0.00374305348052858,-0.0041900540374027));
#2925=CARTESIAN_POINT('',(-0.115861113432946,0.00377602894593147,-0.00419005403740273));
#2926=CARTESIAN_POINT('',(-0.113623877956541,0.00388474653022387,-0.00378951067892772));
#2927=CARTESIAN_POINT('',(-0.111460460686169,0.00405547823716071,-0.00299164106422483));
#2928=CARTESIAN_POINT('',(-0.111460460686169,0.00405547823716071,-0.00299164106422483));
#2929=CARTESIAN_POINT('',(-0.111460460686169,-0.0075,-0.00299164106422482));
#2930=CARTESIAN_POINT('',(-0.111460460686169,-0.00405547823716074,-0.00299164106422483));
#2931=CARTESIAN_POINT('',(-0.118173380355427,-0.0037430534805286,-0.0041900540374027));
#2932=CARTESIAN_POINT('',(-0.115861113432946,-0.00377602894593149,-0.00419005403740273));
#2933=CARTESIAN_POINT('',(-0.113623877956541,-0.00388474653022388,-0.00378951067892772));
#2934=CARTESIAN_POINT('',(-0.111460460686169,-0.00405547823716073,-0.00299164106422483));
#2935=CARTESIAN_POINT('',(-0.107638276814407,-0.0075,-0.0133554629798993));
#2936=CARTESIAN_POINT('',(-0.111460460686169,0.00405547823716071,-0.00299164106422483));
#2937=CARTESIAN_POINT('',(-0.108899089730484,0.00425761549535463,-0.00204700588657768));
#2938=CARTESIAN_POINT('',(-0.106072027189484,0.00459060734328712,-0.00209044497030014));
#2939=CARTESIAN_POINT('',(-0.103555355297644,0.00498422613855824,-0.00309156283729664));
#2940=CARTESIAN_POINT('',(-0.103555355297644,0.00498422613855824,-0.00309156283729664));
#2941=CARTESIAN_POINT('',(-0.103555355297644,-0.0075,-0.00309156283729665));
#2942=CARTESIAN_POINT('',(-0.103555355297644,-0.00498422613855826,-0.00309156283729664));
#2943=CARTESIAN_POINT('',(-0.111460460686169,-0.00405547823716074,-0.00299164106422483));
#2944=CARTESIAN_POINT('',(-0.108899089730484,-0.00425761549535466,-0.00204700588657768));
#2945=CARTESIAN_POINT('',(-0.106072027189484,-0.00459060734328713,-0.00209044497030015));
#2946=CARTESIAN_POINT('',(-0.103555355297644,-0.00498422613855825,-0.00309156283729665));
#2947=CARTESIAN_POINT('',(-0.0974552245082996,-0.0075,0.0122433224945872));
#2948=CARTESIAN_POINT('',(-0.103555355297644,0.00498422613855824,-0.00309156283729664));
#2949=CARTESIAN_POINT('',(-0.102367288030618,0.00517004519898643,-0.00356416928713611));
#2950=CARTESIAN_POINT('',(-0.0999418260765916,0.00559108623364585,-0.00421624309259416));
#2951=CARTESIAN_POINT('',(-0.097403242647259,0.00612854296176276,-0.00430816244707666));
#2952=CARTESIAN_POINT('',(-0.0961486020621849,0.00641907565447201,-0.00420851757187475));
#2953=CARTESIAN_POINT('',(-0.0961486020621849,0.00641907565447201,-0.00420851757187474));
#2954=CARTESIAN_POINT('',(-0.0961486020621849,0.00641907565447201,-0.00420851757187474));
#2955=CARTESIAN_POINT('',(-0.0954037340465195,0.00659156211225026,-0.00414935937043773));
#2956=CARTESIAN_POINT('',(-0.0946574890420248,0.00670662925779867,-0.00403940902214046));
#2957=CARTESIAN_POINT('',(-0.093910887837403,0.00676755265825395,-0.00387523765675606));
#2958=CARTESIAN_POINT('',(-0.093910887837403,0.00676755265825394,-0.00387523765675572));
#2959=CARTESIAN_POINT('',(-0.093910887837403,-0.0075,-0.00387523765675571));
#2960=CARTESIAN_POINT('',(-0.093910887837403,-0.00676755265825394,-0.00387523765675572));
#2961=CARTESIAN_POINT('',(-0.0961486020621849,-0.006419075654472,-0.00420851757187474));
#2962=CARTESIAN_POINT('',(-0.0954037340465195,-0.00659156211225025,-0.00414935937043773));
#2963=CARTESIAN_POINT('',(-0.0946574890420248,-0.00670662925779866,-0.00403940902214046));
#2964=CARTESIAN_POINT('',(-0.093910887837403,-0.00676755265825394,-0.00387523765675606));
#2965=CARTESIAN_POINT('',(-0.0961486020621849,-0.00641907565447201,-0.00420851757187474));
#2966=CARTESIAN_POINT('',(-0.103555355297644,-0.00498422613855826,-0.00309156283729664));
#2967=CARTESIAN_POINT('',(-0.102367288030618,-0.00517004519898645,-0.00356416928713611));
#2968=CARTESIAN_POINT('',(-0.0999418260765916,-0.00559108623364584,-0.00421624309259416));
#2969=CARTESIAN_POINT('',(-0.097403242647259,-0.00612854296176278,-0.00430816244707666));
#2970=CARTESIAN_POINT('',(-0.0961486020621849,-0.00641907565447203,-0.00420851757187475));
#2971=CARTESIAN_POINT('',(-0.100782128812299,-0.0075,0.0273730666811717));
#2972=CARTESIAN_POINT('',(-0.093910887837403,0.00676755265825394,-0.00387523765675572));
#2973=CARTESIAN_POINT('',(-0.0924172258330842,0.0068894369625795,-0.00354679386487086));
#2974=CARTESIAN_POINT('',(-0.0895152167723855,0.00669832247292388,-0.00268467064875678));
#2975=CARTESIAN_POINT('',(-0.0868436191674,0.00575698212054425,-0.00145964985837089));
#2976=CARTESIAN_POINT('',(-0.0856180663516958,0.00513370948588414,-0.000800000000000097));
#2977=CARTESIAN_POINT('',(-0.0856180663516959,0.00513370948588414,-0.0008));
#2978=CARTESIAN_POINT('',(-0.0856180663516959,0.00513370948588413,-0.0008));
#2979=CARTESIAN_POINT('',(-0.0854315766743475,0.00492625495162729,-0.000699622531420806));
#2980=CARTESIAN_POINT('',(-0.0852500999371421,0.0047143580024234,-0.000599556949651812));
#2981=CARTESIAN_POINT('',(-0.0850734487175941,0.00449808636708431,-0.0005));
#2982=CARTESIAN_POINT('',(-0.0850734487175942,-0.00449808636708424,-0.000499999999999994));
#2983=CARTESIAN_POINT('',(-0.0852500999371422,-0.00471435800242334,-0.000599556949651805));
#2984=CARTESIAN_POINT('',(-0.0854315766743473,-0.0049262549516274,-0.00069962253142082));
#2985=CARTESIAN_POINT('',(-0.0856180663516957,-0.00513370948588424,-0.000800000000000015));
#2986=CARTESIAN_POINT('',(-0.0856180663516959,-0.00513370948588413,-0.0008));
#2987=CARTESIAN_POINT('',(-0.093910887837403,-0.00676755265825394,-0.00387523765675572));
#2988=CARTESIAN_POINT('',(-0.0924172258330842,-0.0068894369625795,-0.00354679386487086));
#2989=CARTESIAN_POINT('',(-0.0895152167723855,-0.00669832247292386,-0.00268467064875678));
#2990=CARTESIAN_POINT('',(-0.0868436191674,-0.00575698212054425,-0.0014596498583709));
#2991=CARTESIAN_POINT('',(-0.0856180663516959,-0.00513370948588414,-0.000800000000000104));
#2992=CARTESIAN_POINT('',(-0.118173380355427,-0.0075,-0.000499999999999984));
#2993=CARTESIAN_POINT('',(-0.121851219231582,-0.000302165669635247,-0.0008));
#2994=CARTESIAN_POINT('',(-0.121852444135375,-0.000101003601465084,-0.000784983337368884));
#2995=CARTESIAN_POINT('',(-0.121852444135375,0.000101003601465083,-0.000784983337368884));
#2996=CARTESIAN_POINT('',(-0.121851219231582,0.000302165669635246,-0.0008));
#2997=CARTESIAN_POINT('',(-0.121851219231582,-0.000302165669635247,-0.0008));
#2998=CARTESIAN_POINT('',(-0.121851219231582,0.000302165669635247,-0.0008));
#2999=CARTESIAN_POINT('',(-0.121048763529363,0.00233144692187238,-0.00281271926571246));
#3000=CARTESIAN_POINT('',(-0.121544109984642,0.00170919278898404,-0.00219685944913447));
#3001=CARTESIAN_POINT('',(-0.12179388035699,0.00101020075020359,-0.00150294380696105));
#3002=CARTESIAN_POINT('',(-0.121851219231582,0.000302165669634982,-0.000800000000000253));
#3003=CARTESIAN_POINT('',(-0.121048763529363,0.00233144692187238,-0.00281271926571246));
#3004=CARTESIAN_POINT('',(-0.121048763529363,0.00233144692187238,-0.00281271926571247));
#3005=CARTESIAN_POINT('',(-0.120747519379795,0.00270986977133377,-0.00318725342200072));
#3006=CARTESIAN_POINT('',(-0.119970701977462,0.00339689949570962,-0.00386567939284949));
#3007=CARTESIAN_POINT('',(-0.118788907193874,0.00373427539190549,-0.0041900540374027));
#3008=CARTESIAN_POINT('',(-0.118173380355427,0.00374305348052858,-0.0041900540374027));
#3009=CARTESIAN_POINT('',(-0.121048763529363,-0.00233144692187237,-0.00281271926571246));
#3010=CARTESIAN_POINT('',(-0.120747519379795,-0.00270986977133376,-0.00318725342200072));
#3011=CARTESIAN_POINT('',(-0.119970701977462,-0.00339689949570961,-0.00386567939284949));
#3012=CARTESIAN_POINT('',(-0.118788907193874,-0.00373427539190548,-0.0041900540374027));
#3013=CARTESIAN_POINT('',(-0.118173380355427,-0.00374305348052857,-0.0041900540374027));
#3014=CARTESIAN_POINT('',(-0.121048763529363,-0.00233144692187237,-0.00281271926571246));
#3015=CARTESIAN_POINT('',(-0.121048763529363,-0.00233144692187237,-0.00281271926571246));
#3016=CARTESIAN_POINT('',(-0.121544109984642,-0.00170919278898403,-0.00219685944913448));
#3017=CARTESIAN_POINT('',(-0.12179388035699,-0.00101020075020371,-0.00150294380696093));
#3018=CARTESIAN_POINT('',(-0.121851219231582,-0.000302165669634886,-0.000800000000000349));
#3019=CARTESIAN_POINT('',(-0.119659467855354,-0.107948738768358,-0.0255));
#3020=CARTESIAN_POINT('',(-0.0961486020621849,-0.00641907565447201,-0.0255));
#3021=CARTESIAN_POINT('',(-0.0961486020621849,-0.00641907565447201,-0.0008));
#3022=CARTESIAN_POINT('',(-0.119659467855354,-0.107948738768358,-0.0008));
#3023=CARTESIAN_POINT('',(-0.118173380355427,-0.00374305348052858,-0.0008));
#3024=CARTESIAN_POINT('',(-0.118173380355427,-0.00374305348052858,-0.0255));
#3025=CARTESIAN_POINT('',(-0.0926493671908171,0.00869207085845465,-0.0255));
#3026=CARTESIAN_POINT('',(-0.0926493671908171,0.00869207085845465,-0.0008));
#3027=CARTESIAN_POINT('',(-0.118120000302567,3.97508159154367E-18,-0.0255));
#3028=CARTESIAN_POINT('',(-0.121048763529363,-0.00233144692187237,-0.0255));
#3029=CARTESIAN_POINT('',(-0.121048763529363,-0.00233144692187237,-0.0008));
#3030=CARTESIAN_POINT('',(-0.118120000302567,3.97508159154367E-18,-0.0008));
#3031=CARTESIAN_POINT('',(-0.118120000302567,1.97324795392362E-17,-0.0255));
#3032=CARTESIAN_POINT('',(-0.118120000302567,1.97324795392362E-17,-0.0008));
#3033=CARTESIAN_POINT('',(-0.0926493671908171,-0.00869207085845464,-0.0255));
#3034=CARTESIAN_POINT('',(-0.0961486020621849,0.00641907565447201,-0.0255));
#3035=CARTESIAN_POINT('',(-0.0961486020621849,0.00641907565447201,-0.0008));
#3036=CARTESIAN_POINT('',(-0.0926493671908171,-0.00869207085845464,-0.0008));
#3037=CARTESIAN_POINT('',(-0.119659467855354,0.107948738768358,-0.0255));
#3038=CARTESIAN_POINT('',(-0.118173380355427,0.00374305348052858,-0.0255));
#3039=CARTESIAN_POINT('',(-0.118173380355427,0.00374305348052858,-0.0008));
#3040=CARTESIAN_POINT('',(-0.119659467855354,0.107948738768358,-0.0008));
#3041=CARTESIAN_POINT('',(-0.118120000302567,2.67403898456106E-18,-0.0255));
#3042=CARTESIAN_POINT('',(-0.118120000302567,2.67403898456106E-18,-0.0008));
#3043=CARTESIAN_POINT('',(-0.121048763529363,0.00233144692187238,-0.0008));
#3044=CARTESIAN_POINT('',(-0.121048763529363,0.00233144692187238,-0.0255));
#3045=CARTESIAN_POINT('',(-0.118120000302567,-1.32272665043232E-17,-0.0255));
#3046=CARTESIAN_POINT('',(-0.118120000302567,-1.32272665043232E-17,-0.0008));
#3047=CARTESIAN_POINT('',(-0.0926493671908171,0.00869207085845465,-0.000499999999999994));
#3048=CARTESIAN_POINT('',(-0.0961486020621849,-0.00641907565447201,-0.0008));
#3049=CARTESIAN_POINT('',(-0.119659467855354,-0.107948738768358,-0.000499999999999994));
#3050=CARTESIAN_POINT('',(-0.118173380355427,-0.00374305348052858,-0.0008));
#3051=CARTESIAN_POINT('',(-0.118120000302567,1.97324795392362E-17,-0.000499999999999994));
#3052=CARTESIAN_POINT('',(-0.118173380355427,0.00374305348052858,-0.0008));
#3053=CARTESIAN_POINT('',(-0.119659467855354,0.107948738768358,-0.0008));
#3054=CARTESIAN_POINT('',(-0.0961486020621849,0.00641907565447202,-0.0008));
#3055=CARTESIAN_POINT('',(-0.0926493671908171,-0.00869207085845464,-0.0008));
#3056=CARTESIAN_POINT('',(-0.121938854420406,-4.98460114698253E-5,-0.000263588234969815));
#3057=CARTESIAN_POINT('',(-0.121853422666403,0.000273598686680504,-0.000199999999999968));
#3058=CARTESIAN_POINT('',(-0.122787950043736,3.63722359880443E-10,2.74564555980724E-5));
#3059=CARTESIAN_POINT('',(-0.122834397724351,7.9691982180355E-5,-0.000200001555658013));
#3060=CARTESIAN_POINT('',(-0.121947078054437,-0.00433536822096341,-0.000199999999999996));
#3061=CARTESIAN_POINT('',(-0.122834429034463,-7.96891232759496E-5,-0.000200000349513608));
#3062=CARTESIAN_POINT('',(-0.121853422666403,-0.00027359868668049,-0.000199999999999978));
#3063=CARTESIAN_POINT('',(-0.0850734487175942,-0.00484295233721114,0.0115));
#3064=CARTESIAN_POINT('',(-0.085399200820813,-0.00502528459779928,0.0115));
#3065=CARTESIAN_POINT('',(-0.0857315313019351,-0.0051958481562535,0.0115));
#3066=CARTESIAN_POINT('',(-0.0862386067444053,-0.00543338073432479,0.0115));
#3067=CARTESIAN_POINT('',(-0.0864090611886056,-0.00550950699277402,0.0115));
#3068=CARTESIAN_POINT('',(-0.086752607970096,-0.00565555832404716,0.0115));
#3069=CARTESIAN_POINT('',(-0.0869257013362461,-0.0057254805754332,0.0115));
#3070=CARTESIAN_POINT('',(-0.0872937700618965,-0.00586650515540327,0.0115));
#3071=CARTESIAN_POINT('',(-0.0874875425210161,-0.00594074140862128,0.0115));
#3072=CARTESIAN_POINT('',(-0.0877377788073968,-0.00603661416908114,0.0115));
#3073=CARTESIAN_POINT('',(-0.0877942438332702,-0.00605824755398388,0.0115));
#3074=CARTESIAN_POINT('',(-0.0878507088591436,-0.0060798809388866,0.0115));
#3075=CARTESIAN_POINT('',(-0.0850734487175941,-0.00684295233721114,0.0115));
#3076=CARTESIAN_POINT('',(-0.0854473355153002,-0.00702528459779904,0.0115));
#3077=CARTESIAN_POINT('',(-0.0858277996914574,-0.00719410971575426,0.0115));
#3078=CARTESIAN_POINT('',(-0.0864068877291544,-0.00742643385100816,0.0115));
#3079=CARTESIAN_POINT('',(-0.0866013150274153,-0.0075003906361872,0.0115));
#3080=CARTESIAN_POINT('',(-0.0869927137835614,-0.00764123916911955,0.0115));
#3081=CARTESIAN_POINT('',(-0.0872015946367684,-0.00770639605681834,0.0115));
#3082=CARTESIAN_POINT('',(-0.0875948106608516,-0.00784376468650715,0.0115));
#3083=CARTESIAN_POINT('',(-0.0877753443054937,-0.00791992561754461,0.0115));
#3084=CARTESIAN_POINT('',(-0.0880255805918744,-0.00801579837800447,0.0115));
#3085=CARTESIAN_POINT('',(-0.0880820456177478,-0.0080374317629072,0.0115));
#3086=CARTESIAN_POINT('',(-0.0881385106436211,-0.00805906514780993,0.0115));
#3087=CARTESIAN_POINT('',(-0.0850734487175941,-0.00684295233721114,0.0135));
#3088=CARTESIAN_POINT('',(-0.0854473355153002,-0.00702528459779904,0.0135));
#3089=CARTESIAN_POINT('',(-0.0858277996914574,-0.00719410971575426,0.0135));
#3090=CARTESIAN_POINT('',(-0.0864068877291544,-0.00742643385100816,0.0135));
#3091=CARTESIAN_POINT('',(-0.0866013150274153,-0.0075003906361872,0.0135));
#3092=CARTESIAN_POINT('',(-0.0869927137835614,-0.00764123916911955,0.0135));
#3093=CARTESIAN_POINT('',(-0.0872015946367684,-0.00770639605681834,0.0135));
#3094=CARTESIAN_POINT('',(-0.0875948106608516,-0.00784376468650715,0.0135));
#3095=CARTESIAN_POINT('',(-0.0877753443054937,-0.00791992561754461,0.0135));
#3096=CARTESIAN_POINT('',(-0.0880255805918744,-0.00801579837800447,0.0135));
#3097=CARTESIAN_POINT('',(-0.0880820456177478,-0.0080374317629072,0.0135));
#3098=CARTESIAN_POINT('',(-0.0881385106436211,-0.00805906514780993,0.0135));
#3099=CARTESIAN_POINT('',(-0.0850734487175942,-0.00484295233721114,0.0135));
#3100=CARTESIAN_POINT('',(-0.085399200820813,-0.00502528459779928,0.0135));
#3101=CARTESIAN_POINT('',(-0.0857315313019351,-0.0051958481562535,0.0135));
#3102=CARTESIAN_POINT('',(-0.0862386067444053,-0.00543338073432479,0.0135));
#3103=CARTESIAN_POINT('',(-0.0864090611886056,-0.00550950699277402,0.0135));
#3104=CARTESIAN_POINT('',(-0.086752607970096,-0.00565555832404716,0.0135));
#3105=CARTESIAN_POINT('',(-0.0869257013362461,-0.0057254805754332,0.0135));
#3106=CARTESIAN_POINT('',(-0.0872937700618965,-0.00586650515540327,0.0135));
#3107=CARTESIAN_POINT('',(-0.0874875425210161,-0.00594074140862128,0.0135));
#3108=CARTESIAN_POINT('',(-0.0877377788073968,-0.00603661416908114,0.0135));
#3109=CARTESIAN_POINT('',(-0.0877942438332702,-0.00605824755398388,0.0135));
#3110=CARTESIAN_POINT('',(-0.0878507088591436,-0.0060798809388866,0.0135));
#3111=CARTESIAN_POINT('',(-0.0850734487175941,-0.00284295233721114,0.0135));
#3112=CARTESIAN_POINT('',(-0.0853510661263256,-0.00302528459779952,0.0135));
#3113=CARTESIAN_POINT('',(-0.0856352629124126,-0.00319758659675273,0.0135));
#3114=CARTESIAN_POINT('',(-0.0860703257596561,-0.00344032761764142,0.0135));
#3115=CARTESIAN_POINT('',(-0.0862168073497957,-0.00351862334936085,0.0135));
#3116=CARTESIAN_POINT('',(-0.0865125021566306,-0.00366987747897477,0.0135));
#3117=CARTESIAN_POINT('',(-0.0866498080357237,-0.00374456509404806,0.0135));
#3118=CARTESIAN_POINT('',(-0.0869927294629412,-0.00388924562429937,0.0135));
#3119=CARTESIAN_POINT('',(-0.0871997407365383,-0.00396155719969795,0.0135));
#3120=CARTESIAN_POINT('',(-0.0874499770229191,-0.00405742996015781,0.0135));
#3121=CARTESIAN_POINT('',(-0.0875064420487924,-0.00407906334506055,0.0135));
#3122=CARTESIAN_POINT('',(-0.0875629070746658,-0.00410069672996327,0.0135));
#3123=CARTESIAN_POINT('',(-0.0850734487175941,-0.00284295233721114,0.0115));
#3124=CARTESIAN_POINT('',(-0.0853510661263256,-0.00302528459779952,0.0115));
#3125=CARTESIAN_POINT('',(-0.0856352629124126,-0.00319758659675273,0.0115));
#3126=CARTESIAN_POINT('',(-0.0860703257596561,-0.00344032761764142,0.0115));
#3127=CARTESIAN_POINT('',(-0.0862168073497957,-0.00351862334936085,0.0115));
#3128=CARTESIAN_POINT('',(-0.0865125021566306,-0.00366987747897477,0.0115));
#3129=CARTESIAN_POINT('',(-0.0866498080357237,-0.00374456509404806,0.0115));
#3130=CARTESIAN_POINT('',(-0.0869927294629412,-0.00388924562429937,0.0115));
#3131=CARTESIAN_POINT('',(-0.0871997407365383,-0.00396155719969795,0.0115));
#3132=CARTESIAN_POINT('',(-0.0874499770229191,-0.00405742996015781,0.0115));
#3133=CARTESIAN_POINT('',(-0.0875064420487924,-0.00407906334506055,0.0115));
#3134=CARTESIAN_POINT('',(-0.0875629070746658,-0.00410069672996327,0.0115));
#3135=CARTESIAN_POINT('',(-0.0850734487175942,-0.00484295233721114,0.0115));
#3136=CARTESIAN_POINT('',(-0.085399200820813,-0.00502528459779928,0.0115));
#3137=CARTESIAN_POINT('',(-0.0857315313019351,-0.0051958481562535,0.0115));
#3138=CARTESIAN_POINT('',(-0.0862386067444053,-0.00543338073432479,0.0115));
#3139=CARTESIAN_POINT('',(-0.0864090611886056,-0.00550950699277402,0.0115));
#3140=CARTESIAN_POINT('',(-0.086752607970096,-0.00565555832404716,0.0115));
#3141=CARTESIAN_POINT('',(-0.0869257013362461,-0.0057254805754332,0.0115));
#3142=CARTESIAN_POINT('',(-0.0872937700618965,-0.00586650515540327,0.0115));
#3143=CARTESIAN_POINT('',(-0.0874875425210161,-0.00594074140862128,0.0115));
#3144=CARTESIAN_POINT('',(-0.0877377788073968,-0.00603661416908114,0.0115));
#3145=CARTESIAN_POINT('',(-0.0877942438332702,-0.00605824755398388,0.0115));
#3146=CARTESIAN_POINT('',(-0.0878507088591436,-0.0060798809388866,0.0115));
#3147=CARTESIAN_POINT('',(-0.0874091705930197,-0.00497752960496737,0.0124566268559592));
#3148=CARTESIAN_POINT('',(-0.0874228687612195,-0.00497514644096527,0.0126428853200982));
#3149=CARTESIAN_POINT('',(-0.0874178544118416,-0.00505522467072538,0.0130167967171146));
#3150=CARTESIAN_POINT('',(-0.0873068033072792,-0.005423334077267,0.0134535899670043));
#3151=CARTESIAN_POINT('',(-0.0871018656639477,-0.00597626145394729,0.0135541822342221));
#3152=CARTESIAN_POINT('',(-0.086903622182415,-0.00643610733006043,0.0132327565770092));
#3153=CARTESIAN_POINT('',(-0.0867878767109673,-0.0066439078365794,0.0127063848035471));
#3154=CARTESIAN_POINT('',(-0.0867585104112684,-0.00658339637768782,0.011940816018923));
#3155=CARTESIAN_POINT('',(-0.0869050039130587,-0.00612205896382934,0.0115000026305121));
#3156=CARTESIAN_POINT('',(-0.0870401901047003,-0.00576921071384412,0.0115000000000184));
#3157=CARTESIAN_POINT('',(-0.0850734487175942,-0.00484295233721115,0.0115));
#3158=CARTESIAN_POINT('',(-0.0851622842392352,-0.00489267598080962,0.0115));
#3159=CARTESIAN_POINT('',(-0.0852516006367123,-0.00494152029801395,0.0115));
#3160=CARTESIAN_POINT('',(-0.0853413979100257,-0.00498948528882411,0.0115000000000003));
#3161=CARTESIAN_POINT('',(-0.0850734487175942,-0.00484295233721114,0.0115));
#3162=CARTESIAN_POINT('',(-0.0850734487175942,-0.00484295233721114,0.0125));
#3163=CARTESIAN_POINT('',(-0.0853413979100256,-0.00498948528882407,0.0115000000000003));
#3164=CARTESIAN_POINT('',(-0.0853413978137835,-0.00477385341466196,0.011499999833304));
#3165=CARTESIAN_POINT('',(-0.0854071851554517,-0.00444121621549907,0.0116358428009707));
#3166=CARTESIAN_POINT('',(-0.0856981904054752,-0.00433787516848965,0.0119654513260665));
#3167=CARTESIAN_POINT('',(-0.0860328258150375,-0.00439953932515649,0.0122296083185252));
#3168=CARTESIAN_POINT('',(-0.0864867137065116,-0.00459714039813957,0.0124416690760598));
#3169=CARTESIAN_POINT('',(-0.0868739458691883,-0.00477145877009935,0.0124999999999999));
#3170=CARTESIAN_POINT('',(-0.0870734487175937,-0.00484899598525032,0.0125));
#3171=CARTESIAN_POINT('',(-0.121048763529363,0.00233144692187238,-0.000199999999999996));
#3172=CARTESIAN_POINT('',(-0.121556840169668,-0.00148372184591665,-0.000199999999999995));
#3173=CARTESIAN_POINT('',(-0.121912971570347,-0.00153875036236677,-0.000199999999999995));
#3174=CARTESIAN_POINT('',(-0.122607028775453,-0.00114712585732427,-0.000199999999998493));
#3175=CARTESIAN_POINT('',(-0.122843984482299,-0.00043807869890812,-0.000199999999999997));
#3176=CARTESIAN_POINT('',(-0.122834441782062,-7.96887838513345E-5,-0.000199999999999997));
#3177=CARTESIAN_POINT('',(-0.122834441835949,7.96908077019979E-5,-0.000200000000000003));
#3178=CARTESIAN_POINT('',(-0.12284400965918,0.000439043505900051,-0.000200000000000003));
#3179=CARTESIAN_POINT('',(-0.122605903438835,0.00114688958636218,-0.000200000000000018));
#3180=CARTESIAN_POINT('',(-0.121914579675301,0.00153899884263684,-0.000199999999999994));
#3181=CARTESIAN_POINT('',(-0.121556840169669,0.00148372184591381,-0.000199999999999994));
#3182=CARTESIAN_POINT('',(-0.120448999461662,0.0019136367994662,0.00276466630606388));
#3183=CARTESIAN_POINT('',(-0.120984882783267,0.00136588245924556,0.00213329765701344));
#3184=CARTESIAN_POINT('',(-0.121290263698113,0.000710312601456251,0.00141081315977942));
#3185=CARTESIAN_POINT('',(-0.121404686751694,2.4845416560486E-5,0.000658346019653438));
#3186=CARTESIAN_POINT('',(-0.120975785174379,0.00186011936455932,0.00319487129498233));
#3187=CARTESIAN_POINT('',(-0.121559980260039,0.00125405853658438,0.00249709160594106));
#3188=CARTESIAN_POINT('',(-0.12188226827519,0.000546864310732205,0.00171804132864616));
#3189=CARTESIAN_POINT('',(-0.122001750306357,-0.000191264747443576,0.000907855827394575));
#3190=CARTESIAN_POINT('',(-0.121542210465201,0.00205033314400693,0.00305079153642928));
#3191=CARTESIAN_POINT('',(-0.122130828966105,0.00137496523513872,0.0022789027036699));
#3192=CARTESIAN_POINT('',(-0.12243391495212,0.000617123597251669,0.00144579293515732));
#3193=CARTESIAN_POINT('',(-0.122524172906985,-0.000167566750477037,0.000584914810964671));
#3194=CARTESIAN_POINT('',(-0.121837306934626,0.00226466295483297,0.002693573263409));
#3195=CARTESIAN_POINT('',(-0.122406126711646,0.00155011164766747,0.00188181887802491));
#3196=CARTESIAN_POINT('',(-0.122681822782136,0.000768144821097201,0.0010236905242769));
#3197=CARTESIAN_POINT('',(-0.122740733495566,-3.61226205782827E-5,0.000141690216832444));
#3198=CARTESIAN_POINT('',(-0.122422044064857,0.00268935999966601,0.00198574104759457));
#3199=CARTESIAN_POINT('',(-0.122951632437285,0.00189716632721665,0.00109499260009147));
#3200=CARTESIAN_POINT('',(-0.123173055067523,0.00106739515508983,0.000187289624994994));
#3201=CARTESIAN_POINT('',(-0.123169850852799,0.000224335471151955,-0.000736564537370034));
#3202=CARTESIAN_POINT('',(-0.122005892027246,0.0030364753401258,0.000899466313037783));
#3203=CARTESIAN_POINT('',(-0.122438842561066,0.0022822061345079,5.78584705444123E-5));
#3204=CARTESIAN_POINT('',(-0.122600915498638,0.00149919897427564,-0.000796837699507431));
#3205=CARTESIAN_POINT('',(-0.122551065128927,0.000710122991875449,-0.00166110717541812));
#3206=CARTESIAN_POINT('',(-0.120751888785209,0.00263266872859468,0.00117606844977209));
#3207=CARTESIAN_POINT('',(-0.121171726863824,0.00203137584680232,0.00049834144408189));
#3208=CARTESIAN_POINT('',(-0.121373699916543,0.001360836060305,-0.000236200589425017));
#3209=CARTESIAN_POINT('',(-0.121386127195418,0.000675544561515586,-0.000987448065906907));
#3210=CARTESIAN_POINT('',(-0.121048763529363,0.00233144692187241,0.00208223113353159));
#3211=CARTESIAN_POINT('',(-0.122676421342661,3.69469143666019E-15,0.000316646277113785));
#3212=CARTESIAN_POINT('',(-0.122724612351566,3.65883625154789E-15,0.000224858831601187));
#3213=CARTESIAN_POINT('',(-0.122761284952656,3.34951096682554E-15,0.000128251434287871));
#3214=CARTESIAN_POINT('',(-0.12278795085936,3.49428480110826E-17,2.74566713786723E-5));
#3215=CARTESIAN_POINT('',(-0.122676421342662,3.69253589617144E-15,0.000316646277113116));
#3216=CARTESIAN_POINT('',(-0.12265832664285,3.65746634006324E-15,0.000349888935674698));
#3217=CARTESIAN_POINT('',(-0.122664535418846,3.67144176046367E-15,0.000338882203896997));
#3218=CARTESIAN_POINT('',(-0.122670565054581,3.75547955292267E-15,0.000327800509725116));
#3219=CARTESIAN_POINT('',(-0.122676421342662,3.75235879759626E-15,0.000316646277113176));
#3220=CARTESIAN_POINT('',(-0.12265832664285,3.66850346494183E-15,0.00034988893567458));
#3221=CARTESIAN_POINT('',(-0.122493451162708,2.32962333995224E-15,0.000574356598874851));
#3222=CARTESIAN_POINT('',(-0.122557532775785,2.99491637745019E-15,0.000507174851448635));
#3223=CARTESIAN_POINT('',(-0.122612416434963,3.54388033102543E-15,0.000431277174578549));
#3224=CARTESIAN_POINT('',(-0.12265832664285,3.64272020969206E-15,0.000349888935674704));
#3225=CARTESIAN_POINT('',(-0.122493451831822,1.57586135317689E-9,0.000574357237105277));
#3226=CARTESIAN_POINT('',(-0.121674097905214,-1.77623752396672E-15,0.000791541633897489));
#3227=CARTESIAN_POINT('',(-0.121955690893939,-3.13540868595857E-15,0.000896432246139811));
#3228=CARTESIAN_POINT('',(-0.122287430986566,2.05139221836167E-16,0.000790343600041679));
#3229=CARTESIAN_POINT('',(-0.122493451162708,2.36096137112239E-15,0.000574356598874849));
#3230=CARTESIAN_POINT('',(-0.120237620893034,0.00210971671715173,0.00298931210921286));
#3231=CARTESIAN_POINT('',(-0.120309248633027,0.00204813798747228,0.0029125758482883));
#3232=CARTESIAN_POINT('',(-0.120379451277418,0.0019816599063955,0.00283995037033932));
#3233=CARTESIAN_POINT('',(-0.120445671770358,0.00191397932850769,0.00276193778989937));
#3234=CARTESIAN_POINT('',(-0.120744879305104,0.00207648670984579,0.00344795478716215));
#3235=CARTESIAN_POINT('',(-0.120823758734359,0.00200771042398233,0.00336272572020644));
#3236=CARTESIAN_POINT('',(-0.120900329406009,0.00193392318047567,0.00328191310432573));
#3237=CARTESIAN_POINT('',(-0.12097255801905,0.00185903669540613,0.00319568958994834));
#3238=CARTESIAN_POINT('',(-0.121310528151009,0.00229364227986882,0.0033326232772712));
#3239=CARTESIAN_POINT('',(-0.121391741947744,0.00221486774463734,0.00323888744466322));
#3240=CARTESIAN_POINT('',(-0.121468473741756,0.00213313209246232,0.00314736466050278));
#3241=CARTESIAN_POINT('',(-0.121541260303233,0.00204964303736004,0.00305194172036143));
#3242=CARTESIAN_POINT('',(-0.121613386897393,0.00252392540884616,0.00298976560409613));
#3243=CARTESIAN_POINT('',(-0.121693090468509,0.00243876676153827,0.00289187396617667));
#3244=CARTESIAN_POINT('',(-0.121766976232957,0.00235301237030954,0.00279394117924662));
#3245=CARTESIAN_POINT('',(-0.121837306934626,0.00226466295483293,0.002693573263409));
#3246=CARTESIAN_POINT('',(-0.122239656009413,0.00300011839458585,0.0022807843608846));
#3247=CARTESIAN_POINT('',(-0.122316236647252,0.00290175830519027,0.00217429910454326));
#3248=CARTESIAN_POINT('',(-0.122384237224534,0.00280769372920161,0.00206311133722877));
#3249=CARTESIAN_POINT('',(-0.122449489554983,0.00270929377494392,0.00195251791007526));
#3250=CARTESIAN_POINT('',(-0.121808816154347,0.00333242136574524,0.00114151491782155));
#3251=CARTESIAN_POINT('',(-0.121873052120752,0.00323837960831147,0.00104352418065662));
#3252=CARTESIAN_POINT('',(-0.121926647693436,0.00315020067174031,0.000937271008110983));
#3253=CARTESIAN_POINT('',(-0.121979450435312,0.0030572425958098,0.000833599703373268));
#3254=CARTESIAN_POINT('',(-0.120537427252777,0.00283146351188013,0.00143246064335621));
#3255=CARTESIAN_POINT('',(-0.120596798589505,0.00276006826199678,0.00135355834381443));
#3256=CARTESIAN_POINT('',(-0.120650292077208,0.0026896704652418,0.00127144117926799));
#3257=CARTESIAN_POINT('',(-0.120702151557366,0.00261607678582257,0.0011884492913486));
#3258=CARTESIAN_POINT('',(-0.120853098196212,0.00255802163632246,0.002341075741273));
#3259=CARTESIAN_POINT('',(-0.117723582268569,0.0028764203479596,0.00489999416414182));
#3260=CARTESIAN_POINT('',(-0.118192374751614,0.00293039164899726,0.00464750097416931));
#3261=CARTESIAN_POINT('',(-0.118649997420571,0.0028745330308184,0.00434260470483812));
#3262=CARTESIAN_POINT('',(-0.119276504159399,0.00267088243210432,0.00383814232409488));
#3263=CARTESIAN_POINT('',(-0.119475689870995,0.00258284100414191,0.00366231962795398));
#3264=CARTESIAN_POINT('',(-0.119849967124087,0.00237262225739815,0.00330351056703116));
#3265=CARTESIAN_POINT('',(-0.120021765118586,0.00225434777627581,0.00311461131973676));
#3266=CARTESIAN_POINT('',(-0.120186027236606,0.00211435701212542,0.00293955551209784));
#3267=CARTESIAN_POINT('',(-0.118070394808065,0.00285522162367697,0.00553732930231399));
#3268=CARTESIAN_POINT('',(-0.118575624888476,0.00291326053785625,0.00526514350987175));
#3269=CARTESIAN_POINT('',(-0.119067049933182,0.00285298921987803,0.00493737812186936));
#3270=CARTESIAN_POINT('',(-0.119733644875434,0.0026369392856688,0.0044012600897946));
#3271=CARTESIAN_POINT('',(-0.119944570668934,0.00254386244752221,0.00421528440567278));
#3272=CARTESIAN_POINT('',(-0.120339012797508,0.00232342791388709,0.00383788199417151));
#3273=CARTESIAN_POINT('',(-0.120519455799393,0.00220084394039467,0.00363997938195265));
#3274=CARTESIAN_POINT('',(-0.120690374452115,0.00205585772217176,0.003458338820518));
#3275=CARTESIAN_POINT('',(-0.118480438582083,0.003336816486683,0.00570011381193184));
#3276=CARTESIAN_POINT('',(-0.119046833262197,0.00336166418713339,0.00537205386296692));
#3277=CARTESIAN_POINT('',(-0.119579000575182,0.00326053765346404,0.00499304688262691));
#3278=CARTESIAN_POINT('',(-0.120290167139328,0.00298030306857843,0.00438974657481631));
#3279=CARTESIAN_POINT('',(-0.120513163932673,0.00286516450157338,0.00418286014287458));
#3280=CARTESIAN_POINT('',(-0.120927822727389,0.00259867285949738,0.00376627383117714));
#3281=CARTESIAN_POINT('',(-0.121118432855834,0.0024503073261875,0.00355315103043251));
#3282=CARTESIAN_POINT('',(-0.121294017735445,0.00228108834110336,0.00335131424370649));
#3283=CARTESIAN_POINT('',(-0.118695265084234,0.00380397417608978,0.00553489520196834));
#3284=CARTESIAN_POINT('',(-0.119301372820668,0.00379531882804727,0.00516374211464426));
#3285=CARTESIAN_POINT('',(-0.119855214946024,0.00365767576943069,0.00474762601255065));
#3286=CARTESIAN_POINT('',(-0.120588534944913,0.00332281357122937,0.0040965107206371));
#3287=CARTESIAN_POINT('',(-0.120817088544958,0.00318928603259843,0.00387489211396278));
#3288=CARTESIAN_POINT('',(-0.121240802053181,0.00288425611558552,0.00343048313877881));
#3289=CARTESIAN_POINT('',(-0.121436224225156,0.00271321345842549,0.00320735615770042));
#3290=CARTESIAN_POINT('',(-0.121613386897393,0.00252392540884612,0.00298976560409627));
#3291=CARTESIAN_POINT('',(-0.119424415738141,0.00538957153626904,0.00497412054760424));
#3292=CARTESIAN_POINT('',(-0.120165315042157,0.00526720224012531,0.00445670343001042));
#3293=CARTESIAN_POINT('',(-0.120792724457658,0.00500561708043195,0.00391463387188829));
#3294=CARTESIAN_POINT('',(-0.121601236256749,0.00448534125974209,0.00310122795672306));
#3295=CARTESIAN_POINT('',(-0.121848650421946,0.00428939902575756,0.00282960632559816));
#3296=CARTESIAN_POINT('',(-0.122303096871441,0.0038535649105232,0.00229076340920382));
#3297=CARTESIAN_POINT('',(-0.122514851780075,0.00360555298039904,0.00203368086603655));
#3298=CARTESIAN_POINT('',(-0.122697369697183,0.00334814776951314,0.00176261986392799));
#3299=CARTESIAN_POINT('',(-0.118507255305837,0.00541487331744545,0.00332452514502071));
#3300=CARTESIAN_POINT('',(-0.119150695986673,0.00528405404544459,0.00286116455174418));
#3301=CARTESIAN_POINT('',(-0.11968866641758,0.00503630203229755,0.00238104270184441));
#3302=CARTESIAN_POINT('',(-0.12039133480272,0.00455182341096956,0.00165315792402593));
#3303=CARTESIAN_POINT('',(-0.120607811681877,0.00437017546137897,0.00140892702048144));
#3304=CARTESIAN_POINT('',(-0.121009151319385,0.00396342027111499,0.000920299250714622));
#3305=CARTESIAN_POINT('',(-0.121201877480003,0.00373116084041387,0.000688005472637683));
#3306=CARTESIAN_POINT('',(-0.121363156361221,0.00348497891966362,0.000434410376900502));
#3307=CARTESIAN_POINT('',(-0.117676578351235,0.00373470056590206,0.00381623366700643));
#3308=CARTESIAN_POINT('',(-0.118170963599717,0.00372396327716619,0.00351138475797663));
#3309=CARTESIAN_POINT('',(-0.118625316837169,0.003608534013909,0.00316872538525499));
#3310=CARTESIAN_POINT('',(-0.119241619986155,0.00332294992370078,0.00261831683411257));
#3311=CARTESIAN_POINT('',(-0.119436159437972,0.00320839488795234,0.00242883280480543));
#3312=CARTESIAN_POINT('',(-0.119801584044719,0.002942193306275,0.00204350344127237));
#3313=CARTESIAN_POINT('',(-0.119972522262248,0.00278990378642776,0.00184817358591846));
#3314=CARTESIAN_POINT('',(-0.120130069770057,0.00261932251325561,0.00165298265348741));
#3315=CARTESIAN_POINT('',(-0.118173380355427,0.00374305348052858,0.00468405738035364));
#3316=CARTESIAN_POINT('',(-0.112049776900572,0.0031339734086392,0.0061908363199348));
#3317=CARTESIAN_POINT('',(-0.112296699648626,0.00311604290575885,0.00619532857978419));
#3318=CARTESIAN_POINT('',(-0.112543301345324,0.00309901246686446,0.00620729510148536));
#3319=CARTESIAN_POINT('',(-0.113035190208729,0.00306679675231981,0.00619803779108282));
#3320=CARTESIAN_POINT('',(-0.113280451423332,0.00305160961730847,0.00618487778781263));
#3321=CARTESIAN_POINT('',(-0.114012968207358,0.00300882586399618,0.0061201407576515));
#3322=CARTESIAN_POINT('',(-0.114496954578386,0.00298401742457586,0.00604331520053484));
#3323=CARTESIAN_POINT('',(-0.115926278515795,0.0029204597413211,0.00571420978569431));
#3324=CARTESIAN_POINT('',(-0.116849106178906,0.0028927206836096,0.00536344899986791));
#3325=CARTESIAN_POINT('',(-0.117716020186607,0.00287699628209604,0.00488596479730554));
#3326=CARTESIAN_POINT('',(-0.112001992656433,0.00312064617852032,0.00692440637682287));
#3327=CARTESIAN_POINT('',(-0.11226592970403,0.00310142931293064,0.00692935040462004));
#3328=CARTESIAN_POINT('',(-0.112529546984705,0.00308326144664301,0.00694244036346672));
#3329=CARTESIAN_POINT('',(-0.113055410623817,0.00304878794128097,0.00693298176910904));
#3330=CARTESIAN_POINT('',(-0.113317631249264,0.00303252793829923,0.00691913107114319));
#3331=CARTESIAN_POINT('',(-0.114100856138162,0.00298669995724513,0.00685056909752838));
#3332=CARTESIAN_POINT('',(-0.114618421206706,0.00296009453937389,0.006768856761922));
#3333=CARTESIAN_POINT('',(-0.116147110026233,0.00289189392013433,0.00641820376274873));
#3334=CARTESIAN_POINT('',(-0.117134360982499,0.00286205690634199,0.00604390112627184));
#3335=CARTESIAN_POINT('',(-0.118061981150486,0.00284536565964769,0.00553395900453958));
#3336=CARTESIAN_POINT('',(-0.112294259527903,0.00359866128747235,0.00727582129384895));
#3337=CARTESIAN_POINT('',(-0.112565185605502,0.00357957086861942,0.00727911946318544));
#3338=CARTESIAN_POINT('',(-0.112835595426302,0.00356161646575196,0.00728156633261957));
#3339=CARTESIAN_POINT('',(-0.113374559568241,0.00352757723913538,0.00725917244249055));
#3340=CARTESIAN_POINT('',(-0.113643103571394,0.00351156395560014,0.00723864266429014));
#3341=CARTESIAN_POINT('',(-0.114444616533214,0.00346654952914278,0.00714943750966952));
#3342=CARTESIAN_POINT('',(-0.114973466022357,0.00344058380942846,0.0070531570599666));
#3343=CARTESIAN_POINT('',(-0.1165332230649,0.00337449049503346,0.00665652813576601));
#3344=CARTESIAN_POINT('',(-0.117537520297872,0.00334630137901885,0.00624855468670716));
#3345=CARTESIAN_POINT('',(-0.11847791260794,0.00333132355060555,0.00570205648628766));
#3346=CARTESIAN_POINT('',(-0.112592955344985,0.00405466136720268,0.00723802785736199));
#3347=CARTESIAN_POINT('',(-0.112861914913415,0.00403638106813025,0.00723942394451843));
#3348=CARTESIAN_POINT('',(-0.113130169003308,0.00401915231005131,0.00723143140240535));
#3349=CARTESIAN_POINT('',(-0.113664398386167,0.00398665425128562,0.00719697992801096));
#3350=CARTESIAN_POINT('',(-0.113930375797765,0.00397141124087682,0.00717051871096251));
#3351=CARTESIAN_POINT('',(-0.114723633249912,0.00392868912050059,0.00706382927312135));
#3352=CARTESIAN_POINT('',(-0.115246239698482,0.00390422641662677,0.00695630765822838));
#3353=CARTESIAN_POINT('',(-0.116785337886797,0.00384244371080888,0.00652727609440614));
#3354=CARTESIAN_POINT('',(-0.117773330059228,0.00381685630377398,0.00609946697948239));
#3355=CARTESIAN_POINT('',(-0.118695265084234,0.00380397417608978,0.00553489520196834));
#3356=CARTESIAN_POINT('',(-0.113595057646411,0.00558450779697044,0.00711123368243023));
#3357=CARTESIAN_POINT('',(-0.113857419722507,0.00556894538964623,0.00710624842501758));
#3358=CARTESIAN_POINT('',(-0.114118441495172,0.00555415111598591,0.00706323243182569));
#3359=CARTESIAN_POINT('',(-0.114636786112665,0.0055268235609968,0.00698832865696041));
#3360=CARTESIAN_POINT('',(-0.11489415280005,0.00551416475976863,0.00694196790272235));
#3361=CARTESIAN_POINT('',(-0.115659713629852,0.00547913315619281,0.00677661999210678));
#3362=CARTESIAN_POINT('',(-0.116161375140569,0.00545971295893182,0.00663138510215782));
#3363=CARTESIAN_POINT('',(-0.117631164405945,0.00541239202501915,0.00609364508685998));
#3364=CARTESIAN_POINT('',(-0.118564454310189,0.00539553315854998,0.00559928878487559));
#3365=CARTESIAN_POINT('',(-0.119424466513447,0.00538968195129929,0.00497408149736867));
#3366=CARTESIAN_POINT('',(-0.113682592074109,0.00556452530997989,0.00522569506549654));
#3367=CARTESIAN_POINT('',(-0.113901336558334,0.00555183761561403,0.00522073463603236));
#3368=CARTESIAN_POINT('',(-0.114118789100419,0.00554023057098095,0.00517510545892601));
#3369=CARTESIAN_POINT('',(-0.114550161845583,0.00551853661774642,0.00510215662578575));
#3370=CARTESIAN_POINT('',(-0.114764138410181,0.00550855029992045,0.00505828201416482));
#3371=CARTESIAN_POINT('',(-0.115400033405709,0.00548108907231952,0.0049048718353496));
#3372=CARTESIAN_POINT('',(-0.115815923209021,0.0054661197401439,0.00477356679316882));
#3373=CARTESIAN_POINT('',(-0.117032160146373,0.00543024782235862,0.00429520394955115));
#3374=CARTESIAN_POINT('',(-0.117801405967587,0.00541848440927815,0.00386386602515526));
#3375=CARTESIAN_POINT('',(-0.118507207646836,0.00541487462931328,0.00332443942941452));
#3376=CARTESIAN_POINT('',(-0.112625234106426,0.0039407332184388,0.00524245687190778));
#3377=CARTESIAN_POINT('',(-0.112848265427657,0.00392564046007903,0.00524343012022637));
#3378=CARTESIAN_POINT('',(-0.113070655811728,0.00391135235520618,0.00523561931358194));
#3379=CARTESIAN_POINT('',(-0.113513446127295,0.00388452631020201,0.00520569595946284));
#3380=CARTESIAN_POINT('',(-0.113733846297195,0.00387196604255978,0.00518308187102282));
#3381=CARTESIAN_POINT('',(-0.114391021029471,0.0038368209286421,0.00509262974314571));
#3382=CARTESIAN_POINT('',(-0.114823770114193,0.00381678141870011,0.00500219278854238));
#3383=CARTESIAN_POINT('',(-0.116097686204865,0.00376628621378252,0.00464283232866684));
#3384=CARTESIAN_POINT('',(-0.116914707511452,0.00374558348274874,0.00428600816421637));
#3385=CARTESIAN_POINT('',(-0.11767655665993,0.00373465669060443,0.00381624650838223));
#3386=CARTESIAN_POINT('',(-0.112592533230781,0.00397233886253511,0.00624142220463627));
#3387=CARTESIAN_POINT('',(-0.102294912729504,0.00430211039162637,0.00834698623078014));
#3388=CARTESIAN_POINT('',(-0.102679484324634,0.00423769275950034,0.00818259853595307));
#3389=CARTESIAN_POINT('',(-0.103063079580107,0.00417560393153477,0.00801795309427364));
#3390=CARTESIAN_POINT('',(-0.103840785884228,0.00405423007468231,0.00771892693362074));
#3391=CARTESIAN_POINT('',(-0.104232784246295,0.00399529184297375,0.00757938276726043));
#3392=CARTESIAN_POINT('',(-0.10541799843925,0.0038240424502717,0.0071905372186865));
#3393=CARTESIAN_POINT('',(-0.106220432988749,0.00371729697798856,0.00697095485554471));
#3394=CARTESIAN_POINT('',(-0.107849077509388,0.00352027456477971,0.00661200933822482));
#3395=CARTESIAN_POINT('',(-0.108678292065601,0.00342968088080987,0.00647219079220708));
#3396=CARTESIAN_POINT('',(-0.109935012885668,0.0033078425180688,0.00632573770098506));
#3397=CARTESIAN_POINT('',(-0.110356058875094,0.00326956398799243,0.00628744579386476));
#3398=CARTESIAN_POINT('',(-0.110989606833215,0.00321584078375069,0.00624608236226763));
#3399=CARTESIAN_POINT('',(-0.111201119226584,0.00319854822085553,0.00623497227398366));
#3400=CARTESIAN_POINT('',(-0.111624599526594,0.00316521834420483,0.00621813917325597));
#3401=CARTESIAN_POINT('',(-0.111836603037765,0.00314918420747455,0.00620552800781301));
#3402=CARTESIAN_POINT('',(-0.112048662260655,0.0031337813074037,0.00620939729892926));
#3403=CARTESIAN_POINT('',(-0.102537330805606,0.00427105624224892,0.00902886074740157));
#3404=CARTESIAN_POINT('',(-0.102910965476696,0.0042083143648425,0.00886890276191121));
#3405=CARTESIAN_POINT('',(-0.1032832109046,0.00414792710709984,0.00870759176478622));
#3406=CARTESIAN_POINT('',(-0.104038372283414,0.00402974310401581,0.00841547937645954));
#3407=CARTESIAN_POINT('',(-0.104419012491416,0.00397233758315075,0.00827910939419028));
#3408=CARTESIAN_POINT('',(-0.105569897355522,0.00380550080998882,0.00789893861983395));
#3409=CARTESIAN_POINT('',(-0.106349105289012,0.00370145024095976,0.0076840111932867));
#3410=CARTESIAN_POINT('',(-0.107930631265878,0.00350931840366443,0.00733206903578563));
#3411=CARTESIAN_POINT('',(-0.108735867013711,0.00342092799335254,0.0071946058049248));
#3412=CARTESIAN_POINT('',(-0.109956271527018,0.00330199218648301,0.00704985466911392));
#3413=CARTESIAN_POINT('',(-0.110365154517847,0.00326461422678311,0.00701182548026299));
#3414=CARTESIAN_POINT('',(-0.110980409382923,0.00321213770670606,0.00697039085285133));
#3415=CARTESIAN_POINT('',(-0.111185815989418,0.00319524335229767,0.00695917952793418));
#3416=CARTESIAN_POINT('',(-0.111597074882016,0.00316267467347263,0.00694198803978646));
#3417=CARTESIAN_POINT('',(-0.111802963656435,0.00314698183917779,0.00692867907328407));
#3418=CARTESIAN_POINT('',(-0.112008904620738,0.0031319457873766,0.00693265361668026));
#3419=CARTESIAN_POINT('',(-0.102978785736999,0.00470306251979747,0.00923689486404448));
#3420=CARTESIAN_POINT('',(-0.103346504873411,0.00464219667098068,0.00908085556173297));
#3421=CARTESIAN_POINT('',(-0.10371487298345,0.00458334413201871,0.00892881828798097));
#3422=CARTESIAN_POINT('',(-0.104459644074621,0.00446860478451176,0.00864955588914873));
#3423=CARTESIAN_POINT('',(-0.104834890832949,0.00441293127917003,0.00851949446718246));
#3424=CARTESIAN_POINT('',(-0.105969007864189,0.00425130469531979,0.00815787839801872));
#3425=CARTESIAN_POINT('',(-0.106736253497072,0.00415074669948605,0.00795482673742531));
#3426=CARTESIAN_POINT('',(-0.108292332054188,0.00396555389667495,0.00762552059267354));
#3427=CARTESIAN_POINT('',(-0.109084032979925,0.00388062233872271,0.00749885551208715));
#3428=CARTESIAN_POINT('',(-0.110283107365556,0.00376675255766431,0.00736929991698086));
#3429=CARTESIAN_POINT('',(-0.110684709809356,0.00373104286527691,0.0073361693991062));
#3430=CARTESIAN_POINT('',(-0.11128881771496,0.00368102514423461,0.00730181050578326));
#3431=CARTESIAN_POINT('',(-0.111490471013174,0.00366494312771144,0.00729291242332906));
#3432=CARTESIAN_POINT('',(-0.111894153262115,0.00363398252036983,0.00728025355313596));
#3433=CARTESIAN_POINT('',(-0.112096198734639,0.00361907105829334,0.00727286540049469));
#3434=CARTESIAN_POINT('',(-0.112298304044263,0.00360483579570709,0.007275309548577));
#3435=CARTESIAN_POINT('',(-0.103276329630101,0.00512872484280121,0.00909256338189049));
#3436=CARTESIAN_POINT('',(-0.103643897315869,0.0050687757760714,0.0089379887066309));
#3437=CARTESIAN_POINT('',(-0.104014292750053,0.00501055120590755,0.00879311804202587));
#3438=CARTESIAN_POINT('',(-0.104760501999912,0.00489748277441363,0.00852258811397656));
#3439=CARTESIAN_POINT('',(-0.10513632254555,0.00484268511150346,0.00839692411305958));
#3440=CARTESIAN_POINT('',(-0.106271731012671,0.00468379247548697,0.00804857312633507));
#3441=CARTESIAN_POINT('',(-0.107039264244517,0.00458519899481517,0.00785446144794097));
#3442=CARTESIAN_POINT('',(-0.10859480592863,0.00440414170659073,0.00754313254991655));
#3443=CARTESIAN_POINT('',(-0.10938567875239,0.00432138910039416,0.00742553726007586));
#3444=CARTESIAN_POINT('',(-0.110582709719233,0.00421087338961158,0.00730955333467408));
#3445=CARTESIAN_POINT('',(-0.110983498022345,0.00417629590799837,0.00728094133452431));
#3446=CARTESIAN_POINT('',(-0.111586194407628,0.00412798733232109,0.00725333498987418));
#3447=CARTESIAN_POINT('',(-0.11178734550878,0.00411247683620847,0.00724668357282541));
#3448=CARTESIAN_POINT('',(-0.112189961817695,0.00408266116242881,0.00723850708493638));
#3449=CARTESIAN_POINT('',(-0.112391427158229,0.00406835857658962,0.00723698178595865));
#3450=CARTESIAN_POINT('',(-0.112592955344985,0.00405466136720267,0.00723802785736199));
#3451=CARTESIAN_POINT('',(-0.104268619981396,0.00654828217809744,0.00861122687843849));
#3452=CARTESIAN_POINT('',(-0.104635682588695,0.00649139052252695,0.00846153664317432));
#3453=CARTESIAN_POINT('',(-0.105012839022634,0.00643526018919246,0.00834056617370988));
#3454=CARTESIAN_POINT('',(-0.105763844442143,0.0063277641585308,0.00809915849182905));
#3455=CARTESIAN_POINT('',(-0.106141578532722,0.00627588737557895,0.0079881596162228));
#3456=CARTESIAN_POINT('',(-0.107281293858071,0.006126112285307,0.00768404685323169));
#3457=CARTESIAN_POINT('',(-0.108049786214547,0.00603407034034259,0.00751974945865511));
#3458=CARTESIAN_POINT('',(-0.109603537460633,0.00586680473568855,0.00726837355877283));
#3459=CARTESIAN_POINT('',(-0.110391648615877,0.00579131879788348,0.00718102545616689));
#3460=CARTESIAN_POINT('',(-0.111581864908333,0.00569198870256607,0.00711030220393277));
#3461=CARTESIAN_POINT('',(-0.111979938102959,0.00566118707336626,0.00709675917896449));
#3462=CARTESIAN_POINT('',(-0.112577927155888,0.00561857839102903,0.0070916721635629));
#3463=CARTESIAN_POINT('',(-0.112777403461117,0.00560497387988909,0.00709251323571009));
#3464=CARTESIAN_POINT('',(-0.113176464926435,0.00557897648822758,0.00709928521362476));
#3465=CARTESIAN_POINT('',(-0.113375995562914,0.00556670446671656,0.0071173121664534));
#3466=CARTESIAN_POINT('',(-0.113575599080852,0.00555480163123719,0.00711369573921007));
#3467=CARTESIAN_POINT('',(-0.103648605009482,0.00663294153043508,0.00685617130385749));
#3468=CARTESIAN_POINT('',(-0.104043931329947,0.00657193514007909,0.00669537254702017));
#3469=CARTESIAN_POINT('',(-0.104450155155405,0.00651125225331075,0.00656564265020403));
#3470=CARTESIAN_POINT('',(-0.105259150627796,0.00639557243673744,0.00630655490103936));
#3471=CARTESIAN_POINT('',(-0.105666098458719,0.00633976420392305,0.00618744330644929));
#3472=CARTESIAN_POINT('',(-0.106894105537199,0.00617867300809431,0.00586117325256702));
#3473=CARTESIAN_POINT('',(-0.107722327914685,0.00607972334619558,0.00568500668334781));
#3474=CARTESIAN_POINT('',(-0.109397237487179,0.00589992839956917,0.00541582468480881));
#3475=CARTESIAN_POINT('',(-0.110247000318609,0.00581880138066548,0.00532252230282954));
#3476=CARTESIAN_POINT('',(-0.111530580199058,0.00571204527709042,0.00524757568304879));
#3477=CARTESIAN_POINT('',(-0.111959921110691,0.00567894062799913,0.00523340808154396));
#3478=CARTESIAN_POINT('',(-0.112604934552649,0.00563314541270434,0.0052285803573089));
#3479=CARTESIAN_POINT('',(-0.112820106097746,0.00561852336692365,0.00522970711438194));
#3480=CARTESIAN_POINT('',(-0.11325058263523,0.00559058149267213,0.00523745126868249));
#3481=CARTESIAN_POINT('',(-0.113465807635992,0.00557714626634694,0.00525816085715663));
#3482=CARTESIAN_POINT('',(-0.113681160629307,0.00556459858521975,0.00525343591316861));
#3483=CARTESIAN_POINT('',(-0.102533735460141,0.00511357732427901,0.007237112042602));
#3484=CARTESIAN_POINT('',(-0.102931679809336,0.00504880470276477,0.00706996832597721));
#3485=CARTESIAN_POINT('',(-0.103333018791454,0.00498567635247076,0.00691409657170901));
#3486=CARTESIAN_POINT('',(-0.104141367841696,0.00486337015097409,0.00662232921741521));
#3487=CARTESIAN_POINT('',(-0.104548530322437,0.00480411642825364,0.00648682257816039));
#3488=CARTESIAN_POINT('',(-0.105778773166656,0.00463234444551988,0.00611127592221082));
#3489=CARTESIAN_POINT('',(-0.106610609034058,0.00452581510658248,0.00590213768926912));
#3490=CARTESIAN_POINT('',(-0.108296864279607,0.00433022058929757,0.00556712489901101));
#3491=CARTESIAN_POINT('',(-0.109154389676216,0.00424084365577637,0.00544084543701776));
#3492=CARTESIAN_POINT('',(-0.110452554743492,0.00412148618931612,0.00531691764645709));
#3493=CARTESIAN_POINT('',(-0.110887245569854,0.00408414362501715,0.00528650314779823));
#3494=CARTESIAN_POINT('',(-0.111540975669094,0.00403197355449102,0.00525748852770256));
#3495=CARTESIAN_POINT('',(-0.111759167962062,0.0040152235565863,0.00525058347949454));
#3496=CARTESIAN_POINT('',(-0.112195908542054,0.00398302603669821,0.00524233443826648));
#3497=CARTESIAN_POINT('',(-0.112414453575005,0.00396757134086238,0.00524152172256347));
#3498=CARTESIAN_POINT('',(-0.112633080168005,0.00395279093735578,0.00524243580607871));
#3499=CARTESIAN_POINT('',(-0.102883795542813,0.0050915070302549,0.00817357925539743));
#3500=CARTESIAN_POINT('',(-0.095500213385543,0.00567256992491493,0.010714576672635));
#3501=CARTESIAN_POINT('',(-0.0960781031299565,0.00554648523723262,0.0105503843615037));
#3502=CARTESIAN_POINT('',(-0.0966486491026318,0.00540637865811593,0.0103794819610693));
#3503=CARTESIAN_POINT('',(-0.0977889568665312,0.00515709989843761,0.0100203193983961));
#3504=CARTESIAN_POINT('',(-0.0983566079396075,0.00503798268666981,0.00983266490537771));
#3505=CARTESIAN_POINT('',(-0.0994881284667516,0.00481020698531456,0.0094407144709314));
#3506=CARTESIAN_POINT('',(-0.100051999105919,0.00470154853656908,0.00923641813926557));
#3507=CARTESIAN_POINT('',(-0.101177139587844,0.00449421137036174,0.00881049937625042));
#3508=CARTESIAN_POINT('',(-0.101741505203947,0.00439502587276645,0.00859643027184836));
#3509=CARTESIAN_POINT('',(-0.102298930671192,0.00430165673314312,0.00835815875072695));
#3510=CARTESIAN_POINT('',(-0.0956689483429648,0.00566556427864567,0.0114118580717881));
#3511=CARTESIAN_POINT('',(-0.0962532916576871,0.00553847723700698,0.0112460780903547));
#3512=CARTESIAN_POINT('',(-0.0968300310630349,0.00539615519042436,0.0110735738248734));
#3513=CARTESIAN_POINT('',(-0.0979830141804188,0.00514382543418126,0.0107109227561758));
#3514=CARTESIAN_POINT('',(-0.0985570131229793,0.00502323761923549,0.010521423588048));
#3515=CARTESIAN_POINT('',(-0.0997012552493327,0.00479262826233149,0.010125576603432));
#3516=CARTESIAN_POINT('',(-0.100271499611553,0.00468260663157079,0.00991922840088866));
#3517=CARTESIAN_POINT('',(-0.101409419081843,0.00447264839282108,0.00948899064058852));
#3518=CARTESIAN_POINT('',(-0.101980405738614,0.00437219392279969,0.00927317170672344));
#3519=CARTESIAN_POINT('',(-0.102544039251987,0.00427763000251624,0.00903200325384094));
#3520=CARTESIAN_POINT('',(-0.0961069381784315,0.00607829020320969,0.0116457524409259));
#3521=CARTESIAN_POINT('',(-0.0966901278021935,0.00594738388673564,0.011477832298057));
#3522=CARTESIAN_POINT('',(-0.0972679400132797,0.00581172945423246,0.011302541642581));
#3523=CARTESIAN_POINT('',(-0.0984208281522027,0.00556219593137134,0.0109349261761998));
#3524=CARTESIAN_POINT('',(-0.0989947752089301,0.00544298925259784,0.0107429308701711));
#3525=CARTESIAN_POINT('',(-0.100138906172965,0.0052151111185017,0.0103420539900684));
#3526=CARTESIAN_POINT('',(-0.100709091274568,0.00510643951573439,0.010133172113777));
#3527=CARTESIAN_POINT('',(-0.101846886096271,0.00489915265106012,0.00969781932279959));
#3528=CARTESIAN_POINT('',(-0.10241618311453,0.00480029916279974,0.00947544906672164));
#3529=CARTESIAN_POINT('',(-0.102981372924472,0.00470676371567324,0.00923563988079221));
#3530=CARTESIAN_POINT('',(-0.0964407850074034,0.00647605043457755,0.0115198372763577));
#3531=CARTESIAN_POINT('',(-0.0970196423899324,0.00634200647326982,0.0113506728783597));
#3532=CARTESIAN_POINT('',(-0.0975953734048336,0.00621382265467421,0.0111735184253699));
#3533=CARTESIAN_POINT('',(-0.0987418204403213,0.00596848874794926,0.0108029085391547));
#3534=CARTESIAN_POINT('',(-0.0993125376389577,0.00585133815429859,0.0106094530197923));
#3535=CARTESIAN_POINT('',(-0.100450188870968,0.00562748864767063,0.0102057235849467));
#3536=CARTESIAN_POINT('',(-0.101017124117136,0.00552078959618367,0.00999544944523504));
#3537=CARTESIAN_POINT('',(-0.102148397572174,0.00531736768485525,0.00955737442219518));
#3538=CARTESIAN_POINT('',(-0.102712737008817,0.00522064492438099,0.0093295731893003));
#3539=CARTESIAN_POINT('',(-0.103276329630101,0.0051287248428012,0.00909256338189049));
#3540=CARTESIAN_POINT('',(-0.097533203669529,0.00777760750233781,0.0111078157632508));
#3541=CARTESIAN_POINT('',(-0.0980978850265246,0.00763329649197053,0.0109345798947294));
#3542=CARTESIAN_POINT('',(-0.0986668059196731,0.00752955812961994,0.0107513266952193));
#3543=CARTESIAN_POINT('',(-0.0997921762787133,0.0072979662705731,0.0103709184229628));
#3544=CARTESIAN_POINT('',(-0.100352324686669,0.00718754362987624,0.0101726847713615));
#3545=CARTESIAN_POINT('',(-0.101468772841173,0.00697687665921106,0.00975962116357933));
#3546=CARTESIAN_POINT('',(-0.102025073861051,0.00687663221997035,0.00954479123836723));
#3547=CARTESIAN_POINT('',(-0.103135008001083,0.00668585726765679,0.00909780848624439));
#3548=CARTESIAN_POINT('',(-0.103683125163894,0.00659610670699236,0.0088522359285577));
#3549=CARTESIAN_POINT('',(-0.104241491440206,0.00650947244907854,0.00862438629003913));
#3550=CARTESIAN_POINT('',(-0.0971526371513725,0.00785219572555964,0.0093201443291636));
#3551=CARTESIAN_POINT('',(-0.0977002973263844,0.00770991562547379,0.00915072442811374));
#3552=CARTESIAN_POINT('',(-0.0982532255588312,0.00761293196208259,0.00897130635601575));
#3553=CARTESIAN_POINT('',(-0.0993455061708403,0.0073896832682101,0.00859932419011089));
#3554=CARTESIAN_POINT('',(-0.0998890825071421,0.00728328664276478,0.00840556374509259));
#3555=CARTESIAN_POINT('',(-0.100972318026832,0.00708038680893608,0.00800198211385809));
#3556=CARTESIAN_POINT('',(-0.101511978503125,0.00698388382159177,0.00779216095913315));
#3557=CARTESIAN_POINT('',(-0.102588548409397,0.00680031309818545,0.00735575095976134));
#3558=CARTESIAN_POINT('',(-0.103119355768979,0.00671435043723234,0.0071142234807104));
#3559=CARTESIAN_POINT('',(-0.103661535695109,0.00663071625886972,0.00689374631986851));
#3560=CARTESIAN_POINT('',(-0.0959175382421942,0.00643358525377969,0.00959234306302057));
#3561=CARTESIAN_POINT('',(-0.0964790445431133,0.00630281481835913,0.00942779803978833));
#3562=CARTESIAN_POINT('',(-0.0970378105339651,0.00617966741020465,0.00925541554036797));
#3563=CARTESIAN_POINT('',(-0.0981498666105073,0.00594219838373238,0.00889501412559999));
#3564=CARTESIAN_POINT('',(-0.098703361318124,0.00582883375618062,0.00870693749719278));
#3565=CARTESIAN_POINT('',(-0.0998064984757691,0.00561226887846797,0.00831453385748023));
#3566=CARTESIAN_POINT('',(-0.100356142154339,0.00550906885043086,0.00811020659810432));
#3567=CARTESIAN_POINT('',(-0.101452747770788,0.00531236346257178,0.00768461671355492));
#3568=CARTESIAN_POINT('',(-0.101999417449675,0.00521891193084158,0.00746263529471936));
#3569=CARTESIAN_POINT('',(-0.102545877301385,0.00513001637127833,0.00723319194542143));
#3570=CARTESIAN_POINT('',(-0.0961486020621848,0.00641907565447202,0.0105651734606847));
#3571=CARTESIAN_POINT('',(-0.0850734487175942,0.00484295233721114,0.0115));
#3572=CARTESIAN_POINT('',(-0.0853992008207844,0.00502528459778564,0.0115));
#3573=CARTESIAN_POINT('',(-0.0857315313019428,0.00519584815625624,0.0115));
#3574=CARTESIAN_POINT('',(-0.0862386067444014,0.00543338073432342,0.0115));
#3575=CARTESIAN_POINT('',(-0.0864090611886056,0.00550950699277443,0.0115));
#3576=CARTESIAN_POINT('',(-0.086752607970096,0.00565555832404676,0.0115));
#3577=CARTESIAN_POINT('',(-0.0869257013362461,0.00572548057543403,0.0115));
#3578=CARTESIAN_POINT('',(-0.0872937700618965,0.00586650515540235,0.0115));
#3579=CARTESIAN_POINT('',(-0.0874875425210162,0.00594074140862131,0.0115));
#3580=CARTESIAN_POINT('',(-0.0877378268963623,0.006036632593355,0.0115));
#3581=CARTESIAN_POINT('',(-0.0877943400112012,0.00605828440253152,0.0115));
#3582=CARTESIAN_POINT('',(-0.08785085312604,0.00607993621170804,0.0115));
#3583=CARTESIAN_POINT('',(-0.0850734487175941,0.00284295233721114,0.0115));
#3584=CARTESIAN_POINT('',(-0.0853510661262971,0.00302528459778572,0.0115));
#3585=CARTESIAN_POINT('',(-0.0856352629124204,0.00319758659675575,0.0115));
#3586=CARTESIAN_POINT('',(-0.0860703257596522,0.00344032761763991,0.0115));
#3587=CARTESIAN_POINT('',(-0.0862168073497957,0.00351862334936129,0.0115));
#3588=CARTESIAN_POINT('',(-0.0865125021566306,0.00366987747897433,0.0115));
#3589=CARTESIAN_POINT('',(-0.0866498080357237,0.00374456509404885,0.0115));
#3590=CARTESIAN_POINT('',(-0.0869927294629412,0.0038892456242985,0.0115));
#3591=CARTESIAN_POINT('',(-0.0871997407365385,0.00396155719969797,0.0115));
#3592=CARTESIAN_POINT('',(-0.0874500251118846,0.00405744838443166,0.0115));
#3593=CARTESIAN_POINT('',(-0.0875065382267235,0.00407910019360819,0.0115));
#3594=CARTESIAN_POINT('',(-0.0875630513415623,0.0041007520027847,0.0115));
#3595=CARTESIAN_POINT('',(-0.0850734487175941,0.00284295233721114,0.0135));
#3596=CARTESIAN_POINT('',(-0.0853510661262971,0.00302528459778572,0.0135));
#3597=CARTESIAN_POINT('',(-0.0856352629124204,0.00319758659675575,0.0135));
#3598=CARTESIAN_POINT('',(-0.0860703257596522,0.00344032761763991,0.0135));
#3599=CARTESIAN_POINT('',(-0.0862168073497957,0.00351862334936129,0.0135));
#3600=CARTESIAN_POINT('',(-0.0865125021566306,0.00366987747897433,0.0135));
#3601=CARTESIAN_POINT('',(-0.0866498080357237,0.00374456509404885,0.0135));
#3602=CARTESIAN_POINT('',(-0.0869927294629412,0.0038892456242985,0.0135));
#3603=CARTESIAN_POINT('',(-0.0871997407365385,0.00396155719969797,0.0135));
#3604=CARTESIAN_POINT('',(-0.0874500251118846,0.00405744838443166,0.0135));
#3605=CARTESIAN_POINT('',(-0.0875065382267235,0.00407910019360819,0.0135));
#3606=CARTESIAN_POINT('',(-0.0875630513415623,0.0041007520027847,0.0135));
#3607=CARTESIAN_POINT('',(-0.0850734487175942,0.00484295233721114,0.0135));
#3608=CARTESIAN_POINT('',(-0.0853992008207844,0.00502528459778564,0.0135));
#3609=CARTESIAN_POINT('',(-0.0857315313019428,0.00519584815625624,0.0135));
#3610=CARTESIAN_POINT('',(-0.0862386067444014,0.00543338073432342,0.0135));
#3611=CARTESIAN_POINT('',(-0.0864090611886056,0.00550950699277443,0.0135));
#3612=CARTESIAN_POINT('',(-0.086752607970096,0.00565555832404676,0.0135));
#3613=CARTESIAN_POINT('',(-0.0869257013362461,0.00572548057543403,0.0135));
#3614=CARTESIAN_POINT('',(-0.0872937700618965,0.00586650515540235,0.0135));
#3615=CARTESIAN_POINT('',(-0.0874875425210162,0.00594074140862131,0.0135));
#3616=CARTESIAN_POINT('',(-0.0877378268963623,0.006036632593355,0.0135));
#3617=CARTESIAN_POINT('',(-0.0877943400112012,0.00605828440253152,0.0135));
#3618=CARTESIAN_POINT('',(-0.08785085312604,0.00607993621170804,0.0135));
#3619=CARTESIAN_POINT('',(-0.0850734487175941,0.00684295233721114,0.0135));
#3620=CARTESIAN_POINT('',(-0.0854473355152717,0.00702528459778557,0.0135));
#3621=CARTESIAN_POINT('',(-0.0858277996914652,0.00719410971575673,0.0135));
#3622=CARTESIAN_POINT('',(-0.0864068877291505,0.00742643385100693,0.0135));
#3623=CARTESIAN_POINT('',(-0.0866013150274153,0.00750039063618757,0.0135));
#3624=CARTESIAN_POINT('',(-0.0869927137835614,0.00764123916911918,0.0135));
#3625=CARTESIAN_POINT('',(-0.0872015946367684,0.00770639605681921,0.0135));
#3626=CARTESIAN_POINT('',(-0.0875948106608516,0.0078437646865062,0.0135));
#3627=CARTESIAN_POINT('',(-0.0877753443054938,0.00791992561754464,0.0135));
#3628=CARTESIAN_POINT('',(-0.0880256286808399,0.00801581680227833,0.0135));
#3629=CARTESIAN_POINT('',(-0.0880821417956788,0.00803746861145486,0.0135));
#3630=CARTESIAN_POINT('',(-0.0881386549105177,0.00805912042063137,0.0135));
#3631=CARTESIAN_POINT('',(-0.0850734487175941,0.00684295233721114,0.0115));
#3632=CARTESIAN_POINT('',(-0.0854473355152717,0.00702528459778557,0.0115));
#3633=CARTESIAN_POINT('',(-0.0858277996914652,0.00719410971575673,0.0115));
#3634=CARTESIAN_POINT('',(-0.0864068877291505,0.00742643385100693,0.0115));
#3635=CARTESIAN_POINT('',(-0.0866013150274153,0.00750039063618757,0.0115));
#3636=CARTESIAN_POINT('',(-0.0869927137835614,0.00764123916911918,0.0115));
#3637=CARTESIAN_POINT('',(-0.0872015946367684,0.00770639605681921,0.0115));
#3638=CARTESIAN_POINT('',(-0.0875948106608516,0.0078437646865062,0.0115));
#3639=CARTESIAN_POINT('',(-0.0877753443054938,0.00791992561754464,0.0115));
#3640=CARTESIAN_POINT('',(-0.0880256286808399,0.00801581680227833,0.0115));
#3641=CARTESIAN_POINT('',(-0.0880821417956788,0.00803746861145486,0.0115));
#3642=CARTESIAN_POINT('',(-0.0881386549105177,0.00805912042063137,0.0115));
#3643=CARTESIAN_POINT('',(-0.0850734487175942,0.00484295233721114,0.0115));
#3644=CARTESIAN_POINT('',(-0.0853992008207844,0.00502528459778564,0.0115));
#3645=CARTESIAN_POINT('',(-0.0857315313019428,0.00519584815625624,0.0115));
#3646=CARTESIAN_POINT('',(-0.0862386067444014,0.00543338073432342,0.0115));
#3647=CARTESIAN_POINT('',(-0.0864090611886056,0.00550950699277443,0.0115));
#3648=CARTESIAN_POINT('',(-0.086752607970096,0.00565555832404676,0.0115));
#3649=CARTESIAN_POINT('',(-0.0869257013362461,0.00572548057543403,0.0115));
#3650=CARTESIAN_POINT('',(-0.0872937700618965,0.00586650515540235,0.0115));
#3651=CARTESIAN_POINT('',(-0.0874875425210162,0.00594074140862131,0.0115));
#3652=CARTESIAN_POINT('',(-0.0877378268963623,0.006036632593355,0.0115));
#3653=CARTESIAN_POINT('',(-0.0877943400112012,0.00605828440253152,0.0115));
#3654=CARTESIAN_POINT('',(-0.08785085312604,0.00607993621170804,0.0115));
#3655=CARTESIAN_POINT('',(-0.0870734487175941,0.00484899598525011,0.0125));
#3656=CARTESIAN_POINT('',(-0.0868736801508802,0.00477135549810198,0.0125));
#3657=CARTESIAN_POINT('',(-0.0864912038414911,0.00459921903230165,0.0124428190845342));
#3658=CARTESIAN_POINT('',(-0.0860334916505487,0.00439953570758747,0.0122302845092513));
#3659=CARTESIAN_POINT('',(-0.0856985228183442,0.00433812901639679,0.0119656491832531));
#3660=CARTESIAN_POINT('',(-0.0854086531234119,0.00443945705138136,0.0116378585920909));
#3661=CARTESIAN_POINT('',(-0.0853413978137735,0.00477383122036422,0.0114999998332869));
#3662=CARTESIAN_POINT('',(-0.0853413979100255,0.00498948528882405,0.0115000000000003));
#3663=CARTESIAN_POINT('',(-0.0850734487175942,0.00484295233721116,0.0115));
#3664=CARTESIAN_POINT('',(-0.0851622842392352,0.00489267598080961,0.0115));
#3665=CARTESIAN_POINT('',(-0.0852516006367123,0.00494152029801392,0.0115));
#3666=CARTESIAN_POINT('',(-0.0853413979100256,0.00498948528882406,0.0115000000000003));
#3667=CARTESIAN_POINT('',(-0.0850734487175942,0.00484295233721114,0.0115));
#3668=CARTESIAN_POINT('',(-0.0850734487175942,0.00484295233721114,0.0125));
#3669=CARTESIAN_POINT('',(-0.0870401920011504,0.00576920577420685,0.0115000000002335));
#3670=CARTESIAN_POINT('',(-0.0869054077256843,0.00612100451655533,0.0115000000002335));
#3671=CARTESIAN_POINT('',(-0.0867583766646304,0.00658393536473916,0.0119418759535027));
#3672=CARTESIAN_POINT('',(-0.0867878991383081,0.00664373035039358,0.0127057208794793));
#3673=CARTESIAN_POINT('',(-0.0869030227202105,0.00643716285489052,0.0132299148658212));
#3674=CARTESIAN_POINT('',(-0.0870989553356712,0.00598343639299154,0.013551830873055));
#3675=CARTESIAN_POINT('',(-0.0873050755488227,0.00542860220684857,0.0134578237509929));
#3676=CARTESIAN_POINT('',(-0.0874180569133851,0.00505505350784301,0.0130187914807527));
#3677=CARTESIAN_POINT('',(-0.0874227878601436,0.00497516123347377,0.0126417892870707));
#3678=CARTESIAN_POINT('',(-0.0874091709658829,0.00497752954010752,0.012456631925957));
#3679=CARTESIAN_POINT('',(-0.0864317686011636,0.0046059899698538,0.0125382926512649));
#3680=CARTESIAN_POINT('',(-0.0866052679294681,0.00467192935108774,0.0125142690375611));
#3681=CARTESIAN_POINT('',(-0.0867823901608627,0.00473734617690141,0.0124893635168429));
#3682=CARTESIAN_POINT('',(-0.0871248739159198,0.00487487850431325,0.0124434167739749));
#3683=CARTESIAN_POINT('',(-0.0872897249612519,0.00494405764469289,0.0124219147103871));
#3684=CARTESIAN_POINT('',(-0.0876341116995911,0.00507410503292586,0.0123740530954485));
#3685=CARTESIAN_POINT('',(-0.0878074956761851,0.00513586560059686,0.0123491919811972));
#3686=CARTESIAN_POINT('',(-0.0883307812990397,0.00531122280002499,0.0122717754177843));
#3687=CARTESIAN_POINT('',(-0.0886838200314371,0.00541488646779024,0.0122163809264299));
#3688=CARTESIAN_POINT('',(-0.0897518010891807,0.00568534371018667,0.0120387127932781));
#3689=CARTESIAN_POINT('',(-0.0904755671858509,0.00581145212082666,0.0119048676430922));
#3690=CARTESIAN_POINT('',(-0.0919267417987162,0.0059543914983948,0.0116078366183927));
#3691=CARTESIAN_POINT('',(-0.0926479426160766,0.00597108106625907,0.0114460394882763));
#3692=CARTESIAN_POINT('',(-0.0937224957622197,0.00591797850156048,0.011183861354603));
#3693=CARTESIAN_POINT('',(-0.0940794897812769,0.00588720254619201,0.011093218367641));
#3694=CARTESIAN_POINT('',(-0.0947910036676861,0.00579956615827459,0.0109055098689473));
#3695=CARTESIAN_POINT('',(-0.0951468567822174,0.00574913802320788,0.0108080267627651));
#3696=CARTESIAN_POINT('',(-0.0954986918806571,0.00567264957560978,0.0107082289210521));
#3697=CARTESIAN_POINT('',(-0.0865076482873238,0.00457045600595651,0.0132546415314852));
#3698=CARTESIAN_POINT('',(-0.0866810323069338,0.00463631712500747,0.0132306262555707));
#3699=CARTESIAN_POINT('',(-0.0868576260723095,0.00470137527097972,0.0132057589473943));
#3700=CARTESIAN_POINT('',(-0.0872014758266749,0.00483983472785272,0.0131597134312771));
#3701=CARTESIAN_POINT('',(-0.0873684851646523,0.00491043783698192,0.0131380472533733));
#3702=CARTESIAN_POINT('',(-0.0877158905416379,0.00504236087885598,0.0130899328408722));
#3703=CARTESIAN_POINT('',(-0.0878908360446327,0.00510504909968831,0.0130649323537182));
#3704=CARTESIAN_POINT('',(-0.0884189529725934,0.00528314102158172,0.0129870565289628));
#3705=CARTESIAN_POINT('',(-0.088775408888751,0.00538856295890918,0.01293130075879));
#3706=CARTESIAN_POINT('',(-0.0898541238534554,0.00566397523901655,0.0127523740369263));
#3707=CARTESIAN_POINT('',(-0.0905856932926317,0.0057929478641902,0.0126174528465345));
#3708=CARTESIAN_POINT('',(-0.0920530096286936,0.00594032735067573,0.0123178411774861));
#3709=CARTESIAN_POINT('',(-0.092782470027743,0.00595857929106939,0.012154553536531));
#3710=CARTESIAN_POINT('',(-0.0938692508362646,0.00590686760517025,0.0118899301154937));
#3711=CARTESIAN_POINT('',(-0.0942302946985553,0.00587639853424692,0.0117984374716176));
#3712=CARTESIAN_POINT('',(-0.0949497924330808,0.00578908990576629,0.0116089792787179));
#3713=CARTESIAN_POINT('',(-0.0953096662606741,0.00573910180037836,0.0115105681796073));
#3714=CARTESIAN_POINT('',(-0.0956652621104375,0.00566209235670675,0.0114098834018134));
#3715=CARTESIAN_POINT('',(-0.0866265487479115,0.00510909456812826,0.0135966122565398));
#3716=CARTESIAN_POINT('',(-0.0867993129554117,0.00517500249913648,0.0135727390034715));
#3717=CARTESIAN_POINT('',(-0.0869730660881754,0.00524027518685502,0.0135485225937237));
#3718=CARTESIAN_POINT('',(-0.0873242584190641,0.00537818008796362,0.0135007946102925));
#3719=CARTESIAN_POINT('',(-0.0875025656601632,0.00544779526137684,0.0134764886993764));
#3720=CARTESIAN_POINT('',(-0.087864989884316,0.00557804095212498,0.0134247304488613));
#3721=CARTESIAN_POINT('',(-0.0880474258726952,0.00563975528337485,0.0133978621954491));
#3722=CARTESIAN_POINT('',(-0.0885979319614896,0.00581451921077744,0.0133142549873355));
#3723=CARTESIAN_POINT('',(-0.0889692041992535,0.00591717996002849,0.0132545072556092));
#3724=CARTESIAN_POINT('',(-0.0900918317041519,0.00618270215711273,0.0130631778472554));
#3725=CARTESIAN_POINT('',(-0.090851952284569,0.00630292929238263,0.0129194179427523));
#3726=CARTESIAN_POINT('',(-0.0923739240109849,0.00642889640578612,0.0126015171632141));
#3727=CARTESIAN_POINT('',(-0.0931292631562977,0.00643459317524252,0.0124288622531823));
#3728=CARTESIAN_POINT('',(-0.0942526671867268,0.00636156134739814,0.0121500840664982));
#3729=CARTESIAN_POINT('',(-0.0946255537628574,0.00632356946364107,0.0120538551152385));
#3730=CARTESIAN_POINT('',(-0.095368005974361,0.00622041348250439,0.011854920626871));
#3731=CARTESIAN_POINT('',(-0.0957382844794537,0.00615867753353525,0.0117519901702027));
#3732=CARTESIAN_POINT('',(-0.0961053317329965,0.0060763762113654,0.0116463583350778));
#3733=CARTESIAN_POINT('',(-0.0867017103533268,0.00563966722018099,0.0135631552710086));
#3734=CARTESIAN_POINT('',(-0.0868739423092153,0.00570565893588439,0.0135394130401034));
#3735=CARTESIAN_POINT('',(-0.0870452561038922,0.00577131561341818,0.0135157971120559));
#3736=CARTESIAN_POINT('',(-0.0874027537297676,0.00590822796287098,0.0134665169804108));
#3737=CARTESIAN_POINT('',(-0.0875907345347639,0.00597618902953735,0.0134397803844426));
#3738=CARTESIAN_POINT('',(-0.0879659433630591,0.00610389795112903,0.0133846800207133));
#3739=CARTESIAN_POINT('',(-0.0881547274612494,0.0061642202774503,0.0133561035677772));
#3740=CARTESIAN_POINT('',(-0.0887241260050402,0.00633444555663216,0.0132672704479275));
#3741=CARTESIAN_POINT('',(-0.0891077903174817,0.00643359659012571,0.0132039035675946));
#3742=CARTESIAN_POINT('',(-0.0902668416549859,0.00668722054583363,0.0130013979910651));
#3743=CARTESIAN_POINT('',(-0.0910502312280919,0.0067976868753012,0.0128497632079441));
#3744=CARTESIAN_POINT('',(-0.0926161434495954,0.00690104499718182,0.0125157451479064));
#3745=CARTESIAN_POINT('',(-0.0933919789170602,0.00689400670350903,0.0123349199073038));
#3746=CARTESIAN_POINT('',(-0.0945441190083432,0.00679998181789128,0.0120438923540992));
#3747=CARTESIAN_POINT('',(-0.0949262498311128,0.00675467468870944,0.0119435804160837));
#3748=CARTESIAN_POINT('',(-0.0956865527497516,0.00663626833596339,0.0117365016986222));
#3749=CARTESIAN_POINT('',(-0.096064722506934,0.00656313390070176,0.0116297372075352));
#3750=CARTESIAN_POINT('',(-0.0964407850074034,0.00647605043457757,0.0115198372763577));
#3751=CARTESIAN_POINT('',(-0.0869816870132919,0.00761604808870905,0.0134385281424394));
#3752=CARTESIAN_POINT('',(-0.0871519363341944,0.00768235190204505,0.0134152739685337));
#3753=CARTESIAN_POINT('',(-0.0873141636048904,0.00774943894000476,0.0133938948322616));
#3754=CARTESIAN_POINT('',(-0.087695148427729,0.00788265403876823,0.0133388329551323));
#3755=CARTESIAN_POINT('',(-0.0879191632170305,0.00794445356484948,0.0133030420677003));
#3756=CARTESIAN_POINT('',(-0.0883419946412906,0.00806271303214058,0.0132354923464866));
#3757=CARTESIAN_POINT('',(-0.0885544254214828,0.00811785014603311,0.0132005528576016));
#3758=CARTESIAN_POINT('',(-0.089194198279649,0.00827116897992848,0.0130922532387982));
#3759=CARTESIAN_POINT('',(-0.089624023017471,0.0083572463371776,0.0130154050453245));
#3760=CARTESIAN_POINT('',(-0.0909187529762576,0.00856654939444813,0.0127712682899535));
#3761=CARTESIAN_POINT('',(-0.0917888194479982,0.00864065676388542,0.0125902996175297));
#3762=CARTESIAN_POINT('',(-0.0935184098265059,0.00865979648866313,0.0121962447562946));
#3763=CARTESIAN_POINT('',(-0.0943705940066674,0.00860532013908856,0.0119849850691235));
#3764=CARTESIAN_POINT('',(-0.0956297758022087,0.00843309620270056,0.0116483286778156));
#3765=CARTESIAN_POINT('',(-0.0960463414043257,0.00836053981547616,0.0115328076315289));
#3766=CARTESIAN_POINT('',(-0.0968731381309948,0.00818532589345549,0.0112953916953887));
#3767=CARTESIAN_POINT('',(-0.0972807027685925,0.00806973214531463,0.0111743454424259));
#3768=CARTESIAN_POINT('',(-0.0976903470254564,0.00796483521333364,0.0110485468716356));
#3769=CARTESIAN_POINT('',(-0.0867433370012501,0.00752472780603772,0.0114548825362082));
#3770=CARTESIAN_POINT('',(-0.086914098470924,0.00759121959370734,0.0114315581376288));
#3771=CARTESIAN_POINT('',(-0.0870786729472963,0.00765916812826247,0.0114098571578572));
#3772=CARTESIAN_POINT('',(-0.0874535906225494,0.00779015639746363,0.0113556271941943));
#3773=CARTESIAN_POINT('',(-0.0876681228718066,0.00784858226556922,0.0113211653764732));
#3774=CARTESIAN_POINT('',(-0.0880779590446963,0.00796252634993737,0.0112555187071161));
#3775=CARTESIAN_POINT('',(-0.0882837626091568,0.00801557845653463,0.011221580211138));
#3776=CARTESIAN_POINT('',(-0.0889032995389111,0.00816290672423005,0.0111164345289567));
#3777=CARTESIAN_POINT('',(-0.0893191595328868,0.00824534470340377,0.0110418909714812));
#3778=CARTESIAN_POINT('',(-0.0905709213633865,0.00844511154795917,0.0108052692826931));
#3779=CARTESIAN_POINT('',(-0.0914109023971013,0.00851474075770897,0.0106301229720794));
#3780=CARTESIAN_POINT('',(-0.0930797630614655,0.00852962066293101,0.0102490385809642));
#3781=CARTESIAN_POINT('',(-0.093901585324339,0.00847535974713808,0.0100448618886577));
#3782=CARTESIAN_POINT('',(-0.0951163951532041,0.00830679108928282,0.0097194114871861));
#3783=CARTESIAN_POINT('',(-0.0955183626167899,0.00823600369519691,0.00960772200466828));
#3784=CARTESIAN_POINT('',(-0.0963165145452467,0.00806534688832448,0.00937810174907689));
#3785=CARTESIAN_POINT('',(-0.0967100361140474,0.00795256943716993,0.00926098959420103));
#3786=CARTESIAN_POINT('',(-0.0971059811350195,0.00785088565312256,0.00913921924028958));
#3787=CARTESIAN_POINT('',(-0.086463360341285,0.00554834693750966,0.0115795096647773));
#3788=CARTESIAN_POINT('',(-0.0866361044459449,0.0056145266275467,0.0115556972091984));
#3789=CARTESIAN_POINT('',(-0.0868097654462982,0.00568104480167596,0.0115317594376515));
#3790=CARTESIAN_POINT('',(-0.0871611959245879,0.00581573032156629,0.0114833112194728));
#3791=CARTESIAN_POINT('',(-0.08733969418954,0.0058803177302571,0.0114579036932154));
#3792=CARTESIAN_POINT('',(-0.0877019077664648,0.00600371126892583,0.0114047063813429));
#3793=CARTESIAN_POINT('',(-0.0878840646489233,0.00606194858795182,0.0113771309213136));
#3794=CARTESIAN_POINT('',(-0.0884332272643023,0.00622618330093372,0.011291451738086));
#3795=CARTESIAN_POINT('',(-0.0888029268328976,0.00632169495635222,0.0112303894937513));
#3796=CARTESIAN_POINT('',(-0.0899190100421147,0.006565782699344,0.0110353989838047));
#3797=CARTESIAN_POINT('',(-0.0906723141771951,0.00667177086912475,0.0108895865624939));
#3798=CARTESIAN_POINT('',(-0.0921774966845551,0.00677086917144969,0.010568538972576));
#3799=CARTESIAN_POINT('',(-0.0929229702347318,0.00676404631155855,0.0103947967268379));
#3800=CARTESIAN_POINT('',(-0.0940307383593386,0.00667367670447355,0.0101149751634697));
#3801=CARTESIAN_POINT('',(-0.094398271043577,0.0066301385684302,0.0100184947892231));
#3802=CARTESIAN_POINT('',(-0.0951299291640036,0.00651628933083238,0.00981921175231032));
#3803=CARTESIAN_POINT('',(-0.0954940653455472,0.00644600985848209,0.00971640335813427));
#3804=CARTESIAN_POINT('',(-0.0958564191169663,0.00636210087436651,0.00961050964501166));
#3805=CARTESIAN_POINT('',(-0.0864625115251672,0.00554235506684341,0.0115798875016851));
#3806=CARTESIAN_POINT('',(-0.0866352616406587,0.00560853381068193,0.0115560735664448));
#3807=CARTESIAN_POINT('',(-0.0868089501889798,0.00567504764833191,0.0115321290135293));
#3808=CARTESIAN_POINT('',(-0.0871603094602219,0.0058097443773208,0.011483698324093));
#3809=CARTESIAN_POINT('',(-0.0873386984795437,0.00587435046619359,0.0114583182480829));
#3810=CARTESIAN_POINT('',(-0.0877007676771941,0.00599777265314006,0.0114051586794111));
#3811=CARTESIAN_POINT('',(-0.087882852869088,0.00605602569237603,0.0113776025104452));
#3812=CARTESIAN_POINT('',(-0.0884318021279239,0.00622031166128496,0.0112919823445588));
#3813=CARTESIAN_POINT('',(-0.0888013617501642,0.00631586295267567,0.0112309609720449));
#3814=CARTESIAN_POINT('',(-0.0899170336172337,0.00656008506505722,0.0110360966769607));
#3815=CARTESIAN_POINT('',(-0.0906700749705929,0.00666618346570973,0.0108903731883417));
#3816=CARTESIAN_POINT('',(-0.092174761248525,0.00676553709622125,0.0105695076143266));
#3817=CARTESIAN_POINT('',(-0.0929200033293431,0.00675885805612727,0.0103958576378827));
#3818=CARTESIAN_POINT('',(-0.0940274469314563,0.00666872552814271,0.0101161744092357));
#3819=CARTESIAN_POINT('',(-0.0943948752184363,0.00662527000473367,0.0100197401450335));
#3820=CARTESIAN_POINT('',(-0.0951263317470016,0.00651159299285073,0.00982054908264531));
#3821=CARTESIAN_POINT('',(-0.095490378839725,0.00644144236327393,0.0097177840537363));
#3822=CARTESIAN_POINT('',(-0.0958526307712477,0.00635758726770989,0.00961193847444242));
#3823=CARTESIAN_POINT('',(-0.0864616627090494,0.00553636319617715,0.0115802653385928));
#3824=CARTESIAN_POINT('',(-0.0866344188353724,0.00560254099381715,0.0115564499236912));
#3825=CARTESIAN_POINT('',(-0.0868081349316613,0.00566905049498786,0.0115324985894072));
#3826=CARTESIAN_POINT('',(-0.0871594229958558,0.00580375843307531,0.0114840854287133));
#3827=CARTESIAN_POINT('',(-0.0873377027695475,0.00586838320213009,0.0114587328029504));
#3828=CARTESIAN_POINT('',(-0.0876996275879234,0.00599183403735429,0.0114056109774794));
#3829=CARTESIAN_POINT('',(-0.0878816410892528,0.00605010279680024,0.0113780740995768));
#3830=CARTESIAN_POINT('',(-0.0884303769915456,0.0062144400216362,0.0112925129510315));
#3831=CARTESIAN_POINT('',(-0.0887997966674307,0.00631003094899913,0.0112315324503385));
#3832=CARTESIAN_POINT('',(-0.0899150571923527,0.00655438743077044,0.0110367943701166));
#3833=CARTESIAN_POINT('',(-0.0906678357639907,0.0066605960622947,0.0108911598141895));
#3834=CARTESIAN_POINT('',(-0.0921720258124949,0.00676020502099281,0.0105704762560772));
#3835=CARTESIAN_POINT('',(-0.0929170364239544,0.00675366980069599,0.0103969185489274));
#3836=CARTESIAN_POINT('',(-0.0940241555035739,0.00666377435181187,0.0101173736550017));
#3837=CARTESIAN_POINT('',(-0.0943914793932955,0.00662040144103713,0.0100209855008439));
#3838=CARTESIAN_POINT('',(-0.0951227343299996,0.00650689665486908,0.00982188641298029));
#3839=CARTESIAN_POINT('',(-0.0954866923339027,0.00643687486806576,0.00971916474933834));
#3840=CARTESIAN_POINT('',(-0.0958488424255291,0.00635307366105328,0.00961336730387318));
#3841=CARTESIAN_POINT('',(-0.0864608138929317,0.00553037132551089,0.0115806431755006));
#3842=CARTESIAN_POINT('',(-0.0866335760300861,0.00559654817695237,0.0115568262809375));
#3843=CARTESIAN_POINT('',(-0.0868073196743428,0.00566305334164381,0.011532868165285));
#3844=CARTESIAN_POINT('',(-0.0871585365314897,0.00579777248882982,0.0114844725333336));
#3845=CARTESIAN_POINT('',(-0.0873367070595512,0.00586241593806658,0.0114591473578179));
#3846=CARTESIAN_POINT('',(-0.0876984874986527,0.00598589542156852,0.0114060632755476));
#3847=CARTESIAN_POINT('',(-0.0878804293094175,0.00604417990122444,0.0113785456887083));
#3848=CARTESIAN_POINT('',(-0.0884289518551672,0.00620856838198744,0.0112930435575043));
#3849=CARTESIAN_POINT('',(-0.0887982315846973,0.00630419894532258,0.0112321039286321));
#3850=CARTESIAN_POINT('',(-0.0899130807674716,0.00654868979648365,0.0110374920632726));
#3851=CARTESIAN_POINT('',(-0.0906655965573885,0.00665500865887968,0.0108919464400374));
#3852=CARTESIAN_POINT('',(-0.0921692903764648,0.00675487294576437,0.0105714448978278));
#3853=CARTESIAN_POINT('',(-0.0929140695185657,0.00674848154526471,0.0103979794599721));
#3854=CARTESIAN_POINT('',(-0.0940208640756916,0.00665882317548103,0.0101185729007677));
#3855=CARTESIAN_POINT('',(-0.0943880835681548,0.0066155328773406,0.0100222308566544));
#3856=CARTESIAN_POINT('',(-0.0951191369129976,0.00650220031688742,0.00982322374331528));
#3857=CARTESIAN_POINT('',(-0.0954830058280805,0.0064323073728576,0.00972054544494037));
#3858=CARTESIAN_POINT('',(-0.0958450540798105,0.00634856005439666,0.00961479613330394));
#3859=CARTESIAN_POINT('',(-0.120751888785209,-0.0026326687285946,0.00117606844977207));
#3860=CARTESIAN_POINT('',(-0.121171726863824,-0.00203137584680223,0.000498341444081864));
#3861=CARTESIAN_POINT('',(-0.121373699916572,-0.00136083606033319,-0.000236200589411363));
#3862=CARTESIAN_POINT('',(-0.121386127195418,-0.000675544561515551,-0.000987448065906897));
#3863=CARTESIAN_POINT('',(-0.122005892027246,-0.00303647534012574,0.000899466313037729));
#3864=CARTESIAN_POINT('',(-0.122438842561066,-0.00228220613450782,5.78584705443434E-5));
#3865=CARTESIAN_POINT('',(-0.122600915498683,-0.00149919897428851,-0.000796837699492535));
#3866=CARTESIAN_POINT('',(-0.122551065128927,-0.000710122991875449,-0.00166110717541817));
#3867=CARTESIAN_POINT('',(-0.122422044064857,-0.00268935999966594,0.00198574104759454));
#3868=CARTESIAN_POINT('',(-0.122951632437285,-0.00189716632721656,0.00109499260009142));
#3869=CARTESIAN_POINT('',(-0.123173055067575,-0.0010673951551177,0.000187289625021574));
#3870=CARTESIAN_POINT('',(-0.123169850852799,-0.000224335471151954,-0.000736564537370083));
#3871=CARTESIAN_POINT('',(-0.121837306934626,-0.00226466295483288,0.00269357326340898));
#3872=CARTESIAN_POINT('',(-0.122406126711646,-0.00155011164766737,0.00188181887802487));
#3873=CARTESIAN_POINT('',(-0.122681822782188,-0.0007681448211421,0.00102369052430682));
#3874=CARTESIAN_POINT('',(-0.122740733495566,3.61226205782966E-5,0.00014169021683242));
#3875=CARTESIAN_POINT('',(-0.121542210465201,-0.00205033314400678,0.00305079153642936));
#3876=CARTESIAN_POINT('',(-0.122130828966105,-0.00137496523513858,0.00227890270366997));
#3877=CARTESIAN_POINT('',(-0.122433914952172,-0.000617123597305122,0.00144579293518903));
#3878=CARTESIAN_POINT('',(-0.122524172906985,0.00016756675047709,0.00058491481096477));
#3879=CARTESIAN_POINT('',(-0.120975785174379,-0.00186011936455914,0.00319487129498238));
#3880=CARTESIAN_POINT('',(-0.121559980260038,-0.00125405853658423,0.00249709160594112));
#3881=CARTESIAN_POINT('',(-0.121882268275235,-0.00054686431079292,0.00171804132867761));
#3882=CARTESIAN_POINT('',(-0.122001750306357,0.000191264747443613,0.000907855827394714));
#3883=CARTESIAN_POINT('',(-0.120448999461661,-0.00191363679946616,0.00276466630606362));
#3884=CARTESIAN_POINT('',(-0.120984882783266,-0.00136588245924553,0.0021332976570132));
#3885=CARTESIAN_POINT('',(-0.121290263698145,-0.000710312601514208,0.00141081315980571));
#3886=CARTESIAN_POINT('',(-0.121404686751693,-2.48454165605694E-5,0.000658346019653289));
#3887=CARTESIAN_POINT('',(-0.121048763529363,-0.00233144692187234,0.00208223113353157));
#3888=CARTESIAN_POINT('',(-0.120537427252777,-0.00283146351188007,0.00143246064335622));
#3889=CARTESIAN_POINT('',(-0.120596798589505,-0.00276006826199672,0.00135355834381444));
#3890=CARTESIAN_POINT('',(-0.120650292077208,-0.00268967046524177,0.00127144117926799));
#3891=CARTESIAN_POINT('',(-0.120702151557366,-0.00261607678582253,0.00118844929134861));
#3892=CARTESIAN_POINT('',(-0.121808816154347,-0.00333242136574524,0.00114151491782145));
#3893=CARTESIAN_POINT('',(-0.121873052120752,-0.00323837960831146,0.00104352418065651));
#3894=CARTESIAN_POINT('',(-0.121926647693436,-0.00315020067174033,0.00093727100811088));
#3895=CARTESIAN_POINT('',(-0.121979450435312,-0.00305724259580981,0.000833599703373167));
#3896=CARTESIAN_POINT('',(-0.122239656009413,-0.00300011839458585,0.00228078436088454));
#3897=CARTESIAN_POINT('',(-0.122316236647252,-0.00290175830519028,0.0021742991045432));
#3898=CARTESIAN_POINT('',(-0.122384237224534,-0.00280769372920162,0.00206311133722871));
#3899=CARTESIAN_POINT('',(-0.122449489554983,-0.00270929377494394,0.0019525179100752));
#3900=CARTESIAN_POINT('',(-0.121613386897393,-0.00252392540884614,0.00298976560409612));
#3901=CARTESIAN_POINT('',(-0.121693090468509,-0.00243876676153824,0.00289187396617666));
#3902=CARTESIAN_POINT('',(-0.121766976232957,-0.00235301237030952,0.00279394117924661));
#3903=CARTESIAN_POINT('',(-0.121837306934626,-0.00226466295483292,0.00269357326340899));
#3904=CARTESIAN_POINT('',(-0.121310528151005,-0.00229364227986601,0.00333262327727532));
#3905=CARTESIAN_POINT('',(-0.12139174194774,-0.00221486774463461,0.00323888744466739));
#3906=CARTESIAN_POINT('',(-0.121468473741752,-0.00213313209245966,0.00314736466050703));
#3907=CARTESIAN_POINT('',(-0.121541260303229,-0.00204964303735743,0.00305194172036574));
#3908=CARTESIAN_POINT('',(-0.120744879305092,-0.00207648670984113,0.0034479547871646));
#3909=CARTESIAN_POINT('',(-0.120823758734347,-0.00200771042397788,0.00336272572020907));
#3910=CARTESIAN_POINT('',(-0.120900329405997,-0.00193392318047141,0.00328191310432858));
#3911=CARTESIAN_POINT('',(-0.120972558019038,-0.00185903669540205,0.00319568958995139));
#3912=CARTESIAN_POINT('',(-0.120237620893022,-0.00210971671715248,0.002989312109202));
#3913=CARTESIAN_POINT('',(-0.120309248633015,-0.00204813798747319,0.00291257584827764));
#3914=CARTESIAN_POINT('',(-0.120379451277405,-0.00198165990639661,0.00283995037032885));
#3915=CARTESIAN_POINT('',(-0.120445671770346,-0.00191397932850897,0.0027619377898891));
#3916=CARTESIAN_POINT('',(-0.120853098196212,-0.00255802163632242,0.00234107574127299));
#3917=CARTESIAN_POINT('',(-0.117676580717334,-0.0037347053516886,0.00381623226644223));
#3918=CARTESIAN_POINT('',(-0.118170966390421,-0.00372396772088553,0.00351138290590411));
#3919=CARTESIAN_POINT('',(-0.118625319866008,-0.00360853808075067,0.00316872314164557));
#3920=CARTESIAN_POINT('',(-0.119241623261002,-0.00332295342400968,0.00261831408497282));
#3921=CARTESIAN_POINT('',(-0.119436162775307,-0.00320839819715769,0.00242882989973549));
#3922=CARTESIAN_POINT('',(-0.119801587484349,-0.00294219621512416,0.00204350024195241));
#3923=CARTESIAN_POINT('',(-0.119972525763941,-0.00278990646749359,0.0018481702813184));
#3924=CARTESIAN_POINT('',(-0.120130073282379,-0.00261932497898125,0.00165297918252939));
#3925=CARTESIAN_POINT('',(-0.118507260504083,-0.00541487317400644,0.00332453449457361));
#3926=CARTESIAN_POINT('',(-0.119150701737343,-0.00528405394986661,0.00286117359490254));
#3927=CARTESIAN_POINT('',(-0.119688672675111,-0.00503630185835643,0.00238105139392094));
#3928=CARTESIAN_POINT('',(-0.120391341660154,-0.00455182303413671,0.00165316613138507));
#3929=CARTESIAN_POINT('',(-0.120607818714656,-0.00437017500353588,0.00140893507260683));
#3930=CARTESIAN_POINT('',(-0.121009158653157,-0.00396341964845467,0.000920307018218244));
#3931=CARTESIAN_POINT('',(-0.121201884921627,-0.00373116012847712,0.000688013099652558));
#3932=CARTESIAN_POINT('',(-0.121363163923223,-0.00348497814411722,0.000434417904923643));
#3933=CARTESIAN_POINT('',(-0.119424410200147,-0.00538955949345013,0.0049741248067609));
#3934=CARTESIAN_POINT('',(-0.120165308480437,-0.00526719106095369,0.00445670880003576));
#3935=CARTESIAN_POINT('',(-0.120792717337142,-0.00500560684264715,0.00391464019857892));
#3936=CARTESIAN_POINT('',(-0.121601228565155,-0.00448533243018982,0.00310123551602223));
#3937=CARTESIAN_POINT('',(-0.121848642587104,-0.00428939067026337,0.00282961426468787));
#3938=CARTESIAN_POINT('',(-0.122303088803168,-0.00385355754848865,0.00229077206551614));
#3939=CARTESIAN_POINT('',(-0.122514843587757,-0.00360554620296385,0.00203368978025354));
#3940=CARTESIAN_POINT('',(-0.122697361464192,-0.00334814150943666,0.00176262918426002));
#3941=CARTESIAN_POINT('',(-0.118695265084235,-0.00380397417608978,0.00553489520196831));
#3942=CARTESIAN_POINT('',(-0.119301372820685,-0.00379531882802943,0.00516374211462974));
#3943=CARTESIAN_POINT('',(-0.119855214946011,-0.00365767576943508,0.00474762601255724));
#3944=CARTESIAN_POINT('',(-0.120588534944919,-0.00332281357122714,0.00409651072063378));
#3945=CARTESIAN_POINT('',(-0.120817088544963,-0.00318928603260501,0.00387489211397048));
#3946=CARTESIAN_POINT('',(-0.121240802053177,-0.00288425611557883,0.00343048313877102));
#3947=CARTESIAN_POINT('',(-0.121436224225156,-0.00271321345842545,0.00320735615770039));
#3948=CARTESIAN_POINT('',(-0.121613386897393,-0.00252392540884608,0.00298976560409623));
#3949=CARTESIAN_POINT('',(-0.118480712845775,-0.00333741289537222,0.00569990288141127));
#3950=CARTESIAN_POINT('',(-0.119047158226581,-0.00336221782329196,0.00537178791648928));
#3951=CARTESIAN_POINT('',(-0.119579353211236,-0.00326104466989652,0.00499273355986745));
#3952=CARTESIAN_POINT('',(-0.120290548058147,-0.00298074034327943,0.00438937220783715));
#3953=CARTESIAN_POINT('',(-0.120513551945726,-0.00286557829953665,0.00418246696770266));
#3954=CARTESIAN_POINT('',(-0.120928222300364,-0.00259903745658377,0.00376584513548213));
#3955=CARTESIAN_POINT('',(-0.121118838572229,-0.00245064297195605,0.00355270956265519));
#3956=CARTESIAN_POINT('',(-0.12129442546617,-0.00228139836519272,0.00335085266348392));
#3957=CARTESIAN_POINT('',(-0.11807130855309,-0.00285629511945973,0.00553769169625267));
#3958=CARTESIAN_POINT('',(-0.118576674944136,-0.00291426004711293,0.00526538137369535));
#3959=CARTESIAN_POINT('',(-0.119068190779703,-0.00285389766554119,0.00493750178390324));
#3960=CARTESIAN_POINT('',(-0.119734885044049,-0.00263770467182492,0.00440123402431177));
#3961=CARTESIAN_POINT('',(-0.119945837735574,-0.00254457866142216,0.00421521173713917));
#3962=CARTESIAN_POINT('',(-0.120340324912943,-0.00232404147322358,0.00383772199750842));
#3963=CARTESIAN_POINT('',(-0.12052079057061,-0.00220140003484186,0.00363978546561136));
#3964=CARTESIAN_POINT('',(-0.120691719620359,-0.00205635980562424,0.0034580998913766));
#3965=CARTESIAN_POINT('',(-0.117724414449876,-0.0028763708354448,0.0049015218794414));
#3966=CARTESIAN_POINT('',(-0.11819329441377,-0.00293035179519471,0.00464898134970028));
#3967=CARTESIAN_POINT('',(-0.118650998194027,-0.00287448249345857,0.00434403014093828));
#3968=CARTESIAN_POINT('',(-0.119277601117495,-0.00267080201000924,0.00383949172250428));
#3969=CARTESIAN_POINT('',(-0.119476814994737,-0.00258274845646672,0.00366364464034035));
#3970=CARTESIAN_POINT('',(-0.119851140624022,-0.00237250510598659,0.00330479091843906));
#3971=CARTESIAN_POINT('',(-0.12002295936219,-0.00225422022889634,0.00311587005523017));
#3972=CARTESIAN_POINT('',(-0.120187237444091,-0.00211421742910793,0.00294079841421721));
#3973=CARTESIAN_POINT('',(-0.118173380355427,-0.00374305348052858,0.00468405738035361));
#3974=CARTESIAN_POINT('',(-0.112625231734102,-0.00394072957524453,0.00524245690952459));
#3975=CARTESIAN_POINT('',(-0.112848263064951,-0.00392563681148866,0.00524343017115617));
#3976=CARTESIAN_POINT('',(-0.113070653460103,-0.00391134870059625,0.00523561944936201));
#3977=CARTESIAN_POINT('',(-0.113513443801284,-0.00388452264408603,0.00520569619177691));
#3978=CARTESIAN_POINT('',(-0.113733843985599,-0.00387196237066535,0.00518308215103677));
#3979=CARTESIAN_POINT('',(-0.114391018765615,-0.0038368172395053,0.0050926301644163));
#3980=CARTESIAN_POINT('',(-0.114823767888164,-0.00381677771819103,0.0050021933015042));
#3981=CARTESIAN_POINT('',(-0.116097684108257,-0.00376628248045902,0.00464283310862738));
#3982=CARTESIAN_POINT('',(-0.116914705522091,-0.0037455797293482,0.00428600911135541));
#3983=CARTESIAN_POINT('',(-0.117676554796259,-0.00373465292081102,0.0038162476118253));
#3984=CARTESIAN_POINT('',(-0.113682592464891,-0.00556452522074816,0.00522568664755907));
#3985=CARTESIAN_POINT('',(-0.113901336754387,-0.00555183753921632,0.00522072621820582));
#3986=CARTESIAN_POINT('',(-0.11411878910196,-0.00554023050880835,0.00517509702943364));
#3987=CARTESIAN_POINT('',(-0.114550161458837,-0.00551853658073322,0.00510214820502131));
#3988=CARTESIAN_POINT('',(-0.114764137829725,-0.00550855027483466,0.00505827360449972));
#3989=CARTESIAN_POINT('',(-0.115400032246355,-0.00548108908103011,0.00490486347898237));
#3990=CARTESIAN_POINT('',(-0.115815921666746,-0.00546611976872775,0.00477355849899018));
#3991=CARTESIAN_POINT('',(-0.117032157472125,-0.00543024790205103,0.0042951959204631));
#3992=CARTESIAN_POINT('',(-0.117801402561017,-0.00541848451170429,0.00386385827740412));
#3993=CARTESIAN_POINT('',(-0.118507203551747,-0.00541487474176417,0.00332443206463695));
#3994=CARTESIAN_POINT('',(-0.113595063642211,-0.00558451695038107,0.00711123292379255));
#3995=CARTESIAN_POINT('',(-0.113857425678833,-0.00556895455931861,0.0071062476281989));
#3996=CARTESIAN_POINT('',(-0.114118447408226,-0.00555416030022098,0.0070632314254539));
#3997=CARTESIAN_POINT('',(-0.114636791930676,-0.00552683277617495,0.00698832740855359));
#3998=CARTESIAN_POINT('',(-0.114894158566542,-0.00551417399040573,0.00694196653525189));
#3999=CARTESIAN_POINT('',(-0.115659719230627,-0.0054791424328426,0.00677661827367049));
#4000=CARTESIAN_POINT('',(-0.116161380616026,-0.00545972226575466,0.00663138315807365));
#4001=CARTESIAN_POINT('',(-0.117631169466716,-0.00541240141836489,0.00609364249235029));
#4002=CARTESIAN_POINT('',(-0.118564459043686,-0.00539554260411833,0.00559928579218856));
#4003=CARTESIAN_POINT('',(-0.119424470876421,-0.00538969143894076,0.00497407814189581));
#4004=CARTESIAN_POINT('',(-0.112592955344985,-0.00405466136720266,0.007238027857362));
#4005=CARTESIAN_POINT('',(-0.112861914913415,-0.00403638106813024,0.00723942394451843));
#4006=CARTESIAN_POINT('',(-0.113130169003308,-0.00401915231004792,0.00723143140240503));
#4007=CARTESIAN_POINT('',(-0.113664398386167,-0.00398665425128905,0.00719697992801127));
#4008=CARTESIAN_POINT('',(-0.113930375797765,-0.00397141124087767,0.0071705187109621));
#4009=CARTESIAN_POINT('',(-0.114723633249912,-0.0039286891204989,0.00706382927312221));
#4010=CARTESIAN_POINT('',(-0.115246239698479,-0.00390422641662847,0.00695630765822795));
#4011=CARTESIAN_POINT('',(-0.116785337886803,-0.0038424437108055,0.00652727609440699));
#4012=CARTESIAN_POINT('',(-0.117773330059262,-0.0038168563037637,0.00609946697947721));
#4013=CARTESIAN_POINT('',(-0.118695265084235,-0.00380397417608978,0.00553489520196831));
#4014=CARTESIAN_POINT('',(-0.112293959926918,-0.00359820390552857,0.00727585920181479));
#4015=CARTESIAN_POINT('',(-0.112564887976985,-0.00357911267410086,0.00727915927899754));
#4016=CARTESIAN_POINT('',(-0.112835299960049,-0.00356115754338624,0.00728161661947843));
#4017=CARTESIAN_POINT('',(-0.113374268851094,-0.00352711677093826,0.00725923482347382));
#4018=CARTESIAN_POINT('',(-0.113642815428617,-0.00351110271479321,0.00723871099468605));
#4019=CARTESIAN_POINT('',(-0.114444336670965,-0.00346608598908027,0.00714952337733448));
#4020=CARTESIAN_POINT('',(-0.114973192422063,-0.00344011876179897,0.00705325420286063));
#4021=CARTESIAN_POINT('',(-0.116532970186077,-0.00337402112372744,0.006656657779494));
#4022=CARTESIAN_POINT('',(-0.117537283773549,-0.00334582939811131,0.00624870422620646));
#4023=CARTESIAN_POINT('',(-0.118477694596798,-0.00333084946765816,0.00570222415413802));
#4024=CARTESIAN_POINT('',(-0.112001482650334,-0.00311981201301765,0.00692379280991857));
#4025=CARTESIAN_POINT('',(-0.112265407494091,-0.00310059492737412,0.0069287397095485));
#4026=CARTESIAN_POINT('',(-0.112529012913813,-0.00308242668903311,0.0069418482409837));
#4027=CARTESIAN_POINT('',(-0.113054853676668,-0.00304795242682153,0.00693241221975345));
#4028=CARTESIAN_POINT('',(-0.11331706325991,-0.00303169199376494,0.00691857317757375));
#4029=CARTESIAN_POINT('',(-0.114100256212513,-0.00298586259433218,0.00685004722950226));
#4030=CARTESIAN_POINT('',(-0.114617801574167,-0.00295925606093382,0.00676836031846587));
#4031=CARTESIAN_POINT('',(-0.116146436133747,-0.00289105176632694,0.00641778756011116));
#4032=CARTESIAN_POINT('',(-0.117133657314757,-0.00286121187774133,0.00604354369200285));
#4033=CARTESIAN_POINT('',(-0.118061255167717,-0.00284451764144704,0.00553366537755951));
#4034=CARTESIAN_POINT('',(-0.112049866423225,-0.00313399902124844,0.0061894698563977));
#4035=CARTESIAN_POINT('',(-0.112296757475867,-0.0031160709157575,0.00619396127168636));
#4036=CARTESIAN_POINT('',(-0.112543327474442,-0.00309904259684373,0.0062059256825245));
#4037=CARTESIAN_POINT('',(-0.113035153045898,-0.00306683109048834,0.00619666872620172));
#4038=CARTESIAN_POINT('',(-0.113280382666297,-0.00305164595520381,0.00618350999921094));
#4039=CARTESIAN_POINT('',(-0.114012804983633,-0.00300886787624018,0.00611878006342618));
#4040=CARTESIAN_POINT('',(-0.114496728797866,-0.0029840627865983,0.00604196358932342));
#4041=CARTESIAN_POINT('',(-0.115925867615685,-0.00292051375904406,0.00571289825447944));
#4042=CARTESIAN_POINT('',(-0.116848575251383,-0.0028927786136113,0.00536218128503218));
#4043=CARTESIAN_POINT('',(-0.117715376151636,-0.00287705601665413,0.00488475750958201));
#4044=CARTESIAN_POINT('',(-0.112592533230781,-0.0039723388625351,0.00624142220463627));
#4045=CARTESIAN_POINT('',(-0.102533735373814,-0.00511357720663205,0.00723711207209889));
#4046=CARTESIAN_POINT('',(-0.102931679723212,-0.00504880458482619,0.00706996835498279));
#4047=CARTESIAN_POINT('',(-0.103333018704943,-0.00498567623434572,0.00691409659869111));
#4048=CARTESIAN_POINT('',(-0.104141367755152,-0.00486337003233015,0.00662232924186544));
#4049=CARTESIAN_POINT('',(-0.104548530235904,-0.00480411630934583,0.00648682260134184));
#4050=CARTESIAN_POINT('',(-0.105778773080289,-0.00463234432578512,0.00611127594157669));
#4051=CARTESIAN_POINT('',(-0.106610608947964,-0.00452581498626654,0.00590213770608737));
#4052=CARTESIAN_POINT('',(-0.108296864194415,-0.0043302204677466,0.00556712491072104));
#4053=CARTESIAN_POINT('',(-0.109154389591619,-0.00424084353359825,0.00544084544618084));
#4054=CARTESIAN_POINT('',(-0.110452554660016,-0.00412148606615352,0.00531691765182581));
#4055=CARTESIAN_POINT('',(-0.110887245486792,-0.00408414350152785,0.00528650315190966));
#4056=CARTESIAN_POINT('',(-0.111540975586711,-0.00403197343051028,0.00525748852994091));
#4057=CARTESIAN_POINT('',(-0.111759167879912,-0.00401522343244009,0.00525058348111151));
#4058=CARTESIAN_POINT('',(-0.112195908460389,-0.00398302591222245,0.00524233443864415));
#4059=CARTESIAN_POINT('',(-0.112414453493597,-0.00396757121623025,0.00524152172127508));
#4060=CARTESIAN_POINT('',(-0.11263308008685,-0.00395279081255077,0.00524243580522696));
#4061=CARTESIAN_POINT('',(-0.103648604914197,-0.00663294154344572,0.00685617103413646));
#4062=CARTESIAN_POINT('',(-0.104043931239005,-0.00657193515245736,0.00669537227559194));
#4063=CARTESIAN_POINT('',(-0.104450155068921,-0.00651125226499224,0.00656564237742999));
#4064=CARTESIAN_POINT('',(-0.105259150550242,-0.00639557244715544,0.0063065546255475));
#4065=CARTESIAN_POINT('',(-0.105666098385648,-0.0063397642137391,0.00618744302971101));
#4066=CARTESIAN_POINT('',(-0.106894105477693,-0.00617867301617342,0.00586117297242356));
#4067=CARTESIAN_POINT('',(-0.107722327864349,-0.00607972335321861,0.00568500640138568));
#4068=CARTESIAN_POINT('',(-0.109397237455486,-0.00589992840465268,0.00541582440009935));
#4069=CARTESIAN_POINT('',(-0.110247000296388,-0.00581880138489466,0.0053225220172117));
#4070=CARTESIAN_POINT('',(-0.111530580191173,-0.00571204528016995,0.00524757539678));
#4071=CARTESIAN_POINT('',(-0.111959921107612,-0.00567894063072617,0.00523340779517963));
#4072=CARTESIAN_POINT('',(-0.112604934556801,-0.00563314541494368,0.00522858007098469));
#4073=CARTESIAN_POINT('',(-0.112820106104308,-0.0056185233690063,0.005229706828102));
#4074=CARTESIAN_POINT('',(-0.113250582646621,-0.00559058149445523,0.00523745098255105));
#4075=CARTESIAN_POINT('',(-0.113465807649794,-0.00557714626795163,0.00525816057143792));
#4076=CARTESIAN_POINT('',(-0.11368116064553,-0.00556459858672534,0.00525343562727953));
#4077=CARTESIAN_POINT('',(-0.104268620180843,-0.00654828246342291,0.00861122678169172));
#4078=CARTESIAN_POINT('',(-0.10463568278804,-0.00649139080846696,0.00846153654740931));
#4079=CARTESIAN_POINT('',(-0.105012839223329,-0.00643526047555628,0.00834056608274912));
#4080=CARTESIAN_POINT('',(-0.105763844643819,-0.00632776444600885,0.00809915840672095));
#4081=CARTESIAN_POINT('',(-0.106141578734775,-0.00627588766364637,0.00798815953406274));
#4082=CARTESIAN_POINT('',(-0.107281294060989,-0.00612611257520897,0.00768404677996333));
#4083=CARTESIAN_POINT('',(-0.108049786417647,-0.00603407063156425,0.00751974939138489));
#4084=CARTESIAN_POINT('',(-0.109603537663396,-0.00586680502967391,0.00726837350354177));
#4085=CARTESIAN_POINT('',(-0.110391648818082,-0.00579131909333653,0.00718102540702207));
#4086=CARTESIAN_POINT('',(-0.111581865109155,-0.005691989000263,0.00711030216388352));
#4087=CARTESIAN_POINT('',(-0.111979938303234,-0.00566118737182357,0.00709675914194446));
#4088=CARTESIAN_POINT('',(-0.112577927355225,-0.005618578690632,0.00709167213106938));
#4089=CARTESIAN_POINT('',(-0.112777403660114,-0.00560497417987547,0.00709251320472272));
#4090=CARTESIAN_POINT('',(-0.113176465124719,-0.00557897678898076,0.00709928518564144));
#4091=CARTESIAN_POINT('',(-0.113375995760809,-0.00556670476787822,0.00711731214240027));
#4092=CARTESIAN_POINT('',(-0.11357559927836,-0.00555480193275951,0.00711369571421979));
#4093=CARTESIAN_POINT('',(-0.103276329630101,-0.00512872484280122,0.00909256338189047));
#4094=CARTESIAN_POINT('',(-0.103643897315869,-0.00506877577607141,0.00893798870663089));
#4095=CARTESIAN_POINT('',(-0.104014292750044,-0.00501055120591045,0.00879311804202659));
#4096=CARTESIAN_POINT('',(-0.104760501999921,-0.00489748277441073,0.00852258811397583));
#4097=CARTESIAN_POINT('',(-0.10513632254555,-0.00484268511150349,0.00839692411305957));
#4098=CARTESIAN_POINT('',(-0.106271731012671,-0.004683792475487,0.00804857312633506));
#4099=CARTESIAN_POINT('',(-0.107039264244505,-0.00458519899481805,0.00785446144794639));
#4100=CARTESIAN_POINT('',(-0.108594805928641,-0.00440414170658784,0.00754313254991113));
#4101=CARTESIAN_POINT('',(-0.109385678752396,-0.00432138910039709,0.00742553726007695));
#4102=CARTESIAN_POINT('',(-0.11058270971923,-0.00421087338961013,0.00730955333467353));
#4103=CARTESIAN_POINT('',(-0.110983498022339,-0.00417629590799837,0.0072809413345245));
#4104=CARTESIAN_POINT('',(-0.111586194407631,-0.00412798733232109,0.00725333498987409));
#4105=CARTESIAN_POINT('',(-0.11178734550878,-0.00411247683620846,0.00724668357282568));
#4106=CARTESIAN_POINT('',(-0.112189961817695,-0.00408266116242881,0.0072385070849361));
#4107=CARTESIAN_POINT('',(-0.112391427158229,-0.00406835857658962,0.00723698178595865));
#4108=CARTESIAN_POINT('',(-0.112592955344985,-0.00405466136720267,0.00723802785736199));
#4109=CARTESIAN_POINT('',(-0.102978785736638,-0.00470306251928162,0.00923689486421937));
#4110=CARTESIAN_POINT('',(-0.103346504873051,-0.00464219667046371,0.0090808555619061));
#4111=CARTESIAN_POINT('',(-0.103714872983078,-0.00458334413150388,0.00892881828814624));
#4112=CARTESIAN_POINT('',(-0.104459644074265,-0.0044686047839891,0.00864955588930177));
#4113=CARTESIAN_POINT('',(-0.104834890832584,-0.00441293127864944,0.008519494467331));
#4114=CARTESIAN_POINT('',(-0.105969007863822,-0.0042513046947953,0.00815787839815118));
#4115=CARTESIAN_POINT('',(-0.106736253496693,-0.00415074669896202,0.00795482673755231));
#4116=CARTESIAN_POINT('',(-0.108292332053832,-0.00396555389614092,0.00762552059276802));
#4117=CARTESIAN_POINT('',(-0.109084032979564,-0.00388062233819147,0.00749885551217709));
#4118=CARTESIAN_POINT('',(-0.110283107365191,-0.00376675255712464,0.00736929991705271));
#4119=CARTESIAN_POINT('',(-0.110684709808988,-0.00373104286473731,0.00733616939917342));
#4120=CARTESIAN_POINT('',(-0.111288817714603,-0.00368102514369293,0.00730181050584187));
#4121=CARTESIAN_POINT('',(-0.111490471012814,-0.00366494312716896,0.00729291242338536));
#4122=CARTESIAN_POINT('',(-0.111894153261756,-0.00363398251982617,0.00728025355318628));
#4123=CARTESIAN_POINT('',(-0.112096198734282,-0.00361907105774884,0.00727286540053818));
#4124=CARTESIAN_POINT('',(-0.112298304043906,-0.00360483579516195,0.00727530954862218));
#4125=CARTESIAN_POINT('',(-0.102537330804672,-0.00427105624133465,0.00902886074696128));
#4126=CARTESIAN_POINT('',(-0.102910965475774,-0.00420831436392426,0.00886890276146263));
#4127=CARTESIAN_POINT('',(-0.103283210903677,-0.00414792710618124,0.00870759176431893));
#4128=CARTESIAN_POINT('',(-0.104038372282531,-0.00402974310308412,0.00841547937596323));
#4129=CARTESIAN_POINT('',(-0.104419012490537,-0.00397233758221872,0.00827910939368154));
#4130=CARTESIAN_POINT('',(-0.105569897354676,-0.00380550080904461,0.00789893861928593));
#4131=CARTESIAN_POINT('',(-0.106349105288181,-0.00370145024001154,0.0076840111927189));
#4132=CARTESIAN_POINT('',(-0.107930631265124,-0.00350931840269619,0.00733206903515923));
#4133=CARTESIAN_POINT('',(-0.108735867012979,-0.00342092799238315,0.00719460580428195));
#4134=CARTESIAN_POINT('',(-0.109956271526325,-0.0033019921854977,0.00704985466843733));
#4135=CARTESIAN_POINT('',(-0.110365154517165,-0.0032646142257957,0.00701182547957695));
#4136=CARTESIAN_POINT('',(-0.110980409382273,-0.00321213770571387,0.00697039085214975));
#4137=CARTESIAN_POINT('',(-0.111185815988774,-0.00319524335130341,0.00695917952722819));
#4138=CARTESIAN_POINT('',(-0.111597074881386,-0.00316267467247537,0.00694198803907026));
#4139=CARTESIAN_POINT('',(-0.111802963655814,-0.00314698183817868,0.00692867907255565));
#4140=CARTESIAN_POINT('',(-0.112008904620125,-0.00313194578637579,0.00693265361595507));
#4141=CARTESIAN_POINT('',(-0.102294912728952,-0.00430211039169714,0.00834698622922639));
#4142=CARTESIAN_POINT('',(-0.102679484324107,-0.0042376927595673,0.00818259853438922));
#4143=CARTESIAN_POINT('',(-0.103063079579596,-0.00417560393160073,0.00801795309270311));
#4144=CARTESIAN_POINT('',(-0.103840785883787,-0.00405423007473521,0.00771892693203264));
#4145=CARTESIAN_POINT('',(-0.104232784245873,-0.00399529184302644,0.00757938276566601));
#4146=CARTESIAN_POINT('',(-0.1054179984389,-0.00382404245031327,0.0071905372170723));
#4147=CARTESIAN_POINT('',(-0.106220432988444,-0.00371729697802842,0.00697095485392529));
#4148=CARTESIAN_POINT('',(-0.107849077509213,-0.00352027456480091,0.00661200933657871));
#4149=CARTESIAN_POINT('',(-0.108678292065474,-0.00342968088083435,0.00647219079056201));
#4150=CARTESIAN_POINT('',(-0.109935012885617,-0.00330784251807989,0.00632573769933454));
#4151=CARTESIAN_POINT('',(-0.110356058875069,-0.0032695639880029,0.00628744579221454));
#4152=CARTESIAN_POINT('',(-0.110989606833238,-0.00321584078375953,0.00624608236061703));
#4153=CARTESIAN_POINT('',(-0.11120111922662,-0.00319854822086287,0.00623497227233384));
#4154=CARTESIAN_POINT('',(-0.111624599526657,-0.00316521834421081,0.00621813917160622));
#4155=CARTESIAN_POINT('',(-0.111836603037841,-0.00314918420747957,0.00620552800616522));
#4156=CARTESIAN_POINT('',(-0.112048662260745,-0.00313378130740788,0.00620939729728123));
#4157=CARTESIAN_POINT('',(-0.102883795542813,-0.0050915070302549,0.00817357925539742));
#4158=CARTESIAN_POINT('',(-0.0959175382421943,-0.00643358525377958,0.00959234306302059));
#4159=CARTESIAN_POINT('',(-0.0964790445431132,-0.00630281481835902,0.00942779803978834));
#4160=CARTESIAN_POINT('',(-0.0970378105339651,-0.00617966741020239,0.00925541554036537));
#4161=CARTESIAN_POINT('',(-0.0981498666105072,-0.00594219838373443,0.00889501412560263));
#4162=CARTESIAN_POINT('',(-0.0987033613181366,-0.00582883375617634,0.00870693749718384));
#4163=CARTESIAN_POINT('',(-0.0998064984757563,-0.00561226887847207,0.00831453385748923));
#4164=CARTESIAN_POINT('',(-0.10035614215436,-0.00550906885043291,0.00811020659810173));
#4165=CARTESIAN_POINT('',(-0.101452747770767,-0.00531236346256955,0.00768461671355753));
#4166=CARTESIAN_POINT('',(-0.101999417449675,-0.0052189119308415,0.00746263529471939));
#4167=CARTESIAN_POINT('',(-0.102545877301385,-0.00513001637127824,0.00723319194542145));
#4168=CARTESIAN_POINT('',(-0.0971526371513725,-0.00785219572555964,0.00932014432916333));
#4169=CARTESIAN_POINT('',(-0.0977002973263845,-0.00770991562547379,0.00915072442811347));
#4170=CARTESIAN_POINT('',(-0.0982532255588311,-0.00761293196207926,0.00897130635601291));
#4171=CARTESIAN_POINT('',(-0.0993455061708402,-0.00738968326821345,0.00859932419011319));
#4172=CARTESIAN_POINT('',(-0.0998890825071563,-0.0072832866427606,0.00840556374508234));
#4173=CARTESIAN_POINT('',(-0.100972318026817,-0.00708038680894029,0.00800198211386786));
#4174=CARTESIAN_POINT('',(-0.101511978503146,-0.00698388382159455,0.00779216095913073));
#4175=CARTESIAN_POINT('',(-0.102588548409376,-0.00680031309818273,0.00735575095976323));
#4176=CARTESIAN_POINT('',(-0.103119355768979,-0.00671435043723238,0.00711422348071015));
#4177=CARTESIAN_POINT('',(-0.103661535695109,-0.00663071625886977,0.00689374631986826));
#4178=CARTESIAN_POINT('',(-0.0975332036695294,-0.00777760750233803,0.0111078157632507));
#4179=CARTESIAN_POINT('',(-0.0980978850265248,-0.00763329649197075,0.0109345798947293));
#4180=CARTESIAN_POINT('',(-0.0986668059196733,-0.00752955812961504,0.0107513266952171));
#4181=CARTESIAN_POINT('',(-0.0997921762787135,-0.00729796627057845,0.0103709184229648));
#4182=CARTESIAN_POINT('',(-0.100352324686679,-0.0071875436298723,0.010172684771351));
#4183=CARTESIAN_POINT('',(-0.101468772841163,-0.00697687665921552,0.00975962116358961));
#4184=CARTESIAN_POINT('',(-0.102025073861073,-0.00687663221996943,0.00954479123836443));
#4185=CARTESIAN_POINT('',(-0.103135008001062,-0.00668585726765824,0.00909780848624699));
#4186=CARTESIAN_POINT('',(-0.103683125163895,-0.00659610670699262,0.00885223592855763));
#4187=CARTESIAN_POINT('',(-0.104241491440207,-0.00650947244907881,0.00862438629003904));
#4188=CARTESIAN_POINT('',(-0.0964407850074034,-0.00647605043457753,0.0115198372763577));
#4189=CARTESIAN_POINT('',(-0.0970196423899324,-0.0063420064732698,0.0113506728783596));
#4190=CARTESIAN_POINT('',(-0.0975953734048336,-0.00621382265467,0.0111735184253678));
#4191=CARTESIAN_POINT('',(-0.0987418204403213,-0.00596848874795346,0.0108029085391568));
#4192=CARTESIAN_POINT('',(-0.0993125376389661,-0.00585133815429441,0.0106094530197829));
#4193=CARTESIAN_POINT('',(-0.100450188870959,-0.00562748864767484,0.0102057235849561));
#4194=CARTESIAN_POINT('',(-0.101017124117157,-0.00552078959618158,0.00999544944523187));
#4195=CARTESIAN_POINT('',(-0.102148397572153,-0.00531736768485737,0.00955737442219832));
#4196=CARTESIAN_POINT('',(-0.102712737008817,-0.00522064492438101,0.0093295731893003));
#4197=CARTESIAN_POINT('',(-0.103276329630101,-0.00512872484280122,0.00909256338189049));
#4198=CARTESIAN_POINT('',(-0.0961069381784315,-0.00607829020320965,0.0116457524409259));
#4199=CARTESIAN_POINT('',(-0.0966901278021935,-0.0059473838867356,0.0114778322980569));
#4200=CARTESIAN_POINT('',(-0.0972679400132797,-0.00581172945422851,0.0113025416425789));
#4201=CARTESIAN_POINT('',(-0.0984208281522026,-0.00556219593137524,0.010934926176202));
#4202=CARTESIAN_POINT('',(-0.098994775208938,-0.00544298925259363,0.010742930870162));
#4203=CARTESIAN_POINT('',(-0.100138906172958,-0.00521511111850589,0.0103420539900776));
#4204=CARTESIAN_POINT('',(-0.100709091274589,-0.005106439515732,0.0101331721137737));
#4205=CARTESIAN_POINT('',(-0.10184688609625,-0.0048991526510625,0.00969781932280288));
#4206=CARTESIAN_POINT('',(-0.10241618311453,-0.00480029916279974,0.00947544906672165));
#4207=CARTESIAN_POINT('',(-0.102981372924472,-0.00470676371567323,0.00923563988079222));
#4208=CARTESIAN_POINT('',(-0.0956689483429648,-0.00566556427864561,0.011411858071788));
#4209=CARTESIAN_POINT('',(-0.0962532916576871,-0.00553847723700692,0.0112460780903547));
#4210=CARTESIAN_POINT('',(-0.0968300310630348,-0.00539615519042106,0.0110735738248712));
#4211=CARTESIAN_POINT('',(-0.0979830141804188,-0.00514382543418447,0.010710922756178));
#4212=CARTESIAN_POINT('',(-0.0985570131229873,-0.00502323761923127,0.0105214235880392));
#4213=CARTESIAN_POINT('',(-0.0997012552493245,-0.00479262826233566,0.0101255766034408));
#4214=CARTESIAN_POINT('',(-0.100271499611574,-0.00468260663156889,0.00991922840088529));
#4215=CARTESIAN_POINT('',(-0.101409419081822,-0.00447264839282293,0.00948899064059182));
#4216=CARTESIAN_POINT('',(-0.101980405738614,-0.00437219392279967,0.00927317170672342));
#4217=CARTESIAN_POINT('',(-0.102544039251987,-0.00427763000251623,0.00903200325384092));
#4218=CARTESIAN_POINT('',(-0.095500213385543,-0.00567256992491491,0.0107145766726349));
#4219=CARTESIAN_POINT('',(-0.0960781031299565,-0.0055464852372326,0.0105503843615036));
#4220=CARTESIAN_POINT('',(-0.0966486491026318,-0.00540637865811339,0.0103794819610669));
#4221=CARTESIAN_POINT('',(-0.0977889568665312,-0.00515709989844015,0.0100203193983984));
#4222=CARTESIAN_POINT('',(-0.0983566079396171,-0.00503798268666563,0.00983266490536902));
#4223=CARTESIAN_POINT('',(-0.0994881284667419,-0.00481020698531877,0.00944071447093998));
#4224=CARTESIAN_POINT('',(-0.10005199910594,-0.00470154853656876,0.00923641813926235));
#4225=CARTESIAN_POINT('',(-0.101177139587823,-0.0044942113703621,0.00881049937625346));
#4226=CARTESIAN_POINT('',(-0.101741505203947,-0.00439502587276647,0.00859643027184829));
#4227=CARTESIAN_POINT('',(-0.102298930671192,-0.00430165673314314,0.00835815875072688));
#4228=CARTESIAN_POINT('',(-0.0961486020621849,-0.006419075654472,0.0105651734606847));
#4229=CARTESIAN_POINT('',(-0.0864502435540609,-0.00552617001175246,0.0115822772258247));
#4230=CARTESIAN_POINT('',(-0.0866264862798124,-0.00559368209584981,0.0115579807397813));
#4231=CARTESIAN_POINT('',(-0.0868038324502467,-0.00566156295564499,0.0115335254203446));
#4232=CARTESIAN_POINT('',(-0.0871585330548063,-0.00579761942944268,0.0114846499581127));
#4233=CARTESIAN_POINT('',(-0.0873367014459104,-0.00586226366476263,0.011459325408285));
#4234=CARTESIAN_POINT('',(-0.0876984790998146,-0.00598574428151324,0.0114062421799458));
#4235=CARTESIAN_POINT('',(-0.0878804195423025,-0.00604402935918623,0.0113787250271765));
#4236=CARTESIAN_POINT('',(-0.088428938059151,-0.00620841972177379,0.0112932242162243));
#4237=CARTESIAN_POINT('',(-0.0887982152042452,-0.00630405165667709,0.0112322854915255));
#4238=CARTESIAN_POINT('',(-0.089913056952493,-0.00654854692163134,0.0110376763848107));
#4239=CARTESIAN_POINT('',(-0.0906655682148965,-0.00665486912320438,0.0108921326609422));
#4240=CARTESIAN_POINT('',(-0.0921692538142831,-0.0067547406298158,0.0105716349173646));
#4241=CARTESIAN_POINT('',(-0.0929140292935556,-0.00674835307578083,0.0103981713623694));
#4242=CARTESIAN_POINT('',(-0.094020818867331,-0.00665870076875083,0.010118767576634));
#4243=CARTESIAN_POINT('',(-0.0943880367839401,-0.00661541254152625,0.0100224264488589));
#4244=CARTESIAN_POINT('',(-0.0951190871242122,-0.00650208422519079,0.00982342115044888));
#4245=CARTESIAN_POINT('',(-0.0954829548264608,-0.00643219449964969,0.00972074368233419));
#4246=CARTESIAN_POINT('',(-0.0958450014969545,-0.00634844836511427,0.0096149953285485));
#4247=CARTESIAN_POINT('',(-0.0864510894006483,-0.00553222805633241,0.0115817830950977));
#4248=CARTESIAN_POINT('',(-0.086627326887805,-0.00559974097815566,0.0115574879013391));
#4249=CARTESIAN_POINT('',(-0.086804643445147,-0.00566762657350598,0.0115330398870194));
#4250=CARTESIAN_POINT('',(-0.0871594164748785,-0.00580367146548735,0.0114841465585563));
#4251=CARTESIAN_POINT('',(-0.0873376948788698,-0.00586829660813164,0.0114587943063576));
#4252=CARTESIAN_POINT('',(-0.0876996178999773,-0.00599174799234403,0.0114056729924146));
#4253=CARTESIAN_POINT('',(-0.0878816305137517,-0.00605001704514088,0.0113781363751698));
#4254=CARTESIAN_POINT('',(-0.088430363788928,-0.00621435520391513,0.0112925760215126));
#4255=CARTESIAN_POINT('',(-0.0887997817609072,-0.00630994682577638,0.011231596067939));
#4256=CARTESIAN_POINT('',(-0.0899150373312059,-0.00655430558378679,0.01103685966618));
#4257=CARTESIAN_POINT('',(-0.0906678128111629,-0.00666051598930044,0.010891226278195));
#4258=CARTESIAN_POINT('',(-0.092171997130763,-0.00676012888652573,0.0105705450810865));
#4259=CARTESIAN_POINT('',(-0.0929170051266835,-0.00675359581173501,0.0103969885566216));
#4260=CARTESIAN_POINT('',(-0.0940241205896579,-0.00666370380751442,0.0101174454194729));
#4261=CARTESIAN_POINT('',(-0.0943914433249473,-0.00662033208324656,0.0100210578481936));
#4262=CARTESIAN_POINT('',(-0.0951226960451875,-0.00650682974638551,0.00982195991872932));
#4263=CARTESIAN_POINT('',(-0.0954866531076544,-0.0064368098063018,0.00971923879281699));
#4264=CARTESIAN_POINT('',(-0.0958488020585643,-0.00635300931795111,0.00961344195625044));
#4265=CARTESIAN_POINT('',(-0.0864519395435504,-0.005538271222408,0.0115813464240069));
#4266=CARTESIAN_POINT('',(-0.0866281717946894,-0.00560578497494777,0.0115570525205255));
#4267=CARTESIAN_POINT('',(-0.0868054587535073,-0.00567367526623009,0.0115326117999746));
#4268=CARTESIAN_POINT('',(-0.0871603041727813,-0.00580970867330205,0.0114837006330346));
#4269=CARTESIAN_POINT('',(-0.0873386925404879,-0.00587431487359527,0.0114583207207551));
#4270=CARTESIAN_POINT('',(-0.0877007608769703,-0.00599773723141848,0.011405161377207));
#4271=CARTESIAN_POINT('',(-0.0878828456412542,-0.0060559903644199,0.0113776053233039));
#4272=CARTESIAN_POINT('',(-0.0884317936274947,-0.00622027663905212,0.0112919855094409));
#4273=CARTESIAN_POINT('',(-0.0888013524150021,-0.00631582816685657,0.0112309643807053));
#4274=CARTESIAN_POINT('',(-0.0899170218285709,-0.00656005108070557,0.0110361008384579));
#4275=CARTESIAN_POINT('',(-0.0906700616145201,-0.00666615013884448,0.0108903778802818));
#4276=CARTESIAN_POINT('',(-0.0921747449326318,-0.00676550529229741,0.0105695133919306));
#4277=CARTESIAN_POINT('',(-0.092919985632807,-0.00675882711003711,0.0103958639658353));
#4278=CARTESIAN_POINT('',(-0.0940274272992675,-0.00666869599614469,0.0101161815623096));
#4279=CARTESIAN_POINT('',(-0.0943948549635442,-0.00662524096548917,0.0100197475731329));
#4280=CARTESIAN_POINT('',(-0.0951263102897025,-0.0065115649808738,0.00982055705934603));
#4281=CARTESIAN_POINT('',(-0.0954903568510347,-0.00644141511979673,0.0097177922890923));
#4282=CARTESIAN_POINT('',(-0.095852608175119,-0.00635756034565865,0.00961194699689951));
#4283=CARTESIAN_POINT('',(-0.0864527937647216,-0.00554429877857951,0.0115809662492067));
#4284=CARTESIAN_POINT('',(-0.0866290207832396,-0.00561181335481535,0.0115566736338179));
#4285=CARTESIAN_POINT('',(-0.0868062781627344,-0.00567970830234391,0.0115322401946858));
#4286=CARTESIAN_POINT('',(-0.0871611959245906,-0.00581573032156647,0.0114833112194736));
#4287=CARTESIAN_POINT('',(-0.0873396941895386,-0.0058803177302571,0.0114579036932159));
#4288=CARTESIAN_POINT('',(-0.0877019077664662,-0.00600371126892583,0.0114047063813423));
#4289=CARTESIAN_POINT('',(-0.0878840646489233,-0.00606194858795183,0.0113771309213116));
#4290=CARTESIAN_POINT('',(-0.0884332272643024,-0.00622618330093373,0.0112914517380901));
#4291=CARTESIAN_POINT('',(-0.0888029268328949,-0.00632169495635155,0.0112303894937479));
#4292=CARTESIAN_POINT('',(-0.0899190100421202,-0.00656578269934538,0.0110353989838116));
#4293=CARTESIAN_POINT('',(-0.0906723141771897,-0.00667177086912476,0.0108895865624918));
#4294=CARTESIAN_POINT('',(-0.0921774966845606,-0.00677086917144969,0.010568538972578));
#4295=CARTESIAN_POINT('',(-0.0929229702347264,-0.00676404631155852,0.0103947967268352));
#4296=CARTESIAN_POINT('',(-0.0940307383593413,-0.00667367670447353,0.0101149751634711));
#4297=CARTESIAN_POINT('',(-0.0943982710435688,-0.00663013856842885,0.01001849478922));
#4298=CARTESIAN_POINT('',(-0.0951299291640117,-0.00651628933083374,0.00981921175231336));
#4299=CARTESIAN_POINT('',(-0.0954940653455472,-0.00644600985848206,0.00971640335813426));
#4300=CARTESIAN_POINT('',(-0.0958564191169664,-0.00636210087436648,0.00961050964501165));
#4301=CARTESIAN_POINT('',(-0.0867328826176335,-0.00752066198619,0.011456311502567));
#4302=CARTESIAN_POINT('',(-0.08690739392263,-0.0075884466424618,0.0114324412372322));
#4303=CARTESIAN_POINT('',(-0.0870749525976756,-0.00765786831715869,0.0114103952877925));
#4304=CARTESIAN_POINT('',(-0.0874535906225521,-0.00779015639746364,0.0113556271941952));
#4305=CARTESIAN_POINT('',(-0.0876681228718045,-0.00784858226556931,0.0113211653764738));
#4306=CARTESIAN_POINT('',(-0.0880779590446984,-0.0079625263499373,0.0112555187071155));
#4307=CARTESIAN_POINT('',(-0.0882837626091574,-0.00801557845653472,0.0112215802111359));
#4308=CARTESIAN_POINT('',(-0.0889032995389097,-0.00816290672422989,0.0111164345289608));
#4309=CARTESIAN_POINT('',(-0.0893191595328841,-0.00824534470340378,0.0110418909714777));
#4310=CARTESIAN_POINT('',(-0.0905709213633921,-0.00844511154795919,0.0108052692826999));
#4311=CARTESIAN_POINT('',(-0.0914109023970961,-0.0085147407577083,0.0106301229720777));
#4312=CARTESIAN_POINT('',(-0.0930797630614711,-0.00852962066293169,0.0102490385809659));
#4313=CARTESIAN_POINT('',(-0.0939015853243336,-0.0084753597471367,0.0100448618886553));
#4314=CARTESIAN_POINT('',(-0.0951163951532068,-0.00830679108928348,0.00971941148718727));
#4315=CARTESIAN_POINT('',(-0.0955183626167858,-0.00823600369519556,0.00960772200466489));
#4316=CARTESIAN_POINT('',(-0.0963165145452508,-0.00806534688832584,0.00937810174908028));
#4317=CARTESIAN_POINT('',(-0.0967100361140474,-0.0079525694371699,0.00926098959420101));
#4318=CARTESIAN_POINT('',(-0.0971059811350195,-0.00785088565312254,0.00913921924028958));
#4319=CARTESIAN_POINT('',(-0.0869712616110461,-0.00761199290591481,0.0134399531349387));
#4320=CARTESIAN_POINT('',(-0.0871453297176836,-0.00767961489477265,0.0134161436399539));
#4321=CARTESIAN_POINT('',(-0.0873103830502921,-0.00774811703182434,0.0133944412173663));
#4322=CARTESIAN_POINT('',(-0.0876951484277318,-0.00788265403876851,0.0133388329551332));
#4323=CARTESIAN_POINT('',(-0.0879191632170298,-0.00794445356484957,0.0133030420677009));
#4324=CARTESIAN_POINT('',(-0.0883419946412914,-0.0080627130321405,0.013235492346486));
#4325=CARTESIAN_POINT('',(-0.0885544254214835,-0.0081178501460332,0.0132005528575995));
#4326=CARTESIAN_POINT('',(-0.0891941982796477,-0.00827116897992834,0.0130922532388023));
#4327=CARTESIAN_POINT('',(-0.0896240230174682,-0.00835724633717796,0.0130154050453211));
#4328=CARTESIAN_POINT('',(-0.0909187529762632,-0.00856654939444746,0.0127712682899603));
#4329=CARTESIAN_POINT('',(-0.091788819447993,-0.00864065676388337,0.0125902996175287));
#4330=CARTESIAN_POINT('',(-0.0935184098265115,-0.00865979648866519,0.0121962447562956));
#4331=CARTESIAN_POINT('',(-0.0943705940066674,-0.00860532013908448,0.0119849850691218));
#4332=CARTESIAN_POINT('',(-0.0956297758022087,-0.00843309620270257,0.0116483286778164));
#4333=CARTESIAN_POINT('',(-0.0960463414043216,-0.00836053981547481,0.0115328076315255));
#4334=CARTESIAN_POINT('',(-0.0968731381309988,-0.00818532589345686,0.0112953916953921));
#4335=CARTESIAN_POINT('',(-0.0972807027685925,-0.00806973214531461,0.0111743454424259));
#4336=CARTESIAN_POINT('',(-0.0976903470254566,-0.0079648352133336,0.0110485468716356));
#4337=CARTESIAN_POINT('',(-0.0866911727581342,-0.00563562969830433,0.0135646078815784));
#4338=CARTESIAN_POINT('',(-0.0868669565782933,-0.00570298160712623,0.0135403760365396));
#4339=CARTESIAN_POINT('',(-0.0870417086153509,-0.00576995701700965,0.0135162861242597));
#4340=CARTESIAN_POINT('',(-0.0874027537297703,-0.00590822796287125,0.0134665169804116));
#4341=CARTESIAN_POINT('',(-0.087590734534764,-0.00597618902953736,0.0134397803844431));
#4342=CARTESIAN_POINT('',(-0.0879659433630591,-0.00610389795112904,0.0133846800207128));
#4343=CARTESIAN_POINT('',(-0.0881547274612494,-0.00616422027745031,0.0133561035677752));
#4344=CARTESIAN_POINT('',(-0.0887241260050402,-0.00633444555663217,0.0132672704479316));
#4345=CARTESIAN_POINT('',(-0.089107790317479,-0.00643359659012572,0.0132039035675912));
#4346=CARTESIAN_POINT('',(-0.0902668416549914,-0.00668722054583364,0.0130013979910719));
#4347=CARTESIAN_POINT('',(-0.0910502312280866,-0.00679768687529848,0.0128497632079428));
#4348=CARTESIAN_POINT('',(-0.092616143449601,-0.00690104499718456,0.0125157451479077));
#4349=CARTESIAN_POINT('',(-0.0933919789170603,-0.0068940067035063,0.0123349199073017));
#4350=CARTESIAN_POINT('',(-0.0945441190083432,-0.00679998181789262,0.0120438923541003));
#4351=CARTESIAN_POINT('',(-0.0949262498311046,-0.00675467468870809,0.0119435804160806));
#4352=CARTESIAN_POINT('',(-0.0956865527497598,-0.00663626833596475,0.0117365016986252));
#4353=CARTESIAN_POINT('',(-0.096064722506934,-0.00656313390070173,0.0116297372075352));
#4354=CARTESIAN_POINT('',(-0.0964407850074034,-0.00647605043457754,0.0115198372763577));
#4355=CARTESIAN_POINT('',(-0.0866160261427828,-0.00510538008567974,0.0135980522054066));
#4356=CARTESIAN_POINT('',(-0.0867922702813827,-0.00517265953320814,0.0135737070456939));
#4357=CARTESIAN_POINT('',(-0.0869696244384642,-0.00523922532886355,0.013548976580362));
#4358=CARTESIAN_POINT('',(-0.0873243055099641,-0.00537849807422076,0.0135007740464618));
#4359=CARTESIAN_POINT('',(-0.0875026185544241,-0.00544811225530219,0.0134764666773291));
#4360=CARTESIAN_POINT('',(-0.0878650504483146,-0.00557835642419213,0.0134247064218128));
#4361=CARTESIAN_POINT('',(-0.088047490245051,-0.00564006992035052,0.0133978371436162));
#4362=CARTESIAN_POINT('',(-0.0885980076678053,-0.00581483112492789,0.0133142268003805));
#4363=CARTESIAN_POINT('',(-0.0889692873398181,-0.00591748976863055,0.0132544768974474));
#4364=CARTESIAN_POINT('',(-0.0900919366961059,-0.00618300482772354,0.0130631407842983));
#4365=CARTESIAN_POINT('',(-0.0908520712360435,-0.00630322610728892,0.0129193761554908));
#4366=CARTESIAN_POINT('',(-0.0923740693232467,-0.00642917965711478,0.0126014657068785));
#4367=CARTESIAN_POINT('',(-0.0931294207647052,-0.00643486878654836,0.0124288058952994));
#4368=CARTESIAN_POINT('',(-0.0942528420344683,-0.00636182436455482,0.01215002035998));
#4369=CARTESIAN_POINT('',(-0.094625734156397,-0.0063238280922341,0.0120537889592514));
#4370=CARTESIAN_POINT('',(-0.0953681970769132,-0.00622066296209904,0.0118548495850049));
#4371=CARTESIAN_POINT('',(-0.0957384803161156,-0.00615892017495,0.0117519168282202));
#4372=CARTESIAN_POINT('',(-0.0961055329780843,-0.00607661598387693,0.0116462824325796));
#4373=CARTESIAN_POINT('',(-0.0864971702303212,-0.00456699081621621,0.0132564681401231));
#4374=CARTESIAN_POINT('',(-0.0866739504497193,-0.00463422975306632,0.0132320001389329));
#4375=CARTESIAN_POINT('',(-0.0868543350015358,-0.00470056654714839,0.0132065752667726));
#4376=CARTESIAN_POINT('',(-0.0872016045924048,-0.00484039936499572,0.0131600710537872));
#4377=CARTESIAN_POINT('',(-0.0873686257795949,-0.00491100143772557,0.0131384021072833));
#4378=CARTESIAN_POINT('',(-0.0877160469082899,-0.00504292272005139,0.0130902838730622));
#4379=CARTESIAN_POINT('',(-0.087891000267268,-0.00510560991929483,0.0130652814269633));
#4380=CARTESIAN_POINT('',(-0.088419140676844,-0.00528369835026382,0.0129873995910518));
#4381=CARTESIAN_POINT('',(-0.0887756121322304,-0.00538911739130258,0.0129316396340479));
#4382=CARTESIAN_POINT('',(-0.0898543731519465,-0.00566451929763512,0.0127526999041097));
#4383=CARTESIAN_POINT('',(-0.0905859725351143,-0.00579348274984055,0.0126177694435893));
#4384=CARTESIAN_POINT('',(-0.0920533461927387,-0.005940839777737,0.0123181385928224));
#4385=CARTESIAN_POINT('',(-0.0927828337328298,-0.0059590785496673,0.0121548411274454));
#4386=CARTESIAN_POINT('',(-0.0938696529508808,-0.00590734450239201,0.0118902028608845));
#4387=CARTESIAN_POINT('',(-0.0942307092334903,-0.00587686754128246,0.0117987052495671));
#4388=CARTESIAN_POINT('',(-0.0949502310420728,-0.00578954229160774,0.0116092371179463));
#4389=CARTESIAN_POINT('',(-0.0953101157817381,-0.00573954186468503,0.0115108212789519));
#4390=CARTESIAN_POINT('',(-0.0956657236414595,-0.00566252687082416,0.0114101313126852));
#4391=CARTESIAN_POINT('',(-0.0864212452469312,-0.00460191551687732,0.0125405721521907));
#4392=CARTESIAN_POINT('',(-0.0865981257003399,-0.00466922206037322,0.0125160968150618));
#4393=CARTESIAN_POINT('',(-0.0867790768619273,-0.00473594102599397,0.0124906304737984));
#4394=CARTESIAN_POINT('',(-0.0871249606870102,-0.00487483916133151,0.0124442276824036));
#4395=CARTESIAN_POINT('',(-0.0872898141818067,-0.00494401991277482,0.0124227254315032));
#4396=CARTESIAN_POINT('',(-0.0876342043455649,-0.00507406942288034,0.0123748635282835));
#4397=CARTESIAN_POINT('',(-0.087807590093944,-0.00513583103989265,0.0123500022551792));
#4398=CARTESIAN_POINT('',(-0.088330881198173,-0.00531119133250907,0.0122725851685766));
#4399=CARTESIAN_POINT('',(-0.088683923806939,-0.00541485698864703,0.0122171902659485));
#4400=CARTESIAN_POINT('',(-0.0897519170394191,-0.00568531983329445,0.0120395207009701));
#4401=CARTESIAN_POINT('',(-0.090475691984868,-0.00581143148046296,0.0119056743276632));
#4402=CARTESIAN_POINT('',(-0.0919268848994276,-0.00595437587064412,0.0116086403713307));
#4403=CARTESIAN_POINT('',(-0.0926480950803548,-0.00597106719934843,0.0114468415486852));
#4404=CARTESIAN_POINT('',(-0.0937226620875381,-0.00591796619619156,0.0111846606390307));
#4405=CARTESIAN_POINT('',(-0.0940796606972352,-0.00588719058368738,0.0110940166876092));
#4406=CARTESIAN_POINT('',(-0.0947911836334279,-0.00579955455732241,0.0109063062029877));
#4407=CARTESIAN_POINT('',(-0.0951470413047773,-0.00574912691330571,0.0108088220438152));
#4408=CARTESIAN_POINT('',(-0.0954988806664416,-0.00567263787290133,0.010709023195329));
#4409=CARTESIAN_POINT('',(-0.0850734487175943,0.00484295233720817,0.0115));
#4410=CARTESIAN_POINT('',(-0.0840136638537378,0.0048429523372082,0.0117840306338879));
#4411=CARTESIAN_POINT('',(-0.082939835221751,0.00484295233720824,0.0120680312720998));
#4412=CARTESIAN_POINT('',(-0.0808032955411546,0.00484295233720832,0.0127031421517732));
#4413=CARTESIAN_POINT('',(-0.0798749925849819,0.00484295233720835,0.0129827406210744));
#4414=CARTESIAN_POINT('',(-0.0780591404042379,0.00484295233720841,0.0137392958643756));
#4415=CARTESIAN_POINT('',(-0.0771638136293905,0.00484295233720844,0.0142107214275198));
#4416=CARTESIAN_POINT('',(-0.0757282525986248,0.00484295233720849,0.0155391800741903));
#4417=CARTESIAN_POINT('',(-0.0752724391363708,0.00484295233720851,0.0163218146678661));
#4418=CARTESIAN_POINT('',(-0.0746316786365802,0.00484295233720853,0.0179186973534395));
#4419=CARTESIAN_POINT('',(-0.0744370320010588,0.00484295233720854,0.0187394838779616));
#4420=CARTESIAN_POINT('',(-0.0742585427106064,0.00484295233720854,0.0195227684202016));
#4421=CARTESIAN_POINT('',(-0.0850734487175942,0.00284295233720817,0.0115));
#4422=CARTESIAN_POINT('',(-0.0840136638537376,0.0028429523372082,0.0117840306338879));
#4423=CARTESIAN_POINT('',(-0.0829398352217509,0.00284295233720824,0.0120680312720998));
#4424=CARTESIAN_POINT('',(-0.0808032955411545,0.00284295233720832,0.0127031421517732));
#4425=CARTESIAN_POINT('',(-0.0798749925849817,0.00284295233720835,0.0129827406210744));
#4426=CARTESIAN_POINT('',(-0.0780591404042379,0.00284295233720841,0.0137392958643756));
#4427=CARTESIAN_POINT('',(-0.0771638136293903,0.00284295233720844,0.0142107214275198));
#4428=CARTESIAN_POINT('',(-0.0757282525986247,0.00284295233720849,0.0155391800741902));
#4429=CARTESIAN_POINT('',(-0.0752724391363706,0.00284295233720851,0.016321814667866));
#4430=CARTESIAN_POINT('',(-0.0746316786365802,0.00284295233720853,0.0179186973534395));
#4431=CARTESIAN_POINT('',(-0.0744370320010587,0.00284295233720871,0.0187394838779587));
#4432=CARTESIAN_POINT('',(-0.0742585427106063,0.00284295233720854,0.0195227684202016));
#4433=CARTESIAN_POINT('',(-0.0850734487175942,0.00284295233720817,0.0135));
#4434=CARTESIAN_POINT('',(-0.084013663853692,0.0028429523372082,0.0137840306338851));
#4435=CARTESIAN_POINT('',(-0.0829679226868748,0.00284295233720824,0.0140680912844338));
#4436=CARTESIAN_POINT('',(-0.0808828713692921,0.00284295233720831,0.0147016529420382));
#4437=CARTESIAN_POINT('',(-0.0800315089929739,0.00284295233720834,0.014982174435718));
#4438=CARTESIAN_POINT('',(-0.0785104085665555,0.0028429523372084,0.015693417148133));
#4439=CARTESIAN_POINT('',(-0.0778484480064699,0.00284295233720842,0.0161296695588372));
#4440=CARTESIAN_POINT('',(-0.0770606506313986,0.00284295233720845,0.017074531297602));
#4441=CARTESIAN_POINT('',(-0.0768002775015556,0.00284295233720846,0.0176249613599595));
#4442=CARTESIAN_POINT('',(-0.076367872776325,0.00284295233720847,0.0189277123786059));
#4443=CARTESIAN_POINT('',(-0.0762055408008841,0.00284295233720847,0.019673494919057));
#4444=CARTESIAN_POINT('',(-0.0760270515104596,0.00284295233720848,0.020456779461272));
#4445=CARTESIAN_POINT('',(-0.0850734487175943,0.00484295233720817,0.0135));
#4446=CARTESIAN_POINT('',(-0.0840136638536921,0.0048429523372082,0.0137840306338851));
#4447=CARTESIAN_POINT('',(-0.0829679226868749,0.00484295233720824,0.0140680912844338));
#4448=CARTESIAN_POINT('',(-0.0808828713692922,0.00484295233720831,0.0147016529420382));
#4449=CARTESIAN_POINT('',(-0.080031508992974,0.00484295233720834,0.014982174435718));
#4450=CARTESIAN_POINT('',(-0.0785104085665556,0.0048429523372084,0.015693417148133));
#4451=CARTESIAN_POINT('',(-0.07784844800647,0.00484295233720842,0.0161296695588373));
#4452=CARTESIAN_POINT('',(-0.0770606506313988,0.00484295233720845,0.017074531297602));
#4453=CARTESIAN_POINT('',(-0.0768002775015557,0.00484295233720846,0.0176249613599595));
#4454=CARTESIAN_POINT('',(-0.0763678727763251,0.00484295233720847,0.0189277123786058));
#4455=CARTESIAN_POINT('',(-0.0762055408008842,0.00484295233720848,0.0196734949190598));
#4456=CARTESIAN_POINT('',(-0.0760270515104597,0.00484295233720848,0.020456779461272));
#4457=CARTESIAN_POINT('',(-0.0850734487175944,0.00684295233720815,0.0135));
#4458=CARTESIAN_POINT('',(-0.0840136638536921,0.0068429523372082,0.0137840306338851));
#4459=CARTESIAN_POINT('',(-0.0829679226868748,0.00684295233720823,0.0140680912844338));
#4460=CARTESIAN_POINT('',(-0.0808828713692923,0.0068429523372083,0.0147016529420382));
#4461=CARTESIAN_POINT('',(-0.0800315089929741,0.00684295233720833,0.014982174435718));
#4462=CARTESIAN_POINT('',(-0.0785104085665557,0.0068429523372084,0.015693417148133));
#4463=CARTESIAN_POINT('',(-0.07784844800647,0.00684295233720841,0.0161296695588372));
#4464=CARTESIAN_POINT('',(-0.0770606506313987,0.00684295233720844,0.017074531297602));
#4465=CARTESIAN_POINT('',(-0.0768002775015558,0.00684295233720846,0.0176249613599595));
#4466=CARTESIAN_POINT('',(-0.0763678727763252,0.00684295233720847,0.0189277123786059));
#4467=CARTESIAN_POINT('',(-0.0762055408008842,0.00684295233720847,0.0196734949190626));
#4468=CARTESIAN_POINT('',(-0.0760270515104598,0.00684295233720849,0.020456779461272));
#4469=CARTESIAN_POINT('',(-0.0850734487175944,0.00684295233720815,0.0115));
#4470=CARTESIAN_POINT('',(-0.0840136638537377,0.0068429523372082,0.0117840306338879));
#4471=CARTESIAN_POINT('',(-0.0829398352217511,0.00684295233720823,0.0120680312720998));
#4472=CARTESIAN_POINT('',(-0.0808032955411546,0.0068429523372083,0.0127031421517732));
#4473=CARTESIAN_POINT('',(-0.0798749925849818,0.00684295233720833,0.0129827406210744));
#4474=CARTESIAN_POINT('',(-0.078059140404238,0.00684295233720841,0.0137392958643756));
#4475=CARTESIAN_POINT('',(-0.0771638136293905,0.00684295233720844,0.0142107214275198));
#4476=CARTESIAN_POINT('',(-0.0757282525986249,0.00684295233720849,0.0155391800741902));
#4477=CARTESIAN_POINT('',(-0.0752724391363708,0.0068429523372085,0.016321814667866));
#4478=CARTESIAN_POINT('',(-0.0746316786365803,0.00684295233720853,0.0179186973534395));
#4479=CARTESIAN_POINT('',(-0.0744370320010588,0.00684295233720837,0.0187394838779643));
#4480=CARTESIAN_POINT('',(-0.0742585427106064,0.00684295233720855,0.0195227684202016));
#4481=CARTESIAN_POINT('',(-0.0850734487175943,0.00484295233720817,0.0115));
#4482=CARTESIAN_POINT('',(-0.0840136638537378,0.0048429523372082,0.0117840306338879));
#4483=CARTESIAN_POINT('',(-0.082939835221751,0.00484295233720824,0.0120680312720998));
#4484=CARTESIAN_POINT('',(-0.0808032955411546,0.00484295233720832,0.0127031421517732));
#4485=CARTESIAN_POINT('',(-0.0798749925849819,0.00484295233720835,0.0129827406210744));
#4486=CARTESIAN_POINT('',(-0.0780591404042379,0.00484295233720841,0.0137392958643756));
#4487=CARTESIAN_POINT('',(-0.0771638136293905,0.00484295233720844,0.0142107214275198));
#4488=CARTESIAN_POINT('',(-0.0757282525986248,0.00484295233720849,0.0155391800741903));
#4489=CARTESIAN_POINT('',(-0.0752724391363708,0.00484295233720851,0.0163218146678661));
#4490=CARTESIAN_POINT('',(-0.0746316786365802,0.00484295233720853,0.0179186973534395));
#4491=CARTESIAN_POINT('',(-0.0744370320010588,0.00484295233720854,0.0187394838779616));
#4492=CARTESIAN_POINT('',(-0.0742585427106064,0.00484295233720854,0.0195227684202016));
#4493=CARTESIAN_POINT('',(-0.075142797110533,0.00484295233720851,0.0199897739407368));
#4494=CARTESIAN_POINT('',(-0.0742585427106063,0.00484295233720854,0.0195227684202016));
#4495=CARTESIAN_POINT('',(-0.075142797110533,0.00484295233720851,0.0199897739407368));
#4496=CARTESIAN_POINT('',(-0.0743339198215509,0.00484295233720854,0.0215213474882261));
#4497=CARTESIAN_POINT('',(-0.0850734487175942,-0.00484295233721114,0.0115));
#4498=CARTESIAN_POINT('',(-0.0840136638537376,-0.00484295233721114,0.0117840306338879));
#4499=CARTESIAN_POINT('',(-0.0829398352217508,-0.00484295233721114,0.0120680312720998));
#4500=CARTESIAN_POINT('',(-0.0808032955411545,-0.00484295233721114,0.0127031421517732));
#4501=CARTESIAN_POINT('',(-0.0798749925849817,-0.00484295233721114,0.0129827406210744));
#4502=CARTESIAN_POINT('',(-0.0780591404042378,-0.00484295233721114,0.0137392958643756));
#4503=CARTESIAN_POINT('',(-0.0771638136293903,-0.00484295233721114,0.0142107214275198));
#4504=CARTESIAN_POINT('',(-0.0757282525986246,-0.00484295233721114,0.0155391800741903));
#4505=CARTESIAN_POINT('',(-0.0752724391363706,-0.00484295233721114,0.0163218146678661));
#4506=CARTESIAN_POINT('',(-0.0746316786365801,-0.00484295233721114,0.0179186973534395));
#4507=CARTESIAN_POINT('',(-0.0744370320010586,-0.00484295233721114,0.0187394838779616));
#4508=CARTESIAN_POINT('',(-0.0742585427106062,-0.00484295233721114,0.0195227684202016));
#4509=CARTESIAN_POINT('',(-0.0850734487175941,-0.00284295233721114,0.0115));
#4510=CARTESIAN_POINT('',(-0.0840136638537376,-0.00284295233721114,0.0117840306338879));
#4511=CARTESIAN_POINT('',(-0.0829398352217507,-0.00284295233721114,0.0120680312720998));
#4512=CARTESIAN_POINT('',(-0.0808032955411545,-0.00284295233721114,0.0127031421517732));
#4513=CARTESIAN_POINT('',(-0.0798749925849817,-0.00284295233721114,0.0129827406210744));
#4514=CARTESIAN_POINT('',(-0.0780591404042377,-0.00284295233721114,0.0137392958643756));
#4515=CARTESIAN_POINT('',(-0.0771638136293903,-0.00284295233721114,0.0142107214275198));
#4516=CARTESIAN_POINT('',(-0.0757282525986245,-0.00284295233721114,0.0155391800741902));
#4517=CARTESIAN_POINT('',(-0.0752724391363705,-0.00284295233721114,0.016321814667866));
#4518=CARTESIAN_POINT('',(-0.07463167863658,-0.00284295233721114,0.0179186973534395));
#4519=CARTESIAN_POINT('',(-0.0744370320010587,-0.00284295233721132,0.0187394838779587));
#4520=CARTESIAN_POINT('',(-0.0742585427106063,-0.00284295233721114,0.0195227684202016));
#4521=CARTESIAN_POINT('',(-0.0850734487175941,-0.00284295233721114,0.0135));
#4522=CARTESIAN_POINT('',(-0.0840136638536919,-0.00284295233721114,0.0137840306338851));
#4523=CARTESIAN_POINT('',(-0.0829679226868747,-0.00284295233721114,0.0140680912844338));
#4524=CARTESIAN_POINT('',(-0.080882871369292,-0.00284295233721114,0.0147016529420382));
#4525=CARTESIAN_POINT('',(-0.0800315089929738,-0.00284295233721114,0.014982174435718));
#4526=CARTESIAN_POINT('',(-0.0785104085665554,-0.00284295233721114,0.015693417148133));
#4527=CARTESIAN_POINT('',(-0.0778484480064699,-0.00284295233721114,0.0161296695588372));
#4528=CARTESIAN_POINT('',(-0.0770606506313986,-0.00284295233721114,0.017074531297602));
#4529=CARTESIAN_POINT('',(-0.0768002775015555,-0.00284295233721114,0.0176249613599595));
#4530=CARTESIAN_POINT('',(-0.0763678727763249,-0.00284295233721114,0.0189277123786059));
#4531=CARTESIAN_POINT('',(-0.0762055408008841,-0.00284295233721114,0.019673494919057));
#4532=CARTESIAN_POINT('',(-0.0760270515104595,-0.00284295233721114,0.020456779461272));
#4533=CARTESIAN_POINT('',(-0.0850734487175942,-0.00484295233721114,0.0135));
#4534=CARTESIAN_POINT('',(-0.0840136638536919,-0.00484295233721114,0.0137840306338851));
#4535=CARTESIAN_POINT('',(-0.0829679226868747,-0.00484295233721114,0.0140680912844338));
#4536=CARTESIAN_POINT('',(-0.080882871369292,-0.00484295233721114,0.0147016529420382));
#4537=CARTESIAN_POINT('',(-0.0800315089929738,-0.00484295233721114,0.014982174435718));
#4538=CARTESIAN_POINT('',(-0.0785104085665554,-0.00484295233721114,0.015693417148133));
#4539=CARTESIAN_POINT('',(-0.0778484480064698,-0.00484295233721114,0.0161296695588373));
#4540=CARTESIAN_POINT('',(-0.0770606506313986,-0.00484295233721114,0.017074531297602));
#4541=CARTESIAN_POINT('',(-0.0768002775015555,-0.00484295233721114,0.0176249613599595));
#4542=CARTESIAN_POINT('',(-0.076367872776325,-0.00484295233721114,0.0189277123786058));
#4543=CARTESIAN_POINT('',(-0.0762055408008841,-0.00484295233721114,0.0196734949190598));
#4544=CARTESIAN_POINT('',(-0.0760270515104595,-0.00484295233721114,0.020456779461272));
#4545=CARTESIAN_POINT('',(-0.0850734487175941,-0.00684295233721114,0.0135));
#4546=CARTESIAN_POINT('',(-0.0840136638536919,-0.00684295233721114,0.0137840306338851));
#4547=CARTESIAN_POINT('',(-0.0829679226868747,-0.00684295233721114,0.0140680912844338));
#4548=CARTESIAN_POINT('',(-0.080882871369292,-0.00684295233721114,0.0147016529420382));
#4549=CARTESIAN_POINT('',(-0.0800315089929738,-0.00684295233721114,0.014982174435718));
#4550=CARTESIAN_POINT('',(-0.0785104085665554,-0.00684295233721114,0.015693417148133));
#4551=CARTESIAN_POINT('',(-0.0778484480064699,-0.00684295233721114,0.0161296695588372));
#4552=CARTESIAN_POINT('',(-0.0770606506313986,-0.00684295233721114,0.017074531297602));
#4553=CARTESIAN_POINT('',(-0.0768002775015555,-0.00684295233721114,0.0176249613599595));
#4554=CARTESIAN_POINT('',(-0.0763678727763249,-0.00684295233721114,0.0189277123786059));
#4555=CARTESIAN_POINT('',(-0.0762055408008841,-0.00684295233721114,0.0196734949190626));
#4556=CARTESIAN_POINT('',(-0.0760270515104595,-0.00684295233721114,0.020456779461272));
#4557=CARTESIAN_POINT('',(-0.0850734487175941,-0.00684295233721114,0.0115));
#4558=CARTESIAN_POINT('',(-0.0840136638537376,-0.00684295233721114,0.0117840306338879));
#4559=CARTESIAN_POINT('',(-0.0829398352217507,-0.00684295233721114,0.0120680312720998));
#4560=CARTESIAN_POINT('',(-0.0808032955411545,-0.00684295233721114,0.0127031421517732));
#4561=CARTESIAN_POINT('',(-0.0798749925849817,-0.00684295233721114,0.0129827406210744));
#4562=CARTESIAN_POINT('',(-0.0780591404042377,-0.00684295233721114,0.0137392958643756));
#4563=CARTESIAN_POINT('',(-0.0771638136293903,-0.00684295233721114,0.0142107214275198));
#4564=CARTESIAN_POINT('',(-0.0757282525986245,-0.00684295233721114,0.0155391800741902));
#4565=CARTESIAN_POINT('',(-0.0752724391363705,-0.00684295233721114,0.016321814667866));
#4566=CARTESIAN_POINT('',(-0.07463167863658,-0.00684295233721114,0.0179186973534395));
#4567=CARTESIAN_POINT('',(-0.0744370320010587,-0.00684295233721096,0.0187394838779643));
#4568=CARTESIAN_POINT('',(-0.0742585427106063,-0.00684295233721114,0.0195227684202016));
#4569=CARTESIAN_POINT('',(-0.0850734487175942,-0.00484295233721114,0.0115));
#4570=CARTESIAN_POINT('',(-0.0840136638537376,-0.00484295233721114,0.0117840306338879));
#4571=CARTESIAN_POINT('',(-0.0829398352217508,-0.00484295233721114,0.0120680312720998));
#4572=CARTESIAN_POINT('',(-0.0808032955411545,-0.00484295233721114,0.0127031421517732));
#4573=CARTESIAN_POINT('',(-0.0798749925849817,-0.00484295233721114,0.0129827406210744));
#4574=CARTESIAN_POINT('',(-0.0780591404042378,-0.00484295233721114,0.0137392958643756));
#4575=CARTESIAN_POINT('',(-0.0771638136293903,-0.00484295233721114,0.0142107214275198));
#4576=CARTESIAN_POINT('',(-0.0757282525986246,-0.00484295233721114,0.0155391800741903));
#4577=CARTESIAN_POINT('',(-0.0752724391363706,-0.00484295233721114,0.0163218146678661));
#4578=CARTESIAN_POINT('',(-0.0746316786365801,-0.00484295233721114,0.0179186973534395));
#4579=CARTESIAN_POINT('',(-0.0744370320010586,-0.00484295233721114,0.0187394838779616));
#4580=CARTESIAN_POINT('',(-0.0742585427106062,-0.00484295233721114,0.0195227684202016));
#4581=CARTESIAN_POINT('',(-0.0751427971105329,-0.00484295233721114,0.0199897739407368));
#4582=CARTESIAN_POINT('',(-0.0742585427106062,-0.00484295233721114,0.0195227684202016));
#4583=CARTESIAN_POINT('',(-0.0751427971105329,-0.00484295233721114,0.0199897739407368));
#4584=CARTESIAN_POINT('',(-0.0743339198215508,-0.00484295233721114,0.0215213474882261));
#4585=CARTESIAN_POINT('',(-0.0870734487175942,-0.0075,0.0105));
#4586=CARTESIAN_POINT('',(-0.0840734487175942,1.7347234759768E-18,0.0075));
#4587=CARTESIAN_POINT('',(-0.0975234789779059,-0.0052,0.0102433357034933));
#4588=CARTESIAN_POINT('',(-0.0975234789779059,-0.0062,0.0102433357034933));
#4589=CARTESIAN_POINT('',(-0.0918516651147433,-0.0062,0.00828616235868293));
#4590=CARTESIAN_POINT('',(-0.0952877699680811,-0.00619973719513058,0.00467574278862148));
#4591=CARTESIAN_POINT('',(-0.0952861892283812,-0.00619999999620276,0.00467606217180191));
#4592=CARTESIAN_POINT('',(-0.0951107431782937,-0.00623131162951231,0.00474656771589291));
#4593=CARTESIAN_POINT('',(-0.0947551910663104,-0.00628679211947896,0.00490858766155451));
#4594=CARTESIAN_POINT('',(-0.0942158098741794,-0.0063486067702434,0.00522398461159084));
#4595=CARTESIAN_POINT('',(-0.0937751452961657,-0.00638222496129627,0.00554810046931269));
#4596=CARTESIAN_POINT('',(-0.0934692606670692,-0.00639647039340348,0.00581804327628436));
#4597=CARTESIAN_POINT('',(-0.0933078968798253,-0.00640180140516778,0.00597217537703765));
#4598=CARTESIAN_POINT('',(-0.0931609655350662,-0.0064048316196859,0.00612317670307716));
#4599=CARTESIAN_POINT('',(-0.093123003094246,-0.00640510578598894,0.00616454971715869));
#4600=CARTESIAN_POINT('',(-0.0930264695615324,-0.00640562133981402,0.00626999307964445));
#4601=CARTESIAN_POINT('',(-0.092858243725207,-0.00640451397532415,0.00646487935375219));
#4602=CARTESIAN_POINT('',(-0.0925669450436355,-0.00639841498534753,0.0068417148451163));
#4603=CARTESIAN_POINT('',(-0.0921918792485182,-0.00638348404948733,0.00745365542187931));
#4604=CARTESIAN_POINT('',(-0.0919559182712331,-0.00636852530567194,0.00798470440105448));
#4605=CARTESIAN_POINT('',(-0.0918530034492487,-0.00635978890556346,0.00828228820817377));
#4606=CARTESIAN_POINT('',(-0.0918492146364829,-0.00636755768363702,0.00828120597913439));
#4607=CARTESIAN_POINT('',(-0.0918516651147433,-0.0052,0.00828616235868293));
#4608=CARTESIAN_POINT('',(-0.0949471417888864,-0.0052,0.000909305022402396));
#4609=CARTESIAN_POINT('',(-0.0918516777243223,-0.00637564488162758,0.00828616764990147));
#4610=CARTESIAN_POINT('',(-0.0929252351986413,-0.00644653065388784,0.0087366516497811));
#4611=CARTESIAN_POINT('',(-0.0940517838026077,-0.00638798236131003,0.00893111696730331));
#4612=CARTESIAN_POINT('',(-0.0951244288864836,-0.00620000000389414,0.00890734036147321));
#4613=CARTESIAN_POINT('',(-0.0951255240699349,-0.00620040148448488,0.00890771752078417));
#4614=CARTESIAN_POINT('',(-0.0949471417888864,-0.0062,0.000909305022402396));
#4615=CARTESIAN_POINT('',(-0.0966199956326207,-0.0052,0.00557632036294786));
#4616=CARTESIAN_POINT('',(-0.0949471417888864,-0.0052,0.000909305022402396));
#4617=CARTESIAN_POINT('',(-0.098147213031556,-0.0052,0.00713502137008796));
#4618=CARTESIAN_POINT('',(-0.0999075846219735,-0.0052,0.00584833396539066));
#4619=CARTESIAN_POINT('',(-0.0975234789779059,-0.0052,0.0102433357034933));
#4620=CARTESIAN_POINT('',(-0.0976789654445807,-0.0052,0.00524575389238897));
#4621=CARTESIAN_POINT('',(-0.0965013768242988,-0.0052,0.00654027505536105));
#4622=CARTESIAN_POINT('',(-0.0965013768242988,-0.0052,0.00654027505536105));
#4623=CARTESIAN_POINT('',(-0.0976789654445807,-0.0052,0.00524575389238897));
#4624=CARTESIAN_POINT('',(-0.0972984090193344,-0.00553417951907606,0.00489957267221002));
#4625=CARTESIAN_POINT('',(-0.0959760521319036,-0.0058943705926085,0.00463538498244137));
#4626=CARTESIAN_POINT('',(-0.0949755663432767,-0.00553412862427711,0.00554078198561443));
#4627=CARTESIAN_POINT('',(-0.094826487178084,-0.0052,0.00603308212066798));
#4628=CARTESIAN_POINT('',(-0.0953936388589658,-0.0052,0.00789505053497374));
#4629=CARTESIAN_POINT('',(-0.0957678454450375,-0.00552921742641739,0.0082010221505715));
#4630=CARTESIAN_POINT('',(-0.0970175565521127,-0.00589932170036869,0.00841010098247337));
#4631=CARTESIAN_POINT('',(-0.0979829507938269,-0.00552918852775491,0.00758958280518289));
#4632=CARTESIAN_POINT('',(-0.098147213031556,-0.0052,0.00713502137008796));
#4633=CARTESIAN_POINT('',(-0.0975234789779061,0.00519999999999659,0.0102433357034933));
#4634=CARTESIAN_POINT('',(-0.0918516651147435,0.00519999999999679,0.00828616235868293));
#4635=CARTESIAN_POINT('',(-0.0918516651147435,0.0061999999999968,0.00828616235868293));
#4636=CARTESIAN_POINT('',(-0.0918484189957488,0.00637702887155353,0.00828237194078556));
#4637=CARTESIAN_POINT('',(-0.0918525633454387,0.0063686947504972,0.0082835612548802));
#4638=CARTESIAN_POINT('',(-0.0919564005783449,0.0063774521648372,0.00798309188824661));
#4639=CARTESIAN_POINT('',(-0.0921950234546091,0.00639240499735505,0.00744688097185331));
#4640=CARTESIAN_POINT('',(-0.0925753145854799,0.00640718704952046,0.00682908848305097));
#4641=CARTESIAN_POINT('',(-0.0928713117709366,0.00641303578279424,0.00644865817453085));
#4642=CARTESIAN_POINT('',(-0.0930425522630376,0.00641392001913157,0.006251828327651));
#4643=CARTESIAN_POINT('',(-0.0931409453998052,0.0064132366462111,0.00614527162990992));
#4644=CARTESIAN_POINT('',(-0.0931796785630817,0.00641289108165747,0.00610343830481905));
#4645=CARTESIAN_POINT('',(-0.0933284427844258,0.0064095528715865,0.0059519682475585));
#4646=CARTESIAN_POINT('',(-0.0934919313252941,0.0064038407108296,0.00579734131925041));
#4647=CARTESIAN_POINT('',(-0.0938017911316339,0.00638878462784609,0.00552678249757839));
#4648=CARTESIAN_POINT('',(-0.0942482245440433,0.00635371063045057,0.00520253661393634));
#4649=CARTESIAN_POINT('',(-0.094794628633869,0.00628963722866993,0.00488809685294193));
#4650=CARTESIAN_POINT('',(-0.0951547773240765,0.00623231615385499,0.00472738706259241));
#4651=CARTESIAN_POINT('',(-0.0953324798652936,0.00620000000390365,0.00465768239447646));
#4652=CARTESIAN_POINT('',(-0.0953334988790958,0.00619998202675663,0.00465730219968736));
#4653=CARTESIAN_POINT('',(-0.0975234789779061,0.0061999999999966,0.0102433357034933));
#4654=CARTESIAN_POINT('',(-0.0949471417888866,0.00519999999999668,0.000909305022402396));
#4655=CARTESIAN_POINT('',(-0.0949471417888866,0.00619999999999667,0.000909305022402396));
#4656=CARTESIAN_POINT('',(-0.0951742761801784,0.00619976573598055,0.00890588995560505));
#4657=CARTESIAN_POINT('',(-0.0951729709522327,0.00620000000403999,0.00890611696148052));
#4658=CARTESIAN_POINT('',(-0.0940845305233543,0.00639445046791355,0.00893685440951333));
#4659=CARTESIAN_POINT('',(-0.0929403628081737,0.00645587600509069,0.00874299965028077));
#4660=CARTESIAN_POINT('',(-0.0918516766652972,0.00638427661557141,0.00828616720551529));
#4661=CARTESIAN_POINT('',(-0.0966199956326209,0.00519999999999662,0.00557632036294786));
#4662=CARTESIAN_POINT('',(-0.0949471417888866,0.00519999999999668,0.000909305022402396));
#4663=CARTESIAN_POINT('',(-0.0953936388589659,0.00519999999999667,0.00789505053497372));
#4664=CARTESIAN_POINT('',(-0.0932224965720611,0.00519999999999674,0.00769352191723122));
#4665=CARTESIAN_POINT('',(-0.0975234789779061,0.00519999999999659,0.0102433357034933));
#4666=CARTESIAN_POINT('',(-0.0948264871780842,0.00519999999999669,0.00603308212066795));
#4667=CARTESIAN_POINT('',(-0.096501376824299,0.00519999999999663,0.00654027505536105));
#4668=CARTESIAN_POINT('',(-0.096501376824299,0.00519999999999663,0.00654027505536105));
#4669=CARTESIAN_POINT('',(-0.0948264871780842,0.00519999999999669,0.00603308212066794));
#4670=CARTESIAN_POINT('',(-0.0949755890511612,0.00553417951907274,0.00554070699797619));
#4671=CARTESIAN_POINT('',(-0.09597520747675,0.00589437059260514,0.00463561812035996));
#4672=CARTESIAN_POINT('',(-0.0972984669772334,0.00553412862427372,0.00489962539484139));
#4673=CARTESIAN_POINT('',(-0.0976789654445809,0.0051999999999966,0.00524575389238895));
#4674=CARTESIAN_POINT('',(-0.0981472130315562,0.00519999999999657,0.00713502137008793));
#4675=CARTESIAN_POINT('',(-0.0979829363736436,0.00552921742641399,0.00758962271002884));
#4676=CARTESIAN_POINT('',(-0.0970174101443212,0.00589932170036528,0.0084101413932939));
#4677=CARTESIAN_POINT('',(-0.0957678125972327,0.00552918852775157,0.00820099529242327));
#4678=CARTESIAN_POINT('',(-0.0953936388589659,0.00519999999999665,0.00789505053497373));
#4679=CARTESIAN_POINT('',(-0.0949471417888866,0.00619999999999668,0.000909305022402396));
#4680=CARTESIAN_POINT('',(-0.100419804902266,0.00552379711928915,0.00577633313943855));
#4681=CARTESIAN_POINT('',(-0.100250576458132,0.00541254101491331,0.00579920400119212));
#4682=CARTESIAN_POINT('',(-0.100079952310407,0.00530435370677849,0.0058231176488417));
#4683=CARTESIAN_POINT('',(-0.0999075846219736,0.00519999999999651,0.00584833396539066));
#4684=CARTESIAN_POINT('',(-0.0951751853167589,0.00620070880928471,0.00890676321863043));
#4685=CARTESIAN_POINT('',(-0.0951876062750004,0.00633566046043819,0.0090414155442384));
#4686=CARTESIAN_POINT('',(-0.0951993781672048,0.00647063933573962,0.00917610009531967));
#4687=CARTESIAN_POINT('',(-0.0952106021452599,0.00660563656280965,0.00931081171267636));
#4688=CARTESIAN_POINT('',(-0.0918516651147435,0.0061999999999968,0.00828616235868293));
#4689=CARTESIAN_POINT('',(-0.0922938257951255,0.00584653916780715,0.00808838320711988));
#4690=CARTESIAN_POINT('',(-0.0927471588609994,0.00550828973154693,0.0078907796452546));
#4691=CARTESIAN_POINT('',(-0.0932224965720612,0.00519999999999676,0.00769352191723125));
#4692=CARTESIAN_POINT('',(-0.0975234789779061,0.00619999999999659,0.0102433357034933));
#4693=CARTESIAN_POINT('',(-0.0953345178928979,0.00619996405351657,0.00465692200489827));
#4694=CARTESIAN_POINT('',(-0.0953431750955396,0.00632618779286048,0.00451796198146728));
#4695=CARTESIAN_POINT('',(-0.0953526682393562,0.00645268798648711,0.00437930643500657));
#4696=CARTESIAN_POINT('',(-0.095362529902149,0.00657950629607363,0.00424096953058537));
#4697=CARTESIAN_POINT('',(-0.0949471417888864,-0.0052,0.000909305022402396));
#4698=CARTESIAN_POINT('',(-0.0951266192533863,-0.00620080296896975,0.00890809468009511));
#4699=CARTESIAN_POINT('',(-0.0951430771312327,-0.00633772044176833,0.00904467733215087));
#4700=CARTESIAN_POINT('',(-0.0951589355021706,-0.00647468369539947,0.0091812860194496));
#4701=CARTESIAN_POINT('',(-0.0951742897445346,-0.00661168026319715,0.00931791778887615));
#4702=CARTESIAN_POINT('',(-0.100419804902261,-0.00552379711928966,0.00577633313943916));
#4703=CARTESIAN_POINT('',(-0.100250576458128,-0.00541254101491488,0.00579920400119254));
#4704=CARTESIAN_POINT('',(-0.100079952310405,-0.00530435370678107,0.00582311764884192));
#4705=CARTESIAN_POINT('',(-0.0999075846219735,-0.00520000000000004,0.00584833396539064));
#4706=CARTESIAN_POINT('',(-0.093222496572061,-0.0052,0.00769352191723125));
#4707=CARTESIAN_POINT('',(-0.0927471588609992,-0.00550828973155016,0.00789077964525461));
#4708=CARTESIAN_POINT('',(-0.0922938257951253,-0.00584653916781036,0.00808838320711987));
#4709=CARTESIAN_POINT('',(-0.0918516651147433,-0.0062,0.00828616235868293));
#4710=CARTESIAN_POINT('',(-0.0975234789779059,-0.0052,0.0102433357034933));
#4711=CARTESIAN_POINT('',(-0.0952896687296497,-0.00619924814905414,0.00467547524109709));
#4712=CARTESIAN_POINT('',(-0.0953025031518397,-0.00632749049341054,0.00453214777874084));
#4713=CARTESIAN_POINT('',(-0.0953163742758745,-0.00645605761052208,0.00438920566858693));
#4714=CARTESIAN_POINT('',(-0.0953306837622168,-0.00658501638685906,0.00424666300919777));
#4715=CARTESIAN_POINT('',(-0.0952279169922094,-0.00660541914886381,0.00931939280707055));
#4716=CARTESIAN_POINT('',(-0.0947269470567281,-0.00668976466217678,0.00933161694219298));
#4717=CARTESIAN_POINT('',(-0.0942216365736697,-0.00674993987093302,0.00930182586277659));
#4718=CARTESIAN_POINT('',(-0.092882484595086,-0.00684266581875776,0.00910522492399338));
#4719=CARTESIAN_POINT('',(-0.0920559276677143,-0.00682888141296168,0.00885799852195102));
#4720=CARTESIAN_POINT('',(-0.0912926124739391,-0.00676229967486253,0.00850457634347426));
#4721=CARTESIAN_POINT('',(-0.0952273906697772,-0.00660270564190016,0.00931665726465354));
#4722=CARTESIAN_POINT('',(-0.0947266681779877,-0.00668703618852822,0.00932887742033755));
#4723=CARTESIAN_POINT('',(-0.09422160731734,-0.00674720070871679,0.00929909602187466));
#4724=CARTESIAN_POINT('',(-0.0928831167332312,-0.00683991020846781,0.0091025590316132));
#4725=CARTESIAN_POINT('',(-0.0920569680330296,-0.00682612824611524,0.0088554130482636));
#4726=CARTESIAN_POINT('',(-0.0912940298344984,-0.00675955831980176,0.00850210582525386));
#4727=CARTESIAN_POINT('',(-0.0951484589867647,-0.00619576560207153,0.00890641260523641));
#4728=CARTESIAN_POINT('',(-0.0946848452059987,-0.00627785162033283,0.0089180359712859));
#4729=CARTESIAN_POINT('',(-0.0942172197951607,-0.00633641319414542,0.00888970640900939));
#4730=CARTESIAN_POINT('',(-0.0929779174193546,-0.00642665600416025,0.00870275967015936));
#4731=CARTESIAN_POINT('',(-0.0922129898559066,-0.00641324048088995,0.00846767394185055));
#4732=CARTESIAN_POINT('',(-0.0915065889950861,-0.00634844194805196,0.00813160639537477));
#4733=CARTESIAN_POINT('',(-0.0951470514443644,-0.0061885088790606,0.00889909695288291));
#4734=CARTESIAN_POINT('',(-0.0946840994014734,-0.00627055487196422,0.00891070967673294));
#4735=CARTESIAN_POINT('',(-0.0942171415550514,-0.00632908786137441,0.00888240600419946));
#4736=CARTESIAN_POINT('',(-0.0929796079443782,-0.00641928668435818,0.00869563028267701));
#4737=CARTESIAN_POINT('',(-0.0922157721015483,-0.00640587769558107,0.00846075961782156));
#4738=CARTESIAN_POINT('',(-0.0915103794379054,-0.0063411107509638,0.00812499949638427));
#4739=CARTESIAN_POINT('',(-0.0918466129873342,-0.00636773688955687,0.00827555538482304));
#4740=CARTESIAN_POINT('',(-0.0916750533909944,-0.00649269157722419,0.00835014324002329));
#4741=CARTESIAN_POINT('',(-0.0914980483856584,-0.00662389675893513,0.00842894135837169));
#4742=CARTESIAN_POINT('',(-0.0913156027726777,-0.00676166455088543,0.008512320955413));
#4743=CARTESIAN_POINT('',(-0.091305685690342,-0.00676063471390831,0.00854745907933576));
#4744=CARTESIAN_POINT('',(-0.0913127051210558,-0.00676124100082417,0.00852264321082701));
#4745=CARTESIAN_POINT('',(-0.091319880623357,-0.00676185787281899,0.00849781847400008));
#4746=CARTESIAN_POINT('',(-0.091552637905049,-0.00678177052652628,0.00770934111753167));
#4747=CARTESIAN_POINT('',(-0.0919255898922094,-0.00680999528841803,0.00698660877645554));
#4748=CARTESIAN_POINT('',(-0.0929184883351332,-0.00682454868994177,0.00572056382183007));
#4749=CARTESIAN_POINT('',(-0.0935390489194543,-0.00680928188797336,0.00517776649788095));
#4750=CARTESIAN_POINT('',(-0.0945963512168169,-0.00670050066029493,0.00455239469455372));
#4751=CARTESIAN_POINT('',(-0.0949755754489883,-0.00664806556164881,0.00437503047796456));
#4752=CARTESIAN_POINT('',(-0.0953648871548163,-0.00657885472099066,0.00423432189788339));
#4753=CARTESIAN_POINT('',(-0.091737212388423,-0.00634948976504196,0.00865602943556946));
#4754=CARTESIAN_POINT('',(-0.0917436076303891,-0.00635007992106702,0.00863280232915643));
#4755=CARTESIAN_POINT('',(-0.091750145063678,-0.00635068038033838,0.00860956690116023));
#4756=CARTESIAN_POINT('',(-0.0919622047448555,-0.00637006322355372,0.00787156805212808));
#4757=CARTESIAN_POINT('',(-0.0923019925222655,-0.00639753702194581,0.00719510520702955));
#4758=CARTESIAN_POINT('',(-0.0932065989242211,-0.0064117032018038,0.0060101127506941));
#4759=CARTESIAN_POINT('',(-0.093771977066798,-0.00639684260251058,0.00550206543995624));
#4760=CARTESIAN_POINT('',(-0.0947352603046923,-0.00629095567754699,0.0049167300882833));
#4761=CARTESIAN_POINT('',(-0.0950807571611505,-0.00623991717744159,0.00475072175269294));
#4762=CARTESIAN_POINT('',(-0.0954354474322846,-0.00617254847709548,0.00461902181538038));
#4763=CARTESIAN_POINT('',(-0.0953968900743694,0.00657327647406647,0.00422872291618001));
#4764=CARTESIAN_POINT('',(-0.0949979408300246,0.00664505277577643,0.00437075744465186));
#4765=CARTESIAN_POINT('',(-0.0946108644646979,0.00669883275125326,0.00455095210234215));
#4766=CARTESIAN_POINT('',(-0.0935508665277043,0.00680839126129208,0.0051770812047911));
#4767=CARTESIAN_POINT('',(-0.0929301300337128,0.00682431871349358,0.00571825289424134));
#4768=CARTESIAN_POINT('',(-0.0919387021705365,0.00681057821682806,0.00697847762827921));
#4769=CARTESIAN_POINT('',(-0.0915655233009652,0.00678270653791124,0.00769695652900468));
#4770=CARTESIAN_POINT('',(-0.0913300049645455,0.00676272594253508,0.0084886836754964));
#4771=CARTESIAN_POINT('',(-0.0913220257191178,0.00676204525016427,0.0085161410022868));
#4772=CARTESIAN_POINT('',(-0.0913142371006843,0.00676137729183724,0.00854359477025802));
#4773=CARTESIAN_POINT('',(-0.0954639825658994,0.00617544105420679,0.00460823861646196));
#4774=CARTESIAN_POINT('',(-0.0950999495143573,0.00624534625823569,0.00474131060963423));
#4775=CARTESIAN_POINT('',(-0.0947467529081955,0.00629772343066229,0.00491013439977831));
#4776=CARTESIAN_POINT('',(-0.0937795214959057,0.00640442668954228,0.00549675553719791));
#4777=CARTESIAN_POINT('',(-0.0932131092276957,0.00641993904520761,0.00600377996903844));
#4778=CARTESIAN_POINT('',(-0.0923084469273152,0.00640655665007513,0.00718448609614305));
#4779=CARTESIAN_POINT('',(-0.091967927090327,0.00637941134435464,0.00785762987538713));
#4780=CARTESIAN_POINT('',(-0.0917530203196362,0.00635995147353918,0.00859940002745976));
#4781=CARTESIAN_POINT('',(-0.0917457393816991,0.00635928852080191,0.00862512480562743));
#4782=CARTESIAN_POINT('',(-0.0917386323859089,0.00635863797002577,0.00865084622670652));
#4783=CARTESIAN_POINT('',(-0.0918457353506547,0.00637716895847247,0.00827597158367608));
#4784=CARTESIAN_POINT('',(-0.0916798724670975,0.0064974635705076,0.00834815018362306));
#4785=CARTESIAN_POINT('',(-0.091505929271821,0.00662577057595375,0.00842555763777706));
#4786=CARTESIAN_POINT('',(-0.0913242929295098,0.00676221494836163,0.00850859438227465));
#4787=CARTESIAN_POINT('',(-0.0913021146997881,0.00676026624607672,0.00849852152180809));
#4788=CARTESIAN_POINT('',(-0.0920659985125231,0.00682651747667359,0.00885194047337581));
#4789=CARTESIAN_POINT('',(-0.092892286889695,0.00683972241013462,0.00909831795557076));
#4790=CARTESIAN_POINT('',(-0.0942448464700875,0.00674531204058766,0.00929578413095392));
#4791=CARTESIAN_POINT('',(-0.094764729447826,0.00668228362713103,0.00932450025322632));
#4792=CARTESIAN_POINT('',(-0.0952790498624456,0.00659390342125466,0.00930886969436599));
#4793=CARTESIAN_POINT('',(-0.0915107999604168,0.00635755581850748,0.00813361275210038));
#4794=CARTESIAN_POINT('',(-0.0922190034265613,0.00642208025557769,0.00847003878074891));
#4795=CARTESIAN_POINT('',(-0.0929850631171027,0.00643494130170149,0.00870456932613322));
#4796=CARTESIAN_POINT('',(-0.0942390334081797,0.00634299140285828,0.0088925408237286));
#4797=CARTESIAN_POINT('',(-0.0947210128104574,0.00628160794817796,0.00891987769909589));
#4798=CARTESIAN_POINT('',(-0.0951978412602531,0.00619553177221029,0.00890499915252895));
#4799=CARTESIAN_POINT('',(-0.112464251395236,-0.0075,0.0309552281921153));
#4800=CARTESIAN_POINT('',(-0.112464251395236,-0.00536121379324067,0.0309552281921153));
#4801=CARTESIAN_POINT('',(-0.102169490727231,-3.46944695195361E-18,0.00848732741334717));
#4802=CARTESIAN_POINT('',(-0.112464251395236,0.00536121379324067,0.0309552281921153));
#4803=CARTESIAN_POINT('',(-0.103739453156704,-0.000817591054634394,0.00623908927092112));
#4804=CARTESIAN_POINT('',(-0.10644146123062,-0.00222471875992871,0.00848784245770799));
#4805=CARTESIAN_POINT('',(-0.103059162718668,-0.000463458716175764,0.011096779169001));
#4806=CARTESIAN_POINT('',(-0.105377771223133,-0.00167077974922449,0.0110650124845039));
#4807=CARTESIAN_POINT('',(-0.10468915848092,-0.00131217013693648,0.00885108480869083));
#4808=CARTESIAN_POINT('',(-0.0925188083353607,0.00502579644364883,-0.0302772573782641));
#4809=CARTESIAN_POINT('',(-0.105309415586178,-0.00163518210926878,0.00865274327830289));
#4810=CARTESIAN_POINT('',(-0.105309415586178,-0.00163518210926878,0.00623908927092112));
#4811=CARTESIAN_POINT('',(-0.103739453156704,0.000817591054634389,0.00623908927092112));
#4812=CARTESIAN_POINT('',(-0.10644146123062,0.00222471875992871,0.00848784245770799));
#4813=CARTESIAN_POINT('',(-0.103059178816082,0.00046337873962131,0.0110968488873114));
#4814=CARTESIAN_POINT('',(-0.105309415586178,0.00163518210926878,0.00623908927092112));
#4815=CARTESIAN_POINT('',(-0.105309415586178,0.00163518210926878,0.0086527432783029));
#4816=CARTESIAN_POINT('',(-0.0925188083353607,-0.00502579644364884,-0.0302772573782641));
#4817=CARTESIAN_POINT('',(-0.10468915848092,0.00131217013693647,0.00885108480869083));
#4818=CARTESIAN_POINT('',(-0.105377771223133,0.00167077974922449,0.0110650124845039));
#4819=CARTESIAN_POINT('',(-0.10820097440848,0.001286109796622,0.00623908927092112));
#4820=CARTESIAN_POINT('',(-0.108720908916204,0.00122334270378732,0.00737782523743149));
#4821=CARTESIAN_POINT('',(-0.109742949468081,0.00109996079078225,0.00690437178460478));
#4822=CARTESIAN_POINT('',(-0.0925188083353607,0.00317927895376781,-0.0302772573782641));
#4823=CARTESIAN_POINT('',(-0.10820097440848,-0.001286109796622,0.00623908927092112));
#4824=CARTESIAN_POINT('',(-0.108720908916204,-0.00122334270378732,0.00737782523743149));
#4825=CARTESIAN_POINT('',(-0.109742949468081,-0.00109996079078224,0.00690437178460478));
#4826=CARTESIAN_POINT('',(-0.0925188083353607,-0.0031792789537678,-0.0302772573782641));
#4827=CARTESIAN_POINT('',(-0.10644146123062,0.00028141228426206,0.00848784245770799));
#4828=CARTESIAN_POINT('',(-0.103059438287658,0.0229857625439763,0.0110965666087991));
#4829=CARTESIAN_POINT('',(-0.105377771223133,0.0229857625439763,0.0110650124845039));
#4830=CARTESIAN_POINT('',(-0.10468915848092,0.0229857625439763,0.00885108480869083));
#4831=CARTESIAN_POINT('',(-0.110417741349431,0.0229857625439763,0.0065917789568758));
#4832=CARTESIAN_POINT('',(-0.109742949468081,0.0229857625439763,0.00690437178460478));
#4833=CARTESIAN_POINT('',(-0.0925188083353607,0.0229857625439763,-0.0302772573782641));
#4834=CARTESIAN_POINT('',(-0.121853422666403,7.97811298160808E-6,-9.99999999999953E-5));
#4835=CARTESIAN_POINT('',(-0.117823847492027,-0.00103078262970078,-9.99999999999955E-5));
#4836=CARTESIAN_POINT('',(-0.122711553767347,-6.4663683561333E-5,-9.99999999999952E-5));
#4837=CARTESIAN_POINT('',(-0.121845620306415,-0.000235826735429267,-9.99999999999954E-5));
#4838=CARTESIAN_POINT('',(-0.121845620306415,-0.0075,-9.99999999999953E-5));
#4839=CARTESIAN_POINT('',(-0.121845620306415,0.000235826735429292,-9.99999999999954E-5));
#4840=CARTESIAN_POINT('',(-0.117823847492027,0.00103078262970084,-9.99999999999955E-5));
#4841=CARTESIAN_POINT('',(-0.122710300386581,6.49114306298744E-5,-9.99999999999953E-5));
#4842=CARTESIAN_POINT('',(-0.122719267397593,3.54108754007484E-5,-9.99999999968915E-5));
#4843=CARTESIAN_POINT('',(-0.122715803583942,4.50940422103354E-5,-9.99999999968915E-5));
#4844=CARTESIAN_POINT('',(-0.122712740889518,5.49198083122935E-5,-9.99999999999953E-5));
#4845=CARTESIAN_POINT('',(-0.122710300386581,6.49114306305563E-5,-9.99999999999953E-5));
#4846=CARTESIAN_POINT('',(-0.122719269091312,3.54114812574013E-5,-9.99999766224141E-5));
#4847=CARTESIAN_POINT('',(-0.122719560251766,-3.61594446848005E-5,-9.99999999998271E-5));
#4848=CARTESIAN_POINT('',(-0.122719417786885,-1.23027341956807E-5,-9.99999999998271E-5));
#4849=CARTESIAN_POINT('',(-0.122719317108063,1.15542296139016E-5,-0.000100000000000274));
#4850=CARTESIAN_POINT('',(-0.122719260582663,3.54114610971067E-5,-0.000100000000000274));
#4851=CARTESIAN_POINT('',(-0.122719659162747,-3.61588540192161E-5,-9.99999899757208E-5));
#4852=CARTESIAN_POINT('',(-0.122711553767348,-6.46636835617676E-5,-0.00010000000000129));
#4853=CARTESIAN_POINT('',(-0.122713809634088,-5.50413317602145E-5,-0.00010000000000129));
#4854=CARTESIAN_POINT('',(-0.122716596541577,-4.5554598591278E-5,-9.99999999998522E-5));
#4855=CARTESIAN_POINT('',(-0.122719669115612,-3.61621099100646E-5,-9.99999999998522E-5));
#4856=CARTESIAN_POINT('',(-0.117580758201177,-0.000199033902833046,0.00315039462502889));
#4857=CARTESIAN_POINT('',(-0.117363699241162,0.00127899369614744,-0.000500000000000055));
#4858=CARTESIAN_POINT('',(-0.121738296059295,1.54302810438406E-17,0.000553811707059168));
#4859=CARTESIAN_POINT('',(-0.117377579982394,4.04949511423336E-17,0.0027462833421573));
#4860=CARTESIAN_POINT('',(-0.122652230359534,1.01771388251752E-17,9.4305746505834E-5));
#4861=CARTESIAN_POINT('',(-0.122710300386582,6.49114306326364E-5,-0.000100000000002066));
#4862=CARTESIAN_POINT('',(-0.122695663577859,4.20018650748968E-5,-3.43679161247475E-5));
#4863=CARTESIAN_POINT('',(-0.122675462089099,2.05335647970214E-5,3.03959478181571E-5));
#4864=CARTESIAN_POINT('',(-0.122652230359534,5.24022458385365E-17,9.43057465057669E-5));
#4865=CARTESIAN_POINT('',(-0.117580758201177,0.000199033902833143,0.00315039462502891));
#4866=CARTESIAN_POINT('',(-0.117363699241162,-0.00127899369614738,-0.000500000000000055));
#4867=CARTESIAN_POINT('',(-0.122656088687366,-1.23312524201103E-6,8.92292737996605E-5));
#4868=CARTESIAN_POINT('',(-0.122678562938637,-2.1248770688173E-5,2.70177037437118E-5));
#4869=CARTESIAN_POINT('',(-0.122697715193883,-4.22747891148139E-5,-3.60936358536404E-5));
#4870=CARTESIAN_POINT('',(-0.122711553767347,-6.46636835652989E-5,-0.000100000000000441));
#4871=CARTESIAN_POINT('',(-0.122655143753176,-1.25809311254942E-6,8.96408572725159E-5));
#4872=CARTESIAN_POINT('',(-0.122652230359534,-6.14300110380256E-18,9.43057465057401E-5));
#4873=CARTESIAN_POINT('',(-0.122652885718382,-4.27922848840162E-7,9.28877773546586E-5));
#4874=CARTESIAN_POINT('',(-0.122653541861592,-8.55579513149047E-7,9.14700909138923E-5));
#4875=CARTESIAN_POINT('',(-0.122654198718119,-1.28299410256533E-6,9.00526615770354E-5));
#4876=CARTESIAN_POINT('',(-0.122723762674297,-2.70181229673603E-5,-0.000121866918175305));
#4877=CARTESIAN_POINT('',(-0.122718180538496,-4.09689644621074E-5,-9.05916701937585E-5));
#4878=CARTESIAN_POINT('',(-0.12271078479911,-5.49867175905701E-5,-5.93345262802519E-5));
#4879=CARTESIAN_POINT('',(-0.122701589679411,-6.9059770867279E-5,-2.8044997703098E-5));
#4880=CARTESIAN_POINT('',(-0.122722157543896,-4.19245776682737E-6,-0.000114106925000498));
#4881=CARTESIAN_POINT('',(-0.122716225218361,-1.81519167929565E-5,-8.28389610378368E-5));
#4882=CARTESIAN_POINT('',(-0.122708473662695,-3.21802634221274E-5,-5.15872276682946E-5));
#4883=CARTESIAN_POINT('',(-0.122698917550368,-4.62636112809861E-5,-2.02981741635829E-5));
#4884=CARTESIAN_POINT('',(-0.122720552413494,1.86332074337056E-5,-0.00010634693182569));
#4885=CARTESIAN_POINT('',(-0.122714269898227,4.66513087619443E-6,-7.50862518819152E-5));
#4886=CARTESIAN_POINT('',(-0.122706162526281,-9.37380925368462E-6,-4.38399290563372E-5));
#4887=CARTESIAN_POINT('',(-0.122696245421324,-2.34674516946932E-5,-1.25513506240677E-5));
#4888=CARTESIAN_POINT('',(-0.122718947283093,4.14588726342385E-5,-9.85869386508822E-5));
#4889=CARTESIAN_POINT('',(-0.122712314578092,2.74821785453453E-5,-6.73335427259936E-5));
#4890=CARTESIAN_POINT('',(-0.122703851389867,1.34326449147581E-5,-3.60926304443798E-5));
#4891=CARTESIAN_POINT('',(-0.122693573292281,-6.71292108400331E-7,-4.80452708455256E-6));
#4892=CARTESIAN_POINT('',(-0.122719587646027,-3.63494029014649E-5,-9.99403621389072E-5));
#4893=CARTESIAN_POINT('',(-0.122712884714921,-2.39038208023433E-5,-6.82124498702636E-5));
#4894=CARTESIAN_POINT('',(-0.122704244356251,-1.2038858226278E-5,-3.6685434045212E-5));
#4895=CARTESIAN_POINT('',(-0.122693747091799,-7.63561171606701E-7,-5.32533932349609E-6));
#4896=CARTESIAN_POINT('',(-0.122693732737051,-9.06202483454358E-7,-5.27883407296422E-6));
#4897=CARTESIAN_POINT('',(-0.122693732963212,-9.06741041842673E-7,-5.27895779513239E-6));
#4898=CARTESIAN_POINT('',(-0.122704017972351,1.06334938167469E-5,-3.66154154381049E-5));
#4899=CARTESIAN_POINT('',(-0.122712575638573,2.27414867480502E-5,-6.81625409441872E-5));
#4900=CARTESIAN_POINT('',(-0.122719255714326,3.54364612788916E-5,-9.99928174507724E-5));
#4901=CARTESIAN_POINT('',(-0.122650191361504,-1.89329426742205E-6,9.99298954222656E-5));
#4902=CARTESIAN_POINT('',(-0.122693391980349,-1.28861501471216E-6,-4.24046189279447E-6));
#4903=CARTESIAN_POINT('',(-0.122693772622733,-1.28328716157846E-6,-5.15831108668014E-6));
#4904=CARTESIAN_POINT('',(-0.122650371142489,-1.70317992543507E-6,9.94263654932423E-5));
#4905=CARTESIAN_POINT('',(-0.122693529769366,-1.1343067803962E-6,-4.66010887406083E-6));
#4906=CARTESIAN_POINT('',(-0.122693910041757,-1.12929441631246E-6,-5.57721897193144E-6));
#4907=CARTESIAN_POINT('',(-0.122650550923474,-1.51306558344809E-6,9.8922835564219E-5));
#4908=CARTESIAN_POINT('',(-0.122693667558384,-9.79998546080253E-7,-5.07975585532719E-6));
#4909=CARTESIAN_POINT('',(-0.122694047460782,-9.75301671046453E-7,-5.99612685718273E-6));
#4910=CARTESIAN_POINT('',(-0.12265073070446,-1.32295124146111E-6,9.84193056351958E-5));
#4911=CARTESIAN_POINT('',(-0.122693805347401,-8.25690311764301E-7,-5.49940283659355E-6));
#4912=CARTESIAN_POINT('',(-0.122694184879807,-8.21308925780449E-7,-6.41503474243403E-6));
#4913=CARTESIAN_POINT('',(-0.122671743350565,2.08974486715773E-5,3.95671628976056E-5));
#4914=CARTESIAN_POINT('',(-0.122709910008631,1.72097226956882E-5,-5.45473791679972E-5));
#4915=CARTESIAN_POINT('',(-0.122710246296585,1.71772299942952E-5,-5.53766261706408E-5));
#4916=CARTESIAN_POINT('',(-0.122689367343223,4.4155428725978E-5,-1.96971980838935E-5));
#4917=CARTESIAN_POINT('',(-0.122721744615213,3.66357330528781E-5,-0.000104093569608926));
#4918=CARTESIAN_POINT('',(-0.122722029892654,3.65694767128817E-5,-0.000104837189421392));
#4919=CARTESIAN_POINT('',(-0.122703167922814,6.84721077715882E-5,-7.96091229720145E-5));
#4920=CARTESIAN_POINT('',(-0.122728823298203,5.74976344536945E-5,-0.000154404374362821));
#4921=CARTESIAN_POINT('',(-0.122729049348744,5.74009379293879E-5,-0.000155063398320931));
#4922=CARTESIAN_POINT('',(-0.122654510023031,-1.44626717662343E-6,8.93660953203482E-5));
#4923=CARTESIAN_POINT('',(-0.122667590295005,-1.23024875193916E-6,5.77929582429971E-5));
#4924=CARTESIAN_POINT('',(-0.1226806591607,-1.02395633995413E-6,2.6242606289978E-5));
#4925=CARTESIAN_POINT('',(-0.122693716620118,-8.27389940668323E-7,-5.28496053870889E-6));
#4926=CARTESIAN_POINT('',(-0.122705616386874,-6.77870897324569E-5,-8.25112334534752E-5));
#4927=CARTESIAN_POINT('',(-0.122728888426225,-5.74786757508305E-5,-0.000152575256004978));
#4928=CARTESIAN_POINT('',(-0.122729168710901,-5.73545228810251E-5,-0.000153419095754273));
#4929=CARTESIAN_POINT('',(-0.122692625669323,-4.45167495248373E-5,-2.41122974435099E-5));
#4930=CARTESIAN_POINT('',(-0.122721830873359,-3.72041264917061E-5,-0.000103058964330512));
#4931=CARTESIAN_POINT('',(-0.12272218261611,-3.71160544432817E-5,-0.000104009785210724));
#4932=CARTESIAN_POINT('',(-0.122675757518357,-2.23172424218096E-5,3.38313766270579E-5));
#4933=CARTESIAN_POINT('',(-0.122710062997308,-1.83002984374198E-5,-5.40734200111187E-5));
#4934=CARTESIAN_POINT('',(-0.122710476166945,-1.82519190141255E-5,-5.51321311563779E-5));
#4935=CARTESIAN_POINT('',(-0.122655213649644,-1.2429806646552E-6,9.1426889172073E-5));
#4936=CARTESIAN_POINT('',(-0.122693805350554,-8.2617205838818E-7,-5.49939965639448E-6));
#4937=CARTESIAN_POINT('',(-0.122694270142755,-8.21152082985572E-7,-6.66676419366419E-6));
#4938=CARTESIAN_POINT('',(-0.122655066438576,-1.09196896268303E-6,9.18396009659953E-5));
#4939=CARTESIAN_POINT('',(-0.122693688853239,-7.00957823347251E-7,-5.15133311105475E-6));
#4940=CARTESIAN_POINT('',(-0.122694154015351,-6.96248548461613E-7,-6.31947622523698E-6));
#4941=CARTESIAN_POINT('',(-0.122654919227508,-9.40957260710861E-7,9.22523127599175E-5));
#4942=CARTESIAN_POINT('',(-0.122693572355924,-5.75743588306322E-7,-4.80326656571503E-6));
#4943=CARTESIAN_POINT('',(-0.122694037887948,-5.71345013937653E-7,-5.97218825680978E-6));
#4944=CARTESIAN_POINT('',(-0.12265477201644,-7.89945558738689E-7,9.26650245538398E-5));
#4945=CARTESIAN_POINT('',(-0.12269345585861,-4.50529353265393E-7,-4.4552000203753E-6));
#4946=CARTESIAN_POINT('',(-0.122693921760545,-4.46441479413693E-7,-5.62490028838258E-6));
#4947=CARTESIAN_POINT('',(-0.117363699241162,-0.0075,-0.000500000000000055));
#4948=MECHANICAL_DESIGN_GEOMETRIC_PRESENTATION_REPRESENTATION('',(#1803,
#1691,#1692,#1693,#1694),#4949);
#4949=(
GEOMETRIC_REPRESENTATION_CONTEXT(3)
GLOBAL_UNCERTAINTY_ASSIGNED_CONTEXT((#4950))
GLOBAL_UNIT_ASSIGNED_CONTEXT((#4953,#4952,#4951))
REPRESENTATION_CONTEXT('Head','TOP_LEVEL_ASSEMBLY_PART')
);
#4950=UNCERTAINTY_MEASURE_WITH_UNIT(LENGTH_MEASURE(3.40508654930351E-5),
#4953,'DISTANCE_ACCURACY_VALUE','Maximum Tolerance applied to model');
#4951=(
NAMED_UNIT(*)
SI_UNIT($,.STERADIAN.)
SOLID_ANGLE_UNIT()
);
#4952=(
NAMED_UNIT(*)
PLANE_ANGLE_UNIT()
SI_UNIT($,.RADIAN.)
);
#4953=(
LENGTH_UNIT()
NAMED_UNIT(*)
SI_UNIT($,.METRE.)
);
#4954=PRODUCT_DEFINITION_SHAPE('','',#4955);
#4955=PRODUCT_DEFINITION('','',#4957,#4956);
#4956=PRODUCT_DEFINITION_CONTEXT('',#4963,'design');
#4957=PRODUCT_DEFINITION_FORMATION_WITH_SPECIFIED_SOURCE('','',#4959,
 .NOT_KNOWN.);
#4958=PRODUCT_RELATED_PRODUCT_CATEGORY('','',(#4959));
#4959=PRODUCT('Head','Head','Head',(#4961));
#4960=PRODUCT_CATEGORY('','');
#4961=PRODUCT_CONTEXT('',#4963,'mechanical');
#4962=APPLICATION_PROTOCOL_DEFINITION('international standard',
'ap242_managed_model_based_3d_engineering',2020,#4963);
#4963=APPLICATION_CONTEXT('managed model based 3d engineering');
ENDSEC;
END-ISO-10303-21;
