ISO-10303-21;
HEADER;
/* Generated by software containing ST-Developer
 * from STEP Tools, Inc. (www.steptools.com) 
 */
/* OPTION: using custom renumber hook */

FILE_DESCRIPTION(
/* description */ ('STEP AP242 Edition 2',
'CAx-IF Rec.Pracs.---Representation and Presentation of Product Manufa
cturing Information (PMI)---4.0---2014-10-13',
'CAx-IF Rec.Pracs.---3D Tessellated Geometry---0.4---2014-09-14','2;1',
'CAx-IF Rec.Pracs.---User Defined Attributes---1.5---2016-08-15'),
/* implementation_level */ '2;1');

FILE_NAME(
/* name */ '69714046eeba926e5b0eb3ee',
/* time_stamp */ '2026-01-21T21:08:23Z',
/* author */ (''),
/* organization */ (''),
/* preprocessor_version */ 'ST-DEVELOPER v20',
/* originating_system */ 'ONSHAPE BY PTC INC, 1.209',
/* authorisation */ '  ');

FILE_SCHEMA (('AP242_MANAGED_MODEL_BASED_3D_ENGINEERING_MIM_LF { 1 0 10303 442 3 1 4 }'));
ENDSEC;

DATA;
#10=SHAPE_REPRESENTATION_RELATIONSHIP('','',#978,#11);
#11=ADVANCED_BREP_SHAPE_REPRESENTATION('',(#976),#2518);
#12=(
BOUNDED_SURFACE()
B_SPLINE_SURFACE(3,2,((#1951,#1952,#1953),(#1954,#1955,#1956),(#1957,#1958,
#1959),(#1960,#1961,#1962)),.UNSPECIFIED.,.F.,.F.,.F.)
B_SPLINE_SURFACE_WITH_KNOTS((4,4),(3,3),(0.00349904923820333,0.00467070313736731),
(0.,0.346374727625726),.PIECEWISE_BEZIER_KNOTS.)
GEOMETRIC_REPRESENTATION_ITEM()
RATIONAL_B_SPLINE_SURFACE(((1.,0.954833893337284,0.940956582460994),(1.,
0.954833004977419,0.940955421152076),(1.,0.954832990603712,0.940955402362039),
(1.,0.954833878955559,0.940956563660476)))
REPRESENTATION_ITEM('')
SURFACE()
);
#13=(
BOUNDED_SURFACE()
B_SPLINE_SURFACE(3,2,((#2034,#2035,#2036),(#2037,#2038,#2039),(#2040,#2041,
#2042),(#2043,#2044,#2045)),.UNSPECIFIED.,.F.,.F.,.F.)
B_SPLINE_SURFACE_WITH_KNOTS((4,4),(3,3),(0.00626958875407968,0.00705448617102378),
(0.,0.322321230178746),.PIECEWISE_BEZIER_KNOTS.)
GEOMETRIC_REPRESENTATION_ITEM()
RATIONAL_B_SPLINE_SURFACE(((1.,0.975977984947157,0.967441580780723),(1.,
0.976012588597419,0.967488481099005),(1.,0.976047154708888,0.9675353305388),
(1.,0.976081682730744,0.967582128353552)))
REPRESENTATION_ITEM('')
SURFACE()
);
#14=(
BOUNDED_SURFACE()
B_SPLINE_SURFACE(3,2,((#2061,#2062,#2063),(#2064,#2065,#2066),(#2067,#2068,
#2069),(#2070,#2071,#2072)),.UNSPECIFIED.,.F.,.F.,.F.)
B_SPLINE_SURFACE_WITH_KNOTS((4,4),(3,3),(0.00089530754080498,0.000974988425729301),
(0.,1.),.PIECEWISE_BEZIER_KNOTS.)
GEOMETRIC_REPRESENTATION_ITEM()
RATIONAL_B_SPLINE_SURFACE(((1.,0.991014603756011,1.),(1.,0.99103934501954,
1.),(1.,0.991053508317333,1.),(1.,0.991056568294561,1.)))
REPRESENTATION_ITEM('')
SURFACE()
);
#15=(
BOUNDED_SURFACE()
B_SPLINE_SURFACE(3,2,((#2081,#2082,#2083),(#2084,#2085,#2086),(#2087,#2088,
#2089),(#2090,#2091,#2092),(#2093,#2094,#2095)),.UNSPECIFIED.,.F.,.F.,.F.)
B_SPLINE_SURFACE_WITH_KNOTS((4,1,4),(3,3),(-2.74801882638176E-15,0.000676676745860238,
0.00135335349172322),(0.,1.),.UNSPECIFIED.)
GEOMETRIC_REPRESENTATION_ITEM()
RATIONAL_B_SPLINE_SURFACE(((1.,0.986503001933857,1.),(1.,0.988503967261075,
1.),(1.,0.992204081970967,1.),(1.,0.994266312253218,1.),(1.,0.994337209448878,
1.)))
REPRESENTATION_ITEM('')
SURFACE()
);
#16=(
BOUNDED_SURFACE()
B_SPLINE_SURFACE(3,2,((#2097,#2098,#2099),(#2100,#2101,#2102),(#2103,#2104,
#2105),(#2106,#2107,#2108)),.UNSPECIFIED.,.F.,.F.,.F.)
B_SPLINE_SURFACE_WITH_KNOTS((4,4),(3,3),(3.49926251169697E-17,0.000122164874939973),
(0.,1.),.PIECEWISE_BEZIER_KNOTS.)
GEOMETRIC_REPRESENTATION_ITEM()
RATIONAL_B_SPLINE_SURFACE(((1.,0.986503001938222,1.),(1.,0.990683903738822,
1.),(1.,0.993831769525199,1.),(1.,0.993076067518942,1.)))
REPRESENTATION_ITEM('')
SURFACE()
);
#17=(
BOUNDED_SURFACE()
B_SPLINE_SURFACE(3,2,((#2110,#2111,#2112),(#2113,#2114,#2115),(#2116,#2117,
#2118),(#2119,#2120,#2121),(#2122,#2123,#2124)),.UNSPECIFIED.,.F.,.F.,.F.)
B_SPLINE_SURFACE_WITH_KNOTS((4,1,4),(3,3),(6.04818873833143,6.33849276457025,
6.62879679080907),(0.,1.),.UNSPECIFIED.)
GEOMETRIC_REPRESENTATION_ITEM()
RATIONAL_B_SPLINE_SURFACE(((1.,0.99307606751895,1.),(1.,0.998747527598057,
1.),(1.,1.00310414823787,1.),(1.,0.993396711614739,1.),(1.,0.985077973641045,
1.)))
REPRESENTATION_ITEM('')
SURFACE()
);
#18=(
BOUNDED_SURFACE()
B_SPLINE_SURFACE(3,2,((#2126,#2127,#2128),(#2129,#2130,#2131),(#2132,#2133,
#2134),(#2135,#2136,#2137)),.UNSPECIFIED.,.F.,.F.,.F.)
B_SPLINE_SURFACE_WITH_KNOTS((4,4),(3,3),(-2.92734586571086E-17,0.00724029598522496),
(0.,1.),.PIECEWISE_BEZIER_KNOTS.)
GEOMETRIC_REPRESENTATION_ITEM()
RATIONAL_B_SPLINE_SURFACE(((1.,0.985077973641123,1.),(1.,0.990667485962893,
1.),(1.,0.994614691120035,1.),(1.,0.997060729229494,1.)))
REPRESENTATION_ITEM('')
SURFACE()
);
#19=(
BOUNDED_SURFACE()
B_SPLINE_SURFACE(3,2,((#2143,#2144,#2145),(#2146,#2147,#2148),(#2149,#2150,
#2151),(#2152,#2153,#2154),(#2155,#2156,#2157),(#2158,#2159,#2160),(#2161,
#2162,#2163),(#2164,#2165,#2166),(#2167,#2168,#2169),(#2170,#2171,#2172),
(#2173,#2174,#2175),(#2176,#2177,#2178),(#2179,#2180,#2181),(#2182,#2183,
#2184),(#2185,#2186,#2187),(#2188,#2189,#2190),(#2191,#2192,#2193),(#2194,
#2195,#2196),(#2197,#2198,#2199),(#2200,#2201,#2202),(#2203,#2204,#2205),
(#2206,#2207,#2208),(#2209,#2210,#2211),(#2212,#2213,#2214)),
 .UNSPECIFIED.,.F.,.F.,.F.)
B_SPLINE_SURFACE_WITH_KNOTS((4,1,1,1,1,1,1,1,1,1,1,1,1,1,1,1,1,1,1,1,1,
4),(3,3),(-2.7972416050126E-17,0.000103398226342782,0.000155097339514187,
0.000206796452685592,0.000310194679028402,0.000413592905371212,0.000620389358056832,
0.000827185810742452,0.00103398226342807,0.00124077871611369,0.00165437162148493,
0.00206796452685617,0.00248155743222741,0.00330874324296989,0.00413592905371237,
0.00496311486445485,0.00579030067519733,0.00661748648593981,0.00827185810742477,
0.00992622972890973,0.0115806013503947,0.0132349729718797),(0.,1.),
 .UNSPECIFIED.)
GEOMETRIC_REPRESENTATION_ITEM()
RATIONAL_B_SPLINE_SURFACE(((1.,0.997060729229491,1.),(1.,0.997071958975739,
1.),(1.,0.997807962317611,1.),(1.,0.999621307967462,1.),(1.,0.997604869263535,
1.),(1.,0.996882189266883,1.),(1.,0.996990181296224,1.),(1.,0.996685708016385,
1.),(1.,0.996499044355748,1.),(1.,0.99625487680433,1.),(1.,0.995936471538399,
1.),(1.,0.995513901902931,1.),(1.,0.994979509301198,1.),(1.,0.994226217303022,
1.),(1.,0.993209951933765,1.),(1.,0.991869579342467,1.),(1.,0.99040752337659,
1.),(1.,0.988822273423924,1.),(1.,0.986543139182284,1.),(1.,0.983373423745234,
1.),(1.,0.979079200547632,1.),(1.,0.974283935814138,1.),(1.,0.97074123928284,
1.),(1.,0.96887978408885,1.)))
REPRESENTATION_ITEM('')
SURFACE()
);
#20=(
BOUNDED_SURFACE()
B_SPLINE_SURFACE(3,2,((#2339,#2340,#2341),(#2342,#2343,#2344),(#2345,#2346,
#2347),(#2348,#2349,#2350),(#2351,#2352,#2353)),.UNSPECIFIED.,.F.,.F.,.F.)
B_SPLINE_SURFACE_WITH_KNOTS((4,1,4),(3,3),(5.50961541265253,5.89640035991606,
6.28318530717959),(0.,1.),.UNSPECIFIED.)
GEOMETRIC_REPRESENTATION_ITEM()
RATIONAL_B_SPLINE_SURFACE(((1.,0.926035245117941,1.),(1.,0.950342847295622,
1.),(1.,0.987380262973842,1.),(1.,0.999881733775671,1.),(1.,0.999881733775713,
1.)))
REPRESENTATION_ITEM('')
SURFACE()
);
#21=(
BOUNDED_SURFACE()
B_SPLINE_SURFACE(3,2,((#2355,#2356,#2357),(#2358,#2359,#2360),(#2361,#2362,
#2363),(#2364,#2365,#2366)),.UNSPECIFIED.,.F.,.F.,.F.)
B_SPLINE_SURFACE_WITH_KNOTS((4,4),(3,3),(-1.46367293285543E-17,0.000952403009466806),
(0.,1.),.PIECEWISE_BEZIER_KNOTS.)
GEOMETRIC_REPRESENTATION_ITEM()
RATIONAL_B_SPLINE_SURFACE(((1.,0.926035245117943,1.),(1.,0.91677955538395,
1.),(1.,0.906142636177001,1.),(1.,0.894175409781499,1.)))
REPRESENTATION_ITEM('')
SURFACE()
);
#22=(
BOUNDED_SURFACE()
B_SPLINE_SURFACE(3,2,((#2370,#2371,#2372),(#2373,#2374,#2375),(#2376,#2377,
#2378),(#2379,#2380,#2381)),.UNSPECIFIED.,.F.,.F.,.F.)
B_SPLINE_SURFACE_WITH_KNOTS((4,4),(3,3),(-1.85745516190217E-15,0.00123190118139869),
(0.,1.),.PIECEWISE_BEZIER_KNOTS.)
GEOMETRIC_REPRESENTATION_ITEM()
RATIONAL_B_SPLINE_SURFACE(((1.,0.888579928329483,1.),(1.,0.87378066157178,
1.),(1.,0.854524133540956,1.),(1.,0.836242650260279,1.)))
REPRESENTATION_ITEM('')
SURFACE()
);
#23=(
BOUNDED_SURFACE()
B_SPLINE_SURFACE(3,2,((#2383,#2384,#2385),(#2386,#2387,#2388),(#2389,#2390,
#2391),(#2392,#2393,#2394)),.UNSPECIFIED.,.F.,.F.,.F.)
B_SPLINE_SURFACE_WITH_KNOTS((4,4),(3,3),(1.82145964977565E-17,0.000790342190380514),
(0.,1.),.PIECEWISE_BEZIER_KNOTS.)
GEOMETRIC_REPRESENTATION_ITEM()
RATIONAL_B_SPLINE_SURFACE(((1.,0.809940590988661,1.),(1.,0.818796753937169,
1.),(1.,0.827566452091773,1.),(1.,0.83624265026027,1.)))
REPRESENTATION_ITEM('')
SURFACE()
);
#24=(
BOUNDED_SURFACE()
B_SPLINE_SURFACE(3,2,((#2396,#2397,#2398),(#2399,#2400,#2401),(#2402,#2403,
#2404),(#2405,#2406,#2407)),.UNSPECIFIED.,.F.,.F.,.F.)
B_SPLINE_SURFACE_WITH_KNOTS((4,4),(3,3),(0.000156198211840322,0.00207784351128813),
(0.,1.),.PIECEWISE_BEZIER_KNOTS.)
GEOMETRIC_REPRESENTATION_ITEM()
RATIONAL_B_SPLINE_SURFACE(((1.,0.74422590359851,1.),(1.,0.765583483854988,
1.),(1.,0.787707326036589,1.),(1.,0.809940590988652,1.)))
REPRESENTATION_ITEM('')
SURFACE()
);
#25=(
BOUNDED_SURFACE()
B_SPLINE_SURFACE(3,2,((#2412,#2413,#2414),(#2415,#2416,#2417),(#2418,#2419,
#2420),(#2421,#2422,#2423),(#2424,#2425,#2426)),.UNSPECIFIED.,.F.,.F.,.F.)
B_SPLINE_SURFACE_WITH_KNOTS((4,1,4),(3,3),(-1.81269757846928E-5,0.000272600036190491,
0.000563327048165675),(0.,1.),.UNSPECIFIED.)
GEOMETRIC_REPRESENTATION_ITEM()
RATIONAL_B_SPLINE_SURFACE(((1.,1.,1.),(1.,0.999999999977406,1.),(1.,0.999863595132703,
1.),(1.,0.999696670863629,1.),(1.,0.999678710915853,1.)))
REPRESENTATION_ITEM('')
SURFACE()
);
#26=(
BOUNDED_SURFACE()
B_SPLINE_SURFACE(3,2,((#2433,#2434,#2435),(#2436,#2437,#2438),(#2439,#2440,
#2441),(#2442,#2443,#2444),(#2445,#2446,#2447)),.UNSPECIFIED.,.F.,.F.,.F.)
B_SPLINE_SURFACE_WITH_KNOTS((4,1,4),(3,3),(2.82976767018717E-17,9.76768404337862E-5,
0.000195353680867544),(0.,1.),.UNSPECIFIED.)
GEOMETRIC_REPRESENTATION_ITEM()
RATIONAL_B_SPLINE_SURFACE(((1.,0.994337209448874,1.),(1.,0.995334953603941,
1.),(1.,0.997085976585775,1.),(1.,0.999675220497341,1.),(1.,0.999678710916268,
1.)))
REPRESENTATION_ITEM('')
SURFACE()
);
#27=(
BOUNDED_SURFACE()
B_SPLINE_SURFACE(3,2,((#2452,#2453,#2454),(#2455,#2456,#2457),(#2458,#2459,
#2460),(#2461,#2462,#2463),(#2464,#2465,#2466),(#2467,#2468,#2469),(#2470,
#2471,#2472)),.UNSPECIFIED.,.F.,.F.,.F.)
B_SPLINE_SURFACE_WITH_KNOTS((4,1,1,1,4),(3,3),(0.00543075781415753,0.00849208264792012,
0.0115534074816827,0.0146147323154453,0.0176760571492079),(0.,1.),
 .UNSPECIFIED.)
GEOMETRIC_REPRESENTATION_ITEM()
RATIONAL_B_SPLINE_SURFACE(((1.,0.467819357104578,1.),(1.,0.441557517654675,
1.),(1.,0.409572463216252,1.),(1.,0.449553939225794,1.),(1.,0.55345945327492,
1.),(1.,0.639319624965942,1.),(1.,0.682843222727171,1.)))
REPRESENTATION_ITEM('')
SURFACE()
);
#28=(
BOUNDED_SURFACE()
B_SPLINE_SURFACE(3,1,((#2491,#2492),(#2493,#2494),(#2495,#2496),(#2497,
#2498)),.SURF_OF_LINEAR_EXTRUSION.,.F.,.F.,.F.)
B_SPLINE_SURFACE_WITH_KNOTS((4,4),(2,2),(0.,1.),(0.386200474688541,1.),
 .PIECEWISE_BEZIER_KNOTS.)
GEOMETRIC_REPRESENTATION_ITEM()
RATIONAL_B_SPLINE_SURFACE(((1.,1.),(0.333333333333334,0.333333333333334),
(0.333333333333334,0.333333333333334),(1.,1.)))
REPRESENTATION_ITEM('')
SURFACE()
);
#29=B_SPLINE_SURFACE_WITH_KNOTS('',3,3,((#1551,#1552,#1553,#1554),(#1555,
#1556,#1557,#1558),(#1559,#1560,#1561,#1562),(#1563,#1564,#1565,#1566),
(#1567,#1568,#1569,#1570),(#1571,#1572,#1573,#1574),(#1575,#1576,#1577,
#1578),(#1579,#1580,#1581,#1582),(#1583,#1584,#1585,#1586),(#1587,#1588,
#1589,#1590),(#1591,#1592,#1593,#1594),(#1595,#1596,#1597,#1598),(#1599,
#1600,#1601,#1602),(#1603,#1604,#1605,#1606),(#1607,#1608,#1609,#1610),
(#1611,#1612,#1613,#1614),(#1615,#1616,#1617,#1618),(#1619,#1620,#1621,
#1622),(#1623,#1624,#1625,#1626),(#1627,#1628,#1629,#1630)),
 .UNSPECIFIED.,.F.,.F.,.F.,(4,2,2,1,2,2,2,1,2,2,4),(4,4),(0.,0.125,0.25,
0.333333333333334,0.375,0.5,0.625,0.666666666666667,0.75,0.875,1.),(0.,
1.),.UNSPECIFIED.);
#30=B_SPLINE_SURFACE_WITH_KNOTS('',3,3,((#1685,#1686,#1687,#1688),(#1689,
#1690,#1691,#1692),(#1693,#1694,#1695,#1696),(#1697,#1698,#1699,#1700),
(#1701,#1702,#1703,#1704),(#1705,#1706,#1707,#1708),(#1709,#1710,#1711,
#1712),(#1713,#1714,#1715,#1716),(#1717,#1718,#1719,#1720),(#1721,#1722,
#1723,#1724),(#1725,#1726,#1727,#1728),(#1729,#1730,#1731,#1732),(#1733,
#1734,#1735,#1736),(#1737,#1738,#1739,#1740),(#1741,#1742,#1743,#1744),
(#1745,#1746,#1747,#1748),(#1749,#1750,#1751,#1752),(#1753,#1754,#1755,
#1756),(#1757,#1758,#1759,#1760),(#1761,#1762,#1763,#1764)),
 .UNSPECIFIED.,.F.,.F.,.F.,(4,2,2,1,2,2,2,1,2,2,4),(4,4),(0.,0.125,0.25,
0.333333333333334,0.375,0.5,0.625,0.666666666666667,0.75,0.875,1.),(0.,
1.),.UNSPECIFIED.);
#31=B_SPLINE_SURFACE_WITH_KNOTS('',3,3,((#1769,#1770,#1771,#1772),(#1773,
#1774,#1775,#1776),(#1777,#1778,#1779,#1780),(#1781,#1782,#1783,#1784),
(#1785,#1786,#1787,#1788),(#1789,#1790,#1791,#1792),(#1793,#1794,#1795,
#1796),(#1797,#1798,#1799,#1800),(#1801,#1802,#1803,#1804),(#1805,#1806,
#1807,#1808),(#1809,#1810,#1811,#1812),(#1813,#1814,#1815,#1816),(#1817,
#1818,#1819,#1820),(#1821,#1822,#1823,#1824),(#1825,#1826,#1827,#1828),
(#1829,#1830,#1831,#1832),(#1833,#1834,#1835,#1836),(#1837,#1838,#1839,
#1840),(#1841,#1842,#1843,#1844),(#1845,#1846,#1847,#1848)),
 .UNSPECIFIED.,.F.,.F.,.F.,(4,2,2,1,2,2,2,1,2,2,4),(4,4),(0.,0.125,0.25,
0.333333333333334,0.375,0.5,0.625,0.666666666666667,0.75,0.875,1.),(0.,
1.),.UNSPECIFIED.);
#32=B_SPLINE_SURFACE_WITH_KNOTS('',3,3,((#1863,#1864,#1865,#1866),(#1867,
#1868,#1869,#1870),(#1871,#1872,#1873,#1874),(#1875,#1876,#1877,#1878),
(#1879,#1880,#1881,#1882),(#1883,#1884,#1885,#1886),(#1887,#1888,#1889,
#1890),(#1891,#1892,#1893,#1894),(#1895,#1896,#1897,#1898),(#1899,#1900,
#1901,#1902),(#1903,#1904,#1905,#1906),(#1907,#1908,#1909,#1910),(#1911,
#1912,#1913,#1914),(#1915,#1916,#1917,#1918),(#1919,#1920,#1921,#1922),
(#1923,#1924,#1925,#1926),(#1927,#1928,#1929,#1930),(#1931,#1932,#1933,
#1934),(#1935,#1936,#1937,#1938),(#1939,#1940,#1941,#1942)),
 .UNSPECIFIED.,.F.,.F.,.F.,(4,2,2,1,2,2,2,1,2,2,4),(4,4),(0.,0.125,0.25,
0.333333333333334,0.375,0.5,0.625,0.666666666666667,0.75,0.875,1.),(0.483737428084103,
1.),.UNSPECIFIED.);
#33=B_SPLINE_SURFACE_WITH_KNOTS('',3,3,((#2219,#2220,#2221,#2222,#2223),
(#2224,#2225,#2226,#2227,#2228),(#2229,#2230,#2231,#2232,#2233),(#2234,
#2235,#2236,#2237,#2238),(#2239,#2240,#2241,#2242,#2243),(#2244,#2245,#2246,
#2247,#2248),(#2249,#2250,#2251,#2252,#2253),(#2254,#2255,#2256,#2257,#2258),
(#2259,#2260,#2261,#2262,#2263),(#2264,#2265,#2266,#2267,#2268),(#2269,
#2270,#2271,#2272,#2273),(#2274,#2275,#2276,#2277,#2278),(#2279,#2280,#2281,
#2282,#2283),(#2284,#2285,#2286,#2287,#2288),(#2289,#2290,#2291,#2292,#2293),
(#2294,#2295,#2296,#2297,#2298),(#2299,#2300,#2301,#2302,#2303),(#2304,
#2305,#2306,#2307,#2308),(#2309,#2310,#2311,#2312,#2313),(#2314,#2315,#2316,
#2317,#2318),(#2319,#2320,#2321,#2322,#2323),(#2324,#2325,#2326,#2327,#2328)),
 .UNSPECIFIED.,.F.,.F.,.F.,(4,1,1,1,1,1,1,1,1,1,1,1,1,1,1,1,1,1,1,4),(4,
1,4),(-0.0219078109641429,0.0133060596906732,0.0309129950180813,0.0397164626817854,
0.0441181965136374,0.0463190634295634,0.0474194968875264,0.0479697136165079,
0.0480384907076306,0.0481072677987533,0.048124462071534,0.0481330592079243,
0.0481352084920219,0.0481373577761195,0.0481416563443146,0.048150253480705,
0.0481588506170953,0.048176044889876,0.0482448219809987,0.0485199303454894),
(0.,0.5,1.),.UNSPECIFIED.);
#34=B_SPLINE_SURFACE_WITH_KNOTS('',3,1,((#2508,#2509),(#2510,#2511),(#2512,
#2513),(#2514,#2515)),.SURF_OF_LINEAR_EXTRUSION.,.F.,.F.,.F.,(4,4),(2,2),
(0.,0.659215747054151),(0.,1.),.PIECEWISE_BEZIER_KNOTS.);
#35=CONICAL_SURFACE('',#1011,0.00237035823254296,0.369157161351203);
#36=CONICAL_SURFACE('',#1021,0.00276095202129182,0.369157161351192);
#37=SPHERICAL_SURFACE('',#1002,0.0028);
#38=SPHERICAL_SURFACE('',#1052,0.001);
#39=ELLIPSE('',#993,0.0975820167858811,0.004);
#40=ELLIPSE('',#994,0.221114630904443,0.004);
#41=ELLIPSE('',#1001,0.00480227165180724,0.0048);
#42=ELLIPSE('',#1012,0.00254823871812466,0.00254685282385813);
#43=ELLIPSE('',#1026,0.0500236630396588,0.05);
#44=ELLIPSE('',#1030,0.0975461429273346,0.003);
#45=ELLIPSE('',#1038,0.22110459063531,0.0034);
#46=TOROIDAL_SURFACE('',#987,0.054,0.004);
#47=TOROIDAL_SURFACE('',#991,0.024,0.004);
#48=CYLINDRICAL_SURFACE('',#986,0.00100035014305221);
#49=CYLINDRICAL_SURFACE('',#992,0.004);
#50=CYLINDRICAL_SURFACE('',#998,0.0048);
#51=CYLINDRICAL_SURFACE('',#1025,0.05);
#52=CYLINDRICAL_SURFACE('',#1035,0.00100000000000001);
#53=CYLINDRICAL_SURFACE('',#1036,0.000998970257764827);
#54=CYLINDRICAL_SURFACE('',#1041,0.0006);
#55=CYLINDRICAL_SURFACE('',#1048,0.001);
#56=CYLINDRICAL_SURFACE('',#1057,0.0005);
#57=CYLINDRICAL_SURFACE('',#1058,0.0005);
#58=B_SPLINE_CURVE_WITH_KNOTS('',3,(#1295,#1296,#1297,#1298,#1299,#1300,
#1301,#1302,#1303,#1304),.UNSPECIFIED.,.F.,.F.,(4,1,1,1,1,1,1,4),(0.000572743847148493,
0.00353652531244735,0.0065003067777462,0.0124278697083439,0.0183554326389416,
0.0242829955695393,0.0361381214307347,0.0479932472919302),.UNSPECIFIED.);
#59=B_SPLINE_CURVE_WITH_KNOTS('',3,(#1318,#1319,#1320,#1321),
 .UNSPECIFIED.,.F.,.F.,(4,4),(0.,0.000573236486639974),.UNSPECIFIED.);
#60=B_SPLINE_CURVE_WITH_KNOTS('',3,(#1323,#1324,#1325,#1326),
 .UNSPECIFIED.,.F.,.F.,(4,4),(0.00579726095185649,0.00724517519796207),
 .UNSPECIFIED.);
#61=B_SPLINE_CURVE_WITH_KNOTS('',3,(#1330,#1331,#1332,#1333),
 .UNSPECIFIED.,.F.,.F.,(4,4),(0.,0.000826543155518999),.UNSPECIFIED.);
#62=B_SPLINE_CURVE_WITH_KNOTS('',3,(#1335,#1336,#1337,#1338),
 .UNSPECIFIED.,.F.,.F.,(4,4),(0.,0.00137361626159227),.UNSPECIFIED.);
#63=B_SPLINE_CURVE_WITH_KNOTS('',3,(#1340,#1341,#1342,#1343),
 .UNSPECIFIED.,.F.,.F.,(4,4),(0.,0.00102179644082402),.UNSPECIFIED.);
#64=B_SPLINE_CURVE_WITH_KNOTS('',3,(#1349,#1350,#1351,#1352,#1353),
 .UNSPECIFIED.,.F.,.F.,(4,1,4),(0.00010204437906092,0.000772633275302348,
0.00144322217154377),.UNSPECIFIED.);
#65=B_SPLINE_CURVE_WITH_KNOTS('',3,(#1356,#1357,#1358,#1359,#1360,#1361,
#1362),.UNSPECIFIED.,.F.,.F.,(4,1,1,1,4),(0.,0.00289664496555565,0.0057932899311113,
0.00868993489666695,0.0115865798622226),.UNSPECIFIED.);
#66=B_SPLINE_CURVE_WITH_KNOTS('',3,(#1364,#1365,#1366,#1367),
 .UNSPECIFIED.,.F.,.F.,(4,4),(0.00017892420756627,0.00211563785670657),
 .UNSPECIFIED.);
#67=B_SPLINE_CURVE_WITH_KNOTS('',3,(#1368,#1369,#1370,#1371),
 .UNSPECIFIED.,.F.,.F.,(4,4),(0.,7.98415921884905E-6),.UNSPECIFIED.);
#68=B_SPLINE_CURVE_WITH_KNOTS('',3,(#1376,#1377,#1378,#1379),
 .UNSPECIFIED.,.F.,.F.,(4,4),(0.,0.000955227358645662),.UNSPECIFIED.);
#69=B_SPLINE_CURVE_WITH_KNOTS('',3,(#1381,#1382,#1383,#1384),
 .UNSPECIFIED.,.F.,.F.,(4,4),(0.000505690416222312,0.000550293577124526),
 .UNSPECIFIED.);
#70=B_SPLINE_CURVE_WITH_KNOTS('',3,(#1388,#1389,#1390,#1391),
 .UNSPECIFIED.,.F.,.F.,(4,4),(0.,0.00724323842952414),.UNSPECIFIED.);
#71=B_SPLINE_CURVE_WITH_KNOTS('',3,(#1393,#1394,#1395,#1396,#1397,#1398,
#1399,#1400,#1401,#1402,#1403,#1404,#1405,#1406,#1407,#1408,#1409,#1410,
#1411,#1412,#1413),.UNSPECIFIED.,.F.,.F.,(4,1,1,1,1,1,1,1,1,1,1,1,1,1,1,
1,1,1,4),(1.4304896245382E-17,0.000103848552049955,0.000207697104099895,
0.000311545656149836,0.000415394208199776,0.000623091312299657,0.000830788416399538,
0.0012461826245993,0.00166157683279906,0.00207697104099882,0.00249236524919859,
0.00332315366559811,0.00415394208199763,0.00498473049839716,0.00664630733119621,
0.00830788416399525,0.0099694609967943,0.0116310378295933,0.0132926146623924),
 .UNSPECIFIED.);
#72=B_SPLINE_CURVE_WITH_KNOTS('',3,(#1415,#1416,#1417,#1418,#1419,#1420,
#1421,#1422,#1423,#1424,#1425,#1426,#1427,#1428,#1429,#1430,#1431,#1432,
#1433,#1434),.UNSPECIFIED.,.F.,.F.,(4,1,1,1,1,1,1,1,1,1,1,1,1,1,1,1,1,4),
(1.51062009446318E-13,0.00713273650559176,0.0142654730110324,0.0213982095164731,
0.0285309460219138,0.0356636825273545,0.0392300507800749,0.0427964190327952,
0.0463627872855156,0.0481459714118757,0.0499291555382359,0.0517123396645961,
0.0534955237909563,0.0543871158541364,0.0552787079173164,0.0561702999804965,
0.0566160960120866,0.0570618920436766),.UNSPECIFIED.);
#73=B_SPLINE_CURVE_WITH_KNOTS('',3,(#1436,#1437,#1438,#1439),
 .UNSPECIFIED.,.F.,.F.,(4,4),(0.,0.00364977991682233),.UNSPECIFIED.);
#74=B_SPLINE_CURVE_WITH_KNOTS('',3,(#1519,#1520,#1521,#1522,#1523,#1524,
#1525),.UNSPECIFIED.,.F.,.F.,(4,1,1,1,4),(0.00680852493582355,0.00830058182055618,
0.00979263870528881,0.0112846955900214,0.0127767524747541),
 .UNSPECIFIED.);
#75=B_SPLINE_CURVE_WITH_KNOTS('',3,(#1531,#1532,#1533,#1534),
 .UNSPECIFIED.,.F.,.F.,(4,4),(0.,0.000637406186979891),.UNSPECIFIED.);
#76=B_SPLINE_CURVE_WITH_KNOTS('',3,(#1538,#1539,#1540,#1541,#1542),
 .UNSPECIFIED.,.F.,.F.,(4,1,4),(0.,0.000534815394269038,0.00106963078853808),
 .UNSPECIFIED.);
#77=B_SPLINE_CURVE_WITH_KNOTS('',3,(#1543,#1544,#1545,#1546,#1547,#1548,
#1549),.UNSPECIFIED.,.F.,.F.,(4,1,1,1,4),(-0.000883319085341068,-0.000442438218555852,
-1.55735177063547E-6,0.000439323515014581,0.000880204381799797),
 .UNSPECIFIED.);
#78=B_SPLINE_CURVE_WITH_KNOTS('',3,(#1631,#1632,#1633,#1634,#1635,#1636,
#1637,#1638,#1639,#1640,#1641,#1642,#1643,#1644,#1645,#1646,#1647,#1648,
#1649,#1650,#1651,#1652,#1653),.UNSPECIFIED.,.F.,.F.,(4,2,2,1,2,2,2,1,2,
2,3,4),(0.,0.125,0.25,0.333333333333334,0.375,0.5,0.625,0.666666666666667,
0.75,0.875,1.,5.),.UNSPECIFIED.);
#79=B_SPLINE_CURVE_WITH_KNOTS('',3,(#1656,#1657,#1658,#1659,#1660),
 .UNSPECIFIED.,.F.,.F.,(4,1,4),(0.,0.000560199559859071,0.00112039911971814),
 .UNSPECIFIED.);
#80=B_SPLINE_CURVE_WITH_KNOTS('',3,(#1662,#1663,#1664,#1665),
 .UNSPECIFIED.,.F.,.F.,(4,4),(0.00312236329622727,0.00444299923874991),
 .UNSPECIFIED.);
#81=B_SPLINE_CURVE_WITH_KNOTS('',3,(#1667,#1668,#1669,#1670),
 .UNSPECIFIED.,.F.,.F.,(4,4),(0.,1.),.PIECEWISE_BEZIER_KNOTS.);
#82=B_SPLINE_CURVE_WITH_KNOTS('',3,(#1672,#1673,#1674,#1675),
 .UNSPECIFIED.,.F.,.F.,(4,4),(0.,1.),.PIECEWISE_BEZIER_KNOTS.);
#83=B_SPLINE_CURVE_WITH_KNOTS('',3,(#1680,#1681,#1682,#1683,#1684),
 .UNSPECIFIED.,.F.,.F.,(4,1,4),(-5.9999996567261E-8,0.000262166395062215,
0.000524392790120997),.UNSPECIFIED.);
#84=B_SPLINE_CURVE_WITH_KNOTS('',3,(#1765,#1766,#1767,#1768),
 .UNSPECIFIED.,.F.,.F.,(4,4),(0.,1.),.PIECEWISE_BEZIER_KNOTS.);
#85=B_SPLINE_CURVE_WITH_KNOTS('',3,(#1849,#1850,#1851,#1852),
 .UNSPECIFIED.,.F.,.F.,(4,4),(5.01572127401018E-17,0.00106377383993911),
 .UNSPECIFIED.);
#86=B_SPLINE_CURVE_WITH_KNOTS('',3,(#1855,#1856,#1857,#1858),
 .UNSPECIFIED.,.F.,.F.,(4,4),(5.05456866789956E-17,0.000366146253409314),
 .UNSPECIFIED.);
#87=B_SPLINE_CURVE_WITH_KNOTS('',3,(#1859,#1860,#1861,#1862),
 .UNSPECIFIED.,.F.,.F.,(4,4),(0.,1.),.PIECEWISE_BEZIER_KNOTS.);
#88=B_SPLINE_CURVE_WITH_KNOTS('',3,(#1943,#1944,#1945,#1946),
 .UNSPECIFIED.,.F.,.F.,(4,4),(-5.99999999609451E-8,0.000908265342198489),
 .UNSPECIFIED.);
#89=B_SPLINE_CURVE_WITH_KNOTS('',3,(#1963,#1964,#1965,#1966,#1967),
 .UNSPECIFIED.,.F.,.F.,(4,1,4),(4.47343445558316E-17,0.000604457384151844,
0.00120891476830364),.UNSPECIFIED.);
#90=B_SPLINE_CURVE_WITH_KNOTS('',3,(#1976,#1977,#1978,#1979),
 .UNSPECIFIED.,.F.,.F.,(4,4),(0.,0.0202434966104383),.UNSPECIFIED.);
#91=B_SPLINE_CURVE_WITH_KNOTS('',3,(#1981,#1982,#1983,#1984),
 .UNSPECIFIED.,.F.,.F.,(4,4),(0.,1.),.UNSPECIFIED.);
#92=B_SPLINE_CURVE_WITH_KNOTS('',3,(#1986,#1987,#1988,#1989),
 .UNSPECIFIED.,.F.,.F.,(4,4),(9.04225489614244E-15,0.000839658483447231),
 .UNSPECIFIED.);
#93=B_SPLINE_CURVE_WITH_KNOTS('',3,(#1994,#1995,#1996,#1997),
 .UNSPECIFIED.,.F.,.F.,(4,4),(0.,0.00436974310597818),.UNSPECIFIED.);
#94=B_SPLINE_CURVE_WITH_KNOTS('',3,(#2000,#2001,#2002,#2003),
 .UNSPECIFIED.,.F.,.F.,(4,4),(0.,0.000122022612682759),.UNSPECIFIED.);
#95=B_SPLINE_CURVE_WITH_KNOTS('',3,(#2005,#2006,#2007,#2008,#2009),
 .UNSPECIFIED.,.F.,.F.,(4,1,4),(0.,0.000676676745860613,0.00135335349172123),
 .UNSPECIFIED.);
#96=B_SPLINE_CURVE_WITH_KNOTS('',3,(#2011,#2012,#2013,#2014),
 .UNSPECIFIED.,.F.,.F.,(4,4),(0.,0.00191018419428216),.UNSPECIFIED.);
#97=B_SPLINE_CURVE_WITH_KNOTS('',3,(#2017,#2018,#2019,#2020,#2021),
 .UNSPECIFIED.,.F.,.F.,(4,1,4),(0.,9.77890334432545E-5,0.000195578066886509),
 .UNSPECIFIED.);
#98=B_SPLINE_CURVE_WITH_KNOTS('',3,(#2025,#2026,#2027,#2028),
 .UNSPECIFIED.,.F.,.F.,(4,4),(6.41487107808894E-5,0.000703505390764637),
 .UNSPECIFIED.);
#99=B_SPLINE_CURVE_WITH_KNOTS('',3,(#2030,#2031,#2032,#2033),
 .UNSPECIFIED.,.F.,.F.,(4,4),(8.55484294927236E-17,0.000790342190380478),
 .UNSPECIFIED.);
#100=B_SPLINE_CURVE_WITH_KNOTS('',3,(#2046,#2047,#2048,#2049),
 .UNSPECIFIED.,.F.,.F.,(4,4),(0.000164476582548871,0.000244342765022812),
 .UNSPECIFIED.);
#101=B_SPLINE_CURVE_WITH_KNOTS('',3,(#2052,#2053,#2054,#2055),
 .UNSPECIFIED.,.F.,.F.,(4,4),(5.35586539330963E-15,0.000988072121875834),
 .UNSPECIFIED.);
#102=B_SPLINE_CURVE_WITH_KNOTS('',3,(#2056,#2057,#2058,#2059,#2060),
 .UNSPECIFIED.,.F.,.F.,(4,1,4),(1.73472347597681E-18,0.000618450164846174,
0.00123690032969235),.UNSPECIFIED.);
#103=B_SPLINE_CURVE_WITH_KNOTS('',3,(#2074,#2075,#2076,#2077),
 .UNSPECIFIED.,.F.,.F.,(4,4),(2.41371020278022E-14,0.000275447353041059),
 .UNSPECIFIED.);
#104=B_SPLINE_CURVE_WITH_KNOTS('',3,(#2138,#2139,#2140,#2141),
 .UNSPECIFIED.,.F.,.F.,(4,4),(2.78097328878398E-17,0.00496596552759702),
 .UNSPECIFIED.);
#105=B_SPLINE_CURVE_WITH_KNOTS('',3,(#2215,#2216,#2217,#2218),
 .UNSPECIFIED.,.F.,.F.,(4,4),(0.,1.),.UNSPECIFIED.);
#106=B_SPLINE_CURVE_WITH_KNOTS('',3,(#2329,#2330,#2331,#2332),
 .UNSPECIFIED.,.F.,.F.,(4,4),(0.0479932472919302,0.0497622075960837),
 .UNSPECIFIED.);
#107=B_SPLINE_CURVE_WITH_KNOTS('',3,(#2333,#2334,#2335,#2336),
 .UNSPECIFIED.,.F.,.F.,(4,4),(0.,0.000572743847148493),.UNSPECIFIED.);
#108=B_SPLINE_CURVE_WITH_KNOTS('',3,(#2408,#2409,#2410,#2411),
 .UNSPECIFIED.,.F.,.F.,(4,4),(2.35947901993096E-17,0.00147299255227216),
 .UNSPECIFIED.);
#109=B_SPLINE_CURVE_WITH_KNOTS('',3,(#2429,#2430,#2431,#2432),
 .UNSPECIFIED.,.F.,.F.,(4,4),(2.0888836804026E-17,0.00147377475710192),
 .UNSPECIFIED.);
#110=B_SPLINE_CURVE_WITH_KNOTS('',3,(#2448,#2449,#2450,#2451),
 .UNSPECIFIED.,.F.,.F.,(4,4),(8.88611994741668E-17,0.000278093021779083),
 .UNSPECIFIED.);
#111=B_SPLINE_CURVE_WITH_KNOTS('',3,(#2474,#2475,#2476,#2477),
 .UNSPECIFIED.,.F.,.F.,(4,4),(0.,0.000838026745651514),.UNSPECIFIED.);
#112=B_SPLINE_CURVE_WITH_KNOTS('',3,(#2478,#2479,#2480,#2481,#2482,#2483),
 .UNSPECIFIED.,.F.,.F.,(4,1,1,4),(0.,0.000824420588685042,0.00123663088302756,
0.00164884117737008),.UNSPECIFIED.);
#113=B_SPLINE_CURVE_WITH_KNOTS('',3,(#2485,#2486,#2487,#2488,#2489,#2490),
 .UNSPECIFIED.,.F.,.F.,(4,1,1,4),(1.73472347597681E-18,0.00040456776927275,
0.000809135538545499,0.001618271077091),.UNSPECIFIED.);
#114=B_SPLINE_CURVE_WITH_KNOTS('',3,(#2499,#2500,#2501,#2502,#2503),
 .UNSPECIFIED.,.F.,.F.,(4,1,4),(0.,0.00146952934256442,0.00293905868512885),
 .UNSPECIFIED.);
#115=CIRCLE('',#981,0.0201270166537924);
#116=CIRCLE('',#982,0.0501270166537926);
#117=CIRCLE('',#985,0.05);
#118=CIRCLE('',#988,0.004);
#119=CIRCLE('',#989,0.054);
#120=CIRCLE('',#990,0.004);
#121=CIRCLE('',#996,0.0048);
#122=CIRCLE('',#997,0.05);
#123=CIRCLE('',#999,0.0048);
#124=CIRCLE('',#1000,0.0048);
#125=CIRCLE('',#1003,0.00275499546279117);
#126=CIRCLE('',#1004,0.0028);
#127=CIRCLE('',#1005,0.00237035823254296);
#128=CIRCLE('',#1006,0.0028);
#129=CIRCLE('',#1007,0.00237035823254295);
#130=CIRCLE('',#1008,0.0028);
#131=CIRCLE('',#1009,0.00237035823254296);
#132=CIRCLE('',#1010,0.0028);
#133=CIRCLE('',#1013,0.00276095202129184);
#134=CIRCLE('',#1015,0.00100000000000001);
#135=CIRCLE('',#1019,0.00276095202129182);
#136=CIRCLE('',#1023,0.001);
#137=CIRCLE('',#1027,0.00100000000000001);
#138=CIRCLE('',#1028,0.00100000000000001);
#139=CIRCLE('',#1040,0.001);
#140=CIRCLE('',#1042,0.0006);
#141=CIRCLE('',#1043,0.0006);
#142=CIRCLE('',#1044,0.0006);
#143=CIRCLE('',#1045,0.0006);
#144=CIRCLE('',#1046,0.0006);
#145=CIRCLE('',#1047,0.0006);
#146=CIRCLE('',#1049,0.001);
#147=CIRCLE('',#1050,0.001);
#148=CIRCLE('',#1051,0.001);
#149=CIRCLE('',#1053,0.001);
#150=CIRCLE('',#1054,0.001);
#151=CIRCLE('',#1055,0.001);
#152=CIRCLE('',#1056,0.0006);
#153=CIRCLE('',#1059,0.002);
#154=ORIENTED_EDGE('',*,*,#446,.F.);
#155=ORIENTED_EDGE('',*,*,#447,.T.);
#156=ORIENTED_EDGE('',*,*,#448,.F.);
#157=ORIENTED_EDGE('',*,*,#449,.T.);
#158=ORIENTED_EDGE('',*,*,#450,.F.);
#159=ORIENTED_EDGE('',*,*,#451,.T.);
#160=ORIENTED_EDGE('',*,*,#452,.T.);
#161=ORIENTED_EDGE('',*,*,#453,.T.);
#162=ORIENTED_EDGE('',*,*,#454,.F.);
#163=ORIENTED_EDGE('',*,*,#455,.T.);
#164=ORIENTED_EDGE('',*,*,#456,.T.);
#165=ORIENTED_EDGE('',*,*,#457,.F.);
#166=ORIENTED_EDGE('',*,*,#458,.F.);
#167=ORIENTED_EDGE('',*,*,#459,.T.);
#168=ORIENTED_EDGE('',*,*,#460,.F.);
#169=ORIENTED_EDGE('',*,*,#461,.T.);
#170=ORIENTED_EDGE('',*,*,#462,.T.);
#171=ORIENTED_EDGE('',*,*,#463,.T.);
#172=ORIENTED_EDGE('',*,*,#464,.F.);
#173=ORIENTED_EDGE('',*,*,#465,.T.);
#174=ORIENTED_EDGE('',*,*,#466,.T.);
#175=ORIENTED_EDGE('',*,*,#467,.T.);
#176=ORIENTED_EDGE('',*,*,#468,.F.);
#177=ORIENTED_EDGE('',*,*,#469,.F.);
#178=ORIENTED_EDGE('',*,*,#453,.F.);
#179=ORIENTED_EDGE('',*,*,#470,.F.);
#180=ORIENTED_EDGE('',*,*,#471,.T.);
#181=ORIENTED_EDGE('',*,*,#472,.T.);
#182=ORIENTED_EDGE('',*,*,#464,.T.);
#183=ORIENTED_EDGE('',*,*,#452,.F.);
#184=ORIENTED_EDGE('',*,*,#473,.F.);
#185=ORIENTED_EDGE('',*,*,#474,.T.);
#186=ORIENTED_EDGE('',*,*,#475,.T.);
#187=ORIENTED_EDGE('',*,*,#476,.T.);
#188=ORIENTED_EDGE('',*,*,#477,.T.);
#189=ORIENTED_EDGE('',*,*,#478,.T.);
#190=ORIENTED_EDGE('',*,*,#479,.T.);
#191=ORIENTED_EDGE('',*,*,#480,.T.);
#192=ORIENTED_EDGE('',*,*,#481,.F.);
#193=ORIENTED_EDGE('',*,*,#482,.F.);
#194=ORIENTED_EDGE('',*,*,#483,.F.);
#195=ORIENTED_EDGE('',*,*,#484,.F.);
#196=ORIENTED_EDGE('',*,*,#485,.F.);
#197=ORIENTED_EDGE('',*,*,#486,.F.);
#198=ORIENTED_EDGE('',*,*,#487,.T.);
#199=ORIENTED_EDGE('',*,*,#488,.F.);
#200=ORIENTED_EDGE('',*,*,#489,.T.);
#201=ORIENTED_EDGE('',*,*,#490,.F.);
#202=ORIENTED_EDGE('',*,*,#491,.F.);
#203=ORIENTED_EDGE('',*,*,#492,.T.);
#204=ORIENTED_EDGE('',*,*,#493,.F.);
#205=ORIENTED_EDGE('',*,*,#494,.F.);
#206=ORIENTED_EDGE('',*,*,#486,.T.);
#207=ORIENTED_EDGE('',*,*,#495,.T.);
#208=ORIENTED_EDGE('',*,*,#496,.T.);
#209=ORIENTED_EDGE('',*,*,#497,.T.);
#210=ORIENTED_EDGE('',*,*,#498,.T.);
#211=ORIENTED_EDGE('',*,*,#499,.T.);
#212=ORIENTED_EDGE('',*,*,#500,.T.);
#213=ORIENTED_EDGE('',*,*,#501,.F.);
#214=ORIENTED_EDGE('',*,*,#502,.T.);
#215=ORIENTED_EDGE('',*,*,#503,.T.);
#216=ORIENTED_EDGE('',*,*,#498,.F.);
#217=ORIENTED_EDGE('',*,*,#504,.T.);
#218=ORIENTED_EDGE('',*,*,#505,.T.);
#219=ORIENTED_EDGE('',*,*,#506,.T.);
#220=ORIENTED_EDGE('',*,*,#502,.F.);
#221=ORIENTED_EDGE('',*,*,#507,.F.);
#222=ORIENTED_EDGE('',*,*,#508,.F.);
#223=ORIENTED_EDGE('',*,*,#509,.F.);
#224=ORIENTED_EDGE('',*,*,#510,.F.);
#225=ORIENTED_EDGE('',*,*,#473,.T.);
#226=ORIENTED_EDGE('',*,*,#451,.F.);
#227=ORIENTED_EDGE('',*,*,#501,.T.);
#228=ORIENTED_EDGE('',*,*,#511,.T.);
#229=ORIENTED_EDGE('',*,*,#512,.T.);
#230=ORIENTED_EDGE('',*,*,#490,.T.);
#231=ORIENTED_EDGE('',*,*,#513,.F.);
#232=ORIENTED_EDGE('',*,*,#507,.T.);
#233=ORIENTED_EDGE('',*,*,#514,.F.);
#234=ORIENTED_EDGE('',*,*,#515,.T.);
#235=ORIENTED_EDGE('',*,*,#499,.F.);
#236=ORIENTED_EDGE('',*,*,#509,.T.);
#237=ORIENTED_EDGE('',*,*,#516,.T.);
#238=ORIENTED_EDGE('',*,*,#492,.F.);
#239=ORIENTED_EDGE('',*,*,#512,.F.);
#240=ORIENTED_EDGE('',*,*,#517,.T.);
#241=ORIENTED_EDGE('',*,*,#514,.T.);
#242=ORIENTED_EDGE('',*,*,#491,.T.);
#243=ORIENTED_EDGE('',*,*,#516,.F.);
#244=ORIENTED_EDGE('',*,*,#508,.T.);
#245=ORIENTED_EDGE('',*,*,#513,.T.);
#246=ORIENTED_EDGE('',*,*,#489,.F.);
#247=ORIENTED_EDGE('',*,*,#511,.F.);
#248=ORIENTED_EDGE('',*,*,#500,.F.);
#249=ORIENTED_EDGE('',*,*,#515,.F.);
#250=ORIENTED_EDGE('',*,*,#517,.F.);
#251=ORIENTED_EDGE('',*,*,#518,.F.);
#252=ORIENTED_EDGE('',*,*,#519,.T.);
#253=ORIENTED_EDGE('',*,*,#520,.F.);
#254=ORIENTED_EDGE('',*,*,#495,.F.);
#255=ORIENTED_EDGE('',*,*,#485,.T.);
#256=ORIENTED_EDGE('',*,*,#521,.T.);
#257=ORIENTED_EDGE('',*,*,#446,.T.);
#258=ORIENTED_EDGE('',*,*,#469,.T.);
#259=ORIENTED_EDGE('',*,*,#494,.T.);
#260=ORIENTED_EDGE('',*,*,#522,.F.);
#261=ORIENTED_EDGE('',*,*,#523,.F.);
#262=ORIENTED_EDGE('',*,*,#487,.F.);
#263=ORIENTED_EDGE('',*,*,#481,.T.);
#264=ORIENTED_EDGE('',*,*,#524,.T.);
#265=ORIENTED_EDGE('',*,*,#525,.F.);
#266=ORIENTED_EDGE('',*,*,#526,.F.);
#267=ORIENTED_EDGE('',*,*,#460,.T.);
#268=ORIENTED_EDGE('',*,*,#527,.F.);
#269=ORIENTED_EDGE('',*,*,#488,.T.);
#270=ORIENTED_EDGE('',*,*,#523,.T.);
#271=ORIENTED_EDGE('',*,*,#528,.F.);
#272=ORIENTED_EDGE('',*,*,#529,.T.);
#273=ORIENTED_EDGE('',*,*,#530,.T.);
#274=ORIENTED_EDGE('',*,*,#531,.T.);
#275=ORIENTED_EDGE('',*,*,#532,.T.);
#276=ORIENTED_EDGE('',*,*,#533,.F.);
#277=ORIENTED_EDGE('',*,*,#534,.T.);
#278=ORIENTED_EDGE('',*,*,#535,.T.);
#279=ORIENTED_EDGE('',*,*,#536,.T.);
#280=ORIENTED_EDGE('',*,*,#533,.T.);
#281=ORIENTED_EDGE('',*,*,#537,.F.);
#282=ORIENTED_EDGE('',*,*,#450,.T.);
#283=ORIENTED_EDGE('',*,*,#538,.T.);
#284=ORIENTED_EDGE('',*,*,#539,.T.);
#285=ORIENTED_EDGE('',*,*,#470,.T.);
#286=ORIENTED_EDGE('',*,*,#510,.T.);
#287=ORIENTED_EDGE('',*,*,#537,.T.);
#288=ORIENTED_EDGE('',*,*,#540,.F.);
#289=ORIENTED_EDGE('',*,*,#532,.F.);
#290=ORIENTED_EDGE('',*,*,#541,.T.);
#291=ORIENTED_EDGE('',*,*,#540,.T.);
#292=ORIENTED_EDGE('',*,*,#468,.T.);
#293=ORIENTED_EDGE('',*,*,#542,.T.);
#294=ORIENTED_EDGE('',*,*,#543,.T.);
#295=ORIENTED_EDGE('',*,*,#518,.T.);
#296=ORIENTED_EDGE('',*,*,#531,.F.);
#297=ORIENTED_EDGE('',*,*,#544,.T.);
#298=ORIENTED_EDGE('',*,*,#538,.F.);
#299=ORIENTED_EDGE('',*,*,#541,.F.);
#300=ORIENTED_EDGE('',*,*,#505,.F.);
#301=ORIENTED_EDGE('',*,*,#545,.T.);
#302=ORIENTED_EDGE('',*,*,#497,.F.);
#303=ORIENTED_EDGE('',*,*,#546,.F.);
#304=ORIENTED_EDGE('',*,*,#503,.F.);
#305=ORIENTED_EDGE('',*,*,#506,.F.);
#306=ORIENTED_EDGE('',*,*,#545,.F.);
#307=ORIENTED_EDGE('',*,*,#504,.F.);
#308=ORIENTED_EDGE('',*,*,#496,.F.);
#309=ORIENTED_EDGE('',*,*,#546,.T.);
#310=ORIENTED_EDGE('',*,*,#520,.T.);
#311=ORIENTED_EDGE('',*,*,#547,.T.);
#312=ORIENTED_EDGE('',*,*,#482,.T.);
#313=ORIENTED_EDGE('',*,*,#528,.T.);
#314=ORIENTED_EDGE('',*,*,#522,.T.);
#315=ORIENTED_EDGE('',*,*,#493,.T.);
#316=ORIENTED_EDGE('',*,*,#449,.F.);
#317=ORIENTED_EDGE('',*,*,#548,.T.);
#318=ORIENTED_EDGE('',*,*,#534,.F.);
#319=ORIENTED_EDGE('',*,*,#549,.T.);
#320=ORIENTED_EDGE('',*,*,#550,.T.);
#321=ORIENTED_EDGE('',*,*,#529,.F.);
#322=ORIENTED_EDGE('',*,*,#551,.T.);
#323=ORIENTED_EDGE('',*,*,#552,.T.);
#324=ORIENTED_EDGE('',*,*,#461,.F.);
#325=ORIENTED_EDGE('',*,*,#553,.T.);
#326=ORIENTED_EDGE('',*,*,#554,.T.);
#327=ORIENTED_EDGE('',*,*,#555,.T.);
#328=ORIENTED_EDGE('',*,*,#556,.T.);
#329=ORIENTED_EDGE('',*,*,#557,.T.);
#330=ORIENTED_EDGE('',*,*,#558,.T.);
#331=ORIENTED_EDGE('',*,*,#559,.T.);
#332=ORIENTED_EDGE('',*,*,#560,.T.);
#333=ORIENTED_EDGE('',*,*,#561,.T.);
#334=ORIENTED_EDGE('',*,*,#562,.T.);
#335=ORIENTED_EDGE('',*,*,#559,.F.);
#336=ORIENTED_EDGE('',*,*,#563,.T.);
#337=ORIENTED_EDGE('',*,*,#476,.F.);
#338=ORIENTED_EDGE('',*,*,#564,.T.);
#339=ORIENTED_EDGE('',*,*,#561,.F.);
#340=ORIENTED_EDGE('',*,*,#565,.T.);
#341=ORIENTED_EDGE('',*,*,#558,.F.);
#342=ORIENTED_EDGE('',*,*,#566,.T.);
#343=ORIENTED_EDGE('',*,*,#551,.F.);
#344=ORIENTED_EDGE('',*,*,#567,.F.);
#345=ORIENTED_EDGE('',*,*,#567,.T.);
#346=ORIENTED_EDGE('',*,*,#555,.F.);
#347=ORIENTED_EDGE('',*,*,#568,.F.);
#348=ORIENTED_EDGE('',*,*,#563,.F.);
#349=ORIENTED_EDGE('',*,*,#568,.T.);
#350=ORIENTED_EDGE('',*,*,#554,.F.);
#351=ORIENTED_EDGE('',*,*,#569,.F.);
#352=ORIENTED_EDGE('',*,*,#565,.F.);
#353=ORIENTED_EDGE('',*,*,#569,.T.);
#354=ORIENTED_EDGE('',*,*,#553,.F.);
#355=ORIENTED_EDGE('',*,*,#570,.F.);
#356=ORIENTED_EDGE('',*,*,#477,.F.);
#357=ORIENTED_EDGE('',*,*,#463,.F.);
#358=ORIENTED_EDGE('',*,*,#571,.T.);
#359=ORIENTED_EDGE('',*,*,#549,.F.);
#360=ORIENTED_EDGE('',*,*,#572,.F.);
#361=ORIENTED_EDGE('',*,*,#478,.F.);
#362=ORIENTED_EDGE('',*,*,#570,.T.);
#363=ORIENTED_EDGE('',*,*,#572,.T.);
#364=ORIENTED_EDGE('',*,*,#536,.F.);
#365=ORIENTED_EDGE('',*,*,#573,.F.);
#366=ORIENTED_EDGE('',*,*,#479,.F.);
#367=ORIENTED_EDGE('',*,*,#535,.F.);
#368=ORIENTED_EDGE('',*,*,#548,.F.);
#369=ORIENTED_EDGE('',*,*,#574,.F.);
#370=ORIENTED_EDGE('',*,*,#456,.F.);
#371=ORIENTED_EDGE('',*,*,#575,.F.);
#372=ORIENTED_EDGE('',*,*,#524,.F.);
#373=ORIENTED_EDGE('',*,*,#480,.F.);
#374=ORIENTED_EDGE('',*,*,#573,.T.);
#375=ORIENTED_EDGE('',*,*,#519,.F.);
#376=ORIENTED_EDGE('',*,*,#543,.F.);
#377=ORIENTED_EDGE('',*,*,#576,.F.);
#378=ORIENTED_EDGE('',*,*,#547,.F.);
#379=ORIENTED_EDGE('',*,*,#576,.T.);
#380=ORIENTED_EDGE('',*,*,#542,.F.);
#381=ORIENTED_EDGE('',*,*,#577,.F.);
#382=ORIENTED_EDGE('',*,*,#474,.F.);
#383=ORIENTED_EDGE('',*,*,#578,.F.);
#384=ORIENTED_EDGE('',*,*,#475,.F.);
#385=ORIENTED_EDGE('',*,*,#577,.T.);
#386=ORIENTED_EDGE('',*,*,#467,.F.);
#387=ORIENTED_EDGE('',*,*,#564,.F.);
#388=ORIENTED_EDGE('',*,*,#578,.T.);
#389=ORIENTED_EDGE('',*,*,#579,.F.);
#390=ORIENTED_EDGE('',*,*,#579,.T.);
#391=ORIENTED_EDGE('',*,*,#466,.F.);
#392=ORIENTED_EDGE('',*,*,#580,.F.);
#393=ORIENTED_EDGE('',*,*,#562,.F.);
#394=ORIENTED_EDGE('',*,*,#580,.T.);
#395=ORIENTED_EDGE('',*,*,#465,.F.);
#396=ORIENTED_EDGE('',*,*,#581,.F.);
#397=ORIENTED_EDGE('',*,*,#560,.F.);
#398=ORIENTED_EDGE('',*,*,#582,.F.);
#399=ORIENTED_EDGE('',*,*,#556,.F.);
#400=ORIENTED_EDGE('',*,*,#581,.T.);
#401=ORIENTED_EDGE('',*,*,#472,.F.);
#402=ORIENTED_EDGE('',*,*,#583,.F.);
#403=ORIENTED_EDGE('',*,*,#582,.T.);
#404=ORIENTED_EDGE('',*,*,#584,.F.);
#405=ORIENTED_EDGE('',*,*,#557,.F.);
#406=ORIENTED_EDGE('',*,*,#583,.T.);
#407=ORIENTED_EDGE('',*,*,#585,.F.);
#408=ORIENTED_EDGE('',*,*,#566,.F.);
#409=ORIENTED_EDGE('',*,*,#462,.F.);
#410=ORIENTED_EDGE('',*,*,#552,.F.);
#411=ORIENTED_EDGE('',*,*,#585,.T.);
#412=ORIENTED_EDGE('',*,*,#584,.T.);
#413=ORIENTED_EDGE('',*,*,#471,.F.);
#414=ORIENTED_EDGE('',*,*,#539,.F.);
#415=ORIENTED_EDGE('',*,*,#544,.F.);
#416=ORIENTED_EDGE('',*,*,#530,.F.);
#417=ORIENTED_EDGE('',*,*,#550,.F.);
#418=ORIENTED_EDGE('',*,*,#571,.F.);
#419=ORIENTED_EDGE('',*,*,#586,.F.);
#420=ORIENTED_EDGE('',*,*,#455,.F.);
#421=ORIENTED_EDGE('',*,*,#587,.T.);
#422=ORIENTED_EDGE('',*,*,#457,.T.);
#423=ORIENTED_EDGE('',*,*,#526,.T.);
#424=ORIENTED_EDGE('',*,*,#483,.T.);
#425=ORIENTED_EDGE('',*,*,#527,.T.);
#426=ORIENTED_EDGE('',*,*,#459,.F.);
#427=ORIENTED_EDGE('',*,*,#588,.T.);
#428=ORIENTED_EDGE('',*,*,#521,.F.);
#429=ORIENTED_EDGE('',*,*,#484,.T.);
#430=ORIENTED_EDGE('',*,*,#588,.F.);
#431=ORIENTED_EDGE('',*,*,#458,.T.);
#432=ORIENTED_EDGE('',*,*,#587,.F.);
#433=ORIENTED_EDGE('',*,*,#454,.T.);
#434=ORIENTED_EDGE('',*,*,#589,.F.);
#435=ORIENTED_EDGE('',*,*,#590,.F.);
#436=ORIENTED_EDGE('',*,*,#447,.F.);
#437=ORIENTED_EDGE('',*,*,#591,.T.);
#438=ORIENTED_EDGE('',*,*,#448,.T.);
#439=ORIENTED_EDGE('',*,*,#590,.T.);
#440=ORIENTED_EDGE('',*,*,#586,.T.);
#441=ORIENTED_EDGE('',*,*,#525,.T.);
#442=ORIENTED_EDGE('',*,*,#575,.T.);
#443=ORIENTED_EDGE('',*,*,#589,.T.);
#444=ORIENTED_EDGE('',*,*,#574,.T.);
#445=ORIENTED_EDGE('',*,*,#591,.F.);
#446=EDGE_CURVE('',#592,#593,#682,.T.);
#447=EDGE_CURVE('',#592,#594,#683,.T.);
#448=EDGE_CURVE('',#595,#594,#684,.F.);
#449=EDGE_CURVE('',#595,#596,#685,.T.);
#450=EDGE_CURVE('',#597,#596,#686,.F.);
#451=EDGE_CURVE('',#597,#598,#687,.T.);
#452=EDGE_CURVE('',#598,#599,#115,.T.);
#453=EDGE_CURVE('',#599,#593,#116,.T.);
#454=EDGE_CURVE('',#600,#601,#688,.T.);
#455=EDGE_CURVE('',#600,#602,#689,.T.);
#456=EDGE_CURVE('',#602,#601,#58,.T.);
#457=EDGE_CURVE('',#603,#604,#690,.T.);
#458=EDGE_CURVE('',#605,#603,#691,.T.);
#459=EDGE_CURVE('',#605,#606,#692,.T.);
#460=EDGE_CURVE('',#604,#606,#117,.T.);
#461=EDGE_CURVE('',#607,#608,#693,.T.);
#462=EDGE_CURVE('',#608,#609,#59,.T.);
#463=EDGE_CURVE('',#609,#607,#60,.T.);
#464=EDGE_CURVE('',#610,#599,#118,.T.);
#465=EDGE_CURVE('',#610,#611,#61,.T.);
#466=EDGE_CURVE('',#611,#612,#62,.T.);
#467=EDGE_CURVE('',#612,#613,#63,.T.);
#468=EDGE_CURVE('',#614,#613,#119,.F.);
#469=EDGE_CURVE('',#593,#614,#120,.T.);
#470=EDGE_CURVE('',#615,#616,#64,.T.);
#471=EDGE_CURVE('',#615,#617,#65,.T.);
#472=EDGE_CURVE('',#617,#610,#66,.T.);
#473=EDGE_CURVE('',#616,#598,#67,.T.);
#474=EDGE_CURVE('',#618,#619,#39,.T.);
#475=EDGE_CURVE('',#619,#620,#68,.T.);
#476=EDGE_CURVE('',#620,#621,#69,.T.);
#477=EDGE_CURVE('',#621,#622,#40,.F.);
#478=EDGE_CURVE('',#622,#623,#70,.T.);
#479=EDGE_CURVE('',#623,#624,#71,.T.);
#480=EDGE_CURVE('',#624,#625,#72,.T.);
#481=EDGE_CURVE('',#626,#625,#73,.T.);
#482=EDGE_CURVE('',#618,#626,#694,.T.);
#483=EDGE_CURVE('',#627,#628,#695,.T.);
#484=EDGE_CURVE('',#629,#627,#696,.T.);
#485=EDGE_CURVE('',#630,#629,#697,.T.);
#486=EDGE_CURVE('',#631,#630,#121,.T.);
#487=EDGE_CURVE('',#631,#632,#698,.T.);
#488=EDGE_CURVE('',#628,#632,#122,.T.);
#489=EDGE_CURVE('',#633,#634,#123,.T.);
#490=EDGE_CURVE('',#635,#634,#699,.T.);
#491=EDGE_CURVE('',#636,#635,#124,.T.);
#492=EDGE_CURVE('',#636,#633,#700,.T.);
#493=EDGE_CURVE('',#637,#638,#41,.T.);
#494=EDGE_CURVE('',#631,#637,#701,.T.);
#495=EDGE_CURVE('',#630,#638,#702,.T.);
#496=EDGE_CURVE('',#639,#640,#125,.T.);
#497=EDGE_CURVE('',#640,#641,#126,.T.);
#498=EDGE_CURVE('',#641,#642,#127,.F.);
#499=EDGE_CURVE('',#642,#643,#128,.F.);
#500=EDGE_CURVE('',#643,#644,#129,.F.);
#501=EDGE_CURVE('',#645,#644,#130,.F.);
#502=EDGE_CURVE('',#645,#646,#131,.F.);
#503=EDGE_CURVE('',#646,#639,#132,.T.);
#504=EDGE_CURVE('',#641,#647,#703,.T.);
#505=EDGE_CURVE('',#647,#648,#42,.T.);
#506=EDGE_CURVE('',#648,#646,#704,.T.);
#507=EDGE_CURVE('',#649,#645,#705,.F.);
#508=EDGE_CURVE('',#650,#649,#133,.T.);
#509=EDGE_CURVE('',#642,#650,#706,.T.);
#510=EDGE_CURVE('',#616,#597,#134,.T.);
#511=EDGE_CURVE('',#644,#651,#707,.F.);
#512=EDGE_CURVE('',#651,#635,#708,.T.);
#513=EDGE_CURVE('',#649,#634,#709,.T.);
#514=EDGE_CURVE('',#652,#636,#710,.T.);
#515=EDGE_CURVE('',#652,#643,#711,.T.);
#516=EDGE_CURVE('',#650,#633,#712,.T.);
#517=EDGE_CURVE('',#651,#652,#135,.F.);
#518=EDGE_CURVE('',#653,#614,#713,.T.);
#519=EDGE_CURVE('',#653,#654,#136,.T.);
#520=EDGE_CURVE('',#638,#654,#714,.T.);
#521=EDGE_CURVE('',#629,#592,#74,.T.);
#522=EDGE_CURVE('',#655,#637,#715,.T.);
#523=EDGE_CURVE('',#632,#655,#716,.T.);
#524=EDGE_CURVE('',#625,#656,#75,.T.);
#525=EDGE_CURVE('',#657,#656,#717,.T.);
#526=EDGE_CURVE('',#604,#657,#76,.T.);
#527=EDGE_CURVE('',#628,#606,#77,.T.);
#528=EDGE_CURVE('',#626,#655,#43,.T.);
#529=EDGE_CURVE('',#658,#659,#78,.T.);
#530=EDGE_CURVE('',#659,#660,#79,.T.);
#531=EDGE_CURVE('',#660,#661,#80,.T.);
#532=EDGE_CURVE('',#661,#662,#81,.T.);
#533=EDGE_CURVE('',#596,#662,#82,.T.);
#534=EDGE_CURVE('',#596,#663,#137,.T.);
#535=EDGE_CURVE('',#663,#664,#138,.T.);
#536=EDGE_CURVE('',#664,#658,#83,.T.);
#537=EDGE_CURVE('',#597,#662,#84,.T.);
#538=EDGE_CURVE('',#665,#666,#85,.T.);
#539=EDGE_CURVE('',#666,#615,#86,.T.);
#540=EDGE_CURVE('',#665,#662,#87,.T.);
#541=EDGE_CURVE('',#661,#665,#88,.T.);
#542=EDGE_CURVE('',#613,#667,#44,.T.);
#543=EDGE_CURVE('',#667,#653,#718,.F.);
#544=EDGE_CURVE('',#660,#666,#89,.T.);
#545=EDGE_CURVE('',#647,#648,#719,.T.);
#546=EDGE_CURVE('',#639,#640,#720,.T.);
#547=EDGE_CURVE('',#654,#618,#721,.T.);
#548=EDGE_CURVE('',#595,#663,#90,.T.);
#549=EDGE_CURVE('',#658,#668,#91,.T.);
#550=EDGE_CURVE('',#668,#659,#92,.T.);
#551=EDGE_CURVE('',#669,#670,#722,.T.);
#552=EDGE_CURVE('',#670,#608,#93,.T.);
#553=EDGE_CURVE('',#607,#671,#45,.F.);
#554=EDGE_CURVE('',#671,#672,#94,.T.);
#555=EDGE_CURVE('',#672,#669,#95,.T.);
#556=EDGE_CURVE('',#673,#674,#96,.T.);
#557=EDGE_CURVE('',#674,#675,#97,.T.);
#558=EDGE_CURVE('',#675,#676,#723,.F.);
#559=EDGE_CURVE('',#676,#677,#98,.T.);
#560=EDGE_CURVE('',#677,#673,#99,.T.);
#561=EDGE_CURVE('',#678,#679,#100,.T.);
#562=EDGE_CURVE('',#679,#677,#101,.T.);
#563=EDGE_CURVE('',#676,#678,#102,.T.);
#564=EDGE_CURVE('',#620,#679,#139,.T.);
#565=EDGE_CURVE('',#678,#621,#103,.T.);
#566=EDGE_CURVE('',#675,#670,#140,.T.);
#567=EDGE_CURVE('',#676,#669,#141,.T.);
#568=EDGE_CURVE('',#678,#672,#142,.T.);
#569=EDGE_CURVE('',#621,#671,#143,.T.);
#570=EDGE_CURVE('',#622,#607,#144,.T.);
#571=EDGE_CURVE('',#609,#668,#104,.T.);
#572=EDGE_CURVE('',#623,#658,#145,.T.);
#573=EDGE_CURVE('',#624,#664,#105,.F.);
#574=EDGE_CURVE('',#601,#595,#106,.T.);
#575=EDGE_CURVE('',#656,#602,#107,.T.);
#576=EDGE_CURVE('',#618,#667,#146,.T.);
#577=EDGE_CURVE('',#619,#613,#147,.T.);
#578=EDGE_CURVE('',#620,#612,#148,.T.);
#579=EDGE_CURVE('',#679,#612,#149,.T.);
#580=EDGE_CURVE('',#677,#611,#150,.T.);
#581=EDGE_CURVE('',#673,#610,#151,.T.);
#582=EDGE_CURVE('',#674,#617,#108,.T.);
#583=EDGE_CURVE('',#674,#680,#152,.T.);
#584=EDGE_CURVE('',#680,#617,#109,.T.);
#585=EDGE_CURVE('',#670,#680,#110,.T.);
#586=EDGE_CURVE('',#602,#657,#111,.T.);
#587=EDGE_CURVE('',#600,#603,#112,.T.);
#588=EDGE_CURVE('',#605,#627,#113,.T.);
#589=EDGE_CURVE('',#681,#601,#114,.T.);
#590=EDGE_CURVE('',#594,#681,#153,.T.);
#591=EDGE_CURVE('',#681,#595,#724,.T.);
#592=VERTEX_POINT('',#1274);
#593=VERTEX_POINT('',#1275);
#594=VERTEX_POINT('',#1277);
#595=VERTEX_POINT('',#1279);
#596=VERTEX_POINT('',#1281);
#597=VERTEX_POINT('',#1283);
#598=VERTEX_POINT('',#1285);
#599=VERTEX_POINT('',#1287);
#600=VERTEX_POINT('',#1291);
#601=VERTEX_POINT('',#1292);
#602=VERTEX_POINT('',#1294);
#603=VERTEX_POINT('',#1307);
#604=VERTEX_POINT('',#1308);
#605=VERTEX_POINT('',#1310);
#606=VERTEX_POINT('',#1312);
#607=VERTEX_POINT('',#1316);
#608=VERTEX_POINT('',#1317);
#609=VERTEX_POINT('',#1322);
#610=VERTEX_POINT('',#1329);
#611=VERTEX_POINT('',#1334);
#612=VERTEX_POINT('',#1339);
#613=VERTEX_POINT('',#1344);
#614=VERTEX_POINT('',#1346);
#615=VERTEX_POINT('',#1354);
#616=VERTEX_POINT('',#1355);
#617=VERTEX_POINT('',#1363);
#618=VERTEX_POINT('',#1374);
#619=VERTEX_POINT('',#1375);
#620=VERTEX_POINT('',#1380);
#621=VERTEX_POINT('',#1385);
#622=VERTEX_POINT('',#1387);
#623=VERTEX_POINT('',#1392);
#624=VERTEX_POINT('',#1414);
#625=VERTEX_POINT('',#1435);
#626=VERTEX_POINT('',#1440);
#627=VERTEX_POINT('',#1444);
#628=VERTEX_POINT('',#1445);
#629=VERTEX_POINT('',#1447);
#630=VERTEX_POINT('',#1449);
#631=VERTEX_POINT('',#1451);
#632=VERTEX_POINT('',#1453);
#633=VERTEX_POINT('',#1457);
#634=VERTEX_POINT('',#1458);
#635=VERTEX_POINT('',#1460);
#636=VERTEX_POINT('',#1462);
#637=VERTEX_POINT('',#1465);
#638=VERTEX_POINT('',#1466);
#639=VERTEX_POINT('',#1471);
#640=VERTEX_POINT('',#1472);
#641=VERTEX_POINT('',#1474);
#642=VERTEX_POINT('',#1476);
#643=VERTEX_POINT('',#1478);
#644=VERTEX_POINT('',#1480);
#645=VERTEX_POINT('',#1482);
#646=VERTEX_POINT('',#1484);
#647=VERTEX_POINT('',#1488);
#648=VERTEX_POINT('',#1490);
#649=VERTEX_POINT('',#1493);
#650=VERTEX_POINT('',#1495);
#651=VERTEX_POINT('',#1501);
#652=VERTEX_POINT('',#1506);
#653=VERTEX_POINT('',#1515);
#654=VERTEX_POINT('',#1517);
#655=VERTEX_POINT('',#1528);
#656=VERTEX_POINT('',#1535);
#657=VERTEX_POINT('',#1537);
#658=VERTEX_POINT('',#1654);
#659=VERTEX_POINT('',#1655);
#660=VERTEX_POINT('',#1661);
#661=VERTEX_POINT('',#1666);
#662=VERTEX_POINT('',#1671);
#663=VERTEX_POINT('',#1677);
#664=VERTEX_POINT('',#1679);
#665=VERTEX_POINT('',#1853);
#666=VERTEX_POINT('',#1854);
#667=VERTEX_POINT('',#1949);
#668=VERTEX_POINT('',#1985);
#669=VERTEX_POINT('',#1992);
#670=VERTEX_POINT('',#1993);
#671=VERTEX_POINT('',#1999);
#672=VERTEX_POINT('',#2004);
#673=VERTEX_POINT('',#2015);
#674=VERTEX_POINT('',#2016);
#675=VERTEX_POINT('',#2022);
#676=VERTEX_POINT('',#2024);
#677=VERTEX_POINT('',#2029);
#678=VERTEX_POINT('',#2050);
#679=VERTEX_POINT('',#2051);
#680=VERTEX_POINT('',#2428);
#681=VERTEX_POINT('',#2504);
#682=LINE('',#1273,#725);
#683=LINE('',#1276,#726);
#684=LINE('',#1278,#727);
#685=LINE('',#1280,#728);
#686=LINE('',#1282,#729);
#687=LINE('',#1284,#730);
#688=LINE('',#1290,#731);
#689=LINE('',#1293,#732);
#690=LINE('',#1306,#733);
#691=LINE('',#1309,#734);
#692=LINE('',#1311,#735);
#693=LINE('',#1315,#736);
#694=LINE('',#1441,#737);
#695=LINE('',#1443,#738);
#696=LINE('',#1446,#739);
#697=LINE('',#1448,#740);
#698=LINE('',#1452,#741);
#699=LINE('',#1459,#742);
#700=LINE('',#1463,#743);
#701=LINE('',#1467,#744);
#702=LINE('',#1468,#745);
#703=LINE('',#1487,#746);
#704=LINE('',#1491,#747);
#705=LINE('',#1492,#748);
#706=LINE('',#1496,#749);
#707=LINE('',#1500,#750);
#708=LINE('',#1502,#751);
#709=LINE('',#1503,#752);
#710=LINE('',#1505,#753);
#711=LINE('',#1507,#754);
#712=LINE('',#1508,#755);
#713=LINE('',#1514,#756);
#714=LINE('',#1518,#757);
#715=LINE('',#1527,#758);
#716=LINE('',#1529,#759);
#717=LINE('',#1536,#760);
#718=LINE('',#1950,#761);
#719=LINE('',#1969,#762);
#720=LINE('',#1971,#763);
#721=LINE('',#1974,#764);
#722=LINE('',#1991,#765);
#723=LINE('',#2023,#766);
#724=LINE('',#2507,#767);
#725=VECTOR('',#1066,1.);
#726=VECTOR('',#1067,1.);
#727=VECTOR('',#1068,1.);
#728=VECTOR('',#1069,1.);
#729=VECTOR('',#1070,1.);
#730=VECTOR('',#1071,1.);
#731=VECTOR('',#1078,1.);
#732=VECTOR('',#1079,1.);
#733=VECTOR('',#1082,1.);
#734=VECTOR('',#1083,1.);
#735=VECTOR('',#1084,1.);
#736=VECTOR('',#1089,1.);
#737=VECTOR('',#1106,1.);
#738=VECTOR('',#1109,1.);
#739=VECTOR('',#1110,1.);
#740=VECTOR('',#1111,1.);
#741=VECTOR('',#1114,1.);
#742=VECTOR('',#1121,1.);
#743=VECTOR('',#1124,1.);
#744=VECTOR('',#1127,1.);
#745=VECTOR('',#1128,1.);
#746=VECTOR('',#1149,1.);
#747=VECTOR('',#1152,1.);
#748=VECTOR('',#1153,1.);
#749=VECTOR('',#1156,1.);
#750=VECTOR('',#1163,1.);
#751=VECTOR('',#1164,1.);
#752=VECTOR('',#1165,1.);
#753=VECTOR('',#1168,1.);
#754=VECTOR('',#1169,1.);
#755=VECTOR('',#1170,1.);
#756=VECTOR('',#1181,1.);
#757=VECTOR('',#1184,1.);
#758=VECTOR('',#1187,1.);
#759=VECTOR('',#1188,1.);
#760=VECTOR('',#1191,1.);
#761=VECTOR('',#1202,1.);
#762=VECTOR('',#1205,1.);
#763=VECTOR('',#1208,1.);
#764=VECTOR('',#1213,1.);
#765=VECTOR('',#1220,1.);
#766=VECTOR('',#1225,1.);
#767=VECTOR('',#1268,1.);
#768=EDGE_LOOP('',(#154,#155,#156,#157,#158,#159,#160,#161));
#769=EDGE_LOOP('',(#162,#163,#164));
#770=EDGE_LOOP('',(#165,#166,#167,#168));
#771=EDGE_LOOP('',(#169,#170,#171));
#772=EDGE_LOOP('',(#172,#173,#174,#175,#176,#177,#178));
#773=EDGE_LOOP('',(#179,#180,#181,#182,#183,#184));
#774=EDGE_LOOP('',(#185,#186,#187,#188,#189,#190,#191,#192,#193));
#775=EDGE_LOOP('',(#194,#195,#196,#197,#198,#199));
#776=EDGE_LOOP('',(#200,#201,#202,#203));
#777=EDGE_LOOP('',(#204,#205,#206,#207));
#778=EDGE_LOOP('',(#208,#209,#210,#211,#212,#213,#214,#215));
#779=EDGE_LOOP('',(#216,#217,#218,#219,#220,#221,#222,#223));
#780=EDGE_LOOP('',(#224,#225,#226));
#781=EDGE_LOOP('',(#227,#228,#229,#230,#231,#232));
#782=EDGE_LOOP('',(#233,#234,#235,#236,#237,#238));
#783=EDGE_LOOP('',(#239,#240,#241,#242));
#784=EDGE_LOOP('',(#243,#244,#245,#246));
#785=EDGE_LOOP('',(#247,#248,#249,#250));
#786=EDGE_LOOP('',(#251,#252,#253,#254,#255,#256,#257,#258));
#787=EDGE_LOOP('',(#259,#260,#261,#262));
#788=EDGE_LOOP('',(#263,#264,#265,#266,#267,#268,#269,#270,#271));
#789=EDGE_LOOP('',(#272,#273,#274,#275,#276,#277,#278,#279));
#790=EDGE_LOOP('',(#280,#281,#282));
#791=EDGE_LOOP('',(#283,#284,#285,#286,#287,#288));
#792=EDGE_LOOP('',(#289,#290,#291));
#793=EDGE_LOOP('',(#292,#293,#294,#295));
#794=EDGE_LOOP('',(#296,#297,#298,#299));
#795=EDGE_LOOP('',(#300,#301));
#796=EDGE_LOOP('',(#302,#303,#304,#305,#306,#307));
#797=EDGE_LOOP('',(#308,#309));
#798=EDGE_LOOP('',(#310,#311,#312,#313,#314,#315));
#799=EDGE_LOOP('',(#316,#317,#318));
#800=EDGE_LOOP('',(#319,#320,#321));
#801=EDGE_LOOP('',(#322,#323,#324,#325,#326,#327));
#802=EDGE_LOOP('',(#328,#329,#330,#331,#332));
#803=EDGE_LOOP('',(#333,#334,#335,#336));
#804=EDGE_LOOP('',(#337,#338,#339,#340));
#805=EDGE_LOOP('',(#341,#342,#343,#344));
#806=EDGE_LOOP('',(#345,#346,#347,#348));
#807=EDGE_LOOP('',(#349,#350,#351,#352));
#808=EDGE_LOOP('',(#353,#354,#355,#356));
#809=EDGE_LOOP('',(#357,#358,#359,#360,#361,#362));
#810=EDGE_LOOP('',(#363,#364,#365,#366));
#811=EDGE_LOOP('',(#367,#368,#369,#370,#371,#372,#373,#374));
#812=EDGE_LOOP('',(#375,#376,#377,#378));
#813=EDGE_LOOP('',(#379,#380,#381,#382));
#814=EDGE_LOOP('',(#383,#384,#385,#386));
#815=EDGE_LOOP('',(#387,#388,#389));
#816=EDGE_LOOP('',(#390,#391,#392,#393));
#817=EDGE_LOOP('',(#394,#395,#396,#397));
#818=EDGE_LOOP('',(#398,#399,#400,#401));
#819=EDGE_LOOP('',(#402,#403,#404));
#820=EDGE_LOOP('',(#405,#406,#407,#408));
#821=EDGE_LOOP('',(#409,#410,#411,#412,#413,#414,#415,#416,#417,#418));
#822=EDGE_LOOP('',(#419,#420,#421,#422,#423));
#823=EDGE_LOOP('',(#424,#425,#426,#427));
#824=EDGE_LOOP('',(#428,#429,#430,#431,#432,#433,#434,#435,#436));
#825=EDGE_LOOP('',(#437,#438,#439));
#826=EDGE_LOOP('',(#440,#441,#442));
#827=EDGE_LOOP('',(#443,#444,#445));
#828=FACE_BOUND('',#768,.T.);
#829=FACE_BOUND('',#769,.T.);
#830=FACE_BOUND('',#770,.T.);
#831=FACE_BOUND('',#771,.T.);
#832=FACE_BOUND('',#772,.T.);
#833=FACE_BOUND('',#773,.T.);
#834=FACE_BOUND('',#774,.T.);
#835=FACE_BOUND('',#775,.T.);
#836=FACE_BOUND('',#776,.T.);
#837=FACE_BOUND('',#777,.T.);
#838=FACE_BOUND('',#778,.T.);
#839=FACE_BOUND('',#779,.T.);
#840=FACE_BOUND('',#780,.T.);
#841=FACE_BOUND('',#781,.T.);
#842=FACE_BOUND('',#782,.T.);
#843=FACE_BOUND('',#783,.T.);
#844=FACE_BOUND('',#784,.T.);
#845=FACE_BOUND('',#785,.T.);
#846=FACE_BOUND('',#786,.T.);
#847=FACE_BOUND('',#787,.T.);
#848=FACE_BOUND('',#788,.T.);
#849=FACE_BOUND('',#789,.T.);
#850=FACE_BOUND('',#790,.T.);
#851=FACE_BOUND('',#791,.T.);
#852=FACE_BOUND('',#792,.T.);
#853=FACE_BOUND('',#793,.T.);
#854=FACE_BOUND('',#794,.T.);
#855=FACE_BOUND('',#795,.T.);
#856=FACE_BOUND('',#796,.T.);
#857=FACE_BOUND('',#797,.T.);
#858=FACE_BOUND('',#798,.T.);
#859=FACE_BOUND('',#799,.T.);
#860=FACE_BOUND('',#800,.T.);
#861=FACE_BOUND('',#801,.T.);
#862=FACE_BOUND('',#802,.T.);
#863=FACE_BOUND('',#803,.T.);
#864=FACE_BOUND('',#804,.T.);
#865=FACE_BOUND('',#805,.T.);
#866=FACE_BOUND('',#806,.T.);
#867=FACE_BOUND('',#807,.T.);
#868=FACE_BOUND('',#808,.T.);
#869=FACE_BOUND('',#809,.T.);
#870=FACE_BOUND('',#810,.T.);
#871=FACE_BOUND('',#811,.T.);
#872=FACE_BOUND('',#812,.T.);
#873=FACE_BOUND('',#813,.T.);
#874=FACE_BOUND('',#814,.T.);
#875=FACE_BOUND('',#815,.T.);
#876=FACE_BOUND('',#816,.T.);
#877=FACE_BOUND('',#817,.T.);
#878=FACE_BOUND('',#818,.T.);
#879=FACE_BOUND('',#819,.T.);
#880=FACE_BOUND('',#820,.T.);
#881=FACE_BOUND('',#821,.T.);
#882=FACE_BOUND('',#822,.T.);
#883=FACE_BOUND('',#823,.T.);
#884=FACE_BOUND('',#824,.T.);
#885=FACE_BOUND('',#825,.T.);
#886=FACE_BOUND('',#826,.T.);
#887=FACE_BOUND('',#827,.T.);
#888=PLANE('',#980);
#889=PLANE('',#983);
#890=PLANE('',#984);
#891=PLANE('',#995);
#892=PLANE('',#1014);
#893=PLANE('',#1016);
#894=PLANE('',#1017);
#895=PLANE('',#1018);
#896=PLANE('',#1020);
#897=PLANE('',#1022);
#898=PLANE('',#1024);
#899=PLANE('',#1029);
#900=PLANE('',#1031);
#901=PLANE('',#1032);
#902=PLANE('',#1033);
#903=PLANE('',#1034);
#904=PLANE('',#1037);
#905=PLANE('',#1039);
#906=PLANE('',#1060);
#907=PLANE('',#1061);
#908=ADVANCED_FACE('',(#828),#888,.T.);
#909=ADVANCED_FACE('',(#829),#889,.T.);
#910=ADVANCED_FACE('',(#830),#890,.T.);
#911=ADVANCED_FACE('',(#831),#48,.T.);
#912=ADVANCED_FACE('',(#832),#46,.T.);
#913=ADVANCED_FACE('',(#833),#47,.T.);
#914=ADVANCED_FACE('',(#834),#49,.T.);
#915=ADVANCED_FACE('',(#835),#891,.T.);
#916=ADVANCED_FACE('',(#836,#837),#50,.T.);
#917=ADVANCED_FACE('',(#838),#37,.F.);
#918=ADVANCED_FACE('',(#839),#35,.F.);
#919=ADVANCED_FACE('',(#840),#892,.F.);
#920=ADVANCED_FACE('',(#841),#893,.T.);
#921=ADVANCED_FACE('',(#842),#894,.F.);
#922=ADVANCED_FACE('',(#843),#895,.T.);
#923=ADVANCED_FACE('',(#844),#896,.F.);
#924=ADVANCED_FACE('',(#845),#36,.F.);
#925=ADVANCED_FACE('',(#846),#897,.T.);
#926=ADVANCED_FACE('',(#847),#898,.F.);
#927=ADVANCED_FACE('',(#848),#51,.F.);
#928=ADVANCED_FACE('',(#849),#29,.T.);
#929=ADVANCED_FACE('',(#850),#30,.T.);
#930=ADVANCED_FACE('',(#851),#31,.T.);
#931=ADVANCED_FACE('',(#852),#32,.T.);
#932=ADVANCED_FACE('',(#853),#899,.T.);
#933=ADVANCED_FACE('',(#854),#12,.F.);
#934=ADVANCED_FACE('',(#855),#900,.F.);
#935=ADVANCED_FACE('',(#856),#901,.F.);
#936=ADVANCED_FACE('',(#857),#902,.F.);
#937=ADVANCED_FACE('',(#858),#903,.F.);
#938=ADVANCED_FACE('',(#859),#52,.T.);
#939=ADVANCED_FACE('',(#860),#53,.T.);
#940=ADVANCED_FACE('',(#861),#904,.F.);
#941=ADVANCED_FACE('',(#862),#905,.F.);
#942=ADVANCED_FACE('',(#863),#13,.F.);
#943=ADVANCED_FACE('',(#864),#14,.T.);
#944=ADVANCED_FACE('',(#865),#54,.T.);
#945=ADVANCED_FACE('',(#866),#15,.T.);
#946=ADVANCED_FACE('',(#867),#16,.T.);
#947=ADVANCED_FACE('',(#868),#17,.T.);
#948=ADVANCED_FACE('',(#869),#18,.T.);
#949=ADVANCED_FACE('',(#870),#19,.T.);
#950=ADVANCED_FACE('',(#871),#33,.T.);
#951=ADVANCED_FACE('',(#872),#55,.T.);
#952=ADVANCED_FACE('',(#873),#20,.T.);
#953=ADVANCED_FACE('',(#874),#21,.T.);
#954=ADVANCED_FACE('',(#875),#38,.T.);
#955=ADVANCED_FACE('',(#876),#22,.T.);
#956=ADVANCED_FACE('',(#877),#23,.T.);
#957=ADVANCED_FACE('',(#878),#24,.T.);
#958=ADVANCED_FACE('',(#879),#25,.T.);
#959=ADVANCED_FACE('',(#880),#26,.T.);
#960=ADVANCED_FACE('',(#881),#27,.T.);
#961=ADVANCED_FACE('',(#882),#56,.T.);
#962=ADVANCED_FACE('',(#883),#57,.T.);
#963=ADVANCED_FACE('',(#884),#28,.T.);
#964=ADVANCED_FACE('',(#885),#906,.T.);
#965=ADVANCED_FACE('',(#886),#34,.F.);
#966=ADVANCED_FACE('',(#887),#907,.F.);
#967=CLOSED_SHELL('',(#908,#909,#910,#911,#912,#913,#914,#915,#916,#917,
#918,#919,#920,#921,#922,#923,#924,#925,#926,#927,#928,#929,#930,#931,#932,
#933,#934,#935,#936,#937,#938,#939,#940,#941,#942,#943,#944,#945,#946,#947,
#948,#949,#950,#951,#952,#953,#954,#955,#956,#957,#958,#959,#960,#961,#962,
#963,#964,#965,#966));
#968=STYLED_ITEM('',(#969),#976);
#969=PRESENTATION_STYLE_ASSIGNMENT((#970));
#970=SURFACE_STYLE_USAGE(.BOTH.,#971);
#971=SURFACE_SIDE_STYLE('',(#972));
#972=SURFACE_STYLE_FILL_AREA(#973);
#973=FILL_AREA_STYLE('',(#974));
#974=FILL_AREA_STYLE_COLOUR('',#975);
#975=COLOUR_RGB('',0.972549019607843,0.529411764705882,0.00392156862745098);
#976=MANIFOLD_SOLID_BREP('Left Wing Two',#967);
#977=SHAPE_DEFINITION_REPRESENTATION(#2523,#978);
#978=SHAPE_REPRESENTATION('Left Wing Two',(#979),#2518);
#979=AXIS2_PLACEMENT_3D('',#1271,#1062,#1063);
#980=AXIS2_PLACEMENT_3D('',#1272,#1064,#1065);
#981=AXIS2_PLACEMENT_3D('',#1286,#1072,#1073);
#982=AXIS2_PLACEMENT_3D('',#1288,#1074,#1075);
#983=AXIS2_PLACEMENT_3D('',#1289,#1076,#1077);
#984=AXIS2_PLACEMENT_3D('',#1305,#1080,#1081);
#985=AXIS2_PLACEMENT_3D('',#1313,#1085,#1086);
#986=AXIS2_PLACEMENT_3D('',#1314,#1087,#1088);
#987=AXIS2_PLACEMENT_3D('',#1327,#1090,#1091);
#988=AXIS2_PLACEMENT_3D('',#1328,#1092,#1093);
#989=AXIS2_PLACEMENT_3D('',#1345,#1094,#1095);
#990=AXIS2_PLACEMENT_3D('',#1347,#1096,#1097);
#991=AXIS2_PLACEMENT_3D('',#1348,#1098,#1099);
#992=AXIS2_PLACEMENT_3D('',#1372,#1100,#1101);
#993=AXIS2_PLACEMENT_3D('',#1373,#1102,#1103);
#994=AXIS2_PLACEMENT_3D('',#1386,#1104,#1105);
#995=AXIS2_PLACEMENT_3D('',#1442,#1107,#1108);
#996=AXIS2_PLACEMENT_3D('',#1450,#1112,#1113);
#997=AXIS2_PLACEMENT_3D('',#1454,#1115,#1116);
#998=AXIS2_PLACEMENT_3D('',#1455,#1117,#1118);
#999=AXIS2_PLACEMENT_3D('',#1456,#1119,#1120);
#1000=AXIS2_PLACEMENT_3D('',#1461,#1122,#1123);
#1001=AXIS2_PLACEMENT_3D('',#1464,#1125,#1126);
#1002=AXIS2_PLACEMENT_3D('',#1469,#1129,#1130);
#1003=AXIS2_PLACEMENT_3D('',#1470,#1131,#1132);
#1004=AXIS2_PLACEMENT_3D('',#1473,#1133,#1134);
#1005=AXIS2_PLACEMENT_3D('',#1475,#1135,#1136);
#1006=AXIS2_PLACEMENT_3D('',#1477,#1137,#1138);
#1007=AXIS2_PLACEMENT_3D('',#1479,#1139,#1140);
#1008=AXIS2_PLACEMENT_3D('',#1481,#1141,#1142);
#1009=AXIS2_PLACEMENT_3D('',#1483,#1143,#1144);
#1010=AXIS2_PLACEMENT_3D('',#1485,#1145,#1146);
#1011=AXIS2_PLACEMENT_3D('',#1486,#1147,#1148);
#1012=AXIS2_PLACEMENT_3D('',#1489,#1150,#1151);
#1013=AXIS2_PLACEMENT_3D('',#1494,#1154,#1155);
#1014=AXIS2_PLACEMENT_3D('',#1497,#1157,#1158);
#1015=AXIS2_PLACEMENT_3D('',#1498,#1159,#1160);
#1016=AXIS2_PLACEMENT_3D('',#1499,#1161,#1162);
#1017=AXIS2_PLACEMENT_3D('',#1504,#1166,#1167);
#1018=AXIS2_PLACEMENT_3D('',#1509,#1171,#1172);
#1019=AXIS2_PLACEMENT_3D('',#1510,#1173,#1174);
#1020=AXIS2_PLACEMENT_3D('',#1511,#1175,#1176);
#1021=AXIS2_PLACEMENT_3D('',#1512,#1177,#1178);
#1022=AXIS2_PLACEMENT_3D('',#1513,#1179,#1180);
#1023=AXIS2_PLACEMENT_3D('',#1516,#1182,#1183);
#1024=AXIS2_PLACEMENT_3D('',#1526,#1185,#1186);
#1025=AXIS2_PLACEMENT_3D('',#1530,#1189,#1190);
#1026=AXIS2_PLACEMENT_3D('',#1550,#1192,#1193);
#1027=AXIS2_PLACEMENT_3D('',#1676,#1194,#1195);
#1028=AXIS2_PLACEMENT_3D('',#1678,#1196,#1197);
#1029=AXIS2_PLACEMENT_3D('',#1947,#1198,#1199);
#1030=AXIS2_PLACEMENT_3D('',#1948,#1200,#1201);
#1031=AXIS2_PLACEMENT_3D('',#1968,#1203,#1204);
#1032=AXIS2_PLACEMENT_3D('',#1970,#1206,#1207);
#1033=AXIS2_PLACEMENT_3D('',#1972,#1209,#1210);
#1034=AXIS2_PLACEMENT_3D('',#1973,#1211,#1212);
#1035=AXIS2_PLACEMENT_3D('',#1975,#1214,#1215);
#1036=AXIS2_PLACEMENT_3D('',#1980,#1216,#1217);
#1037=AXIS2_PLACEMENT_3D('',#1990,#1218,#1219);
#1038=AXIS2_PLACEMENT_3D('',#1998,#1221,#1222);
#1039=AXIS2_PLACEMENT_3D('',#2010,#1223,#1224);
#1040=AXIS2_PLACEMENT_3D('',#2073,#1226,#1227);
#1041=AXIS2_PLACEMENT_3D('',#2078,#1228,#1229);
#1042=AXIS2_PLACEMENT_3D('',#2079,#1230,#1231);
#1043=AXIS2_PLACEMENT_3D('',#2080,#1232,#1233);
#1044=AXIS2_PLACEMENT_3D('',#2096,#1234,#1235);
#1045=AXIS2_PLACEMENT_3D('',#2109,#1236,#1237);
#1046=AXIS2_PLACEMENT_3D('',#2125,#1238,#1239);
#1047=AXIS2_PLACEMENT_3D('',#2142,#1240,#1241);
#1048=AXIS2_PLACEMENT_3D('',#2337,#1242,#1243);
#1049=AXIS2_PLACEMENT_3D('',#2338,#1244,#1245);
#1050=AXIS2_PLACEMENT_3D('',#2354,#1246,#1247);
#1051=AXIS2_PLACEMENT_3D('',#2367,#1248,#1249);
#1052=AXIS2_PLACEMENT_3D('',#2368,#1250,#1251);
#1053=AXIS2_PLACEMENT_3D('',#2369,#1252,#1253);
#1054=AXIS2_PLACEMENT_3D('',#2382,#1254,#1255);
#1055=AXIS2_PLACEMENT_3D('',#2395,#1256,#1257);
#1056=AXIS2_PLACEMENT_3D('',#2427,#1258,#1259);
#1057=AXIS2_PLACEMENT_3D('',#2473,#1260,#1261);
#1058=AXIS2_PLACEMENT_3D('',#2484,#1262,#1263);
#1059=AXIS2_PLACEMENT_3D('',#2505,#1264,#1265);
#1060=AXIS2_PLACEMENT_3D('',#2506,#1266,#1267);
#1061=AXIS2_PLACEMENT_3D('',#2516,#1269,#1270);
#1062=DIRECTION('',(0.,0.,1.));
#1063=DIRECTION('',(1.,0.,0.));
#1064=DIRECTION('',(0.,0.,-1.));
#1065=DIRECTION('',(1.,0.,0.));
#1066=DIRECTION('',(-1.,0.,0.));
#1067=DIRECTION('',(-0.5,-0.866025403784438,0.));
#1068=DIRECTION('',(0.342020143325668,-0.939692620785909,0.));
#1069=DIRECTION('',(-1.,0.,0.));
#1070=DIRECTION('',(0.,1.,0.));
#1071=DIRECTION('',(0.,1.,0.));
#1072=DIRECTION('',(0.,0.,1.));
#1073=DIRECTION('',(1.,0.,0.));
#1074=DIRECTION('',(0.,0.,1.));
#1075=DIRECTION('',(1.,0.,0.));
#1076=DIRECTION('',(0.,0.,-1.));
#1077=DIRECTION('',(1.,0.,0.));
#1078=DIRECTION('',(-0.5,-0.866025403784438,0.));
#1079=DIRECTION('',(0.573576436351046,-0.819152044288992,0.));
#1080=DIRECTION('',(0.,0.,-1.));
#1081=DIRECTION('',(1.,0.,0.));
#1082=DIRECTION('',(0.573576436351046,-0.819152044288992,0.));
#1083=DIRECTION('',(-0.5,-0.866025403784438,0.));
#1084=DIRECTION('',(0.984807753012208,-0.173648177666931,0.));
#1085=DIRECTION('',(0.,0.,-1.));
#1086=DIRECTION('',(-1.,0.,0.));
#1087=DIRECTION('',(-1.,0.,0.));
#1088=DIRECTION('',(0.,0.,1.));
#1089=DIRECTION('',(-1.,0.,0.));
#1090=DIRECTION('',(0.,0.,1.));
#1091=DIRECTION('',(1.,0.,0.));
#1092=DIRECTION('',(-0.887415396878466,-0.460970620954345,0.));
#1093=DIRECTION('',(0.460970620954345,-0.887415396878466,0.));
#1094=DIRECTION('',(0.,0.,1.));
#1095=DIRECTION('',(1.,0.,0.));
#1096=DIRECTION('',(0.,1.,0.));
#1097=DIRECTION('',(0.,0.,1.));
#1098=DIRECTION('',(0.,0.,1.));
#1099=DIRECTION('',(1.,0.,0.));
#1100=DIRECTION('',(0.999526963076654,0.,-0.030754675786974));
#1101=DIRECTION('',(-0.030754675786974,0.,-0.999526963076654));
#1102=DIRECTION('',(0.0102429422551274,0.,-0.999947539690937));
#1103=DIRECTION('',(0.999947539690937,0.,0.0102429422551274));
#1104=DIRECTION('',(-0.002712241046162,-0.865986079710365,0.500060749805843));
#1105=DIRECTION('',(0.999641479933276,-0.015668394437383,-0.021712047636371));
#1106=DIRECTION('',(0.999526963076654,0.,-0.030754675786974));
#1107=DIRECTION('',(0.,0.,-1.));
#1108=DIRECTION('',(1.,0.,0.));
#1109=DIRECTION('',(0.984807753012208,-0.173648177666931,0.));
#1110=DIRECTION('',(-0.5,-0.866025403784438,0.));
#1111=DIRECTION('',(-1.,0.,0.));
#1112=DIRECTION('',(0.,0.,-1.));
#1113=DIRECTION('',(-1.,0.,0.));
#1114=DIRECTION('',(1.,0.,0.));
#1115=DIRECTION('',(0.,0.,-1.));
#1116=DIRECTION('',(-1.,0.,0.));
#1117=DIRECTION('',(0.,0.,1.));
#1118=DIRECTION('',(1.,0.,0.));
#1119=DIRECTION('',(0.,0.,-1.));
#1120=DIRECTION('',(-1.,0.,0.));
#1121=DIRECTION('',(0.,0.,1.));
#1122=DIRECTION('',(0.,0.,-1.));
#1123=DIRECTION('',(-1.,0.,0.));
#1124=DIRECTION('',(0.,0.,1.));
#1125=DIRECTION('',(-0.030754675786974,0.,-0.999526963076654));
#1126=DIRECTION('',(-0.999526963076654,0.,0.030754675786974));
#1127=DIRECTION('',(0.,0.,1.));
#1128=DIRECTION('',(0.,0.,1.));
#1129=DIRECTION('',(0.,1.,0.));
#1130=DIRECTION('',(-1.,0.,0.));
#1131=DIRECTION('',(0.,0.,1.));
#1132=DIRECTION('',(1.,0.,0.));
#1133=DIRECTION('',(0.,-1.,0.));
#1134=DIRECTION('',(0.,0.,-1.));
#1135=DIRECTION('',(0.,0.,-1.));
#1136=DIRECTION('',(-1.,0.,0.));
#1137=DIRECTION('',(0.559192903470746,-0.829037572555042,0.));
#1138=DIRECTION('',(0.829037572555042,0.559192903470746,0.));
#1139=DIRECTION('',(0.,0.,1.));
#1140=DIRECTION('',(1.,0.,0.));
#1141=DIRECTION('',(0.559192903470747,0.829037572555041,0.));
#1142=DIRECTION('',(-0.829037572555041,0.559192903470747,0.));
#1143=DIRECTION('',(0.,0.,-1.));
#1144=DIRECTION('',(-1.,0.,0.));
#1145=DIRECTION('',(0.,-1.,0.));
#1146=DIRECTION('',(0.,0.,-1.));
#1147=DIRECTION('',(0.,0.,1.));
#1148=DIRECTION('',(1.,0.,0.));
#1149=DIRECTION('',(0.360829502096158,0.,0.932631797880085));
#1150=DIRECTION('',(-0.030754675786974,0.,-0.999526963076654));
#1151=DIRECTION('',(-0.999526963076654,0.,0.030754675786974));
#1152=DIRECTION('',(0.360829502096158,0.,-0.932631797880085));
#1153=DIRECTION('',(-0.299141214524043,0.201773296935054,0.932631797880085));
#1154=DIRECTION('',(0.,0.,-1.));
#1155=DIRECTION('',(-1.,0.,0.));
#1156=DIRECTION('',(0.299141214524043,0.201773296935054,0.932631797880085));
#1157=DIRECTION('',(1.,0.,0.));
#1158=DIRECTION('',(0.,0.,-1.));
#1159=DIRECTION('',(-1.,0.,0.));
#1160=DIRECTION('',(0.,0.,1.));
#1161=DIRECTION('',(0.559192903470747,0.829037572555041,0.));
#1162=DIRECTION('',(-0.829037572555041,0.559192903470747,0.));
#1163=DIRECTION('',(0.299141214524034,-0.201773296935049,0.932631797880088));
#1164=DIRECTION('',(-0.829037572555041,0.559192903470747,0.));
#1165=DIRECTION('',(-0.829037572555041,0.559192903470747,0.));
#1166=DIRECTION('',(0.559192903470746,-0.829037572555042,0.));
#1167=DIRECTION('',(0.829037572555042,0.559192903470746,0.));
#1168=DIRECTION('',(0.829037572555042,0.559192903470746,0.));
#1169=DIRECTION('',(-0.299141214524034,-0.201773296935049,0.932631797880089));
#1170=DIRECTION('',(0.829037572555042,0.559192903470746,0.));
#1171=DIRECTION('',(0.,0.,-1.));
#1172=DIRECTION('',(1.,0.,0.));
#1173=DIRECTION('',(0.,0.,-1.));
#1174=DIRECTION('',(-1.,0.,0.));
#1175=DIRECTION('',(0.,0.,-1.));
#1176=DIRECTION('',(1.,0.,0.));
#1177=DIRECTION('',(0.,0.,-1.));
#1178=DIRECTION('',(-1.,0.,0.));
#1179=DIRECTION('',(0.,1.,0.));
#1180=DIRECTION('',(0.,0.,1.));
#1181=DIRECTION('',(-1.,0.,0.));
#1182=DIRECTION('',(0.,1.,0.));
#1183=DIRECTION('',(0.,0.,1.));
#1184=DIRECTION('',(-0.999526963076654,0.,0.030754675786974));
#1185=DIRECTION('',(0.,-1.,0.));
#1186=DIRECTION('',(0.,0.,-1.));
#1187=DIRECTION('',(-0.999526963076654,0.,0.030754675786974));
#1188=DIRECTION('',(0.,0.,1.));
#1189=DIRECTION('',(0.,0.,1.));
#1190=DIRECTION('',(1.,0.,0.));
#1191=DIRECTION('',(0.,0.,1.));
#1192=DIRECTION('',(-0.030754675786974,0.,-0.999526963076654));
#1193=DIRECTION('',(0.999526963076654,0.,-0.030754675786974));
#1194=DIRECTION('',(-1.,0.,0.));
#1195=DIRECTION('',(0.,0.,1.));
#1196=DIRECTION('',(-1.,0.,0.));
#1197=DIRECTION('',(0.,0.,1.));
#1198=DIRECTION('',(0.,0.,1.));
#1199=DIRECTION('',(1.,0.,0.));
#1200=DIRECTION('',(0.,0.,1.));
#1201=DIRECTION('',(1.,0.,0.));
#1202=DIRECTION('',(0.,-1.,0.));
#1203=DIRECTION('',(-0.030754675786974,0.,-0.999526963076654));
#1204=DIRECTION('',(-0.999526963076654,0.,0.030754675786974));
#1205=DIRECTION('',(-0.999526963076654,0.,0.030754675786974));
#1206=DIRECTION('',(0.,-1.,0.));
#1207=DIRECTION('',(0.,0.,-1.));
#1208=DIRECTION('',(1.,0.,0.));
#1209=DIRECTION('',(0.,0.,1.));
#1210=DIRECTION('',(1.,0.,0.));
#1211=DIRECTION('',(-0.030754675786974,0.,-0.999526963076654));
#1212=DIRECTION('',(-0.999526963076654,0.,0.030754675786974));
#1213=DIRECTION('',(0.,-1.,0.));
#1214=DIRECTION('',(-1.,0.,0.));
#1215=DIRECTION('',(0.,0.,1.));
#1216=DIRECTION('',(-1.,0.,0.));
#1217=DIRECTION('',(0.,0.,1.));
#1218=DIRECTION('',(0.,0.866025403784463,-0.499999999999958));
#1219=DIRECTION('',(0.,0.499999999999958,0.866025403784463));
#1220=DIRECTION('',(-1.,0.,0.));
#1221=DIRECTION('',(0.,0.866025403784463,-0.499999999999958));
#1222=DIRECTION('',(0.999645159371406,-0.0133187400428574,-0.0230687344470337));
#1223=DIRECTION('',(0.,0.740795308285959,-0.671730832418396));
#1224=DIRECTION('',(-1.,0.,0.));
#1225=DIRECTION('',(-1.,0.,0.));
#1226=DIRECTION('',(0.0951153538320819,-0.690975983073756,-0.716592813444745));
#1227=DIRECTION('',(0.,0.719856457388099,-0.694122957952448));
#1228=DIRECTION('',(-1.,0.,0.));
#1229=DIRECTION('',(0.,0.,1.));
#1230=DIRECTION('',(1.,0.,0.));
#1231=DIRECTION('',(0.,0.,-1.));
#1232=DIRECTION('',(1.,0.,0.));
#1233=DIRECTION('',(0.,0.,-1.));
#1234=DIRECTION('',(0.654072097008545,0.378216106182073,0.655089512157931));
#1235=DIRECTION('',(0.707656095633384,0.,-0.706557039674021));
#1236=DIRECTION('',(0.995882327486829,-0.0453276675977702,-0.0785098232679395));
#1237=DIRECTION('',(-0.0785906008046015,0.,-0.996906975331787));
#1238=DIRECTION('',(-0.999871349635302,-0.0080200401881713,-0.0138911170846583));
#1239=DIRECTION('',(-0.0138915638517918,0.,0.999903507571481));
#1240=DIRECTION('',(-0.999871157107367,-0.00370873614593958,-0.0156177610743652));
#1241=DIRECTION('',(-0.0156178684844681,0.,0.999878033654106));
#1242=DIRECTION('',(0.,1.,0.));
#1243=DIRECTION('',(0.,0.,1.));
#1244=DIRECTION('',(0.,-1.,0.));
#1245=DIRECTION('',(0.,0.,-1.));
#1246=DIRECTION('',(-0.999504527938777,-0.0314753654447691,0.));
#1247=DIRECTION('',(0.0314753654447691,-0.999504527938777,0.));
#1248=DIRECTION('',(-0.994546417086634,-0.0863125459967249,-0.0585454410155232));
#1249=DIRECTION('',(0.0864608484323623,-0.996255249265145,0.));
#1250=DIRECTION('',(-0.0689103169800992,0.12246135836712,0.990078069608949));
#1251=DIRECTION('',(0.,-0.992437233137059,0.1227531599726));
#1252=DIRECTION('',(-0.965951091288252,0.239892265646602,-0.0969029933592059));
#1253=DIRECTION('',(-0.241026577471672,-0.970518515512348,0.));
#1254=DIRECTION('',(-0.983319587906233,-0.12217856537282,-0.134740440118607));
#1255=DIRECTION('',(-0.135757517101102,0.,0.990742093862244));
#1256=DIRECTION('',(-0.976736381840008,-0.144048351010148,-0.158858783079024));
#1257=DIRECTION('',(-0.160533038221444,0.,0.987030467432182));
#1258=DIRECTION('',(0.237513773340951,-0.652508697716109,-0.719596836345305));
#1259=DIRECTION('',(0.,0.74079530828596,-0.671730832418395));
#1260=DIRECTION('',(0.573576436351046,-0.819152044288992,0.));
#1261=DIRECTION('',(0.819152044288992,0.573576436351046,0.));
#1262=DIRECTION('',(0.984807753012208,-0.173648177666931,0.));
#1263=DIRECTION('',(0.173648177666931,0.984807753012208,0.));
#1264=DIRECTION('',(-0.939692620785909,-0.342020143325668,0.));
#1265=DIRECTION('',(0.,0.,-1.));
#1266=DIRECTION('',(-0.939692620785909,-0.342020143325668,0.));
#1267=DIRECTION('',(0.342020143325668,-0.939692620785909,0.));
#1268=DIRECTION('',(1.07097660939573E-28,-2.94248405107884E-28,1.));
#1269=DIRECTION('',(-0.000327193959482748,0.999999946472055,2.94283431065106E-28));
#1270=DIRECTION('',(-0.999999946472055,-0.000327193959482748,4.68912078547597E-17));
#1271=CARTESIAN_POINT('',(0.,0.,0.));
#1272=CARTESIAN_POINT('',(-0.027,-0.0865193221990232,0.0131778920894277));
#1273=CARTESIAN_POINT('',(-0.036,-0.0645,0.0131778920894277));
#1274=CARTESIAN_POINT('',(-0.0345832927001623,-0.0645,0.0131778920894277));
#1275=CARTESIAN_POINT('',(-0.0428729833462074,-0.0645,0.0131778920894277));
#1276=CARTESIAN_POINT('',(-0.0138628529505652,-0.0286111455985281,0.0131778920894277));
#1277=CARTESIAN_POINT('',(-0.0614446782651519,-0.111025284560259,0.0131778920894277));
#1278=CARTESIAN_POINT('',(-0.0607606379785005,-0.112904669801831,0.0131778920894277));
#1279=CARTESIAN_POINT('',(-0.0607606379785005,-0.112904669801831,0.0131778920894277));
#1280=CARTESIAN_POINT('',(0.116188066490167,-0.112904669801831,0.0131778920894277));
#1281=CARTESIAN_POINT('',(-0.081,-0.112904669801831,0.0131778920894277));
#1282=CARTESIAN_POINT('',(-0.081,-0.112038644398046,0.0131778920894277));
#1283=CARTESIAN_POINT('',(-0.081,-0.111172618994262,0.0131778920894277));
#1284=CARTESIAN_POINT('',(-0.081,-0.112038644398046,0.0131778920894277));
#1285=CARTESIAN_POINT('',(-0.081,-0.111166192208482,0.0131778920894277));
#1286=CARTESIAN_POINT('',(-0.0791708813713696,-0.0911224619063541,0.0131778920894277));
#1287=CARTESIAN_POINT('',(-0.0698929180065125,-0.108983486378159,0.0131778920894277));
#1288=CARTESIAN_POINT('',(-0.093,-0.0645,0.0131778920894277));
#1289=CARTESIAN_POINT('',(-0.027,-0.0865193221990232,0.0131778920894277));
#1290=CARTESIAN_POINT('',(-0.0124947723772625,-0.0323699160816718,0.0131778920894277));
#1291=CARTESIAN_POINT('',(-0.0373840732650245,-0.0754794497841445,0.0131778920894277));
#1292=CARTESIAN_POINT('',(-0.058991225039521,-0.112904134458242,0.0131778648957331));
#1293=CARTESIAN_POINT('',(-0.0384874203134528,-0.0739037068961869,0.0131778920894277));
#1294=CARTESIAN_POINT('',(-0.0115644557346544,-0.112353685108299,0.0131779526442616));
#1295=CARTESIAN_POINT('',(-0.0115644501132146,-0.112353765166899,0.0131778920894277));
#1296=CARTESIAN_POINT('',(-0.0125499857983305,-0.112422966095171,0.0131778920894277));
#1297=CARTESIAN_POINT('',(-0.0145266127612606,-0.112477285524362,0.0131778920894277));
#1298=CARTESIAN_POINT('',(-0.018477607608869,-0.112578304039131,0.0131778920894277));
#1299=CARTESIAN_POINT('',(-0.0234181349522072,-0.112659100875774,0.0131778920894277));
#1300=CARTESIAN_POINT('',(-0.0293465241577035,-0.1127372920269,0.0131778920894277));
#1301=CARTESIAN_POINT('',(-0.0372515836848764,-0.112816465180778,0.0131778920894277));
#1302=CARTESIAN_POINT('',(-0.0471331531682002,-0.112881338606614,0.0131778920894277));
#1303=CARTESIAN_POINT('',(-0.0550385102058722,-0.112901759643054,0.0131778920894277));
#1304=CARTESIAN_POINT('',(-0.0589912250381265,-0.112904136776952,0.0131778920894277));
#1305=CARTESIAN_POINT('',(-0.027,-0.0865193221990232,0.0131778920894277));
#1306=CARTESIAN_POINT('',(-0.0376682682691638,-0.0733301304598358,0.0131778920894277));
#1307=CARTESIAN_POINT('',(-0.0368323843055432,-0.0745238964763482,0.0131778920894277));
#1308=CARTESIAN_POINT('',(-0.0109748291691542,-0.111452312303606,0.0131778920894277));
#1309=CARTESIAN_POINT('',(-0.0124947723772625,-0.0323699160816718,0.0131778920894277));
#1310=CARTESIAN_POINT('',(-0.034186307308973,-0.0699407566775493,0.0131778920894277));
#1311=CARTESIAN_POINT('',(-0.0356127322264457,-0.069689239478644,0.0131778920894277));
#1312=CARTESIAN_POINT('',(0.00457624941817234,-0.0767756412697875,0.0131778920894277));
#1313=CARTESIAN_POINT('',(0.039,-0.113038644398046,0.0131778920894277));
#1314=CARTESIAN_POINT('',(-0.074044780594038,-0.112038327127402,0.0136777419575291));
#1315=CARTESIAN_POINT('',(0.116188066490167,-0.112904669801831,0.0141778920894277));
#1316=CARTESIAN_POINT('',(-0.0737606379784983,-0.112904669801831,0.0141778920894277));
#1317=CARTESIAN_POINT('',(-0.0746372119889998,-0.112904669801831,0.0141778920894277));
#1318=CARTESIAN_POINT('',(-0.0746370472511949,-0.112904669801831,0.0141778920894277));
#1319=CARTESIAN_POINT('',(-0.0748288853094983,-0.112904669801878,0.0141778920893471));
#1320=CARTESIAN_POINT('',(-0.0750172067785317,-0.112923897780046,0.0141433686131501));
#1321=CARTESIAN_POINT('',(-0.0752073926532836,-0.112932213703274,0.0141268156688291));
#1322=CARTESIAN_POINT('',(-0.0752073926401055,-0.112932213778109,0.0141268155550153));
#1323=CARTESIAN_POINT('',(-0.0752073926401054,-0.11293221377811,0.0141268155550126));
#1324=CARTESIAN_POINT('',(-0.0747251409186364,-0.1129235391248,0.0141440824297449));
#1325=CARTESIAN_POINT('',(-0.0742428867250227,-0.112914360837539,0.0141611067227871));
#1326=CARTESIAN_POINT('',(-0.0737606379784984,-0.112904669801831,0.0141778920894277));
#1327=CARTESIAN_POINT('',(-0.093,-0.0645,0.0121778920894277));
#1328=CARTESIAN_POINT('',(-0.0681075864684654,-0.112420431431437,0.0121778920894277));
#1329=CARTESIAN_POINT('',(-0.068922540302051,-0.11085156229576,0.0157659974229212));
#1330=CARTESIAN_POINT('',(-0.068922540302051,-0.11085156229576,0.0157659974229212));
#1331=CARTESIAN_POINT('',(-0.068652978294298,-0.110839644416721,0.0158220111071194));
#1332=CARTESIAN_POINT('',(-0.0683825413597801,-0.110831474992105,0.0158740249471761));
#1333=CARTESIAN_POINT('',(-0.0681110452604325,-0.11082774236708,0.0159211811732354));
#1334=CARTESIAN_POINT('',(-0.0681110452604325,-0.11082774236708,0.0159211811732354));
#1335=CARTESIAN_POINT('',(-0.0681110452604325,-0.11082774236708,0.0159211811732354));
#1336=CARTESIAN_POINT('',(-0.0676596051452087,-0.110821535807667,0.0159995919208552));
#1337=CARTESIAN_POINT('',(-0.0672163493733225,-0.110898600691927,0.0160874853010206));
#1338=CARTESIAN_POINT('',(-0.0667940021662075,-0.111070995936905,0.0161382043678645));
#1339=CARTESIAN_POINT('',(-0.0667940021662173,-0.1110709959369,0.0161382043678633));
#1340=CARTESIAN_POINT('',(-0.0667940021662173,-0.1110709959369,0.0161382043678633));
#1341=CARTESIAN_POINT('',(-0.0664541506572042,-0.111082118794129,0.0161632341066063));
#1342=CARTESIAN_POINT('',(-0.066114409986916,-0.111101473008391,0.0161778920894277));
#1343=CARTESIAN_POINT('',(-0.0657749676189502,-0.111134725386248,0.0161778920894277));
#1344=CARTESIAN_POINT('',(-0.0657749676189504,-0.111134725386248,0.0161778920894277));
#1345=CARTESIAN_POINT('',(-0.093,-0.0645,0.0161778920894277));
#1346=CARTESIAN_POINT('',(-0.039,-0.0645,0.0161778920894277));
#1347=CARTESIAN_POINT('',(-0.039,-0.0645,0.0121778920894277));
#1348=CARTESIAN_POINT('',(-0.0791708813713696,-0.0911224619063541,0.0121778920894277));
#1349=CARTESIAN_POINT('',(-0.082042263160977,-0.111282908732939,0.0138448598477595));
#1350=CARTESIAN_POINT('',(-0.0820194456408419,-0.111192147762805,0.0136418461109373));
#1351=CARTESIAN_POINT('',(-0.0816645355747818,-0.111125224181782,0.0132944965535153));
#1352=CARTESIAN_POINT('',(-0.0812225697200123,-0.111154314877846,0.0132101777813766));
#1353=CARTESIAN_POINT('',(-0.0809999999723059,-0.111168203777878,0.0131856187619227));
#1354=CARTESIAN_POINT('',(-0.0820422631609766,-0.111282908732939,0.0138448598477595));
#1355=CARTESIAN_POINT('',(-0.081,-0.111168203758394,0.0131856186970523));
#1356=CARTESIAN_POINT('',(-0.0820422631609766,-0.111282908732939,0.0138448598477595));
#1357=CARTESIAN_POINT('',(-0.0810949928993284,-0.111334475524434,0.0136648686760024));
#1358=CARTESIAN_POINT('',(-0.0791928117967757,-0.111401185819871,0.0134555737715719));
#1359=CARTESIAN_POINT('',(-0.0763594449287849,-0.111303826985741,0.013759561507732));
#1360=CARTESIAN_POINT('',(-0.0735617673977337,-0.111102318177504,0.0145009193506243));
#1361=CARTESIAN_POINT('',(-0.0717313428001074,-0.110998527341475,0.015070900932246));
#1362=CARTESIAN_POINT('',(-0.0708061766479344,-0.110972149084355,0.0153321230117189));
#1363=CARTESIAN_POINT('',(-0.0708061766479343,-0.110972149084355,0.0153321230117185));
#1364=CARTESIAN_POINT('',(-0.0708061766479343,-0.110972149084355,0.0153321230117184));
#1365=CARTESIAN_POINT('',(-0.0701807963633791,-0.110920255328797,0.0154842206699057));
#1366=CARTESIAN_POINT('',(-0.0695542217400329,-0.110876757981084,0.0156335424272457));
#1367=CARTESIAN_POINT('',(-0.068922540302051,-0.11085156229576,0.0157659974229213));
#1368=CARTESIAN_POINT('',(-0.081,-0.111168203758394,0.0131856186970523));
#1369=CARTESIAN_POINT('',(-0.081,-0.111167530662935,0.0131830438325495));
#1370=CARTESIAN_POINT('',(-0.081,-0.111166860146285,0.0131804682966778));
#1371=CARTESIAN_POINT('',(-0.081,-0.111166192208482,0.0131778920894277));
#1372=CARTESIAN_POINT('',(-0.00562301870314789,-0.109038644398046,0.0111797842371211));
#1373=CARTESIAN_POINT('',(-0.135561523903113,-0.109038644398046,0.0151778920894277));
#1374=CARTESIAN_POINT('',(-0.0379846262999912,-0.109038644398046,0.0161774190525043));
#1375=CARTESIAN_POINT('',(-0.0657529650789379,-0.111833419048982,0.015892974639829));
#1376=CARTESIAN_POINT('',(-0.0657529650789379,-0.111833419048982,0.015892974639829));
#1377=CARTESIAN_POINT('',(-0.0660716095022157,-0.111846794060657,0.0158897106121695));
#1378=CARTESIAN_POINT('',(-0.0663882353025469,-0.111875258641827,0.0158715214438671));
#1379=CARTESIAN_POINT('',(-0.0667036938689935,-0.111911728261008,0.0158435606562032));
#1380=CARTESIAN_POINT('',(-0.0667036938689928,-0.111911728261008,0.0158435606562033));
#1381=CARTESIAN_POINT('',(-0.0667036938689928,-0.111911728261008,0.0158435606562033));
#1382=CARTESIAN_POINT('',(-0.0667027153353997,-0.111921995884477,0.0158329257567586));
#1383=CARTESIAN_POINT('',(-0.0667019628553727,-0.111932226678359,0.0158222184234079));
#1384=CARTESIAN_POINT('',(-0.0667014375070492,-0.111942419989635,0.0158114378358339));
#1385=CARTESIAN_POINT('',(-0.066701437507048,-0.111942419989635,0.015811437835834));
#1386=CARTESIAN_POINT('',(-0.2816864776411,-0.109038644398046,0.019674044512135));
#1387=CARTESIAN_POINT('',(-0.073757374647839,-0.112975597529239,0.0139839503358578));
#1388=CARTESIAN_POINT('',(-0.073757374647839,-0.112975597529239,0.0139839503358578));
#1389=CARTESIAN_POINT('',(-0.0761711087060764,-0.11299836934728,0.0139314233058314));
#1390=CARTESIAN_POINT('',(-0.07858482164187,-0.113015376304039,0.0138755773831508));
#1391=CARTESIAN_POINT('',(-0.080998528536368,-0.113025906542987,0.0138181496524983));
#1392=CARTESIAN_POINT('',(-0.080998528536368,-0.113025906542987,0.0138181496524979));
#1393=CARTESIAN_POINT('',(-0.080998528536368,-0.113025906542987,0.0138181496524978));
#1394=CARTESIAN_POINT('',(-0.0810338331553225,-0.113026060565861,0.0138173096730651));
#1395=CARTESIAN_POINT('',(-0.0811103410878289,-0.113028684633143,0.0137913309734686));
#1396=CARTESIAN_POINT('',(-0.0811132125607088,-0.113035641622857,0.0136658413202847));
#1397=CARTESIAN_POINT('',(-0.0809897324330129,-0.113035580357218,0.0136532149621562));
#1398=CARTESIAN_POINT('',(-0.0808580396717352,-0.113035417342654,0.013656695907218));
#1399=CARTESIAN_POINT('',(-0.0806821424714844,-0.113035235616231,0.0136540912387911));
#1400=CARTESIAN_POINT('',(-0.0804070121084363,-0.113034919313006,0.0136538124036836));
#1401=CARTESIAN_POINT('',(-0.080060935597774,-0.113034509442106,0.0136521313281481));
#1402=CARTESIAN_POINT('',(-0.0796465712801611,-0.113033983884438,0.0136506885766822));
#1403=CARTESIAN_POINT('',(-0.079231958882453,-0.113033427397932,0.0136490952870334));
#1404=CARTESIAN_POINT('',(-0.0786792290691577,-0.113032643139018,0.0136470275440506));
#1405=CARTESIAN_POINT('',(-0.0779882871614073,-0.11303158392297,0.0136444304920135));
#1406=CARTESIAN_POINT('',(-0.0771591697180044,-0.113030186181696,0.0136413318988134));
#1407=CARTESIAN_POINT('',(-0.0760536756515159,-0.113028153164566,0.0136372124481331));
#1408=CARTESIAN_POINT('',(-0.0746718103454347,-0.113025293293488,0.0136320946595495));
#1409=CARTESIAN_POINT('',(-0.0730135724266772,-0.113021347423745,0.0136260160063271));
#1410=CARTESIAN_POINT('',(-0.0713553357769313,-0.113016882746944,0.013620010856911));
#1411=CARTESIAN_POINT('',(-0.0696971001691445,-0.113011894630524,0.0136140824852085));
#1412=CARTESIAN_POINT('',(-0.0685916104847007,-0.113008216322238,0.0136101884568427));
#1413=CARTESIAN_POINT('',(-0.0680388658144293,-0.11300628777608,0.0136082581606921));
#1414=CARTESIAN_POINT('',(-0.0680388658144293,-0.11300628777608,0.0136082581606917));
#1415=CARTESIAN_POINT('',(-0.0680388658159124,-0.113006287838369,0.0136082576737637));
#1416=CARTESIAN_POINT('',(-0.0656613149419531,-0.112997992226406,0.0135999568102564));
#1417=CARTESIAN_POINT('',(-0.0609062265348422,-0.112978101532628,0.0135839629628969));
#1418=CARTESIAN_POINT('',(-0.0537736261484161,-0.112937655798622,0.0135627244911991));
#1419=CARTESIAN_POINT('',(-0.0466411115325491,-0.112885508877242,0.0135454548031705));
#1420=CARTESIAN_POINT('',(-0.0395086652487515,-0.112819943366459,0.0135339218162686));
#1421=CARTESIAN_POINT('',(-0.033565180208814,-0.112751864523742,0.0135313529487725));
#1422=CARTESIAN_POINT('',(-0.0288105714272707,-0.112686768201028,0.0135361356559835));
#1423=CARTESIAN_POINT('',(-0.0252447235306836,-0.112631477144151,0.0135443474053285));
#1424=CARTESIAN_POINT('',(-0.0222733035037403,-0.112578604557116,0.0135565501681138));
#1425=CARTESIAN_POINT('',(-0.0198962586339401,-0.112530630828108,0.0135713001592799));
#1426=CARTESIAN_POINT('',(-0.0181135579350389,-0.112491072751336,0.0135857044833847));
#1427=CARTESIAN_POINT('',(-0.0163308604262396,-0.112446931845864,0.0136046045552275));
#1428=CARTESIAN_POINT('',(-0.0148456419228858,-0.11240441063003,0.0136264132076757));
#1429=CARTESIAN_POINT('',(-0.013657439384889,-0.112365398517325,0.0136493189664895));
#1430=CARTESIAN_POINT('',(-0.0127673363143932,-0.112330265612722,0.0136735237366365));
#1431=CARTESIAN_POINT('',(-0.0120234799403599,-0.112300474606376,0.013693750959222));
#1432=CARTESIAN_POINT('',(-0.0114349236228643,-0.112256413864108,0.0137356618347796));
#1433=CARTESIAN_POINT('',(-0.0111318570351439,-0.11224773728153,0.0137390181914686));
#1434=CARTESIAN_POINT('',(-0.0109931450544933,-0.112210726793211,0.0137829514100492));
#1435=CARTESIAN_POINT('',(-0.0109931450544933,-0.112210726793212,0.0137829514100491));
#1436=CARTESIAN_POINT('',(-0.0108397431775085,-0.109038644398046,0.0153421918795049));
#1437=CARTESIAN_POINT('',(-0.0109384666776263,-0.110268732870911,0.0153452295256623));
#1438=CARTESIAN_POINT('',(-0.0109808355976783,-0.111467430049069,0.014750618629398));
#1439=CARTESIAN_POINT('',(-0.0109931450544933,-0.112210726793212,0.0137829514100491));
#1440=CARTESIAN_POINT('',(-0.0108397431775085,-0.109038644398046,0.0153421918795049));
#1441=CARTESIAN_POINT('',(-0.0055,-0.109038644398046,0.0151778920894277));
#1442=CARTESIAN_POINT('',(-0.027,-0.0865193221990232,0.0131778920894277));
#1443=CARTESIAN_POINT('',(-0.0354390840487788,-0.0687044317256318,0.0131778920894277));
#1444=CARTESIAN_POINT('',(-0.033654218422735,-0.0690191516924424,0.0131778920894277));
#1445=CARTESIAN_POINT('',(0.00549767606389134,-0.0759226870362857,0.0131778920894277));
#1446=CARTESIAN_POINT('',(-0.0124947723772625,-0.0323699160816718,0.0131778920894277));
#1447=CARTESIAN_POINT('',(-0.0310450849765946,-0.0645,0.0131778920894277));
#1448=CARTESIAN_POINT('',(-0.036,-0.0645,0.0131778920894277));
#1449=CARTESIAN_POINT('',(-0.0248,-0.0645,0.0131778920894277));
#1450=CARTESIAN_POINT('',(-0.02,-0.0645,0.0131778920894277));
#1451=CARTESIAN_POINT('',(-0.0152,-0.0645,0.0131778920894277));
#1452=CARTESIAN_POINT('',(0.008,-0.0645,0.0131778920894277));
#1453=CARTESIAN_POINT('',(0.027,-0.0645,0.0131778920894277));
#1454=CARTESIAN_POINT('',(0.039,-0.113038644398046,0.0131778920894277));
#1455=CARTESIAN_POINT('',(-0.02,-0.0645,0.0111778920894277));
#1456=CARTESIAN_POINT('',(-0.02,-0.0645,0.0161778920894277));
#1457=CARTESIAN_POINT('',(-0.0160206196517358,-0.0618158740633404,0.0161778920894277));
#1458=CARTESIAN_POINT('',(-0.0239793803482642,-0.0618158740633404,0.0161778920894277));
#1459=CARTESIAN_POINT('',(-0.0239793803482642,-0.0618158740633404,0.0111778920894277));
#1460=CARTESIAN_POINT('',(-0.0239793803482642,-0.0618158740633404,0.0111778920894277));
#1461=CARTESIAN_POINT('',(-0.02,-0.0645,0.0111778920894277));
#1462=CARTESIAN_POINT('',(-0.0160206196517358,-0.0618158740633404,0.0111778920894277));
#1463=CARTESIAN_POINT('',(-0.0160206196517358,-0.0618158740633404,0.0111778920894277));
#1464=CARTESIAN_POINT('',(-0.02,-0.0645,0.0156240459355816));
#1465=CARTESIAN_POINT('',(-0.0152,-0.0645,0.0154763536278892));
#1466=CARTESIAN_POINT('',(-0.0248,-0.0645,0.0157717382432738));
#1467=CARTESIAN_POINT('',(-0.0152,-0.0645,0.0131778920894277));
#1468=CARTESIAN_POINT('',(-0.0248,-0.0645,0.0131778920894277));
#1469=CARTESIAN_POINT('',(-0.02,-0.0645,0.0136778920894277));
#1470=CARTESIAN_POINT('',(-0.02,-0.0645,0.0141778920894277));
#1471=CARTESIAN_POINT('',(-0.0227549954627911,-0.0645,0.0141778920894277));
#1472=CARTESIAN_POINT('',(-0.0172450045372089,-0.0645,0.0141778920894277));
#1473=CARTESIAN_POINT('',(-0.02,-0.0645,0.0136778920894277));
#1474=CARTESIAN_POINT('',(-0.017629641767457,-0.0645,0.0151683288876233));
#1475=CARTESIAN_POINT('',(-0.02,-0.0645,0.0151683288876233));
#1476=CARTESIAN_POINT('',(-0.0180348839648067,-0.0631745124976785,0.0151683288876233));
#1477=CARTESIAN_POINT('',(-0.02,-0.0645,0.0136778920894277));
#1478=CARTESIAN_POINT('',(-0.0180348839648067,-0.0631745124976785,0.012187455291232));
#1479=CARTESIAN_POINT('',(-0.02,-0.0645,0.012187455291232));
#1480=CARTESIAN_POINT('',(-0.0219651160351933,-0.0631745124976785,0.012187455291232));
#1481=CARTESIAN_POINT('',(-0.02,-0.0645,0.0136778920894277));
#1482=CARTESIAN_POINT('',(-0.0219651160351933,-0.0631745124976785,0.0151683288876233));
#1483=CARTESIAN_POINT('',(-0.02,-0.0645,0.0151683288876233));
#1484=CARTESIAN_POINT('',(-0.022370358232543,-0.0645,0.0151683288876233));
#1485=CARTESIAN_POINT('',(-0.02,-0.0645,0.0136778920894277));
#1486=CARTESIAN_POINT('',(-0.02,-0.0645,0.0151683288876233));
#1487=CARTESIAN_POINT('',(-0.02,-0.0645,0.00904169166091654));
#1488=CARTESIAN_POINT('',(-0.0174832876623897,-0.0645,0.0155466086328858));
#1489=CARTESIAN_POINT('',(-0.0200303209695111,-0.0645,0.0156249788884895));
#1490=CARTESIAN_POINT('',(-0.0225773542766327,-0.0645,0.0157033491440933));
#1491=CARTESIAN_POINT('',(-0.02,-0.0645,0.00904169166091654));
#1492=CARTESIAN_POINT('',(-0.02,-0.0645,0.00904169166091654));
#1493=CARTESIAN_POINT('',(-0.0222889329616727,-0.0629560952228704,0.0161778920894277));
#1494=CARTESIAN_POINT('',(-0.02,-0.0645,0.0161778920894277));
#1495=CARTESIAN_POINT('',(-0.0177110670383272,-0.0629560952228704,0.0161778920894277));
#1496=CARTESIAN_POINT('',(-0.02,-0.0645,0.00904169166091654));
#1497=CARTESIAN_POINT('',(-0.081,-0.112038644398046,0.0131758920894277));
#1498=CARTESIAN_POINT('',(-0.081,-0.112038644398046,0.0136778920894277));
#1499=CARTESIAN_POINT('',(-0.0211606526015771,-0.063717129935141,0.0111778920894277));
#1500=CARTESIAN_POINT('',(-0.02,-0.0645,0.018314092517939));
#1501=CARTESIAN_POINT('',(-0.0222889329616727,-0.0629560952228704,0.0111778920894277));
#1502=CARTESIAN_POINT('',(-0.0211606526015771,-0.063717129935141,0.0111778920894277));
#1503=CARTESIAN_POINT('',(-0.0211606526015771,-0.063717129935141,0.0161778920894277));
#1504=CARTESIAN_POINT('',(-0.0168496572242909,-0.0623750669668112,0.0111778920894277));
#1505=CARTESIAN_POINT('',(-0.0168496572242909,-0.0623750669668112,0.0111778920894277));
#1506=CARTESIAN_POINT('',(-0.0177110670383273,-0.0629560952228704,0.0111778920894277));
#1507=CARTESIAN_POINT('',(-0.02,-0.0645,0.018314092517939));
#1508=CARTESIAN_POINT('',(-0.0168496572242909,-0.0623750669668112,0.0161778920894277));
#1509=CARTESIAN_POINT('',(-0.02,-0.0645,0.0111778920894277));
#1510=CARTESIAN_POINT('',(-0.02,-0.0645,0.0111778920894277));
#1511=CARTESIAN_POINT('',(-0.02,-0.0645,0.0161778920894277));
#1512=CARTESIAN_POINT('',(-0.02,-0.0645,0.0111778920894277));
#1513=CARTESIAN_POINT('',(-0.036,-0.0645,0.0131778920894277));
#1514=CARTESIAN_POINT('',(-0.036,-0.0645,0.0161778920894277));
#1515=CARTESIAN_POINT('',(-0.0380153809757782,-0.0645,0.0161778920894277));
#1516=CARTESIAN_POINT('',(-0.0380153809757782,-0.0645,0.0151778920894277));
#1517=CARTESIAN_POINT('',(-0.0379846262999912,-0.0645,0.0161774190525043));
#1518=CARTESIAN_POINT('',(-0.0055,-0.0645,0.0151778920894277));
#1519=CARTESIAN_POINT('',(-0.0310450849765946,-0.0645,0.0131778920894277));
#1520=CARTESIAN_POINT('',(-0.0310450849765946,-0.0645,0.0126805397945168));
#1521=CARTESIAN_POINT('',(-0.0313626109565621,-0.0644999999999999,0.0116893209759052));
#1522=CARTESIAN_POINT('',(-0.0328067184452038,-0.0645000000000001,0.0109240777031101));
#1523=CARTESIAN_POINT('',(-0.0342644494074888,-0.0645,0.0116817725829915));
#1524=CARTESIAN_POINT('',(-0.0345832927001623,-0.0645,0.0126824863431626));
#1525=CARTESIAN_POINT('',(-0.0345832927001623,-0.0645,0.0131778920894277));
#1526=CARTESIAN_POINT('',(0.008,-0.0645,0.0131778920894277));
#1527=CARTESIAN_POINT('',(-0.0055,-0.0645,0.0151778920894277));
#1528=CARTESIAN_POINT('',(0.027,-0.0645,0.0141778920894277));
#1529=CARTESIAN_POINT('',(0.027,-0.0645,0.0131778920894277));
#1530=CARTESIAN_POINT('',(0.039,-0.113038644398046,0.0131778920894277));
#1531=CARTESIAN_POINT('',(-0.0109931450544933,-0.112210726793212,0.0137829514100491));
#1532=CARTESIAN_POINT('',(-0.0109953177575543,-0.112341923736791,0.013612151547705));
#1533=CARTESIAN_POINT('',(-0.0109957047495576,-0.112378143610382,0.0133772346843342));
#1534=CARTESIAN_POINT('',(-0.0109944839795925,-0.112295965723067,0.0131778920894277));
#1535=CARTESIAN_POINT('',(-0.0109944839795925,-0.112295965723067,0.0131778920894277));
#1536=CARTESIAN_POINT('',(-0.0109944839795925,-0.112295965723067,-0.0118221079105723));
#1537=CARTESIAN_POINT('',(-0.0109944839795925,-0.112295965723067,0.0126778920894277));
#1538=CARTESIAN_POINT('',(-0.0109748291691543,-0.111452312303606,0.0131778920894277));
#1539=CARTESIAN_POINT('',(-0.0109748291691543,-0.111452312303606,0.0129960307741295));
#1540=CARTESIAN_POINT('',(-0.0109847414943969,-0.111765836903298,0.0127299934519008));
#1541=CARTESIAN_POINT('',(-0.0109918178873384,-0.112116493885543,0.0126778920894277));
#1542=CARTESIAN_POINT('',(-0.0109944839795925,-0.112295965723067,0.0126778920894277));
#1543=CARTESIAN_POINT('',(0.00549767606389133,-0.0759226870362857,0.0131778920894277));
#1544=CARTESIAN_POINT('',(0.00549767606389133,-0.0759226870362857,0.0130281480674762));
#1545=CARTESIAN_POINT('',(0.00536298911250885,-0.0760440539296271,0.0127576539915326));
#1546=CARTESIAN_POINT('',(0.00503257161603868,-0.0763468197922264,0.0126384879933566));
#1547=CARTESIAN_POINT('',(0.00470620897212453,-0.0766520608857331,0.012755756056679));
#1548=CARTESIAN_POINT('',(0.00457624941817219,-0.0767756412697876,0.013027907232502));
#1549=CARTESIAN_POINT('',(0.00457624941817218,-0.0767756412697876,0.0131778920894276));
#1550=CARTESIAN_POINT('',(0.039,-0.113038644398046,0.0138086613201969));
#1551=CARTESIAN_POINT('',(-0.081,-0.112904669801831,0.0131778920894277));
#1552=CARTESIAN_POINT('',(-0.0820793391643756,-0.112904669801831,0.0131778920894277));
#1553=CARTESIAN_POINT('',(-0.0842118412256241,-0.112038644398046,0.012593678886116));
#1554=CARTESIAN_POINT('',(-0.0842118412256241,-0.112038644398046,0.0121778920894277));
#1555=CARTESIAN_POINT('',(-0.081,-0.112926486466427,0.0132156796609592));
#1556=CARTESIAN_POINT('',(-0.0820793437222567,-0.112926486466427,0.0132156796609592));
#1557=CARTESIAN_POINT('',(-0.0842118412256241,-0.112038644398046,0.0126062747918959));
#1558=CARTESIAN_POINT('',(-0.0842118412256241,-0.112038644398046,0.0121778920894277));
#1559=CARTESIAN_POINT('',(-0.081,-0.112945826215839,0.0132548968077273));
#1560=CARTESIAN_POINT('',(-0.0820795754512651,-0.112945826215839,0.0132548968077273));
#1561=CARTESIAN_POINT('',(-0.0842118412256241,-0.112038644398046,0.0126190572379687));
#1562=CARTESIAN_POINT('',(-0.0842118412256241,-0.112038644398046,0.0121778920894277));
#1563=CARTESIAN_POINT('',(-0.081,-0.112979221645277,0.0133355205063979));
#1564=CARTESIAN_POINT('',(-0.082080358068094,-0.112979221645277,0.0133355205063979));
#1565=CARTESIAN_POINT('',(-0.0842118412256241,-0.112038644398046,0.012644897234245));
#1566=CARTESIAN_POINT('',(-0.0842118412256241,-0.112038644398046,0.0121778920894277));
#1567=CARTESIAN_POINT('',(-0.081,-0.112993277113076,0.0133769265793282));
#1568=CARTESIAN_POINT('',(-0.0820809089559144,-0.112993277113076,0.0133769265793282));
#1569=CARTESIAN_POINT('',(-0.0842118412256241,-0.112038644398046,0.0126579547844484));
#1570=CARTESIAN_POINT('',(-0.0842118412256241,-0.112038644398046,0.0121778920894277));
#1571=CARTESIAN_POINT('',(-0.081,-0.113012098965175,0.0134471706876565));
#1572=CARTESIAN_POINT('',(-0.0820819804150894,-0.113012098965175,0.0134471706876565));
#1573=CARTESIAN_POINT('',(-0.0842118412256241,-0.112038644398046,0.0126798649745167));
#1574=CARTESIAN_POINT('',(-0.0842118412256241,-0.112038644398046,0.0121778920894277));
#1575=CARTESIAN_POINT('',(-0.081,-0.113021550431788,0.0134898104726075));
#1576=CARTESIAN_POINT('',(-0.0820826909979195,-0.113021550431788,0.0134898104726075));
#1577=CARTESIAN_POINT('',(-0.0842118412256241,-0.112038644398046,0.0126930696762677));
#1578=CARTESIAN_POINT('',(-0.0842118412256241,-0.112038644398046,0.0121778920894277));
#1579=CARTESIAN_POINT('',(-0.081,-0.113028190832908,0.0135329459162218));
#1580=CARTESIAN_POINT('',(-0.0820834699028538,-0.113028190832908,0.0135329459162218));
#1581=CARTESIAN_POINT('',(-0.0842118412256241,-0.112038644398046,0.0127063304786488));
#1582=CARTESIAN_POINT('',(-0.0842118412256241,-0.112038644398046,0.0121778920894277));
#1583=CARTESIAN_POINT('',(-0.081,-0.113035784538956,0.013590625840165));
#1584=CARTESIAN_POINT('',(-0.0820845314217274,-0.113035784538956,0.013590625840165));
#1585=CARTESIAN_POINT('',(-0.0842118412256241,-0.112038644398046,0.0127240294196735));
#1586=CARTESIAN_POINT('',(-0.0842118412256241,-0.112038644398046,0.0121778920894277));
#1587=CARTESIAN_POINT('',(-0.081,-0.113038644398046,0.0136342588581278));
#1588=CARTESIAN_POINT('',(-0.0820853792635453,-0.113038644398046,0.0136342588581278));
#1589=CARTESIAN_POINT('',(-0.0842118412256241,-0.112038644398046,0.0127373438356046));
#1590=CARTESIAN_POINT('',(-0.0842118412256241,-0.112038644398046,0.0121778920894277));
#1591=CARTESIAN_POINT('',(-0.081,-0.113038644398046,0.0137215253207275));
#1592=CARTESIAN_POINT('',(-0.0820870786358564,-0.113038644398046,0.0137215253207275));
#1593=CARTESIAN_POINT('',(-0.0842118412256241,-0.112038644398046,0.0127639577449865));
#1594=CARTESIAN_POINT('',(-0.0842118412256241,-0.112038644398046,0.0121778920894277));
#1595=CARTESIAN_POINT('',(-0.081,-0.113035784538956,0.0137651583386903));
#1596=CARTESIAN_POINT('',(-0.082087930145649,-0.113035784538956,0.0137651583386903));
#1597=CARTESIAN_POINT('',(-0.0842118412256241,-0.112038644398046,0.0127772561408365));
#1598=CARTESIAN_POINT('',(-0.0842118412256241,-0.112038644398046,0.0121778920894277));
#1599=CARTESIAN_POINT('',(-0.081,-0.113028190832908,0.0138228382626335));
#1600=CARTESIAN_POINT('',(-0.0820889928227623,-0.113028190832908,0.0138228382626335));
#1601=CARTESIAN_POINT('',(-0.0842118412256241,-0.112038644398046,0.0127949193199239));
#1602=CARTESIAN_POINT('',(-0.0842118412256241,-0.112038644398046,0.0121778920894277));
#1603=CARTESIAN_POINT('',(-0.081,-0.113021550431788,0.0138659737062478));
#1604=CARTESIAN_POINT('',(-0.0820897716632781,-0.113021550431788,0.0138659737062478));
#1605=CARTESIAN_POINT('',(-0.0842118412256241,-0.112038644398046,0.0128081497003946));
#1606=CARTESIAN_POINT('',(-0.0842118412256241,-0.112038644398046,0.0121778920894277));
#1607=CARTESIAN_POINT('',(-0.081,-0.113012098965175,0.0139086134911989));
#1608=CARTESIAN_POINT('',(-0.082090477226638,-0.113012098965175,0.0139086134911989));
#1609=CARTESIAN_POINT('',(-0.0842118412256241,-0.112038644398046,0.012821314918433));
#1610=CARTESIAN_POINT('',(-0.0842118412256241,-0.112038644398046,0.0121778920894277));
#1611=CARTESIAN_POINT('',(-0.081,-0.112993277113076,0.0139788575995272));
#1612=CARTESIAN_POINT('',(-0.0820915300238465,-0.112993277113076,0.0139788575995272));
#1613=CARTESIAN_POINT('',(-0.0842118412256241,-0.112038644398046,0.012843153099355));
#1614=CARTESIAN_POINT('',(-0.0842118412256241,-0.112038644398046,0.0121778920894277));
#1615=CARTESIAN_POINT('',(-0.081,-0.112979221645277,0.0140202636724575));
#1616=CARTESIAN_POINT('',(-0.0820920414802743,-0.112979221645277,0.0140202636724575));
#1617=CARTESIAN_POINT('',(-0.0842118412256241,-0.112038644398046,0.0128561618129085));
#1618=CARTESIAN_POINT('',(-0.0842118412256241,-0.112038644398046,0.0121778920894277));
#1619=CARTESIAN_POINT('',(-0.081,-0.112945826215839,0.014100887371128));
#1620=CARTESIAN_POINT('',(-0.0820927463095394,-0.112945826215839,0.014100887371128));
#1621=CARTESIAN_POINT('',(-0.0842118412256241,-0.112038644398046,0.0128819252533003));
#1622=CARTESIAN_POINT('',(-0.0842118412256241,-0.112038644398046,0.0121778920894277));
#1623=CARTESIAN_POINT('',(-0.081,-0.112926486466427,0.0141401045178962));
#1624=CARTESIAN_POINT('',(-0.0820929396823767,-0.112926486466427,0.0141401045178962));
#1625=CARTESIAN_POINT('',(-0.0842118412256241,-0.112038644398046,0.0128946799801386));
#1626=CARTESIAN_POINT('',(-0.0842118412256241,-0.112038644398046,0.0121778920894277));
#1627=CARTESIAN_POINT('',(-0.081,-0.112904669801831,0.0141778920894277));
#1628=CARTESIAN_POINT('',(-0.0820929351935208,-0.112904669801831,0.0141778920894277));
#1629=CARTESIAN_POINT('',(-0.0842118412256241,-0.112038644398046,0.0129072749152613));
#1630=CARTESIAN_POINT('',(-0.0842118412256241,-0.112038644398046,0.0121778920894277));
#1631=CARTESIAN_POINT('',(-0.081,-0.112904669801831,0.0131778920894277));
#1632=CARTESIAN_POINT('',(-0.081,-0.112926486466427,0.0132156796609592));
#1633=CARTESIAN_POINT('',(-0.081,-0.112945826215839,0.0132548968077273));
#1634=CARTESIAN_POINT('',(-0.081,-0.112979221645277,0.0133355205063979));
#1635=CARTESIAN_POINT('',(-0.081,-0.112993277113076,0.0133769265793282));
#1636=CARTESIAN_POINT('',(-0.081,-0.113012098965175,0.0134471706876565));
#1637=CARTESIAN_POINT('',(-0.081,-0.113021550431788,0.0134898104726075));
#1638=CARTESIAN_POINT('',(-0.081,-0.113028190832908,0.0135329459162218));
#1639=CARTESIAN_POINT('',(-0.081,-0.113035784538956,0.013590625840165));
#1640=CARTESIAN_POINT('',(-0.081,-0.113038644398046,0.0136342588581278));
#1641=CARTESIAN_POINT('',(-0.081,-0.113038644398046,0.0137215253207275));
#1642=CARTESIAN_POINT('',(-0.081,-0.113035784538956,0.0137651583386903));
#1643=CARTESIAN_POINT('',(-0.081,-0.113028190832908,0.0138228382626335));
#1644=CARTESIAN_POINT('',(-0.081,-0.113021550431788,0.0138659737062478));
#1645=CARTESIAN_POINT('',(-0.081,-0.113012098965175,0.0139086134911989));
#1646=CARTESIAN_POINT('',(-0.081,-0.112993277113076,0.0139788575995272));
#1647=CARTESIAN_POINT('',(-0.081,-0.112979221645277,0.0140202636724575));
#1648=CARTESIAN_POINT('',(-0.081,-0.112945826215839,0.014100887371128));
#1649=CARTESIAN_POINT('',(-0.081,-0.112926486466427,0.0141401045178962));
#1650=CARTESIAN_POINT('',(-0.081,-0.112904669801831,0.0141778920894277));
#1651=CARTESIAN_POINT('',(-0.081,-0.112206536534768,0.015387094378435));
#1652=CARTESIAN_POINT('',(-0.081,-0.111508403267705,0.0165962966674423));
#1653=CARTESIAN_POINT('',(-0.081,-0.110810270000642,0.0178054989564497));
#1654=CARTESIAN_POINT('',(-0.081,-0.113011583202763,0.0139089534846219));
#1655=CARTESIAN_POINT('',(-0.081,-0.112993510332163,0.0139749273622503));
#1656=CARTESIAN_POINT('',(-0.081,-0.112993510332163,0.0139749273622503));
#1657=CARTESIAN_POINT('',(-0.0811890752605065,-0.112990549764071,0.0139844440470634));
#1658=CARTESIAN_POINT('',(-0.0815149913579421,-0.112859011685803,0.0141431742834203));
#1659=CARTESIAN_POINT('',(-0.081802908047045,-0.112665700076379,0.0142779632252267));
#1660=CARTESIAN_POINT('',(-0.0819555232233602,-0.112573558193853,0.0143314997634212));
#1661=CARTESIAN_POINT('',(-0.0819555232233596,-0.112573558193852,0.0143314997634216));
#1662=CARTESIAN_POINT('',(-0.0819555232233596,-0.112573558193853,0.0143314997634218));
#1663=CARTESIAN_POINT('',(-0.0822401624262932,-0.112639200069864,0.0139974839251687));
#1664=CARTESIAN_POINT('',(-0.0825826306667421,-0.112610623391247,0.0137104099139092));
#1665=CARTESIAN_POINT('',(-0.0829503325160629,-0.112492775351033,0.0134910049904499));
#1666=CARTESIAN_POINT('',(-0.0829503325160629,-0.112492775351033,0.0134910049904499));
#1667=CARTESIAN_POINT('',(-0.081,-0.112904669801831,0.0141778920894277));
#1668=CARTESIAN_POINT('',(-0.0820929351935208,-0.112904669801831,0.0141778920894277));
#1669=CARTESIAN_POINT('',(-0.0842118412256241,-0.112038644398046,0.0129072749152613));
#1670=CARTESIAN_POINT('',(-0.0842118412256241,-0.112038644398046,0.0121778920894277));
#1671=CARTESIAN_POINT('',(-0.0842118412256241,-0.112038644398046,0.0121778920894277));
#1672=CARTESIAN_POINT('',(-0.081,-0.112904669801831,0.0131778920894277));
#1673=CARTESIAN_POINT('',(-0.0820793391643756,-0.112904669801831,0.0131778920894277));
#1674=CARTESIAN_POINT('',(-0.0842118412256241,-0.112038644398046,0.012593678886116));
#1675=CARTESIAN_POINT('',(-0.0842118412256241,-0.112038644398046,0.0121778920894277));
#1676=CARTESIAN_POINT('',(-0.081,-0.112038644398046,0.0136778920894277));
#1677=CARTESIAN_POINT('',(-0.081,-0.1130321239989,0.0135638820780824));
#1678=CARTESIAN_POINT('',(-0.081,-0.112038644398046,0.0136778920894277));
#1679=CARTESIAN_POINT('',(-0.081,-0.113032126643349,0.0135639051240791));
#1680=CARTESIAN_POINT('',(-0.081,-0.113032126771708,0.0135639075664549));
#1681=CARTESIAN_POINT('',(-0.0810874003044808,-0.113032265646217,0.0135651181538308));
#1682=CARTESIAN_POINT('',(-0.0812415373668304,-0.113037262456831,0.0137381766540467));
#1683=CARTESIAN_POINT('',(-0.0810873833440085,-0.113012070548038,0.0139069012377727));
#1684=CARTESIAN_POINT('',(-0.081,-0.113011583202766,0.0139089534846081));
#1685=CARTESIAN_POINT('',(-0.081,-0.111172618994262,0.0131778920894277));
#1686=CARTESIAN_POINT('',(-0.0820793391643756,-0.111172618994262,0.0131778920894277));
#1687=CARTESIAN_POINT('',(-0.0842118412256241,-0.112038644398046,0.012593678886116));
#1688=CARTESIAN_POINT('',(-0.0842118412256241,-0.112038644398046,0.0121778920894277));
#1689=CARTESIAN_POINT('',(-0.081,-0.111244787777911,0.0131778920894277));
#1690=CARTESIAN_POINT('',(-0.0820793418724729,-0.111244787777911,0.0131778920894277));
#1691=CARTESIAN_POINT('',(-0.0842118412256241,-0.112038644398046,0.0125936859825683));
#1692=CARTESIAN_POINT('',(-0.0842118412256241,-0.112038644398046,0.0121778920894277));
#1693=CARTESIAN_POINT('',(-0.081,-0.111316956561559,0.0131778920894277));
#1694=CARTESIAN_POINT('',(-0.0820794074152495,-0.111316956561559,0.0131778920894277));
#1695=CARTESIAN_POINT('',(-0.0842118412256241,-0.112038644398046,0.0125938558951127));
#1696=CARTESIAN_POINT('',(-0.0842118412256241,-0.112038644398046,0.0121778920894277));
#1697=CARTESIAN_POINT('',(-0.081,-0.111461294128857,0.0131778920894277));
#1698=CARTESIAN_POINT('',(-0.0820794786297984,-0.111461294128857,0.0131778920894277));
#1699=CARTESIAN_POINT('',(-0.0842118412256241,-0.112038644398046,0.0125940396077913));
#1700=CARTESIAN_POINT('',(-0.0842118412256241,-0.112038644398046,0.0121778920894277));
#1701=CARTESIAN_POINT('',(-0.081,-0.111533462912505,0.0131778920894277));
#1702=CARTESIAN_POINT('',(-0.0820794902804246,-0.111533462912505,0.0131778920894277));
#1703=CARTESIAN_POINT('',(-0.0842118412256241,-0.112038644398046,0.0125940695985539));
#1704=CARTESIAN_POINT('',(-0.0842118412256241,-0.112038644398046,0.0121778920894277));
#1705=CARTESIAN_POINT('',(-0.081,-0.111653744218587,0.0131778920894277));
#1706=CARTESIAN_POINT('',(-0.0820794644728516,-0.111653744218587,0.0131778920894277));
#1707=CARTESIAN_POINT('',(-0.0842118412256241,-0.112038644398046,0.0125940031218008));
#1708=CARTESIAN_POINT('',(-0.0842118412256241,-0.112038644398046,0.0121778920894277));
#1709=CARTESIAN_POINT('',(-0.081,-0.111725913002235,0.0131778920894277));
#1710=CARTESIAN_POINT('',(-0.0820794351003839,-0.111725913002235,0.0131778920894277));
#1711=CARTESIAN_POINT('',(-0.0842118412256241,-0.112038644398046,0.012593927339283));
#1712=CARTESIAN_POINT('',(-0.0842118412256241,-0.112038644398046,0.0121778920894277));
#1713=CARTESIAN_POINT('',(-0.081,-0.111798081785884,0.0131778920894277));
#1714=CARTESIAN_POINT('',(-0.0820794024421074,-0.111798081785884,0.0131778920894277));
#1715=CARTESIAN_POINT('',(-0.0842118412256241,-0.112038644398046,0.0125938428844511));
#1716=CARTESIAN_POINT('',(-0.0842118412256241,-0.112038644398046,0.0121778920894277));
#1717=CARTESIAN_POINT('',(-0.081,-0.111894306830749,0.0131778920894277));
#1718=CARTESIAN_POINT('',(-0.0820793613365077,-0.111894306830749,0.0131778920894277));
#1719=CARTESIAN_POINT('',(-0.0842118412256241,-0.112038644398046,0.0125937364619548));
#1720=CARTESIAN_POINT('',(-0.0842118412256241,-0.112038644398046,0.0121778920894277));
#1721=CARTESIAN_POINT('',(-0.081,-0.111966475614398,0.0131778920894277));
#1722=CARTESIAN_POINT('',(-0.082079339651527,-0.111966475614398,0.0131778920894277));
#1723=CARTESIAN_POINT('',(-0.0842118412256241,-0.112038644398046,0.0125936801564675));
#1724=CARTESIAN_POINT('',(-0.0842118412256241,-0.112038644398046,0.0121778920894277));
#1725=CARTESIAN_POINT('',(-0.081,-0.112110813181695,0.0131778920894277));
#1726=CARTESIAN_POINT('',(-0.0820793386772243,-0.112110813181695,0.0131778920894277));
#1727=CARTESIAN_POINT('',(-0.0842118412256241,-0.112038644398046,0.0125936776157646));
#1728=CARTESIAN_POINT('',(-0.0842118412256241,-0.112038644398046,0.0121778920894277));
#1729=CARTESIAN_POINT('',(-0.081,-0.112182981965344,0.0131778920894277));
#1730=CARTESIAN_POINT('',(-0.0820793613365077,-0.112182981965344,0.0131778920894277));
#1731=CARTESIAN_POINT('',(-0.0842118412256241,-0.112038644398046,0.0125937364619548));
#1732=CARTESIAN_POINT('',(-0.0842118412256241,-0.112038644398046,0.0121778920894277));
#1733=CARTESIAN_POINT('',(-0.081,-0.112279207010209,0.0131778920894277));
#1734=CARTESIAN_POINT('',(-0.0820794024421074,-0.112279207010209,0.0131778920894277));
#1735=CARTESIAN_POINT('',(-0.0842118412256241,-0.112038644398046,0.0125938428844511));
#1736=CARTESIAN_POINT('',(-0.0842118412256241,-0.112038644398046,0.0121778920894277));
#1737=CARTESIAN_POINT('',(-0.081,-0.112351375793857,0.0131778920894277));
#1738=CARTESIAN_POINT('',(-0.0820794351003839,-0.112351375793857,0.0131778920894277));
#1739=CARTESIAN_POINT('',(-0.0842118412256241,-0.112038644398046,0.012593927339283));
#1740=CARTESIAN_POINT('',(-0.0842118412256241,-0.112038644398046,0.0121778920894277));
#1741=CARTESIAN_POINT('',(-0.081,-0.112423544577506,0.0131778920894277));
#1742=CARTESIAN_POINT('',(-0.0820794644728516,-0.112423544577506,0.0131778920894277));
#1743=CARTESIAN_POINT('',(-0.0842118412256241,-0.112038644398046,0.0125940031218008));
#1744=CARTESIAN_POINT('',(-0.0842118412256241,-0.112038644398046,0.0121778920894277));
#1745=CARTESIAN_POINT('',(-0.081,-0.112543825883587,0.0131778920894277));
#1746=CARTESIAN_POINT('',(-0.0820794902804246,-0.112543825883587,0.0131778920894277));
#1747=CARTESIAN_POINT('',(-0.0842118412256241,-0.112038644398046,0.0125940695985539));
#1748=CARTESIAN_POINT('',(-0.0842118412256241,-0.112038644398046,0.0121778920894277));
#1749=CARTESIAN_POINT('',(-0.081,-0.112615994667236,0.0131778920894277));
#1750=CARTESIAN_POINT('',(-0.0820794786297984,-0.112615994667236,0.0131778920894277));
#1751=CARTESIAN_POINT('',(-0.0842118412256241,-0.112038644398046,0.0125940396077913));
#1752=CARTESIAN_POINT('',(-0.0842118412256241,-0.112038644398046,0.0121778920894277));
#1753=CARTESIAN_POINT('',(-0.081,-0.112760332234533,0.0131778920894277));
#1754=CARTESIAN_POINT('',(-0.0820794074152495,-0.112760332234533,0.0131778920894277));
#1755=CARTESIAN_POINT('',(-0.0842118412256241,-0.112038644398046,0.0125938558951127));
#1756=CARTESIAN_POINT('',(-0.0842118412256241,-0.112038644398046,0.0121778920894277));
#1757=CARTESIAN_POINT('',(-0.081,-0.112832501018182,0.0131778920894277));
#1758=CARTESIAN_POINT('',(-0.0820793418724729,-0.112832501018182,0.0131778920894277));
#1759=CARTESIAN_POINT('',(-0.0842118412256241,-0.112038644398046,0.0125936859825683));
#1760=CARTESIAN_POINT('',(-0.0842118412256241,-0.112038644398046,0.0121778920894277));
#1761=CARTESIAN_POINT('',(-0.081,-0.112904669801831,0.0131778920894277));
#1762=CARTESIAN_POINT('',(-0.0820793391643756,-0.112904669801831,0.0131778920894277));
#1763=CARTESIAN_POINT('',(-0.0842118412256241,-0.112038644398046,0.012593678886116));
#1764=CARTESIAN_POINT('',(-0.0842118412256241,-0.112038644398046,0.0121778920894277));
#1765=CARTESIAN_POINT('',(-0.081,-0.111172618994262,0.0131778920894277));
#1766=CARTESIAN_POINT('',(-0.0820793391643756,-0.111172618994262,0.0131778920894277));
#1767=CARTESIAN_POINT('',(-0.0842118412256241,-0.112038644398046,0.012593678886116));
#1768=CARTESIAN_POINT('',(-0.0842118412256241,-0.112038644398046,0.0121778920894277));
#1769=CARTESIAN_POINT('',(-0.081,-0.111172618994262,0.0141778920894277));
#1770=CARTESIAN_POINT('',(-0.0820929351935208,-0.111172618994262,0.0141778920894277));
#1771=CARTESIAN_POINT('',(-0.0842118412256241,-0.112038644398046,0.0129072749152613));
#1772=CARTESIAN_POINT('',(-0.0842118412256241,-0.112038644398046,0.0121778920894277));
#1773=CARTESIAN_POINT('',(-0.081,-0.111150802329666,0.0141401045178962));
#1774=CARTESIAN_POINT('',(-0.0820929396823767,-0.111150802329666,0.0141401045178962));
#1775=CARTESIAN_POINT('',(-0.0842118412256241,-0.112038644398046,0.0128946799801386));
#1776=CARTESIAN_POINT('',(-0.0842118412256241,-0.112038644398046,0.0121778920894277));
#1777=CARTESIAN_POINT('',(-0.081,-0.111131462580254,0.014100887371128));
#1778=CARTESIAN_POINT('',(-0.0820927463095394,-0.111131462580254,0.014100887371128));
#1779=CARTESIAN_POINT('',(-0.0842118412256241,-0.112038644398046,0.0128819252533003));
#1780=CARTESIAN_POINT('',(-0.0842118412256241,-0.112038644398046,0.0121778920894277));
#1781=CARTESIAN_POINT('',(-0.081,-0.111098067150816,0.0140202636724575));
#1782=CARTESIAN_POINT('',(-0.0820920414802743,-0.111098067150816,0.0140202636724575));
#1783=CARTESIAN_POINT('',(-0.0842118412256241,-0.112038644398046,0.0128561618129085));
#1784=CARTESIAN_POINT('',(-0.0842118412256241,-0.112038644398046,0.0121778920894277));
#1785=CARTESIAN_POINT('',(-0.081,-0.111084011683017,0.0139788575995272));
#1786=CARTESIAN_POINT('',(-0.0820915300238465,-0.111084011683017,0.0139788575995272));
#1787=CARTESIAN_POINT('',(-0.0842118412256241,-0.112038644398046,0.012843153099355));
#1788=CARTESIAN_POINT('',(-0.0842118412256241,-0.112038644398046,0.0121778920894277));
#1789=CARTESIAN_POINT('',(-0.081,-0.111065189830917,0.0139086134911989));
#1790=CARTESIAN_POINT('',(-0.082090477226638,-0.111065189830917,0.0139086134911989));
#1791=CARTESIAN_POINT('',(-0.0842118412256241,-0.112038644398046,0.012821314918433));
#1792=CARTESIAN_POINT('',(-0.0842118412256241,-0.112038644398046,0.0121778920894277));
#1793=CARTESIAN_POINT('',(-0.081,-0.111055738364305,0.0138659737062478));
#1794=CARTESIAN_POINT('',(-0.0820897716632781,-0.111055738364305,0.0138659737062478));
#1795=CARTESIAN_POINT('',(-0.0842118412256241,-0.112038644398046,0.0128081497003946));
#1796=CARTESIAN_POINT('',(-0.0842118412256241,-0.112038644398046,0.0121778920894277));
#1797=CARTESIAN_POINT('',(-0.081,-0.111049097963185,0.0138228382626335));
#1798=CARTESIAN_POINT('',(-0.0820889928227623,-0.111049097963185,0.0138228382626335));
#1799=CARTESIAN_POINT('',(-0.0842118412256241,-0.112038644398046,0.0127949193199239));
#1800=CARTESIAN_POINT('',(-0.0842118412256241,-0.112038644398046,0.0121778920894277));
#1801=CARTESIAN_POINT('',(-0.081,-0.111041504257137,0.0137651583386903));
#1802=CARTESIAN_POINT('',(-0.082087930145649,-0.111041504257137,0.0137651583386903));
#1803=CARTESIAN_POINT('',(-0.0842118412256241,-0.112038644398046,0.0127772561408365));
#1804=CARTESIAN_POINT('',(-0.0842118412256241,-0.112038644398046,0.0121778920894277));
#1805=CARTESIAN_POINT('',(-0.081,-0.111038644398046,0.0137215253207275));
#1806=CARTESIAN_POINT('',(-0.0820870786358564,-0.111038644398046,0.0137215253207275));
#1807=CARTESIAN_POINT('',(-0.0842118412256241,-0.112038644398046,0.0127639577449865));
#1808=CARTESIAN_POINT('',(-0.0842118412256241,-0.112038644398046,0.0121778920894277));
#1809=CARTESIAN_POINT('',(-0.081,-0.111038644398046,0.0136342588581278));
#1810=CARTESIAN_POINT('',(-0.0820853792635453,-0.111038644398046,0.0136342588581278));
#1811=CARTESIAN_POINT('',(-0.0842118412256241,-0.112038644398046,0.0127373438356046));
#1812=CARTESIAN_POINT('',(-0.0842118412256241,-0.112038644398046,0.0121778920894277));
#1813=CARTESIAN_POINT('',(-0.081,-0.111041504257137,0.013590625840165));
#1814=CARTESIAN_POINT('',(-0.0820845314217274,-0.111041504257137,0.013590625840165));
#1815=CARTESIAN_POINT('',(-0.0842118412256241,-0.112038644398046,0.0127240294196736));
#1816=CARTESIAN_POINT('',(-0.0842118412256241,-0.112038644398046,0.0121778920894277));
#1817=CARTESIAN_POINT('',(-0.081,-0.111049097963185,0.0135329459162218));
#1818=CARTESIAN_POINT('',(-0.0820834699028538,-0.111049097963185,0.0135329459162218));
#1819=CARTESIAN_POINT('',(-0.0842118412256241,-0.112038644398046,0.0127063304786488));
#1820=CARTESIAN_POINT('',(-0.0842118412256241,-0.112038644398046,0.0121778920894277));
#1821=CARTESIAN_POINT('',(-0.081,-0.111055738364305,0.0134898104726075));
#1822=CARTESIAN_POINT('',(-0.0820826909979195,-0.111055738364305,0.0134898104726075));
#1823=CARTESIAN_POINT('',(-0.0842118412256241,-0.112038644398046,0.0126930696762678));
#1824=CARTESIAN_POINT('',(-0.0842118412256241,-0.112038644398046,0.0121778920894277));
#1825=CARTESIAN_POINT('',(-0.081,-0.111065189830917,0.0134471706876565));
#1826=CARTESIAN_POINT('',(-0.0820819804150894,-0.111065189830917,0.0134471706876565));
#1827=CARTESIAN_POINT('',(-0.0842118412256241,-0.112038644398046,0.0126798649745167));
#1828=CARTESIAN_POINT('',(-0.0842118412256241,-0.112038644398046,0.0121778920894277));
#1829=CARTESIAN_POINT('',(-0.081,-0.111084011683017,0.0133769265793282));
#1830=CARTESIAN_POINT('',(-0.0820809089559145,-0.111084011683017,0.0133769265793282));
#1831=CARTESIAN_POINT('',(-0.0842118412256241,-0.112038644398046,0.0126579547844484));
#1832=CARTESIAN_POINT('',(-0.0842118412256241,-0.112038644398046,0.0121778920894277));
#1833=CARTESIAN_POINT('',(-0.081,-0.111098067150816,0.0133355205063979));
#1834=CARTESIAN_POINT('',(-0.082080358068094,-0.111098067150816,0.0133355205063979));
#1835=CARTESIAN_POINT('',(-0.0842118412256241,-0.112038644398046,0.012644897234245));
#1836=CARTESIAN_POINT('',(-0.0842118412256241,-0.112038644398046,0.0121778920894277));
#1837=CARTESIAN_POINT('',(-0.081,-0.111131462580254,0.0132548968077273));
#1838=CARTESIAN_POINT('',(-0.0820795754512651,-0.111131462580254,0.0132548968077273));
#1839=CARTESIAN_POINT('',(-0.0842118412256241,-0.112038644398046,0.0126190572379687));
#1840=CARTESIAN_POINT('',(-0.0842118412256241,-0.112038644398046,0.0121778920894277));
#1841=CARTESIAN_POINT('',(-0.081,-0.111150802329666,0.0132156796609592));
#1842=CARTESIAN_POINT('',(-0.0820793437222567,-0.111150802329666,0.0132156796609592));
#1843=CARTESIAN_POINT('',(-0.0842118412256241,-0.112038644398046,0.0126062747918959));
#1844=CARTESIAN_POINT('',(-0.0842118412256241,-0.112038644398046,0.0121778920894277));
#1845=CARTESIAN_POINT('',(-0.081,-0.111172618994262,0.0131778920894277));
#1846=CARTESIAN_POINT('',(-0.0820793391643756,-0.111172618994262,0.0131778920894277));
#1847=CARTESIAN_POINT('',(-0.0842118412256241,-0.112038644398046,0.012593678886116));
#1848=CARTESIAN_POINT('',(-0.0842118412256241,-0.112038644398046,0.0121778920894277));
#1849=CARTESIAN_POINT('',(-0.0829503325160629,-0.11158451344506,0.0134910049904498));
#1850=CARTESIAN_POINT('',(-0.0826553170505485,-0.111489961311292,0.0136670384962645));
#1851=CARTESIAN_POINT('',(-0.0823732554419783,-0.11145123155368,0.013888632556802));
#1852=CARTESIAN_POINT('',(-0.0821271879464145,-0.111475725574887,0.0141426118766761));
#1853=CARTESIAN_POINT('',(-0.0829503325160629,-0.11158451344506,0.0134910049904499));
#1854=CARTESIAN_POINT('',(-0.0821271879464146,-0.111475725574886,0.0141426118766765));
#1855=CARTESIAN_POINT('',(-0.0821271879464153,-0.111475725574886,0.0141426118766761));
#1856=CARTESIAN_POINT('',(-0.0820699017746859,-0.111404629985646,0.0140588530035973));
#1857=CARTESIAN_POINT('',(-0.0820548191061766,-0.111332852362229,0.0139565735369958));
#1858=CARTESIAN_POINT('',(-0.0820422631609768,-0.111282908732939,0.0138448598477597));
#1859=CARTESIAN_POINT('',(-0.081,-0.111172618994262,0.0141778920894277));
#1860=CARTESIAN_POINT('',(-0.0820929351935208,-0.111172618994262,0.0141778920894277));
#1861=CARTESIAN_POINT('',(-0.0842118412256241,-0.112038644398046,0.0129072749152613));
#1862=CARTESIAN_POINT('',(-0.0842118412256241,-0.112038644398046,0.0121778920894277));
#1863=CARTESIAN_POINT('',(-0.0829503325160625,-0.112492775351033,0.0134910049904501));
#1864=CARTESIAN_POINT('',(-0.0836470954661511,-0.11226946358822,0.0130752517870984));
#1865=CARTESIAN_POINT('',(-0.0842118412256241,-0.112038644398046,0.0125544451430038));
#1866=CARTESIAN_POINT('',(-0.0842118412256241,-0.112038644398046,0.0121778920894277));
#1867=CARTESIAN_POINT('',(-0.0829503335504478,-0.112454931104951,0.0134910064456705));
#1868=CARTESIAN_POINT('',(-0.0836470961789244,-0.112250228655705,0.0130752537926222));
#1869=CARTESIAN_POINT('',(-0.0842118412256241,-0.112038644398046,0.0125544472159505));
#1870=CARTESIAN_POINT('',(-0.0842118412256241,-0.112038644398046,0.0121778920894277));
#1871=CARTESIAN_POINT('',(-0.0829503585863418,-0.112417086858869,0.0134910415869263));
#1872=CARTESIAN_POINT('',(-0.0836471134306347,-0.112230993723191,0.0130753022228294));
#1873=CARTESIAN_POINT('',(-0.0842118412256241,-0.112038644398046,0.0125544972743131));
#1874=CARTESIAN_POINT('',(-0.0842118412256241,-0.112038644398046,0.0121778920894277));
#1875=CARTESIAN_POINT('',(-0.0829503857893071,-0.112341398366704,0.0134910797300978));
#1876=CARTESIAN_POINT('',(-0.0836471321756285,-0.112192523858162,0.013075354790151));
#1877=CARTESIAN_POINT('',(-0.0842118412256241,-0.112038644398046,0.0125545516088742));
#1878=CARTESIAN_POINT('',(-0.0842118412256241,-0.112038644398046,0.0121778920894277));
#1879=CARTESIAN_POINT('',(-0.0829503902397262,-0.112303554120622,0.0134910859674469));
#1880=CARTESIAN_POINT('',(-0.0836471352423192,-0.112173288925647,0.0130753633862044));
#1881=CARTESIAN_POINT('',(-0.0842118412256241,-0.112038644398046,0.0125545604939148));
#1882=CARTESIAN_POINT('',(-0.0842118412256241,-0.112038644398046,0.0121778920894277));
#1883=CARTESIAN_POINT('',(-0.0829503803815284,-0.112240480377152,0.0134910721490074));
#1884=CARTESIAN_POINT('',(-0.0836471284492415,-0.11214123070479,0.0130753443422097));
#1885=CARTESIAN_POINT('',(-0.0842118412256241,-0.112038644398046,0.0125545408096878));
#1886=CARTESIAN_POINT('',(-0.0842118412256241,-0.112038644398046,0.0121778920894277));
#1887=CARTESIAN_POINT('',(-0.0829503691616614,-0.112202636131069,0.0134910564164083));
#1888=CARTESIAN_POINT('',(-0.0836471207178661,-0.112121995772276,0.0130753226602005));
#1889=CARTESIAN_POINT('',(-0.0842118412256241,-0.112038644398046,0.0125545183987599));
#1890=CARTESIAN_POINT('',(-0.0842118412256241,-0.112038644398046,0.0121778920894277));
#1891=CARTESIAN_POINT('',(-0.0829503566867872,-0.112164791884987,0.0134910389154207));
#1892=CARTESIAN_POINT('',(-0.0836471121216915,-0.112102760839761,0.0130752985410722));
#1893=CARTESIAN_POINT('',(-0.0842118412256241,-0.112038644398046,0.0125544934687805));
#1894=CARTESIAN_POINT('',(-0.0842118412256241,-0.112038644398046,0.0121778920894277));
#1895=CARTESIAN_POINT('',(-0.0829503409852661,-0.112114332890211,0.0134910168823566));
#1896=CARTESIAN_POINT('',(-0.0836471013021021,-0.112077114263075,0.0130752681760259));
#1897=CARTESIAN_POINT('',(-0.0842118412256241,-0.112038644398046,0.0125544620829041));
#1898=CARTESIAN_POINT('',(-0.0842118412256241,-0.112038644398046,0.0121778920894277));
#1899=CARTESIAN_POINT('',(-0.0829503327021388,-0.112076488644129,0.0134910052519628));
#1900=CARTESIAN_POINT('',(-0.0836470955943724,-0.112057879330561,0.0130752521475042));
#1901=CARTESIAN_POINT('',(-0.0842118412256241,-0.112038644398046,0.0125544455155259));
#1902=CARTESIAN_POINT('',(-0.0842118412256241,-0.112038644398046,0.0121778920894277));
#1903=CARTESIAN_POINT('',(-0.0829503323299862,-0.112000800151964,0.0134910047289375));
#1904=CARTESIAN_POINT('',(-0.0836470953379299,-0.112019409465532,0.0130752514266926));
#1905=CARTESIAN_POINT('',(-0.0842118412256241,-0.112038644398046,0.0125544447704817));
#1906=CARTESIAN_POINT('',(-0.0842118412256241,-0.112038644398046,0.0121778920894277));
#1907=CARTESIAN_POINT('',(-0.0829503409852661,-0.111962955905882,0.0134910168823566));
#1908=CARTESIAN_POINT('',(-0.0836471013021021,-0.112000174533018,0.0130752681760259));
#1909=CARTESIAN_POINT('',(-0.0842118412256241,-0.112038644398046,0.0125544620829041));
#1910=CARTESIAN_POINT('',(-0.0842118412256241,-0.112038644398046,0.0121778920894277));
#1911=CARTESIAN_POINT('',(-0.0829503566867872,-0.111912496911106,0.0134910389154207));
#1912=CARTESIAN_POINT('',(-0.0836471121216915,-0.111974527956332,0.0130752985410722));
#1913=CARTESIAN_POINT('',(-0.0842118412256241,-0.112038644398046,0.0125544934687805));
#1914=CARTESIAN_POINT('',(-0.0842118412256241,-0.112038644398046,0.0121778920894277));
#1915=CARTESIAN_POINT('',(-0.0829503691616614,-0.111874652665023,0.0134910564164083));
#1916=CARTESIAN_POINT('',(-0.0836471207178661,-0.111955293023817,0.0130753226602005));
#1917=CARTESIAN_POINT('',(-0.0842118412256241,-0.112038644398046,0.0125545183987599));
#1918=CARTESIAN_POINT('',(-0.0842118412256241,-0.112038644398046,0.0121778920894277));
#1919=CARTESIAN_POINT('',(-0.0829503803815284,-0.111836808418941,0.0134910721490074));
#1920=CARTESIAN_POINT('',(-0.0836471284492415,-0.111936058091303,0.0130753443422097));
#1921=CARTESIAN_POINT('',(-0.0842118412256241,-0.112038644398046,0.0125545408096878));
#1922=CARTESIAN_POINT('',(-0.0842118412256241,-0.112038644398046,0.0121778920894277));
#1923=CARTESIAN_POINT('',(-0.0829503902397262,-0.111773734675471,0.0134910859674469));
#1924=CARTESIAN_POINT('',(-0.0836471352423192,-0.111903999870445,0.0130753633862044));
#1925=CARTESIAN_POINT('',(-0.0842118412256241,-0.112038644398046,0.0125545604939148));
#1926=CARTESIAN_POINT('',(-0.0842118412256241,-0.112038644398046,0.0121778920894277));
#1927=CARTESIAN_POINT('',(-0.0829503857893071,-0.111735890429389,0.0134910797300978));
#1928=CARTESIAN_POINT('',(-0.0836471321756285,-0.111884764937931,0.0130753547901511));
#1929=CARTESIAN_POINT('',(-0.0842118412256241,-0.112038644398046,0.0125545516088742));
#1930=CARTESIAN_POINT('',(-0.0842118412256241,-0.112038644398046,0.0121778920894277));
#1931=CARTESIAN_POINT('',(-0.0829503585863418,-0.111660201937224,0.0134910415869263));
#1932=CARTESIAN_POINT('',(-0.0836471134306347,-0.111846295072902,0.0130753022228294));
#1933=CARTESIAN_POINT('',(-0.0842118412256241,-0.112038644398046,0.0125544972743131));
#1934=CARTESIAN_POINT('',(-0.0842118412256241,-0.112038644398046,0.0121778920894277));
#1935=CARTESIAN_POINT('',(-0.0829503335504478,-0.111622357691142,0.0134910064456705));
#1936=CARTESIAN_POINT('',(-0.0836470961789244,-0.111827060140388,0.0130752537926222));
#1937=CARTESIAN_POINT('',(-0.0842118412256241,-0.112038644398046,0.0125544472159505));
#1938=CARTESIAN_POINT('',(-0.0842118412256241,-0.112038644398046,0.0121778920894277));
#1939=CARTESIAN_POINT('',(-0.0829503325160625,-0.11158451344506,0.0134910049904501));
#1940=CARTESIAN_POINT('',(-0.0836470954661511,-0.111807825207873,0.0130752517870984));
#1941=CARTESIAN_POINT('',(-0.0842118412256241,-0.112038644398046,0.0125544451430038));
#1942=CARTESIAN_POINT('',(-0.0842118412256241,-0.112038644398046,0.0121778920894277));
#1943=CARTESIAN_POINT('',(-0.0829503325160628,-0.112492775351033,0.0134910049904499));
#1944=CARTESIAN_POINT('',(-0.0829470003688023,-0.11219002521173,0.0134930098954798));
#1945=CARTESIAN_POINT('',(-0.0829470003688985,-0.111887263584364,0.0134930098954222));
#1946=CARTESIAN_POINT('',(-0.0829503325160628,-0.11158451344506,0.0134910049904499));
#1947=CARTESIAN_POINT('',(-0.038,-0.06,0.0161778920894277));
#1948=CARTESIAN_POINT('',(-0.135561523903113,-0.109038644398046,0.0161778920894277));
#1949=CARTESIAN_POINT('',(-0.0380153809757782,-0.109038644398046,0.0161778920894277));
#1950=CARTESIAN_POINT('',(-0.0380153809757782,-0.0645,0.0161778920894277));
#1951=CARTESIAN_POINT('',(-0.0829503202112062,-0.112627444685192,0.0134910049580925));
#1952=CARTESIAN_POINT('',(-0.0823350788950434,-0.112627464789713,0.0138581286025308));
#1953=CARTESIAN_POINT('',(-0.0818855110975588,-0.112627495338536,0.01441597306325));
#1954=CARTESIAN_POINT('',(-0.0829503558958162,-0.112236893382173,0.0134910050520269));
#1955=CARTESIAN_POINT('',(-0.0823351045647801,-0.112236913123535,0.0138581260050202));
#1956=CARTESIAN_POINT('',(-0.0818855283923614,-0.112236943554385,0.0144159729904025));
#1957=CARTESIAN_POINT('',(-0.0829503564737553,-0.111846718203463,0.0134910050534261));
#1958=CARTESIAN_POINT('',(-0.0823351049806976,-0.111846698462135,0.0138581259629008));
#1959=CARTESIAN_POINT('',(-0.0818855286727068,-0.111846668031333,0.0144159729891537));
#1960=CARTESIAN_POINT('',(-0.0829503207889101,-0.111456166793956,0.0134910049596125));
#1961=CARTESIAN_POINT('',(-0.0823350793106155,-0.111456146689433,0.013858128560479));
#1962=CARTESIAN_POINT('',(-0.081885511377548,-0.111456116140599,0.0144159730620702));
#1963=CARTESIAN_POINT('',(-0.0819555232233595,-0.112573558193852,0.0143314997634217));
#1964=CARTESIAN_POINT('',(-0.0818960915697462,-0.112390820265518,0.0144012503395475));
#1965=CARTESIAN_POINT('',(-0.0818709355551864,-0.11196405533446,0.0144335795137729));
#1966=CARTESIAN_POINT('',(-0.0820207970535554,-0.111609357186755,0.0142524303009107));
#1967=CARTESIAN_POINT('',(-0.0821271879464146,-0.111475725574886,0.0141426118766762));
#1968=CARTESIAN_POINT('',(-0.0055,-0.064498,0.0151778920894277));
#1969=CARTESIAN_POINT('',(-0.0055,-0.0645,0.0151778920894277));
#1970=CARTESIAN_POINT('',(0.008,-0.0645,0.0131778920894277));
#1971=CARTESIAN_POINT('',(-0.046,-0.0645,0.0141778920894277));
#1972=CARTESIAN_POINT('',(-0.046,-0.064498,0.0141778920894277));
#1973=CARTESIAN_POINT('',(-0.0055,-0.064498,0.0151778920894277));
#1974=CARTESIAN_POINT('',(-0.0379846262999912,-0.109038644398046,0.0161774190525043));
#1975=CARTESIAN_POINT('',(0.116188066490167,-0.112038644398046,0.0136778920894277));
#1976=CARTESIAN_POINT('',(-0.0607606379785005,-0.112904669801831,0.0131778920894277));
#1977=CARTESIAN_POINT('',(-0.0675069853185671,-0.112975757341949,0.0133010193206966));
#1978=CARTESIAN_POINT('',(-0.0742534658856559,-0.113016968104811,0.0134318141005994));
#1979=CARTESIAN_POINT('',(-0.081,-0.113032123998901,0.0135638820780845));
#1980=CARTESIAN_POINT('',(-0.0803248206261546,-0.112039639274537,0.013678157685346));
#1981=CARTESIAN_POINT('',(-0.081,-0.113011583142047,0.0139089534702044));
#1982=CARTESIAN_POINT('',(-0.0807203531420455,-0.113008987720254,0.0139198834977903));
#1983=CARTESIAN_POINT('',(-0.0804407062840909,-0.113006207910041,0.0139307697406332));
#1984=CARTESIAN_POINT('',(-0.0801610594261364,-0.113003245293069,0.0139416060046569));
#1985=CARTESIAN_POINT('',(-0.0801610594261364,-0.113003245317357,0.013941606011297));
#1986=CARTESIAN_POINT('',(-0.0801610594261364,-0.113003245305212,0.0139416060079756));
#1987=CARTESIAN_POINT('',(-0.080440842255535,-0.113001059930873,0.0139495993778737));
#1988=CARTESIAN_POINT('',(-0.080720483926367,-0.112997887153759,0.0139608583941943));
#1989=CARTESIAN_POINT('',(-0.0809999999795903,-0.112993509810288,0.0139749279280008));
#1990=CARTESIAN_POINT('',(0.116188066490167,-0.112904669801831,0.0141778920894277));
#1991=CARTESIAN_POINT('',(0.116188066490167,-0.112383497918952,0.0150805882700505));
#1992=CARTESIAN_POINT('',(-0.0679613347777786,-0.112383497918952,0.0150805882700505));
#1993=CARTESIAN_POINT('',(-0.0703934433245509,-0.112383497918952,0.0150805882700505));
#1994=CARTESIAN_POINT('',(-0.0703934433245509,-0.112383497918952,0.0150805882700505));
#1995=CARTESIAN_POINT('',(-0.0718083846793499,-0.112556393973046,0.0147811235199311));
#1996=CARTESIAN_POINT('',(-0.0732121637320129,-0.112752012084263,0.0144423030124224));
#1997=CARTESIAN_POINT('',(-0.074637047251195,-0.112904669801831,0.0141778920894277));
#1998=CARTESIAN_POINT('',(-0.2816864776411,-0.109558259640317,0.0199740445121349));
#1999=CARTESIAN_POINT('',(-0.0667141284963831,-0.112026468893167,0.015698980682486));
#2000=CARTESIAN_POINT('',(-0.0667141284963831,-0.112026468893167,0.015698980682486));
#2001=CARTESIAN_POINT('',(-0.0667553135304033,-0.112024594352892,0.0157022274814832));
#2002=CARTESIAN_POINT('',(-0.0667922838234432,-0.112037767179438,0.015679411476628));
#2003=CARTESIAN_POINT('',(-0.0668191224351958,-0.112053286562205,0.0156525311171726));
#2004=CARTESIAN_POINT('',(-0.0668191224351958,-0.112053286562205,0.0156525311171726));
#2005=CARTESIAN_POINT('',(-0.0668191224351958,-0.112053286562205,0.0156525311171726));
#2006=CARTESIAN_POINT('',(-0.0669677731558959,-0.112139243595112,0.015503649168909));
#2007=CARTESIAN_POINT('',(-0.0672939178404437,-0.112298060643036,0.015228569972797));
#2008=CARTESIAN_POINT('',(-0.0677320688623109,-0.112383497918952,0.0150805882700504));
#2009=CARTESIAN_POINT('',(-0.0679613347777786,-0.112383497918952,0.0150805882700505));
#2010=CARTESIAN_POINT('',(-0.0613128472034489,-0.112351435070036,0.0151361227534079));
#2011=CARTESIAN_POINT('',(-0.0687188018436546,-0.111984574887965,0.0155407019219663));
#2012=CARTESIAN_POINT('',(-0.0693408179565936,-0.112076309359043,0.0154395357070139));
#2013=CARTESIAN_POINT('',(-0.0699591206084099,-0.112178503399367,0.0153268345148798));
#2014=CARTESIAN_POINT('',(-0.0705772162711791,-0.112281280458121,0.0152134903608683));
#2015=CARTESIAN_POINT('',(-0.0687188018436546,-0.111984574887965,0.0155407019219663));
#2016=CARTESIAN_POINT('',(-0.0705772162711791,-0.112281280458121,0.0152134903608684));
#2017=CARTESIAN_POINT('',(-0.070577216271179,-0.112281280458121,0.0152134903608684));
#2018=CARTESIAN_POINT('',(-0.0705693554673972,-0.112302876017682,0.0151896744387303));
#2019=CARTESIAN_POINT('',(-0.0704842791541365,-0.112305101705093,0.0151872199157098));
#2020=CARTESIAN_POINT('',(-0.070426012801478,-0.112308359861653,0.0151836267695016));
#2021=CARTESIAN_POINT('',(-0.0703934433245509,-0.112308359861653,0.0151836267695016));
#2022=CARTESIAN_POINT('',(-0.0703934433245509,-0.112308359861653,0.0151836267695016));
#2023=CARTESIAN_POINT('',(-0.0613128472034489,-0.112308359861653,0.0151836267695016));
#2024=CARTESIAN_POINT('',(-0.0679613347777786,-0.112308359861653,0.0151836267695016));
#2025=CARTESIAN_POINT('',(-0.0679613347777786,-0.112308359861652,0.015183626769502));
#2026=CARTESIAN_POINT('',(-0.0679556273852678,-0.112165252674874,0.0153414476218897));
#2027=CARTESIAN_POINT('',(-0.0679499268591677,-0.112022145364682,0.0154992686103801));
#2028=CARTESIAN_POINT('',(-0.067944233185804,-0.111879037931322,0.0156570897347023));
#2029=CARTESIAN_POINT('',(-0.0679442331858041,-0.111879037931322,0.0156570897347019));
#2030=CARTESIAN_POINT('',(-0.067944233185804,-0.111879037931322,0.0156570897347019));
#2031=CARTESIAN_POINT('',(-0.0682033245783563,-0.111911230328414,0.0156215874537621));
#2032=CARTESIAN_POINT('',(-0.0684614502496195,-0.111946620867372,0.0155825582117616));
#2033=CARTESIAN_POINT('',(-0.0687188018436546,-0.111984574887965,0.0155407019219663));
#2034=CARTESIAN_POINT('',(-0.0679614594022214,-0.112311484668138,0.0151801806838501));
#2035=CARTESIAN_POINT('',(-0.0674612153538221,-0.112320487028715,0.0151702527392666));
#2036=CARTESIAN_POINT('',(-0.0669763891154414,-0.112420538885561,0.0152434433059935));
#2037=CARTESIAN_POINT('',(-0.0679544526777625,-0.112135801104674,0.015373927275901));
#2038=CARTESIAN_POINT('',(-0.0674545726018868,-0.11214479427839,0.0153640094627232));
#2039=CARTESIAN_POINT('',(-0.0669700768633052,-0.112244702995389,0.0154370948612474));
#2040=CARTESIAN_POINT('',(-0.067947456301721,-0.111960117355069,0.0155676740732318));
#2041=CARTESIAN_POINT('',(-0.0674479399496047,-0.111969095129452,0.0155577732426786));
#2042=CARTESIAN_POINT('',(-0.0669637746999537,-0.11206885857255,0.0156307560930448));
#2043=CARTESIAN_POINT('',(-0.0679404702488788,-0.111784433420147,0.0157614210749331));
#2044=CARTESIAN_POINT('',(-0.0674413173696872,-0.111793389623824,0.0157515440329044));
#2045=CARTESIAN_POINT('',(-0.0669574825939399,-0.111893005676388,0.0158244269403514));
#2046=CARTESIAN_POINT('',(-0.0669657490735289,-0.111962030304998,0.0157462432059459));
#2047=CARTESIAN_POINT('',(-0.0669655613888137,-0.111943996197328,0.0157659342234623));
#2048=CARTESIAN_POINT('',(-0.0669664188832906,-0.111925860848741,0.0157853457169386));
#2049=CARTESIAN_POINT('',(-0.0669683003647298,-0.111907629133955,0.0158044861102619));
#2050=CARTESIAN_POINT('',(-0.0669657490735289,-0.111962030304998,0.0157462432059459));
#2051=CARTESIAN_POINT('',(-0.0669683003647295,-0.111907629133955,0.015804486110262));
#2052=CARTESIAN_POINT('',(-0.0669683003647243,-0.111907629133955,0.0158044861102634));
#2053=CARTESIAN_POINT('',(-0.0672916466543508,-0.111823720167047,0.0157759725578356));
#2054=CARTESIAN_POINT('',(-0.0676197611430902,-0.11182726805877,0.0157141823629487));
#2055=CARTESIAN_POINT('',(-0.067944233185804,-0.111879037931322,0.0156570897347019));
#2056=CARTESIAN_POINT('',(-0.0679613347777786,-0.112308359861653,0.0151836267695016));
#2057=CARTESIAN_POINT('',(-0.0677523951093909,-0.112307796326875,0.015184248244502));
#2058=CARTESIAN_POINT('',(-0.0673636319413849,-0.112210225812932,0.015342598424953));
#2059=CARTESIAN_POINT('',(-0.0670904540629712,-0.112048268286458,0.0156059734779723));
#2060=CARTESIAN_POINT('',(-0.0669657490735143,-0.111962030304984,0.0157462432059668));
#2061=CARTESIAN_POINT('',(-0.0669683003647295,-0.111907629133955,0.0158044861102614));
#2062=CARTESIAN_POINT('',(-0.0668380173604845,-0.111922725343069,0.0158363354835079));
#2063=CARTESIAN_POINT('',(-0.0667036938689932,-0.111911728261004,0.0158435606562073));
#2064=CARTESIAN_POINT('',(-0.0669664140755082,-0.111925907403219,0.0157852968434344));
#2065=CARTESIAN_POINT('',(-0.0668359065711497,-0.111944156079565,0.0158139355971143));
#2066=CARTESIAN_POINT('',(-0.0667013543974676,-0.111936275982619,0.0158181348550887));
#2067=CARTESIAN_POINT('',(-0.0669655503783872,-0.111944151156813,0.0157657697255306));
#2068=CARTESIAN_POINT('',(-0.0668349474341256,-0.11196552865727,0.0157911233720683));
#2069=CARTESIAN_POINT('',(-0.0667002956890223,-0.111960709268638,0.0157921957763162));
#2070=CARTESIAN_POINT('',(-0.0669657525775445,-0.111962356042661,0.0157458874982298));
#2071=CARTESIAN_POINT('',(-0.0668351890139551,-0.111986836011396,0.0157678783829734));
#2072=CARTESIAN_POINT('',(-0.0667005720168129,-0.11198501838594,0.0157657168241883));
#2073=CARTESIAN_POINT('',(-0.0667250918492354,-0.111193457295283,0.0151481262982391));
#2074=CARTESIAN_POINT('',(-0.066965749073507,-0.111962030304996,0.015746243205956));
#2075=CARTESIAN_POINT('',(-0.0668839239276295,-0.111952254740771,0.0157873524258642));
#2076=CARTESIAN_POINT('',(-0.0667936216045265,-0.111943014614118,0.0158136463294473));
#2077=CARTESIAN_POINT('',(-0.0667014375070493,-0.111942419989635,0.015811437835834));
#2078=CARTESIAN_POINT('',(0.116188066490167,-0.111863882676681,0.0147805882700505));
#2079=CARTESIAN_POINT('',(-0.0703934433245509,-0.111863882676681,0.0147805882700505));
#2080=CARTESIAN_POINT('',(-0.0679613347777786,-0.111863882676681,0.0147805882700505));
#2081=CARTESIAN_POINT('',(-0.066965749073516,-0.111962030304985,0.0157462432059649));
#2082=CARTESIAN_POINT('',(-0.0668944555734391,-0.112020717018697,0.015708943221308));
#2083=CARTESIAN_POINT('',(-0.0668191224351958,-0.112053286562205,0.0156525311171725));
#2084=CARTESIAN_POINT('',(-0.067095609573819,-0.112051833524736,0.0156001744762658));
#2085=CARTESIAN_POINT('',(-0.0670328659905752,-0.112106500340689,0.0155603621492315));
#2086=CARTESIAN_POINT('',(-0.0669677731429361,-0.112139243601588,0.0155036491576925));
#2087=CARTESIAN_POINT('',(-0.0673803265176347,-0.112217878634744,0.0153301588273364));
#2088=CARTESIAN_POINT('',(-0.0673368145741852,-0.112265255224892,0.015285390623761));
#2089=CARTESIAN_POINT('',(-0.067293917843929,-0.112298060650135,0.0152285699605012));
#2090=CARTESIAN_POINT('',(-0.0677619516703195,-0.112307822074884,0.0151842198491933));
#2091=CARTESIAN_POINT('',(-0.0677471656643839,-0.112351232609273,0.0151364734257312));
#2092=CARTESIAN_POINT('',(-0.067732068868295,-0.112383497898277,0.0150805883058613));
#2093=CARTESIAN_POINT('',(-0.0679613347777786,-0.112308359861653,0.0151836267695016));
#2094=CARTESIAN_POINT('',(-0.0679613347777786,-0.112351435070036,0.0151361227534077));
#2095=CARTESIAN_POINT('',(-0.0679613347777786,-0.112383497918952,0.0150805882700506));
#2096=CARTESIAN_POINT('',(-0.066819122435193,-0.111533671319934,0.015352531117174));
#2097=CARTESIAN_POINT('',(-0.0668191224351957,-0.112053286562205,0.0156525311171725));
#2098=CARTESIAN_POINT('',(-0.0668944555734261,-0.112020717018702,0.0157089432212991));
#2099=CARTESIAN_POINT('',(-0.0669657490734921,-0.111962030305003,0.0157462432059537));
#2100=CARTESIAN_POINT('',(-0.0667922842388029,-0.112037766949484,0.0156794118749183));
#2101=CARTESIAN_POINT('',(-0.0668465479166788,-0.11200499674999,0.0157361715254305));
#2102=CARTESIAN_POINT('',(-0.0668987493101912,-0.111954025366883,0.0157799047002434));
#2103=CARTESIAN_POINT('',(-0.0667553135048,-0.112024594493236,0.0157022272384004));
#2104=CARTESIAN_POINT('',(-0.0667799393305141,-0.111989802853309,0.015762488126428));
#2105=CARTESIAN_POINT('',(-0.0668039745781178,-0.111943082014124,0.0158138937061817));
#2106=CARTESIAN_POINT('',(-0.0667141284963831,-0.112026468893167,0.0156989806824861));
#2107=CARTESIAN_POINT('',(-0.0667076942090392,-0.111991127382146,0.0157601939751909));
#2108=CARTESIAN_POINT('',(-0.0667014375070495,-0.111942419989635,0.0158114378358341));
#2109=CARTESIAN_POINT('',(-0.0667141284963831,-0.111506853650897,0.015398980682486));
#2110=CARTESIAN_POINT('',(-0.066714128496383,-0.112026468893167,0.0156989806824861));
#2111=CARTESIAN_POINT('',(-0.066707694209039,-0.111991127382146,0.0157601939751909));
#2112=CARTESIAN_POINT('',(-0.0667014375070492,-0.111942419989635,0.015811437835834));
#2113=CARTESIAN_POINT('',(-0.0617426169730387,-0.112252747656819,0.0153070543671675));
#2114=CARTESIAN_POINT('',(-0.0617651403228611,-0.112230751429865,0.0153451529497693));
#2115=CARTESIAN_POINT('',(-0.0617312222591177,-0.112208630299831,0.0153773825712052));
#2116=CARTESIAN_POINT('',(-0.0578819963366969,-0.112635449177779,0.0146441958887306));
#2117=CARTESIAN_POINT('',(-0.0578618994584911,-0.112644696140188,0.0146281796800548));
#2118=CARTESIAN_POINT('',(-0.0578735530555332,-0.112658867383285,0.0146186025264658));
#2119=CARTESIAN_POINT('',(-0.0665066475375238,-0.112846485021466,0.0142786710852464));
#2120=CARTESIAN_POINT('',(-0.066564841399639,-0.112884553599109,0.0142127343745906));
#2121=CARTESIAN_POINT('',(-0.0665016267103504,-0.112907144846463,0.0141418479669392));
#2122=CARTESIAN_POINT('',(-0.0737606379784984,-0.112904669801831,0.0141778920894277));
#2123=CARTESIAN_POINT('',(-0.0737589565056115,-0.112957077786246,0.014087118797698));
#2124=CARTESIAN_POINT('',(-0.073757374647839,-0.112975597529239,0.0139839503358578));
#2125=CARTESIAN_POINT('',(-0.0737606379784984,-0.11238505455956,0.0138778920894277));
#2126=CARTESIAN_POINT('',(-0.0737606379783951,-0.112904669801831,0.0141778920894277));
#2127=CARTESIAN_POINT('',(-0.0737589565055082,-0.112957077786246,0.0140871187976983));
#2128=CARTESIAN_POINT('',(-0.0737573746477357,-0.112975597529239,0.0139839503358584));
#2129=CARTESIAN_POINT('',(-0.0761737595642739,-0.112953162715005,0.0140938999000033));
#2130=CARTESIAN_POINT('',(-0.076158781378163,-0.112986548118293,0.0140158293436348));
#2131=CARTESIAN_POINT('',(-0.0761710808845584,-0.112998369084028,0.0139314239156019));
#2132=CARTESIAN_POINT('',(-0.0785868789463825,-0.112989207424293,0.0140031795358344));
#2133=CARTESIAN_POINT('',(-0.0785798945128564,-0.113008619793768,0.0139408026066133));
#2134=CARTESIAN_POINT('',(-0.0785848002273713,-0.113015376210389,0.0138755778954603));
#2135=CARTESIAN_POINT('',(-0.0809999999999791,-0.113011583202763,0.0139089534846233));
#2136=CARTESIAN_POINT('',(-0.0809992599239892,-0.113022234041493,0.013864102018254));
#2137=CARTESIAN_POINT('',(-0.0809985285363467,-0.113025906542987,0.0138181496524991));
#2138=CARTESIAN_POINT('',(-0.0752073926401055,-0.112932213778109,0.0141268155550156));
#2139=CARTESIAN_POINT('',(-0.0768550800057625,-0.113004261466832,0.0139834048189938));
#2140=CARTESIAN_POINT('',(-0.0785084303800933,-0.113016153964115,0.0138943905340825));
#2141=CARTESIAN_POINT('',(-0.0801610594261365,-0.113003245317361,0.0139416060112814));
#2142=CARTESIAN_POINT('',(-0.081,-0.112427817221246,0.0137703270844565));
#2143=CARTESIAN_POINT('',(-0.081,-0.113011583202763,0.0139089534846228));
#2144=CARTESIAN_POINT('',(-0.0809992599240103,-0.113022234041493,0.0138641020182534));
#2145=CARTESIAN_POINT('',(-0.080998528536368,-0.113025906542987,0.0138181496524985));
#2146=CARTESIAN_POINT('',(-0.0810585692880431,-0.113011907876231,0.0139075862607358));
#2147=CARTESIAN_POINT('',(-0.0810461028439289,-0.113022459815332,0.0138629963974792));
#2148=CARTESIAN_POINT('',(-0.0810335067200915,-0.113026059221649,0.0138173164401913));
#2149=CARTESIAN_POINT('',(-0.0811352447174241,-0.113017399796542,0.0138778389965215));
#2150=CARTESIAN_POINT('',(-0.0811107462195499,-0.11302519776452,0.0138395085685941));
#2151=CARTESIAN_POINT('',(-0.0810861132434241,-0.11302777689361,0.0138004211206566));
#2152=CARTESIAN_POINT('',(-0.0811788875446346,-0.113033097274689,0.0137082487863061));
#2153=CARTESIAN_POINT('',(-0.0811525750585206,-0.113033518107558,0.013713105122782));
#2154=CARTESIAN_POINT('',(-0.0811262394215713,-0.113033030212548,0.0137179185917845));
#2155=CARTESIAN_POINT('',(-0.0810917507412846,-0.113033768899499,0.0135650199332184));
#2156=CARTESIAN_POINT('',(-0.0810788193200468,-0.113037643714401,0.0136100136325161));
#2157=CARTESIAN_POINT('',(-0.0810658564323987,-0.113035760680259,0.0136552259982399));
#2158=CARTESIAN_POINT('',(-0.0809710306894862,-0.113031585744686,0.0135635673379311));
#2159=CARTESIAN_POINT('',(-0.0809748157282295,-0.113037294409453,0.0136096248359567));
#2160=CARTESIAN_POINT('',(-0.0809786593710499,-0.113035516409852,0.0136559627364193));
#2161=CARTESIAN_POINT('',(-0.0808465228343271,-0.113032053608707,0.0135607688511627));
#2162=CARTESIAN_POINT('',(-0.0808437551071273,-0.113037356557892,0.0136077554337535));
#2163=CARTESIAN_POINT('',(-0.0808409573937107,-0.113035429011364,0.0136550219237109));
#2164=CARTESIAN_POINT('',(-0.0806673330899678,-0.113031266835355,0.0135574334508648));
#2165=CARTESIAN_POINT('',(-0.0806677380206149,-0.11303721869959,0.0136058455899292));
#2166=CARTESIAN_POINT('',(-0.0806682076836751,-0.11303520984513,0.0136545736467503));
#2167=CARTESIAN_POINT('',(-0.0804624026803648,-0.113030889305696,0.013553361066556));
#2168=CARTESIAN_POINT('',(-0.0804617756575502,-0.113037141705739,0.0136033700539012));
#2169=CARTESIAN_POINT('',(-0.0804611747660777,-0.113034984019148,0.0136537244943769));
#2170=CARTESIAN_POINT('',(-0.0802547710319772,-0.113030338804637,0.0135493072486625));
#2171=CARTESIAN_POINT('',(-0.0802543992902685,-0.113037037071234,0.013600942495184));
#2172=CARTESIAN_POINT('',(-0.0802540704908373,-0.1130347383,0.0136529593772341));
#2173=CARTESIAN_POINT('',(-0.0799788724153191,-0.113029636711039,0.0135438951076157));
#2174=CARTESIAN_POINT('',(-0.079978372943109,-0.113036901953028,0.0135976870706995));
#2175=CARTESIAN_POINT('',(-0.0799779563816297,-0.113034404407223,0.0136519109595024));
#2176=CARTESIAN_POINT('',(-0.0796336754173645,-0.113028699149926,0.0135371401544887));
#2177=CARTESIAN_POINT('',(-0.0796331635224415,-0.113036722115657,0.0135936254153742));
#2178=CARTESIAN_POINT('',(-0.0796328051957215,-0.113033965948522,0.0136506120712144));
#2179=CARTESIAN_POINT('',(-0.0792195776083307,-0.113027515890109,0.0135290437012224));
#2180=CARTESIAN_POINT('',(-0.0792190216810991,-0.113036494854451,0.0135887507597075));
#2181=CARTESIAN_POINT('',(-0.0792186274395518,-0.11303340895114,0.0136490515778145));
#2182=CARTESIAN_POINT('',(-0.0786673988147199,-0.113025847070537,0.0135182618466758));
#2183=CARTESIAN_POINT('',(-0.0786667014881952,-0.1130361744034,0.01358225186408));
#2184=CARTESIAN_POINT('',(-0.0786663891613139,-0.113032624078336,0.0136469756066062));
#2185=CARTESIAN_POINT('',(-0.0779771919816298,-0.113023596042278,0.0135048066585938));
#2186=CARTESIAN_POINT('',(-0.0779762786684667,-0.113035742307511,0.0135741275547655));
#2187=CARTESIAN_POINT('',(-0.0779760917736887,-0.113031564240649,0.0136443860813415));
#2188=CARTESIAN_POINT('',(-0.0771489367134587,-0.113020627502858,0.013488690598691));
#2189=CARTESIAN_POINT('',(-0.0771479358818361,-0.11303517360413,0.0135643754775556));
#2190=CARTESIAN_POINT('',(-0.077147734726746,-0.113030165978529,0.0136412888940689));
#2191=CARTESIAN_POINT('',(-0.076320683478381,-0.113017390460917,0.0134726005272401));
#2192=CARTESIAN_POINT('',(-0.0763195932316757,-0.11303455516135,0.0135546141993482));
#2193=CARTESIAN_POINT('',(-0.0763193778046373,-0.113028640928282,0.0136382026695775));
#2194=CARTESIAN_POINT('',(-0.0754924299037584,-0.1130138822194,0.0134565317469241));
#2195=CARTESIAN_POINT('',(-0.0754912498009991,-0.113033887579208,0.0135448393423787));
#2196=CARTESIAN_POINT('',(-0.0754910209829182,-0.113026988646761,0.0136351288203429));
#2197=CARTESIAN_POINT('',(-0.0743880921800193,-0.113008840905089,0.0134351357097384));
#2198=CARTESIAN_POINT('',(-0.0743861510520083,-0.113032932025918,0.0135317781724161));
#2199=CARTESIAN_POINT('',(-0.0743865453379957,-0.113024615318526,0.0136310487453919));
#2200=CARTESIAN_POINT('',(-0.0730076703121981,-0.113001838747334,0.0134084030051268));
#2201=CARTESIAN_POINT('',(-0.0730045070738096,-0.11303161914496,0.0135153828711902));
#2202=CARTESIAN_POINT('',(-0.0730059509455041,-0.113021327932112,0.013625988294633));
#2203=CARTESIAN_POINT('',(-0.0713511645963539,-0.112992356257925,0.0133765595658986));
#2204=CARTESIAN_POINT('',(-0.0713475984559353,-0.113029850526979,0.0134957124902978));
#2205=CARTESIAN_POINT('',(-0.0713492378371113,-0.113016865206488,0.0136199889242832));
#2206=CARTESIAN_POINT('',(-0.0696946593588269,-0.112981776112513,0.0133449143615301));
#2207=CARTESIAN_POINT('',(-0.0696906723520399,-0.113027893668903,0.0134759925906377));
#2208=CARTESIAN_POINT('',(-0.0696925248602806,-0.113011879976225,0.0136140662725453));
#2209=CARTESIAN_POINT('',(-0.068590322820946,-0.112973970487198,0.0133239277720381));
#2210=CARTESIAN_POINT('',(-0.0685880578998363,-0.113026471827749,0.0134628112554354));
#2211=CARTESIAN_POINT('',(-0.0685880495599753,-0.113008204226113,0.0136101759602498));
#2212=CARTESIAN_POINT('',(-0.0680381546108401,-0.112969873330867,0.0133134579032758));
#2213=CARTESIAN_POINT('',(-0.0680369067953549,-0.11302573302425,0.0134562017020357));
#2214=CARTESIAN_POINT('',(-0.0680358118920807,-0.113006277119925,0.0136082474959482));
#2215=CARTESIAN_POINT('',(-0.0810000000000001,-0.11303212664317,0.0135639051240995));
#2216=CARTESIAN_POINT('',(-0.0766801566035771,-0.113025922740419,0.0135098376035437));
#2217=CARTESIAN_POINT('',(-0.0723597161926767,-0.113034054042561,0.013524132560367));
#2218=CARTESIAN_POINT('',(-0.0680388658159125,-0.113006287838369,0.0136082576737637));
#2219=CARTESIAN_POINT('',(-0.0810000001828043,-0.113032123999311,0.0135638820816631));
#2220=CARTESIAN_POINT('',(-0.0809998792691268,-0.113033873042615,0.0135791231896859));
#2221=CARTESIAN_POINT('',(-0.0809996374418417,-0.113036201402228,0.013609739632652));
#2222=CARTESIAN_POINT('',(-0.0809993970368014,-0.113036176617576,0.0136404444842224));
#2223=CARTESIAN_POINT('',(-0.0809992775432784,-0.113035575975112,0.0136557738709122));
#2224=CARTESIAN_POINT('',(-0.0692624109191659,-0.113005755844772,0.0133341108170936));
#2225=CARTESIAN_POINT('',(-0.0692620436922343,-0.113014569343189,0.0133797905191417));
#2226=CARTESIAN_POINT('',(-0.0692613092391507,-0.113026321021707,0.0134720981613989));
#2227=CARTESIAN_POINT('',(-0.0692605848590741,-0.113026197597455,0.0135650311690299));
#2228=CARTESIAN_POINT('',(-0.0692602276818921,-0.1130231674318,0.0136113347918916));
#2229=CARTESIAN_POINT('',(-0.0516559512254731,-0.112854523870891,0.0129905768291698));
#2230=CARTESIAN_POINT('',(-0.0516524932225103,-0.11290536306477,0.0130815269593749));
#2231=CARTESIAN_POINT('',(-0.0516460702405403,-0.112966779964633,0.0132702681266799));
#2232=CARTESIAN_POINT('',(-0.0516495649731758,-0.112967537659119,0.013454053172298));
#2233=CARTESIAN_POINT('',(-0.0516515746423353,-0.11295199944408,0.0135452049372972));
#2234=CARTESIAN_POINT('',(-0.0311157931664592,-0.112386960954579,0.012710064254691));
#2235=CARTESIAN_POINT('',(-0.031117649006398,-0.112543454435661,0.0127718845713048));
#2236=CARTESIAN_POINT('',(-0.0311207091297894,-0.112795964575517,0.0130190270642108));
#2237=CARTESIAN_POINT('',(-0.0311123591270025,-0.112795017458732,0.0133717960567243));
#2238=CARTESIAN_POINT('',(-0.0311085968103935,-0.112731969836425,0.0135246425276711));
#2239=CARTESIAN_POINT('',(-0.0208461985334572,-0.112017933131345,0.0126609224944608));
#2240=CARTESIAN_POINT('',(-0.0208377960288454,-0.112228317703485,0.0126635238875675));
#2241=CARTESIAN_POINT('',(-0.0208219876586242,-0.112638017091877,0.0129076157809967));
#2242=CARTESIAN_POINT('',(-0.0208308200836087,-0.11265466420305,0.0133759268882541));
#2243=CARTESIAN_POINT('',(-0.0208373946631552,-0.112558309684292,0.0135572300362443));
#2244=CARTESIAN_POINT('',(-0.0157120023626453,-0.111751028083285,0.0127137846005896));
#2245=CARTESIAN_POINT('',(-0.0157136569352931,-0.111987778168356,0.012641879511042));
#2246=CARTESIAN_POINT('',(-0.0157159273077174,-0.112538546930692,0.01281998364795));
#2247=CARTESIAN_POINT('',(-0.0157053889257298,-0.112563654035424,0.0134005419621319));
#2248=CARTESIAN_POINT('',(-0.0157022268143968,-0.112432707308765,0.0136099544119829));
#2249=CARTESIAN_POINT('',(-0.0131449054472298,-0.111575463057557,0.0127842601269731));
#2250=CARTESIAN_POINT('',(-0.0131256367826052,-0.111807769993641,0.0126685844213171));
#2251=CARTESIAN_POINT('',(-0.0130896446735938,-0.11243587886258,0.0128080033291945));
#2252=CARTESIAN_POINT('',(-0.0131164577956494,-0.112493521911662,0.0134435749381431));
#2253=CARTESIAN_POINT('',(-0.0131345484884812,-0.112350088473084,0.0136570404637603));
#2254=CARTESIAN_POINT('',(-0.0118629326474274,-0.111442692180109,0.0128737806050707));
#2255=CARTESIAN_POINT('',(-0.0118623289849387,-0.11167668343873,0.0126978010557219));
#2256=CARTESIAN_POINT('',(-0.0118601008135062,-0.112398205336999,0.0127452765431413));
#2257=CARTESIAN_POINT('',(-0.0118523641670372,-0.112458661509176,0.0134683693020344));
#2258=CARTESIAN_POINT('',(-0.0118521674588343,-0.11228760806023,0.0137061161249842));
#2259=CARTESIAN_POINT('',(-0.0112905359073981,-0.111368118281241,0.0129321843836168));
#2260=CARTESIAN_POINT('',(-0.0112483907564986,-0.111579420555898,0.0127450607168583));
#2261=CARTESIAN_POINT('',(-0.0111704391411371,-0.11231731820014,0.0127801760136203));
#2262=CARTESIAN_POINT('',(-0.0112379545851329,-0.112419129535503,0.0135099890083846));
#2263=CARTESIAN_POINT('',(-0.0112795484475088,-0.112252514460684,0.0137367014534797));
#2264=CARTESIAN_POINT('',(-0.0110639972530674,-0.111305034448138,0.0129981351950354));
#2265=CARTESIAN_POINT('',(-0.0110199511031928,-0.111512111813126,0.0127743224950526));
#2266=CARTESIAN_POINT('',(-0.0109383993648749,-0.112302383867398,0.0127403118384554));
#2267=CARTESIAN_POINT('',(-0.0110090648788115,-0.112406702961047,0.0135257136004751));
#2268=CARTESIAN_POINT('',(-0.0110528288744453,-0.112222827951047,0.0137689616369014));
#2269=CARTESIAN_POINT('',(-0.0110131040740708,-0.111286665287759,0.0130183251513612));
#2270=CARTESIAN_POINT('',(-0.0109050728758628,-0.111473319266125,0.0128057841415777));
#2271=CARTESIAN_POINT('',(-0.0107070420560309,-0.112244951515936,0.012791295648081));
#2272=CARTESIAN_POINT('',(-0.0108940494372618,-0.112384509428375,0.0135528930667146));
#2273=CARTESIAN_POINT('',(-0.0110018833906163,-0.11221418364022,0.0137787375264419));
#2274=CARTESIAN_POINT('',(-0.010984207213268,-0.111266066281206,0.0130428581270408));
#2275=CARTESIAN_POINT('',(-0.0108600453600186,-0.111449187249893,0.0128199649658051));
#2276=CARTESIAN_POINT('',(-0.0106326119173105,-0.112235354197351,0.0127835922929552));
#2277=CARTESIAN_POINT('',(-0.0108488708572117,-0.112378929939696,0.0135606582595141));
#2278=CARTESIAN_POINT('',(-0.0109729284726097,-0.112204489990123,0.0137904375758683));
#2279=CARTESIAN_POINT('',(-0.0109772356147052,-0.111254685465421,0.013057024112852));
#2280=CARTESIAN_POINT('',(-0.0106786629817253,-0.111363242871385,0.0129179985431689));
#2281=CARTESIAN_POINT('',(-0.0101338255176761,-0.112024931779608,0.0130315494685393));
#2282=CARTESIAN_POINT('',(-0.0106674096851315,-0.112302902549447,0.013654364752903));
#2283=CARTESIAN_POINT('',(-0.0109659249717342,-0.112199134312105,0.0137971407953553));
#2284=CARTESIAN_POINT('',(-0.0109769693775072,-0.1112478867928,0.013065754167579));
#2285=CARTESIAN_POINT('',(-0.0106603598572712,-0.111225226955444,0.0130946837669375));
#2286=CARTESIAN_POINT('',(-0.0100826966658496,-0.11165184059779,0.0135097100143191));
#2287=CARTESIAN_POINT('',(-0.0106490851962449,-0.112168675392186,0.013826610774189));
#2288=CARTESIAN_POINT('',(-0.0109656397468269,-0.112195934936754,0.013801249917798));
#2289=CARTESIAN_POINT('',(-0.0109777664292523,-0.111243551362267,0.0130713878305216));
#2290=CARTESIAN_POINT('',(-0.0106987522462531,-0.11114836093196,0.0131957018448532));
#2291=CARTESIAN_POINT('',(-0.0101895033635276,-0.111444378194102,0.013780869177875));
#2292=CARTESIAN_POINT('',(-0.0106874721983732,-0.112093536939235,0.0139242258591009));
#2293=CARTESIAN_POINT('',(-0.0109664247071751,-0.11219389473415,0.0138038963533745));
#2294=CARTESIAN_POINT('',(-0.0109808807001687,-0.111237327624914,0.013079611323765));
#2295=CARTESIAN_POINT('',(-0.0107821600883114,-0.111089207387441,0.013277534187865));
#2296=CARTESIAN_POINT('',(-0.0104190301954583,-0.111289490439792,0.0139906084553387));
#2297=CARTESIAN_POINT('',(-0.0107708841405922,-0.11203587106408,0.0140003393153758));
#2298=CARTESIAN_POINT('',(-0.0109695216538222,-0.112190965916574,0.0138077487894263));
#2299=CARTESIAN_POINT('',(-0.0109868724478806,-0.111231303742891,0.0130877773182839));
#2300=CARTESIAN_POINT('',(-0.0108340476240214,-0.111072039131082,0.0133056486368708));
#2301=CARTESIAN_POINT('',(-0.0105544455425946,-0.111251676343581,0.0140484645560998));
#2302=CARTESIAN_POINT('',(-0.0108227832274843,-0.112019500739241,0.0140223392236018));
#2303=CARTESIAN_POINT('',(-0.010975496682324,-0.112188131148551,0.0138115585615533));
#2304=CARTESIAN_POINT('',(-0.0109972312384628,-0.111223868390591,0.0130980635093034));
#2305=CARTESIAN_POINT('',(-0.0108845004955201,-0.111055963716606,0.0133338288108311));
#2306=CARTESIAN_POINT('',(-0.0106778720444885,-0.111219139000993,0.0141009045036797));
#2307=CARTESIAN_POINT('',(-0.0108732524731983,-0.112004224945514,0.0140427501274105));
#2308=CARTESIAN_POINT('',(-0.0109858348820237,-0.11218463215925,0.0138163422416533));
#2309=CARTESIAN_POINT('',(-0.0110268433532289,-0.111208968564494,0.0131192961023183));
#2310=CARTESIAN_POINT('',(-0.0109589994431174,-0.111042109636908,0.0133671163901944));
#2311=CARTESIAN_POINT('',(-0.0108340820149379,-0.111204946043386,0.0141389504835946));
#2312=CARTESIAN_POINT('',(-0.0109477897314944,-0.111991488890926,0.0140598581724822));
#2313=CARTESIAN_POINT('',(-0.0110154058670674,-0.112177620476365,0.0138261719948263));
#2314=CARTESIAN_POINT('',(-0.0111447987337294,-0.11117616369912,0.0131697688708004));
#2315=CARTESIAN_POINT('',(-0.0111078946910453,-0.111024397078183,0.0134274428071079));
#2316=CARTESIAN_POINT('',(-0.0110393483612438,-0.111207619226812,0.0141779891043183));
#2317=CARTESIAN_POINT('',(-0.0110967820692204,-0.111975030411229,0.0140822091617037));
#2318=CARTESIAN_POINT('',(-0.0111332714156326,-0.112162182892685,0.0138492806401315));
#2319=CARTESIAN_POINT('',(-0.0112582331627741,-0.111162335579464,0.0131956267669507));
#2320=CARTESIAN_POINT('',(-0.0112258945734562,-0.11102015220425,0.0134540792732256));
#2321=CARTESIAN_POINT('',(-0.0111656875111794,-0.111216064237373,0.0141883355692616));
#2322=CARTESIAN_POINT('',(-0.0112148320585055,-0.111970391559441,0.014090340113584));
#2323=CARTESIAN_POINT('',(-0.0112466686697278,-0.112155675542243,0.0138608319844416));
#2324=CARTESIAN_POINT('',(-0.0113490996527881,-0.111152024980074,0.0132153923514014));
#2325=CARTESIAN_POINT('',(-0.0113203615561269,-0.111016586886672,0.0134750293493726));
#2326=CARTESIAN_POINT('',(-0.0112667300762751,-0.111221104221832,0.0141981021817391));
#2327=CARTESIAN_POINT('',(-0.0113093372463683,-0.111966454014804,0.0140972244731411));
#2328=CARTESIAN_POINT('',(-0.0113375074375255,-0.112150823495471,0.0138696391902506));
#2329=CARTESIAN_POINT('',(-0.0589912250381265,-0.112904136776952,0.0131778920894277));
#2330=CARTESIAN_POINT('',(-0.0595810286145512,-0.112904491480525,0.0131778920894277));
#2331=CARTESIAN_POINT('',(-0.0601708329253182,-0.112904669801831,0.0131778920894277));
#2332=CARTESIAN_POINT('',(-0.0607606379785005,-0.112904669801831,0.0131778920894277));
#2333=CARTESIAN_POINT('',(-0.0109944839795925,-0.112295965723067,0.0131778920894277));
#2334=CARTESIAN_POINT('',(-0.0111834623295428,-0.112328072137131,0.0131778920894277));
#2335=CARTESIAN_POINT('',(-0.0113739976434888,-0.112340392249102,0.0131778920894277));
#2336=CARTESIAN_POINT('',(-0.0115644501132147,-0.112353765166899,0.0131778920894277));
#2337=CARTESIAN_POINT('',(-0.0380153809757782,-0.064498,0.0151778920894277));
#2338=CARTESIAN_POINT('',(-0.0380153809757782,-0.109038644398046,0.0151778920894277));
#2339=CARTESIAN_POINT('',(-0.0657529650789381,-0.111833419048982,0.015892974639829));
#2340=CARTESIAN_POINT('',(-0.0657621387670639,-0.1115421073298,0.0161778920894277));
#2341=CARTESIAN_POINT('',(-0.0657749676189504,-0.111134725386248,0.0161778920894277));
#2342=CARTESIAN_POINT('',(-0.0569631018110152,-0.111464466965589,0.0159830134251797));
#2343=CARTESIAN_POINT('',(-0.0571988819649375,-0.111199226249117,0.0161778920893938));
#2344=CARTESIAN_POINT('',(-0.0569878747753123,-0.110858011323722,0.0161778920894277));
#2345=CARTESIAN_POINT('',(-0.042912062261704,-0.1105855790646,0.0161269449625919));
#2346=CARTESIAN_POINT('',(-0.0430844105276007,-0.110408939142311,0.0161778920893465));
#2347=CARTESIAN_POINT('',(-0.0429412638885098,-0.110198845397953,0.0161778920894277));
#2348=CARTESIAN_POINT('',(-0.0379846263001024,-0.109554357680162,0.0161774190525078));
#2349=CARTESIAN_POINT('',(-0.0380000000002902,-0.109489908779406,0.0161778920896202));
#2350=CARTESIAN_POINT('',(-0.0380153809758909,-0.109425429359631,0.0161778920894277));
#2351=CARTESIAN_POINT('',(-0.0379846262999912,-0.109038644398046,0.0161774190525044));
#2352=CARTESIAN_POINT('',(-0.038,-0.109038644398046,0.0161778920894276));
#2353=CARTESIAN_POINT('',(-0.0380153809757782,-0.109038644398046,0.0161778920894277));
#2354=CARTESIAN_POINT('',(-0.0657749676189502,-0.111134725386248,0.0151778920894277));
#2355=CARTESIAN_POINT('',(-0.0657749676189502,-0.111134725386248,0.0161778920894277));
#2356=CARTESIAN_POINT('',(-0.0657621387670636,-0.1115421073298,0.0161778920894277));
#2357=CARTESIAN_POINT('',(-0.0657529650789378,-0.111833419048982,0.015892974639829));
#2358=CARTESIAN_POINT('',(-0.0661180374219419,-0.11110111766454,0.0161778920894277));
#2359=CARTESIAN_POINT('',(-0.0660977501253225,-0.111536715646837,0.0161961671145357));
#2360=CARTESIAN_POINT('',(-0.0660706760351302,-0.111846754884916,0.0158897201679825));
#2361=CARTESIAN_POINT('',(-0.0664572890904584,-0.11108201607441,0.0161630029635948));
#2362=CARTESIAN_POINT('',(-0.0664292493080194,-0.111547229568309,0.0162023230308543));
#2363=CARTESIAN_POINT('',(-0.0663874522397769,-0.11187516811026,0.0158715908540619));
#2364=CARTESIAN_POINT('',(-0.0667940021662178,-0.111070995936901,0.0161382043678633));
#2365=CARTESIAN_POINT('',(-0.0667548037851604,-0.11156604803891,0.016202164905605));
#2366=CARTESIAN_POINT('',(-0.0667036938689929,-0.111911728261009,0.0158435606562032));
#2367=CARTESIAN_POINT('',(-0.0667250918492381,-0.111193457295268,0.0151481262982543));
#2368=CARTESIAN_POINT('',(-0.0667250918492371,-0.111193457295269,0.0151481262982531));
#2369=CARTESIAN_POINT('',(-0.0667250918492354,-0.111193457295283,0.0151481262982391));
#2370=CARTESIAN_POINT('',(-0.0667940021662122,-0.111070995936903,0.016138204367864));
#2371=CARTESIAN_POINT('',(-0.0669227419227017,-0.111568159516798,0.0161907374271178));
#2372=CARTESIAN_POINT('',(-0.0669683003647252,-0.111907629133959,0.0158044861102593));
#2373=CARTESIAN_POINT('',(-0.0672415999740609,-0.110888293839055,0.0160844529966029));
#2374=CARTESIAN_POINT('',(-0.0673157075655564,-0.111436543094959,0.0161841176272943));
#2375=CARTESIAN_POINT('',(-0.0672896427870918,-0.111824240200947,0.0157761492353422));
#2376=CARTESIAN_POINT('',(-0.0676821640997097,-0.110821845948367,0.0159956736477504));
#2377=CARTESIAN_POINT('',(-0.0677013293537676,-0.111413465360666,0.0161544056939402));
#2378=CARTESIAN_POINT('',(-0.0676175898510956,-0.111826921617377,0.0157145644239555));
#2379=CARTESIAN_POINT('',(-0.0681110452604325,-0.11082774236708,0.0159211811732354));
#2380=CARTESIAN_POINT('',(-0.0680635036365289,-0.111445903114343,0.016134757611161));
#2381=CARTESIAN_POINT('',(-0.067944233185804,-0.111879037931322,0.0156570897347019));
#2382=CARTESIAN_POINT('',(-0.067944233185804,-0.111138242623036,0.0149853589022835));
#2383=CARTESIAN_POINT('',(-0.0687188018436546,-0.111984574887966,0.0155407019219662));
#2384=CARTESIAN_POINT('',(-0.0688740894125149,-0.111509462526277,0.0160646632937856));
#2385=CARTESIAN_POINT('',(-0.068922540302051,-0.11085156229576,0.0157659974229212));
#2386=CARTESIAN_POINT('',(-0.0684614502497957,-0.111946620866792,0.0155825582124009));
#2387=CARTESIAN_POINT('',(-0.0686077010316834,-0.111485834527036,0.0160907206222923));
#2388=CARTESIAN_POINT('',(-0.0686539662759683,-0.110839688097083,0.0158218058091667));
#2389=CARTESIAN_POINT('',(-0.0682033245780772,-0.111911230329328,0.0156215874527543));
#2390=CARTESIAN_POINT('',(-0.0683375238979827,-0.111464332297406,0.0161144336187229));
#2391=CARTESIAN_POINT('',(-0.0683835785423088,-0.110831489252259,0.0158738447988803));
#2392=CARTESIAN_POINT('',(-0.0679442331858041,-0.111879037931322,0.0156570897347022));
#2393=CARTESIAN_POINT('',(-0.068063503636529,-0.111445903114343,0.0161347576111613));
#2394=CARTESIAN_POINT('',(-0.0681110452604326,-0.11082774236708,0.0159211811732357));
#2395=CARTESIAN_POINT('',(-0.0687188018436546,-0.11124377957968,0.0148689710895478));
#2396=CARTESIAN_POINT('',(-0.0705883419571295,-0.11228313054652,0.0152114500543347));
#2397=CARTESIAN_POINT('',(-0.0708040185323366,-0.111697932201308,0.0158568159771539));
#2398=CARTESIAN_POINT('',(-0.0708272564736228,-0.110973901593077,0.0153269949327458));
#2399=CARTESIAN_POINT('',(-0.069966541708964,-0.112179725590941,0.0153254866628241));
#2400=CARTESIAN_POINT('',(-0.0701848400202175,-0.111633799498721,0.0159275425284391));
#2401=CARTESIAN_POINT('',(-0.0702023895200328,-0.110921854266066,0.0154790437418598));
#2402=CARTESIAN_POINT('',(-0.0693445500524337,-0.112076859768276,0.0154389287070709));
#2403=CARTESIAN_POINT('',(-0.0695430348184759,-0.111567255472639,0.0160009283251271));
#2404=CARTESIAN_POINT('',(-0.0695696858845703,-0.110877374795625,0.0156302998071167));
#2405=CARTESIAN_POINT('',(-0.0687188018436546,-0.111984574887966,0.0155407019219662));
#2406=CARTESIAN_POINT('',(-0.0688740894125149,-0.111509462526277,0.0160646632937856));
#2407=CARTESIAN_POINT('',(-0.068922540302051,-0.11085156229576,0.0157659974229212));
#2408=CARTESIAN_POINT('',(-0.070577216271179,-0.112281280458121,0.0152134903608684));
#2409=CARTESIAN_POINT('',(-0.0706947154009772,-0.111960862602118,0.0155668522030855));
#2410=CARTESIAN_POINT('',(-0.070798079421444,-0.111369738556375,0.0156203036955385));
#2411=CARTESIAN_POINT('',(-0.0708061766479343,-0.110972149084355,0.0153321230117185));
#2412=CARTESIAN_POINT('',(-0.0708061766479342,-0.110972149084355,0.0153321230117185));
#2413=CARTESIAN_POINT('',(-0.0708061766479342,-0.110972149084355,0.0153321230117185));
#2414=CARTESIAN_POINT('',(-0.0708061766479342,-0.110972149084355,0.0153321230117185));
#2415=CARTESIAN_POINT('',(-0.070809362345759,-0.111169323065568,0.0154728577439041));
#2416=CARTESIAN_POINT('',(-0.0708057722954991,-0.1111688027426,0.0154735709897719));
#2417=CARTESIAN_POINT('',(-0.0708021822602278,-0.11116828238248,0.0154742842839696));
#2418=CARTESIAN_POINT('',(-0.0707711858860324,-0.111671322992977,0.0156084673789108));
#2419=CARTESIAN_POINT('',(-0.0707604154215945,-0.111669764342505,0.0156107897853592));
#2420=CARTESIAN_POINT('',(-0.0707495771473347,-0.111668191162558,0.015612760253913));
#2421=CARTESIAN_POINT('',(-0.0706647082916198,-0.112125147014362,0.0153845614088503));
#2422=CARTESIAN_POINT('',(-0.0706503831126341,-0.112123278730117,0.0153877211783738));
#2423=CARTESIAN_POINT('',(-0.0706359970801587,-0.112120986321701,0.0153902652511581));
#2424=CARTESIAN_POINT('',(-0.0706067528920665,-0.112285560579592,0.0152076224393074));
#2425=CARTESIAN_POINT('',(-0.0705919940759982,-0.112283707643716,0.015210813622486));
#2426=CARTESIAN_POINT('',(-0.0705772162711914,-0.112281280458122,0.0152134903608664));
#2427=CARTESIAN_POINT('',(-0.0705772162711791,-0.111836803273149,0.0148104518614173));
#2428=CARTESIAN_POINT('',(-0.0706067528920347,-0.112285560579587,0.0152076224393137));
#2429=CARTESIAN_POINT('',(-0.0706067528920346,-0.112285560579587,0.0152076224393137));
#2430=CARTESIAN_POINT('',(-0.0707226636198616,-0.111964733671237,0.015561500132742));
#2431=CARTESIAN_POINT('',(-0.0708126366402871,-0.111371983772946,0.0156175086925573));
#2432=CARTESIAN_POINT('',(-0.0708061766479343,-0.110972149084355,0.0153321230117185));
#2433=CARTESIAN_POINT('',(-0.0703934433245509,-0.112308359861653,0.0151836267695015));
#2434=CARTESIAN_POINT('',(-0.070393443324551,-0.112351435070036,0.0151361227534076));
#2435=CARTESIAN_POINT('',(-0.070393443324551,-0.112383497918952,0.0150805882700505));
#2436=CARTESIAN_POINT('',(-0.0704260128029859,-0.112308359901498,0.0151836267255598));
#2437=CARTESIAN_POINT('',(-0.0704273711519009,-0.112347611753477,0.0151403391669381));
#2438=CARTESIAN_POINT('',(-0.0704287661383854,-0.112377864782082,0.0150903451493159));
#2439=CARTESIAN_POINT('',(-0.0704842856231701,-0.112305103593854,0.0151872178327545));
#2440=CARTESIAN_POINT('',(-0.0704888539669228,-0.112335215192755,0.0151540102887276));
#2441=CARTESIAN_POINT('',(-0.0704936371910209,-0.112359827968622,0.0151164617367587));
#2442=CARTESIAN_POINT('',(-0.0705693425278218,-0.112302872200315,0.0151896786485827));
#2443=CARTESIAN_POINT('',(-0.0705782915394978,-0.112321516776359,0.015169117117397));
#2444=CARTESIAN_POINT('',(-0.0705872290417959,-0.11233956106696,0.0151480600094306));
#2445=CARTESIAN_POINT('',(-0.070577216271179,-0.112281280458121,0.0152134903608684));
#2446=CARTESIAN_POINT('',(-0.0705919940759761,-0.112283707643713,0.0152108136224898));
#2447=CARTESIAN_POINT('',(-0.070606752892035,-0.112285560579587,0.0152076224393137));
#2448=CARTESIAN_POINT('',(-0.0703934433245508,-0.112383497918952,0.0150805882700505));
#2449=CARTESIAN_POINT('',(-0.0704818616423843,-0.112369397163087,0.015105011495633));
#2450=CARTESIAN_POINT('',(-0.0705847898622767,-0.112346351595807,0.0151405688847615));
#2451=CARTESIAN_POINT('',(-0.0706067528920348,-0.112285560579588,0.0152076224393136));
#2452=CARTESIAN_POINT('',(-0.0823544029509552,-0.113033973750541,0.0139539310806432));
#2453=CARTESIAN_POINT('',(-0.0820451506480483,-0.112102094013517,0.0155679941317118));
#2454=CARTESIAN_POINT('',(-0.0822190401558297,-0.111273097849239,0.0138792774110483));
#2455=CARTESIAN_POINT('',(-0.0813461376914483,-0.113117624126635,0.0138090443791759));
#2456=CARTESIAN_POINT('',(-0.0810346368222292,-0.112113025216585,0.0155490607326722));
#2457=CARTESIAN_POINT('',(-0.0812498182495246,-0.111327886015837,0.0136860951444517));
#2458=CARTESIAN_POINT('',(-0.0793150516499557,-0.113218934497079,0.0136335696702319));
#2459=CARTESIAN_POINT('',(-0.0792833072979346,-0.112096747856477,0.0155772539472971));
#2460=CARTESIAN_POINT('',(-0.0793084457591332,-0.111402325648925,0.0134521288627487));
#2461=CARTESIAN_POINT('',(-0.0762873428470213,-0.113092561316654,0.0138524544394428));
#2462=CARTESIAN_POINT('',(-0.0767979704509964,-0.112121179663759,0.0155349368158152));
#2463=CARTESIAN_POINT('',(-0.0764157839860445,-0.111308422529713,0.0137439752235381));
#2464=CARTESIAN_POINT('',(-0.0732843886108013,-0.112760106970119,0.0144282822588394));
#2465=CARTESIAN_POINT('',(-0.0738854226679189,-0.112057056998957,0.0156460005291209));
#2466=CARTESIAN_POINT('',(-0.0735177279690911,-0.111098620887338,0.0145117456466999));
#2467=CARTESIAN_POINT('',(-0.071314671300715,-0.112495477926272,0.0148866332079409));
#2468=CARTESIAN_POINT('',(-0.0716857884425066,-0.111919845591318,0.0158836576586121));
#2469=CARTESIAN_POINT('',(-0.071564720848711,-0.110989225387139,0.0151228802514755));
#2470=CARTESIAN_POINT('',(-0.0703228890405359,-0.112374898155164,0.015095483497865));
#2471=CARTESIAN_POINT('',(-0.070575674553117,-0.111855100785961,0.0159957989509647));
#2472=CARTESIAN_POINT('',(-0.0705586241029637,-0.110965722209026,0.0154013473006775));
#2473=CARTESIAN_POINT('',(-0.0380778442913083,-0.0736169186780113,0.0131778920894277));
#2474=CARTESIAN_POINT('',(-0.0115643854148689,-0.112353785522048,0.0131778920894277));
#2475=CARTESIAN_POINT('',(-0.0115643854148689,-0.112353785522048,0.0128942057213957));
#2476=CARTESIAN_POINT('',(-0.0112734334842786,-0.112343357756613,0.0126778920894276));
#2477=CARTESIAN_POINT('',(-0.0109944839795925,-0.112295965723067,0.0126778920894277));
#2478=CARTESIAN_POINT('',(-0.0373840732650245,-0.0754794497841445,0.0131778920894277));
#2479=CARTESIAN_POINT('',(-0.0373840732650245,-0.0754794497841445,0.0128986804352823));
#2480=CARTESIAN_POINT('',(-0.0372358732021146,-0.0750805258266014,0.0125808760059896));
#2481=CARTESIAN_POINT('',(-0.0369191727642421,-0.0746196098194842,0.0127665861527115));
#2482=CARTESIAN_POINT('',(-0.0368323843055428,-0.0745238964763474,0.013038357828851));
#2483=CARTESIAN_POINT('',(-0.0368323843055427,-0.0745238964763473,0.0131778920894274));
#2484=CARTESIAN_POINT('',(-0.0355259081376122,-0.0691968356021379,0.0131778920894277));
#2485=CARTESIAN_POINT('',(-0.034186307308973,-0.0699407566775493,0.0131778920894277));
#2486=CARTESIAN_POINT('',(-0.034186307308973,-0.0699407566775493,0.0130410946466938));
#2487=CARTESIAN_POINT('',(-0.0341506683387305,-0.0698267016185038,0.0127736012091116));
#2488=CARTESIAN_POINT('',(-0.033915870945309,-0.0693286976973255,0.0125755359704583));
#2489=CARTESIAN_POINT('',(-0.033654218422735,-0.0690191516924424,0.0129037504766473));
#2490=CARTESIAN_POINT('',(-0.033654218422735,-0.0690191516924424,0.0131778920894277));
#2491=CARTESIAN_POINT('',(-0.0322389764736058,-0.060439525186596,0.0131778920894277));
#2492=CARTESIAN_POINT('',(-0.0614446782651519,-0.111025284560259,0.0131778920894277));
#2493=CARTESIAN_POINT('',(-0.0322389764736058,-0.0604395251865959,0.00917789208942768));
#2494=CARTESIAN_POINT('',(-0.0614446782651519,-0.111025284560259,0.00917789208942768));
#2495=CARTESIAN_POINT('',(-0.0308708959003031,-0.0641982956697396,0.00917789208942768));
#2496=CARTESIAN_POINT('',(-0.0600765976918492,-0.114784055043403,0.00917789208942768));
#2497=CARTESIAN_POINT('',(-0.0308708959003031,-0.0641982956697396,0.0131778920894277));
#2498=CARTESIAN_POINT('',(-0.0600765976918492,-0.114784055043403,0.0131778920894277));
#2499=CARTESIAN_POINT('',(-0.0607606379785005,-0.112904669801831,0.0111778920894277));
#2500=CARTESIAN_POINT('',(-0.0602617607995864,-0.112904669801831,0.0111778920894277));
#2501=CARTESIAN_POINT('',(-0.0593184824085718,-0.112904370757692,0.0116844594923148));
#2502=CARTESIAN_POINT('',(-0.058991232357191,-0.112904136782391,0.0126805129597564));
#2503=CARTESIAN_POINT('',(-0.0589912263758863,-0.112904136778794,0.0131778649070186));
#2504=CARTESIAN_POINT('',(-0.0607606379785005,-0.112904669801831,0.0111778920894277));
#2505=CARTESIAN_POINT('',(-0.0607606379785005,-0.112904669801831,0.0131778920894277));
#2506=CARTESIAN_POINT('',(-0.0607606379785005,-0.112904669801831,0.0121778920894277));
#2507=CARTESIAN_POINT('',(-0.0607606018908231,-0.11290476895191,-0.0118221079135674));
#2508=CARTESIAN_POINT('',(-0.0109944839795925,-0.112295965723067,0.0126748920894277));
#2509=CARTESIAN_POINT('',(-0.0109944839795925,-0.112295965723067,0.0131778920894277));
#2510=CARTESIAN_POINT('',(-0.0111845855079172,-0.112328262959148,0.0126748920894277));
#2511=CARTESIAN_POINT('',(-0.0111845855079172,-0.112328262959148,0.0131778920894277));
#2512=CARTESIAN_POINT('',(-0.011376259317873,-0.112340579232653,0.0126748920894277));
#2513=CARTESIAN_POINT('',(-0.011376259317873,-0.112340579232653,0.0131778920894277));
#2514=CARTESIAN_POINT('',(-0.0115678439614982,-0.112354028655004,0.0126748920894277));
#2515=CARTESIAN_POINT('',(-0.0115678439614982,-0.112354028655004,0.0131778920894277));
#2516=CARTESIAN_POINT('',(-0.0597997385648532,-0.112904454563217,-0.0118221079135674));
#2517=MECHANICAL_DESIGN_GEOMETRIC_PRESENTATION_REPRESENTATION('',(#968),
#2518);
#2518=(
GEOMETRIC_REPRESENTATION_CONTEXT(3)
GLOBAL_UNCERTAINTY_ASSIGNED_CONTEXT((#2519))
GLOBAL_UNIT_ASSIGNED_CONTEXT((#2522,#2521,#2520))
REPRESENTATION_CONTEXT('Left Wing Two','TOP_LEVEL_ASSEMBLY_PART')
);
#2519=UNCERTAINTY_MEASURE_WITH_UNIT(LENGTH_MEASURE(2.E-5),#2522,
'DISTANCE_ACCURACY_VALUE','Maximum Tolerance applied to model');
#2520=(
NAMED_UNIT(*)
SI_UNIT($,.STERADIAN.)
SOLID_ANGLE_UNIT()
);
#2521=(
NAMED_UNIT(*)
PLANE_ANGLE_UNIT()
SI_UNIT($,.RADIAN.)
);
#2522=(
LENGTH_UNIT()
NAMED_UNIT(*)
SI_UNIT($,.METRE.)
);
#2523=PRODUCT_DEFINITION_SHAPE('','',#2524);
#2524=PRODUCT_DEFINITION('','',#2526,#2525);
#2525=PRODUCT_DEFINITION_CONTEXT('',#2532,'design');
#2526=PRODUCT_DEFINITION_FORMATION_WITH_SPECIFIED_SOURCE('','',#2528,
 .NOT_KNOWN.);
#2527=PRODUCT_RELATED_PRODUCT_CATEGORY('','',(#2528));
#2528=PRODUCT('Left Wing Two','Left Wing Two','Left Wing Two',(#2530));
#2529=PRODUCT_CATEGORY('','');
#2530=PRODUCT_CONTEXT('',#2532,'mechanical');
#2531=APPLICATION_PROTOCOL_DEFINITION('international standard',
'ap242_managed_model_based_3d_engineering',2020,#2532);
#2532=APPLICATION_CONTEXT('managed model based 3d engineering');
ENDSEC;
END-ISO-10303-21;
