ISO-10303-21;
HEADER;
/* Generated by software containing ST-Developer
 * from STEP Tools, Inc. (www.steptools.com) 
 */
/* OPTION: using custom renumber hook */

FILE_DESCRIPTION(
/* description */ ('STEP AP242 Edition 2',
'CAx-IF Rec.Pracs.---Representation and Presentation of Product Manufa
cturing Information (PMI)---4.0---2014-10-13',
'CAx-IF Rec.Pracs.---3D Tessellated Geometry---0.4---2014-09-14','2;1',
'CAx-IF Rec.Pracs.---User Defined Attributes---1.5---2016-08-15'),
/* implementation_level */ '2;1');

FILE_NAME(
/* name */ '6963f891ee0b9cbcc56e4964',
/* time_stamp */ '2026-01-11T19:22:58Z',
/* author */ (''),
/* organization */ (''),
/* preprocessor_version */ 'ST-DEVELOPER v20',
/* originating_system */ 'ONSHAPE BY PTC INC, 1.209',
/* authorisation */ '  ');

FILE_SCHEMA (('AP242_MANAGED_MODEL_BASED_3D_ENGINEERING_MIM_LF { 1 0 10303 442 3 1 4 }'));
ENDSEC;

DATA;
#10=SHAPE_REPRESENTATION_RELATIONSHIP('','',#11308,#11);
#11=ADVANCED_BREP_SHAPE_REPRESENTATION('',(#11306),#18013);
#12=CIRCLE('',#11313,0.005);
#13=CIRCLE('',#11314,0.005);
#14=CIRCLE('',#11315,0.005);
#15=CIRCLE('',#11316,0.005);
#16=CIRCLE('',#11317,0.005);
#17=CIRCLE('',#11321,0.005);
#18=CIRCLE('',#11322,0.005);
#19=CIRCLE('',#11323,0.005);
#20=CIRCLE('',#11324,0.005);
#21=CIRCLE('',#11325,0.005);
#22=CIRCLE('',#11329,0.005);
#23=CIRCLE('',#11330,0.005);
#24=CIRCLE('',#11331,0.005);
#25=CIRCLE('',#11332,0.005);
#26=CIRCLE('',#11333,0.005);
#27=CIRCLE('',#11337,0.005);
#28=CIRCLE('',#11338,0.005);
#29=CIRCLE('',#11339,0.005);
#30=CIRCLE('',#11340,0.005);
#31=CIRCLE('',#11341,0.005);
#32=CIRCLE('',#11345,0.005);
#33=CIRCLE('',#11346,0.005);
#34=CIRCLE('',#11347,0.005);
#35=CIRCLE('',#11348,0.005);
#36=CIRCLE('',#11349,0.005);
#37=CIRCLE('',#11353,0.005);
#38=CIRCLE('',#11354,0.005);
#39=CIRCLE('',#11355,0.005);
#40=CIRCLE('',#11356,0.005);
#41=CIRCLE('',#11357,0.005);
#42=CIRCLE('',#11374,0.005);
#43=CIRCLE('',#11380,0.005);
#44=CIRCLE('',#11388,0.005);
#45=CIRCLE('',#11389,0.005);
#46=CIRCLE('',#11390,0.005);
#47=CIRCLE('',#11391,0.005);
#48=ELLIPSE('',#11312,0.0146190220008154,0.005);
#49=ELLIPSE('',#11318,0.0146190220008154,0.005);
#50=ELLIPSE('',#11320,0.0146190220008154,0.005);
#51=ELLIPSE('',#11326,0.0146190220008154,0.005);
#52=ELLIPSE('',#11328,0.0146190220008154,0.005);
#53=ELLIPSE('',#11334,0.0146190220008154,0.005);
#54=ELLIPSE('',#11336,0.0146190220008154,0.005);
#55=ELLIPSE('',#11342,0.0146190220008154,0.005);
#56=ELLIPSE('',#11344,0.0146190220008154,0.005);
#57=ELLIPSE('',#11350,0.0146190220008154,0.005);
#58=ELLIPSE('',#11352,0.0146190220008154,0.005);
#59=ELLIPSE('',#11358,0.0146190220008154,0.005);
#60=ELLIPSE('',#11370,0.0146190220008154,0.005);
#61=ELLIPSE('',#11371,0.0146190220008154,0.005);
#62=ELLIPSE('',#11372,0.0146190220008154,0.005);
#63=ELLIPSE('',#11373,0.0146190220008154,0.005);
#64=ELLIPSE('',#11376,0.0146190220008154,0.005);
#65=ELLIPSE('',#11377,0.0146190220008154,0.005);
#66=ELLIPSE('',#11378,0.0146190220008154,0.005);
#67=ELLIPSE('',#11379,0.0146190220008154,0.005);
#68=ELLIPSE('',#11393,0.0146190220008154,0.005);
#69=ELLIPSE('',#11394,0.0146190220008154,0.005);
#70=ELLIPSE('',#11395,0.0146190220008154,0.005);
#71=ELLIPSE('',#11396,0.0146190220008154,0.005);
#72=ELLIPSE('',#11398,0.0146190220008154,0.005);
#73=ELLIPSE('',#11399,0.0146190220008154,0.005);
#74=ELLIPSE('',#11400,0.0146190220008154,0.005);
#75=ELLIPSE('',#11401,0.0146190220008154,0.005);
#76=ELLIPSE('',#11403,0.0146190220008154,0.005);
#77=ELLIPSE('',#11404,0.0146190220008154,0.005);
#78=ELLIPSE('',#11405,0.0146190220008154,0.005);
#79=ELLIPSE('',#11406,0.0146190220008154,0.005);
#80=ELLIPSE('',#11408,0.0146190220008154,0.005);
#81=ELLIPSE('',#11409,0.0146190220008154,0.005);
#82=ELLIPSE('',#11410,0.0146190220008154,0.005);
#83=ELLIPSE('',#11411,0.0146190220008154,0.005);
#84=CYLINDRICAL_SURFACE('',#11311,0.005);
#85=CYLINDRICAL_SURFACE('',#11319,0.005);
#86=CYLINDRICAL_SURFACE('',#11327,0.005);
#87=CYLINDRICAL_SURFACE('',#11335,0.005);
#88=CYLINDRICAL_SURFACE('',#11343,0.005);
#89=CYLINDRICAL_SURFACE('',#11351,0.005);
#90=CYLINDRICAL_SURFACE('',#11369,0.005);
#91=CYLINDRICAL_SURFACE('',#11375,0.005);
#92=CYLINDRICAL_SURFACE('',#11392,0.005);
#93=CYLINDRICAL_SURFACE('',#11397,0.005);
#94=CYLINDRICAL_SURFACE('',#11402,0.005);
#95=CYLINDRICAL_SURFACE('',#11407,0.005);
#96=ORIENTED_EDGE('',*,*,#3296,.F.);
#97=ORIENTED_EDGE('',*,*,#3297,.F.);
#98=ORIENTED_EDGE('',*,*,#3298,.F.);
#99=ORIENTED_EDGE('',*,*,#3299,.F.);
#100=ORIENTED_EDGE('',*,*,#3300,.F.);
#101=ORIENTED_EDGE('',*,*,#3301,.F.);
#102=ORIENTED_EDGE('',*,*,#3302,.F.);
#103=ORIENTED_EDGE('',*,*,#3303,.F.);
#104=ORIENTED_EDGE('',*,*,#3304,.F.);
#105=ORIENTED_EDGE('',*,*,#3305,.F.);
#106=ORIENTED_EDGE('',*,*,#3306,.F.);
#107=ORIENTED_EDGE('',*,*,#3307,.F.);
#108=ORIENTED_EDGE('',*,*,#3308,.F.);
#109=ORIENTED_EDGE('',*,*,#3309,.F.);
#110=ORIENTED_EDGE('',*,*,#3310,.T.);
#111=ORIENTED_EDGE('',*,*,#3311,.F.);
#112=ORIENTED_EDGE('',*,*,#3312,.F.);
#113=ORIENTED_EDGE('',*,*,#3313,.T.);
#114=ORIENTED_EDGE('',*,*,#3314,.F.);
#115=ORIENTED_EDGE('',*,*,#3315,.F.);
#116=ORIENTED_EDGE('',*,*,#3316,.F.);
#117=ORIENTED_EDGE('',*,*,#3317,.F.);
#118=ORIENTED_EDGE('',*,*,#3318,.F.);
#119=ORIENTED_EDGE('',*,*,#3319,.F.);
#120=ORIENTED_EDGE('',*,*,#3320,.F.);
#121=ORIENTED_EDGE('',*,*,#3321,.T.);
#122=ORIENTED_EDGE('',*,*,#3322,.F.);
#123=ORIENTED_EDGE('',*,*,#3323,.F.);
#124=ORIENTED_EDGE('',*,*,#3324,.T.);
#125=ORIENTED_EDGE('',*,*,#3325,.F.);
#126=ORIENTED_EDGE('',*,*,#3326,.F.);
#127=ORIENTED_EDGE('',*,*,#3327,.F.);
#128=ORIENTED_EDGE('',*,*,#3328,.F.);
#129=ORIENTED_EDGE('',*,*,#3329,.F.);
#130=ORIENTED_EDGE('',*,*,#3330,.F.);
#131=ORIENTED_EDGE('',*,*,#3331,.F.);
#132=ORIENTED_EDGE('',*,*,#3332,.T.);
#133=ORIENTED_EDGE('',*,*,#3333,.F.);
#134=ORIENTED_EDGE('',*,*,#3334,.F.);
#135=ORIENTED_EDGE('',*,*,#3335,.T.);
#136=ORIENTED_EDGE('',*,*,#3336,.F.);
#137=ORIENTED_EDGE('',*,*,#3337,.F.);
#138=ORIENTED_EDGE('',*,*,#3338,.F.);
#139=ORIENTED_EDGE('',*,*,#3339,.F.);
#140=ORIENTED_EDGE('',*,*,#3340,.F.);
#141=ORIENTED_EDGE('',*,*,#3341,.F.);
#142=ORIENTED_EDGE('',*,*,#3342,.F.);
#143=ORIENTED_EDGE('',*,*,#3343,.T.);
#144=ORIENTED_EDGE('',*,*,#3344,.F.);
#145=ORIENTED_EDGE('',*,*,#3345,.F.);
#146=ORIENTED_EDGE('',*,*,#3346,.T.);
#147=ORIENTED_EDGE('',*,*,#3347,.F.);
#148=ORIENTED_EDGE('',*,*,#3348,.F.);
#149=ORIENTED_EDGE('',*,*,#3349,.F.);
#150=ORIENTED_EDGE('',*,*,#3350,.F.);
#151=ORIENTED_EDGE('',*,*,#3351,.F.);
#152=ORIENTED_EDGE('',*,*,#3352,.F.);
#153=ORIENTED_EDGE('',*,*,#3353,.F.);
#154=ORIENTED_EDGE('',*,*,#3354,.T.);
#155=ORIENTED_EDGE('',*,*,#3355,.F.);
#156=ORIENTED_EDGE('',*,*,#3356,.F.);
#157=ORIENTED_EDGE('',*,*,#3357,.T.);
#158=ORIENTED_EDGE('',*,*,#3358,.F.);
#159=ORIENTED_EDGE('',*,*,#3359,.F.);
#160=ORIENTED_EDGE('',*,*,#3360,.F.);
#161=ORIENTED_EDGE('',*,*,#3361,.F.);
#162=ORIENTED_EDGE('',*,*,#3362,.F.);
#163=ORIENTED_EDGE('',*,*,#3363,.F.);
#164=ORIENTED_EDGE('',*,*,#3364,.F.);
#165=ORIENTED_EDGE('',*,*,#3365,.T.);
#166=ORIENTED_EDGE('',*,*,#3366,.F.);
#167=ORIENTED_EDGE('',*,*,#3367,.F.);
#168=ORIENTED_EDGE('',*,*,#3368,.T.);
#169=ORIENTED_EDGE('',*,*,#3369,.F.);
#170=ORIENTED_EDGE('',*,*,#3370,.F.);
#171=ORIENTED_EDGE('',*,*,#3371,.F.);
#172=ORIENTED_EDGE('',*,*,#3372,.F.);
#173=ORIENTED_EDGE('',*,*,#3373,.F.);
#174=ORIENTED_EDGE('',*,*,#3322,.T.);
#175=ORIENTED_EDGE('',*,*,#3374,.T.);
#176=ORIENTED_EDGE('',*,*,#3375,.T.);
#177=ORIENTED_EDGE('',*,*,#3376,.T.);
#178=ORIENTED_EDGE('',*,*,#3377,.T.);
#179=ORIENTED_EDGE('',*,*,#3378,.T.);
#180=ORIENTED_EDGE('',*,*,#3379,.T.);
#181=ORIENTED_EDGE('',*,*,#3380,.T.);
#182=ORIENTED_EDGE('',*,*,#3381,.T.);
#183=ORIENTED_EDGE('',*,*,#3382,.T.);
#184=ORIENTED_EDGE('',*,*,#3383,.T.);
#185=ORIENTED_EDGE('',*,*,#3384,.T.);
#186=ORIENTED_EDGE('',*,*,#3385,.T.);
#187=ORIENTED_EDGE('',*,*,#3386,.T.);
#188=ORIENTED_EDGE('',*,*,#3387,.T.);
#189=ORIENTED_EDGE('',*,*,#3388,.T.);
#190=ORIENTED_EDGE('',*,*,#3389,.T.);
#191=ORIENTED_EDGE('',*,*,#3390,.T.);
#192=ORIENTED_EDGE('',*,*,#3391,.T.);
#193=ORIENTED_EDGE('',*,*,#3392,.T.);
#194=ORIENTED_EDGE('',*,*,#3393,.T.);
#195=ORIENTED_EDGE('',*,*,#3394,.T.);
#196=ORIENTED_EDGE('',*,*,#3395,.T.);
#197=ORIENTED_EDGE('',*,*,#3396,.T.);
#198=ORIENTED_EDGE('',*,*,#3397,.T.);
#199=ORIENTED_EDGE('',*,*,#3398,.T.);
#200=ORIENTED_EDGE('',*,*,#3399,.T.);
#201=ORIENTED_EDGE('',*,*,#3400,.T.);
#202=ORIENTED_EDGE('',*,*,#3401,.T.);
#203=ORIENTED_EDGE('',*,*,#3402,.T.);
#204=ORIENTED_EDGE('',*,*,#3403,.T.);
#205=ORIENTED_EDGE('',*,*,#3404,.T.);
#206=ORIENTED_EDGE('',*,*,#3405,.T.);
#207=ORIENTED_EDGE('',*,*,#3406,.T.);
#208=ORIENTED_EDGE('',*,*,#3407,.T.);
#209=ORIENTED_EDGE('',*,*,#3408,.T.);
#210=ORIENTED_EDGE('',*,*,#3409,.T.);
#211=ORIENTED_EDGE('',*,*,#3410,.T.);
#212=ORIENTED_EDGE('',*,*,#3315,.T.);
#213=ORIENTED_EDGE('',*,*,#3411,.F.);
#214=ORIENTED_EDGE('',*,*,#3333,.T.);
#215=ORIENTED_EDGE('',*,*,#3412,.T.);
#216=ORIENTED_EDGE('',*,*,#3413,.T.);
#217=ORIENTED_EDGE('',*,*,#3414,.T.);
#218=ORIENTED_EDGE('',*,*,#3415,.T.);
#219=ORIENTED_EDGE('',*,*,#3416,.T.);
#220=ORIENTED_EDGE('',*,*,#3417,.T.);
#221=ORIENTED_EDGE('',*,*,#3418,.T.);
#222=ORIENTED_EDGE('',*,*,#3419,.T.);
#223=ORIENTED_EDGE('',*,*,#3420,.T.);
#224=ORIENTED_EDGE('',*,*,#3421,.T.);
#225=ORIENTED_EDGE('',*,*,#3422,.T.);
#226=ORIENTED_EDGE('',*,*,#3423,.T.);
#227=ORIENTED_EDGE('',*,*,#3424,.T.);
#228=ORIENTED_EDGE('',*,*,#3425,.T.);
#229=ORIENTED_EDGE('',*,*,#3426,.T.);
#230=ORIENTED_EDGE('',*,*,#3427,.T.);
#231=ORIENTED_EDGE('',*,*,#3428,.T.);
#232=ORIENTED_EDGE('',*,*,#3429,.T.);
#233=ORIENTED_EDGE('',*,*,#3430,.T.);
#234=ORIENTED_EDGE('',*,*,#3431,.T.);
#235=ORIENTED_EDGE('',*,*,#3432,.T.);
#236=ORIENTED_EDGE('',*,*,#3433,.T.);
#237=ORIENTED_EDGE('',*,*,#3434,.T.);
#238=ORIENTED_EDGE('',*,*,#3435,.T.);
#239=ORIENTED_EDGE('',*,*,#3436,.T.);
#240=ORIENTED_EDGE('',*,*,#3437,.T.);
#241=ORIENTED_EDGE('',*,*,#3438,.T.);
#242=ORIENTED_EDGE('',*,*,#3439,.T.);
#243=ORIENTED_EDGE('',*,*,#3440,.T.);
#244=ORIENTED_EDGE('',*,*,#3441,.T.);
#245=ORIENTED_EDGE('',*,*,#3442,.T.);
#246=ORIENTED_EDGE('',*,*,#3443,.T.);
#247=ORIENTED_EDGE('',*,*,#3444,.T.);
#248=ORIENTED_EDGE('',*,*,#3445,.T.);
#249=ORIENTED_EDGE('',*,*,#3446,.T.);
#250=ORIENTED_EDGE('',*,*,#3447,.T.);
#251=ORIENTED_EDGE('',*,*,#3448,.T.);
#252=ORIENTED_EDGE('',*,*,#3326,.T.);
#253=ORIENTED_EDGE('',*,*,#3449,.F.);
#254=ORIENTED_EDGE('',*,*,#3344,.T.);
#255=ORIENTED_EDGE('',*,*,#3450,.T.);
#256=ORIENTED_EDGE('',*,*,#3451,.T.);
#257=ORIENTED_EDGE('',*,*,#3452,.T.);
#258=ORIENTED_EDGE('',*,*,#3453,.T.);
#259=ORIENTED_EDGE('',*,*,#3454,.T.);
#260=ORIENTED_EDGE('',*,*,#3455,.T.);
#261=ORIENTED_EDGE('',*,*,#3456,.T.);
#262=ORIENTED_EDGE('',*,*,#3457,.T.);
#263=ORIENTED_EDGE('',*,*,#3458,.T.);
#264=ORIENTED_EDGE('',*,*,#3459,.T.);
#265=ORIENTED_EDGE('',*,*,#3460,.T.);
#266=ORIENTED_EDGE('',*,*,#3461,.T.);
#267=ORIENTED_EDGE('',*,*,#3462,.T.);
#268=ORIENTED_EDGE('',*,*,#3463,.T.);
#269=ORIENTED_EDGE('',*,*,#3464,.T.);
#270=ORIENTED_EDGE('',*,*,#3465,.T.);
#271=ORIENTED_EDGE('',*,*,#3466,.T.);
#272=ORIENTED_EDGE('',*,*,#3467,.T.);
#273=ORIENTED_EDGE('',*,*,#3468,.T.);
#274=ORIENTED_EDGE('',*,*,#3469,.T.);
#275=ORIENTED_EDGE('',*,*,#3470,.T.);
#276=ORIENTED_EDGE('',*,*,#3471,.T.);
#277=ORIENTED_EDGE('',*,*,#3472,.T.);
#278=ORIENTED_EDGE('',*,*,#3473,.T.);
#279=ORIENTED_EDGE('',*,*,#3474,.T.);
#280=ORIENTED_EDGE('',*,*,#3475,.T.);
#281=ORIENTED_EDGE('',*,*,#3476,.T.);
#282=ORIENTED_EDGE('',*,*,#3477,.T.);
#283=ORIENTED_EDGE('',*,*,#3478,.T.);
#284=ORIENTED_EDGE('',*,*,#3479,.T.);
#285=ORIENTED_EDGE('',*,*,#3480,.T.);
#286=ORIENTED_EDGE('',*,*,#3481,.T.);
#287=ORIENTED_EDGE('',*,*,#3482,.T.);
#288=ORIENTED_EDGE('',*,*,#3483,.T.);
#289=ORIENTED_EDGE('',*,*,#3484,.T.);
#290=ORIENTED_EDGE('',*,*,#3485,.T.);
#291=ORIENTED_EDGE('',*,*,#3486,.T.);
#292=ORIENTED_EDGE('',*,*,#3337,.T.);
#293=ORIENTED_EDGE('',*,*,#3487,.F.);
#294=ORIENTED_EDGE('',*,*,#3355,.T.);
#295=ORIENTED_EDGE('',*,*,#3488,.T.);
#296=ORIENTED_EDGE('',*,*,#3489,.T.);
#297=ORIENTED_EDGE('',*,*,#3490,.T.);
#298=ORIENTED_EDGE('',*,*,#3491,.T.);
#299=ORIENTED_EDGE('',*,*,#3492,.T.);
#300=ORIENTED_EDGE('',*,*,#3493,.T.);
#301=ORIENTED_EDGE('',*,*,#3494,.T.);
#302=ORIENTED_EDGE('',*,*,#3495,.T.);
#303=ORIENTED_EDGE('',*,*,#3496,.T.);
#304=ORIENTED_EDGE('',*,*,#3497,.T.);
#305=ORIENTED_EDGE('',*,*,#3498,.T.);
#306=ORIENTED_EDGE('',*,*,#3499,.T.);
#307=ORIENTED_EDGE('',*,*,#3500,.T.);
#308=ORIENTED_EDGE('',*,*,#3501,.T.);
#309=ORIENTED_EDGE('',*,*,#3502,.T.);
#310=ORIENTED_EDGE('',*,*,#3503,.T.);
#311=ORIENTED_EDGE('',*,*,#3504,.T.);
#312=ORIENTED_EDGE('',*,*,#3505,.T.);
#313=ORIENTED_EDGE('',*,*,#3506,.T.);
#314=ORIENTED_EDGE('',*,*,#3507,.T.);
#315=ORIENTED_EDGE('',*,*,#3508,.T.);
#316=ORIENTED_EDGE('',*,*,#3509,.T.);
#317=ORIENTED_EDGE('',*,*,#3510,.T.);
#318=ORIENTED_EDGE('',*,*,#3511,.T.);
#319=ORIENTED_EDGE('',*,*,#3512,.T.);
#320=ORIENTED_EDGE('',*,*,#3513,.T.);
#321=ORIENTED_EDGE('',*,*,#3514,.T.);
#322=ORIENTED_EDGE('',*,*,#3515,.T.);
#323=ORIENTED_EDGE('',*,*,#3516,.T.);
#324=ORIENTED_EDGE('',*,*,#3517,.T.);
#325=ORIENTED_EDGE('',*,*,#3518,.T.);
#326=ORIENTED_EDGE('',*,*,#3519,.T.);
#327=ORIENTED_EDGE('',*,*,#3520,.T.);
#328=ORIENTED_EDGE('',*,*,#3521,.T.);
#329=ORIENTED_EDGE('',*,*,#3522,.T.);
#330=ORIENTED_EDGE('',*,*,#3523,.T.);
#331=ORIENTED_EDGE('',*,*,#3524,.T.);
#332=ORIENTED_EDGE('',*,*,#3348,.T.);
#333=ORIENTED_EDGE('',*,*,#3525,.F.);
#334=ORIENTED_EDGE('',*,*,#3366,.T.);
#335=ORIENTED_EDGE('',*,*,#3526,.T.);
#336=ORIENTED_EDGE('',*,*,#3527,.T.);
#337=ORIENTED_EDGE('',*,*,#3528,.T.);
#338=ORIENTED_EDGE('',*,*,#3529,.T.);
#339=ORIENTED_EDGE('',*,*,#3530,.T.);
#340=ORIENTED_EDGE('',*,*,#3531,.T.);
#341=ORIENTED_EDGE('',*,*,#3532,.T.);
#342=ORIENTED_EDGE('',*,*,#3533,.T.);
#343=ORIENTED_EDGE('',*,*,#3534,.T.);
#344=ORIENTED_EDGE('',*,*,#3535,.T.);
#345=ORIENTED_EDGE('',*,*,#3536,.T.);
#346=ORIENTED_EDGE('',*,*,#3537,.T.);
#347=ORIENTED_EDGE('',*,*,#3538,.T.);
#348=ORIENTED_EDGE('',*,*,#3539,.T.);
#349=ORIENTED_EDGE('',*,*,#3540,.T.);
#350=ORIENTED_EDGE('',*,*,#3541,.T.);
#351=ORIENTED_EDGE('',*,*,#3542,.T.);
#352=ORIENTED_EDGE('',*,*,#3543,.T.);
#353=ORIENTED_EDGE('',*,*,#3544,.T.);
#354=ORIENTED_EDGE('',*,*,#3545,.T.);
#355=ORIENTED_EDGE('',*,*,#3546,.T.);
#356=ORIENTED_EDGE('',*,*,#3547,.T.);
#357=ORIENTED_EDGE('',*,*,#3548,.T.);
#358=ORIENTED_EDGE('',*,*,#3549,.T.);
#359=ORIENTED_EDGE('',*,*,#3550,.T.);
#360=ORIENTED_EDGE('',*,*,#3551,.T.);
#361=ORIENTED_EDGE('',*,*,#3552,.T.);
#362=ORIENTED_EDGE('',*,*,#3553,.T.);
#363=ORIENTED_EDGE('',*,*,#3554,.T.);
#364=ORIENTED_EDGE('',*,*,#3555,.T.);
#365=ORIENTED_EDGE('',*,*,#3556,.T.);
#366=ORIENTED_EDGE('',*,*,#3557,.T.);
#367=ORIENTED_EDGE('',*,*,#3558,.T.);
#368=ORIENTED_EDGE('',*,*,#3559,.T.);
#369=ORIENTED_EDGE('',*,*,#3560,.T.);
#370=ORIENTED_EDGE('',*,*,#3561,.T.);
#371=ORIENTED_EDGE('',*,*,#3562,.T.);
#372=ORIENTED_EDGE('',*,*,#3359,.T.);
#373=ORIENTED_EDGE('',*,*,#3563,.F.);
#374=ORIENTED_EDGE('',*,*,#3311,.T.);
#375=ORIENTED_EDGE('',*,*,#3564,.T.);
#376=ORIENTED_EDGE('',*,*,#3565,.T.);
#377=ORIENTED_EDGE('',*,*,#3566,.T.);
#378=ORIENTED_EDGE('',*,*,#3567,.T.);
#379=ORIENTED_EDGE('',*,*,#3568,.T.);
#380=ORIENTED_EDGE('',*,*,#3569,.T.);
#381=ORIENTED_EDGE('',*,*,#3570,.T.);
#382=ORIENTED_EDGE('',*,*,#3571,.T.);
#383=ORIENTED_EDGE('',*,*,#3572,.T.);
#384=ORIENTED_EDGE('',*,*,#3573,.T.);
#385=ORIENTED_EDGE('',*,*,#3574,.T.);
#386=ORIENTED_EDGE('',*,*,#3575,.T.);
#387=ORIENTED_EDGE('',*,*,#3576,.T.);
#388=ORIENTED_EDGE('',*,*,#3577,.T.);
#389=ORIENTED_EDGE('',*,*,#3578,.T.);
#390=ORIENTED_EDGE('',*,*,#3579,.T.);
#391=ORIENTED_EDGE('',*,*,#3580,.T.);
#392=ORIENTED_EDGE('',*,*,#3581,.T.);
#393=ORIENTED_EDGE('',*,*,#3582,.T.);
#394=ORIENTED_EDGE('',*,*,#3583,.T.);
#395=ORIENTED_EDGE('',*,*,#3584,.T.);
#396=ORIENTED_EDGE('',*,*,#3585,.T.);
#397=ORIENTED_EDGE('',*,*,#3586,.T.);
#398=ORIENTED_EDGE('',*,*,#3587,.T.);
#399=ORIENTED_EDGE('',*,*,#3588,.T.);
#400=ORIENTED_EDGE('',*,*,#3589,.T.);
#401=ORIENTED_EDGE('',*,*,#3590,.T.);
#402=ORIENTED_EDGE('',*,*,#3591,.T.);
#403=ORIENTED_EDGE('',*,*,#3592,.T.);
#404=ORIENTED_EDGE('',*,*,#3593,.T.);
#405=ORIENTED_EDGE('',*,*,#3594,.T.);
#406=ORIENTED_EDGE('',*,*,#3595,.T.);
#407=ORIENTED_EDGE('',*,*,#3596,.T.);
#408=ORIENTED_EDGE('',*,*,#3597,.T.);
#409=ORIENTED_EDGE('',*,*,#3598,.T.);
#410=ORIENTED_EDGE('',*,*,#3599,.T.);
#411=ORIENTED_EDGE('',*,*,#3600,.T.);
#412=ORIENTED_EDGE('',*,*,#3370,.T.);
#413=ORIENTED_EDGE('',*,*,#3601,.F.);
#414=ORIENTED_EDGE('',*,*,#3602,.F.);
#415=ORIENTED_EDGE('',*,*,#3603,.F.);
#416=ORIENTED_EDGE('',*,*,#3604,.F.);
#417=ORIENTED_EDGE('',*,*,#3605,.T.);
#418=ORIENTED_EDGE('',*,*,#3606,.T.);
#419=ORIENTED_EDGE('',*,*,#3607,.T.);
#420=ORIENTED_EDGE('',*,*,#3605,.F.);
#421=ORIENTED_EDGE('',*,*,#3608,.F.);
#422=ORIENTED_EDGE('',*,*,#3609,.T.);
#423=ORIENTED_EDGE('',*,*,#3610,.T.);
#424=ORIENTED_EDGE('',*,*,#3606,.F.);
#425=ORIENTED_EDGE('',*,*,#3611,.F.);
#426=ORIENTED_EDGE('',*,*,#3612,.F.);
#427=ORIENTED_EDGE('',*,*,#3613,.T.);
#428=ORIENTED_EDGE('',*,*,#3614,.T.);
#429=ORIENTED_EDGE('',*,*,#3615,.F.);
#430=ORIENTED_EDGE('',*,*,#3616,.F.);
#431=ORIENTED_EDGE('',*,*,#3617,.T.);
#432=ORIENTED_EDGE('',*,*,#3618,.F.);
#433=ORIENTED_EDGE('',*,*,#3619,.T.);
#434=ORIENTED_EDGE('',*,*,#3620,.F.);
#435=ORIENTED_EDGE('',*,*,#3621,.F.);
#436=ORIENTED_EDGE('',*,*,#3622,.T.);
#437=ORIENTED_EDGE('',*,*,#3623,.F.);
#438=ORIENTED_EDGE('',*,*,#3624,.F.);
#439=ORIENTED_EDGE('',*,*,#3313,.F.);
#440=ORIENTED_EDGE('',*,*,#3625,.T.);
#441=ORIENTED_EDGE('',*,*,#3368,.F.);
#442=ORIENTED_EDGE('',*,*,#3626,.T.);
#443=ORIENTED_EDGE('',*,*,#3357,.F.);
#444=ORIENTED_EDGE('',*,*,#3627,.T.);
#445=ORIENTED_EDGE('',*,*,#3346,.F.);
#446=ORIENTED_EDGE('',*,*,#3628,.T.);
#447=ORIENTED_EDGE('',*,*,#3335,.F.);
#448=ORIENTED_EDGE('',*,*,#3629,.T.);
#449=ORIENTED_EDGE('',*,*,#3324,.F.);
#450=ORIENTED_EDGE('',*,*,#3630,.T.);
#451=ORIENTED_EDGE('',*,*,#3631,.F.);
#452=ORIENTED_EDGE('',*,*,#3632,.F.);
#453=ORIENTED_EDGE('',*,*,#3633,.F.);
#454=ORIENTED_EDGE('',*,*,#3634,.F.);
#455=ORIENTED_EDGE('',*,*,#3635,.F.);
#456=ORIENTED_EDGE('',*,*,#3636,.F.);
#457=ORIENTED_EDGE('',*,*,#3637,.F.);
#458=ORIENTED_EDGE('',*,*,#3638,.F.);
#459=ORIENTED_EDGE('',*,*,#3639,.F.);
#460=ORIENTED_EDGE('',*,*,#3640,.F.);
#461=ORIENTED_EDGE('',*,*,#3641,.F.);
#462=ORIENTED_EDGE('',*,*,#3642,.F.);
#463=ORIENTED_EDGE('',*,*,#3643,.F.);
#464=ORIENTED_EDGE('',*,*,#3644,.F.);
#465=ORIENTED_EDGE('',*,*,#3645,.T.);
#466=ORIENTED_EDGE('',*,*,#3646,.T.);
#467=ORIENTED_EDGE('',*,*,#3647,.T.);
#468=ORIENTED_EDGE('',*,*,#3648,.T.);
#469=ORIENTED_EDGE('',*,*,#3408,.F.);
#470=ORIENTED_EDGE('',*,*,#3649,.F.);
#471=ORIENTED_EDGE('',*,*,#3650,.F.);
#472=ORIENTED_EDGE('',*,*,#3651,.T.);
#473=ORIENTED_EDGE('',*,*,#3404,.F.);
#474=ORIENTED_EDGE('',*,*,#3652,.F.);
#475=ORIENTED_EDGE('',*,*,#3653,.F.);
#476=ORIENTED_EDGE('',*,*,#3654,.T.);
#477=ORIENTED_EDGE('',*,*,#3400,.F.);
#478=ORIENTED_EDGE('',*,*,#3655,.F.);
#479=ORIENTED_EDGE('',*,*,#3656,.F.);
#480=ORIENTED_EDGE('',*,*,#3657,.T.);
#481=ORIENTED_EDGE('',*,*,#3396,.F.);
#482=ORIENTED_EDGE('',*,*,#3658,.F.);
#483=ORIENTED_EDGE('',*,*,#3659,.F.);
#484=ORIENTED_EDGE('',*,*,#3660,.T.);
#485=ORIENTED_EDGE('',*,*,#3392,.F.);
#486=ORIENTED_EDGE('',*,*,#3661,.F.);
#487=ORIENTED_EDGE('',*,*,#3662,.F.);
#488=ORIENTED_EDGE('',*,*,#3663,.T.);
#489=ORIENTED_EDGE('',*,*,#3388,.F.);
#490=ORIENTED_EDGE('',*,*,#3664,.F.);
#491=ORIENTED_EDGE('',*,*,#3665,.F.);
#492=ORIENTED_EDGE('',*,*,#3666,.T.);
#493=ORIENTED_EDGE('',*,*,#3384,.F.);
#494=ORIENTED_EDGE('',*,*,#3667,.F.);
#495=ORIENTED_EDGE('',*,*,#3668,.F.);
#496=ORIENTED_EDGE('',*,*,#3669,.T.);
#497=ORIENTED_EDGE('',*,*,#3380,.F.);
#498=ORIENTED_EDGE('',*,*,#3670,.F.);
#499=ORIENTED_EDGE('',*,*,#3671,.F.);
#500=ORIENTED_EDGE('',*,*,#3672,.T.);
#501=ORIENTED_EDGE('',*,*,#3376,.F.);
#502=ORIENTED_EDGE('',*,*,#3673,.F.);
#503=ORIENTED_EDGE('',*,*,#3674,.F.);
#504=ORIENTED_EDGE('',*,*,#3675,.F.);
#505=ORIENTED_EDGE('',*,*,#3676,.T.);
#506=ORIENTED_EDGE('',*,*,#3677,.T.);
#507=ORIENTED_EDGE('',*,*,#3678,.F.);
#508=ORIENTED_EDGE('',*,*,#3679,.F.);
#509=ORIENTED_EDGE('',*,*,#3680,.T.);
#510=ORIENTED_EDGE('',*,*,#3681,.T.);
#511=ORIENTED_EDGE('',*,*,#3642,.T.);
#512=ORIENTED_EDGE('',*,*,#3682,.T.);
#513=ORIENTED_EDGE('',*,*,#3683,.T.);
#514=ORIENTED_EDGE('',*,*,#3684,.T.);
#515=ORIENTED_EDGE('',*,*,#3598,.F.);
#516=ORIENTED_EDGE('',*,*,#3685,.F.);
#517=ORIENTED_EDGE('',*,*,#3686,.F.);
#518=ORIENTED_EDGE('',*,*,#3687,.T.);
#519=ORIENTED_EDGE('',*,*,#3594,.F.);
#520=ORIENTED_EDGE('',*,*,#3688,.F.);
#521=ORIENTED_EDGE('',*,*,#3689,.F.);
#522=ORIENTED_EDGE('',*,*,#3690,.T.);
#523=ORIENTED_EDGE('',*,*,#3590,.F.);
#524=ORIENTED_EDGE('',*,*,#3691,.F.);
#525=ORIENTED_EDGE('',*,*,#3692,.F.);
#526=ORIENTED_EDGE('',*,*,#3693,.T.);
#527=ORIENTED_EDGE('',*,*,#3586,.F.);
#528=ORIENTED_EDGE('',*,*,#3694,.F.);
#529=ORIENTED_EDGE('',*,*,#3695,.F.);
#530=ORIENTED_EDGE('',*,*,#3696,.T.);
#531=ORIENTED_EDGE('',*,*,#3582,.F.);
#532=ORIENTED_EDGE('',*,*,#3697,.F.);
#533=ORIENTED_EDGE('',*,*,#3698,.F.);
#534=ORIENTED_EDGE('',*,*,#3699,.T.);
#535=ORIENTED_EDGE('',*,*,#3578,.F.);
#536=ORIENTED_EDGE('',*,*,#3700,.F.);
#537=ORIENTED_EDGE('',*,*,#3701,.F.);
#538=ORIENTED_EDGE('',*,*,#3702,.T.);
#539=ORIENTED_EDGE('',*,*,#3574,.F.);
#540=ORIENTED_EDGE('',*,*,#3703,.F.);
#541=ORIENTED_EDGE('',*,*,#3704,.F.);
#542=ORIENTED_EDGE('',*,*,#3705,.T.);
#543=ORIENTED_EDGE('',*,*,#3570,.F.);
#544=ORIENTED_EDGE('',*,*,#3706,.F.);
#545=ORIENTED_EDGE('',*,*,#3707,.F.);
#546=ORIENTED_EDGE('',*,*,#3708,.T.);
#547=ORIENTED_EDGE('',*,*,#3566,.F.);
#548=ORIENTED_EDGE('',*,*,#3709,.F.);
#549=ORIENTED_EDGE('',*,*,#3635,.T.);
#550=ORIENTED_EDGE('',*,*,#3710,.T.);
#551=ORIENTED_EDGE('',*,*,#3711,.T.);
#552=ORIENTED_EDGE('',*,*,#3712,.T.);
#553=ORIENTED_EDGE('',*,*,#3560,.F.);
#554=ORIENTED_EDGE('',*,*,#3713,.F.);
#555=ORIENTED_EDGE('',*,*,#3714,.F.);
#556=ORIENTED_EDGE('',*,*,#3715,.T.);
#557=ORIENTED_EDGE('',*,*,#3556,.F.);
#558=ORIENTED_EDGE('',*,*,#3716,.F.);
#559=ORIENTED_EDGE('',*,*,#3717,.F.);
#560=ORIENTED_EDGE('',*,*,#3718,.T.);
#561=ORIENTED_EDGE('',*,*,#3552,.F.);
#562=ORIENTED_EDGE('',*,*,#3719,.F.);
#563=ORIENTED_EDGE('',*,*,#3720,.F.);
#564=ORIENTED_EDGE('',*,*,#3721,.T.);
#565=ORIENTED_EDGE('',*,*,#3548,.F.);
#566=ORIENTED_EDGE('',*,*,#3722,.F.);
#567=ORIENTED_EDGE('',*,*,#3723,.F.);
#568=ORIENTED_EDGE('',*,*,#3724,.T.);
#569=ORIENTED_EDGE('',*,*,#3544,.F.);
#570=ORIENTED_EDGE('',*,*,#3725,.F.);
#571=ORIENTED_EDGE('',*,*,#3726,.F.);
#572=ORIENTED_EDGE('',*,*,#3727,.T.);
#573=ORIENTED_EDGE('',*,*,#3540,.F.);
#574=ORIENTED_EDGE('',*,*,#3728,.F.);
#575=ORIENTED_EDGE('',*,*,#3729,.F.);
#576=ORIENTED_EDGE('',*,*,#3730,.T.);
#577=ORIENTED_EDGE('',*,*,#3536,.F.);
#578=ORIENTED_EDGE('',*,*,#3731,.F.);
#579=ORIENTED_EDGE('',*,*,#3732,.F.);
#580=ORIENTED_EDGE('',*,*,#3733,.T.);
#581=ORIENTED_EDGE('',*,*,#3532,.F.);
#582=ORIENTED_EDGE('',*,*,#3734,.F.);
#583=ORIENTED_EDGE('',*,*,#3735,.F.);
#584=ORIENTED_EDGE('',*,*,#3736,.T.);
#585=ORIENTED_EDGE('',*,*,#3528,.F.);
#586=ORIENTED_EDGE('',*,*,#3737,.F.);
#587=ORIENTED_EDGE('',*,*,#3738,.F.);
#588=ORIENTED_EDGE('',*,*,#3739,.F.);
#589=ORIENTED_EDGE('',*,*,#3644,.T.);
#590=ORIENTED_EDGE('',*,*,#3740,.T.);
#591=ORIENTED_EDGE('',*,*,#3741,.T.);
#592=ORIENTED_EDGE('',*,*,#3742,.T.);
#593=ORIENTED_EDGE('',*,*,#3743,.T.);
#594=ORIENTED_EDGE('',*,*,#3744,.T.);
#595=ORIENTED_EDGE('',*,*,#3522,.F.);
#596=ORIENTED_EDGE('',*,*,#3745,.F.);
#597=ORIENTED_EDGE('',*,*,#3746,.F.);
#598=ORIENTED_EDGE('',*,*,#3747,.T.);
#599=ORIENTED_EDGE('',*,*,#3518,.F.);
#600=ORIENTED_EDGE('',*,*,#3748,.F.);
#601=ORIENTED_EDGE('',*,*,#3749,.F.);
#602=ORIENTED_EDGE('',*,*,#3750,.T.);
#603=ORIENTED_EDGE('',*,*,#3514,.F.);
#604=ORIENTED_EDGE('',*,*,#3751,.F.);
#605=ORIENTED_EDGE('',*,*,#3752,.F.);
#606=ORIENTED_EDGE('',*,*,#3753,.T.);
#607=ORIENTED_EDGE('',*,*,#3510,.F.);
#608=ORIENTED_EDGE('',*,*,#3754,.F.);
#609=ORIENTED_EDGE('',*,*,#3755,.F.);
#610=ORIENTED_EDGE('',*,*,#3756,.T.);
#611=ORIENTED_EDGE('',*,*,#3506,.F.);
#612=ORIENTED_EDGE('',*,*,#3757,.F.);
#613=ORIENTED_EDGE('',*,*,#3758,.F.);
#614=ORIENTED_EDGE('',*,*,#3759,.T.);
#615=ORIENTED_EDGE('',*,*,#3502,.F.);
#616=ORIENTED_EDGE('',*,*,#3760,.F.);
#617=ORIENTED_EDGE('',*,*,#3761,.F.);
#618=ORIENTED_EDGE('',*,*,#3762,.T.);
#619=ORIENTED_EDGE('',*,*,#3498,.F.);
#620=ORIENTED_EDGE('',*,*,#3763,.F.);
#621=ORIENTED_EDGE('',*,*,#3764,.F.);
#622=ORIENTED_EDGE('',*,*,#3765,.T.);
#623=ORIENTED_EDGE('',*,*,#3494,.F.);
#624=ORIENTED_EDGE('',*,*,#3766,.F.);
#625=ORIENTED_EDGE('',*,*,#3767,.F.);
#626=ORIENTED_EDGE('',*,*,#3768,.T.);
#627=ORIENTED_EDGE('',*,*,#3490,.F.);
#628=ORIENTED_EDGE('',*,*,#3769,.F.);
#629=ORIENTED_EDGE('',*,*,#3770,.F.);
#630=ORIENTED_EDGE('',*,*,#3771,.F.);
#631=ORIENTED_EDGE('',*,*,#3637,.T.);
#632=ORIENTED_EDGE('',*,*,#3772,.T.);
#633=ORIENTED_EDGE('',*,*,#3773,.T.);
#634=ORIENTED_EDGE('',*,*,#3774,.T.);
#635=ORIENTED_EDGE('',*,*,#3775,.T.);
#636=ORIENTED_EDGE('',*,*,#3776,.T.);
#637=ORIENTED_EDGE('',*,*,#3484,.F.);
#638=ORIENTED_EDGE('',*,*,#3777,.F.);
#639=ORIENTED_EDGE('',*,*,#3778,.F.);
#640=ORIENTED_EDGE('',*,*,#3779,.T.);
#641=ORIENTED_EDGE('',*,*,#3480,.F.);
#642=ORIENTED_EDGE('',*,*,#3780,.F.);
#643=ORIENTED_EDGE('',*,*,#3781,.F.);
#644=ORIENTED_EDGE('',*,*,#3782,.T.);
#645=ORIENTED_EDGE('',*,*,#3476,.F.);
#646=ORIENTED_EDGE('',*,*,#3783,.F.);
#647=ORIENTED_EDGE('',*,*,#3784,.F.);
#648=ORIENTED_EDGE('',*,*,#3785,.T.);
#649=ORIENTED_EDGE('',*,*,#3472,.F.);
#650=ORIENTED_EDGE('',*,*,#3786,.F.);
#651=ORIENTED_EDGE('',*,*,#3787,.F.);
#652=ORIENTED_EDGE('',*,*,#3788,.T.);
#653=ORIENTED_EDGE('',*,*,#3468,.F.);
#654=ORIENTED_EDGE('',*,*,#3789,.F.);
#655=ORIENTED_EDGE('',*,*,#3790,.F.);
#656=ORIENTED_EDGE('',*,*,#3791,.T.);
#657=ORIENTED_EDGE('',*,*,#3464,.F.);
#658=ORIENTED_EDGE('',*,*,#3792,.F.);
#659=ORIENTED_EDGE('',*,*,#3793,.F.);
#660=ORIENTED_EDGE('',*,*,#3794,.T.);
#661=ORIENTED_EDGE('',*,*,#3460,.F.);
#662=ORIENTED_EDGE('',*,*,#3795,.F.);
#663=ORIENTED_EDGE('',*,*,#3796,.F.);
#664=ORIENTED_EDGE('',*,*,#3797,.T.);
#665=ORIENTED_EDGE('',*,*,#3456,.F.);
#666=ORIENTED_EDGE('',*,*,#3798,.F.);
#667=ORIENTED_EDGE('',*,*,#3799,.F.);
#668=ORIENTED_EDGE('',*,*,#3800,.T.);
#669=ORIENTED_EDGE('',*,*,#3452,.F.);
#670=ORIENTED_EDGE('',*,*,#3801,.F.);
#671=ORIENTED_EDGE('',*,*,#3802,.F.);
#672=ORIENTED_EDGE('',*,*,#3803,.F.);
#673=ORIENTED_EDGE('',*,*,#3804,.T.);
#674=ORIENTED_EDGE('',*,*,#3805,.T.);
#675=ORIENTED_EDGE('',*,*,#3806,.T.);
#676=ORIENTED_EDGE('',*,*,#3807,.T.);
#677=ORIENTED_EDGE('',*,*,#3808,.T.);
#678=ORIENTED_EDGE('',*,*,#3809,.T.);
#679=ORIENTED_EDGE('',*,*,#3446,.F.);
#680=ORIENTED_EDGE('',*,*,#3810,.F.);
#681=ORIENTED_EDGE('',*,*,#3811,.F.);
#682=ORIENTED_EDGE('',*,*,#3812,.T.);
#683=ORIENTED_EDGE('',*,*,#3442,.F.);
#684=ORIENTED_EDGE('',*,*,#3813,.F.);
#685=ORIENTED_EDGE('',*,*,#3814,.F.);
#686=ORIENTED_EDGE('',*,*,#3815,.T.);
#687=ORIENTED_EDGE('',*,*,#3438,.F.);
#688=ORIENTED_EDGE('',*,*,#3816,.F.);
#689=ORIENTED_EDGE('',*,*,#3817,.F.);
#690=ORIENTED_EDGE('',*,*,#3818,.T.);
#691=ORIENTED_EDGE('',*,*,#3434,.F.);
#692=ORIENTED_EDGE('',*,*,#3819,.F.);
#693=ORIENTED_EDGE('',*,*,#3820,.F.);
#694=ORIENTED_EDGE('',*,*,#3821,.T.);
#695=ORIENTED_EDGE('',*,*,#3430,.F.);
#696=ORIENTED_EDGE('',*,*,#3822,.F.);
#697=ORIENTED_EDGE('',*,*,#3823,.F.);
#698=ORIENTED_EDGE('',*,*,#3824,.T.);
#699=ORIENTED_EDGE('',*,*,#3426,.F.);
#700=ORIENTED_EDGE('',*,*,#3825,.F.);
#701=ORIENTED_EDGE('',*,*,#3826,.F.);
#702=ORIENTED_EDGE('',*,*,#3827,.T.);
#703=ORIENTED_EDGE('',*,*,#3422,.F.);
#704=ORIENTED_EDGE('',*,*,#3828,.F.);
#705=ORIENTED_EDGE('',*,*,#3829,.F.);
#706=ORIENTED_EDGE('',*,*,#3830,.T.);
#707=ORIENTED_EDGE('',*,*,#3418,.F.);
#708=ORIENTED_EDGE('',*,*,#3831,.F.);
#709=ORIENTED_EDGE('',*,*,#3832,.F.);
#710=ORIENTED_EDGE('',*,*,#3833,.T.);
#711=ORIENTED_EDGE('',*,*,#3414,.F.);
#712=ORIENTED_EDGE('',*,*,#3834,.F.);
#713=ORIENTED_EDGE('',*,*,#3835,.F.);
#714=ORIENTED_EDGE('',*,*,#3836,.F.);
#715=ORIENTED_EDGE('',*,*,#3837,.T.);
#716=ORIENTED_EDGE('',*,*,#3838,.T.);
#717=ORIENTED_EDGE('',*,*,#3772,.F.);
#718=ORIENTED_EDGE('',*,*,#3636,.T.);
#719=ORIENTED_EDGE('',*,*,#3740,.F.);
#720=ORIENTED_EDGE('',*,*,#3643,.T.);
#721=ORIENTED_EDGE('',*,*,#3681,.F.);
#722=ORIENTED_EDGE('',*,*,#3839,.T.);
#723=ORIENTED_EDGE('',*,*,#3677,.F.);
#724=ORIENTED_EDGE('',*,*,#3840,.T.);
#725=ORIENTED_EDGE('',*,*,#3838,.F.);
#726=ORIENTED_EDGE('',*,*,#3841,.T.);
#727=ORIENTED_EDGE('',*,*,#3805,.F.);
#728=ORIENTED_EDGE('',*,*,#3842,.T.);
#729=ORIENTED_EDGE('',*,*,#3843,.F.);
#730=ORIENTED_EDGE('',*,*,#3844,.F.);
#731=ORIENTED_EDGE('',*,*,#3845,.F.);
#732=ORIENTED_EDGE('',*,*,#3846,.F.);
#733=ORIENTED_EDGE('',*,*,#3806,.F.);
#734=ORIENTED_EDGE('',*,*,#3840,.F.);
#735=ORIENTED_EDGE('',*,*,#3676,.F.);
#736=ORIENTED_EDGE('',*,*,#3847,.F.);
#737=ORIENTED_EDGE('',*,*,#3848,.F.);
#738=ORIENTED_EDGE('',*,*,#3849,.F.);
#739=ORIENTED_EDGE('',*,*,#3850,.F.);
#740=ORIENTED_EDGE('',*,*,#3773,.F.);
#741=ORIENTED_EDGE('',*,*,#3841,.F.);
#742=ORIENTED_EDGE('',*,*,#3837,.F.);
#743=ORIENTED_EDGE('',*,*,#3851,.F.);
#744=ORIENTED_EDGE('',*,*,#3852,.F.);
#745=ORIENTED_EDGE('',*,*,#3853,.F.);
#746=ORIENTED_EDGE('',*,*,#3854,.F.);
#747=ORIENTED_EDGE('',*,*,#3741,.F.);
#748=ORIENTED_EDGE('',*,*,#3842,.F.);
#749=ORIENTED_EDGE('',*,*,#3804,.F.);
#750=ORIENTED_EDGE('',*,*,#3855,.F.);
#751=ORIENTED_EDGE('',*,*,#3856,.F.);
#752=ORIENTED_EDGE('',*,*,#3857,.F.);
#753=ORIENTED_EDGE('',*,*,#3858,.F.);
#754=ORIENTED_EDGE('',*,*,#3645,.F.);
#755=ORIENTED_EDGE('',*,*,#3839,.F.);
#756=ORIENTED_EDGE('',*,*,#3680,.F.);
#757=ORIENTED_EDGE('',*,*,#3601,.T.);
#758=ORIENTED_EDGE('',*,*,#3369,.T.);
#759=ORIENTED_EDGE('',*,*,#3625,.F.);
#760=ORIENTED_EDGE('',*,*,#3312,.T.);
#761=ORIENTED_EDGE('',*,*,#3630,.F.);
#762=ORIENTED_EDGE('',*,*,#3323,.T.);
#763=ORIENTED_EDGE('',*,*,#3411,.T.);
#764=ORIENTED_EDGE('',*,*,#3314,.T.);
#765=ORIENTED_EDGE('',*,*,#3563,.T.);
#766=ORIENTED_EDGE('',*,*,#3358,.T.);
#767=ORIENTED_EDGE('',*,*,#3626,.F.);
#768=ORIENTED_EDGE('',*,*,#3367,.T.);
#769=ORIENTED_EDGE('',*,*,#3525,.T.);
#770=ORIENTED_EDGE('',*,*,#3347,.T.);
#771=ORIENTED_EDGE('',*,*,#3627,.F.);
#772=ORIENTED_EDGE('',*,*,#3356,.T.);
#773=ORIENTED_EDGE('',*,*,#3487,.T.);
#774=ORIENTED_EDGE('',*,*,#3336,.T.);
#775=ORIENTED_EDGE('',*,*,#3628,.F.);
#776=ORIENTED_EDGE('',*,*,#3345,.T.);
#777=ORIENTED_EDGE('',*,*,#3449,.T.);
#778=ORIENTED_EDGE('',*,*,#3325,.T.);
#779=ORIENTED_EDGE('',*,*,#3629,.F.);
#780=ORIENTED_EDGE('',*,*,#3334,.T.);
#781=ORIENTED_EDGE('',*,*,#3603,.T.);
#782=ORIENTED_EDGE('',*,*,#3859,.T.);
#783=ORIENTED_EDGE('',*,*,#3860,.F.);
#784=ORIENTED_EDGE('',*,*,#3861,.F.);
#785=ORIENTED_EDGE('',*,*,#3860,.T.);
#786=ORIENTED_EDGE('',*,*,#3862,.T.);
#787=ORIENTED_EDGE('',*,*,#3863,.F.);
#788=ORIENTED_EDGE('',*,*,#3864,.T.);
#789=ORIENTED_EDGE('',*,*,#3865,.T.);
#790=ORIENTED_EDGE('',*,*,#3609,.F.);
#791=ORIENTED_EDGE('',*,*,#3866,.F.);
#792=ORIENTED_EDGE('',*,*,#3611,.T.);
#793=ORIENTED_EDGE('',*,*,#3608,.T.);
#794=ORIENTED_EDGE('',*,*,#3604,.T.);
#795=ORIENTED_EDGE('',*,*,#3861,.T.);
#796=ORIENTED_EDGE('',*,*,#3863,.T.);
#797=ORIENTED_EDGE('',*,*,#3866,.T.);
#798=ORIENTED_EDGE('',*,*,#3865,.F.);
#799=ORIENTED_EDGE('',*,*,#3622,.F.);
#800=ORIENTED_EDGE('',*,*,#3867,.T.);
#801=ORIENTED_EDGE('',*,*,#3868,.T.);
#802=ORIENTED_EDGE('',*,*,#3867,.F.);
#803=ORIENTED_EDGE('',*,*,#3621,.T.);
#804=ORIENTED_EDGE('',*,*,#3869,.F.);
#805=ORIENTED_EDGE('',*,*,#3610,.F.);
#806=ORIENTED_EDGE('',*,*,#3870,.F.);
#807=ORIENTED_EDGE('',*,*,#3871,.T.);
#808=ORIENTED_EDGE('',*,*,#3872,.T.);
#809=ORIENTED_EDGE('',*,*,#3871,.F.);
#810=ORIENTED_EDGE('',*,*,#3873,.F.);
#811=ORIENTED_EDGE('',*,*,#3619,.F.);
#812=ORIENTED_EDGE('',*,*,#3874,.F.);
#813=ORIENTED_EDGE('',*,*,#3607,.F.);
#814=ORIENTED_EDGE('',*,*,#3875,.F.);
#815=ORIENTED_EDGE('',*,*,#3876,.T.);
#816=ORIENTED_EDGE('',*,*,#3877,.T.);
#817=ORIENTED_EDGE('',*,*,#3876,.F.);
#818=ORIENTED_EDGE('',*,*,#3878,.F.);
#819=ORIENTED_EDGE('',*,*,#3617,.F.);
#820=ORIENTED_EDGE('',*,*,#3879,.F.);
#821=ORIENTED_EDGE('',*,*,#3602,.T.);
#822=ORIENTED_EDGE('',*,*,#3880,.F.);
#823=ORIENTED_EDGE('',*,*,#3881,.F.);
#824=ORIENTED_EDGE('',*,*,#3882,.T.);
#825=ORIENTED_EDGE('',*,*,#3881,.T.);
#826=ORIENTED_EDGE('',*,*,#3883,.F.);
#827=ORIENTED_EDGE('',*,*,#3615,.T.);
#828=ORIENTED_EDGE('',*,*,#3884,.F.);
#829=ORIENTED_EDGE('',*,*,#3859,.F.);
#830=ORIENTED_EDGE('',*,*,#3885,.F.);
#831=ORIENTED_EDGE('',*,*,#3886,.T.);
#832=ORIENTED_EDGE('',*,*,#3887,.T.);
#833=ORIENTED_EDGE('',*,*,#3886,.F.);
#834=ORIENTED_EDGE('',*,*,#3888,.F.);
#835=ORIENTED_EDGE('',*,*,#3613,.F.);
#836=ORIENTED_EDGE('',*,*,#3889,.F.);
#837=ORIENTED_EDGE('',*,*,#3862,.F.);
#838=ORIENTED_EDGE('',*,*,#3890,.F.);
#839=ORIENTED_EDGE('',*,*,#3891,.T.);
#840=ORIENTED_EDGE('',*,*,#3892,.T.);
#841=ORIENTED_EDGE('',*,*,#3864,.F.);
#842=ORIENTED_EDGE('',*,*,#3892,.F.);
#843=ORIENTED_EDGE('',*,*,#3893,.T.);
#844=ORIENTED_EDGE('',*,*,#3623,.T.);
#845=ORIENTED_EDGE('',*,*,#3891,.F.);
#846=ORIENTED_EDGE('',*,*,#3894,.F.);
#847=ORIENTED_EDGE('',*,*,#3624,.T.);
#848=ORIENTED_EDGE('',*,*,#3893,.F.);
#849=ORIENTED_EDGE('',*,*,#3895,.T.);
#850=ORIENTED_EDGE('',*,*,#3870,.T.);
#851=ORIENTED_EDGE('',*,*,#3868,.F.);
#852=ORIENTED_EDGE('',*,*,#3869,.T.);
#853=ORIENTED_EDGE('',*,*,#3620,.T.);
#854=ORIENTED_EDGE('',*,*,#3873,.T.);
#855=ORIENTED_EDGE('',*,*,#3895,.F.);
#856=ORIENTED_EDGE('',*,*,#3896,.T.);
#857=ORIENTED_EDGE('',*,*,#3875,.T.);
#858=ORIENTED_EDGE('',*,*,#3872,.F.);
#859=ORIENTED_EDGE('',*,*,#3874,.T.);
#860=ORIENTED_EDGE('',*,*,#3618,.T.);
#861=ORIENTED_EDGE('',*,*,#3878,.T.);
#862=ORIENTED_EDGE('',*,*,#3896,.F.);
#863=ORIENTED_EDGE('',*,*,#3897,.T.);
#864=ORIENTED_EDGE('',*,*,#3880,.T.);
#865=ORIENTED_EDGE('',*,*,#3877,.F.);
#866=ORIENTED_EDGE('',*,*,#3879,.T.);
#867=ORIENTED_EDGE('',*,*,#3616,.T.);
#868=ORIENTED_EDGE('',*,*,#3883,.T.);
#869=ORIENTED_EDGE('',*,*,#3897,.F.);
#870=ORIENTED_EDGE('',*,*,#3898,.F.);
#871=ORIENTED_EDGE('',*,*,#3885,.T.);
#872=ORIENTED_EDGE('',*,*,#3882,.F.);
#873=ORIENTED_EDGE('',*,*,#3614,.F.);
#874=ORIENTED_EDGE('',*,*,#3888,.T.);
#875=ORIENTED_EDGE('',*,*,#3898,.T.);
#876=ORIENTED_EDGE('',*,*,#3884,.T.);
#877=ORIENTED_EDGE('',*,*,#3899,.T.);
#878=ORIENTED_EDGE('',*,*,#3890,.T.);
#879=ORIENTED_EDGE('',*,*,#3887,.F.);
#880=ORIENTED_EDGE('',*,*,#3889,.T.);
#881=ORIENTED_EDGE('',*,*,#3612,.T.);
#882=ORIENTED_EDGE('',*,*,#3894,.T.);
#883=ORIENTED_EDGE('',*,*,#3899,.F.);
#884=ORIENTED_EDGE('',*,*,#3595,.F.);
#885=ORIENTED_EDGE('',*,*,#3687,.F.);
#886=ORIENTED_EDGE('',*,*,#3900,.T.);
#887=ORIENTED_EDGE('',*,*,#3901,.T.);
#888=ORIENTED_EDGE('',*,*,#3597,.F.);
#889=ORIENTED_EDGE('',*,*,#3902,.F.);
#890=ORIENTED_EDGE('',*,*,#3903,.T.);
#891=ORIENTED_EDGE('',*,*,#3685,.T.);
#892=ORIENTED_EDGE('',*,*,#3596,.F.);
#893=ORIENTED_EDGE('',*,*,#3901,.F.);
#894=ORIENTED_EDGE('',*,*,#3904,.T.);
#895=ORIENTED_EDGE('',*,*,#3902,.T.);
#896=ORIENTED_EDGE('',*,*,#3900,.F.);
#897=ORIENTED_EDGE('',*,*,#3686,.T.);
#898=ORIENTED_EDGE('',*,*,#3903,.F.);
#899=ORIENTED_EDGE('',*,*,#3904,.F.);
#900=ORIENTED_EDGE('',*,*,#3591,.F.);
#901=ORIENTED_EDGE('',*,*,#3690,.F.);
#902=ORIENTED_EDGE('',*,*,#3905,.T.);
#903=ORIENTED_EDGE('',*,*,#3906,.T.);
#904=ORIENTED_EDGE('',*,*,#3593,.F.);
#905=ORIENTED_EDGE('',*,*,#3907,.F.);
#906=ORIENTED_EDGE('',*,*,#3908,.T.);
#907=ORIENTED_EDGE('',*,*,#3688,.T.);
#908=ORIENTED_EDGE('',*,*,#3592,.F.);
#909=ORIENTED_EDGE('',*,*,#3906,.F.);
#910=ORIENTED_EDGE('',*,*,#3909,.T.);
#911=ORIENTED_EDGE('',*,*,#3907,.T.);
#912=ORIENTED_EDGE('',*,*,#3905,.F.);
#913=ORIENTED_EDGE('',*,*,#3689,.T.);
#914=ORIENTED_EDGE('',*,*,#3908,.F.);
#915=ORIENTED_EDGE('',*,*,#3909,.F.);
#916=ORIENTED_EDGE('',*,*,#3587,.F.);
#917=ORIENTED_EDGE('',*,*,#3693,.F.);
#918=ORIENTED_EDGE('',*,*,#3910,.T.);
#919=ORIENTED_EDGE('',*,*,#3911,.T.);
#920=ORIENTED_EDGE('',*,*,#3589,.F.);
#921=ORIENTED_EDGE('',*,*,#3912,.F.);
#922=ORIENTED_EDGE('',*,*,#3913,.T.);
#923=ORIENTED_EDGE('',*,*,#3691,.T.);
#924=ORIENTED_EDGE('',*,*,#3588,.F.);
#925=ORIENTED_EDGE('',*,*,#3911,.F.);
#926=ORIENTED_EDGE('',*,*,#3914,.T.);
#927=ORIENTED_EDGE('',*,*,#3912,.T.);
#928=ORIENTED_EDGE('',*,*,#3910,.F.);
#929=ORIENTED_EDGE('',*,*,#3692,.T.);
#930=ORIENTED_EDGE('',*,*,#3913,.F.);
#931=ORIENTED_EDGE('',*,*,#3914,.F.);
#932=ORIENTED_EDGE('',*,*,#3583,.F.);
#933=ORIENTED_EDGE('',*,*,#3696,.F.);
#934=ORIENTED_EDGE('',*,*,#3915,.T.);
#935=ORIENTED_EDGE('',*,*,#3916,.T.);
#936=ORIENTED_EDGE('',*,*,#3585,.F.);
#937=ORIENTED_EDGE('',*,*,#3917,.F.);
#938=ORIENTED_EDGE('',*,*,#3918,.T.);
#939=ORIENTED_EDGE('',*,*,#3694,.T.);
#940=ORIENTED_EDGE('',*,*,#3584,.F.);
#941=ORIENTED_EDGE('',*,*,#3916,.F.);
#942=ORIENTED_EDGE('',*,*,#3919,.T.);
#943=ORIENTED_EDGE('',*,*,#3917,.T.);
#944=ORIENTED_EDGE('',*,*,#3915,.F.);
#945=ORIENTED_EDGE('',*,*,#3695,.T.);
#946=ORIENTED_EDGE('',*,*,#3918,.F.);
#947=ORIENTED_EDGE('',*,*,#3919,.F.);
#948=ORIENTED_EDGE('',*,*,#3579,.F.);
#949=ORIENTED_EDGE('',*,*,#3699,.F.);
#950=ORIENTED_EDGE('',*,*,#3920,.T.);
#951=ORIENTED_EDGE('',*,*,#3921,.T.);
#952=ORIENTED_EDGE('',*,*,#3581,.F.);
#953=ORIENTED_EDGE('',*,*,#3922,.F.);
#954=ORIENTED_EDGE('',*,*,#3923,.T.);
#955=ORIENTED_EDGE('',*,*,#3697,.T.);
#956=ORIENTED_EDGE('',*,*,#3580,.F.);
#957=ORIENTED_EDGE('',*,*,#3921,.F.);
#958=ORIENTED_EDGE('',*,*,#3924,.T.);
#959=ORIENTED_EDGE('',*,*,#3922,.T.);
#960=ORIENTED_EDGE('',*,*,#3920,.F.);
#961=ORIENTED_EDGE('',*,*,#3698,.T.);
#962=ORIENTED_EDGE('',*,*,#3923,.F.);
#963=ORIENTED_EDGE('',*,*,#3924,.F.);
#964=ORIENTED_EDGE('',*,*,#3575,.F.);
#965=ORIENTED_EDGE('',*,*,#3702,.F.);
#966=ORIENTED_EDGE('',*,*,#3925,.T.);
#967=ORIENTED_EDGE('',*,*,#3926,.T.);
#968=ORIENTED_EDGE('',*,*,#3577,.F.);
#969=ORIENTED_EDGE('',*,*,#3927,.F.);
#970=ORIENTED_EDGE('',*,*,#3928,.T.);
#971=ORIENTED_EDGE('',*,*,#3700,.T.);
#972=ORIENTED_EDGE('',*,*,#3576,.F.);
#973=ORIENTED_EDGE('',*,*,#3926,.F.);
#974=ORIENTED_EDGE('',*,*,#3929,.T.);
#975=ORIENTED_EDGE('',*,*,#3927,.T.);
#976=ORIENTED_EDGE('',*,*,#3925,.F.);
#977=ORIENTED_EDGE('',*,*,#3701,.T.);
#978=ORIENTED_EDGE('',*,*,#3928,.F.);
#979=ORIENTED_EDGE('',*,*,#3929,.F.);
#980=ORIENTED_EDGE('',*,*,#3571,.F.);
#981=ORIENTED_EDGE('',*,*,#3705,.F.);
#982=ORIENTED_EDGE('',*,*,#3930,.T.);
#983=ORIENTED_EDGE('',*,*,#3931,.T.);
#984=ORIENTED_EDGE('',*,*,#3573,.F.);
#985=ORIENTED_EDGE('',*,*,#3932,.F.);
#986=ORIENTED_EDGE('',*,*,#3933,.T.);
#987=ORIENTED_EDGE('',*,*,#3703,.T.);
#988=ORIENTED_EDGE('',*,*,#3572,.F.);
#989=ORIENTED_EDGE('',*,*,#3931,.F.);
#990=ORIENTED_EDGE('',*,*,#3934,.T.);
#991=ORIENTED_EDGE('',*,*,#3932,.T.);
#992=ORIENTED_EDGE('',*,*,#3930,.F.);
#993=ORIENTED_EDGE('',*,*,#3704,.T.);
#994=ORIENTED_EDGE('',*,*,#3933,.F.);
#995=ORIENTED_EDGE('',*,*,#3934,.F.);
#996=ORIENTED_EDGE('',*,*,#3567,.F.);
#997=ORIENTED_EDGE('',*,*,#3708,.F.);
#998=ORIENTED_EDGE('',*,*,#3935,.T.);
#999=ORIENTED_EDGE('',*,*,#3936,.T.);
#1000=ORIENTED_EDGE('',*,*,#3569,.F.);
#1001=ORIENTED_EDGE('',*,*,#3937,.F.);
#1002=ORIENTED_EDGE('',*,*,#3938,.T.);
#1003=ORIENTED_EDGE('',*,*,#3706,.T.);
#1004=ORIENTED_EDGE('',*,*,#3568,.F.);
#1005=ORIENTED_EDGE('',*,*,#3936,.F.);
#1006=ORIENTED_EDGE('',*,*,#3939,.T.);
#1007=ORIENTED_EDGE('',*,*,#3937,.T.);
#1008=ORIENTED_EDGE('',*,*,#3935,.F.);
#1009=ORIENTED_EDGE('',*,*,#3707,.T.);
#1010=ORIENTED_EDGE('',*,*,#3938,.F.);
#1011=ORIENTED_EDGE('',*,*,#3939,.F.);
#1012=ORIENTED_EDGE('',*,*,#3564,.F.);
#1013=ORIENTED_EDGE('',*,*,#3310,.F.);
#1014=ORIENTED_EDGE('',*,*,#3940,.T.);
#1015=ORIENTED_EDGE('',*,*,#3941,.T.);
#1016=ORIENTED_EDGE('',*,*,#3565,.F.);
#1017=ORIENTED_EDGE('',*,*,#3941,.F.);
#1018=ORIENTED_EDGE('',*,*,#3942,.T.);
#1019=ORIENTED_EDGE('',*,*,#3709,.T.);
#1020=ORIENTED_EDGE('',*,*,#3943,.F.);
#1021=ORIENTED_EDGE('',*,*,#3678,.T.);
#1022=ORIENTED_EDGE('',*,*,#3942,.F.);
#1023=ORIENTED_EDGE('',*,*,#3940,.F.);
#1024=ORIENTED_EDGE('',*,*,#3309,.T.);
#1025=ORIENTED_EDGE('',*,*,#3600,.F.);
#1026=ORIENTED_EDGE('',*,*,#3944,.F.);
#1027=ORIENTED_EDGE('',*,*,#3945,.T.);
#1028=ORIENTED_EDGE('',*,*,#3371,.T.);
#1029=ORIENTED_EDGE('',*,*,#3599,.F.);
#1030=ORIENTED_EDGE('',*,*,#3684,.F.);
#1031=ORIENTED_EDGE('',*,*,#3946,.T.);
#1032=ORIENTED_EDGE('',*,*,#3944,.T.);
#1033=ORIENTED_EDGE('',*,*,#3947,.F.);
#1034=ORIENTED_EDGE('',*,*,#3372,.T.);
#1035=ORIENTED_EDGE('',*,*,#3945,.F.);
#1036=ORIENTED_EDGE('',*,*,#3946,.F.);
#1037=ORIENTED_EDGE('',*,*,#3683,.F.);
#1038=ORIENTED_EDGE('',*,*,#3557,.F.);
#1039=ORIENTED_EDGE('',*,*,#3715,.F.);
#1040=ORIENTED_EDGE('',*,*,#3948,.T.);
#1041=ORIENTED_EDGE('',*,*,#3949,.T.);
#1042=ORIENTED_EDGE('',*,*,#3559,.F.);
#1043=ORIENTED_EDGE('',*,*,#3950,.F.);
#1044=ORIENTED_EDGE('',*,*,#3951,.T.);
#1045=ORIENTED_EDGE('',*,*,#3713,.T.);
#1046=ORIENTED_EDGE('',*,*,#3558,.F.);
#1047=ORIENTED_EDGE('',*,*,#3949,.F.);
#1048=ORIENTED_EDGE('',*,*,#3952,.T.);
#1049=ORIENTED_EDGE('',*,*,#3950,.T.);
#1050=ORIENTED_EDGE('',*,*,#3948,.F.);
#1051=ORIENTED_EDGE('',*,*,#3714,.T.);
#1052=ORIENTED_EDGE('',*,*,#3951,.F.);
#1053=ORIENTED_EDGE('',*,*,#3952,.F.);
#1054=ORIENTED_EDGE('',*,*,#3553,.F.);
#1055=ORIENTED_EDGE('',*,*,#3718,.F.);
#1056=ORIENTED_EDGE('',*,*,#3953,.T.);
#1057=ORIENTED_EDGE('',*,*,#3954,.T.);
#1058=ORIENTED_EDGE('',*,*,#3555,.F.);
#1059=ORIENTED_EDGE('',*,*,#3955,.F.);
#1060=ORIENTED_EDGE('',*,*,#3956,.T.);
#1061=ORIENTED_EDGE('',*,*,#3716,.T.);
#1062=ORIENTED_EDGE('',*,*,#3554,.F.);
#1063=ORIENTED_EDGE('',*,*,#3954,.F.);
#1064=ORIENTED_EDGE('',*,*,#3957,.T.);
#1065=ORIENTED_EDGE('',*,*,#3955,.T.);
#1066=ORIENTED_EDGE('',*,*,#3953,.F.);
#1067=ORIENTED_EDGE('',*,*,#3717,.T.);
#1068=ORIENTED_EDGE('',*,*,#3956,.F.);
#1069=ORIENTED_EDGE('',*,*,#3957,.F.);
#1070=ORIENTED_EDGE('',*,*,#3549,.F.);
#1071=ORIENTED_EDGE('',*,*,#3721,.F.);
#1072=ORIENTED_EDGE('',*,*,#3958,.T.);
#1073=ORIENTED_EDGE('',*,*,#3959,.T.);
#1074=ORIENTED_EDGE('',*,*,#3551,.F.);
#1075=ORIENTED_EDGE('',*,*,#3960,.F.);
#1076=ORIENTED_EDGE('',*,*,#3961,.T.);
#1077=ORIENTED_EDGE('',*,*,#3719,.T.);
#1078=ORIENTED_EDGE('',*,*,#3550,.F.);
#1079=ORIENTED_EDGE('',*,*,#3959,.F.);
#1080=ORIENTED_EDGE('',*,*,#3962,.T.);
#1081=ORIENTED_EDGE('',*,*,#3960,.T.);
#1082=ORIENTED_EDGE('',*,*,#3958,.F.);
#1083=ORIENTED_EDGE('',*,*,#3720,.T.);
#1084=ORIENTED_EDGE('',*,*,#3961,.F.);
#1085=ORIENTED_EDGE('',*,*,#3962,.F.);
#1086=ORIENTED_EDGE('',*,*,#3545,.F.);
#1087=ORIENTED_EDGE('',*,*,#3724,.F.);
#1088=ORIENTED_EDGE('',*,*,#3963,.T.);
#1089=ORIENTED_EDGE('',*,*,#3964,.T.);
#1090=ORIENTED_EDGE('',*,*,#3547,.F.);
#1091=ORIENTED_EDGE('',*,*,#3965,.F.);
#1092=ORIENTED_EDGE('',*,*,#3966,.T.);
#1093=ORIENTED_EDGE('',*,*,#3722,.T.);
#1094=ORIENTED_EDGE('',*,*,#3546,.F.);
#1095=ORIENTED_EDGE('',*,*,#3964,.F.);
#1096=ORIENTED_EDGE('',*,*,#3967,.T.);
#1097=ORIENTED_EDGE('',*,*,#3965,.T.);
#1098=ORIENTED_EDGE('',*,*,#3963,.F.);
#1099=ORIENTED_EDGE('',*,*,#3723,.T.);
#1100=ORIENTED_EDGE('',*,*,#3966,.F.);
#1101=ORIENTED_EDGE('',*,*,#3967,.F.);
#1102=ORIENTED_EDGE('',*,*,#3541,.F.);
#1103=ORIENTED_EDGE('',*,*,#3727,.F.);
#1104=ORIENTED_EDGE('',*,*,#3968,.T.);
#1105=ORIENTED_EDGE('',*,*,#3969,.T.);
#1106=ORIENTED_EDGE('',*,*,#3543,.F.);
#1107=ORIENTED_EDGE('',*,*,#3970,.F.);
#1108=ORIENTED_EDGE('',*,*,#3971,.T.);
#1109=ORIENTED_EDGE('',*,*,#3725,.T.);
#1110=ORIENTED_EDGE('',*,*,#3542,.F.);
#1111=ORIENTED_EDGE('',*,*,#3969,.F.);
#1112=ORIENTED_EDGE('',*,*,#3972,.T.);
#1113=ORIENTED_EDGE('',*,*,#3970,.T.);
#1114=ORIENTED_EDGE('',*,*,#3968,.F.);
#1115=ORIENTED_EDGE('',*,*,#3726,.T.);
#1116=ORIENTED_EDGE('',*,*,#3971,.F.);
#1117=ORIENTED_EDGE('',*,*,#3972,.F.);
#1118=ORIENTED_EDGE('',*,*,#3537,.F.);
#1119=ORIENTED_EDGE('',*,*,#3730,.F.);
#1120=ORIENTED_EDGE('',*,*,#3973,.T.);
#1121=ORIENTED_EDGE('',*,*,#3974,.T.);
#1122=ORIENTED_EDGE('',*,*,#3539,.F.);
#1123=ORIENTED_EDGE('',*,*,#3975,.F.);
#1124=ORIENTED_EDGE('',*,*,#3976,.T.);
#1125=ORIENTED_EDGE('',*,*,#3728,.T.);
#1126=ORIENTED_EDGE('',*,*,#3538,.F.);
#1127=ORIENTED_EDGE('',*,*,#3974,.F.);
#1128=ORIENTED_EDGE('',*,*,#3977,.T.);
#1129=ORIENTED_EDGE('',*,*,#3975,.T.);
#1130=ORIENTED_EDGE('',*,*,#3973,.F.);
#1131=ORIENTED_EDGE('',*,*,#3729,.T.);
#1132=ORIENTED_EDGE('',*,*,#3976,.F.);
#1133=ORIENTED_EDGE('',*,*,#3977,.F.);
#1134=ORIENTED_EDGE('',*,*,#3533,.F.);
#1135=ORIENTED_EDGE('',*,*,#3733,.F.);
#1136=ORIENTED_EDGE('',*,*,#3978,.T.);
#1137=ORIENTED_EDGE('',*,*,#3979,.T.);
#1138=ORIENTED_EDGE('',*,*,#3535,.F.);
#1139=ORIENTED_EDGE('',*,*,#3980,.F.);
#1140=ORIENTED_EDGE('',*,*,#3981,.T.);
#1141=ORIENTED_EDGE('',*,*,#3731,.T.);
#1142=ORIENTED_EDGE('',*,*,#3534,.F.);
#1143=ORIENTED_EDGE('',*,*,#3979,.F.);
#1144=ORIENTED_EDGE('',*,*,#3982,.T.);
#1145=ORIENTED_EDGE('',*,*,#3980,.T.);
#1146=ORIENTED_EDGE('',*,*,#3978,.F.);
#1147=ORIENTED_EDGE('',*,*,#3732,.T.);
#1148=ORIENTED_EDGE('',*,*,#3981,.F.);
#1149=ORIENTED_EDGE('',*,*,#3982,.F.);
#1150=ORIENTED_EDGE('',*,*,#3529,.F.);
#1151=ORIENTED_EDGE('',*,*,#3736,.F.);
#1152=ORIENTED_EDGE('',*,*,#3983,.T.);
#1153=ORIENTED_EDGE('',*,*,#3984,.T.);
#1154=ORIENTED_EDGE('',*,*,#3531,.F.);
#1155=ORIENTED_EDGE('',*,*,#3985,.F.);
#1156=ORIENTED_EDGE('',*,*,#3986,.T.);
#1157=ORIENTED_EDGE('',*,*,#3734,.T.);
#1158=ORIENTED_EDGE('',*,*,#3530,.F.);
#1159=ORIENTED_EDGE('',*,*,#3984,.F.);
#1160=ORIENTED_EDGE('',*,*,#3987,.T.);
#1161=ORIENTED_EDGE('',*,*,#3985,.T.);
#1162=ORIENTED_EDGE('',*,*,#3983,.F.);
#1163=ORIENTED_EDGE('',*,*,#3735,.T.);
#1164=ORIENTED_EDGE('',*,*,#3986,.F.);
#1165=ORIENTED_EDGE('',*,*,#3987,.F.);
#1166=ORIENTED_EDGE('',*,*,#3526,.F.);
#1167=ORIENTED_EDGE('',*,*,#3365,.F.);
#1168=ORIENTED_EDGE('',*,*,#3988,.T.);
#1169=ORIENTED_EDGE('',*,*,#3989,.T.);
#1170=ORIENTED_EDGE('',*,*,#3527,.F.);
#1171=ORIENTED_EDGE('',*,*,#3989,.F.);
#1172=ORIENTED_EDGE('',*,*,#3990,.T.);
#1173=ORIENTED_EDGE('',*,*,#3737,.T.);
#1174=ORIENTED_EDGE('',*,*,#3991,.F.);
#1175=ORIENTED_EDGE('',*,*,#3738,.T.);
#1176=ORIENTED_EDGE('',*,*,#3990,.F.);
#1177=ORIENTED_EDGE('',*,*,#3988,.F.);
#1178=ORIENTED_EDGE('',*,*,#3364,.T.);
#1179=ORIENTED_EDGE('',*,*,#3562,.F.);
#1180=ORIENTED_EDGE('',*,*,#3992,.F.);
#1181=ORIENTED_EDGE('',*,*,#3993,.T.);
#1182=ORIENTED_EDGE('',*,*,#3360,.T.);
#1183=ORIENTED_EDGE('',*,*,#3561,.F.);
#1184=ORIENTED_EDGE('',*,*,#3712,.F.);
#1185=ORIENTED_EDGE('',*,*,#3994,.T.);
#1186=ORIENTED_EDGE('',*,*,#3992,.T.);
#1187=ORIENTED_EDGE('',*,*,#3995,.F.);
#1188=ORIENTED_EDGE('',*,*,#3361,.T.);
#1189=ORIENTED_EDGE('',*,*,#3993,.F.);
#1190=ORIENTED_EDGE('',*,*,#3994,.F.);
#1191=ORIENTED_EDGE('',*,*,#3711,.F.);
#1192=ORIENTED_EDGE('',*,*,#3519,.F.);
#1193=ORIENTED_EDGE('',*,*,#3747,.F.);
#1194=ORIENTED_EDGE('',*,*,#3996,.T.);
#1195=ORIENTED_EDGE('',*,*,#3997,.T.);
#1196=ORIENTED_EDGE('',*,*,#3521,.F.);
#1197=ORIENTED_EDGE('',*,*,#3998,.F.);
#1198=ORIENTED_EDGE('',*,*,#3999,.T.);
#1199=ORIENTED_EDGE('',*,*,#3745,.T.);
#1200=ORIENTED_EDGE('',*,*,#3520,.F.);
#1201=ORIENTED_EDGE('',*,*,#3997,.F.);
#1202=ORIENTED_EDGE('',*,*,#4000,.T.);
#1203=ORIENTED_EDGE('',*,*,#3998,.T.);
#1204=ORIENTED_EDGE('',*,*,#3996,.F.);
#1205=ORIENTED_EDGE('',*,*,#3746,.T.);
#1206=ORIENTED_EDGE('',*,*,#3999,.F.);
#1207=ORIENTED_EDGE('',*,*,#4000,.F.);
#1208=ORIENTED_EDGE('',*,*,#3515,.F.);
#1209=ORIENTED_EDGE('',*,*,#3750,.F.);
#1210=ORIENTED_EDGE('',*,*,#4001,.T.);
#1211=ORIENTED_EDGE('',*,*,#4002,.T.);
#1212=ORIENTED_EDGE('',*,*,#3517,.F.);
#1213=ORIENTED_EDGE('',*,*,#4003,.F.);
#1214=ORIENTED_EDGE('',*,*,#4004,.T.);
#1215=ORIENTED_EDGE('',*,*,#3748,.T.);
#1216=ORIENTED_EDGE('',*,*,#3516,.F.);
#1217=ORIENTED_EDGE('',*,*,#4002,.F.);
#1218=ORIENTED_EDGE('',*,*,#4005,.T.);
#1219=ORIENTED_EDGE('',*,*,#4003,.T.);
#1220=ORIENTED_EDGE('',*,*,#4001,.F.);
#1221=ORIENTED_EDGE('',*,*,#3749,.T.);
#1222=ORIENTED_EDGE('',*,*,#4004,.F.);
#1223=ORIENTED_EDGE('',*,*,#4005,.F.);
#1224=ORIENTED_EDGE('',*,*,#3511,.F.);
#1225=ORIENTED_EDGE('',*,*,#3753,.F.);
#1226=ORIENTED_EDGE('',*,*,#4006,.T.);
#1227=ORIENTED_EDGE('',*,*,#4007,.T.);
#1228=ORIENTED_EDGE('',*,*,#3513,.F.);
#1229=ORIENTED_EDGE('',*,*,#4008,.F.);
#1230=ORIENTED_EDGE('',*,*,#4009,.T.);
#1231=ORIENTED_EDGE('',*,*,#3751,.T.);
#1232=ORIENTED_EDGE('',*,*,#3512,.F.);
#1233=ORIENTED_EDGE('',*,*,#4007,.F.);
#1234=ORIENTED_EDGE('',*,*,#4010,.T.);
#1235=ORIENTED_EDGE('',*,*,#4008,.T.);
#1236=ORIENTED_EDGE('',*,*,#4006,.F.);
#1237=ORIENTED_EDGE('',*,*,#3752,.T.);
#1238=ORIENTED_EDGE('',*,*,#4009,.F.);
#1239=ORIENTED_EDGE('',*,*,#4010,.F.);
#1240=ORIENTED_EDGE('',*,*,#3507,.F.);
#1241=ORIENTED_EDGE('',*,*,#3756,.F.);
#1242=ORIENTED_EDGE('',*,*,#4011,.T.);
#1243=ORIENTED_EDGE('',*,*,#4012,.T.);
#1244=ORIENTED_EDGE('',*,*,#3509,.F.);
#1245=ORIENTED_EDGE('',*,*,#4013,.F.);
#1246=ORIENTED_EDGE('',*,*,#4014,.T.);
#1247=ORIENTED_EDGE('',*,*,#3754,.T.);
#1248=ORIENTED_EDGE('',*,*,#3508,.F.);
#1249=ORIENTED_EDGE('',*,*,#4012,.F.);
#1250=ORIENTED_EDGE('',*,*,#4015,.T.);
#1251=ORIENTED_EDGE('',*,*,#4013,.T.);
#1252=ORIENTED_EDGE('',*,*,#4011,.F.);
#1253=ORIENTED_EDGE('',*,*,#3755,.T.);
#1254=ORIENTED_EDGE('',*,*,#4014,.F.);
#1255=ORIENTED_EDGE('',*,*,#4015,.F.);
#1256=ORIENTED_EDGE('',*,*,#3503,.F.);
#1257=ORIENTED_EDGE('',*,*,#3759,.F.);
#1258=ORIENTED_EDGE('',*,*,#4016,.T.);
#1259=ORIENTED_EDGE('',*,*,#4017,.T.);
#1260=ORIENTED_EDGE('',*,*,#3505,.F.);
#1261=ORIENTED_EDGE('',*,*,#4018,.F.);
#1262=ORIENTED_EDGE('',*,*,#4019,.T.);
#1263=ORIENTED_EDGE('',*,*,#3757,.T.);
#1264=ORIENTED_EDGE('',*,*,#3504,.F.);
#1265=ORIENTED_EDGE('',*,*,#4017,.F.);
#1266=ORIENTED_EDGE('',*,*,#4020,.T.);
#1267=ORIENTED_EDGE('',*,*,#4018,.T.);
#1268=ORIENTED_EDGE('',*,*,#4016,.F.);
#1269=ORIENTED_EDGE('',*,*,#3758,.T.);
#1270=ORIENTED_EDGE('',*,*,#4019,.F.);
#1271=ORIENTED_EDGE('',*,*,#4020,.F.);
#1272=ORIENTED_EDGE('',*,*,#3499,.F.);
#1273=ORIENTED_EDGE('',*,*,#3762,.F.);
#1274=ORIENTED_EDGE('',*,*,#4021,.T.);
#1275=ORIENTED_EDGE('',*,*,#4022,.T.);
#1276=ORIENTED_EDGE('',*,*,#3501,.F.);
#1277=ORIENTED_EDGE('',*,*,#4023,.F.);
#1278=ORIENTED_EDGE('',*,*,#4024,.T.);
#1279=ORIENTED_EDGE('',*,*,#3760,.T.);
#1280=ORIENTED_EDGE('',*,*,#3500,.F.);
#1281=ORIENTED_EDGE('',*,*,#4022,.F.);
#1282=ORIENTED_EDGE('',*,*,#4025,.T.);
#1283=ORIENTED_EDGE('',*,*,#4023,.T.);
#1284=ORIENTED_EDGE('',*,*,#4021,.F.);
#1285=ORIENTED_EDGE('',*,*,#3761,.T.);
#1286=ORIENTED_EDGE('',*,*,#4024,.F.);
#1287=ORIENTED_EDGE('',*,*,#4025,.F.);
#1288=ORIENTED_EDGE('',*,*,#3495,.F.);
#1289=ORIENTED_EDGE('',*,*,#3765,.F.);
#1290=ORIENTED_EDGE('',*,*,#4026,.T.);
#1291=ORIENTED_EDGE('',*,*,#4027,.T.);
#1292=ORIENTED_EDGE('',*,*,#3497,.F.);
#1293=ORIENTED_EDGE('',*,*,#4028,.F.);
#1294=ORIENTED_EDGE('',*,*,#4029,.T.);
#1295=ORIENTED_EDGE('',*,*,#3763,.T.);
#1296=ORIENTED_EDGE('',*,*,#3496,.F.);
#1297=ORIENTED_EDGE('',*,*,#4027,.F.);
#1298=ORIENTED_EDGE('',*,*,#4030,.T.);
#1299=ORIENTED_EDGE('',*,*,#4028,.T.);
#1300=ORIENTED_EDGE('',*,*,#4026,.F.);
#1301=ORIENTED_EDGE('',*,*,#3764,.T.);
#1302=ORIENTED_EDGE('',*,*,#4029,.F.);
#1303=ORIENTED_EDGE('',*,*,#4030,.F.);
#1304=ORIENTED_EDGE('',*,*,#3491,.F.);
#1305=ORIENTED_EDGE('',*,*,#3768,.F.);
#1306=ORIENTED_EDGE('',*,*,#4031,.T.);
#1307=ORIENTED_EDGE('',*,*,#4032,.T.);
#1308=ORIENTED_EDGE('',*,*,#3493,.F.);
#1309=ORIENTED_EDGE('',*,*,#4033,.F.);
#1310=ORIENTED_EDGE('',*,*,#4034,.T.);
#1311=ORIENTED_EDGE('',*,*,#3766,.T.);
#1312=ORIENTED_EDGE('',*,*,#3492,.F.);
#1313=ORIENTED_EDGE('',*,*,#4032,.F.);
#1314=ORIENTED_EDGE('',*,*,#4035,.T.);
#1315=ORIENTED_EDGE('',*,*,#4033,.T.);
#1316=ORIENTED_EDGE('',*,*,#4031,.F.);
#1317=ORIENTED_EDGE('',*,*,#3767,.T.);
#1318=ORIENTED_EDGE('',*,*,#4034,.F.);
#1319=ORIENTED_EDGE('',*,*,#4035,.F.);
#1320=ORIENTED_EDGE('',*,*,#3524,.F.);
#1321=ORIENTED_EDGE('',*,*,#4036,.F.);
#1322=ORIENTED_EDGE('',*,*,#4037,.T.);
#1323=ORIENTED_EDGE('',*,*,#3349,.T.);
#1324=ORIENTED_EDGE('',*,*,#3523,.F.);
#1325=ORIENTED_EDGE('',*,*,#3744,.F.);
#1326=ORIENTED_EDGE('',*,*,#4038,.T.);
#1327=ORIENTED_EDGE('',*,*,#4036,.T.);
#1328=ORIENTED_EDGE('',*,*,#4039,.F.);
#1329=ORIENTED_EDGE('',*,*,#3350,.T.);
#1330=ORIENTED_EDGE('',*,*,#4037,.F.);
#1331=ORIENTED_EDGE('',*,*,#4038,.F.);
#1332=ORIENTED_EDGE('',*,*,#3743,.F.);
#1333=ORIENTED_EDGE('',*,*,#3488,.F.);
#1334=ORIENTED_EDGE('',*,*,#3354,.F.);
#1335=ORIENTED_EDGE('',*,*,#4040,.T.);
#1336=ORIENTED_EDGE('',*,*,#4041,.T.);
#1337=ORIENTED_EDGE('',*,*,#3489,.F.);
#1338=ORIENTED_EDGE('',*,*,#4041,.F.);
#1339=ORIENTED_EDGE('',*,*,#4042,.T.);
#1340=ORIENTED_EDGE('',*,*,#3769,.T.);
#1341=ORIENTED_EDGE('',*,*,#4043,.F.);
#1342=ORIENTED_EDGE('',*,*,#3770,.T.);
#1343=ORIENTED_EDGE('',*,*,#4042,.F.);
#1344=ORIENTED_EDGE('',*,*,#4040,.F.);
#1345=ORIENTED_EDGE('',*,*,#3353,.T.);
#1346=ORIENTED_EDGE('',*,*,#3481,.F.);
#1347=ORIENTED_EDGE('',*,*,#3779,.F.);
#1348=ORIENTED_EDGE('',*,*,#4044,.T.);
#1349=ORIENTED_EDGE('',*,*,#4045,.T.);
#1350=ORIENTED_EDGE('',*,*,#3483,.F.);
#1351=ORIENTED_EDGE('',*,*,#4046,.F.);
#1352=ORIENTED_EDGE('',*,*,#4047,.T.);
#1353=ORIENTED_EDGE('',*,*,#3777,.T.);
#1354=ORIENTED_EDGE('',*,*,#3482,.F.);
#1355=ORIENTED_EDGE('',*,*,#4045,.F.);
#1356=ORIENTED_EDGE('',*,*,#4048,.T.);
#1357=ORIENTED_EDGE('',*,*,#4046,.T.);
#1358=ORIENTED_EDGE('',*,*,#4044,.F.);
#1359=ORIENTED_EDGE('',*,*,#3778,.T.);
#1360=ORIENTED_EDGE('',*,*,#4047,.F.);
#1361=ORIENTED_EDGE('',*,*,#4048,.F.);
#1362=ORIENTED_EDGE('',*,*,#3477,.F.);
#1363=ORIENTED_EDGE('',*,*,#3782,.F.);
#1364=ORIENTED_EDGE('',*,*,#4049,.T.);
#1365=ORIENTED_EDGE('',*,*,#4050,.T.);
#1366=ORIENTED_EDGE('',*,*,#3479,.F.);
#1367=ORIENTED_EDGE('',*,*,#4051,.F.);
#1368=ORIENTED_EDGE('',*,*,#4052,.T.);
#1369=ORIENTED_EDGE('',*,*,#3780,.T.);
#1370=ORIENTED_EDGE('',*,*,#3478,.F.);
#1371=ORIENTED_EDGE('',*,*,#4050,.F.);
#1372=ORIENTED_EDGE('',*,*,#4053,.T.);
#1373=ORIENTED_EDGE('',*,*,#4051,.T.);
#1374=ORIENTED_EDGE('',*,*,#4049,.F.);
#1375=ORIENTED_EDGE('',*,*,#3781,.T.);
#1376=ORIENTED_EDGE('',*,*,#4052,.F.);
#1377=ORIENTED_EDGE('',*,*,#4053,.F.);
#1378=ORIENTED_EDGE('',*,*,#3473,.F.);
#1379=ORIENTED_EDGE('',*,*,#3785,.F.);
#1380=ORIENTED_EDGE('',*,*,#4054,.T.);
#1381=ORIENTED_EDGE('',*,*,#4055,.T.);
#1382=ORIENTED_EDGE('',*,*,#3475,.F.);
#1383=ORIENTED_EDGE('',*,*,#4056,.F.);
#1384=ORIENTED_EDGE('',*,*,#4057,.T.);
#1385=ORIENTED_EDGE('',*,*,#3783,.T.);
#1386=ORIENTED_EDGE('',*,*,#3474,.F.);
#1387=ORIENTED_EDGE('',*,*,#4055,.F.);
#1388=ORIENTED_EDGE('',*,*,#4058,.T.);
#1389=ORIENTED_EDGE('',*,*,#4056,.T.);
#1390=ORIENTED_EDGE('',*,*,#4054,.F.);
#1391=ORIENTED_EDGE('',*,*,#3784,.T.);
#1392=ORIENTED_EDGE('',*,*,#4057,.F.);
#1393=ORIENTED_EDGE('',*,*,#4058,.F.);
#1394=ORIENTED_EDGE('',*,*,#3469,.F.);
#1395=ORIENTED_EDGE('',*,*,#3788,.F.);
#1396=ORIENTED_EDGE('',*,*,#4059,.T.);
#1397=ORIENTED_EDGE('',*,*,#4060,.T.);
#1398=ORIENTED_EDGE('',*,*,#3471,.F.);
#1399=ORIENTED_EDGE('',*,*,#4061,.F.);
#1400=ORIENTED_EDGE('',*,*,#4062,.T.);
#1401=ORIENTED_EDGE('',*,*,#3786,.T.);
#1402=ORIENTED_EDGE('',*,*,#3470,.F.);
#1403=ORIENTED_EDGE('',*,*,#4060,.F.);
#1404=ORIENTED_EDGE('',*,*,#4063,.T.);
#1405=ORIENTED_EDGE('',*,*,#4061,.T.);
#1406=ORIENTED_EDGE('',*,*,#4059,.F.);
#1407=ORIENTED_EDGE('',*,*,#3787,.T.);
#1408=ORIENTED_EDGE('',*,*,#4062,.F.);
#1409=ORIENTED_EDGE('',*,*,#4063,.F.);
#1410=ORIENTED_EDGE('',*,*,#3465,.F.);
#1411=ORIENTED_EDGE('',*,*,#3791,.F.);
#1412=ORIENTED_EDGE('',*,*,#4064,.T.);
#1413=ORIENTED_EDGE('',*,*,#4065,.T.);
#1414=ORIENTED_EDGE('',*,*,#3467,.F.);
#1415=ORIENTED_EDGE('',*,*,#4066,.F.);
#1416=ORIENTED_EDGE('',*,*,#4067,.T.);
#1417=ORIENTED_EDGE('',*,*,#3789,.T.);
#1418=ORIENTED_EDGE('',*,*,#3466,.F.);
#1419=ORIENTED_EDGE('',*,*,#4065,.F.);
#1420=ORIENTED_EDGE('',*,*,#4068,.T.);
#1421=ORIENTED_EDGE('',*,*,#4066,.T.);
#1422=ORIENTED_EDGE('',*,*,#4064,.F.);
#1423=ORIENTED_EDGE('',*,*,#3790,.T.);
#1424=ORIENTED_EDGE('',*,*,#4067,.F.);
#1425=ORIENTED_EDGE('',*,*,#4068,.F.);
#1426=ORIENTED_EDGE('',*,*,#3461,.F.);
#1427=ORIENTED_EDGE('',*,*,#3794,.F.);
#1428=ORIENTED_EDGE('',*,*,#4069,.T.);
#1429=ORIENTED_EDGE('',*,*,#4070,.T.);
#1430=ORIENTED_EDGE('',*,*,#3463,.F.);
#1431=ORIENTED_EDGE('',*,*,#4071,.F.);
#1432=ORIENTED_EDGE('',*,*,#4072,.T.);
#1433=ORIENTED_EDGE('',*,*,#3792,.T.);
#1434=ORIENTED_EDGE('',*,*,#3462,.F.);
#1435=ORIENTED_EDGE('',*,*,#4070,.F.);
#1436=ORIENTED_EDGE('',*,*,#4073,.T.);
#1437=ORIENTED_EDGE('',*,*,#4071,.T.);
#1438=ORIENTED_EDGE('',*,*,#4069,.F.);
#1439=ORIENTED_EDGE('',*,*,#3793,.T.);
#1440=ORIENTED_EDGE('',*,*,#4072,.F.);
#1441=ORIENTED_EDGE('',*,*,#4073,.F.);
#1442=ORIENTED_EDGE('',*,*,#3457,.F.);
#1443=ORIENTED_EDGE('',*,*,#3797,.F.);
#1444=ORIENTED_EDGE('',*,*,#4074,.T.);
#1445=ORIENTED_EDGE('',*,*,#4075,.T.);
#1446=ORIENTED_EDGE('',*,*,#3459,.F.);
#1447=ORIENTED_EDGE('',*,*,#4076,.F.);
#1448=ORIENTED_EDGE('',*,*,#4077,.T.);
#1449=ORIENTED_EDGE('',*,*,#3795,.T.);
#1450=ORIENTED_EDGE('',*,*,#3458,.F.);
#1451=ORIENTED_EDGE('',*,*,#4075,.F.);
#1452=ORIENTED_EDGE('',*,*,#4078,.T.);
#1453=ORIENTED_EDGE('',*,*,#4076,.T.);
#1454=ORIENTED_EDGE('',*,*,#4074,.F.);
#1455=ORIENTED_EDGE('',*,*,#3796,.T.);
#1456=ORIENTED_EDGE('',*,*,#4077,.F.);
#1457=ORIENTED_EDGE('',*,*,#4078,.F.);
#1458=ORIENTED_EDGE('',*,*,#3453,.F.);
#1459=ORIENTED_EDGE('',*,*,#3800,.F.);
#1460=ORIENTED_EDGE('',*,*,#4079,.T.);
#1461=ORIENTED_EDGE('',*,*,#4080,.T.);
#1462=ORIENTED_EDGE('',*,*,#3455,.F.);
#1463=ORIENTED_EDGE('',*,*,#4081,.F.);
#1464=ORIENTED_EDGE('',*,*,#4082,.T.);
#1465=ORIENTED_EDGE('',*,*,#3798,.T.);
#1466=ORIENTED_EDGE('',*,*,#3454,.F.);
#1467=ORIENTED_EDGE('',*,*,#4080,.F.);
#1468=ORIENTED_EDGE('',*,*,#4083,.T.);
#1469=ORIENTED_EDGE('',*,*,#4081,.T.);
#1470=ORIENTED_EDGE('',*,*,#4079,.F.);
#1471=ORIENTED_EDGE('',*,*,#3799,.T.);
#1472=ORIENTED_EDGE('',*,*,#4082,.F.);
#1473=ORIENTED_EDGE('',*,*,#4083,.F.);
#1474=ORIENTED_EDGE('',*,*,#3450,.F.);
#1475=ORIENTED_EDGE('',*,*,#3343,.F.);
#1476=ORIENTED_EDGE('',*,*,#4084,.T.);
#1477=ORIENTED_EDGE('',*,*,#4085,.T.);
#1478=ORIENTED_EDGE('',*,*,#3451,.F.);
#1479=ORIENTED_EDGE('',*,*,#4085,.F.);
#1480=ORIENTED_EDGE('',*,*,#4086,.T.);
#1481=ORIENTED_EDGE('',*,*,#3801,.T.);
#1482=ORIENTED_EDGE('',*,*,#4087,.F.);
#1483=ORIENTED_EDGE('',*,*,#3802,.T.);
#1484=ORIENTED_EDGE('',*,*,#4086,.F.);
#1485=ORIENTED_EDGE('',*,*,#4084,.F.);
#1486=ORIENTED_EDGE('',*,*,#3342,.T.);
#1487=ORIENTED_EDGE('',*,*,#3486,.F.);
#1488=ORIENTED_EDGE('',*,*,#4088,.F.);
#1489=ORIENTED_EDGE('',*,*,#4089,.T.);
#1490=ORIENTED_EDGE('',*,*,#3338,.T.);
#1491=ORIENTED_EDGE('',*,*,#3485,.F.);
#1492=ORIENTED_EDGE('',*,*,#3776,.F.);
#1493=ORIENTED_EDGE('',*,*,#4090,.T.);
#1494=ORIENTED_EDGE('',*,*,#4088,.T.);
#1495=ORIENTED_EDGE('',*,*,#4091,.F.);
#1496=ORIENTED_EDGE('',*,*,#3339,.T.);
#1497=ORIENTED_EDGE('',*,*,#4089,.F.);
#1498=ORIENTED_EDGE('',*,*,#4090,.F.);
#1499=ORIENTED_EDGE('',*,*,#3775,.F.);
#1500=ORIENTED_EDGE('',*,*,#3443,.F.);
#1501=ORIENTED_EDGE('',*,*,#3812,.F.);
#1502=ORIENTED_EDGE('',*,*,#4092,.T.);
#1503=ORIENTED_EDGE('',*,*,#4093,.T.);
#1504=ORIENTED_EDGE('',*,*,#3445,.F.);
#1505=ORIENTED_EDGE('',*,*,#4094,.F.);
#1506=ORIENTED_EDGE('',*,*,#4095,.T.);
#1507=ORIENTED_EDGE('',*,*,#3810,.T.);
#1508=ORIENTED_EDGE('',*,*,#3444,.F.);
#1509=ORIENTED_EDGE('',*,*,#4093,.F.);
#1510=ORIENTED_EDGE('',*,*,#4096,.T.);
#1511=ORIENTED_EDGE('',*,*,#4094,.T.);
#1512=ORIENTED_EDGE('',*,*,#4092,.F.);
#1513=ORIENTED_EDGE('',*,*,#3811,.T.);
#1514=ORIENTED_EDGE('',*,*,#4095,.F.);
#1515=ORIENTED_EDGE('',*,*,#4096,.F.);
#1516=ORIENTED_EDGE('',*,*,#3439,.F.);
#1517=ORIENTED_EDGE('',*,*,#3815,.F.);
#1518=ORIENTED_EDGE('',*,*,#4097,.T.);
#1519=ORIENTED_EDGE('',*,*,#4098,.T.);
#1520=ORIENTED_EDGE('',*,*,#3441,.F.);
#1521=ORIENTED_EDGE('',*,*,#4099,.F.);
#1522=ORIENTED_EDGE('',*,*,#4100,.T.);
#1523=ORIENTED_EDGE('',*,*,#3813,.T.);
#1524=ORIENTED_EDGE('',*,*,#3440,.F.);
#1525=ORIENTED_EDGE('',*,*,#4098,.F.);
#1526=ORIENTED_EDGE('',*,*,#4101,.T.);
#1527=ORIENTED_EDGE('',*,*,#4099,.T.);
#1528=ORIENTED_EDGE('',*,*,#4097,.F.);
#1529=ORIENTED_EDGE('',*,*,#3814,.T.);
#1530=ORIENTED_EDGE('',*,*,#4100,.F.);
#1531=ORIENTED_EDGE('',*,*,#4101,.F.);
#1532=ORIENTED_EDGE('',*,*,#3435,.F.);
#1533=ORIENTED_EDGE('',*,*,#3818,.F.);
#1534=ORIENTED_EDGE('',*,*,#4102,.T.);
#1535=ORIENTED_EDGE('',*,*,#4103,.T.);
#1536=ORIENTED_EDGE('',*,*,#3437,.F.);
#1537=ORIENTED_EDGE('',*,*,#4104,.F.);
#1538=ORIENTED_EDGE('',*,*,#4105,.T.);
#1539=ORIENTED_EDGE('',*,*,#3816,.T.);
#1540=ORIENTED_EDGE('',*,*,#3436,.F.);
#1541=ORIENTED_EDGE('',*,*,#4103,.F.);
#1542=ORIENTED_EDGE('',*,*,#4106,.T.);
#1543=ORIENTED_EDGE('',*,*,#4104,.T.);
#1544=ORIENTED_EDGE('',*,*,#4102,.F.);
#1545=ORIENTED_EDGE('',*,*,#3817,.T.);
#1546=ORIENTED_EDGE('',*,*,#4105,.F.);
#1547=ORIENTED_EDGE('',*,*,#4106,.F.);
#1548=ORIENTED_EDGE('',*,*,#3431,.F.);
#1549=ORIENTED_EDGE('',*,*,#3821,.F.);
#1550=ORIENTED_EDGE('',*,*,#4107,.T.);
#1551=ORIENTED_EDGE('',*,*,#4108,.T.);
#1552=ORIENTED_EDGE('',*,*,#3433,.F.);
#1553=ORIENTED_EDGE('',*,*,#4109,.F.);
#1554=ORIENTED_EDGE('',*,*,#4110,.T.);
#1555=ORIENTED_EDGE('',*,*,#3819,.T.);
#1556=ORIENTED_EDGE('',*,*,#3432,.F.);
#1557=ORIENTED_EDGE('',*,*,#4108,.F.);
#1558=ORIENTED_EDGE('',*,*,#4111,.T.);
#1559=ORIENTED_EDGE('',*,*,#4109,.T.);
#1560=ORIENTED_EDGE('',*,*,#4107,.F.);
#1561=ORIENTED_EDGE('',*,*,#3820,.T.);
#1562=ORIENTED_EDGE('',*,*,#4110,.F.);
#1563=ORIENTED_EDGE('',*,*,#4111,.F.);
#1564=ORIENTED_EDGE('',*,*,#3427,.F.);
#1565=ORIENTED_EDGE('',*,*,#3824,.F.);
#1566=ORIENTED_EDGE('',*,*,#4112,.T.);
#1567=ORIENTED_EDGE('',*,*,#4113,.T.);
#1568=ORIENTED_EDGE('',*,*,#3429,.F.);
#1569=ORIENTED_EDGE('',*,*,#4114,.F.);
#1570=ORIENTED_EDGE('',*,*,#4115,.T.);
#1571=ORIENTED_EDGE('',*,*,#3822,.T.);
#1572=ORIENTED_EDGE('',*,*,#3428,.F.);
#1573=ORIENTED_EDGE('',*,*,#4113,.F.);
#1574=ORIENTED_EDGE('',*,*,#4116,.T.);
#1575=ORIENTED_EDGE('',*,*,#4114,.T.);
#1576=ORIENTED_EDGE('',*,*,#4112,.F.);
#1577=ORIENTED_EDGE('',*,*,#3823,.T.);
#1578=ORIENTED_EDGE('',*,*,#4115,.F.);
#1579=ORIENTED_EDGE('',*,*,#4116,.F.);
#1580=ORIENTED_EDGE('',*,*,#3423,.F.);
#1581=ORIENTED_EDGE('',*,*,#3827,.F.);
#1582=ORIENTED_EDGE('',*,*,#4117,.T.);
#1583=ORIENTED_EDGE('',*,*,#4118,.T.);
#1584=ORIENTED_EDGE('',*,*,#3425,.F.);
#1585=ORIENTED_EDGE('',*,*,#4119,.F.);
#1586=ORIENTED_EDGE('',*,*,#4120,.T.);
#1587=ORIENTED_EDGE('',*,*,#3825,.T.);
#1588=ORIENTED_EDGE('',*,*,#3424,.F.);
#1589=ORIENTED_EDGE('',*,*,#4118,.F.);
#1590=ORIENTED_EDGE('',*,*,#4121,.T.);
#1591=ORIENTED_EDGE('',*,*,#4119,.T.);
#1592=ORIENTED_EDGE('',*,*,#4117,.F.);
#1593=ORIENTED_EDGE('',*,*,#3826,.T.);
#1594=ORIENTED_EDGE('',*,*,#4120,.F.);
#1595=ORIENTED_EDGE('',*,*,#4121,.F.);
#1596=ORIENTED_EDGE('',*,*,#3419,.F.);
#1597=ORIENTED_EDGE('',*,*,#3830,.F.);
#1598=ORIENTED_EDGE('',*,*,#4122,.T.);
#1599=ORIENTED_EDGE('',*,*,#4123,.T.);
#1600=ORIENTED_EDGE('',*,*,#3421,.F.);
#1601=ORIENTED_EDGE('',*,*,#4124,.F.);
#1602=ORIENTED_EDGE('',*,*,#4125,.T.);
#1603=ORIENTED_EDGE('',*,*,#3828,.T.);
#1604=ORIENTED_EDGE('',*,*,#3420,.F.);
#1605=ORIENTED_EDGE('',*,*,#4123,.F.);
#1606=ORIENTED_EDGE('',*,*,#4126,.T.);
#1607=ORIENTED_EDGE('',*,*,#4124,.T.);
#1608=ORIENTED_EDGE('',*,*,#4122,.F.);
#1609=ORIENTED_EDGE('',*,*,#3829,.T.);
#1610=ORIENTED_EDGE('',*,*,#4125,.F.);
#1611=ORIENTED_EDGE('',*,*,#4126,.F.);
#1612=ORIENTED_EDGE('',*,*,#3415,.F.);
#1613=ORIENTED_EDGE('',*,*,#3833,.F.);
#1614=ORIENTED_EDGE('',*,*,#4127,.T.);
#1615=ORIENTED_EDGE('',*,*,#4128,.T.);
#1616=ORIENTED_EDGE('',*,*,#3417,.F.);
#1617=ORIENTED_EDGE('',*,*,#4129,.F.);
#1618=ORIENTED_EDGE('',*,*,#4130,.T.);
#1619=ORIENTED_EDGE('',*,*,#3831,.T.);
#1620=ORIENTED_EDGE('',*,*,#3416,.F.);
#1621=ORIENTED_EDGE('',*,*,#4128,.F.);
#1622=ORIENTED_EDGE('',*,*,#4131,.T.);
#1623=ORIENTED_EDGE('',*,*,#4129,.T.);
#1624=ORIENTED_EDGE('',*,*,#4127,.F.);
#1625=ORIENTED_EDGE('',*,*,#3832,.T.);
#1626=ORIENTED_EDGE('',*,*,#4130,.F.);
#1627=ORIENTED_EDGE('',*,*,#4131,.F.);
#1628=ORIENTED_EDGE('',*,*,#3412,.F.);
#1629=ORIENTED_EDGE('',*,*,#3332,.F.);
#1630=ORIENTED_EDGE('',*,*,#4132,.T.);
#1631=ORIENTED_EDGE('',*,*,#4133,.T.);
#1632=ORIENTED_EDGE('',*,*,#3413,.F.);
#1633=ORIENTED_EDGE('',*,*,#4133,.F.);
#1634=ORIENTED_EDGE('',*,*,#4134,.T.);
#1635=ORIENTED_EDGE('',*,*,#3834,.T.);
#1636=ORIENTED_EDGE('',*,*,#4135,.F.);
#1637=ORIENTED_EDGE('',*,*,#3835,.T.);
#1638=ORIENTED_EDGE('',*,*,#4134,.F.);
#1639=ORIENTED_EDGE('',*,*,#4132,.F.);
#1640=ORIENTED_EDGE('',*,*,#3331,.T.);
#1641=ORIENTED_EDGE('',*,*,#3448,.F.);
#1642=ORIENTED_EDGE('',*,*,#4136,.F.);
#1643=ORIENTED_EDGE('',*,*,#4137,.T.);
#1644=ORIENTED_EDGE('',*,*,#3327,.T.);
#1645=ORIENTED_EDGE('',*,*,#3447,.F.);
#1646=ORIENTED_EDGE('',*,*,#3809,.F.);
#1647=ORIENTED_EDGE('',*,*,#4138,.T.);
#1648=ORIENTED_EDGE('',*,*,#4136,.T.);
#1649=ORIENTED_EDGE('',*,*,#4139,.F.);
#1650=ORIENTED_EDGE('',*,*,#3328,.T.);
#1651=ORIENTED_EDGE('',*,*,#4137,.F.);
#1652=ORIENTED_EDGE('',*,*,#4138,.F.);
#1653=ORIENTED_EDGE('',*,*,#3808,.F.);
#1654=ORIENTED_EDGE('',*,*,#3405,.F.);
#1655=ORIENTED_EDGE('',*,*,#3651,.F.);
#1656=ORIENTED_EDGE('',*,*,#4140,.T.);
#1657=ORIENTED_EDGE('',*,*,#4141,.T.);
#1658=ORIENTED_EDGE('',*,*,#3407,.F.);
#1659=ORIENTED_EDGE('',*,*,#4142,.F.);
#1660=ORIENTED_EDGE('',*,*,#4143,.T.);
#1661=ORIENTED_EDGE('',*,*,#3649,.T.);
#1662=ORIENTED_EDGE('',*,*,#3406,.F.);
#1663=ORIENTED_EDGE('',*,*,#4141,.F.);
#1664=ORIENTED_EDGE('',*,*,#4144,.T.);
#1665=ORIENTED_EDGE('',*,*,#4142,.T.);
#1666=ORIENTED_EDGE('',*,*,#4140,.F.);
#1667=ORIENTED_EDGE('',*,*,#3650,.T.);
#1668=ORIENTED_EDGE('',*,*,#4143,.F.);
#1669=ORIENTED_EDGE('',*,*,#4144,.F.);
#1670=ORIENTED_EDGE('',*,*,#3401,.F.);
#1671=ORIENTED_EDGE('',*,*,#3654,.F.);
#1672=ORIENTED_EDGE('',*,*,#4145,.T.);
#1673=ORIENTED_EDGE('',*,*,#4146,.T.);
#1674=ORIENTED_EDGE('',*,*,#3403,.F.);
#1675=ORIENTED_EDGE('',*,*,#4147,.F.);
#1676=ORIENTED_EDGE('',*,*,#4148,.T.);
#1677=ORIENTED_EDGE('',*,*,#3652,.T.);
#1678=ORIENTED_EDGE('',*,*,#3402,.F.);
#1679=ORIENTED_EDGE('',*,*,#4146,.F.);
#1680=ORIENTED_EDGE('',*,*,#4149,.T.);
#1681=ORIENTED_EDGE('',*,*,#4147,.T.);
#1682=ORIENTED_EDGE('',*,*,#4145,.F.);
#1683=ORIENTED_EDGE('',*,*,#3653,.T.);
#1684=ORIENTED_EDGE('',*,*,#4148,.F.);
#1685=ORIENTED_EDGE('',*,*,#4149,.F.);
#1686=ORIENTED_EDGE('',*,*,#3397,.F.);
#1687=ORIENTED_EDGE('',*,*,#3657,.F.);
#1688=ORIENTED_EDGE('',*,*,#4150,.T.);
#1689=ORIENTED_EDGE('',*,*,#4151,.T.);
#1690=ORIENTED_EDGE('',*,*,#3399,.F.);
#1691=ORIENTED_EDGE('',*,*,#4152,.F.);
#1692=ORIENTED_EDGE('',*,*,#4153,.T.);
#1693=ORIENTED_EDGE('',*,*,#3655,.T.);
#1694=ORIENTED_EDGE('',*,*,#3398,.F.);
#1695=ORIENTED_EDGE('',*,*,#4151,.F.);
#1696=ORIENTED_EDGE('',*,*,#4154,.T.);
#1697=ORIENTED_EDGE('',*,*,#4152,.T.);
#1698=ORIENTED_EDGE('',*,*,#4150,.F.);
#1699=ORIENTED_EDGE('',*,*,#3656,.T.);
#1700=ORIENTED_EDGE('',*,*,#4153,.F.);
#1701=ORIENTED_EDGE('',*,*,#4154,.F.);
#1702=ORIENTED_EDGE('',*,*,#3393,.F.);
#1703=ORIENTED_EDGE('',*,*,#3660,.F.);
#1704=ORIENTED_EDGE('',*,*,#4155,.T.);
#1705=ORIENTED_EDGE('',*,*,#4156,.T.);
#1706=ORIENTED_EDGE('',*,*,#3395,.F.);
#1707=ORIENTED_EDGE('',*,*,#4157,.F.);
#1708=ORIENTED_EDGE('',*,*,#4158,.T.);
#1709=ORIENTED_EDGE('',*,*,#3658,.T.);
#1710=ORIENTED_EDGE('',*,*,#3394,.F.);
#1711=ORIENTED_EDGE('',*,*,#4156,.F.);
#1712=ORIENTED_EDGE('',*,*,#4159,.T.);
#1713=ORIENTED_EDGE('',*,*,#4157,.T.);
#1714=ORIENTED_EDGE('',*,*,#4155,.F.);
#1715=ORIENTED_EDGE('',*,*,#3659,.T.);
#1716=ORIENTED_EDGE('',*,*,#4158,.F.);
#1717=ORIENTED_EDGE('',*,*,#4159,.F.);
#1718=ORIENTED_EDGE('',*,*,#3389,.F.);
#1719=ORIENTED_EDGE('',*,*,#3663,.F.);
#1720=ORIENTED_EDGE('',*,*,#4160,.T.);
#1721=ORIENTED_EDGE('',*,*,#4161,.T.);
#1722=ORIENTED_EDGE('',*,*,#3391,.F.);
#1723=ORIENTED_EDGE('',*,*,#4162,.F.);
#1724=ORIENTED_EDGE('',*,*,#4163,.T.);
#1725=ORIENTED_EDGE('',*,*,#3661,.T.);
#1726=ORIENTED_EDGE('',*,*,#3390,.F.);
#1727=ORIENTED_EDGE('',*,*,#4161,.F.);
#1728=ORIENTED_EDGE('',*,*,#4164,.T.);
#1729=ORIENTED_EDGE('',*,*,#4162,.T.);
#1730=ORIENTED_EDGE('',*,*,#4160,.F.);
#1731=ORIENTED_EDGE('',*,*,#3662,.T.);
#1732=ORIENTED_EDGE('',*,*,#4163,.F.);
#1733=ORIENTED_EDGE('',*,*,#4164,.F.);
#1734=ORIENTED_EDGE('',*,*,#3385,.F.);
#1735=ORIENTED_EDGE('',*,*,#3666,.F.);
#1736=ORIENTED_EDGE('',*,*,#4165,.T.);
#1737=ORIENTED_EDGE('',*,*,#4166,.T.);
#1738=ORIENTED_EDGE('',*,*,#3387,.F.);
#1739=ORIENTED_EDGE('',*,*,#4167,.F.);
#1740=ORIENTED_EDGE('',*,*,#4168,.T.);
#1741=ORIENTED_EDGE('',*,*,#3664,.T.);
#1742=ORIENTED_EDGE('',*,*,#3386,.F.);
#1743=ORIENTED_EDGE('',*,*,#4166,.F.);
#1744=ORIENTED_EDGE('',*,*,#4169,.T.);
#1745=ORIENTED_EDGE('',*,*,#4167,.T.);
#1746=ORIENTED_EDGE('',*,*,#4165,.F.);
#1747=ORIENTED_EDGE('',*,*,#3665,.T.);
#1748=ORIENTED_EDGE('',*,*,#4168,.F.);
#1749=ORIENTED_EDGE('',*,*,#4169,.F.);
#1750=ORIENTED_EDGE('',*,*,#3381,.F.);
#1751=ORIENTED_EDGE('',*,*,#3669,.F.);
#1752=ORIENTED_EDGE('',*,*,#4170,.T.);
#1753=ORIENTED_EDGE('',*,*,#4171,.T.);
#1754=ORIENTED_EDGE('',*,*,#3383,.F.);
#1755=ORIENTED_EDGE('',*,*,#4172,.F.);
#1756=ORIENTED_EDGE('',*,*,#4173,.T.);
#1757=ORIENTED_EDGE('',*,*,#3667,.T.);
#1758=ORIENTED_EDGE('',*,*,#3382,.F.);
#1759=ORIENTED_EDGE('',*,*,#4171,.F.);
#1760=ORIENTED_EDGE('',*,*,#4174,.T.);
#1761=ORIENTED_EDGE('',*,*,#4172,.T.);
#1762=ORIENTED_EDGE('',*,*,#4170,.F.);
#1763=ORIENTED_EDGE('',*,*,#3668,.T.);
#1764=ORIENTED_EDGE('',*,*,#4173,.F.);
#1765=ORIENTED_EDGE('',*,*,#4174,.F.);
#1766=ORIENTED_EDGE('',*,*,#3377,.F.);
#1767=ORIENTED_EDGE('',*,*,#3672,.F.);
#1768=ORIENTED_EDGE('',*,*,#4175,.T.);
#1769=ORIENTED_EDGE('',*,*,#4176,.T.);
#1770=ORIENTED_EDGE('',*,*,#3379,.F.);
#1771=ORIENTED_EDGE('',*,*,#4177,.F.);
#1772=ORIENTED_EDGE('',*,*,#4178,.T.);
#1773=ORIENTED_EDGE('',*,*,#3670,.T.);
#1774=ORIENTED_EDGE('',*,*,#3378,.F.);
#1775=ORIENTED_EDGE('',*,*,#4176,.F.);
#1776=ORIENTED_EDGE('',*,*,#4179,.T.);
#1777=ORIENTED_EDGE('',*,*,#4177,.T.);
#1778=ORIENTED_EDGE('',*,*,#4175,.F.);
#1779=ORIENTED_EDGE('',*,*,#3671,.T.);
#1780=ORIENTED_EDGE('',*,*,#4178,.F.);
#1781=ORIENTED_EDGE('',*,*,#4179,.F.);
#1782=ORIENTED_EDGE('',*,*,#3410,.F.);
#1783=ORIENTED_EDGE('',*,*,#4180,.F.);
#1784=ORIENTED_EDGE('',*,*,#4181,.T.);
#1785=ORIENTED_EDGE('',*,*,#3316,.T.);
#1786=ORIENTED_EDGE('',*,*,#3409,.F.);
#1787=ORIENTED_EDGE('',*,*,#3648,.F.);
#1788=ORIENTED_EDGE('',*,*,#4182,.T.);
#1789=ORIENTED_EDGE('',*,*,#4180,.T.);
#1790=ORIENTED_EDGE('',*,*,#4183,.F.);
#1791=ORIENTED_EDGE('',*,*,#3317,.T.);
#1792=ORIENTED_EDGE('',*,*,#4181,.F.);
#1793=ORIENTED_EDGE('',*,*,#4182,.F.);
#1794=ORIENTED_EDGE('',*,*,#3647,.F.);
#1795=ORIENTED_EDGE('',*,*,#3374,.F.);
#1796=ORIENTED_EDGE('',*,*,#3321,.F.);
#1797=ORIENTED_EDGE('',*,*,#4184,.T.);
#1798=ORIENTED_EDGE('',*,*,#4185,.T.);
#1799=ORIENTED_EDGE('',*,*,#3375,.F.);
#1800=ORIENTED_EDGE('',*,*,#4185,.F.);
#1801=ORIENTED_EDGE('',*,*,#4186,.T.);
#1802=ORIENTED_EDGE('',*,*,#3673,.T.);
#1803=ORIENTED_EDGE('',*,*,#4187,.F.);
#1804=ORIENTED_EDGE('',*,*,#3674,.T.);
#1805=ORIENTED_EDGE('',*,*,#4186,.F.);
#1806=ORIENTED_EDGE('',*,*,#4184,.F.);
#1807=ORIENTED_EDGE('',*,*,#3320,.T.);
#1808=ORIENTED_EDGE('',*,*,#4188,.F.);
#1809=ORIENTED_EDGE('',*,*,#3638,.T.);
#1810=ORIENTED_EDGE('',*,*,#3739,.T.);
#1811=ORIENTED_EDGE('',*,*,#4189,.T.);
#1812=ORIENTED_EDGE('',*,*,#4190,.F.);
#1813=ORIENTED_EDGE('',*,*,#3991,.T.);
#1814=ORIENTED_EDGE('',*,*,#3363,.T.);
#1815=ORIENTED_EDGE('',*,*,#4191,.T.);
#1816=ORIENTED_EDGE('',*,*,#4192,.F.);
#1817=ORIENTED_EDGE('',*,*,#4189,.F.);
#1818=ORIENTED_EDGE('',*,*,#4191,.F.);
#1819=ORIENTED_EDGE('',*,*,#3373,.T.);
#1820=ORIENTED_EDGE('',*,*,#3947,.T.);
#1821=ORIENTED_EDGE('',*,*,#4193,.T.);
#1822=ORIENTED_EDGE('',*,*,#4194,.F.);
#1823=ORIENTED_EDGE('',*,*,#3682,.F.);
#1824=ORIENTED_EDGE('',*,*,#3641,.T.);
#1825=ORIENTED_EDGE('',*,*,#4195,.T.);
#1826=ORIENTED_EDGE('',*,*,#4196,.F.);
#1827=ORIENTED_EDGE('',*,*,#4193,.F.);
#1828=ORIENTED_EDGE('',*,*,#4195,.F.);
#1829=ORIENTED_EDGE('',*,*,#3640,.T.);
#1830=ORIENTED_EDGE('',*,*,#4197,.T.);
#1831=ORIENTED_EDGE('',*,*,#4198,.F.);
#1832=ORIENTED_EDGE('',*,*,#4197,.F.);
#1833=ORIENTED_EDGE('',*,*,#3639,.T.);
#1834=ORIENTED_EDGE('',*,*,#4188,.T.);
#1835=ORIENTED_EDGE('',*,*,#4199,.F.);
#1836=ORIENTED_EDGE('',*,*,#4200,.T.);
#1837=ORIENTED_EDGE('',*,*,#4192,.T.);
#1838=ORIENTED_EDGE('',*,*,#4201,.F.);
#1839=ORIENTED_EDGE('',*,*,#4202,.F.);
#1840=ORIENTED_EDGE('',*,*,#4203,.F.);
#1841=ORIENTED_EDGE('',*,*,#4204,.F.);
#1842=ORIENTED_EDGE('',*,*,#4205,.T.);
#1843=ORIENTED_EDGE('',*,*,#4206,.F.);
#1844=ORIENTED_EDGE('',*,*,#4201,.T.);
#1845=ORIENTED_EDGE('',*,*,#4194,.T.);
#1846=ORIENTED_EDGE('',*,*,#4207,.F.);
#1847=ORIENTED_EDGE('',*,*,#4208,.F.);
#1848=ORIENTED_EDGE('',*,*,#4209,.F.);
#1849=ORIENTED_EDGE('',*,*,#4210,.F.);
#1850=ORIENTED_EDGE('',*,*,#4211,.T.);
#1851=ORIENTED_EDGE('',*,*,#4212,.F.);
#1852=ORIENTED_EDGE('',*,*,#4207,.T.);
#1853=ORIENTED_EDGE('',*,*,#4196,.T.);
#1854=ORIENTED_EDGE('',*,*,#4213,.F.);
#1855=ORIENTED_EDGE('',*,*,#4214,.F.);
#1856=ORIENTED_EDGE('',*,*,#4215,.F.);
#1857=ORIENTED_EDGE('',*,*,#4216,.F.);
#1858=ORIENTED_EDGE('',*,*,#4217,.T.);
#1859=ORIENTED_EDGE('',*,*,#4218,.F.);
#1860=ORIENTED_EDGE('',*,*,#4213,.T.);
#1861=ORIENTED_EDGE('',*,*,#4198,.T.);
#1862=ORIENTED_EDGE('',*,*,#4219,.F.);
#1863=ORIENTED_EDGE('',*,*,#4220,.F.);
#1864=ORIENTED_EDGE('',*,*,#4221,.F.);
#1865=ORIENTED_EDGE('',*,*,#4222,.F.);
#1866=ORIENTED_EDGE('',*,*,#4223,.T.);
#1867=ORIENTED_EDGE('',*,*,#4224,.F.);
#1868=ORIENTED_EDGE('',*,*,#4219,.T.);
#1869=ORIENTED_EDGE('',*,*,#4199,.T.);
#1870=ORIENTED_EDGE('',*,*,#4225,.F.);
#1871=ORIENTED_EDGE('',*,*,#4226,.F.);
#1872=ORIENTED_EDGE('',*,*,#4227,.F.);
#1873=ORIENTED_EDGE('',*,*,#4228,.F.);
#1874=ORIENTED_EDGE('',*,*,#4229,.T.);
#1875=ORIENTED_EDGE('',*,*,#4230,.F.);
#1876=ORIENTED_EDGE('',*,*,#4225,.T.);
#1877=ORIENTED_EDGE('',*,*,#4190,.T.);
#1878=ORIENTED_EDGE('',*,*,#4200,.F.);
#1879=ORIENTED_EDGE('',*,*,#4231,.F.);
#1880=ORIENTED_EDGE('',*,*,#4232,.F.);
#1881=ORIENTED_EDGE('',*,*,#4233,.F.);
#1882=ORIENTED_EDGE('',*,*,#4234,.T.);
#1883=ORIENTED_EDGE('',*,*,#4235,.F.);
#1884=ORIENTED_EDGE('',*,*,#4236,.F.);
#1885=ORIENTED_EDGE('',*,*,#3631,.T.);
#1886=ORIENTED_EDGE('',*,*,#3771,.T.);
#1887=ORIENTED_EDGE('',*,*,#4237,.T.);
#1888=ORIENTED_EDGE('',*,*,#4238,.F.);
#1889=ORIENTED_EDGE('',*,*,#4043,.T.);
#1890=ORIENTED_EDGE('',*,*,#3352,.T.);
#1891=ORIENTED_EDGE('',*,*,#4239,.T.);
#1892=ORIENTED_EDGE('',*,*,#4240,.F.);
#1893=ORIENTED_EDGE('',*,*,#4237,.F.);
#1894=ORIENTED_EDGE('',*,*,#4239,.F.);
#1895=ORIENTED_EDGE('',*,*,#3362,.T.);
#1896=ORIENTED_EDGE('',*,*,#3995,.T.);
#1897=ORIENTED_EDGE('',*,*,#4241,.T.);
#1898=ORIENTED_EDGE('',*,*,#4242,.F.);
#1899=ORIENTED_EDGE('',*,*,#3710,.F.);
#1900=ORIENTED_EDGE('',*,*,#3634,.T.);
#1901=ORIENTED_EDGE('',*,*,#4243,.T.);
#1902=ORIENTED_EDGE('',*,*,#4244,.F.);
#1903=ORIENTED_EDGE('',*,*,#4241,.F.);
#1904=ORIENTED_EDGE('',*,*,#4243,.F.);
#1905=ORIENTED_EDGE('',*,*,#3633,.T.);
#1906=ORIENTED_EDGE('',*,*,#4245,.T.);
#1907=ORIENTED_EDGE('',*,*,#4246,.F.);
#1908=ORIENTED_EDGE('',*,*,#4245,.F.);
#1909=ORIENTED_EDGE('',*,*,#3632,.T.);
#1910=ORIENTED_EDGE('',*,*,#4236,.T.);
#1911=ORIENTED_EDGE('',*,*,#4247,.F.);
#1912=ORIENTED_EDGE('',*,*,#4240,.T.);
#1913=ORIENTED_EDGE('',*,*,#4248,.F.);
#1914=ORIENTED_EDGE('',*,*,#4249,.F.);
#1915=ORIENTED_EDGE('',*,*,#4250,.F.);
#1916=ORIENTED_EDGE('',*,*,#4251,.F.);
#1917=ORIENTED_EDGE('',*,*,#4252,.T.);
#1918=ORIENTED_EDGE('',*,*,#4253,.F.);
#1919=ORIENTED_EDGE('',*,*,#4254,.T.);
#1920=ORIENTED_EDGE('',*,*,#4242,.T.);
#1921=ORIENTED_EDGE('',*,*,#4255,.F.);
#1922=ORIENTED_EDGE('',*,*,#4256,.F.);
#1923=ORIENTED_EDGE('',*,*,#4257,.F.);
#1924=ORIENTED_EDGE('',*,*,#4258,.F.);
#1925=ORIENTED_EDGE('',*,*,#4259,.T.);
#1926=ORIENTED_EDGE('',*,*,#4260,.F.);
#1927=ORIENTED_EDGE('',*,*,#4248,.T.);
#1928=ORIENTED_EDGE('',*,*,#4244,.T.);
#1929=ORIENTED_EDGE('',*,*,#4261,.F.);
#1930=ORIENTED_EDGE('',*,*,#4262,.F.);
#1931=ORIENTED_EDGE('',*,*,#4263,.F.);
#1932=ORIENTED_EDGE('',*,*,#4264,.F.);
#1933=ORIENTED_EDGE('',*,*,#4265,.T.);
#1934=ORIENTED_EDGE('',*,*,#4266,.F.);
#1935=ORIENTED_EDGE('',*,*,#4255,.T.);
#1936=ORIENTED_EDGE('',*,*,#4246,.T.);
#1937=ORIENTED_EDGE('',*,*,#4267,.F.);
#1938=ORIENTED_EDGE('',*,*,#4268,.F.);
#1939=ORIENTED_EDGE('',*,*,#4269,.F.);
#1940=ORIENTED_EDGE('',*,*,#4270,.F.);
#1941=ORIENTED_EDGE('',*,*,#4271,.T.);
#1942=ORIENTED_EDGE('',*,*,#4272,.F.);
#1943=ORIENTED_EDGE('',*,*,#4261,.T.);
#1944=ORIENTED_EDGE('',*,*,#4247,.T.);
#1945=ORIENTED_EDGE('',*,*,#4273,.F.);
#1946=ORIENTED_EDGE('',*,*,#4274,.F.);
#1947=ORIENTED_EDGE('',*,*,#4275,.F.);
#1948=ORIENTED_EDGE('',*,*,#4276,.F.);
#1949=ORIENTED_EDGE('',*,*,#4277,.T.);
#1950=ORIENTED_EDGE('',*,*,#4278,.F.);
#1951=ORIENTED_EDGE('',*,*,#4267,.T.);
#1952=ORIENTED_EDGE('',*,*,#4238,.T.);
#1953=ORIENTED_EDGE('',*,*,#4254,.F.);
#1954=ORIENTED_EDGE('',*,*,#4279,.F.);
#1955=ORIENTED_EDGE('',*,*,#4280,.F.);
#1956=ORIENTED_EDGE('',*,*,#4281,.F.);
#1957=ORIENTED_EDGE('',*,*,#4282,.T.);
#1958=ORIENTED_EDGE('',*,*,#4283,.F.);
#1959=ORIENTED_EDGE('',*,*,#4273,.T.);
#1960=ORIENTED_EDGE('',*,*,#4284,.F.);
#1961=ORIENTED_EDGE('',*,*,#3851,.T.);
#1962=ORIENTED_EDGE('',*,*,#3803,.T.);
#1963=ORIENTED_EDGE('',*,*,#4285,.T.);
#1964=ORIENTED_EDGE('',*,*,#4286,.F.);
#1965=ORIENTED_EDGE('',*,*,#4087,.T.);
#1966=ORIENTED_EDGE('',*,*,#3341,.T.);
#1967=ORIENTED_EDGE('',*,*,#4287,.T.);
#1968=ORIENTED_EDGE('',*,*,#4288,.F.);
#1969=ORIENTED_EDGE('',*,*,#4285,.F.);
#1970=ORIENTED_EDGE('',*,*,#4287,.F.);
#1971=ORIENTED_EDGE('',*,*,#3351,.T.);
#1972=ORIENTED_EDGE('',*,*,#4039,.T.);
#1973=ORIENTED_EDGE('',*,*,#4289,.T.);
#1974=ORIENTED_EDGE('',*,*,#4290,.F.);
#1975=ORIENTED_EDGE('',*,*,#3742,.F.);
#1976=ORIENTED_EDGE('',*,*,#3854,.T.);
#1977=ORIENTED_EDGE('',*,*,#4291,.T.);
#1978=ORIENTED_EDGE('',*,*,#4292,.F.);
#1979=ORIENTED_EDGE('',*,*,#4289,.F.);
#1980=ORIENTED_EDGE('',*,*,#4291,.F.);
#1981=ORIENTED_EDGE('',*,*,#3853,.T.);
#1982=ORIENTED_EDGE('',*,*,#4293,.T.);
#1983=ORIENTED_EDGE('',*,*,#4294,.F.);
#1984=ORIENTED_EDGE('',*,*,#4293,.F.);
#1985=ORIENTED_EDGE('',*,*,#3852,.T.);
#1986=ORIENTED_EDGE('',*,*,#4284,.T.);
#1987=ORIENTED_EDGE('',*,*,#4295,.F.);
#1988=ORIENTED_EDGE('',*,*,#4288,.T.);
#1989=ORIENTED_EDGE('',*,*,#4296,.F.);
#1990=ORIENTED_EDGE('',*,*,#4297,.F.);
#1991=ORIENTED_EDGE('',*,*,#4298,.F.);
#1992=ORIENTED_EDGE('',*,*,#4299,.F.);
#1993=ORIENTED_EDGE('',*,*,#4300,.T.);
#1994=ORIENTED_EDGE('',*,*,#4301,.F.);
#1995=ORIENTED_EDGE('',*,*,#4302,.T.);
#1996=ORIENTED_EDGE('',*,*,#4290,.T.);
#1997=ORIENTED_EDGE('',*,*,#4303,.F.);
#1998=ORIENTED_EDGE('',*,*,#4304,.F.);
#1999=ORIENTED_EDGE('',*,*,#4305,.F.);
#2000=ORIENTED_EDGE('',*,*,#4306,.F.);
#2001=ORIENTED_EDGE('',*,*,#4307,.T.);
#2002=ORIENTED_EDGE('',*,*,#4308,.F.);
#2003=ORIENTED_EDGE('',*,*,#4296,.T.);
#2004=ORIENTED_EDGE('',*,*,#4292,.T.);
#2005=ORIENTED_EDGE('',*,*,#4309,.F.);
#2006=ORIENTED_EDGE('',*,*,#4310,.F.);
#2007=ORIENTED_EDGE('',*,*,#4311,.F.);
#2008=ORIENTED_EDGE('',*,*,#4312,.F.);
#2009=ORIENTED_EDGE('',*,*,#4313,.T.);
#2010=ORIENTED_EDGE('',*,*,#4314,.F.);
#2011=ORIENTED_EDGE('',*,*,#4303,.T.);
#2012=ORIENTED_EDGE('',*,*,#4294,.T.);
#2013=ORIENTED_EDGE('',*,*,#4315,.F.);
#2014=ORIENTED_EDGE('',*,*,#4316,.F.);
#2015=ORIENTED_EDGE('',*,*,#4317,.F.);
#2016=ORIENTED_EDGE('',*,*,#4318,.F.);
#2017=ORIENTED_EDGE('',*,*,#4319,.T.);
#2018=ORIENTED_EDGE('',*,*,#4320,.F.);
#2019=ORIENTED_EDGE('',*,*,#4309,.T.);
#2020=ORIENTED_EDGE('',*,*,#4295,.T.);
#2021=ORIENTED_EDGE('',*,*,#4321,.F.);
#2022=ORIENTED_EDGE('',*,*,#4322,.F.);
#2023=ORIENTED_EDGE('',*,*,#4323,.F.);
#2024=ORIENTED_EDGE('',*,*,#4324,.F.);
#2025=ORIENTED_EDGE('',*,*,#4325,.T.);
#2026=ORIENTED_EDGE('',*,*,#4326,.F.);
#2027=ORIENTED_EDGE('',*,*,#4315,.T.);
#2028=ORIENTED_EDGE('',*,*,#4286,.T.);
#2029=ORIENTED_EDGE('',*,*,#4302,.F.);
#2030=ORIENTED_EDGE('',*,*,#4327,.F.);
#2031=ORIENTED_EDGE('',*,*,#4328,.F.);
#2032=ORIENTED_EDGE('',*,*,#4329,.F.);
#2033=ORIENTED_EDGE('',*,*,#4330,.T.);
#2034=ORIENTED_EDGE('',*,*,#4331,.F.);
#2035=ORIENTED_EDGE('',*,*,#4321,.T.);
#2036=ORIENTED_EDGE('',*,*,#4332,.F.);
#2037=ORIENTED_EDGE('',*,*,#3847,.T.);
#2038=ORIENTED_EDGE('',*,*,#3836,.T.);
#2039=ORIENTED_EDGE('',*,*,#4333,.T.);
#2040=ORIENTED_EDGE('',*,*,#4334,.F.);
#2041=ORIENTED_EDGE('',*,*,#4135,.T.);
#2042=ORIENTED_EDGE('',*,*,#3330,.T.);
#2043=ORIENTED_EDGE('',*,*,#4335,.T.);
#2044=ORIENTED_EDGE('',*,*,#4336,.F.);
#2045=ORIENTED_EDGE('',*,*,#4333,.F.);
#2046=ORIENTED_EDGE('',*,*,#4335,.F.);
#2047=ORIENTED_EDGE('',*,*,#3340,.T.);
#2048=ORIENTED_EDGE('',*,*,#4091,.T.);
#2049=ORIENTED_EDGE('',*,*,#4337,.T.);
#2050=ORIENTED_EDGE('',*,*,#4338,.F.);
#2051=ORIENTED_EDGE('',*,*,#3774,.F.);
#2052=ORIENTED_EDGE('',*,*,#3850,.T.);
#2053=ORIENTED_EDGE('',*,*,#4339,.T.);
#2054=ORIENTED_EDGE('',*,*,#4340,.F.);
#2055=ORIENTED_EDGE('',*,*,#4337,.F.);
#2056=ORIENTED_EDGE('',*,*,#4339,.F.);
#2057=ORIENTED_EDGE('',*,*,#3849,.T.);
#2058=ORIENTED_EDGE('',*,*,#4341,.T.);
#2059=ORIENTED_EDGE('',*,*,#4342,.F.);
#2060=ORIENTED_EDGE('',*,*,#4341,.F.);
#2061=ORIENTED_EDGE('',*,*,#3848,.T.);
#2062=ORIENTED_EDGE('',*,*,#4332,.T.);
#2063=ORIENTED_EDGE('',*,*,#4343,.F.);
#2064=ORIENTED_EDGE('',*,*,#4336,.T.);
#2065=ORIENTED_EDGE('',*,*,#4344,.F.);
#2066=ORIENTED_EDGE('',*,*,#4345,.F.);
#2067=ORIENTED_EDGE('',*,*,#4346,.F.);
#2068=ORIENTED_EDGE('',*,*,#4347,.F.);
#2069=ORIENTED_EDGE('',*,*,#4348,.T.);
#2070=ORIENTED_EDGE('',*,*,#4349,.F.);
#2071=ORIENTED_EDGE('',*,*,#4350,.T.);
#2072=ORIENTED_EDGE('',*,*,#4338,.T.);
#2073=ORIENTED_EDGE('',*,*,#4351,.F.);
#2074=ORIENTED_EDGE('',*,*,#4352,.F.);
#2075=ORIENTED_EDGE('',*,*,#4353,.F.);
#2076=ORIENTED_EDGE('',*,*,#4354,.F.);
#2077=ORIENTED_EDGE('',*,*,#4355,.T.);
#2078=ORIENTED_EDGE('',*,*,#4356,.F.);
#2079=ORIENTED_EDGE('',*,*,#4344,.T.);
#2080=ORIENTED_EDGE('',*,*,#4340,.T.);
#2081=ORIENTED_EDGE('',*,*,#4357,.F.);
#2082=ORIENTED_EDGE('',*,*,#4358,.F.);
#2083=ORIENTED_EDGE('',*,*,#4359,.F.);
#2084=ORIENTED_EDGE('',*,*,#4360,.F.);
#2085=ORIENTED_EDGE('',*,*,#4361,.T.);
#2086=ORIENTED_EDGE('',*,*,#4362,.F.);
#2087=ORIENTED_EDGE('',*,*,#4351,.T.);
#2088=ORIENTED_EDGE('',*,*,#4342,.T.);
#2089=ORIENTED_EDGE('',*,*,#4363,.F.);
#2090=ORIENTED_EDGE('',*,*,#4364,.F.);
#2091=ORIENTED_EDGE('',*,*,#4365,.F.);
#2092=ORIENTED_EDGE('',*,*,#4366,.F.);
#2093=ORIENTED_EDGE('',*,*,#4367,.T.);
#2094=ORIENTED_EDGE('',*,*,#4368,.F.);
#2095=ORIENTED_EDGE('',*,*,#4357,.T.);
#2096=ORIENTED_EDGE('',*,*,#4343,.T.);
#2097=ORIENTED_EDGE('',*,*,#4369,.F.);
#2098=ORIENTED_EDGE('',*,*,#4370,.F.);
#2099=ORIENTED_EDGE('',*,*,#4371,.F.);
#2100=ORIENTED_EDGE('',*,*,#4372,.F.);
#2101=ORIENTED_EDGE('',*,*,#4373,.T.);
#2102=ORIENTED_EDGE('',*,*,#4374,.F.);
#2103=ORIENTED_EDGE('',*,*,#4363,.T.);
#2104=ORIENTED_EDGE('',*,*,#4334,.T.);
#2105=ORIENTED_EDGE('',*,*,#4350,.F.);
#2106=ORIENTED_EDGE('',*,*,#4375,.F.);
#2107=ORIENTED_EDGE('',*,*,#4376,.F.);
#2108=ORIENTED_EDGE('',*,*,#4377,.F.);
#2109=ORIENTED_EDGE('',*,*,#4378,.T.);
#2110=ORIENTED_EDGE('',*,*,#4379,.F.);
#2111=ORIENTED_EDGE('',*,*,#4369,.T.);
#2112=ORIENTED_EDGE('',*,*,#4380,.F.);
#2113=ORIENTED_EDGE('',*,*,#3843,.T.);
#2114=ORIENTED_EDGE('',*,*,#3675,.T.);
#2115=ORIENTED_EDGE('',*,*,#4381,.T.);
#2116=ORIENTED_EDGE('',*,*,#4382,.F.);
#2117=ORIENTED_EDGE('',*,*,#4187,.T.);
#2118=ORIENTED_EDGE('',*,*,#3319,.T.);
#2119=ORIENTED_EDGE('',*,*,#4383,.T.);
#2120=ORIENTED_EDGE('',*,*,#4384,.F.);
#2121=ORIENTED_EDGE('',*,*,#4381,.F.);
#2122=ORIENTED_EDGE('',*,*,#4383,.F.);
#2123=ORIENTED_EDGE('',*,*,#3329,.T.);
#2124=ORIENTED_EDGE('',*,*,#4139,.T.);
#2125=ORIENTED_EDGE('',*,*,#4385,.T.);
#2126=ORIENTED_EDGE('',*,*,#4386,.F.);
#2127=ORIENTED_EDGE('',*,*,#3807,.F.);
#2128=ORIENTED_EDGE('',*,*,#3846,.T.);
#2129=ORIENTED_EDGE('',*,*,#4387,.T.);
#2130=ORIENTED_EDGE('',*,*,#4388,.F.);
#2131=ORIENTED_EDGE('',*,*,#4385,.F.);
#2132=ORIENTED_EDGE('',*,*,#4387,.F.);
#2133=ORIENTED_EDGE('',*,*,#3845,.T.);
#2134=ORIENTED_EDGE('',*,*,#4389,.T.);
#2135=ORIENTED_EDGE('',*,*,#4390,.F.);
#2136=ORIENTED_EDGE('',*,*,#4389,.F.);
#2137=ORIENTED_EDGE('',*,*,#3844,.T.);
#2138=ORIENTED_EDGE('',*,*,#4380,.T.);
#2139=ORIENTED_EDGE('',*,*,#4391,.F.);
#2140=ORIENTED_EDGE('',*,*,#4384,.T.);
#2141=ORIENTED_EDGE('',*,*,#4392,.F.);
#2142=ORIENTED_EDGE('',*,*,#4393,.F.);
#2143=ORIENTED_EDGE('',*,*,#4394,.F.);
#2144=ORIENTED_EDGE('',*,*,#4395,.F.);
#2145=ORIENTED_EDGE('',*,*,#4396,.T.);
#2146=ORIENTED_EDGE('',*,*,#4397,.F.);
#2147=ORIENTED_EDGE('',*,*,#4398,.T.);
#2148=ORIENTED_EDGE('',*,*,#4386,.T.);
#2149=ORIENTED_EDGE('',*,*,#4399,.F.);
#2150=ORIENTED_EDGE('',*,*,#4400,.F.);
#2151=ORIENTED_EDGE('',*,*,#4401,.F.);
#2152=ORIENTED_EDGE('',*,*,#4402,.F.);
#2153=ORIENTED_EDGE('',*,*,#4403,.T.);
#2154=ORIENTED_EDGE('',*,*,#4404,.F.);
#2155=ORIENTED_EDGE('',*,*,#4392,.T.);
#2156=ORIENTED_EDGE('',*,*,#4388,.T.);
#2157=ORIENTED_EDGE('',*,*,#4405,.F.);
#2158=ORIENTED_EDGE('',*,*,#4406,.F.);
#2159=ORIENTED_EDGE('',*,*,#4407,.F.);
#2160=ORIENTED_EDGE('',*,*,#4408,.F.);
#2161=ORIENTED_EDGE('',*,*,#4409,.T.);
#2162=ORIENTED_EDGE('',*,*,#4410,.F.);
#2163=ORIENTED_EDGE('',*,*,#4399,.T.);
#2164=ORIENTED_EDGE('',*,*,#4390,.T.);
#2165=ORIENTED_EDGE('',*,*,#4411,.F.);
#2166=ORIENTED_EDGE('',*,*,#4412,.F.);
#2167=ORIENTED_EDGE('',*,*,#4413,.F.);
#2168=ORIENTED_EDGE('',*,*,#4414,.F.);
#2169=ORIENTED_EDGE('',*,*,#4415,.T.);
#2170=ORIENTED_EDGE('',*,*,#4416,.F.);
#2171=ORIENTED_EDGE('',*,*,#4405,.T.);
#2172=ORIENTED_EDGE('',*,*,#4391,.T.);
#2173=ORIENTED_EDGE('',*,*,#4417,.F.);
#2174=ORIENTED_EDGE('',*,*,#4418,.F.);
#2175=ORIENTED_EDGE('',*,*,#4419,.F.);
#2176=ORIENTED_EDGE('',*,*,#4420,.F.);
#2177=ORIENTED_EDGE('',*,*,#4421,.T.);
#2178=ORIENTED_EDGE('',*,*,#4422,.F.);
#2179=ORIENTED_EDGE('',*,*,#4411,.T.);
#2180=ORIENTED_EDGE('',*,*,#4382,.T.);
#2181=ORIENTED_EDGE('',*,*,#4398,.F.);
#2182=ORIENTED_EDGE('',*,*,#4423,.F.);
#2183=ORIENTED_EDGE('',*,*,#4424,.F.);
#2184=ORIENTED_EDGE('',*,*,#4425,.F.);
#2185=ORIENTED_EDGE('',*,*,#4426,.T.);
#2186=ORIENTED_EDGE('',*,*,#4427,.F.);
#2187=ORIENTED_EDGE('',*,*,#4417,.T.);
#2188=ORIENTED_EDGE('',*,*,#4428,.F.);
#2189=ORIENTED_EDGE('',*,*,#3855,.T.);
#2190=ORIENTED_EDGE('',*,*,#3679,.T.);
#2191=ORIENTED_EDGE('',*,*,#4429,.T.);
#2192=ORIENTED_EDGE('',*,*,#4430,.F.);
#2193=ORIENTED_EDGE('',*,*,#3943,.T.);
#2194=ORIENTED_EDGE('',*,*,#3308,.T.);
#2195=ORIENTED_EDGE('',*,*,#4431,.T.);
#2196=ORIENTED_EDGE('',*,*,#4432,.F.);
#2197=ORIENTED_EDGE('',*,*,#4429,.F.);
#2198=ORIENTED_EDGE('',*,*,#4431,.F.);
#2199=ORIENTED_EDGE('',*,*,#3318,.T.);
#2200=ORIENTED_EDGE('',*,*,#4183,.T.);
#2201=ORIENTED_EDGE('',*,*,#4433,.T.);
#2202=ORIENTED_EDGE('',*,*,#4434,.F.);
#2203=ORIENTED_EDGE('',*,*,#3646,.F.);
#2204=ORIENTED_EDGE('',*,*,#3858,.T.);
#2205=ORIENTED_EDGE('',*,*,#4435,.T.);
#2206=ORIENTED_EDGE('',*,*,#4436,.F.);
#2207=ORIENTED_EDGE('',*,*,#4433,.F.);
#2208=ORIENTED_EDGE('',*,*,#4435,.F.);
#2209=ORIENTED_EDGE('',*,*,#3857,.T.);
#2210=ORIENTED_EDGE('',*,*,#4437,.T.);
#2211=ORIENTED_EDGE('',*,*,#4438,.F.);
#2212=ORIENTED_EDGE('',*,*,#4437,.F.);
#2213=ORIENTED_EDGE('',*,*,#3856,.T.);
#2214=ORIENTED_EDGE('',*,*,#4428,.T.);
#2215=ORIENTED_EDGE('',*,*,#4439,.F.);
#2216=ORIENTED_EDGE('',*,*,#4432,.T.);
#2217=ORIENTED_EDGE('',*,*,#4440,.F.);
#2218=ORIENTED_EDGE('',*,*,#4441,.F.);
#2219=ORIENTED_EDGE('',*,*,#4442,.F.);
#2220=ORIENTED_EDGE('',*,*,#4443,.F.);
#2221=ORIENTED_EDGE('',*,*,#4444,.T.);
#2222=ORIENTED_EDGE('',*,*,#4445,.F.);
#2223=ORIENTED_EDGE('',*,*,#4446,.T.);
#2224=ORIENTED_EDGE('',*,*,#4434,.T.);
#2225=ORIENTED_EDGE('',*,*,#4447,.F.);
#2226=ORIENTED_EDGE('',*,*,#4448,.F.);
#2227=ORIENTED_EDGE('',*,*,#4449,.F.);
#2228=ORIENTED_EDGE('',*,*,#4450,.F.);
#2229=ORIENTED_EDGE('',*,*,#4451,.T.);
#2230=ORIENTED_EDGE('',*,*,#4452,.F.);
#2231=ORIENTED_EDGE('',*,*,#4440,.T.);
#2232=ORIENTED_EDGE('',*,*,#4436,.T.);
#2233=ORIENTED_EDGE('',*,*,#4453,.F.);
#2234=ORIENTED_EDGE('',*,*,#4454,.F.);
#2235=ORIENTED_EDGE('',*,*,#4455,.F.);
#2236=ORIENTED_EDGE('',*,*,#4456,.F.);
#2237=ORIENTED_EDGE('',*,*,#4457,.T.);
#2238=ORIENTED_EDGE('',*,*,#4458,.F.);
#2239=ORIENTED_EDGE('',*,*,#4447,.T.);
#2240=ORIENTED_EDGE('',*,*,#4438,.T.);
#2241=ORIENTED_EDGE('',*,*,#4459,.F.);
#2242=ORIENTED_EDGE('',*,*,#4460,.F.);
#2243=ORIENTED_EDGE('',*,*,#4461,.F.);
#2244=ORIENTED_EDGE('',*,*,#4462,.F.);
#2245=ORIENTED_EDGE('',*,*,#4463,.T.);
#2246=ORIENTED_EDGE('',*,*,#4464,.F.);
#2247=ORIENTED_EDGE('',*,*,#4453,.T.);
#2248=ORIENTED_EDGE('',*,*,#4439,.T.);
#2249=ORIENTED_EDGE('',*,*,#4465,.F.);
#2250=ORIENTED_EDGE('',*,*,#4466,.F.);
#2251=ORIENTED_EDGE('',*,*,#4467,.F.);
#2252=ORIENTED_EDGE('',*,*,#4468,.F.);
#2253=ORIENTED_EDGE('',*,*,#4469,.T.);
#2254=ORIENTED_EDGE('',*,*,#4470,.F.);
#2255=ORIENTED_EDGE('',*,*,#4459,.T.);
#2256=ORIENTED_EDGE('',*,*,#4430,.T.);
#2257=ORIENTED_EDGE('',*,*,#4446,.F.);
#2258=ORIENTED_EDGE('',*,*,#4471,.F.);
#2259=ORIENTED_EDGE('',*,*,#4472,.F.);
#2260=ORIENTED_EDGE('',*,*,#4473,.F.);
#2261=ORIENTED_EDGE('',*,*,#4474,.T.);
#2262=ORIENTED_EDGE('',*,*,#4475,.F.);
#2263=ORIENTED_EDGE('',*,*,#4465,.T.);
#2264=ORIENTED_EDGE('',*,*,#4221,.T.);
#2265=ORIENTED_EDGE('',*,*,#4476,.T.);
#2266=ORIENTED_EDGE('',*,*,#4477,.F.);
#2267=ORIENTED_EDGE('',*,*,#4478,.F.);
#2268=ORIENTED_EDGE('',*,*,#3299,.T.);
#2269=ORIENTED_EDGE('',*,*,#4479,.F.);
#2270=ORIENTED_EDGE('',*,*,#4480,.F.);
#2271=ORIENTED_EDGE('',*,*,#4481,.F.);
#2272=ORIENTED_EDGE('',*,*,#4477,.T.);
#2273=ORIENTED_EDGE('',*,*,#4482,.T.);
#2274=ORIENTED_EDGE('',*,*,#4483,.F.);
#2275=ORIENTED_EDGE('',*,*,#4223,.F.);
#2276=ORIENTED_EDGE('',*,*,#4484,.T.);
#2277=ORIENTED_EDGE('',*,*,#4480,.T.);
#2278=ORIENTED_EDGE('',*,*,#4222,.T.);
#2279=ORIENTED_EDGE('',*,*,#4478,.T.);
#2280=ORIENTED_EDGE('',*,*,#4481,.T.);
#2281=ORIENTED_EDGE('',*,*,#4484,.F.);
#2282=ORIENTED_EDGE('',*,*,#4227,.T.);
#2283=ORIENTED_EDGE('',*,*,#4485,.T.);
#2284=ORIENTED_EDGE('',*,*,#4486,.F.);
#2285=ORIENTED_EDGE('',*,*,#4487,.F.);
#2286=ORIENTED_EDGE('',*,*,#3301,.T.);
#2287=ORIENTED_EDGE('',*,*,#4488,.F.);
#2288=ORIENTED_EDGE('',*,*,#4489,.F.);
#2289=ORIENTED_EDGE('',*,*,#4490,.F.);
#2290=ORIENTED_EDGE('',*,*,#4486,.T.);
#2291=ORIENTED_EDGE('',*,*,#4491,.T.);
#2292=ORIENTED_EDGE('',*,*,#4492,.F.);
#2293=ORIENTED_EDGE('',*,*,#4229,.F.);
#2294=ORIENTED_EDGE('',*,*,#4493,.T.);
#2295=ORIENTED_EDGE('',*,*,#4489,.T.);
#2296=ORIENTED_EDGE('',*,*,#4228,.T.);
#2297=ORIENTED_EDGE('',*,*,#4487,.T.);
#2298=ORIENTED_EDGE('',*,*,#4490,.T.);
#2299=ORIENTED_EDGE('',*,*,#4493,.F.);
#2300=ORIENTED_EDGE('',*,*,#4232,.T.);
#2301=ORIENTED_EDGE('',*,*,#4494,.T.);
#2302=ORIENTED_EDGE('',*,*,#4495,.F.);
#2303=ORIENTED_EDGE('',*,*,#4496,.F.);
#2304=ORIENTED_EDGE('',*,*,#3303,.T.);
#2305=ORIENTED_EDGE('',*,*,#4497,.F.);
#2306=ORIENTED_EDGE('',*,*,#4498,.F.);
#2307=ORIENTED_EDGE('',*,*,#4499,.F.);
#2308=ORIENTED_EDGE('',*,*,#4495,.T.);
#2309=ORIENTED_EDGE('',*,*,#4500,.T.);
#2310=ORIENTED_EDGE('',*,*,#4501,.F.);
#2311=ORIENTED_EDGE('',*,*,#4234,.F.);
#2312=ORIENTED_EDGE('',*,*,#4502,.T.);
#2313=ORIENTED_EDGE('',*,*,#4498,.T.);
#2314=ORIENTED_EDGE('',*,*,#4233,.T.);
#2315=ORIENTED_EDGE('',*,*,#4496,.T.);
#2316=ORIENTED_EDGE('',*,*,#4499,.T.);
#2317=ORIENTED_EDGE('',*,*,#4502,.F.);
#2318=ORIENTED_EDGE('',*,*,#4203,.T.);
#2319=ORIENTED_EDGE('',*,*,#4503,.T.);
#2320=ORIENTED_EDGE('',*,*,#4504,.F.);
#2321=ORIENTED_EDGE('',*,*,#4505,.F.);
#2322=ORIENTED_EDGE('',*,*,#3305,.T.);
#2323=ORIENTED_EDGE('',*,*,#4506,.F.);
#2324=ORIENTED_EDGE('',*,*,#4507,.F.);
#2325=ORIENTED_EDGE('',*,*,#4508,.F.);
#2326=ORIENTED_EDGE('',*,*,#4504,.T.);
#2327=ORIENTED_EDGE('',*,*,#4509,.T.);
#2328=ORIENTED_EDGE('',*,*,#4510,.F.);
#2329=ORIENTED_EDGE('',*,*,#4205,.F.);
#2330=ORIENTED_EDGE('',*,*,#4511,.T.);
#2331=ORIENTED_EDGE('',*,*,#4507,.T.);
#2332=ORIENTED_EDGE('',*,*,#4204,.T.);
#2333=ORIENTED_EDGE('',*,*,#4505,.T.);
#2334=ORIENTED_EDGE('',*,*,#4508,.T.);
#2335=ORIENTED_EDGE('',*,*,#4511,.F.);
#2336=ORIENTED_EDGE('',*,*,#4209,.T.);
#2337=ORIENTED_EDGE('',*,*,#4512,.T.);
#2338=ORIENTED_EDGE('',*,*,#4513,.F.);
#2339=ORIENTED_EDGE('',*,*,#4514,.F.);
#2340=ORIENTED_EDGE('',*,*,#3307,.T.);
#2341=ORIENTED_EDGE('',*,*,#4515,.F.);
#2342=ORIENTED_EDGE('',*,*,#4516,.F.);
#2343=ORIENTED_EDGE('',*,*,#4517,.F.);
#2344=ORIENTED_EDGE('',*,*,#4513,.T.);
#2345=ORIENTED_EDGE('',*,*,#4518,.T.);
#2346=ORIENTED_EDGE('',*,*,#4519,.F.);
#2347=ORIENTED_EDGE('',*,*,#4211,.F.);
#2348=ORIENTED_EDGE('',*,*,#4520,.T.);
#2349=ORIENTED_EDGE('',*,*,#4516,.T.);
#2350=ORIENTED_EDGE('',*,*,#4210,.T.);
#2351=ORIENTED_EDGE('',*,*,#4514,.T.);
#2352=ORIENTED_EDGE('',*,*,#4517,.T.);
#2353=ORIENTED_EDGE('',*,*,#4520,.F.);
#2354=ORIENTED_EDGE('',*,*,#4215,.T.);
#2355=ORIENTED_EDGE('',*,*,#4521,.T.);
#2356=ORIENTED_EDGE('',*,*,#4522,.F.);
#2357=ORIENTED_EDGE('',*,*,#4523,.F.);
#2358=ORIENTED_EDGE('',*,*,#3297,.T.);
#2359=ORIENTED_EDGE('',*,*,#4524,.F.);
#2360=ORIENTED_EDGE('',*,*,#4525,.F.);
#2361=ORIENTED_EDGE('',*,*,#4526,.F.);
#2362=ORIENTED_EDGE('',*,*,#4522,.T.);
#2363=ORIENTED_EDGE('',*,*,#4527,.T.);
#2364=ORIENTED_EDGE('',*,*,#4528,.F.);
#2365=ORIENTED_EDGE('',*,*,#4217,.F.);
#2366=ORIENTED_EDGE('',*,*,#4529,.T.);
#2367=ORIENTED_EDGE('',*,*,#4525,.T.);
#2368=ORIENTED_EDGE('',*,*,#4216,.T.);
#2369=ORIENTED_EDGE('',*,*,#4523,.T.);
#2370=ORIENTED_EDGE('',*,*,#4526,.T.);
#2371=ORIENTED_EDGE('',*,*,#4529,.F.);
#2372=ORIENTED_EDGE('',*,*,#3296,.T.);
#2373=ORIENTED_EDGE('',*,*,#4518,.F.);
#2374=ORIENTED_EDGE('',*,*,#4530,.F.);
#2375=ORIENTED_EDGE('',*,*,#4524,.T.);
#2376=ORIENTED_EDGE('',*,*,#4528,.T.);
#2377=ORIENTED_EDGE('',*,*,#4530,.T.);
#2378=ORIENTED_EDGE('',*,*,#4512,.F.);
#2379=ORIENTED_EDGE('',*,*,#4208,.T.);
#2380=ORIENTED_EDGE('',*,*,#4218,.T.);
#2381=ORIENTED_EDGE('',*,*,#3298,.T.);
#2382=ORIENTED_EDGE('',*,*,#4527,.F.);
#2383=ORIENTED_EDGE('',*,*,#4531,.F.);
#2384=ORIENTED_EDGE('',*,*,#4479,.T.);
#2385=ORIENTED_EDGE('',*,*,#4483,.T.);
#2386=ORIENTED_EDGE('',*,*,#4531,.T.);
#2387=ORIENTED_EDGE('',*,*,#4521,.F.);
#2388=ORIENTED_EDGE('',*,*,#4214,.T.);
#2389=ORIENTED_EDGE('',*,*,#4224,.T.);
#2390=ORIENTED_EDGE('',*,*,#3306,.T.);
#2391=ORIENTED_EDGE('',*,*,#4509,.F.);
#2392=ORIENTED_EDGE('',*,*,#4532,.F.);
#2393=ORIENTED_EDGE('',*,*,#4515,.T.);
#2394=ORIENTED_EDGE('',*,*,#4519,.T.);
#2395=ORIENTED_EDGE('',*,*,#4532,.T.);
#2396=ORIENTED_EDGE('',*,*,#4503,.F.);
#2397=ORIENTED_EDGE('',*,*,#4202,.T.);
#2398=ORIENTED_EDGE('',*,*,#4212,.T.);
#2399=ORIENTED_EDGE('',*,*,#3304,.T.);
#2400=ORIENTED_EDGE('',*,*,#4500,.F.);
#2401=ORIENTED_EDGE('',*,*,#4533,.F.);
#2402=ORIENTED_EDGE('',*,*,#4506,.T.);
#2403=ORIENTED_EDGE('',*,*,#4510,.T.);
#2404=ORIENTED_EDGE('',*,*,#4533,.T.);
#2405=ORIENTED_EDGE('',*,*,#4494,.F.);
#2406=ORIENTED_EDGE('',*,*,#4231,.T.);
#2407=ORIENTED_EDGE('',*,*,#4206,.T.);
#2408=ORIENTED_EDGE('',*,*,#3302,.T.);
#2409=ORIENTED_EDGE('',*,*,#4491,.F.);
#2410=ORIENTED_EDGE('',*,*,#4534,.F.);
#2411=ORIENTED_EDGE('',*,*,#4497,.T.);
#2412=ORIENTED_EDGE('',*,*,#4501,.T.);
#2413=ORIENTED_EDGE('',*,*,#4534,.T.);
#2414=ORIENTED_EDGE('',*,*,#4485,.F.);
#2415=ORIENTED_EDGE('',*,*,#4226,.T.);
#2416=ORIENTED_EDGE('',*,*,#4235,.T.);
#2417=ORIENTED_EDGE('',*,*,#3300,.T.);
#2418=ORIENTED_EDGE('',*,*,#4482,.F.);
#2419=ORIENTED_EDGE('',*,*,#4535,.F.);
#2420=ORIENTED_EDGE('',*,*,#4488,.T.);
#2421=ORIENTED_EDGE('',*,*,#4492,.T.);
#2422=ORIENTED_EDGE('',*,*,#4535,.T.);
#2423=ORIENTED_EDGE('',*,*,#4476,.F.);
#2424=ORIENTED_EDGE('',*,*,#4220,.T.);
#2425=ORIENTED_EDGE('',*,*,#4230,.T.);
#2426=ORIENTED_EDGE('',*,*,#4536,.F.);
#2427=ORIENTED_EDGE('',*,*,#4444,.F.);
#2428=ORIENTED_EDGE('',*,*,#4537,.T.);
#2429=ORIENTED_EDGE('',*,*,#4538,.T.);
#2430=ORIENTED_EDGE('',*,*,#4443,.T.);
#2431=ORIENTED_EDGE('',*,*,#4539,.T.);
#2432=ORIENTED_EDGE('',*,*,#4540,.T.);
#2433=ORIENTED_EDGE('',*,*,#4537,.F.);
#2434=ORIENTED_EDGE('',*,*,#4442,.T.);
#2435=ORIENTED_EDGE('',*,*,#4541,.T.);
#2436=ORIENTED_EDGE('',*,*,#4542,.F.);
#2437=ORIENTED_EDGE('',*,*,#4539,.F.);
#2438=ORIENTED_EDGE('',*,*,#4543,.T.);
#2439=ORIENTED_EDGE('',*,*,#4544,.T.);
#2440=ORIENTED_EDGE('',*,*,#4541,.F.);
#2441=ORIENTED_EDGE('',*,*,#4441,.T.);
#2442=ORIENTED_EDGE('',*,*,#4452,.T.);
#2443=ORIENTED_EDGE('',*,*,#4543,.F.);
#2444=ORIENTED_EDGE('',*,*,#4451,.F.);
#2445=ORIENTED_EDGE('',*,*,#4545,.T.);
#2446=ORIENTED_EDGE('',*,*,#4546,.T.);
#2447=ORIENTED_EDGE('',*,*,#4450,.T.);
#2448=ORIENTED_EDGE('',*,*,#4547,.T.);
#2449=ORIENTED_EDGE('',*,*,#4548,.T.);
#2450=ORIENTED_EDGE('',*,*,#4545,.F.);
#2451=ORIENTED_EDGE('',*,*,#4449,.T.);
#2452=ORIENTED_EDGE('',*,*,#4549,.T.);
#2453=ORIENTED_EDGE('',*,*,#4550,.F.);
#2454=ORIENTED_EDGE('',*,*,#4547,.F.);
#2455=ORIENTED_EDGE('',*,*,#4551,.T.);
#2456=ORIENTED_EDGE('',*,*,#4552,.T.);
#2457=ORIENTED_EDGE('',*,*,#4549,.F.);
#2458=ORIENTED_EDGE('',*,*,#4448,.T.);
#2459=ORIENTED_EDGE('',*,*,#4458,.T.);
#2460=ORIENTED_EDGE('',*,*,#4551,.F.);
#2461=ORIENTED_EDGE('',*,*,#4457,.F.);
#2462=ORIENTED_EDGE('',*,*,#4553,.T.);
#2463=ORIENTED_EDGE('',*,*,#4554,.T.);
#2464=ORIENTED_EDGE('',*,*,#4456,.T.);
#2465=ORIENTED_EDGE('',*,*,#4555,.T.);
#2466=ORIENTED_EDGE('',*,*,#4556,.T.);
#2467=ORIENTED_EDGE('',*,*,#4553,.F.);
#2468=ORIENTED_EDGE('',*,*,#4455,.T.);
#2469=ORIENTED_EDGE('',*,*,#4557,.T.);
#2470=ORIENTED_EDGE('',*,*,#4558,.F.);
#2471=ORIENTED_EDGE('',*,*,#4555,.F.);
#2472=ORIENTED_EDGE('',*,*,#4559,.T.);
#2473=ORIENTED_EDGE('',*,*,#4560,.T.);
#2474=ORIENTED_EDGE('',*,*,#4557,.F.);
#2475=ORIENTED_EDGE('',*,*,#4454,.T.);
#2476=ORIENTED_EDGE('',*,*,#4464,.T.);
#2477=ORIENTED_EDGE('',*,*,#4559,.F.);
#2478=ORIENTED_EDGE('',*,*,#4463,.F.);
#2479=ORIENTED_EDGE('',*,*,#4561,.T.);
#2480=ORIENTED_EDGE('',*,*,#4562,.T.);
#2481=ORIENTED_EDGE('',*,*,#4462,.T.);
#2482=ORIENTED_EDGE('',*,*,#4563,.T.);
#2483=ORIENTED_EDGE('',*,*,#4564,.T.);
#2484=ORIENTED_EDGE('',*,*,#4561,.F.);
#2485=ORIENTED_EDGE('',*,*,#4461,.T.);
#2486=ORIENTED_EDGE('',*,*,#4565,.T.);
#2487=ORIENTED_EDGE('',*,*,#4566,.F.);
#2488=ORIENTED_EDGE('',*,*,#4563,.F.);
#2489=ORIENTED_EDGE('',*,*,#4567,.T.);
#2490=ORIENTED_EDGE('',*,*,#4568,.T.);
#2491=ORIENTED_EDGE('',*,*,#4565,.F.);
#2492=ORIENTED_EDGE('',*,*,#4460,.T.);
#2493=ORIENTED_EDGE('',*,*,#4470,.T.);
#2494=ORIENTED_EDGE('',*,*,#4567,.F.);
#2495=ORIENTED_EDGE('',*,*,#4469,.F.);
#2496=ORIENTED_EDGE('',*,*,#4569,.T.);
#2497=ORIENTED_EDGE('',*,*,#4570,.T.);
#2498=ORIENTED_EDGE('',*,*,#4468,.T.);
#2499=ORIENTED_EDGE('',*,*,#4571,.T.);
#2500=ORIENTED_EDGE('',*,*,#4572,.T.);
#2501=ORIENTED_EDGE('',*,*,#4569,.F.);
#2502=ORIENTED_EDGE('',*,*,#4467,.T.);
#2503=ORIENTED_EDGE('',*,*,#4573,.T.);
#2504=ORIENTED_EDGE('',*,*,#4574,.F.);
#2505=ORIENTED_EDGE('',*,*,#4571,.F.);
#2506=ORIENTED_EDGE('',*,*,#4575,.T.);
#2507=ORIENTED_EDGE('',*,*,#4576,.T.);
#2508=ORIENTED_EDGE('',*,*,#4573,.F.);
#2509=ORIENTED_EDGE('',*,*,#4466,.T.);
#2510=ORIENTED_EDGE('',*,*,#4475,.T.);
#2511=ORIENTED_EDGE('',*,*,#4575,.F.);
#2512=ORIENTED_EDGE('',*,*,#4474,.F.);
#2513=ORIENTED_EDGE('',*,*,#4577,.T.);
#2514=ORIENTED_EDGE('',*,*,#4578,.T.);
#2515=ORIENTED_EDGE('',*,*,#4473,.T.);
#2516=ORIENTED_EDGE('',*,*,#4579,.T.);
#2517=ORIENTED_EDGE('',*,*,#4580,.T.);
#2518=ORIENTED_EDGE('',*,*,#4577,.F.);
#2519=ORIENTED_EDGE('',*,*,#4472,.T.);
#2520=ORIENTED_EDGE('',*,*,#4581,.T.);
#2521=ORIENTED_EDGE('',*,*,#4582,.F.);
#2522=ORIENTED_EDGE('',*,*,#4579,.F.);
#2523=ORIENTED_EDGE('',*,*,#4583,.T.);
#2524=ORIENTED_EDGE('',*,*,#4584,.F.);
#2525=ORIENTED_EDGE('',*,*,#4546,.F.);
#2526=ORIENTED_EDGE('',*,*,#4548,.F.);
#2527=ORIENTED_EDGE('',*,*,#4550,.T.);
#2528=ORIENTED_EDGE('',*,*,#4585,.T.);
#2529=ORIENTED_EDGE('',*,*,#4586,.T.);
#2530=ORIENTED_EDGE('',*,*,#4587,.F.);
#2531=ORIENTED_EDGE('',*,*,#4544,.F.);
#2532=ORIENTED_EDGE('',*,*,#4584,.T.);
#2533=ORIENTED_EDGE('',*,*,#4588,.T.);
#2534=ORIENTED_EDGE('',*,*,#4589,.F.);
#2535=ORIENTED_EDGE('',*,*,#4538,.F.);
#2536=ORIENTED_EDGE('',*,*,#4540,.F.);
#2537=ORIENTED_EDGE('',*,*,#4542,.T.);
#2538=ORIENTED_EDGE('',*,*,#4587,.T.);
#2539=ORIENTED_EDGE('',*,*,#4590,.T.);
#2540=ORIENTED_EDGE('',*,*,#4591,.F.);
#2541=ORIENTED_EDGE('',*,*,#4592,.F.);
#2542=ORIENTED_EDGE('',*,*,#4589,.T.);
#2543=ORIENTED_EDGE('',*,*,#4593,.T.);
#2544=ORIENTED_EDGE('',*,*,#4594,.F.);
#2545=ORIENTED_EDGE('',*,*,#4578,.F.);
#2546=ORIENTED_EDGE('',*,*,#4580,.F.);
#2547=ORIENTED_EDGE('',*,*,#4582,.T.);
#2548=ORIENTED_EDGE('',*,*,#4591,.T.);
#2549=ORIENTED_EDGE('',*,*,#4595,.T.);
#2550=ORIENTED_EDGE('',*,*,#4596,.F.);
#2551=ORIENTED_EDGE('',*,*,#4576,.F.);
#2552=ORIENTED_EDGE('',*,*,#4594,.T.);
#2553=ORIENTED_EDGE('',*,*,#4597,.T.);
#2554=ORIENTED_EDGE('',*,*,#4598,.F.);
#2555=ORIENTED_EDGE('',*,*,#4570,.F.);
#2556=ORIENTED_EDGE('',*,*,#4572,.F.);
#2557=ORIENTED_EDGE('',*,*,#4574,.T.);
#2558=ORIENTED_EDGE('',*,*,#4596,.T.);
#2559=ORIENTED_EDGE('',*,*,#4599,.T.);
#2560=ORIENTED_EDGE('',*,*,#4600,.F.);
#2561=ORIENTED_EDGE('',*,*,#4568,.F.);
#2562=ORIENTED_EDGE('',*,*,#4598,.T.);
#2563=ORIENTED_EDGE('',*,*,#4601,.T.);
#2564=ORIENTED_EDGE('',*,*,#4602,.F.);
#2565=ORIENTED_EDGE('',*,*,#4562,.F.);
#2566=ORIENTED_EDGE('',*,*,#4564,.F.);
#2567=ORIENTED_EDGE('',*,*,#4566,.T.);
#2568=ORIENTED_EDGE('',*,*,#4600,.T.);
#2569=ORIENTED_EDGE('',*,*,#4603,.T.);
#2570=ORIENTED_EDGE('',*,*,#4604,.F.);
#2571=ORIENTED_EDGE('',*,*,#4560,.F.);
#2572=ORIENTED_EDGE('',*,*,#4602,.T.);
#2573=ORIENTED_EDGE('',*,*,#4605,.T.);
#2574=ORIENTED_EDGE('',*,*,#4606,.F.);
#2575=ORIENTED_EDGE('',*,*,#4554,.F.);
#2576=ORIENTED_EDGE('',*,*,#4556,.F.);
#2577=ORIENTED_EDGE('',*,*,#4558,.T.);
#2578=ORIENTED_EDGE('',*,*,#4604,.T.);
#2579=ORIENTED_EDGE('',*,*,#4607,.T.);
#2580=ORIENTED_EDGE('',*,*,#4585,.F.);
#2581=ORIENTED_EDGE('',*,*,#4552,.F.);
#2582=ORIENTED_EDGE('',*,*,#4606,.T.);
#2583=ORIENTED_EDGE('',*,*,#4536,.T.);
#2584=ORIENTED_EDGE('',*,*,#4592,.T.);
#2585=ORIENTED_EDGE('',*,*,#4581,.F.);
#2586=ORIENTED_EDGE('',*,*,#4471,.T.);
#2587=ORIENTED_EDGE('',*,*,#4445,.T.);
#2588=ORIENTED_EDGE('',*,*,#4608,.F.);
#2589=ORIENTED_EDGE('',*,*,#4396,.F.);
#2590=ORIENTED_EDGE('',*,*,#4609,.T.);
#2591=ORIENTED_EDGE('',*,*,#4610,.T.);
#2592=ORIENTED_EDGE('',*,*,#4395,.T.);
#2593=ORIENTED_EDGE('',*,*,#4611,.T.);
#2594=ORIENTED_EDGE('',*,*,#4612,.T.);
#2595=ORIENTED_EDGE('',*,*,#4609,.F.);
#2596=ORIENTED_EDGE('',*,*,#4394,.T.);
#2597=ORIENTED_EDGE('',*,*,#4613,.T.);
#2598=ORIENTED_EDGE('',*,*,#4614,.F.);
#2599=ORIENTED_EDGE('',*,*,#4611,.F.);
#2600=ORIENTED_EDGE('',*,*,#4615,.T.);
#2601=ORIENTED_EDGE('',*,*,#4616,.T.);
#2602=ORIENTED_EDGE('',*,*,#4613,.F.);
#2603=ORIENTED_EDGE('',*,*,#4393,.T.);
#2604=ORIENTED_EDGE('',*,*,#4404,.T.);
#2605=ORIENTED_EDGE('',*,*,#4615,.F.);
#2606=ORIENTED_EDGE('',*,*,#4403,.F.);
#2607=ORIENTED_EDGE('',*,*,#4617,.T.);
#2608=ORIENTED_EDGE('',*,*,#4618,.T.);
#2609=ORIENTED_EDGE('',*,*,#4402,.T.);
#2610=ORIENTED_EDGE('',*,*,#4619,.T.);
#2611=ORIENTED_EDGE('',*,*,#4620,.T.);
#2612=ORIENTED_EDGE('',*,*,#4617,.F.);
#2613=ORIENTED_EDGE('',*,*,#4401,.T.);
#2614=ORIENTED_EDGE('',*,*,#4621,.T.);
#2615=ORIENTED_EDGE('',*,*,#4622,.F.);
#2616=ORIENTED_EDGE('',*,*,#4619,.F.);
#2617=ORIENTED_EDGE('',*,*,#4623,.T.);
#2618=ORIENTED_EDGE('',*,*,#4624,.T.);
#2619=ORIENTED_EDGE('',*,*,#4621,.F.);
#2620=ORIENTED_EDGE('',*,*,#4400,.T.);
#2621=ORIENTED_EDGE('',*,*,#4410,.T.);
#2622=ORIENTED_EDGE('',*,*,#4623,.F.);
#2623=ORIENTED_EDGE('',*,*,#4409,.F.);
#2624=ORIENTED_EDGE('',*,*,#4625,.T.);
#2625=ORIENTED_EDGE('',*,*,#4626,.T.);
#2626=ORIENTED_EDGE('',*,*,#4408,.T.);
#2627=ORIENTED_EDGE('',*,*,#4627,.T.);
#2628=ORIENTED_EDGE('',*,*,#4628,.T.);
#2629=ORIENTED_EDGE('',*,*,#4625,.F.);
#2630=ORIENTED_EDGE('',*,*,#4407,.T.);
#2631=ORIENTED_EDGE('',*,*,#4629,.T.);
#2632=ORIENTED_EDGE('',*,*,#4630,.F.);
#2633=ORIENTED_EDGE('',*,*,#4627,.F.);
#2634=ORIENTED_EDGE('',*,*,#4631,.T.);
#2635=ORIENTED_EDGE('',*,*,#4632,.T.);
#2636=ORIENTED_EDGE('',*,*,#4629,.F.);
#2637=ORIENTED_EDGE('',*,*,#4406,.T.);
#2638=ORIENTED_EDGE('',*,*,#4416,.T.);
#2639=ORIENTED_EDGE('',*,*,#4631,.F.);
#2640=ORIENTED_EDGE('',*,*,#4415,.F.);
#2641=ORIENTED_EDGE('',*,*,#4633,.T.);
#2642=ORIENTED_EDGE('',*,*,#4634,.T.);
#2643=ORIENTED_EDGE('',*,*,#4414,.T.);
#2644=ORIENTED_EDGE('',*,*,#4635,.T.);
#2645=ORIENTED_EDGE('',*,*,#4636,.T.);
#2646=ORIENTED_EDGE('',*,*,#4633,.F.);
#2647=ORIENTED_EDGE('',*,*,#4413,.T.);
#2648=ORIENTED_EDGE('',*,*,#4637,.T.);
#2649=ORIENTED_EDGE('',*,*,#4638,.F.);
#2650=ORIENTED_EDGE('',*,*,#4635,.F.);
#2651=ORIENTED_EDGE('',*,*,#4639,.T.);
#2652=ORIENTED_EDGE('',*,*,#4640,.T.);
#2653=ORIENTED_EDGE('',*,*,#4637,.F.);
#2654=ORIENTED_EDGE('',*,*,#4412,.T.);
#2655=ORIENTED_EDGE('',*,*,#4422,.T.);
#2656=ORIENTED_EDGE('',*,*,#4639,.F.);
#2657=ORIENTED_EDGE('',*,*,#4421,.F.);
#2658=ORIENTED_EDGE('',*,*,#4641,.T.);
#2659=ORIENTED_EDGE('',*,*,#4642,.T.);
#2660=ORIENTED_EDGE('',*,*,#4420,.T.);
#2661=ORIENTED_EDGE('',*,*,#4643,.T.);
#2662=ORIENTED_EDGE('',*,*,#4644,.T.);
#2663=ORIENTED_EDGE('',*,*,#4641,.F.);
#2664=ORIENTED_EDGE('',*,*,#4419,.T.);
#2665=ORIENTED_EDGE('',*,*,#4645,.T.);
#2666=ORIENTED_EDGE('',*,*,#4646,.F.);
#2667=ORIENTED_EDGE('',*,*,#4643,.F.);
#2668=ORIENTED_EDGE('',*,*,#4647,.T.);
#2669=ORIENTED_EDGE('',*,*,#4648,.T.);
#2670=ORIENTED_EDGE('',*,*,#4645,.F.);
#2671=ORIENTED_EDGE('',*,*,#4418,.T.);
#2672=ORIENTED_EDGE('',*,*,#4427,.T.);
#2673=ORIENTED_EDGE('',*,*,#4647,.F.);
#2674=ORIENTED_EDGE('',*,*,#4426,.F.);
#2675=ORIENTED_EDGE('',*,*,#4649,.T.);
#2676=ORIENTED_EDGE('',*,*,#4650,.T.);
#2677=ORIENTED_EDGE('',*,*,#4425,.T.);
#2678=ORIENTED_EDGE('',*,*,#4651,.T.);
#2679=ORIENTED_EDGE('',*,*,#4652,.T.);
#2680=ORIENTED_EDGE('',*,*,#4649,.F.);
#2681=ORIENTED_EDGE('',*,*,#4424,.T.);
#2682=ORIENTED_EDGE('',*,*,#4653,.T.);
#2683=ORIENTED_EDGE('',*,*,#4654,.F.);
#2684=ORIENTED_EDGE('',*,*,#4651,.F.);
#2685=ORIENTED_EDGE('',*,*,#4655,.T.);
#2686=ORIENTED_EDGE('',*,*,#4656,.F.);
#2687=ORIENTED_EDGE('',*,*,#4618,.F.);
#2688=ORIENTED_EDGE('',*,*,#4620,.F.);
#2689=ORIENTED_EDGE('',*,*,#4622,.T.);
#2690=ORIENTED_EDGE('',*,*,#4657,.T.);
#2691=ORIENTED_EDGE('',*,*,#4658,.T.);
#2692=ORIENTED_EDGE('',*,*,#4659,.F.);
#2693=ORIENTED_EDGE('',*,*,#4616,.F.);
#2694=ORIENTED_EDGE('',*,*,#4656,.T.);
#2695=ORIENTED_EDGE('',*,*,#4660,.T.);
#2696=ORIENTED_EDGE('',*,*,#4661,.F.);
#2697=ORIENTED_EDGE('',*,*,#4610,.F.);
#2698=ORIENTED_EDGE('',*,*,#4612,.F.);
#2699=ORIENTED_EDGE('',*,*,#4614,.T.);
#2700=ORIENTED_EDGE('',*,*,#4659,.T.);
#2701=ORIENTED_EDGE('',*,*,#4662,.T.);
#2702=ORIENTED_EDGE('',*,*,#4663,.F.);
#2703=ORIENTED_EDGE('',*,*,#4664,.F.);
#2704=ORIENTED_EDGE('',*,*,#4661,.T.);
#2705=ORIENTED_EDGE('',*,*,#4665,.T.);
#2706=ORIENTED_EDGE('',*,*,#4666,.F.);
#2707=ORIENTED_EDGE('',*,*,#4650,.F.);
#2708=ORIENTED_EDGE('',*,*,#4652,.F.);
#2709=ORIENTED_EDGE('',*,*,#4654,.T.);
#2710=ORIENTED_EDGE('',*,*,#4663,.T.);
#2711=ORIENTED_EDGE('',*,*,#4667,.T.);
#2712=ORIENTED_EDGE('',*,*,#4668,.F.);
#2713=ORIENTED_EDGE('',*,*,#4648,.F.);
#2714=ORIENTED_EDGE('',*,*,#4666,.T.);
#2715=ORIENTED_EDGE('',*,*,#4669,.T.);
#2716=ORIENTED_EDGE('',*,*,#4670,.F.);
#2717=ORIENTED_EDGE('',*,*,#4642,.F.);
#2718=ORIENTED_EDGE('',*,*,#4644,.F.);
#2719=ORIENTED_EDGE('',*,*,#4646,.T.);
#2720=ORIENTED_EDGE('',*,*,#4668,.T.);
#2721=ORIENTED_EDGE('',*,*,#4671,.T.);
#2722=ORIENTED_EDGE('',*,*,#4672,.F.);
#2723=ORIENTED_EDGE('',*,*,#4640,.F.);
#2724=ORIENTED_EDGE('',*,*,#4670,.T.);
#2725=ORIENTED_EDGE('',*,*,#4673,.T.);
#2726=ORIENTED_EDGE('',*,*,#4674,.F.);
#2727=ORIENTED_EDGE('',*,*,#4634,.F.);
#2728=ORIENTED_EDGE('',*,*,#4636,.F.);
#2729=ORIENTED_EDGE('',*,*,#4638,.T.);
#2730=ORIENTED_EDGE('',*,*,#4672,.T.);
#2731=ORIENTED_EDGE('',*,*,#4675,.T.);
#2732=ORIENTED_EDGE('',*,*,#4676,.F.);
#2733=ORIENTED_EDGE('',*,*,#4632,.F.);
#2734=ORIENTED_EDGE('',*,*,#4674,.T.);
#2735=ORIENTED_EDGE('',*,*,#4677,.T.);
#2736=ORIENTED_EDGE('',*,*,#4678,.F.);
#2737=ORIENTED_EDGE('',*,*,#4626,.F.);
#2738=ORIENTED_EDGE('',*,*,#4628,.F.);
#2739=ORIENTED_EDGE('',*,*,#4630,.T.);
#2740=ORIENTED_EDGE('',*,*,#4676,.T.);
#2741=ORIENTED_EDGE('',*,*,#4679,.T.);
#2742=ORIENTED_EDGE('',*,*,#4657,.F.);
#2743=ORIENTED_EDGE('',*,*,#4624,.F.);
#2744=ORIENTED_EDGE('',*,*,#4678,.T.);
#2745=ORIENTED_EDGE('',*,*,#4608,.T.);
#2746=ORIENTED_EDGE('',*,*,#4664,.T.);
#2747=ORIENTED_EDGE('',*,*,#4653,.F.);
#2748=ORIENTED_EDGE('',*,*,#4423,.T.);
#2749=ORIENTED_EDGE('',*,*,#4397,.T.);
#2750=ORIENTED_EDGE('',*,*,#4680,.F.);
#2751=ORIENTED_EDGE('',*,*,#4348,.F.);
#2752=ORIENTED_EDGE('',*,*,#4681,.T.);
#2753=ORIENTED_EDGE('',*,*,#4682,.T.);
#2754=ORIENTED_EDGE('',*,*,#4347,.T.);
#2755=ORIENTED_EDGE('',*,*,#4683,.T.);
#2756=ORIENTED_EDGE('',*,*,#4684,.T.);
#2757=ORIENTED_EDGE('',*,*,#4681,.F.);
#2758=ORIENTED_EDGE('',*,*,#4346,.T.);
#2759=ORIENTED_EDGE('',*,*,#4685,.T.);
#2760=ORIENTED_EDGE('',*,*,#4686,.F.);
#2761=ORIENTED_EDGE('',*,*,#4683,.F.);
#2762=ORIENTED_EDGE('',*,*,#4687,.T.);
#2763=ORIENTED_EDGE('',*,*,#4688,.T.);
#2764=ORIENTED_EDGE('',*,*,#4685,.F.);
#2765=ORIENTED_EDGE('',*,*,#4345,.T.);
#2766=ORIENTED_EDGE('',*,*,#4356,.T.);
#2767=ORIENTED_EDGE('',*,*,#4687,.F.);
#2768=ORIENTED_EDGE('',*,*,#4355,.F.);
#2769=ORIENTED_EDGE('',*,*,#4689,.T.);
#2770=ORIENTED_EDGE('',*,*,#4690,.T.);
#2771=ORIENTED_EDGE('',*,*,#4354,.T.);
#2772=ORIENTED_EDGE('',*,*,#4691,.T.);
#2773=ORIENTED_EDGE('',*,*,#4692,.T.);
#2774=ORIENTED_EDGE('',*,*,#4689,.F.);
#2775=ORIENTED_EDGE('',*,*,#4353,.T.);
#2776=ORIENTED_EDGE('',*,*,#4693,.T.);
#2777=ORIENTED_EDGE('',*,*,#4694,.F.);
#2778=ORIENTED_EDGE('',*,*,#4691,.F.);
#2779=ORIENTED_EDGE('',*,*,#4695,.T.);
#2780=ORIENTED_EDGE('',*,*,#4696,.T.);
#2781=ORIENTED_EDGE('',*,*,#4693,.F.);
#2782=ORIENTED_EDGE('',*,*,#4352,.T.);
#2783=ORIENTED_EDGE('',*,*,#4362,.T.);
#2784=ORIENTED_EDGE('',*,*,#4695,.F.);
#2785=ORIENTED_EDGE('',*,*,#4361,.F.);
#2786=ORIENTED_EDGE('',*,*,#4697,.T.);
#2787=ORIENTED_EDGE('',*,*,#4698,.T.);
#2788=ORIENTED_EDGE('',*,*,#4360,.T.);
#2789=ORIENTED_EDGE('',*,*,#4699,.T.);
#2790=ORIENTED_EDGE('',*,*,#4700,.T.);
#2791=ORIENTED_EDGE('',*,*,#4697,.F.);
#2792=ORIENTED_EDGE('',*,*,#4359,.T.);
#2793=ORIENTED_EDGE('',*,*,#4701,.T.);
#2794=ORIENTED_EDGE('',*,*,#4702,.F.);
#2795=ORIENTED_EDGE('',*,*,#4699,.F.);
#2796=ORIENTED_EDGE('',*,*,#4703,.T.);
#2797=ORIENTED_EDGE('',*,*,#4704,.T.);
#2798=ORIENTED_EDGE('',*,*,#4701,.F.);
#2799=ORIENTED_EDGE('',*,*,#4358,.T.);
#2800=ORIENTED_EDGE('',*,*,#4368,.T.);
#2801=ORIENTED_EDGE('',*,*,#4703,.F.);
#2802=ORIENTED_EDGE('',*,*,#4367,.F.);
#2803=ORIENTED_EDGE('',*,*,#4705,.T.);
#2804=ORIENTED_EDGE('',*,*,#4706,.T.);
#2805=ORIENTED_EDGE('',*,*,#4366,.T.);
#2806=ORIENTED_EDGE('',*,*,#4707,.T.);
#2807=ORIENTED_EDGE('',*,*,#4708,.T.);
#2808=ORIENTED_EDGE('',*,*,#4705,.F.);
#2809=ORIENTED_EDGE('',*,*,#4365,.T.);
#2810=ORIENTED_EDGE('',*,*,#4709,.T.);
#2811=ORIENTED_EDGE('',*,*,#4710,.F.);
#2812=ORIENTED_EDGE('',*,*,#4707,.F.);
#2813=ORIENTED_EDGE('',*,*,#4711,.T.);
#2814=ORIENTED_EDGE('',*,*,#4712,.T.);
#2815=ORIENTED_EDGE('',*,*,#4709,.F.);
#2816=ORIENTED_EDGE('',*,*,#4364,.T.);
#2817=ORIENTED_EDGE('',*,*,#4374,.T.);
#2818=ORIENTED_EDGE('',*,*,#4711,.F.);
#2819=ORIENTED_EDGE('',*,*,#4373,.F.);
#2820=ORIENTED_EDGE('',*,*,#4713,.T.);
#2821=ORIENTED_EDGE('',*,*,#4714,.T.);
#2822=ORIENTED_EDGE('',*,*,#4372,.T.);
#2823=ORIENTED_EDGE('',*,*,#4715,.T.);
#2824=ORIENTED_EDGE('',*,*,#4716,.T.);
#2825=ORIENTED_EDGE('',*,*,#4713,.F.);
#2826=ORIENTED_EDGE('',*,*,#4371,.T.);
#2827=ORIENTED_EDGE('',*,*,#4717,.T.);
#2828=ORIENTED_EDGE('',*,*,#4718,.F.);
#2829=ORIENTED_EDGE('',*,*,#4715,.F.);
#2830=ORIENTED_EDGE('',*,*,#4719,.T.);
#2831=ORIENTED_EDGE('',*,*,#4720,.T.);
#2832=ORIENTED_EDGE('',*,*,#4717,.F.);
#2833=ORIENTED_EDGE('',*,*,#4370,.T.);
#2834=ORIENTED_EDGE('',*,*,#4379,.T.);
#2835=ORIENTED_EDGE('',*,*,#4719,.F.);
#2836=ORIENTED_EDGE('',*,*,#4378,.F.);
#2837=ORIENTED_EDGE('',*,*,#4721,.T.);
#2838=ORIENTED_EDGE('',*,*,#4722,.T.);
#2839=ORIENTED_EDGE('',*,*,#4377,.T.);
#2840=ORIENTED_EDGE('',*,*,#4723,.T.);
#2841=ORIENTED_EDGE('',*,*,#4724,.T.);
#2842=ORIENTED_EDGE('',*,*,#4721,.F.);
#2843=ORIENTED_EDGE('',*,*,#4376,.T.);
#2844=ORIENTED_EDGE('',*,*,#4725,.T.);
#2845=ORIENTED_EDGE('',*,*,#4726,.F.);
#2846=ORIENTED_EDGE('',*,*,#4723,.F.);
#2847=ORIENTED_EDGE('',*,*,#4727,.T.);
#2848=ORIENTED_EDGE('',*,*,#4728,.F.);
#2849=ORIENTED_EDGE('',*,*,#4690,.F.);
#2850=ORIENTED_EDGE('',*,*,#4692,.F.);
#2851=ORIENTED_EDGE('',*,*,#4694,.T.);
#2852=ORIENTED_EDGE('',*,*,#4729,.T.);
#2853=ORIENTED_EDGE('',*,*,#4730,.T.);
#2854=ORIENTED_EDGE('',*,*,#4731,.F.);
#2855=ORIENTED_EDGE('',*,*,#4688,.F.);
#2856=ORIENTED_EDGE('',*,*,#4728,.T.);
#2857=ORIENTED_EDGE('',*,*,#4732,.T.);
#2858=ORIENTED_EDGE('',*,*,#4733,.F.);
#2859=ORIENTED_EDGE('',*,*,#4682,.F.);
#2860=ORIENTED_EDGE('',*,*,#4684,.F.);
#2861=ORIENTED_EDGE('',*,*,#4686,.T.);
#2862=ORIENTED_EDGE('',*,*,#4731,.T.);
#2863=ORIENTED_EDGE('',*,*,#4734,.T.);
#2864=ORIENTED_EDGE('',*,*,#4735,.F.);
#2865=ORIENTED_EDGE('',*,*,#4736,.F.);
#2866=ORIENTED_EDGE('',*,*,#4733,.T.);
#2867=ORIENTED_EDGE('',*,*,#4737,.T.);
#2868=ORIENTED_EDGE('',*,*,#4738,.F.);
#2869=ORIENTED_EDGE('',*,*,#4722,.F.);
#2870=ORIENTED_EDGE('',*,*,#4724,.F.);
#2871=ORIENTED_EDGE('',*,*,#4726,.T.);
#2872=ORIENTED_EDGE('',*,*,#4735,.T.);
#2873=ORIENTED_EDGE('',*,*,#4739,.T.);
#2874=ORIENTED_EDGE('',*,*,#4740,.F.);
#2875=ORIENTED_EDGE('',*,*,#4720,.F.);
#2876=ORIENTED_EDGE('',*,*,#4738,.T.);
#2877=ORIENTED_EDGE('',*,*,#4741,.T.);
#2878=ORIENTED_EDGE('',*,*,#4742,.F.);
#2879=ORIENTED_EDGE('',*,*,#4714,.F.);
#2880=ORIENTED_EDGE('',*,*,#4716,.F.);
#2881=ORIENTED_EDGE('',*,*,#4718,.T.);
#2882=ORIENTED_EDGE('',*,*,#4740,.T.);
#2883=ORIENTED_EDGE('',*,*,#4743,.T.);
#2884=ORIENTED_EDGE('',*,*,#4744,.F.);
#2885=ORIENTED_EDGE('',*,*,#4712,.F.);
#2886=ORIENTED_EDGE('',*,*,#4742,.T.);
#2887=ORIENTED_EDGE('',*,*,#4745,.T.);
#2888=ORIENTED_EDGE('',*,*,#4746,.F.);
#2889=ORIENTED_EDGE('',*,*,#4706,.F.);
#2890=ORIENTED_EDGE('',*,*,#4708,.F.);
#2891=ORIENTED_EDGE('',*,*,#4710,.T.);
#2892=ORIENTED_EDGE('',*,*,#4744,.T.);
#2893=ORIENTED_EDGE('',*,*,#4747,.T.);
#2894=ORIENTED_EDGE('',*,*,#4748,.F.);
#2895=ORIENTED_EDGE('',*,*,#4704,.F.);
#2896=ORIENTED_EDGE('',*,*,#4746,.T.);
#2897=ORIENTED_EDGE('',*,*,#4749,.T.);
#2898=ORIENTED_EDGE('',*,*,#4750,.F.);
#2899=ORIENTED_EDGE('',*,*,#4698,.F.);
#2900=ORIENTED_EDGE('',*,*,#4700,.F.);
#2901=ORIENTED_EDGE('',*,*,#4702,.T.);
#2902=ORIENTED_EDGE('',*,*,#4748,.T.);
#2903=ORIENTED_EDGE('',*,*,#4751,.T.);
#2904=ORIENTED_EDGE('',*,*,#4729,.F.);
#2905=ORIENTED_EDGE('',*,*,#4696,.F.);
#2906=ORIENTED_EDGE('',*,*,#4750,.T.);
#2907=ORIENTED_EDGE('',*,*,#4680,.T.);
#2908=ORIENTED_EDGE('',*,*,#4736,.T.);
#2909=ORIENTED_EDGE('',*,*,#4725,.F.);
#2910=ORIENTED_EDGE('',*,*,#4375,.T.);
#2911=ORIENTED_EDGE('',*,*,#4349,.T.);
#2912=ORIENTED_EDGE('',*,*,#4752,.F.);
#2913=ORIENTED_EDGE('',*,*,#4300,.F.);
#2914=ORIENTED_EDGE('',*,*,#4753,.T.);
#2915=ORIENTED_EDGE('',*,*,#4754,.T.);
#2916=ORIENTED_EDGE('',*,*,#4299,.T.);
#2917=ORIENTED_EDGE('',*,*,#4755,.T.);
#2918=ORIENTED_EDGE('',*,*,#4756,.T.);
#2919=ORIENTED_EDGE('',*,*,#4753,.F.);
#2920=ORIENTED_EDGE('',*,*,#4298,.T.);
#2921=ORIENTED_EDGE('',*,*,#4757,.T.);
#2922=ORIENTED_EDGE('',*,*,#4758,.F.);
#2923=ORIENTED_EDGE('',*,*,#4755,.F.);
#2924=ORIENTED_EDGE('',*,*,#4759,.T.);
#2925=ORIENTED_EDGE('',*,*,#4760,.T.);
#2926=ORIENTED_EDGE('',*,*,#4757,.F.);
#2927=ORIENTED_EDGE('',*,*,#4297,.T.);
#2928=ORIENTED_EDGE('',*,*,#4308,.T.);
#2929=ORIENTED_EDGE('',*,*,#4759,.F.);
#2930=ORIENTED_EDGE('',*,*,#4307,.F.);
#2931=ORIENTED_EDGE('',*,*,#4761,.T.);
#2932=ORIENTED_EDGE('',*,*,#4762,.T.);
#2933=ORIENTED_EDGE('',*,*,#4306,.T.);
#2934=ORIENTED_EDGE('',*,*,#4763,.T.);
#2935=ORIENTED_EDGE('',*,*,#4764,.T.);
#2936=ORIENTED_EDGE('',*,*,#4761,.F.);
#2937=ORIENTED_EDGE('',*,*,#4305,.T.);
#2938=ORIENTED_EDGE('',*,*,#4765,.T.);
#2939=ORIENTED_EDGE('',*,*,#4766,.F.);
#2940=ORIENTED_EDGE('',*,*,#4763,.F.);
#2941=ORIENTED_EDGE('',*,*,#4767,.T.);
#2942=ORIENTED_EDGE('',*,*,#4768,.T.);
#2943=ORIENTED_EDGE('',*,*,#4765,.F.);
#2944=ORIENTED_EDGE('',*,*,#4304,.T.);
#2945=ORIENTED_EDGE('',*,*,#4314,.T.);
#2946=ORIENTED_EDGE('',*,*,#4767,.F.);
#2947=ORIENTED_EDGE('',*,*,#4313,.F.);
#2948=ORIENTED_EDGE('',*,*,#4769,.T.);
#2949=ORIENTED_EDGE('',*,*,#4770,.T.);
#2950=ORIENTED_EDGE('',*,*,#4312,.T.);
#2951=ORIENTED_EDGE('',*,*,#4771,.T.);
#2952=ORIENTED_EDGE('',*,*,#4772,.T.);
#2953=ORIENTED_EDGE('',*,*,#4769,.F.);
#2954=ORIENTED_EDGE('',*,*,#4311,.T.);
#2955=ORIENTED_EDGE('',*,*,#4773,.T.);
#2956=ORIENTED_EDGE('',*,*,#4774,.F.);
#2957=ORIENTED_EDGE('',*,*,#4771,.F.);
#2958=ORIENTED_EDGE('',*,*,#4775,.T.);
#2959=ORIENTED_EDGE('',*,*,#4776,.T.);
#2960=ORIENTED_EDGE('',*,*,#4773,.F.);
#2961=ORIENTED_EDGE('',*,*,#4310,.T.);
#2962=ORIENTED_EDGE('',*,*,#4320,.T.);
#2963=ORIENTED_EDGE('',*,*,#4775,.F.);
#2964=ORIENTED_EDGE('',*,*,#4319,.F.);
#2965=ORIENTED_EDGE('',*,*,#4777,.T.);
#2966=ORIENTED_EDGE('',*,*,#4778,.T.);
#2967=ORIENTED_EDGE('',*,*,#4318,.T.);
#2968=ORIENTED_EDGE('',*,*,#4779,.T.);
#2969=ORIENTED_EDGE('',*,*,#4780,.T.);
#2970=ORIENTED_EDGE('',*,*,#4777,.F.);
#2971=ORIENTED_EDGE('',*,*,#4317,.T.);
#2972=ORIENTED_EDGE('',*,*,#4781,.T.);
#2973=ORIENTED_EDGE('',*,*,#4782,.F.);
#2974=ORIENTED_EDGE('',*,*,#4779,.F.);
#2975=ORIENTED_EDGE('',*,*,#4783,.T.);
#2976=ORIENTED_EDGE('',*,*,#4784,.T.);
#2977=ORIENTED_EDGE('',*,*,#4781,.F.);
#2978=ORIENTED_EDGE('',*,*,#4316,.T.);
#2979=ORIENTED_EDGE('',*,*,#4326,.T.);
#2980=ORIENTED_EDGE('',*,*,#4783,.F.);
#2981=ORIENTED_EDGE('',*,*,#4325,.F.);
#2982=ORIENTED_EDGE('',*,*,#4785,.T.);
#2983=ORIENTED_EDGE('',*,*,#4786,.T.);
#2984=ORIENTED_EDGE('',*,*,#4324,.T.);
#2985=ORIENTED_EDGE('',*,*,#4787,.T.);
#2986=ORIENTED_EDGE('',*,*,#4788,.T.);
#2987=ORIENTED_EDGE('',*,*,#4785,.F.);
#2988=ORIENTED_EDGE('',*,*,#4323,.T.);
#2989=ORIENTED_EDGE('',*,*,#4789,.T.);
#2990=ORIENTED_EDGE('',*,*,#4790,.F.);
#2991=ORIENTED_EDGE('',*,*,#4787,.F.);
#2992=ORIENTED_EDGE('',*,*,#4791,.T.);
#2993=ORIENTED_EDGE('',*,*,#4792,.T.);
#2994=ORIENTED_EDGE('',*,*,#4789,.F.);
#2995=ORIENTED_EDGE('',*,*,#4322,.T.);
#2996=ORIENTED_EDGE('',*,*,#4331,.T.);
#2997=ORIENTED_EDGE('',*,*,#4791,.F.);
#2998=ORIENTED_EDGE('',*,*,#4330,.F.);
#2999=ORIENTED_EDGE('',*,*,#4793,.T.);
#3000=ORIENTED_EDGE('',*,*,#4794,.T.);
#3001=ORIENTED_EDGE('',*,*,#4329,.T.);
#3002=ORIENTED_EDGE('',*,*,#4795,.T.);
#3003=ORIENTED_EDGE('',*,*,#4796,.T.);
#3004=ORIENTED_EDGE('',*,*,#4793,.F.);
#3005=ORIENTED_EDGE('',*,*,#4328,.T.);
#3006=ORIENTED_EDGE('',*,*,#4797,.T.);
#3007=ORIENTED_EDGE('',*,*,#4798,.F.);
#3008=ORIENTED_EDGE('',*,*,#4795,.F.);
#3009=ORIENTED_EDGE('',*,*,#4799,.T.);
#3010=ORIENTED_EDGE('',*,*,#4800,.F.);
#3011=ORIENTED_EDGE('',*,*,#4762,.F.);
#3012=ORIENTED_EDGE('',*,*,#4764,.F.);
#3013=ORIENTED_EDGE('',*,*,#4766,.T.);
#3014=ORIENTED_EDGE('',*,*,#4801,.T.);
#3015=ORIENTED_EDGE('',*,*,#4802,.T.);
#3016=ORIENTED_EDGE('',*,*,#4803,.F.);
#3017=ORIENTED_EDGE('',*,*,#4760,.F.);
#3018=ORIENTED_EDGE('',*,*,#4800,.T.);
#3019=ORIENTED_EDGE('',*,*,#4804,.T.);
#3020=ORIENTED_EDGE('',*,*,#4805,.F.);
#3021=ORIENTED_EDGE('',*,*,#4754,.F.);
#3022=ORIENTED_EDGE('',*,*,#4756,.F.);
#3023=ORIENTED_EDGE('',*,*,#4758,.T.);
#3024=ORIENTED_EDGE('',*,*,#4803,.T.);
#3025=ORIENTED_EDGE('',*,*,#4806,.T.);
#3026=ORIENTED_EDGE('',*,*,#4807,.F.);
#3027=ORIENTED_EDGE('',*,*,#4808,.F.);
#3028=ORIENTED_EDGE('',*,*,#4805,.T.);
#3029=ORIENTED_EDGE('',*,*,#4809,.T.);
#3030=ORIENTED_EDGE('',*,*,#4810,.F.);
#3031=ORIENTED_EDGE('',*,*,#4794,.F.);
#3032=ORIENTED_EDGE('',*,*,#4796,.F.);
#3033=ORIENTED_EDGE('',*,*,#4798,.T.);
#3034=ORIENTED_EDGE('',*,*,#4807,.T.);
#3035=ORIENTED_EDGE('',*,*,#4811,.T.);
#3036=ORIENTED_EDGE('',*,*,#4812,.F.);
#3037=ORIENTED_EDGE('',*,*,#4792,.F.);
#3038=ORIENTED_EDGE('',*,*,#4810,.T.);
#3039=ORIENTED_EDGE('',*,*,#4813,.T.);
#3040=ORIENTED_EDGE('',*,*,#4814,.F.);
#3041=ORIENTED_EDGE('',*,*,#4786,.F.);
#3042=ORIENTED_EDGE('',*,*,#4788,.F.);
#3043=ORIENTED_EDGE('',*,*,#4790,.T.);
#3044=ORIENTED_EDGE('',*,*,#4812,.T.);
#3045=ORIENTED_EDGE('',*,*,#4815,.T.);
#3046=ORIENTED_EDGE('',*,*,#4816,.F.);
#3047=ORIENTED_EDGE('',*,*,#4784,.F.);
#3048=ORIENTED_EDGE('',*,*,#4814,.T.);
#3049=ORIENTED_EDGE('',*,*,#4817,.T.);
#3050=ORIENTED_EDGE('',*,*,#4818,.F.);
#3051=ORIENTED_EDGE('',*,*,#4778,.F.);
#3052=ORIENTED_EDGE('',*,*,#4780,.F.);
#3053=ORIENTED_EDGE('',*,*,#4782,.T.);
#3054=ORIENTED_EDGE('',*,*,#4816,.T.);
#3055=ORIENTED_EDGE('',*,*,#4819,.T.);
#3056=ORIENTED_EDGE('',*,*,#4820,.F.);
#3057=ORIENTED_EDGE('',*,*,#4776,.F.);
#3058=ORIENTED_EDGE('',*,*,#4818,.T.);
#3059=ORIENTED_EDGE('',*,*,#4821,.T.);
#3060=ORIENTED_EDGE('',*,*,#4822,.F.);
#3061=ORIENTED_EDGE('',*,*,#4770,.F.);
#3062=ORIENTED_EDGE('',*,*,#4772,.F.);
#3063=ORIENTED_EDGE('',*,*,#4774,.T.);
#3064=ORIENTED_EDGE('',*,*,#4820,.T.);
#3065=ORIENTED_EDGE('',*,*,#4823,.T.);
#3066=ORIENTED_EDGE('',*,*,#4801,.F.);
#3067=ORIENTED_EDGE('',*,*,#4768,.F.);
#3068=ORIENTED_EDGE('',*,*,#4822,.T.);
#3069=ORIENTED_EDGE('',*,*,#4752,.T.);
#3070=ORIENTED_EDGE('',*,*,#4808,.T.);
#3071=ORIENTED_EDGE('',*,*,#4797,.F.);
#3072=ORIENTED_EDGE('',*,*,#4327,.T.);
#3073=ORIENTED_EDGE('',*,*,#4301,.T.);
#3074=ORIENTED_EDGE('',*,*,#4269,.T.);
#3075=ORIENTED_EDGE('',*,*,#4824,.T.);
#3076=ORIENTED_EDGE('',*,*,#4825,.F.);
#3077=ORIENTED_EDGE('',*,*,#4826,.F.);
#3078=ORIENTED_EDGE('',*,*,#4827,.T.);
#3079=ORIENTED_EDGE('',*,*,#4828,.F.);
#3080=ORIENTED_EDGE('',*,*,#4829,.F.);
#3081=ORIENTED_EDGE('',*,*,#4830,.F.);
#3082=ORIENTED_EDGE('',*,*,#4825,.T.);
#3083=ORIENTED_EDGE('',*,*,#4831,.T.);
#3084=ORIENTED_EDGE('',*,*,#4832,.F.);
#3085=ORIENTED_EDGE('',*,*,#4271,.F.);
#3086=ORIENTED_EDGE('',*,*,#4833,.T.);
#3087=ORIENTED_EDGE('',*,*,#4829,.T.);
#3088=ORIENTED_EDGE('',*,*,#4270,.T.);
#3089=ORIENTED_EDGE('',*,*,#4826,.T.);
#3090=ORIENTED_EDGE('',*,*,#4830,.T.);
#3091=ORIENTED_EDGE('',*,*,#4833,.F.);
#3092=ORIENTED_EDGE('',*,*,#4275,.T.);
#3093=ORIENTED_EDGE('',*,*,#4834,.T.);
#3094=ORIENTED_EDGE('',*,*,#4835,.F.);
#3095=ORIENTED_EDGE('',*,*,#4836,.F.);
#3096=ORIENTED_EDGE('',*,*,#4837,.T.);
#3097=ORIENTED_EDGE('',*,*,#4838,.F.);
#3098=ORIENTED_EDGE('',*,*,#4839,.F.);
#3099=ORIENTED_EDGE('',*,*,#4840,.F.);
#3100=ORIENTED_EDGE('',*,*,#4835,.T.);
#3101=ORIENTED_EDGE('',*,*,#4841,.T.);
#3102=ORIENTED_EDGE('',*,*,#4842,.F.);
#3103=ORIENTED_EDGE('',*,*,#4277,.F.);
#3104=ORIENTED_EDGE('',*,*,#4843,.T.);
#3105=ORIENTED_EDGE('',*,*,#4839,.T.);
#3106=ORIENTED_EDGE('',*,*,#4276,.T.);
#3107=ORIENTED_EDGE('',*,*,#4836,.T.);
#3108=ORIENTED_EDGE('',*,*,#4840,.T.);
#3109=ORIENTED_EDGE('',*,*,#4843,.F.);
#3110=ORIENTED_EDGE('',*,*,#4280,.T.);
#3111=ORIENTED_EDGE('',*,*,#4844,.T.);
#3112=ORIENTED_EDGE('',*,*,#4845,.F.);
#3113=ORIENTED_EDGE('',*,*,#4846,.F.);
#3114=ORIENTED_EDGE('',*,*,#4847,.T.);
#3115=ORIENTED_EDGE('',*,*,#4848,.F.);
#3116=ORIENTED_EDGE('',*,*,#4849,.F.);
#3117=ORIENTED_EDGE('',*,*,#4850,.F.);
#3118=ORIENTED_EDGE('',*,*,#4845,.T.);
#3119=ORIENTED_EDGE('',*,*,#4851,.T.);
#3120=ORIENTED_EDGE('',*,*,#4852,.F.);
#3121=ORIENTED_EDGE('',*,*,#4282,.F.);
#3122=ORIENTED_EDGE('',*,*,#4853,.T.);
#3123=ORIENTED_EDGE('',*,*,#4849,.T.);
#3124=ORIENTED_EDGE('',*,*,#4281,.T.);
#3125=ORIENTED_EDGE('',*,*,#4846,.T.);
#3126=ORIENTED_EDGE('',*,*,#4850,.T.);
#3127=ORIENTED_EDGE('',*,*,#4853,.F.);
#3128=ORIENTED_EDGE('',*,*,#4250,.T.);
#3129=ORIENTED_EDGE('',*,*,#4854,.T.);
#3130=ORIENTED_EDGE('',*,*,#4855,.F.);
#3131=ORIENTED_EDGE('',*,*,#4856,.F.);
#3132=ORIENTED_EDGE('',*,*,#4857,.T.);
#3133=ORIENTED_EDGE('',*,*,#4858,.F.);
#3134=ORIENTED_EDGE('',*,*,#4859,.F.);
#3135=ORIENTED_EDGE('',*,*,#4860,.F.);
#3136=ORIENTED_EDGE('',*,*,#4855,.T.);
#3137=ORIENTED_EDGE('',*,*,#4861,.T.);
#3138=ORIENTED_EDGE('',*,*,#4862,.F.);
#3139=ORIENTED_EDGE('',*,*,#4252,.F.);
#3140=ORIENTED_EDGE('',*,*,#4863,.T.);
#3141=ORIENTED_EDGE('',*,*,#4859,.T.);
#3142=ORIENTED_EDGE('',*,*,#4251,.T.);
#3143=ORIENTED_EDGE('',*,*,#4856,.T.);
#3144=ORIENTED_EDGE('',*,*,#4860,.T.);
#3145=ORIENTED_EDGE('',*,*,#4863,.F.);
#3146=ORIENTED_EDGE('',*,*,#4257,.T.);
#3147=ORIENTED_EDGE('',*,*,#4864,.T.);
#3148=ORIENTED_EDGE('',*,*,#4865,.F.);
#3149=ORIENTED_EDGE('',*,*,#4866,.F.);
#3150=ORIENTED_EDGE('',*,*,#4867,.T.);
#3151=ORIENTED_EDGE('',*,*,#4868,.F.);
#3152=ORIENTED_EDGE('',*,*,#4869,.F.);
#3153=ORIENTED_EDGE('',*,*,#4870,.F.);
#3154=ORIENTED_EDGE('',*,*,#4865,.T.);
#3155=ORIENTED_EDGE('',*,*,#4871,.T.);
#3156=ORIENTED_EDGE('',*,*,#4872,.F.);
#3157=ORIENTED_EDGE('',*,*,#4259,.F.);
#3158=ORIENTED_EDGE('',*,*,#4873,.T.);
#3159=ORIENTED_EDGE('',*,*,#4869,.T.);
#3160=ORIENTED_EDGE('',*,*,#4258,.T.);
#3161=ORIENTED_EDGE('',*,*,#4866,.T.);
#3162=ORIENTED_EDGE('',*,*,#4870,.T.);
#3163=ORIENTED_EDGE('',*,*,#4873,.F.);
#3164=ORIENTED_EDGE('',*,*,#4263,.T.);
#3165=ORIENTED_EDGE('',*,*,#4874,.T.);
#3166=ORIENTED_EDGE('',*,*,#4875,.F.);
#3167=ORIENTED_EDGE('',*,*,#4876,.F.);
#3168=ORIENTED_EDGE('',*,*,#4877,.T.);
#3169=ORIENTED_EDGE('',*,*,#4878,.F.);
#3170=ORIENTED_EDGE('',*,*,#4879,.F.);
#3171=ORIENTED_EDGE('',*,*,#4880,.F.);
#3172=ORIENTED_EDGE('',*,*,#4875,.T.);
#3173=ORIENTED_EDGE('',*,*,#4881,.T.);
#3174=ORIENTED_EDGE('',*,*,#4882,.F.);
#3175=ORIENTED_EDGE('',*,*,#4265,.F.);
#3176=ORIENTED_EDGE('',*,*,#4883,.T.);
#3177=ORIENTED_EDGE('',*,*,#4879,.T.);
#3178=ORIENTED_EDGE('',*,*,#4264,.T.);
#3179=ORIENTED_EDGE('',*,*,#4876,.T.);
#3180=ORIENTED_EDGE('',*,*,#4880,.T.);
#3181=ORIENTED_EDGE('',*,*,#4883,.F.);
#3182=ORIENTED_EDGE('',*,*,#4884,.T.);
#3183=ORIENTED_EDGE('',*,*,#4871,.F.);
#3184=ORIENTED_EDGE('',*,*,#4885,.F.);
#3185=ORIENTED_EDGE('',*,*,#4878,.T.);
#3186=ORIENTED_EDGE('',*,*,#4882,.T.);
#3187=ORIENTED_EDGE('',*,*,#4885,.T.);
#3188=ORIENTED_EDGE('',*,*,#4864,.F.);
#3189=ORIENTED_EDGE('',*,*,#4256,.T.);
#3190=ORIENTED_EDGE('',*,*,#4266,.T.);
#3191=ORIENTED_EDGE('',*,*,#4886,.T.);
#3192=ORIENTED_EDGE('',*,*,#4881,.F.);
#3193=ORIENTED_EDGE('',*,*,#4887,.F.);
#3194=ORIENTED_EDGE('',*,*,#4828,.T.);
#3195=ORIENTED_EDGE('',*,*,#4832,.T.);
#3196=ORIENTED_EDGE('',*,*,#4887,.T.);
#3197=ORIENTED_EDGE('',*,*,#4874,.F.);
#3198=ORIENTED_EDGE('',*,*,#4262,.T.);
#3199=ORIENTED_EDGE('',*,*,#4272,.T.);
#3200=ORIENTED_EDGE('',*,*,#4888,.T.);
#3201=ORIENTED_EDGE('',*,*,#4861,.F.);
#3202=ORIENTED_EDGE('',*,*,#4889,.F.);
#3203=ORIENTED_EDGE('',*,*,#4868,.T.);
#3204=ORIENTED_EDGE('',*,*,#4872,.T.);
#3205=ORIENTED_EDGE('',*,*,#4889,.T.);
#3206=ORIENTED_EDGE('',*,*,#4854,.F.);
#3207=ORIENTED_EDGE('',*,*,#4249,.T.);
#3208=ORIENTED_EDGE('',*,*,#4260,.T.);
#3209=ORIENTED_EDGE('',*,*,#4890,.T.);
#3210=ORIENTED_EDGE('',*,*,#4851,.F.);
#3211=ORIENTED_EDGE('',*,*,#4891,.F.);
#3212=ORIENTED_EDGE('',*,*,#4858,.T.);
#3213=ORIENTED_EDGE('',*,*,#4862,.T.);
#3214=ORIENTED_EDGE('',*,*,#4891,.T.);
#3215=ORIENTED_EDGE('',*,*,#4844,.F.);
#3216=ORIENTED_EDGE('',*,*,#4279,.T.);
#3217=ORIENTED_EDGE('',*,*,#4253,.T.);
#3218=ORIENTED_EDGE('',*,*,#4892,.T.);
#3219=ORIENTED_EDGE('',*,*,#4841,.F.);
#3220=ORIENTED_EDGE('',*,*,#4893,.F.);
#3221=ORIENTED_EDGE('',*,*,#4848,.T.);
#3222=ORIENTED_EDGE('',*,*,#4852,.T.);
#3223=ORIENTED_EDGE('',*,*,#4893,.T.);
#3224=ORIENTED_EDGE('',*,*,#4834,.F.);
#3225=ORIENTED_EDGE('',*,*,#4274,.T.);
#3226=ORIENTED_EDGE('',*,*,#4283,.T.);
#3227=ORIENTED_EDGE('',*,*,#4894,.T.);
#3228=ORIENTED_EDGE('',*,*,#4831,.F.);
#3229=ORIENTED_EDGE('',*,*,#4895,.F.);
#3230=ORIENTED_EDGE('',*,*,#4838,.T.);
#3231=ORIENTED_EDGE('',*,*,#4842,.T.);
#3232=ORIENTED_EDGE('',*,*,#4895,.T.);
#3233=ORIENTED_EDGE('',*,*,#4824,.F.);
#3234=ORIENTED_EDGE('',*,*,#4268,.T.);
#3235=ORIENTED_EDGE('',*,*,#4278,.T.);
#3236=ORIENTED_EDGE('',*,*,#4607,.F.);
#3237=ORIENTED_EDGE('',*,*,#4605,.F.);
#3238=ORIENTED_EDGE('',*,*,#4603,.F.);
#3239=ORIENTED_EDGE('',*,*,#4601,.F.);
#3240=ORIENTED_EDGE('',*,*,#4599,.F.);
#3241=ORIENTED_EDGE('',*,*,#4597,.F.);
#3242=ORIENTED_EDGE('',*,*,#4595,.F.);
#3243=ORIENTED_EDGE('',*,*,#4593,.F.);
#3244=ORIENTED_EDGE('',*,*,#4590,.F.);
#3245=ORIENTED_EDGE('',*,*,#4588,.F.);
#3246=ORIENTED_EDGE('',*,*,#4586,.F.);
#3247=ORIENTED_EDGE('',*,*,#4583,.F.);
#3248=ORIENTED_EDGE('',*,*,#4679,.F.);
#3249=ORIENTED_EDGE('',*,*,#4677,.F.);
#3250=ORIENTED_EDGE('',*,*,#4675,.F.);
#3251=ORIENTED_EDGE('',*,*,#4673,.F.);
#3252=ORIENTED_EDGE('',*,*,#4671,.F.);
#3253=ORIENTED_EDGE('',*,*,#4669,.F.);
#3254=ORIENTED_EDGE('',*,*,#4667,.F.);
#3255=ORIENTED_EDGE('',*,*,#4665,.F.);
#3256=ORIENTED_EDGE('',*,*,#4662,.F.);
#3257=ORIENTED_EDGE('',*,*,#4660,.F.);
#3258=ORIENTED_EDGE('',*,*,#4658,.F.);
#3259=ORIENTED_EDGE('',*,*,#4655,.F.);
#3260=ORIENTED_EDGE('',*,*,#4751,.F.);
#3261=ORIENTED_EDGE('',*,*,#4749,.F.);
#3262=ORIENTED_EDGE('',*,*,#4747,.F.);
#3263=ORIENTED_EDGE('',*,*,#4745,.F.);
#3264=ORIENTED_EDGE('',*,*,#4743,.F.);
#3265=ORIENTED_EDGE('',*,*,#4741,.F.);
#3266=ORIENTED_EDGE('',*,*,#4739,.F.);
#3267=ORIENTED_EDGE('',*,*,#4737,.F.);
#3268=ORIENTED_EDGE('',*,*,#4734,.F.);
#3269=ORIENTED_EDGE('',*,*,#4732,.F.);
#3270=ORIENTED_EDGE('',*,*,#4730,.F.);
#3271=ORIENTED_EDGE('',*,*,#4727,.F.);
#3272=ORIENTED_EDGE('',*,*,#4823,.F.);
#3273=ORIENTED_EDGE('',*,*,#4821,.F.);
#3274=ORIENTED_EDGE('',*,*,#4819,.F.);
#3275=ORIENTED_EDGE('',*,*,#4817,.F.);
#3276=ORIENTED_EDGE('',*,*,#4815,.F.);
#3277=ORIENTED_EDGE('',*,*,#4813,.F.);
#3278=ORIENTED_EDGE('',*,*,#4811,.F.);
#3279=ORIENTED_EDGE('',*,*,#4809,.F.);
#3280=ORIENTED_EDGE('',*,*,#4806,.F.);
#3281=ORIENTED_EDGE('',*,*,#4804,.F.);
#3282=ORIENTED_EDGE('',*,*,#4802,.F.);
#3283=ORIENTED_EDGE('',*,*,#4799,.F.);
#3284=ORIENTED_EDGE('',*,*,#4884,.F.);
#3285=ORIENTED_EDGE('',*,*,#4877,.F.);
#3286=ORIENTED_EDGE('',*,*,#4886,.F.);
#3287=ORIENTED_EDGE('',*,*,#4827,.F.);
#3288=ORIENTED_EDGE('',*,*,#4894,.F.);
#3289=ORIENTED_EDGE('',*,*,#4837,.F.);
#3290=ORIENTED_EDGE('',*,*,#4892,.F.);
#3291=ORIENTED_EDGE('',*,*,#4847,.F.);
#3292=ORIENTED_EDGE('',*,*,#4890,.F.);
#3293=ORIENTED_EDGE('',*,*,#4857,.F.);
#3294=ORIENTED_EDGE('',*,*,#4888,.F.);
#3295=ORIENTED_EDGE('',*,*,#4867,.F.);
#3296=EDGE_CURVE('',#4896,#4897,#5915,.T.);
#3297=EDGE_CURVE('',#4898,#4896,#5916,.T.);
#3298=EDGE_CURVE('',#4899,#4898,#5917,.T.);
#3299=EDGE_CURVE('',#4900,#4899,#5918,.T.);
#3300=EDGE_CURVE('',#4901,#4900,#5919,.T.);
#3301=EDGE_CURVE('',#4902,#4901,#5920,.T.);
#3302=EDGE_CURVE('',#4903,#4902,#5921,.T.);
#3303=EDGE_CURVE('',#4904,#4903,#5922,.T.);
#3304=EDGE_CURVE('',#4905,#4904,#5923,.T.);
#3305=EDGE_CURVE('',#4906,#4905,#5924,.T.);
#3306=EDGE_CURVE('',#4907,#4906,#5925,.T.);
#3307=EDGE_CURVE('',#4897,#4907,#5926,.T.);
#3308=EDGE_CURVE('',#4908,#4909,#48,.F.);
#3309=EDGE_CURVE('',#4910,#4908,#12,.F.);
#3310=EDGE_CURVE('',#4910,#4911,#5927,.T.);
#3311=EDGE_CURVE('',#4912,#4911,#13,.F.);
#3312=EDGE_CURVE('',#4913,#4912,#5928,.T.);
#3313=EDGE_CURVE('',#4913,#4914,#14,.T.);
#3314=EDGE_CURVE('',#4915,#4914,#5929,.F.);
#3315=EDGE_CURVE('',#4916,#4915,#15,.F.);
#3316=EDGE_CURVE('',#4917,#4916,#5930,.T.);
#3317=EDGE_CURVE('',#4918,#4917,#16,.F.);
#3318=EDGE_CURVE('',#4909,#4918,#49,.F.);
#3319=EDGE_CURVE('',#4919,#4920,#50,.F.);
#3320=EDGE_CURVE('',#4921,#4919,#17,.F.);
#3321=EDGE_CURVE('',#4921,#4922,#5931,.T.);
#3322=EDGE_CURVE('',#4923,#4922,#18,.F.);
#3323=EDGE_CURVE('',#4924,#4923,#5932,.T.);
#3324=EDGE_CURVE('',#4924,#4925,#19,.T.);
#3325=EDGE_CURVE('',#4926,#4925,#5933,.F.);
#3326=EDGE_CURVE('',#4927,#4926,#20,.F.);
#3327=EDGE_CURVE('',#4928,#4927,#5934,.T.);
#3328=EDGE_CURVE('',#4929,#4928,#21,.F.);
#3329=EDGE_CURVE('',#4920,#4929,#51,.F.);
#3330=EDGE_CURVE('',#4930,#4931,#52,.F.);
#3331=EDGE_CURVE('',#4932,#4930,#22,.F.);
#3332=EDGE_CURVE('',#4932,#4933,#5935,.T.);
#3333=EDGE_CURVE('',#4934,#4933,#23,.F.);
#3334=EDGE_CURVE('',#4935,#4934,#5936,.T.);
#3335=EDGE_CURVE('',#4935,#4936,#24,.T.);
#3336=EDGE_CURVE('',#4937,#4936,#5937,.F.);
#3337=EDGE_CURVE('',#4938,#4937,#25,.F.);
#3338=EDGE_CURVE('',#4939,#4938,#5938,.T.);
#3339=EDGE_CURVE('',#4940,#4939,#26,.F.);
#3340=EDGE_CURVE('',#4931,#4940,#53,.F.);
#3341=EDGE_CURVE('',#4941,#4942,#54,.F.);
#3342=EDGE_CURVE('',#4943,#4941,#27,.F.);
#3343=EDGE_CURVE('',#4943,#4944,#5939,.T.);
#3344=EDGE_CURVE('',#4945,#4944,#28,.F.);
#3345=EDGE_CURVE('',#4946,#4945,#5940,.T.);
#3346=EDGE_CURVE('',#4946,#4947,#29,.T.);
#3347=EDGE_CURVE('',#4948,#4947,#5941,.F.);
#3348=EDGE_CURVE('',#4949,#4948,#30,.F.);
#3349=EDGE_CURVE('',#4950,#4949,#5942,.T.);
#3350=EDGE_CURVE('',#4951,#4950,#31,.F.);
#3351=EDGE_CURVE('',#4942,#4951,#55,.F.);
#3352=EDGE_CURVE('',#4952,#4953,#56,.F.);
#3353=EDGE_CURVE('',#4954,#4952,#32,.F.);
#3354=EDGE_CURVE('',#4954,#4955,#5943,.T.);
#3355=EDGE_CURVE('',#4956,#4955,#33,.F.);
#3356=EDGE_CURVE('',#4957,#4956,#5944,.T.);
#3357=EDGE_CURVE('',#4957,#4958,#34,.T.);
#3358=EDGE_CURVE('',#4959,#4958,#5945,.F.);
#3359=EDGE_CURVE('',#4960,#4959,#35,.F.);
#3360=EDGE_CURVE('',#4961,#4960,#5946,.T.);
#3361=EDGE_CURVE('',#4962,#4961,#36,.F.);
#3362=EDGE_CURVE('',#4953,#4962,#57,.F.);
#3363=EDGE_CURVE('',#4963,#4964,#58,.F.);
#3364=EDGE_CURVE('',#4965,#4963,#37,.F.);
#3365=EDGE_CURVE('',#4965,#4966,#5947,.T.);
#3366=EDGE_CURVE('',#4967,#4966,#38,.F.);
#3367=EDGE_CURVE('',#4968,#4967,#5948,.T.);
#3368=EDGE_CURVE('',#4968,#4969,#39,.T.);
#3369=EDGE_CURVE('',#4970,#4969,#5949,.F.);
#3370=EDGE_CURVE('',#4971,#4970,#40,.F.);
#3371=EDGE_CURVE('',#4972,#4971,#5950,.T.);
#3372=EDGE_CURVE('',#4973,#4972,#41,.F.);
#3373=EDGE_CURVE('',#4964,#4973,#59,.F.);
#3374=EDGE_CURVE('',#4922,#4974,#5951,.T.);
#3375=EDGE_CURVE('',#4974,#4975,#5952,.T.);
#3376=EDGE_CURVE('',#4975,#4976,#5953,.T.);
#3377=EDGE_CURVE('',#4976,#4977,#5954,.T.);
#3378=EDGE_CURVE('',#4977,#4978,#5955,.T.);
#3379=EDGE_CURVE('',#4978,#4979,#5956,.T.);
#3380=EDGE_CURVE('',#4979,#4980,#5957,.T.);
#3381=EDGE_CURVE('',#4980,#4981,#5958,.T.);
#3382=EDGE_CURVE('',#4981,#4982,#5959,.T.);
#3383=EDGE_CURVE('',#4982,#4983,#5960,.T.);
#3384=EDGE_CURVE('',#4983,#4984,#5961,.T.);
#3385=EDGE_CURVE('',#4984,#4985,#5962,.T.);
#3386=EDGE_CURVE('',#4985,#4986,#5963,.T.);
#3387=EDGE_CURVE('',#4986,#4987,#5964,.T.);
#3388=EDGE_CURVE('',#4987,#4988,#5965,.T.);
#3389=EDGE_CURVE('',#4988,#4989,#5966,.T.);
#3390=EDGE_CURVE('',#4989,#4990,#5967,.T.);
#3391=EDGE_CURVE('',#4990,#4991,#5968,.T.);
#3392=EDGE_CURVE('',#4991,#4992,#5969,.T.);
#3393=EDGE_CURVE('',#4992,#4993,#5970,.T.);
#3394=EDGE_CURVE('',#4993,#4994,#5971,.T.);
#3395=EDGE_CURVE('',#4994,#4995,#5972,.T.);
#3396=EDGE_CURVE('',#4995,#4996,#5973,.T.);
#3397=EDGE_CURVE('',#4996,#4997,#5974,.T.);
#3398=EDGE_CURVE('',#4997,#4998,#5975,.T.);
#3399=EDGE_CURVE('',#4998,#4999,#5976,.T.);
#3400=EDGE_CURVE('',#4999,#5000,#5977,.T.);
#3401=EDGE_CURVE('',#5000,#5001,#5978,.T.);
#3402=EDGE_CURVE('',#5001,#5002,#5979,.T.);
#3403=EDGE_CURVE('',#5002,#5003,#5980,.T.);
#3404=EDGE_CURVE('',#5003,#5004,#5981,.T.);
#3405=EDGE_CURVE('',#5004,#5005,#5982,.T.);
#3406=EDGE_CURVE('',#5005,#5006,#5983,.T.);
#3407=EDGE_CURVE('',#5006,#5007,#5984,.T.);
#3408=EDGE_CURVE('',#5007,#5008,#5985,.T.);
#3409=EDGE_CURVE('',#5008,#5009,#5986,.T.);
#3410=EDGE_CURVE('',#5009,#4916,#5987,.T.);
#3411=EDGE_CURVE('',#4923,#4915,#5988,.T.);
#3412=EDGE_CURVE('',#4933,#5010,#5989,.T.);
#3413=EDGE_CURVE('',#5010,#5011,#5990,.T.);
#3414=EDGE_CURVE('',#5011,#5012,#5991,.T.);
#3415=EDGE_CURVE('',#5012,#5013,#5992,.T.);
#3416=EDGE_CURVE('',#5013,#5014,#5993,.T.);
#3417=EDGE_CURVE('',#5014,#5015,#5994,.T.);
#3418=EDGE_CURVE('',#5015,#5016,#5995,.T.);
#3419=EDGE_CURVE('',#5016,#5017,#5996,.T.);
#3420=EDGE_CURVE('',#5017,#5018,#5997,.T.);
#3421=EDGE_CURVE('',#5018,#5019,#5998,.T.);
#3422=EDGE_CURVE('',#5019,#5020,#5999,.T.);
#3423=EDGE_CURVE('',#5020,#5021,#6000,.T.);
#3424=EDGE_CURVE('',#5021,#5022,#6001,.T.);
#3425=EDGE_CURVE('',#5022,#5023,#6002,.T.);
#3426=EDGE_CURVE('',#5023,#5024,#6003,.T.);
#3427=EDGE_CURVE('',#5024,#5025,#6004,.T.);
#3428=EDGE_CURVE('',#5025,#5026,#6005,.T.);
#3429=EDGE_CURVE('',#5026,#5027,#6006,.T.);
#3430=EDGE_CURVE('',#5027,#5028,#6007,.T.);
#3431=EDGE_CURVE('',#5028,#5029,#6008,.T.);
#3432=EDGE_CURVE('',#5029,#5030,#6009,.T.);
#3433=EDGE_CURVE('',#5030,#5031,#6010,.T.);
#3434=EDGE_CURVE('',#5031,#5032,#6011,.T.);
#3435=EDGE_CURVE('',#5032,#5033,#6012,.T.);
#3436=EDGE_CURVE('',#5033,#5034,#6013,.T.);
#3437=EDGE_CURVE('',#5034,#5035,#6014,.T.);
#3438=EDGE_CURVE('',#5035,#5036,#6015,.T.);
#3439=EDGE_CURVE('',#5036,#5037,#6016,.T.);
#3440=EDGE_CURVE('',#5037,#5038,#6017,.T.);
#3441=EDGE_CURVE('',#5038,#5039,#6018,.T.);
#3442=EDGE_CURVE('',#5039,#5040,#6019,.T.);
#3443=EDGE_CURVE('',#5040,#5041,#6020,.T.);
#3444=EDGE_CURVE('',#5041,#5042,#6021,.T.);
#3445=EDGE_CURVE('',#5042,#5043,#6022,.T.);
#3446=EDGE_CURVE('',#5043,#5044,#6023,.T.);
#3447=EDGE_CURVE('',#5044,#5045,#6024,.T.);
#3448=EDGE_CURVE('',#5045,#4927,#6025,.T.);
#3449=EDGE_CURVE('',#4934,#4926,#6026,.T.);
#3450=EDGE_CURVE('',#4944,#5046,#6027,.T.);
#3451=EDGE_CURVE('',#5046,#5047,#6028,.T.);
#3452=EDGE_CURVE('',#5047,#5048,#6029,.T.);
#3453=EDGE_CURVE('',#5048,#5049,#6030,.T.);
#3454=EDGE_CURVE('',#5049,#5050,#6031,.T.);
#3455=EDGE_CURVE('',#5050,#5051,#6032,.T.);
#3456=EDGE_CURVE('',#5051,#5052,#6033,.T.);
#3457=EDGE_CURVE('',#5052,#5053,#6034,.T.);
#3458=EDGE_CURVE('',#5053,#5054,#6035,.T.);
#3459=EDGE_CURVE('',#5054,#5055,#6036,.T.);
#3460=EDGE_CURVE('',#5055,#5056,#6037,.T.);
#3461=EDGE_CURVE('',#5056,#5057,#6038,.T.);
#3462=EDGE_CURVE('',#5057,#5058,#6039,.T.);
#3463=EDGE_CURVE('',#5058,#5059,#6040,.T.);
#3464=EDGE_CURVE('',#5059,#5060,#6041,.T.);
#3465=EDGE_CURVE('',#5060,#5061,#6042,.T.);
#3466=EDGE_CURVE('',#5061,#5062,#6043,.T.);
#3467=EDGE_CURVE('',#5062,#5063,#6044,.T.);
#3468=EDGE_CURVE('',#5063,#5064,#6045,.T.);
#3469=EDGE_CURVE('',#5064,#5065,#6046,.T.);
#3470=EDGE_CURVE('',#5065,#5066,#6047,.T.);
#3471=EDGE_CURVE('',#5066,#5067,#6048,.T.);
#3472=EDGE_CURVE('',#5067,#5068,#6049,.T.);
#3473=EDGE_CURVE('',#5068,#5069,#6050,.T.);
#3474=EDGE_CURVE('',#5069,#5070,#6051,.T.);
#3475=EDGE_CURVE('',#5070,#5071,#6052,.T.);
#3476=EDGE_CURVE('',#5071,#5072,#6053,.T.);
#3477=EDGE_CURVE('',#5072,#5073,#6054,.T.);
#3478=EDGE_CURVE('',#5073,#5074,#6055,.T.);
#3479=EDGE_CURVE('',#5074,#5075,#6056,.T.);
#3480=EDGE_CURVE('',#5075,#5076,#6057,.T.);
#3481=EDGE_CURVE('',#5076,#5077,#6058,.T.);
#3482=EDGE_CURVE('',#5077,#5078,#6059,.T.);
#3483=EDGE_CURVE('',#5078,#5079,#6060,.T.);
#3484=EDGE_CURVE('',#5079,#5080,#6061,.T.);
#3485=EDGE_CURVE('',#5080,#5081,#6062,.T.);
#3486=EDGE_CURVE('',#5081,#4938,#6063,.T.);
#3487=EDGE_CURVE('',#4945,#4937,#6064,.T.);
#3488=EDGE_CURVE('',#4955,#5082,#6065,.T.);
#3489=EDGE_CURVE('',#5082,#5083,#6066,.T.);
#3490=EDGE_CURVE('',#5083,#5084,#6067,.T.);
#3491=EDGE_CURVE('',#5084,#5085,#6068,.T.);
#3492=EDGE_CURVE('',#5085,#5086,#6069,.T.);
#3493=EDGE_CURVE('',#5086,#5087,#6070,.T.);
#3494=EDGE_CURVE('',#5087,#5088,#6071,.T.);
#3495=EDGE_CURVE('',#5088,#5089,#6072,.T.);
#3496=EDGE_CURVE('',#5089,#5090,#6073,.T.);
#3497=EDGE_CURVE('',#5090,#5091,#6074,.T.);
#3498=EDGE_CURVE('',#5091,#5092,#6075,.T.);
#3499=EDGE_CURVE('',#5092,#5093,#6076,.T.);
#3500=EDGE_CURVE('',#5093,#5094,#6077,.T.);
#3501=EDGE_CURVE('',#5094,#5095,#6078,.T.);
#3502=EDGE_CURVE('',#5095,#5096,#6079,.T.);
#3503=EDGE_CURVE('',#5096,#5097,#6080,.T.);
#3504=EDGE_CURVE('',#5097,#5098,#6081,.T.);
#3505=EDGE_CURVE('',#5098,#5099,#6082,.T.);
#3506=EDGE_CURVE('',#5099,#5100,#6083,.T.);
#3507=EDGE_CURVE('',#5100,#5101,#6084,.T.);
#3508=EDGE_CURVE('',#5101,#5102,#6085,.T.);
#3509=EDGE_CURVE('',#5102,#5103,#6086,.T.);
#3510=EDGE_CURVE('',#5103,#5104,#6087,.T.);
#3511=EDGE_CURVE('',#5104,#5105,#6088,.T.);
#3512=EDGE_CURVE('',#5105,#5106,#6089,.T.);
#3513=EDGE_CURVE('',#5106,#5107,#6090,.T.);
#3514=EDGE_CURVE('',#5107,#5108,#6091,.T.);
#3515=EDGE_CURVE('',#5108,#5109,#6092,.T.);
#3516=EDGE_CURVE('',#5109,#5110,#6093,.T.);
#3517=EDGE_CURVE('',#5110,#5111,#6094,.T.);
#3518=EDGE_CURVE('',#5111,#5112,#6095,.T.);
#3519=EDGE_CURVE('',#5112,#5113,#6096,.T.);
#3520=EDGE_CURVE('',#5113,#5114,#6097,.T.);
#3521=EDGE_CURVE('',#5114,#5115,#6098,.T.);
#3522=EDGE_CURVE('',#5115,#5116,#6099,.T.);
#3523=EDGE_CURVE('',#5116,#5117,#6100,.T.);
#3524=EDGE_CURVE('',#5117,#4949,#6101,.T.);
#3525=EDGE_CURVE('',#4956,#4948,#6102,.T.);
#3526=EDGE_CURVE('',#4966,#5118,#6103,.T.);
#3527=EDGE_CURVE('',#5118,#5119,#6104,.T.);
#3528=EDGE_CURVE('',#5119,#5120,#6105,.T.);
#3529=EDGE_CURVE('',#5120,#5121,#6106,.T.);
#3530=EDGE_CURVE('',#5121,#5122,#6107,.T.);
#3531=EDGE_CURVE('',#5122,#5123,#6108,.T.);
#3532=EDGE_CURVE('',#5123,#5124,#6109,.T.);
#3533=EDGE_CURVE('',#5124,#5125,#6110,.T.);
#3534=EDGE_CURVE('',#5125,#5126,#6111,.T.);
#3535=EDGE_CURVE('',#5126,#5127,#6112,.T.);
#3536=EDGE_CURVE('',#5127,#5128,#6113,.T.);
#3537=EDGE_CURVE('',#5128,#5129,#6114,.T.);
#3538=EDGE_CURVE('',#5129,#5130,#6115,.T.);
#3539=EDGE_CURVE('',#5130,#5131,#6116,.T.);
#3540=EDGE_CURVE('',#5131,#5132,#6117,.T.);
#3541=EDGE_CURVE('',#5132,#5133,#6118,.T.);
#3542=EDGE_CURVE('',#5133,#5134,#6119,.T.);
#3543=EDGE_CURVE('',#5134,#5135,#6120,.T.);
#3544=EDGE_CURVE('',#5135,#5136,#6121,.T.);
#3545=EDGE_CURVE('',#5136,#5137,#6122,.T.);
#3546=EDGE_CURVE('',#5137,#5138,#6123,.T.);
#3547=EDGE_CURVE('',#5138,#5139,#6124,.T.);
#3548=EDGE_CURVE('',#5139,#5140,#6125,.T.);
#3549=EDGE_CURVE('',#5140,#5141,#6126,.T.);
#3550=EDGE_CURVE('',#5141,#5142,#6127,.T.);
#3551=EDGE_CURVE('',#5142,#5143,#6128,.T.);
#3552=EDGE_CURVE('',#5143,#5144,#6129,.T.);
#3553=EDGE_CURVE('',#5144,#5145,#6130,.T.);
#3554=EDGE_CURVE('',#5145,#5146,#6131,.T.);
#3555=EDGE_CURVE('',#5146,#5147,#6132,.T.);
#3556=EDGE_CURVE('',#5147,#5148,#6133,.T.);
#3557=EDGE_CURVE('',#5148,#5149,#6134,.T.);
#3558=EDGE_CURVE('',#5149,#5150,#6135,.T.);
#3559=EDGE_CURVE('',#5150,#5151,#6136,.T.);
#3560=EDGE_CURVE('',#5151,#5152,#6137,.T.);
#3561=EDGE_CURVE('',#5152,#5153,#6138,.T.);
#3562=EDGE_CURVE('',#5153,#4960,#6139,.T.);
#3563=EDGE_CURVE('',#4967,#4959,#6140,.T.);
#3564=EDGE_CURVE('',#4911,#5154,#6141,.T.);
#3565=EDGE_CURVE('',#5154,#5155,#6142,.T.);
#3566=EDGE_CURVE('',#5155,#5156,#6143,.T.);
#3567=EDGE_CURVE('',#5156,#5157,#6144,.T.);
#3568=EDGE_CURVE('',#5157,#5158,#6145,.T.);
#3569=EDGE_CURVE('',#5158,#5159,#6146,.T.);
#3570=EDGE_CURVE('',#5159,#5160,#6147,.T.);
#3571=EDGE_CURVE('',#5160,#5161,#6148,.T.);
#3572=EDGE_CURVE('',#5161,#5162,#6149,.T.);
#3573=EDGE_CURVE('',#5162,#5163,#6150,.T.);
#3574=EDGE_CURVE('',#5163,#5164,#6151,.T.);
#3575=EDGE_CURVE('',#5164,#5165,#6152,.T.);
#3576=EDGE_CURVE('',#5165,#5166,#6153,.T.);
#3577=EDGE_CURVE('',#5166,#5167,#6154,.T.);
#3578=EDGE_CURVE('',#5167,#5168,#6155,.T.);
#3579=EDGE_CURVE('',#5168,#5169,#6156,.T.);
#3580=EDGE_CURVE('',#5169,#5170,#6157,.T.);
#3581=EDGE_CURVE('',#5170,#5171,#6158,.T.);
#3582=EDGE_CURVE('',#5171,#5172,#6159,.T.);
#3583=EDGE_CURVE('',#5172,#5173,#6160,.T.);
#3584=EDGE_CURVE('',#5173,#5174,#6161,.T.);
#3585=EDGE_CURVE('',#5174,#5175,#6162,.T.);
#3586=EDGE_CURVE('',#5175,#5176,#6163,.T.);
#3587=EDGE_CURVE('',#5176,#5177,#6164,.T.);
#3588=EDGE_CURVE('',#5177,#5178,#6165,.T.);
#3589=EDGE_CURVE('',#5178,#5179,#6166,.T.);
#3590=EDGE_CURVE('',#5179,#5180,#6167,.T.);
#3591=EDGE_CURVE('',#5180,#5181,#6168,.T.);
#3592=EDGE_CURVE('',#5181,#5182,#6169,.T.);
#3593=EDGE_CURVE('',#5182,#5183,#6170,.T.);
#3594=EDGE_CURVE('',#5183,#5184,#6171,.T.);
#3595=EDGE_CURVE('',#5184,#5185,#6172,.T.);
#3596=EDGE_CURVE('',#5185,#5186,#6173,.T.);
#3597=EDGE_CURVE('',#5186,#5187,#6174,.T.);
#3598=EDGE_CURVE('',#5187,#5188,#6175,.T.);
#3599=EDGE_CURVE('',#5188,#5189,#6176,.T.);
#3600=EDGE_CURVE('',#5189,#4971,#6177,.T.);
#3601=EDGE_CURVE('',#4912,#4970,#6178,.T.);
#3602=EDGE_CURVE('',#5190,#5191,#6179,.T.);
#3603=EDGE_CURVE('',#5192,#5190,#6180,.T.);
#3604=EDGE_CURVE('',#5193,#5192,#6181,.T.);
#3605=EDGE_CURVE('',#5193,#5191,#6182,.T.);
#3606=EDGE_CURVE('',#5194,#5195,#6183,.T.);
#3607=EDGE_CURVE('',#5195,#5191,#6184,.T.);
#3608=EDGE_CURVE('',#5194,#5193,#6185,.T.);
#3609=EDGE_CURVE('',#5196,#5197,#6186,.T.);
#3610=EDGE_CURVE('',#5197,#5195,#6187,.T.);
#3611=EDGE_CURVE('',#5196,#5194,#6188,.T.);
#3612=EDGE_CURVE('',#5198,#5199,#6189,.T.);
#3613=EDGE_CURVE('',#5198,#5200,#6190,.T.);
#3614=EDGE_CURVE('',#5200,#5201,#6191,.T.);
#3615=EDGE_CURVE('',#5202,#5201,#6192,.T.);
#3616=EDGE_CURVE('',#5203,#5202,#6193,.T.);
#3617=EDGE_CURVE('',#5203,#5204,#6194,.T.);
#3618=EDGE_CURVE('',#5205,#5204,#6195,.T.);
#3619=EDGE_CURVE('',#5205,#5206,#6196,.T.);
#3620=EDGE_CURVE('',#5207,#5206,#6197,.T.);
#3621=EDGE_CURVE('',#5208,#5207,#6198,.T.);
#3622=EDGE_CURVE('',#5208,#5209,#6199,.T.);
#3623=EDGE_CURVE('',#5210,#5209,#6200,.T.);
#3624=EDGE_CURVE('',#5199,#5210,#6201,.T.);
#3625=EDGE_CURVE('',#4913,#4969,#6202,.T.);
#3626=EDGE_CURVE('',#4968,#4958,#6203,.T.);
#3627=EDGE_CURVE('',#4957,#4947,#6204,.T.);
#3628=EDGE_CURVE('',#4946,#4936,#6205,.T.);
#3629=EDGE_CURVE('',#4935,#4925,#6206,.T.);
#3630=EDGE_CURVE('',#4924,#4914,#6207,.T.);
#3631=EDGE_CURVE('',#5211,#5212,#60,.F.);
#3632=EDGE_CURVE('',#5213,#5211,#61,.F.);
#3633=EDGE_CURVE('',#5214,#5213,#62,.F.);
#3634=EDGE_CURVE('',#5215,#5214,#63,.F.);
#3635=EDGE_CURVE('',#5216,#5215,#6208,.T.);
#3636=EDGE_CURVE('',#5217,#5216,#42,.F.);
#3637=EDGE_CURVE('',#5212,#5217,#6209,.F.);
#3638=EDGE_CURVE('',#5218,#5219,#64,.F.);
#3639=EDGE_CURVE('',#5220,#5218,#65,.F.);
#3640=EDGE_CURVE('',#5221,#5220,#66,.F.);
#3641=EDGE_CURVE('',#5222,#5221,#67,.F.);
#3642=EDGE_CURVE('',#5223,#5222,#6210,.T.);
#3643=EDGE_CURVE('',#5224,#5223,#43,.F.);
#3644=EDGE_CURVE('',#5219,#5224,#6211,.F.);
#3645=EDGE_CURVE('',#5225,#5226,#6212,.T.);
#3646=EDGE_CURVE('',#5226,#5227,#6213,.T.);
#3647=EDGE_CURVE('',#5227,#5228,#6214,.T.);
#3648=EDGE_CURVE('',#5228,#5008,#6215,.T.);
#3649=EDGE_CURVE('',#5229,#5007,#6216,.T.);
#3650=EDGE_CURVE('',#5230,#5229,#6217,.T.);
#3651=EDGE_CURVE('',#5230,#5004,#6218,.T.);
#3652=EDGE_CURVE('',#5231,#5003,#6219,.T.);
#3653=EDGE_CURVE('',#5232,#5231,#6220,.T.);
#3654=EDGE_CURVE('',#5232,#5000,#6221,.T.);
#3655=EDGE_CURVE('',#5233,#4999,#6222,.T.);
#3656=EDGE_CURVE('',#5234,#5233,#6223,.T.);
#3657=EDGE_CURVE('',#5234,#4996,#6224,.T.);
#3658=EDGE_CURVE('',#5235,#4995,#6225,.T.);
#3659=EDGE_CURVE('',#5236,#5235,#6226,.T.);
#3660=EDGE_CURVE('',#5236,#4992,#6227,.T.);
#3661=EDGE_CURVE('',#5237,#4991,#6228,.T.);
#3662=EDGE_CURVE('',#5238,#5237,#6229,.T.);
#3663=EDGE_CURVE('',#5238,#4988,#6230,.T.);
#3664=EDGE_CURVE('',#5239,#4987,#6231,.T.);
#3665=EDGE_CURVE('',#5240,#5239,#6232,.T.);
#3666=EDGE_CURVE('',#5240,#4984,#6233,.T.);
#3667=EDGE_CURVE('',#5241,#4983,#6234,.T.);
#3668=EDGE_CURVE('',#5242,#5241,#6235,.T.);
#3669=EDGE_CURVE('',#5242,#4980,#6236,.T.);
#3670=EDGE_CURVE('',#5243,#4979,#6237,.T.);
#3671=EDGE_CURVE('',#5244,#5243,#6238,.T.);
#3672=EDGE_CURVE('',#5244,#4976,#6239,.T.);
#3673=EDGE_CURVE('',#5245,#4975,#6240,.T.);
#3674=EDGE_CURVE('',#5246,#5245,#6241,.T.);
#3675=EDGE_CURVE('',#5247,#5246,#6242,.T.);
#3676=EDGE_CURVE('',#5247,#5248,#6243,.F.);
#3677=EDGE_CURVE('',#5248,#5225,#6244,.T.);
#3678=EDGE_CURVE('',#5249,#5250,#6245,.T.);
#3679=EDGE_CURVE('',#5251,#5249,#6246,.T.);
#3680=EDGE_CURVE('',#5251,#5252,#6247,.F.);
#3681=EDGE_CURVE('',#5252,#5223,#6248,.T.);
#3682=EDGE_CURVE('',#5222,#5253,#6249,.T.);
#3683=EDGE_CURVE('',#5253,#5254,#6250,.T.);
#3684=EDGE_CURVE('',#5254,#5188,#6251,.T.);
#3685=EDGE_CURVE('',#5255,#5187,#6252,.T.);
#3686=EDGE_CURVE('',#5256,#5255,#6253,.T.);
#3687=EDGE_CURVE('',#5256,#5184,#6254,.T.);
#3688=EDGE_CURVE('',#5257,#5183,#6255,.T.);
#3689=EDGE_CURVE('',#5258,#5257,#6256,.T.);
#3690=EDGE_CURVE('',#5258,#5180,#6257,.T.);
#3691=EDGE_CURVE('',#5259,#5179,#6258,.T.);
#3692=EDGE_CURVE('',#5260,#5259,#6259,.T.);
#3693=EDGE_CURVE('',#5260,#5176,#6260,.T.);
#3694=EDGE_CURVE('',#5261,#5175,#6261,.T.);
#3695=EDGE_CURVE('',#5262,#5261,#6262,.T.);
#3696=EDGE_CURVE('',#5262,#5172,#6263,.T.);
#3697=EDGE_CURVE('',#5263,#5171,#6264,.T.);
#3698=EDGE_CURVE('',#5264,#5263,#6265,.T.);
#3699=EDGE_CURVE('',#5264,#5168,#6266,.T.);
#3700=EDGE_CURVE('',#5265,#5167,#6267,.T.);
#3701=EDGE_CURVE('',#5266,#5265,#6268,.T.);
#3702=EDGE_CURVE('',#5266,#5164,#6269,.T.);
#3703=EDGE_CURVE('',#5267,#5163,#6270,.T.);
#3704=EDGE_CURVE('',#5268,#5267,#6271,.T.);
#3705=EDGE_CURVE('',#5268,#5160,#6272,.T.);
#3706=EDGE_CURVE('',#5269,#5159,#6273,.T.);
#3707=EDGE_CURVE('',#5270,#5269,#6274,.T.);
#3708=EDGE_CURVE('',#5270,#5156,#6275,.T.);
#3709=EDGE_CURVE('',#5250,#5155,#6276,.T.);
#3710=EDGE_CURVE('',#5215,#5271,#6277,.T.);
#3711=EDGE_CURVE('',#5271,#5272,#6278,.T.);
#3712=EDGE_CURVE('',#5272,#5152,#6279,.T.);
#3713=EDGE_CURVE('',#5273,#5151,#6280,.T.);
#3714=EDGE_CURVE('',#5274,#5273,#6281,.T.);
#3715=EDGE_CURVE('',#5274,#5148,#6282,.T.);
#3716=EDGE_CURVE('',#5275,#5147,#6283,.T.);
#3717=EDGE_CURVE('',#5276,#5275,#6284,.T.);
#3718=EDGE_CURVE('',#5276,#5144,#6285,.T.);
#3719=EDGE_CURVE('',#5277,#5143,#6286,.T.);
#3720=EDGE_CURVE('',#5278,#5277,#6287,.T.);
#3721=EDGE_CURVE('',#5278,#5140,#6288,.T.);
#3722=EDGE_CURVE('',#5279,#5139,#6289,.T.);
#3723=EDGE_CURVE('',#5280,#5279,#6290,.T.);
#3724=EDGE_CURVE('',#5280,#5136,#6291,.T.);
#3725=EDGE_CURVE('',#5281,#5135,#6292,.T.);
#3726=EDGE_CURVE('',#5282,#5281,#6293,.T.);
#3727=EDGE_CURVE('',#5282,#5132,#6294,.T.);
#3728=EDGE_CURVE('',#5283,#5131,#6295,.T.);
#3729=EDGE_CURVE('',#5284,#5283,#6296,.T.);
#3730=EDGE_CURVE('',#5284,#5128,#6297,.T.);
#3731=EDGE_CURVE('',#5285,#5127,#6298,.T.);
#3732=EDGE_CURVE('',#5286,#5285,#6299,.T.);
#3733=EDGE_CURVE('',#5286,#5124,#6300,.T.);
#3734=EDGE_CURVE('',#5287,#5123,#6301,.T.);
#3735=EDGE_CURVE('',#5288,#5287,#6302,.T.);
#3736=EDGE_CURVE('',#5288,#5120,#6303,.T.);
#3737=EDGE_CURVE('',#5289,#5119,#6304,.T.);
#3738=EDGE_CURVE('',#5290,#5289,#6305,.T.);
#3739=EDGE_CURVE('',#5219,#5290,#6306,.T.);
#3740=EDGE_CURVE('',#5224,#5216,#6307,.T.);
#3741=EDGE_CURVE('',#5291,#5292,#6308,.T.);
#3742=EDGE_CURVE('',#5292,#5293,#6309,.T.);
#3743=EDGE_CURVE('',#5293,#5294,#6310,.T.);
#3744=EDGE_CURVE('',#5294,#5116,#6311,.T.);
#3745=EDGE_CURVE('',#5295,#5115,#6312,.T.);
#3746=EDGE_CURVE('',#5296,#5295,#6313,.T.);
#3747=EDGE_CURVE('',#5296,#5112,#6314,.T.);
#3748=EDGE_CURVE('',#5297,#5111,#6315,.T.);
#3749=EDGE_CURVE('',#5298,#5297,#6316,.T.);
#3750=EDGE_CURVE('',#5298,#5108,#6317,.T.);
#3751=EDGE_CURVE('',#5299,#5107,#6318,.T.);
#3752=EDGE_CURVE('',#5300,#5299,#6319,.T.);
#3753=EDGE_CURVE('',#5300,#5104,#6320,.T.);
#3754=EDGE_CURVE('',#5301,#5103,#6321,.T.);
#3755=EDGE_CURVE('',#5302,#5301,#6322,.T.);
#3756=EDGE_CURVE('',#5302,#5100,#6323,.T.);
#3757=EDGE_CURVE('',#5303,#5099,#6324,.T.);
#3758=EDGE_CURVE('',#5304,#5303,#6325,.T.);
#3759=EDGE_CURVE('',#5304,#5096,#6326,.T.);
#3760=EDGE_CURVE('',#5305,#5095,#6327,.T.);
#3761=EDGE_CURVE('',#5306,#5305,#6328,.T.);
#3762=EDGE_CURVE('',#5306,#5092,#6329,.T.);
#3763=EDGE_CURVE('',#5307,#5091,#6330,.T.);
#3764=EDGE_CURVE('',#5308,#5307,#6331,.T.);
#3765=EDGE_CURVE('',#5308,#5088,#6332,.T.);
#3766=EDGE_CURVE('',#5309,#5087,#6333,.T.);
#3767=EDGE_CURVE('',#5310,#5309,#6334,.T.);
#3768=EDGE_CURVE('',#5310,#5084,#6335,.T.);
#3769=EDGE_CURVE('',#5311,#5083,#6336,.T.);
#3770=EDGE_CURVE('',#5312,#5311,#6337,.T.);
#3771=EDGE_CURVE('',#5212,#5312,#6338,.T.);
#3772=EDGE_CURVE('',#5217,#5291,#6339,.T.);
#3773=EDGE_CURVE('',#5313,#5314,#6340,.T.);
#3774=EDGE_CURVE('',#5314,#5315,#6341,.T.);
#3775=EDGE_CURVE('',#5315,#5316,#6342,.T.);
#3776=EDGE_CURVE('',#5316,#5080,#6343,.T.);
#3777=EDGE_CURVE('',#5317,#5079,#6344,.T.);
#3778=EDGE_CURVE('',#5318,#5317,#6345,.T.);
#3779=EDGE_CURVE('',#5318,#5076,#6346,.T.);
#3780=EDGE_CURVE('',#5319,#5075,#6347,.T.);
#3781=EDGE_CURVE('',#5320,#5319,#6348,.T.);
#3782=EDGE_CURVE('',#5320,#5072,#6349,.T.);
#3783=EDGE_CURVE('',#5321,#5071,#6350,.T.);
#3784=EDGE_CURVE('',#5322,#5321,#6351,.T.);
#3785=EDGE_CURVE('',#5322,#5068,#6352,.T.);
#3786=EDGE_CURVE('',#5323,#5067,#6353,.T.);
#3787=EDGE_CURVE('',#5324,#5323,#6354,.T.);
#3788=EDGE_CURVE('',#5324,#5064,#6355,.T.);
#3789=EDGE_CURVE('',#5325,#5063,#6356,.T.);
#3790=EDGE_CURVE('',#5326,#5325,#6357,.T.);
#3791=EDGE_CURVE('',#5326,#5060,#6358,.T.);
#3792=EDGE_CURVE('',#5327,#5059,#6359,.T.);
#3793=EDGE_CURVE('',#5328,#5327,#6360,.T.);
#3794=EDGE_CURVE('',#5328,#5056,#6361,.T.);
#3795=EDGE_CURVE('',#5329,#5055,#6362,.T.);
#3796=EDGE_CURVE('',#5330,#5329,#6363,.T.);
#3797=EDGE_CURVE('',#5330,#5052,#6364,.T.);
#3798=EDGE_CURVE('',#5331,#5051,#6365,.T.);
#3799=EDGE_CURVE('',#5332,#5331,#6366,.T.);
#3800=EDGE_CURVE('',#5332,#5048,#6367,.T.);
#3801=EDGE_CURVE('',#5333,#5047,#6368,.T.);
#3802=EDGE_CURVE('',#5334,#5333,#6369,.T.);
#3803=EDGE_CURVE('',#5335,#5334,#6370,.T.);
#3804=EDGE_CURVE('',#5335,#5336,#6371,.F.);
#3805=EDGE_CURVE('',#5336,#5313,#6372,.T.);
#3806=EDGE_CURVE('',#5337,#5338,#6373,.T.);
#3807=EDGE_CURVE('',#5338,#5339,#6374,.T.);
#3808=EDGE_CURVE('',#5339,#5340,#6375,.T.);
#3809=EDGE_CURVE('',#5340,#5044,#6376,.T.);
#3810=EDGE_CURVE('',#5341,#5043,#6377,.T.);
#3811=EDGE_CURVE('',#5342,#5341,#6378,.T.);
#3812=EDGE_CURVE('',#5342,#5040,#6379,.T.);
#3813=EDGE_CURVE('',#5343,#5039,#6380,.T.);
#3814=EDGE_CURVE('',#5344,#5343,#6381,.T.);
#3815=EDGE_CURVE('',#5344,#5036,#6382,.T.);
#3816=EDGE_CURVE('',#5345,#5035,#6383,.T.);
#3817=EDGE_CURVE('',#5346,#5345,#6384,.T.);
#3818=EDGE_CURVE('',#5346,#5032,#6385,.T.);
#3819=EDGE_CURVE('',#5347,#5031,#6386,.T.);
#3820=EDGE_CURVE('',#5348,#5347,#6387,.T.);
#3821=EDGE_CURVE('',#5348,#5028,#6388,.T.);
#3822=EDGE_CURVE('',#5349,#5027,#6389,.T.);
#3823=EDGE_CURVE('',#5350,#5349,#6390,.T.);
#3824=EDGE_CURVE('',#5350,#5024,#6391,.T.);
#3825=EDGE_CURVE('',#5351,#5023,#6392,.T.);
#3826=EDGE_CURVE('',#5352,#5351,#6393,.T.);
#3827=EDGE_CURVE('',#5352,#5020,#6394,.T.);
#3828=EDGE_CURVE('',#5353,#5019,#6395,.T.);
#3829=EDGE_CURVE('',#5354,#5353,#6396,.T.);
#3830=EDGE_CURVE('',#5354,#5016,#6397,.T.);
#3831=EDGE_CURVE('',#5355,#5015,#6398,.T.);
#3832=EDGE_CURVE('',#5356,#5355,#6399,.T.);
#3833=EDGE_CURVE('',#5356,#5012,#6400,.T.);
#3834=EDGE_CURVE('',#5357,#5011,#6401,.T.);
#3835=EDGE_CURVE('',#5358,#5357,#6402,.T.);
#3836=EDGE_CURVE('',#5359,#5358,#6403,.T.);
#3837=EDGE_CURVE('',#5359,#5360,#6404,.F.);
#3838=EDGE_CURVE('',#5360,#5337,#6405,.T.);
#3839=EDGE_CURVE('',#5252,#5225,#44,.F.);
#3840=EDGE_CURVE('',#5248,#5337,#45,.F.);
#3841=EDGE_CURVE('',#5360,#5313,#46,.F.);
#3842=EDGE_CURVE('',#5336,#5291,#47,.F.);
#3843=EDGE_CURVE('',#5361,#5247,#68,.F.);
#3844=EDGE_CURVE('',#5362,#5361,#69,.F.);
#3845=EDGE_CURVE('',#5363,#5362,#70,.F.);
#3846=EDGE_CURVE('',#5338,#5363,#71,.F.);
#3847=EDGE_CURVE('',#5364,#5359,#72,.F.);
#3848=EDGE_CURVE('',#5365,#5364,#73,.F.);
#3849=EDGE_CURVE('',#5366,#5365,#74,.F.);
#3850=EDGE_CURVE('',#5314,#5366,#75,.F.);
#3851=EDGE_CURVE('',#5367,#5335,#76,.F.);
#3852=EDGE_CURVE('',#5368,#5367,#77,.F.);
#3853=EDGE_CURVE('',#5369,#5368,#78,.F.);
#3854=EDGE_CURVE('',#5292,#5369,#79,.F.);
#3855=EDGE_CURVE('',#5370,#5251,#80,.F.);
#3856=EDGE_CURVE('',#5371,#5370,#81,.F.);
#3857=EDGE_CURVE('',#5372,#5371,#82,.F.);
#3858=EDGE_CURVE('',#5226,#5372,#83,.F.);
#3859=EDGE_CURVE('',#5190,#5373,#6406,.T.);
#3860=EDGE_CURVE('',#5374,#5373,#6407,.T.);
#3861=EDGE_CURVE('',#5192,#5374,#6408,.T.);
#3862=EDGE_CURVE('',#5373,#5375,#6409,.T.);
#3863=EDGE_CURVE('',#5374,#5375,#6410,.T.);
#3864=EDGE_CURVE('',#5375,#5209,#6411,.T.);
#3865=EDGE_CURVE('',#5209,#5197,#6412,.T.);
#3866=EDGE_CURVE('',#5375,#5196,#6413,.T.);
#3867=EDGE_CURVE('',#5208,#5376,#6414,.T.);
#3868=EDGE_CURVE('',#5376,#5197,#6415,.T.);
#3869=EDGE_CURVE('',#5376,#5207,#6416,.T.);
#3870=EDGE_CURVE('',#5377,#5197,#6417,.T.);
#3871=EDGE_CURVE('',#5377,#5378,#6418,.T.);
#3872=EDGE_CURVE('',#5378,#5195,#6419,.T.);
#3873=EDGE_CURVE('',#5206,#5377,#6420,.T.);
#3874=EDGE_CURVE('',#5378,#5205,#6421,.T.);
#3875=EDGE_CURVE('',#5379,#5195,#6422,.T.);
#3876=EDGE_CURVE('',#5379,#5380,#6423,.T.);
#3877=EDGE_CURVE('',#5380,#5191,#6424,.T.);
#3878=EDGE_CURVE('',#5204,#5379,#6425,.T.);
#3879=EDGE_CURVE('',#5380,#5203,#6426,.T.);
#3880=EDGE_CURVE('',#5381,#5191,#6427,.T.);
#3881=EDGE_CURVE('',#5382,#5381,#6428,.T.);
#3882=EDGE_CURVE('',#5382,#5190,#6429,.T.);
#3883=EDGE_CURVE('',#5202,#5381,#6430,.T.);
#3884=EDGE_CURVE('',#5382,#5201,#6431,.T.);
#3885=EDGE_CURVE('',#5383,#5190,#6432,.T.);
#3886=EDGE_CURVE('',#5383,#5384,#6433,.T.);
#3887=EDGE_CURVE('',#5384,#5373,#6434,.T.);
#3888=EDGE_CURVE('',#5200,#5383,#6435,.T.);
#3889=EDGE_CURVE('',#5384,#5198,#6436,.T.);
#3890=EDGE_CURVE('',#5385,#5373,#6437,.T.);
#3891=EDGE_CURVE('',#5385,#5386,#6438,.T.);
#3892=EDGE_CURVE('',#5386,#5375,#6439,.T.);
#3893=EDGE_CURVE('',#5386,#5210,#6440,.T.);
#3894=EDGE_CURVE('',#5199,#5385,#6441,.T.);
#3895=EDGE_CURVE('',#5376,#5377,#6442,.T.);
#3896=EDGE_CURVE('',#5378,#5379,#6443,.T.);
#3897=EDGE_CURVE('',#5380,#5381,#6444,.T.);
#3898=EDGE_CURVE('',#5383,#5382,#6445,.T.);
#3899=EDGE_CURVE('',#5384,#5385,#6446,.T.);
#3900=EDGE_CURVE('',#5256,#5387,#6447,.T.);
#3901=EDGE_CURVE('',#5387,#5185,#6448,.T.);
#3902=EDGE_CURVE('',#5388,#5186,#6449,.T.);
#3903=EDGE_CURVE('',#5388,#5255,#6450,.T.);
#3904=EDGE_CURVE('',#5387,#5388,#6451,.T.);
#3905=EDGE_CURVE('',#5258,#5389,#6452,.T.);
#3906=EDGE_CURVE('',#5389,#5181,#6453,.T.);
#3907=EDGE_CURVE('',#5390,#5182,#6454,.T.);
#3908=EDGE_CURVE('',#5390,#5257,#6455,.T.);
#3909=EDGE_CURVE('',#5389,#5390,#6456,.T.);
#3910=EDGE_CURVE('',#5260,#5391,#6457,.T.);
#3911=EDGE_CURVE('',#5391,#5177,#6458,.T.);
#3912=EDGE_CURVE('',#5392,#5178,#6459,.T.);
#3913=EDGE_CURVE('',#5392,#5259,#6460,.T.);
#3914=EDGE_CURVE('',#5391,#5392,#6461,.T.);
#3915=EDGE_CURVE('',#5262,#5393,#6462,.T.);
#3916=EDGE_CURVE('',#5393,#5173,#6463,.T.);
#3917=EDGE_CURVE('',#5394,#5174,#6464,.T.);
#3918=EDGE_CURVE('',#5394,#5261,#6465,.T.);
#3919=EDGE_CURVE('',#5393,#5394,#6466,.T.);
#3920=EDGE_CURVE('',#5264,#5395,#6467,.T.);
#3921=EDGE_CURVE('',#5395,#5169,#6468,.T.);
#3922=EDGE_CURVE('',#5396,#5170,#6469,.T.);
#3923=EDGE_CURVE('',#5396,#5263,#6470,.T.);
#3924=EDGE_CURVE('',#5395,#5396,#6471,.T.);
#3925=EDGE_CURVE('',#5266,#5397,#6472,.T.);
#3926=EDGE_CURVE('',#5397,#5165,#6473,.T.);
#3927=EDGE_CURVE('',#5398,#5166,#6474,.T.);
#3928=EDGE_CURVE('',#5398,#5265,#6475,.T.);
#3929=EDGE_CURVE('',#5397,#5398,#6476,.T.);
#3930=EDGE_CURVE('',#5268,#5399,#6477,.T.);
#3931=EDGE_CURVE('',#5399,#5161,#6478,.T.);
#3932=EDGE_CURVE('',#5400,#5162,#6479,.T.);
#3933=EDGE_CURVE('',#5400,#5267,#6480,.T.);
#3934=EDGE_CURVE('',#5399,#5400,#6481,.T.);
#3935=EDGE_CURVE('',#5270,#5401,#6482,.T.);
#3936=EDGE_CURVE('',#5401,#5157,#6483,.T.);
#3937=EDGE_CURVE('',#5402,#5158,#6484,.T.);
#3938=EDGE_CURVE('',#5402,#5269,#6485,.T.);
#3939=EDGE_CURVE('',#5401,#5402,#6486,.T.);
#3940=EDGE_CURVE('',#4910,#5403,#6487,.T.);
#3941=EDGE_CURVE('',#5403,#5154,#6488,.T.);
#3942=EDGE_CURVE('',#5403,#5250,#6489,.T.);
#3943=EDGE_CURVE('',#5249,#4908,#6490,.T.);
#3944=EDGE_CURVE('',#5404,#5189,#6491,.T.);
#3945=EDGE_CURVE('',#5404,#4972,#6492,.T.);
#3946=EDGE_CURVE('',#5254,#5404,#6493,.T.);
#3947=EDGE_CURVE('',#4973,#5253,#6494,.T.);
#3948=EDGE_CURVE('',#5274,#5405,#6495,.T.);
#3949=EDGE_CURVE('',#5405,#5149,#6496,.T.);
#3950=EDGE_CURVE('',#5406,#5150,#6497,.T.);
#3951=EDGE_CURVE('',#5406,#5273,#6498,.T.);
#3952=EDGE_CURVE('',#5405,#5406,#6499,.T.);
#3953=EDGE_CURVE('',#5276,#5407,#6500,.T.);
#3954=EDGE_CURVE('',#5407,#5145,#6501,.T.);
#3955=EDGE_CURVE('',#5408,#5146,#6502,.T.);
#3956=EDGE_CURVE('',#5408,#5275,#6503,.T.);
#3957=EDGE_CURVE('',#5407,#5408,#6504,.T.);
#3958=EDGE_CURVE('',#5278,#5409,#6505,.T.);
#3959=EDGE_CURVE('',#5409,#5141,#6506,.T.);
#3960=EDGE_CURVE('',#5410,#5142,#6507,.T.);
#3961=EDGE_CURVE('',#5410,#5277,#6508,.T.);
#3962=EDGE_CURVE('',#5409,#5410,#6509,.T.);
#3963=EDGE_CURVE('',#5280,#5411,#6510,.T.);
#3964=EDGE_CURVE('',#5411,#5137,#6511,.T.);
#3965=EDGE_CURVE('',#5412,#5138,#6512,.T.);
#3966=EDGE_CURVE('',#5412,#5279,#6513,.T.);
#3967=EDGE_CURVE('',#5411,#5412,#6514,.T.);
#3968=EDGE_CURVE('',#5282,#5413,#6515,.T.);
#3969=EDGE_CURVE('',#5413,#5133,#6516,.T.);
#3970=EDGE_CURVE('',#5414,#5134,#6517,.T.);
#3971=EDGE_CURVE('',#5414,#5281,#6518,.T.);
#3972=EDGE_CURVE('',#5413,#5414,#6519,.T.);
#3973=EDGE_CURVE('',#5284,#5415,#6520,.T.);
#3974=EDGE_CURVE('',#5415,#5129,#6521,.T.);
#3975=EDGE_CURVE('',#5416,#5130,#6522,.T.);
#3976=EDGE_CURVE('',#5416,#5283,#6523,.T.);
#3977=EDGE_CURVE('',#5415,#5416,#6524,.T.);
#3978=EDGE_CURVE('',#5286,#5417,#6525,.T.);
#3979=EDGE_CURVE('',#5417,#5125,#6526,.T.);
#3980=EDGE_CURVE('',#5418,#5126,#6527,.T.);
#3981=EDGE_CURVE('',#5418,#5285,#6528,.T.);
#3982=EDGE_CURVE('',#5417,#5418,#6529,.T.);
#3983=EDGE_CURVE('',#5288,#5419,#6530,.T.);
#3984=EDGE_CURVE('',#5419,#5121,#6531,.T.);
#3985=EDGE_CURVE('',#5420,#5122,#6532,.T.);
#3986=EDGE_CURVE('',#5420,#5287,#6533,.T.);
#3987=EDGE_CURVE('',#5419,#5420,#6534,.T.);
#3988=EDGE_CURVE('',#4965,#5421,#6535,.T.);
#3989=EDGE_CURVE('',#5421,#5118,#6536,.T.);
#3990=EDGE_CURVE('',#5421,#5289,#6537,.T.);
#3991=EDGE_CURVE('',#5290,#4963,#6538,.T.);
#3992=EDGE_CURVE('',#5422,#5153,#6539,.T.);
#3993=EDGE_CURVE('',#5422,#4961,#6540,.T.);
#3994=EDGE_CURVE('',#5272,#5422,#6541,.T.);
#3995=EDGE_CURVE('',#4962,#5271,#6542,.T.);
#3996=EDGE_CURVE('',#5296,#5423,#6543,.T.);
#3997=EDGE_CURVE('',#5423,#5113,#6544,.T.);
#3998=EDGE_CURVE('',#5424,#5114,#6545,.T.);
#3999=EDGE_CURVE('',#5424,#5295,#6546,.T.);
#4000=EDGE_CURVE('',#5423,#5424,#6547,.T.);
#4001=EDGE_CURVE('',#5298,#5425,#6548,.T.);
#4002=EDGE_CURVE('',#5425,#5109,#6549,.T.);
#4003=EDGE_CURVE('',#5426,#5110,#6550,.T.);
#4004=EDGE_CURVE('',#5426,#5297,#6551,.T.);
#4005=EDGE_CURVE('',#5425,#5426,#6552,.T.);
#4006=EDGE_CURVE('',#5300,#5427,#6553,.T.);
#4007=EDGE_CURVE('',#5427,#5105,#6554,.T.);
#4008=EDGE_CURVE('',#5428,#5106,#6555,.T.);
#4009=EDGE_CURVE('',#5428,#5299,#6556,.T.);
#4010=EDGE_CURVE('',#5427,#5428,#6557,.T.);
#4011=EDGE_CURVE('',#5302,#5429,#6558,.T.);
#4012=EDGE_CURVE('',#5429,#5101,#6559,.T.);
#4013=EDGE_CURVE('',#5430,#5102,#6560,.T.);
#4014=EDGE_CURVE('',#5430,#5301,#6561,.T.);
#4015=EDGE_CURVE('',#5429,#5430,#6562,.T.);
#4016=EDGE_CURVE('',#5304,#5431,#6563,.T.);
#4017=EDGE_CURVE('',#5431,#5097,#6564,.T.);
#4018=EDGE_CURVE('',#5432,#5098,#6565,.T.);
#4019=EDGE_CURVE('',#5432,#5303,#6566,.T.);
#4020=EDGE_CURVE('',#5431,#5432,#6567,.T.);
#4021=EDGE_CURVE('',#5306,#5433,#6568,.T.);
#4022=EDGE_CURVE('',#5433,#5093,#6569,.T.);
#4023=EDGE_CURVE('',#5434,#5094,#6570,.T.);
#4024=EDGE_CURVE('',#5434,#5305,#6571,.T.);
#4025=EDGE_CURVE('',#5433,#5434,#6572,.T.);
#4026=EDGE_CURVE('',#5308,#5435,#6573,.T.);
#4027=EDGE_CURVE('',#5435,#5089,#6574,.T.);
#4028=EDGE_CURVE('',#5436,#5090,#6575,.T.);
#4029=EDGE_CURVE('',#5436,#5307,#6576,.T.);
#4030=EDGE_CURVE('',#5435,#5436,#6577,.T.);
#4031=EDGE_CURVE('',#5310,#5437,#6578,.T.);
#4032=EDGE_CURVE('',#5437,#5085,#6579,.T.);
#4033=EDGE_CURVE('',#5438,#5086,#6580,.T.);
#4034=EDGE_CURVE('',#5438,#5309,#6581,.T.);
#4035=EDGE_CURVE('',#5437,#5438,#6582,.T.);
#4036=EDGE_CURVE('',#5439,#5117,#6583,.T.);
#4037=EDGE_CURVE('',#5439,#4950,#6584,.T.);
#4038=EDGE_CURVE('',#5294,#5439,#6585,.T.);
#4039=EDGE_CURVE('',#4951,#5293,#6586,.T.);
#4040=EDGE_CURVE('',#4954,#5440,#6587,.T.);
#4041=EDGE_CURVE('',#5440,#5082,#6588,.T.);
#4042=EDGE_CURVE('',#5440,#5311,#6589,.T.);
#4043=EDGE_CURVE('',#5312,#4952,#6590,.T.);
#4044=EDGE_CURVE('',#5318,#5441,#6591,.T.);
#4045=EDGE_CURVE('',#5441,#5077,#6592,.T.);
#4046=EDGE_CURVE('',#5442,#5078,#6593,.T.);
#4047=EDGE_CURVE('',#5442,#5317,#6594,.T.);
#4048=EDGE_CURVE('',#5441,#5442,#6595,.T.);
#4049=EDGE_CURVE('',#5320,#5443,#6596,.T.);
#4050=EDGE_CURVE('',#5443,#5073,#6597,.T.);
#4051=EDGE_CURVE('',#5444,#5074,#6598,.T.);
#4052=EDGE_CURVE('',#5444,#5319,#6599,.T.);
#4053=EDGE_CURVE('',#5443,#5444,#6600,.T.);
#4054=EDGE_CURVE('',#5322,#5445,#6601,.T.);
#4055=EDGE_CURVE('',#5445,#5069,#6602,.T.);
#4056=EDGE_CURVE('',#5446,#5070,#6603,.T.);
#4057=EDGE_CURVE('',#5446,#5321,#6604,.T.);
#4058=EDGE_CURVE('',#5445,#5446,#6605,.T.);
#4059=EDGE_CURVE('',#5324,#5447,#6606,.T.);
#4060=EDGE_CURVE('',#5447,#5065,#6607,.T.);
#4061=EDGE_CURVE('',#5448,#5066,#6608,.T.);
#4062=EDGE_CURVE('',#5448,#5323,#6609,.T.);
#4063=EDGE_CURVE('',#5447,#5448,#6610,.T.);
#4064=EDGE_CURVE('',#5326,#5449,#6611,.T.);
#4065=EDGE_CURVE('',#5449,#5061,#6612,.T.);
#4066=EDGE_CURVE('',#5450,#5062,#6613,.T.);
#4067=EDGE_CURVE('',#5450,#5325,#6614,.T.);
#4068=EDGE_CURVE('',#5449,#5450,#6615,.T.);
#4069=EDGE_CURVE('',#5328,#5451,#6616,.T.);
#4070=EDGE_CURVE('',#5451,#5057,#6617,.T.);
#4071=EDGE_CURVE('',#5452,#5058,#6618,.T.);
#4072=EDGE_CURVE('',#5452,#5327,#6619,.T.);
#4073=EDGE_CURVE('',#5451,#5452,#6620,.T.);
#4074=EDGE_CURVE('',#5330,#5453,#6621,.T.);
#4075=EDGE_CURVE('',#5453,#5053,#6622,.T.);
#4076=EDGE_CURVE('',#5454,#5054,#6623,.T.);
#4077=EDGE_CURVE('',#5454,#5329,#6624,.T.);
#4078=EDGE_CURVE('',#5453,#5454,#6625,.T.);
#4079=EDGE_CURVE('',#5332,#5455,#6626,.T.);
#4080=EDGE_CURVE('',#5455,#5049,#6627,.T.);
#4081=EDGE_CURVE('',#5456,#5050,#6628,.T.);
#4082=EDGE_CURVE('',#5456,#5331,#6629,.T.);
#4083=EDGE_CURVE('',#5455,#5456,#6630,.T.);
#4084=EDGE_CURVE('',#4943,#5457,#6631,.T.);
#4085=EDGE_CURVE('',#5457,#5046,#6632,.T.);
#4086=EDGE_CURVE('',#5457,#5333,#6633,.T.);
#4087=EDGE_CURVE('',#5334,#4941,#6634,.T.);
#4088=EDGE_CURVE('',#5458,#5081,#6635,.T.);
#4089=EDGE_CURVE('',#5458,#4939,#6636,.T.);
#4090=EDGE_CURVE('',#5316,#5458,#6637,.T.);
#4091=EDGE_CURVE('',#4940,#5315,#6638,.T.);
#4092=EDGE_CURVE('',#5342,#5459,#6639,.T.);
#4093=EDGE_CURVE('',#5459,#5041,#6640,.T.);
#4094=EDGE_CURVE('',#5460,#5042,#6641,.T.);
#4095=EDGE_CURVE('',#5460,#5341,#6642,.T.);
#4096=EDGE_CURVE('',#5459,#5460,#6643,.T.);
#4097=EDGE_CURVE('',#5344,#5461,#6644,.T.);
#4098=EDGE_CURVE('',#5461,#5037,#6645,.T.);
#4099=EDGE_CURVE('',#5462,#5038,#6646,.T.);
#4100=EDGE_CURVE('',#5462,#5343,#6647,.T.);
#4101=EDGE_CURVE('',#5461,#5462,#6648,.T.);
#4102=EDGE_CURVE('',#5346,#5463,#6649,.T.);
#4103=EDGE_CURVE('',#5463,#5033,#6650,.T.);
#4104=EDGE_CURVE('',#5464,#5034,#6651,.T.);
#4105=EDGE_CURVE('',#5464,#5345,#6652,.T.);
#4106=EDGE_CURVE('',#5463,#5464,#6653,.T.);
#4107=EDGE_CURVE('',#5348,#5465,#6654,.T.);
#4108=EDGE_CURVE('',#5465,#5029,#6655,.T.);
#4109=EDGE_CURVE('',#5466,#5030,#6656,.T.);
#4110=EDGE_CURVE('',#5466,#5347,#6657,.T.);
#4111=EDGE_CURVE('',#5465,#5466,#6658,.T.);
#4112=EDGE_CURVE('',#5350,#5467,#6659,.T.);
#4113=EDGE_CURVE('',#5467,#5025,#6660,.T.);
#4114=EDGE_CURVE('',#5468,#5026,#6661,.T.);
#4115=EDGE_CURVE('',#5468,#5349,#6662,.T.);
#4116=EDGE_CURVE('',#5467,#5468,#6663,.T.);
#4117=EDGE_CURVE('',#5352,#5469,#6664,.T.);
#4118=EDGE_CURVE('',#5469,#5021,#6665,.T.);
#4119=EDGE_CURVE('',#5470,#5022,#6666,.T.);
#4120=EDGE_CURVE('',#5470,#5351,#6667,.T.);
#4121=EDGE_CURVE('',#5469,#5470,#6668,.T.);
#4122=EDGE_CURVE('',#5354,#5471,#6669,.T.);
#4123=EDGE_CURVE('',#5471,#5017,#6670,.T.);
#4124=EDGE_CURVE('',#5472,#5018,#6671,.T.);
#4125=EDGE_CURVE('',#5472,#5353,#6672,.T.);
#4126=EDGE_CURVE('',#5471,#5472,#6673,.T.);
#4127=EDGE_CURVE('',#5356,#5473,#6674,.T.);
#4128=EDGE_CURVE('',#5473,#5013,#6675,.T.);
#4129=EDGE_CURVE('',#5474,#5014,#6676,.T.);
#4130=EDGE_CURVE('',#5474,#5355,#6677,.T.);
#4131=EDGE_CURVE('',#5473,#5474,#6678,.T.);
#4132=EDGE_CURVE('',#4932,#5475,#6679,.T.);
#4133=EDGE_CURVE('',#5475,#5010,#6680,.T.);
#4134=EDGE_CURVE('',#5475,#5357,#6681,.T.);
#4135=EDGE_CURVE('',#5358,#4930,#6682,.T.);
#4136=EDGE_CURVE('',#5476,#5045,#6683,.T.);
#4137=EDGE_CURVE('',#5476,#4928,#6684,.T.);
#4138=EDGE_CURVE('',#5340,#5476,#6685,.T.);
#4139=EDGE_CURVE('',#4929,#5339,#6686,.T.);
#4140=EDGE_CURVE('',#5230,#5477,#6687,.T.);
#4141=EDGE_CURVE('',#5477,#5005,#6688,.T.);
#4142=EDGE_CURVE('',#5478,#5006,#6689,.T.);
#4143=EDGE_CURVE('',#5478,#5229,#6690,.T.);
#4144=EDGE_CURVE('',#5477,#5478,#6691,.T.);
#4145=EDGE_CURVE('',#5232,#5479,#6692,.T.);
#4146=EDGE_CURVE('',#5479,#5001,#6693,.T.);
#4147=EDGE_CURVE('',#5480,#5002,#6694,.T.);
#4148=EDGE_CURVE('',#5480,#5231,#6695,.T.);
#4149=EDGE_CURVE('',#5479,#5480,#6696,.T.);
#4150=EDGE_CURVE('',#5234,#5481,#6697,.T.);
#4151=EDGE_CURVE('',#5481,#4997,#6698,.T.);
#4152=EDGE_CURVE('',#5482,#4998,#6699,.T.);
#4153=EDGE_CURVE('',#5482,#5233,#6700,.T.);
#4154=EDGE_CURVE('',#5481,#5482,#6701,.T.);
#4155=EDGE_CURVE('',#5236,#5483,#6702,.T.);
#4156=EDGE_CURVE('',#5483,#4993,#6703,.T.);
#4157=EDGE_CURVE('',#5484,#4994,#6704,.T.);
#4158=EDGE_CURVE('',#5484,#5235,#6705,.T.);
#4159=EDGE_CURVE('',#5483,#5484,#6706,.T.);
#4160=EDGE_CURVE('',#5238,#5485,#6707,.T.);
#4161=EDGE_CURVE('',#5485,#4989,#6708,.T.);
#4162=EDGE_CURVE('',#5486,#4990,#6709,.T.);
#4163=EDGE_CURVE('',#5486,#5237,#6710,.T.);
#4164=EDGE_CURVE('',#5485,#5486,#6711,.T.);
#4165=EDGE_CURVE('',#5240,#5487,#6712,.T.);
#4166=EDGE_CURVE('',#5487,#4985,#6713,.T.);
#4167=EDGE_CURVE('',#5488,#4986,#6714,.T.);
#4168=EDGE_CURVE('',#5488,#5239,#6715,.T.);
#4169=EDGE_CURVE('',#5487,#5488,#6716,.T.);
#4170=EDGE_CURVE('',#5242,#5489,#6717,.T.);
#4171=EDGE_CURVE('',#5489,#4981,#6718,.T.);
#4172=EDGE_CURVE('',#5490,#4982,#6719,.T.);
#4173=EDGE_CURVE('',#5490,#5241,#6720,.T.);
#4174=EDGE_CURVE('',#5489,#5490,#6721,.T.);
#4175=EDGE_CURVE('',#5244,#5491,#6722,.T.);
#4176=EDGE_CURVE('',#5491,#4977,#6723,.T.);
#4177=EDGE_CURVE('',#5492,#4978,#6724,.T.);
#4178=EDGE_CURVE('',#5492,#5243,#6725,.T.);
#4179=EDGE_CURVE('',#5491,#5492,#6726,.T.);
#4180=EDGE_CURVE('',#5493,#5009,#6727,.T.);
#4181=EDGE_CURVE('',#5493,#4917,#6728,.T.);
#4182=EDGE_CURVE('',#5228,#5493,#6729,.T.);
#4183=EDGE_CURVE('',#4918,#5227,#6730,.T.);
#4184=EDGE_CURVE('',#4921,#5494,#6731,.T.);
#4185=EDGE_CURVE('',#5494,#4974,#6732,.T.);
#4186=EDGE_CURVE('',#5494,#5245,#6733,.T.);
#4187=EDGE_CURVE('',#5246,#4919,#6734,.T.);
#4188=EDGE_CURVE('',#5218,#5495,#6735,.T.);
#4189=EDGE_CURVE('',#5290,#5496,#6736,.T.);
#4190=EDGE_CURVE('',#5495,#5496,#6737,.T.);
#4191=EDGE_CURVE('',#4964,#5497,#6738,.T.);
#4192=EDGE_CURVE('',#5496,#5497,#6739,.T.);
#4193=EDGE_CURVE('',#5253,#5498,#6740,.T.);
#4194=EDGE_CURVE('',#5497,#5498,#6741,.T.);
#4195=EDGE_CURVE('',#5221,#5499,#6742,.T.);
#4196=EDGE_CURVE('',#5498,#5499,#6743,.T.);
#4197=EDGE_CURVE('',#5220,#5500,#6744,.T.);
#4198=EDGE_CURVE('',#5499,#5500,#6745,.T.);
#4199=EDGE_CURVE('',#5500,#5495,#6746,.T.);
#4200=EDGE_CURVE('',#5501,#5496,#6747,.T.);
#4201=EDGE_CURVE('',#5502,#5497,#6748,.T.);
#4202=EDGE_CURVE('',#5503,#5502,#6749,.T.);
#4203=EDGE_CURVE('',#5504,#5503,#6750,.T.);
#4204=EDGE_CURVE('',#5505,#5504,#6751,.T.);
#4205=EDGE_CURVE('',#5505,#5506,#6752,.T.);
#4206=EDGE_CURVE('',#5501,#5506,#6753,.T.);
#4207=EDGE_CURVE('',#5507,#5498,#6754,.T.);
#4208=EDGE_CURVE('',#5508,#5507,#6755,.T.);
#4209=EDGE_CURVE('',#5509,#5508,#6756,.T.);
#4210=EDGE_CURVE('',#5510,#5509,#6757,.T.);
#4211=EDGE_CURVE('',#5510,#5511,#6758,.T.);
#4212=EDGE_CURVE('',#5502,#5511,#6759,.T.);
#4213=EDGE_CURVE('',#5512,#5499,#6760,.T.);
#4214=EDGE_CURVE('',#5513,#5512,#6761,.T.);
#4215=EDGE_CURVE('',#5514,#5513,#6762,.T.);
#4216=EDGE_CURVE('',#5515,#5514,#6763,.T.);
#4217=EDGE_CURVE('',#5515,#5516,#6764,.T.);
#4218=EDGE_CURVE('',#5507,#5516,#6765,.T.);
#4219=EDGE_CURVE('',#5517,#5500,#6766,.T.);
#4220=EDGE_CURVE('',#5518,#5517,#6767,.T.);
#4221=EDGE_CURVE('',#5519,#5518,#6768,.T.);
#4222=EDGE_CURVE('',#5520,#5519,#6769,.T.);
#4223=EDGE_CURVE('',#5520,#5521,#6770,.T.);
#4224=EDGE_CURVE('',#5512,#5521,#6771,.T.);
#4225=EDGE_CURVE('',#5522,#5495,#6772,.T.);
#4226=EDGE_CURVE('',#5523,#5522,#6773,.T.);
#4227=EDGE_CURVE('',#5524,#5523,#6774,.T.);
#4228=EDGE_CURVE('',#5525,#5524,#6775,.T.);
#4229=EDGE_CURVE('',#5525,#5526,#6776,.T.);
#4230=EDGE_CURVE('',#5517,#5526,#6777,.T.);
#4231=EDGE_CURVE('',#5527,#5501,#6778,.T.);
#4232=EDGE_CURVE('',#5528,#5527,#6779,.T.);
#4233=EDGE_CURVE('',#5529,#5528,#6780,.T.);
#4234=EDGE_CURVE('',#5529,#5530,#6781,.T.);
#4235=EDGE_CURVE('',#5522,#5530,#6782,.T.);
#4236=EDGE_CURVE('',#5211,#5531,#6783,.T.);
#4237=EDGE_CURVE('',#5312,#5532,#6784,.T.);
#4238=EDGE_CURVE('',#5531,#5532,#6785,.T.);
#4239=EDGE_CURVE('',#4953,#5533,#6786,.T.);
#4240=EDGE_CURVE('',#5532,#5533,#6787,.T.);
#4241=EDGE_CURVE('',#5271,#5534,#6788,.T.);
#4242=EDGE_CURVE('',#5533,#5534,#6789,.T.);
#4243=EDGE_CURVE('',#5214,#5535,#6790,.T.);
#4244=EDGE_CURVE('',#5534,#5535,#6791,.T.);
#4245=EDGE_CURVE('',#5213,#5536,#6792,.T.);
#4246=EDGE_CURVE('',#5535,#5536,#6793,.T.);
#4247=EDGE_CURVE('',#5536,#5531,#6794,.T.);
#4248=EDGE_CURVE('',#5537,#5533,#6795,.T.);
#4249=EDGE_CURVE('',#5538,#5537,#6796,.T.);
#4250=EDGE_CURVE('',#5539,#5538,#6797,.T.);
#4251=EDGE_CURVE('',#5540,#5539,#6798,.T.);
#4252=EDGE_CURVE('',#5540,#5541,#6799,.T.);
#4253=EDGE_CURVE('',#5542,#5541,#6800,.T.);
#4254=EDGE_CURVE('',#5542,#5532,#6801,.T.);
#4255=EDGE_CURVE('',#5543,#5534,#6802,.T.);
#4256=EDGE_CURVE('',#5544,#5543,#6803,.T.);
#4257=EDGE_CURVE('',#5545,#5544,#6804,.T.);
#4258=EDGE_CURVE('',#5546,#5545,#6805,.T.);
#4259=EDGE_CURVE('',#5546,#5547,#6806,.T.);
#4260=EDGE_CURVE('',#5537,#5547,#6807,.T.);
#4261=EDGE_CURVE('',#5548,#5535,#6808,.T.);
#4262=EDGE_CURVE('',#5549,#5548,#6809,.T.);
#4263=EDGE_CURVE('',#5550,#5549,#6810,.T.);
#4264=EDGE_CURVE('',#5551,#5550,#6811,.T.);
#4265=EDGE_CURVE('',#5551,#5552,#6812,.T.);
#4266=EDGE_CURVE('',#5543,#5552,#6813,.T.);
#4267=EDGE_CURVE('',#5553,#5536,#6814,.T.);
#4268=EDGE_CURVE('',#5554,#5553,#6815,.T.);
#4269=EDGE_CURVE('',#5555,#5554,#6816,.T.);
#4270=EDGE_CURVE('',#5556,#5555,#6817,.T.);
#4271=EDGE_CURVE('',#5556,#5557,#6818,.T.);
#4272=EDGE_CURVE('',#5548,#5557,#6819,.T.);
#4273=EDGE_CURVE('',#5558,#5531,#6820,.T.);
#4274=EDGE_CURVE('',#5559,#5558,#6821,.T.);
#4275=EDGE_CURVE('',#5560,#5559,#6822,.T.);
#4276=EDGE_CURVE('',#5561,#5560,#6823,.T.);
#4277=EDGE_CURVE('',#5561,#5562,#6824,.T.);
#4278=EDGE_CURVE('',#5553,#5562,#6825,.T.);
#4279=EDGE_CURVE('',#5563,#5542,#6826,.T.);
#4280=EDGE_CURVE('',#5564,#5563,#6827,.T.);
#4281=EDGE_CURVE('',#5565,#5564,#6828,.T.);
#4282=EDGE_CURVE('',#5565,#5566,#6829,.T.);
#4283=EDGE_CURVE('',#5558,#5566,#6830,.T.);
#4284=EDGE_CURVE('',#5367,#5567,#6831,.T.);
#4285=EDGE_CURVE('',#5334,#5568,#6832,.T.);
#4286=EDGE_CURVE('',#5567,#5568,#6833,.T.);
#4287=EDGE_CURVE('',#4942,#5569,#6834,.T.);
#4288=EDGE_CURVE('',#5568,#5569,#6835,.T.);
#4289=EDGE_CURVE('',#5293,#5570,#6836,.T.);
#4290=EDGE_CURVE('',#5569,#5570,#6837,.T.);
#4291=EDGE_CURVE('',#5369,#5571,#6838,.T.);
#4292=EDGE_CURVE('',#5570,#5571,#6839,.T.);
#4293=EDGE_CURVE('',#5368,#5572,#6840,.T.);
#4294=EDGE_CURVE('',#5571,#5572,#6841,.T.);
#4295=EDGE_CURVE('',#5572,#5567,#6842,.T.);
#4296=EDGE_CURVE('',#5573,#5569,#6843,.T.);
#4297=EDGE_CURVE('',#5574,#5573,#6844,.T.);
#4298=EDGE_CURVE('',#5575,#5574,#6845,.T.);
#4299=EDGE_CURVE('',#5576,#5575,#6846,.T.);
#4300=EDGE_CURVE('',#5576,#5577,#6847,.T.);
#4301=EDGE_CURVE('',#5578,#5577,#6848,.T.);
#4302=EDGE_CURVE('',#5578,#5568,#6849,.T.);
#4303=EDGE_CURVE('',#5579,#5570,#6850,.T.);
#4304=EDGE_CURVE('',#5580,#5579,#6851,.T.);
#4305=EDGE_CURVE('',#5581,#5580,#6852,.T.);
#4306=EDGE_CURVE('',#5582,#5581,#6853,.T.);
#4307=EDGE_CURVE('',#5582,#5583,#6854,.T.);
#4308=EDGE_CURVE('',#5573,#5583,#6855,.T.);
#4309=EDGE_CURVE('',#5584,#5571,#6856,.T.);
#4310=EDGE_CURVE('',#5585,#5584,#6857,.T.);
#4311=EDGE_CURVE('',#5586,#5585,#6858,.T.);
#4312=EDGE_CURVE('',#5587,#5586,#6859,.T.);
#4313=EDGE_CURVE('',#5587,#5588,#6860,.T.);
#4314=EDGE_CURVE('',#5579,#5588,#6861,.T.);
#4315=EDGE_CURVE('',#5589,#5572,#6862,.T.);
#4316=EDGE_CURVE('',#5590,#5589,#6863,.T.);
#4317=EDGE_CURVE('',#5591,#5590,#6864,.T.);
#4318=EDGE_CURVE('',#5592,#5591,#6865,.T.);
#4319=EDGE_CURVE('',#5592,#5593,#6866,.T.);
#4320=EDGE_CURVE('',#5584,#5593,#6867,.T.);
#4321=EDGE_CURVE('',#5594,#5567,#6868,.T.);
#4322=EDGE_CURVE('',#5595,#5594,#6869,.T.);
#4323=EDGE_CURVE('',#5596,#5595,#6870,.T.);
#4324=EDGE_CURVE('',#5597,#5596,#6871,.T.);
#4325=EDGE_CURVE('',#5597,#5598,#6872,.T.);
#4326=EDGE_CURVE('',#5589,#5598,#6873,.T.);
#4327=EDGE_CURVE('',#5599,#5578,#6874,.T.);
#4328=EDGE_CURVE('',#5600,#5599,#6875,.T.);
#4329=EDGE_CURVE('',#5601,#5600,#6876,.T.);
#4330=EDGE_CURVE('',#5601,#5602,#6877,.T.);
#4331=EDGE_CURVE('',#5594,#5602,#6878,.T.);
#4332=EDGE_CURVE('',#5364,#5603,#6879,.T.);
#4333=EDGE_CURVE('',#5358,#5604,#6880,.T.);
#4334=EDGE_CURVE('',#5603,#5604,#6881,.T.);
#4335=EDGE_CURVE('',#4931,#5605,#6882,.T.);
#4336=EDGE_CURVE('',#5604,#5605,#6883,.T.);
#4337=EDGE_CURVE('',#5315,#5606,#6884,.T.);
#4338=EDGE_CURVE('',#5605,#5606,#6885,.T.);
#4339=EDGE_CURVE('',#5366,#5607,#6886,.T.);
#4340=EDGE_CURVE('',#5606,#5607,#6887,.T.);
#4341=EDGE_CURVE('',#5365,#5608,#6888,.T.);
#4342=EDGE_CURVE('',#5607,#5608,#6889,.T.);
#4343=EDGE_CURVE('',#5608,#5603,#6890,.T.);
#4344=EDGE_CURVE('',#5609,#5605,#6891,.T.);
#4345=EDGE_CURVE('',#5610,#5609,#6892,.T.);
#4346=EDGE_CURVE('',#5611,#5610,#6893,.T.);
#4347=EDGE_CURVE('',#5612,#5611,#6894,.T.);
#4348=EDGE_CURVE('',#5612,#5613,#6895,.T.);
#4349=EDGE_CURVE('',#5614,#5613,#6896,.T.);
#4350=EDGE_CURVE('',#5614,#5604,#6897,.T.);
#4351=EDGE_CURVE('',#5615,#5606,#6898,.T.);
#4352=EDGE_CURVE('',#5616,#5615,#6899,.T.);
#4353=EDGE_CURVE('',#5617,#5616,#6900,.T.);
#4354=EDGE_CURVE('',#5618,#5617,#6901,.T.);
#4355=EDGE_CURVE('',#5618,#5619,#6902,.T.);
#4356=EDGE_CURVE('',#5609,#5619,#6903,.T.);
#4357=EDGE_CURVE('',#5620,#5607,#6904,.T.);
#4358=EDGE_CURVE('',#5621,#5620,#6905,.T.);
#4359=EDGE_CURVE('',#5622,#5621,#6906,.T.);
#4360=EDGE_CURVE('',#5623,#5622,#6907,.T.);
#4361=EDGE_CURVE('',#5623,#5624,#6908,.T.);
#4362=EDGE_CURVE('',#5615,#5624,#6909,.T.);
#4363=EDGE_CURVE('',#5625,#5608,#6910,.T.);
#4364=EDGE_CURVE('',#5626,#5625,#6911,.T.);
#4365=EDGE_CURVE('',#5627,#5626,#6912,.T.);
#4366=EDGE_CURVE('',#5628,#5627,#6913,.T.);
#4367=EDGE_CURVE('',#5628,#5629,#6914,.T.);
#4368=EDGE_CURVE('',#5620,#5629,#6915,.T.);
#4369=EDGE_CURVE('',#5630,#5603,#6916,.T.);
#4370=EDGE_CURVE('',#5631,#5630,#6917,.T.);
#4371=EDGE_CURVE('',#5632,#5631,#6918,.T.);
#4372=EDGE_CURVE('',#5633,#5632,#6919,.T.);
#4373=EDGE_CURVE('',#5633,#5634,#6920,.T.);
#4374=EDGE_CURVE('',#5625,#5634,#6921,.T.);
#4375=EDGE_CURVE('',#5635,#5614,#6922,.T.);
#4376=EDGE_CURVE('',#5636,#5635,#6923,.T.);
#4377=EDGE_CURVE('',#5637,#5636,#6924,.T.);
#4378=EDGE_CURVE('',#5637,#5638,#6925,.T.);
#4379=EDGE_CURVE('',#5630,#5638,#6926,.T.);
#4380=EDGE_CURVE('',#5361,#5639,#6927,.T.);
#4381=EDGE_CURVE('',#5246,#5640,#6928,.T.);
#4382=EDGE_CURVE('',#5639,#5640,#6929,.T.);
#4383=EDGE_CURVE('',#4920,#5641,#6930,.T.);
#4384=EDGE_CURVE('',#5640,#5641,#6931,.T.);
#4385=EDGE_CURVE('',#5339,#5642,#6932,.T.);
#4386=EDGE_CURVE('',#5641,#5642,#6933,.T.);
#4387=EDGE_CURVE('',#5363,#5643,#6934,.T.);
#4388=EDGE_CURVE('',#5642,#5643,#6935,.T.);
#4389=EDGE_CURVE('',#5362,#5644,#6936,.T.);
#4390=EDGE_CURVE('',#5643,#5644,#6937,.T.);
#4391=EDGE_CURVE('',#5644,#5639,#6938,.T.);
#4392=EDGE_CURVE('',#5645,#5641,#6939,.T.);
#4393=EDGE_CURVE('',#5646,#5645,#6940,.T.);
#4394=EDGE_CURVE('',#5647,#5646,#6941,.T.);
#4395=EDGE_CURVE('',#5648,#5647,#6942,.T.);
#4396=EDGE_CURVE('',#5648,#5649,#6943,.T.);
#4397=EDGE_CURVE('',#5650,#5649,#6944,.T.);
#4398=EDGE_CURVE('',#5650,#5640,#6945,.T.);
#4399=EDGE_CURVE('',#5651,#5642,#6946,.T.);
#4400=EDGE_CURVE('',#5652,#5651,#6947,.T.);
#4401=EDGE_CURVE('',#5653,#5652,#6948,.T.);
#4402=EDGE_CURVE('',#5654,#5653,#6949,.T.);
#4403=EDGE_CURVE('',#5654,#5655,#6950,.T.);
#4404=EDGE_CURVE('',#5645,#5655,#6951,.T.);
#4405=EDGE_CURVE('',#5656,#5643,#6952,.T.);
#4406=EDGE_CURVE('',#5657,#5656,#6953,.T.);
#4407=EDGE_CURVE('',#5658,#5657,#6954,.T.);
#4408=EDGE_CURVE('',#5659,#5658,#6955,.T.);
#4409=EDGE_CURVE('',#5659,#5660,#6956,.T.);
#4410=EDGE_CURVE('',#5651,#5660,#6957,.T.);
#4411=EDGE_CURVE('',#5661,#5644,#6958,.T.);
#4412=EDGE_CURVE('',#5662,#5661,#6959,.T.);
#4413=EDGE_CURVE('',#5663,#5662,#6960,.T.);
#4414=EDGE_CURVE('',#5664,#5663,#6961,.T.);
#4415=EDGE_CURVE('',#5664,#5665,#6962,.T.);
#4416=EDGE_CURVE('',#5656,#5665,#6963,.T.);
#4417=EDGE_CURVE('',#5666,#5639,#6964,.T.);
#4418=EDGE_CURVE('',#5667,#5666,#6965,.T.);
#4419=EDGE_CURVE('',#5668,#5667,#6966,.T.);
#4420=EDGE_CURVE('',#5669,#5668,#6967,.T.);
#4421=EDGE_CURVE('',#5669,#5670,#6968,.T.);
#4422=EDGE_CURVE('',#5661,#5670,#6969,.T.);
#4423=EDGE_CURVE('',#5671,#5650,#6970,.T.);
#4424=EDGE_CURVE('',#5672,#5671,#6971,.T.);
#4425=EDGE_CURVE('',#5673,#5672,#6972,.T.);
#4426=EDGE_CURVE('',#5673,#5674,#6973,.T.);
#4427=EDGE_CURVE('',#5666,#5674,#6974,.T.);
#4428=EDGE_CURVE('',#5370,#5675,#6975,.T.);
#4429=EDGE_CURVE('',#5249,#5676,#6976,.T.);
#4430=EDGE_CURVE('',#5675,#5676,#6977,.T.);
#4431=EDGE_CURVE('',#4909,#5677,#6978,.T.);
#4432=EDGE_CURVE('',#5676,#5677,#6979,.T.);
#4433=EDGE_CURVE('',#5227,#5678,#6980,.T.);
#4434=EDGE_CURVE('',#5677,#5678,#6981,.T.);
#4435=EDGE_CURVE('',#5372,#5679,#6982,.T.);
#4436=EDGE_CURVE('',#5678,#5679,#6983,.T.);
#4437=EDGE_CURVE('',#5371,#5680,#6984,.T.);
#4438=EDGE_CURVE('',#5679,#5680,#6985,.T.);
#4439=EDGE_CURVE('',#5680,#5675,#6986,.T.);
#4440=EDGE_CURVE('',#5681,#5677,#6987,.T.);
#4441=EDGE_CURVE('',#5682,#5681,#6988,.T.);
#4442=EDGE_CURVE('',#5683,#5682,#6989,.T.);
#4443=EDGE_CURVE('',#5684,#5683,#6990,.T.);
#4444=EDGE_CURVE('',#5684,#5685,#6991,.T.);
#4445=EDGE_CURVE('',#5686,#5685,#6992,.T.);
#4446=EDGE_CURVE('',#5686,#5676,#6993,.T.);
#4447=EDGE_CURVE('',#5687,#5678,#6994,.T.);
#4448=EDGE_CURVE('',#5688,#5687,#6995,.T.);
#4449=EDGE_CURVE('',#5689,#5688,#6996,.T.);
#4450=EDGE_CURVE('',#5690,#5689,#6997,.T.);
#4451=EDGE_CURVE('',#5690,#5691,#6998,.T.);
#4452=EDGE_CURVE('',#5681,#5691,#6999,.T.);
#4453=EDGE_CURVE('',#5692,#5679,#7000,.T.);
#4454=EDGE_CURVE('',#5693,#5692,#7001,.T.);
#4455=EDGE_CURVE('',#5694,#5693,#7002,.T.);
#4456=EDGE_CURVE('',#5695,#5694,#7003,.T.);
#4457=EDGE_CURVE('',#5695,#5696,#7004,.T.);
#4458=EDGE_CURVE('',#5687,#5696,#7005,.T.);
#4459=EDGE_CURVE('',#5697,#5680,#7006,.T.);
#4460=EDGE_CURVE('',#5698,#5697,#7007,.T.);
#4461=EDGE_CURVE('',#5699,#5698,#7008,.T.);
#4462=EDGE_CURVE('',#5700,#5699,#7009,.T.);
#4463=EDGE_CURVE('',#5700,#5701,#7010,.T.);
#4464=EDGE_CURVE('',#5692,#5701,#7011,.T.);
#4465=EDGE_CURVE('',#5702,#5675,#7012,.T.);
#4466=EDGE_CURVE('',#5703,#5702,#7013,.T.);
#4467=EDGE_CURVE('',#5704,#5703,#7014,.T.);
#4468=EDGE_CURVE('',#5705,#5704,#7015,.T.);
#4469=EDGE_CURVE('',#5705,#5706,#7016,.T.);
#4470=EDGE_CURVE('',#5697,#5706,#7017,.T.);
#4471=EDGE_CURVE('',#5707,#5686,#7018,.T.);
#4472=EDGE_CURVE('',#5708,#5707,#7019,.T.);
#4473=EDGE_CURVE('',#5709,#5708,#7020,.T.);
#4474=EDGE_CURVE('',#5709,#5710,#7021,.T.);
#4475=EDGE_CURVE('',#5702,#5710,#7022,.T.);
#4476=EDGE_CURVE('',#5518,#5711,#7023,.T.);
#4477=EDGE_CURVE('',#5712,#5711,#7024,.T.);
#4478=EDGE_CURVE('',#5519,#5712,#7025,.T.);
#4479=EDGE_CURVE('',#5713,#4899,#7026,.T.);
#4480=EDGE_CURVE('',#5714,#5713,#7027,.T.);
#4481=EDGE_CURVE('',#5712,#5714,#7028,.T.);
#4482=EDGE_CURVE('',#5711,#4900,#7029,.T.);
#4483=EDGE_CURVE('',#5521,#5713,#7030,.T.);
#4484=EDGE_CURVE('',#5520,#5714,#7031,.T.);
#4485=EDGE_CURVE('',#5523,#5715,#7032,.T.);
#4486=EDGE_CURVE('',#5716,#5715,#7033,.T.);
#4487=EDGE_CURVE('',#5524,#5716,#7034,.T.);
#4488=EDGE_CURVE('',#5717,#4901,#7035,.T.);
#4489=EDGE_CURVE('',#5718,#5717,#7036,.T.);
#4490=EDGE_CURVE('',#5716,#5718,#7037,.T.);
#4491=EDGE_CURVE('',#5715,#4902,#7038,.T.);
#4492=EDGE_CURVE('',#5526,#5717,#7039,.T.);
#4493=EDGE_CURVE('',#5525,#5718,#7040,.T.);
#4494=EDGE_CURVE('',#5527,#5719,#7041,.T.);
#4495=EDGE_CURVE('',#5720,#5719,#7042,.T.);
#4496=EDGE_CURVE('',#5528,#5720,#7043,.T.);
#4497=EDGE_CURVE('',#5721,#4903,#7044,.T.);
#4498=EDGE_CURVE('',#5722,#5721,#7045,.T.);
#4499=EDGE_CURVE('',#5720,#5722,#7046,.T.);
#4500=EDGE_CURVE('',#5719,#4904,#7047,.T.);
#4501=EDGE_CURVE('',#5530,#5721,#7048,.T.);
#4502=EDGE_CURVE('',#5529,#5722,#7049,.T.);
#4503=EDGE_CURVE('',#5503,#5723,#7050,.T.);
#4504=EDGE_CURVE('',#5724,#5723,#7051,.T.);
#4505=EDGE_CURVE('',#5504,#5724,#7052,.T.);
#4506=EDGE_CURVE('',#5725,#4905,#7053,.T.);
#4507=EDGE_CURVE('',#5726,#5725,#7054,.T.);
#4508=EDGE_CURVE('',#5724,#5726,#7055,.T.);
#4509=EDGE_CURVE('',#5723,#4906,#7056,.T.);
#4510=EDGE_CURVE('',#5506,#5725,#7057,.T.);
#4511=EDGE_CURVE('',#5505,#5726,#7058,.T.);
#4512=EDGE_CURVE('',#5508,#5727,#7059,.T.);
#4513=EDGE_CURVE('',#5728,#5727,#7060,.T.);
#4514=EDGE_CURVE('',#5509,#5728,#7061,.T.);
#4515=EDGE_CURVE('',#5729,#4907,#7062,.T.);
#4516=EDGE_CURVE('',#5730,#5729,#7063,.T.);
#4517=EDGE_CURVE('',#5728,#5730,#7064,.T.);
#4518=EDGE_CURVE('',#5727,#4897,#7065,.T.);
#4519=EDGE_CURVE('',#5511,#5729,#7066,.T.);
#4520=EDGE_CURVE('',#5510,#5730,#7067,.T.);
#4521=EDGE_CURVE('',#5513,#5731,#7068,.T.);
#4522=EDGE_CURVE('',#5732,#5731,#7069,.T.);
#4523=EDGE_CURVE('',#5514,#5732,#7070,.T.);
#4524=EDGE_CURVE('',#5733,#4896,#7071,.T.);
#4525=EDGE_CURVE('',#5734,#5733,#7072,.T.);
#4526=EDGE_CURVE('',#5732,#5734,#7073,.T.);
#4527=EDGE_CURVE('',#5731,#4898,#7074,.T.);
#4528=EDGE_CURVE('',#5516,#5733,#7075,.T.);
#4529=EDGE_CURVE('',#5515,#5734,#7076,.T.);
#4530=EDGE_CURVE('',#5733,#5727,#7077,.T.);
#4531=EDGE_CURVE('',#5713,#5731,#7078,.T.);
#4532=EDGE_CURVE('',#5729,#5723,#7079,.T.);
#4533=EDGE_CURVE('',#5725,#5719,#7080,.T.);
#4534=EDGE_CURVE('',#5721,#5715,#7081,.T.);
#4535=EDGE_CURVE('',#5717,#5711,#7082,.T.);
#4536=EDGE_CURVE('',#5685,#5735,#7083,.T.);
#4537=EDGE_CURVE('',#5684,#5736,#7084,.T.);
#4538=EDGE_CURVE('',#5736,#5735,#7085,.T.);
#4539=EDGE_CURVE('',#5683,#5737,#7086,.T.);
#4540=EDGE_CURVE('',#5737,#5736,#7087,.T.);
#4541=EDGE_CURVE('',#5682,#5738,#7088,.T.);
#4542=EDGE_CURVE('',#5737,#5738,#7089,.T.);
#4543=EDGE_CURVE('',#5691,#5739,#7090,.T.);
#4544=EDGE_CURVE('',#5739,#5738,#7091,.T.);
#4545=EDGE_CURVE('',#5690,#5740,#7092,.T.);
#4546=EDGE_CURVE('',#5740,#5739,#7093,.T.);
#4547=EDGE_CURVE('',#5689,#5741,#7094,.T.);
#4548=EDGE_CURVE('',#5741,#5740,#7095,.T.);
#4549=EDGE_CURVE('',#5688,#5742,#7096,.T.);
#4550=EDGE_CURVE('',#5741,#5742,#7097,.T.);
#4551=EDGE_CURVE('',#5696,#5743,#7098,.T.);
#4552=EDGE_CURVE('',#5743,#5742,#7099,.T.);
#4553=EDGE_CURVE('',#5695,#5744,#7100,.T.);
#4554=EDGE_CURVE('',#5744,#5743,#7101,.T.);
#4555=EDGE_CURVE('',#5694,#5745,#7102,.T.);
#4556=EDGE_CURVE('',#5745,#5744,#7103,.T.);
#4557=EDGE_CURVE('',#5693,#5746,#7104,.T.);
#4558=EDGE_CURVE('',#5745,#5746,#7105,.T.);
#4559=EDGE_CURVE('',#5701,#5747,#7106,.T.);
#4560=EDGE_CURVE('',#5747,#5746,#7107,.T.);
#4561=EDGE_CURVE('',#5700,#5748,#7108,.T.);
#4562=EDGE_CURVE('',#5748,#5747,#7109,.T.);
#4563=EDGE_CURVE('',#5699,#5749,#7110,.T.);
#4564=EDGE_CURVE('',#5749,#5748,#7111,.T.);
#4565=EDGE_CURVE('',#5698,#5750,#7112,.T.);
#4566=EDGE_CURVE('',#5749,#5750,#7113,.T.);
#4567=EDGE_CURVE('',#5706,#5751,#7114,.T.);
#4568=EDGE_CURVE('',#5751,#5750,#7115,.T.);
#4569=EDGE_CURVE('',#5705,#5752,#7116,.T.);
#4570=EDGE_CURVE('',#5752,#5751,#7117,.T.);
#4571=EDGE_CURVE('',#5704,#5753,#7118,.T.);
#4572=EDGE_CURVE('',#5753,#5752,#7119,.T.);
#4573=EDGE_CURVE('',#5703,#5754,#7120,.T.);
#4574=EDGE_CURVE('',#5753,#5754,#7121,.T.);
#4575=EDGE_CURVE('',#5710,#5755,#7122,.T.);
#4576=EDGE_CURVE('',#5755,#5754,#7123,.T.);
#4577=EDGE_CURVE('',#5709,#5756,#7124,.T.);
#4578=EDGE_CURVE('',#5756,#5755,#7125,.T.);
#4579=EDGE_CURVE('',#5708,#5757,#7126,.T.);
#4580=EDGE_CURVE('',#5757,#5756,#7127,.T.);
#4581=EDGE_CURVE('',#5707,#5758,#7128,.T.);
#4582=EDGE_CURVE('',#5757,#5758,#7129,.T.);
#4583=EDGE_CURVE('',#5759,#5760,#7130,.T.);
#4584=EDGE_CURVE('',#5739,#5760,#7131,.T.);
#4585=EDGE_CURVE('',#5742,#5759,#7132,.T.);
#4586=EDGE_CURVE('',#5760,#5761,#7133,.T.);
#4587=EDGE_CURVE('',#5738,#5761,#7134,.T.);
#4588=EDGE_CURVE('',#5761,#5762,#7135,.T.);
#4589=EDGE_CURVE('',#5735,#5762,#7136,.T.);
#4590=EDGE_CURVE('',#5762,#5763,#7137,.T.);
#4591=EDGE_CURVE('',#5758,#5763,#7138,.T.);
#4592=EDGE_CURVE('',#5735,#5758,#7139,.T.);
#4593=EDGE_CURVE('',#5763,#5764,#7140,.T.);
#4594=EDGE_CURVE('',#5755,#5764,#7141,.T.);
#4595=EDGE_CURVE('',#5764,#5765,#7142,.T.);
#4596=EDGE_CURVE('',#5754,#5765,#7143,.T.);
#4597=EDGE_CURVE('',#5765,#5766,#7144,.T.);
#4598=EDGE_CURVE('',#5751,#5766,#7145,.T.);
#4599=EDGE_CURVE('',#5766,#5767,#7146,.T.);
#4600=EDGE_CURVE('',#5750,#5767,#7147,.T.);
#4601=EDGE_CURVE('',#5767,#5768,#7148,.T.);
#4602=EDGE_CURVE('',#5747,#5768,#7149,.T.);
#4603=EDGE_CURVE('',#5768,#5769,#7150,.T.);
#4604=EDGE_CURVE('',#5746,#5769,#7151,.T.);
#4605=EDGE_CURVE('',#5769,#5770,#7152,.T.);
#4606=EDGE_CURVE('',#5743,#5770,#7153,.T.);
#4607=EDGE_CURVE('',#5770,#5759,#7154,.T.);
#4608=EDGE_CURVE('',#5649,#5771,#7155,.T.);
#4609=EDGE_CURVE('',#5648,#5772,#7156,.T.);
#4610=EDGE_CURVE('',#5772,#5771,#7157,.T.);
#4611=EDGE_CURVE('',#5647,#5773,#7158,.T.);
#4612=EDGE_CURVE('',#5773,#5772,#7159,.T.);
#4613=EDGE_CURVE('',#5646,#5774,#7160,.T.);
#4614=EDGE_CURVE('',#5773,#5774,#7161,.T.);
#4615=EDGE_CURVE('',#5655,#5775,#7162,.T.);
#4616=EDGE_CURVE('',#5775,#5774,#7163,.T.);
#4617=EDGE_CURVE('',#5654,#5776,#7164,.T.);
#4618=EDGE_CURVE('',#5776,#5775,#7165,.T.);
#4619=EDGE_CURVE('',#5653,#5777,#7166,.T.);
#4620=EDGE_CURVE('',#5777,#5776,#7167,.T.);
#4621=EDGE_CURVE('',#5652,#5778,#7168,.T.);
#4622=EDGE_CURVE('',#5777,#5778,#7169,.T.);
#4623=EDGE_CURVE('',#5660,#5779,#7170,.T.);
#4624=EDGE_CURVE('',#5779,#5778,#7171,.T.);
#4625=EDGE_CURVE('',#5659,#5780,#7172,.T.);
#4626=EDGE_CURVE('',#5780,#5779,#7173,.T.);
#4627=EDGE_CURVE('',#5658,#5781,#7174,.T.);
#4628=EDGE_CURVE('',#5781,#5780,#7175,.T.);
#4629=EDGE_CURVE('',#5657,#5782,#7176,.T.);
#4630=EDGE_CURVE('',#5781,#5782,#7177,.T.);
#4631=EDGE_CURVE('',#5665,#5783,#7178,.T.);
#4632=EDGE_CURVE('',#5783,#5782,#7179,.T.);
#4633=EDGE_CURVE('',#5664,#5784,#7180,.T.);
#4634=EDGE_CURVE('',#5784,#5783,#7181,.T.);
#4635=EDGE_CURVE('',#5663,#5785,#7182,.T.);
#4636=EDGE_CURVE('',#5785,#5784,#7183,.T.);
#4637=EDGE_CURVE('',#5662,#5786,#7184,.T.);
#4638=EDGE_CURVE('',#5785,#5786,#7185,.T.);
#4639=EDGE_CURVE('',#5670,#5787,#7186,.T.);
#4640=EDGE_CURVE('',#5787,#5786,#7187,.T.);
#4641=EDGE_CURVE('',#5669,#5788,#7188,.T.);
#4642=EDGE_CURVE('',#5788,#5787,#7189,.T.);
#4643=EDGE_CURVE('',#5668,#5789,#7190,.T.);
#4644=EDGE_CURVE('',#5789,#5788,#7191,.T.);
#4645=EDGE_CURVE('',#5667,#5790,#7192,.T.);
#4646=EDGE_CURVE('',#5789,#5790,#7193,.T.);
#4647=EDGE_CURVE('',#5674,#5791,#7194,.T.);
#4648=EDGE_CURVE('',#5791,#5790,#7195,.T.);
#4649=EDGE_CURVE('',#5673,#5792,#7196,.T.);
#4650=EDGE_CURVE('',#5792,#5791,#7197,.T.);
#4651=EDGE_CURVE('',#5672,#5793,#7198,.T.);
#4652=EDGE_CURVE('',#5793,#5792,#7199,.T.);
#4653=EDGE_CURVE('',#5671,#5794,#7200,.T.);
#4654=EDGE_CURVE('',#5793,#5794,#7201,.T.);
#4655=EDGE_CURVE('',#5795,#5796,#7202,.T.);
#4656=EDGE_CURVE('',#5775,#5796,#7203,.T.);
#4657=EDGE_CURVE('',#5778,#5795,#7204,.T.);
#4658=EDGE_CURVE('',#5796,#5797,#7205,.T.);
#4659=EDGE_CURVE('',#5774,#5797,#7206,.T.);
#4660=EDGE_CURVE('',#5797,#5798,#7207,.T.);
#4661=EDGE_CURVE('',#5771,#5798,#7208,.T.);
#4662=EDGE_CURVE('',#5798,#5799,#7209,.T.);
#4663=EDGE_CURVE('',#5794,#5799,#7210,.T.);
#4664=EDGE_CURVE('',#5771,#5794,#7211,.T.);
#4665=EDGE_CURVE('',#5799,#5800,#7212,.T.);
#4666=EDGE_CURVE('',#5791,#5800,#7213,.T.);
#4667=EDGE_CURVE('',#5800,#5801,#7214,.T.);
#4668=EDGE_CURVE('',#5790,#5801,#7215,.T.);
#4669=EDGE_CURVE('',#5801,#5802,#7216,.T.);
#4670=EDGE_CURVE('',#5787,#5802,#7217,.T.);
#4671=EDGE_CURVE('',#5802,#5803,#7218,.T.);
#4672=EDGE_CURVE('',#5786,#5803,#7219,.T.);
#4673=EDGE_CURVE('',#5803,#5804,#7220,.T.);
#4674=EDGE_CURVE('',#5783,#5804,#7221,.T.);
#4675=EDGE_CURVE('',#5804,#5805,#7222,.T.);
#4676=EDGE_CURVE('',#5782,#5805,#7223,.T.);
#4677=EDGE_CURVE('',#5805,#5806,#7224,.T.);
#4678=EDGE_CURVE('',#5779,#5806,#7225,.T.);
#4679=EDGE_CURVE('',#5806,#5795,#7226,.T.);
#4680=EDGE_CURVE('',#5613,#5807,#7227,.T.);
#4681=EDGE_CURVE('',#5612,#5808,#7228,.T.);
#4682=EDGE_CURVE('',#5808,#5807,#7229,.T.);
#4683=EDGE_CURVE('',#5611,#5809,#7230,.T.);
#4684=EDGE_CURVE('',#5809,#5808,#7231,.T.);
#4685=EDGE_CURVE('',#5610,#5810,#7232,.T.);
#4686=EDGE_CURVE('',#5809,#5810,#7233,.T.);
#4687=EDGE_CURVE('',#5619,#5811,#7234,.T.);
#4688=EDGE_CURVE('',#5811,#5810,#7235,.T.);
#4689=EDGE_CURVE('',#5618,#5812,#7236,.T.);
#4690=EDGE_CURVE('',#5812,#5811,#7237,.T.);
#4691=EDGE_CURVE('',#5617,#5813,#7238,.T.);
#4692=EDGE_CURVE('',#5813,#5812,#7239,.T.);
#4693=EDGE_CURVE('',#5616,#5814,#7240,.T.);
#4694=EDGE_CURVE('',#5813,#5814,#7241,.T.);
#4695=EDGE_CURVE('',#5624,#5815,#7242,.T.);
#4696=EDGE_CURVE('',#5815,#5814,#7243,.T.);
#4697=EDGE_CURVE('',#5623,#5816,#7244,.T.);
#4698=EDGE_CURVE('',#5816,#5815,#7245,.T.);
#4699=EDGE_CURVE('',#5622,#5817,#7246,.T.);
#4700=EDGE_CURVE('',#5817,#5816,#7247,.T.);
#4701=EDGE_CURVE('',#5621,#5818,#7248,.T.);
#4702=EDGE_CURVE('',#5817,#5818,#7249,.T.);
#4703=EDGE_CURVE('',#5629,#5819,#7250,.T.);
#4704=EDGE_CURVE('',#5819,#5818,#7251,.T.);
#4705=EDGE_CURVE('',#5628,#5820,#7252,.T.);
#4706=EDGE_CURVE('',#5820,#5819,#7253,.T.);
#4707=EDGE_CURVE('',#5627,#5821,#7254,.T.);
#4708=EDGE_CURVE('',#5821,#5820,#7255,.T.);
#4709=EDGE_CURVE('',#5626,#5822,#7256,.T.);
#4710=EDGE_CURVE('',#5821,#5822,#7257,.T.);
#4711=EDGE_CURVE('',#5634,#5823,#7258,.T.);
#4712=EDGE_CURVE('',#5823,#5822,#7259,.T.);
#4713=EDGE_CURVE('',#5633,#5824,#7260,.T.);
#4714=EDGE_CURVE('',#5824,#5823,#7261,.T.);
#4715=EDGE_CURVE('',#5632,#5825,#7262,.T.);
#4716=EDGE_CURVE('',#5825,#5824,#7263,.T.);
#4717=EDGE_CURVE('',#5631,#5826,#7264,.T.);
#4718=EDGE_CURVE('',#5825,#5826,#7265,.T.);
#4719=EDGE_CURVE('',#5638,#5827,#7266,.T.);
#4720=EDGE_CURVE('',#5827,#5826,#7267,.T.);
#4721=EDGE_CURVE('',#5637,#5828,#7268,.T.);
#4722=EDGE_CURVE('',#5828,#5827,#7269,.T.);
#4723=EDGE_CURVE('',#5636,#5829,#7270,.T.);
#4724=EDGE_CURVE('',#5829,#5828,#7271,.T.);
#4725=EDGE_CURVE('',#5635,#5830,#7272,.T.);
#4726=EDGE_CURVE('',#5829,#5830,#7273,.T.);
#4727=EDGE_CURVE('',#5831,#5832,#7274,.T.);
#4728=EDGE_CURVE('',#5811,#5832,#7275,.T.);
#4729=EDGE_CURVE('',#5814,#5831,#7276,.T.);
#4730=EDGE_CURVE('',#5832,#5833,#7277,.T.);
#4731=EDGE_CURVE('',#5810,#5833,#7278,.T.);
#4732=EDGE_CURVE('',#5833,#5834,#7279,.T.);
#4733=EDGE_CURVE('',#5807,#5834,#7280,.T.);
#4734=EDGE_CURVE('',#5834,#5835,#7281,.T.);
#4735=EDGE_CURVE('',#5830,#5835,#7282,.T.);
#4736=EDGE_CURVE('',#5807,#5830,#7283,.T.);
#4737=EDGE_CURVE('',#5835,#5836,#7284,.T.);
#4738=EDGE_CURVE('',#5827,#5836,#7285,.T.);
#4739=EDGE_CURVE('',#5836,#5837,#7286,.T.);
#4740=EDGE_CURVE('',#5826,#5837,#7287,.T.);
#4741=EDGE_CURVE('',#5837,#5838,#7288,.T.);
#4742=EDGE_CURVE('',#5823,#5838,#7289,.T.);
#4743=EDGE_CURVE('',#5838,#5839,#7290,.T.);
#4744=EDGE_CURVE('',#5822,#5839,#7291,.T.);
#4745=EDGE_CURVE('',#5839,#5840,#7292,.T.);
#4746=EDGE_CURVE('',#5819,#5840,#7293,.T.);
#4747=EDGE_CURVE('',#5840,#5841,#7294,.T.);
#4748=EDGE_CURVE('',#5818,#5841,#7295,.T.);
#4749=EDGE_CURVE('',#5841,#5842,#7296,.T.);
#4750=EDGE_CURVE('',#5815,#5842,#7297,.T.);
#4751=EDGE_CURVE('',#5842,#5831,#7298,.T.);
#4752=EDGE_CURVE('',#5577,#5843,#7299,.T.);
#4753=EDGE_CURVE('',#5576,#5844,#7300,.T.);
#4754=EDGE_CURVE('',#5844,#5843,#7301,.T.);
#4755=EDGE_CURVE('',#5575,#5845,#7302,.T.);
#4756=EDGE_CURVE('',#5845,#5844,#7303,.T.);
#4757=EDGE_CURVE('',#5574,#5846,#7304,.T.);
#4758=EDGE_CURVE('',#5845,#5846,#7305,.T.);
#4759=EDGE_CURVE('',#5583,#5847,#7306,.T.);
#4760=EDGE_CURVE('',#5847,#5846,#7307,.T.);
#4761=EDGE_CURVE('',#5582,#5848,#7308,.T.);
#4762=EDGE_CURVE('',#5848,#5847,#7309,.T.);
#4763=EDGE_CURVE('',#5581,#5849,#7310,.T.);
#4764=EDGE_CURVE('',#5849,#5848,#7311,.T.);
#4765=EDGE_CURVE('',#5580,#5850,#7312,.T.);
#4766=EDGE_CURVE('',#5849,#5850,#7313,.T.);
#4767=EDGE_CURVE('',#5588,#5851,#7314,.T.);
#4768=EDGE_CURVE('',#5851,#5850,#7315,.T.);
#4769=EDGE_CURVE('',#5587,#5852,#7316,.T.);
#4770=EDGE_CURVE('',#5852,#5851,#7317,.T.);
#4771=EDGE_CURVE('',#5586,#5853,#7318,.T.);
#4772=EDGE_CURVE('',#5853,#5852,#7319,.T.);
#4773=EDGE_CURVE('',#5585,#5854,#7320,.T.);
#4774=EDGE_CURVE('',#5853,#5854,#7321,.T.);
#4775=EDGE_CURVE('',#5593,#5855,#7322,.T.);
#4776=EDGE_CURVE('',#5855,#5854,#7323,.T.);
#4777=EDGE_CURVE('',#5592,#5856,#7324,.T.);
#4778=EDGE_CURVE('',#5856,#5855,#7325,.T.);
#4779=EDGE_CURVE('',#5591,#5857,#7326,.T.);
#4780=EDGE_CURVE('',#5857,#5856,#7327,.T.);
#4781=EDGE_CURVE('',#5590,#5858,#7328,.T.);
#4782=EDGE_CURVE('',#5857,#5858,#7329,.T.);
#4783=EDGE_CURVE('',#5598,#5859,#7330,.T.);
#4784=EDGE_CURVE('',#5859,#5858,#7331,.T.);
#4785=EDGE_CURVE('',#5597,#5860,#7332,.T.);
#4786=EDGE_CURVE('',#5860,#5859,#7333,.T.);
#4787=EDGE_CURVE('',#5596,#5861,#7334,.T.);
#4788=EDGE_CURVE('',#5861,#5860,#7335,.T.);
#4789=EDGE_CURVE('',#5595,#5862,#7336,.T.);
#4790=EDGE_CURVE('',#5861,#5862,#7337,.T.);
#4791=EDGE_CURVE('',#5602,#5863,#7338,.T.);
#4792=EDGE_CURVE('',#5863,#5862,#7339,.T.);
#4793=EDGE_CURVE('',#5601,#5864,#7340,.T.);
#4794=EDGE_CURVE('',#5864,#5863,#7341,.T.);
#4795=EDGE_CURVE('',#5600,#5865,#7342,.T.);
#4796=EDGE_CURVE('',#5865,#5864,#7343,.T.);
#4797=EDGE_CURVE('',#5599,#5866,#7344,.T.);
#4798=EDGE_CURVE('',#5865,#5866,#7345,.T.);
#4799=EDGE_CURVE('',#5867,#5868,#7346,.T.);
#4800=EDGE_CURVE('',#5847,#5868,#7347,.T.);
#4801=EDGE_CURVE('',#5850,#5867,#7348,.T.);
#4802=EDGE_CURVE('',#5868,#5869,#7349,.T.);
#4803=EDGE_CURVE('',#5846,#5869,#7350,.T.);
#4804=EDGE_CURVE('',#5869,#5870,#7351,.T.);
#4805=EDGE_CURVE('',#5843,#5870,#7352,.T.);
#4806=EDGE_CURVE('',#5870,#5871,#7353,.T.);
#4807=EDGE_CURVE('',#5866,#5871,#7354,.T.);
#4808=EDGE_CURVE('',#5843,#5866,#7355,.T.);
#4809=EDGE_CURVE('',#5871,#5872,#7356,.T.);
#4810=EDGE_CURVE('',#5863,#5872,#7357,.T.);
#4811=EDGE_CURVE('',#5872,#5873,#7358,.T.);
#4812=EDGE_CURVE('',#5862,#5873,#7359,.T.);
#4813=EDGE_CURVE('',#5873,#5874,#7360,.T.);
#4814=EDGE_CURVE('',#5859,#5874,#7361,.T.);
#4815=EDGE_CURVE('',#5874,#5875,#7362,.T.);
#4816=EDGE_CURVE('',#5858,#5875,#7363,.T.);
#4817=EDGE_CURVE('',#5875,#5876,#7364,.T.);
#4818=EDGE_CURVE('',#5855,#5876,#7365,.T.);
#4819=EDGE_CURVE('',#5876,#5877,#7366,.T.);
#4820=EDGE_CURVE('',#5854,#5877,#7367,.T.);
#4821=EDGE_CURVE('',#5877,#5878,#7368,.T.);
#4822=EDGE_CURVE('',#5851,#5878,#7369,.T.);
#4823=EDGE_CURVE('',#5878,#5867,#7370,.T.);
#4824=EDGE_CURVE('',#5554,#5879,#7371,.T.);
#4825=EDGE_CURVE('',#5880,#5879,#7372,.T.);
#4826=EDGE_CURVE('',#5555,#5880,#7373,.T.);
#4827=EDGE_CURVE('',#5881,#5882,#7374,.T.);
#4828=EDGE_CURVE('',#5883,#5882,#7375,.T.);
#4829=EDGE_CURVE('',#5884,#5883,#7376,.T.);
#4830=EDGE_CURVE('',#5880,#5884,#7377,.T.);
#4831=EDGE_CURVE('',#5879,#5881,#7378,.T.);
#4832=EDGE_CURVE('',#5557,#5883,#7379,.T.);
#4833=EDGE_CURVE('',#5556,#5884,#7380,.T.);
#4834=EDGE_CURVE('',#5559,#5885,#7381,.T.);
#4835=EDGE_CURVE('',#5886,#5885,#7382,.T.);
#4836=EDGE_CURVE('',#5560,#5886,#7383,.T.);
#4837=EDGE_CURVE('',#5887,#5888,#7384,.T.);
#4838=EDGE_CURVE('',#5889,#5888,#7385,.T.);
#4839=EDGE_CURVE('',#5890,#5889,#7386,.T.);
#4840=EDGE_CURVE('',#5886,#5890,#7387,.T.);
#4841=EDGE_CURVE('',#5885,#5887,#7388,.T.);
#4842=EDGE_CURVE('',#5562,#5889,#7389,.T.);
#4843=EDGE_CURVE('',#5561,#5890,#7390,.T.);
#4844=EDGE_CURVE('',#5563,#5891,#7391,.T.);
#4845=EDGE_CURVE('',#5892,#5891,#7392,.T.);
#4846=EDGE_CURVE('',#5564,#5892,#7393,.T.);
#4847=EDGE_CURVE('',#5893,#5894,#7394,.T.);
#4848=EDGE_CURVE('',#5895,#5894,#7395,.T.);
#4849=EDGE_CURVE('',#5896,#5895,#7396,.T.);
#4850=EDGE_CURVE('',#5892,#5896,#7397,.T.);
#4851=EDGE_CURVE('',#5891,#5893,#7398,.T.);
#4852=EDGE_CURVE('',#5566,#5895,#7399,.T.);
#4853=EDGE_CURVE('',#5565,#5896,#7400,.T.);
#4854=EDGE_CURVE('',#5538,#5897,#7401,.T.);
#4855=EDGE_CURVE('',#5898,#5897,#7402,.T.);
#4856=EDGE_CURVE('',#5539,#5898,#7403,.T.);
#4857=EDGE_CURVE('',#5899,#5900,#7404,.T.);
#4858=EDGE_CURVE('',#5901,#5900,#7405,.T.);
#4859=EDGE_CURVE('',#5902,#5901,#7406,.T.);
#4860=EDGE_CURVE('',#5898,#5902,#7407,.T.);
#4861=EDGE_CURVE('',#5897,#5899,#7408,.T.);
#4862=EDGE_CURVE('',#5541,#5901,#7409,.T.);
#4863=EDGE_CURVE('',#5540,#5902,#7410,.T.);
#4864=EDGE_CURVE('',#5544,#5903,#7411,.T.);
#4865=EDGE_CURVE('',#5904,#5903,#7412,.T.);
#4866=EDGE_CURVE('',#5545,#5904,#7413,.T.);
#4867=EDGE_CURVE('',#5905,#5906,#7414,.T.);
#4868=EDGE_CURVE('',#5907,#5906,#7415,.T.);
#4869=EDGE_CURVE('',#5908,#5907,#7416,.T.);
#4870=EDGE_CURVE('',#5904,#5908,#7417,.T.);
#4871=EDGE_CURVE('',#5903,#5905,#7418,.T.);
#4872=EDGE_CURVE('',#5547,#5907,#7419,.T.);
#4873=EDGE_CURVE('',#5546,#5908,#7420,.T.);
#4874=EDGE_CURVE('',#5549,#5909,#7421,.T.);
#4875=EDGE_CURVE('',#5910,#5909,#7422,.T.);
#4876=EDGE_CURVE('',#5550,#5910,#7423,.T.);
#4877=EDGE_CURVE('',#5911,#5912,#7424,.T.);
#4878=EDGE_CURVE('',#5913,#5912,#7425,.T.);
#4879=EDGE_CURVE('',#5914,#5913,#7426,.T.);
#4880=EDGE_CURVE('',#5910,#5914,#7427,.T.);
#4881=EDGE_CURVE('',#5909,#5911,#7428,.T.);
#4882=EDGE_CURVE('',#5552,#5913,#7429,.T.);
#4883=EDGE_CURVE('',#5551,#5914,#7430,.T.);
#4884=EDGE_CURVE('',#5912,#5905,#7431,.T.);
#4885=EDGE_CURVE('',#5913,#5903,#7432,.T.);
#4886=EDGE_CURVE('',#5882,#5911,#7433,.T.);
#4887=EDGE_CURVE('',#5883,#5909,#7434,.T.);
#4888=EDGE_CURVE('',#5906,#5899,#7435,.T.);
#4889=EDGE_CURVE('',#5907,#5897,#7436,.T.);
#4890=EDGE_CURVE('',#5900,#5893,#7437,.T.);
#4891=EDGE_CURVE('',#5901,#5891,#7438,.T.);
#4892=EDGE_CURVE('',#5894,#5887,#7439,.T.);
#4893=EDGE_CURVE('',#5895,#5885,#7440,.T.);
#4894=EDGE_CURVE('',#5888,#5881,#7441,.T.);
#4895=EDGE_CURVE('',#5889,#5879,#7442,.T.);
#4896=VERTEX_POINT('',#14811);
#4897=VERTEX_POINT('',#14812);
#4898=VERTEX_POINT('',#14814);
#4899=VERTEX_POINT('',#14816);
#4900=VERTEX_POINT('',#14818);
#4901=VERTEX_POINT('',#14820);
#4902=VERTEX_POINT('',#14822);
#4903=VERTEX_POINT('',#14824);
#4904=VERTEX_POINT('',#14826);
#4905=VERTEX_POINT('',#14828);
#4906=VERTEX_POINT('',#14830);
#4907=VERTEX_POINT('',#14832);
#4908=VERTEX_POINT('',#14836);
#4909=VERTEX_POINT('',#14837);
#4910=VERTEX_POINT('',#14839);
#4911=VERTEX_POINT('',#14841);
#4912=VERTEX_POINT('',#14843);
#4913=VERTEX_POINT('',#14845);
#4914=VERTEX_POINT('',#14847);
#4915=VERTEX_POINT('',#14849);
#4916=VERTEX_POINT('',#14851);
#4917=VERTEX_POINT('',#14853);
#4918=VERTEX_POINT('',#14855);
#4919=VERTEX_POINT('',#14859);
#4920=VERTEX_POINT('',#14860);
#4921=VERTEX_POINT('',#14862);
#4922=VERTEX_POINT('',#14864);
#4923=VERTEX_POINT('',#14866);
#4924=VERTEX_POINT('',#14868);
#4925=VERTEX_POINT('',#14870);
#4926=VERTEX_POINT('',#14872);
#4927=VERTEX_POINT('',#14874);
#4928=VERTEX_POINT('',#14876);
#4929=VERTEX_POINT('',#14878);
#4930=VERTEX_POINT('',#14882);
#4931=VERTEX_POINT('',#14883);
#4932=VERTEX_POINT('',#14885);
#4933=VERTEX_POINT('',#14887);
#4934=VERTEX_POINT('',#14889);
#4935=VERTEX_POINT('',#14891);
#4936=VERTEX_POINT('',#14893);
#4937=VERTEX_POINT('',#14895);
#4938=VERTEX_POINT('',#14897);
#4939=VERTEX_POINT('',#14899);
#4940=VERTEX_POINT('',#14901);
#4941=VERTEX_POINT('',#14905);
#4942=VERTEX_POINT('',#14906);
#4943=VERTEX_POINT('',#14908);
#4944=VERTEX_POINT('',#14910);
#4945=VERTEX_POINT('',#14912);
#4946=VERTEX_POINT('',#14914);
#4947=VERTEX_POINT('',#14916);
#4948=VERTEX_POINT('',#14918);
#4949=VERTEX_POINT('',#14920);
#4950=VERTEX_POINT('',#14922);
#4951=VERTEX_POINT('',#14924);
#4952=VERTEX_POINT('',#14928);
#4953=VERTEX_POINT('',#14929);
#4954=VERTEX_POINT('',#14931);
#4955=VERTEX_POINT('',#14933);
#4956=VERTEX_POINT('',#14935);
#4957=VERTEX_POINT('',#14937);
#4958=VERTEX_POINT('',#14939);
#4959=VERTEX_POINT('',#14941);
#4960=VERTEX_POINT('',#14943);
#4961=VERTEX_POINT('',#14945);
#4962=VERTEX_POINT('',#14947);
#4963=VERTEX_POINT('',#14951);
#4964=VERTEX_POINT('',#14952);
#4965=VERTEX_POINT('',#14954);
#4966=VERTEX_POINT('',#14956);
#4967=VERTEX_POINT('',#14958);
#4968=VERTEX_POINT('',#14960);
#4969=VERTEX_POINT('',#14962);
#4970=VERTEX_POINT('',#14964);
#4971=VERTEX_POINT('',#14966);
#4972=VERTEX_POINT('',#14968);
#4973=VERTEX_POINT('',#14970);
#4974=VERTEX_POINT('',#14974);
#4975=VERTEX_POINT('',#14976);
#4976=VERTEX_POINT('',#14978);
#4977=VERTEX_POINT('',#14980);
#4978=VERTEX_POINT('',#14982);
#4979=VERTEX_POINT('',#14984);
#4980=VERTEX_POINT('',#14986);
#4981=VERTEX_POINT('',#14988);
#4982=VERTEX_POINT('',#14990);
#4983=VERTEX_POINT('',#14992);
#4984=VERTEX_POINT('',#14994);
#4985=VERTEX_POINT('',#14996);
#4986=VERTEX_POINT('',#14998);
#4987=VERTEX_POINT('',#15000);
#4988=VERTEX_POINT('',#15002);
#4989=VERTEX_POINT('',#15004);
#4990=VERTEX_POINT('',#15006);
#4991=VERTEX_POINT('',#15008);
#4992=VERTEX_POINT('',#15010);
#4993=VERTEX_POINT('',#15012);
#4994=VERTEX_POINT('',#15014);
#4995=VERTEX_POINT('',#15016);
#4996=VERTEX_POINT('',#15018);
#4997=VERTEX_POINT('',#15020);
#4998=VERTEX_POINT('',#15022);
#4999=VERTEX_POINT('',#15024);
#5000=VERTEX_POINT('',#15026);
#5001=VERTEX_POINT('',#15028);
#5002=VERTEX_POINT('',#15030);
#5003=VERTEX_POINT('',#15032);
#5004=VERTEX_POINT('',#15034);
#5005=VERTEX_POINT('',#15036);
#5006=VERTEX_POINT('',#15038);
#5007=VERTEX_POINT('',#15040);
#5008=VERTEX_POINT('',#15042);
#5009=VERTEX_POINT('',#15044);
#5010=VERTEX_POINT('',#15049);
#5011=VERTEX_POINT('',#15051);
#5012=VERTEX_POINT('',#15053);
#5013=VERTEX_POINT('',#15055);
#5014=VERTEX_POINT('',#15057);
#5015=VERTEX_POINT('',#15059);
#5016=VERTEX_POINT('',#15061);
#5017=VERTEX_POINT('',#15063);
#5018=VERTEX_POINT('',#15065);
#5019=VERTEX_POINT('',#15067);
#5020=VERTEX_POINT('',#15069);
#5021=VERTEX_POINT('',#15071);
#5022=VERTEX_POINT('',#15073);
#5023=VERTEX_POINT('',#15075);
#5024=VERTEX_POINT('',#15077);
#5025=VERTEX_POINT('',#15079);
#5026=VERTEX_POINT('',#15081);
#5027=VERTEX_POINT('',#15083);
#5028=VERTEX_POINT('',#15085);
#5029=VERTEX_POINT('',#15087);
#5030=VERTEX_POINT('',#15089);
#5031=VERTEX_POINT('',#15091);
#5032=VERTEX_POINT('',#15093);
#5033=VERTEX_POINT('',#15095);
#5034=VERTEX_POINT('',#15097);
#5035=VERTEX_POINT('',#15099);
#5036=VERTEX_POINT('',#15101);
#5037=VERTEX_POINT('',#15103);
#5038=VERTEX_POINT('',#15105);
#5039=VERTEX_POINT('',#15107);
#5040=VERTEX_POINT('',#15109);
#5041=VERTEX_POINT('',#15111);
#5042=VERTEX_POINT('',#15113);
#5043=VERTEX_POINT('',#15115);
#5044=VERTEX_POINT('',#15117);
#5045=VERTEX_POINT('',#15119);
#5046=VERTEX_POINT('',#15124);
#5047=VERTEX_POINT('',#15126);
#5048=VERTEX_POINT('',#15128);
#5049=VERTEX_POINT('',#15130);
#5050=VERTEX_POINT('',#15132);
#5051=VERTEX_POINT('',#15134);
#5052=VERTEX_POINT('',#15136);
#5053=VERTEX_POINT('',#15138);
#5054=VERTEX_POINT('',#15140);
#5055=VERTEX_POINT('',#15142);
#5056=VERTEX_POINT('',#15144);
#5057=VERTEX_POINT('',#15146);
#5058=VERTEX_POINT('',#15148);
#5059=VERTEX_POINT('',#15150);
#5060=VERTEX_POINT('',#15152);
#5061=VERTEX_POINT('',#15154);
#5062=VERTEX_POINT('',#15156);
#5063=VERTEX_POINT('',#15158);
#5064=VERTEX_POINT('',#15160);
#5065=VERTEX_POINT('',#15162);
#5066=VERTEX_POINT('',#15164);
#5067=VERTEX_POINT('',#15166);
#5068=VERTEX_POINT('',#15168);
#5069=VERTEX_POINT('',#15170);
#5070=VERTEX_POINT('',#15172);
#5071=VERTEX_POINT('',#15174);
#5072=VERTEX_POINT('',#15176);
#5073=VERTEX_POINT('',#15178);
#5074=VERTEX_POINT('',#15180);
#5075=VERTEX_POINT('',#15182);
#5076=VERTEX_POINT('',#15184);
#5077=VERTEX_POINT('',#15186);
#5078=VERTEX_POINT('',#15188);
#5079=VERTEX_POINT('',#15190);
#5080=VERTEX_POINT('',#15192);
#5081=VERTEX_POINT('',#15194);
#5082=VERTEX_POINT('',#15199);
#5083=VERTEX_POINT('',#15201);
#5084=VERTEX_POINT('',#15203);
#5085=VERTEX_POINT('',#15205);
#5086=VERTEX_POINT('',#15207);
#5087=VERTEX_POINT('',#15209);
#5088=VERTEX_POINT('',#15211);
#5089=VERTEX_POINT('',#15213);
#5090=VERTEX_POINT('',#15215);
#5091=VERTEX_POINT('',#15217);
#5092=VERTEX_POINT('',#15219);
#5093=VERTEX_POINT('',#15221);
#5094=VERTEX_POINT('',#15223);
#5095=VERTEX_POINT('',#15225);
#5096=VERTEX_POINT('',#15227);
#5097=VERTEX_POINT('',#15229);
#5098=VERTEX_POINT('',#15231);
#5099=VERTEX_POINT('',#15233);
#5100=VERTEX_POINT('',#15235);
#5101=VERTEX_POINT('',#15237);
#5102=VERTEX_POINT('',#15239);
#5103=VERTEX_POINT('',#15241);
#5104=VERTEX_POINT('',#15243);
#5105=VERTEX_POINT('',#15245);
#5106=VERTEX_POINT('',#15247);
#5107=VERTEX_POINT('',#15249);
#5108=VERTEX_POINT('',#15251);
#5109=VERTEX_POINT('',#15253);
#5110=VERTEX_POINT('',#15255);
#5111=VERTEX_POINT('',#15257);
#5112=VERTEX_POINT('',#15259);
#5113=VERTEX_POINT('',#15261);
#5114=VERTEX_POINT('',#15263);
#5115=VERTEX_POINT('',#15265);
#5116=VERTEX_POINT('',#15267);
#5117=VERTEX_POINT('',#15269);
#5118=VERTEX_POINT('',#15274);
#5119=VERTEX_POINT('',#15276);
#5120=VERTEX_POINT('',#15278);
#5121=VERTEX_POINT('',#15280);
#5122=VERTEX_POINT('',#15282);
#5123=VERTEX_POINT('',#15284);
#5124=VERTEX_POINT('',#15286);
#5125=VERTEX_POINT('',#15288);
#5126=VERTEX_POINT('',#15290);
#5127=VERTEX_POINT('',#15292);
#5128=VERTEX_POINT('',#15294);
#5129=VERTEX_POINT('',#15296);
#5130=VERTEX_POINT('',#15298);
#5131=VERTEX_POINT('',#15300);
#5132=VERTEX_POINT('',#15302);
#5133=VERTEX_POINT('',#15304);
#5134=VERTEX_POINT('',#15306);
#5135=VERTEX_POINT('',#15308);
#5136=VERTEX_POINT('',#15310);
#5137=VERTEX_POINT('',#15312);
#5138=VERTEX_POINT('',#15314);
#5139=VERTEX_POINT('',#15316);
#5140=VERTEX_POINT('',#15318);
#5141=VERTEX_POINT('',#15320);
#5142=VERTEX_POINT('',#15322);
#5143=VERTEX_POINT('',#15324);
#5144=VERTEX_POINT('',#15326);
#5145=VERTEX_POINT('',#15328);
#5146=VERTEX_POINT('',#15330);
#5147=VERTEX_POINT('',#15332);
#5148=VERTEX_POINT('',#15334);
#5149=VERTEX_POINT('',#15336);
#5150=VERTEX_POINT('',#15338);
#5151=VERTEX_POINT('',#15340);
#5152=VERTEX_POINT('',#15342);
#5153=VERTEX_POINT('',#15344);
#5154=VERTEX_POINT('',#15349);
#5155=VERTEX_POINT('',#15351);
#5156=VERTEX_POINT('',#15353);
#5157=VERTEX_POINT('',#15355);
#5158=VERTEX_POINT('',#15357);
#5159=VERTEX_POINT('',#15359);
#5160=VERTEX_POINT('',#15361);
#5161=VERTEX_POINT('',#15363);
#5162=VERTEX_POINT('',#15365);
#5163=VERTEX_POINT('',#15367);
#5164=VERTEX_POINT('',#15369);
#5165=VERTEX_POINT('',#15371);
#5166=VERTEX_POINT('',#15373);
#5167=VERTEX_POINT('',#15375);
#5168=VERTEX_POINT('',#15377);
#5169=VERTEX_POINT('',#15379);
#5170=VERTEX_POINT('',#15381);
#5171=VERTEX_POINT('',#15383);
#5172=VERTEX_POINT('',#15385);
#5173=VERTEX_POINT('',#15387);
#5174=VERTEX_POINT('',#15389);
#5175=VERTEX_POINT('',#15391);
#5176=VERTEX_POINT('',#15393);
#5177=VERTEX_POINT('',#15395);
#5178=VERTEX_POINT('',#15397);
#5179=VERTEX_POINT('',#15399);
#5180=VERTEX_POINT('',#15401);
#5181=VERTEX_POINT('',#15403);
#5182=VERTEX_POINT('',#15405);
#5183=VERTEX_POINT('',#15407);
#5184=VERTEX_POINT('',#15409);
#5185=VERTEX_POINT('',#15411);
#5186=VERTEX_POINT('',#15413);
#5187=VERTEX_POINT('',#15415);
#5188=VERTEX_POINT('',#15417);
#5189=VERTEX_POINT('',#15419);
#5190=VERTEX_POINT('',#15424);
#5191=VERTEX_POINT('',#15425);
#5192=VERTEX_POINT('',#15427);
#5193=VERTEX_POINT('',#15429);
#5194=VERTEX_POINT('',#15433);
#5195=VERTEX_POINT('',#15434);
#5196=VERTEX_POINT('',#15439);
#5197=VERTEX_POINT('',#15440);
#5198=VERTEX_POINT('',#15445);
#5199=VERTEX_POINT('',#15446);
#5200=VERTEX_POINT('',#15448);
#5201=VERTEX_POINT('',#15450);
#5202=VERTEX_POINT('',#15452);
#5203=VERTEX_POINT('',#15454);
#5204=VERTEX_POINT('',#15456);
#5205=VERTEX_POINT('',#15458);
#5206=VERTEX_POINT('',#15460);
#5207=VERTEX_POINT('',#15462);
#5208=VERTEX_POINT('',#15464);
#5209=VERTEX_POINT('',#15466);
#5210=VERTEX_POINT('',#15468);
#5211=VERTEX_POINT('',#15478);
#5212=VERTEX_POINT('',#15479);
#5213=VERTEX_POINT('',#15481);
#5214=VERTEX_POINT('',#15483);
#5215=VERTEX_POINT('',#15485);
#5216=VERTEX_POINT('',#15487);
#5217=VERTEX_POINT('',#15489);
#5218=VERTEX_POINT('',#15493);
#5219=VERTEX_POINT('',#15494);
#5220=VERTEX_POINT('',#15496);
#5221=VERTEX_POINT('',#15498);
#5222=VERTEX_POINT('',#15500);
#5223=VERTEX_POINT('',#15502);
#5224=VERTEX_POINT('',#15504);
#5225=VERTEX_POINT('',#15508);
#5226=VERTEX_POINT('',#15509);
#5227=VERTEX_POINT('',#15511);
#5228=VERTEX_POINT('',#15513);
#5229=VERTEX_POINT('',#15516);
#5230=VERTEX_POINT('',#15518);
#5231=VERTEX_POINT('',#15521);
#5232=VERTEX_POINT('',#15523);
#5233=VERTEX_POINT('',#15526);
#5234=VERTEX_POINT('',#15528);
#5235=VERTEX_POINT('',#15531);
#5236=VERTEX_POINT('',#15533);
#5237=VERTEX_POINT('',#15536);
#5238=VERTEX_POINT('',#15538);
#5239=VERTEX_POINT('',#15541);
#5240=VERTEX_POINT('',#15543);
#5241=VERTEX_POINT('',#15546);
#5242=VERTEX_POINT('',#15548);
#5243=VERTEX_POINT('',#15551);
#5244=VERTEX_POINT('',#15553);
#5245=VERTEX_POINT('',#15556);
#5246=VERTEX_POINT('',#15558);
#5247=VERTEX_POINT('',#15560);
#5248=VERTEX_POINT('',#15562);
#5249=VERTEX_POINT('',#15566);
#5250=VERTEX_POINT('',#15567);
#5251=VERTEX_POINT('',#15569);
#5252=VERTEX_POINT('',#15571);
#5253=VERTEX_POINT('',#15574);
#5254=VERTEX_POINT('',#15576);
#5255=VERTEX_POINT('',#15579);
#5256=VERTEX_POINT('',#15581);
#5257=VERTEX_POINT('',#15584);
#5258=VERTEX_POINT('',#15586);
#5259=VERTEX_POINT('',#15589);
#5260=VERTEX_POINT('',#15591);
#5261=VERTEX_POINT('',#15594);
#5262=VERTEX_POINT('',#15596);
#5263=VERTEX_POINT('',#15599);
#5264=VERTEX_POINT('',#15601);
#5265=VERTEX_POINT('',#15604);
#5266=VERTEX_POINT('',#15606);
#5267=VERTEX_POINT('',#15609);
#5268=VERTEX_POINT('',#15611);
#5269=VERTEX_POINT('',#15614);
#5270=VERTEX_POINT('',#15616);
#5271=VERTEX_POINT('',#15621);
#5272=VERTEX_POINT('',#15623);
#5273=VERTEX_POINT('',#15626);
#5274=VERTEX_POINT('',#15628);
#5275=VERTEX_POINT('',#15631);
#5276=VERTEX_POINT('',#15633);
#5277=VERTEX_POINT('',#15636);
#5278=VERTEX_POINT('',#15638);
#5279=VERTEX_POINT('',#15641);
#5280=VERTEX_POINT('',#15643);
#5281=VERTEX_POINT('',#15646);
#5282=VERTEX_POINT('',#15648);
#5283=VERTEX_POINT('',#15651);
#5284=VERTEX_POINT('',#15653);
#5285=VERTEX_POINT('',#15656);
#5286=VERTEX_POINT('',#15658);
#5287=VERTEX_POINT('',#15661);
#5288=VERTEX_POINT('',#15663);
#5289=VERTEX_POINT('',#15666);
#5290=VERTEX_POINT('',#15668);
#5291=VERTEX_POINT('',#15673);
#5292=VERTEX_POINT('',#15674);
#5293=VERTEX_POINT('',#15676);
#5294=VERTEX_POINT('',#15678);
#5295=VERTEX_POINT('',#15681);
#5296=VERTEX_POINT('',#15683);
#5297=VERTEX_POINT('',#15686);
#5298=VERTEX_POINT('',#15688);
#5299=VERTEX_POINT('',#15691);
#5300=VERTEX_POINT('',#15693);
#5301=VERTEX_POINT('',#15696);
#5302=VERTEX_POINT('',#15698);
#5303=VERTEX_POINT('',#15701);
#5304=VERTEX_POINT('',#15703);
#5305=VERTEX_POINT('',#15706);
#5306=VERTEX_POINT('',#15708);
#5307=VERTEX_POINT('',#15711);
#5308=VERTEX_POINT('',#15713);
#5309=VERTEX_POINT('',#15716);
#5310=VERTEX_POINT('',#15718);
#5311=VERTEX_POINT('',#15721);
#5312=VERTEX_POINT('',#15723);
#5313=VERTEX_POINT('',#15728);
#5314=VERTEX_POINT('',#15729);
#5315=VERTEX_POINT('',#15731);
#5316=VERTEX_POINT('',#15733);
#5317=VERTEX_POINT('',#15736);
#5318=VERTEX_POINT('',#15738);
#5319=VERTEX_POINT('',#15741);
#5320=VERTEX_POINT('',#15743);
#5321=VERTEX_POINT('',#15746);
#5322=VERTEX_POINT('',#15748);
#5323=VERTEX_POINT('',#15751);
#5324=VERTEX_POINT('',#15753);
#5325=VERTEX_POINT('',#15756);
#5326=VERTEX_POINT('',#15758);
#5327=VERTEX_POINT('',#15761);
#5328=VERTEX_POINT('',#15763);
#5329=VERTEX_POINT('',#15766);
#5330=VERTEX_POINT('',#15768);
#5331=VERTEX_POINT('',#15771);
#5332=VERTEX_POINT('',#15773);
#5333=VERTEX_POINT('',#15776);
#5334=VERTEX_POINT('',#15778);
#5335=VERTEX_POINT('',#15780);
#5336=VERTEX_POINT('',#15782);
#5337=VERTEX_POINT('',#15786);
#5338=VERTEX_POINT('',#15787);
#5339=VERTEX_POINT('',#15789);
#5340=VERTEX_POINT('',#15791);
#5341=VERTEX_POINT('',#15794);
#5342=VERTEX_POINT('',#15796);
#5343=VERTEX_POINT('',#15799);
#5344=VERTEX_POINT('',#15801);
#5345=VERTEX_POINT('',#15804);
#5346=VERTEX_POINT('',#15806);
#5347=VERTEX_POINT('',#15809);
#5348=VERTEX_POINT('',#15811);
#5349=VERTEX_POINT('',#15814);
#5350=VERTEX_POINT('',#15816);
#5351=VERTEX_POINT('',#15819);
#5352=VERTEX_POINT('',#15821);
#5353=VERTEX_POINT('',#15824);
#5354=VERTEX_POINT('',#15826);
#5355=VERTEX_POINT('',#15829);
#5356=VERTEX_POINT('',#15831);
#5357=VERTEX_POINT('',#15834);
#5358=VERTEX_POINT('',#15836);
#5359=VERTEX_POINT('',#15838);
#5360=VERTEX_POINT('',#15840);
#5361=VERTEX_POINT('',#15849);
#5362=VERTEX_POINT('',#15851);
#5363=VERTEX_POINT('',#15853);
#5364=VERTEX_POINT('',#15857);
#5365=VERTEX_POINT('',#15859);
#5366=VERTEX_POINT('',#15861);
#5367=VERTEX_POINT('',#15865);
#5368=VERTEX_POINT('',#15867);
#5369=VERTEX_POINT('',#15869);
#5370=VERTEX_POINT('',#15873);
#5371=VERTEX_POINT('',#15875);
#5372=VERTEX_POINT('',#15877);
#5373=VERTEX_POINT('',#15887);
#5374=VERTEX_POINT('',#15889);
#5375=VERTEX_POINT('',#15893);
#5376=VERTEX_POINT('',#15902);
#5377=VERTEX_POINT('',#15908);
#5378=VERTEX_POINT('',#15910);
#5379=VERTEX_POINT('',#15917);
#5380=VERTEX_POINT('',#15919);
#5381=VERTEX_POINT('',#15926);
#5382=VERTEX_POINT('',#15928);
#5383=VERTEX_POINT('',#15935);
#5384=VERTEX_POINT('',#15937);
#5385=VERTEX_POINT('',#15944);
#5386=VERTEX_POINT('',#15946);
#5387=VERTEX_POINT('',#15969);
#5388=VERTEX_POINT('',#15973);
#5389=VERTEX_POINT('',#15980);
#5390=VERTEX_POINT('',#15984);
#5391=VERTEX_POINT('',#15991);
#5392=VERTEX_POINT('',#15995);
#5393=VERTEX_POINT('',#16002);
#5394=VERTEX_POINT('',#16006);
#5395=VERTEX_POINT('',#16013);
#5396=VERTEX_POINT('',#16017);
#5397=VERTEX_POINT('',#16024);
#5398=VERTEX_POINT('',#16028);
#5399=VERTEX_POINT('',#16035);
#5400=VERTEX_POINT('',#16039);
#5401=VERTEX_POINT('',#16046);
#5402=VERTEX_POINT('',#16050);
#5403=VERTEX_POINT('',#16057);
#5404=VERTEX_POINT('',#16065);
#5405=VERTEX_POINT('',#16073);
#5406=VERTEX_POINT('',#16077);
#5407=VERTEX_POINT('',#16084);
#5408=VERTEX_POINT('',#16088);
#5409=VERTEX_POINT('',#16095);
#5410=VERTEX_POINT('',#16099);
#5411=VERTEX_POINT('',#16106);
#5412=VERTEX_POINT('',#16110);
#5413=VERTEX_POINT('',#16117);
#5414=VERTEX_POINT('',#16121);
#5415=VERTEX_POINT('',#16128);
#5416=VERTEX_POINT('',#16132);
#5417=VERTEX_POINT('',#16139);
#5418=VERTEX_POINT('',#16143);
#5419=VERTEX_POINT('',#16150);
#5420=VERTEX_POINT('',#16154);
#5421=VERTEX_POINT('',#16161);
#5422=VERTEX_POINT('',#16169);
#5423=VERTEX_POINT('',#16177);
#5424=VERTEX_POINT('',#16181);
#5425=VERTEX_POINT('',#16188);
#5426=VERTEX_POINT('',#16192);
#5427=VERTEX_POINT('',#16199);
#5428=VERTEX_POINT('',#16203);
#5429=VERTEX_POINT('',#16210);
#5430=VERTEX_POINT('',#16214);
#5431=VERTEX_POINT('',#16221);
#5432=VERTEX_POINT('',#16225);
#5433=VERTEX_POINT('',#16232);
#5434=VERTEX_POINT('',#16236);
#5435=VERTEX_POINT('',#16243);
#5436=VERTEX_POINT('',#16247);
#5437=VERTEX_POINT('',#16254);
#5438=VERTEX_POINT('',#16258);
#5439=VERTEX_POINT('',#16265);
#5440=VERTEX_POINT('',#16273);
#5441=VERTEX_POINT('',#16281);
#5442=VERTEX_POINT('',#16285);
#5443=VERTEX_POINT('',#16292);
#5444=VERTEX_POINT('',#16296);
#5445=VERTEX_POINT('',#16303);
#5446=VERTEX_POINT('',#16307);
#5447=VERTEX_POINT('',#16314);
#5448=VERTEX_POINT('',#16318);
#5449=VERTEX_POINT('',#16325);
#5450=VERTEX_POINT('',#16329);
#5451=VERTEX_POINT('',#16336);
#5452=VERTEX_POINT('',#16340);
#5453=VERTEX_POINT('',#16347);
#5454=VERTEX_POINT('',#16351);
#5455=VERTEX_POINT('',#16358);
#5456=VERTEX_POINT('',#16362);
#5457=VERTEX_POINT('',#16369);
#5458=VERTEX_POINT('',#16377);
#5459=VERTEX_POINT('',#16385);
#5460=VERTEX_POINT('',#16389);
#5461=VERTEX_POINT('',#16396);
#5462=VERTEX_POINT('',#16400);
#5463=VERTEX_POINT('',#16407);
#5464=VERTEX_POINT('',#16411);
#5465=VERTEX_POINT('',#16418);
#5466=VERTEX_POINT('',#16422);
#5467=VERTEX_POINT('',#16429);
#5468=VERTEX_POINT('',#16433);
#5469=VERTEX_POINT('',#16440);
#5470=VERTEX_POINT('',#16444);
#5471=VERTEX_POINT('',#16451);
#5472=VERTEX_POINT('',#16455);
#5473=VERTEX_POINT('',#16462);
#5474=VERTEX_POINT('',#16466);
#5475=VERTEX_POINT('',#16473);
#5476=VERTEX_POINT('',#16481);
#5477=VERTEX_POINT('',#16489);
#5478=VERTEX_POINT('',#16493);
#5479=VERTEX_POINT('',#16500);
#5480=VERTEX_POINT('',#16504);
#5481=VERTEX_POINT('',#16511);
#5482=VERTEX_POINT('',#16515);
#5483=VERTEX_POINT('',#16522);
#5484=VERTEX_POINT('',#16526);
#5485=VERTEX_POINT('',#16533);
#5486=VERTEX_POINT('',#16537);
#5487=VERTEX_POINT('',#16544);
#5488=VERTEX_POINT('',#16548);
#5489=VERTEX_POINT('',#16555);
#5490=VERTEX_POINT('',#16559);
#5491=VERTEX_POINT('',#16566);
#5492=VERTEX_POINT('',#16570);
#5493=VERTEX_POINT('',#16577);
#5494=VERTEX_POINT('',#16585);
#5495=VERTEX_POINT('',#16593);
#5496=VERTEX_POINT('',#16595);
#5497=VERTEX_POINT('',#16599);
#5498=VERTEX_POINT('',#16603);
#5499=VERTEX_POINT('',#16607);
#5500=VERTEX_POINT('',#16611);
#5501=VERTEX_POINT('',#16617);
#5502=VERTEX_POINT('',#16619);
#5503=VERTEX_POINT('',#16621);
#5504=VERTEX_POINT('',#16623);
#5505=VERTEX_POINT('',#16625);
#5506=VERTEX_POINT('',#16627);
#5507=VERTEX_POINT('',#16631);
#5508=VERTEX_POINT('',#16633);
#5509=VERTEX_POINT('',#16635);
#5510=VERTEX_POINT('',#16637);
#5511=VERTEX_POINT('',#16639);
#5512=VERTEX_POINT('',#16643);
#5513=VERTEX_POINT('',#16645);
#5514=VERTEX_POINT('',#16647);
#5515=VERTEX_POINT('',#16649);
#5516=VERTEX_POINT('',#16651);
#5517=VERTEX_POINT('',#16655);
#5518=VERTEX_POINT('',#16657);
#5519=VERTEX_POINT('',#16659);
#5520=VERTEX_POINT('',#16661);
#5521=VERTEX_POINT('',#16663);
#5522=VERTEX_POINT('',#16667);
#5523=VERTEX_POINT('',#16669);
#5524=VERTEX_POINT('',#16671);
#5525=VERTEX_POINT('',#16673);
#5526=VERTEX_POINT('',#16675);
#5527=VERTEX_POINT('',#16679);
#5528=VERTEX_POINT('',#16681);
#5529=VERTEX_POINT('',#16683);
#5530=VERTEX_POINT('',#16685);
#5531=VERTEX_POINT('',#16689);
#5532=VERTEX_POINT('',#16691);
#5533=VERTEX_POINT('',#16695);
#5534=VERTEX_POINT('',#16699);
#5535=VERTEX_POINT('',#16703);
#5536=VERTEX_POINT('',#16707);
#5537=VERTEX_POINT('',#16713);
#5538=VERTEX_POINT('',#16715);
#5539=VERTEX_POINT('',#16717);
#5540=VERTEX_POINT('',#16719);
#5541=VERTEX_POINT('',#16721);
#5542=VERTEX_POINT('',#16723);
#5543=VERTEX_POINT('',#16727);
#5544=VERTEX_POINT('',#16729);
#5545=VERTEX_POINT('',#16731);
#5546=VERTEX_POINT('',#16733);
#5547=VERTEX_POINT('',#16735);
#5548=VERTEX_POINT('',#16739);
#5549=VERTEX_POINT('',#16741);
#5550=VERTEX_POINT('',#16743);
#5551=VERTEX_POINT('',#16745);
#5552=VERTEX_POINT('',#16747);
#5553=VERTEX_POINT('',#16751);
#5554=VERTEX_POINT('',#16753);
#5555=VERTEX_POINT('',#16755);
#5556=VERTEX_POINT('',#16757);
#5557=VERTEX_POINT('',#16759);
#5558=VERTEX_POINT('',#16763);
#5559=VERTEX_POINT('',#16765);
#5560=VERTEX_POINT('',#16767);
#5561=VERTEX_POINT('',#16769);
#5562=VERTEX_POINT('',#16771);
#5563=VERTEX_POINT('',#16775);
#5564=VERTEX_POINT('',#16777);
#5565=VERTEX_POINT('',#16779);
#5566=VERTEX_POINT('',#16781);
#5567=VERTEX_POINT('',#16785);
#5568=VERTEX_POINT('',#16787);
#5569=VERTEX_POINT('',#16791);
#5570=VERTEX_POINT('',#16795);
#5571=VERTEX_POINT('',#16799);
#5572=VERTEX_POINT('',#16803);
#5573=VERTEX_POINT('',#16809);
#5574=VERTEX_POINT('',#16811);
#5575=VERTEX_POINT('',#16813);
#5576=VERTEX_POINT('',#16815);
#5577=VERTEX_POINT('',#16817);
#5578=VERTEX_POINT('',#16819);
#5579=VERTEX_POINT('',#16823);
#5580=VERTEX_POINT('',#16825);
#5581=VERTEX_POINT('',#16827);
#5582=VERTEX_POINT('',#16829);
#5583=VERTEX_POINT('',#16831);
#5584=VERTEX_POINT('',#16835);
#5585=VERTEX_POINT('',#16837);
#5586=VERTEX_POINT('',#16839);
#5587=VERTEX_POINT('',#16841);
#5588=VERTEX_POINT('',#16843);
#5589=VERTEX_POINT('',#16847);
#5590=VERTEX_POINT('',#16849);
#5591=VERTEX_POINT('',#16851);
#5592=VERTEX_POINT('',#16853);
#5593=VERTEX_POINT('',#16855);
#5594=VERTEX_POINT('',#16859);
#5595=VERTEX_POINT('',#16861);
#5596=VERTEX_POINT('',#16863);
#5597=VERTEX_POINT('',#16865);
#5598=VERTEX_POINT('',#16867);
#5599=VERTEX_POINT('',#16871);
#5600=VERTEX_POINT('',#16873);
#5601=VERTEX_POINT('',#16875);
#5602=VERTEX_POINT('',#16877);
#5603=VERTEX_POINT('',#16881);
#5604=VERTEX_POINT('',#16883);
#5605=VERTEX_POINT('',#16887);
#5606=VERTEX_POINT('',#16891);
#5607=VERTEX_POINT('',#16895);
#5608=VERTEX_POINT('',#16899);
#5609=VERTEX_POINT('',#16905);
#5610=VERTEX_POINT('',#16907);
#5611=VERTEX_POINT('',#16909);
#5612=VERTEX_POINT('',#16911);
#5613=VERTEX_POINT('',#16913);
#5614=VERTEX_POINT('',#16915);
#5615=VERTEX_POINT('',#16919);
#5616=VERTEX_POINT('',#16921);
#5617=VERTEX_POINT('',#16923);
#5618=VERTEX_POINT('',#16925);
#5619=VERTEX_POINT('',#16927);
#5620=VERTEX_POINT('',#16931);
#5621=VERTEX_POINT('',#16933);
#5622=VERTEX_POINT('',#16935);
#5623=VERTEX_POINT('',#16937);
#5624=VERTEX_POINT('',#16939);
#5625=VERTEX_POINT('',#16943);
#5626=VERTEX_POINT('',#16945);
#5627=VERTEX_POINT('',#16947);
#5628=VERTEX_POINT('',#16949);
#5629=VERTEX_POINT('',#16951);
#5630=VERTEX_POINT('',#16955);
#5631=VERTEX_POINT('',#16957);
#5632=VERTEX_POINT('',#16959);
#5633=VERTEX_POINT('',#16961);
#5634=VERTEX_POINT('',#16963);
#5635=VERTEX_POINT('',#16967);
#5636=VERTEX_POINT('',#16969);
#5637=VERTEX_POINT('',#16971);
#5638=VERTEX_POINT('',#16973);
#5639=VERTEX_POINT('',#16977);
#5640=VERTEX_POINT('',#16979);
#5641=VERTEX_POINT('',#16983);
#5642=VERTEX_POINT('',#16987);
#5643=VERTEX_POINT('',#16991);
#5644=VERTEX_POINT('',#16995);
#5645=VERTEX_POINT('',#17001);
#5646=VERTEX_POINT('',#17003);
#5647=VERTEX_POINT('',#17005);
#5648=VERTEX_POINT('',#17007);
#5649=VERTEX_POINT('',#17009);
#5650=VERTEX_POINT('',#17011);
#5651=VERTEX_POINT('',#17015);
#5652=VERTEX_POINT('',#17017);
#5653=VERTEX_POINT('',#17019);
#5654=VERTEX_POINT('',#17021);
#5655=VERTEX_POINT('',#17023);
#5656=VERTEX_POINT('',#17027);
#5657=VERTEX_POINT('',#17029);
#5658=VERTEX_POINT('',#17031);
#5659=VERTEX_POINT('',#17033);
#5660=VERTEX_POINT('',#17035);
#5661=VERTEX_POINT('',#17039);
#5662=VERTEX_POINT('',#17041);
#5663=VERTEX_POINT('',#17043);
#5664=VERTEX_POINT('',#17045);
#5665=VERTEX_POINT('',#17047);
#5666=VERTEX_POINT('',#17051);
#5667=VERTEX_POINT('',#17053);
#5668=VERTEX_POINT('',#17055);
#5669=VERTEX_POINT('',#17057);
#5670=VERTEX_POINT('',#17059);
#5671=VERTEX_POINT('',#17063);
#5672=VERTEX_POINT('',#17065);
#5673=VERTEX_POINT('',#17067);
#5674=VERTEX_POINT('',#17069);
#5675=VERTEX_POINT('',#17073);
#5676=VERTEX_POINT('',#17075);
#5677=VERTEX_POINT('',#17079);
#5678=VERTEX_POINT('',#17083);
#5679=VERTEX_POINT('',#17087);
#5680=VERTEX_POINT('',#17091);
#5681=VERTEX_POINT('',#17097);
#5682=VERTEX_POINT('',#17099);
#5683=VERTEX_POINT('',#17101);
#5684=VERTEX_POINT('',#17103);
#5685=VERTEX_POINT('',#17105);
#5686=VERTEX_POINT('',#17107);
#5687=VERTEX_POINT('',#17111);
#5688=VERTEX_POINT('',#17113);
#5689=VERTEX_POINT('',#17115);
#5690=VERTEX_POINT('',#17117);
#5691=VERTEX_POINT('',#17119);
#5692=VERTEX_POINT('',#17123);
#5693=VERTEX_POINT('',#17125);
#5694=VERTEX_POINT('',#17127);
#5695=VERTEX_POINT('',#17129);
#5696=VERTEX_POINT('',#17131);
#5697=VERTEX_POINT('',#17135);
#5698=VERTEX_POINT('',#17137);
#5699=VERTEX_POINT('',#17139);
#5700=VERTEX_POINT('',#17141);
#5701=VERTEX_POINT('',#17143);
#5702=VERTEX_POINT('',#17147);
#5703=VERTEX_POINT('',#17149);
#5704=VERTEX_POINT('',#17151);
#5705=VERTEX_POINT('',#17153);
#5706=VERTEX_POINT('',#17155);
#5707=VERTEX_POINT('',#17159);
#5708=VERTEX_POINT('',#17161);
#5709=VERTEX_POINT('',#17163);
#5710=VERTEX_POINT('',#17165);
#5711=VERTEX_POINT('',#17169);
#5712=VERTEX_POINT('',#17171);
#5713=VERTEX_POINT('',#17175);
#5714=VERTEX_POINT('',#17177);
#5715=VERTEX_POINT('',#17186);
#5716=VERTEX_POINT('',#17188);
#5717=VERTEX_POINT('',#17192);
#5718=VERTEX_POINT('',#17194);
#5719=VERTEX_POINT('',#17203);
#5720=VERTEX_POINT('',#17205);
#5721=VERTEX_POINT('',#17209);
#5722=VERTEX_POINT('',#17211);
#5723=VERTEX_POINT('',#17220);
#5724=VERTEX_POINT('',#17222);
#5725=VERTEX_POINT('',#17226);
#5726=VERTEX_POINT('',#17228);
#5727=VERTEX_POINT('',#17237);
#5728=VERTEX_POINT('',#17239);
#5729=VERTEX_POINT('',#17243);
#5730=VERTEX_POINT('',#17245);
#5731=VERTEX_POINT('',#17254);
#5732=VERTEX_POINT('',#17256);
#5733=VERTEX_POINT('',#17260);
#5734=VERTEX_POINT('',#17262);
#5735=VERTEX_POINT('',#17289);
#5736=VERTEX_POINT('',#17291);
#5737=VERTEX_POINT('',#17295);
#5738=VERTEX_POINT('',#17299);
#5739=VERTEX_POINT('',#17303);
#5740=VERTEX_POINT('',#17307);
#5741=VERTEX_POINT('',#17311);
#5742=VERTEX_POINT('',#17315);
#5743=VERTEX_POINT('',#17319);
#5744=VERTEX_POINT('',#17323);
#5745=VERTEX_POINT('',#17327);
#5746=VERTEX_POINT('',#17331);
#5747=VERTEX_POINT('',#17335);
#5748=VERTEX_POINT('',#17339);
#5749=VERTEX_POINT('',#17343);
#5750=VERTEX_POINT('',#17347);
#5751=VERTEX_POINT('',#17351);
#5752=VERTEX_POINT('',#17355);
#5753=VERTEX_POINT('',#17359);
#5754=VERTEX_POINT('',#17363);
#5755=VERTEX_POINT('',#17367);
#5756=VERTEX_POINT('',#17371);
#5757=VERTEX_POINT('',#17375);
#5758=VERTEX_POINT('',#17379);
#5759=VERTEX_POINT('',#17383);
#5760=VERTEX_POINT('',#17384);
#5761=VERTEX_POINT('',#17389);
#5762=VERTEX_POINT('',#17393);
#5763=VERTEX_POINT('',#17397);
#5764=VERTEX_POINT('',#17402);
#5765=VERTEX_POINT('',#17406);
#5766=VERTEX_POINT('',#17410);
#5767=VERTEX_POINT('',#17414);
#5768=VERTEX_POINT('',#17418);
#5769=VERTEX_POINT('',#17422);
#5770=VERTEX_POINT('',#17426);
#5771=VERTEX_POINT('',#17433);
#5772=VERTEX_POINT('',#17435);
#5773=VERTEX_POINT('',#17439);
#5774=VERTEX_POINT('',#17443);
#5775=VERTEX_POINT('',#17447);
#5776=VERTEX_POINT('',#17451);
#5777=VERTEX_POINT('',#17455);
#5778=VERTEX_POINT('',#17459);
#5779=VERTEX_POINT('',#17463);
#5780=VERTEX_POINT('',#17467);
#5781=VERTEX_POINT('',#17471);
#5782=VERTEX_POINT('',#17475);
#5783=VERTEX_POINT('',#17479);
#5784=VERTEX_POINT('',#17483);
#5785=VERTEX_POINT('',#17487);
#5786=VERTEX_POINT('',#17491);
#5787=VERTEX_POINT('',#17495);
#5788=VERTEX_POINT('',#17499);
#5789=VERTEX_POINT('',#17503);
#5790=VERTEX_POINT('',#17507);
#5791=VERTEX_POINT('',#17511);
#5792=VERTEX_POINT('',#17515);
#5793=VERTEX_POINT('',#17519);
#5794=VERTEX_POINT('',#17523);
#5795=VERTEX_POINT('',#17527);
#5796=VERTEX_POINT('',#17528);
#5797=VERTEX_POINT('',#17533);
#5798=VERTEX_POINT('',#17537);
#5799=VERTEX_POINT('',#17541);
#5800=VERTEX_POINT('',#17546);
#5801=VERTEX_POINT('',#17550);
#5802=VERTEX_POINT('',#17554);
#5803=VERTEX_POINT('',#17558);
#5804=VERTEX_POINT('',#17562);
#5805=VERTEX_POINT('',#17566);
#5806=VERTEX_POINT('',#17570);
#5807=VERTEX_POINT('',#17577);
#5808=VERTEX_POINT('',#17579);
#5809=VERTEX_POINT('',#17583);
#5810=VERTEX_POINT('',#17587);
#5811=VERTEX_POINT('',#17591);
#5812=VERTEX_POINT('',#17595);
#5813=VERTEX_POINT('',#17599);
#5814=VERTEX_POINT('',#17603);
#5815=VERTEX_POINT('',#17607);
#5816=VERTEX_POINT('',#17611);
#5817=VERTEX_POINT('',#17615);
#5818=VERTEX_POINT('',#17619);
#5819=VERTEX_POINT('',#17623);
#5820=VERTEX_POINT('',#17627);
#5821=VERTEX_POINT('',#17631);
#5822=VERTEX_POINT('',#17635);
#5823=VERTEX_POINT('',#17639);
#5824=VERTEX_POINT('',#17643);
#5825=VERTEX_POINT('',#17647);
#5826=VERTEX_POINT('',#17651);
#5827=VERTEX_POINT('',#17655);
#5828=VERTEX_POINT('',#17659);
#5829=VERTEX_POINT('',#17663);
#5830=VERTEX_POINT('',#17667);
#5831=VERTEX_POINT('',#17671);
#5832=VERTEX_POINT('',#17672);
#5833=VERTEX_POINT('',#17677);
#5834=VERTEX_POINT('',#17681);
#5835=VERTEX_POINT('',#17685);
#5836=VERTEX_POINT('',#17690);
#5837=VERTEX_POINT('',#17694);
#5838=VERTEX_POINT('',#17698);
#5839=VERTEX_POINT('',#17702);
#5840=VERTEX_POINT('',#17706);
#5841=VERTEX_POINT('',#17710);
#5842=VERTEX_POINT('',#17714);
#5843=VERTEX_POINT('',#17721);
#5844=VERTEX_POINT('',#17723);
#5845=VERTEX_POINT('',#17727);
#5846=VERTEX_POINT('',#17731);
#5847=VERTEX_POINT('',#17735);
#5848=VERTEX_POINT('',#17739);
#5849=VERTEX_POINT('',#17743);
#5850=VERTEX_POINT('',#17747);
#5851=VERTEX_POINT('',#17751);
#5852=VERTEX_POINT('',#17755);
#5853=VERTEX_POINT('',#17759);
#5854=VERTEX_POINT('',#17763);
#5855=VERTEX_POINT('',#17767);
#5856=VERTEX_POINT('',#17771);
#5857=VERTEX_POINT('',#17775);
#5858=VERTEX_POINT('',#17779);
#5859=VERTEX_POINT('',#17783);
#5860=VERTEX_POINT('',#17787);
#5861=VERTEX_POINT('',#17791);
#5862=VERTEX_POINT('',#17795);
#5863=VERTEX_POINT('',#17799);
#5864=VERTEX_POINT('',#17803);
#5865=VERTEX_POINT('',#17807);
#5866=VERTEX_POINT('',#17811);
#5867=VERTEX_POINT('',#17815);
#5868=VERTEX_POINT('',#17816);
#5869=VERTEX_POINT('',#17821);
#5870=VERTEX_POINT('',#17825);
#5871=VERTEX_POINT('',#17829);
#5872=VERTEX_POINT('',#17834);
#5873=VERTEX_POINT('',#17838);
#5874=VERTEX_POINT('',#17842);
#5875=VERTEX_POINT('',#17846);
#5876=VERTEX_POINT('',#17850);
#5877=VERTEX_POINT('',#17854);
#5878=VERTEX_POINT('',#17858);
#5879=VERTEX_POINT('',#17865);
#5880=VERTEX_POINT('',#17867);
#5881=VERTEX_POINT('',#17871);
#5882=VERTEX_POINT('',#17872);
#5883=VERTEX_POINT('',#17874);
#5884=VERTEX_POINT('',#17876);
#5885=VERTEX_POINT('',#17885);
#5886=VERTEX_POINT('',#17887);
#5887=VERTEX_POINT('',#17891);
#5888=VERTEX_POINT('',#17892);
#5889=VERTEX_POINT('',#17894);
#5890=VERTEX_POINT('',#17896);
#5891=VERTEX_POINT('',#17905);
#5892=VERTEX_POINT('',#17907);
#5893=VERTEX_POINT('',#17911);
#5894=VERTEX_POINT('',#17912);
#5895=VERTEX_POINT('',#17914);
#5896=VERTEX_POINT('',#17916);
#5897=VERTEX_POINT('',#17925);
#5898=VERTEX_POINT('',#17927);
#5899=VERTEX_POINT('',#17931);
#5900=VERTEX_POINT('',#17932);
#5901=VERTEX_POINT('',#17934);
#5902=VERTEX_POINT('',#17936);
#5903=VERTEX_POINT('',#17945);
#5904=VERTEX_POINT('',#17947);
#5905=VERTEX_POINT('',#17951);
#5906=VERTEX_POINT('',#17952);
#5907=VERTEX_POINT('',#17954);
#5908=VERTEX_POINT('',#17956);
#5909=VERTEX_POINT('',#17965);
#5910=VERTEX_POINT('',#17967);
#5911=VERTEX_POINT('',#17971);
#5912=VERTEX_POINT('',#17972);
#5913=VERTEX_POINT('',#17974);
#5914=VERTEX_POINT('',#17976);
#5915=LINE('',#14810,#7443);
#5916=LINE('',#14813,#7444);
#5917=LINE('',#14815,#7445);
#5918=LINE('',#14817,#7446);
#5919=LINE('',#14819,#7447);
#5920=LINE('',#14821,#7448);
#5921=LINE('',#14823,#7449);
#5922=LINE('',#14825,#7450);
#5923=LINE('',#14827,#7451);
#5924=LINE('',#14829,#7452);
#5925=LINE('',#14831,#7453);
#5926=LINE('',#14833,#7454);
#5927=LINE('',#14840,#7455);
#5928=LINE('',#14844,#7456);
#5929=LINE('',#14848,#7457);
#5930=LINE('',#14852,#7458);
#5931=LINE('',#14863,#7459);
#5932=LINE('',#14867,#7460);
#5933=LINE('',#14871,#7461);
#5934=LINE('',#14875,#7462);
#5935=LINE('',#14886,#7463);
#5936=LINE('',#14890,#7464);
#5937=LINE('',#14894,#7465);
#5938=LINE('',#14898,#7466);
#5939=LINE('',#14909,#7467);
#5940=LINE('',#14913,#7468);
#5941=LINE('',#14917,#7469);
#5942=LINE('',#14921,#7470);
#5943=LINE('',#14932,#7471);
#5944=LINE('',#14936,#7472);
#5945=LINE('',#14940,#7473);
#5946=LINE('',#14944,#7474);
#5947=LINE('',#14955,#7475);
#5948=LINE('',#14959,#7476);
#5949=LINE('',#14963,#7477);
#5950=LINE('',#14967,#7478);
#5951=LINE('',#14973,#7479);
#5952=LINE('',#14975,#7480);
#5953=LINE('',#14977,#7481);
#5954=LINE('',#14979,#7482);
#5955=LINE('',#14981,#7483);
#5956=LINE('',#14983,#7484);
#5957=LINE('',#14985,#7485);
#5958=LINE('',#14987,#7486);
#5959=LINE('',#14989,#7487);
#5960=LINE('',#14991,#7488);
#5961=LINE('',#14993,#7489);
#5962=LINE('',#14995,#7490);
#5963=LINE('',#14997,#7491);
#5964=LINE('',#14999,#7492);
#5965=LINE('',#15001,#7493);
#5966=LINE('',#15003,#7494);
#5967=LINE('',#15005,#7495);
#5968=LINE('',#15007,#7496);
#5969=LINE('',#15009,#7497);
#5970=LINE('',#15011,#7498);
#5971=LINE('',#15013,#7499);
#5972=LINE('',#15015,#7500);
#5973=LINE('',#15017,#7501);
#5974=LINE('',#15019,#7502);
#5975=LINE('',#15021,#7503);
#5976=LINE('',#15023,#7504);
#5977=LINE('',#15025,#7505);
#5978=LINE('',#15027,#7506);
#5979=LINE('',#15029,#7507);
#5980=LINE('',#15031,#7508);
#5981=LINE('',#15033,#7509);
#5982=LINE('',#15035,#7510);
#5983=LINE('',#15037,#7511);
#5984=LINE('',#15039,#7512);
#5985=LINE('',#15041,#7513);
#5986=LINE('',#15043,#7514);
#5987=LINE('',#15045,#7515);
#5988=LINE('',#15046,#7516);
#5989=LINE('',#15048,#7517);
#5990=LINE('',#15050,#7518);
#5991=LINE('',#15052,#7519);
#5992=LINE('',#15054,#7520);
#5993=LINE('',#15056,#7521);
#5994=LINE('',#15058,#7522);
#5995=LINE('',#15060,#7523);
#5996=LINE('',#15062,#7524);
#5997=LINE('',#15064,#7525);
#5998=LINE('',#15066,#7526);
#5999=LINE('',#15068,#7527);
#6000=LINE('',#15070,#7528);
#6001=LINE('',#15072,#7529);
#6002=LINE('',#15074,#7530);
#6003=LINE('',#15076,#7531);
#6004=LINE('',#15078,#7532);
#6005=LINE('',#15080,#7533);
#6006=LINE('',#15082,#7534);
#6007=LINE('',#15084,#7535);
#6008=LINE('',#15086,#7536);
#6009=LINE('',#15088,#7537);
#6010=LINE('',#15090,#7538);
#6011=LINE('',#15092,#7539);
#6012=LINE('',#15094,#7540);
#6013=LINE('',#15096,#7541);
#6014=LINE('',#15098,#7542);
#6015=LINE('',#15100,#7543);
#6016=LINE('',#15102,#7544);
#6017=LINE('',#15104,#7545);
#6018=LINE('',#15106,#7546);
#6019=LINE('',#15108,#7547);
#6020=LINE('',#15110,#7548);
#6021=LINE('',#15112,#7549);
#6022=LINE('',#15114,#7550);
#6023=LINE('',#15116,#7551);
#6024=LINE('',#15118,#7552);
#6025=LINE('',#15120,#7553);
#6026=LINE('',#15121,#7554);
#6027=LINE('',#15123,#7555);
#6028=LINE('',#15125,#7556);
#6029=LINE('',#15127,#7557);
#6030=LINE('',#15129,#7558);
#6031=LINE('',#15131,#7559);
#6032=LINE('',#15133,#7560);
#6033=LINE('',#15135,#7561);
#6034=LINE('',#15137,#7562);
#6035=LINE('',#15139,#7563);
#6036=LINE('',#15141,#7564);
#6037=LINE('',#15143,#7565);
#6038=LINE('',#15145,#7566);
#6039=LINE('',#15147,#7567);
#6040=LINE('',#15149,#7568);
#6041=LINE('',#15151,#7569);
#6042=LINE('',#15153,#7570);
#6043=LINE('',#15155,#7571);
#6044=LINE('',#15157,#7572);
#6045=LINE('',#15159,#7573);
#6046=LINE('',#15161,#7574);
#6047=LINE('',#15163,#7575);
#6048=LINE('',#15165,#7576);
#6049=LINE('',#15167,#7577);
#6050=LINE('',#15169,#7578);
#6051=LINE('',#15171,#7579);
#6052=LINE('',#15173,#7580);
#6053=LINE('',#15175,#7581);
#6054=LINE('',#15177,#7582);
#6055=LINE('',#15179,#7583);
#6056=LINE('',#15181,#7584);
#6057=LINE('',#15183,#7585);
#6058=LINE('',#15185,#7586);
#6059=LINE('',#15187,#7587);
#6060=LINE('',#15189,#7588);
#6061=LINE('',#15191,#7589);
#6062=LINE('',#15193,#7590);
#6063=LINE('',#15195,#7591);
#6064=LINE('',#15196,#7592);
#6065=LINE('',#15198,#7593);
#6066=LINE('',#15200,#7594);
#6067=LINE('',#15202,#7595);
#6068=LINE('',#15204,#7596);
#6069=LINE('',#15206,#7597);
#6070=LINE('',#15208,#7598);
#6071=LINE('',#15210,#7599);
#6072=LINE('',#15212,#7600);
#6073=LINE('',#15214,#7601);
#6074=LINE('',#15216,#7602);
#6075=LINE('',#15218,#7603);
#6076=LINE('',#15220,#7604);
#6077=LINE('',#15222,#7605);
#6078=LINE('',#15224,#7606);
#6079=LINE('',#15226,#7607);
#6080=LINE('',#15228,#7608);
#6081=LINE('',#15230,#7609);
#6082=LINE('',#15232,#7610);
#6083=LINE('',#15234,#7611);
#6084=LINE('',#15236,#7612);
#6085=LINE('',#15238,#7613);
#6086=LINE('',#15240,#7614);
#6087=LINE('',#15242,#7615);
#6088=LINE('',#15244,#7616);
#6089=LINE('',#15246,#7617);
#6090=LINE('',#15248,#7618);
#6091=LINE('',#15250,#7619);
#6092=LINE('',#15252,#7620);
#6093=LINE('',#15254,#7621);
#6094=LINE('',#15256,#7622);
#6095=LINE('',#15258,#7623);
#6096=LINE('',#15260,#7624);
#6097=LINE('',#15262,#7625);
#6098=LINE('',#15264,#7626);
#6099=LINE('',#15266,#7627);
#6100=LINE('',#15268,#7628);
#6101=LINE('',#15270,#7629);
#6102=LINE('',#15271,#7630);
#6103=LINE('',#15273,#7631);
#6104=LINE('',#15275,#7632);
#6105=LINE('',#15277,#7633);
#6106=LINE('',#15279,#7634);
#6107=LINE('',#15281,#7635);
#6108=LINE('',#15283,#7636);
#6109=LINE('',#15285,#7637);
#6110=LINE('',#15287,#7638);
#6111=LINE('',#15289,#7639);
#6112=LINE('',#15291,#7640);
#6113=LINE('',#15293,#7641);
#6114=LINE('',#15295,#7642);
#6115=LINE('',#15297,#7643);
#6116=LINE('',#15299,#7644);
#6117=LINE('',#15301,#7645);
#6118=LINE('',#15303,#7646);
#6119=LINE('',#15305,#7647);
#6120=LINE('',#15307,#7648);
#6121=LINE('',#15309,#7649);
#6122=LINE('',#15311,#7650);
#6123=LINE('',#15313,#7651);
#6124=LINE('',#15315,#7652);
#6125=LINE('',#15317,#7653);
#6126=LINE('',#15319,#7654);
#6127=LINE('',#15321,#7655);
#6128=LINE('',#15323,#7656);
#6129=LINE('',#15325,#7657);
#6130=LINE('',#15327,#7658);
#6131=LINE('',#15329,#7659);
#6132=LINE('',#15331,#7660);
#6133=LINE('',#15333,#7661);
#6134=LINE('',#15335,#7662);
#6135=LINE('',#15337,#7663);
#6136=LINE('',#15339,#7664);
#6137=LINE('',#15341,#7665);
#6138=LINE('',#15343,#7666);
#6139=LINE('',#15345,#7667);
#6140=LINE('',#15346,#7668);
#6141=LINE('',#15348,#7669);
#6142=LINE('',#15350,#7670);
#6143=LINE('',#15352,#7671);
#6144=LINE('',#15354,#7672);
#6145=LINE('',#15356,#7673);
#6146=LINE('',#15358,#7674);
#6147=LINE('',#15360,#7675);
#6148=LINE('',#15362,#7676);
#6149=LINE('',#15364,#7677);
#6150=LINE('',#15366,#7678);
#6151=LINE('',#15368,#7679);
#6152=LINE('',#15370,#7680);
#6153=LINE('',#15372,#7681);
#6154=LINE('',#15374,#7682);
#6155=LINE('',#15376,#7683);
#6156=LINE('',#15378,#7684);
#6157=LINE('',#15380,#7685);
#6158=LINE('',#15382,#7686);
#6159=LINE('',#15384,#7687);
#6160=LINE('',#15386,#7688);
#6161=LINE('',#15388,#7689);
#6162=LINE('',#15390,#7690);
#6163=LINE('',#15392,#7691);
#6164=LINE('',#15394,#7692);
#6165=LINE('',#15396,#7693);
#6166=LINE('',#15398,#7694);
#6167=LINE('',#15400,#7695);
#6168=LINE('',#15402,#7696);
#6169=LINE('',#15404,#7697);
#6170=LINE('',#15406,#7698);
#6171=LINE('',#15408,#7699);
#6172=LINE('',#15410,#7700);
#6173=LINE('',#15412,#7701);
#6174=LINE('',#15414,#7702);
#6175=LINE('',#15416,#7703);
#6176=LINE('',#15418,#7704);
#6177=LINE('',#15420,#7705);
#6178=LINE('',#15421,#7706);
#6179=LINE('',#15423,#7707);
#6180=LINE('',#15426,#7708);
#6181=LINE('',#15428,#7709);
#6182=LINE('',#15430,#7710);
#6183=LINE('',#15432,#7711);
#6184=LINE('',#15435,#7712);
#6185=LINE('',#15436,#7713);
#6186=LINE('',#15438,#7714);
#6187=LINE('',#15441,#7715);
#6188=LINE('',#15442,#7716);
#6189=LINE('',#15444,#7717);
#6190=LINE('',#15447,#7718);
#6191=LINE('',#15449,#7719);
#6192=LINE('',#15451,#7720);
#6193=LINE('',#15453,#7721);
#6194=LINE('',#15455,#7722);
#6195=LINE('',#15457,#7723);
#6196=LINE('',#15459,#7724);
#6197=LINE('',#15461,#7725);
#6198=LINE('',#15463,#7726);
#6199=LINE('',#15465,#7727);
#6200=LINE('',#15467,#7728);
#6201=LINE('',#15469,#7729);
#6202=LINE('',#15470,#7730);
#6203=LINE('',#15471,#7731);
#6204=LINE('',#15472,#7732);
#6205=LINE('',#15473,#7733);
#6206=LINE('',#15474,#7734);
#6207=LINE('',#15475,#7735);
#6208=LINE('',#15486,#7736);
#6209=LINE('',#15490,#7737);
#6210=LINE('',#15501,#7738);
#6211=LINE('',#15505,#7739);
#6212=LINE('',#15507,#7740);
#6213=LINE('',#15510,#7741);
#6214=LINE('',#15512,#7742);
#6215=LINE('',#15514,#7743);
#6216=LINE('',#15515,#7744);
#6217=LINE('',#15517,#7745);
#6218=LINE('',#15519,#7746);
#6219=LINE('',#15520,#7747);
#6220=LINE('',#15522,#7748);
#6221=LINE('',#15524,#7749);
#6222=LINE('',#15525,#7750);
#6223=LINE('',#15527,#7751);
#6224=LINE('',#15529,#7752);
#6225=LINE('',#15530,#7753);
#6226=LINE('',#15532,#7754);
#6227=LINE('',#15534,#7755);
#6228=LINE('',#15535,#7756);
#6229=LINE('',#15537,#7757);
#6230=LINE('',#15539,#7758);
#6231=LINE('',#15540,#7759);
#6232=LINE('',#15542,#7760);
#6233=LINE('',#15544,#7761);
#6234=LINE('',#15545,#7762);
#6235=LINE('',#15547,#7763);
#6236=LINE('',#15549,#7764);
#6237=LINE('',#15550,#7765);
#6238=LINE('',#15552,#7766);
#6239=LINE('',#15554,#7767);
#6240=LINE('',#15555,#7768);
#6241=LINE('',#15557,#7769);
#6242=LINE('',#15559,#7770);
#6243=LINE('',#15561,#7771);
#6244=LINE('',#15563,#7772);
#6245=LINE('',#15565,#7773);
#6246=LINE('',#15568,#7774);
#6247=LINE('',#15570,#7775);
#6248=LINE('',#15572,#7776);
#6249=LINE('',#15573,#7777);
#6250=LINE('',#15575,#7778);
#6251=LINE('',#15577,#7779);
#6252=LINE('',#15578,#7780);
#6253=LINE('',#15580,#7781);
#6254=LINE('',#15582,#7782);
#6255=LINE('',#15583,#7783);
#6256=LINE('',#15585,#7784);
#6257=LINE('',#15587,#7785);
#6258=LINE('',#15588,#7786);
#6259=LINE('',#15590,#7787);
#6260=LINE('',#15592,#7788);
#6261=LINE('',#15593,#7789);
#6262=LINE('',#15595,#7790);
#6263=LINE('',#15597,#7791);
#6264=LINE('',#15598,#7792);
#6265=LINE('',#15600,#7793);
#6266=LINE('',#15602,#7794);
#6267=LINE('',#15603,#7795);
#6268=LINE('',#15605,#7796);
#6269=LINE('',#15607,#7797);
#6270=LINE('',#15608,#7798);
#6271=LINE('',#15610,#7799);
#6272=LINE('',#15612,#7800);
#6273=LINE('',#15613,#7801);
#6274=LINE('',#15615,#7802);
#6275=LINE('',#15617,#7803);
#6276=LINE('',#15618,#7804);
#6277=LINE('',#15620,#7805);
#6278=LINE('',#15622,#7806);
#6279=LINE('',#15624,#7807);
#6280=LINE('',#15625,#7808);
#6281=LINE('',#15627,#7809);
#6282=LINE('',#15629,#7810);
#6283=LINE('',#15630,#7811);
#6284=LINE('',#15632,#7812);
#6285=LINE('',#15634,#7813);
#6286=LINE('',#15635,#7814);
#6287=LINE('',#15637,#7815);
#6288=LINE('',#15639,#7816);
#6289=LINE('',#15640,#7817);
#6290=LINE('',#15642,#7818);
#6291=LINE('',#15644,#7819);
#6292=LINE('',#15645,#7820);
#6293=LINE('',#15647,#7821);
#6294=LINE('',#15649,#7822);
#6295=LINE('',#15650,#7823);
#6296=LINE('',#15652,#7824);
#6297=LINE('',#15654,#7825);
#6298=LINE('',#15655,#7826);
#6299=LINE('',#15657,#7827);
#6300=LINE('',#15659,#7828);
#6301=LINE('',#15660,#7829);
#6302=LINE('',#15662,#7830);
#6303=LINE('',#15664,#7831);
#6304=LINE('',#15665,#7832);
#6305=LINE('',#15667,#7833);
#6306=LINE('',#15669,#7834);
#6307=LINE('',#15670,#7835);
#6308=LINE('',#15672,#7836);
#6309=LINE('',#15675,#7837);
#6310=LINE('',#15677,#7838);
#6311=LINE('',#15679,#7839);
#6312=LINE('',#15680,#7840);
#6313=LINE('',#15682,#7841);
#6314=LINE('',#15684,#7842);
#6315=LINE('',#15685,#7843);
#6316=LINE('',#15687,#7844);
#6317=LINE('',#15689,#7845);
#6318=LINE('',#15690,#7846);
#6319=LINE('',#15692,#7847);
#6320=LINE('',#15694,#7848);
#6321=LINE('',#15695,#7849);
#6322=LINE('',#15697,#7850);
#6323=LINE('',#15699,#7851);
#6324=LINE('',#15700,#7852);
#6325=LINE('',#15702,#7853);
#6326=LINE('',#15704,#7854);
#6327=LINE('',#15705,#7855);
#6328=LINE('',#15707,#7856);
#6329=LINE('',#15709,#7857);
#6330=LINE('',#15710,#7858);
#6331=LINE('',#15712,#7859);
#6332=LINE('',#15714,#7860);
#6333=LINE('',#15715,#7861);
#6334=LINE('',#15717,#7862);
#6335=LINE('',#15719,#7863);
#6336=LINE('',#15720,#7864);
#6337=LINE('',#15722,#7865);
#6338=LINE('',#15724,#7866);
#6339=LINE('',#15725,#7867);
#6340=LINE('',#15727,#7868);
#6341=LINE('',#15730,#7869);
#6342=LINE('',#15732,#7870);
#6343=LINE('',#15734,#7871);
#6344=LINE('',#15735,#7872);
#6345=LINE('',#15737,#7873);
#6346=LINE('',#15739,#7874);
#6347=LINE('',#15740,#7875);
#6348=LINE('',#15742,#7876);
#6349=LINE('',#15744,#7877);
#6350=LINE('',#15745,#7878);
#6351=LINE('',#15747,#7879);
#6352=LINE('',#15749,#7880);
#6353=LINE('',#15750,#7881);
#6354=LINE('',#15752,#7882);
#6355=LINE('',#15754,#7883);
#6356=LINE('',#15755,#7884);
#6357=LINE('',#15757,#7885);
#6358=LINE('',#15759,#7886);
#6359=LINE('',#15760,#7887);
#6360=LINE('',#15762,#7888);
#6361=LINE('',#15764,#7889);
#6362=LINE('',#15765,#7890);
#6363=LINE('',#15767,#7891);
#6364=LINE('',#15769,#7892);
#6365=LINE('',#15770,#7893);
#6366=LINE('',#15772,#7894);
#6367=LINE('',#15774,#7895);
#6368=LINE('',#15775,#7896);
#6369=LINE('',#15777,#7897);
#6370=LINE('',#15779,#7898);
#6371=LINE('',#15781,#7899);
#6372=LINE('',#15783,#7900);
#6373=LINE('',#15785,#7901);
#6374=LINE('',#15788,#7902);
#6375=LINE('',#15790,#7903);
#6376=LINE('',#15792,#7904);
#6377=LINE('',#15793,#7905);
#6378=LINE('',#15795,#7906);
#6379=LINE('',#15797,#7907);
#6380=LINE('',#15798,#7908);
#6381=LINE('',#15800,#7909);
#6382=LINE('',#15802,#7910);
#6383=LINE('',#15803,#7911);
#6384=LINE('',#15805,#7912);
#6385=LINE('',#15807,#7913);
#6386=LINE('',#15808,#7914);
#6387=LINE('',#15810,#7915);
#6388=LINE('',#15812,#7916);
#6389=LINE('',#15813,#7917);
#6390=LINE('',#15815,#7918);
#6391=LINE('',#15817,#7919);
#6392=LINE('',#15818,#7920);
#6393=LINE('',#15820,#7921);
#6394=LINE('',#15822,#7922);
#6395=LINE('',#15823,#7923);
#6396=LINE('',#15825,#7924);
#6397=LINE('',#15827,#7925);
#6398=LINE('',#15828,#7926);
#6399=LINE('',#15830,#7927);
#6400=LINE('',#15832,#7928);
#6401=LINE('',#15833,#7929);
#6402=LINE('',#15835,#7930);
#6403=LINE('',#15837,#7931);
#6404=LINE('',#15839,#7932);
#6405=LINE('',#15841,#7933);
#6406=LINE('',#15886,#7934);
#6407=LINE('',#15888,#7935);
#6408=LINE('',#15890,#7936);
#6409=LINE('',#15892,#7937);
#6410=LINE('',#15894,#7938);
#6411=LINE('',#15896,#7939);
#6412=LINE('',#15897,#7940);
#6413=LINE('',#15898,#7941);
#6414=LINE('',#15901,#7942);
#6415=LINE('',#15903,#7943);
#6416=LINE('',#15905,#7944);
#6417=LINE('',#15907,#7945);
#6418=LINE('',#15909,#7946);
#6419=LINE('',#15911,#7947);
#6420=LINE('',#15913,#7948);
#6421=LINE('',#15914,#7949);
#6422=LINE('',#15916,#7950);
#6423=LINE('',#15918,#7951);
#6424=LINE('',#15920,#7952);
#6425=LINE('',#15922,#7953);
#6426=LINE('',#15923,#7954);
#6427=LINE('',#15925,#7955);
#6428=LINE('',#15927,#7956);
#6429=LINE('',#15929,#7957);
#6430=LINE('',#15931,#7958);
#6431=LINE('',#15932,#7959);
#6432=LINE('',#15934,#7960);
#6433=LINE('',#15936,#7961);
#6434=LINE('',#15938,#7962);
#6435=LINE('',#15940,#7963);
#6436=LINE('',#15941,#7964);
#6437=LINE('',#15943,#7965);
#6438=LINE('',#15945,#7966);
#6439=LINE('',#15947,#7967);
#6440=LINE('',#15949,#7968);
#6441=LINE('',#15951,#7969);
#6442=LINE('',#15953,#7970);
#6443=LINE('',#15956,#7971);
#6444=LINE('',#15959,#7972);
#6445=LINE('',#15962,#7973);
#6446=LINE('',#15965,#7974);
#6447=LINE('',#15968,#7975);
#6448=LINE('',#15970,#7976);
#6449=LINE('',#15972,#7977);
#6450=LINE('',#15974,#7978);
#6451=LINE('',#15976,#7979);
#6452=LINE('',#15979,#7980);
#6453=LINE('',#15981,#7981);
#6454=LINE('',#15983,#7982);
#6455=LINE('',#15985,#7983);
#6456=LINE('',#15987,#7984);
#6457=LINE('',#15990,#7985);
#6458=LINE('',#15992,#7986);
#6459=LINE('',#15994,#7987);
#6460=LINE('',#15996,#7988);
#6461=LINE('',#15998,#7989);
#6462=LINE('',#16001,#7990);
#6463=LINE('',#16003,#7991);
#6464=LINE('',#16005,#7992);
#6465=LINE('',#16007,#7993);
#6466=LINE('',#16009,#7994);
#6467=LINE('',#16012,#7995);
#6468=LINE('',#16014,#7996);
#6469=LINE('',#16016,#7997);
#6470=LINE('',#16018,#7998);
#6471=LINE('',#16020,#7999);
#6472=LINE('',#16023,#8000);
#6473=LINE('',#16025,#8001);
#6474=LINE('',#16027,#8002);
#6475=LINE('',#16029,#8003);
#6476=LINE('',#16031,#8004);
#6477=LINE('',#16034,#8005);
#6478=LINE('',#16036,#8006);
#6479=LINE('',#16038,#8007);
#6480=LINE('',#16040,#8008);
#6481=LINE('',#16042,#8009);
#6482=LINE('',#16045,#8010);
#6483=LINE('',#16047,#8011);
#6484=LINE('',#16049,#8012);
#6485=LINE('',#16051,#8013);
#6486=LINE('',#16053,#8014);
#6487=LINE('',#16056,#8015);
#6488=LINE('',#16058,#8016);
#6489=LINE('',#16060,#8017);
#6490=LINE('',#16062,#8018);
#6491=LINE('',#16064,#8019);
#6492=LINE('',#16066,#8020);
#6493=LINE('',#16068,#8021);
#6494=LINE('',#16070,#8022);
#6495=LINE('',#16072,#8023);
#6496=LINE('',#16074,#8024);
#6497=LINE('',#16076,#8025);
#6498=LINE('',#16078,#8026);
#6499=LINE('',#16080,#8027);
#6500=LINE('',#16083,#8028);
#6501=LINE('',#16085,#8029);
#6502=LINE('',#16087,#8030);
#6503=LINE('',#16089,#8031);
#6504=LINE('',#16091,#8032);
#6505=LINE('',#16094,#8033);
#6506=LINE('',#16096,#8034);
#6507=LINE('',#16098,#8035);
#6508=LINE('',#16100,#8036);
#6509=LINE('',#16102,#8037);
#6510=LINE('',#16105,#8038);
#6511=LINE('',#16107,#8039);
#6512=LINE('',#16109,#8040);
#6513=LINE('',#16111,#8041);
#6514=LINE('',#16113,#8042);
#6515=LINE('',#16116,#8043);
#6516=LINE('',#16118,#8044);
#6517=LINE('',#16120,#8045);
#6518=LINE('',#16122,#8046);
#6519=LINE('',#16124,#8047);
#6520=LINE('',#16127,#8048);
#6521=LINE('',#16129,#8049);
#6522=LINE('',#16131,#8050);
#6523=LINE('',#16133,#8051);
#6524=LINE('',#16135,#8052);
#6525=LINE('',#16138,#8053);
#6526=LINE('',#16140,#8054);
#6527=LINE('',#16142,#8055);
#6528=LINE('',#16144,#8056);
#6529=LINE('',#16146,#8057);
#6530=LINE('',#16149,#8058);
#6531=LINE('',#16151,#8059);
#6532=LINE('',#16153,#8060);
#6533=LINE('',#16155,#8061);
#6534=LINE('',#16157,#8062);
#6535=LINE('',#16160,#8063);
#6536=LINE('',#16162,#8064);
#6537=LINE('',#16164,#8065);
#6538=LINE('',#16166,#8066);
#6539=LINE('',#16168,#8067);
#6540=LINE('',#16170,#8068);
#6541=LINE('',#16172,#8069);
#6542=LINE('',#16174,#8070);
#6543=LINE('',#16176,#8071);
#6544=LINE('',#16178,#8072);
#6545=LINE('',#16180,#8073);
#6546=LINE('',#16182,#8074);
#6547=LINE('',#16184,#8075);
#6548=LINE('',#16187,#8076);
#6549=LINE('',#16189,#8077);
#6550=LINE('',#16191,#8078);
#6551=LINE('',#16193,#8079);
#6552=LINE('',#16195,#8080);
#6553=LINE('',#16198,#8081);
#6554=LINE('',#16200,#8082);
#6555=LINE('',#16202,#8083);
#6556=LINE('',#16204,#8084);
#6557=LINE('',#16206,#8085);
#6558=LINE('',#16209,#8086);
#6559=LINE('',#16211,#8087);
#6560=LINE('',#16213,#8088);
#6561=LINE('',#16215,#8089);
#6562=LINE('',#16217,#8090);
#6563=LINE('',#16220,#8091);
#6564=LINE('',#16222,#8092);
#6565=LINE('',#16224,#8093);
#6566=LINE('',#16226,#8094);
#6567=LINE('',#16228,#8095);
#6568=LINE('',#16231,#8096);
#6569=LINE('',#16233,#8097);
#6570=LINE('',#16235,#8098);
#6571=LINE('',#16237,#8099);
#6572=LINE('',#16239,#8100);
#6573=LINE('',#16242,#8101);
#6574=LINE('',#16244,#8102);
#6575=LINE('',#16246,#8103);
#6576=LINE('',#16248,#8104);
#6577=LINE('',#16250,#8105);
#6578=LINE('',#16253,#8106);
#6579=LINE('',#16255,#8107);
#6580=LINE('',#16257,#8108);
#6581=LINE('',#16259,#8109);
#6582=LINE('',#16261,#8110);
#6583=LINE('',#16264,#8111);
#6584=LINE('',#16266,#8112);
#6585=LINE('',#16268,#8113);
#6586=LINE('',#16270,#8114);
#6587=LINE('',#16272,#8115);
#6588=LINE('',#16274,#8116);
#6589=LINE('',#16276,#8117);
#6590=LINE('',#16278,#8118);
#6591=LINE('',#16280,#8119);
#6592=LINE('',#16282,#8120);
#6593=LINE('',#16284,#8121);
#6594=LINE('',#16286,#8122);
#6595=LINE('',#16288,#8123);
#6596=LINE('',#16291,#8124);
#6597=LINE('',#16293,#8125);
#6598=LINE('',#16295,#8126);
#6599=LINE('',#16297,#8127);
#6600=LINE('',#16299,#8128);
#6601=LINE('',#16302,#8129);
#6602=LINE('',#16304,#8130);
#6603=LINE('',#16306,#8131);
#6604=LINE('',#16308,#8132);
#6605=LINE('',#16310,#8133);
#6606=LINE('',#16313,#8134);
#6607=LINE('',#16315,#8135);
#6608=LINE('',#16317,#8136);
#6609=LINE('',#16319,#8137);
#6610=LINE('',#16321,#8138);
#6611=LINE('',#16324,#8139);
#6612=LINE('',#16326,#8140);
#6613=LINE('',#16328,#8141);
#6614=LINE('',#16330,#8142);
#6615=LINE('',#16332,#8143);
#6616=LINE('',#16335,#8144);
#6617=LINE('',#16337,#8145);
#6618=LINE('',#16339,#8146);
#6619=LINE('',#16341,#8147);
#6620=LINE('',#16343,#8148);
#6621=LINE('',#16346,#8149);
#6622=LINE('',#16348,#8150);
#6623=LINE('',#16350,#8151);
#6624=LINE('',#16352,#8152);
#6625=LINE('',#16354,#8153);
#6626=LINE('',#16357,#8154);
#6627=LINE('',#16359,#8155);
#6628=LINE('',#16361,#8156);
#6629=LINE('',#16363,#8157);
#6630=LINE('',#16365,#8158);
#6631=LINE('',#16368,#8159);
#6632=LINE('',#16370,#8160);
#6633=LINE('',#16372,#8161);
#6634=LINE('',#16374,#8162);
#6635=LINE('',#16376,#8163);
#6636=LINE('',#16378,#8164);
#6637=LINE('',#16380,#8165);
#6638=LINE('',#16382,#8166);
#6639=LINE('',#16384,#8167);
#6640=LINE('',#16386,#8168);
#6641=LINE('',#16388,#8169);
#6642=LINE('',#16390,#8170);
#6643=LINE('',#16392,#8171);
#6644=LINE('',#16395,#8172);
#6645=LINE('',#16397,#8173);
#6646=LINE('',#16399,#8174);
#6647=LINE('',#16401,#8175);
#6648=LINE('',#16403,#8176);
#6649=LINE('',#16406,#8177);
#6650=LINE('',#16408,#8178);
#6651=LINE('',#16410,#8179);
#6652=LINE('',#16412,#8180);
#6653=LINE('',#16414,#8181);
#6654=LINE('',#16417,#8182);
#6655=LINE('',#16419,#8183);
#6656=LINE('',#16421,#8184);
#6657=LINE('',#16423,#8185);
#6658=LINE('',#16425,#8186);
#6659=LINE('',#16428,#8187);
#6660=LINE('',#16430,#8188);
#6661=LINE('',#16432,#8189);
#6662=LINE('',#16434,#8190);
#6663=LINE('',#16436,#8191);
#6664=LINE('',#16439,#8192);
#6665=LINE('',#16441,#8193);
#6666=LINE('',#16443,#8194);
#6667=LINE('',#16445,#8195);
#6668=LINE('',#16447,#8196);
#6669=LINE('',#16450,#8197);
#6670=LINE('',#16452,#8198);
#6671=LINE('',#16454,#8199);
#6672=LINE('',#16456,#8200);
#6673=LINE('',#16458,#8201);
#6674=LINE('',#16461,#8202);
#6675=LINE('',#16463,#8203);
#6676=LINE('',#16465,#8204);
#6677=LINE('',#16467,#8205);
#6678=LINE('',#16469,#8206);
#6679=LINE('',#16472,#8207);
#6680=LINE('',#16474,#8208);
#6681=LINE('',#16476,#8209);
#6682=LINE('',#16478,#8210);
#6683=LINE('',#16480,#8211);
#6684=LINE('',#16482,#8212);
#6685=LINE('',#16484,#8213);
#6686=LINE('',#16486,#8214);
#6687=LINE('',#16488,#8215);
#6688=LINE('',#16490,#8216);
#6689=LINE('',#16492,#8217);
#6690=LINE('',#16494,#8218);
#6691=LINE('',#16496,#8219);
#6692=LINE('',#16499,#8220);
#6693=LINE('',#16501,#8221);
#6694=LINE('',#16503,#8222);
#6695=LINE('',#16505,#8223);
#6696=LINE('',#16507,#8224);
#6697=LINE('',#16510,#8225);
#6698=LINE('',#16512,#8226);
#6699=LINE('',#16514,#8227);
#6700=LINE('',#16516,#8228);
#6701=LINE('',#16518,#8229);
#6702=LINE('',#16521,#8230);
#6703=LINE('',#16523,#8231);
#6704=LINE('',#16525,#8232);
#6705=LINE('',#16527,#8233);
#6706=LINE('',#16529,#8234);
#6707=LINE('',#16532,#8235);
#6708=LINE('',#16534,#8236);
#6709=LINE('',#16536,#8237);
#6710=LINE('',#16538,#8238);
#6711=LINE('',#16540,#8239);
#6712=LINE('',#16543,#8240);
#6713=LINE('',#16545,#8241);
#6714=LINE('',#16547,#8242);
#6715=LINE('',#16549,#8243);
#6716=LINE('',#16551,#8244);
#6717=LINE('',#16554,#8245);
#6718=LINE('',#16556,#8246);
#6719=LINE('',#16558,#8247);
#6720=LINE('',#16560,#8248);
#6721=LINE('',#16562,#8249);
#6722=LINE('',#16565,#8250);
#6723=LINE('',#16567,#8251);
#6724=LINE('',#16569,#8252);
#6725=LINE('',#16571,#8253);
#6726=LINE('',#16573,#8254);
#6727=LINE('',#16576,#8255);
#6728=LINE('',#16578,#8256);
#6729=LINE('',#16580,#8257);
#6730=LINE('',#16582,#8258);
#6731=LINE('',#16584,#8259);
#6732=LINE('',#16586,#8260);
#6733=LINE('',#16588,#8261);
#6734=LINE('',#16590,#8262);
#6735=LINE('',#16592,#8263);
#6736=LINE('',#16594,#8264);
#6737=LINE('',#16596,#8265);
#6738=LINE('',#16598,#8266);
#6739=LINE('',#16600,#8267);
#6740=LINE('',#16602,#8268);
#6741=LINE('',#16604,#8269);
#6742=LINE('',#16606,#8270);
#6743=LINE('',#16608,#8271);
#6744=LINE('',#16610,#8272);
#6745=LINE('',#16612,#8273);
#6746=LINE('',#16614,#8274);
#6747=LINE('',#16616,#8275);
#6748=LINE('',#16618,#8276);
#6749=LINE('',#16620,#8277);
#6750=LINE('',#16622,#8278);
#6751=LINE('',#16624,#8279);
#6752=LINE('',#16626,#8280);
#6753=LINE('',#16628,#8281);
#6754=LINE('',#16630,#8282);
#6755=LINE('',#16632,#8283);
#6756=LINE('',#16634,#8284);
#6757=LINE('',#16636,#8285);
#6758=LINE('',#16638,#8286);
#6759=LINE('',#16640,#8287);
#6760=LINE('',#16642,#8288);
#6761=LINE('',#16644,#8289);
#6762=LINE('',#16646,#8290);
#6763=LINE('',#16648,#8291);
#6764=LINE('',#16650,#8292);
#6765=LINE('',#16652,#8293);
#6766=LINE('',#16654,#8294);
#6767=LINE('',#16656,#8295);
#6768=LINE('',#16658,#8296);
#6769=LINE('',#16660,#8297);
#6770=LINE('',#16662,#8298);
#6771=LINE('',#16664,#8299);
#6772=LINE('',#16666,#8300);
#6773=LINE('',#16668,#8301);
#6774=LINE('',#16670,#8302);
#6775=LINE('',#16672,#8303);
#6776=LINE('',#16674,#8304);
#6777=LINE('',#16676,#8305);
#6778=LINE('',#16678,#8306);
#6779=LINE('',#16680,#8307);
#6780=LINE('',#16682,#8308);
#6781=LINE('',#16684,#8309);
#6782=LINE('',#16686,#8310);
#6783=LINE('',#16688,#8311);
#6784=LINE('',#16690,#8312);
#6785=LINE('',#16692,#8313);
#6786=LINE('',#16694,#8314);
#6787=LINE('',#16696,#8315);
#6788=LINE('',#16698,#8316);
#6789=LINE('',#16700,#8317);
#6790=LINE('',#16702,#8318);
#6791=LINE('',#16704,#8319);
#6792=LINE('',#16706,#8320);
#6793=LINE('',#16708,#8321);
#6794=LINE('',#16710,#8322);
#6795=LINE('',#16712,#8323);
#6796=LINE('',#16714,#8324);
#6797=LINE('',#16716,#8325);
#6798=LINE('',#16718,#8326);
#6799=LINE('',#16720,#8327);
#6800=LINE('',#16722,#8328);
#6801=LINE('',#16724,#8329);
#6802=LINE('',#16726,#8330);
#6803=LINE('',#16728,#8331);
#6804=LINE('',#16730,#8332);
#6805=LINE('',#16732,#8333);
#6806=LINE('',#16734,#8334);
#6807=LINE('',#16736,#8335);
#6808=LINE('',#16738,#8336);
#6809=LINE('',#16740,#8337);
#6810=LINE('',#16742,#8338);
#6811=LINE('',#16744,#8339);
#6812=LINE('',#16746,#8340);
#6813=LINE('',#16748,#8341);
#6814=LINE('',#16750,#8342);
#6815=LINE('',#16752,#8343);
#6816=LINE('',#16754,#8344);
#6817=LINE('',#16756,#8345);
#6818=LINE('',#16758,#8346);
#6819=LINE('',#16760,#8347);
#6820=LINE('',#16762,#8348);
#6821=LINE('',#16764,#8349);
#6822=LINE('',#16766,#8350);
#6823=LINE('',#16768,#8351);
#6824=LINE('',#16770,#8352);
#6825=LINE('',#16772,#8353);
#6826=LINE('',#16774,#8354);
#6827=LINE('',#16776,#8355);
#6828=LINE('',#16778,#8356);
#6829=LINE('',#16780,#8357);
#6830=LINE('',#16782,#8358);
#6831=LINE('',#16784,#8359);
#6832=LINE('',#16786,#8360);
#6833=LINE('',#16788,#8361);
#6834=LINE('',#16790,#8362);
#6835=LINE('',#16792,#8363);
#6836=LINE('',#16794,#8364);
#6837=LINE('',#16796,#8365);
#6838=LINE('',#16798,#8366);
#6839=LINE('',#16800,#8367);
#6840=LINE('',#16802,#8368);
#6841=LINE('',#16804,#8369);
#6842=LINE('',#16806,#8370);
#6843=LINE('',#16808,#8371);
#6844=LINE('',#16810,#8372);
#6845=LINE('',#16812,#8373);
#6846=LINE('',#16814,#8374);
#6847=LINE('',#16816,#8375);
#6848=LINE('',#16818,#8376);
#6849=LINE('',#16820,#8377);
#6850=LINE('',#16822,#8378);
#6851=LINE('',#16824,#8379);
#6852=LINE('',#16826,#8380);
#6853=LINE('',#16828,#8381);
#6854=LINE('',#16830,#8382);
#6855=LINE('',#16832,#8383);
#6856=LINE('',#16834,#8384);
#6857=LINE('',#16836,#8385);
#6858=LINE('',#16838,#8386);
#6859=LINE('',#16840,#8387);
#6860=LINE('',#16842,#8388);
#6861=LINE('',#16844,#8389);
#6862=LINE('',#16846,#8390);
#6863=LINE('',#16848,#8391);
#6864=LINE('',#16850,#8392);
#6865=LINE('',#16852,#8393);
#6866=LINE('',#16854,#8394);
#6867=LINE('',#16856,#8395);
#6868=LINE('',#16858,#8396);
#6869=LINE('',#16860,#8397);
#6870=LINE('',#16862,#8398);
#6871=LINE('',#16864,#8399);
#6872=LINE('',#16866,#8400);
#6873=LINE('',#16868,#8401);
#6874=LINE('',#16870,#8402);
#6875=LINE('',#16872,#8403);
#6876=LINE('',#16874,#8404);
#6877=LINE('',#16876,#8405);
#6878=LINE('',#16878,#8406);
#6879=LINE('',#16880,#8407);
#6880=LINE('',#16882,#8408);
#6881=LINE('',#16884,#8409);
#6882=LINE('',#16886,#8410);
#6883=LINE('',#16888,#8411);
#6884=LINE('',#16890,#8412);
#6885=LINE('',#16892,#8413);
#6886=LINE('',#16894,#8414);
#6887=LINE('',#16896,#8415);
#6888=LINE('',#16898,#8416);
#6889=LINE('',#16900,#8417);
#6890=LINE('',#16902,#8418);
#6891=LINE('',#16904,#8419);
#6892=LINE('',#16906,#8420);
#6893=LINE('',#16908,#8421);
#6894=LINE('',#16910,#8422);
#6895=LINE('',#16912,#8423);
#6896=LINE('',#16914,#8424);
#6897=LINE('',#16916,#8425);
#6898=LINE('',#16918,#8426);
#6899=LINE('',#16920,#8427);
#6900=LINE('',#16922,#8428);
#6901=LINE('',#16924,#8429);
#6902=LINE('',#16926,#8430);
#6903=LINE('',#16928,#8431);
#6904=LINE('',#16930,#8432);
#6905=LINE('',#16932,#8433);
#6906=LINE('',#16934,#8434);
#6907=LINE('',#16936,#8435);
#6908=LINE('',#16938,#8436);
#6909=LINE('',#16940,#8437);
#6910=LINE('',#16942,#8438);
#6911=LINE('',#16944,#8439);
#6912=LINE('',#16946,#8440);
#6913=LINE('',#16948,#8441);
#6914=LINE('',#16950,#8442);
#6915=LINE('',#16952,#8443);
#6916=LINE('',#16954,#8444);
#6917=LINE('',#16956,#8445);
#6918=LINE('',#16958,#8446);
#6919=LINE('',#16960,#8447);
#6920=LINE('',#16962,#8448);
#6921=LINE('',#16964,#8449);
#6922=LINE('',#16966,#8450);
#6923=LINE('',#16968,#8451);
#6924=LINE('',#16970,#8452);
#6925=LINE('',#16972,#8453);
#6926=LINE('',#16974,#8454);
#6927=LINE('',#16976,#8455);
#6928=LINE('',#16978,#8456);
#6929=LINE('',#16980,#8457);
#6930=LINE('',#16982,#8458);
#6931=LINE('',#16984,#8459);
#6932=LINE('',#16986,#8460);
#6933=LINE('',#16988,#8461);
#6934=LINE('',#16990,#8462);
#6935=LINE('',#16992,#8463);
#6936=LINE('',#16994,#8464);
#6937=LINE('',#16996,#8465);
#6938=LINE('',#16998,#8466);
#6939=LINE('',#17000,#8467);
#6940=LINE('',#17002,#8468);
#6941=LINE('',#17004,#8469);
#6942=LINE('',#17006,#8470);
#6943=LINE('',#17008,#8471);
#6944=LINE('',#17010,#8472);
#6945=LINE('',#17012,#8473);
#6946=LINE('',#17014,#8474);
#6947=LINE('',#17016,#8475);
#6948=LINE('',#17018,#8476);
#6949=LINE('',#17020,#8477);
#6950=LINE('',#17022,#8478);
#6951=LINE('',#17024,#8479);
#6952=LINE('',#17026,#8480);
#6953=LINE('',#17028,#8481);
#6954=LINE('',#17030,#8482);
#6955=LINE('',#17032,#8483);
#6956=LINE('',#17034,#8484);
#6957=LINE('',#17036,#8485);
#6958=LINE('',#17038,#8486);
#6959=LINE('',#17040,#8487);
#6960=LINE('',#17042,#8488);
#6961=LINE('',#17044,#8489);
#6962=LINE('',#17046,#8490);
#6963=LINE('',#17048,#8491);
#6964=LINE('',#17050,#8492);
#6965=LINE('',#17052,#8493);
#6966=LINE('',#17054,#8494);
#6967=LINE('',#17056,#8495);
#6968=LINE('',#17058,#8496);
#6969=LINE('',#17060,#8497);
#6970=LINE('',#17062,#8498);
#6971=LINE('',#17064,#8499);
#6972=LINE('',#17066,#8500);
#6973=LINE('',#17068,#8501);
#6974=LINE('',#17070,#8502);
#6975=LINE('',#17072,#8503);
#6976=LINE('',#17074,#8504);
#6977=LINE('',#17076,#8505);
#6978=LINE('',#17078,#8506);
#6979=LINE('',#17080,#8507);
#6980=LINE('',#17082,#8508);
#6981=LINE('',#17084,#8509);
#6982=LINE('',#17086,#8510);
#6983=LINE('',#17088,#8511);
#6984=LINE('',#17090,#8512);
#6985=LINE('',#17092,#8513);
#6986=LINE('',#17094,#8514);
#6987=LINE('',#17096,#8515);
#6988=LINE('',#17098,#8516);
#6989=LINE('',#17100,#8517);
#6990=LINE('',#17102,#8518);
#6991=LINE('',#17104,#8519);
#6992=LINE('',#17106,#8520);
#6993=LINE('',#17108,#8521);
#6994=LINE('',#17110,#8522);
#6995=LINE('',#17112,#8523);
#6996=LINE('',#17114,#8524);
#6997=LINE('',#17116,#8525);
#6998=LINE('',#17118,#8526);
#6999=LINE('',#17120,#8527);
#7000=LINE('',#17122,#8528);
#7001=LINE('',#17124,#8529);
#7002=LINE('',#17126,#8530);
#7003=LINE('',#17128,#8531);
#7004=LINE('',#17130,#8532);
#7005=LINE('',#17132,#8533);
#7006=LINE('',#17134,#8534);
#7007=LINE('',#17136,#8535);
#7008=LINE('',#17138,#8536);
#7009=LINE('',#17140,#8537);
#7010=LINE('',#17142,#8538);
#7011=LINE('',#17144,#8539);
#7012=LINE('',#17146,#8540);
#7013=LINE('',#17148,#8541);
#7014=LINE('',#17150,#8542);
#7015=LINE('',#17152,#8543);
#7016=LINE('',#17154,#8544);
#7017=LINE('',#17156,#8545);
#7018=LINE('',#17158,#8546);
#7019=LINE('',#17160,#8547);
#7020=LINE('',#17162,#8548);
#7021=LINE('',#17164,#8549);
#7022=LINE('',#17166,#8550);
#7023=LINE('',#17168,#8551);
#7024=LINE('',#17170,#8552);
#7025=LINE('',#17172,#8553);
#7026=LINE('',#17174,#8554);
#7027=LINE('',#17176,#8555);
#7028=LINE('',#17178,#8556);
#7029=LINE('',#17179,#8557);
#7030=LINE('',#17181,#8558);
#7031=LINE('',#17182,#8559);
#7032=LINE('',#17185,#8560);
#7033=LINE('',#17187,#8561);
#7034=LINE('',#17189,#8562);
#7035=LINE('',#17191,#8563);
#7036=LINE('',#17193,#8564);
#7037=LINE('',#17195,#8565);
#7038=LINE('',#17196,#8566);
#7039=LINE('',#17198,#8567);
#7040=LINE('',#17199,#8568);
#7041=LINE('',#17202,#8569);
#7042=LINE('',#17204,#8570);
#7043=LINE('',#17206,#8571);
#7044=LINE('',#17208,#8572);
#7045=LINE('',#17210,#8573);
#7046=LINE('',#17212,#8574);
#7047=LINE('',#17213,#8575);
#7048=LINE('',#17215,#8576);
#7049=LINE('',#17216,#8577);
#7050=LINE('',#17219,#8578);
#7051=LINE('',#17221,#8579);
#7052=LINE('',#17223,#8580);
#7053=LINE('',#17225,#8581);
#7054=LINE('',#17227,#8582);
#7055=LINE('',#17229,#8583);
#7056=LINE('',#17230,#8584);
#7057=LINE('',#17232,#8585);
#7058=LINE('',#17233,#8586);
#7059=LINE('',#17236,#8587);
#7060=LINE('',#17238,#8588);
#7061=LINE('',#17240,#8589);
#7062=LINE('',#17242,#8590);
#7063=LINE('',#17244,#8591);
#7064=LINE('',#17246,#8592);
#7065=LINE('',#17247,#8593);
#7066=LINE('',#17249,#8594);
#7067=LINE('',#17250,#8595);
#7068=LINE('',#17253,#8596);
#7069=LINE('',#17255,#8597);
#7070=LINE('',#17257,#8598);
#7071=LINE('',#17259,#8599);
#7072=LINE('',#17261,#8600);
#7073=LINE('',#17263,#8601);
#7074=LINE('',#17264,#8602);
#7075=LINE('',#17266,#8603);
#7076=LINE('',#17267,#8604);
#7077=LINE('',#17270,#8605);
#7078=LINE('',#17273,#8606);
#7079=LINE('',#17276,#8607);
#7080=LINE('',#17279,#8608);
#7081=LINE('',#17282,#8609);
#7082=LINE('',#17285,#8610);
#7083=LINE('',#17288,#8611);
#7084=LINE('',#17290,#8612);
#7085=LINE('',#17292,#8613);
#7086=LINE('',#17294,#8614);
#7087=LINE('',#17296,#8615);
#7088=LINE('',#17298,#8616);
#7089=LINE('',#17300,#8617);
#7090=LINE('',#17302,#8618);
#7091=LINE('',#17304,#8619);
#7092=LINE('',#17306,#8620);
#7093=LINE('',#17308,#8621);
#7094=LINE('',#17310,#8622);
#7095=LINE('',#17312,#8623);
#7096=LINE('',#17314,#8624);
#7097=LINE('',#17316,#8625);
#7098=LINE('',#17318,#8626);
#7099=LINE('',#17320,#8627);
#7100=LINE('',#17322,#8628);
#7101=LINE('',#17324,#8629);
#7102=LINE('',#17326,#8630);
#7103=LINE('',#17328,#8631);
#7104=LINE('',#17330,#8632);
#7105=LINE('',#17332,#8633);
#7106=LINE('',#17334,#8634);
#7107=LINE('',#17336,#8635);
#7108=LINE('',#17338,#8636);
#7109=LINE('',#17340,#8637);
#7110=LINE('',#17342,#8638);
#7111=LINE('',#17344,#8639);
#7112=LINE('',#17346,#8640);
#7113=LINE('',#17348,#8641);
#7114=LINE('',#17350,#8642);
#7115=LINE('',#17352,#8643);
#7116=LINE('',#17354,#8644);
#7117=LINE('',#17356,#8645);
#7118=LINE('',#17358,#8646);
#7119=LINE('',#17360,#8647);
#7120=LINE('',#17362,#8648);
#7121=LINE('',#17364,#8649);
#7122=LINE('',#17366,#8650);
#7123=LINE('',#17368,#8651);
#7124=LINE('',#17370,#8652);
#7125=LINE('',#17372,#8653);
#7126=LINE('',#17374,#8654);
#7127=LINE('',#17376,#8655);
#7128=LINE('',#17378,#8656);
#7129=LINE('',#17380,#8657);
#7130=LINE('',#17382,#8658);
#7131=LINE('',#17385,#8659);
#7132=LINE('',#17386,#8660);
#7133=LINE('',#17388,#8661);
#7134=LINE('',#17390,#8662);
#7135=LINE('',#17392,#8663);
#7136=LINE('',#17394,#8664);
#7137=LINE('',#17396,#8665);
#7138=LINE('',#17398,#8666);
#7139=LINE('',#17399,#8667);
#7140=LINE('',#17401,#8668);
#7141=LINE('',#17403,#8669);
#7142=LINE('',#17405,#8670);
#7143=LINE('',#17407,#8671);
#7144=LINE('',#17409,#8672);
#7145=LINE('',#17411,#8673);
#7146=LINE('',#17413,#8674);
#7147=LINE('',#17415,#8675);
#7148=LINE('',#17417,#8676);
#7149=LINE('',#17419,#8677);
#7150=LINE('',#17421,#8678);
#7151=LINE('',#17423,#8679);
#7152=LINE('',#17425,#8680);
#7153=LINE('',#17427,#8681);
#7154=LINE('',#17429,#8682);
#7155=LINE('',#17432,#8683);
#7156=LINE('',#17434,#8684);
#7157=LINE('',#17436,#8685);
#7158=LINE('',#17438,#8686);
#7159=LINE('',#17440,#8687);
#7160=LINE('',#17442,#8688);
#7161=LINE('',#17444,#8689);
#7162=LINE('',#17446,#8690);
#7163=LINE('',#17448,#8691);
#7164=LINE('',#17450,#8692);
#7165=LINE('',#17452,#8693);
#7166=LINE('',#17454,#8694);
#7167=LINE('',#17456,#8695);
#7168=LINE('',#17458,#8696);
#7169=LINE('',#17460,#8697);
#7170=LINE('',#17462,#8698);
#7171=LINE('',#17464,#8699);
#7172=LINE('',#17466,#8700);
#7173=LINE('',#17468,#8701);
#7174=LINE('',#17470,#8702);
#7175=LINE('',#17472,#8703);
#7176=LINE('',#17474,#8704);
#7177=LINE('',#17476,#8705);
#7178=LINE('',#17478,#8706);
#7179=LINE('',#17480,#8707);
#7180=LINE('',#17482,#8708);
#7181=LINE('',#17484,#8709);
#7182=LINE('',#17486,#8710);
#7183=LINE('',#17488,#8711);
#7184=LINE('',#17490,#8712);
#7185=LINE('',#17492,#8713);
#7186=LINE('',#17494,#8714);
#7187=LINE('',#17496,#8715);
#7188=LINE('',#17498,#8716);
#7189=LINE('',#17500,#8717);
#7190=LINE('',#17502,#8718);
#7191=LINE('',#17504,#8719);
#7192=LINE('',#17506,#8720);
#7193=LINE('',#17508,#8721);
#7194=LINE('',#17510,#8722);
#7195=LINE('',#17512,#8723);
#7196=LINE('',#17514,#8724);
#7197=LINE('',#17516,#8725);
#7198=LINE('',#17518,#8726);
#7199=LINE('',#17520,#8727);
#7200=LINE('',#17522,#8728);
#7201=LINE('',#17524,#8729);
#7202=LINE('',#17526,#8730);
#7203=LINE('',#17529,#8731);
#7204=LINE('',#17530,#8732);
#7205=LINE('',#17532,#8733);
#7206=LINE('',#17534,#8734);
#7207=LINE('',#17536,#8735);
#7208=LINE('',#17538,#8736);
#7209=LINE('',#17540,#8737);
#7210=LINE('',#17542,#8738);
#7211=LINE('',#17543,#8739);
#7212=LINE('',#17545,#8740);
#7213=LINE('',#17547,#8741);
#7214=LINE('',#17549,#8742);
#7215=LINE('',#17551,#8743);
#7216=LINE('',#17553,#8744);
#7217=LINE('',#17555,#8745);
#7218=LINE('',#17557,#8746);
#7219=LINE('',#17559,#8747);
#7220=LINE('',#17561,#8748);
#7221=LINE('',#17563,#8749);
#7222=LINE('',#17565,#8750);
#7223=LINE('',#17567,#8751);
#7224=LINE('',#17569,#8752);
#7225=LINE('',#17571,#8753);
#7226=LINE('',#17573,#8754);
#7227=LINE('',#17576,#8755);
#7228=LINE('',#17578,#8756);
#7229=LINE('',#17580,#8757);
#7230=LINE('',#17582,#8758);
#7231=LINE('',#17584,#8759);
#7232=LINE('',#17586,#8760);
#7233=LINE('',#17588,#8761);
#7234=LINE('',#17590,#8762);
#7235=LINE('',#17592,#8763);
#7236=LINE('',#17594,#8764);
#7237=LINE('',#17596,#8765);
#7238=LINE('',#17598,#8766);
#7239=LINE('',#17600,#8767);
#7240=LINE('',#17602,#8768);
#7241=LINE('',#17604,#8769);
#7242=LINE('',#17606,#8770);
#7243=LINE('',#17608,#8771);
#7244=LINE('',#17610,#8772);
#7245=LINE('',#17612,#8773);
#7246=LINE('',#17614,#8774);
#7247=LINE('',#17616,#8775);
#7248=LINE('',#17618,#8776);
#7249=LINE('',#17620,#8777);
#7250=LINE('',#17622,#8778);
#7251=LINE('',#17624,#8779);
#7252=LINE('',#17626,#8780);
#7253=LINE('',#17628,#8781);
#7254=LINE('',#17630,#8782);
#7255=LINE('',#17632,#8783);
#7256=LINE('',#17634,#8784);
#7257=LINE('',#17636,#8785);
#7258=LINE('',#17638,#8786);
#7259=LINE('',#17640,#8787);
#7260=LINE('',#17642,#8788);
#7261=LINE('',#17644,#8789);
#7262=LINE('',#17646,#8790);
#7263=LINE('',#17648,#8791);
#7264=LINE('',#17650,#8792);
#7265=LINE('',#17652,#8793);
#7266=LINE('',#17654,#8794);
#7267=LINE('',#17656,#8795);
#7268=LINE('',#17658,#8796);
#7269=LINE('',#17660,#8797);
#7270=LINE('',#17662,#8798);
#7271=LINE('',#17664,#8799);
#7272=LINE('',#17666,#8800);
#7273=LINE('',#17668,#8801);
#7274=LINE('',#17670,#8802);
#7275=LINE('',#17673,#8803);
#7276=LINE('',#17674,#8804);
#7277=LINE('',#17676,#8805);
#7278=LINE('',#17678,#8806);
#7279=LINE('',#17680,#8807);
#7280=LINE('',#17682,#8808);
#7281=LINE('',#17684,#8809);
#7282=LINE('',#17686,#8810);
#7283=LINE('',#17687,#8811);
#7284=LINE('',#17689,#8812);
#7285=LINE('',#17691,#8813);
#7286=LINE('',#17693,#8814);
#7287=LINE('',#17695,#8815);
#7288=LINE('',#17697,#8816);
#7289=LINE('',#17699,#8817);
#7290=LINE('',#17701,#8818);
#7291=LINE('',#17703,#8819);
#7292=LINE('',#17705,#8820);
#7293=LINE('',#17707,#8821);
#7294=LINE('',#17709,#8822);
#7295=LINE('',#17711,#8823);
#7296=LINE('',#17713,#8824);
#7297=LINE('',#17715,#8825);
#7298=LINE('',#17717,#8826);
#7299=LINE('',#17720,#8827);
#7300=LINE('',#17722,#8828);
#7301=LINE('',#17724,#8829);
#7302=LINE('',#17726,#8830);
#7303=LINE('',#17728,#8831);
#7304=LINE('',#17730,#8832);
#7305=LINE('',#17732,#8833);
#7306=LINE('',#17734,#8834);
#7307=LINE('',#17736,#8835);
#7308=LINE('',#17738,#8836);
#7309=LINE('',#17740,#8837);
#7310=LINE('',#17742,#8838);
#7311=LINE('',#17744,#8839);
#7312=LINE('',#17746,#8840);
#7313=LINE('',#17748,#8841);
#7314=LINE('',#17750,#8842);
#7315=LINE('',#17752,#8843);
#7316=LINE('',#17754,#8844);
#7317=LINE('',#17756,#8845);
#7318=LINE('',#17758,#8846);
#7319=LINE('',#17760,#8847);
#7320=LINE('',#17762,#8848);
#7321=LINE('',#17764,#8849);
#7322=LINE('',#17766,#8850);
#7323=LINE('',#17768,#8851);
#7324=LINE('',#17770,#8852);
#7325=LINE('',#17772,#8853);
#7326=LINE('',#17774,#8854);
#7327=LINE('',#17776,#8855);
#7328=LINE('',#17778,#8856);
#7329=LINE('',#17780,#8857);
#7330=LINE('',#17782,#8858);
#7331=LINE('',#17784,#8859);
#7332=LINE('',#17786,#8860);
#7333=LINE('',#17788,#8861);
#7334=LINE('',#17790,#8862);
#7335=LINE('',#17792,#8863);
#7336=LINE('',#17794,#8864);
#7337=LINE('',#17796,#8865);
#7338=LINE('',#17798,#8866);
#7339=LINE('',#17800,#8867);
#7340=LINE('',#17802,#8868);
#7341=LINE('',#17804,#8869);
#7342=LINE('',#17806,#8870);
#7343=LINE('',#17808,#8871);
#7344=LINE('',#17810,#8872);
#7345=LINE('',#17812,#8873);
#7346=LINE('',#17814,#8874);
#7347=LINE('',#17817,#8875);
#7348=LINE('',#17818,#8876);
#7349=LINE('',#17820,#8877);
#7350=LINE('',#17822,#8878);
#7351=LINE('',#17824,#8879);
#7352=LINE('',#17826,#8880);
#7353=LINE('',#17828,#8881);
#7354=LINE('',#17830,#8882);
#7355=LINE('',#17831,#8883);
#7356=LINE('',#17833,#8884);
#7357=LINE('',#17835,#8885);
#7358=LINE('',#17837,#8886);
#7359=LINE('',#17839,#8887);
#7360=LINE('',#17841,#8888);
#7361=LINE('',#17843,#8889);
#7362=LINE('',#17845,#8890);
#7363=LINE('',#17847,#8891);
#7364=LINE('',#17849,#8892);
#7365=LINE('',#17851,#8893);
#7366=LINE('',#17853,#8894);
#7367=LINE('',#17855,#8895);
#7368=LINE('',#17857,#8896);
#7369=LINE('',#17859,#8897);
#7370=LINE('',#17861,#8898);
#7371=LINE('',#17864,#8899);
#7372=LINE('',#17866,#8900);
#7373=LINE('',#17868,#8901);
#7374=LINE('',#17870,#8902);
#7375=LINE('',#17873,#8903);
#7376=LINE('',#17875,#8904);
#7377=LINE('',#17877,#8905);
#7378=LINE('',#17878,#8906);
#7379=LINE('',#17880,#8907);
#7380=LINE('',#17881,#8908);
#7381=LINE('',#17884,#8909);
#7382=LINE('',#17886,#8910);
#7383=LINE('',#17888,#8911);
#7384=LINE('',#17890,#8912);
#7385=LINE('',#17893,#8913);
#7386=LINE('',#17895,#8914);
#7387=LINE('',#17897,#8915);
#7388=LINE('',#17898,#8916);
#7389=LINE('',#17900,#8917);
#7390=LINE('',#17901,#8918);
#7391=LINE('',#17904,#8919);
#7392=LINE('',#17906,#8920);
#7393=LINE('',#17908,#8921);
#7394=LINE('',#17910,#8922);
#7395=LINE('',#17913,#8923);
#7396=LINE('',#17915,#8924);
#7397=LINE('',#17917,#8925);
#7398=LINE('',#17918,#8926);
#7399=LINE('',#17920,#8927);
#7400=LINE('',#17921,#8928);
#7401=LINE('',#17924,#8929);
#7402=LINE('',#17926,#8930);
#7403=LINE('',#17928,#8931);
#7404=LINE('',#17930,#8932);
#7405=LINE('',#17933,#8933);
#7406=LINE('',#17935,#8934);
#7407=LINE('',#17937,#8935);
#7408=LINE('',#17938,#8936);
#7409=LINE('',#17940,#8937);
#7410=LINE('',#17941,#8938);
#7411=LINE('',#17944,#8939);
#7412=LINE('',#17946,#8940);
#7413=LINE('',#17948,#8941);
#7414=LINE('',#17950,#8942);
#7415=LINE('',#17953,#8943);
#7416=LINE('',#17955,#8944);
#7417=LINE('',#17957,#8945);
#7418=LINE('',#17958,#8946);
#7419=LINE('',#17960,#8947);
#7420=LINE('',#17961,#8948);
#7421=LINE('',#17964,#8949);
#7422=LINE('',#17966,#8950);
#7423=LINE('',#17968,#8951);
#7424=LINE('',#17970,#8952);
#7425=LINE('',#17973,#8953);
#7426=LINE('',#17975,#8954);
#7427=LINE('',#17977,#8955);
#7428=LINE('',#17978,#8956);
#7429=LINE('',#17980,#8957);
#7430=LINE('',#17981,#8958);
#7431=LINE('',#17984,#8959);
#7432=LINE('',#17985,#8960);
#7433=LINE('',#17988,#8961);
#7434=LINE('',#17989,#8962);
#7435=LINE('',#17992,#8963);
#7436=LINE('',#17993,#8964);
#7437=LINE('',#17996,#8965);
#7438=LINE('',#17997,#8966);
#7439=LINE('',#18000,#8967);
#7440=LINE('',#18001,#8968);
#7441=LINE('',#18004,#8969);
#7442=LINE('',#18005,#8970);
#7443=VECTOR('',#11970,1.);
#7444=VECTOR('',#11971,1.);
#7445=VECTOR('',#11972,1.);
#7446=VECTOR('',#11973,1.);
#7447=VECTOR('',#11974,1.);
#7448=VECTOR('',#11975,1.);
#7449=VECTOR('',#11976,1.);
#7450=VECTOR('',#11977,1.);
#7451=VECTOR('',#11978,1.);
#7452=VECTOR('',#11979,1.);
#7453=VECTOR('',#11980,1.);
#7454=VECTOR('',#11981,1.);
#7455=VECTOR('',#11988,1.);
#7456=VECTOR('',#11991,1.);
#7457=VECTOR('',#11994,1.);
#7458=VECTOR('',#11997,1.);
#7459=VECTOR('',#12008,1.);
#7460=VECTOR('',#12011,1.);
#7461=VECTOR('',#12014,1.);
#7462=VECTOR('',#12017,1.);
#7463=VECTOR('',#12028,1.);
#7464=VECTOR('',#12031,1.);
#7465=VECTOR('',#12034,1.);
#7466=VECTOR('',#12037,1.);
#7467=VECTOR('',#12048,1.);
#7468=VECTOR('',#12051,1.);
#7469=VECTOR('',#12054,1.);
#7470=VECTOR('',#12057,1.);
#7471=VECTOR('',#12068,1.);
#7472=VECTOR('',#12071,1.);
#7473=VECTOR('',#12074,1.);
#7474=VECTOR('',#12077,1.);
#7475=VECTOR('',#12088,1.);
#7476=VECTOR('',#12091,1.);
#7477=VECTOR('',#12094,1.);
#7478=VECTOR('',#12097,1.);
#7479=VECTOR('',#12104,1.);
#7480=VECTOR('',#12105,1.);
#7481=VECTOR('',#12106,1.);
#7482=VECTOR('',#12107,1.);
#7483=VECTOR('',#12108,1.);
#7484=VECTOR('',#12109,1.);
#7485=VECTOR('',#12110,1.);
#7486=VECTOR('',#12111,1.);
#7487=VECTOR('',#12112,1.);
#7488=VECTOR('',#12113,1.);
#7489=VECTOR('',#12114,1.);
#7490=VECTOR('',#12115,1.);
#7491=VECTOR('',#12116,1.);
#7492=VECTOR('',#12117,1.);
#7493=VECTOR('',#12118,1.);
#7494=VECTOR('',#12119,1.);
#7495=VECTOR('',#12120,1.);
#7496=VECTOR('',#12121,1.);
#7497=VECTOR('',#12122,1.);
#7498=VECTOR('',#12123,1.);
#7499=VECTOR('',#12124,1.);
#7500=VECTOR('',#12125,1.);
#7501=VECTOR('',#12126,1.);
#7502=VECTOR('',#12127,1.);
#7503=VECTOR('',#12128,1.);
#7504=VECTOR('',#12129,1.);
#7505=VECTOR('',#12130,1.);
#7506=VECTOR('',#12131,1.);
#7507=VECTOR('',#12132,1.);
#7508=VECTOR('',#12133,1.);
#7509=VECTOR('',#12134,1.);
#7510=VECTOR('',#12135,1.);
#7511=VECTOR('',#12136,1.);
#7512=VECTOR('',#12137,1.);
#7513=VECTOR('',#12138,1.);
#7514=VECTOR('',#12139,1.);
#7515=VECTOR('',#12140,1.);
#7516=VECTOR('',#12141,1.);
#7517=VECTOR('',#12144,1.);
#7518=VECTOR('',#12145,1.);
#7519=VECTOR('',#12146,1.);
#7520=VECTOR('',#12147,1.);
#7521=VECTOR('',#12148,1.);
#7522=VECTOR('',#12149,1.);
#7523=VECTOR('',#12150,1.);
#7524=VECTOR('',#12151,1.);
#7525=VECTOR('',#12152,1.);
#7526=VECTOR('',#12153,1.);
#7527=VECTOR('',#12154,1.);
#7528=VECTOR('',#12155,1.);
#7529=VECTOR('',#12156,1.);
#7530=VECTOR('',#12157,1.);
#7531=VECTOR('',#12158,1.);
#7532=VECTOR('',#12159,1.);
#7533=VECTOR('',#12160,1.);
#7534=VECTOR('',#12161,1.);
#7535=VECTOR('',#12162,1.);
#7536=VECTOR('',#12163,1.);
#7537=VECTOR('',#12164,1.);
#7538=VECTOR('',#12165,1.);
#7539=VECTOR('',#12166,1.);
#7540=VECTOR('',#12167,1.);
#7541=VECTOR('',#12168,1.);
#7542=VECTOR('',#12169,1.);
#7543=VECTOR('',#12170,1.);
#7544=VECTOR('',#12171,1.);
#7545=VECTOR('',#12172,1.);
#7546=VECTOR('',#12173,1.);
#7547=VECTOR('',#12174,1.);
#7548=VECTOR('',#12175,1.);
#7549=VECTOR('',#12176,1.);
#7550=VECTOR('',#12177,1.);
#7551=VECTOR('',#12178,1.);
#7552=VECTOR('',#12179,1.);
#7553=VECTOR('',#12180,1.);
#7554=VECTOR('',#12181,1.);
#7555=VECTOR('',#12184,1.);
#7556=VECTOR('',#12185,1.);
#7557=VECTOR('',#12186,1.);
#7558=VECTOR('',#12187,1.);
#7559=VECTOR('',#12188,1.);
#7560=VECTOR('',#12189,1.);
#7561=VECTOR('',#12190,1.);
#7562=VECTOR('',#12191,1.);
#7563=VECTOR('',#12192,1.);
#7564=VECTOR('',#12193,1.);
#7565=VECTOR('',#12194,1.);
#7566=VECTOR('',#12195,1.);
#7567=VECTOR('',#12196,1.);
#7568=VECTOR('',#12197,1.);
#7569=VECTOR('',#12198,1.);
#7570=VECTOR('',#12199,1.);
#7571=VECTOR('',#12200,1.);
#7572=VECTOR('',#12201,1.);
#7573=VECTOR('',#12202,1.);
#7574=VECTOR('',#12203,1.);
#7575=VECTOR('',#12204,1.);
#7576=VECTOR('',#12205,1.);
#7577=VECTOR('',#12206,1.);
#7578=VECTOR('',#12207,1.);
#7579=VECTOR('',#12208,1.);
#7580=VECTOR('',#12209,1.);
#7581=VECTOR('',#12210,1.);
#7582=VECTOR('',#12211,1.);
#7583=VECTOR('',#12212,1.);
#7584=VECTOR('',#12213,1.);
#7585=VECTOR('',#12214,1.);
#7586=VECTOR('',#12215,1.);
#7587=VECTOR('',#12216,1.);
#7588=VECTOR('',#12217,1.);
#7589=VECTOR('',#12218,1.);
#7590=VECTOR('',#12219,1.);
#7591=VECTOR('',#12220,1.);
#7592=VECTOR('',#12221,1.);
#7593=VECTOR('',#12224,1.);
#7594=VECTOR('',#12225,1.);
#7595=VECTOR('',#12226,1.);
#7596=VECTOR('',#12227,1.);
#7597=VECTOR('',#12228,1.);
#7598=VECTOR('',#12229,1.);
#7599=VECTOR('',#12230,1.);
#7600=VECTOR('',#12231,1.);
#7601=VECTOR('',#12232,1.);
#7602=VECTOR('',#12233,1.);
#7603=VECTOR('',#12234,1.);
#7604=VECTOR('',#12235,1.);
#7605=VECTOR('',#12236,1.);
#7606=VECTOR('',#12237,1.);
#7607=VECTOR('',#12238,1.);
#7608=VECTOR('',#12239,1.);
#7609=VECTOR('',#12240,1.);
#7610=VECTOR('',#12241,1.);
#7611=VECTOR('',#12242,1.);
#7612=VECTOR('',#12243,1.);
#7613=VECTOR('',#12244,1.);
#7614=VECTOR('',#12245,1.);
#7615=VECTOR('',#12246,1.);
#7616=VECTOR('',#12247,1.);
#7617=VECTOR('',#12248,1.);
#7618=VECTOR('',#12249,1.);
#7619=VECTOR('',#12250,1.);
#7620=VECTOR('',#12251,1.);
#7621=VECTOR('',#12252,1.);
#7622=VECTOR('',#12253,1.);
#7623=VECTOR('',#12254,1.);
#7624=VECTOR('',#12255,1.);
#7625=VECTOR('',#12256,1.);
#7626=VECTOR('',#12257,1.);
#7627=VECTOR('',#12258,1.);
#7628=VECTOR('',#12259,1.);
#7629=VECTOR('',#12260,1.);
#7630=VECTOR('',#12261,1.);
#7631=VECTOR('',#12264,1.);
#7632=VECTOR('',#12265,1.);
#7633=VECTOR('',#12266,1.);
#7634=VECTOR('',#12267,1.);
#7635=VECTOR('',#12268,1.);
#7636=VECTOR('',#12269,1.);
#7637=VECTOR('',#12270,1.);
#7638=VECTOR('',#12271,1.);
#7639=VECTOR('',#12272,1.);
#7640=VECTOR('',#12273,1.);
#7641=VECTOR('',#12274,1.);
#7642=VECTOR('',#12275,1.);
#7643=VECTOR('',#12276,1.);
#7644=VECTOR('',#12277,1.);
#7645=VECTOR('',#12278,1.);
#7646=VECTOR('',#12279,1.);
#7647=VECTOR('',#12280,1.);
#7648=VECTOR('',#12281,1.);
#7649=VECTOR('',#12282,1.);
#7650=VECTOR('',#12283,1.);
#7651=VECTOR('',#12284,1.);
#7652=VECTOR('',#12285,1.);
#7653=VECTOR('',#12286,1.);
#7654=VECTOR('',#12287,1.);
#7655=VECTOR('',#12288,1.);
#7656=VECTOR('',#12289,1.);
#7657=VECTOR('',#12290,1.);
#7658=VECTOR('',#12291,1.);
#7659=VECTOR('',#12292,1.);
#7660=VECTOR('',#12293,1.);
#7661=VECTOR('',#12294,1.);
#7662=VECTOR('',#12295,1.);
#7663=VECTOR('',#12296,1.);
#7664=VECTOR('',#12297,1.);
#7665=VECTOR('',#12298,1.);
#7666=VECTOR('',#12299,1.);
#7667=VECTOR('',#12300,1.);
#7668=VECTOR('',#12301,1.);
#7669=VECTOR('',#12304,1.);
#7670=VECTOR('',#12305,1.);
#7671=VECTOR('',#12306,1.);
#7672=VECTOR('',#12307,1.);
#7673=VECTOR('',#12308,1.);
#7674=VECTOR('',#12309,1.);
#7675=VECTOR('',#12310,1.);
#7676=VECTOR('',#12311,1.);
#7677=VECTOR('',#12312,1.);
#7678=VECTOR('',#12313,1.);
#7679=VECTOR('',#12314,1.);
#7680=VECTOR('',#12315,1.);
#7681=VECTOR('',#12316,1.);
#7682=VECTOR('',#12317,1.);
#7683=VECTOR('',#12318,1.);
#7684=VECTOR('',#12319,1.);
#7685=VECTOR('',#12320,1.);
#7686=VECTOR('',#12321,1.);
#7687=VECTOR('',#12322,1.);
#7688=VECTOR('',#12323,1.);
#7689=VECTOR('',#12324,1.);
#7690=VECTOR('',#12325,1.);
#7691=VECTOR('',#12326,1.);
#7692=VECTOR('',#12327,1.);
#7693=VECTOR('',#12328,1.);
#7694=VECTOR('',#12329,1.);
#7695=VECTOR('',#12330,1.);
#7696=VECTOR('',#12331,1.);
#7697=VECTOR('',#12332,1.);
#7698=VECTOR('',#12333,1.);
#7699=VECTOR('',#12334,1.);
#7700=VECTOR('',#12335,1.);
#7701=VECTOR('',#12336,1.);
#7702=VECTOR('',#12337,1.);
#7703=VECTOR('',#12338,1.);
#7704=VECTOR('',#12339,1.);
#7705=VECTOR('',#12340,1.);
#7706=VECTOR('',#12341,1.);
#7707=VECTOR('',#12344,1.);
#7708=VECTOR('',#12345,1.);
#7709=VECTOR('',#12346,1.);
#7710=VECTOR('',#12347,1.);
#7711=VECTOR('',#12350,1.);
#7712=VECTOR('',#12351,1.);
#7713=VECTOR('',#12352,1.);
#7714=VECTOR('',#12355,1.);
#7715=VECTOR('',#12356,1.);
#7716=VECTOR('',#12357,1.);
#7717=VECTOR('',#12360,1.);
#7718=VECTOR('',#12361,1.);
#7719=VECTOR('',#12362,1.);
#7720=VECTOR('',#12363,1.);
#7721=VECTOR('',#12364,1.);
#7722=VECTOR('',#12365,1.);
#7723=VECTOR('',#12366,1.);
#7724=VECTOR('',#12367,1.);
#7725=VECTOR('',#12368,1.);
#7726=VECTOR('',#12369,1.);
#7727=VECTOR('',#12370,1.);
#7728=VECTOR('',#12371,1.);
#7729=VECTOR('',#12372,1.);
#7730=VECTOR('',#12373,1.);
#7731=VECTOR('',#12374,1.);
#7732=VECTOR('',#12375,1.);
#7733=VECTOR('',#12376,1.);
#7734=VECTOR('',#12377,1.);
#7735=VECTOR('',#12378,1.);
#7736=VECTOR('',#12389,1.);
#7737=VECTOR('',#12392,1.);
#7738=VECTOR('',#12403,1.);
#7739=VECTOR('',#12406,1.);
#7740=VECTOR('',#12409,1.);
#7741=VECTOR('',#12410,1.);
#7742=VECTOR('',#12411,1.);
#7743=VECTOR('',#12412,1.);
#7744=VECTOR('',#12413,1.);
#7745=VECTOR('',#12414,1.);
#7746=VECTOR('',#12415,1.);
#7747=VECTOR('',#12416,1.);
#7748=VECTOR('',#12417,1.);
#7749=VECTOR('',#12418,1.);
#7750=VECTOR('',#12419,1.);
#7751=VECTOR('',#12420,1.);
#7752=VECTOR('',#12421,1.);
#7753=VECTOR('',#12422,1.);
#7754=VECTOR('',#12423,1.);
#7755=VECTOR('',#12424,1.);
#7756=VECTOR('',#12425,1.);
#7757=VECTOR('',#12426,1.);
#7758=VECTOR('',#12427,1.);
#7759=VECTOR('',#12428,1.);
#7760=VECTOR('',#12429,1.);
#7761=VECTOR('',#12430,1.);
#7762=VECTOR('',#12431,1.);
#7763=VECTOR('',#12432,1.);
#7764=VECTOR('',#12433,1.);
#7765=VECTOR('',#12434,1.);
#7766=VECTOR('',#12435,1.);
#7767=VECTOR('',#12436,1.);
#7768=VECTOR('',#12437,1.);
#7769=VECTOR('',#12438,1.);
#7770=VECTOR('',#12439,1.);
#7771=VECTOR('',#12440,1.);
#7772=VECTOR('',#12441,1.);
#7773=VECTOR('',#12444,1.);
#7774=VECTOR('',#12445,1.);
#7775=VECTOR('',#12446,1.);
#7776=VECTOR('',#12447,1.);
#7777=VECTOR('',#12448,1.);
#7778=VECTOR('',#12449,1.);
#7779=VECTOR('',#12450,1.);
#7780=VECTOR('',#12451,1.);
#7781=VECTOR('',#12452,1.);
#7782=VECTOR('',#12453,1.);
#7783=VECTOR('',#12454,1.);
#7784=VECTOR('',#12455,1.);
#7785=VECTOR('',#12456,1.);
#7786=VECTOR('',#12457,1.);
#7787=VECTOR('',#12458,1.);
#7788=VECTOR('',#12459,1.);
#7789=VECTOR('',#12460,1.);
#7790=VECTOR('',#12461,1.);
#7791=VECTOR('',#12462,1.);
#7792=VECTOR('',#12463,1.);
#7793=VECTOR('',#12464,1.);
#7794=VECTOR('',#12465,1.);
#7795=VECTOR('',#12466,1.);
#7796=VECTOR('',#12467,1.);
#7797=VECTOR('',#12468,1.);
#7798=VECTOR('',#12469,1.);
#7799=VECTOR('',#12470,1.);
#7800=VECTOR('',#12471,1.);
#7801=VECTOR('',#12472,1.);
#7802=VECTOR('',#12473,1.);
#7803=VECTOR('',#12474,1.);
#7804=VECTOR('',#12475,1.);
#7805=VECTOR('',#12478,1.);
#7806=VECTOR('',#12479,1.);
#7807=VECTOR('',#12480,1.);
#7808=VECTOR('',#12481,1.);
#7809=VECTOR('',#12482,1.);
#7810=VECTOR('',#12483,1.);
#7811=VECTOR('',#12484,1.);
#7812=VECTOR('',#12485,1.);
#7813=VECTOR('',#12486,1.);
#7814=VECTOR('',#12487,1.);
#7815=VECTOR('',#12488,1.);
#7816=VECTOR('',#12489,1.);
#7817=VECTOR('',#12490,1.);
#7818=VECTOR('',#12491,1.);
#7819=VECTOR('',#12492,1.);
#7820=VECTOR('',#12493,1.);
#7821=VECTOR('',#12494,1.);
#7822=VECTOR('',#12495,1.);
#7823=VECTOR('',#12496,1.);
#7824=VECTOR('',#12497,1.);
#7825=VECTOR('',#12498,1.);
#7826=VECTOR('',#12499,1.);
#7827=VECTOR('',#12500,1.);
#7828=VECTOR('',#12501,1.);
#7829=VECTOR('',#12502,1.);
#7830=VECTOR('',#12503,1.);
#7831=VECTOR('',#12504,1.);
#7832=VECTOR('',#12505,1.);
#7833=VECTOR('',#12506,1.);
#7834=VECTOR('',#12507,1.);
#7835=VECTOR('',#12508,1.);
#7836=VECTOR('',#12511,1.);
#7837=VECTOR('',#12512,1.);
#7838=VECTOR('',#12513,1.);
#7839=VECTOR('',#12514,1.);
#7840=VECTOR('',#12515,1.);
#7841=VECTOR('',#12516,1.);
#7842=VECTOR('',#12517,1.);
#7843=VECTOR('',#12518,1.);
#7844=VECTOR('',#12519,1.);
#7845=VECTOR('',#12520,1.);
#7846=VECTOR('',#12521,1.);
#7847=VECTOR('',#12522,1.);
#7848=VECTOR('',#12523,1.);
#7849=VECTOR('',#12524,1.);
#7850=VECTOR('',#12525,1.);
#7851=VECTOR('',#12526,1.);
#7852=VECTOR('',#12527,1.);
#7853=VECTOR('',#12528,1.);
#7854=VECTOR('',#12529,1.);
#7855=VECTOR('',#12530,1.);
#7856=VECTOR('',#12531,1.);
#7857=VECTOR('',#12532,1.);
#7858=VECTOR('',#12533,1.);
#7859=VECTOR('',#12534,1.);
#7860=VECTOR('',#12535,1.);
#7861=VECTOR('',#12536,1.);
#7862=VECTOR('',#12537,1.);
#7863=VECTOR('',#12538,1.);
#7864=VECTOR('',#12539,1.);
#7865=VECTOR('',#12540,1.);
#7866=VECTOR('',#12541,1.);
#7867=VECTOR('',#12542,1.);
#7868=VECTOR('',#12545,1.);
#7869=VECTOR('',#12546,1.);
#7870=VECTOR('',#12547,1.);
#7871=VECTOR('',#12548,1.);
#7872=VECTOR('',#12549,1.);
#7873=VECTOR('',#12550,1.);
#7874=VECTOR('',#12551,1.);
#7875=VECTOR('',#12552,1.);
#7876=VECTOR('',#12553,1.);
#7877=VECTOR('',#12554,1.);
#7878=VECTOR('',#12555,1.);
#7879=VECTOR('',#12556,1.);
#7880=VECTOR('',#12557,1.);
#7881=VECTOR('',#12558,1.);
#7882=VECTOR('',#12559,1.);
#7883=VECTOR('',#12560,1.);
#7884=VECTOR('',#12561,1.);
#7885=VECTOR('',#12562,1.);
#7886=VECTOR('',#12563,1.);
#7887=VECTOR('',#12564,1.);
#7888=VECTOR('',#12565,1.);
#7889=VECTOR('',#12566,1.);
#7890=VECTOR('',#12567,1.);
#7891=VECTOR('',#12568,1.);
#7892=VECTOR('',#12569,1.);
#7893=VECTOR('',#12570,1.);
#7894=VECTOR('',#12571,1.);
#7895=VECTOR('',#12572,1.);
#7896=VECTOR('',#12573,1.);
#7897=VECTOR('',#12574,1.);
#7898=VECTOR('',#12575,1.);
#7899=VECTOR('',#12576,1.);
#7900=VECTOR('',#12577,1.);
#7901=VECTOR('',#12580,1.);
#7902=VECTOR('',#12581,1.);
#7903=VECTOR('',#12582,1.);
#7904=VECTOR('',#12583,1.);
#7905=VECTOR('',#12584,1.);
#7906=VECTOR('',#12585,1.);
#7907=VECTOR('',#12586,1.);
#7908=VECTOR('',#12587,1.);
#7909=VECTOR('',#12588,1.);
#7910=VECTOR('',#12589,1.);
#7911=VECTOR('',#12590,1.);
#7912=VECTOR('',#12591,1.);
#7913=VECTOR('',#12592,1.);
#7914=VECTOR('',#12593,1.);
#7915=VECTOR('',#12594,1.);
#7916=VECTOR('',#12595,1.);
#7917=VECTOR('',#12596,1.);
#7918=VECTOR('',#12597,1.);
#7919=VECTOR('',#12598,1.);
#7920=VECTOR('',#12599,1.);
#7921=VECTOR('',#12600,1.);
#7922=VECTOR('',#12601,1.);
#7923=VECTOR('',#12602,1.);
#7924=VECTOR('',#12603,1.);
#7925=VECTOR('',#12604,1.);
#7926=VECTOR('',#12605,1.);
#7927=VECTOR('',#12606,1.);
#7928=VECTOR('',#12607,1.);
#7929=VECTOR('',#12608,1.);
#7930=VECTOR('',#12609,1.);
#7931=VECTOR('',#12610,1.);
#7932=VECTOR('',#12611,1.);
#7933=VECTOR('',#12612,1.);
#7934=VECTOR('',#12677,1.);
#7935=VECTOR('',#12678,1.);
#7936=VECTOR('',#12679,1.);
#7937=VECTOR('',#12682,1.);
#7938=VECTOR('',#12683,1.);
#7939=VECTOR('',#12686,1.);
#7940=VECTOR('',#12687,1.);
#7941=VECTOR('',#12688,1.);
#7942=VECTOR('',#12693,1.);
#7943=VECTOR('',#12694,1.);
#7944=VECTOR('',#12697,1.);
#7945=VECTOR('',#12700,1.);
#7946=VECTOR('',#12701,1.);
#7947=VECTOR('',#12702,1.);
#7948=VECTOR('',#12705,1.);
#7949=VECTOR('',#12706,1.);
#7950=VECTOR('',#12709,1.);
#7951=VECTOR('',#12710,1.);
#7952=VECTOR('',#12711,1.);
#7953=VECTOR('',#12714,1.);
#7954=VECTOR('',#12715,1.);
#7955=VECTOR('',#12718,1.);
#7956=VECTOR('',#12719,1.);
#7957=VECTOR('',#12720,1.);
#7958=VECTOR('',#12723,1.);
#7959=VECTOR('',#12724,1.);
#7960=VECTOR('',#12727,1.);
#7961=VECTOR('',#12728,1.);
#7962=VECTOR('',#12729,1.);
#7963=VECTOR('',#12732,1.);
#7964=VECTOR('',#12733,1.);
#7965=VECTOR('',#12736,1.);
#7966=VECTOR('',#12737,1.);
#7967=VECTOR('',#12738,1.);
#7968=VECTOR('',#12741,1.);
#7969=VECTOR('',#12744,1.);
#7970=VECTOR('',#12747,1.);
#7971=VECTOR('',#12752,1.);
#7972=VECTOR('',#12757,1.);
#7973=VECTOR('',#12762,1.);
#7974=VECTOR('',#12767,1.);
#7975=VECTOR('',#12772,1.);
#7976=VECTOR('',#12773,1.);
#7977=VECTOR('',#12776,1.);
#7978=VECTOR('',#12777,1.);
#7979=VECTOR('',#12780,1.);
#7980=VECTOR('',#12785,1.);
#7981=VECTOR('',#12786,1.);
#7982=VECTOR('',#12789,1.);
#7983=VECTOR('',#12790,1.);
#7984=VECTOR('',#12793,1.);
#7985=VECTOR('',#12798,1.);
#7986=VECTOR('',#12799,1.);
#7987=VECTOR('',#12802,1.);
#7988=VECTOR('',#12803,1.);
#7989=VECTOR('',#12806,1.);
#7990=VECTOR('',#12811,1.);
#7991=VECTOR('',#12812,1.);
#7992=VECTOR('',#12815,1.);
#7993=VECTOR('',#12816,1.);
#7994=VECTOR('',#12819,1.);
#7995=VECTOR('',#12824,1.);
#7996=VECTOR('',#12825,1.);
#7997=VECTOR('',#12828,1.);
#7998=VECTOR('',#12829,1.);
#7999=VECTOR('',#12832,1.);
#8000=VECTOR('',#12837,1.);
#8001=VECTOR('',#12838,1.);
#8002=VECTOR('',#12841,1.);
#8003=VECTOR('',#12842,1.);
#8004=VECTOR('',#12845,1.);
#8005=VECTOR('',#12850,1.);
#8006=VECTOR('',#12851,1.);
#8007=VECTOR('',#12854,1.);
#8008=VECTOR('',#12855,1.);
#8009=VECTOR('',#12858,1.);
#8010=VECTOR('',#12863,1.);
#8011=VECTOR('',#12864,1.);
#8012=VECTOR('',#12867,1.);
#8013=VECTOR('',#12868,1.);
#8014=VECTOR('',#12871,1.);
#8015=VECTOR('',#12876,1.);
#8016=VECTOR('',#12877,1.);
#8017=VECTOR('',#12880,1.);
#8018=VECTOR('',#12883,1.);
#8019=VECTOR('',#12886,1.);
#8020=VECTOR('',#12887,1.);
#8021=VECTOR('',#12890,1.);
#8022=VECTOR('',#12893,1.);
#8023=VECTOR('',#12896,1.);
#8024=VECTOR('',#12897,1.);
#8025=VECTOR('',#12900,1.);
#8026=VECTOR('',#12901,1.);
#8027=VECTOR('',#12904,1.);
#8028=VECTOR('',#12909,1.);
#8029=VECTOR('',#12910,1.);
#8030=VECTOR('',#12913,1.);
#8031=VECTOR('',#12914,1.);
#8032=VECTOR('',#12917,1.);
#8033=VECTOR('',#12922,1.);
#8034=VECTOR('',#12923,1.);
#8035=VECTOR('',#12926,1.);
#8036=VECTOR('',#12927,1.);
#8037=VECTOR('',#12930,1.);
#8038=VECTOR('',#12935,1.);
#8039=VECTOR('',#12936,1.);
#8040=VECTOR('',#12939,1.);
#8041=VECTOR('',#12940,1.);
#8042=VECTOR('',#12943,1.);
#8043=VECTOR('',#12948,1.);
#8044=VECTOR('',#12949,1.);
#8045=VECTOR('',#12952,1.);
#8046=VECTOR('',#12953,1.);
#8047=VECTOR('',#12956,1.);
#8048=VECTOR('',#12961,1.);
#8049=VECTOR('',#12962,1.);
#8050=VECTOR('',#12965,1.);
#8051=VECTOR('',#12966,1.);
#8052=VECTOR('',#12969,1.);
#8053=VECTOR('',#12974,1.);
#8054=VECTOR('',#12975,1.);
#8055=VECTOR('',#12978,1.);
#8056=VECTOR('',#12979,1.);
#8057=VECTOR('',#12982,1.);
#8058=VECTOR('',#12987,1.);
#8059=VECTOR('',#12988,1.);
#8060=VECTOR('',#12991,1.);
#8061=VECTOR('',#12992,1.);
#8062=VECTOR('',#12995,1.);
#8063=VECTOR('',#13000,1.);
#8064=VECTOR('',#13001,1.);
#8065=VECTOR('',#13004,1.);
#8066=VECTOR('',#13007,1.);
#8067=VECTOR('',#13010,1.);
#8068=VECTOR('',#13011,1.);
#8069=VECTOR('',#13014,1.);
#8070=VECTOR('',#13017,1.);
#8071=VECTOR('',#13020,1.);
#8072=VECTOR('',#13021,1.);
#8073=VECTOR('',#13024,1.);
#8074=VECTOR('',#13025,1.);
#8075=VECTOR('',#13028,1.);
#8076=VECTOR('',#13033,1.);
#8077=VECTOR('',#13034,1.);
#8078=VECTOR('',#13037,1.);
#8079=VECTOR('',#13038,1.);
#8080=VECTOR('',#13041,1.);
#8081=VECTOR('',#13046,1.);
#8082=VECTOR('',#13047,1.);
#8083=VECTOR('',#13050,1.);
#8084=VECTOR('',#13051,1.);
#8085=VECTOR('',#13054,1.);
#8086=VECTOR('',#13059,1.);
#8087=VECTOR('',#13060,1.);
#8088=VECTOR('',#13063,1.);
#8089=VECTOR('',#13064,1.);
#8090=VECTOR('',#13067,1.);
#8091=VECTOR('',#13072,1.);
#8092=VECTOR('',#13073,1.);
#8093=VECTOR('',#13076,1.);
#8094=VECTOR('',#13077,1.);
#8095=VECTOR('',#13080,1.);
#8096=VECTOR('',#13085,1.);
#8097=VECTOR('',#13086,1.);
#8098=VECTOR('',#13089,1.);
#8099=VECTOR('',#13090,1.);
#8100=VECTOR('',#13093,1.);
#8101=VECTOR('',#13098,1.);
#8102=VECTOR('',#13099,1.);
#8103=VECTOR('',#13102,1.);
#8104=VECTOR('',#13103,1.);
#8105=VECTOR('',#13106,1.);
#8106=VECTOR('',#13111,1.);
#8107=VECTOR('',#13112,1.);
#8108=VECTOR('',#13115,1.);
#8109=VECTOR('',#13116,1.);
#8110=VECTOR('',#13119,1.);
#8111=VECTOR('',#13124,1.);
#8112=VECTOR('',#13125,1.);
#8113=VECTOR('',#13128,1.);
#8114=VECTOR('',#13131,1.);
#8115=VECTOR('',#13134,1.);
#8116=VECTOR('',#13135,1.);
#8117=VECTOR('',#13138,1.);
#8118=VECTOR('',#13141,1.);
#8119=VECTOR('',#13144,1.);
#8120=VECTOR('',#13145,1.);
#8121=VECTOR('',#13148,1.);
#8122=VECTOR('',#13149,1.);
#8123=VECTOR('',#13152,1.);
#8124=VECTOR('',#13157,1.);
#8125=VECTOR('',#13158,1.);
#8126=VECTOR('',#13161,1.);
#8127=VECTOR('',#13162,1.);
#8128=VECTOR('',#13165,1.);
#8129=VECTOR('',#13170,1.);
#8130=VECTOR('',#13171,1.);
#8131=VECTOR('',#13174,1.);
#8132=VECTOR('',#13175,1.);
#8133=VECTOR('',#13178,1.);
#8134=VECTOR('',#13183,1.);
#8135=VECTOR('',#13184,1.);
#8136=VECTOR('',#13187,1.);
#8137=VECTOR('',#13188,1.);
#8138=VECTOR('',#13191,1.);
#8139=VECTOR('',#13196,1.);
#8140=VECTOR('',#13197,1.);
#8141=VECTOR('',#13200,1.);
#8142=VECTOR('',#13201,1.);
#8143=VECTOR('',#13204,1.);
#8144=VECTOR('',#13209,1.);
#8145=VECTOR('',#13210,1.);
#8146=VECTOR('',#13213,1.);
#8147=VECTOR('',#13214,1.);
#8148=VECTOR('',#13217,1.);
#8149=VECTOR('',#13222,1.);
#8150=VECTOR('',#13223,1.);
#8151=VECTOR('',#13226,1.);
#8152=VECTOR('',#13227,1.);
#8153=VECTOR('',#13230,1.);
#8154=VECTOR('',#13235,1.);
#8155=VECTOR('',#13236,1.);
#8156=VECTOR('',#13239,1.);
#8157=VECTOR('',#13240,1.);
#8158=VECTOR('',#13243,1.);
#8159=VECTOR('',#13248,1.);
#8160=VECTOR('',#13249,1.);
#8161=VECTOR('',#13252,1.);
#8162=VECTOR('',#13255,1.);
#8163=VECTOR('',#13258,1.);
#8164=VECTOR('',#13259,1.);
#8165=VECTOR('',#13262,1.);
#8166=VECTOR('',#13265,1.);
#8167=VECTOR('',#13268,1.);
#8168=VECTOR('',#13269,1.);
#8169=VECTOR('',#13272,1.);
#8170=VECTOR('',#13273,1.);
#8171=VECTOR('',#13276,1.);
#8172=VECTOR('',#13281,1.);
#8173=VECTOR('',#13282,1.);
#8174=VECTOR('',#13285,1.);
#8175=VECTOR('',#13286,1.);
#8176=VECTOR('',#13289,1.);
#8177=VECTOR('',#13294,1.);
#8178=VECTOR('',#13295,1.);
#8179=VECTOR('',#13298,1.);
#8180=VECTOR('',#13299,1.);
#8181=VECTOR('',#13302,1.);
#8182=VECTOR('',#13307,1.);
#8183=VECTOR('',#13308,1.);
#8184=VECTOR('',#13311,1.);
#8185=VECTOR('',#13312,1.);
#8186=VECTOR('',#13315,1.);
#8187=VECTOR('',#13320,1.);
#8188=VECTOR('',#13321,1.);
#8189=VECTOR('',#13324,1.);
#8190=VECTOR('',#13325,1.);
#8191=VECTOR('',#13328,1.);
#8192=VECTOR('',#13333,1.);
#8193=VECTOR('',#13334,1.);
#8194=VECTOR('',#13337,1.);
#8195=VECTOR('',#13338,1.);
#8196=VECTOR('',#13341,1.);
#8197=VECTOR('',#13346,1.);
#8198=VECTOR('',#13347,1.);
#8199=VECTOR('',#13350,1.);
#8200=VECTOR('',#13351,1.);
#8201=VECTOR('',#13354,1.);
#8202=VECTOR('',#13359,1.);
#8203=VECTOR('',#13360,1.);
#8204=VECTOR('',#13363,1.);
#8205=VECTOR('',#13364,1.);
#8206=VECTOR('',#13367,1.);
#8207=VECTOR('',#13372,1.);
#8208=VECTOR('',#13373,1.);
#8209=VECTOR('',#13376,1.);
#8210=VECTOR('',#13379,1.);
#8211=VECTOR('',#13382,1.);
#8212=VECTOR('',#13383,1.);
#8213=VECTOR('',#13386,1.);
#8214=VECTOR('',#13389,1.);
#8215=VECTOR('',#13392,1.);
#8216=VECTOR('',#13393,1.);
#8217=VECTOR('',#13396,1.);
#8218=VECTOR('',#13397,1.);
#8219=VECTOR('',#13400,1.);
#8220=VECTOR('',#13405,1.);
#8221=VECTOR('',#13406,1.);
#8222=VECTOR('',#13409,1.);
#8223=VECTOR('',#13410,1.);
#8224=VECTOR('',#13413,1.);
#8225=VECTOR('',#13418,1.);
#8226=VECTOR('',#13419,1.);
#8227=VECTOR('',#13422,1.);
#8228=VECTOR('',#13423,1.);
#8229=VECTOR('',#13426,1.);
#8230=VECTOR('',#13431,1.);
#8231=VECTOR('',#13432,1.);
#8232=VECTOR('',#13435,1.);
#8233=VECTOR('',#13436,1.);
#8234=VECTOR('',#13439,1.);
#8235=VECTOR('',#13444,1.);
#8236=VECTOR('',#13445,1.);
#8237=VECTOR('',#13448,1.);
#8238=VECTOR('',#13449,1.);
#8239=VECTOR('',#13452,1.);
#8240=VECTOR('',#13457,1.);
#8241=VECTOR('',#13458,1.);
#8242=VECTOR('',#13461,1.);
#8243=VECTOR('',#13462,1.);
#8244=VECTOR('',#13465,1.);
#8245=VECTOR('',#13470,1.);
#8246=VECTOR('',#13471,1.);
#8247=VECTOR('',#13474,1.);
#8248=VECTOR('',#13475,1.);
#8249=VECTOR('',#13478,1.);
#8250=VECTOR('',#13483,1.);
#8251=VECTOR('',#13484,1.);
#8252=VECTOR('',#13487,1.);
#8253=VECTOR('',#13488,1.);
#8254=VECTOR('',#13491,1.);
#8255=VECTOR('',#13496,1.);
#8256=VECTOR('',#13497,1.);
#8257=VECTOR('',#13500,1.);
#8258=VECTOR('',#13503,1.);
#8259=VECTOR('',#13506,1.);
#8260=VECTOR('',#13507,1.);
#8261=VECTOR('',#13510,1.);
#8262=VECTOR('',#13513,1.);
#8263=VECTOR('',#13516,1.);
#8264=VECTOR('',#13517,1.);
#8265=VECTOR('',#13518,1.);
#8266=VECTOR('',#13521,1.);
#8267=VECTOR('',#13522,1.);
#8268=VECTOR('',#13525,1.);
#8269=VECTOR('',#13526,1.);
#8270=VECTOR('',#13529,1.);
#8271=VECTOR('',#13530,1.);
#8272=VECTOR('',#13533,1.);
#8273=VECTOR('',#13534,1.);
#8274=VECTOR('',#13537,1.);
#8275=VECTOR('',#13540,1.);
#8276=VECTOR('',#13541,1.);
#8277=VECTOR('',#13542,1.);
#8278=VECTOR('',#13543,1.);
#8279=VECTOR('',#13544,1.);
#8280=VECTOR('',#13545,1.);
#8281=VECTOR('',#13546,1.);
#8282=VECTOR('',#13549,1.);
#8283=VECTOR('',#13550,1.);
#8284=VECTOR('',#13551,1.);
#8285=VECTOR('',#13552,1.);
#8286=VECTOR('',#13553,1.);
#8287=VECTOR('',#13554,1.);
#8288=VECTOR('',#13557,1.);
#8289=VECTOR('',#13558,1.);
#8290=VECTOR('',#13559,1.);
#8291=VECTOR('',#13560,1.);
#8292=VECTOR('',#13561,1.);
#8293=VECTOR('',#13562,1.);
#8294=VECTOR('',#13565,1.);
#8295=VECTOR('',#13566,1.);
#8296=VECTOR('',#13567,1.);
#8297=VECTOR('',#13568,1.);
#8298=VECTOR('',#13569,1.);
#8299=VECTOR('',#13570,1.);
#8300=VECTOR('',#13573,1.);
#8301=VECTOR('',#13574,1.);
#8302=VECTOR('',#13575,1.);
#8303=VECTOR('',#13576,1.);
#8304=VECTOR('',#13577,1.);
#8305=VECTOR('',#13578,1.);
#8306=VECTOR('',#13581,1.);
#8307=VECTOR('',#13582,1.);
#8308=VECTOR('',#13583,1.);
#8309=VECTOR('',#13584,1.);
#8310=VECTOR('',#13585,1.);
#8311=VECTOR('',#13588,1.);
#8312=VECTOR('',#13589,1.);
#8313=VECTOR('',#13590,1.);
#8314=VECTOR('',#13593,1.);
#8315=VECTOR('',#13594,1.);
#8316=VECTOR('',#13597,1.);
#8317=VECTOR('',#13598,1.);
#8318=VECTOR('',#13601,1.);
#8319=VECTOR('',#13602,1.);
#8320=VECTOR('',#13605,1.);
#8321=VECTOR('',#13606,1.);
#8322=VECTOR('',#13609,1.);
#8323=VECTOR('',#13612,1.);
#8324=VECTOR('',#13613,1.);
#8325=VECTOR('',#13614,1.);
#8326=VECTOR('',#13615,1.);
#8327=VECTOR('',#13616,1.);
#8328=VECTOR('',#13617,1.);
#8329=VECTOR('',#13618,1.);
#8330=VECTOR('',#13621,1.);
#8331=VECTOR('',#13622,1.);
#8332=VECTOR('',#13623,1.);
#8333=VECTOR('',#13624,1.);
#8334=VECTOR('',#13625,1.);
#8335=VECTOR('',#13626,1.);
#8336=VECTOR('',#13629,1.);
#8337=VECTOR('',#13630,1.);
#8338=VECTOR('',#13631,1.);
#8339=VECTOR('',#13632,1.);
#8340=VECTOR('',#13633,1.);
#8341=VECTOR('',#13634,1.);
#8342=VECTOR('',#13637,1.);
#8343=VECTOR('',#13638,1.);
#8344=VECTOR('',#13639,1.);
#8345=VECTOR('',#13640,1.);
#8346=VECTOR('',#13641,1.);
#8347=VECTOR('',#13642,1.);
#8348=VECTOR('',#13645,1.);
#8349=VECTOR('',#13646,1.);
#8350=VECTOR('',#13647,1.);
#8351=VECTOR('',#13648,1.);
#8352=VECTOR('',#13649,1.);
#8353=VECTOR('',#13650,1.);
#8354=VECTOR('',#13653,1.);
#8355=VECTOR('',#13654,1.);
#8356=VECTOR('',#13655,1.);
#8357=VECTOR('',#13656,1.);
#8358=VECTOR('',#13657,1.);
#8359=VECTOR('',#13660,1.);
#8360=VECTOR('',#13661,1.);
#8361=VECTOR('',#13662,1.);
#8362=VECTOR('',#13665,1.);
#8363=VECTOR('',#13666,1.);
#8364=VECTOR('',#13669,1.);
#8365=VECTOR('',#13670,1.);
#8366=VECTOR('',#13673,1.);
#8367=VECTOR('',#13674,1.);
#8368=VECTOR('',#13677,1.);
#8369=VECTOR('',#13678,1.);
#8370=VECTOR('',#13681,1.);
#8371=VECTOR('',#13684,1.);
#8372=VECTOR('',#13685,1.);
#8373=VECTOR('',#13686,1.);
#8374=VECTOR('',#13687,1.);
#8375=VECTOR('',#13688,1.);
#8376=VECTOR('',#13689,1.);
#8377=VECTOR('',#13690,1.);
#8378=VECTOR('',#13693,1.);
#8379=VECTOR('',#13694,1.);
#8380=VECTOR('',#13695,1.);
#8381=VECTOR('',#13696,1.);
#8382=VECTOR('',#13697,1.);
#8383=VECTOR('',#13698,1.);
#8384=VECTOR('',#13701,1.);
#8385=VECTOR('',#13702,1.);
#8386=VECTOR('',#13703,1.);
#8387=VECTOR('',#13704,1.);
#8388=VECTOR('',#13705,1.);
#8389=VECTOR('',#13706,1.);
#8390=VECTOR('',#13709,1.);
#8391=VECTOR('',#13710,1.);
#8392=VECTOR('',#13711,1.);
#8393=VECTOR('',#13712,1.);
#8394=VECTOR('',#13713,1.);
#8395=VECTOR('',#13714,1.);
#8396=VECTOR('',#13717,1.);
#8397=VECTOR('',#13718,1.);
#8398=VECTOR('',#13719,1.);
#8399=VECTOR('',#13720,1.);
#8400=VECTOR('',#13721,1.);
#8401=VECTOR('',#13722,1.);
#8402=VECTOR('',#13725,1.);
#8403=VECTOR('',#13726,1.);
#8404=VECTOR('',#13727,1.);
#8405=VECTOR('',#13728,1.);
#8406=VECTOR('',#13729,1.);
#8407=VECTOR('',#13732,1.);
#8408=VECTOR('',#13733,1.);
#8409=VECTOR('',#13734,1.);
#8410=VECTOR('',#13737,1.);
#8411=VECTOR('',#13738,1.);
#8412=VECTOR('',#13741,1.);
#8413=VECTOR('',#13742,1.);
#8414=VECTOR('',#13745,1.);
#8415=VECTOR('',#13746,1.);
#8416=VECTOR('',#13749,1.);
#8417=VECTOR('',#13750,1.);
#8418=VECTOR('',#13753,1.);
#8419=VECTOR('',#13756,1.);
#8420=VECTOR('',#13757,1.);
#8421=VECTOR('',#13758,1.);
#8422=VECTOR('',#13759,1.);
#8423=VECTOR('',#13760,1.);
#8424=VECTOR('',#13761,1.);
#8425=VECTOR('',#13762,1.);
#8426=VECTOR('',#13765,1.);
#8427=VECTOR('',#13766,1.);
#8428=VECTOR('',#13767,1.);
#8429=VECTOR('',#13768,1.);
#8430=VECTOR('',#13769,1.);
#8431=VECTOR('',#13770,1.);
#8432=VECTOR('',#13773,1.);
#8433=VECTOR('',#13774,1.);
#8434=VECTOR('',#13775,1.);
#8435=VECTOR('',#13776,1.);
#8436=VECTOR('',#13777,1.);
#8437=VECTOR('',#13778,1.);
#8438=VECTOR('',#13781,1.);
#8439=VECTOR('',#13782,1.);
#8440=VECTOR('',#13783,1.);
#8441=VECTOR('',#13784,1.);
#8442=VECTOR('',#13785,1.);
#8443=VECTOR('',#13786,1.);
#8444=VECTOR('',#13789,1.);
#8445=VECTOR('',#13790,1.);
#8446=VECTOR('',#13791,1.);
#8447=VECTOR('',#13792,1.);
#8448=VECTOR('',#13793,1.);
#8449=VECTOR('',#13794,1.);
#8450=VECTOR('',#13797,1.);
#8451=VECTOR('',#13798,1.);
#8452=VECTOR('',#13799,1.);
#8453=VECTOR('',#13800,1.);
#8454=VECTOR('',#13801,1.);
#8455=VECTOR('',#13804,1.);
#8456=VECTOR('',#13805,1.);
#8457=VECTOR('',#13806,1.);
#8458=VECTOR('',#13809,1.);
#8459=VECTOR('',#13810,1.);
#8460=VECTOR('',#13813,1.);
#8461=VECTOR('',#13814,1.);
#8462=VECTOR('',#13817,1.);
#8463=VECTOR('',#13818,1.);
#8464=VECTOR('',#13821,1.);
#8465=VECTOR('',#13822,1.);
#8466=VECTOR('',#13825,1.);
#8467=VECTOR('',#13828,1.);
#8468=VECTOR('',#13829,1.);
#8469=VECTOR('',#13830,1.);
#8470=VECTOR('',#13831,1.);
#8471=VECTOR('',#13832,1.);
#8472=VECTOR('',#13833,1.);
#8473=VECTOR('',#13834,1.);
#8474=VECTOR('',#13837,1.);
#8475=VECTOR('',#13838,1.);
#8476=VECTOR('',#13839,1.);
#8477=VECTOR('',#13840,1.);
#8478=VECTOR('',#13841,1.);
#8479=VECTOR('',#13842,1.);
#8480=VECTOR('',#13845,1.);
#8481=VECTOR('',#13846,1.);
#8482=VECTOR('',#13847,1.);
#8483=VECTOR('',#13848,1.);
#8484=VECTOR('',#13849,1.);
#8485=VECTOR('',#13850,1.);
#8486=VECTOR('',#13853,1.);
#8487=VECTOR('',#13854,1.);
#8488=VECTOR('',#13855,1.);
#8489=VECTOR('',#13856,1.);
#8490=VECTOR('',#13857,1.);
#8491=VECTOR('',#13858,1.);
#8492=VECTOR('',#13861,1.);
#8493=VECTOR('',#13862,1.);
#8494=VECTOR('',#13863,1.);
#8495=VECTOR('',#13864,1.);
#8496=VECTOR('',#13865,1.);
#8497=VECTOR('',#13866,1.);
#8498=VECTOR('',#13869,1.);
#8499=VECTOR('',#13870,1.);
#8500=VECTOR('',#13871,1.);
#8501=VECTOR('',#13872,1.);
#8502=VECTOR('',#13873,1.);
#8503=VECTOR('',#13876,1.);
#8504=VECTOR('',#13877,1.);
#8505=VECTOR('',#13878,1.);
#8506=VECTOR('',#13881,1.);
#8507=VECTOR('',#13882,1.);
#8508=VECTOR('',#13885,1.);
#8509=VECTOR('',#13886,1.);
#8510=VECTOR('',#13889,1.);
#8511=VECTOR('',#13890,1.);
#8512=VECTOR('',#13893,1.);
#8513=VECTOR('',#13894,1.);
#8514=VECTOR('',#13897,1.);
#8515=VECTOR('',#13900,1.);
#8516=VECTOR('',#13901,1.);
#8517=VECTOR('',#13902,1.);
#8518=VECTOR('',#13903,1.);
#8519=VECTOR('',#13904,1.);
#8520=VECTOR('',#13905,1.);
#8521=VECTOR('',#13906,1.);
#8522=VECTOR('',#13909,1.);
#8523=VECTOR('',#13910,1.);
#8524=VECTOR('',#13911,1.);
#8525=VECTOR('',#13912,1.);
#8526=VECTOR('',#13913,1.);
#8527=VECTOR('',#13914,1.);
#8528=VECTOR('',#13917,1.);
#8529=VECTOR('',#13918,1.);
#8530=VECTOR('',#13919,1.);
#8531=VECTOR('',#13920,1.);
#8532=VECTOR('',#13921,1.);
#8533=VECTOR('',#13922,1.);
#8534=VECTOR('',#13925,1.);
#8535=VECTOR('',#13926,1.);
#8536=VECTOR('',#13927,1.);
#8537=VECTOR('',#13928,1.);
#8538=VECTOR('',#13929,1.);
#8539=VECTOR('',#13930,1.);
#8540=VECTOR('',#13933,1.);
#8541=VECTOR('',#13934,1.);
#8542=VECTOR('',#13935,1.);
#8543=VECTOR('',#13936,1.);
#8544=VECTOR('',#13937,1.);
#8545=VECTOR('',#13938,1.);
#8546=VECTOR('',#13941,1.);
#8547=VECTOR('',#13942,1.);
#8548=VECTOR('',#13943,1.);
#8549=VECTOR('',#13944,1.);
#8550=VECTOR('',#13945,1.);
#8551=VECTOR('',#13948,1.);
#8552=VECTOR('',#13949,1.);
#8553=VECTOR('',#13950,1.);
#8554=VECTOR('',#13953,1.);
#8555=VECTOR('',#13954,1.);
#8556=VECTOR('',#13955,1.);
#8557=VECTOR('',#13956,1.);
#8558=VECTOR('',#13959,1.);
#8559=VECTOR('',#13960,1.);
#8560=VECTOR('',#13965,1.);
#8561=VECTOR('',#13966,1.);
#8562=VECTOR('',#13967,1.);
#8563=VECTOR('',#13970,1.);
#8564=VECTOR('',#13971,1.);
#8565=VECTOR('',#13972,1.);
#8566=VECTOR('',#13973,1.);
#8567=VECTOR('',#13976,1.);
#8568=VECTOR('',#13977,1.);
#8569=VECTOR('',#13982,1.);
#8570=VECTOR('',#13983,1.);
#8571=VECTOR('',#13984,1.);
#8572=VECTOR('',#13987,1.);
#8573=VECTOR('',#13988,1.);
#8574=VECTOR('',#13989,1.);
#8575=VECTOR('',#13990,1.);
#8576=VECTOR('',#13993,1.);
#8577=VECTOR('',#13994,1.);
#8578=VECTOR('',#13999,1.);
#8579=VECTOR('',#14000,1.);
#8580=VECTOR('',#14001,1.);
#8581=VECTOR('',#14004,1.);
#8582=VECTOR('',#14005,1.);
#8583=VECTOR('',#14006,1.);
#8584=VECTOR('',#14007,1.);
#8585=VECTOR('',#14010,1.);
#8586=VECTOR('',#14011,1.);
#8587=VECTOR('',#14016,1.);
#8588=VECTOR('',#14017,1.);
#8589=VECTOR('',#14018,1.);
#8590=VECTOR('',#14021,1.);
#8591=VECTOR('',#14022,1.);
#8592=VECTOR('',#14023,1.);
#8593=VECTOR('',#14024,1.);
#8594=VECTOR('',#14027,1.);
#8595=VECTOR('',#14028,1.);
#8596=VECTOR('',#14033,1.);
#8597=VECTOR('',#14034,1.);
#8598=VECTOR('',#14035,1.);
#8599=VECTOR('',#14038,1.);
#8600=VECTOR('',#14039,1.);
#8601=VECTOR('',#14040,1.);
#8602=VECTOR('',#14041,1.);
#8603=VECTOR('',#14044,1.);
#8604=VECTOR('',#14045,1.);
#8605=VECTOR('',#14050,1.);
#8606=VECTOR('',#14055,1.);
#8607=VECTOR('',#14060,1.);
#8608=VECTOR('',#14065,1.);
#8609=VECTOR('',#14070,1.);
#8610=VECTOR('',#14075,1.);
#8611=VECTOR('',#14080,1.);
#8612=VECTOR('',#14081,1.);
#8613=VECTOR('',#14082,1.);
#8614=VECTOR('',#14085,1.);
#8615=VECTOR('',#14086,1.);
#8616=VECTOR('',#14089,1.);
#8617=VECTOR('',#14090,1.);
#8618=VECTOR('',#14093,1.);
#8619=VECTOR('',#14094,1.);
#8620=VECTOR('',#14097,1.);
#8621=VECTOR('',#14098,1.);
#8622=VECTOR('',#14101,1.);
#8623=VECTOR('',#14102,1.);
#8624=VECTOR('',#14105,1.);
#8625=VECTOR('',#14106,1.);
#8626=VECTOR('',#14109,1.);
#8627=VECTOR('',#14110,1.);
#8628=VECTOR('',#14113,1.);
#8629=VECTOR('',#14114,1.);
#8630=VECTOR('',#14117,1.);
#8631=VECTOR('',#14118,1.);
#8632=VECTOR('',#14121,1.);
#8633=VECTOR('',#14122,1.);
#8634=VECTOR('',#14125,1.);
#8635=VECTOR('',#14126,1.);
#8636=VECTOR('',#14129,1.);
#8637=VECTOR('',#14130,1.);
#8638=VECTOR('',#14133,1.);
#8639=VECTOR('',#14134,1.);
#8640=VECTOR('',#14137,1.);
#8641=VECTOR('',#14138,1.);
#8642=VECTOR('',#14141,1.);
#8643=VECTOR('',#14142,1.);
#8644=VECTOR('',#14145,1.);
#8645=VECTOR('',#14146,1.);
#8646=VECTOR('',#14149,1.);
#8647=VECTOR('',#14150,1.);
#8648=VECTOR('',#14153,1.);
#8649=VECTOR('',#14154,1.);
#8650=VECTOR('',#14157,1.);
#8651=VECTOR('',#14158,1.);
#8652=VECTOR('',#14161,1.);
#8653=VECTOR('',#14162,1.);
#8654=VECTOR('',#14165,1.);
#8655=VECTOR('',#14166,1.);
#8656=VECTOR('',#14169,1.);
#8657=VECTOR('',#14170,1.);
#8658=VECTOR('',#14173,1.);
#8659=VECTOR('',#14174,1.);
#8660=VECTOR('',#14175,1.);
#8661=VECTOR('',#14178,1.);
#8662=VECTOR('',#14179,1.);
#8663=VECTOR('',#14182,1.);
#8664=VECTOR('',#14183,1.);
#8665=VECTOR('',#14186,1.);
#8666=VECTOR('',#14187,1.);
#8667=VECTOR('',#14188,1.);
#8668=VECTOR('',#14191,1.);
#8669=VECTOR('',#14192,1.);
#8670=VECTOR('',#14195,1.);
#8671=VECTOR('',#14196,1.);
#8672=VECTOR('',#14199,1.);
#8673=VECTOR('',#14200,1.);
#8674=VECTOR('',#14203,1.);
#8675=VECTOR('',#14204,1.);
#8676=VECTOR('',#14207,1.);
#8677=VECTOR('',#14208,1.);
#8678=VECTOR('',#14211,1.);
#8679=VECTOR('',#14212,1.);
#8680=VECTOR('',#14215,1.);
#8681=VECTOR('',#14216,1.);
#8682=VECTOR('',#14219,1.);
#8683=VECTOR('',#14224,1.);
#8684=VECTOR('',#14225,1.);
#8685=VECTOR('',#14226,1.);
#8686=VECTOR('',#14229,1.);
#8687=VECTOR('',#14230,1.);
#8688=VECTOR('',#14233,1.);
#8689=VECTOR('',#14234,1.);
#8690=VECTOR('',#14237,1.);
#8691=VECTOR('',#14238,1.);
#8692=VECTOR('',#14241,1.);
#8693=VECTOR('',#14242,1.);
#8694=VECTOR('',#14245,1.);
#8695=VECTOR('',#14246,1.);
#8696=VECTOR('',#14249,1.);
#8697=VECTOR('',#14250,1.);
#8698=VECTOR('',#14253,1.);
#8699=VECTOR('',#14254,1.);
#8700=VECTOR('',#14257,1.);
#8701=VECTOR('',#14258,1.);
#8702=VECTOR('',#14261,1.);
#8703=VECTOR('',#14262,1.);
#8704=VECTOR('',#14265,1.);
#8705=VECTOR('',#14266,1.);
#8706=VECTOR('',#14269,1.);
#8707=VECTOR('',#14270,1.);
#8708=VECTOR('',#14273,1.);
#8709=VECTOR('',#14274,1.);
#8710=VECTOR('',#14277,1.);
#8711=VECTOR('',#14278,1.);
#8712=VECTOR('',#14281,1.);
#8713=VECTOR('',#14282,1.);
#8714=VECTOR('',#14285,1.);
#8715=VECTOR('',#14286,1.);
#8716=VECTOR('',#14289,1.);
#8717=VECTOR('',#14290,1.);
#8718=VECTOR('',#14293,1.);
#8719=VECTOR('',#14294,1.);
#8720=VECTOR('',#14297,1.);
#8721=VECTOR('',#14298,1.);
#8722=VECTOR('',#14301,1.);
#8723=VECTOR('',#14302,1.);
#8724=VECTOR('',#14305,1.);
#8725=VECTOR('',#14306,1.);
#8726=VECTOR('',#14309,1.);
#8727=VECTOR('',#14310,1.);
#8728=VECTOR('',#14313,1.);
#8729=VECTOR('',#14314,1.);
#8730=VECTOR('',#14317,1.);
#8731=VECTOR('',#14318,1.);
#8732=VECTOR('',#14319,1.);
#8733=VECTOR('',#14322,1.);
#8734=VECTOR('',#14323,1.);
#8735=VECTOR('',#14326,1.);
#8736=VECTOR('',#14327,1.);
#8737=VECTOR('',#14330,1.);
#8738=VECTOR('',#14331,1.);
#8739=VECTOR('',#14332,1.);
#8740=VECTOR('',#14335,1.);
#8741=VECTOR('',#14336,1.);
#8742=VECTOR('',#14339,1.);
#8743=VECTOR('',#14340,1.);
#8744=VECTOR('',#14343,1.);
#8745=VECTOR('',#14344,1.);
#8746=VECTOR('',#14347,1.);
#8747=VECTOR('',#14348,1.);
#8748=VECTOR('',#14351,1.);
#8749=VECTOR('',#14352,1.);
#8750=VECTOR('',#14355,1.);
#8751=VECTOR('',#14356,1.);
#8752=VECTOR('',#14359,1.);
#8753=VECTOR('',#14360,1.);
#8754=VECTOR('',#14363,1.);
#8755=VECTOR('',#14368,1.);
#8756=VECTOR('',#14369,1.);
#8757=VECTOR('',#14370,1.);
#8758=VECTOR('',#14373,1.);
#8759=VECTOR('',#14374,1.);
#8760=VECTOR('',#14377,1.);
#8761=VECTOR('',#14378,1.);
#8762=VECTOR('',#14381,1.);
#8763=VECTOR('',#14382,1.);
#8764=VECTOR('',#14385,1.);
#8765=VECTOR('',#14386,1.);
#8766=VECTOR('',#14389,1.);
#8767=VECTOR('',#14390,1.);
#8768=VECTOR('',#14393,1.);
#8769=VECTOR('',#14394,1.);
#8770=VECTOR('',#14397,1.);
#8771=VECTOR('',#14398,1.);
#8772=VECTOR('',#14401,1.);
#8773=VECTOR('',#14402,1.);
#8774=VECTOR('',#14405,1.);
#8775=VECTOR('',#14406,1.);
#8776=VECTOR('',#14409,1.);
#8777=VECTOR('',#14410,1.);
#8778=VECTOR('',#14413,1.);
#8779=VECTOR('',#14414,1.);
#8780=VECTOR('',#14417,1.);
#8781=VECTOR('',#14418,1.);
#8782=VECTOR('',#14421,1.);
#8783=VECTOR('',#14422,1.);
#8784=VECTOR('',#14425,1.);
#8785=VECTOR('',#14426,1.);
#8786=VECTOR('',#14429,1.);
#8787=VECTOR('',#14430,1.);
#8788=VECTOR('',#14433,1.);
#8789=VECTOR('',#14434,1.);
#8790=VECTOR('',#14437,1.);
#8791=VECTOR('',#14438,1.);
#8792=VECTOR('',#14441,1.);
#8793=VECTOR('',#14442,1.);
#8794=VECTOR('',#14445,1.);
#8795=VECTOR('',#14446,1.);
#8796=VECTOR('',#14449,1.);
#8797=VECTOR('',#14450,1.);
#8798=VECTOR('',#14453,1.);
#8799=VECTOR('',#14454,1.);
#8800=VECTOR('',#14457,1.);
#8801=VECTOR('',#14458,1.);
#8802=VECTOR('',#14461,1.);
#8803=VECTOR('',#14462,1.);
#8804=VECTOR('',#14463,1.);
#8805=VECTOR('',#14466,1.);
#8806=VECTOR('',#14467,1.);
#8807=VECTOR('',#14470,1.);
#8808=VECTOR('',#14471,1.);
#8809=VECTOR('',#14474,1.);
#8810=VECTOR('',#14475,1.);
#8811=VECTOR('',#14476,1.);
#8812=VECTOR('',#14479,1.);
#8813=VECTOR('',#14480,1.);
#8814=VECTOR('',#14483,1.);
#8815=VECTOR('',#14484,1.);
#8816=VECTOR('',#14487,1.);
#8817=VECTOR('',#14488,1.);
#8818=VECTOR('',#14491,1.);
#8819=VECTOR('',#14492,1.);
#8820=VECTOR('',#14495,1.);
#8821=VECTOR('',#14496,1.);
#8822=VECTOR('',#14499,1.);
#8823=VECTOR('',#14500,1.);
#8824=VECTOR('',#14503,1.);
#8825=VECTOR('',#14504,1.);
#8826=VECTOR('',#14507,1.);
#8827=VECTOR('',#14512,1.);
#8828=VECTOR('',#14513,1.);
#8829=VECTOR('',#14514,1.);
#8830=VECTOR('',#14517,1.);
#8831=VECTOR('',#14518,1.);
#8832=VECTOR('',#14521,1.);
#8833=VECTOR('',#14522,1.);
#8834=VECTOR('',#14525,1.);
#8835=VECTOR('',#14526,1.);
#8836=VECTOR('',#14529,1.);
#8837=VECTOR('',#14530,1.);
#8838=VECTOR('',#14533,1.);
#8839=VECTOR('',#14534,1.);
#8840=VECTOR('',#14537,1.);
#8841=VECTOR('',#14538,1.);
#8842=VECTOR('',#14541,1.);
#8843=VECTOR('',#14542,1.);
#8844=VECTOR('',#14545,1.);
#8845=VECTOR('',#14546,1.);
#8846=VECTOR('',#14549,1.);
#8847=VECTOR('',#14550,1.);
#8848=VECTOR('',#14553,1.);
#8849=VECTOR('',#14554,1.);
#8850=VECTOR('',#14557,1.);
#8851=VECTOR('',#14558,1.);
#8852=VECTOR('',#14561,1.);
#8853=VECTOR('',#14562,1.);
#8854=VECTOR('',#14565,1.);
#8855=VECTOR('',#14566,1.);
#8856=VECTOR('',#14569,1.);
#8857=VECTOR('',#14570,1.);
#8858=VECTOR('',#14573,1.);
#8859=VECTOR('',#14574,1.);
#8860=VECTOR('',#14577,1.);
#8861=VECTOR('',#14578,1.);
#8862=VECTOR('',#14581,1.);
#8863=VECTOR('',#14582,1.);
#8864=VECTOR('',#14585,1.);
#8865=VECTOR('',#14586,1.);
#8866=VECTOR('',#14589,1.);
#8867=VECTOR('',#14590,1.);
#8868=VECTOR('',#14593,1.);
#8869=VECTOR('',#14594,1.);
#8870=VECTOR('',#14597,1.);
#8871=VECTOR('',#14598,1.);
#8872=VECTOR('',#14601,1.);
#8873=VECTOR('',#14602,1.);
#8874=VECTOR('',#14605,1.);
#8875=VECTOR('',#14606,1.);
#8876=VECTOR('',#14607,1.);
#8877=VECTOR('',#14610,1.);
#8878=VECTOR('',#14611,1.);
#8879=VECTOR('',#14614,1.);
#8880=VECTOR('',#14615,1.);
#8881=VECTOR('',#14618,1.);
#8882=VECTOR('',#14619,1.);
#8883=VECTOR('',#14620,1.);
#8884=VECTOR('',#14623,1.);
#8885=VECTOR('',#14624,1.);
#8886=VECTOR('',#14627,1.);
#8887=VECTOR('',#14628,1.);
#8888=VECTOR('',#14631,1.);
#8889=VECTOR('',#14632,1.);
#8890=VECTOR('',#14635,1.);
#8891=VECTOR('',#14636,1.);
#8892=VECTOR('',#14639,1.);
#8893=VECTOR('',#14640,1.);
#8894=VECTOR('',#14643,1.);
#8895=VECTOR('',#14644,1.);
#8896=VECTOR('',#14647,1.);
#8897=VECTOR('',#14648,1.);
#8898=VECTOR('',#14651,1.);
#8899=VECTOR('',#14656,1.);
#8900=VECTOR('',#14657,1.);
#8901=VECTOR('',#14658,1.);
#8902=VECTOR('',#14661,1.);
#8903=VECTOR('',#14662,1.);
#8904=VECTOR('',#14663,1.);
#8905=VECTOR('',#14664,1.);
#8906=VECTOR('',#14665,1.);
#8907=VECTOR('',#14668,1.);
#8908=VECTOR('',#14669,1.);
#8909=VECTOR('',#14674,1.);
#8910=VECTOR('',#14675,1.);
#8911=VECTOR('',#14676,1.);
#8912=VECTOR('',#14679,1.);
#8913=VECTOR('',#14680,1.);
#8914=VECTOR('',#14681,1.);
#8915=VECTOR('',#14682,1.);
#8916=VECTOR('',#14683,1.);
#8917=VECTOR('',#14686,1.);
#8918=VECTOR('',#14687,1.);
#8919=VECTOR('',#14692,1.);
#8920=VECTOR('',#14693,1.);
#8921=VECTOR('',#14694,1.);
#8922=VECTOR('',#14697,1.);
#8923=VECTOR('',#14698,1.);
#8924=VECTOR('',#14699,1.);
#8925=VECTOR('',#14700,1.);
#8926=VECTOR('',#14701,1.);
#8927=VECTOR('',#14704,1.);
#8928=VECTOR('',#14705,1.);
#8929=VECTOR('',#14710,1.);
#8930=VECTOR('',#14711,1.);
#8931=VECTOR('',#14712,1.);
#8932=VECTOR('',#14715,1.);
#8933=VECTOR('',#14716,1.);
#8934=VECTOR('',#14717,1.);
#8935=VECTOR('',#14718,1.);
#8936=VECTOR('',#14719,1.);
#8937=VECTOR('',#14722,1.);
#8938=VECTOR('',#14723,1.);
#8939=VECTOR('',#14728,1.);
#8940=VECTOR('',#14729,1.);
#8941=VECTOR('',#14730,1.);
#8942=VECTOR('',#14733,1.);
#8943=VECTOR('',#14734,1.);
#8944=VECTOR('',#14735,1.);
#8945=VECTOR('',#14736,1.);
#8946=VECTOR('',#14737,1.);
#8947=VECTOR('',#14740,1.);
#8948=VECTOR('',#14741,1.);
#8949=VECTOR('',#14746,1.);
#8950=VECTOR('',#14747,1.);
#8951=VECTOR('',#14748,1.);
#8952=VECTOR('',#14751,1.);
#8953=VECTOR('',#14752,1.);
#8954=VECTOR('',#14753,1.);
#8955=VECTOR('',#14754,1.);
#8956=VECTOR('',#14755,1.);
#8957=VECTOR('',#14758,1.);
#8958=VECTOR('',#14759,1.);
#8959=VECTOR('',#14764,1.);
#8960=VECTOR('',#14765,1.);
#8961=VECTOR('',#14770,1.);
#8962=VECTOR('',#14771,1.);
#8963=VECTOR('',#14776,1.);
#8964=VECTOR('',#14777,1.);
#8965=VECTOR('',#14782,1.);
#8966=VECTOR('',#14783,1.);
#8967=VECTOR('',#14788,1.);
#8968=VECTOR('',#14789,1.);
#8969=VECTOR('',#14794,1.);
#8970=VECTOR('',#14795,1.);
#8971=EDGE_LOOP('',(#96,#97,#98,#99,#100,#101,#102,#103,#104,#105,#106,
#107));
#8972=EDGE_LOOP('',(#108,#109,#110,#111,#112,#113,#114,#115,#116,#117,#118));
#8973=EDGE_LOOP('',(#119,#120,#121,#122,#123,#124,#125,#126,#127,#128,#129));
#8974=EDGE_LOOP('',(#130,#131,#132,#133,#134,#135,#136,#137,#138,#139,#140));
#8975=EDGE_LOOP('',(#141,#142,#143,#144,#145,#146,#147,#148,#149,#150,#151));
#8976=EDGE_LOOP('',(#152,#153,#154,#155,#156,#157,#158,#159,#160,#161,#162));
#8977=EDGE_LOOP('',(#163,#164,#165,#166,#167,#168,#169,#170,#171,#172,#173));
#8978=EDGE_LOOP('',(#174,#175,#176,#177,#178,#179,#180,#181,#182,#183,#184,
#185,#186,#187,#188,#189,#190,#191,#192,#193,#194,#195,#196,#197,#198,#199,
#200,#201,#202,#203,#204,#205,#206,#207,#208,#209,#210,#211,#212,#213));
#8979=EDGE_LOOP('',(#214,#215,#216,#217,#218,#219,#220,#221,#222,#223,#224,
#225,#226,#227,#228,#229,#230,#231,#232,#233,#234,#235,#236,#237,#238,#239,
#240,#241,#242,#243,#244,#245,#246,#247,#248,#249,#250,#251,#252,#253));
#8980=EDGE_LOOP('',(#254,#255,#256,#257,#258,#259,#260,#261,#262,#263,#264,
#265,#266,#267,#268,#269,#270,#271,#272,#273,#274,#275,#276,#277,#278,#279,
#280,#281,#282,#283,#284,#285,#286,#287,#288,#289,#290,#291,#292,#293));
#8981=EDGE_LOOP('',(#294,#295,#296,#297,#298,#299,#300,#301,#302,#303,#304,
#305,#306,#307,#308,#309,#310,#311,#312,#313,#314,#315,#316,#317,#318,#319,
#320,#321,#322,#323,#324,#325,#326,#327,#328,#329,#330,#331,#332,#333));
#8982=EDGE_LOOP('',(#334,#335,#336,#337,#338,#339,#340,#341,#342,#343,#344,
#345,#346,#347,#348,#349,#350,#351,#352,#353,#354,#355,#356,#357,#358,#359,
#360,#361,#362,#363,#364,#365,#366,#367,#368,#369,#370,#371,#372,#373));
#8983=EDGE_LOOP('',(#374,#375,#376,#377,#378,#379,#380,#381,#382,#383,#384,
#385,#386,#387,#388,#389,#390,#391,#392,#393,#394,#395,#396,#397,#398,#399,
#400,#401,#402,#403,#404,#405,#406,#407,#408,#409,#410,#411,#412,#413));
#8984=EDGE_LOOP('',(#414,#415,#416,#417));
#8985=EDGE_LOOP('',(#418,#419,#420,#421));
#8986=EDGE_LOOP('',(#422,#423,#424,#425));
#8987=EDGE_LOOP('',(#426,#427,#428,#429,#430,#431,#432,#433,#434,#435,#436,
#437,#438));
#8988=EDGE_LOOP('',(#439,#440,#441,#442,#443,#444,#445,#446,#447,#448,#449,
#450));
#8989=EDGE_LOOP('',(#451,#452,#453,#454,#455,#456,#457));
#8990=EDGE_LOOP('',(#458,#459,#460,#461,#462,#463,#464));
#8991=EDGE_LOOP('',(#465,#466,#467,#468,#469,#470,#471,#472,#473,#474,#475,
#476,#477,#478,#479,#480,#481,#482,#483,#484,#485,#486,#487,#488,#489,#490,
#491,#492,#493,#494,#495,#496,#497,#498,#499,#500,#501,#502,#503,#504,#505,
#506));
#8992=EDGE_LOOP('',(#507,#508,#509,#510,#511,#512,#513,#514,#515,#516,#517,
#518,#519,#520,#521,#522,#523,#524,#525,#526,#527,#528,#529,#530,#531,#532,
#533,#534,#535,#536,#537,#538,#539,#540,#541,#542,#543,#544,#545,#546,#547,
#548));
#8993=EDGE_LOOP('',(#549,#550,#551,#552,#553,#554,#555,#556,#557,#558,#559,
#560,#561,#562,#563,#564,#565,#566,#567,#568,#569,#570,#571,#572,#573,#574,
#575,#576,#577,#578,#579,#580,#581,#582,#583,#584,#585,#586,#587,#588,#589,
#590));
#8994=EDGE_LOOP('',(#591,#592,#593,#594,#595,#596,#597,#598,#599,#600,#601,
#602,#603,#604,#605,#606,#607,#608,#609,#610,#611,#612,#613,#614,#615,#616,
#617,#618,#619,#620,#621,#622,#623,#624,#625,#626,#627,#628,#629,#630,#631,
#632));
#8995=EDGE_LOOP('',(#633,#634,#635,#636,#637,#638,#639,#640,#641,#642,#643,
#644,#645,#646,#647,#648,#649,#650,#651,#652,#653,#654,#655,#656,#657,#658,
#659,#660,#661,#662,#663,#664,#665,#666,#667,#668,#669,#670,#671,#672,#673,
#674));
#8996=EDGE_LOOP('',(#675,#676,#677,#678,#679,#680,#681,#682,#683,#684,#685,
#686,#687,#688,#689,#690,#691,#692,#693,#694,#695,#696,#697,#698,#699,#700,
#701,#702,#703,#704,#705,#706,#707,#708,#709,#710,#711,#712,#713,#714,#715,
#716));
#8997=EDGE_LOOP('',(#717,#718,#719,#720,#721,#722,#723,#724,#725,#726,#727,
#728));
#8998=EDGE_LOOP('',(#729,#730,#731,#732,#733,#734,#735));
#8999=EDGE_LOOP('',(#736,#737,#738,#739,#740,#741,#742));
#9000=EDGE_LOOP('',(#743,#744,#745,#746,#747,#748,#749));
#9001=EDGE_LOOP('',(#750,#751,#752,#753,#754,#755,#756));
#9002=EDGE_LOOP('',(#757,#758,#759,#760));
#9003=EDGE_LOOP('',(#761,#762,#763,#764));
#9004=EDGE_LOOP('',(#765,#766,#767,#768));
#9005=EDGE_LOOP('',(#769,#770,#771,#772));
#9006=EDGE_LOOP('',(#773,#774,#775,#776));
#9007=EDGE_LOOP('',(#777,#778,#779,#780));
#9008=EDGE_LOOP('',(#781,#782,#783,#784));
#9009=EDGE_LOOP('',(#785,#786,#787));
#9010=EDGE_LOOP('',(#788,#789,#790,#791));
#9011=EDGE_LOOP('',(#792,#793,#794,#795,#796,#797));
#9012=EDGE_LOOP('',(#798,#799,#800,#801));
#9013=EDGE_LOOP('',(#802,#803,#804));
#9014=EDGE_LOOP('',(#805,#806,#807,#808));
#9015=EDGE_LOOP('',(#809,#810,#811,#812));
#9016=EDGE_LOOP('',(#813,#814,#815,#816));
#9017=EDGE_LOOP('',(#817,#818,#819,#820));
#9018=EDGE_LOOP('',(#821,#822,#823,#824));
#9019=EDGE_LOOP('',(#825,#826,#827,#828));
#9020=EDGE_LOOP('',(#829,#830,#831,#832));
#9021=EDGE_LOOP('',(#833,#834,#835,#836));
#9022=EDGE_LOOP('',(#837,#838,#839,#840));
#9023=EDGE_LOOP('',(#841,#842,#843,#844));
#9024=EDGE_LOOP('',(#845,#846,#847,#848));
#9025=EDGE_LOOP('',(#849,#850,#851));
#9026=EDGE_LOOP('',(#852,#853,#854,#855));
#9027=EDGE_LOOP('',(#856,#857,#858));
#9028=EDGE_LOOP('',(#859,#860,#861,#862));
#9029=EDGE_LOOP('',(#863,#864,#865));
#9030=EDGE_LOOP('',(#866,#867,#868,#869));
#9031=EDGE_LOOP('',(#870,#871,#872));
#9032=EDGE_LOOP('',(#873,#874,#875,#876));
#9033=EDGE_LOOP('',(#877,#878,#879));
#9034=EDGE_LOOP('',(#880,#881,#882,#883));
#9035=EDGE_LOOP('',(#884,#885,#886,#887));
#9036=EDGE_LOOP('',(#888,#889,#890,#891));
#9037=EDGE_LOOP('',(#892,#893,#894,#895));
#9038=EDGE_LOOP('',(#896,#897,#898,#899));
#9039=EDGE_LOOP('',(#900,#901,#902,#903));
#9040=EDGE_LOOP('',(#904,#905,#906,#907));
#9041=EDGE_LOOP('',(#908,#909,#910,#911));
#9042=EDGE_LOOP('',(#912,#913,#914,#915));
#9043=EDGE_LOOP('',(#916,#917,#918,#919));
#9044=EDGE_LOOP('',(#920,#921,#922,#923));
#9045=EDGE_LOOP('',(#924,#925,#926,#927));
#9046=EDGE_LOOP('',(#928,#929,#930,#931));
#9047=EDGE_LOOP('',(#932,#933,#934,#935));
#9048=EDGE_LOOP('',(#936,#937,#938,#939));
#9049=EDGE_LOOP('',(#940,#941,#942,#943));
#9050=EDGE_LOOP('',(#944,#945,#946,#947));
#9051=EDGE_LOOP('',(#948,#949,#950,#951));
#9052=EDGE_LOOP('',(#952,#953,#954,#955));
#9053=EDGE_LOOP('',(#956,#957,#958,#959));
#9054=EDGE_LOOP('',(#960,#961,#962,#963));
#9055=EDGE_LOOP('',(#964,#965,#966,#967));
#9056=EDGE_LOOP('',(#968,#969,#970,#971));
#9057=EDGE_LOOP('',(#972,#973,#974,#975));
#9058=EDGE_LOOP('',(#976,#977,#978,#979));
#9059=EDGE_LOOP('',(#980,#981,#982,#983));
#9060=EDGE_LOOP('',(#984,#985,#986,#987));
#9061=EDGE_LOOP('',(#988,#989,#990,#991));
#9062=EDGE_LOOP('',(#992,#993,#994,#995));
#9063=EDGE_LOOP('',(#996,#997,#998,#999));
#9064=EDGE_LOOP('',(#1000,#1001,#1002,#1003));
#9065=EDGE_LOOP('',(#1004,#1005,#1006,#1007));
#9066=EDGE_LOOP('',(#1008,#1009,#1010,#1011));
#9067=EDGE_LOOP('',(#1012,#1013,#1014,#1015));
#9068=EDGE_LOOP('',(#1016,#1017,#1018,#1019));
#9069=EDGE_LOOP('',(#1020,#1021,#1022,#1023,#1024));
#9070=EDGE_LOOP('',(#1025,#1026,#1027,#1028));
#9071=EDGE_LOOP('',(#1029,#1030,#1031,#1032));
#9072=EDGE_LOOP('',(#1033,#1034,#1035,#1036,#1037));
#9073=EDGE_LOOP('',(#1038,#1039,#1040,#1041));
#9074=EDGE_LOOP('',(#1042,#1043,#1044,#1045));
#9075=EDGE_LOOP('',(#1046,#1047,#1048,#1049));
#9076=EDGE_LOOP('',(#1050,#1051,#1052,#1053));
#9077=EDGE_LOOP('',(#1054,#1055,#1056,#1057));
#9078=EDGE_LOOP('',(#1058,#1059,#1060,#1061));
#9079=EDGE_LOOP('',(#1062,#1063,#1064,#1065));
#9080=EDGE_LOOP('',(#1066,#1067,#1068,#1069));
#9081=EDGE_LOOP('',(#1070,#1071,#1072,#1073));
#9082=EDGE_LOOP('',(#1074,#1075,#1076,#1077));
#9083=EDGE_LOOP('',(#1078,#1079,#1080,#1081));
#9084=EDGE_LOOP('',(#1082,#1083,#1084,#1085));
#9085=EDGE_LOOP('',(#1086,#1087,#1088,#1089));
#9086=EDGE_LOOP('',(#1090,#1091,#1092,#1093));
#9087=EDGE_LOOP('',(#1094,#1095,#1096,#1097));
#9088=EDGE_LOOP('',(#1098,#1099,#1100,#1101));
#9089=EDGE_LOOP('',(#1102,#1103,#1104,#1105));
#9090=EDGE_LOOP('',(#1106,#1107,#1108,#1109));
#9091=EDGE_LOOP('',(#1110,#1111,#1112,#1113));
#9092=EDGE_LOOP('',(#1114,#1115,#1116,#1117));
#9093=EDGE_LOOP('',(#1118,#1119,#1120,#1121));
#9094=EDGE_LOOP('',(#1122,#1123,#1124,#1125));
#9095=EDGE_LOOP('',(#1126,#1127,#1128,#1129));
#9096=EDGE_LOOP('',(#1130,#1131,#1132,#1133));
#9097=EDGE_LOOP('',(#1134,#1135,#1136,#1137));
#9098=EDGE_LOOP('',(#1138,#1139,#1140,#1141));
#9099=EDGE_LOOP('',(#1142,#1143,#1144,#1145));
#9100=EDGE_LOOP('',(#1146,#1147,#1148,#1149));
#9101=EDGE_LOOP('',(#1150,#1151,#1152,#1153));
#9102=EDGE_LOOP('',(#1154,#1155,#1156,#1157));
#9103=EDGE_LOOP('',(#1158,#1159,#1160,#1161));
#9104=EDGE_LOOP('',(#1162,#1163,#1164,#1165));
#9105=EDGE_LOOP('',(#1166,#1167,#1168,#1169));
#9106=EDGE_LOOP('',(#1170,#1171,#1172,#1173));
#9107=EDGE_LOOP('',(#1174,#1175,#1176,#1177,#1178));
#9108=EDGE_LOOP('',(#1179,#1180,#1181,#1182));
#9109=EDGE_LOOP('',(#1183,#1184,#1185,#1186));
#9110=EDGE_LOOP('',(#1187,#1188,#1189,#1190,#1191));
#9111=EDGE_LOOP('',(#1192,#1193,#1194,#1195));
#9112=EDGE_LOOP('',(#1196,#1197,#1198,#1199));
#9113=EDGE_LOOP('',(#1200,#1201,#1202,#1203));
#9114=EDGE_LOOP('',(#1204,#1205,#1206,#1207));
#9115=EDGE_LOOP('',(#1208,#1209,#1210,#1211));
#9116=EDGE_LOOP('',(#1212,#1213,#1214,#1215));
#9117=EDGE_LOOP('',(#1216,#1217,#1218,#1219));
#9118=EDGE_LOOP('',(#1220,#1221,#1222,#1223));
#9119=EDGE_LOOP('',(#1224,#1225,#1226,#1227));
#9120=EDGE_LOOP('',(#1228,#1229,#1230,#1231));
#9121=EDGE_LOOP('',(#1232,#1233,#1234,#1235));
#9122=EDGE_LOOP('',(#1236,#1237,#1238,#1239));
#9123=EDGE_LOOP('',(#1240,#1241,#1242,#1243));
#9124=EDGE_LOOP('',(#1244,#1245,#1246,#1247));
#9125=EDGE_LOOP('',(#1248,#1249,#1250,#1251));
#9126=EDGE_LOOP('',(#1252,#1253,#1254,#1255));
#9127=EDGE_LOOP('',(#1256,#1257,#1258,#1259));
#9128=EDGE_LOOP('',(#1260,#1261,#1262,#1263));
#9129=EDGE_LOOP('',(#1264,#1265,#1266,#1267));
#9130=EDGE_LOOP('',(#1268,#1269,#1270,#1271));
#9131=EDGE_LOOP('',(#1272,#1273,#1274,#1275));
#9132=EDGE_LOOP('',(#1276,#1277,#1278,#1279));
#9133=EDGE_LOOP('',(#1280,#1281,#1282,#1283));
#9134=EDGE_LOOP('',(#1284,#1285,#1286,#1287));
#9135=EDGE_LOOP('',(#1288,#1289,#1290,#1291));
#9136=EDGE_LOOP('',(#1292,#1293,#1294,#1295));
#9137=EDGE_LOOP('',(#1296,#1297,#1298,#1299));
#9138=EDGE_LOOP('',(#1300,#1301,#1302,#1303));
#9139=EDGE_LOOP('',(#1304,#1305,#1306,#1307));
#9140=EDGE_LOOP('',(#1308,#1309,#1310,#1311));
#9141=EDGE_LOOP('',(#1312,#1313,#1314,#1315));
#9142=EDGE_LOOP('',(#1316,#1317,#1318,#1319));
#9143=EDGE_LOOP('',(#1320,#1321,#1322,#1323));
#9144=EDGE_LOOP('',(#1324,#1325,#1326,#1327));
#9145=EDGE_LOOP('',(#1328,#1329,#1330,#1331,#1332));
#9146=EDGE_LOOP('',(#1333,#1334,#1335,#1336));
#9147=EDGE_LOOP('',(#1337,#1338,#1339,#1340));
#9148=EDGE_LOOP('',(#1341,#1342,#1343,#1344,#1345));
#9149=EDGE_LOOP('',(#1346,#1347,#1348,#1349));
#9150=EDGE_LOOP('',(#1350,#1351,#1352,#1353));
#9151=EDGE_LOOP('',(#1354,#1355,#1356,#1357));
#9152=EDGE_LOOP('',(#1358,#1359,#1360,#1361));
#9153=EDGE_LOOP('',(#1362,#1363,#1364,#1365));
#9154=EDGE_LOOP('',(#1366,#1367,#1368,#1369));
#9155=EDGE_LOOP('',(#1370,#1371,#1372,#1373));
#9156=EDGE_LOOP('',(#1374,#1375,#1376,#1377));
#9157=EDGE_LOOP('',(#1378,#1379,#1380,#1381));
#9158=EDGE_LOOP('',(#1382,#1383,#1384,#1385));
#9159=EDGE_LOOP('',(#1386,#1387,#1388,#1389));
#9160=EDGE_LOOP('',(#1390,#1391,#1392,#1393));
#9161=EDGE_LOOP('',(#1394,#1395,#1396,#1397));
#9162=EDGE_LOOP('',(#1398,#1399,#1400,#1401));
#9163=EDGE_LOOP('',(#1402,#1403,#1404,#1405));
#9164=EDGE_LOOP('',(#1406,#1407,#1408,#1409));
#9165=EDGE_LOOP('',(#1410,#1411,#1412,#1413));
#9166=EDGE_LOOP('',(#1414,#1415,#1416,#1417));
#9167=EDGE_LOOP('',(#1418,#1419,#1420,#1421));
#9168=EDGE_LOOP('',(#1422,#1423,#1424,#1425));
#9169=EDGE_LOOP('',(#1426,#1427,#1428,#1429));
#9170=EDGE_LOOP('',(#1430,#1431,#1432,#1433));
#9171=EDGE_LOOP('',(#1434,#1435,#1436,#1437));
#9172=EDGE_LOOP('',(#1438,#1439,#1440,#1441));
#9173=EDGE_LOOP('',(#1442,#1443,#1444,#1445));
#9174=EDGE_LOOP('',(#1446,#1447,#1448,#1449));
#9175=EDGE_LOOP('',(#1450,#1451,#1452,#1453));
#9176=EDGE_LOOP('',(#1454,#1455,#1456,#1457));
#9177=EDGE_LOOP('',(#1458,#1459,#1460,#1461));
#9178=EDGE_LOOP('',(#1462,#1463,#1464,#1465));
#9179=EDGE_LOOP('',(#1466,#1467,#1468,#1469));
#9180=EDGE_LOOP('',(#1470,#1471,#1472,#1473));
#9181=EDGE_LOOP('',(#1474,#1475,#1476,#1477));
#9182=EDGE_LOOP('',(#1478,#1479,#1480,#1481));
#9183=EDGE_LOOP('',(#1482,#1483,#1484,#1485,#1486));
#9184=EDGE_LOOP('',(#1487,#1488,#1489,#1490));
#9185=EDGE_LOOP('',(#1491,#1492,#1493,#1494));
#9186=EDGE_LOOP('',(#1495,#1496,#1497,#1498,#1499));
#9187=EDGE_LOOP('',(#1500,#1501,#1502,#1503));
#9188=EDGE_LOOP('',(#1504,#1505,#1506,#1507));
#9189=EDGE_LOOP('',(#1508,#1509,#1510,#1511));
#9190=EDGE_LOOP('',(#1512,#1513,#1514,#1515));
#9191=EDGE_LOOP('',(#1516,#1517,#1518,#1519));
#9192=EDGE_LOOP('',(#1520,#1521,#1522,#1523));
#9193=EDGE_LOOP('',(#1524,#1525,#1526,#1527));
#9194=EDGE_LOOP('',(#1528,#1529,#1530,#1531));
#9195=EDGE_LOOP('',(#1532,#1533,#1534,#1535));
#9196=EDGE_LOOP('',(#1536,#1537,#1538,#1539));
#9197=EDGE_LOOP('',(#1540,#1541,#1542,#1543));
#9198=EDGE_LOOP('',(#1544,#1545,#1546,#1547));
#9199=EDGE_LOOP('',(#1548,#1549,#1550,#1551));
#9200=EDGE_LOOP('',(#1552,#1553,#1554,#1555));
#9201=EDGE_LOOP('',(#1556,#1557,#1558,#1559));
#9202=EDGE_LOOP('',(#1560,#1561,#1562,#1563));
#9203=EDGE_LOOP('',(#1564,#1565,#1566,#1567));
#9204=EDGE_LOOP('',(#1568,#1569,#1570,#1571));
#9205=EDGE_LOOP('',(#1572,#1573,#1574,#1575));
#9206=EDGE_LOOP('',(#1576,#1577,#1578,#1579));
#9207=EDGE_LOOP('',(#1580,#1581,#1582,#1583));
#9208=EDGE_LOOP('',(#1584,#1585,#1586,#1587));
#9209=EDGE_LOOP('',(#1588,#1589,#1590,#1591));
#9210=EDGE_LOOP('',(#1592,#1593,#1594,#1595));
#9211=EDGE_LOOP('',(#1596,#1597,#1598,#1599));
#9212=EDGE_LOOP('',(#1600,#1601,#1602,#1603));
#9213=EDGE_LOOP('',(#1604,#1605,#1606,#1607));
#9214=EDGE_LOOP('',(#1608,#1609,#1610,#1611));
#9215=EDGE_LOOP('',(#1612,#1613,#1614,#1615));
#9216=EDGE_LOOP('',(#1616,#1617,#1618,#1619));
#9217=EDGE_LOOP('',(#1620,#1621,#1622,#1623));
#9218=EDGE_LOOP('',(#1624,#1625,#1626,#1627));
#9219=EDGE_LOOP('',(#1628,#1629,#1630,#1631));
#9220=EDGE_LOOP('',(#1632,#1633,#1634,#1635));
#9221=EDGE_LOOP('',(#1636,#1637,#1638,#1639,#1640));
#9222=EDGE_LOOP('',(#1641,#1642,#1643,#1644));
#9223=EDGE_LOOP('',(#1645,#1646,#1647,#1648));
#9224=EDGE_LOOP('',(#1649,#1650,#1651,#1652,#1653));
#9225=EDGE_LOOP('',(#1654,#1655,#1656,#1657));
#9226=EDGE_LOOP('',(#1658,#1659,#1660,#1661));
#9227=EDGE_LOOP('',(#1662,#1663,#1664,#1665));
#9228=EDGE_LOOP('',(#1666,#1667,#1668,#1669));
#9229=EDGE_LOOP('',(#1670,#1671,#1672,#1673));
#9230=EDGE_LOOP('',(#1674,#1675,#1676,#1677));
#9231=EDGE_LOOP('',(#1678,#1679,#1680,#1681));
#9232=EDGE_LOOP('',(#1682,#1683,#1684,#1685));
#9233=EDGE_LOOP('',(#1686,#1687,#1688,#1689));
#9234=EDGE_LOOP('',(#1690,#1691,#1692,#1693));
#9235=EDGE_LOOP('',(#1694,#1695,#1696,#1697));
#9236=EDGE_LOOP('',(#1698,#1699,#1700,#1701));
#9237=EDGE_LOOP('',(#1702,#1703,#1704,#1705));
#9238=EDGE_LOOP('',(#1706,#1707,#1708,#1709));
#9239=EDGE_LOOP('',(#1710,#1711,#1712,#1713));
#9240=EDGE_LOOP('',(#1714,#1715,#1716,#1717));
#9241=EDGE_LOOP('',(#1718,#1719,#1720,#1721));
#9242=EDGE_LOOP('',(#1722,#1723,#1724,#1725));
#9243=EDGE_LOOP('',(#1726,#1727,#1728,#1729));
#9244=EDGE_LOOP('',(#1730,#1731,#1732,#1733));
#9245=EDGE_LOOP('',(#1734,#1735,#1736,#1737));
#9246=EDGE_LOOP('',(#1738,#1739,#1740,#1741));
#9247=EDGE_LOOP('',(#1742,#1743,#1744,#1745));
#9248=EDGE_LOOP('',(#1746,#1747,#1748,#1749));
#9249=EDGE_LOOP('',(#1750,#1751,#1752,#1753));
#9250=EDGE_LOOP('',(#1754,#1755,#1756,#1757));
#9251=EDGE_LOOP('',(#1758,#1759,#1760,#1761));
#9252=EDGE_LOOP('',(#1762,#1763,#1764,#1765));
#9253=EDGE_LOOP('',(#1766,#1767,#1768,#1769));
#9254=EDGE_LOOP('',(#1770,#1771,#1772,#1773));
#9255=EDGE_LOOP('',(#1774,#1775,#1776,#1777));
#9256=EDGE_LOOP('',(#1778,#1779,#1780,#1781));
#9257=EDGE_LOOP('',(#1782,#1783,#1784,#1785));
#9258=EDGE_LOOP('',(#1786,#1787,#1788,#1789));
#9259=EDGE_LOOP('',(#1790,#1791,#1792,#1793,#1794));
#9260=EDGE_LOOP('',(#1795,#1796,#1797,#1798));
#9261=EDGE_LOOP('',(#1799,#1800,#1801,#1802));
#9262=EDGE_LOOP('',(#1803,#1804,#1805,#1806,#1807));
#9263=EDGE_LOOP('',(#1808,#1809,#1810,#1811,#1812));
#9264=EDGE_LOOP('',(#1813,#1814,#1815,#1816,#1817));
#9265=EDGE_LOOP('',(#1818,#1819,#1820,#1821,#1822));
#9266=EDGE_LOOP('',(#1823,#1824,#1825,#1826,#1827));
#9267=EDGE_LOOP('',(#1828,#1829,#1830,#1831));
#9268=EDGE_LOOP('',(#1832,#1833,#1834,#1835));
#9269=EDGE_LOOP('',(#1836,#1837,#1838,#1839,#1840,#1841,#1842,#1843));
#9270=EDGE_LOOP('',(#1844,#1845,#1846,#1847,#1848,#1849,#1850,#1851));
#9271=EDGE_LOOP('',(#1852,#1853,#1854,#1855,#1856,#1857,#1858,#1859));
#9272=EDGE_LOOP('',(#1860,#1861,#1862,#1863,#1864,#1865,#1866,#1867));
#9273=EDGE_LOOP('',(#1868,#1869,#1870,#1871,#1872,#1873,#1874,#1875));
#9274=EDGE_LOOP('',(#1876,#1877,#1878,#1879,#1880,#1881,#1882,#1883));
#9275=EDGE_LOOP('',(#1884,#1885,#1886,#1887,#1888));
#9276=EDGE_LOOP('',(#1889,#1890,#1891,#1892,#1893));
#9277=EDGE_LOOP('',(#1894,#1895,#1896,#1897,#1898));
#9278=EDGE_LOOP('',(#1899,#1900,#1901,#1902,#1903));
#9279=EDGE_LOOP('',(#1904,#1905,#1906,#1907));
#9280=EDGE_LOOP('',(#1908,#1909,#1910,#1911));
#9281=EDGE_LOOP('',(#1912,#1913,#1914,#1915,#1916,#1917,#1918,#1919));
#9282=EDGE_LOOP('',(#1920,#1921,#1922,#1923,#1924,#1925,#1926,#1927));
#9283=EDGE_LOOP('',(#1928,#1929,#1930,#1931,#1932,#1933,#1934,#1935));
#9284=EDGE_LOOP('',(#1936,#1937,#1938,#1939,#1940,#1941,#1942,#1943));
#9285=EDGE_LOOP('',(#1944,#1945,#1946,#1947,#1948,#1949,#1950,#1951));
#9286=EDGE_LOOP('',(#1952,#1953,#1954,#1955,#1956,#1957,#1958,#1959));
#9287=EDGE_LOOP('',(#1960,#1961,#1962,#1963,#1964));
#9288=EDGE_LOOP('',(#1965,#1966,#1967,#1968,#1969));
#9289=EDGE_LOOP('',(#1970,#1971,#1972,#1973,#1974));
#9290=EDGE_LOOP('',(#1975,#1976,#1977,#1978,#1979));
#9291=EDGE_LOOP('',(#1980,#1981,#1982,#1983));
#9292=EDGE_LOOP('',(#1984,#1985,#1986,#1987));
#9293=EDGE_LOOP('',(#1988,#1989,#1990,#1991,#1992,#1993,#1994,#1995));
#9294=EDGE_LOOP('',(#1996,#1997,#1998,#1999,#2000,#2001,#2002,#2003));
#9295=EDGE_LOOP('',(#2004,#2005,#2006,#2007,#2008,#2009,#2010,#2011));
#9296=EDGE_LOOP('',(#2012,#2013,#2014,#2015,#2016,#2017,#2018,#2019));
#9297=EDGE_LOOP('',(#2020,#2021,#2022,#2023,#2024,#2025,#2026,#2027));
#9298=EDGE_LOOP('',(#2028,#2029,#2030,#2031,#2032,#2033,#2034,#2035));
#9299=EDGE_LOOP('',(#2036,#2037,#2038,#2039,#2040));
#9300=EDGE_LOOP('',(#2041,#2042,#2043,#2044,#2045));
#9301=EDGE_LOOP('',(#2046,#2047,#2048,#2049,#2050));
#9302=EDGE_LOOP('',(#2051,#2052,#2053,#2054,#2055));
#9303=EDGE_LOOP('',(#2056,#2057,#2058,#2059));
#9304=EDGE_LOOP('',(#2060,#2061,#2062,#2063));
#9305=EDGE_LOOP('',(#2064,#2065,#2066,#2067,#2068,#2069,#2070,#2071));
#9306=EDGE_LOOP('',(#2072,#2073,#2074,#2075,#2076,#2077,#2078,#2079));
#9307=EDGE_LOOP('',(#2080,#2081,#2082,#2083,#2084,#2085,#2086,#2087));
#9308=EDGE_LOOP('',(#2088,#2089,#2090,#2091,#2092,#2093,#2094,#2095));
#9309=EDGE_LOOP('',(#2096,#2097,#2098,#2099,#2100,#2101,#2102,#2103));
#9310=EDGE_LOOP('',(#2104,#2105,#2106,#2107,#2108,#2109,#2110,#2111));
#9311=EDGE_LOOP('',(#2112,#2113,#2114,#2115,#2116));
#9312=EDGE_LOOP('',(#2117,#2118,#2119,#2120,#2121));
#9313=EDGE_LOOP('',(#2122,#2123,#2124,#2125,#2126));
#9314=EDGE_LOOP('',(#2127,#2128,#2129,#2130,#2131));
#9315=EDGE_LOOP('',(#2132,#2133,#2134,#2135));
#9316=EDGE_LOOP('',(#2136,#2137,#2138,#2139));
#9317=EDGE_LOOP('',(#2140,#2141,#2142,#2143,#2144,#2145,#2146,#2147));
#9318=EDGE_LOOP('',(#2148,#2149,#2150,#2151,#2152,#2153,#2154,#2155));
#9319=EDGE_LOOP('',(#2156,#2157,#2158,#2159,#2160,#2161,#2162,#2163));
#9320=EDGE_LOOP('',(#2164,#2165,#2166,#2167,#2168,#2169,#2170,#2171));
#9321=EDGE_LOOP('',(#2172,#2173,#2174,#2175,#2176,#2177,#2178,#2179));
#9322=EDGE_LOOP('',(#2180,#2181,#2182,#2183,#2184,#2185,#2186,#2187));
#9323=EDGE_LOOP('',(#2188,#2189,#2190,#2191,#2192));
#9324=EDGE_LOOP('',(#2193,#2194,#2195,#2196,#2197));
#9325=EDGE_LOOP('',(#2198,#2199,#2200,#2201,#2202));
#9326=EDGE_LOOP('',(#2203,#2204,#2205,#2206,#2207));
#9327=EDGE_LOOP('',(#2208,#2209,#2210,#2211));
#9328=EDGE_LOOP('',(#2212,#2213,#2214,#2215));
#9329=EDGE_LOOP('',(#2216,#2217,#2218,#2219,#2220,#2221,#2222,#2223));
#9330=EDGE_LOOP('',(#2224,#2225,#2226,#2227,#2228,#2229,#2230,#2231));
#9331=EDGE_LOOP('',(#2232,#2233,#2234,#2235,#2236,#2237,#2238,#2239));
#9332=EDGE_LOOP('',(#2240,#2241,#2242,#2243,#2244,#2245,#2246,#2247));
#9333=EDGE_LOOP('',(#2248,#2249,#2250,#2251,#2252,#2253,#2254,#2255));
#9334=EDGE_LOOP('',(#2256,#2257,#2258,#2259,#2260,#2261,#2262,#2263));
#9335=EDGE_LOOP('',(#2264,#2265,#2266,#2267));
#9336=EDGE_LOOP('',(#2268,#2269,#2270,#2271,#2272,#2273));
#9337=EDGE_LOOP('',(#2274,#2275,#2276,#2277));
#9338=EDGE_LOOP('',(#2278,#2279,#2280,#2281));
#9339=EDGE_LOOP('',(#2282,#2283,#2284,#2285));
#9340=EDGE_LOOP('',(#2286,#2287,#2288,#2289,#2290,#2291));
#9341=EDGE_LOOP('',(#2292,#2293,#2294,#2295));
#9342=EDGE_LOOP('',(#2296,#2297,#2298,#2299));
#9343=EDGE_LOOP('',(#2300,#2301,#2302,#2303));
#9344=EDGE_LOOP('',(#2304,#2305,#2306,#2307,#2308,#2309));
#9345=EDGE_LOOP('',(#2310,#2311,#2312,#2313));
#9346=EDGE_LOOP('',(#2314,#2315,#2316,#2317));
#9347=EDGE_LOOP('',(#2318,#2319,#2320,#2321));
#9348=EDGE_LOOP('',(#2322,#2323,#2324,#2325,#2326,#2327));
#9349=EDGE_LOOP('',(#2328,#2329,#2330,#2331));
#9350=EDGE_LOOP('',(#2332,#2333,#2334,#2335));
#9351=EDGE_LOOP('',(#2336,#2337,#2338,#2339));
#9352=EDGE_LOOP('',(#2340,#2341,#2342,#2343,#2344,#2345));
#9353=EDGE_LOOP('',(#2346,#2347,#2348,#2349));
#9354=EDGE_LOOP('',(#2350,#2351,#2352,#2353));
#9355=EDGE_LOOP('',(#2354,#2355,#2356,#2357));
#9356=EDGE_LOOP('',(#2358,#2359,#2360,#2361,#2362,#2363));
#9357=EDGE_LOOP('',(#2364,#2365,#2366,#2367));
#9358=EDGE_LOOP('',(#2368,#2369,#2370,#2371));
#9359=EDGE_LOOP('',(#2372,#2373,#2374,#2375));
#9360=EDGE_LOOP('',(#2376,#2377,#2378,#2379,#2380));
#9361=EDGE_LOOP('',(#2381,#2382,#2383,#2384));
#9362=EDGE_LOOP('',(#2385,#2386,#2387,#2388,#2389));
#9363=EDGE_LOOP('',(#2390,#2391,#2392,#2393));
#9364=EDGE_LOOP('',(#2394,#2395,#2396,#2397,#2398));
#9365=EDGE_LOOP('',(#2399,#2400,#2401,#2402));
#9366=EDGE_LOOP('',(#2403,#2404,#2405,#2406,#2407));
#9367=EDGE_LOOP('',(#2408,#2409,#2410,#2411));
#9368=EDGE_LOOP('',(#2412,#2413,#2414,#2415,#2416));
#9369=EDGE_LOOP('',(#2417,#2418,#2419,#2420));
#9370=EDGE_LOOP('',(#2421,#2422,#2423,#2424,#2425));
#9371=EDGE_LOOP('',(#2426,#2427,#2428,#2429));
#9372=EDGE_LOOP('',(#2430,#2431,#2432,#2433));
#9373=EDGE_LOOP('',(#2434,#2435,#2436,#2437));
#9374=EDGE_LOOP('',(#2438,#2439,#2440,#2441,#2442));
#9375=EDGE_LOOP('',(#2443,#2444,#2445,#2446));
#9376=EDGE_LOOP('',(#2447,#2448,#2449,#2450));
#9377=EDGE_LOOP('',(#2451,#2452,#2453,#2454));
#9378=EDGE_LOOP('',(#2455,#2456,#2457,#2458,#2459));
#9379=EDGE_LOOP('',(#2460,#2461,#2462,#2463));
#9380=EDGE_LOOP('',(#2464,#2465,#2466,#2467));
#9381=EDGE_LOOP('',(#2468,#2469,#2470,#2471));
#9382=EDGE_LOOP('',(#2472,#2473,#2474,#2475,#2476));
#9383=EDGE_LOOP('',(#2477,#2478,#2479,#2480));
#9384=EDGE_LOOP('',(#2481,#2482,#2483,#2484));
#9385=EDGE_LOOP('',(#2485,#2486,#2487,#2488));
#9386=EDGE_LOOP('',(#2489,#2490,#2491,#2492,#2493));
#9387=EDGE_LOOP('',(#2494,#2495,#2496,#2497));
#9388=EDGE_LOOP('',(#2498,#2499,#2500,#2501));
#9389=EDGE_LOOP('',(#2502,#2503,#2504,#2505));
#9390=EDGE_LOOP('',(#2506,#2507,#2508,#2509,#2510));
#9391=EDGE_LOOP('',(#2511,#2512,#2513,#2514));
#9392=EDGE_LOOP('',(#2515,#2516,#2517,#2518));
#9393=EDGE_LOOP('',(#2519,#2520,#2521,#2522));
#9394=EDGE_LOOP('',(#2523,#2524,#2525,#2526,#2527,#2528));
#9395=EDGE_LOOP('',(#2529,#2530,#2531,#2532));
#9396=EDGE_LOOP('',(#2533,#2534,#2535,#2536,#2537,#2538));
#9397=EDGE_LOOP('',(#2539,#2540,#2541,#2542));
#9398=EDGE_LOOP('',(#2543,#2544,#2545,#2546,#2547,#2548));
#9399=EDGE_LOOP('',(#2549,#2550,#2551,#2552));
#9400=EDGE_LOOP('',(#2553,#2554,#2555,#2556,#2557,#2558));
#9401=EDGE_LOOP('',(#2559,#2560,#2561,#2562));
#9402=EDGE_LOOP('',(#2563,#2564,#2565,#2566,#2567,#2568));
#9403=EDGE_LOOP('',(#2569,#2570,#2571,#2572));
#9404=EDGE_LOOP('',(#2573,#2574,#2575,#2576,#2577,#2578));
#9405=EDGE_LOOP('',(#2579,#2580,#2581,#2582));
#9406=EDGE_LOOP('',(#2583,#2584,#2585,#2586,#2587));
#9407=EDGE_LOOP('',(#2588,#2589,#2590,#2591));
#9408=EDGE_LOOP('',(#2592,#2593,#2594,#2595));
#9409=EDGE_LOOP('',(#2596,#2597,#2598,#2599));
#9410=EDGE_LOOP('',(#2600,#2601,#2602,#2603,#2604));
#9411=EDGE_LOOP('',(#2605,#2606,#2607,#2608));
#9412=EDGE_LOOP('',(#2609,#2610,#2611,#2612));
#9413=EDGE_LOOP('',(#2613,#2614,#2615,#2616));
#9414=EDGE_LOOP('',(#2617,#2618,#2619,#2620,#2621));
#9415=EDGE_LOOP('',(#2622,#2623,#2624,#2625));
#9416=EDGE_LOOP('',(#2626,#2627,#2628,#2629));
#9417=EDGE_LOOP('',(#2630,#2631,#2632,#2633));
#9418=EDGE_LOOP('',(#2634,#2635,#2636,#2637,#2638));
#9419=EDGE_LOOP('',(#2639,#2640,#2641,#2642));
#9420=EDGE_LOOP('',(#2643,#2644,#2645,#2646));
#9421=EDGE_LOOP('',(#2647,#2648,#2649,#2650));
#9422=EDGE_LOOP('',(#2651,#2652,#2653,#2654,#2655));
#9423=EDGE_LOOP('',(#2656,#2657,#2658,#2659));
#9424=EDGE_LOOP('',(#2660,#2661,#2662,#2663));
#9425=EDGE_LOOP('',(#2664,#2665,#2666,#2667));
#9426=EDGE_LOOP('',(#2668,#2669,#2670,#2671,#2672));
#9427=EDGE_LOOP('',(#2673,#2674,#2675,#2676));
#9428=EDGE_LOOP('',(#2677,#2678,#2679,#2680));
#9429=EDGE_LOOP('',(#2681,#2682,#2683,#2684));
#9430=EDGE_LOOP('',(#2685,#2686,#2687,#2688,#2689,#2690));
#9431=EDGE_LOOP('',(#2691,#2692,#2693,#2694));
#9432=EDGE_LOOP('',(#2695,#2696,#2697,#2698,#2699,#2700));
#9433=EDGE_LOOP('',(#2701,#2702,#2703,#2704));
#9434=EDGE_LOOP('',(#2705,#2706,#2707,#2708,#2709,#2710));
#9435=EDGE_LOOP('',(#2711,#2712,#2713,#2714));
#9436=EDGE_LOOP('',(#2715,#2716,#2717,#2718,#2719,#2720));
#9437=EDGE_LOOP('',(#2721,#2722,#2723,#2724));
#9438=EDGE_LOOP('',(#2725,#2726,#2727,#2728,#2729,#2730));
#9439=EDGE_LOOP('',(#2731,#2732,#2733,#2734));
#9440=EDGE_LOOP('',(#2735,#2736,#2737,#2738,#2739,#2740));
#9441=EDGE_LOOP('',(#2741,#2742,#2743,#2744));
#9442=EDGE_LOOP('',(#2745,#2746,#2747,#2748,#2749));
#9443=EDGE_LOOP('',(#2750,#2751,#2752,#2753));
#9444=EDGE_LOOP('',(#2754,#2755,#2756,#2757));
#9445=EDGE_LOOP('',(#2758,#2759,#2760,#2761));
#9446=EDGE_LOOP('',(#2762,#2763,#2764,#2765,#2766));
#9447=EDGE_LOOP('',(#2767,#2768,#2769,#2770));
#9448=EDGE_LOOP('',(#2771,#2772,#2773,#2774));
#9449=EDGE_LOOP('',(#2775,#2776,#2777,#2778));
#9450=EDGE_LOOP('',(#2779,#2780,#2781,#2782,#2783));
#9451=EDGE_LOOP('',(#2784,#2785,#2786,#2787));
#9452=EDGE_LOOP('',(#2788,#2789,#2790,#2791));
#9453=EDGE_LOOP('',(#2792,#2793,#2794,#2795));
#9454=EDGE_LOOP('',(#2796,#2797,#2798,#2799,#2800));
#9455=EDGE_LOOP('',(#2801,#2802,#2803,#2804));
#9456=EDGE_LOOP('',(#2805,#2806,#2807,#2808));
#9457=EDGE_LOOP('',(#2809,#2810,#2811,#2812));
#9458=EDGE_LOOP('',(#2813,#2814,#2815,#2816,#2817));
#9459=EDGE_LOOP('',(#2818,#2819,#2820,#2821));
#9460=EDGE_LOOP('',(#2822,#2823,#2824,#2825));
#9461=EDGE_LOOP('',(#2826,#2827,#2828,#2829));
#9462=EDGE_LOOP('',(#2830,#2831,#2832,#2833,#2834));
#9463=EDGE_LOOP('',(#2835,#2836,#2837,#2838));
#9464=EDGE_LOOP('',(#2839,#2840,#2841,#2842));
#9465=EDGE_LOOP('',(#2843,#2844,#2845,#2846));
#9466=EDGE_LOOP('',(#2847,#2848,#2849,#2850,#2851,#2852));
#9467=EDGE_LOOP('',(#2853,#2854,#2855,#2856));
#9468=EDGE_LOOP('',(#2857,#2858,#2859,#2860,#2861,#2862));
#9469=EDGE_LOOP('',(#2863,#2864,#2865,#2866));
#9470=EDGE_LOOP('',(#2867,#2868,#2869,#2870,#2871,#2872));
#9471=EDGE_LOOP('',(#2873,#2874,#2875,#2876));
#9472=EDGE_LOOP('',(#2877,#2878,#2879,#2880,#2881,#2882));
#9473=EDGE_LOOP('',(#2883,#2884,#2885,#2886));
#9474=EDGE_LOOP('',(#2887,#2888,#2889,#2890,#2891,#2892));
#9475=EDGE_LOOP('',(#2893,#2894,#2895,#2896));
#9476=EDGE_LOOP('',(#2897,#2898,#2899,#2900,#2901,#2902));
#9477=EDGE_LOOP('',(#2903,#2904,#2905,#2906));
#9478=EDGE_LOOP('',(#2907,#2908,#2909,#2910,#2911));
#9479=EDGE_LOOP('',(#2912,#2913,#2914,#2915));
#9480=EDGE_LOOP('',(#2916,#2917,#2918,#2919));
#9481=EDGE_LOOP('',(#2920,#2921,#2922,#2923));
#9482=EDGE_LOOP('',(#2924,#2925,#2926,#2927,#2928));
#9483=EDGE_LOOP('',(#2929,#2930,#2931,#2932));
#9484=EDGE_LOOP('',(#2933,#2934,#2935,#2936));
#9485=EDGE_LOOP('',(#2937,#2938,#2939,#2940));
#9486=EDGE_LOOP('',(#2941,#2942,#2943,#2944,#2945));
#9487=EDGE_LOOP('',(#2946,#2947,#2948,#2949));
#9488=EDGE_LOOP('',(#2950,#2951,#2952,#2953));
#9489=EDGE_LOOP('',(#2954,#2955,#2956,#2957));
#9490=EDGE_LOOP('',(#2958,#2959,#2960,#2961,#2962));
#9491=EDGE_LOOP('',(#2963,#2964,#2965,#2966));
#9492=EDGE_LOOP('',(#2967,#2968,#2969,#2970));
#9493=EDGE_LOOP('',(#2971,#2972,#2973,#2974));
#9494=EDGE_LOOP('',(#2975,#2976,#2977,#2978,#2979));
#9495=EDGE_LOOP('',(#2980,#2981,#2982,#2983));
#9496=EDGE_LOOP('',(#2984,#2985,#2986,#2987));
#9497=EDGE_LOOP('',(#2988,#2989,#2990,#2991));
#9498=EDGE_LOOP('',(#2992,#2993,#2994,#2995,#2996));
#9499=EDGE_LOOP('',(#2997,#2998,#2999,#3000));
#9500=EDGE_LOOP('',(#3001,#3002,#3003,#3004));
#9501=EDGE_LOOP('',(#3005,#3006,#3007,#3008));
#9502=EDGE_LOOP('',(#3009,#3010,#3011,#3012,#3013,#3014));
#9503=EDGE_LOOP('',(#3015,#3016,#3017,#3018));
#9504=EDGE_LOOP('',(#3019,#3020,#3021,#3022,#3023,#3024));
#9505=EDGE_LOOP('',(#3025,#3026,#3027,#3028));
#9506=EDGE_LOOP('',(#3029,#3030,#3031,#3032,#3033,#3034));
#9507=EDGE_LOOP('',(#3035,#3036,#3037,#3038));
#9508=EDGE_LOOP('',(#3039,#3040,#3041,#3042,#3043,#3044));
#9509=EDGE_LOOP('',(#3045,#3046,#3047,#3048));
#9510=EDGE_LOOP('',(#3049,#3050,#3051,#3052,#3053,#3054));
#9511=EDGE_LOOP('',(#3055,#3056,#3057,#3058));
#9512=EDGE_LOOP('',(#3059,#3060,#3061,#3062,#3063,#3064));
#9513=EDGE_LOOP('',(#3065,#3066,#3067,#3068));
#9514=EDGE_LOOP('',(#3069,#3070,#3071,#3072,#3073));
#9515=EDGE_LOOP('',(#3074,#3075,#3076,#3077));
#9516=EDGE_LOOP('',(#3078,#3079,#3080,#3081,#3082,#3083));
#9517=EDGE_LOOP('',(#3084,#3085,#3086,#3087));
#9518=EDGE_LOOP('',(#3088,#3089,#3090,#3091));
#9519=EDGE_LOOP('',(#3092,#3093,#3094,#3095));
#9520=EDGE_LOOP('',(#3096,#3097,#3098,#3099,#3100,#3101));
#9521=EDGE_LOOP('',(#3102,#3103,#3104,#3105));
#9522=EDGE_LOOP('',(#3106,#3107,#3108,#3109));
#9523=EDGE_LOOP('',(#3110,#3111,#3112,#3113));
#9524=EDGE_LOOP('',(#3114,#3115,#3116,#3117,#3118,#3119));
#9525=EDGE_LOOP('',(#3120,#3121,#3122,#3123));
#9526=EDGE_LOOP('',(#3124,#3125,#3126,#3127));
#9527=EDGE_LOOP('',(#3128,#3129,#3130,#3131));
#9528=EDGE_LOOP('',(#3132,#3133,#3134,#3135,#3136,#3137));
#9529=EDGE_LOOP('',(#3138,#3139,#3140,#3141));
#9530=EDGE_LOOP('',(#3142,#3143,#3144,#3145));
#9531=EDGE_LOOP('',(#3146,#3147,#3148,#3149));
#9532=EDGE_LOOP('',(#3150,#3151,#3152,#3153,#3154,#3155));
#9533=EDGE_LOOP('',(#3156,#3157,#3158,#3159));
#9534=EDGE_LOOP('',(#3160,#3161,#3162,#3163));
#9535=EDGE_LOOP('',(#3164,#3165,#3166,#3167));
#9536=EDGE_LOOP('',(#3168,#3169,#3170,#3171,#3172,#3173));
#9537=EDGE_LOOP('',(#3174,#3175,#3176,#3177));
#9538=EDGE_LOOP('',(#3178,#3179,#3180,#3181));
#9539=EDGE_LOOP('',(#3182,#3183,#3184,#3185));
#9540=EDGE_LOOP('',(#3186,#3187,#3188,#3189,#3190));
#9541=EDGE_LOOP('',(#3191,#3192,#3193,#3194));
#9542=EDGE_LOOP('',(#3195,#3196,#3197,#3198,#3199));
#9543=EDGE_LOOP('',(#3200,#3201,#3202,#3203));
#9544=EDGE_LOOP('',(#3204,#3205,#3206,#3207,#3208));
#9545=EDGE_LOOP('',(#3209,#3210,#3211,#3212));
#9546=EDGE_LOOP('',(#3213,#3214,#3215,#3216,#3217));
#9547=EDGE_LOOP('',(#3218,#3219,#3220,#3221));
#9548=EDGE_LOOP('',(#3222,#3223,#3224,#3225,#3226));
#9549=EDGE_LOOP('',(#3227,#3228,#3229,#3230));
#9550=EDGE_LOOP('',(#3231,#3232,#3233,#3234,#3235));
#9551=EDGE_LOOP('',(#3236,#3237,#3238,#3239,#3240,#3241,#3242,#3243,#3244,
#3245,#3246,#3247));
#9552=EDGE_LOOP('',(#3248,#3249,#3250,#3251,#3252,#3253,#3254,#3255,#3256,
#3257,#3258,#3259));
#9553=EDGE_LOOP('',(#3260,#3261,#3262,#3263,#3264,#3265,#3266,#3267,#3268,
#3269,#3270,#3271));
#9554=EDGE_LOOP('',(#3272,#3273,#3274,#3275,#3276,#3277,#3278,#3279,#3280,
#3281,#3282,#3283));
#9555=EDGE_LOOP('',(#3284,#3285,#3286,#3287,#3288,#3289,#3290,#3291,#3292,
#3293,#3294,#3295));
#9556=FACE_BOUND('',#8971,.T.);
#9557=FACE_BOUND('',#8972,.T.);
#9558=FACE_BOUND('',#8973,.T.);
#9559=FACE_BOUND('',#8974,.T.);
#9560=FACE_BOUND('',#8975,.T.);
#9561=FACE_BOUND('',#8976,.T.);
#9562=FACE_BOUND('',#8977,.T.);
#9563=FACE_BOUND('',#8978,.T.);
#9564=FACE_BOUND('',#8979,.T.);
#9565=FACE_BOUND('',#8980,.T.);
#9566=FACE_BOUND('',#8981,.T.);
#9567=FACE_BOUND('',#8982,.T.);
#9568=FACE_BOUND('',#8983,.T.);
#9569=FACE_BOUND('',#8984,.T.);
#9570=FACE_BOUND('',#8985,.T.);
#9571=FACE_BOUND('',#8986,.T.);
#9572=FACE_BOUND('',#8987,.T.);
#9573=FACE_BOUND('',#8988,.T.);
#9574=FACE_BOUND('',#8989,.T.);
#9575=FACE_BOUND('',#8990,.T.);
#9576=FACE_BOUND('',#8991,.T.);
#9577=FACE_BOUND('',#8992,.T.);
#9578=FACE_BOUND('',#8993,.T.);
#9579=FACE_BOUND('',#8994,.T.);
#9580=FACE_BOUND('',#8995,.T.);
#9581=FACE_BOUND('',#8996,.T.);
#9582=FACE_BOUND('',#8997,.T.);
#9583=FACE_BOUND('',#8998,.T.);
#9584=FACE_BOUND('',#8999,.T.);
#9585=FACE_BOUND('',#9000,.T.);
#9586=FACE_BOUND('',#9001,.T.);
#9587=FACE_BOUND('',#9002,.T.);
#9588=FACE_BOUND('',#9003,.T.);
#9589=FACE_BOUND('',#9004,.T.);
#9590=FACE_BOUND('',#9005,.T.);
#9591=FACE_BOUND('',#9006,.T.);
#9592=FACE_BOUND('',#9007,.T.);
#9593=FACE_BOUND('',#9008,.T.);
#9594=FACE_BOUND('',#9009,.T.);
#9595=FACE_BOUND('',#9010,.T.);
#9596=FACE_BOUND('',#9011,.T.);
#9597=FACE_BOUND('',#9012,.T.);
#9598=FACE_BOUND('',#9013,.T.);
#9599=FACE_BOUND('',#9014,.T.);
#9600=FACE_BOUND('',#9015,.T.);
#9601=FACE_BOUND('',#9016,.T.);
#9602=FACE_BOUND('',#9017,.T.);
#9603=FACE_BOUND('',#9018,.T.);
#9604=FACE_BOUND('',#9019,.T.);
#9605=FACE_BOUND('',#9020,.T.);
#9606=FACE_BOUND('',#9021,.T.);
#9607=FACE_BOUND('',#9022,.T.);
#9608=FACE_BOUND('',#9023,.T.);
#9609=FACE_BOUND('',#9024,.T.);
#9610=FACE_BOUND('',#9025,.T.);
#9611=FACE_BOUND('',#9026,.T.);
#9612=FACE_BOUND('',#9027,.T.);
#9613=FACE_BOUND('',#9028,.T.);
#9614=FACE_BOUND('',#9029,.T.);
#9615=FACE_BOUND('',#9030,.T.);
#9616=FACE_BOUND('',#9031,.T.);
#9617=FACE_BOUND('',#9032,.T.);
#9618=FACE_BOUND('',#9033,.T.);
#9619=FACE_BOUND('',#9034,.T.);
#9620=FACE_BOUND('',#9035,.T.);
#9621=FACE_BOUND('',#9036,.T.);
#9622=FACE_BOUND('',#9037,.T.);
#9623=FACE_BOUND('',#9038,.T.);
#9624=FACE_BOUND('',#9039,.T.);
#9625=FACE_BOUND('',#9040,.T.);
#9626=FACE_BOUND('',#9041,.T.);
#9627=FACE_BOUND('',#9042,.T.);
#9628=FACE_BOUND('',#9043,.T.);
#9629=FACE_BOUND('',#9044,.T.);
#9630=FACE_BOUND('',#9045,.T.);
#9631=FACE_BOUND('',#9046,.T.);
#9632=FACE_BOUND('',#9047,.T.);
#9633=FACE_BOUND('',#9048,.T.);
#9634=FACE_BOUND('',#9049,.T.);
#9635=FACE_BOUND('',#9050,.T.);
#9636=FACE_BOUND('',#9051,.T.);
#9637=FACE_BOUND('',#9052,.T.);
#9638=FACE_BOUND('',#9053,.T.);
#9639=FACE_BOUND('',#9054,.T.);
#9640=FACE_BOUND('',#9055,.T.);
#9641=FACE_BOUND('',#9056,.T.);
#9642=FACE_BOUND('',#9057,.T.);
#9643=FACE_BOUND('',#9058,.T.);
#9644=FACE_BOUND('',#9059,.T.);
#9645=FACE_BOUND('',#9060,.T.);
#9646=FACE_BOUND('',#9061,.T.);
#9647=FACE_BOUND('',#9062,.T.);
#9648=FACE_BOUND('',#9063,.T.);
#9649=FACE_BOUND('',#9064,.T.);
#9650=FACE_BOUND('',#9065,.T.);
#9651=FACE_BOUND('',#9066,.T.);
#9652=FACE_BOUND('',#9067,.T.);
#9653=FACE_BOUND('',#9068,.T.);
#9654=FACE_BOUND('',#9069,.T.);
#9655=FACE_BOUND('',#9070,.T.);
#9656=FACE_BOUND('',#9071,.T.);
#9657=FACE_BOUND('',#9072,.T.);
#9658=FACE_BOUND('',#9073,.T.);
#9659=FACE_BOUND('',#9074,.T.);
#9660=FACE_BOUND('',#9075,.T.);
#9661=FACE_BOUND('',#9076,.T.);
#9662=FACE_BOUND('',#9077,.T.);
#9663=FACE_BOUND('',#9078,.T.);
#9664=FACE_BOUND('',#9079,.T.);
#9665=FACE_BOUND('',#9080,.T.);
#9666=FACE_BOUND('',#9081,.T.);
#9667=FACE_BOUND('',#9082,.T.);
#9668=FACE_BOUND('',#9083,.T.);
#9669=FACE_BOUND('',#9084,.T.);
#9670=FACE_BOUND('',#9085,.T.);
#9671=FACE_BOUND('',#9086,.T.);
#9672=FACE_BOUND('',#9087,.T.);
#9673=FACE_BOUND('',#9088,.T.);
#9674=FACE_BOUND('',#9089,.T.);
#9675=FACE_BOUND('',#9090,.T.);
#9676=FACE_BOUND('',#9091,.T.);
#9677=FACE_BOUND('',#9092,.T.);
#9678=FACE_BOUND('',#9093,.T.);
#9679=FACE_BOUND('',#9094,.T.);
#9680=FACE_BOUND('',#9095,.T.);
#9681=FACE_BOUND('',#9096,.T.);
#9682=FACE_BOUND('',#9097,.T.);
#9683=FACE_BOUND('',#9098,.T.);
#9684=FACE_BOUND('',#9099,.T.);
#9685=FACE_BOUND('',#9100,.T.);
#9686=FACE_BOUND('',#9101,.T.);
#9687=FACE_BOUND('',#9102,.T.);
#9688=FACE_BOUND('',#9103,.T.);
#9689=FACE_BOUND('',#9104,.T.);
#9690=FACE_BOUND('',#9105,.T.);
#9691=FACE_BOUND('',#9106,.T.);
#9692=FACE_BOUND('',#9107,.T.);
#9693=FACE_BOUND('',#9108,.T.);
#9694=FACE_BOUND('',#9109,.T.);
#9695=FACE_BOUND('',#9110,.T.);
#9696=FACE_BOUND('',#9111,.T.);
#9697=FACE_BOUND('',#9112,.T.);
#9698=FACE_BOUND('',#9113,.T.);
#9699=FACE_BOUND('',#9114,.T.);
#9700=FACE_BOUND('',#9115,.T.);
#9701=FACE_BOUND('',#9116,.T.);
#9702=FACE_BOUND('',#9117,.T.);
#9703=FACE_BOUND('',#9118,.T.);
#9704=FACE_BOUND('',#9119,.T.);
#9705=FACE_BOUND('',#9120,.T.);
#9706=FACE_BOUND('',#9121,.T.);
#9707=FACE_BOUND('',#9122,.T.);
#9708=FACE_BOUND('',#9123,.T.);
#9709=FACE_BOUND('',#9124,.T.);
#9710=FACE_BOUND('',#9125,.T.);
#9711=FACE_BOUND('',#9126,.T.);
#9712=FACE_BOUND('',#9127,.T.);
#9713=FACE_BOUND('',#9128,.T.);
#9714=FACE_BOUND('',#9129,.T.);
#9715=FACE_BOUND('',#9130,.T.);
#9716=FACE_BOUND('',#9131,.T.);
#9717=FACE_BOUND('',#9132,.T.);
#9718=FACE_BOUND('',#9133,.T.);
#9719=FACE_BOUND('',#9134,.T.);
#9720=FACE_BOUND('',#9135,.T.);
#9721=FACE_BOUND('',#9136,.T.);
#9722=FACE_BOUND('',#9137,.T.);
#9723=FACE_BOUND('',#9138,.T.);
#9724=FACE_BOUND('',#9139,.T.);
#9725=FACE_BOUND('',#9140,.T.);
#9726=FACE_BOUND('',#9141,.T.);
#9727=FACE_BOUND('',#9142,.T.);
#9728=FACE_BOUND('',#9143,.T.);
#9729=FACE_BOUND('',#9144,.T.);
#9730=FACE_BOUND('',#9145,.T.);
#9731=FACE_BOUND('',#9146,.T.);
#9732=FACE_BOUND('',#9147,.T.);
#9733=FACE_BOUND('',#9148,.T.);
#9734=FACE_BOUND('',#9149,.T.);
#9735=FACE_BOUND('',#9150,.T.);
#9736=FACE_BOUND('',#9151,.T.);
#9737=FACE_BOUND('',#9152,.T.);
#9738=FACE_BOUND('',#9153,.T.);
#9739=FACE_BOUND('',#9154,.T.);
#9740=FACE_BOUND('',#9155,.T.);
#9741=FACE_BOUND('',#9156,.T.);
#9742=FACE_BOUND('',#9157,.T.);
#9743=FACE_BOUND('',#9158,.T.);
#9744=FACE_BOUND('',#9159,.T.);
#9745=FACE_BOUND('',#9160,.T.);
#9746=FACE_BOUND('',#9161,.T.);
#9747=FACE_BOUND('',#9162,.T.);
#9748=FACE_BOUND('',#9163,.T.);
#9749=FACE_BOUND('',#9164,.T.);
#9750=FACE_BOUND('',#9165,.T.);
#9751=FACE_BOUND('',#9166,.T.);
#9752=FACE_BOUND('',#9167,.T.);
#9753=FACE_BOUND('',#9168,.T.);
#9754=FACE_BOUND('',#9169,.T.);
#9755=FACE_BOUND('',#9170,.T.);
#9756=FACE_BOUND('',#9171,.T.);
#9757=FACE_BOUND('',#9172,.T.);
#9758=FACE_BOUND('',#9173,.T.);
#9759=FACE_BOUND('',#9174,.T.);
#9760=FACE_BOUND('',#9175,.T.);
#9761=FACE_BOUND('',#9176,.T.);
#9762=FACE_BOUND('',#9177,.T.);
#9763=FACE_BOUND('',#9178,.T.);
#9764=FACE_BOUND('',#9179,.T.);
#9765=FACE_BOUND('',#9180,.T.);
#9766=FACE_BOUND('',#9181,.T.);
#9767=FACE_BOUND('',#9182,.T.);
#9768=FACE_BOUND('',#9183,.T.);
#9769=FACE_BOUND('',#9184,.T.);
#9770=FACE_BOUND('',#9185,.T.);
#9771=FACE_BOUND('',#9186,.T.);
#9772=FACE_BOUND('',#9187,.T.);
#9773=FACE_BOUND('',#9188,.T.);
#9774=FACE_BOUND('',#9189,.T.);
#9775=FACE_BOUND('',#9190,.T.);
#9776=FACE_BOUND('',#9191,.T.);
#9777=FACE_BOUND('',#9192,.T.);
#9778=FACE_BOUND('',#9193,.T.);
#9779=FACE_BOUND('',#9194,.T.);
#9780=FACE_BOUND('',#9195,.T.);
#9781=FACE_BOUND('',#9196,.T.);
#9782=FACE_BOUND('',#9197,.T.);
#9783=FACE_BOUND('',#9198,.T.);
#9784=FACE_BOUND('',#9199,.T.);
#9785=FACE_BOUND('',#9200,.T.);
#9786=FACE_BOUND('',#9201,.T.);
#9787=FACE_BOUND('',#9202,.T.);
#9788=FACE_BOUND('',#9203,.T.);
#9789=FACE_BOUND('',#9204,.T.);
#9790=FACE_BOUND('',#9205,.T.);
#9791=FACE_BOUND('',#9206,.T.);
#9792=FACE_BOUND('',#9207,.T.);
#9793=FACE_BOUND('',#9208,.T.);
#9794=FACE_BOUND('',#9209,.T.);
#9795=FACE_BOUND('',#9210,.T.);
#9796=FACE_BOUND('',#9211,.T.);
#9797=FACE_BOUND('',#9212,.T.);
#9798=FACE_BOUND('',#9213,.T.);
#9799=FACE_BOUND('',#9214,.T.);
#9800=FACE_BOUND('',#9215,.T.);
#9801=FACE_BOUND('',#9216,.T.);
#9802=FACE_BOUND('',#9217,.T.);
#9803=FACE_BOUND('',#9218,.T.);
#9804=FACE_BOUND('',#9219,.T.);
#9805=FACE_BOUND('',#9220,.T.);
#9806=FACE_BOUND('',#9221,.T.);
#9807=FACE_BOUND('',#9222,.T.);
#9808=FACE_BOUND('',#9223,.T.);
#9809=FACE_BOUND('',#9224,.T.);
#9810=FACE_BOUND('',#9225,.T.);
#9811=FACE_BOUND('',#9226,.T.);
#9812=FACE_BOUND('',#9227,.T.);
#9813=FACE_BOUND('',#9228,.T.);
#9814=FACE_BOUND('',#9229,.T.);
#9815=FACE_BOUND('',#9230,.T.);
#9816=FACE_BOUND('',#9231,.T.);
#9817=FACE_BOUND('',#9232,.T.);
#9818=FACE_BOUND('',#9233,.T.);
#9819=FACE_BOUND('',#9234,.T.);
#9820=FACE_BOUND('',#9235,.T.);
#9821=FACE_BOUND('',#9236,.T.);
#9822=FACE_BOUND('',#9237,.T.);
#9823=FACE_BOUND('',#9238,.T.);
#9824=FACE_BOUND('',#9239,.T.);
#9825=FACE_BOUND('',#9240,.T.);
#9826=FACE_BOUND('',#9241,.T.);
#9827=FACE_BOUND('',#9242,.T.);
#9828=FACE_BOUND('',#9243,.T.);
#9829=FACE_BOUND('',#9244,.T.);
#9830=FACE_BOUND('',#9245,.T.);
#9831=FACE_BOUND('',#9246,.T.);
#9832=FACE_BOUND('',#9247,.T.);
#9833=FACE_BOUND('',#9248,.T.);
#9834=FACE_BOUND('',#9249,.T.);
#9835=FACE_BOUND('',#9250,.T.);
#9836=FACE_BOUND('',#9251,.T.);
#9837=FACE_BOUND('',#9252,.T.);
#9838=FACE_BOUND('',#9253,.T.);
#9839=FACE_BOUND('',#9254,.T.);
#9840=FACE_BOUND('',#9255,.T.);
#9841=FACE_BOUND('',#9256,.T.);
#9842=FACE_BOUND('',#9257,.T.);
#9843=FACE_BOUND('',#9258,.T.);
#9844=FACE_BOUND('',#9259,.T.);
#9845=FACE_BOUND('',#9260,.T.);
#9846=FACE_BOUND('',#9261,.T.);
#9847=FACE_BOUND('',#9262,.T.);
#9848=FACE_BOUND('',#9263,.T.);
#9849=FACE_BOUND('',#9264,.T.);
#9850=FACE_BOUND('',#9265,.T.);
#9851=FACE_BOUND('',#9266,.T.);
#9852=FACE_BOUND('',#9267,.T.);
#9853=FACE_BOUND('',#9268,.T.);
#9854=FACE_BOUND('',#9269,.T.);
#9855=FACE_BOUND('',#9270,.T.);
#9856=FACE_BOUND('',#9271,.T.);
#9857=FACE_BOUND('',#9272,.T.);
#9858=FACE_BOUND('',#9273,.T.);
#9859=FACE_BOUND('',#9274,.T.);
#9860=FACE_BOUND('',#9275,.T.);
#9861=FACE_BOUND('',#9276,.T.);
#9862=FACE_BOUND('',#9277,.T.);
#9863=FACE_BOUND('',#9278,.T.);
#9864=FACE_BOUND('',#9279,.T.);
#9865=FACE_BOUND('',#9280,.T.);
#9866=FACE_BOUND('',#9281,.T.);
#9867=FACE_BOUND('',#9282,.T.);
#9868=FACE_BOUND('',#9283,.T.);
#9869=FACE_BOUND('',#9284,.T.);
#9870=FACE_BOUND('',#9285,.T.);
#9871=FACE_BOUND('',#9286,.T.);
#9872=FACE_BOUND('',#9287,.T.);
#9873=FACE_BOUND('',#9288,.T.);
#9874=FACE_BOUND('',#9289,.T.);
#9875=FACE_BOUND('',#9290,.T.);
#9876=FACE_BOUND('',#9291,.T.);
#9877=FACE_BOUND('',#9292,.T.);
#9878=FACE_BOUND('',#9293,.T.);
#9879=FACE_BOUND('',#9294,.T.);
#9880=FACE_BOUND('',#9295,.T.);
#9881=FACE_BOUND('',#9296,.T.);
#9882=FACE_BOUND('',#9297,.T.);
#9883=FACE_BOUND('',#9298,.T.);
#9884=FACE_BOUND('',#9299,.T.);
#9885=FACE_BOUND('',#9300,.T.);
#9886=FACE_BOUND('',#9301,.T.);
#9887=FACE_BOUND('',#9302,.T.);
#9888=FACE_BOUND('',#9303,.T.);
#9889=FACE_BOUND('',#9304,.T.);
#9890=FACE_BOUND('',#9305,.T.);
#9891=FACE_BOUND('',#9306,.T.);
#9892=FACE_BOUND('',#9307,.T.);
#9893=FACE_BOUND('',#9308,.T.);
#9894=FACE_BOUND('',#9309,.T.);
#9895=FACE_BOUND('',#9310,.T.);
#9896=FACE_BOUND('',#9311,.T.);
#9897=FACE_BOUND('',#9312,.T.);
#9898=FACE_BOUND('',#9313,.T.);
#9899=FACE_BOUND('',#9314,.T.);
#9900=FACE_BOUND('',#9315,.T.);
#9901=FACE_BOUND('',#9316,.T.);
#9902=FACE_BOUND('',#9317,.T.);
#9903=FACE_BOUND('',#9318,.T.);
#9904=FACE_BOUND('',#9319,.T.);
#9905=FACE_BOUND('',#9320,.T.);
#9906=FACE_BOUND('',#9321,.T.);
#9907=FACE_BOUND('',#9322,.T.);
#9908=FACE_BOUND('',#9323,.T.);
#9909=FACE_BOUND('',#9324,.T.);
#9910=FACE_BOUND('',#9325,.T.);
#9911=FACE_BOUND('',#9326,.T.);
#9912=FACE_BOUND('',#9327,.T.);
#9913=FACE_BOUND('',#9328,.T.);
#9914=FACE_BOUND('',#9329,.T.);
#9915=FACE_BOUND('',#9330,.T.);
#9916=FACE_BOUND('',#9331,.T.);
#9917=FACE_BOUND('',#9332,.T.);
#9918=FACE_BOUND('',#9333,.T.);
#9919=FACE_BOUND('',#9334,.T.);
#9920=FACE_BOUND('',#9335,.T.);
#9921=FACE_BOUND('',#9336,.T.);
#9922=FACE_BOUND('',#9337,.T.);
#9923=FACE_BOUND('',#9338,.T.);
#9924=FACE_BOUND('',#9339,.T.);
#9925=FACE_BOUND('',#9340,.T.);
#9926=FACE_BOUND('',#9341,.T.);
#9927=FACE_BOUND('',#9342,.T.);
#9928=FACE_BOUND('',#9343,.T.);
#9929=FACE_BOUND('',#9344,.T.);
#9930=FACE_BOUND('',#9345,.T.);
#9931=FACE_BOUND('',#9346,.T.);
#9932=FACE_BOUND('',#9347,.T.);
#9933=FACE_BOUND('',#9348,.T.);
#9934=FACE_BOUND('',#9349,.T.);
#9935=FACE_BOUND('',#9350,.T.);
#9936=FACE_BOUND('',#9351,.T.);
#9937=FACE_BOUND('',#9352,.T.);
#9938=FACE_BOUND('',#9353,.T.);
#9939=FACE_BOUND('',#9354,.T.);
#9940=FACE_BOUND('',#9355,.T.);
#9941=FACE_BOUND('',#9356,.T.);
#9942=FACE_BOUND('',#9357,.T.);
#9943=FACE_BOUND('',#9358,.T.);
#9944=FACE_BOUND('',#9359,.T.);
#9945=FACE_BOUND('',#9360,.T.);
#9946=FACE_BOUND('',#9361,.T.);
#9947=FACE_BOUND('',#9362,.T.);
#9948=FACE_BOUND('',#9363,.T.);
#9949=FACE_BOUND('',#9364,.T.);
#9950=FACE_BOUND('',#9365,.T.);
#9951=FACE_BOUND('',#9366,.T.);
#9952=FACE_BOUND('',#9367,.T.);
#9953=FACE_BOUND('',#9368,.T.);
#9954=FACE_BOUND('',#9369,.T.);
#9955=FACE_BOUND('',#9370,.T.);
#9956=FACE_BOUND('',#9371,.T.);
#9957=FACE_BOUND('',#9372,.T.);
#9958=FACE_BOUND('',#9373,.T.);
#9959=FACE_BOUND('',#9374,.T.);
#9960=FACE_BOUND('',#9375,.T.);
#9961=FACE_BOUND('',#9376,.T.);
#9962=FACE_BOUND('',#9377,.T.);
#9963=FACE_BOUND('',#9378,.T.);
#9964=FACE_BOUND('',#9379,.T.);
#9965=FACE_BOUND('',#9380,.T.);
#9966=FACE_BOUND('',#9381,.T.);
#9967=FACE_BOUND('',#9382,.T.);
#9968=FACE_BOUND('',#9383,.T.);
#9969=FACE_BOUND('',#9384,.T.);
#9970=FACE_BOUND('',#9385,.T.);
#9971=FACE_BOUND('',#9386,.T.);
#9972=FACE_BOUND('',#9387,.T.);
#9973=FACE_BOUND('',#9388,.T.);
#9974=FACE_BOUND('',#9389,.T.);
#9975=FACE_BOUND('',#9390,.T.);
#9976=FACE_BOUND('',#9391,.T.);
#9977=FACE_BOUND('',#9392,.T.);
#9978=FACE_BOUND('',#9393,.T.);
#9979=FACE_BOUND('',#9394,.T.);
#9980=FACE_BOUND('',#9395,.T.);
#9981=FACE_BOUND('',#9396,.T.);
#9982=FACE_BOUND('',#9397,.T.);
#9983=FACE_BOUND('',#9398,.T.);
#9984=FACE_BOUND('',#9399,.T.);
#9985=FACE_BOUND('',#9400,.T.);
#9986=FACE_BOUND('',#9401,.T.);
#9987=FACE_BOUND('',#9402,.T.);
#9988=FACE_BOUND('',#9403,.T.);
#9989=FACE_BOUND('',#9404,.T.);
#9990=FACE_BOUND('',#9405,.T.);
#9991=FACE_BOUND('',#9406,.T.);
#9992=FACE_BOUND('',#9407,.T.);
#9993=FACE_BOUND('',#9408,.T.);
#9994=FACE_BOUND('',#9409,.T.);
#9995=FACE_BOUND('',#9410,.T.);
#9996=FACE_BOUND('',#9411,.T.);
#9997=FACE_BOUND('',#9412,.T.);
#9998=FACE_BOUND('',#9413,.T.);
#9999=FACE_BOUND('',#9414,.T.);
#10000=FACE_BOUND('',#9415,.T.);
#10001=FACE_BOUND('',#9416,.T.);
#10002=FACE_BOUND('',#9417,.T.);
#10003=FACE_BOUND('',#9418,.T.);
#10004=FACE_BOUND('',#9419,.T.);
#10005=FACE_BOUND('',#9420,.T.);
#10006=FACE_BOUND('',#9421,.T.);
#10007=FACE_BOUND('',#9422,.T.);
#10008=FACE_BOUND('',#9423,.T.);
#10009=FACE_BOUND('',#9424,.T.);
#10010=FACE_BOUND('',#9425,.T.);
#10011=FACE_BOUND('',#9426,.T.);
#10012=FACE_BOUND('',#9427,.T.);
#10013=FACE_BOUND('',#9428,.T.);
#10014=FACE_BOUND('',#9429,.T.);
#10015=FACE_BOUND('',#9430,.T.);
#10016=FACE_BOUND('',#9431,.T.);
#10017=FACE_BOUND('',#9432,.T.);
#10018=FACE_BOUND('',#9433,.T.);
#10019=FACE_BOUND('',#9434,.T.);
#10020=FACE_BOUND('',#9435,.T.);
#10021=FACE_BOUND('',#9436,.T.);
#10022=FACE_BOUND('',#9437,.T.);
#10023=FACE_BOUND('',#9438,.T.);
#10024=FACE_BOUND('',#9439,.T.);
#10025=FACE_BOUND('',#9440,.T.);
#10026=FACE_BOUND('',#9441,.T.);
#10027=FACE_BOUND('',#9442,.T.);
#10028=FACE_BOUND('',#9443,.T.);
#10029=FACE_BOUND('',#9444,.T.);
#10030=FACE_BOUND('',#9445,.T.);
#10031=FACE_BOUND('',#9446,.T.);
#10032=FACE_BOUND('',#9447,.T.);
#10033=FACE_BOUND('',#9448,.T.);
#10034=FACE_BOUND('',#9449,.T.);
#10035=FACE_BOUND('',#9450,.T.);
#10036=FACE_BOUND('',#9451,.T.);
#10037=FACE_BOUND('',#9452,.T.);
#10038=FACE_BOUND('',#9453,.T.);
#10039=FACE_BOUND('',#9454,.T.);
#10040=FACE_BOUND('',#9455,.T.);
#10041=FACE_BOUND('',#9456,.T.);
#10042=FACE_BOUND('',#9457,.T.);
#10043=FACE_BOUND('',#9458,.T.);
#10044=FACE_BOUND('',#9459,.T.);
#10045=FACE_BOUND('',#9460,.T.);
#10046=FACE_BOUND('',#9461,.T.);
#10047=FACE_BOUND('',#9462,.T.);
#10048=FACE_BOUND('',#9463,.T.);
#10049=FACE_BOUND('',#9464,.T.);
#10050=FACE_BOUND('',#9465,.T.);
#10051=FACE_BOUND('',#9466,.T.);
#10052=FACE_BOUND('',#9467,.T.);
#10053=FACE_BOUND('',#9468,.T.);
#10054=FACE_BOUND('',#9469,.T.);
#10055=FACE_BOUND('',#9470,.T.);
#10056=FACE_BOUND('',#9471,.T.);
#10057=FACE_BOUND('',#9472,.T.);
#10058=FACE_BOUND('',#9473,.T.);
#10059=FACE_BOUND('',#9474,.T.);
#10060=FACE_BOUND('',#9475,.T.);
#10061=FACE_BOUND('',#9476,.T.);
#10062=FACE_BOUND('',#9477,.T.);
#10063=FACE_BOUND('',#9478,.T.);
#10064=FACE_BOUND('',#9479,.T.);
#10065=FACE_BOUND('',#9480,.T.);
#10066=FACE_BOUND('',#9481,.T.);
#10067=FACE_BOUND('',#9482,.T.);
#10068=FACE_BOUND('',#9483,.T.);
#10069=FACE_BOUND('',#9484,.T.);
#10070=FACE_BOUND('',#9485,.T.);
#10071=FACE_BOUND('',#9486,.T.);
#10072=FACE_BOUND('',#9487,.T.);
#10073=FACE_BOUND('',#9488,.T.);
#10074=FACE_BOUND('',#9489,.T.);
#10075=FACE_BOUND('',#9490,.T.);
#10076=FACE_BOUND('',#9491,.T.);
#10077=FACE_BOUND('',#9492,.T.);
#10078=FACE_BOUND('',#9493,.T.);
#10079=FACE_BOUND('',#9494,.T.);
#10080=FACE_BOUND('',#9495,.T.);
#10081=FACE_BOUND('',#9496,.T.);
#10082=FACE_BOUND('',#9497,.T.);
#10083=FACE_BOUND('',#9498,.T.);
#10084=FACE_BOUND('',#9499,.T.);
#10085=FACE_BOUND('',#9500,.T.);
#10086=FACE_BOUND('',#9501,.T.);
#10087=FACE_BOUND('',#9502,.T.);
#10088=FACE_BOUND('',#9503,.T.);
#10089=FACE_BOUND('',#9504,.T.);
#10090=FACE_BOUND('',#9505,.T.);
#10091=FACE_BOUND('',#9506,.T.);
#10092=FACE_BOUND('',#9507,.T.);
#10093=FACE_BOUND('',#9508,.T.);
#10094=FACE_BOUND('',#9509,.T.);
#10095=FACE_BOUND('',#9510,.T.);
#10096=FACE_BOUND('',#9511,.T.);
#10097=FACE_BOUND('',#9512,.T.);
#10098=FACE_BOUND('',#9513,.T.);
#10099=FACE_BOUND('',#9514,.T.);
#10100=FACE_BOUND('',#9515,.T.);
#10101=FACE_BOUND('',#9516,.T.);
#10102=FACE_BOUND('',#9517,.T.);
#10103=FACE_BOUND('',#9518,.T.);
#10104=FACE_BOUND('',#9519,.T.);
#10105=FACE_BOUND('',#9520,.T.);
#10106=FACE_BOUND('',#9521,.T.);
#10107=FACE_BOUND('',#9522,.T.);
#10108=FACE_BOUND('',#9523,.T.);
#10109=FACE_BOUND('',#9524,.T.);
#10110=FACE_BOUND('',#9525,.T.);
#10111=FACE_BOUND('',#9526,.T.);
#10112=FACE_BOUND('',#9527,.T.);
#10113=FACE_BOUND('',#9528,.T.);
#10114=FACE_BOUND('',#9529,.T.);
#10115=FACE_BOUND('',#9530,.T.);
#10116=FACE_BOUND('',#9531,.T.);
#10117=FACE_BOUND('',#9532,.T.);
#10118=FACE_BOUND('',#9533,.T.);
#10119=FACE_BOUND('',#9534,.T.);
#10120=FACE_BOUND('',#9535,.T.);
#10121=FACE_BOUND('',#9536,.T.);
#10122=FACE_BOUND('',#9537,.T.);
#10123=FACE_BOUND('',#9538,.T.);
#10124=FACE_BOUND('',#9539,.T.);
#10125=FACE_BOUND('',#9540,.T.);
#10126=FACE_BOUND('',#9541,.T.);
#10127=FACE_BOUND('',#9542,.T.);
#10128=FACE_BOUND('',#9543,.T.);
#10129=FACE_BOUND('',#9544,.T.);
#10130=FACE_BOUND('',#9545,.T.);
#10131=FACE_BOUND('',#9546,.T.);
#10132=FACE_BOUND('',#9547,.T.);
#10133=FACE_BOUND('',#9548,.T.);
#10134=FACE_BOUND('',#9549,.T.);
#10135=FACE_BOUND('',#9550,.T.);
#10136=FACE_BOUND('',#9551,.T.);
#10137=FACE_BOUND('',#9552,.T.);
#10138=FACE_BOUND('',#9553,.T.);
#10139=FACE_BOUND('',#9554,.T.);
#10140=FACE_BOUND('',#9555,.T.);
#10141=PLANE('',#11310);
#10142=PLANE('',#11359);
#10143=PLANE('',#11360);
#10144=PLANE('',#11361);
#10145=PLANE('',#11362);
#10146=PLANE('',#11363);
#10147=PLANE('',#11364);
#10148=PLANE('',#11365);
#10149=PLANE('',#11366);
#10150=PLANE('',#11367);
#10151=PLANE('',#11368);
#10152=PLANE('',#11381);
#10153=PLANE('',#11382);
#10154=PLANE('',#11383);
#10155=PLANE('',#11384);
#10156=PLANE('',#11385);
#10157=PLANE('',#11386);
#10158=PLANE('',#11387);
#10159=PLANE('',#11412);
#10160=PLANE('',#11413);
#10161=PLANE('',#11414);
#10162=PLANE('',#11415);
#10163=PLANE('',#11416);
#10164=PLANE('',#11417);
#10165=PLANE('',#11418);
#10166=PLANE('',#11419);
#10167=PLANE('',#11420);
#10168=PLANE('',#11421);
#10169=PLANE('',#11422);
#10170=PLANE('',#11423);
#10171=PLANE('',#11424);
#10172=PLANE('',#11425);
#10173=PLANE('',#11426);
#10174=PLANE('',#11427);
#10175=PLANE('',#11428);
#10176=PLANE('',#11429);
#10177=PLANE('',#11430);
#10178=PLANE('',#11431);
#10179=PLANE('',#11432);
#10180=PLANE('',#11433);
#10181=PLANE('',#11434);
#10182=PLANE('',#11435);
#10183=PLANE('',#11436);
#10184=PLANE('',#11437);
#10185=PLANE('',#11438);
#10186=PLANE('',#11439);
#10187=PLANE('',#11440);
#10188=PLANE('',#11441);
#10189=PLANE('',#11442);
#10190=PLANE('',#11443);
#10191=PLANE('',#11444);
#10192=PLANE('',#11445);
#10193=PLANE('',#11446);
#10194=PLANE('',#11447);
#10195=PLANE('',#11448);
#10196=PLANE('',#11449);
#10197=PLANE('',#11450);
#10198=PLANE('',#11451);
#10199=PLANE('',#11452);
#10200=PLANE('',#11453);
#10201=PLANE('',#11454);
#10202=PLANE('',#11455);
#10203=PLANE('',#11456);
#10204=PLANE('',#11457);
#10205=PLANE('',#11458);
#10206=PLANE('',#11459);
#10207=PLANE('',#11460);
#10208=PLANE('',#11461);
#10209=PLANE('',#11462);
#10210=PLANE('',#11463);
#10211=PLANE('',#11464);
#10212=PLANE('',#11465);
#10213=PLANE('',#11466);
#10214=PLANE('',#11467);
#10215=PLANE('',#11468);
#10216=PLANE('',#11469);
#10217=PLANE('',#11470);
#10218=PLANE('',#11471);
#10219=PLANE('',#11472);
#10220=PLANE('',#11473);
#10221=PLANE('',#11474);
#10222=PLANE('',#11475);
#10223=PLANE('',#11476);
#10224=PLANE('',#11477);
#10225=PLANE('',#11478);
#10226=PLANE('',#11479);
#10227=PLANE('',#11480);
#10228=PLANE('',#11481);
#10229=PLANE('',#11482);
#10230=PLANE('',#11483);
#10231=PLANE('',#11484);
#10232=PLANE('',#11485);
#10233=PLANE('',#11486);
#10234=PLANE('',#11487);
#10235=PLANE('',#11488);
#10236=PLANE('',#11489);
#10237=PLANE('',#11490);
#10238=PLANE('',#11491);
#10239=PLANE('',#11492);
#10240=PLANE('',#11493);
#10241=PLANE('',#11494);
#10242=PLANE('',#11495);
#10243=PLANE('',#11496);
#10244=PLANE('',#11497);
#10245=PLANE('',#11498);
#10246=PLANE('',#11499);
#10247=PLANE('',#11500);
#10248=PLANE('',#11501);
#10249=PLANE('',#11502);
#10250=PLANE('',#11503);
#10251=PLANE('',#11504);
#10252=PLANE('',#11505);
#10253=PLANE('',#11506);
#10254=PLANE('',#11507);
#10255=PLANE('',#11508);
#10256=PLANE('',#11509);
#10257=PLANE('',#11510);
#10258=PLANE('',#11511);
#10259=PLANE('',#11512);
#10260=PLANE('',#11513);
#10261=PLANE('',#11514);
#10262=PLANE('',#11515);
#10263=PLANE('',#11516);
#10264=PLANE('',#11517);
#10265=PLANE('',#11518);
#10266=PLANE('',#11519);
#10267=PLANE('',#11520);
#10268=PLANE('',#11521);
#10269=PLANE('',#11522);
#10270=PLANE('',#11523);
#10271=PLANE('',#11524);
#10272=PLANE('',#11525);
#10273=PLANE('',#11526);
#10274=PLANE('',#11527);
#10275=PLANE('',#11528);
#10276=PLANE('',#11529);
#10277=PLANE('',#11530);
#10278=PLANE('',#11531);
#10279=PLANE('',#11532);
#10280=PLANE('',#11533);
#10281=PLANE('',#11534);
#10282=PLANE('',#11535);
#10283=PLANE('',#11536);
#10284=PLANE('',#11537);
#10285=PLANE('',#11538);
#10286=PLANE('',#11539);
#10287=PLANE('',#11540);
#10288=PLANE('',#11541);
#10289=PLANE('',#11542);
#10290=PLANE('',#11543);
#10291=PLANE('',#11544);
#10292=PLANE('',#11545);
#10293=PLANE('',#11546);
#10294=PLANE('',#11547);
#10295=PLANE('',#11548);
#10296=PLANE('',#11549);
#10297=PLANE('',#11550);
#10298=PLANE('',#11551);
#10299=PLANE('',#11552);
#10300=PLANE('',#11553);
#10301=PLANE('',#11554);
#10302=PLANE('',#11555);
#10303=PLANE('',#11556);
#10304=PLANE('',#11557);
#10305=PLANE('',#11558);
#10306=PLANE('',#11559);
#10307=PLANE('',#11560);
#10308=PLANE('',#11561);
#10309=PLANE('',#11562);
#10310=PLANE('',#11563);
#10311=PLANE('',#11564);
#10312=PLANE('',#11565);
#10313=PLANE('',#11566);
#10314=PLANE('',#11567);
#10315=PLANE('',#11568);
#10316=PLANE('',#11569);
#10317=PLANE('',#11570);
#10318=PLANE('',#11571);
#10319=PLANE('',#11572);
#10320=PLANE('',#11573);
#10321=PLANE('',#11574);
#10322=PLANE('',#11575);
#10323=PLANE('',#11576);
#10324=PLANE('',#11577);
#10325=PLANE('',#11578);
#10326=PLANE('',#11579);
#10327=PLANE('',#11580);
#10328=PLANE('',#11581);
#10329=PLANE('',#11582);
#10330=PLANE('',#11583);
#10331=PLANE('',#11584);
#10332=PLANE('',#11585);
#10333=PLANE('',#11586);
#10334=PLANE('',#11587);
#10335=PLANE('',#11588);
#10336=PLANE('',#11589);
#10337=PLANE('',#11590);
#10338=PLANE('',#11591);
#10339=PLANE('',#11592);
#10340=PLANE('',#11593);
#10341=PLANE('',#11594);
#10342=PLANE('',#11595);
#10343=PLANE('',#11596);
#10344=PLANE('',#11597);
#10345=PLANE('',#11598);
#10346=PLANE('',#11599);
#10347=PLANE('',#11600);
#10348=PLANE('',#11601);
#10349=PLANE('',#11602);
#10350=PLANE('',#11603);
#10351=PLANE('',#11604);
#10352=PLANE('',#11605);
#10353=PLANE('',#11606);
#10354=PLANE('',#11607);
#10355=PLANE('',#11608);
#10356=PLANE('',#11609);
#10357=PLANE('',#11610);
#10358=PLANE('',#11611);
#10359=PLANE('',#11612);
#10360=PLANE('',#11613);
#10361=PLANE('',#11614);
#10362=PLANE('',#11615);
#10363=PLANE('',#11616);
#10364=PLANE('',#11617);
#10365=PLANE('',#11618);
#10366=PLANE('',#11619);
#10367=PLANE('',#11620);
#10368=PLANE('',#11621);
#10369=PLANE('',#11622);
#10370=PLANE('',#11623);
#10371=PLANE('',#11624);
#10372=PLANE('',#11625);
#10373=PLANE('',#11626);
#10374=PLANE('',#11627);
#10375=PLANE('',#11628);
#10376=PLANE('',#11629);
#10377=PLANE('',#11630);
#10378=PLANE('',#11631);
#10379=PLANE('',#11632);
#10380=PLANE('',#11633);
#10381=PLANE('',#11634);
#10382=PLANE('',#11635);
#10383=PLANE('',#11636);
#10384=PLANE('',#11637);
#10385=PLANE('',#11638);
#10386=PLANE('',#11639);
#10387=PLANE('',#11640);
#10388=PLANE('',#11641);
#10389=PLANE('',#11642);
#10390=PLANE('',#11643);
#10391=PLANE('',#11644);
#10392=PLANE('',#11645);
#10393=PLANE('',#11646);
#10394=PLANE('',#11647);
#10395=PLANE('',#11648);
#10396=PLANE('',#11649);
#10397=PLANE('',#11650);
#10398=PLANE('',#11651);
#10399=PLANE('',#11652);
#10400=PLANE('',#11653);
#10401=PLANE('',#11654);
#10402=PLANE('',#11655);
#10403=PLANE('',#11656);
#10404=PLANE('',#11657);
#10405=PLANE('',#11658);
#10406=PLANE('',#11659);
#10407=PLANE('',#11660);
#10408=PLANE('',#11661);
#10409=PLANE('',#11662);
#10410=PLANE('',#11663);
#10411=PLANE('',#11664);
#10412=PLANE('',#11665);
#10413=PLANE('',#11666);
#10414=PLANE('',#11667);
#10415=PLANE('',#11668);
#10416=PLANE('',#11669);
#10417=PLANE('',#11670);
#10418=PLANE('',#11671);
#10419=PLANE('',#11672);
#10420=PLANE('',#11673);
#10421=PLANE('',#11674);
#10422=PLANE('',#11675);
#10423=PLANE('',#11676);
#10424=PLANE('',#11677);
#10425=PLANE('',#11678);
#10426=PLANE('',#11679);
#10427=PLANE('',#11680);
#10428=PLANE('',#11681);
#10429=PLANE('',#11682);
#10430=PLANE('',#11683);
#10431=PLANE('',#11684);
#10432=PLANE('',#11685);
#10433=PLANE('',#11686);
#10434=PLANE('',#11687);
#10435=PLANE('',#11688);
#10436=PLANE('',#11689);
#10437=PLANE('',#11690);
#10438=PLANE('',#11691);
#10439=PLANE('',#11692);
#10440=PLANE('',#11693);
#10441=PLANE('',#11694);
#10442=PLANE('',#11695);
#10443=PLANE('',#11696);
#10444=PLANE('',#11697);
#10445=PLANE('',#11698);
#10446=PLANE('',#11699);
#10447=PLANE('',#11700);
#10448=PLANE('',#11701);
#10449=PLANE('',#11702);
#10450=PLANE('',#11703);
#10451=PLANE('',#11704);
#10452=PLANE('',#11705);
#10453=PLANE('',#11706);
#10454=PLANE('',#11707);
#10455=PLANE('',#11708);
#10456=PLANE('',#11709);
#10457=PLANE('',#11710);
#10458=PLANE('',#11711);
#10459=PLANE('',#11712);
#10460=PLANE('',#11713);
#10461=PLANE('',#11714);
#10462=PLANE('',#11715);
#10463=PLANE('',#11716);
#10464=PLANE('',#11717);
#10465=PLANE('',#11718);
#10466=PLANE('',#11719);
#10467=PLANE('',#11720);
#10468=PLANE('',#11721);
#10469=PLANE('',#11722);
#10470=PLANE('',#11723);
#10471=PLANE('',#11724);
#10472=PLANE('',#11725);
#10473=PLANE('',#11726);
#10474=PLANE('',#11727);
#10475=PLANE('',#11728);
#10476=PLANE('',#11729);
#10477=PLANE('',#11730);
#10478=PLANE('',#11731);
#10479=PLANE('',#11732);
#10480=PLANE('',#11733);
#10481=PLANE('',#11734);
#10482=PLANE('',#11735);
#10483=PLANE('',#11736);
#10484=PLANE('',#11737);
#10485=PLANE('',#11738);
#10486=PLANE('',#11739);
#10487=PLANE('',#11740);
#10488=PLANE('',#11741);
#10489=PLANE('',#11742);
#10490=PLANE('',#11743);
#10491=PLANE('',#11744);
#10492=PLANE('',#11745);
#10493=PLANE('',#11746);
#10494=PLANE('',#11747);
#10495=PLANE('',#11748);
#10496=PLANE('',#11749);
#10497=PLANE('',#11750);
#10498=PLANE('',#11751);
#10499=PLANE('',#11752);
#10500=PLANE('',#11753);
#10501=PLANE('',#11754);
#10502=PLANE('',#11755);
#10503=PLANE('',#11756);
#10504=PLANE('',#11757);
#10505=PLANE('',#11758);
#10506=PLANE('',#11759);
#10507=PLANE('',#11760);
#10508=PLANE('',#11761);
#10509=PLANE('',#11762);
#10510=PLANE('',#11763);
#10511=PLANE('',#11764);
#10512=PLANE('',#11765);
#10513=PLANE('',#11766);
#10514=PLANE('',#11767);
#10515=PLANE('',#11768);
#10516=PLANE('',#11769);
#10517=PLANE('',#11770);
#10518=PLANE('',#11771);
#10519=PLANE('',#11772);
#10520=PLANE('',#11773);
#10521=PLANE('',#11774);
#10522=PLANE('',#11775);
#10523=PLANE('',#11776);
#10524=PLANE('',#11777);
#10525=PLANE('',#11778);
#10526=PLANE('',#11779);
#10527=PLANE('',#11780);
#10528=PLANE('',#11781);
#10529=PLANE('',#11782);
#10530=PLANE('',#11783);
#10531=PLANE('',#11784);
#10532=PLANE('',#11785);
#10533=PLANE('',#11786);
#10534=PLANE('',#11787);
#10535=PLANE('',#11788);
#10536=PLANE('',#11789);
#10537=PLANE('',#11790);
#10538=PLANE('',#11791);
#10539=PLANE('',#11792);
#10540=PLANE('',#11793);
#10541=PLANE('',#11794);
#10542=PLANE('',#11795);
#10543=PLANE('',#11796);
#10544=PLANE('',#11797);
#10545=PLANE('',#11798);
#10546=PLANE('',#11799);
#10547=PLANE('',#11800);
#10548=PLANE('',#11801);
#10549=PLANE('',#11802);
#10550=PLANE('',#11803);
#10551=PLANE('',#11804);
#10552=PLANE('',#11805);
#10553=PLANE('',#11806);
#10554=PLANE('',#11807);
#10555=PLANE('',#11808);
#10556=PLANE('',#11809);
#10557=PLANE('',#11810);
#10558=PLANE('',#11811);
#10559=PLANE('',#11812);
#10560=PLANE('',#11813);
#10561=PLANE('',#11814);
#10562=PLANE('',#11815);
#10563=PLANE('',#11816);
#10564=PLANE('',#11817);
#10565=PLANE('',#11818);
#10566=PLANE('',#11819);
#10567=PLANE('',#11820);
#10568=PLANE('',#11821);
#10569=PLANE('',#11822);
#10570=PLANE('',#11823);
#10571=PLANE('',#11824);
#10572=PLANE('',#11825);
#10573=PLANE('',#11826);
#10574=PLANE('',#11827);
#10575=PLANE('',#11828);
#10576=PLANE('',#11829);
#10577=PLANE('',#11830);
#10578=PLANE('',#11831);
#10579=PLANE('',#11832);
#10580=PLANE('',#11833);
#10581=PLANE('',#11834);
#10582=PLANE('',#11835);
#10583=PLANE('',#11836);
#10584=PLANE('',#11837);
#10585=PLANE('',#11838);
#10586=PLANE('',#11839);
#10587=PLANE('',#11840);
#10588=PLANE('',#11841);
#10589=PLANE('',#11842);
#10590=PLANE('',#11843);
#10591=PLANE('',#11844);
#10592=PLANE('',#11845);
#10593=PLANE('',#11846);
#10594=PLANE('',#11847);
#10595=PLANE('',#11848);
#10596=PLANE('',#11849);
#10597=PLANE('',#11850);
#10598=PLANE('',#11851);
#10599=PLANE('',#11852);
#10600=PLANE('',#11853);
#10601=PLANE('',#11854);
#10602=PLANE('',#11855);
#10603=PLANE('',#11856);
#10604=PLANE('',#11857);
#10605=PLANE('',#11858);
#10606=PLANE('',#11859);
#10607=PLANE('',#11860);
#10608=PLANE('',#11861);
#10609=PLANE('',#11862);
#10610=PLANE('',#11863);
#10611=PLANE('',#11864);
#10612=PLANE('',#11865);
#10613=PLANE('',#11866);
#10614=PLANE('',#11867);
#10615=PLANE('',#11868);
#10616=PLANE('',#11869);
#10617=PLANE('',#11870);
#10618=PLANE('',#11871);
#10619=PLANE('',#11872);
#10620=PLANE('',#11873);
#10621=PLANE('',#11874);
#10622=PLANE('',#11875);
#10623=PLANE('',#11876);
#10624=PLANE('',#11877);
#10625=PLANE('',#11878);
#10626=PLANE('',#11879);
#10627=PLANE('',#11880);
#10628=PLANE('',#11881);
#10629=PLANE('',#11882);
#10630=PLANE('',#11883);
#10631=PLANE('',#11884);
#10632=PLANE('',#11885);
#10633=PLANE('',#11886);
#10634=PLANE('',#11887);
#10635=PLANE('',#11888);
#10636=PLANE('',#11889);
#10637=PLANE('',#11890);
#10638=PLANE('',#11891);
#10639=PLANE('',#11892);
#10640=PLANE('',#11893);
#10641=PLANE('',#11894);
#10642=PLANE('',#11895);
#10643=PLANE('',#11896);
#10644=PLANE('',#11897);
#10645=PLANE('',#11898);
#10646=PLANE('',#11899);
#10647=PLANE('',#11900);
#10648=PLANE('',#11901);
#10649=PLANE('',#11902);
#10650=PLANE('',#11903);
#10651=PLANE('',#11904);
#10652=PLANE('',#11905);
#10653=PLANE('',#11906);
#10654=PLANE('',#11907);
#10655=PLANE('',#11908);
#10656=PLANE('',#11909);
#10657=PLANE('',#11910);
#10658=PLANE('',#11911);
#10659=PLANE('',#11912);
#10660=PLANE('',#11913);
#10661=PLANE('',#11914);
#10662=PLANE('',#11915);
#10663=PLANE('',#11916);
#10664=PLANE('',#11917);
#10665=PLANE('',#11918);
#10666=PLANE('',#11919);
#10667=PLANE('',#11920);
#10668=PLANE('',#11921);
#10669=PLANE('',#11922);
#10670=PLANE('',#11923);
#10671=PLANE('',#11924);
#10672=PLANE('',#11925);
#10673=PLANE('',#11926);
#10674=PLANE('',#11927);
#10675=PLANE('',#11928);
#10676=PLANE('',#11929);
#10677=PLANE('',#11930);
#10678=PLANE('',#11931);
#10679=PLANE('',#11932);
#10680=PLANE('',#11933);
#10681=PLANE('',#11934);
#10682=PLANE('',#11935);
#10683=PLANE('',#11936);
#10684=PLANE('',#11937);
#10685=PLANE('',#11938);
#10686=PLANE('',#11939);
#10687=PLANE('',#11940);
#10688=PLANE('',#11941);
#10689=PLANE('',#11942);
#10690=PLANE('',#11943);
#10691=PLANE('',#11944);
#10692=PLANE('',#11945);
#10693=PLANE('',#11946);
#10694=PLANE('',#11947);
#10695=PLANE('',#11948);
#10696=PLANE('',#11949);
#10697=PLANE('',#11950);
#10698=PLANE('',#11951);
#10699=PLANE('',#11952);
#10700=PLANE('',#11953);
#10701=PLANE('',#11954);
#10702=PLANE('',#11955);
#10703=PLANE('',#11956);
#10704=PLANE('',#11957);
#10705=PLANE('',#11958);
#10706=PLANE('',#11959);
#10707=PLANE('',#11960);
#10708=PLANE('',#11961);
#10709=PLANE('',#11962);
#10710=PLANE('',#11963);
#10711=PLANE('',#11964);
#10712=PLANE('',#11965);
#10713=ADVANCED_FACE('',(#9556),#10141,.T.);
#10714=ADVANCED_FACE('',(#9557),#84,.T.);
#10715=ADVANCED_FACE('',(#9558),#85,.T.);
#10716=ADVANCED_FACE('',(#9559),#86,.T.);
#10717=ADVANCED_FACE('',(#9560),#87,.T.);
#10718=ADVANCED_FACE('',(#9561),#88,.T.);
#10719=ADVANCED_FACE('',(#9562),#89,.T.);
#10720=ADVANCED_FACE('',(#9563),#10142,.T.);
#10721=ADVANCED_FACE('',(#9564),#10143,.T.);
#10722=ADVANCED_FACE('',(#9565),#10144,.T.);
#10723=ADVANCED_FACE('',(#9566),#10145,.T.);
#10724=ADVANCED_FACE('',(#9567),#10146,.T.);
#10725=ADVANCED_FACE('',(#9568),#10147,.T.);
#10726=ADVANCED_FACE('',(#9569),#10148,.F.);
#10727=ADVANCED_FACE('',(#9570),#10149,.F.);
#10728=ADVANCED_FACE('',(#9571),#10150,.F.);
#10729=ADVANCED_FACE('',(#9572,#9573),#10151,.T.);
#10730=ADVANCED_FACE('',(#9574),#90,.T.);
#10731=ADVANCED_FACE('',(#9575),#91,.T.);
#10732=ADVANCED_FACE('',(#9576),#10152,.F.);
#10733=ADVANCED_FACE('',(#9577),#10153,.F.);
#10734=ADVANCED_FACE('',(#9578),#10154,.F.);
#10735=ADVANCED_FACE('',(#9579),#10155,.F.);
#10736=ADVANCED_FACE('',(#9580),#10156,.F.);
#10737=ADVANCED_FACE('',(#9581),#10157,.F.);
#10738=ADVANCED_FACE('',(#9582),#10158,.F.);
#10739=ADVANCED_FACE('',(#9583),#92,.T.);
#10740=ADVANCED_FACE('',(#9584),#93,.T.);
#10741=ADVANCED_FACE('',(#9585),#94,.T.);
#10742=ADVANCED_FACE('',(#9586),#95,.T.);
#10743=ADVANCED_FACE('',(#9587),#10159,.T.);
#10744=ADVANCED_FACE('',(#9588),#10160,.T.);
#10745=ADVANCED_FACE('',(#9589),#10161,.T.);
#10746=ADVANCED_FACE('',(#9590),#10162,.T.);
#10747=ADVANCED_FACE('',(#9591),#10163,.T.);
#10748=ADVANCED_FACE('',(#9592),#10164,.T.);
#10749=ADVANCED_FACE('',(#9593),#10165,.F.);
#10750=ADVANCED_FACE('',(#9594),#10166,.F.);
#10751=ADVANCED_FACE('',(#9595),#10167,.F.);
#10752=ADVANCED_FACE('',(#9596),#10168,.T.);
#10753=ADVANCED_FACE('',(#9597),#10169,.T.);
#10754=ADVANCED_FACE('',(#9598),#10170,.T.);
#10755=ADVANCED_FACE('',(#9599),#10171,.T.);
#10756=ADVANCED_FACE('',(#9600),#10172,.T.);
#10757=ADVANCED_FACE('',(#9601),#10173,.T.);
#10758=ADVANCED_FACE('',(#9602),#10174,.T.);
#10759=ADVANCED_FACE('',(#9603),#10175,.F.);
#10760=ADVANCED_FACE('',(#9604),#10176,.T.);
#10761=ADVANCED_FACE('',(#9605),#10177,.T.);
#10762=ADVANCED_FACE('',(#9606),#10178,.T.);
#10763=ADVANCED_FACE('',(#9607),#10179,.T.);
#10764=ADVANCED_FACE('',(#9608),#10180,.T.);
#10765=ADVANCED_FACE('',(#9609),#10181,.T.);
#10766=ADVANCED_FACE('',(#9610),#10182,.F.);
#10767=ADVANCED_FACE('',(#9611),#10183,.T.);
#10768=ADVANCED_FACE('',(#9612),#10184,.F.);
#10769=ADVANCED_FACE('',(#9613),#10185,.T.);
#10770=ADVANCED_FACE('',(#9614),#10186,.F.);
#10771=ADVANCED_FACE('',(#9615),#10187,.T.);
#10772=ADVANCED_FACE('',(#9616),#10188,.F.);
#10773=ADVANCED_FACE('',(#9617),#10189,.F.);
#10774=ADVANCED_FACE('',(#9618),#10190,.F.);
#10775=ADVANCED_FACE('',(#9619),#10191,.T.);
#10776=ADVANCED_FACE('',(#9620),#10192,.T.);
#10777=ADVANCED_FACE('',(#9621),#10193,.T.);
#10778=ADVANCED_FACE('',(#9622),#10194,.T.);
#10779=ADVANCED_FACE('',(#9623),#10195,.T.);
#10780=ADVANCED_FACE('',(#9624),#10196,.T.);
#10781=ADVANCED_FACE('',(#9625),#10197,.T.);
#10782=ADVANCED_FACE('',(#9626),#10198,.T.);
#10783=ADVANCED_FACE('',(#9627),#10199,.T.);
#10784=ADVANCED_FACE('',(#9628),#10200,.T.);
#10785=ADVANCED_FACE('',(#9629),#10201,.T.);
#10786=ADVANCED_FACE('',(#9630),#10202,.T.);
#10787=ADVANCED_FACE('',(#9631),#10203,.T.);
#10788=ADVANCED_FACE('',(#9632),#10204,.T.);
#10789=ADVANCED_FACE('',(#9633),#10205,.T.);
#10790=ADVANCED_FACE('',(#9634),#10206,.T.);
#10791=ADVANCED_FACE('',(#9635),#10207,.T.);
#10792=ADVANCED_FACE('',(#9636),#10208,.T.);
#10793=ADVANCED_FACE('',(#9637),#10209,.T.);
#10794=ADVANCED_FACE('',(#9638),#10210,.T.);
#10795=ADVANCED_FACE('',(#9639),#10211,.T.);
#10796=ADVANCED_FACE('',(#9640),#10212,.T.);
#10797=ADVANCED_FACE('',(#9641),#10213,.T.);
#10798=ADVANCED_FACE('',(#9642),#10214,.T.);
#10799=ADVANCED_FACE('',(#9643),#10215,.T.);
#10800=ADVANCED_FACE('',(#9644),#10216,.T.);
#10801=ADVANCED_FACE('',(#9645),#10217,.T.);
#10802=ADVANCED_FACE('',(#9646),#10218,.T.);
#10803=ADVANCED_FACE('',(#9647),#10219,.T.);
#10804=ADVANCED_FACE('',(#9648),#10220,.T.);
#10805=ADVANCED_FACE('',(#9649),#10221,.T.);
#10806=ADVANCED_FACE('',(#9650),#10222,.T.);
#10807=ADVANCED_FACE('',(#9651),#10223,.T.);
#10808=ADVANCED_FACE('',(#9652),#10224,.T.);
#10809=ADVANCED_FACE('',(#9653),#10225,.T.);
#10810=ADVANCED_FACE('',(#9654),#10226,.T.);
#10811=ADVANCED_FACE('',(#9655),#10227,.T.);
#10812=ADVANCED_FACE('',(#9656),#10228,.T.);
#10813=ADVANCED_FACE('',(#9657),#10229,.T.);
#10814=ADVANCED_FACE('',(#9658),#10230,.T.);
#10815=ADVANCED_FACE('',(#9659),#10231,.T.);
#10816=ADVANCED_FACE('',(#9660),#10232,.T.);
#10817=ADVANCED_FACE('',(#9661),#10233,.T.);
#10818=ADVANCED_FACE('',(#9662),#10234,.T.);
#10819=ADVANCED_FACE('',(#9663),#10235,.T.);
#10820=ADVANCED_FACE('',(#9664),#10236,.T.);
#10821=ADVANCED_FACE('',(#9665),#10237,.T.);
#10822=ADVANCED_FACE('',(#9666),#10238,.T.);
#10823=ADVANCED_FACE('',(#9667),#10239,.T.);
#10824=ADVANCED_FACE('',(#9668),#10240,.T.);
#10825=ADVANCED_FACE('',(#9669),#10241,.T.);
#10826=ADVANCED_FACE('',(#9670),#10242,.T.);
#10827=ADVANCED_FACE('',(#9671),#10243,.T.);
#10828=ADVANCED_FACE('',(#9672),#10244,.T.);
#10829=ADVANCED_FACE('',(#9673),#10245,.T.);
#10830=ADVANCED_FACE('',(#9674),#10246,.T.);
#10831=ADVANCED_FACE('',(#9675),#10247,.T.);
#10832=ADVANCED_FACE('',(#9676),#10248,.T.);
#10833=ADVANCED_FACE('',(#9677),#10249,.T.);
#10834=ADVANCED_FACE('',(#9678),#10250,.T.);
#10835=ADVANCED_FACE('',(#9679),#10251,.T.);
#10836=ADVANCED_FACE('',(#9680),#10252,.T.);
#10837=ADVANCED_FACE('',(#9681),#10253,.T.);
#10838=ADVANCED_FACE('',(#9682),#10254,.T.);
#10839=ADVANCED_FACE('',(#9683),#10255,.T.);
#10840=ADVANCED_FACE('',(#9684),#10256,.T.);
#10841=ADVANCED_FACE('',(#9685),#10257,.T.);
#10842=ADVANCED_FACE('',(#9686),#10258,.T.);
#10843=ADVANCED_FACE('',(#9687),#10259,.T.);
#10844=ADVANCED_FACE('',(#9688),#10260,.T.);
#10845=ADVANCED_FACE('',(#9689),#10261,.T.);
#10846=ADVANCED_FACE('',(#9690),#10262,.T.);
#10847=ADVANCED_FACE('',(#9691),#10263,.T.);
#10848=ADVANCED_FACE('',(#9692),#10264,.T.);
#10849=ADVANCED_FACE('',(#9693),#10265,.T.);
#10850=ADVANCED_FACE('',(#9694),#10266,.T.);
#10851=ADVANCED_FACE('',(#9695),#10267,.T.);
#10852=ADVANCED_FACE('',(#9696),#10268,.T.);
#10853=ADVANCED_FACE('',(#9697),#10269,.T.);
#10854=ADVANCED_FACE('',(#9698),#10270,.T.);
#10855=ADVANCED_FACE('',(#9699),#10271,.T.);
#10856=ADVANCED_FACE('',(#9700),#10272,.T.);
#10857=ADVANCED_FACE('',(#9701),#10273,.T.);
#10858=ADVANCED_FACE('',(#9702),#10274,.T.);
#10859=ADVANCED_FACE('',(#9703),#10275,.T.);
#10860=ADVANCED_FACE('',(#9704),#10276,.T.);
#10861=ADVANCED_FACE('',(#9705),#10277,.T.);
#10862=ADVANCED_FACE('',(#9706),#10278,.T.);
#10863=ADVANCED_FACE('',(#9707),#10279,.T.);
#10864=ADVANCED_FACE('',(#9708),#10280,.T.);
#10865=ADVANCED_FACE('',(#9709),#10281,.T.);
#10866=ADVANCED_FACE('',(#9710),#10282,.T.);
#10867=ADVANCED_FACE('',(#9711),#10283,.T.);
#10868=ADVANCED_FACE('',(#9712),#10284,.T.);
#10869=ADVANCED_FACE('',(#9713),#10285,.T.);
#10870=ADVANCED_FACE('',(#9714),#10286,.T.);
#10871=ADVANCED_FACE('',(#9715),#10287,.T.);
#10872=ADVANCED_FACE('',(#9716),#10288,.T.);
#10873=ADVANCED_FACE('',(#9717),#10289,.T.);
#10874=ADVANCED_FACE('',(#9718),#10290,.T.);
#10875=ADVANCED_FACE('',(#9719),#10291,.T.);
#10876=ADVANCED_FACE('',(#9720),#10292,.T.);
#10877=ADVANCED_FACE('',(#9721),#10293,.T.);
#10878=ADVANCED_FACE('',(#9722),#10294,.T.);
#10879=ADVANCED_FACE('',(#9723),#10295,.T.);
#10880=ADVANCED_FACE('',(#9724),#10296,.T.);
#10881=ADVANCED_FACE('',(#9725),#10297,.T.);
#10882=ADVANCED_FACE('',(#9726),#10298,.T.);
#10883=ADVANCED_FACE('',(#9727),#10299,.T.);
#10884=ADVANCED_FACE('',(#9728),#10300,.T.);
#10885=ADVANCED_FACE('',(#9729),#10301,.T.);
#10886=ADVANCED_FACE('',(#9730),#10302,.T.);
#10887=ADVANCED_FACE('',(#9731),#10303,.T.);
#10888=ADVANCED_FACE('',(#9732),#10304,.T.);
#10889=ADVANCED_FACE('',(#9733),#10305,.T.);
#10890=ADVANCED_FACE('',(#9734),#10306,.T.);
#10891=ADVANCED_FACE('',(#9735),#10307,.T.);
#10892=ADVANCED_FACE('',(#9736),#10308,.T.);
#10893=ADVANCED_FACE('',(#9737),#10309,.T.);
#10894=ADVANCED_FACE('',(#9738),#10310,.T.);
#10895=ADVANCED_FACE('',(#9739),#10311,.T.);
#10896=ADVANCED_FACE('',(#9740),#10312,.T.);
#10897=ADVANCED_FACE('',(#9741),#10313,.T.);
#10898=ADVANCED_FACE('',(#9742),#10314,.T.);
#10899=ADVANCED_FACE('',(#9743),#10315,.T.);
#10900=ADVANCED_FACE('',(#9744),#10316,.T.);
#10901=ADVANCED_FACE('',(#9745),#10317,.T.);
#10902=ADVANCED_FACE('',(#9746),#10318,.T.);
#10903=ADVANCED_FACE('',(#9747),#10319,.T.);
#10904=ADVANCED_FACE('',(#9748),#10320,.T.);
#10905=ADVANCED_FACE('',(#9749),#10321,.T.);
#10906=ADVANCED_FACE('',(#9750),#10322,.T.);
#10907=ADVANCED_FACE('',(#9751),#10323,.T.);
#10908=ADVANCED_FACE('',(#9752),#10324,.T.);
#10909=ADVANCED_FACE('',(#9753),#10325,.T.);
#10910=ADVANCED_FACE('',(#9754),#10326,.T.);
#10911=ADVANCED_FACE('',(#9755),#10327,.T.);
#10912=ADVANCED_FACE('',(#9756),#10328,.T.);
#10913=ADVANCED_FACE('',(#9757),#10329,.T.);
#10914=ADVANCED_FACE('',(#9758),#10330,.T.);
#10915=ADVANCED_FACE('',(#9759),#10331,.T.);
#10916=ADVANCED_FACE('',(#9760),#10332,.T.);
#10917=ADVANCED_FACE('',(#9761),#10333,.T.);
#10918=ADVANCED_FACE('',(#9762),#10334,.T.);
#10919=ADVANCED_FACE('',(#9763),#10335,.T.);
#10920=ADVANCED_FACE('',(#9764),#10336,.T.);
#10921=ADVANCED_FACE('',(#9765),#10337,.T.);
#10922=ADVANCED_FACE('',(#9766),#10338,.T.);
#10923=ADVANCED_FACE('',(#9767),#10339,.T.);
#10924=ADVANCED_FACE('',(#9768),#10340,.T.);
#10925=ADVANCED_FACE('',(#9769),#10341,.T.);
#10926=ADVANCED_FACE('',(#9770),#10342,.T.);
#10927=ADVANCED_FACE('',(#9771),#10343,.T.);
#10928=ADVANCED_FACE('',(#9772),#10344,.T.);
#10929=ADVANCED_FACE('',(#9773),#10345,.T.);
#10930=ADVANCED_FACE('',(#9774),#10346,.T.);
#10931=ADVANCED_FACE('',(#9775),#10347,.T.);
#10932=ADVANCED_FACE('',(#9776),#10348,.T.);
#10933=ADVANCED_FACE('',(#9777),#10349,.T.);
#10934=ADVANCED_FACE('',(#9778),#10350,.T.);
#10935=ADVANCED_FACE('',(#9779),#10351,.T.);
#10936=ADVANCED_FACE('',(#9780),#10352,.T.);
#10937=ADVANCED_FACE('',(#9781),#10353,.T.);
#10938=ADVANCED_FACE('',(#9782),#10354,.T.);
#10939=ADVANCED_FACE('',(#9783),#10355,.T.);
#10940=ADVANCED_FACE('',(#9784),#10356,.T.);
#10941=ADVANCED_FACE('',(#9785),#10357,.T.);
#10942=ADVANCED_FACE('',(#9786),#10358,.T.);
#10943=ADVANCED_FACE('',(#9787),#10359,.T.);
#10944=ADVANCED_FACE('',(#9788),#10360,.T.);
#10945=ADVANCED_FACE('',(#9789),#10361,.T.);
#10946=ADVANCED_FACE('',(#9790),#10362,.T.);
#10947=ADVANCED_FACE('',(#9791),#10363,.T.);
#10948=ADVANCED_FACE('',(#9792),#10364,.T.);
#10949=ADVANCED_FACE('',(#9793),#10365,.T.);
#10950=ADVANCED_FACE('',(#9794),#10366,.T.);
#10951=ADVANCED_FACE('',(#9795),#10367,.T.);
#10952=ADVANCED_FACE('',(#9796),#10368,.T.);
#10953=ADVANCED_FACE('',(#9797),#10369,.T.);
#10954=ADVANCED_FACE('',(#9798),#10370,.T.);
#10955=ADVANCED_FACE('',(#9799),#10371,.T.);
#10956=ADVANCED_FACE('',(#9800),#10372,.T.);
#10957=ADVANCED_FACE('',(#9801),#10373,.T.);
#10958=ADVANCED_FACE('',(#9802),#10374,.T.);
#10959=ADVANCED_FACE('',(#9803),#10375,.T.);
#10960=ADVANCED_FACE('',(#9804),#10376,.T.);
#10961=ADVANCED_FACE('',(#9805),#10377,.T.);
#10962=ADVANCED_FACE('',(#9806),#10378,.T.);
#10963=ADVANCED_FACE('',(#9807),#10379,.T.);
#10964=ADVANCED_FACE('',(#9808),#10380,.T.);
#10965=ADVANCED_FACE('',(#9809),#10381,.T.);
#10966=ADVANCED_FACE('',(#9810),#10382,.T.);
#10967=ADVANCED_FACE('',(#9811),#10383,.T.);
#10968=ADVANCED_FACE('',(#9812),#10384,.T.);
#10969=ADVANCED_FACE('',(#9813),#10385,.T.);
#10970=ADVANCED_FACE('',(#9814),#10386,.T.);
#10971=ADVANCED_FACE('',(#9815),#10387,.T.);
#10972=ADVANCED_FACE('',(#9816),#10388,.T.);
#10973=ADVANCED_FACE('',(#9817),#10389,.T.);
#10974=ADVANCED_FACE('',(#9818),#10390,.T.);
#10975=ADVANCED_FACE('',(#9819),#10391,.T.);
#10976=ADVANCED_FACE('',(#9820),#10392,.T.);
#10977=ADVANCED_FACE('',(#9821),#10393,.T.);
#10978=ADVANCED_FACE('',(#9822),#10394,.T.);
#10979=ADVANCED_FACE('',(#9823),#10395,.T.);
#10980=ADVANCED_FACE('',(#9824),#10396,.T.);
#10981=ADVANCED_FACE('',(#9825),#10397,.T.);
#10982=ADVANCED_FACE('',(#9826),#10398,.T.);
#10983=ADVANCED_FACE('',(#9827),#10399,.T.);
#10984=ADVANCED_FACE('',(#9828),#10400,.T.);
#10985=ADVANCED_FACE('',(#9829),#10401,.T.);
#10986=ADVANCED_FACE('',(#9830),#10402,.T.);
#10987=ADVANCED_FACE('',(#9831),#10403,.T.);
#10988=ADVANCED_FACE('',(#9832),#10404,.T.);
#10989=ADVANCED_FACE('',(#9833),#10405,.T.);
#10990=ADVANCED_FACE('',(#9834),#10406,.T.);
#10991=ADVANCED_FACE('',(#9835),#10407,.T.);
#10992=ADVANCED_FACE('',(#9836),#10408,.T.);
#10993=ADVANCED_FACE('',(#9837),#10409,.T.);
#10994=ADVANCED_FACE('',(#9838),#10410,.T.);
#10995=ADVANCED_FACE('',(#9839),#10411,.T.);
#10996=ADVANCED_FACE('',(#9840),#10412,.T.);
#10997=ADVANCED_FACE('',(#9841),#10413,.T.);
#10998=ADVANCED_FACE('',(#9842),#10414,.T.);
#10999=ADVANCED_FACE('',(#9843),#10415,.T.);
#11000=ADVANCED_FACE('',(#9844),#10416,.T.);
#11001=ADVANCED_FACE('',(#9845),#10417,.T.);
#11002=ADVANCED_FACE('',(#9846),#10418,.T.);
#11003=ADVANCED_FACE('',(#9847),#10419,.T.);
#11004=ADVANCED_FACE('',(#9848),#10420,.T.);
#11005=ADVANCED_FACE('',(#9849),#10421,.T.);
#11006=ADVANCED_FACE('',(#9850),#10422,.T.);
#11007=ADVANCED_FACE('',(#9851),#10423,.T.);
#11008=ADVANCED_FACE('',(#9852),#10424,.T.);
#11009=ADVANCED_FACE('',(#9853),#10425,.T.);
#11010=ADVANCED_FACE('',(#9854),#10426,.F.);
#11011=ADVANCED_FACE('',(#9855),#10427,.F.);
#11012=ADVANCED_FACE('',(#9856),#10428,.F.);
#11013=ADVANCED_FACE('',(#9857),#10429,.F.);
#11014=ADVANCED_FACE('',(#9858),#10430,.F.);
#11015=ADVANCED_FACE('',(#9859),#10431,.F.);
#11016=ADVANCED_FACE('',(#9860),#10432,.T.);
#11017=ADVANCED_FACE('',(#9861),#10433,.T.);
#11018=ADVANCED_FACE('',(#9862),#10434,.T.);
#11019=ADVANCED_FACE('',(#9863),#10435,.T.);
#11020=ADVANCED_FACE('',(#9864),#10436,.T.);
#11021=ADVANCED_FACE('',(#9865),#10437,.T.);
#11022=ADVANCED_FACE('',(#9866),#10438,.F.);
#11023=ADVANCED_FACE('',(#9867),#10439,.F.);
#11024=ADVANCED_FACE('',(#9868),#10440,.F.);
#11025=ADVANCED_FACE('',(#9869),#10441,.F.);
#11026=ADVANCED_FACE('',(#9870),#10442,.F.);
#11027=ADVANCED_FACE('',(#9871),#10443,.F.);
#11028=ADVANCED_FACE('',(#9872),#10444,.T.);
#11029=ADVANCED_FACE('',(#9873),#10445,.T.);
#11030=ADVANCED_FACE('',(#9874),#10446,.T.);
#11031=ADVANCED_FACE('',(#9875),#10447,.T.);
#11032=ADVANCED_FACE('',(#9876),#10448,.T.);
#11033=ADVANCED_FACE('',(#9877),#10449,.T.);
#11034=ADVANCED_FACE('',(#9878),#10450,.F.);
#11035=ADVANCED_FACE('',(#9879),#10451,.F.);
#11036=ADVANCED_FACE('',(#9880),#10452,.F.);
#11037=ADVANCED_FACE('',(#9881),#10453,.F.);
#11038=ADVANCED_FACE('',(#9882),#10454,.F.);
#11039=ADVANCED_FACE('',(#9883),#10455,.F.);
#11040=ADVANCED_FACE('',(#9884),#10456,.T.);
#11041=ADVANCED_FACE('',(#9885),#10457,.T.);
#11042=ADVANCED_FACE('',(#9886),#10458,.T.);
#11043=ADVANCED_FACE('',(#9887),#10459,.T.);
#11044=ADVANCED_FACE('',(#9888),#10460,.T.);
#11045=ADVANCED_FACE('',(#9889),#10461,.T.);
#11046=ADVANCED_FACE('',(#9890),#10462,.F.);
#11047=ADVANCED_FACE('',(#9891),#10463,.F.);
#11048=ADVANCED_FACE('',(#9892),#10464,.F.);
#11049=ADVANCED_FACE('',(#9893),#10465,.F.);
#11050=ADVANCED_FACE('',(#9894),#10466,.F.);
#11051=ADVANCED_FACE('',(#9895),#10467,.F.);
#11052=ADVANCED_FACE('',(#9896),#10468,.T.);
#11053=ADVANCED_FACE('',(#9897),#10469,.T.);
#11054=ADVANCED_FACE('',(#9898),#10470,.T.);
#11055=ADVANCED_FACE('',(#9899),#10471,.T.);
#11056=ADVANCED_FACE('',(#9900),#10472,.T.);
#11057=ADVANCED_FACE('',(#9901),#10473,.T.);
#11058=ADVANCED_FACE('',(#9902),#10474,.F.);
#11059=ADVANCED_FACE('',(#9903),#10475,.F.);
#11060=ADVANCED_FACE('',(#9904),#10476,.F.);
#11061=ADVANCED_FACE('',(#9905),#10477,.F.);
#11062=ADVANCED_FACE('',(#9906),#10478,.F.);
#11063=ADVANCED_FACE('',(#9907),#10479,.F.);
#11064=ADVANCED_FACE('',(#9908),#10480,.T.);
#11065=ADVANCED_FACE('',(#9909),#10481,.T.);
#11066=ADVANCED_FACE('',(#9910),#10482,.T.);
#11067=ADVANCED_FACE('',(#9911),#10483,.T.);
#11068=ADVANCED_FACE('',(#9912),#10484,.T.);
#11069=ADVANCED_FACE('',(#9913),#10485,.T.);
#11070=ADVANCED_FACE('',(#9914),#10486,.F.);
#11071=ADVANCED_FACE('',(#9915),#10487,.F.);
#11072=ADVANCED_FACE('',(#9916),#10488,.F.);
#11073=ADVANCED_FACE('',(#9917),#10489,.F.);
#11074=ADVANCED_FACE('',(#9918),#10490,.F.);
#11075=ADVANCED_FACE('',(#9919),#10491,.F.);
#11076=ADVANCED_FACE('',(#9920),#10492,.F.);
#11077=ADVANCED_FACE('',(#9921),#10493,.F.);
#11078=ADVANCED_FACE('',(#9922),#10494,.T.);
#11079=ADVANCED_FACE('',(#9923),#10495,.T.);
#11080=ADVANCED_FACE('',(#9924),#10496,.F.);
#11081=ADVANCED_FACE('',(#9925),#10497,.F.);
#11082=ADVANCED_FACE('',(#9926),#10498,.T.);
#11083=ADVANCED_FACE('',(#9927),#10499,.T.);
#11084=ADVANCED_FACE('',(#9928),#10500,.F.);
#11085=ADVANCED_FACE('',(#9929),#10501,.F.);
#11086=ADVANCED_FACE('',(#9930),#10502,.T.);
#11087=ADVANCED_FACE('',(#9931),#10503,.T.);
#11088=ADVANCED_FACE('',(#9932),#10504,.F.);
#11089=ADVANCED_FACE('',(#9933),#10505,.F.);
#11090=ADVANCED_FACE('',(#9934),#10506,.T.);
#11091=ADVANCED_FACE('',(#9935),#10507,.T.);
#11092=ADVANCED_FACE('',(#9936),#10508,.F.);
#11093=ADVANCED_FACE('',(#9937),#10509,.F.);
#11094=ADVANCED_FACE('',(#9938),#10510,.T.);
#11095=ADVANCED_FACE('',(#9939),#10511,.T.);
#11096=ADVANCED_FACE('',(#9940),#10512,.F.);
#11097=ADVANCED_FACE('',(#9941),#10513,.F.);
#11098=ADVANCED_FACE('',(#9942),#10514,.T.);
#11099=ADVANCED_FACE('',(#9943),#10515,.T.);
#11100=ADVANCED_FACE('',(#9944),#10516,.F.);
#11101=ADVANCED_FACE('',(#9945),#10517,.T.);
#11102=ADVANCED_FACE('',(#9946),#10518,.F.);
#11103=ADVANCED_FACE('',(#9947),#10519,.T.);
#11104=ADVANCED_FACE('',(#9948),#10520,.F.);
#11105=ADVANCED_FACE('',(#9949),#10521,.T.);
#11106=ADVANCED_FACE('',(#9950),#10522,.F.);
#11107=ADVANCED_FACE('',(#9951),#10523,.T.);
#11108=ADVANCED_FACE('',(#9952),#10524,.F.);
#11109=ADVANCED_FACE('',(#9953),#10525,.T.);
#11110=ADVANCED_FACE('',(#9954),#10526,.F.);
#11111=ADVANCED_FACE('',(#9955),#10527,.T.);
#11112=ADVANCED_FACE('',(#9956),#10528,.T.);
#11113=ADVANCED_FACE('',(#9957),#10529,.T.);
#11114=ADVANCED_FACE('',(#9958),#10530,.F.);
#11115=ADVANCED_FACE('',(#9959),#10531,.T.);
#11116=ADVANCED_FACE('',(#9960),#10532,.T.);
#11117=ADVANCED_FACE('',(#9961),#10533,.T.);
#11118=ADVANCED_FACE('',(#9962),#10534,.F.);
#11119=ADVANCED_FACE('',(#9963),#10535,.T.);
#11120=ADVANCED_FACE('',(#9964),#10536,.T.);
#11121=ADVANCED_FACE('',(#9965),#10537,.T.);
#11122=ADVANCED_FACE('',(#9966),#10538,.F.);
#11123=ADVANCED_FACE('',(#9967),#10539,.T.);
#11124=ADVANCED_FACE('',(#9968),#10540,.T.);
#11125=ADVANCED_FACE('',(#9969),#10541,.T.);
#11126=ADVANCED_FACE('',(#9970),#10542,.F.);
#11127=ADVANCED_FACE('',(#9971),#10543,.T.);
#11128=ADVANCED_FACE('',(#9972),#10544,.T.);
#11129=ADVANCED_FACE('',(#9973),#10545,.T.);
#11130=ADVANCED_FACE('',(#9974),#10546,.F.);
#11131=ADVANCED_FACE('',(#9975),#10547,.T.);
#11132=ADVANCED_FACE('',(#9976),#10548,.T.);
#11133=ADVANCED_FACE('',(#9977),#10549,.T.);
#11134=ADVANCED_FACE('',(#9978),#10550,.F.);
#11135=ADVANCED_FACE('',(#9979),#10551,.F.);
#11136=ADVANCED_FACE('',(#9980),#10552,.F.);
#11137=ADVANCED_FACE('',(#9981),#10553,.F.);
#11138=ADVANCED_FACE('',(#9982),#10554,.F.);
#11139=ADVANCED_FACE('',(#9983),#10555,.F.);
#11140=ADVANCED_FACE('',(#9984),#10556,.F.);
#11141=ADVANCED_FACE('',(#9985),#10557,.F.);
#11142=ADVANCED_FACE('',(#9986),#10558,.F.);
#11143=ADVANCED_FACE('',(#9987),#10559,.F.);
#11144=ADVANCED_FACE('',(#9988),#10560,.F.);
#11145=ADVANCED_FACE('',(#9989),#10561,.F.);
#11146=ADVANCED_FACE('',(#9990),#10562,.F.);
#11147=ADVANCED_FACE('',(#9991),#10563,.T.);
#11148=ADVANCED_FACE('',(#9992),#10564,.T.);
#11149=ADVANCED_FACE('',(#9993),#10565,.T.);
#11150=ADVANCED_FACE('',(#9994),#10566,.F.);
#11151=ADVANCED_FACE('',(#9995),#10567,.T.);
#11152=ADVANCED_FACE('',(#9996),#10568,.T.);
#11153=ADVANCED_FACE('',(#9997),#10569,.T.);
#11154=ADVANCED_FACE('',(#9998),#10570,.F.);
#11155=ADVANCED_FACE('',(#9999),#10571,.T.);
#11156=ADVANCED_FACE('',(#10000),#10572,.T.);
#11157=ADVANCED_FACE('',(#10001),#10573,.T.);
#11158=ADVANCED_FACE('',(#10002),#10574,.F.);
#11159=ADVANCED_FACE('',(#10003),#10575,.T.);
#11160=ADVANCED_FACE('',(#10004),#10576,.T.);
#11161=ADVANCED_FACE('',(#10005),#10577,.T.);
#11162=ADVANCED_FACE('',(#10006),#10578,.F.);
#11163=ADVANCED_FACE('',(#10007),#10579,.T.);
#11164=ADVANCED_FACE('',(#10008),#10580,.T.);
#11165=ADVANCED_FACE('',(#10009),#10581,.T.);
#11166=ADVANCED_FACE('',(#10010),#10582,.F.);
#11167=ADVANCED_FACE('',(#10011),#10583,.T.);
#11168=ADVANCED_FACE('',(#10012),#10584,.T.);
#11169=ADVANCED_FACE('',(#10013),#10585,.T.);
#11170=ADVANCED_FACE('',(#10014),#10586,.F.);
#11171=ADVANCED_FACE('',(#10015),#10587,.F.);
#11172=ADVANCED_FACE('',(#10016),#10588,.F.);
#11173=ADVANCED_FACE('',(#10017),#10589,.F.);
#11174=ADVANCED_FACE('',(#10018),#10590,.F.);
#11175=ADVANCED_FACE('',(#10019),#10591,.F.);
#11176=ADVANCED_FACE('',(#10020),#10592,.F.);
#11177=ADVANCED_FACE('',(#10021),#10593,.F.);
#11178=ADVANCED_FACE('',(#10022),#10594,.F.);
#11179=ADVANCED_FACE('',(#10023),#10595,.F.);
#11180=ADVANCED_FACE('',(#10024),#10596,.F.);
#11181=ADVANCED_FACE('',(#10025),#10597,.F.);
#11182=ADVANCED_FACE('',(#10026),#10598,.F.);
#11183=ADVANCED_FACE('',(#10027),#10599,.T.);
#11184=ADVANCED_FACE('',(#10028),#10600,.T.);
#11185=ADVANCED_FACE('',(#10029),#10601,.T.);
#11186=ADVANCED_FACE('',(#10030),#10602,.F.);
#11187=ADVANCED_FACE('',(#10031),#10603,.T.);
#11188=ADVANCED_FACE('',(#10032),#10604,.T.);
#11189=ADVANCED_FACE('',(#10033),#10605,.T.);
#11190=ADVANCED_FACE('',(#10034),#10606,.F.);
#11191=ADVANCED_FACE('',(#10035),#10607,.T.);
#11192=ADVANCED_FACE('',(#10036),#10608,.T.);
#11193=ADVANCED_FACE('',(#10037),#10609,.T.);
#11194=ADVANCED_FACE('',(#10038),#10610,.F.);
#11195=ADVANCED_FACE('',(#10039),#10611,.T.);
#11196=ADVANCED_FACE('',(#10040),#10612,.T.);
#11197=ADVANCED_FACE('',(#10041),#10613,.T.);
#11198=ADVANCED_FACE('',(#10042),#10614,.F.);
#11199=ADVANCED_FACE('',(#10043),#10615,.T.);
#11200=ADVANCED_FACE('',(#10044),#10616,.T.);
#11201=ADVANCED_FACE('',(#10045),#10617,.T.);
#11202=ADVANCED_FACE('',(#10046),#10618,.F.);
#11203=ADVANCED_FACE('',(#10047),#10619,.T.);
#11204=ADVANCED_FACE('',(#10048),#10620,.T.);
#11205=ADVANCED_FACE('',(#10049),#10621,.T.);
#11206=ADVANCED_FACE('',(#10050),#10622,.F.);
#11207=ADVANCED_FACE('',(#10051),#10623,.F.);
#11208=ADVANCED_FACE('',(#10052),#10624,.F.);
#11209=ADVANCED_FACE('',(#10053),#10625,.F.);
#11210=ADVANCED_FACE('',(#10054),#10626,.F.);
#11211=ADVANCED_FACE('',(#10055),#10627,.F.);
#11212=ADVANCED_FACE('',(#10056),#10628,.F.);
#11213=ADVANCED_FACE('',(#10057),#10629,.F.);
#11214=ADVANCED_FACE('',(#10058),#10630,.F.);
#11215=ADVANCED_FACE('',(#10059),#10631,.F.);
#11216=ADVANCED_FACE('',(#10060),#10632,.F.);
#11217=ADVANCED_FACE('',(#10061),#10633,.F.);
#11218=ADVANCED_FACE('',(#10062),#10634,.F.);
#11219=ADVANCED_FACE('',(#10063),#10635,.T.);
#11220=ADVANCED_FACE('',(#10064),#10636,.T.);
#11221=ADVANCED_FACE('',(#10065),#10637,.T.);
#11222=ADVANCED_FACE('',(#10066),#10638,.F.);
#11223=ADVANCED_FACE('',(#10067),#10639,.T.);
#11224=ADVANCED_FACE('',(#10068),#10640,.T.);
#11225=ADVANCED_FACE('',(#10069),#10641,.T.);
#11226=ADVANCED_FACE('',(#10070),#10642,.F.);
#11227=ADVANCED_FACE('',(#10071),#10643,.T.);
#11228=ADVANCED_FACE('',(#10072),#10644,.T.);
#11229=ADVANCED_FACE('',(#10073),#10645,.T.);
#11230=ADVANCED_FACE('',(#10074),#10646,.F.);
#11231=ADVANCED_FACE('',(#10075),#10647,.T.);
#11232=ADVANCED_FACE('',(#10076),#10648,.T.);
#11233=ADVANCED_FACE('',(#10077),#10649,.T.);
#11234=ADVANCED_FACE('',(#10078),#10650,.F.);
#11235=ADVANCED_FACE('',(#10079),#10651,.T.);
#11236=ADVANCED_FACE('',(#10080),#10652,.T.);
#11237=ADVANCED_FACE('',(#10081),#10653,.T.);
#11238=ADVANCED_FACE('',(#10082),#10654,.F.);
#11239=ADVANCED_FACE('',(#10083),#10655,.T.);
#11240=ADVANCED_FACE('',(#10084),#10656,.T.);
#11241=ADVANCED_FACE('',(#10085),#10657,.T.);
#11242=ADVANCED_FACE('',(#10086),#10658,.F.);
#11243=ADVANCED_FACE('',(#10087),#10659,.F.);
#11244=ADVANCED_FACE('',(#10088),#10660,.F.);
#11245=ADVANCED_FACE('',(#10089),#10661,.F.);
#11246=ADVANCED_FACE('',(#10090),#10662,.F.);
#11247=ADVANCED_FACE('',(#10091),#10663,.F.);
#11248=ADVANCED_FACE('',(#10092),#10664,.F.);
#11249=ADVANCED_FACE('',(#10093),#10665,.F.);
#11250=ADVANCED_FACE('',(#10094),#10666,.F.);
#11251=ADVANCED_FACE('',(#10095),#10667,.F.);
#11252=ADVANCED_FACE('',(#10096),#10668,.F.);
#11253=ADVANCED_FACE('',(#10097),#10669,.F.);
#11254=ADVANCED_FACE('',(#10098),#10670,.F.);
#11255=ADVANCED_FACE('',(#10099),#10671,.T.);
#11256=ADVANCED_FACE('',(#10100),#10672,.F.);
#11257=ADVANCED_FACE('',(#10101),#10673,.F.);
#11258=ADVANCED_FACE('',(#10102),#10674,.T.);
#11259=ADVANCED_FACE('',(#10103),#10675,.T.);
#11260=ADVANCED_FACE('',(#10104),#10676,.F.);
#11261=ADVANCED_FACE('',(#10105),#10677,.F.);
#11262=ADVANCED_FACE('',(#10106),#10678,.T.);
#11263=ADVANCED_FACE('',(#10107),#10679,.T.);
#11264=ADVANCED_FACE('',(#10108),#10680,.F.);
#11265=ADVANCED_FACE('',(#10109),#10681,.F.);
#11266=ADVANCED_FACE('',(#10110),#10682,.T.);
#11267=ADVANCED_FACE('',(#10111),#10683,.T.);
#11268=ADVANCED_FACE('',(#10112),#10684,.F.);
#11269=ADVANCED_FACE('',(#10113),#10685,.F.);
#11270=ADVANCED_FACE('',(#10114),#10686,.T.);
#11271=ADVANCED_FACE('',(#10115),#10687,.T.);
#11272=ADVANCED_FACE('',(#10116),#10688,.F.);
#11273=ADVANCED_FACE('',(#10117),#10689,.F.);
#11274=ADVANCED_FACE('',(#10118),#10690,.T.);
#11275=ADVANCED_FACE('',(#10119),#10691,.T.);
#11276=ADVANCED_FACE('',(#10120),#10692,.F.);
#11277=ADVANCED_FACE('',(#10121),#10693,.F.);
#11278=ADVANCED_FACE('',(#10122),#10694,.T.);
#11279=ADVANCED_FACE('',(#10123),#10695,.T.);
#11280=ADVANCED_FACE('',(#10124),#10696,.F.);
#11281=ADVANCED_FACE('',(#10125),#10697,.T.);
#11282=ADVANCED_FACE('',(#10126),#10698,.F.);
#11283=ADVANCED_FACE('',(#10127),#10699,.T.);
#11284=ADVANCED_FACE('',(#10128),#10700,.F.);
#11285=ADVANCED_FACE('',(#10129),#10701,.T.);
#11286=ADVANCED_FACE('',(#10130),#10702,.F.);
#11287=ADVANCED_FACE('',(#10131),#10703,.T.);
#11288=ADVANCED_FACE('',(#10132),#10704,.F.);
#11289=ADVANCED_FACE('',(#10133),#10705,.T.);
#11290=ADVANCED_FACE('',(#10134),#10706,.F.);
#11291=ADVANCED_FACE('',(#10135),#10707,.T.);
#11292=ADVANCED_FACE('',(#10136),#10708,.T.);
#11293=ADVANCED_FACE('',(#10137),#10709,.T.);
#11294=ADVANCED_FACE('',(#10138),#10710,.T.);
#11295=ADVANCED_FACE('',(#10139),#10711,.T.);
#11296=ADVANCED_FACE('',(#10140),#10712,.T.);
#11297=CLOSED_SHELL('',(#10713,#10714,#10715,#10716,#10717,#10718,#10719,
#10720,#10721,#10722,#10723,#10724,#10725,#10726,#10727,#10728,#10729,#10730,
#10731,#10732,#10733,#10734,#10735,#10736,#10737,#10738,#10739,#10740,#10741,
#10742,#10743,#10744,#10745,#10746,#10747,#10748,#10749,#10750,#10751,#10752,
#10753,#10754,#10755,#10756,#10757,#10758,#10759,#10760,#10761,#10762,#10763,
#10764,#10765,#10766,#10767,#10768,#10769,#10770,#10771,#10772,#10773,#10774,
#10775,#10776,#10777,#10778,#10779,#10780,#10781,#10782,#10783,#10784,#10785,
#10786,#10787,#10788,#10789,#10790,#10791,#10792,#10793,#10794,#10795,#10796,
#10797,#10798,#10799,#10800,#10801,#10802,#10803,#10804,#10805,#10806,#10807,
#10808,#10809,#10810,#10811,#10812,#10813,#10814,#10815,#10816,#10817,#10818,
#10819,#10820,#10821,#10822,#10823,#10824,#10825,#10826,#10827,#10828,#10829,
#10830,#10831,#10832,#10833,#10834,#10835,#10836,#10837,#10838,#10839,#10840,
#10841,#10842,#10843,#10844,#10845,#10846,#10847,#10848,#10849,#10850,#10851,
#10852,#10853,#10854,#10855,#10856,#10857,#10858,#10859,#10860,#10861,#10862,
#10863,#10864,#10865,#10866,#10867,#10868,#10869,#10870,#10871,#10872,#10873,
#10874,#10875,#10876,#10877,#10878,#10879,#10880,#10881,#10882,#10883,#10884,
#10885,#10886,#10887,#10888,#10889,#10890,#10891,#10892,#10893,#10894,#10895,
#10896,#10897,#10898,#10899,#10900,#10901,#10902,#10903,#10904,#10905,#10906,
#10907,#10908,#10909,#10910,#10911,#10912,#10913,#10914,#10915,#10916,#10917,
#10918,#10919,#10920,#10921,#10922,#10923,#10924,#10925,#10926,#10927,#10928,
#10929,#10930,#10931,#10932,#10933,#10934,#10935,#10936,#10937,#10938,#10939,
#10940,#10941,#10942,#10943,#10944,#10945,#10946,#10947,#10948,#10949,#10950,
#10951,#10952,#10953,#10954,#10955,#10956,#10957,#10958,#10959,#10960,#10961,
#10962,#10963,#10964,#10965,#10966,#10967,#10968,#10969,#10970,#10971,#10972,
#10973,#10974,#10975,#10976,#10977,#10978,#10979,#10980,#10981,#10982,#10983,
#10984,#10985,#10986,#10987,#10988,#10989,#10990,#10991,#10992,#10993,#10994,
#10995,#10996,#10997,#10998,#10999,#11000,#11001,#11002,#11003,#11004,#11005,
#11006,#11007,#11008,#11009,#11010,#11011,#11012,#11013,#11014,#11015,#11016,
#11017,#11018,#11019,#11020,#11021,#11022,#11023,#11024,#11025,#11026,#11027,
#11028,#11029,#11030,#11031,#11032,#11033,#11034,#11035,#11036,#11037,#11038,
#11039,#11040,#11041,#11042,#11043,#11044,#11045,#11046,#11047,#11048,#11049,
#11050,#11051,#11052,#11053,#11054,#11055,#11056,#11057,#11058,#11059,#11060,
#11061,#11062,#11063,#11064,#11065,#11066,#11067,#11068,#11069,#11070,#11071,
#11072,#11073,#11074,#11075,#11076,#11077,#11078,#11079,#11080,#11081,#11082,
#11083,#11084,#11085,#11086,#11087,#11088,#11089,#11090,#11091,#11092,#11093,
#11094,#11095,#11096,#11097,#11098,#11099,#11100,#11101,#11102,#11103,#11104,
#11105,#11106,#11107,#11108,#11109,#11110,#11111,#11112,#11113,#11114,#11115,
#11116,#11117,#11118,#11119,#11120,#11121,#11122,#11123,#11124,#11125,#11126,
#11127,#11128,#11129,#11130,#11131,#11132,#11133,#11134,#11135,#11136,#11137,
#11138,#11139,#11140,#11141,#11142,#11143,#11144,#11145,#11146,#11147,#11148,
#11149,#11150,#11151,#11152,#11153,#11154,#11155,#11156,#11157,#11158,#11159,
#11160,#11161,#11162,#11163,#11164,#11165,#11166,#11167,#11168,#11169,#11170,
#11171,#11172,#11173,#11174,#11175,#11176,#11177,#11178,#11179,#11180,#11181,
#11182,#11183,#11184,#11185,#11186,#11187,#11188,#11189,#11190,#11191,#11192,
#11193,#11194,#11195,#11196,#11197,#11198,#11199,#11200,#11201,#11202,#11203,
#11204,#11205,#11206,#11207,#11208,#11209,#11210,#11211,#11212,#11213,#11214,
#11215,#11216,#11217,#11218,#11219,#11220,#11221,#11222,#11223,#11224,#11225,
#11226,#11227,#11228,#11229,#11230,#11231,#11232,#11233,#11234,#11235,#11236,
#11237,#11238,#11239,#11240,#11241,#11242,#11243,#11244,#11245,#11246,#11247,
#11248,#11249,#11250,#11251,#11252,#11253,#11254,#11255,#11256,#11257,#11258,
#11259,#11260,#11261,#11262,#11263,#11264,#11265,#11266,#11267,#11268,#11269,
#11270,#11271,#11272,#11273,#11274,#11275,#11276,#11277,#11278,#11279,#11280,
#11281,#11282,#11283,#11284,#11285,#11286,#11287,#11288,#11289,#11290,#11291,
#11292,#11293,#11294,#11295,#11296));
#11298=STYLED_ITEM('',(#11299),#11306);
#11299=PRESENTATION_STYLE_ASSIGNMENT((#11300));
#11300=SURFACE_STYLE_USAGE(.BOTH.,#11301);
#11301=SURFACE_SIDE_STYLE('',(#11302));
#11302=SURFACE_STYLE_FILL_AREA(#11303);
#11303=FILL_AREA_STYLE('',(#11304));
#11304=FILL_AREA_STYLE_COLOUR('',#11305);
#11305=COLOUR_RGB('',0.615686274509804,0.811764705882353,0.929411764705882);
#11306=MANIFOLD_SOLID_BREP('Castle',#11297);
#11307=SHAPE_DEFINITION_REPRESENTATION(#18018,#11308);
#11308=SHAPE_REPRESENTATION('Castle',(#11309),#18013);
#11309=AXIS2_PLACEMENT_3D('',#14808,#11966,#11967);
#11310=AXIS2_PLACEMENT_3D('',#14809,#11968,#11969);
#11311=AXIS2_PLACEMENT_3D('',#14834,#11982,#11983);
#11312=AXIS2_PLACEMENT_3D('',#14835,#11984,#11985);
#11313=AXIS2_PLACEMENT_3D('',#14838,#11986,#11987);
#11314=AXIS2_PLACEMENT_3D('',#14842,#11989,#11990);
#11315=AXIS2_PLACEMENT_3D('',#14846,#11992,#11993);
#11316=AXIS2_PLACEMENT_3D('',#14850,#11995,#11996);
#11317=AXIS2_PLACEMENT_3D('',#14854,#11998,#11999);
#11318=AXIS2_PLACEMENT_3D('',#14856,#12000,#12001);
#11319=AXIS2_PLACEMENT_3D('',#14857,#12002,#12003);
#11320=AXIS2_PLACEMENT_3D('',#14858,#12004,#12005);
#11321=AXIS2_PLACEMENT_3D('',#14861,#12006,#12007);
#11322=AXIS2_PLACEMENT_3D('',#14865,#12009,#12010);
#11323=AXIS2_PLACEMENT_3D('',#14869,#12012,#12013);
#11324=AXIS2_PLACEMENT_3D('',#14873,#12015,#12016);
#11325=AXIS2_PLACEMENT_3D('',#14877,#12018,#12019);
#11326=AXIS2_PLACEMENT_3D('',#14879,#12020,#12021);
#11327=AXIS2_PLACEMENT_3D('',#14880,#12022,#12023);
#11328=AXIS2_PLACEMENT_3D('',#14881,#12024,#12025);
#11329=AXIS2_PLACEMENT_3D('',#14884,#12026,#12027);
#11330=AXIS2_PLACEMENT_3D('',#14888,#12029,#12030);
#11331=AXIS2_PLACEMENT_3D('',#14892,#12032,#12033);
#11332=AXIS2_PLACEMENT_3D('',#14896,#12035,#12036);
#11333=AXIS2_PLACEMENT_3D('',#14900,#12038,#12039);
#11334=AXIS2_PLACEMENT_3D('',#14902,#12040,#12041);
#11335=AXIS2_PLACEMENT_3D('',#14903,#12042,#12043);
#11336=AXIS2_PLACEMENT_3D('',#14904,#12044,#12045);
#11337=AXIS2_PLACEMENT_3D('',#14907,#12046,#12047);
#11338=AXIS2_PLACEMENT_3D('',#14911,#12049,#12050);
#11339=AXIS2_PLACEMENT_3D('',#14915,#12052,#12053);
#11340=AXIS2_PLACEMENT_3D('',#14919,#12055,#12056);
#11341=AXIS2_PLACEMENT_3D('',#14923,#12058,#12059);
#11342=AXIS2_PLACEMENT_3D('',#14925,#12060,#12061);
#11343=AXIS2_PLACEMENT_3D('',#14926,#12062,#12063);
#11344=AXIS2_PLACEMENT_3D('',#14927,#12064,#12065);
#11345=AXIS2_PLACEMENT_3D('',#14930,#12066,#12067);
#11346=AXIS2_PLACEMENT_3D('',#14934,#12069,#12070);
#11347=AXIS2_PLACEMENT_3D('',#14938,#12072,#12073);
#11348=AXIS2_PLACEMENT_3D('',#14942,#12075,#12076);
#11349=AXIS2_PLACEMENT_3D('',#14946,#12078,#12079);
#11350=AXIS2_PLACEMENT_3D('',#14948,#12080,#12081);
#11351=AXIS2_PLACEMENT_3D('',#14949,#12082,#12083);
#11352=AXIS2_PLACEMENT_3D('',#14950,#12084,#12085);
#11353=AXIS2_PLACEMENT_3D('',#14953,#12086,#12087);
#11354=AXIS2_PLACEMENT_3D('',#14957,#12089,#12090);
#11355=AXIS2_PLACEMENT_3D('',#14961,#12092,#12093);
#11356=AXIS2_PLACEMENT_3D('',#14965,#12095,#12096);
#11357=AXIS2_PLACEMENT_3D('',#14969,#12098,#12099);
#11358=AXIS2_PLACEMENT_3D('',#14971,#12100,#12101);
#11359=AXIS2_PLACEMENT_3D('',#14972,#12102,#12103);
#11360=AXIS2_PLACEMENT_3D('',#15047,#12142,#12143);
#11361=AXIS2_PLACEMENT_3D('',#15122,#12182,#12183);
#11362=AXIS2_PLACEMENT_3D('',#15197,#12222,#12223);
#11363=AXIS2_PLACEMENT_3D('',#15272,#12262,#12263);
#11364=AXIS2_PLACEMENT_3D('',#15347,#12302,#12303);
#11365=AXIS2_PLACEMENT_3D('',#15422,#12342,#12343);
#11366=AXIS2_PLACEMENT_3D('',#15431,#12348,#12349);
#11367=AXIS2_PLACEMENT_3D('',#15437,#12353,#12354);
#11368=AXIS2_PLACEMENT_3D('',#15443,#12358,#12359);
#11369=AXIS2_PLACEMENT_3D('',#15476,#12379,#12380);
#11370=AXIS2_PLACEMENT_3D('',#15477,#12381,#12382);
#11371=AXIS2_PLACEMENT_3D('',#15480,#12383,#12384);
#11372=AXIS2_PLACEMENT_3D('',#15482,#12385,#12386);
#11373=AXIS2_PLACEMENT_3D('',#15484,#12387,#12388);
#11374=AXIS2_PLACEMENT_3D('',#15488,#12390,#12391);
#11375=AXIS2_PLACEMENT_3D('',#15491,#12393,#12394);
#11376=AXIS2_PLACEMENT_3D('',#15492,#12395,#12396);
#11377=AXIS2_PLACEMENT_3D('',#15495,#12397,#12398);
#11378=AXIS2_PLACEMENT_3D('',#15497,#12399,#12400);
#11379=AXIS2_PLACEMENT_3D('',#15499,#12401,#12402);
#11380=AXIS2_PLACEMENT_3D('',#15503,#12404,#12405);
#11381=AXIS2_PLACEMENT_3D('',#15506,#12407,#12408);
#11382=AXIS2_PLACEMENT_3D('',#15564,#12442,#12443);
#11383=AXIS2_PLACEMENT_3D('',#15619,#12476,#12477);
#11384=AXIS2_PLACEMENT_3D('',#15671,#12509,#12510);
#11385=AXIS2_PLACEMENT_3D('',#15726,#12543,#12544);
#11386=AXIS2_PLACEMENT_3D('',#15784,#12578,#12579);
#11387=AXIS2_PLACEMENT_3D('',#15842,#12613,#12614);
#11388=AXIS2_PLACEMENT_3D('',#15843,#12615,#12616);
#11389=AXIS2_PLACEMENT_3D('',#15844,#12617,#12618);
#11390=AXIS2_PLACEMENT_3D('',#15845,#12619,#12620);
#11391=AXIS2_PLACEMENT_3D('',#15846,#12621,#12622);
#11392=AXIS2_PLACEMENT_3D('',#15847,#12623,#12624);
#11393=AXIS2_PLACEMENT_3D('',#15848,#12625,#12626);
#11394=AXIS2_PLACEMENT_3D('',#15850,#12627,#12628);
#11395=AXIS2_PLACEMENT_3D('',#15852,#12629,#12630);
#11396=AXIS2_PLACEMENT_3D('',#15854,#12631,#12632);
#11397=AXIS2_PLACEMENT_3D('',#15855,#12633,#12634);
#11398=AXIS2_PLACEMENT_3D('',#15856,#12635,#12636);
#11399=AXIS2_PLACEMENT_3D('',#15858,#12637,#12638);
#11400=AXIS2_PLACEMENT_3D('',#15860,#12639,#12640);
#11401=AXIS2_PLACEMENT_3D('',#15862,#12641,#12642);
#11402=AXIS2_PLACEMENT_3D('',#15863,#12643,#12644);
#11403=AXIS2_PLACEMENT_3D('',#15864,#12645,#12646);
#11404=AXIS2_PLACEMENT_3D('',#15866,#12647,#12648);
#11405=AXIS2_PLACEMENT_3D('',#15868,#12649,#12650);
#11406=AXIS2_PLACEMENT_3D('',#15870,#12651,#12652);
#11407=AXIS2_PLACEMENT_3D('',#15871,#12653,#12654);
#11408=AXIS2_PLACEMENT_3D('',#15872,#12655,#12656);
#11409=AXIS2_PLACEMENT_3D('',#15874,#12657,#12658);
#11410=AXIS2_PLACEMENT_3D('',#15876,#12659,#12660);
#11411=AXIS2_PLACEMENT_3D('',#15878,#12661,#12662);
#11412=AXIS2_PLACEMENT_3D('',#15879,#12663,#12664);
#11413=AXIS2_PLACEMENT_3D('',#15880,#12665,#12666);
#11414=AXIS2_PLACEMENT_3D('',#15881,#12667,#12668);
#11415=AXIS2_PLACEMENT_3D('',#15882,#12669,#12670);
#11416=AXIS2_PLACEMENT_3D('',#15883,#12671,#12672);
#11417=AXIS2_PLACEMENT_3D('',#15884,#12673,#12674);
#11418=AXIS2_PLACEMENT_3D('',#15885,#12675,#12676);
#11419=AXIS2_PLACEMENT_3D('',#15891,#12680,#12681);
#11420=AXIS2_PLACEMENT_3D('',#15895,#12684,#12685);
#11421=AXIS2_PLACEMENT_3D('',#15899,#12689,#12690);
#11422=AXIS2_PLACEMENT_3D('',#15900,#12691,#12692);
#11423=AXIS2_PLACEMENT_3D('',#15904,#12695,#12696);
#11424=AXIS2_PLACEMENT_3D('',#15906,#12698,#12699);
#11425=AXIS2_PLACEMENT_3D('',#15912,#12703,#12704);
#11426=AXIS2_PLACEMENT_3D('',#15915,#12707,#12708);
#11427=AXIS2_PLACEMENT_3D('',#15921,#12712,#12713);
#11428=AXIS2_PLACEMENT_3D('',#15924,#12716,#12717);
#11429=AXIS2_PLACEMENT_3D('',#15930,#12721,#12722);
#11430=AXIS2_PLACEMENT_3D('',#15933,#12725,#12726);
#11431=AXIS2_PLACEMENT_3D('',#15939,#12730,#12731);
#11432=AXIS2_PLACEMENT_3D('',#15942,#12734,#12735);
#11433=AXIS2_PLACEMENT_3D('',#15948,#12739,#12740);
#11434=AXIS2_PLACEMENT_3D('',#15950,#12742,#12743);
#11435=AXIS2_PLACEMENT_3D('',#15952,#12745,#12746);
#11436=AXIS2_PLACEMENT_3D('',#15954,#12748,#12749);
#11437=AXIS2_PLACEMENT_3D('',#15955,#12750,#12751);
#11438=AXIS2_PLACEMENT_3D('',#15957,#12753,#12754);
#11439=AXIS2_PLACEMENT_3D('',#15958,#12755,#12756);
#11440=AXIS2_PLACEMENT_3D('',#15960,#12758,#12759);
#11441=AXIS2_PLACEMENT_3D('',#15961,#12760,#12761);
#11442=AXIS2_PLACEMENT_3D('',#15963,#12763,#12764);
#11443=AXIS2_PLACEMENT_3D('',#15964,#12765,#12766);
#11444=AXIS2_PLACEMENT_3D('',#15966,#12768,#12769);
#11445=AXIS2_PLACEMENT_3D('',#15967,#12770,#12771);
#11446=AXIS2_PLACEMENT_3D('',#15971,#12774,#12775);
#11447=AXIS2_PLACEMENT_3D('',#15975,#12778,#12779);
#11448=AXIS2_PLACEMENT_3D('',#15977,#12781,#12782);
#11449=AXIS2_PLACEMENT_3D('',#15978,#12783,#12784);
#11450=AXIS2_PLACEMENT_3D('',#15982,#12787,#12788);
#11451=AXIS2_PLACEMENT_3D('',#15986,#12791,#12792);
#11452=AXIS2_PLACEMENT_3D('',#15988,#12794,#12795);
#11453=AXIS2_PLACEMENT_3D('',#15989,#12796,#12797);
#11454=AXIS2_PLACEMENT_3D('',#15993,#12800,#12801);
#11455=AXIS2_PLACEMENT_3D('',#15997,#12804,#12805);
#11456=AXIS2_PLACEMENT_3D('',#15999,#12807,#12808);
#11457=AXIS2_PLACEMENT_3D('',#16000,#12809,#12810);
#11458=AXIS2_PLACEMENT_3D('',#16004,#12813,#12814);
#11459=AXIS2_PLACEMENT_3D('',#16008,#12817,#12818);
#11460=AXIS2_PLACEMENT_3D('',#16010,#12820,#12821);
#11461=AXIS2_PLACEMENT_3D('',#16011,#12822,#12823);
#11462=AXIS2_PLACEMENT_3D('',#16015,#12826,#12827);
#11463=AXIS2_PLACEMENT_3D('',#16019,#12830,#12831);
#11464=AXIS2_PLACEMENT_3D('',#16021,#12833,#12834);
#11465=AXIS2_PLACEMENT_3D('',#16022,#12835,#12836);
#11466=AXIS2_PLACEMENT_3D('',#16026,#12839,#12840);
#11467=AXIS2_PLACEMENT_3D('',#16030,#12843,#12844);
#11468=AXIS2_PLACEMENT_3D('',#16032,#12846,#12847);
#11469=AXIS2_PLACEMENT_3D('',#16033,#12848,#12849);
#11470=AXIS2_PLACEMENT_3D('',#16037,#12852,#12853);
#11471=AXIS2_PLACEMENT_3D('',#16041,#12856,#12857);
#11472=AXIS2_PLACEMENT_3D('',#16043,#12859,#12860);
#11473=AXIS2_PLACEMENT_3D('',#16044,#12861,#12862);
#11474=AXIS2_PLACEMENT_3D('',#16048,#12865,#12866);
#11475=AXIS2_PLACEMENT_3D('',#16052,#12869,#12870);
#11476=AXIS2_PLACEMENT_3D('',#16054,#12872,#12873);
#11477=AXIS2_PLACEMENT_3D('',#16055,#12874,#12875);
#11478=AXIS2_PLACEMENT_3D('',#16059,#12878,#12879);
#11479=AXIS2_PLACEMENT_3D('',#16061,#12881,#12882);
#11480=AXIS2_PLACEMENT_3D('',#16063,#12884,#12885);
#11481=AXIS2_PLACEMENT_3D('',#16067,#12888,#12889);
#11482=AXIS2_PLACEMENT_3D('',#16069,#12891,#12892);
#11483=AXIS2_PLACEMENT_3D('',#16071,#12894,#12895);
#11484=AXIS2_PLACEMENT_3D('',#16075,#12898,#12899);
#11485=AXIS2_PLACEMENT_3D('',#16079,#12902,#12903);
#11486=AXIS2_PLACEMENT_3D('',#16081,#12905,#12906);
#11487=AXIS2_PLACEMENT_3D('',#16082,#12907,#12908);
#11488=AXIS2_PLACEMENT_3D('',#16086,#12911,#12912);
#11489=AXIS2_PLACEMENT_3D('',#16090,#12915,#12916);
#11490=AXIS2_PLACEMENT_3D('',#16092,#12918,#12919);
#11491=AXIS2_PLACEMENT_3D('',#16093,#12920,#12921);
#11492=AXIS2_PLACEMENT_3D('',#16097,#12924,#12925);
#11493=AXIS2_PLACEMENT_3D('',#16101,#12928,#12929);
#11494=AXIS2_PLACEMENT_3D('',#16103,#12931,#12932);
#11495=AXIS2_PLACEMENT_3D('',#16104,#12933,#12934);
#11496=AXIS2_PLACEMENT_3D('',#16108,#12937,#12938);
#11497=AXIS2_PLACEMENT_3D('',#16112,#12941,#12942);
#11498=AXIS2_PLACEMENT_3D('',#16114,#12944,#12945);
#11499=AXIS2_PLACEMENT_3D('',#16115,#12946,#12947);
#11500=AXIS2_PLACEMENT_3D('',#16119,#12950,#12951);
#11501=AXIS2_PLACEMENT_3D('',#16123,#12954,#12955);
#11502=AXIS2_PLACEMENT_3D('',#16125,#12957,#12958);
#11503=AXIS2_PLACEMENT_3D('',#16126,#12959,#12960);
#11504=AXIS2_PLACEMENT_3D('',#16130,#12963,#12964);
#11505=AXIS2_PLACEMENT_3D('',#16134,#12967,#12968);
#11506=AXIS2_PLACEMENT_3D('',#16136,#12970,#12971);
#11507=AXIS2_PLACEMENT_3D('',#16137,#12972,#12973);
#11508=AXIS2_PLACEMENT_3D('',#16141,#12976,#12977);
#11509=AXIS2_PLACEMENT_3D('',#16145,#12980,#12981);
#11510=AXIS2_PLACEMENT_3D('',#16147,#12983,#12984);
#11511=AXIS2_PLACEMENT_3D('',#16148,#12985,#12986);
#11512=AXIS2_PLACEMENT_3D('',#16152,#12989,#12990);
#11513=AXIS2_PLACEMENT_3D('',#16156,#12993,#12994);
#11514=AXIS2_PLACEMENT_3D('',#16158,#12996,#12997);
#11515=AXIS2_PLACEMENT_3D('',#16159,#12998,#12999);
#11516=AXIS2_PLACEMENT_3D('',#16163,#13002,#13003);
#11517=AXIS2_PLACEMENT_3D('',#16165,#13005,#13006);
#11518=AXIS2_PLACEMENT_3D('',#16167,#13008,#13009);
#11519=AXIS2_PLACEMENT_3D('',#16171,#13012,#13013);
#11520=AXIS2_PLACEMENT_3D('',#16173,#13015,#13016);
#11521=AXIS2_PLACEMENT_3D('',#16175,#13018,#13019);
#11522=AXIS2_PLACEMENT_3D('',#16179,#13022,#13023);
#11523=AXIS2_PLACEMENT_3D('',#16183,#13026,#13027);
#11524=AXIS2_PLACEMENT_3D('',#16185,#13029,#13030);
#11525=AXIS2_PLACEMENT_3D('',#16186,#13031,#13032);
#11526=AXIS2_PLACEMENT_3D('',#16190,#13035,#13036);
#11527=AXIS2_PLACEMENT_3D('',#16194,#13039,#13040);
#11528=AXIS2_PLACEMENT_3D('',#16196,#13042,#13043);
#11529=AXIS2_PLACEMENT_3D('',#16197,#13044,#13045);
#11530=AXIS2_PLACEMENT_3D('',#16201,#13048,#13049);
#11531=AXIS2_PLACEMENT_3D('',#16205,#13052,#13053);
#11532=AXIS2_PLACEMENT_3D('',#16207,#13055,#13056);
#11533=AXIS2_PLACEMENT_3D('',#16208,#13057,#13058);
#11534=AXIS2_PLACEMENT_3D('',#16212,#13061,#13062);
#11535=AXIS2_PLACEMENT_3D('',#16216,#13065,#13066);
#11536=AXIS2_PLACEMENT_3D('',#16218,#13068,#13069);
#11537=AXIS2_PLACEMENT_3D('',#16219,#13070,#13071);
#11538=AXIS2_PLACEMENT_3D('',#16223,#13074,#13075);
#11539=AXIS2_PLACEMENT_3D('',#16227,#13078,#13079);
#11540=AXIS2_PLACEMENT_3D('',#16229,#13081,#13082);
#11541=AXIS2_PLACEMENT_3D('',#16230,#13083,#13084);
#11542=AXIS2_PLACEMENT_3D('',#16234,#13087,#13088);
#11543=AXIS2_PLACEMENT_3D('',#16238,#13091,#13092);
#11544=AXIS2_PLACEMENT_3D('',#16240,#13094,#13095);
#11545=AXIS2_PLACEMENT_3D('',#16241,#13096,#13097);
#11546=AXIS2_PLACEMENT_3D('',#16245,#13100,#13101);
#11547=AXIS2_PLACEMENT_3D('',#16249,#13104,#13105);
#11548=AXIS2_PLACEMENT_3D('',#16251,#13107,#13108);
#11549=AXIS2_PLACEMENT_3D('',#16252,#13109,#13110);
#11550=AXIS2_PLACEMENT_3D('',#16256,#13113,#13114);
#11551=AXIS2_PLACEMENT_3D('',#16260,#13117,#13118);
#11552=AXIS2_PLACEMENT_3D('',#16262,#13120,#13121);
#11553=AXIS2_PLACEMENT_3D('',#16263,#13122,#13123);
#11554=AXIS2_PLACEMENT_3D('',#16267,#13126,#13127);
#11555=AXIS2_PLACEMENT_3D('',#16269,#13129,#13130);
#11556=AXIS2_PLACEMENT_3D('',#16271,#13132,#13133);
#11557=AXIS2_PLACEMENT_3D('',#16275,#13136,#13137);
#11558=AXIS2_PLACEMENT_3D('',#16277,#13139,#13140);
#11559=AXIS2_PLACEMENT_3D('',#16279,#13142,#13143);
#11560=AXIS2_PLACEMENT_3D('',#16283,#13146,#13147);
#11561=AXIS2_PLACEMENT_3D('',#16287,#13150,#13151);
#11562=AXIS2_PLACEMENT_3D('',#16289,#13153,#13154);
#11563=AXIS2_PLACEMENT_3D('',#16290,#13155,#13156);
#11564=AXIS2_PLACEMENT_3D('',#16294,#13159,#13160);
#11565=AXIS2_PLACEMENT_3D('',#16298,#13163,#13164);
#11566=AXIS2_PLACEMENT_3D('',#16300,#13166,#13167);
#11567=AXIS2_PLACEMENT_3D('',#16301,#13168,#13169);
#11568=AXIS2_PLACEMENT_3D('',#16305,#13172,#13173);
#11569=AXIS2_PLACEMENT_3D('',#16309,#13176,#13177);
#11570=AXIS2_PLACEMENT_3D('',#16311,#13179,#13180);
#11571=AXIS2_PLACEMENT_3D('',#16312,#13181,#13182);
#11572=AXIS2_PLACEMENT_3D('',#16316,#13185,#13186);
#11573=AXIS2_PLACEMENT_3D('',#16320,#13189,#13190);
#11574=AXIS2_PLACEMENT_3D('',#16322,#13192,#13193);
#11575=AXIS2_PLACEMENT_3D('',#16323,#13194,#13195);
#11576=AXIS2_PLACEMENT_3D('',#16327,#13198,#13199);
#11577=AXIS2_PLACEMENT_3D('',#16331,#13202,#13203);
#11578=AXIS2_PLACEMENT_3D('',#16333,#13205,#13206);
#11579=AXIS2_PLACEMENT_3D('',#16334,#13207,#13208);
#11580=AXIS2_PLACEMENT_3D('',#16338,#13211,#13212);
#11581=AXIS2_PLACEMENT_3D('',#16342,#13215,#13216);
#11582=AXIS2_PLACEMENT_3D('',#16344,#13218,#13219);
#11583=AXIS2_PLACEMENT_3D('',#16345,#13220,#13221);
#11584=AXIS2_PLACEMENT_3D('',#16349,#13224,#13225);
#11585=AXIS2_PLACEMENT_3D('',#16353,#13228,#13229);
#11586=AXIS2_PLACEMENT_3D('',#16355,#13231,#13232);
#11587=AXIS2_PLACEMENT_3D('',#16356,#13233,#13234);
#11588=AXIS2_PLACEMENT_3D('',#16360,#13237,#13238);
#11589=AXIS2_PLACEMENT_3D('',#16364,#13241,#13242);
#11590=AXIS2_PLACEMENT_3D('',#16366,#13244,#13245);
#11591=AXIS2_PLACEMENT_3D('',#16367,#13246,#13247);
#11592=AXIS2_PLACEMENT_3D('',#16371,#13250,#13251);
#11593=AXIS2_PLACEMENT_3D('',#16373,#13253,#13254);
#11594=AXIS2_PLACEMENT_3D('',#16375,#13256,#13257);
#11595=AXIS2_PLACEMENT_3D('',#16379,#13260,#13261);
#11596=AXIS2_PLACEMENT_3D('',#16381,#13263,#13264);
#11597=AXIS2_PLACEMENT_3D('',#16383,#13266,#13267);
#11598=AXIS2_PLACEMENT_3D('',#16387,#13270,#13271);
#11599=AXIS2_PLACEMENT_3D('',#16391,#13274,#13275);
#11600=AXIS2_PLACEMENT_3D('',#16393,#13277,#13278);
#11601=AXIS2_PLACEMENT_3D('',#16394,#13279,#13280);
#11602=AXIS2_PLACEMENT_3D('',#16398,#13283,#13284);
#11603=AXIS2_PLACEMENT_3D('',#16402,#13287,#13288);
#11604=AXIS2_PLACEMENT_3D('',#16404,#13290,#13291);
#11605=AXIS2_PLACEMENT_3D('',#16405,#13292,#13293);
#11606=AXIS2_PLACEMENT_3D('',#16409,#13296,#13297);
#11607=AXIS2_PLACEMENT_3D('',#16413,#13300,#13301);
#11608=AXIS2_PLACEMENT_3D('',#16415,#13303,#13304);
#11609=AXIS2_PLACEMENT_3D('',#16416,#13305,#13306);
#11610=AXIS2_PLACEMENT_3D('',#16420,#13309,#13310);
#11611=AXIS2_PLACEMENT_3D('',#16424,#13313,#13314);
#11612=AXIS2_PLACEMENT_3D('',#16426,#13316,#13317);
#11613=AXIS2_PLACEMENT_3D('',#16427,#13318,#13319);
#11614=AXIS2_PLACEMENT_3D('',#16431,#13322,#13323);
#11615=AXIS2_PLACEMENT_3D('',#16435,#13326,#13327);
#11616=AXIS2_PLACEMENT_3D('',#16437,#13329,#13330);
#11617=AXIS2_PLACEMENT_3D('',#16438,#13331,#13332);
#11618=AXIS2_PLACEMENT_3D('',#16442,#13335,#13336);
#11619=AXIS2_PLACEMENT_3D('',#16446,#13339,#13340);
#11620=AXIS2_PLACEMENT_3D('',#16448,#13342,#13343);
#11621=AXIS2_PLACEMENT_3D('',#16449,#13344,#13345);
#11622=AXIS2_PLACEMENT_3D('',#16453,#13348,#13349);
#11623=AXIS2_PLACEMENT_3D('',#16457,#13352,#13353);
#11624=AXIS2_PLACEMENT_3D('',#16459,#13355,#13356);
#11625=AXIS2_PLACEMENT_3D('',#16460,#13357,#13358);
#11626=AXIS2_PLACEMENT_3D('',#16464,#13361,#13362);
#11627=AXIS2_PLACEMENT_3D('',#16468,#13365,#13366);
#11628=AXIS2_PLACEMENT_3D('',#16470,#13368,#13369);
#11629=AXIS2_PLACEMENT_3D('',#16471,#13370,#13371);
#11630=AXIS2_PLACEMENT_3D('',#16475,#13374,#13375);
#11631=AXIS2_PLACEMENT_3D('',#16477,#13377,#13378);
#11632=AXIS2_PLACEMENT_3D('',#16479,#13380,#13381);
#11633=AXIS2_PLACEMENT_3D('',#16483,#13384,#13385);
#11634=AXIS2_PLACEMENT_3D('',#16485,#13387,#13388);
#11635=AXIS2_PLACEMENT_3D('',#16487,#13390,#13391);
#11636=AXIS2_PLACEMENT_3D('',#16491,#13394,#13395);
#11637=AXIS2_PLACEMENT_3D('',#16495,#13398,#13399);
#11638=AXIS2_PLACEMENT_3D('',#16497,#13401,#13402);
#11639=AXIS2_PLACEMENT_3D('',#16498,#13403,#13404);
#11640=AXIS2_PLACEMENT_3D('',#16502,#13407,#13408);
#11641=AXIS2_PLACEMENT_3D('',#16506,#13411,#13412);
#11642=AXIS2_PLACEMENT_3D('',#16508,#13414,#13415);
#11643=AXIS2_PLACEMENT_3D('',#16509,#13416,#13417);
#11644=AXIS2_PLACEMENT_3D('',#16513,#13420,#13421);
#11645=AXIS2_PLACEMENT_3D('',#16517,#13424,#13425);
#11646=AXIS2_PLACEMENT_3D('',#16519,#13427,#13428);
#11647=AXIS2_PLACEMENT_3D('',#16520,#13429,#13430);
#11648=AXIS2_PLACEMENT_3D('',#16524,#13433,#13434);
#11649=AXIS2_PLACEMENT_3D('',#16528,#13437,#13438);
#11650=AXIS2_PLACEMENT_3D('',#16530,#13440,#13441);
#11651=AXIS2_PLACEMENT_3D('',#16531,#13442,#13443);
#11652=AXIS2_PLACEMENT_3D('',#16535,#13446,#13447);
#11653=AXIS2_PLACEMENT_3D('',#16539,#13450,#13451);
#11654=AXIS2_PLACEMENT_3D('',#16541,#13453,#13454);
#11655=AXIS2_PLACEMENT_3D('',#16542,#13455,#13456);
#11656=AXIS2_PLACEMENT_3D('',#16546,#13459,#13460);
#11657=AXIS2_PLACEMENT_3D('',#16550,#13463,#13464);
#11658=AXIS2_PLACEMENT_3D('',#16552,#13466,#13467);
#11659=AXIS2_PLACEMENT_3D('',#16553,#13468,#13469);
#11660=AXIS2_PLACEMENT_3D('',#16557,#13472,#13473);
#11661=AXIS2_PLACEMENT_3D('',#16561,#13476,#13477);
#11662=AXIS2_PLACEMENT_3D('',#16563,#13479,#13480);
#11663=AXIS2_PLACEMENT_3D('',#16564,#13481,#13482);
#11664=AXIS2_PLACEMENT_3D('',#16568,#13485,#13486);
#11665=AXIS2_PLACEMENT_3D('',#16572,#13489,#13490);
#11666=AXIS2_PLACEMENT_3D('',#16574,#13492,#13493);
#11667=AXIS2_PLACEMENT_3D('',#16575,#13494,#13495);
#11668=AXIS2_PLACEMENT_3D('',#16579,#13498,#13499);
#11669=AXIS2_PLACEMENT_3D('',#16581,#13501,#13502);
#11670=AXIS2_PLACEMENT_3D('',#16583,#13504,#13505);
#11671=AXIS2_PLACEMENT_3D('',#16587,#13508,#13509);
#11672=AXIS2_PLACEMENT_3D('',#16589,#13511,#13512);
#11673=AXIS2_PLACEMENT_3D('',#16591,#13514,#13515);
#11674=AXIS2_PLACEMENT_3D('',#16597,#13519,#13520);
#11675=AXIS2_PLACEMENT_3D('',#16601,#13523,#13524);
#11676=AXIS2_PLACEMENT_3D('',#16605,#13527,#13528);
#11677=AXIS2_PLACEMENT_3D('',#16609,#13531,#13532);
#11678=AXIS2_PLACEMENT_3D('',#16613,#13535,#13536);
#11679=AXIS2_PLACEMENT_3D('',#16615,#13538,#13539);
#11680=AXIS2_PLACEMENT_3D('',#16629,#13547,#13548);
#11681=AXIS2_PLACEMENT_3D('',#16641,#13555,#13556);
#11682=AXIS2_PLACEMENT_3D('',#16653,#13563,#13564);
#11683=AXIS2_PLACEMENT_3D('',#16665,#13571,#13572);
#11684=AXIS2_PLACEMENT_3D('',#16677,#13579,#13580);
#11685=AXIS2_PLACEMENT_3D('',#16687,#13586,#13587);
#11686=AXIS2_PLACEMENT_3D('',#16693,#13591,#13592);
#11687=AXIS2_PLACEMENT_3D('',#16697,#13595,#13596);
#11688=AXIS2_PLACEMENT_3D('',#16701,#13599,#13600);
#11689=AXIS2_PLACEMENT_3D('',#16705,#13603,#13604);
#11690=AXIS2_PLACEMENT_3D('',#16709,#13607,#13608);
#11691=AXIS2_PLACEMENT_3D('',#16711,#13610,#13611);
#11692=AXIS2_PLACEMENT_3D('',#16725,#13619,#13620);
#11693=AXIS2_PLACEMENT_3D('',#16737,#13627,#13628);
#11694=AXIS2_PLACEMENT_3D('',#16749,#13635,#13636);
#11695=AXIS2_PLACEMENT_3D('',#16761,#13643,#13644);
#11696=AXIS2_PLACEMENT_3D('',#16773,#13651,#13652);
#11697=AXIS2_PLACEMENT_3D('',#16783,#13658,#13659);
#11698=AXIS2_PLACEMENT_3D('',#16789,#13663,#13664);
#11699=AXIS2_PLACEMENT_3D('',#16793,#13667,#13668);
#11700=AXIS2_PLACEMENT_3D('',#16797,#13671,#13672);
#11701=AXIS2_PLACEMENT_3D('',#16801,#13675,#13676);
#11702=AXIS2_PLACEMENT_3D('',#16805,#13679,#13680);
#11703=AXIS2_PLACEMENT_3D('',#16807,#13682,#13683);
#11704=AXIS2_PLACEMENT_3D('',#16821,#13691,#13692);
#11705=AXIS2_PLACEMENT_3D('',#16833,#13699,#13700);
#11706=AXIS2_PLACEMENT_3D('',#16845,#13707,#13708);
#11707=AXIS2_PLACEMENT_3D('',#16857,#13715,#13716);
#11708=AXIS2_PLACEMENT_3D('',#16869,#13723,#13724);
#11709=AXIS2_PLACEMENT_3D('',#16879,#13730,#13731);
#11710=AXIS2_PLACEMENT_3D('',#16885,#13735,#13736);
#11711=AXIS2_PLACEMENT_3D('',#16889,#13739,#13740);
#11712=AXIS2_PLACEMENT_3D('',#16893,#13743,#13744);
#11713=AXIS2_PLACEMENT_3D('',#16897,#13747,#13748);
#11714=AXIS2_PLACEMENT_3D('',#16901,#13751,#13752);
#11715=AXIS2_PLACEMENT_3D('',#16903,#13754,#13755);
#11716=AXIS2_PLACEMENT_3D('',#16917,#13763,#13764);
#11717=AXIS2_PLACEMENT_3D('',#16929,#13771,#13772);
#11718=AXIS2_PLACEMENT_3D('',#16941,#13779,#13780);
#11719=AXIS2_PLACEMENT_3D('',#16953,#13787,#13788);
#11720=AXIS2_PLACEMENT_3D('',#16965,#13795,#13796);
#11721=AXIS2_PLACEMENT_3D('',#16975,#13802,#13803);
#11722=AXIS2_PLACEMENT_3D('',#16981,#13807,#13808);
#11723=AXIS2_PLACEMENT_3D('',#16985,#13811,#13812);
#11724=AXIS2_PLACEMENT_3D('',#16989,#13815,#13816);
#11725=AXIS2_PLACEMENT_3D('',#16993,#13819,#13820);
#11726=AXIS2_PLACEMENT_3D('',#16997,#13823,#13824);
#11727=AXIS2_PLACEMENT_3D('',#16999,#13826,#13827);
#11728=AXIS2_PLACEMENT_3D('',#17013,#13835,#13836);
#11729=AXIS2_PLACEMENT_3D('',#17025,#13843,#13844);
#11730=AXIS2_PLACEMENT_3D('',#17037,#13851,#13852);
#11731=AXIS2_PLACEMENT_3D('',#17049,#13859,#13860);
#11732=AXIS2_PLACEMENT_3D('',#17061,#13867,#13868);
#11733=AXIS2_PLACEMENT_3D('',#17071,#13874,#13875);
#11734=AXIS2_PLACEMENT_3D('',#17077,#13879,#13880);
#11735=AXIS2_PLACEMENT_3D('',#17081,#13883,#13884);
#11736=AXIS2_PLACEMENT_3D('',#17085,#13887,#13888);
#11737=AXIS2_PLACEMENT_3D('',#17089,#13891,#13892);
#11738=AXIS2_PLACEMENT_3D('',#17093,#13895,#13896);
#11739=AXIS2_PLACEMENT_3D('',#17095,#13898,#13899);
#11740=AXIS2_PLACEMENT_3D('',#17109,#13907,#13908);
#11741=AXIS2_PLACEMENT_3D('',#17121,#13915,#13916);
#11742=AXIS2_PLACEMENT_3D('',#17133,#13923,#13924);
#11743=AXIS2_PLACEMENT_3D('',#17145,#13931,#13932);
#11744=AXIS2_PLACEMENT_3D('',#17157,#13939,#13940);
#11745=AXIS2_PLACEMENT_3D('',#17167,#13946,#13947);
#11746=AXIS2_PLACEMENT_3D('',#17173,#13951,#13952);
#11747=AXIS2_PLACEMENT_3D('',#17180,#13957,#13958);
#11748=AXIS2_PLACEMENT_3D('',#17183,#13961,#13962);
#11749=AXIS2_PLACEMENT_3D('',#17184,#13963,#13964);
#11750=AXIS2_PLACEMENT_3D('',#17190,#13968,#13969);
#11751=AXIS2_PLACEMENT_3D('',#17197,#13974,#13975);
#11752=AXIS2_PLACEMENT_3D('',#17200,#13978,#13979);
#11753=AXIS2_PLACEMENT_3D('',#17201,#13980,#13981);
#11754=AXIS2_PLACEMENT_3D('',#17207,#13985,#13986);
#11755=AXIS2_PLACEMENT_3D('',#17214,#13991,#13992);
#11756=AXIS2_PLACEMENT_3D('',#17217,#13995,#13996);
#11757=AXIS2_PLACEMENT_3D('',#17218,#13997,#13998);
#11758=AXIS2_PLACEMENT_3D('',#17224,#14002,#14003);
#11759=AXIS2_PLACEMENT_3D('',#17231,#14008,#14009);
#11760=AXIS2_PLACEMENT_3D('',#17234,#14012,#14013);
#11761=AXIS2_PLACEMENT_3D('',#17235,#14014,#14015);
#11762=AXIS2_PLACEMENT_3D('',#17241,#14019,#14020);
#11763=AXIS2_PLACEMENT_3D('',#17248,#14025,#14026);
#11764=AXIS2_PLACEMENT_3D('',#17251,#14029,#14030);
#11765=AXIS2_PLACEMENT_3D('',#17252,#14031,#14032);
#11766=AXIS2_PLACEMENT_3D('',#17258,#14036,#14037);
#11767=AXIS2_PLACEMENT_3D('',#17265,#14042,#14043);
#11768=AXIS2_PLACEMENT_3D('',#17268,#14046,#14047);
#11769=AXIS2_PLACEMENT_3D('',#17269,#14048,#14049);
#11770=AXIS2_PLACEMENT_3D('',#17271,#14051,#14052);
#11771=AXIS2_PLACEMENT_3D('',#17272,#14053,#14054);
#11772=AXIS2_PLACEMENT_3D('',#17274,#14056,#14057);
#11773=AXIS2_PLACEMENT_3D('',#17275,#14058,#14059);
#11774=AXIS2_PLACEMENT_3D('',#17277,#14061,#14062);
#11775=AXIS2_PLACEMENT_3D('',#17278,#14063,#14064);
#11776=AXIS2_PLACEMENT_3D('',#17280,#14066,#14067);
#11777=AXIS2_PLACEMENT_3D('',#17281,#14068,#14069);
#11778=AXIS2_PLACEMENT_3D('',#17283,#14071,#14072);
#11779=AXIS2_PLACEMENT_3D('',#17284,#14073,#14074);
#11780=AXIS2_PLACEMENT_3D('',#17286,#14076,#14077);
#11781=AXIS2_PLACEMENT_3D('',#17287,#14078,#14079);
#11782=AXIS2_PLACEMENT_3D('',#17293,#14083,#14084);
#11783=AXIS2_PLACEMENT_3D('',#17297,#14087,#14088);
#11784=AXIS2_PLACEMENT_3D('',#17301,#14091,#14092);
#11785=AXIS2_PLACEMENT_3D('',#17305,#14095,#14096);
#11786=AXIS2_PLACEMENT_3D('',#17309,#14099,#14100);
#11787=AXIS2_PLACEMENT_3D('',#17313,#14103,#14104);
#11788=AXIS2_PLACEMENT_3D('',#17317,#14107,#14108);
#11789=AXIS2_PLACEMENT_3D('',#17321,#14111,#14112);
#11790=AXIS2_PLACEMENT_3D('',#17325,#14115,#14116);
#11791=AXIS2_PLACEMENT_3D('',#17329,#14119,#14120);
#11792=AXIS2_PLACEMENT_3D('',#17333,#14123,#14124);
#11793=AXIS2_PLACEMENT_3D('',#17337,#14127,#14128);
#11794=AXIS2_PLACEMENT_3D('',#17341,#14131,#14132);
#11795=AXIS2_PLACEMENT_3D('',#17345,#14135,#14136);
#11796=AXIS2_PLACEMENT_3D('',#17349,#14139,#14140);
#11797=AXIS2_PLACEMENT_3D('',#17353,#14143,#14144);
#11798=AXIS2_PLACEMENT_3D('',#17357,#14147,#14148);
#11799=AXIS2_PLACEMENT_3D('',#17361,#14151,#14152);
#11800=AXIS2_PLACEMENT_3D('',#17365,#14155,#14156);
#11801=AXIS2_PLACEMENT_3D('',#17369,#14159,#14160);
#11802=AXIS2_PLACEMENT_3D('',#17373,#14163,#14164);
#11803=AXIS2_PLACEMENT_3D('',#17377,#14167,#14168);
#11804=AXIS2_PLACEMENT_3D('',#17381,#14171,#14172);
#11805=AXIS2_PLACEMENT_3D('',#17387,#14176,#14177);
#11806=AXIS2_PLACEMENT_3D('',#17391,#14180,#14181);
#11807=AXIS2_PLACEMENT_3D('',#17395,#14184,#14185);
#11808=AXIS2_PLACEMENT_3D('',#17400,#14189,#14190);
#11809=AXIS2_PLACEMENT_3D('',#17404,#14193,#14194);
#11810=AXIS2_PLACEMENT_3D('',#17408,#14197,#14198);
#11811=AXIS2_PLACEMENT_3D('',#17412,#14201,#14202);
#11812=AXIS2_PLACEMENT_3D('',#17416,#14205,#14206);
#11813=AXIS2_PLACEMENT_3D('',#17420,#14209,#14210);
#11814=AXIS2_PLACEMENT_3D('',#17424,#14213,#14214);
#11815=AXIS2_PLACEMENT_3D('',#17428,#14217,#14218);
#11816=AXIS2_PLACEMENT_3D('',#17430,#14220,#14221);
#11817=AXIS2_PLACEMENT_3D('',#17431,#14222,#14223);
#11818=AXIS2_PLACEMENT_3D('',#17437,#14227,#14228);
#11819=AXIS2_PLACEMENT_3D('',#17441,#14231,#14232);
#11820=AXIS2_PLACEMENT_3D('',#17445,#14235,#14236);
#11821=AXIS2_PLACEMENT_3D('',#17449,#14239,#14240);
#11822=AXIS2_PLACEMENT_3D('',#17453,#14243,#14244);
#11823=AXIS2_PLACEMENT_3D('',#17457,#14247,#14248);
#11824=AXIS2_PLACEMENT_3D('',#17461,#14251,#14252);
#11825=AXIS2_PLACEMENT_3D('',#17465,#14255,#14256);
#11826=AXIS2_PLACEMENT_3D('',#17469,#14259,#14260);
#11827=AXIS2_PLACEMENT_3D('',#17473,#14263,#14264);
#11828=AXIS2_PLACEMENT_3D('',#17477,#14267,#14268);
#11829=AXIS2_PLACEMENT_3D('',#17481,#14271,#14272);
#11830=AXIS2_PLACEMENT_3D('',#17485,#14275,#14276);
#11831=AXIS2_PLACEMENT_3D('',#17489,#14279,#14280);
#11832=AXIS2_PLACEMENT_3D('',#17493,#14283,#14284);
#11833=AXIS2_PLACEMENT_3D('',#17497,#14287,#14288);
#11834=AXIS2_PLACEMENT_3D('',#17501,#14291,#14292);
#11835=AXIS2_PLACEMENT_3D('',#17505,#14295,#14296);
#11836=AXIS2_PLACEMENT_3D('',#17509,#14299,#14300);
#11837=AXIS2_PLACEMENT_3D('',#17513,#14303,#14304);
#11838=AXIS2_PLACEMENT_3D('',#17517,#14307,#14308);
#11839=AXIS2_PLACEMENT_3D('',#17521,#14311,#14312);
#11840=AXIS2_PLACEMENT_3D('',#17525,#14315,#14316);
#11841=AXIS2_PLACEMENT_3D('',#17531,#14320,#14321);
#11842=AXIS2_PLACEMENT_3D('',#17535,#14324,#14325);
#11843=AXIS2_PLACEMENT_3D('',#17539,#14328,#14329);
#11844=AXIS2_PLACEMENT_3D('',#17544,#14333,#14334);
#11845=AXIS2_PLACEMENT_3D('',#17548,#14337,#14338);
#11846=AXIS2_PLACEMENT_3D('',#17552,#14341,#14342);
#11847=AXIS2_PLACEMENT_3D('',#17556,#14345,#14346);
#11848=AXIS2_PLACEMENT_3D('',#17560,#14349,#14350);
#11849=AXIS2_PLACEMENT_3D('',#17564,#14353,#14354);
#11850=AXIS2_PLACEMENT_3D('',#17568,#14357,#14358);
#11851=AXIS2_PLACEMENT_3D('',#17572,#14361,#14362);
#11852=AXIS2_PLACEMENT_3D('',#17574,#14364,#14365);
#11853=AXIS2_PLACEMENT_3D('',#17575,#14366,#14367);
#11854=AXIS2_PLACEMENT_3D('',#17581,#14371,#14372);
#11855=AXIS2_PLACEMENT_3D('',#17585,#14375,#14376);
#11856=AXIS2_PLACEMENT_3D('',#17589,#14379,#14380);
#11857=AXIS2_PLACEMENT_3D('',#17593,#14383,#14384);
#11858=AXIS2_PLACEMENT_3D('',#17597,#14387,#14388);
#11859=AXIS2_PLACEMENT_3D('',#17601,#14391,#14392);
#11860=AXIS2_PLACEMENT_3D('',#17605,#14395,#14396);
#11861=AXIS2_PLACEMENT_3D('',#17609,#14399,#14400);
#11862=AXIS2_PLACEMENT_3D('',#17613,#14403,#14404);
#11863=AXIS2_PLACEMENT_3D('',#17617,#14407,#14408);
#11864=AXIS2_PLACEMENT_3D('',#17621,#14411,#14412);
#11865=AXIS2_PLACEMENT_3D('',#17625,#14415,#14416);
#11866=AXIS2_PLACEMENT_3D('',#17629,#14419,#14420);
#11867=AXIS2_PLACEMENT_3D('',#17633,#14423,#14424);
#11868=AXIS2_PLACEMENT_3D('',#17637,#14427,#14428);
#11869=AXIS2_PLACEMENT_3D('',#17641,#14431,#14432);
#11870=AXIS2_PLACEMENT_3D('',#17645,#14435,#14436);
#11871=AXIS2_PLACEMENT_3D('',#17649,#14439,#14440);
#11872=AXIS2_PLACEMENT_3D('',#17653,#14443,#14444);
#11873=AXIS2_PLACEMENT_3D('',#17657,#14447,#14448);
#11874=AXIS2_PLACEMENT_3D('',#17661,#14451,#14452);
#11875=AXIS2_PLACEMENT_3D('',#17665,#14455,#14456);
#11876=AXIS2_PLACEMENT_3D('',#17669,#14459,#14460);
#11877=AXIS2_PLACEMENT_3D('',#17675,#14464,#14465);
#11878=AXIS2_PLACEMENT_3D('',#17679,#14468,#14469);
#11879=AXIS2_PLACEMENT_3D('',#17683,#14472,#14473);
#11880=AXIS2_PLACEMENT_3D('',#17688,#14477,#14478);
#11881=AXIS2_PLACEMENT_3D('',#17692,#14481,#14482);
#11882=AXIS2_PLACEMENT_3D('',#17696,#14485,#14486);
#11883=AXIS2_PLACEMENT_3D('',#17700,#14489,#14490);
#11884=AXIS2_PLACEMENT_3D('',#17704,#14493,#14494);
#11885=AXIS2_PLACEMENT_3D('',#17708,#14497,#14498);
#11886=AXIS2_PLACEMENT_3D('',#17712,#14501,#14502);
#11887=AXIS2_PLACEMENT_3D('',#17716,#14505,#14506);
#11888=AXIS2_PLACEMENT_3D('',#17718,#14508,#14509);
#11889=AXIS2_PLACEMENT_3D('',#17719,#14510,#14511);
#11890=AXIS2_PLACEMENT_3D('',#17725,#14515,#14516);
#11891=AXIS2_PLACEMENT_3D('',#17729,#14519,#14520);
#11892=AXIS2_PLACEMENT_3D('',#17733,#14523,#14524);
#11893=AXIS2_PLACEMENT_3D('',#17737,#14527,#14528);
#11894=AXIS2_PLACEMENT_3D('',#17741,#14531,#14532);
#11895=AXIS2_PLACEMENT_3D('',#17745,#14535,#14536);
#11896=AXIS2_PLACEMENT_3D('',#17749,#14539,#14540);
#11897=AXIS2_PLACEMENT_3D('',#17753,#14543,#14544);
#11898=AXIS2_PLACEMENT_3D('',#17757,#14547,#14548);
#11899=AXIS2_PLACEMENT_3D('',#17761,#14551,#14552);
#11900=AXIS2_PLACEMENT_3D('',#17765,#14555,#14556);
#11901=AXIS2_PLACEMENT_3D('',#17769,#14559,#14560);
#11902=AXIS2_PLACEMENT_3D('',#17773,#14563,#14564);
#11903=AXIS2_PLACEMENT_3D('',#17777,#14567,#14568);
#11904=AXIS2_PLACEMENT_3D('',#17781,#14571,#14572);
#11905=AXIS2_PLACEMENT_3D('',#17785,#14575,#14576);
#11906=AXIS2_PLACEMENT_3D('',#17789,#14579,#14580);
#11907=AXIS2_PLACEMENT_3D('',#17793,#14583,#14584);
#11908=AXIS2_PLACEMENT_3D('',#17797,#14587,#14588);
#11909=AXIS2_PLACEMENT_3D('',#17801,#14591,#14592);
#11910=AXIS2_PLACEMENT_3D('',#17805,#14595,#14596);
#11911=AXIS2_PLACEMENT_3D('',#17809,#14599,#14600);
#11912=AXIS2_PLACEMENT_3D('',#17813,#14603,#14604);
#11913=AXIS2_PLACEMENT_3D('',#17819,#14608,#14609);
#11914=AXIS2_PLACEMENT_3D('',#17823,#14612,#14613);
#11915=AXIS2_PLACEMENT_3D('',#17827,#14616,#14617);
#11916=AXIS2_PLACEMENT_3D('',#17832,#14621,#14622);
#11917=AXIS2_PLACEMENT_3D('',#17836,#14625,#14626);
#11918=AXIS2_PLACEMENT_3D('',#17840,#14629,#14630);
#11919=AXIS2_PLACEMENT_3D('',#17844,#14633,#14634);
#11920=AXIS2_PLACEMENT_3D('',#17848,#14637,#14638);
#11921=AXIS2_PLACEMENT_3D('',#17852,#14641,#14642);
#11922=AXIS2_PLACEMENT_3D('',#17856,#14645,#14646);
#11923=AXIS2_PLACEMENT_3D('',#17860,#14649,#14650);
#11924=AXIS2_PLACEMENT_3D('',#17862,#14652,#14653);
#11925=AXIS2_PLACEMENT_3D('',#17863,#14654,#14655);
#11926=AXIS2_PLACEMENT_3D('',#17869,#14659,#14660);
#11927=AXIS2_PLACEMENT_3D('',#17879,#14666,#14667);
#11928=AXIS2_PLACEMENT_3D('',#17882,#14670,#14671);
#11929=AXIS2_PLACEMENT_3D('',#17883,#14672,#14673);
#11930=AXIS2_PLACEMENT_3D('',#17889,#14677,#14678);
#11931=AXIS2_PLACEMENT_3D('',#17899,#14684,#14685);
#11932=AXIS2_PLACEMENT_3D('',#17902,#14688,#14689);
#11933=AXIS2_PLACEMENT_3D('',#17903,#14690,#14691);
#11934=AXIS2_PLACEMENT_3D('',#17909,#14695,#14696);
#11935=AXIS2_PLACEMENT_3D('',#17919,#14702,#14703);
#11936=AXIS2_PLACEMENT_3D('',#17922,#14706,#14707);
#11937=AXIS2_PLACEMENT_3D('',#17923,#14708,#14709);
#11938=AXIS2_PLACEMENT_3D('',#17929,#14713,#14714);
#11939=AXIS2_PLACEMENT_3D('',#17939,#14720,#14721);
#11940=AXIS2_PLACEMENT_3D('',#17942,#14724,#14725);
#11941=AXIS2_PLACEMENT_3D('',#17943,#14726,#14727);
#11942=AXIS2_PLACEMENT_3D('',#17949,#14731,#14732);
#11943=AXIS2_PLACEMENT_3D('',#17959,#14738,#14739);
#11944=AXIS2_PLACEMENT_3D('',#17962,#14742,#14743);
#11945=AXIS2_PLACEMENT_3D('',#17963,#14744,#14745);
#11946=AXIS2_PLACEMENT_3D('',#17969,#14749,#14750);
#11947=AXIS2_PLACEMENT_3D('',#17979,#14756,#14757);
#11948=AXIS2_PLACEMENT_3D('',#17982,#14760,#14761);
#11949=AXIS2_PLACEMENT_3D('',#17983,#14762,#14763);
#11950=AXIS2_PLACEMENT_3D('',#17986,#14766,#14767);
#11951=AXIS2_PLACEMENT_3D('',#17987,#14768,#14769);
#11952=AXIS2_PLACEMENT_3D('',#17990,#14772,#14773);
#11953=AXIS2_PLACEMENT_3D('',#17991,#14774,#14775);
#11954=AXIS2_PLACEMENT_3D('',#17994,#14778,#14779);
#11955=AXIS2_PLACEMENT_3D('',#17995,#14780,#14781);
#11956=AXIS2_PLACEMENT_3D('',#17998,#14784,#14785);
#11957=AXIS2_PLACEMENT_3D('',#17999,#14786,#14787);
#11958=AXIS2_PLACEMENT_3D('',#18002,#14790,#14791);
#11959=AXIS2_PLACEMENT_3D('',#18003,#14792,#14793);
#11960=AXIS2_PLACEMENT_3D('',#18006,#14796,#14797);
#11961=AXIS2_PLACEMENT_3D('',#18007,#14798,#14799);
#11962=AXIS2_PLACEMENT_3D('',#18008,#14800,#14801);
#11963=AXIS2_PLACEMENT_3D('',#18009,#14802,#14803);
#11964=AXIS2_PLACEMENT_3D('',#18010,#14804,#14805);
#11965=AXIS2_PLACEMENT_3D('',#18011,#14806,#14807);
#11966=DIRECTION('',(0.,0.,1.));
#11967=DIRECTION('',(1.,0.,0.));
#11968=DIRECTION('',(0.,0.,1.));
#11969=DIRECTION('',(1.,0.,0.));
#11970=DIRECTION('',(0.,-1.,0.));
#11971=DIRECTION('',(0.5,-0.866025403784439,0.));
#11972=DIRECTION('',(0.866025403784439,-0.5,0.));
#11973=DIRECTION('',(1.,0.,0.));
#11974=DIRECTION('',(0.866025403784442,0.5,0.));
#11975=DIRECTION('',(0.5,0.866025403784439,0.));
#11976=DIRECTION('',(0.,1.,0.));
#11977=DIRECTION('',(-0.5,0.866025403784439,0.));
#11978=DIRECTION('',(-0.866025403784436,0.5,0.));
#11979=DIRECTION('',(-1.,1.22464679914735E-16,0.));
#11980=DIRECTION('',(-0.866025403784441,-0.5,0.));
#11981=DIRECTION('',(-0.5,-0.866025403784438,0.));
#11982=DIRECTION('',(0.,0.,1.));
#11983=DIRECTION('',(1.,0.,0.));
#11984=DIRECTION('',(-0.813797681349374,-0.469846310392954,-0.342020143325668));
#11985=DIRECTION('',(-0.296198132726024,-0.171010071662834,0.939692620785908));
#11986=DIRECTION('',(0.,0.,1.));
#11987=DIRECTION('',(1.,0.,0.));
#11988=DIRECTION('',(0.,0.,-1.));
#11989=DIRECTION('',(0.,0.,1.));
#11990=DIRECTION('',(1.,0.,0.));
#11991=DIRECTION('',(0.,0.,1.));
#11992=DIRECTION('',(0.,0.,1.));
#11993=DIRECTION('',(1.,0.,0.));
#11994=DIRECTION('',(0.,0.,1.));
#11995=DIRECTION('',(0.,0.,1.));
#11996=DIRECTION('',(1.,0.,0.));
#11997=DIRECTION('',(0.,0.,-1.));
#11998=DIRECTION('',(0.,0.,1.));
#11999=DIRECTION('',(1.,0.,0.));
#12000=DIRECTION('',(-1.35624889876693E-15,-0.939692620785908,-0.342020143325668));
#12001=DIRECTION('',(-4.9363422940748E-16,-0.342020143325668,0.939692620785908));
#12002=DIRECTION('',(0.,0.,1.));
#12003=DIRECTION('',(1.,0.,0.));
#12004=DIRECTION('',(-0.813797681349374,0.469846310392955,-0.342020143325668));
#12005=DIRECTION('',(-0.296198132726024,0.171010071662834,0.939692620785908));
#12006=DIRECTION('',(0.,0.,1.));
#12007=DIRECTION('',(0.5,-0.866025403784439,0.));
#12008=DIRECTION('',(0.,0.,-1.));
#12009=DIRECTION('',(0.,0.,1.));
#12010=DIRECTION('',(1.,0.,0.));
#12011=DIRECTION('',(0.,0.,1.));
#12012=DIRECTION('',(0.,0.,1.));
#12013=DIRECTION('',(1.,0.,0.));
#12014=DIRECTION('',(0.,0.,1.));
#12015=DIRECTION('',(0.,0.,1.));
#12016=DIRECTION('',(1.,0.,0.));
#12017=DIRECTION('',(0.,0.,-1.));
#12018=DIRECTION('',(0.,0.,1.));
#12019=DIRECTION('',(1.,0.,0.));
#12020=DIRECTION('',(-0.813797681349375,-0.469846310392953,-0.342020143325668));
#12021=DIRECTION('',(-0.296198132726024,-0.171010071662834,0.939692620785908));
#12022=DIRECTION('',(0.,0.,1.));
#12023=DIRECTION('',(1.,0.,0.));
#12024=DIRECTION('',(1.15079156022785E-16,0.939692620785908,-0.342020143325668));
#12025=DIRECTION('',(4.18853873767699E-17,0.342020143325668,0.939692620785908));
#12026=DIRECTION('',(0.,0.,1.));
#12027=DIRECTION('',(-0.5,-0.866025403784438,0.));
#12028=DIRECTION('',(0.,0.,-1.));
#12029=DIRECTION('',(0.,0.,1.));
#12030=DIRECTION('',(1.,0.,0.));
#12031=DIRECTION('',(0.,0.,1.));
#12032=DIRECTION('',(0.,0.,1.));
#12033=DIRECTION('',(1.,0.,0.));
#12034=DIRECTION('',(0.,0.,1.));
#12035=DIRECTION('',(0.,0.,1.));
#12036=DIRECTION('',(1.,0.,0.));
#12037=DIRECTION('',(0.,0.,-1.));
#12038=DIRECTION('',(0.,0.,1.));
#12039=DIRECTION('',(1.,0.,0.));
#12040=DIRECTION('',(-0.813797681349373,0.469846310392955,-0.342020143325668));
#12041=DIRECTION('',(-0.296198132726024,0.171010071662834,0.939692620785908));
#12042=DIRECTION('',(0.,0.,1.));
#12043=DIRECTION('',(1.,0.,0.));
#12044=DIRECTION('',(0.813797681349374,0.469846310392954,-0.342020143325668));
#12045=DIRECTION('',(0.296198132726024,0.171010071662834,0.939692620785909));
#12046=DIRECTION('',(0.,0.,1.));
#12047=DIRECTION('',(-1.,1.22464679914735E-16,0.));
#12048=DIRECTION('',(0.,0.,-1.));
#12049=DIRECTION('',(0.,0.,1.));
#12050=DIRECTION('',(1.,0.,0.));
#12051=DIRECTION('',(0.,0.,1.));
#12052=DIRECTION('',(0.,0.,1.));
#12053=DIRECTION('',(1.,0.,0.));
#12054=DIRECTION('',(0.,0.,1.));
#12055=DIRECTION('',(0.,0.,1.));
#12056=DIRECTION('',(1.,0.,0.));
#12057=DIRECTION('',(0.,0.,-1.));
#12058=DIRECTION('',(0.,0.,1.));
#12059=DIRECTION('',(1.,0.,0.));
#12060=DIRECTION('',(8.34614706933497E-16,0.939692620785908,-0.342020143325668));
#12061=DIRECTION('',(3.03774910404603E-16,0.342020143325668,0.939692620785908));
#12062=DIRECTION('',(0.,0.,1.));
#12063=DIRECTION('',(1.,0.,0.));
#12064=DIRECTION('',(0.813797681349374,-0.469846310392954,-0.342020143325668));
#12065=DIRECTION('',(0.296198132726024,-0.171010071662834,0.939692620785909));
#12066=DIRECTION('',(0.,0.,1.));
#12067=DIRECTION('',(-0.5,0.866025403784439,0.));
#12068=DIRECTION('',(0.,0.,-1.));
#12069=DIRECTION('',(0.,0.,1.));
#12070=DIRECTION('',(1.,0.,0.));
#12071=DIRECTION('',(0.,0.,1.));
#12072=DIRECTION('',(0.,0.,1.));
#12073=DIRECTION('',(1.,0.,0.));
#12074=DIRECTION('',(0.,0.,1.));
#12075=DIRECTION('',(0.,0.,1.));
#12076=DIRECTION('',(1.,0.,0.));
#12077=DIRECTION('',(0.,0.,-1.));
#12078=DIRECTION('',(0.,0.,1.));
#12079=DIRECTION('',(1.,0.,0.));
#12080=DIRECTION('',(0.813797681349374,0.469846310392954,-0.342020143325668));
#12081=DIRECTION('',(0.296198132726024,0.171010071662834,0.939692620785909));
#12082=DIRECTION('',(0.,0.,1.));
#12083=DIRECTION('',(1.,0.,0.));
#12084=DIRECTION('',(0.,-0.939692620785908,-0.342020143325668));
#12085=DIRECTION('',(0.,-0.342020143325668,0.939692620785908));
#12086=DIRECTION('',(0.,0.,1.));
#12087=DIRECTION('',(0.5,0.866025403784439,0.));
#12088=DIRECTION('',(0.,0.,-1.));
#12089=DIRECTION('',(0.,0.,1.));
#12090=DIRECTION('',(1.,0.,0.));
#12091=DIRECTION('',(0.,0.,1.));
#12092=DIRECTION('',(0.,0.,1.));
#12093=DIRECTION('',(1.,0.,0.));
#12094=DIRECTION('',(0.,0.,1.));
#12095=DIRECTION('',(0.,0.,1.));
#12096=DIRECTION('',(1.,0.,0.));
#12097=DIRECTION('',(0.,0.,-1.));
#12098=DIRECTION('',(0.,0.,1.));
#12099=DIRECTION('',(1.,0.,0.));
#12100=DIRECTION('',(0.813797681349374,-0.469846310392955,-0.342020143325668));
#12101=DIRECTION('',(0.296198132726024,-0.171010071662834,0.939692620785908));
#12102=DIRECTION('',(0.,0.,1.));
#12103=DIRECTION('',(1.,0.,0.));
#12104=DIRECTION('',(-0.5,0.866025403784439,0.));
#12105=DIRECTION('',(0.866025403784439,0.5,0.));
#12106=DIRECTION('',(-0.5,0.866025403784439,0.));
#12107=DIRECTION('',(-0.866025403784439,-0.5,0.));
#12108=DIRECTION('',(-0.5,0.866025403784439,0.));
#12109=DIRECTION('',(0.866025403784439,0.5,0.));
#12110=DIRECTION('',(-0.5,0.866025403784439,0.));
#12111=DIRECTION('',(-0.866025403784439,-0.5,0.));
#12112=DIRECTION('',(-0.5,0.866025403784439,0.));
#12113=DIRECTION('',(0.866025403784439,0.5,0.));
#12114=DIRECTION('',(-0.5,0.866025403784439,0.));
#12115=DIRECTION('',(-0.866025403784439,-0.5,0.));
#12116=DIRECTION('',(-0.5,0.866025403784439,0.));
#12117=DIRECTION('',(0.866025403784439,0.5,0.));
#12118=DIRECTION('',(-0.5,0.866025403784439,0.));
#12119=DIRECTION('',(-0.866025403784439,-0.5,0.));
#12120=DIRECTION('',(-0.5,0.866025403784439,0.));
#12121=DIRECTION('',(0.866025403784439,0.5,0.));
#12122=DIRECTION('',(-0.5,0.866025403784439,0.));
#12123=DIRECTION('',(-0.866025403784439,-0.5,0.));
#12124=DIRECTION('',(-0.5,0.866025403784439,0.));
#12125=DIRECTION('',(0.866025403784439,0.5,0.));
#12126=DIRECTION('',(-0.5,0.866025403784439,0.));
#12127=DIRECTION('',(-0.866025403784439,-0.5,0.));
#12128=DIRECTION('',(-0.5,0.866025403784439,0.));
#12129=DIRECTION('',(0.866025403784439,0.5,0.));
#12130=DIRECTION('',(-0.5,0.866025403784439,0.));
#12131=DIRECTION('',(-0.866025403784439,-0.5,0.));
#12132=DIRECTION('',(-0.5,0.866025403784439,0.));
#12133=DIRECTION('',(0.866025403784439,0.5,0.));
#12134=DIRECTION('',(-0.5,0.866025403784439,0.));
#12135=DIRECTION('',(-0.866025403784439,-0.5,0.));
#12136=DIRECTION('',(-0.5,0.866025403784439,0.));
#12137=DIRECTION('',(0.866025403784439,0.5,0.));
#12138=DIRECTION('',(-0.5,0.866025403784439,0.));
#12139=DIRECTION('',(-0.866025403784439,-0.5,0.));
#12140=DIRECTION('',(-0.5,0.866025403784439,0.));
#12141=DIRECTION('',(-0.5,0.866025403784439,0.));
#12142=DIRECTION('',(0.,0.,1.));
#12143=DIRECTION('',(1.,0.,0.));
#12144=DIRECTION('',(0.5,0.866025403784438,0.));
#12145=DIRECTION('',(0.866025403784438,-0.5,0.));
#12146=DIRECTION('',(0.5,0.866025403784439,0.));
#12147=DIRECTION('',(-0.866025403784438,0.5,0.));
#12148=DIRECTION('',(0.5,0.866025403784438,0.));
#12149=DIRECTION('',(0.866025403784438,-0.5,0.));
#12150=DIRECTION('',(0.5,0.866025403784439,0.));
#12151=DIRECTION('',(-0.866025403784438,0.5,0.));
#12152=DIRECTION('',(0.5,0.866025403784438,0.));
#12153=DIRECTION('',(0.866025403784438,-0.5,0.));
#12154=DIRECTION('',(0.5,0.866025403784439,0.));
#12155=DIRECTION('',(-0.866025403784438,0.5,0.));
#12156=DIRECTION('',(0.5,0.866025403784438,0.));
#12157=DIRECTION('',(0.866025403784438,-0.5,0.));
#12158=DIRECTION('',(0.5,0.866025403784439,0.));
#12159=DIRECTION('',(-0.866025403784438,0.5,0.));
#12160=DIRECTION('',(0.5,0.866025403784438,0.));
#12161=DIRECTION('',(0.866025403784438,-0.5,0.));
#12162=DIRECTION('',(0.5,0.866025403784439,0.));
#12163=DIRECTION('',(-0.866025403784438,0.5,0.));
#12164=DIRECTION('',(0.5,0.866025403784438,0.));
#12165=DIRECTION('',(0.866025403784438,-0.5,0.));
#12166=DIRECTION('',(0.5,0.866025403784439,0.));
#12167=DIRECTION('',(-0.866025403784438,0.5,0.));
#12168=DIRECTION('',(0.5,0.866025403784438,0.));
#12169=DIRECTION('',(0.866025403784438,-0.5,0.));
#12170=DIRECTION('',(0.5,0.866025403784439,0.));
#12171=DIRECTION('',(-0.866025403784438,0.5,0.));
#12172=DIRECTION('',(0.5,0.866025403784438,0.));
#12173=DIRECTION('',(0.866025403784438,-0.5,0.));
#12174=DIRECTION('',(0.5,0.866025403784439,0.));
#12175=DIRECTION('',(-0.866025403784438,0.5,0.));
#12176=DIRECTION('',(0.5,0.866025403784438,0.));
#12177=DIRECTION('',(0.866025403784438,-0.5,0.));
#12178=DIRECTION('',(0.5,0.866025403784439,0.));
#12179=DIRECTION('',(-0.866025403784438,0.5,0.));
#12180=DIRECTION('',(0.5,0.866025403784438,0.));
#12181=DIRECTION('',(0.5,0.866025403784439,0.));
#12182=DIRECTION('',(0.,0.,1.));
#12183=DIRECTION('',(1.,0.,0.));
#12184=DIRECTION('',(1.,-1.22464679914735E-16,0.));
#12185=DIRECTION('',(-1.22464679914735E-16,-1.,0.));
#12186=DIRECTION('',(1.,0.,0.));
#12187=DIRECTION('',(1.22464679914735E-16,1.,0.));
#12188=DIRECTION('',(1.,-1.22464679914735E-16,0.));
#12189=DIRECTION('',(-1.22464679914735E-16,-1.,0.));
#12190=DIRECTION('',(1.,0.,0.));
#12191=DIRECTION('',(1.22464679914735E-16,1.,0.));
#12192=DIRECTION('',(1.,-1.22464679914735E-16,0.));
#12193=DIRECTION('',(-1.22464679914735E-16,-1.,0.));
#12194=DIRECTION('',(1.,0.,0.));
#12195=DIRECTION('',(1.22464679914735E-16,1.,0.));
#12196=DIRECTION('',(1.,-1.22464679914735E-16,0.));
#12197=DIRECTION('',(-1.22464679914735E-16,-1.,0.));
#12198=DIRECTION('',(1.,0.,0.));
#12199=DIRECTION('',(1.22464679914735E-16,1.,0.));
#12200=DIRECTION('',(1.,-1.22464679914735E-16,0.));
#12201=DIRECTION('',(-1.22464679914735E-16,-1.,0.));
#12202=DIRECTION('',(1.,0.,0.));
#12203=DIRECTION('',(1.22464679914735E-16,1.,0.));
#12204=DIRECTION('',(1.,-1.22464679914735E-16,0.));
#12205=DIRECTION('',(-1.22464679914735E-16,-1.,0.));
#12206=DIRECTION('',(1.,0.,0.));
#12207=DIRECTION('',(1.22464679914735E-16,1.,0.));
#12208=DIRECTION('',(1.,-1.22464679914735E-16,0.));
#12209=DIRECTION('',(-1.22464679914735E-16,-1.,0.));
#12210=DIRECTION('',(1.,0.,0.));
#12211=DIRECTION('',(1.22464679914735E-16,1.,0.));
#12212=DIRECTION('',(1.,-1.22464679914735E-16,0.));
#12213=DIRECTION('',(-1.22464679914735E-16,-1.,0.));
#12214=DIRECTION('',(1.,0.,0.));
#12215=DIRECTION('',(1.22464679914735E-16,1.,0.));
#12216=DIRECTION('',(1.,-1.22464679914735E-16,0.));
#12217=DIRECTION('',(-1.22464679914735E-16,-1.,0.));
#12218=DIRECTION('',(1.,0.,0.));
#12219=DIRECTION('',(1.22464679914735E-16,1.,0.));
#12220=DIRECTION('',(1.,-1.22464679914735E-16,0.));
#12221=DIRECTION('',(1.,0.,0.));
#12222=DIRECTION('',(0.,0.,1.));
#12223=DIRECTION('',(1.,0.,0.));
#12224=DIRECTION('',(0.5,-0.866025403784439,0.));
#12225=DIRECTION('',(-0.866025403784439,-0.5,0.));
#12226=DIRECTION('',(0.5,-0.866025403784439,0.));
#12227=DIRECTION('',(0.866025403784439,0.5,0.));
#12228=DIRECTION('',(0.5,-0.866025403784439,0.));
#12229=DIRECTION('',(-0.866025403784439,-0.5,0.));
#12230=DIRECTION('',(0.5,-0.866025403784439,0.));
#12231=DIRECTION('',(0.866025403784439,0.5,0.));
#12232=DIRECTION('',(0.5,-0.866025403784439,0.));
#12233=DIRECTION('',(-0.866025403784439,-0.5,0.));
#12234=DIRECTION('',(0.5,-0.866025403784439,0.));
#12235=DIRECTION('',(0.866025403784439,0.5,0.));
#12236=DIRECTION('',(0.5,-0.866025403784439,0.));
#12237=DIRECTION('',(-0.866025403784439,-0.5,0.));
#12238=DIRECTION('',(0.5,-0.866025403784439,0.));
#12239=DIRECTION('',(0.866025403784439,0.5,0.));
#12240=DIRECTION('',(0.5,-0.866025403784439,0.));
#12241=DIRECTION('',(-0.866025403784439,-0.5,0.));
#12242=DIRECTION('',(0.5,-0.866025403784439,0.));
#12243=DIRECTION('',(0.866025403784439,0.5,0.));
#12244=DIRECTION('',(0.5,-0.866025403784439,0.));
#12245=DIRECTION('',(-0.866025403784439,-0.5,0.));
#12246=DIRECTION('',(0.5,-0.866025403784439,0.));
#12247=DIRECTION('',(0.866025403784439,0.5,0.));
#12248=DIRECTION('',(0.5,-0.866025403784439,0.));
#12249=DIRECTION('',(-0.866025403784439,-0.5,0.));
#12250=DIRECTION('',(0.5,-0.866025403784439,0.));
#12251=DIRECTION('',(0.866025403784439,0.5,0.));
#12252=DIRECTION('',(0.5,-0.866025403784439,0.));
#12253=DIRECTION('',(-0.866025403784439,-0.5,0.));
#12254=DIRECTION('',(0.5,-0.866025403784439,0.));
#12255=DIRECTION('',(0.866025403784439,0.5,0.));
#12256=DIRECTION('',(0.5,-0.866025403784439,0.));
#12257=DIRECTION('',(-0.866025403784439,-0.5,0.));
#12258=DIRECTION('',(0.5,-0.866025403784439,0.));
#12259=DIRECTION('',(0.866025403784439,0.5,0.));
#12260=DIRECTION('',(0.5,-0.866025403784439,0.));
#12261=DIRECTION('',(0.5,-0.866025403784439,0.));
#12262=DIRECTION('',(0.,0.,1.));
#12263=DIRECTION('',(1.,0.,0.));
#12264=DIRECTION('',(-0.5,-0.866025403784439,0.));
#12265=DIRECTION('',(-0.866025403784439,0.5,0.));
#12266=DIRECTION('',(-0.5,-0.866025403784439,0.));
#12267=DIRECTION('',(0.866025403784439,-0.5,0.));
#12268=DIRECTION('',(-0.5,-0.866025403784439,0.));
#12269=DIRECTION('',(-0.866025403784439,0.5,0.));
#12270=DIRECTION('',(-0.5,-0.866025403784439,0.));
#12271=DIRECTION('',(0.866025403784439,-0.5,0.));
#12272=DIRECTION('',(-0.5,-0.866025403784439,0.));
#12273=DIRECTION('',(-0.866025403784439,0.5,0.));
#12274=DIRECTION('',(-0.5,-0.866025403784439,0.));
#12275=DIRECTION('',(0.866025403784439,-0.5,0.));
#12276=DIRECTION('',(-0.5,-0.866025403784439,0.));
#12277=DIRECTION('',(-0.866025403784439,0.5,0.));
#12278=DIRECTION('',(-0.5,-0.866025403784439,0.));
#12279=DIRECTION('',(0.866025403784439,-0.5,0.));
#12280=DIRECTION('',(-0.5,-0.866025403784439,0.));
#12281=DIRECTION('',(-0.866025403784439,0.5,0.));
#12282=DIRECTION('',(-0.5,-0.866025403784439,0.));
#12283=DIRECTION('',(0.866025403784439,-0.5,0.));
#12284=DIRECTION('',(-0.5,-0.866025403784439,0.));
#12285=DIRECTION('',(-0.866025403784439,0.5,0.));
#12286=DIRECTION('',(-0.5,-0.866025403784439,0.));
#12287=DIRECTION('',(0.866025403784439,-0.5,0.));
#12288=DIRECTION('',(-0.5,-0.866025403784439,0.));
#12289=DIRECTION('',(-0.866025403784439,0.5,0.));
#12290=DIRECTION('',(-0.5,-0.866025403784439,0.));
#12291=DIRECTION('',(0.866025403784439,-0.5,0.));
#12292=DIRECTION('',(-0.5,-0.866025403784439,0.));
#12293=DIRECTION('',(-0.866025403784439,0.5,0.));
#12294=DIRECTION('',(-0.5,-0.866025403784439,0.));
#12295=DIRECTION('',(0.866025403784439,-0.5,0.));
#12296=DIRECTION('',(-0.5,-0.866025403784439,0.));
#12297=DIRECTION('',(-0.866025403784439,0.5,0.));
#12298=DIRECTION('',(-0.5,-0.866025403784439,0.));
#12299=DIRECTION('',(0.866025403784439,-0.5,0.));
#12300=DIRECTION('',(-0.5,-0.866025403784439,0.));
#12301=DIRECTION('',(-0.5,-0.866025403784439,0.));
#12302=DIRECTION('',(0.,0.,1.));
#12303=DIRECTION('',(1.,0.,0.));
#12304=DIRECTION('',(-1.,0.,0.));
#12305=DIRECTION('',(0.,1.,0.));
#12306=DIRECTION('',(-1.,0.,0.));
#12307=DIRECTION('',(0.,-1.,0.));
#12308=DIRECTION('',(-1.,0.,0.));
#12309=DIRECTION('',(0.,1.,0.));
#12310=DIRECTION('',(-1.,0.,0.));
#12311=DIRECTION('',(0.,-1.,0.));
#12312=DIRECTION('',(-1.,0.,0.));
#12313=DIRECTION('',(0.,1.,0.));
#12314=DIRECTION('',(-1.,0.,0.));
#12315=DIRECTION('',(0.,-1.,0.));
#12316=DIRECTION('',(-1.,0.,0.));
#12317=DIRECTION('',(0.,1.,0.));
#12318=DIRECTION('',(-1.,0.,0.));
#12319=DIRECTION('',(0.,-1.,0.));
#12320=DIRECTION('',(-1.,0.,0.));
#12321=DIRECTION('',(0.,1.,0.));
#12322=DIRECTION('',(-1.,0.,0.));
#12323=DIRECTION('',(0.,-1.,0.));
#12324=DIRECTION('',(-1.,0.,0.));
#12325=DIRECTION('',(0.,1.,0.));
#12326=DIRECTION('',(-1.,0.,0.));
#12327=DIRECTION('',(0.,-1.,0.));
#12328=DIRECTION('',(-1.,0.,0.));
#12329=DIRECTION('',(0.,1.,0.));
#12330=DIRECTION('',(-1.,0.,0.));
#12331=DIRECTION('',(0.,-1.,0.));
#12332=DIRECTION('',(-1.,0.,0.));
#12333=DIRECTION('',(0.,1.,0.));
#12334=DIRECTION('',(-1.,0.,0.));
#12335=DIRECTION('',(0.,-1.,0.));
#12336=DIRECTION('',(-1.,0.,0.));
#12337=DIRECTION('',(0.,1.,0.));
#12338=DIRECTION('',(-1.,0.,0.));
#12339=DIRECTION('',(0.,-1.,0.));
#12340=DIRECTION('',(-1.,0.,0.));
#12341=DIRECTION('',(-1.,0.,0.));
#12342=DIRECTION('',(0.,-1.,0.));
#12343=DIRECTION('',(0.,0.,-1.));
#12344=DIRECTION('',(0.991220203368923,0.,-0.132221437116948));
#12345=DIRECTION('',(0.,0.,-1.));
#12346=DIRECTION('',(-1.,0.,0.));
#12347=DIRECTION('',(0.,0.,-1.));
#12348=DIRECTION('',(-0.866025403784439,-0.5,0.));
#12349=DIRECTION('',(0.5,-0.866025403784439,0.));
#12350=DIRECTION('',(0.,0.,-1.));
#12351=DIRECTION('',(-0.495610101684462,0.858421876861865,0.132221437116948));
#12352=DIRECTION('',(-0.5,0.866025403784439,0.));
#12353=DIRECTION('',(-0.866025403784439,0.5,0.));
#12354=DIRECTION('',(-0.5,-0.866025403784439,0.));
#12355=DIRECTION('',(0.,0.,-1.));
#12356=DIRECTION('',(0.495610101684462,0.858421876861865,0.132221437116948));
#12357=DIRECTION('',(0.5,0.866025403784439,0.));
#12358=DIRECTION('',(0.,0.,1.));
#12359=DIRECTION('',(1.,0.,0.));
#12360=DIRECTION('',(-1.38777878078144E-15,-1.,0.));
#12361=DIRECTION('',(0.5,0.866025403784438,0.));
#12362=DIRECTION('',(0.866025403784439,0.5,0.));
#12363=DIRECTION('',(-1.,0.,0.));
#12364=DIRECTION('',(-0.866025403784439,0.5,0.));
#12365=DIRECTION('',(0.5,-0.866025403784439,0.));
#12366=DIRECTION('',(1.38777878078145E-15,1.,0.));
#12367=DIRECTION('',(-0.5,-0.866025403784439,0.));
#12368=DIRECTION('',(0.866025403784439,0.5,0.));
#12369=DIRECTION('',(1.,0.,0.));
#12370=DIRECTION('',(0.,1.,0.));
#12371=DIRECTION('',(0.866025403784439,0.5,0.));
#12372=DIRECTION('',(0.5,-0.866025403784439,0.));
#12373=DIRECTION('',(-1.,0.,0.));
#12374=DIRECTION('',(-0.5,-0.866025403784439,0.));
#12375=DIRECTION('',(0.5,-0.866025403784439,0.));
#12376=DIRECTION('',(1.,0.,0.));
#12377=DIRECTION('',(0.5,0.866025403784439,0.));
#12378=DIRECTION('',(-0.5,0.866025403784439,0.));
#12379=DIRECTION('',(0.,0.,1.));
#12380=DIRECTION('',(1.,0.,0.));
#12381=DIRECTION('',(-6.25961030200123E-16,-0.939692620785908,-0.342020143325668));
#12382=DIRECTION('',(-2.27831182803452E-16,-0.342020143325668,0.939692620785908));
#12383=DIRECTION('',(-0.813797681349374,-0.469846310392954,-0.342020143325668));
#12384=DIRECTION('',(-0.296198132726024,-0.171010071662834,0.939692620785908));
#12385=DIRECTION('',(-0.813797681349374,0.469846310392954,-0.342020143325668));
#12386=DIRECTION('',(-0.296198132726024,0.171010071662834,0.939692620785909));
#12387=DIRECTION('',(-2.08653676733374E-16,0.939692620785908,-0.342020143325668));
#12388=DIRECTION('',(-7.59437276011507E-17,0.342020143325668,0.939692620785908));
#12389=DIRECTION('',(0.,0.,1.));
#12390=DIRECTION('',(0.,0.,1.));
#12391=DIRECTION('',(1.,0.,0.));
#12392=DIRECTION('',(0.,0.,1.));
#12393=DIRECTION('',(0.,0.,1.));
#12394=DIRECTION('',(1.,0.,0.));
#12395=DIRECTION('',(-0.813797681349374,-0.469846310392954,-0.342020143325668));
#12396=DIRECTION('',(-0.296198132726024,-0.171010071662834,0.939692620785908));
#12397=DIRECTION('',(-0.813797681349374,0.469846310392955,-0.342020143325668));
#12398=DIRECTION('',(-0.296198132726024,0.171010071662834,0.939692620785908));
#12399=DIRECTION('',(0.,0.939692620785908,-0.342020143325668));
#12400=DIRECTION('',(0.,0.342020143325668,0.939692620785908));
#12401=DIRECTION('',(0.813797681349374,0.469846310392955,-0.342020143325668));
#12402=DIRECTION('',(0.296198132726024,0.171010071662834,0.939692620785909));
#12403=DIRECTION('',(0.,0.,1.));
#12404=DIRECTION('',(0.,0.,1.));
#12405=DIRECTION('',(1.,0.,0.));
#12406=DIRECTION('',(0.,0.,1.));
#12407=DIRECTION('',(-0.866025403784439,-0.5,0.));
#12408=DIRECTION('',(0.5,-0.866025403784439,0.));
#12409=DIRECTION('',(0.,0.,1.));
#12410=DIRECTION('',(0.193724626205287,-0.335540895264848,0.921891033043757));
#12411=DIRECTION('',(0.5,-0.866025403784439,0.));
#12412=DIRECTION('',(0.,0.,-1.));
#12413=DIRECTION('',(0.,0.,-1.));
#12414=DIRECTION('',(-0.5,0.866025403784439,0.));
#12415=DIRECTION('',(0.,0.,-1.));
#12416=DIRECTION('',(0.,0.,-1.));
#12417=DIRECTION('',(-0.5,0.866025403784439,0.));
#12418=DIRECTION('',(0.,0.,-1.));
#12419=DIRECTION('',(0.,0.,-1.));
#12420=DIRECTION('',(-0.5,0.866025403784439,0.));
#12421=DIRECTION('',(0.,0.,-1.));
#12422=DIRECTION('',(0.,0.,-1.));
#12423=DIRECTION('',(-0.5,0.866025403784439,0.));
#12424=DIRECTION('',(0.,0.,-1.));
#12425=DIRECTION('',(0.,0.,-1.));
#12426=DIRECTION('',(-0.5,0.866025403784439,0.));
#12427=DIRECTION('',(0.,0.,-1.));
#12428=DIRECTION('',(0.,0.,-1.));
#12429=DIRECTION('',(-0.5,0.866025403784439,0.));
#12430=DIRECTION('',(0.,0.,-1.));
#12431=DIRECTION('',(0.,0.,-1.));
#12432=DIRECTION('',(-0.5,0.866025403784439,0.));
#12433=DIRECTION('',(0.,0.,-1.));
#12434=DIRECTION('',(0.,0.,-1.));
#12435=DIRECTION('',(-0.5,0.866025403784439,0.));
#12436=DIRECTION('',(0.,0.,-1.));
#12437=DIRECTION('',(0.,0.,-1.));
#12438=DIRECTION('',(-0.5,0.866025403784439,0.));
#12439=DIRECTION('',(-0.193724626205287,0.335540895264848,0.921891033043757));
#12440=DIRECTION('',(0.,0.,1.));
#12441=DIRECTION('',(-0.5,0.866025403784439,0.));
#12442=DIRECTION('',(0.,-1.,0.));
#12443=DIRECTION('',(0.,0.,-1.));
#12444=DIRECTION('',(-1.,0.,0.));
#12445=DIRECTION('',(-0.387449252410576,3.66043487257818E-16,0.921891033043757));
#12446=DIRECTION('',(0.,0.,1.));
#12447=DIRECTION('',(-1.,0.,0.));
#12448=DIRECTION('',(0.387449252410576,-6.69202508601237E-17,0.921891033043757));
#12449=DIRECTION('',(1.,0.,0.));
#12450=DIRECTION('',(0.,0.,-1.));
#12451=DIRECTION('',(0.,0.,-1.));
#12452=DIRECTION('',(-1.,0.,0.));
#12453=DIRECTION('',(0.,0.,-1.));
#12454=DIRECTION('',(0.,0.,-1.));
#12455=DIRECTION('',(-1.,0.,0.));
#12456=DIRECTION('',(0.,0.,-1.));
#12457=DIRECTION('',(0.,0.,-1.));
#12458=DIRECTION('',(-1.,0.,0.));
#12459=DIRECTION('',(0.,0.,-1.));
#12460=DIRECTION('',(0.,0.,-1.));
#12461=DIRECTION('',(-1.,0.,0.));
#12462=DIRECTION('',(0.,0.,-1.));
#12463=DIRECTION('',(0.,0.,-1.));
#12464=DIRECTION('',(-1.,0.,0.));
#12465=DIRECTION('',(0.,0.,-1.));
#12466=DIRECTION('',(0.,0.,-1.));
#12467=DIRECTION('',(-1.,0.,0.));
#12468=DIRECTION('',(0.,0.,-1.));
#12469=DIRECTION('',(0.,0.,-1.));
#12470=DIRECTION('',(-1.,0.,0.));
#12471=DIRECTION('',(0.,0.,-1.));
#12472=DIRECTION('',(0.,0.,-1.));
#12473=DIRECTION('',(-1.,0.,0.));
#12474=DIRECTION('',(0.,0.,-1.));
#12475=DIRECTION('',(0.,0.,-1.));
#12476=DIRECTION('',(0.866025403784439,-0.5,0.));
#12477=DIRECTION('',(0.5,0.866025403784439,0.));
#12478=DIRECTION('',(0.193724626205288,0.335540895264847,0.921891033043757));
#12479=DIRECTION('',(0.5,0.866025403784439,0.));
#12480=DIRECTION('',(0.,0.,-1.));
#12481=DIRECTION('',(0.,0.,-1.));
#12482=DIRECTION('',(-0.5,-0.866025403784439,0.));
#12483=DIRECTION('',(0.,0.,-1.));
#12484=DIRECTION('',(0.,0.,-1.));
#12485=DIRECTION('',(-0.5,-0.866025403784439,0.));
#12486=DIRECTION('',(0.,0.,-1.));
#12487=DIRECTION('',(0.,0.,-1.));
#12488=DIRECTION('',(-0.5,-0.866025403784439,0.));
#12489=DIRECTION('',(0.,0.,-1.));
#12490=DIRECTION('',(0.,0.,-1.));
#12491=DIRECTION('',(-0.5,-0.866025403784439,0.));
#12492=DIRECTION('',(0.,0.,-1.));
#12493=DIRECTION('',(0.,0.,-1.));
#12494=DIRECTION('',(-0.5,-0.866025403784439,0.));
#12495=DIRECTION('',(0.,0.,-1.));
#12496=DIRECTION('',(0.,0.,-1.));
#12497=DIRECTION('',(-0.5,-0.866025403784439,0.));
#12498=DIRECTION('',(0.,0.,-1.));
#12499=DIRECTION('',(0.,0.,-1.));
#12500=DIRECTION('',(-0.5,-0.866025403784439,0.));
#12501=DIRECTION('',(0.,0.,-1.));
#12502=DIRECTION('',(0.,0.,-1.));
#12503=DIRECTION('',(-0.5,-0.866025403784439,0.));
#12504=DIRECTION('',(0.,0.,-1.));
#12505=DIRECTION('',(0.,0.,-1.));
#12506=DIRECTION('',(-0.5,-0.866025403784439,0.));
#12507=DIRECTION('',(-0.193724626205288,-0.335540895264847,0.921891033043757));
#12508=DIRECTION('',(-0.5,-0.866025403784439,0.));
#12509=DIRECTION('',(0.866025403784439,0.5,0.));
#12510=DIRECTION('',(-0.5,0.866025403784439,0.));
#12511=DIRECTION('',(0.,0.,1.));
#12512=DIRECTION('',(-0.193724626205287,0.335540895264848,0.921891033043757));
#12513=DIRECTION('',(-0.5,0.866025403784439,0.));
#12514=DIRECTION('',(0.,0.,-1.));
#12515=DIRECTION('',(0.,0.,-1.));
#12516=DIRECTION('',(0.5,-0.866025403784439,0.));
#12517=DIRECTION('',(0.,0.,-1.));
#12518=DIRECTION('',(0.,0.,-1.));
#12519=DIRECTION('',(0.5,-0.866025403784439,0.));
#12520=DIRECTION('',(0.,0.,-1.));
#12521=DIRECTION('',(0.,0.,-1.));
#12522=DIRECTION('',(0.5,-0.866025403784439,0.));
#12523=DIRECTION('',(0.,0.,-1.));
#12524=DIRECTION('',(0.,0.,-1.));
#12525=DIRECTION('',(0.5,-0.866025403784439,0.));
#12526=DIRECTION('',(0.,0.,-1.));
#12527=DIRECTION('',(0.,0.,-1.));
#12528=DIRECTION('',(0.5,-0.866025403784439,0.));
#12529=DIRECTION('',(0.,0.,-1.));
#12530=DIRECTION('',(0.,0.,-1.));
#12531=DIRECTION('',(0.5,-0.866025403784439,0.));
#12532=DIRECTION('',(0.,0.,-1.));
#12533=DIRECTION('',(0.,0.,-1.));
#12534=DIRECTION('',(0.5,-0.866025403784439,0.));
#12535=DIRECTION('',(0.,0.,-1.));
#12536=DIRECTION('',(0.,0.,-1.));
#12537=DIRECTION('',(0.5,-0.866025403784439,0.));
#12538=DIRECTION('',(0.,0.,-1.));
#12539=DIRECTION('',(0.,0.,-1.));
#12540=DIRECTION('',(0.5,-0.866025403784439,0.));
#12541=DIRECTION('',(0.193724626205287,-0.335540895264848,0.921891033043757));
#12542=DIRECTION('',(0.5,-0.866025403784439,0.));
#12543=DIRECTION('',(0.,1.,0.));
#12544=DIRECTION('',(0.,0.,1.));
#12545=DIRECTION('',(0.,0.,1.));
#12546=DIRECTION('',(-0.387449252410576,1.02398268763047E-16,0.921891033043757));
#12547=DIRECTION('',(-1.,1.22464679914735E-16,0.));
#12548=DIRECTION('',(0.,0.,-1.));
#12549=DIRECTION('',(0.,0.,-1.));
#12550=DIRECTION('',(1.,-1.22464679914735E-16,0.));
#12551=DIRECTION('',(0.,0.,-1.));
#12552=DIRECTION('',(0.,0.,-1.));
#12553=DIRECTION('',(1.,-1.22464679914735E-16,0.));
#12554=DIRECTION('',(0.,0.,-1.));
#12555=DIRECTION('',(0.,0.,-1.));
#12556=DIRECTION('',(1.,-1.22464679914735E-16,0.));
#12557=DIRECTION('',(0.,0.,-1.));
#12558=DIRECTION('',(0.,0.,-1.));
#12559=DIRECTION('',(1.,-1.22464679914735E-16,0.));
#12560=DIRECTION('',(0.,0.,-1.));
#12561=DIRECTION('',(0.,0.,-1.));
#12562=DIRECTION('',(1.,-1.22464679914735E-16,0.));
#12563=DIRECTION('',(0.,0.,-1.));
#12564=DIRECTION('',(0.,0.,-1.));
#12565=DIRECTION('',(1.,-1.22464679914735E-16,0.));
#12566=DIRECTION('',(0.,0.,-1.));
#12567=DIRECTION('',(0.,0.,-1.));
#12568=DIRECTION('',(1.,-1.22464679914735E-16,0.));
#12569=DIRECTION('',(0.,0.,-1.));
#12570=DIRECTION('',(0.,0.,-1.));
#12571=DIRECTION('',(1.,-1.22464679914735E-16,0.));
#12572=DIRECTION('',(0.,0.,-1.));
#12573=DIRECTION('',(0.,0.,-1.));
#12574=DIRECTION('',(1.,-1.22464679914735E-16,0.));
#12575=DIRECTION('',(0.387449252410576,-2.32202985537571E-16,0.921891033043757));
#12576=DIRECTION('',(0.,0.,1.));
#12577=DIRECTION('',(1.,0.,0.));
#12578=DIRECTION('',(-0.866025403784439,0.5,0.));
#12579=DIRECTION('',(-0.5,-0.866025403784439,0.));
#12580=DIRECTION('',(0.,0.,1.));
#12581=DIRECTION('',(-0.193724626205288,-0.335540895264847,0.921891033043757));
#12582=DIRECTION('',(-0.5,-0.866025403784438,0.));
#12583=DIRECTION('',(0.,0.,-1.));
#12584=DIRECTION('',(0.,0.,-1.));
#12585=DIRECTION('',(0.5,0.866025403784438,0.));
#12586=DIRECTION('',(0.,0.,-1.));
#12587=DIRECTION('',(0.,0.,-1.));
#12588=DIRECTION('',(0.5,0.866025403784438,0.));
#12589=DIRECTION('',(0.,0.,-1.));
#12590=DIRECTION('',(0.,0.,-1.));
#12591=DIRECTION('',(0.5,0.866025403784438,0.));
#12592=DIRECTION('',(0.,0.,-1.));
#12593=DIRECTION('',(0.,0.,-1.));
#12594=DIRECTION('',(0.5,0.866025403784438,0.));
#12595=DIRECTION('',(0.,0.,-1.));
#12596=DIRECTION('',(0.,0.,-1.));
#12597=DIRECTION('',(0.5,0.866025403784438,0.));
#12598=DIRECTION('',(0.,0.,-1.));
#12599=DIRECTION('',(0.,0.,-1.));
#12600=DIRECTION('',(0.5,0.866025403784438,0.));
#12601=DIRECTION('',(0.,0.,-1.));
#12602=DIRECTION('',(0.,0.,-1.));
#12603=DIRECTION('',(0.5,0.866025403784438,0.));
#12604=DIRECTION('',(0.,0.,-1.));
#12605=DIRECTION('',(0.,0.,-1.));
#12606=DIRECTION('',(0.5,0.866025403784438,0.));
#12607=DIRECTION('',(0.,0.,-1.));
#12608=DIRECTION('',(0.,0.,-1.));
#12609=DIRECTION('',(0.5,0.866025403784438,0.));
#12610=DIRECTION('',(0.193724626205288,0.335540895264847,0.921891033043757));
#12611=DIRECTION('',(0.,0.,1.));
#12612=DIRECTION('',(0.5,0.866025403784439,0.));
#12613=DIRECTION('',(0.,0.,1.));
#12614=DIRECTION('',(1.,0.,0.));
#12615=DIRECTION('',(0.,0.,1.));
#12616=DIRECTION('',(1.,0.,0.));
#12617=DIRECTION('',(0.,0.,1.));
#12618=DIRECTION('',(1.,0.,0.));
#12619=DIRECTION('',(0.,0.,1.));
#12620=DIRECTION('',(1.,0.,0.));
#12621=DIRECTION('',(0.,0.,1.));
#12622=DIRECTION('',(1.,0.,0.));
#12623=DIRECTION('',(0.,0.,1.));
#12624=DIRECTION('',(1.,0.,0.));
#12625=DIRECTION('',(9.91104964483528E-16,0.939692620785908,-0.342020143325668));
#12626=DIRECTION('',(3.60732706105466E-16,0.342020143325668,0.939692620785908));
#12627=DIRECTION('',(0.813797681349374,0.469846310392954,-0.342020143325668));
#12628=DIRECTION('',(0.296198132726024,0.171010071662834,0.939692620785908));
#12629=DIRECTION('',(0.813797681349374,-0.469846310392955,-0.342020143325668));
#12630=DIRECTION('',(0.296198132726024,-0.171010071662834,0.939692620785908));
#12631=DIRECTION('',(-1.56490257550031E-16,-0.939692620785908,-0.342020143325668));
#12632=DIRECTION('',(-5.6957795700863E-17,-0.342020143325668,0.939692620785908));
#12633=DIRECTION('',(0.,0.,1.));
#12634=DIRECTION('',(1.,0.,0.));
#12635=DIRECTION('',(0.813797681349374,0.469846310392954,-0.342020143325668));
#12636=DIRECTION('',(0.296198132726024,0.171010071662834,0.939692620785908));
#12637=DIRECTION('',(0.813797681349374,-0.469846310392955,-0.342020143325668));
#12638=DIRECTION('',(0.296198132726024,-0.171010071662834,0.939692620785908));
#12639=DIRECTION('',(-1.15079156022785E-16,-0.939692620785908,-0.342020143325668));
#12640=DIRECTION('',(-4.18853873767699E-17,-0.342020143325668,0.939692620785908));
#12641=DIRECTION('',(-0.813797681349374,-0.469846310392954,-0.342020143325668));
#12642=DIRECTION('',(-0.296198132726024,-0.171010071662834,0.939692620785909));
#12643=DIRECTION('',(0.,0.,1.));
#12644=DIRECTION('',(1.,0.,0.));
#12645=DIRECTION('',(0.813797681349373,-0.469846310392955,-0.342020143325668));
#12646=DIRECTION('',(0.296198132726024,-0.171010071662834,0.939692620785908));
#12647=DIRECTION('',(-6.25961030200123E-16,-0.939692620785908,-0.342020143325668));
#12648=DIRECTION('',(-2.27831182803452E-16,-0.342020143325668,0.939692620785908));
#12649=DIRECTION('',(-0.813797681349374,-0.469846310392954,-0.342020143325668));
#12650=DIRECTION('',(-0.296198132726024,-0.171010071662834,0.939692620785909));
#12651=DIRECTION('',(-0.813797681349374,0.469846310392954,-0.342020143325668));
#12652=DIRECTION('',(-0.296198132726024,0.171010071662834,0.939692620785908));
#12653=DIRECTION('',(0.,0.,1.));
#12654=DIRECTION('',(1.,0.,0.));
#12655=DIRECTION('',(-0.813797681349373,0.469846310392955,-0.342020143325668));
#12656=DIRECTION('',(-0.296198132726024,0.171010071662834,0.939692620785908));
#12657=DIRECTION('',(1.14759522203356E-15,0.939692620785908,-0.342020143325668));
#12658=DIRECTION('',(4.17690501806329E-16,0.342020143325668,0.939692620785908));
#12659=DIRECTION('',(0.813797681349374,0.469846310392954,-0.342020143325668));
#12660=DIRECTION('',(0.296198132726024,0.171010071662834,0.939692620785908));
#12661=DIRECTION('',(0.813797681349374,-0.469846310392955,-0.342020143325668));
#12662=DIRECTION('',(0.296198132726024,-0.171010071662834,0.939692620785908));
#12663=DIRECTION('',(0.,-1.,0.));
#12664=DIRECTION('',(0.,0.,-1.));
#12665=DIRECTION('',(-0.866025403784439,-0.5,0.));
#12666=DIRECTION('',(0.5,-0.866025403784439,0.));
#12667=DIRECTION('',(0.866025403784439,-0.5,0.));
#12668=DIRECTION('',(0.5,0.866025403784439,0.));
#12669=DIRECTION('',(0.866025403784439,0.5,0.));
#12670=DIRECTION('',(-0.5,0.866025403784439,0.));
#12671=DIRECTION('',(0.,1.,0.));
#12672=DIRECTION('',(0.,0.,1.));
#12673=DIRECTION('',(-0.866025403784439,0.5,0.));
#12674=DIRECTION('',(-0.5,-0.866025403784439,0.));
#12675=DIRECTION('',(0.866025403784439,-0.5,0.));
#12676=DIRECTION('',(0.5,0.866025403784439,0.));
#12677=DIRECTION('',(-0.495610101684462,-0.858421876861865,0.132221437116948));
#12678=DIRECTION('',(0.,0.,-1.));
#12679=DIRECTION('',(-0.5,-0.866025403784439,0.));
#12680=DIRECTION('',(0.866025403784439,0.5,0.));
#12681=DIRECTION('',(-0.5,0.866025403784439,0.));
#12682=DIRECTION('',(0.495610101684461,-0.858421876861865,0.132221437116947));
#12683=DIRECTION('',(0.5,-0.866025403784439,0.));
#12684=DIRECTION('',(0.,1.,0.));
#12685=DIRECTION('',(0.,0.,1.));
#12686=DIRECTION('',(0.,0.,-1.));
#12687=DIRECTION('',(0.991220203368923,0.,0.132221437116948));
#12688=DIRECTION('',(1.,0.,0.));
#12689=DIRECTION('',(0.,0.,1.));
#12690=DIRECTION('',(1.,0.,0.));
#12691=DIRECTION('',(-0.132221437116948,0.,0.991220203368923));
#12692=DIRECTION('',(0.991220203368923,0.,0.132221437116948));
#12693=DIRECTION('',(0.991220203368923,0.,0.132221437116948));
#12694=DIRECTION('',(0.,1.,0.));
#12695=DIRECTION('',(0.,-1.,0.));
#12696=DIRECTION('',(1.,0.,0.));
#12697=DIRECTION('',(0.,0.,-1.));
#12698=DIRECTION('',(-0.0661107185584739,-0.114507123468163,0.991220203368923));
#12699=DIRECTION('',(0.,-0.993393456775019,-0.114758180695663));
#12700=DIRECTION('',(-0.866025403784439,0.5,0.));
#12701=DIRECTION('',(0.495610101684462,0.858421876861865,0.132221437116948));
#12702=DIRECTION('',(-0.866025403784439,0.5,0.));
#12703=DIRECTION('',(0.866025403784439,-0.5,0.));
#12704=DIRECTION('',(0.5,0.866025403784439,0.));
#12705=DIRECTION('',(0.,0.,1.));
#12706=DIRECTION('',(0.,0.,-1.));
#12707=DIRECTION('',(0.0661107185584739,-0.114507123468163,0.991220203368923));
#12708=DIRECTION('',(0.,-0.993393456775019,-0.114758180695663));
#12709=DIRECTION('',(-0.866025403784439,-0.5,0.));
#12710=DIRECTION('',(-0.495610101684462,0.858421876861865,0.132221437116948));
#12711=DIRECTION('',(-0.866025403784439,-0.5,0.));
#12712=DIRECTION('',(0.866025403784439,0.5,0.));
#12713=DIRECTION('',(-0.5,0.866025403784439,0.));
#12714=DIRECTION('',(6.94197808563407E-17,-1.20238587493479E-16,1.));
#12715=DIRECTION('',(0.,0.,-1.));
#12716=DIRECTION('',(-0.132221437116948,0.,-0.991220203368923));
#12717=DIRECTION('',(-0.991220203368923,0.,0.132221437116948));
#12718=DIRECTION('',(0.,-1.,0.));
#12719=DIRECTION('',(0.991220203368923,0.,-0.132221437116948));
#12720=DIRECTION('',(0.,-1.,0.));
#12721=DIRECTION('',(0.,1.,0.));
#12722=DIRECTION('',(-1.,0.,0.));
#12723=DIRECTION('',(0.,0.,1.));
#12724=DIRECTION('',(0.,0.,-1.));
#12725=DIRECTION('',(0.0661107185584739,0.114507123468163,0.991220203368923));
#12726=DIRECTION('',(0.,-0.993393456775019,0.114758180695663));
#12727=DIRECTION('',(0.866025403784439,-0.5,0.));
#12728=DIRECTION('',(-0.495610101684462,-0.858421876861865,0.132221437116948));
#12729=DIRECTION('',(0.866025403784439,-0.5,0.));
#12730=DIRECTION('',(-0.866025403784439,0.5,0.));
#12731=DIRECTION('',(-0.5,-0.866025403784439,0.));
#12732=DIRECTION('',(0.,0.,1.));
#12733=DIRECTION('',(0.,0.,-1.));
#12734=DIRECTION('',(-0.0661107185584738,0.114507123468163,0.991220203368923));
#12735=DIRECTION('',(0.,-0.993393456775019,0.114758180695663));
#12736=DIRECTION('',(0.866025403784439,0.5,0.));
#12737=DIRECTION('',(0.495610101684461,-0.858421876861865,0.132221437116947));
#12738=DIRECTION('',(0.866025403784439,0.5,0.));
#12739=DIRECTION('',(0.5,-0.866025403784439,0.));
#12740=DIRECTION('',(0.866025403784439,0.5,0.));
#12741=DIRECTION('',(0.,0.,-1.));
#12742=DIRECTION('',(-0.866025403784439,-0.5,0.));
#12743=DIRECTION('',(0.5,-0.866025403784439,0.));
#12744=DIRECTION('',(0.,0.,1.));
#12745=DIRECTION('',(0.,0.,-1.));
#12746=DIRECTION('',(1.,0.,0.));
#12747=DIRECTION('',(0.866025403784439,0.5,0.));
#12748=DIRECTION('',(0.5,-0.866025403784439,0.));
#12749=DIRECTION('',(0.866025403784439,0.5,0.));
#12750=DIRECTION('',(-6.94197808563407E-17,1.20238587493479E-16,-1.));
#12751=DIRECTION('',(1.,8.34693639427329E-33,-6.94197808563407E-17));
#12752=DIRECTION('',(1.38777878078145E-15,1.,1.20238587493479E-16));
#12753=DIRECTION('',(1.,-1.38777878078145E-15,-6.94197808563409E-17));
#12754=DIRECTION('',(1.38777878078145E-15,1.,0.));
#12755=DIRECTION('',(0.,0.,-1.));
#12756=DIRECTION('',(1.,0.,0.));
#12757=DIRECTION('',(-0.866025403784439,0.5,0.));
#12758=DIRECTION('',(0.5,0.866025403784438,0.));
#12759=DIRECTION('',(-0.866025403784439,0.5,0.));
#12760=DIRECTION('',(0.,0.,-1.));
#12761=DIRECTION('',(1.,0.,0.));
#12762=DIRECTION('',(0.866025403784439,0.5,0.));
#12763=DIRECTION('',(0.5,-0.866025403784439,0.));
#12764=DIRECTION('',(0.866025403784439,0.5,0.));
#12765=DIRECTION('',(0.,0.,-1.));
#12766=DIRECTION('',(1.,0.,0.));
#12767=DIRECTION('',(-1.38777878078144E-15,-1.,0.));
#12768=DIRECTION('',(-1.,1.38777878078144E-15,0.));
#12769=DIRECTION('',(-1.38777878078144E-15,-1.,0.));
#12770=DIRECTION('',(1.,0.,0.));
#12771=DIRECTION('',(0.,0.,-1.));
#12772=DIRECTION('',(0.,-1.,0.));
#12773=DIRECTION('',(0.,0.,-1.));
#12774=DIRECTION('',(-1.,0.,0.));
#12775=DIRECTION('',(0.,0.,1.));
#12776=DIRECTION('',(0.,0.,-1.));
#12777=DIRECTION('',(0.,1.,0.));
#12778=DIRECTION('',(0.,-1.,0.));
#12779=DIRECTION('',(0.,0.,-1.));
#12780=DIRECTION('',(-1.,0.,0.));
#12781=DIRECTION('',(0.,0.,1.));
#12782=DIRECTION('',(1.,0.,0.));
#12783=DIRECTION('',(1.,0.,0.));
#12784=DIRECTION('',(0.,0.,-1.));
#12785=DIRECTION('',(0.,-1.,0.));
#12786=DIRECTION('',(0.,0.,-1.));
#12787=DIRECTION('',(-1.,0.,0.));
#12788=DIRECTION('',(0.,0.,1.));
#12789=DIRECTION('',(0.,0.,-1.));
#12790=DIRECTION('',(0.,1.,0.));
#12791=DIRECTION('',(0.,-1.,0.));
#12792=DIRECTION('',(0.,0.,-1.));
#12793=DIRECTION('',(-1.,0.,0.));
#12794=DIRECTION('',(0.,0.,1.));
#12795=DIRECTION('',(1.,0.,0.));
#12796=DIRECTION('',(1.,0.,0.));
#12797=DIRECTION('',(0.,0.,-1.));
#12798=DIRECTION('',(0.,-1.,0.));
#12799=DIRECTION('',(0.,0.,-1.));
#12800=DIRECTION('',(-1.,0.,0.));
#12801=DIRECTION('',(0.,0.,1.));
#12802=DIRECTION('',(0.,0.,-1.));
#12803=DIRECTION('',(0.,1.,0.));
#12804=DIRECTION('',(0.,-1.,0.));
#12805=DIRECTION('',(0.,0.,-1.));
#12806=DIRECTION('',(-1.,0.,0.));
#12807=DIRECTION('',(0.,0.,1.));
#12808=DIRECTION('',(1.,0.,0.));
#12809=DIRECTION('',(1.,0.,0.));
#12810=DIRECTION('',(0.,0.,-1.));
#12811=DIRECTION('',(0.,-1.,0.));
#12812=DIRECTION('',(0.,0.,-1.));
#12813=DIRECTION('',(-1.,0.,0.));
#12814=DIRECTION('',(0.,0.,1.));
#12815=DIRECTION('',(0.,0.,-1.));
#12816=DIRECTION('',(0.,1.,0.));
#12817=DIRECTION('',(0.,-1.,0.));
#12818=DIRECTION('',(0.,0.,-1.));
#12819=DIRECTION('',(-1.,0.,0.));
#12820=DIRECTION('',(0.,0.,1.));
#12821=DIRECTION('',(1.,0.,0.));
#12822=DIRECTION('',(1.,0.,0.));
#12823=DIRECTION('',(0.,0.,-1.));
#12824=DIRECTION('',(0.,-1.,0.));
#12825=DIRECTION('',(0.,0.,-1.));
#12826=DIRECTION('',(-1.,0.,0.));
#12827=DIRECTION('',(0.,0.,1.));
#12828=DIRECTION('',(0.,0.,-1.));
#12829=DIRECTION('',(0.,1.,0.));
#12830=DIRECTION('',(0.,-1.,0.));
#12831=DIRECTION('',(0.,0.,-1.));
#12832=DIRECTION('',(-1.,0.,0.));
#12833=DIRECTION('',(0.,0.,1.));
#12834=DIRECTION('',(1.,0.,0.));
#12835=DIRECTION('',(1.,0.,0.));
#12836=DIRECTION('',(0.,0.,-1.));
#12837=DIRECTION('',(0.,-1.,0.));
#12838=DIRECTION('',(0.,0.,-1.));
#12839=DIRECTION('',(-1.,0.,0.));
#12840=DIRECTION('',(0.,0.,1.));
#12841=DIRECTION('',(0.,0.,-1.));
#12842=DIRECTION('',(0.,1.,0.));
#12843=DIRECTION('',(0.,-1.,0.));
#12844=DIRECTION('',(0.,0.,-1.));
#12845=DIRECTION('',(-1.,0.,0.));
#12846=DIRECTION('',(0.,0.,1.));
#12847=DIRECTION('',(1.,0.,0.));
#12848=DIRECTION('',(1.,0.,0.));
#12849=DIRECTION('',(0.,0.,-1.));
#12850=DIRECTION('',(0.,-1.,0.));
#12851=DIRECTION('',(0.,0.,-1.));
#12852=DIRECTION('',(-1.,0.,0.));
#12853=DIRECTION('',(0.,0.,1.));
#12854=DIRECTION('',(0.,0.,-1.));
#12855=DIRECTION('',(0.,1.,0.));
#12856=DIRECTION('',(0.,-1.,0.));
#12857=DIRECTION('',(0.,0.,-1.));
#12858=DIRECTION('',(-1.,0.,0.));
#12859=DIRECTION('',(0.,0.,1.));
#12860=DIRECTION('',(1.,0.,0.));
#12861=DIRECTION('',(1.,0.,0.));
#12862=DIRECTION('',(0.,0.,-1.));
#12863=DIRECTION('',(0.,-1.,0.));
#12864=DIRECTION('',(0.,0.,-1.));
#12865=DIRECTION('',(-1.,0.,0.));
#12866=DIRECTION('',(0.,0.,1.));
#12867=DIRECTION('',(0.,0.,-1.));
#12868=DIRECTION('',(0.,1.,0.));
#12869=DIRECTION('',(0.,-1.,0.));
#12870=DIRECTION('',(0.,0.,-1.));
#12871=DIRECTION('',(-1.,0.,0.));
#12872=DIRECTION('',(0.,0.,1.));
#12873=DIRECTION('',(1.,0.,0.));
#12874=DIRECTION('',(0.,-1.,0.));
#12875=DIRECTION('',(0.,0.,-1.));
#12876=DIRECTION('',(-1.,0.,0.));
#12877=DIRECTION('',(0.,0.,-1.));
#12878=DIRECTION('',(-1.,0.,0.));
#12879=DIRECTION('',(0.,0.,1.));
#12880=DIRECTION('',(0.,1.,0.));
#12881=DIRECTION('',(0.,0.,1.));
#12882=DIRECTION('',(1.,0.,0.));
#12883=DIRECTION('',(0.5,-0.866025403784439,0.));
#12884=DIRECTION('',(0.,-1.,0.));
#12885=DIRECTION('',(0.,0.,-1.));
#12886=DIRECTION('',(0.,0.,-1.));
#12887=DIRECTION('',(-1.,0.,0.));
#12888=DIRECTION('',(1.,0.,0.));
#12889=DIRECTION('',(0.,0.,-1.));
#12890=DIRECTION('',(0.,-1.,0.));
#12891=DIRECTION('',(0.,0.,1.));
#12892=DIRECTION('',(1.,0.,0.));
#12893=DIRECTION('',(0.5,0.866025403784438,0.));
#12894=DIRECTION('',(0.5,0.866025403784439,0.));
#12895=DIRECTION('',(-0.866025403784439,0.5,0.));
#12896=DIRECTION('',(0.866025403784439,-0.5,0.));
#12897=DIRECTION('',(0.,0.,-1.));
#12898=DIRECTION('',(-0.5,-0.866025403784439,0.));
#12899=DIRECTION('',(0.866025403784439,-0.5,0.));
#12900=DIRECTION('',(0.,0.,-1.));
#12901=DIRECTION('',(-0.866025403784439,0.5,0.));
#12902=DIRECTION('',(0.866025403784439,-0.5,0.));
#12903=DIRECTION('',(0.5,0.866025403784439,0.));
#12904=DIRECTION('',(-0.5,-0.866025403784439,0.));
#12905=DIRECTION('',(0.,0.,1.));
#12906=DIRECTION('',(0.5,0.866025403784439,0.));
#12907=DIRECTION('',(0.5,0.866025403784439,0.));
#12908=DIRECTION('',(-0.866025403784439,0.5,0.));
#12909=DIRECTION('',(0.866025403784439,-0.5,0.));
#12910=DIRECTION('',(0.,0.,-1.));
#12911=DIRECTION('',(-0.5,-0.866025403784439,0.));
#12912=DIRECTION('',(0.866025403784439,-0.5,0.));
#12913=DIRECTION('',(0.,0.,-1.));
#12914=DIRECTION('',(-0.866025403784439,0.5,0.));
#12915=DIRECTION('',(0.866025403784439,-0.5,0.));
#12916=DIRECTION('',(0.5,0.866025403784439,0.));
#12917=DIRECTION('',(-0.5,-0.866025403784439,0.));
#12918=DIRECTION('',(0.,0.,1.));
#12919=DIRECTION('',(0.5,0.866025403784439,0.));
#12920=DIRECTION('',(0.5,0.866025403784439,0.));
#12921=DIRECTION('',(-0.866025403784439,0.5,0.));
#12922=DIRECTION('',(0.866025403784439,-0.5,0.));
#12923=DIRECTION('',(0.,0.,-1.));
#12924=DIRECTION('',(-0.5,-0.866025403784439,0.));
#12925=DIRECTION('',(0.866025403784439,-0.5,0.));
#12926=DIRECTION('',(0.,0.,-1.));
#12927=DIRECTION('',(-0.866025403784439,0.5,0.));
#12928=DIRECTION('',(0.866025403784439,-0.5,0.));
#12929=DIRECTION('',(0.5,0.866025403784439,0.));
#12930=DIRECTION('',(-0.5,-0.866025403784439,0.));
#12931=DIRECTION('',(0.,0.,1.));
#12932=DIRECTION('',(0.5,0.866025403784439,0.));
#12933=DIRECTION('',(0.5,0.866025403784439,0.));
#12934=DIRECTION('',(-0.866025403784439,0.5,0.));
#12935=DIRECTION('',(0.866025403784439,-0.5,0.));
#12936=DIRECTION('',(0.,0.,-1.));
#12937=DIRECTION('',(-0.5,-0.866025403784439,0.));
#12938=DIRECTION('',(0.866025403784439,-0.5,0.));
#12939=DIRECTION('',(0.,0.,-1.));
#12940=DIRECTION('',(-0.866025403784439,0.5,0.));
#12941=DIRECTION('',(0.866025403784439,-0.5,0.));
#12942=DIRECTION('',(0.5,0.866025403784439,0.));
#12943=DIRECTION('',(-0.5,-0.866025403784439,0.));
#12944=DIRECTION('',(0.,0.,1.));
#12945=DIRECTION('',(0.5,0.866025403784439,0.));
#12946=DIRECTION('',(0.5,0.866025403784439,0.));
#12947=DIRECTION('',(-0.866025403784439,0.5,0.));
#12948=DIRECTION('',(0.866025403784439,-0.5,0.));
#12949=DIRECTION('',(0.,0.,-1.));
#12950=DIRECTION('',(-0.5,-0.866025403784439,0.));
#12951=DIRECTION('',(0.866025403784439,-0.5,0.));
#12952=DIRECTION('',(0.,0.,-1.));
#12953=DIRECTION('',(-0.866025403784439,0.5,0.));
#12954=DIRECTION('',(0.866025403784439,-0.5,0.));
#12955=DIRECTION('',(0.5,0.866025403784439,0.));
#12956=DIRECTION('',(-0.5,-0.866025403784439,0.));
#12957=DIRECTION('',(0.,0.,1.));
#12958=DIRECTION('',(0.5,0.866025403784439,0.));
#12959=DIRECTION('',(0.5,0.866025403784439,0.));
#12960=DIRECTION('',(-0.866025403784439,0.5,0.));
#12961=DIRECTION('',(0.866025403784439,-0.5,0.));
#12962=DIRECTION('',(0.,0.,-1.));
#12963=DIRECTION('',(-0.5,-0.866025403784439,0.));
#12964=DIRECTION('',(0.866025403784439,-0.5,0.));
#12965=DIRECTION('',(0.,0.,-1.));
#12966=DIRECTION('',(-0.866025403784439,0.5,0.));
#12967=DIRECTION('',(0.866025403784439,-0.5,0.));
#12968=DIRECTION('',(0.5,0.866025403784439,0.));
#12969=DIRECTION('',(-0.5,-0.866025403784439,0.));
#12970=DIRECTION('',(0.,0.,1.));
#12971=DIRECTION('',(0.5,0.866025403784439,0.));
#12972=DIRECTION('',(0.5,0.866025403784439,0.));
#12973=DIRECTION('',(-0.866025403784439,0.5,0.));
#12974=DIRECTION('',(0.866025403784439,-0.5,0.));
#12975=DIRECTION('',(0.,0.,-1.));
#12976=DIRECTION('',(-0.5,-0.866025403784439,0.));
#12977=DIRECTION('',(0.866025403784439,-0.5,0.));
#12978=DIRECTION('',(0.,0.,-1.));
#12979=DIRECTION('',(-0.866025403784439,0.5,0.));
#12980=DIRECTION('',(0.866025403784439,-0.5,0.));
#12981=DIRECTION('',(0.5,0.866025403784439,0.));
#12982=DIRECTION('',(-0.5,-0.866025403784439,0.));
#12983=DIRECTION('',(0.,0.,1.));
#12984=DIRECTION('',(0.5,0.866025403784439,0.));
#12985=DIRECTION('',(0.5,0.866025403784439,0.));
#12986=DIRECTION('',(-0.866025403784439,0.5,0.));
#12987=DIRECTION('',(0.866025403784439,-0.5,0.));
#12988=DIRECTION('',(0.,0.,-1.));
#12989=DIRECTION('',(-0.5,-0.866025403784439,0.));
#12990=DIRECTION('',(0.866025403784439,-0.5,0.));
#12991=DIRECTION('',(0.,0.,-1.));
#12992=DIRECTION('',(-0.866025403784439,0.5,0.));
#12993=DIRECTION('',(0.866025403784439,-0.5,0.));
#12994=DIRECTION('',(0.5,0.866025403784439,0.));
#12995=DIRECTION('',(-0.5,-0.866025403784439,0.));
#12996=DIRECTION('',(0.,0.,1.));
#12997=DIRECTION('',(0.5,0.866025403784439,0.));
#12998=DIRECTION('',(0.866025403784439,-0.5,0.));
#12999=DIRECTION('',(0.5,0.866025403784439,0.));
#13000=DIRECTION('',(-0.5,-0.866025403784439,0.));
#13001=DIRECTION('',(0.,0.,-1.));
#13002=DIRECTION('',(-0.5,-0.866025403784439,0.));
#13003=DIRECTION('',(0.866025403784439,-0.5,0.));
#13004=DIRECTION('',(-0.866025403784439,0.5,0.));
#13005=DIRECTION('',(0.,0.,1.));
#13006=DIRECTION('',(0.5,0.866025403784439,0.));
#13007=DIRECTION('',(1.,0.,0.));
#13008=DIRECTION('',(0.866025403784439,-0.5,0.));
#13009=DIRECTION('',(0.5,0.866025403784439,0.));
#13010=DIRECTION('',(0.,0.,-1.));
#13011=DIRECTION('',(-0.5,-0.866025403784439,0.));
#13012=DIRECTION('',(0.5,0.866025403784439,0.));
#13013=DIRECTION('',(-0.866025403784439,0.5,0.));
#13014=DIRECTION('',(0.866025403784439,-0.5,0.));
#13015=DIRECTION('',(0.,0.,1.));
#13016=DIRECTION('',(0.5,0.866025403784439,0.));
#13017=DIRECTION('',(-0.5,0.866025403784439,0.));
#13018=DIRECTION('',(-0.5,0.866025403784439,0.));
#13019=DIRECTION('',(-0.866025403784439,-0.5,0.));
#13020=DIRECTION('',(0.866025403784439,0.5,0.));
#13021=DIRECTION('',(0.,0.,-1.));
#13022=DIRECTION('',(0.5,-0.866025403784439,0.));
#13023=DIRECTION('',(0.866025403784439,0.5,0.));
#13024=DIRECTION('',(0.,0.,-1.));
#13025=DIRECTION('',(-0.866025403784439,-0.5,0.));
#13026=DIRECTION('',(0.866025403784439,0.5,0.));
#13027=DIRECTION('',(-0.5,0.866025403784439,0.));
#13028=DIRECTION('',(0.5,-0.866025403784439,0.));
#13029=DIRECTION('',(0.,0.,1.));
#13030=DIRECTION('',(-0.5,0.866025403784439,0.));
#13031=DIRECTION('',(-0.5,0.866025403784439,0.));
#13032=DIRECTION('',(-0.866025403784439,-0.5,0.));
#13033=DIRECTION('',(0.866025403784439,0.5,0.));
#13034=DIRECTION('',(0.,0.,-1.));
#13035=DIRECTION('',(0.5,-0.866025403784439,0.));
#13036=DIRECTION('',(0.866025403784439,0.5,0.));
#13037=DIRECTION('',(0.,0.,-1.));
#13038=DIRECTION('',(-0.866025403784439,-0.5,0.));
#13039=DIRECTION('',(0.866025403784439,0.5,0.));
#13040=DIRECTION('',(-0.5,0.866025403784439,0.));
#13041=DIRECTION('',(0.5,-0.866025403784439,0.));
#13042=DIRECTION('',(0.,0.,1.));
#13043=DIRECTION('',(-0.5,0.866025403784439,0.));
#13044=DIRECTION('',(-0.5,0.866025403784439,0.));
#13045=DIRECTION('',(-0.866025403784439,-0.5,0.));
#13046=DIRECTION('',(0.866025403784439,0.5,0.));
#13047=DIRECTION('',(0.,0.,-1.));
#13048=DIRECTION('',(0.5,-0.866025403784439,0.));
#13049=DIRECTION('',(0.866025403784439,0.5,0.));
#13050=DIRECTION('',(0.,0.,-1.));
#13051=DIRECTION('',(-0.866025403784439,-0.5,0.));
#13052=DIRECTION('',(0.866025403784439,0.5,0.));
#13053=DIRECTION('',(-0.5,0.866025403784439,0.));
#13054=DIRECTION('',(0.5,-0.866025403784439,0.));
#13055=DIRECTION('',(0.,0.,1.));
#13056=DIRECTION('',(-0.5,0.866025403784439,0.));
#13057=DIRECTION('',(-0.5,0.866025403784439,0.));
#13058=DIRECTION('',(-0.866025403784439,-0.5,0.));
#13059=DIRECTION('',(0.866025403784439,0.5,0.));
#13060=DIRECTION('',(0.,0.,-1.));
#13061=DIRECTION('',(0.5,-0.866025403784439,0.));
#13062=DIRECTION('',(0.866025403784439,0.5,0.));
#13063=DIRECTION('',(0.,0.,-1.));
#13064=DIRECTION('',(-0.866025403784439,-0.5,0.));
#13065=DIRECTION('',(0.866025403784439,0.5,0.));
#13066=DIRECTION('',(-0.5,0.866025403784439,0.));
#13067=DIRECTION('',(0.5,-0.866025403784439,0.));
#13068=DIRECTION('',(0.,0.,1.));
#13069=DIRECTION('',(-0.5,0.866025403784439,0.));
#13070=DIRECTION('',(-0.5,0.866025403784439,0.));
#13071=DIRECTION('',(-0.866025403784439,-0.5,0.));
#13072=DIRECTION('',(0.866025403784439,0.5,0.));
#13073=DIRECTION('',(0.,0.,-1.));
#13074=DIRECTION('',(0.5,-0.866025403784439,0.));
#13075=DIRECTION('',(0.866025403784439,0.5,0.));
#13076=DIRECTION('',(0.,0.,-1.));
#13077=DIRECTION('',(-0.866025403784439,-0.5,0.));
#13078=DIRECTION('',(0.866025403784439,0.5,0.));
#13079=DIRECTION('',(-0.5,0.866025403784439,0.));
#13080=DIRECTION('',(0.5,-0.866025403784439,0.));
#13081=DIRECTION('',(0.,0.,1.));
#13082=DIRECTION('',(-0.5,0.866025403784439,0.));
#13083=DIRECTION('',(-0.5,0.866025403784439,0.));
#13084=DIRECTION('',(-0.866025403784439,-0.5,0.));
#13085=DIRECTION('',(0.866025403784439,0.5,0.));
#13086=DIRECTION('',(0.,0.,-1.));
#13087=DIRECTION('',(0.5,-0.866025403784439,0.));
#13088=DIRECTION('',(0.866025403784439,0.5,0.));
#13089=DIRECTION('',(0.,0.,-1.));
#13090=DIRECTION('',(-0.866025403784439,-0.5,0.));
#13091=DIRECTION('',(0.866025403784439,0.5,0.));
#13092=DIRECTION('',(-0.5,0.866025403784439,0.));
#13093=DIRECTION('',(0.5,-0.866025403784439,0.));
#13094=DIRECTION('',(0.,0.,1.));
#13095=DIRECTION('',(-0.5,0.866025403784439,0.));
#13096=DIRECTION('',(-0.5,0.866025403784439,0.));
#13097=DIRECTION('',(-0.866025403784439,-0.5,0.));
#13098=DIRECTION('',(0.866025403784439,0.5,0.));
#13099=DIRECTION('',(0.,0.,-1.));
#13100=DIRECTION('',(0.5,-0.866025403784439,0.));
#13101=DIRECTION('',(0.866025403784439,0.5,0.));
#13102=DIRECTION('',(0.,0.,-1.));
#13103=DIRECTION('',(-0.866025403784439,-0.5,0.));
#13104=DIRECTION('',(0.866025403784439,0.5,0.));
#13105=DIRECTION('',(-0.5,0.866025403784439,0.));
#13106=DIRECTION('',(0.5,-0.866025403784439,0.));
#13107=DIRECTION('',(0.,0.,1.));
#13108=DIRECTION('',(-0.5,0.866025403784439,0.));
#13109=DIRECTION('',(-0.5,0.866025403784439,0.));
#13110=DIRECTION('',(-0.866025403784439,-0.5,0.));
#13111=DIRECTION('',(0.866025403784439,0.5,0.));
#13112=DIRECTION('',(0.,0.,-1.));
#13113=DIRECTION('',(0.5,-0.866025403784439,0.));
#13114=DIRECTION('',(0.866025403784439,0.5,0.));
#13115=DIRECTION('',(0.,0.,-1.));
#13116=DIRECTION('',(-0.866025403784439,-0.5,0.));
#13117=DIRECTION('',(0.866025403784439,0.5,0.));
#13118=DIRECTION('',(-0.5,0.866025403784439,0.));
#13119=DIRECTION('',(0.5,-0.866025403784439,0.));
#13120=DIRECTION('',(0.,0.,1.));
#13121=DIRECTION('',(-0.5,0.866025403784439,0.));
#13122=DIRECTION('',(0.866025403784439,0.5,0.));
#13123=DIRECTION('',(-0.5,0.866025403784439,0.));
#13124=DIRECTION('',(0.,0.,-1.));
#13125=DIRECTION('',(0.5,-0.866025403784439,0.));
#13126=DIRECTION('',(-0.5,0.866025403784439,0.));
#13127=DIRECTION('',(-0.866025403784439,-0.5,0.));
#13128=DIRECTION('',(0.866025403784439,0.5,0.));
#13129=DIRECTION('',(0.,0.,1.));
#13130=DIRECTION('',(-0.5,0.866025403784439,0.));
#13131=DIRECTION('',(-1.,8.88178419700125E-16,0.));
#13132=DIRECTION('',(0.866025403784439,0.5,0.));
#13133=DIRECTION('',(-0.5,0.866025403784439,0.));
#13134=DIRECTION('',(0.5,-0.866025403784439,0.));
#13135=DIRECTION('',(0.,0.,-1.));
#13136=DIRECTION('',(0.5,-0.866025403784439,0.));
#13137=DIRECTION('',(0.866025403784439,0.5,0.));
#13138=DIRECTION('',(-0.866025403784439,-0.5,0.));
#13139=DIRECTION('',(0.,0.,1.));
#13140=DIRECTION('',(-0.5,0.866025403784439,0.));
#13141=DIRECTION('',(0.5,0.866025403784439,0.));
#13142=DIRECTION('',(-1.,1.22464679914735E-16,0.));
#13143=DIRECTION('',(-1.22464679914735E-16,-1.,0.));
#13144=DIRECTION('',(1.22464679914735E-16,1.,0.));
#13145=DIRECTION('',(0.,0.,-1.));
#13146=DIRECTION('',(1.,-1.22464679914735E-16,0.));
#13147=DIRECTION('',(1.22464679914735E-16,1.,0.));
#13148=DIRECTION('',(0.,0.,-1.));
#13149=DIRECTION('',(-1.22464679914735E-16,-1.,0.));
#13150=DIRECTION('',(1.22464679914735E-16,1.,0.));
#13151=DIRECTION('',(-1.,1.22464679914735E-16,0.));
#13152=DIRECTION('',(1.,-1.22464679914735E-16,0.));
#13153=DIRECTION('',(0.,0.,1.));
#13154=DIRECTION('',(-1.,1.22464679914735E-16,0.));
#13155=DIRECTION('',(-1.,1.22464679914735E-16,0.));
#13156=DIRECTION('',(-1.22464679914735E-16,-1.,0.));
#13157=DIRECTION('',(1.22464679914735E-16,1.,0.));
#13158=DIRECTION('',(0.,0.,-1.));
#13159=DIRECTION('',(1.,-1.22464679914735E-16,0.));
#13160=DIRECTION('',(1.22464679914735E-16,1.,0.));
#13161=DIRECTION('',(0.,0.,-1.));
#13162=DIRECTION('',(-1.22464679914735E-16,-1.,0.));
#13163=DIRECTION('',(1.22464679914735E-16,1.,0.));
#13164=DIRECTION('',(-1.,1.22464679914735E-16,0.));
#13165=DIRECTION('',(1.,-1.22464679914735E-16,0.));
#13166=DIRECTION('',(0.,0.,1.));
#13167=DIRECTION('',(-1.,1.22464679914735E-16,0.));
#13168=DIRECTION('',(-1.,1.22464679914735E-16,0.));
#13169=DIRECTION('',(-1.22464679914735E-16,-1.,0.));
#13170=DIRECTION('',(1.22464679914735E-16,1.,0.));
#13171=DIRECTION('',(0.,0.,-1.));
#13172=DIRECTION('',(1.,-1.22464679914735E-16,0.));
#13173=DIRECTION('',(1.22464679914735E-16,1.,0.));
#13174=DIRECTION('',(0.,0.,-1.));
#13175=DIRECTION('',(-1.22464679914735E-16,-1.,0.));
#13176=DIRECTION('',(1.22464679914735E-16,1.,0.));
#13177=DIRECTION('',(-1.,1.22464679914735E-16,0.));
#13178=DIRECTION('',(1.,-1.22464679914735E-16,0.));
#13179=DIRECTION('',(0.,0.,1.));
#13180=DIRECTION('',(-1.,1.22464679914735E-16,0.));
#13181=DIRECTION('',(-1.,1.22464679914735E-16,0.));
#13182=DIRECTION('',(-1.22464679914735E-16,-1.,0.));
#13183=DIRECTION('',(1.22464679914735E-16,1.,0.));
#13184=DIRECTION('',(0.,0.,-1.));
#13185=DIRECTION('',(1.,-1.22464679914735E-16,0.));
#13186=DIRECTION('',(1.22464679914735E-16,1.,0.));
#13187=DIRECTION('',(0.,0.,-1.));
#13188=DIRECTION('',(-1.22464679914735E-16,-1.,0.));
#13189=DIRECTION('',(1.22464679914735E-16,1.,0.));
#13190=DIRECTION('',(-1.,1.22464679914735E-16,0.));
#13191=DIRECTION('',(1.,-1.22464679914735E-16,0.));
#13192=DIRECTION('',(0.,0.,1.));
#13193=DIRECTION('',(-1.,1.22464679914735E-16,0.));
#13194=DIRECTION('',(-1.,1.22464679914735E-16,0.));
#13195=DIRECTION('',(-1.22464679914735E-16,-1.,0.));
#13196=DIRECTION('',(1.22464679914735E-16,1.,0.));
#13197=DIRECTION('',(0.,0.,-1.));
#13198=DIRECTION('',(1.,-1.22464679914735E-16,0.));
#13199=DIRECTION('',(1.22464679914735E-16,1.,0.));
#13200=DIRECTION('',(0.,0.,-1.));
#13201=DIRECTION('',(-1.22464679914735E-16,-1.,0.));
#13202=DIRECTION('',(1.22464679914735E-16,1.,0.));
#13203=DIRECTION('',(-1.,1.22464679914735E-16,0.));
#13204=DIRECTION('',(1.,-1.22464679914735E-16,0.));
#13205=DIRECTION('',(0.,0.,1.));
#13206=DIRECTION('',(-1.,1.22464679914735E-16,0.));
#13207=DIRECTION('',(-1.,1.22464679914735E-16,0.));
#13208=DIRECTION('',(-1.22464679914735E-16,-1.,0.));
#13209=DIRECTION('',(1.22464679914735E-16,1.,0.));
#13210=DIRECTION('',(0.,0.,-1.));
#13211=DIRECTION('',(1.,-1.22464679914735E-16,0.));
#13212=DIRECTION('',(1.22464679914735E-16,1.,0.));
#13213=DIRECTION('',(0.,0.,-1.));
#13214=DIRECTION('',(-1.22464679914735E-16,-1.,0.));
#13215=DIRECTION('',(1.22464679914735E-16,1.,0.));
#13216=DIRECTION('',(-1.,1.22464679914735E-16,0.));
#13217=DIRECTION('',(1.,-1.22464679914735E-16,0.));
#13218=DIRECTION('',(0.,0.,1.));
#13219=DIRECTION('',(-1.,1.22464679914735E-16,0.));
#13220=DIRECTION('',(-1.,1.22464679914735E-16,0.));
#13221=DIRECTION('',(-1.22464679914735E-16,-1.,0.));
#13222=DIRECTION('',(1.22464679914735E-16,1.,0.));
#13223=DIRECTION('',(0.,0.,-1.));
#13224=DIRECTION('',(1.,-1.22464679914735E-16,0.));
#13225=DIRECTION('',(1.22464679914735E-16,1.,0.));
#13226=DIRECTION('',(0.,0.,-1.));
#13227=DIRECTION('',(-1.22464679914735E-16,-1.,0.));
#13228=DIRECTION('',(1.22464679914735E-16,1.,0.));
#13229=DIRECTION('',(-1.,1.22464679914735E-16,0.));
#13230=DIRECTION('',(1.,-1.22464679914735E-16,0.));
#13231=DIRECTION('',(0.,0.,1.));
#13232=DIRECTION('',(-1.,1.22464679914735E-16,0.));
#13233=DIRECTION('',(-1.,1.22464679914735E-16,0.));
#13234=DIRECTION('',(-1.22464679914735E-16,-1.,0.));
#13235=DIRECTION('',(1.22464679914735E-16,1.,0.));
#13236=DIRECTION('',(0.,0.,-1.));
#13237=DIRECTION('',(1.,-1.22464679914735E-16,0.));
#13238=DIRECTION('',(1.22464679914735E-16,1.,0.));
#13239=DIRECTION('',(0.,0.,-1.));
#13240=DIRECTION('',(-1.22464679914735E-16,-1.,0.));
#13241=DIRECTION('',(1.22464679914735E-16,1.,0.));
#13242=DIRECTION('',(-1.,1.22464679914735E-16,0.));
#13243=DIRECTION('',(1.,-1.22464679914735E-16,0.));
#13244=DIRECTION('',(0.,0.,1.));
#13245=DIRECTION('',(-1.,1.22464679914735E-16,0.));
#13246=DIRECTION('',(1.22464679914735E-16,1.,0.));
#13247=DIRECTION('',(-1.,1.22464679914735E-16,0.));
#13248=DIRECTION('',(1.,-1.22464679914735E-16,0.));
#13249=DIRECTION('',(0.,0.,-1.));
#13250=DIRECTION('',(1.,-1.22464679914735E-16,0.));
#13251=DIRECTION('',(1.22464679914735E-16,1.,0.));
#13252=DIRECTION('',(-1.22464679914735E-16,-1.,0.));
#13253=DIRECTION('',(0.,0.,1.));
#13254=DIRECTION('',(-1.,1.22464679914735E-16,0.));
#13255=DIRECTION('',(-0.5,0.866025403784439,0.));
#13256=DIRECTION('',(1.22464679914735E-16,1.,0.));
#13257=DIRECTION('',(-1.,1.22464679914735E-16,0.));
#13258=DIRECTION('',(0.,0.,-1.));
#13259=DIRECTION('',(1.,-1.22464679914735E-16,0.));
#13260=DIRECTION('',(-1.,1.22464679914735E-16,0.));
#13261=DIRECTION('',(-1.22464679914735E-16,-1.,0.));
#13262=DIRECTION('',(1.22464679914735E-16,1.,0.));
#13263=DIRECTION('',(0.,0.,1.));
#13264=DIRECTION('',(-1.,1.22464679914735E-16,0.));
#13265=DIRECTION('',(-0.5,-0.866025403784438,0.));
#13266=DIRECTION('',(-0.5,-0.866025403784438,0.));
#13267=DIRECTION('',(0.866025403784438,-0.5,0.));
#13268=DIRECTION('',(-0.866025403784438,0.5,0.));
#13269=DIRECTION('',(0.,0.,-1.));
#13270=DIRECTION('',(0.5,0.866025403784438,0.));
#13271=DIRECTION('',(-0.866025403784438,0.5,0.));
#13272=DIRECTION('',(0.,0.,-1.));
#13273=DIRECTION('',(0.866025403784438,-0.5,0.));
#13274=DIRECTION('',(-0.866025403784438,0.5,0.));
#13275=DIRECTION('',(-0.5,-0.866025403784438,0.));
#13276=DIRECTION('',(0.5,0.866025403784438,0.));
#13277=DIRECTION('',(0.,0.,1.));
#13278=DIRECTION('',(-0.5,-0.866025403784438,0.));
#13279=DIRECTION('',(-0.5,-0.866025403784438,0.));
#13280=DIRECTION('',(0.866025403784438,-0.5,0.));
#13281=DIRECTION('',(-0.866025403784438,0.5,0.));
#13282=DIRECTION('',(0.,0.,-1.));
#13283=DIRECTION('',(0.5,0.866025403784438,0.));
#13284=DIRECTION('',(-0.866025403784438,0.5,0.));
#13285=DIRECTION('',(0.,0.,-1.));
#13286=DIRECTION('',(0.866025403784438,-0.5,0.));
#13287=DIRECTION('',(-0.866025403784438,0.5,0.));
#13288=DIRECTION('',(-0.5,-0.866025403784438,0.));
#13289=DIRECTION('',(0.5,0.866025403784438,0.));
#13290=DIRECTION('',(0.,0.,1.));
#13291=DIRECTION('',(-0.5,-0.866025403784438,0.));
#13292=DIRECTION('',(-0.5,-0.866025403784438,0.));
#13293=DIRECTION('',(0.866025403784438,-0.5,0.));
#13294=DIRECTION('',(-0.866025403784438,0.5,0.));
#13295=DIRECTION('',(0.,0.,-1.));
#13296=DIRECTION('',(0.5,0.866025403784438,0.));
#13297=DIRECTION('',(-0.866025403784438,0.5,0.));
#13298=DIRECTION('',(0.,0.,-1.));
#13299=DIRECTION('',(0.866025403784438,-0.5,0.));
#13300=DIRECTION('',(-0.866025403784438,0.5,0.));
#13301=DIRECTION('',(-0.5,-0.866025403784438,0.));
#13302=DIRECTION('',(0.5,0.866025403784438,0.));
#13303=DIRECTION('',(0.,0.,1.));
#13304=DIRECTION('',(-0.5,-0.866025403784438,0.));
#13305=DIRECTION('',(-0.5,-0.866025403784438,0.));
#13306=DIRECTION('',(0.866025403784438,-0.5,0.));
#13307=DIRECTION('',(-0.866025403784438,0.5,0.));
#13308=DIRECTION('',(0.,0.,-1.));
#13309=DIRECTION('',(0.5,0.866025403784438,0.));
#13310=DIRECTION('',(-0.866025403784438,0.5,0.));
#13311=DIRECTION('',(0.,0.,-1.));
#13312=DIRECTION('',(0.866025403784438,-0.5,0.));
#13313=DIRECTION('',(-0.866025403784438,0.5,0.));
#13314=DIRECTION('',(-0.5,-0.866025403784438,0.));
#13315=DIRECTION('',(0.5,0.866025403784438,0.));
#13316=DIRECTION('',(0.,0.,1.));
#13317=DIRECTION('',(-0.5,-0.866025403784438,0.));
#13318=DIRECTION('',(-0.5,-0.866025403784438,0.));
#13319=DIRECTION('',(0.866025403784438,-0.5,0.));
#13320=DIRECTION('',(-0.866025403784438,0.5,0.));
#13321=DIRECTION('',(0.,0.,-1.));
#13322=DIRECTION('',(0.5,0.866025403784438,0.));
#13323=DIRECTION('',(-0.866025403784438,0.5,0.));
#13324=DIRECTION('',(0.,0.,-1.));
#13325=DIRECTION('',(0.866025403784438,-0.5,0.));
#13326=DIRECTION('',(-0.866025403784438,0.5,0.));
#13327=DIRECTION('',(-0.5,-0.866025403784438,0.));
#13328=DIRECTION('',(0.5,0.866025403784438,0.));
#13329=DIRECTION('',(0.,0.,1.));
#13330=DIRECTION('',(-0.5,-0.866025403784438,0.));
#13331=DIRECTION('',(-0.5,-0.866025403784438,0.));
#13332=DIRECTION('',(0.866025403784438,-0.5,0.));
#13333=DIRECTION('',(-0.866025403784438,0.5,0.));
#13334=DIRECTION('',(0.,0.,-1.));
#13335=DIRECTION('',(0.5,0.866025403784438,0.));
#13336=DIRECTION('',(-0.866025403784438,0.5,0.));
#13337=DIRECTION('',(0.,0.,-1.));
#13338=DIRECTION('',(0.866025403784438,-0.5,0.));
#13339=DIRECTION('',(-0.866025403784438,0.5,0.));
#13340=DIRECTION('',(-0.5,-0.866025403784438,0.));
#13341=DIRECTION('',(0.5,0.866025403784438,0.));
#13342=DIRECTION('',(0.,0.,1.));
#13343=DIRECTION('',(-0.5,-0.866025403784438,0.));
#13344=DIRECTION('',(-0.5,-0.866025403784438,0.));
#13345=DIRECTION('',(0.866025403784438,-0.5,0.));
#13346=DIRECTION('',(-0.866025403784438,0.5,0.));
#13347=DIRECTION('',(0.,0.,-1.));
#13348=DIRECTION('',(0.5,0.866025403784438,0.));
#13349=DIRECTION('',(-0.866025403784438,0.5,0.));
#13350=DIRECTION('',(0.,0.,-1.));
#13351=DIRECTION('',(0.866025403784438,-0.5,0.));
#13352=DIRECTION('',(-0.866025403784438,0.5,0.));
#13353=DIRECTION('',(-0.5,-0.866025403784438,0.));
#13354=DIRECTION('',(0.5,0.866025403784438,0.));
#13355=DIRECTION('',(0.,0.,1.));
#13356=DIRECTION('',(-0.5,-0.866025403784438,0.));
#13357=DIRECTION('',(-0.5,-0.866025403784438,0.));
#13358=DIRECTION('',(0.866025403784438,-0.5,0.));
#13359=DIRECTION('',(-0.866025403784438,0.5,0.));
#13360=DIRECTION('',(0.,0.,-1.));
#13361=DIRECTION('',(0.5,0.866025403784438,0.));
#13362=DIRECTION('',(-0.866025403784438,0.5,0.));
#13363=DIRECTION('',(0.,0.,-1.));
#13364=DIRECTION('',(0.866025403784438,-0.5,0.));
#13365=DIRECTION('',(-0.866025403784438,0.5,0.));
#13366=DIRECTION('',(-0.5,-0.866025403784438,0.));
#13367=DIRECTION('',(0.5,0.866025403784438,0.));
#13368=DIRECTION('',(0.,0.,1.));
#13369=DIRECTION('',(-0.5,-0.866025403784438,0.));
#13370=DIRECTION('',(-0.866025403784438,0.5,0.));
#13371=DIRECTION('',(-0.5,-0.866025403784438,0.));
#13372=DIRECTION('',(0.5,0.866025403784438,0.));
#13373=DIRECTION('',(0.,0.,-1.));
#13374=DIRECTION('',(0.5,0.866025403784438,0.));
#13375=DIRECTION('',(-0.866025403784438,0.5,0.));
#13376=DIRECTION('',(0.866025403784438,-0.5,0.));
#13377=DIRECTION('',(0.,0.,1.));
#13378=DIRECTION('',(-0.5,-0.866025403784438,0.));
#13379=DIRECTION('',(-1.,1.22464679914735E-16,0.));
#13380=DIRECTION('',(-0.866025403784438,0.5,0.));
#13381=DIRECTION('',(-0.5,-0.866025403784438,0.));
#13382=DIRECTION('',(0.,0.,-1.));
#13383=DIRECTION('',(0.5,0.866025403784438,0.));
#13384=DIRECTION('',(-0.5,-0.866025403784438,0.));
#13385=DIRECTION('',(0.866025403784438,-0.5,0.));
#13386=DIRECTION('',(-0.866025403784438,0.5,0.));
#13387=DIRECTION('',(0.,0.,1.));
#13388=DIRECTION('',(-0.5,-0.866025403784438,0.));
#13389=DIRECTION('',(0.5,-0.866025403784439,0.));
#13390=DIRECTION('',(0.5,-0.866025403784439,0.));
#13391=DIRECTION('',(0.866025403784439,0.5,0.));
#13392=DIRECTION('',(-0.866025403784439,-0.5,0.));
#13393=DIRECTION('',(0.,0.,-1.));
#13394=DIRECTION('',(-0.5,0.866025403784439,0.));
#13395=DIRECTION('',(-0.866025403784439,-0.5,0.));
#13396=DIRECTION('',(0.,0.,-1.));
#13397=DIRECTION('',(0.866025403784439,0.5,0.));
#13398=DIRECTION('',(-0.866025403784439,-0.5,0.));
#13399=DIRECTION('',(0.5,-0.866025403784439,0.));
#13400=DIRECTION('',(-0.5,0.866025403784439,0.));
#13401=DIRECTION('',(0.,0.,1.));
#13402=DIRECTION('',(0.5,-0.866025403784439,0.));
#13403=DIRECTION('',(0.5,-0.866025403784439,0.));
#13404=DIRECTION('',(0.866025403784439,0.5,0.));
#13405=DIRECTION('',(-0.866025403784439,-0.5,0.));
#13406=DIRECTION('',(0.,0.,-1.));
#13407=DIRECTION('',(-0.5,0.866025403784439,0.));
#13408=DIRECTION('',(-0.866025403784439,-0.5,0.));
#13409=DIRECTION('',(0.,0.,-1.));
#13410=DIRECTION('',(0.866025403784439,0.5,0.));
#13411=DIRECTION('',(-0.866025403784439,-0.5,0.));
#13412=DIRECTION('',(0.5,-0.866025403784439,0.));
#13413=DIRECTION('',(-0.5,0.866025403784439,0.));
#13414=DIRECTION('',(0.,0.,1.));
#13415=DIRECTION('',(0.5,-0.866025403784439,0.));
#13416=DIRECTION('',(0.5,-0.866025403784439,0.));
#13417=DIRECTION('',(0.866025403784439,0.5,0.));
#13418=DIRECTION('',(-0.866025403784439,-0.5,0.));
#13419=DIRECTION('',(0.,0.,-1.));
#13420=DIRECTION('',(-0.5,0.866025403784439,0.));
#13421=DIRECTION('',(-0.866025403784439,-0.5,0.));
#13422=DIRECTION('',(0.,0.,-1.));
#13423=DIRECTION('',(0.866025403784439,0.5,0.));
#13424=DIRECTION('',(-0.866025403784439,-0.5,0.));
#13425=DIRECTION('',(0.5,-0.866025403784439,0.));
#13426=DIRECTION('',(-0.5,0.866025403784439,0.));
#13427=DIRECTION('',(0.,0.,1.));
#13428=DIRECTION('',(0.5,-0.866025403784439,0.));
#13429=DIRECTION('',(0.5,-0.866025403784439,0.));
#13430=DIRECTION('',(0.866025403784439,0.5,0.));
#13431=DIRECTION('',(-0.866025403784439,-0.5,0.));
#13432=DIRECTION('',(0.,0.,-1.));
#13433=DIRECTION('',(-0.5,0.866025403784439,0.));
#13434=DIRECTION('',(-0.866025403784439,-0.5,0.));
#13435=DIRECTION('',(0.,0.,-1.));
#13436=DIRECTION('',(0.866025403784439,0.5,0.));
#13437=DIRECTION('',(-0.866025403784439,-0.5,0.));
#13438=DIRECTION('',(0.5,-0.866025403784439,0.));
#13439=DIRECTION('',(-0.5,0.866025403784439,0.));
#13440=DIRECTION('',(0.,0.,1.));
#13441=DIRECTION('',(0.5,-0.866025403784439,0.));
#13442=DIRECTION('',(0.5,-0.866025403784439,0.));
#13443=DIRECTION('',(0.866025403784439,0.5,0.));
#13444=DIRECTION('',(-0.866025403784439,-0.5,0.));
#13445=DIRECTION('',(0.,0.,-1.));
#13446=DIRECTION('',(-0.5,0.866025403784439,0.));
#13447=DIRECTION('',(-0.866025403784439,-0.5,0.));
#13448=DIRECTION('',(0.,0.,-1.));
#13449=DIRECTION('',(0.866025403784439,0.5,0.));
#13450=DIRECTION('',(-0.866025403784439,-0.5,0.));
#13451=DIRECTION('',(0.5,-0.866025403784439,0.));
#13452=DIRECTION('',(-0.5,0.866025403784439,0.));
#13453=DIRECTION('',(0.,0.,1.));
#13454=DIRECTION('',(0.5,-0.866025403784439,0.));
#13455=DIRECTION('',(0.5,-0.866025403784439,0.));
#13456=DIRECTION('',(0.866025403784439,0.5,0.));
#13457=DIRECTION('',(-0.866025403784439,-0.5,0.));
#13458=DIRECTION('',(0.,0.,-1.));
#13459=DIRECTION('',(-0.5,0.866025403784439,0.));
#13460=DIRECTION('',(-0.866025403784439,-0.5,0.));
#13461=DIRECTION('',(0.,0.,-1.));
#13462=DIRECTION('',(0.866025403784439,0.5,0.));
#13463=DIRECTION('',(-0.866025403784439,-0.5,0.));
#13464=DIRECTION('',(0.5,-0.866025403784439,0.));
#13465=DIRECTION('',(-0.5,0.866025403784439,0.));
#13466=DIRECTION('',(0.,0.,1.));
#13467=DIRECTION('',(0.5,-0.866025403784439,0.));
#13468=DIRECTION('',(0.5,-0.866025403784439,0.));
#13469=DIRECTION('',(0.866025403784439,0.5,0.));
#13470=DIRECTION('',(-0.866025403784439,-0.5,0.));
#13471=DIRECTION('',(0.,0.,-1.));
#13472=DIRECTION('',(-0.5,0.866025403784439,0.));
#13473=DIRECTION('',(-0.866025403784439,-0.5,0.));
#13474=DIRECTION('',(0.,0.,-1.));
#13475=DIRECTION('',(0.866025403784439,0.5,0.));
#13476=DIRECTION('',(-0.866025403784439,-0.5,0.));
#13477=DIRECTION('',(0.5,-0.866025403784439,0.));
#13478=DIRECTION('',(-0.5,0.866025403784439,0.));
#13479=DIRECTION('',(0.,0.,1.));
#13480=DIRECTION('',(0.5,-0.866025403784439,0.));
#13481=DIRECTION('',(0.5,-0.866025403784439,0.));
#13482=DIRECTION('',(0.866025403784439,0.5,0.));
#13483=DIRECTION('',(-0.866025403784439,-0.5,0.));
#13484=DIRECTION('',(0.,0.,-1.));
#13485=DIRECTION('',(-0.5,0.866025403784439,0.));
#13486=DIRECTION('',(-0.866025403784439,-0.5,0.));
#13487=DIRECTION('',(0.,0.,-1.));
#13488=DIRECTION('',(0.866025403784439,0.5,0.));
#13489=DIRECTION('',(-0.866025403784439,-0.5,0.));
#13490=DIRECTION('',(0.5,-0.866025403784439,0.));
#13491=DIRECTION('',(-0.5,0.866025403784439,0.));
#13492=DIRECTION('',(0.,0.,1.));
#13493=DIRECTION('',(0.5,-0.866025403784439,0.));
#13494=DIRECTION('',(-0.866025403784439,-0.5,0.));
#13495=DIRECTION('',(0.5,-0.866025403784439,0.));
#13496=DIRECTION('',(0.,0.,-1.));
#13497=DIRECTION('',(-0.5,0.866025403784439,0.));
#13498=DIRECTION('',(0.5,-0.866025403784439,0.));
#13499=DIRECTION('',(0.866025403784439,0.5,0.));
#13500=DIRECTION('',(-0.866025403784439,-0.5,0.));
#13501=DIRECTION('',(0.,0.,1.));
#13502=DIRECTION('',(0.5,-0.866025403784439,0.));
#13503=DIRECTION('',(1.,-1.4432899320127E-15,0.));
#13504=DIRECTION('',(-0.866025403784439,-0.5,0.));
#13505=DIRECTION('',(0.5,-0.866025403784439,0.));
#13506=DIRECTION('',(-0.5,0.866025403784439,0.));
#13507=DIRECTION('',(0.,0.,-1.));
#13508=DIRECTION('',(-0.5,0.866025403784439,0.));
#13509=DIRECTION('',(-0.866025403784439,-0.5,0.));
#13510=DIRECTION('',(0.866025403784439,0.5,0.));
#13511=DIRECTION('',(0.,0.,1.));
#13512=DIRECTION('',(0.5,-0.866025403784439,0.));
#13513=DIRECTION('',(-0.5,-0.866025403784438,0.));
#13514=DIRECTION('',(-0.813797681349374,-0.469846310392954,-0.342020143325668));
#13515=DIRECTION('',(0.296198132726024,0.171010071662834,-0.939692620785908));
#13516=DIRECTION('',(-0.387449252410576,2.00760752580371E-16,0.921891033043757));
#13517=DIRECTION('',(-0.193724626205288,-0.335540895264847,0.921891033043757));
#13518=DIRECTION('',(0.5,-0.866025403784439,0.));
#13519=DIRECTION('',(0.,-0.939692620785908,-0.342020143325668));
#13520=DIRECTION('',(0.,0.342020143325668,-0.939692620785908));
#13521=DIRECTION('',(0.193724626205287,-0.335540895264847,0.921891033043757));
#13522=DIRECTION('',(1.,0.,0.));
#13523=DIRECTION('',(0.813797681349374,-0.469846310392955,-0.342020143325668));
#13524=DIRECTION('',(-0.296198132726024,0.171010071662834,-0.939692620785908));
#13525=DIRECTION('',(0.387449252410576,-6.69202508601237E-17,0.921891033043757));
#13526=DIRECTION('',(0.5,0.866025403784438,0.));
#13527=DIRECTION('',(0.813797681349374,0.469846310392955,-0.342020143325668));
#13528=DIRECTION('',(-0.296198132726024,-0.171010071662834,-0.939692620785908));
#13529=DIRECTION('',(0.193724626205287,0.335540895264847,0.921891033043757));
#13530=DIRECTION('',(-0.5,0.866025403784439,0.));
#13531=DIRECTION('',(0.,0.939692620785908,-0.342020143325668));
#13532=DIRECTION('',(0.,-0.342020143325668,-0.939692620785908));
#13533=DIRECTION('',(-0.193724626205287,0.335540895264847,0.921891033043757));
#13534=DIRECTION('',(-1.,0.,0.));
#13535=DIRECTION('',(-0.813797681349374,0.469846310392955,-0.342020143325668));
#13536=DIRECTION('',(0.296198132726024,-0.171010071662834,-0.939692620785908));
#13537=DIRECTION('',(-0.5,-0.866025403784439,0.));
#13538=DIRECTION('',(0.,1.,0.));
#13539=DIRECTION('',(0.,0.,1.));
#13540=DIRECTION('',(0.,0.,-1.));
#13541=DIRECTION('',(0.,0.,-1.));
#13542=DIRECTION('',(1.,0.,0.));
#13543=DIRECTION('',(0.,0.,-1.));
#13544=DIRECTION('',(1.,-1.22464679914735E-16,0.));
#13545=DIRECTION('',(0.,0.,-1.));
#13546=DIRECTION('',(1.,0.,0.));
#13547=DIRECTION('',(-0.866025403784438,0.5,0.));
#13548=DIRECTION('',(-0.5,-0.866025403784438,0.));
#13549=DIRECTION('',(0.,0.,-1.));
#13550=DIRECTION('',(0.5,0.866025403784438,0.));
#13551=DIRECTION('',(0.,0.,-1.));
#13552=DIRECTION('',(0.5,0.866025403784438,0.));
#13553=DIRECTION('',(0.,0.,-1.));
#13554=DIRECTION('',(0.5,0.866025403784438,0.));
#13555=DIRECTION('',(-0.866025403784439,-0.5,0.));
#13556=DIRECTION('',(0.5,-0.866025403784439,0.));
#13557=DIRECTION('',(0.,0.,-1.));
#13558=DIRECTION('',(-0.5,0.866025403784439,0.));
#13559=DIRECTION('',(0.,0.,-1.));
#13560=DIRECTION('',(-0.5,0.866025403784439,0.));
#13561=DIRECTION('',(0.,0.,-1.));
#13562=DIRECTION('',(-0.5,0.866025403784439,0.));
#13563=DIRECTION('',(0.,-1.,0.));
#13564=DIRECTION('',(0.,0.,-1.));
#13565=DIRECTION('',(0.,0.,-1.));
#13566=DIRECTION('',(-1.,0.,0.));
#13567=DIRECTION('',(0.,0.,-1.));
#13568=DIRECTION('',(-1.,0.,0.));
#13569=DIRECTION('',(0.,0.,-1.));
#13570=DIRECTION('',(-1.,0.,0.));
#13571=DIRECTION('',(0.866025403784439,-0.5,0.));
#13572=DIRECTION('',(0.5,0.866025403784439,0.));
#13573=DIRECTION('',(0.,0.,-1.));
#13574=DIRECTION('',(-0.5,-0.866025403784439,0.));
#13575=DIRECTION('',(0.,0.,-1.));
#13576=DIRECTION('',(-0.5,-0.866025403784439,0.));
#13577=DIRECTION('',(0.,0.,-1.));
#13578=DIRECTION('',(-0.5,-0.866025403784439,0.));
#13579=DIRECTION('',(0.866025403784439,0.5,0.));
#13580=DIRECTION('',(-0.5,0.866025403784439,0.));
#13581=DIRECTION('',(0.5,-0.866025403784439,0.));
#13582=DIRECTION('',(0.,0.,-1.));
#13583=DIRECTION('',(0.5,-0.866025403784439,0.));
#13584=DIRECTION('',(0.,0.,-1.));
#13585=DIRECTION('',(0.5,-0.866025403784439,0.));
#13586=DIRECTION('',(-6.25961030200123E-16,-0.939692620785908,-0.342020143325668));
#13587=DIRECTION('',(2.27831182803452E-16,0.342020143325668,-0.939692620785908));
#13588=DIRECTION('',(-0.193724626205288,-0.335540895264847,0.921891033043757));
#13589=DIRECTION('',(0.193724626205287,-0.335540895264848,0.921891033043757));
#13590=DIRECTION('',(1.,-6.66133814775094E-16,0.));
#13591=DIRECTION('',(0.813797681349374,-0.469846310392954,-0.342020143325668));
#13592=DIRECTION('',(-0.296198132726024,0.171010071662834,-0.939692620785908));
#13593=DIRECTION('',(0.387449252410576,-2.36238770483295E-16,0.921891033043757));
#13594=DIRECTION('',(0.5,0.866025403784439,0.));
#13595=DIRECTION('',(0.813797681349374,0.469846310392954,-0.342020143325668));
#13596=DIRECTION('',(-0.296198132726024,-0.171010071662834,-0.939692620785908));
#13597=DIRECTION('',(0.193724626205288,0.335540895264847,0.921891033043757));
#13598=DIRECTION('',(-0.5,0.866025403784439,0.));
#13599=DIRECTION('',(-2.08653676733374E-16,0.939692620785908,-0.342020143325668));
#13600=DIRECTION('',(7.59437276011507E-17,-0.342020143325668,-0.939692620785908));
#13601=DIRECTION('',(-0.193724626205288,0.335540895264847,0.921891033043757));
#13602=DIRECTION('',(-1.,-2.22044604925032E-16,0.));
#13603=DIRECTION('',(-0.813797681349374,0.469846310392954,-0.342020143325668));
#13604=DIRECTION('',(0.296198132726024,-0.171010071662834,-0.939692620785908));
#13605=DIRECTION('',(-0.387449252410576,1.96724967634648E-16,0.921891033043757));
#13606=DIRECTION('',(-0.5,-0.866025403784439,0.));
#13607=DIRECTION('',(-0.813797681349374,-0.469846310392954,-0.342020143325668));
#13608=DIRECTION('',(0.296198132726024,0.171010071662834,-0.939692620785908));
#13609=DIRECTION('',(0.5,-0.866025403784439,0.));
#13610=DIRECTION('',(-0.866025403784439,0.5,0.));
#13611=DIRECTION('',(-0.5,-0.866025403784439,0.));
#13612=DIRECTION('',(0.,0.,-1.));
#13613=DIRECTION('',(0.5,0.866025403784439,0.));
#13614=DIRECTION('',(0.,0.,-1.));
#13615=DIRECTION('',(0.5,0.866025403784439,0.));
#13616=DIRECTION('',(0.,0.,-1.));
#13617=DIRECTION('',(0.5,0.866025403784439,0.));
#13618=DIRECTION('',(0.,0.,-1.));
#13619=DIRECTION('',(-0.866025403784439,-0.5,0.));
#13620=DIRECTION('',(0.5,-0.866025403784439,0.));
#13621=DIRECTION('',(0.,0.,-1.));
#13622=DIRECTION('',(-0.5,0.866025403784439,0.));
#13623=DIRECTION('',(0.,0.,-1.));
#13624=DIRECTION('',(-0.5,0.866025403784439,0.));
#13625=DIRECTION('',(0.,0.,-1.));
#13626=DIRECTION('',(-0.5,0.866025403784439,0.));
#13627=DIRECTION('',(2.22044604925032E-16,-1.,0.));
#13628=DIRECTION('',(1.,2.22044604925032E-16,0.));
#13629=DIRECTION('',(0.,0.,-1.));
#13630=DIRECTION('',(-1.,-2.22044604925032E-16,0.));
#13631=DIRECTION('',(0.,0.,-1.));
#13632=DIRECTION('',(-1.,8.88178419700125E-16,0.));
#13633=DIRECTION('',(0.,0.,-1.));
#13634=DIRECTION('',(-1.,-2.22044604925032E-16,0.));
#13635=DIRECTION('',(0.866025403784439,-0.5,0.));
#13636=DIRECTION('',(0.5,0.866025403784439,0.));
#13637=DIRECTION('',(0.,0.,-1.));
#13638=DIRECTION('',(-0.5,-0.866025403784439,0.));
#13639=DIRECTION('',(0.,0.,-1.));
#13640=DIRECTION('',(-0.5,-0.866025403784439,0.));
#13641=DIRECTION('',(0.,0.,-1.));
#13642=DIRECTION('',(-0.5,-0.866025403784439,0.));
#13643=DIRECTION('',(0.866025403784439,0.5,0.));
#13644=DIRECTION('',(-0.5,0.866025403784439,0.));
#13645=DIRECTION('',(0.,0.,-1.));
#13646=DIRECTION('',(0.5,-0.866025403784439,0.));
#13647=DIRECTION('',(0.,0.,-1.));
#13648=DIRECTION('',(0.5,-0.866025403784439,0.));
#13649=DIRECTION('',(0.,0.,-1.));
#13650=DIRECTION('',(0.5,-0.866025403784439,0.));
#13651=DIRECTION('',(6.66133814775094E-16,1.,0.));
#13652=DIRECTION('',(-1.,6.66133814775094E-16,0.));
#13653=DIRECTION('',(1.,-6.66133814775094E-16,0.));
#13654=DIRECTION('',(0.,0.,-1.));
#13655=DIRECTION('',(1.,-3.33066907387547E-16,0.));
#13656=DIRECTION('',(0.,0.,-1.));
#13657=DIRECTION('',(1.,-6.66133814775094E-16,0.));
#13658=DIRECTION('',(0.813797681349373,-0.469846310392955,-0.342020143325668));
#13659=DIRECTION('',(-0.296198132726024,0.171010071662834,-0.939692620785908));
#13660=DIRECTION('',(0.193724626205287,-0.335540895264848,0.921891033043757));
#13661=DIRECTION('',(0.387449252410576,-2.32202985537571E-16,0.921891033043757));
#13662=DIRECTION('',(0.5,0.866025403784438,0.));
#13663=DIRECTION('',(0.813797681349374,0.469846310392954,-0.342020143325668));
#13664=DIRECTION('',(-0.296198132726024,-0.171010071662834,-0.939692620785908));
#13665=DIRECTION('',(0.193724626205288,0.335540895264847,0.921891033043757));
#13666=DIRECTION('',(-0.5,0.866025403784439,0.));
#13667=DIRECTION('',(8.34614706933497E-16,0.939692620785908,-0.342020143325668));
#13668=DIRECTION('',(-3.03774910404603E-16,-0.342020143325668,-0.939692620785908));
#13669=DIRECTION('',(-0.193724626205287,0.335540895264848,0.921891033043757));
#13670=DIRECTION('',(-1.,8.88178419700125E-16,0.));
#13671=DIRECTION('',(-0.813797681349374,0.469846310392954,-0.342020143325668));
#13672=DIRECTION('',(0.296198132726024,-0.171010071662834,-0.939692620785908));
#13673=DIRECTION('',(-0.387449252410576,0.,0.921891033043757));
#13674=DIRECTION('',(-0.5,-0.866025403784439,0.));
#13675=DIRECTION('',(-0.813797681349374,-0.469846310392954,-0.342020143325668));
#13676=DIRECTION('',(0.296198132726024,0.171010071662834,-0.939692620785908));
#13677=DIRECTION('',(-0.193724626205288,-0.335540895264847,0.921891033043757));
#13678=DIRECTION('',(0.5,-0.866025403784439,0.));
#13679=DIRECTION('',(-6.25961030200123E-16,-0.939692620785908,-0.342020143325668));
#13680=DIRECTION('',(2.27831182803452E-16,0.342020143325668,-0.939692620785908));
#13681=DIRECTION('',(1.,-6.66133814775094E-16,0.));
#13682=DIRECTION('',(-0.866025403784439,-0.5,0.));
#13683=DIRECTION('',(0.5,-0.866025403784439,0.));
#13684=DIRECTION('',(0.,0.,-1.));
#13685=DIRECTION('',(-0.5,0.866025403784439,0.));
#13686=DIRECTION('',(0.,0.,-1.));
#13687=DIRECTION('',(-0.5,0.866025403784439,0.));
#13688=DIRECTION('',(0.,0.,-1.));
#13689=DIRECTION('',(-0.5,0.866025403784439,0.));
#13690=DIRECTION('',(0.,0.,-1.));
#13691=DIRECTION('',(-8.88178419700125E-16,-1.,0.));
#13692=DIRECTION('',(1.,-8.88178419700125E-16,0.));
#13693=DIRECTION('',(0.,0.,-1.));
#13694=DIRECTION('',(-1.,8.88178419700125E-16,0.));
#13695=DIRECTION('',(0.,0.,-1.));
#13696=DIRECTION('',(-1.,7.21644966006352E-16,0.));
#13697=DIRECTION('',(0.,0.,-1.));
#13698=DIRECTION('',(-1.,8.88178419700125E-16,0.));
#13699=DIRECTION('',(0.866025403784439,-0.5,0.));
#13700=DIRECTION('',(0.5,0.866025403784439,0.));
#13701=DIRECTION('',(0.,0.,-1.));
#13702=DIRECTION('',(-0.5,-0.866025403784439,0.));
#13703=DIRECTION('',(0.,0.,-1.));
#13704=DIRECTION('',(-0.5,-0.866025403784438,0.));
#13705=DIRECTION('',(0.,0.,-1.));
#13706=DIRECTION('',(-0.5,-0.866025403784439,0.));
#13707=DIRECTION('',(0.866025403784439,0.5,0.));
#13708=DIRECTION('',(-0.5,0.866025403784439,0.));
#13709=DIRECTION('',(0.,0.,-1.));
#13710=DIRECTION('',(0.5,-0.866025403784439,0.));
#13711=DIRECTION('',(0.,0.,-1.));
#13712=DIRECTION('',(0.5,-0.866025403784439,0.));
#13713=DIRECTION('',(0.,0.,-1.));
#13714=DIRECTION('',(0.5,-0.866025403784439,0.));
#13715=DIRECTION('',(6.66133814775094E-16,1.,0.));
#13716=DIRECTION('',(-1.,6.66133814775094E-16,0.));
#13717=DIRECTION('',(0.,0.,-1.));
#13718=DIRECTION('',(1.,-6.66133814775094E-16,0.));
#13719=DIRECTION('',(0.,0.,-1.));
#13720=DIRECTION('',(1.,-3.33066907387547E-16,0.));
#13721=DIRECTION('',(0.,0.,-1.));
#13722=DIRECTION('',(1.,-6.66133814775094E-16,0.));
#13723=DIRECTION('',(-0.866025403784438,0.5,0.));
#13724=DIRECTION('',(-0.5,-0.866025403784438,0.));
#13725=DIRECTION('',(0.5,0.866025403784438,0.));
#13726=DIRECTION('',(0.,0.,-1.));
#13727=DIRECTION('',(0.5,0.866025403784438,0.));
#13728=DIRECTION('',(0.,0.,-1.));
#13729=DIRECTION('',(0.5,0.866025403784438,0.));
#13730=DIRECTION('',(0.813797681349374,0.469846310392954,-0.342020143325668));
#13731=DIRECTION('',(-0.296198132726024,-0.171010071662834,-0.939692620785908));
#13732=DIRECTION('',(0.387449252410576,-3.34601254300619E-16,0.921891033043757));
#13733=DIRECTION('',(0.193724626205288,0.335540895264847,0.921891033043757));
#13734=DIRECTION('',(-0.5,0.866025403784439,0.));
#13735=DIRECTION('',(1.15079156022785E-16,0.939692620785908,-0.342020143325668));
#13736=DIRECTION('',(-4.18853873767699E-17,-0.342020143325668,-0.939692620785908));
#13737=DIRECTION('',(-0.193724626205287,0.335540895264847,0.921891033043758));
#13738=DIRECTION('',(-1.,1.22464679914735E-16,0.));
#13739=DIRECTION('',(-0.813797681349373,0.469846310392955,-0.342020143325668));
#13740=DIRECTION('',(0.296198132726024,-0.171010071662834,-0.939692620785908));
#13741=DIRECTION('',(-0.387449252410576,1.02398268763047E-16,0.921891033043757));
#13742=DIRECTION('',(-0.5,-0.866025403784438,0.));
#13743=DIRECTION('',(-0.813797681349374,-0.469846310392954,-0.342020143325668));
#13744=DIRECTION('',(0.296198132726024,0.171010071662834,-0.939692620785908));
#13745=DIRECTION('',(-0.193724626205288,-0.335540895264847,0.921891033043757));
#13746=DIRECTION('',(0.5,-0.866025403784439,0.));
#13747=DIRECTION('',(-1.15079156022785E-16,-0.939692620785908,-0.342020143325668));
#13748=DIRECTION('',(4.18853873767699E-17,0.342020143325668,-0.939692620785908));
#13749=DIRECTION('',(0.193724626205287,-0.335540895264847,0.921891033043757));
#13750=DIRECTION('',(1.,-1.22464679914735E-16,0.));
#13751=DIRECTION('',(0.813797681349374,-0.469846310392955,-0.342020143325668));
#13752=DIRECTION('',(-0.296198132726024,0.171010071662834,-0.939692620785908));
#13753=DIRECTION('',(0.5,0.866025403784438,0.));
#13754=DIRECTION('',(-1.22464679914735E-16,-1.,0.));
#13755=DIRECTION('',(1.,-1.22464679914735E-16,0.));
#13756=DIRECTION('',(0.,0.,-1.));
#13757=DIRECTION('',(-1.,1.22464679914735E-16,0.));
#13758=DIRECTION('',(0.,0.,-1.));
#13759=DIRECTION('',(-1.,2.4492935982947E-16,0.));
#13760=DIRECTION('',(0.,0.,-1.));
#13761=DIRECTION('',(-1.,1.22464679914735E-16,0.));
#13762=DIRECTION('',(0.,0.,-1.));
#13763=DIRECTION('',(0.866025403784438,-0.5,0.));
#13764=DIRECTION('',(0.5,0.866025403784438,0.));
#13765=DIRECTION('',(0.,0.,-1.));
#13766=DIRECTION('',(-0.5,-0.866025403784438,0.));
#13767=DIRECTION('',(0.,0.,-1.));
#13768=DIRECTION('',(-0.5,-0.866025403784438,0.));
#13769=DIRECTION('',(0.,0.,-1.));
#13770=DIRECTION('',(-0.5,-0.866025403784438,0.));
#13771=DIRECTION('',(0.866025403784439,0.5,0.));
#13772=DIRECTION('',(-0.5,0.866025403784439,0.));
#13773=DIRECTION('',(0.,0.,-1.));
#13774=DIRECTION('',(0.5,-0.866025403784439,0.));
#13775=DIRECTION('',(0.,0.,-1.));
#13776=DIRECTION('',(0.5,-0.866025403784439,0.));
#13777=DIRECTION('',(0.,0.,-1.));
#13778=DIRECTION('',(0.5,-0.866025403784439,0.));
#13779=DIRECTION('',(1.22464679914735E-16,1.,0.));
#13780=DIRECTION('',(-1.,1.22464679914735E-16,0.));
#13781=DIRECTION('',(0.,0.,-1.));
#13782=DIRECTION('',(1.,-1.22464679914735E-16,0.));
#13783=DIRECTION('',(0.,0.,-1.));
#13784=DIRECTION('',(1.,-1.22464679914735E-16,0.));
#13785=DIRECTION('',(0.,0.,-1.));
#13786=DIRECTION('',(1.,-1.22464679914735E-16,0.));
#13787=DIRECTION('',(-0.866025403784439,0.5,0.));
#13788=DIRECTION('',(-0.5,-0.866025403784439,0.));
#13789=DIRECTION('',(0.,0.,-1.));
#13790=DIRECTION('',(0.5,0.866025403784438,0.));
#13791=DIRECTION('',(0.,0.,-1.));
#13792=DIRECTION('',(0.5,0.866025403784439,0.));
#13793=DIRECTION('',(0.,0.,-1.));
#13794=DIRECTION('',(0.5,0.866025403784438,0.));
#13795=DIRECTION('',(-0.866025403784439,-0.5,0.));
#13796=DIRECTION('',(0.5,-0.866025403784439,0.));
#13797=DIRECTION('',(-0.5,0.866025403784439,0.));
#13798=DIRECTION('',(0.,0.,-1.));
#13799=DIRECTION('',(-0.5,0.866025403784439,0.));
#13800=DIRECTION('',(0.,0.,-1.));
#13801=DIRECTION('',(-0.5,0.866025403784439,0.));
#13802=DIRECTION('',(9.91104964483528E-16,0.939692620785908,-0.342020143325668));
#13803=DIRECTION('',(-3.60732706105466E-16,-0.342020143325668,-0.939692620785908));
#13804=DIRECTION('',(0.193724626205288,0.335540895264847,0.921891033043757));
#13805=DIRECTION('',(-0.193724626205287,0.335540895264848,0.921891033043757));
#13806=DIRECTION('',(-1.,1.0547118733939E-15,0.));
#13807=DIRECTION('',(-0.813797681349374,0.469846310392955,-0.342020143325668));
#13808=DIRECTION('',(0.296198132726024,-0.171010071662834,-0.939692620785908));
#13809=DIRECTION('',(-0.387449252410576,4.01521505160742E-16,0.921891033043757));
#13810=DIRECTION('',(-0.5,-0.866025403784438,0.));
#13811=DIRECTION('',(-0.813797681349375,-0.469846310392953,-0.342020143325668));
#13812=DIRECTION('',(0.296198132726024,0.171010071662834,-0.939692620785908));
#13813=DIRECTION('',(-0.193724626205288,-0.335540895264847,0.921891033043757));
#13814=DIRECTION('',(0.5,-0.866025403784439,0.));
#13815=DIRECTION('',(-1.56490257550031E-16,-0.939692620785908,-0.342020143325668));
#13816=DIRECTION('',(5.6957795700863E-17,0.342020143325668,-0.939692620785908));
#13817=DIRECTION('',(0.193724626205287,-0.335540895264847,0.921891033043757));
#13818=DIRECTION('',(1.,-1.66533453693773E-16,0.));
#13819=DIRECTION('',(0.813797681349374,-0.469846310392955,-0.342020143325668));
#13820=DIRECTION('',(-0.296198132726024,0.171010071662834,-0.939692620785908));
#13821=DIRECTION('',(0.387449252410576,-3.70079272203542E-16,0.921891033043757));
#13822=DIRECTION('',(0.5,0.866025403784438,0.));
#13823=DIRECTION('',(0.813797681349374,0.469846310392954,-0.342020143325668));
#13824=DIRECTION('',(-0.296198132726024,-0.171010071662834,-0.939692620785908));
#13825=DIRECTION('',(-0.5,0.866025403784439,0.));
#13826=DIRECTION('',(0.866025403784439,-0.5,0.));
#13827=DIRECTION('',(0.5,0.866025403784439,0.));
#13828=DIRECTION('',(0.,0.,-1.));
#13829=DIRECTION('',(-0.5,-0.866025403784438,0.));
#13830=DIRECTION('',(0.,0.,-1.));
#13831=DIRECTION('',(-0.5,-0.866025403784438,0.));
#13832=DIRECTION('',(0.,0.,-1.));
#13833=DIRECTION('',(-0.5,-0.866025403784438,0.));
#13834=DIRECTION('',(0.,0.,-1.));
#13835=DIRECTION('',(0.866025403784439,0.5,0.));
#13836=DIRECTION('',(-0.5,0.866025403784439,0.));
#13837=DIRECTION('',(0.,0.,-1.));
#13838=DIRECTION('',(0.5,-0.866025403784439,0.));
#13839=DIRECTION('',(0.,0.,-1.));
#13840=DIRECTION('',(0.5,-0.866025403784439,0.));
#13841=DIRECTION('',(0.,0.,-1.));
#13842=DIRECTION('',(0.5,-0.866025403784439,0.));
#13843=DIRECTION('',(1.66533453693773E-16,1.,0.));
#13844=DIRECTION('',(-1.,1.66533453693773E-16,0.));
#13845=DIRECTION('',(0.,0.,-1.));
#13846=DIRECTION('',(1.,-1.66533453693773E-16,0.));
#13847=DIRECTION('',(0.,0.,-1.));
#13848=DIRECTION('',(1.,-1.27675647831893E-15,0.));
#13849=DIRECTION('',(0.,0.,-1.));
#13850=DIRECTION('',(1.,-1.66533453693773E-16,0.));
#13851=DIRECTION('',(-0.866025403784439,0.5,0.));
#13852=DIRECTION('',(-0.5,-0.866025403784439,0.));
#13853=DIRECTION('',(0.,0.,-1.));
#13854=DIRECTION('',(0.5,0.866025403784438,0.));
#13855=DIRECTION('',(0.,0.,-1.));
#13856=DIRECTION('',(0.5,0.866025403784438,0.));
#13857=DIRECTION('',(0.,0.,-1.));
#13858=DIRECTION('',(0.5,0.866025403784438,0.));
#13859=DIRECTION('',(-0.866025403784439,-0.5,0.));
#13860=DIRECTION('',(0.5,-0.866025403784439,0.));
#13861=DIRECTION('',(0.,0.,-1.));
#13862=DIRECTION('',(-0.5,0.866025403784439,0.));
#13863=DIRECTION('',(0.,0.,-1.));
#13864=DIRECTION('',(-0.5,0.866025403784439,0.));
#13865=DIRECTION('',(0.,0.,-1.));
#13866=DIRECTION('',(-0.5,0.866025403784439,0.));
#13867=DIRECTION('',(-1.0547118733939E-15,-1.,0.));
#13868=DIRECTION('',(1.,-1.0547118733939E-15,0.));
#13869=DIRECTION('',(-1.,1.0547118733939E-15,0.));
#13870=DIRECTION('',(0.,0.,-1.));
#13871=DIRECTION('',(-1.,7.21644966006352E-16,0.));
#13872=DIRECTION('',(0.,0.,-1.));
#13873=DIRECTION('',(-1.,1.0547118733939E-15,0.));
#13874=DIRECTION('',(-0.813797681349373,0.469846310392955,-0.342020143325668));
#13875=DIRECTION('',(0.296198132726024,-0.171010071662835,-0.939692620785908));
#13876=DIRECTION('',(-0.193724626205287,0.335540895264848,0.921891033043757));
#13877=DIRECTION('',(-0.387449252410576,3.66043487257818E-16,0.921891033043757));
#13878=DIRECTION('',(-0.5,-0.866025403784438,0.));
#13879=DIRECTION('',(-0.813797681349374,-0.469846310392954,-0.342020143325668));
#13880=DIRECTION('',(0.296198132726024,0.171010071662834,-0.939692620785908));
#13881=DIRECTION('',(-0.193724626205288,-0.335540895264847,0.921891033043757));
#13882=DIRECTION('',(0.5,-0.866025403784439,0.));
#13883=DIRECTION('',(-1.35624889876693E-15,-0.939692620785908,-0.342020143325668));
#13884=DIRECTION('',(4.9363422940748E-16,0.342020143325668,-0.939692620785908));
#13885=DIRECTION('',(0.193724626205287,-0.335540895264848,0.921891033043757));
#13886=DIRECTION('',(1.,-1.4432899320127E-15,0.));
#13887=DIRECTION('',(0.813797681349374,-0.469846310392955,-0.342020143325668));
#13888=DIRECTION('',(-0.296198132726024,0.171010071662834,-0.939692620785908));
#13889=DIRECTION('',(0.387449252410576,-2.32202985537571E-16,0.921891033043757));
#13890=DIRECTION('',(0.5,0.866025403784439,0.));
#13891=DIRECTION('',(0.813797681349374,0.469846310392954,-0.342020143325668));
#13892=DIRECTION('',(-0.296198132726024,-0.171010071662834,-0.939692620785908));
#13893=DIRECTION('',(0.193724626205288,0.335540895264847,0.921891033043757));
#13894=DIRECTION('',(-0.5,0.866025403784439,0.));
#13895=DIRECTION('',(1.14759522203356E-15,0.939692620785908,-0.342020143325668));
#13896=DIRECTION('',(-4.17690501806329E-16,-0.342020143325668,-0.939692620785908));
#13897=DIRECTION('',(-1.,1.22124532708767E-15,0.));
#13898=DIRECTION('',(0.866025403784439,0.5,0.));
#13899=DIRECTION('',(-0.5,0.866025403784439,0.));
#13900=DIRECTION('',(0.,0.,-1.));
#13901=DIRECTION('',(0.5,-0.866025403784439,0.));
#13902=DIRECTION('',(0.,0.,-1.));
#13903=DIRECTION('',(0.5,-0.866025403784439,0.));
#13904=DIRECTION('',(0.,0.,-1.));
#13905=DIRECTION('',(0.5,-0.866025403784439,0.));
#13906=DIRECTION('',(0.,0.,-1.));
#13907=DIRECTION('',(1.4432899320127E-15,1.,0.));
#13908=DIRECTION('',(-1.,1.4432899320127E-15,0.));
#13909=DIRECTION('',(0.,0.,-1.));
#13910=DIRECTION('',(1.,-1.4432899320127E-15,0.));
#13911=DIRECTION('',(0.,0.,-1.));
#13912=DIRECTION('',(1.,-1.27675647831893E-15,0.));
#13913=DIRECTION('',(0.,0.,-1.));
#13914=DIRECTION('',(1.,-1.4432899320127E-15,0.));
#13915=DIRECTION('',(-0.866025403784439,0.5,0.));
#13916=DIRECTION('',(-0.5,-0.866025403784439,0.));
#13917=DIRECTION('',(0.,0.,-1.));
#13918=DIRECTION('',(0.5,0.866025403784439,0.));
#13919=DIRECTION('',(0.,0.,-1.));
#13920=DIRECTION('',(0.5,0.866025403784438,0.));
#13921=DIRECTION('',(0.,0.,-1.));
#13922=DIRECTION('',(0.5,0.866025403784439,0.));
#13923=DIRECTION('',(-0.866025403784439,-0.5,0.));
#13924=DIRECTION('',(0.5,-0.866025403784439,0.));
#13925=DIRECTION('',(0.,0.,-1.));
#13926=DIRECTION('',(-0.5,0.866025403784439,0.));
#13927=DIRECTION('',(0.,0.,-1.));
#13928=DIRECTION('',(-0.5,0.866025403784439,0.));
#13929=DIRECTION('',(0.,0.,-1.));
#13930=DIRECTION('',(-0.5,0.866025403784439,0.));
#13931=DIRECTION('',(-1.22124532708767E-15,-1.,0.));
#13932=DIRECTION('',(1.,-1.22124532708767E-15,0.));
#13933=DIRECTION('',(0.,0.,-1.));
#13934=DIRECTION('',(-1.,1.22124532708767E-15,0.));
#13935=DIRECTION('',(0.,0.,-1.));
#13936=DIRECTION('',(-1.,8.88178419700125E-16,0.));
#13937=DIRECTION('',(0.,0.,-1.));
#13938=DIRECTION('',(-1.,1.22124532708767E-15,0.));
#13939=DIRECTION('',(0.866025403784438,-0.5,0.));
#13940=DIRECTION('',(0.5,0.866025403784438,0.));
#13941=DIRECTION('',(-0.5,-0.866025403784438,0.));
#13942=DIRECTION('',(0.,0.,-1.));
#13943=DIRECTION('',(-0.5,-0.866025403784438,0.));
#13944=DIRECTION('',(0.,0.,-1.));
#13945=DIRECTION('',(-0.5,-0.866025403784438,0.));
#13946=DIRECTION('',(1.,0.,0.));
#13947=DIRECTION('',(0.,0.,-1.));
#13948=DIRECTION('',(0.,-1.,0.));
#13949=DIRECTION('',(0.,0.,-1.));
#13950=DIRECTION('',(0.,-1.,0.));
#13951=DIRECTION('',(0.,1.,0.));
#13952=DIRECTION('',(0.,0.,1.));
#13953=DIRECTION('',(0.,0.,-1.));
#13954=DIRECTION('',(0.,0.,-1.));
#13955=DIRECTION('',(1.,0.,0.));
#13956=DIRECTION('',(0.,0.,-1.));
#13957=DIRECTION('',(1.,0.,0.));
#13958=DIRECTION('',(0.,0.,-1.));
#13959=DIRECTION('',(0.,-1.,0.));
#13960=DIRECTION('',(0.,-1.,0.));
#13961=DIRECTION('',(0.,0.,1.));
#13962=DIRECTION('',(1.,0.,0.));
#13963=DIRECTION('',(0.5,0.866025403784438,0.));
#13964=DIRECTION('',(-0.866025403784439,0.5,0.));
#13965=DIRECTION('',(0.866025403784439,-0.5,0.));
#13966=DIRECTION('',(0.,0.,-1.));
#13967=DIRECTION('',(0.866025403784439,-0.5,0.));
#13968=DIRECTION('',(-0.866025403784438,0.5,0.));
#13969=DIRECTION('',(-0.5,-0.866025403784439,0.));
#13970=DIRECTION('',(0.,0.,-1.));
#13971=DIRECTION('',(0.,0.,-1.));
#13972=DIRECTION('',(0.5,0.866025403784439,0.));
#13973=DIRECTION('',(0.,0.,-1.));
#13974=DIRECTION('',(0.5,0.866025403784438,0.));
#13975=DIRECTION('',(-0.866025403784439,0.5,0.));
#13976=DIRECTION('',(0.866025403784439,-0.5,0.));
#13977=DIRECTION('',(0.866025403784439,-0.5,0.));
#13978=DIRECTION('',(0.,0.,1.));
#13979=DIRECTION('',(0.5,0.866025403784439,0.));
#13980=DIRECTION('',(-0.5,0.866025403784439,0.));
#13981=DIRECTION('',(-0.866025403784439,-0.5,0.));
#13982=DIRECTION('',(0.866025403784439,0.5,0.));
#13983=DIRECTION('',(0.,0.,-1.));
#13984=DIRECTION('',(0.866025403784439,0.5,0.));
#13985=DIRECTION('',(-0.866025403784439,-0.5,0.));
#13986=DIRECTION('',(0.5,-0.866025403784439,0.));
#13987=DIRECTION('',(0.,0.,-1.));
#13988=DIRECTION('',(0.,0.,-1.));
#13989=DIRECTION('',(-0.5,0.866025403784439,0.));
#13990=DIRECTION('',(0.,0.,-1.));
#13991=DIRECTION('',(-0.5,0.866025403784439,0.));
#13992=DIRECTION('',(-0.866025403784439,-0.5,0.));
#13993=DIRECTION('',(0.866025403784439,0.5,0.));
#13994=DIRECTION('',(0.866025403784439,0.5,0.));
#13995=DIRECTION('',(0.,0.,1.));
#13996=DIRECTION('',(-0.5,0.866025403784439,0.));
#13997=DIRECTION('',(-1.,1.22464679914735E-16,0.));
#13998=DIRECTION('',(-1.22464679914735E-16,-1.,0.));
#13999=DIRECTION('',(1.22464679914735E-16,1.,0.));
#14000=DIRECTION('',(0.,0.,-1.));
#14001=DIRECTION('',(1.22464679914735E-16,1.,0.));
#14002=DIRECTION('',(-1.22464679914735E-16,-1.,0.));
#14003=DIRECTION('',(1.,-1.22464679914735E-16,0.));
#14004=DIRECTION('',(0.,0.,-1.));
#14005=DIRECTION('',(0.,0.,-1.));
#14006=DIRECTION('',(-1.,1.22464679914735E-16,0.));
#14007=DIRECTION('',(0.,0.,-1.));
#14008=DIRECTION('',(-1.,1.22464679914735E-16,0.));
#14009=DIRECTION('',(-1.22464679914735E-16,-1.,0.));
#14010=DIRECTION('',(1.22464679914735E-16,1.,0.));
#14011=DIRECTION('',(1.22464679914735E-16,1.,0.));
#14012=DIRECTION('',(0.,0.,1.));
#14013=DIRECTION('',(-1.,1.22464679914735E-16,0.));
#14014=DIRECTION('',(-0.5,-0.866025403784439,0.));
#14015=DIRECTION('',(0.866025403784439,-0.5,0.));
#14016=DIRECTION('',(-0.866025403784438,0.5,0.));
#14017=DIRECTION('',(0.,0.,-1.));
#14018=DIRECTION('',(-0.866025403784438,0.5,0.));
#14019=DIRECTION('',(0.866025403784439,-0.5,0.));
#14020=DIRECTION('',(0.5,0.866025403784439,0.));
#14021=DIRECTION('',(0.,0.,-1.));
#14022=DIRECTION('',(0.,0.,-1.));
#14023=DIRECTION('',(-0.5,-0.866025403784438,0.));
#14024=DIRECTION('',(0.,0.,-1.));
#14025=DIRECTION('',(-0.5,-0.866025403784439,0.));
#14026=DIRECTION('',(0.866025403784439,-0.5,0.));
#14027=DIRECTION('',(-0.866025403784438,0.5,0.));
#14028=DIRECTION('',(-0.866025403784438,0.5,0.));
#14029=DIRECTION('',(0.,0.,1.));
#14030=DIRECTION('',(-0.5,-0.866025403784438,0.));
#14031=DIRECTION('',(0.5,-0.866025403784439,0.));
#14032=DIRECTION('',(0.866025403784439,0.5,0.));
#14033=DIRECTION('',(-0.866025403784439,-0.5,0.));
#14034=DIRECTION('',(0.,0.,-1.));
#14035=DIRECTION('',(-0.866025403784439,-0.5,0.));
#14036=DIRECTION('',(0.866025403784439,0.5,0.));
#14037=DIRECTION('',(-0.5,0.866025403784439,0.));
#14038=DIRECTION('',(0.,0.,-1.));
#14039=DIRECTION('',(0.,0.,-1.));
#14040=DIRECTION('',(0.5,-0.866025403784439,0.));
#14041=DIRECTION('',(0.,0.,-1.));
#14042=DIRECTION('',(0.5,-0.866025403784439,0.));
#14043=DIRECTION('',(0.866025403784439,0.5,0.));
#14044=DIRECTION('',(-0.866025403784439,-0.5,0.));
#14045=DIRECTION('',(-0.866025403784439,-0.5,0.));
#14046=DIRECTION('',(0.,0.,1.));
#14047=DIRECTION('',(0.5,-0.866025403784439,0.));
#14048=DIRECTION('',(1.,0.,0.));
#14049=DIRECTION('',(0.,0.,-1.));
#14050=DIRECTION('',(0.,-1.,0.));
#14051=DIRECTION('',(0.,0.,1.));
#14052=DIRECTION('',(1.,0.,0.));
#14053=DIRECTION('',(0.5,0.866025403784439,0.));
#14054=DIRECTION('',(-0.866025403784439,0.5,0.));
#14055=DIRECTION('',(0.866025403784439,-0.5,0.));
#14056=DIRECTION('',(0.,0.,1.));
#14057=DIRECTION('',(1.,0.,0.));
#14058=DIRECTION('',(0.5,-0.866025403784441,0.));
#14059=DIRECTION('',(0.866025403784441,0.5,0.));
#14060=DIRECTION('',(-0.866025403784441,-0.5,0.));
#14061=DIRECTION('',(0.,0.,1.));
#14062=DIRECTION('',(1.,0.,0.));
#14063=DIRECTION('',(-0.5,-0.866025403784436,0.));
#14064=DIRECTION('',(0.866025403784436,-0.5,0.));
#14065=DIRECTION('',(-0.866025403784436,0.5,0.));
#14066=DIRECTION('',(0.,0.,1.));
#14067=DIRECTION('',(1.,0.,0.));
#14068=DIRECTION('',(-1.,0.,0.));
#14069=DIRECTION('',(0.,0.,1.));
#14070=DIRECTION('',(0.,1.,0.));
#14071=DIRECTION('',(0.,0.,1.));
#14072=DIRECTION('',(1.,0.,0.));
#14073=DIRECTION('',(-0.5,0.866025403784442,0.));
#14074=DIRECTION('',(-0.866025403784442,-0.5,0.));
#14075=DIRECTION('',(0.866025403784442,0.5,0.));
#14076=DIRECTION('',(0.,0.,1.));
#14077=DIRECTION('',(1.,0.,0.));
#14078=DIRECTION('',(-0.5,0.866025403784439,0.));
#14079=DIRECTION('',(-0.866025403784439,-0.5,0.));
#14080=DIRECTION('',(0.866025403784439,0.5,0.));
#14081=DIRECTION('',(0.866025403784439,0.5,0.));
#14082=DIRECTION('',(0.,0.,-1.));
#14083=DIRECTION('',(0.,0.,1.));
#14084=DIRECTION('',(-0.5,0.866025403784439,0.));
#14085=DIRECTION('',(0.866025403784439,0.5,0.));
#14086=DIRECTION('',(-0.5,0.866025403784439,0.));
#14087=DIRECTION('',(-0.5,0.866025403784439,0.));
#14088=DIRECTION('',(-0.866025403784439,-0.5,0.));
#14089=DIRECTION('',(0.866025403784439,0.5,0.));
#14090=DIRECTION('',(0.,0.,-1.));
#14091=DIRECTION('',(0.,0.,1.));
#14092=DIRECTION('',(0.5,-0.866025403784439,0.));
#14093=DIRECTION('',(1.27675647831893E-15,1.,0.));
#14094=DIRECTION('',(-0.866025403784436,0.5,0.));
#14095=DIRECTION('',(-1.,1.33226762955019E-15,0.));
#14096=DIRECTION('',(-1.33226762955019E-15,-1.,0.));
#14097=DIRECTION('',(1.27675647831893E-15,1.,0.));
#14098=DIRECTION('',(0.,0.,-1.));
#14099=DIRECTION('',(0.,0.,1.));
#14100=DIRECTION('',(-1.,1.27675647831893E-15,0.));
#14101=DIRECTION('',(1.27675647831893E-15,1.,0.));
#14102=DIRECTION('',(-1.,1.27675647831893E-15,0.));
#14103=DIRECTION('',(-1.,1.33226762955019E-15,0.));
#14104=DIRECTION('',(-1.33226762955019E-15,-1.,0.));
#14105=DIRECTION('',(1.27675647831893E-15,1.,0.));
#14106=DIRECTION('',(0.,0.,-1.));
#14107=DIRECTION('',(0.,0.,1.));
#14108=DIRECTION('',(0.5,-0.866025403784439,0.));
#14109=DIRECTION('',(-0.866025403784438,0.5,0.));
#14110=DIRECTION('',(-0.866025403784439,-0.5,0.));
#14111=DIRECTION('',(-0.5,-0.866025403784438,0.));
#14112=DIRECTION('',(0.866025403784438,-0.5,0.));
#14113=DIRECTION('',(-0.866025403784438,0.5,0.));
#14114=DIRECTION('',(0.,0.,-1.));
#14115=DIRECTION('',(0.,0.,1.));
#14116=DIRECTION('',(-0.5,-0.866025403784438,0.));
#14117=DIRECTION('',(-0.866025403784438,0.5,0.));
#14118=DIRECTION('',(-0.5,-0.866025403784438,0.));
#14119=DIRECTION('',(-0.5,-0.866025403784438,0.));
#14120=DIRECTION('',(0.866025403784438,-0.5,0.));
#14121=DIRECTION('',(-0.866025403784438,0.5,0.));
#14122=DIRECTION('',(0.,0.,-1.));
#14123=DIRECTION('',(0.,0.,1.));
#14124=DIRECTION('',(0.5,-0.866025403784439,0.));
#14125=DIRECTION('',(-0.866025403784439,-0.5,0.));
#14126=DIRECTION('',(3.88578058618805E-16,-1.,0.));
#14127=DIRECTION('',(0.5,-0.866025403784439,0.));
#14128=DIRECTION('',(0.,0.,-1.));
#14129=DIRECTION('',(-0.866025403784439,-0.5,0.));
#14130=DIRECTION('',(0.,0.,-1.));
#14131=DIRECTION('',(0.,0.,1.));
#14132=DIRECTION('',(0.5,-0.866025403784439,0.));
#14133=DIRECTION('',(-0.866025403784439,-0.5,0.));
#14134=DIRECTION('',(0.5,-0.866025403784439,0.));
#14135=DIRECTION('',(0.5,-0.866025403784439,0.));
#14136=DIRECTION('',(0.,0.,-1.));
#14137=DIRECTION('',(-0.866025403784439,-0.5,0.));
#14138=DIRECTION('',(0.,0.,-1.));
#14139=DIRECTION('',(0.,0.,1.));
#14140=DIRECTION('',(0.5,-0.866025403784439,0.));
#14141=DIRECTION('',(-8.88178419700125E-16,-1.,0.));
#14142=DIRECTION('',(0.866025403784435,-0.500000000000006,0.));
#14143=DIRECTION('',(1.,-8.88178419700125E-16,0.));
#14144=DIRECTION('',(8.88178419700125E-16,1.,0.));
#14145=DIRECTION('',(-8.88178419700125E-16,-1.,0.));
#14146=DIRECTION('',(0.,0.,-1.));
#14147=DIRECTION('',(0.,0.,1.));
#14148=DIRECTION('',(1.,-8.88178419700125E-16,0.));
#14149=DIRECTION('',(-8.88178419700125E-16,-1.,0.));
#14150=DIRECTION('',(1.,-8.88178419700125E-16,0.));
#14151=DIRECTION('',(1.,-8.88178419700125E-16,0.));
#14152=DIRECTION('',(8.88178419700125E-16,1.,0.));
#14153=DIRECTION('',(-8.88178419700125E-16,-1.,0.));
#14154=DIRECTION('',(0.,0.,-1.));
#14155=DIRECTION('',(0.,0.,1.));
#14156=DIRECTION('',(0.5,-0.866025403784439,0.));
#14157=DIRECTION('',(0.866025403784438,-0.5,0.));
#14158=DIRECTION('',(0.866025403784439,0.5,0.));
#14159=DIRECTION('',(0.5,0.866025403784438,0.));
#14160=DIRECTION('',(-0.866025403784438,0.5,0.));
#14161=DIRECTION('',(0.866025403784438,-0.5,0.));
#14162=DIRECTION('',(0.,0.,-1.));
#14163=DIRECTION('',(0.,0.,1.));
#14164=DIRECTION('',(0.5,0.866025403784438,0.));
#14165=DIRECTION('',(0.866025403784438,-0.5,0.));
#14166=DIRECTION('',(0.5,0.866025403784438,0.));
#14167=DIRECTION('',(0.5,0.866025403784438,0.));
#14168=DIRECTION('',(-0.866025403784438,0.5,0.));
#14169=DIRECTION('',(0.866025403784438,-0.5,0.));
#14170=DIRECTION('',(0.,0.,-1.));
#14171=DIRECTION('',(-1.33226762955019E-15,-1.,0.));
#14172=DIRECTION('',(1.,-1.33226762955019E-15,0.));
#14173=DIRECTION('',(-1.,1.27675647831893E-15,0.));
#14174=DIRECTION('',(0.,0.,-1.));
#14175=DIRECTION('',(0.,0.,-1.));
#14176=DIRECTION('',(-0.5,-0.866025403784436,0.));
#14177=DIRECTION('',(0.866025403784436,-0.5,0.));
#14178=DIRECTION('',(-0.866025403784436,0.5,0.));
#14179=DIRECTION('',(0.,0.,-1.));
#14180=DIRECTION('',(-0.866025403784439,-0.5,0.));
#14181=DIRECTION('',(0.5,-0.866025403784439,0.));
#14182=DIRECTION('',(-0.5,0.866025403784439,0.));
#14183=DIRECTION('',(0.,0.,-1.));
#14184=DIRECTION('',(-1.,5.77315972805081E-15,0.));
#14185=DIRECTION('',(-5.77315972805081E-15,-1.,0.));
#14186=DIRECTION('',(5.77315972805081E-15,1.,0.));
#14187=DIRECTION('',(0.,0.,-1.));
#14188=DIRECTION('',(5.77315972805081E-15,1.,0.));
#14189=DIRECTION('',(-0.866025403784438,0.5,0.));
#14190=DIRECTION('',(-0.5,-0.866025403784438,0.));
#14191=DIRECTION('',(0.5,0.866025403784438,0.));
#14192=DIRECTION('',(0.,0.,-1.));
#14193=DIRECTION('',(-0.5,0.866025403784439,0.));
#14194=DIRECTION('',(0.,0.,1.));
#14195=DIRECTION('',(0.866025403784439,0.5,0.));
#14196=DIRECTION('',(0.,0.,-1.));
#14197=DIRECTION('',(8.88178419700125E-16,1.,0.));
#14198=DIRECTION('',(-1.,8.88178419700125E-16,0.));
#14199=DIRECTION('',(1.,-8.88178419700125E-16,0.));
#14200=DIRECTION('',(0.,0.,-1.));
#14201=DIRECTION('',(0.500000000000006,0.866025403784435,0.));
#14202=DIRECTION('',(-0.866025403784435,0.500000000000006,0.));
#14203=DIRECTION('',(0.866025403784435,-0.500000000000006,0.));
#14204=DIRECTION('',(0.,0.,-1.));
#14205=DIRECTION('',(0.866025403784439,0.5,0.));
#14206=DIRECTION('',(0.,0.,1.));
#14207=DIRECTION('',(0.5,-0.866025403784439,0.));
#14208=DIRECTION('',(0.,0.,-1.));
#14209=DIRECTION('',(1.,3.88578058618805E-16,0.));
#14210=DIRECTION('',(-3.88578058618805E-16,1.,0.));
#14211=DIRECTION('',(3.88578058618805E-16,-1.,0.));
#14212=DIRECTION('',(0.,0.,-1.));
#14213=DIRECTION('',(0.866025403784438,-0.5,0.));
#14214=DIRECTION('',(0.5,0.866025403784438,0.));
#14215=DIRECTION('',(-0.5,-0.866025403784438,0.));
#14216=DIRECTION('',(0.,0.,-1.));
#14217=DIRECTION('',(0.5,-0.866025403784439,0.));
#14218=DIRECTION('',(0.,0.,-1.));
#14219=DIRECTION('',(-0.866025403784439,-0.5,0.));
#14220=DIRECTION('',(0.,0.,1.));
#14221=DIRECTION('',(0.5,-0.866025403784439,0.));
#14222=DIRECTION('',(0.5,0.866025403784438,0.));
#14223=DIRECTION('',(-0.866025403784438,0.5,0.));
#14224=DIRECTION('',(0.866025403784438,-0.5,0.));
#14225=DIRECTION('',(0.866025403784438,-0.5,0.));
#14226=DIRECTION('',(0.,0.,-1.));
#14227=DIRECTION('',(0.,0.,1.));
#14228=DIRECTION('',(0.5,0.866025403784438,0.));
#14229=DIRECTION('',(0.866025403784438,-0.5,0.));
#14230=DIRECTION('',(0.5,0.866025403784438,0.));
#14231=DIRECTION('',(0.5,0.866025403784438,0.));
#14232=DIRECTION('',(-0.866025403784438,0.5,0.));
#14233=DIRECTION('',(0.866025403784438,-0.5,0.));
#14234=DIRECTION('',(0.,0.,-1.));
#14235=DIRECTION('',(0.,0.,1.));
#14236=DIRECTION('',(-0.5,-0.866025403784438,0.));
#14237=DIRECTION('',(0.866025403784439,0.5,0.));
#14238=DIRECTION('',(5.60662627435704E-15,1.,0.));
#14239=DIRECTION('',(-0.5,0.866025403784439,0.));
#14240=DIRECTION('',(-0.866025403784439,-0.5,0.));
#14241=DIRECTION('',(0.866025403784439,0.5,0.));
#14242=DIRECTION('',(0.,0.,-1.));
#14243=DIRECTION('',(0.,0.,1.));
#14244=DIRECTION('',(-0.5,0.866025403784439,0.));
#14245=DIRECTION('',(0.866025403784439,0.5,0.));
#14246=DIRECTION('',(-0.5,0.866025403784439,0.));
#14247=DIRECTION('',(-0.5,0.866025403784439,0.));
#14248=DIRECTION('',(-0.866025403784439,-0.5,0.));
#14249=DIRECTION('',(0.866025403784439,0.5,0.));
#14250=DIRECTION('',(0.,0.,-1.));
#14251=DIRECTION('',(0.,0.,1.));
#14252=DIRECTION('',(-0.5,-0.866025403784438,0.));
#14253=DIRECTION('',(1.27675647831893E-15,1.,0.));
#14254=DIRECTION('',(-0.866025403784438,0.5,0.));
#14255=DIRECTION('',(-1.,1.27675647831893E-15,0.));
#14256=DIRECTION('',(-1.27675647831893E-15,-1.,0.));
#14257=DIRECTION('',(1.27675647831893E-15,1.,0.));
#14258=DIRECTION('',(0.,0.,-1.));
#14259=DIRECTION('',(0.,0.,1.));
#14260=DIRECTION('',(-1.,1.27675647831893E-15,0.));
#14261=DIRECTION('',(1.27675647831893E-15,1.,0.));
#14262=DIRECTION('',(-1.,1.27675647831893E-15,0.));
#14263=DIRECTION('',(-1.,1.27675647831893E-15,0.));
#14264=DIRECTION('',(-1.27675647831893E-15,-1.,0.));
#14265=DIRECTION('',(1.27675647831893E-15,1.,0.));
#14266=DIRECTION('',(0.,0.,-1.));
#14267=DIRECTION('',(0.,0.,1.));
#14268=DIRECTION('',(-0.5,-0.866025403784438,0.));
#14269=DIRECTION('',(-0.866025403784438,0.5,0.));
#14270=DIRECTION('',(-0.866025403784438,-0.5,0.));
#14271=DIRECTION('',(-0.5,-0.866025403784438,0.));
#14272=DIRECTION('',(0.,0.,-1.));
#14273=DIRECTION('',(-0.866025403784438,0.5,0.));
#14274=DIRECTION('',(0.,0.,-1.));
#14275=DIRECTION('',(0.,0.,1.));
#14276=DIRECTION('',(-0.5,-0.866025403784438,0.));
#14277=DIRECTION('',(-0.866025403784438,0.5,0.));
#14278=DIRECTION('',(-0.5,-0.866025403784438,0.));
#14279=DIRECTION('',(-0.5,-0.866025403784438,0.));
#14280=DIRECTION('',(0.,0.,-1.));
#14281=DIRECTION('',(-0.866025403784438,0.5,0.));
#14282=DIRECTION('',(0.,0.,-1.));
#14283=DIRECTION('',(0.,0.,1.));
#14284=DIRECTION('',(-0.5,-0.866025403784438,0.));
#14285=DIRECTION('',(-0.866025403784439,-0.5,0.));
#14286=DIRECTION('',(-6.7168492989822E-15,-1.,0.));
#14287=DIRECTION('',(0.5,-0.866025403784439,0.));
#14288=DIRECTION('',(0.866025403784439,0.5,0.));
#14289=DIRECTION('',(-0.866025403784439,-0.5,0.));
#14290=DIRECTION('',(0.,0.,-1.));
#14291=DIRECTION('',(0.,0.,1.));
#14292=DIRECTION('',(0.5,-0.866025403784439,0.));
#14293=DIRECTION('',(-0.866025403784439,-0.5,0.));
#14294=DIRECTION('',(0.5,-0.866025403784439,0.));
#14295=DIRECTION('',(0.5,-0.866025403784439,0.));
#14296=DIRECTION('',(0.866025403784439,0.5,0.));
#14297=DIRECTION('',(-0.866025403784439,-0.5,0.));
#14298=DIRECTION('',(0.,0.,-1.));
#14299=DIRECTION('',(0.,0.,1.));
#14300=DIRECTION('',(-0.5,-0.866025403784438,0.));
#14301=DIRECTION('',(-7.21644966006352E-16,-1.,0.));
#14302=DIRECTION('',(0.866025403784438,-0.5,0.));
#14303=DIRECTION('',(1.,-7.21644966006352E-16,0.));
#14304=DIRECTION('',(7.7715611723761E-16,1.,0.));
#14305=DIRECTION('',(-7.21644966006352E-16,-1.,0.));
#14306=DIRECTION('',(0.,0.,-1.));
#14307=DIRECTION('',(0.,0.,1.));
#14308=DIRECTION('',(1.,-7.21644966006352E-16,0.));
#14309=DIRECTION('',(-7.21644966006352E-16,-1.,0.));
#14310=DIRECTION('',(1.,-7.21644966006352E-16,0.));
#14311=DIRECTION('',(1.,-7.21644966006352E-16,0.));
#14312=DIRECTION('',(7.7715611723761E-16,1.,0.));
#14313=DIRECTION('',(-7.21644966006352E-16,-1.,0.));
#14314=DIRECTION('',(0.,0.,-1.));
#14315=DIRECTION('',(-0.866025403784439,-0.5,0.));
#14316=DIRECTION('',(0.5,-0.866025403784439,0.));
#14317=DIRECTION('',(-0.5,0.866025403784439,0.));
#14318=DIRECTION('',(0.,0.,-1.));
#14319=DIRECTION('',(0.,0.,-1.));
#14320=DIRECTION('',(-1.,5.60662627435704E-15,0.));
#14321=DIRECTION('',(-5.60662627435704E-15,-1.,0.));
#14322=DIRECTION('',(5.60662627435704E-15,1.,0.));
#14323=DIRECTION('',(0.,0.,-1.));
#14324=DIRECTION('',(-0.866025403784438,0.5,0.));
#14325=DIRECTION('',(-0.5,-0.866025403784438,0.));
#14326=DIRECTION('',(0.5,0.866025403784438,0.));
#14327=DIRECTION('',(0.,0.,-1.));
#14328=DIRECTION('',(-0.5,0.866025403784442,0.));
#14329=DIRECTION('',(-0.866025403784442,-0.5,0.));
#14330=DIRECTION('',(0.866025403784442,0.5,0.));
#14331=DIRECTION('',(0.,0.,-1.));
#14332=DIRECTION('',(0.866025403784442,0.5,0.));
#14333=DIRECTION('',(7.21644966006352E-16,1.,0.));
#14334=DIRECTION('',(-1.,7.7715611723761E-16,0.));
#14335=DIRECTION('',(1.,-7.21644966006352E-16,0.));
#14336=DIRECTION('',(0.,0.,-1.));
#14337=DIRECTION('',(0.5,0.866025403784438,0.));
#14338=DIRECTION('',(0.,0.,1.));
#14339=DIRECTION('',(0.866025403784438,-0.5,0.));
#14340=DIRECTION('',(0.,0.,-1.));
#14341=DIRECTION('',(0.866025403784439,0.5,0.));
#14342=DIRECTION('',(-0.5,0.866025403784439,0.));
#14343=DIRECTION('',(0.5,-0.866025403784439,0.));
#14344=DIRECTION('',(0.,0.,-1.));
#14345=DIRECTION('',(1.,-6.7168492989822E-15,0.));
#14346=DIRECTION('',(6.7168492989822E-15,1.,0.));
#14347=DIRECTION('',(-6.7168492989822E-15,-1.,0.));
#14348=DIRECTION('',(0.,0.,-1.));
#14349=DIRECTION('',(0.866025403784438,-0.5,0.));
#14350=DIRECTION('',(0.,0.,1.));
#14351=DIRECTION('',(-0.5,-0.866025403784438,0.));
#14352=DIRECTION('',(0.,0.,-1.));
#14353=DIRECTION('',(0.5,-0.866025403784438,0.));
#14354=DIRECTION('',(0.866025403784438,0.5,0.));
#14355=DIRECTION('',(-0.866025403784438,-0.5,0.));
#14356=DIRECTION('',(0.,0.,-1.));
#14357=DIRECTION('',(-1.27675647831893E-15,-1.,0.));
#14358=DIRECTION('',(1.,-1.27675647831893E-15,0.));
#14359=DIRECTION('',(-1.,1.27675647831893E-15,0.));
#14360=DIRECTION('',(0.,0.,-1.));
#14361=DIRECTION('',(-0.5,-0.866025403784438,0.));
#14362=DIRECTION('',(0.,0.,-1.));
#14363=DIRECTION('',(-0.866025403784438,0.5,0.));
#14364=DIRECTION('',(0.,0.,1.));
#14365=DIRECTION('',(-0.5,-0.866025403784438,0.));
#14366=DIRECTION('',(1.,-2.4492935982947E-16,0.));
#14367=DIRECTION('',(2.4492935982947E-16,1.,0.));
#14368=DIRECTION('',(-2.4492935982947E-16,-1.,0.));
#14369=DIRECTION('',(-2.4492935982947E-16,-1.,0.));
#14370=DIRECTION('',(0.,0.,-1.));
#14371=DIRECTION('',(0.,0.,1.));
#14372=DIRECTION('',(1.,-2.4492935982947E-16,0.));
#14373=DIRECTION('',(-2.4492935982947E-16,-1.,0.));
#14374=DIRECTION('',(1.,-2.4492935982947E-16,0.));
#14375=DIRECTION('',(1.,-2.4492935982947E-16,0.));
#14376=DIRECTION('',(2.4492935982947E-16,1.,0.));
#14377=DIRECTION('',(-2.4492935982947E-16,-1.,0.));
#14378=DIRECTION('',(0.,0.,-1.));
#14379=DIRECTION('',(0.,0.,1.));
#14380=DIRECTION('',(-1.,1.22464679914735E-16,0.));
#14381=DIRECTION('',(0.866025403784438,-0.5,0.));
#14382=DIRECTION('',(0.866025403784441,0.5,0.));
#14383=DIRECTION('',(0.5,0.866025403784438,0.));
#14384=DIRECTION('',(-0.866025403784438,0.5,0.));
#14385=DIRECTION('',(0.866025403784438,-0.5,0.));
#14386=DIRECTION('',(0.,0.,-1.));
#14387=DIRECTION('',(0.,0.,1.));
#14388=DIRECTION('',(0.5,0.866025403784438,0.));
#14389=DIRECTION('',(0.866025403784438,-0.5,0.));
#14390=DIRECTION('',(0.5,0.866025403784438,0.));
#14391=DIRECTION('',(0.5,0.866025403784438,0.));
#14392=DIRECTION('',(-0.866025403784438,0.5,0.));
#14393=DIRECTION('',(0.866025403784438,-0.5,0.));
#14394=DIRECTION('',(0.,0.,-1.));
#14395=DIRECTION('',(0.,0.,1.));
#14396=DIRECTION('',(-1.,1.22464679914735E-16,0.));
#14397=DIRECTION('',(0.866025403784439,0.5,0.));
#14398=DIRECTION('',(1.22464679914735E-16,1.,0.));
#14399=DIRECTION('',(-0.5,0.866025403784439,0.));
#14400=DIRECTION('',(-0.866025403784439,-0.5,0.));
#14401=DIRECTION('',(0.866025403784439,0.5,0.));
#14402=DIRECTION('',(0.,0.,-1.));
#14403=DIRECTION('',(0.,0.,1.));
#14404=DIRECTION('',(-0.5,0.866025403784439,0.));
#14405=DIRECTION('',(0.866025403784439,0.5,0.));
#14406=DIRECTION('',(-0.5,0.866025403784439,0.));
#14407=DIRECTION('',(-0.5,0.866025403784439,0.));
#14408=DIRECTION('',(-0.866025403784439,-0.5,0.));
#14409=DIRECTION('',(0.866025403784439,0.5,0.));
#14410=DIRECTION('',(0.,0.,-1.));
#14411=DIRECTION('',(0.,0.,1.));
#14412=DIRECTION('',(-1.,1.22464679914735E-16,0.));
#14413=DIRECTION('',(1.22464679914735E-16,1.,0.));
#14414=DIRECTION('',(-0.866025403784439,0.5,0.));
#14415=DIRECTION('',(-1.,1.22464679914735E-16,0.));
#14416=DIRECTION('',(0.,0.,-1.));
#14417=DIRECTION('',(1.22464679914735E-16,1.,0.));
#14418=DIRECTION('',(0.,0.,-1.));
#14419=DIRECTION('',(0.,0.,1.));
#14420=DIRECTION('',(-1.,1.22464679914735E-16,0.));
#14421=DIRECTION('',(1.22464679914735E-16,1.,0.));
#14422=DIRECTION('',(-1.,1.22464679914735E-16,0.));
#14423=DIRECTION('',(-1.,1.22464679914735E-16,0.));
#14424=DIRECTION('',(0.,0.,-1.));
#14425=DIRECTION('',(1.22464679914735E-16,1.,0.));
#14426=DIRECTION('',(0.,0.,-1.));
#14427=DIRECTION('',(0.,0.,1.));
#14428=DIRECTION('',(-1.,1.22464679914735E-16,0.));
#14429=DIRECTION('',(-0.866025403784439,0.5,0.));
#14430=DIRECTION('',(-0.866025403784442,-0.5,0.));
#14431=DIRECTION('',(-0.5,-0.866025403784438,0.));
#14432=DIRECTION('',(0.866025403784439,-0.5,0.));
#14433=DIRECTION('',(-0.866025403784439,0.5,0.));
#14434=DIRECTION('',(0.,0.,-1.));
#14435=DIRECTION('',(0.,0.,1.));
#14436=DIRECTION('',(-0.5,-0.866025403784439,0.));
#14437=DIRECTION('',(-0.866025403784439,0.5,0.));
#14438=DIRECTION('',(-0.5,-0.866025403784439,0.));
#14439=DIRECTION('',(-0.5,-0.866025403784438,0.));
#14440=DIRECTION('',(0.866025403784439,-0.5,0.));
#14441=DIRECTION('',(-0.866025403784439,0.5,0.));
#14442=DIRECTION('',(0.,0.,-1.));
#14443=DIRECTION('',(0.,0.,1.));
#14444=DIRECTION('',(-1.,1.22464679914735E-16,0.));
#14445=DIRECTION('',(-0.866025403784439,-0.5,0.));
#14446=DIRECTION('',(-1.22464679914735E-16,-1.,0.));
#14447=DIRECTION('',(0.5,-0.866025403784439,0.));
#14448=DIRECTION('',(0.866025403784439,0.5,0.));
#14449=DIRECTION('',(-0.866025403784439,-0.5,0.));
#14450=DIRECTION('',(0.,0.,-1.));
#14451=DIRECTION('',(0.,0.,1.));
#14452=DIRECTION('',(0.5,-0.866025403784439,0.));
#14453=DIRECTION('',(-0.866025403784439,-0.5,0.));
#14454=DIRECTION('',(0.5,-0.866025403784439,0.));
#14455=DIRECTION('',(0.5,-0.866025403784439,0.));
#14456=DIRECTION('',(0.866025403784439,0.5,0.));
#14457=DIRECTION('',(-0.866025403784439,-0.5,0.));
#14458=DIRECTION('',(0.,0.,-1.));
#14459=DIRECTION('',(-0.866025403784438,0.5,0.));
#14460=DIRECTION('',(-0.5,-0.866025403784438,0.));
#14461=DIRECTION('',(0.5,0.866025403784438,0.));
#14462=DIRECTION('',(0.,0.,-1.));
#14463=DIRECTION('',(0.,0.,-1.));
#14464=DIRECTION('',(-0.5,0.866025403784441,0.));
#14465=DIRECTION('',(-0.866025403784441,-0.5,0.));
#14466=DIRECTION('',(0.866025403784441,0.5,0.));
#14467=DIRECTION('',(0.,0.,-1.));
#14468=DIRECTION('',(2.4492935982947E-16,1.,0.));
#14469=DIRECTION('',(-1.,2.4492935982947E-16,0.));
#14470=DIRECTION('',(1.,-2.4492935982947E-16,0.));
#14471=DIRECTION('',(0.,0.,-1.));
#14472=DIRECTION('',(0.5,0.866025403784436,0.));
#14473=DIRECTION('',(-0.866025403784436,0.5,0.));
#14474=DIRECTION('',(0.866025403784436,-0.5,0.));
#14475=DIRECTION('',(0.,0.,-1.));
#14476=DIRECTION('',(0.866025403784436,-0.5,0.));
#14477=DIRECTION('',(0.866025403784439,0.5,0.));
#14478=DIRECTION('',(-0.5,0.866025403784439,0.));
#14479=DIRECTION('',(0.5,-0.866025403784439,0.));
#14480=DIRECTION('',(0.,0.,-1.));
#14481=DIRECTION('',(1.,-1.22464679914735E-16,0.));
#14482=DIRECTION('',(0.,0.,1.));
#14483=DIRECTION('',(-1.22464679914735E-16,-1.,0.));
#14484=DIRECTION('',(0.,0.,-1.));
#14485=DIRECTION('',(0.866025403784438,-0.5,0.));
#14486=DIRECTION('',(0.5,0.866025403784439,0.));
#14487=DIRECTION('',(-0.5,-0.866025403784439,0.));
#14488=DIRECTION('',(0.,0.,-1.));
#14489=DIRECTION('',(0.5,-0.866025403784442,0.));
#14490=DIRECTION('',(0.866025403784442,0.5,0.));
#14491=DIRECTION('',(-0.866025403784442,-0.5,0.));
#14492=DIRECTION('',(0.,0.,-1.));
#14493=DIRECTION('',(-1.22464679914735E-16,-1.,0.));
#14494=DIRECTION('',(0.,0.,1.));
#14495=DIRECTION('',(-1.,1.22464679914735E-16,0.));
#14496=DIRECTION('',(0.,0.,-1.));
#14497=DIRECTION('',(-0.5,-0.866025403784439,0.));
#14498=DIRECTION('',(0.866025403784439,-0.5,0.));
#14499=DIRECTION('',(-0.866025403784439,0.5,0.));
#14500=DIRECTION('',(0.,0.,-1.));
#14501=DIRECTION('',(-0.866025403784439,-0.5,0.));
#14502=DIRECTION('',(0.5,-0.866025403784439,0.));
#14503=DIRECTION('',(-0.5,0.866025403784439,0.));
#14504=DIRECTION('',(0.,0.,-1.));
#14505=DIRECTION('',(-1.,1.22464679914735E-16,0.));
#14506=DIRECTION('',(0.,0.,-1.));
#14507=DIRECTION('',(1.22464679914735E-16,1.,0.));
#14508=DIRECTION('',(0.,0.,1.));
#14509=DIRECTION('',(-1.,1.22464679914735E-16,0.));
#14510=DIRECTION('',(0.5,-0.866025403784439,0.));
#14511=DIRECTION('',(0.866025403784439,0.5,0.));
#14512=DIRECTION('',(-0.866025403784439,-0.5,0.));
#14513=DIRECTION('',(-0.866025403784439,-0.5,0.));
#14514=DIRECTION('',(0.,0.,-1.));
#14515=DIRECTION('',(0.,0.,1.));
#14516=DIRECTION('',(0.5,-0.866025403784439,0.));
#14517=DIRECTION('',(-0.866025403784439,-0.5,0.));
#14518=DIRECTION('',(0.5,-0.866025403784439,0.));
#14519=DIRECTION('',(0.5,-0.866025403784439,0.));
#14520=DIRECTION('',(0.866025403784439,0.5,0.));
#14521=DIRECTION('',(-0.866025403784439,-0.5,0.));
#14522=DIRECTION('',(0.,0.,-1.));
#14523=DIRECTION('',(0.,0.,1.));
#14524=DIRECTION('',(-0.5,0.866025403784439,0.));
#14525=DIRECTION('',(-7.21644966006352E-16,-1.,0.));
#14526=DIRECTION('',(0.866025403784436,-0.5,0.));
#14527=DIRECTION('',(1.,-7.7715611723761E-16,0.));
#14528=DIRECTION('',(7.7715611723761E-16,1.,0.));
#14529=DIRECTION('',(-7.21644966006352E-16,-1.,0.));
#14530=DIRECTION('',(0.,0.,-1.));
#14531=DIRECTION('',(0.,0.,1.));
#14532=DIRECTION('',(1.,-7.21644966006352E-16,0.));
#14533=DIRECTION('',(-7.21644966006352E-16,-1.,0.));
#14534=DIRECTION('',(1.,-7.21644966006352E-16,0.));
#14535=DIRECTION('',(1.,-7.7715611723761E-16,0.));
#14536=DIRECTION('',(7.7715611723761E-16,1.,0.));
#14537=DIRECTION('',(-7.21644966006352E-16,-1.,0.));
#14538=DIRECTION('',(0.,0.,-1.));
#14539=DIRECTION('',(0.,0.,1.));
#14540=DIRECTION('',(-0.5,0.866025403784439,0.));
#14541=DIRECTION('',(0.866025403784438,-0.5,0.));
#14542=DIRECTION('',(0.866025403784439,0.5,0.));
#14543=DIRECTION('',(0.5,0.866025403784438,0.));
#14544=DIRECTION('',(-0.866025403784438,0.5,0.));
#14545=DIRECTION('',(0.866025403784438,-0.5,0.));
#14546=DIRECTION('',(0.,0.,-1.));
#14547=DIRECTION('',(0.,0.,1.));
#14548=DIRECTION('',(0.5,0.866025403784438,0.));
#14549=DIRECTION('',(0.866025403784438,-0.5,0.));
#14550=DIRECTION('',(0.5,0.866025403784438,0.));
#14551=DIRECTION('',(0.5,0.866025403784438,0.));
#14552=DIRECTION('',(-0.866025403784438,0.5,0.));
#14553=DIRECTION('',(0.866025403784438,-0.5,0.));
#14554=DIRECTION('',(0.,0.,-1.));
#14555=DIRECTION('',(0.,0.,1.));
#14556=DIRECTION('',(-0.5,0.866025403784439,0.));
#14557=DIRECTION('',(0.866025403784439,0.5,0.));
#14558=DIRECTION('',(-9.43689570931383E-16,1.,0.));
#14559=DIRECTION('',(-0.5,0.866025403784439,0.));
#14560=DIRECTION('',(0.,0.,-1.));
#14561=DIRECTION('',(0.866025403784439,0.5,0.));
#14562=DIRECTION('',(0.,0.,-1.));
#14563=DIRECTION('',(0.,0.,1.));
#14564=DIRECTION('',(-0.5,0.866025403784439,0.));
#14565=DIRECTION('',(0.866025403784439,0.5,0.));
#14566=DIRECTION('',(-0.5,0.866025403784439,0.));
#14567=DIRECTION('',(-0.5,0.866025403784439,0.));
#14568=DIRECTION('',(0.,0.,-1.));
#14569=DIRECTION('',(0.866025403784439,0.5,0.));
#14570=DIRECTION('',(0.,0.,-1.));
#14571=DIRECTION('',(0.,0.,1.));
#14572=DIRECTION('',(-0.5,0.866025403784439,0.));
#14573=DIRECTION('',(3.33066907387547E-16,1.,0.));
#14574=DIRECTION('',(-0.866025403784435,0.5,0.));
#14575=DIRECTION('',(-1.,3.33066907387547E-16,0.));
#14576=DIRECTION('',(-3.33066907387547E-16,-1.,0.));
#14577=DIRECTION('',(3.33066907387547E-16,1.,0.));
#14578=DIRECTION('',(0.,0.,-1.));
#14579=DIRECTION('',(0.,0.,1.));
#14580=DIRECTION('',(-1.,3.33066907387547E-16,0.));
#14581=DIRECTION('',(3.33066907387547E-16,1.,0.));
#14582=DIRECTION('',(-1.,3.33066907387547E-16,0.));
#14583=DIRECTION('',(-1.,3.33066907387547E-16,0.));
#14584=DIRECTION('',(-3.33066907387547E-16,-1.,0.));
#14585=DIRECTION('',(3.33066907387547E-16,1.,0.));
#14586=DIRECTION('',(0.,0.,-1.));
#14587=DIRECTION('',(0.,0.,1.));
#14588=DIRECTION('',(-0.5,0.866025403784439,0.));
#14589=DIRECTION('',(-0.866025403784438,0.5,0.));
#14590=DIRECTION('',(-0.866025403784439,-0.5,0.));
#14591=DIRECTION('',(-0.5,-0.866025403784438,0.));
#14592=DIRECTION('',(0.866025403784439,-0.5,0.));
#14593=DIRECTION('',(-0.866025403784438,0.5,0.));
#14594=DIRECTION('',(0.,0.,-1.));
#14595=DIRECTION('',(0.,0.,1.));
#14596=DIRECTION('',(-0.5,-0.866025403784438,0.));
#14597=DIRECTION('',(-0.866025403784438,0.5,0.));
#14598=DIRECTION('',(-0.5,-0.866025403784438,0.));
#14599=DIRECTION('',(-0.5,-0.866025403784438,0.));
#14600=DIRECTION('',(0.866025403784439,-0.5,0.));
#14601=DIRECTION('',(-0.866025403784438,0.5,0.));
#14602=DIRECTION('',(0.,0.,-1.));
#14603=DIRECTION('',(7.7715611723761E-16,1.,0.));
#14604=DIRECTION('',(-1.,7.7715611723761E-16,0.));
#14605=DIRECTION('',(1.,-7.21644966006352E-16,0.));
#14606=DIRECTION('',(0.,0.,-1.));
#14607=DIRECTION('',(0.,0.,-1.));
#14608=DIRECTION('',(0.5,0.866025403784436,0.));
#14609=DIRECTION('',(-0.866025403784436,0.5,0.));
#14610=DIRECTION('',(0.866025403784436,-0.5,0.));
#14611=DIRECTION('',(0.,0.,-1.));
#14612=DIRECTION('',(0.866025403784439,0.5,0.));
#14613=DIRECTION('',(-0.5,0.866025403784439,0.));
#14614=DIRECTION('',(0.5,-0.866025403784439,0.));
#14615=DIRECTION('',(0.,0.,-1.));
#14616=DIRECTION('',(1.,-5.21804821573824E-15,0.));
#14617=DIRECTION('',(5.21804821573824E-15,1.,0.));
#14618=DIRECTION('',(-5.21804821573824E-15,-1.,0.));
#14619=DIRECTION('',(0.,0.,-1.));
#14620=DIRECTION('',(-5.21804821573824E-15,-1.,0.));
#14621=DIRECTION('',(0.866025403784438,-0.5,0.));
#14622=DIRECTION('',(0.5,0.866025403784439,0.));
#14623=DIRECTION('',(-0.5,-0.866025403784438,0.));
#14624=DIRECTION('',(0.,0.,-1.));
#14625=DIRECTION('',(0.5,-0.866025403784439,0.));
#14626=DIRECTION('',(0.,0.,1.));
#14627=DIRECTION('',(-0.866025403784439,-0.5,0.));
#14628=DIRECTION('',(0.,0.,-1.));
#14629=DIRECTION('',(-3.33066907387547E-16,-1.,0.));
#14630=DIRECTION('',(1.,-3.33066907387547E-16,0.));
#14631=DIRECTION('',(-1.,3.33066907387547E-16,0.));
#14632=DIRECTION('',(0.,0.,-1.));
#14633=DIRECTION('',(-0.5,-0.866025403784435,0.));
#14634=DIRECTION('',(0.866025403784435,-0.5,0.));
#14635=DIRECTION('',(-0.866025403784435,0.5,0.));
#14636=DIRECTION('',(0.,0.,-1.));
#14637=DIRECTION('',(-0.866025403784439,-0.5,0.));
#14638=DIRECTION('',(0.,0.,1.));
#14639=DIRECTION('',(-0.5,0.866025403784439,0.));
#14640=DIRECTION('',(0.,0.,-1.));
#14641=DIRECTION('',(-1.,-9.43689570931383E-16,0.));
#14642=DIRECTION('',(9.43689570931383E-16,-1.,0.));
#14643=DIRECTION('',(-9.43689570931383E-16,1.,0.));
#14644=DIRECTION('',(0.,0.,-1.));
#14645=DIRECTION('',(-0.866025403784438,0.5,0.));
#14646=DIRECTION('',(-0.5,-0.866025403784438,0.));
#14647=DIRECTION('',(0.5,0.866025403784438,0.));
#14648=DIRECTION('',(0.,0.,-1.));
#14649=DIRECTION('',(-0.5,0.866025403784439,0.));
#14650=DIRECTION('',(0.,0.,-1.));
#14651=DIRECTION('',(0.866025403784439,0.5,0.));
#14652=DIRECTION('',(0.,0.,1.));
#14653=DIRECTION('',(-0.5,0.866025403784439,0.));
#14654=DIRECTION('',(0.5,0.866025403784439,0.));
#14655=DIRECTION('',(0.,0.,-1.));
#14656=DIRECTION('',(0.866025403784439,-0.5,0.));
#14657=DIRECTION('',(0.,0.,-1.));
#14658=DIRECTION('',(0.866025403784439,-0.5,0.));
#14659=DIRECTION('',(-0.866025403784439,0.5,0.));
#14660=DIRECTION('',(0.,0.,1.));
#14661=DIRECTION('',(0.5,0.866025403784439,0.));
#14662=DIRECTION('',(0.,0.,-1.));
#14663=DIRECTION('',(0.,0.,-1.));
#14664=DIRECTION('',(0.5,0.866025403784439,0.));
#14665=DIRECTION('',(0.,0.,-1.));
#14666=DIRECTION('',(0.5,0.866025403784439,0.));
#14667=DIRECTION('',(0.,0.,-1.));
#14668=DIRECTION('',(0.866025403784439,-0.5,0.));
#14669=DIRECTION('',(0.866025403784439,-0.5,0.));
#14670=DIRECTION('',(0.,0.,1.));
#14671=DIRECTION('',(0.5,0.866025403784439,0.));
#14672=DIRECTION('',(-0.5,0.866025403784439,0.));
#14673=DIRECTION('',(-0.866025403784439,-0.5,0.));
#14674=DIRECTION('',(0.866025403784439,0.5,0.));
#14675=DIRECTION('',(0.,0.,-1.));
#14676=DIRECTION('',(0.866025403784439,0.5,0.));
#14677=DIRECTION('',(-0.866025403784439,-0.5,0.));
#14678=DIRECTION('',(0.5,-0.866025403784439,0.));
#14679=DIRECTION('',(-0.5,0.866025403784439,0.));
#14680=DIRECTION('',(0.,0.,-1.));
#14681=DIRECTION('',(0.,0.,-1.));
#14682=DIRECTION('',(-0.5,0.866025403784439,0.));
#14683=DIRECTION('',(0.,0.,-1.));
#14684=DIRECTION('',(-0.5,0.866025403784439,0.));
#14685=DIRECTION('',(-0.866025403784439,-0.5,0.));
#14686=DIRECTION('',(0.866025403784439,0.5,0.));
#14687=DIRECTION('',(0.866025403784439,0.5,0.));
#14688=DIRECTION('',(0.,0.,1.));
#14689=DIRECTION('',(-0.5,0.866025403784439,0.));
#14690=DIRECTION('',(-1.,3.33066907387547E-16,0.));
#14691=DIRECTION('',(-3.88578058618805E-16,-1.,0.));
#14692=DIRECTION('',(3.33066907387547E-16,1.,0.));
#14693=DIRECTION('',(0.,0.,-1.));
#14694=DIRECTION('',(3.33066907387547E-16,1.,0.));
#14695=DIRECTION('',(-3.33066907387547E-16,-1.,0.));
#14696=DIRECTION('',(1.,-3.88578058618805E-16,0.));
#14697=DIRECTION('',(-1.,3.33066907387547E-16,0.));
#14698=DIRECTION('',(0.,0.,-1.));
#14699=DIRECTION('',(0.,0.,-1.));
#14700=DIRECTION('',(-1.,3.33066907387547E-16,0.));
#14701=DIRECTION('',(0.,0.,-1.));
#14702=DIRECTION('',(-1.,3.33066907387547E-16,0.));
#14703=DIRECTION('',(-3.88578058618805E-16,-1.,0.));
#14704=DIRECTION('',(3.33066907387547E-16,1.,0.));
#14705=DIRECTION('',(3.33066907387547E-16,1.,0.));
#14706=DIRECTION('',(0.,0.,1.));
#14707=DIRECTION('',(-1.,3.33066907387547E-16,0.));
#14708=DIRECTION('',(-0.5,-0.866025403784439,0.));
#14709=DIRECTION('',(0.866025403784439,-0.5,0.));
#14710=DIRECTION('',(-0.866025403784439,0.5,0.));
#14711=DIRECTION('',(0.,0.,-1.));
#14712=DIRECTION('',(-0.866025403784439,0.5,0.));
#14713=DIRECTION('',(0.866025403784439,-0.5,0.));
#14714=DIRECTION('',(0.5,0.866025403784439,0.));
#14715=DIRECTION('',(-0.5,-0.866025403784439,0.));
#14716=DIRECTION('',(0.,0.,-1.));
#14717=DIRECTION('',(0.,0.,-1.));
#14718=DIRECTION('',(-0.5,-0.866025403784439,0.));
#14719=DIRECTION('',(0.,0.,-1.));
#14720=DIRECTION('',(-0.5,-0.866025403784439,0.));
#14721=DIRECTION('',(0.866025403784439,-0.5,0.));
#14722=DIRECTION('',(-0.866025403784439,0.5,0.));
#14723=DIRECTION('',(-0.866025403784439,0.5,0.));
#14724=DIRECTION('',(0.,0.,1.));
#14725=DIRECTION('',(-0.5,-0.866025403784439,0.));
#14726=DIRECTION('',(0.5,-0.866025403784439,0.));
#14727=DIRECTION('',(0.866025403784439,0.5,0.));
#14728=DIRECTION('',(-0.866025403784439,-0.5,0.));
#14729=DIRECTION('',(0.,0.,-1.));
#14730=DIRECTION('',(-0.866025403784439,-0.5,0.));
#14731=DIRECTION('',(0.866025403784439,0.5,0.));
#14732=DIRECTION('',(-0.5,0.866025403784439,0.));
#14733=DIRECTION('',(0.5,-0.866025403784439,0.));
#14734=DIRECTION('',(0.,0.,-1.));
#14735=DIRECTION('',(0.,0.,-1.));
#14736=DIRECTION('',(0.5,-0.866025403784439,0.));
#14737=DIRECTION('',(0.,0.,-1.));
#14738=DIRECTION('',(0.5,-0.866025403784439,0.));
#14739=DIRECTION('',(0.866025403784439,0.5,0.));
#14740=DIRECTION('',(-0.866025403784439,-0.5,0.));
#14741=DIRECTION('',(-0.866025403784439,-0.5,0.));
#14742=DIRECTION('',(0.,0.,1.));
#14743=DIRECTION('',(0.5,-0.866025403784439,0.));
#14744=DIRECTION('',(1.,-8.88178419700125E-16,0.));
#14745=DIRECTION('',(8.88178419700125E-16,1.,0.));
#14746=DIRECTION('',(-8.88178419700125E-16,-1.,0.));
#14747=DIRECTION('',(0.,0.,-1.));
#14748=DIRECTION('',(-8.88178419700125E-16,-1.,0.));
#14749=DIRECTION('',(8.88178419700125E-16,1.,0.));
#14750=DIRECTION('',(-1.,8.88178419700125E-16,0.));
#14751=DIRECTION('',(1.,-8.88178419700125E-16,0.));
#14752=DIRECTION('',(0.,0.,-1.));
#14753=DIRECTION('',(0.,0.,-1.));
#14754=DIRECTION('',(1.,-8.88178419700125E-16,0.));
#14755=DIRECTION('',(0.,0.,-1.));
#14756=DIRECTION('',(1.,-8.88178419700125E-16,0.));
#14757=DIRECTION('',(8.88178419700125E-16,1.,0.));
#14758=DIRECTION('',(-8.88178419700125E-16,-1.,0.));
#14759=DIRECTION('',(-8.88178419700125E-16,-1.,0.));
#14760=DIRECTION('',(0.,0.,1.));
#14761=DIRECTION('',(1.,-8.88178419700125E-16,0.));
#14762=DIRECTION('',(0.5,0.866025403784439,0.));
#14763=DIRECTION('',(0.,0.,-1.));
#14764=DIRECTION('',(0.866025403784439,-0.5,0.));
#14765=DIRECTION('',(0.866025403784439,-0.5,0.));
#14766=DIRECTION('',(0.,0.,1.));
#14767=DIRECTION('',(0.5,0.866025403784439,0.));
#14768=DIRECTION('',(-0.5,0.866025403784438,0.));
#14769=DIRECTION('',(-0.866025403784438,-0.5,0.));
#14770=DIRECTION('',(0.866025403784438,0.5,0.));
#14771=DIRECTION('',(0.866025403784438,0.5,0.));
#14772=DIRECTION('',(0.,0.,1.));
#14773=DIRECTION('',(0.5,0.866025403784439,0.));
#14774=DIRECTION('',(1.,-5.21804821573824E-15,0.));
#14775=DIRECTION('',(5.21804821573824E-15,1.,0.));
#14776=DIRECTION('',(-5.21804821573824E-15,-1.,0.));
#14777=DIRECTION('',(-5.21804821573824E-15,-1.,0.));
#14778=DIRECTION('',(0.,0.,1.));
#14779=DIRECTION('',(0.5,0.866025403784439,0.));
#14780=DIRECTION('',(0.5,-0.866025403784441,0.));
#14781=DIRECTION('',(0.866025403784441,0.5,0.));
#14782=DIRECTION('',(-0.866025403784441,-0.5,0.));
#14783=DIRECTION('',(-0.866025403784441,-0.5,0.));
#14784=DIRECTION('',(0.,0.,1.));
#14785=DIRECTION('',(0.5,0.866025403784439,0.));
#14786=DIRECTION('',(-0.5,-0.866025403784439,0.));
#14787=DIRECTION('',(0.,0.,1.));
#14788=DIRECTION('',(-0.866025403784439,0.5,0.));
#14789=DIRECTION('',(-0.866025403784439,0.5,0.));
#14790=DIRECTION('',(0.,0.,1.));
#14791=DIRECTION('',(0.5,0.866025403784439,0.));
#14792=DIRECTION('',(-1.,6.32827124036339E-15,0.));
#14793=DIRECTION('',(-6.32827124036339E-15,-1.,0.));
#14794=DIRECTION('',(6.32827124036339E-15,1.,0.));
#14795=DIRECTION('',(6.32827124036339E-15,1.,0.));
#14796=DIRECTION('',(0.,0.,1.));
#14797=DIRECTION('',(0.5,0.866025403784439,0.));
#14798=DIRECTION('',(0.,0.,1.));
#14799=DIRECTION('',(0.5,-0.866025403784439,0.));
#14800=DIRECTION('',(0.,0.,1.));
#14801=DIRECTION('',(-0.5,-0.866025403784438,0.));
#14802=DIRECTION('',(0.,0.,1.));
#14803=DIRECTION('',(-1.,1.22464679914735E-16,0.));
#14804=DIRECTION('',(0.,0.,1.));
#14805=DIRECTION('',(-0.5,0.866025403784439,0.));
#14806=DIRECTION('',(0.,0.,1.));
#14807=DIRECTION('',(0.5,0.866025403784439,0.));
#14808=CARTESIAN_POINT('',(0.,0.,0.));
#14809=CARTESIAN_POINT('',(-0.02,0.0346410161513775,0.035));
#14810=CARTESIAN_POINT('',(-0.0156740381056766,0.0346410161513775,0.035));
#14811=CARTESIAN_POINT('',(-0.0156740381056766,0.0354065606080003,0.035));
#14812=CARTESIAN_POINT('',(-0.0156740381056766,0.0338754716947548,0.035));
#14813=CARTESIAN_POINT('',(-0.0164240381056766,0.036705598713677,0.035));
#14814=CARTESIAN_POINT('',(-0.0171740381056767,0.0380046368193536,0.035));
#14815=CARTESIAN_POINT('',(-0.0178370190528383,0.038387409047665,0.035));
#14816=CARTESIAN_POINT('',(-0.0185,0.0387701812759764,0.035));
#14817=CARTESIAN_POINT('',(-0.02,0.0387701812759764,0.035));
#14818=CARTESIAN_POINT('',(-0.0215,0.0387701812759764,0.035));
#14819=CARTESIAN_POINT('',(-0.0221629809471616,0.038387409047665,0.035));
#14820=CARTESIAN_POINT('',(-0.0228259618943234,0.0380046368193536,0.035));
#14821=CARTESIAN_POINT('',(-0.0235759618943234,0.036705598713677,0.035));
#14822=CARTESIAN_POINT('',(-0.0243259618943234,0.0354065606080003,0.035));
#14823=CARTESIAN_POINT('',(-0.0243259618943234,0.0346410161513775,0.035));
#14824=CARTESIAN_POINT('',(-0.0243259618943234,0.0338754716947548,0.035));
#14825=CARTESIAN_POINT('',(-0.0235759618943234,0.0325764335890781,0.035));
#14826=CARTESIAN_POINT('',(-0.0228259618943234,0.0312773954834015,0.035));
#14827=CARTESIAN_POINT('',(-0.0221629809471616,0.0308946232550901,0.035));
#14828=CARTESIAN_POINT('',(-0.0215,0.0305118510267787,0.035));
#14829=CARTESIAN_POINT('',(-0.02,0.0305118510267787,0.035));
#14830=CARTESIAN_POINT('',(-0.0185,0.0305118510267787,0.035));
#14831=CARTESIAN_POINT('',(-0.0178370190528384,0.0308946232550901,0.035));
#14832=CARTESIAN_POINT('',(-0.0171740381056767,0.0312773954834015,0.035));
#14833=CARTESIAN_POINT('',(-0.0164240381056766,0.0325764335890781,0.035));
#14834=CARTESIAN_POINT('',(0.02,0.0346410161513775,-2.00000000000027E-6));
#14835=CARTESIAN_POINT('',(0.02,0.0346410161513775,0.0145339959297833));
#14836=CARTESIAN_POINT('',(0.0150202269684345,0.0341917272086098,0.027));
#14837=CARTESIAN_POINT('',(0.0175,0.0303108891324553,0.0264309221376423));
#14838=CARTESIAN_POINT('',(0.02,0.0346410161513775,0.027));
#14839=CARTESIAN_POINT('',(0.0152303039929152,0.0331410161513775,0.027));
#14840=CARTESIAN_POINT('',(0.0152303039929152,0.0331410161513775,0.027));
#14841=CARTESIAN_POINT('',(0.0152303039929152,0.0331410161513775,0.025));
#14842=CARTESIAN_POINT('',(0.02,0.0346410161513775,0.025));
#14843=CARTESIAN_POINT('',(0.016,0.0316410161513776,0.025));
#14844=CARTESIAN_POINT('',(0.016,0.0316410161513776,-2.00000000000027E-6));
#14845=CARTESIAN_POINT('',(0.016,0.0316410161513776,0.005));
#14846=CARTESIAN_POINT('',(0.02,0.0346410161513775,0.005));
#14847=CARTESIAN_POINT('',(0.0194019237886467,0.0296769145362398,0.005));
#14848=CARTESIAN_POINT('',(0.0194019237886467,0.0296769145362398,-2.00000000000027E-6));
#14849=CARTESIAN_POINT('',(0.0194019237886467,0.0296769145362398,0.025));
#14850=CARTESIAN_POINT('',(0.02,0.0346410161513775,0.025));
#14851=CARTESIAN_POINT('',(0.0210858098978659,0.029760338240913,0.025));
#14852=CARTESIAN_POINT('',(0.0210858098978658,0.029760338240913,0.027));
#14853=CARTESIAN_POINT('',(0.0210858098978658,0.029760338240913,0.027));
#14854=CARTESIAN_POINT('',(0.02,0.0346410161513775,0.027));
#14855=CARTESIAN_POINT('',(0.0221007908777063,0.0301037617295773,0.027));
#14856=CARTESIAN_POINT('',(0.02,0.0346410161513775,0.0145339959297831));
#14857=CARTESIAN_POINT('',(0.04,-3.16328525216678E-18,-2.00000000000027E-6));
#14858=CARTESIAN_POINT('',(0.04,-3.16328525216678E-18,0.0145339959297832));
#14859=CARTESIAN_POINT('',(0.037121017846141,0.00408796547903243,0.027));
#14860=CARTESIAN_POINT('',(0.035,-1.77815534316871E-17,0.0264309221376423));
#14861=CARTESIAN_POINT('',(0.04,-1.04083408558608E-17,0.027));
#14862=CARTESIAN_POINT('',(0.036316113890781,0.00338067791046457,0.027));
#14863=CARTESIAN_POINT('',(0.036316113890781,0.00338067791046457,0.027));
#14864=CARTESIAN_POINT('',(0.036316113890781,0.00338067791046457,0.025));
#14865=CARTESIAN_POINT('',(0.04,-3.16328525216678E-18,0.025));
#14866=CARTESIAN_POINT('',(0.0354019237886467,0.00196410161513775,0.025));
#14867=CARTESIAN_POINT('',(0.0354019237886467,0.00196410161513775,-2.00000000000027E-6));
#14868=CARTESIAN_POINT('',(0.0354019237886467,0.00196410161513775,0.005));
#14869=CARTESIAN_POINT('',(0.04,-3.16328525216678E-18,0.005));
#14870=CARTESIAN_POINT('',(0.0354019237886467,-0.00196410161513775,0.005));
#14871=CARTESIAN_POINT('',(0.0354019237886467,-0.00196410161513775,-2.00000000000027E-6));
#14872=CARTESIAN_POINT('',(0.0354019237886467,-0.00196410161513776,0.025));
#14873=CARTESIAN_POINT('',(0.04,-3.16328525216678E-18,0.025));
#14874=CARTESIAN_POINT('',(0.0363161138907811,-0.00338067791046464,0.025));
#14875=CARTESIAN_POINT('',(0.036316113890781,-0.00338067791046461,0.027));
#14876=CARTESIAN_POINT('',(0.036316113890781,-0.00338067791046461,0.027));
#14877=CARTESIAN_POINT('',(0.04,-3.16328525216678E-18,0.027));
#14878=CARTESIAN_POINT('',(0.0371210178461409,-0.00408796547903241,0.027));
#14879=CARTESIAN_POINT('',(0.04,-3.16328525216678E-18,0.0145339959297832));
#14880=CARTESIAN_POINT('',(0.02,-0.0346410161513775,-2.00000000000027E-6));
#14881=CARTESIAN_POINT('',(0.02,-0.0346410161513775,0.0145339959297832));
#14882=CARTESIAN_POINT('',(0.0221007908777064,-0.0301037617295773,0.027));
#14883=CARTESIAN_POINT('',(0.0175,-0.0303108891324553,0.0264309221376423));
#14884=CARTESIAN_POINT('',(0.02,-0.0346410161513775,0.027));
#14885=CARTESIAN_POINT('',(0.0210858098978657,-0.029760338240913,0.027));
#14886=CARTESIAN_POINT('',(0.0210858098978657,-0.029760338240913,0.027));
#14887=CARTESIAN_POINT('',(0.0210858098978657,-0.029760338240913,0.025));
#14888=CARTESIAN_POINT('',(0.02,-0.0346410161513775,0.025));
#14889=CARTESIAN_POINT('',(0.0194019237886466,-0.0296769145362398,0.025));
#14890=CARTESIAN_POINT('',(0.0194019237886466,-0.0296769145362398,-2.00000000000027E-6));
#14891=CARTESIAN_POINT('',(0.0194019237886466,-0.0296769145362398,0.005));
#14892=CARTESIAN_POINT('',(0.02,-0.0346410161513775,0.005));
#14893=CARTESIAN_POINT('',(0.016,-0.0316410161513776,0.005));
#14894=CARTESIAN_POINT('',(0.016,-0.0316410161513776,-2.00000000000027E-6));
#14895=CARTESIAN_POINT('',(0.016,-0.0316410161513776,0.025));
#14896=CARTESIAN_POINT('',(0.02,-0.0346410161513775,0.025));
#14897=CARTESIAN_POINT('',(0.0152303039929152,-0.0331410161513775,0.025));
#14898=CARTESIAN_POINT('',(0.0152303039929152,-0.0331410161513775,0.027));
#14899=CARTESIAN_POINT('',(0.0152303039929152,-0.0331410161513775,0.027));
#14900=CARTESIAN_POINT('',(0.02,-0.0346410161513775,0.027));
#14901=CARTESIAN_POINT('',(0.0150202269684345,-0.0341917272086098,0.027));
#14902=CARTESIAN_POINT('',(0.02,-0.0346410161513775,0.0145339959297832));
#14903=CARTESIAN_POINT('',(-0.02,-0.0346410161513775,-2.00000000000027E-6));
#14904=CARTESIAN_POINT('',(-0.02,-0.0346410161513775,0.0145339959297832));
#14905=CARTESIAN_POINT('',(-0.0150202269684346,-0.0341917272086098,0.027));
#14906=CARTESIAN_POINT('',(-0.0175,-0.0303108891324553,0.0264309221376423));
#14907=CARTESIAN_POINT('',(-0.02,-0.0346410161513775,0.027));
#14908=CARTESIAN_POINT('',(-0.0152303039929152,-0.0331410161513775,0.027));
#14909=CARTESIAN_POINT('',(-0.0152303039929152,-0.0331410161513775,0.027));
#14910=CARTESIAN_POINT('',(-0.0152303039929152,-0.0331410161513775,0.025));
#14911=CARTESIAN_POINT('',(-0.02,-0.0346410161513775,0.025));
#14912=CARTESIAN_POINT('',(-0.016,-0.0316410161513776,0.025));
#14913=CARTESIAN_POINT('',(-0.016,-0.0316410161513776,-2.00000000000027E-6));
#14914=CARTESIAN_POINT('',(-0.016,-0.0316410161513776,0.005));
#14915=CARTESIAN_POINT('',(-0.02,-0.0346410161513775,0.005));
#14916=CARTESIAN_POINT('',(-0.0194019237886467,-0.0296769145362398,0.005));
#14917=CARTESIAN_POINT('',(-0.0194019237886467,-0.0296769145362398,-2.00000000000027E-6));
#14918=CARTESIAN_POINT('',(-0.0194019237886467,-0.0296769145362398,0.025));
#14919=CARTESIAN_POINT('',(-0.02,-0.0346410161513775,0.025));
#14920=CARTESIAN_POINT('',(-0.0210858098978658,-0.029760338240913,0.025));
#14921=CARTESIAN_POINT('',(-0.0210858098978657,-0.029760338240913,0.027));
#14922=CARTESIAN_POINT('',(-0.0210858098978657,-0.029760338240913,0.027));
#14923=CARTESIAN_POINT('',(-0.02,-0.0346410161513775,0.027));
#14924=CARTESIAN_POINT('',(-0.0221007908777063,-0.0301037617295773,0.027));
#14925=CARTESIAN_POINT('',(-0.02,-0.0346410161513775,0.0145339959297832));
#14926=CARTESIAN_POINT('',(-0.04,2.80617373154157E-17,-2.00000000000027E-6));
#14927=CARTESIAN_POINT('',(-0.04,2.80617373154157E-17,0.0145339959297832));
#14928=CARTESIAN_POINT('',(-0.037121017846141,-0.00408796547903246,0.027));
#14929=CARTESIAN_POINT('',(-0.035,5.10266400689601E-18,0.0264309221376423));
#14930=CARTESIAN_POINT('',(-0.04,-1.38777878078145E-17,0.027));
#14931=CARTESIAN_POINT('',(-0.036316113890781,-0.00338067791046456,0.027));
#14932=CARTESIAN_POINT('',(-0.036316113890781,-0.00338067791046459,0.027));
#14933=CARTESIAN_POINT('',(-0.036316113890781,-0.00338067791046456,0.025));
#14934=CARTESIAN_POINT('',(-0.04,2.80617373154157E-17,0.025));
#14935=CARTESIAN_POINT('',(-0.0354019237886467,-0.00196410161513773,0.025));
#14936=CARTESIAN_POINT('',(-0.0354019237886467,-0.00196410161513773,-2.00000000000027E-6));
#14937=CARTESIAN_POINT('',(-0.0354019237886467,-0.00196410161513773,0.005));
#14938=CARTESIAN_POINT('',(-0.04,2.80617373154157E-17,0.005));
#14939=CARTESIAN_POINT('',(-0.0354019237886467,0.00196410161513776,0.005));
#14940=CARTESIAN_POINT('',(-0.0354019237886467,0.00196410161513776,-2.00000000000027E-6));
#14941=CARTESIAN_POINT('',(-0.0354019237886467,0.00196410161513776,0.025));
#14942=CARTESIAN_POINT('',(-0.04,2.80617373154157E-17,0.025));
#14943=CARTESIAN_POINT('',(-0.036316113890781,0.00338067791046458,0.025));
#14944=CARTESIAN_POINT('',(-0.036316113890781,0.00338067791046459,0.027));
#14945=CARTESIAN_POINT('',(-0.036316113890781,0.00338067791046459,0.027));
#14946=CARTESIAN_POINT('',(-0.04,2.80617373154157E-17,0.027));
#14947=CARTESIAN_POINT('',(-0.0371210178461409,0.00408796547903246,0.027));
#14948=CARTESIAN_POINT('',(-0.04,2.80617373154157E-17,0.0145339959297832));
#14949=CARTESIAN_POINT('',(-0.02,0.0346410161513775,-2.00000000000027E-6));
#14950=CARTESIAN_POINT('',(-0.02,0.0346410161513775,0.0145339959297832));
#14951=CARTESIAN_POINT('',(-0.0221007908777064,0.0301037617295773,0.027));
#14952=CARTESIAN_POINT('',(-0.0175,0.0303108891324553,0.0264309221376423));
#14953=CARTESIAN_POINT('',(-0.02,0.0346410161513775,0.027));
#14954=CARTESIAN_POINT('',(-0.0210858098978657,0.029760338240913,0.027));
#14955=CARTESIAN_POINT('',(-0.0210858098978657,0.029760338240913,0.027));
#14956=CARTESIAN_POINT('',(-0.0210858098978657,0.029760338240913,0.025));
#14957=CARTESIAN_POINT('',(-0.02,0.0346410161513775,0.025));
#14958=CARTESIAN_POINT('',(-0.0194019237886466,0.0296769145362398,0.025));
#14959=CARTESIAN_POINT('',(-0.0194019237886466,0.0296769145362398,-2.00000000000027E-6));
#14960=CARTESIAN_POINT('',(-0.0194019237886466,0.0296769145362398,0.005));
#14961=CARTESIAN_POINT('',(-0.02,0.0346410161513775,0.005));
#14962=CARTESIAN_POINT('',(-0.016,0.0316410161513776,0.005));
#14963=CARTESIAN_POINT('',(-0.016,0.0316410161513776,-2.00000000000027E-6));
#14964=CARTESIAN_POINT('',(-0.016,0.0316410161513776,0.025));
#14965=CARTESIAN_POINT('',(-0.02,0.0346410161513775,0.025));
#14966=CARTESIAN_POINT('',(-0.0152303039929152,0.0331410161513775,0.025));
#14967=CARTESIAN_POINT('',(-0.0152303039929152,0.0331410161513775,0.027));
#14968=CARTESIAN_POINT('',(-0.0152303039929152,0.0331410161513775,0.027));
#14969=CARTESIAN_POINT('',(-0.02,0.0346410161513775,0.027));
#14970=CARTESIAN_POINT('',(-0.0150202269684346,0.0341917272086098,0.027));
#14971=CARTESIAN_POINT('',(-0.02,0.0346410161513775,0.0145339959297832));
#14972=CARTESIAN_POINT('',(0.,0.,0.025));
#14973=CARTESIAN_POINT('',(0.035816113890781,0.00424670331424902,0.025));
#14974=CARTESIAN_POINT('',(0.035316113890781,0.00511272871803346,0.025));
#14975=CARTESIAN_POINT('',(0.0359656329436193,0.00548772871803346,0.025));
#14976=CARTESIAN_POINT('',(0.0366151519964576,0.00586272871803346,0.025));
#14977=CARTESIAN_POINT('',(0.03,0.0173205080756888,0.025));
#14978=CARTESIAN_POINT('',(0.0360340071083559,0.00686930119078453,0.025));
#14979=CARTESIAN_POINT('',(0.0353844880555176,0.00649430119078453,0.025));
#14980=CARTESIAN_POINT('',(0.0347349690026793,0.00611930119078453,0.025));
#14981=CARTESIAN_POINT('',(0.0342349690026793,0.00698532659456897,0.025));
#14982=CARTESIAN_POINT('',(0.0337349690026793,0.00785135199835341,0.025));
#14983=CARTESIAN_POINT('',(0.0343844880555176,0.0082263519983534,0.025));
#14984=CARTESIAN_POINT('',(0.0350340071083559,0.0086013519983534,0.025));
#14985=CARTESIAN_POINT('',(0.03,0.0173205080756888,0.025));
#14986=CARTESIAN_POINT('',(0.0344528622202543,0.00960792447110447,0.025));
#14987=CARTESIAN_POINT('',(0.0338033431674159,0.00923292447110447,0.025));
#14988=CARTESIAN_POINT('',(0.0331538241145776,0.00885792447110448,0.025));
#14989=CARTESIAN_POINT('',(0.0326538241145776,0.00972394987488891,0.025));
#14990=CARTESIAN_POINT('',(0.0321538241145776,0.0105899752786733,0.025));
#14991=CARTESIAN_POINT('',(0.0328033431674159,0.0109649752786733,0.025));
#14992=CARTESIAN_POINT('',(0.0334528622202543,0.0113399752786733,0.025));
#14993=CARTESIAN_POINT('',(0.03,0.0173205080756888,0.025));
#14994=CARTESIAN_POINT('',(0.0328717173321526,0.0123465477514244,0.025));
#14995=CARTESIAN_POINT('',(0.0322221982793143,0.0119715477514244,0.025));
#14996=CARTESIAN_POINT('',(0.0315726792264759,0.0115965477514244,0.025));
#14997=CARTESIAN_POINT('',(0.0310726792264759,0.0124625731552089,0.025));
#14998=CARTESIAN_POINT('',(0.0305726792264759,0.0133285985589933,0.025));
#14999=CARTESIAN_POINT('',(0.0312221982793142,0.0137035985589933,0.025));
#15000=CARTESIAN_POINT('',(0.0318717173321525,0.0140785985589933,0.025));
#15001=CARTESIAN_POINT('',(0.03,0.0173205080756888,0.025));
#15002=CARTESIAN_POINT('',(0.0312905724440509,0.0150851710317443,0.025));
#15003=CARTESIAN_POINT('',(0.0306410533912125,0.0147101710317444,0.025));
#15004=CARTESIAN_POINT('',(0.0299915343383742,0.0143351710317444,0.025));
#15005=CARTESIAN_POINT('',(0.0294915343383742,0.0152011964355288,0.025));
#15006=CARTESIAN_POINT('',(0.0289915343383742,0.0160672218393133,0.025));
#15007=CARTESIAN_POINT('',(0.0296410533912126,0.0164422218393133,0.025));
#15008=CARTESIAN_POINT('',(0.0302905724440508,0.0168172218393133,0.025));
#15009=CARTESIAN_POINT('',(0.03,0.0173205080756888,0.025));
#15010=CARTESIAN_POINT('',(0.0297094275559492,0.0178237943120643,0.025));
#15011=CARTESIAN_POINT('',(0.0290599085031108,0.0174487943120643,0.025));
#15012=CARTESIAN_POINT('',(0.0284103894502725,0.0170737943120643,0.025));
#15013=CARTESIAN_POINT('',(0.0279103894502725,0.0179398197158487,0.025));
#15014=CARTESIAN_POINT('',(0.0274103894502725,0.0188058451196332,0.025));
#15015=CARTESIAN_POINT('',(0.0280599085031108,0.0191808451196332,0.025));
#15016=CARTESIAN_POINT('',(0.0287094275559492,0.0195558451196331,0.025));
#15017=CARTESIAN_POINT('',(0.03,0.0173205080756888,0.025));
#15018=CARTESIAN_POINT('',(0.0281282826678474,0.0205624175923842,0.025));
#15019=CARTESIAN_POINT('',(0.0274787636150092,0.0201874175923842,0.025));
#15020=CARTESIAN_POINT('',(0.0268292445621708,0.0198124175923842,0.025));
#15021=CARTESIAN_POINT('',(0.0263292445621708,0.0206784429961687,0.025));
#15022=CARTESIAN_POINT('',(0.0258292445621708,0.0215444683999532,0.025));
#15023=CARTESIAN_POINT('',(0.0264787636150092,0.0219194683999531,0.025));
#15024=CARTESIAN_POINT('',(0.0271282826678475,0.0222944683999531,0.025));
#15025=CARTESIAN_POINT('',(0.03,0.0173205080756888,0.025));
#15026=CARTESIAN_POINT('',(0.0265471377797458,0.0233010408727042,0.025));
#15027=CARTESIAN_POINT('',(0.0258976187269074,0.0229260408727042,0.025));
#15028=CARTESIAN_POINT('',(0.0252480996740692,0.0225510408727042,0.025));
#15029=CARTESIAN_POINT('',(0.0247480996740692,0.0234170662764886,0.025));
#15030=CARTESIAN_POINT('',(0.0242480996740691,0.0242830916802731,0.025));
#15031=CARTESIAN_POINT('',(0.0248976187269074,0.024658091680273,0.025));
#15032=CARTESIAN_POINT('',(0.0255471377797458,0.0250330916802731,0.025));
#15033=CARTESIAN_POINT('',(0.03,0.0173205080756888,0.025));
#15034=CARTESIAN_POINT('',(0.024965992891644,0.0260396641530241,0.025));
#15035=CARTESIAN_POINT('',(0.0243164738388057,0.0256646641530242,0.025));
#15036=CARTESIAN_POINT('',(0.0236669547859674,0.0252896641530242,0.025));
#15037=CARTESIAN_POINT('',(0.0231669547859674,0.0261556895568086,0.025));
#15038=CARTESIAN_POINT('',(0.0226669547859674,0.027021714960593,0.025));
#15039=CARTESIAN_POINT('',(0.0233164738388058,0.027396714960593,0.025));
#15040=CARTESIAN_POINT('',(0.023965992891644,0.027771714960593,0.025));
#15041=CARTESIAN_POINT('',(0.03,0.0173205080756888,0.025));
#15042=CARTESIAN_POINT('',(0.0233848480035424,0.0287782874333441,0.025));
#15043=CARTESIAN_POINT('',(0.022735328950704,0.0284032874333441,0.025));
#15044=CARTESIAN_POINT('',(0.0220858098978658,0.0280282874333441,0.025));
#15045=CARTESIAN_POINT('',(0.0215858098978658,0.0288943128371285,0.025));
#15046=CARTESIAN_POINT('',(0.0274019237886467,0.0158205080756888,0.025));
#15047=CARTESIAN_POINT('',(0.,0.,0.025));
#15048=CARTESIAN_POINT('',(0.0215858098978657,-0.0288943128371285,0.025));
#15049=CARTESIAN_POINT('',(0.0220858098978657,-0.0280282874333441,0.025));
#15050=CARTESIAN_POINT('',(0.022735328950704,-0.0284032874333441,0.025));
#15051=CARTESIAN_POINT('',(0.0233848480035424,-0.0287782874333441,0.025));
#15052=CARTESIAN_POINT('',(0.03,-0.0173205080756888,0.025));
#15053=CARTESIAN_POINT('',(0.023965992891644,-0.027771714960593,0.025));
#15054=CARTESIAN_POINT('',(0.0233164738388058,-0.027396714960593,0.025));
#15055=CARTESIAN_POINT('',(0.0226669547859674,-0.027021714960593,0.025));
#15056=CARTESIAN_POINT('',(0.0231669547859674,-0.0261556895568086,0.025));
#15057=CARTESIAN_POINT('',(0.0236669547859674,-0.0252896641530242,0.025));
#15058=CARTESIAN_POINT('',(0.0243164738388057,-0.0256646641530242,0.025));
#15059=CARTESIAN_POINT('',(0.024965992891644,-0.0260396641530241,0.025));
#15060=CARTESIAN_POINT('',(0.03,-0.0173205080756888,0.025));
#15061=CARTESIAN_POINT('',(0.0255471377797458,-0.0250330916802731,0.025));
#15062=CARTESIAN_POINT('',(0.0248976187269074,-0.0246580916802731,0.025));
#15063=CARTESIAN_POINT('',(0.0242480996740691,-0.0242830916802731,0.025));
#15064=CARTESIAN_POINT('',(0.0247480996740691,-0.0234170662764886,0.025));
#15065=CARTESIAN_POINT('',(0.0252480996740691,-0.0225510408727042,0.025));
#15066=CARTESIAN_POINT('',(0.0258976187269074,-0.0229260408727042,0.025));
#15067=CARTESIAN_POINT('',(0.0265471377797458,-0.0233010408727042,0.025));
#15068=CARTESIAN_POINT('',(0.03,-0.0173205080756888,0.025));
#15069=CARTESIAN_POINT('',(0.0271282826678475,-0.0222944683999531,0.025));
#15070=CARTESIAN_POINT('',(0.0264787636150092,-0.0219194683999532,0.025));
#15071=CARTESIAN_POINT('',(0.0258292445621708,-0.0215444683999532,0.025));
#15072=CARTESIAN_POINT('',(0.0263292445621708,-0.0206784429961687,0.025));
#15073=CARTESIAN_POINT('',(0.0268292445621708,-0.0198124175923842,0.025));
#15074=CARTESIAN_POINT('',(0.0274787636150092,-0.0201874175923842,0.025));
#15075=CARTESIAN_POINT('',(0.0281282826678474,-0.0205624175923842,0.025));
#15076=CARTESIAN_POINT('',(0.03,-0.0173205080756888,0.025));
#15077=CARTESIAN_POINT('',(0.0287094275559492,-0.0195558451196332,0.025));
#15078=CARTESIAN_POINT('',(0.0280599085031108,-0.0191808451196332,0.025));
#15079=CARTESIAN_POINT('',(0.0274103894502725,-0.0188058451196332,0.025));
#15080=CARTESIAN_POINT('',(0.0279103894502725,-0.0179398197158487,0.025));
#15081=CARTESIAN_POINT('',(0.0284103894502725,-0.0170737943120643,0.025));
#15082=CARTESIAN_POINT('',(0.0290599085031108,-0.0174487943120643,0.025));
#15083=CARTESIAN_POINT('',(0.0297094275559492,-0.0178237943120643,0.025));
#15084=CARTESIAN_POINT('',(0.03,-0.0173205080756888,0.025));
#15085=CARTESIAN_POINT('',(0.0302905724440508,-0.0168172218393133,0.025));
#15086=CARTESIAN_POINT('',(0.0296410533912126,-0.0164422218393133,0.025));
#15087=CARTESIAN_POINT('',(0.0289915343383742,-0.0160672218393133,0.025));
#15088=CARTESIAN_POINT('',(0.0294915343383742,-0.0152011964355288,0.025));
#15089=CARTESIAN_POINT('',(0.0299915343383742,-0.0143351710317444,0.025));
#15090=CARTESIAN_POINT('',(0.0306410533912125,-0.0147101710317444,0.025));
#15091=CARTESIAN_POINT('',(0.0312905724440509,-0.0150851710317443,0.025));
#15092=CARTESIAN_POINT('',(0.03,-0.0173205080756888,0.025));
#15093=CARTESIAN_POINT('',(0.0318717173321525,-0.0140785985589933,0.025));
#15094=CARTESIAN_POINT('',(0.0312221982793142,-0.0137035985589933,0.025));
#15095=CARTESIAN_POINT('',(0.0305726792264759,-0.0133285985589933,0.025));
#15096=CARTESIAN_POINT('',(0.0310726792264759,-0.0124625731552089,0.025));
#15097=CARTESIAN_POINT('',(0.0315726792264759,-0.0115965477514244,0.025));
#15098=CARTESIAN_POINT('',(0.0322221982793143,-0.0119715477514244,0.025));
#15099=CARTESIAN_POINT('',(0.0328717173321526,-0.0123465477514244,0.025));
#15100=CARTESIAN_POINT('',(0.03,-0.0173205080756888,0.025));
#15101=CARTESIAN_POINT('',(0.0334528622202543,-0.0113399752786734,0.025));
#15102=CARTESIAN_POINT('',(0.0328033431674159,-0.0109649752786734,0.025));
#15103=CARTESIAN_POINT('',(0.0321538241145776,-0.0105899752786734,0.025));
#15104=CARTESIAN_POINT('',(0.0326538241145776,-0.00972394987488892,0.025));
#15105=CARTESIAN_POINT('',(0.0331538241145776,-0.00885792447110449,0.025));
#15106=CARTESIAN_POINT('',(0.0338033431674159,-0.00923292447110449,0.025));
#15107=CARTESIAN_POINT('',(0.0344528622202543,-0.00960792447110448,0.025));
#15108=CARTESIAN_POINT('',(0.03,-0.0173205080756888,0.025));
#15109=CARTESIAN_POINT('',(0.0350340071083559,-0.00860135199835341,0.025));
#15110=CARTESIAN_POINT('',(0.0343844880555176,-0.00822635199835342,0.025));
#15111=CARTESIAN_POINT('',(0.0337349690026793,-0.00785135199835342,0.025));
#15112=CARTESIAN_POINT('',(0.0342349690026793,-0.00698532659456898,0.025));
#15113=CARTESIAN_POINT('',(0.0347349690026793,-0.00611930119078455,0.025));
#15114=CARTESIAN_POINT('',(0.0353844880555176,-0.00649430119078455,0.025));
#15115=CARTESIAN_POINT('',(0.0360340071083559,-0.00686930119078454,0.025));
#15116=CARTESIAN_POINT('',(0.03,-0.0173205080756888,0.025));
#15117=CARTESIAN_POINT('',(0.0366151519964576,-0.00586272871803347,0.025));
#15118=CARTESIAN_POINT('',(0.0359656329436193,-0.00548772871803348,0.025));
#15119=CARTESIAN_POINT('',(0.035316113890781,-0.00511272871803348,0.025));
#15120=CARTESIAN_POINT('',(0.035816113890781,-0.00424670331424904,0.025));
#15121=CARTESIAN_POINT('',(0.0274019237886467,-0.0158205080756888,0.025));
#15122=CARTESIAN_POINT('',(0.,0.,0.025));
#15123=CARTESIAN_POINT('',(-0.0142303039929152,-0.0331410161513775,0.025));
#15124=CARTESIAN_POINT('',(-0.0132303039929152,-0.0331410161513775,0.025));
#15125=CARTESIAN_POINT('',(-0.0132303039929152,-0.0338910161513775,0.025));
#15126=CARTESIAN_POINT('',(-0.0132303039929152,-0.0346410161513775,0.025));
#15127=CARTESIAN_POINT('',(-1.38777878078145E-17,-0.0346410161513775,0.025));
#15128=CARTESIAN_POINT('',(-0.0120680142167118,-0.0346410161513775,0.025));
#15129=CARTESIAN_POINT('',(-0.0120680142167118,-0.0338910161513775,0.025));
#15130=CARTESIAN_POINT('',(-0.0120680142167118,-0.0331410161513775,0.025));
#15131=CARTESIAN_POINT('',(-0.0110680142167118,-0.0331410161513775,0.025));
#15132=CARTESIAN_POINT('',(-0.0100680142167118,-0.0331410161513775,0.025));
#15133=CARTESIAN_POINT('',(-0.0100680142167118,-0.0338910161513775,0.025));
#15134=CARTESIAN_POINT('',(-0.0100680142167118,-0.0346410161513775,0.025));
#15135=CARTESIAN_POINT('',(-1.38777878078145E-17,-0.0346410161513775,0.025));
#15136=CARTESIAN_POINT('',(-0.00890572444050846,-0.0346410161513775,0.025));
#15137=CARTESIAN_POINT('',(-0.00890572444050846,-0.0338910161513775,0.025));
#15138=CARTESIAN_POINT('',(-0.00890572444050846,-0.0331410161513775,0.025));
#15139=CARTESIAN_POINT('',(-0.00790572444050846,-0.0331410161513775,0.025));
#15140=CARTESIAN_POINT('',(-0.00690572444050847,-0.0331410161513775,0.025));
#15141=CARTESIAN_POINT('',(-0.00690572444050847,-0.0338910161513775,0.025));
#15142=CARTESIAN_POINT('',(-0.00690572444050847,-0.0346410161513775,0.025));
#15143=CARTESIAN_POINT('',(-1.38777878078145E-17,-0.0346410161513775,0.025));
#15144=CARTESIAN_POINT('',(-0.00574343466430507,-0.0346410161513775,0.025));
#15145=CARTESIAN_POINT('',(-0.00574343466430507,-0.0338910161513775,0.025));
#15146=CARTESIAN_POINT('',(-0.00574343466430507,-0.0331410161513775,0.025));
#15147=CARTESIAN_POINT('',(-0.00474343466430507,-0.0331410161513775,0.025));
#15148=CARTESIAN_POINT('',(-0.00374343466430507,-0.0331410161513775,0.025));
#15149=CARTESIAN_POINT('',(-0.00374343466430507,-0.0338910161513775,0.025));
#15150=CARTESIAN_POINT('',(-0.00374343466430507,-0.0346410161513775,0.025));
#15151=CARTESIAN_POINT('',(-1.38777878078145E-17,-0.0346410161513775,0.025));
#15152=CARTESIAN_POINT('',(-0.00258114488810168,-0.0346410161513775,0.025));
#15153=CARTESIAN_POINT('',(-0.00258114488810168,-0.0338910161513775,0.025));
#15154=CARTESIAN_POINT('',(-0.00258114488810168,-0.0331410161513775,0.025));
#15155=CARTESIAN_POINT('',(-0.00158114488810168,-0.0331410161513775,0.025));
#15156=CARTESIAN_POINT('',(-0.000581144888101684,-0.0331410161513775,0.025));
#15157=CARTESIAN_POINT('',(-0.000581144888101684,-0.0338910161513775,0.025));
#15158=CARTESIAN_POINT('',(-0.000581144888101684,-0.0346410161513775,0.025));
#15159=CARTESIAN_POINT('',(-1.38777878078145E-17,-0.0346410161513775,0.025));
#15160=CARTESIAN_POINT('',(0.000581144888101708,-0.0346410161513775,0.025));
#15161=CARTESIAN_POINT('',(0.000581144888101708,-0.0338910161513775,0.025));
#15162=CARTESIAN_POINT('',(0.000581144888101708,-0.0331410161513775,0.025));
#15163=CARTESIAN_POINT('',(0.00158114488810171,-0.0331410161513775,0.025));
#15164=CARTESIAN_POINT('',(0.00258114488810171,-0.0331410161513775,0.025));
#15165=CARTESIAN_POINT('',(0.00258114488810171,-0.0338910161513775,0.025));
#15166=CARTESIAN_POINT('',(0.00258114488810171,-0.0346410161513775,0.025));
#15167=CARTESIAN_POINT('',(-1.38777878078145E-17,-0.0346410161513775,0.025));
#15168=CARTESIAN_POINT('',(0.0037434346643051,-0.0346410161513775,0.025));
#15169=CARTESIAN_POINT('',(0.0037434346643051,-0.0338910161513775,0.025));
#15170=CARTESIAN_POINT('',(0.0037434346643051,-0.0331410161513775,0.025));
#15171=CARTESIAN_POINT('',(0.0047434346643051,-0.0331410161513775,0.025));
#15172=CARTESIAN_POINT('',(0.0057434346643051,-0.0331410161513775,0.025));
#15173=CARTESIAN_POINT('',(0.0057434346643051,-0.0338910161513775,0.025));
#15174=CARTESIAN_POINT('',(0.0057434346643051,-0.0346410161513775,0.025));
#15175=CARTESIAN_POINT('',(-1.38777878078145E-17,-0.0346410161513775,0.025));
#15176=CARTESIAN_POINT('',(0.00690572444050849,-0.0346410161513775,0.025));
#15177=CARTESIAN_POINT('',(0.00690572444050849,-0.0338910161513775,0.025));
#15178=CARTESIAN_POINT('',(0.00690572444050849,-0.0331410161513775,0.025));
#15179=CARTESIAN_POINT('',(0.00790572444050849,-0.0331410161513775,0.025));
#15180=CARTESIAN_POINT('',(0.00890572444050849,-0.0331410161513775,0.025));
#15181=CARTESIAN_POINT('',(0.00890572444050849,-0.0338910161513775,0.025));
#15182=CARTESIAN_POINT('',(0.00890572444050849,-0.0346410161513775,0.025));
#15183=CARTESIAN_POINT('',(-1.38777878078145E-17,-0.0346410161513775,0.025));
#15184=CARTESIAN_POINT('',(0.0100680142167119,-0.0346410161513775,0.025));
#15185=CARTESIAN_POINT('',(0.0100680142167119,-0.0338910161513775,0.025));
#15186=CARTESIAN_POINT('',(0.0100680142167119,-0.0331410161513775,0.025));
#15187=CARTESIAN_POINT('',(0.0110680142167119,-0.0331410161513775,0.025));
#15188=CARTESIAN_POINT('',(0.0120680142167119,-0.0331410161513775,0.025));
#15189=CARTESIAN_POINT('',(0.0120680142167119,-0.0338910161513775,0.025));
#15190=CARTESIAN_POINT('',(0.0120680142167119,-0.0346410161513775,0.025));
#15191=CARTESIAN_POINT('',(-1.38777878078145E-17,-0.0346410161513775,0.025));
#15192=CARTESIAN_POINT('',(0.0132303039929153,-0.0346410161513775,0.025));
#15193=CARTESIAN_POINT('',(0.0132303039929153,-0.0338910161513775,0.025));
#15194=CARTESIAN_POINT('',(0.0132303039929153,-0.0331410161513775,0.025));
#15195=CARTESIAN_POINT('',(0.0142303039929153,-0.0331410161513775,0.025));
#15196=CARTESIAN_POINT('',(-3.46944695195361E-18,-0.0316410161513776,0.025));
#15197=CARTESIAN_POINT('',(0.,0.,0.025));
#15198=CARTESIAN_POINT('',(-0.035816113890781,-0.00424670331424904,0.025));
#15199=CARTESIAN_POINT('',(-0.035316113890781,-0.00511272871803348,0.025));
#15200=CARTESIAN_POINT('',(-0.0359656329436193,-0.00548772871803348,0.025));
#15201=CARTESIAN_POINT('',(-0.0366151519964576,-0.00586272871803348,0.025));
#15202=CARTESIAN_POINT('',(-0.03,-0.0173205080756888,0.025));
#15203=CARTESIAN_POINT('',(-0.0360340071083559,-0.00686930119078454,0.025));
#15204=CARTESIAN_POINT('',(-0.0353844880555176,-0.00649430119078455,0.025));
#15205=CARTESIAN_POINT('',(-0.0347349690026793,-0.00611930119078455,0.025));
#15206=CARTESIAN_POINT('',(-0.0342349690026793,-0.00698532659456899,0.025));
#15207=CARTESIAN_POINT('',(-0.0337349690026792,-0.00785135199835342,0.025));
#15208=CARTESIAN_POINT('',(-0.0343844880555176,-0.00822635199835342,0.025));
#15209=CARTESIAN_POINT('',(-0.0350340071083559,-0.00860135199835341,0.025));
#15210=CARTESIAN_POINT('',(-0.03,-0.0173205080756888,0.025));
#15211=CARTESIAN_POINT('',(-0.0344528622202543,-0.00960792447110448,0.025));
#15212=CARTESIAN_POINT('',(-0.0338033431674159,-0.00923292447110449,0.025));
#15213=CARTESIAN_POINT('',(-0.0331538241145776,-0.00885792447110449,0.025));
#15214=CARTESIAN_POINT('',(-0.0326538241145776,-0.00972394987488893,0.025));
#15215=CARTESIAN_POINT('',(-0.0321538241145776,-0.0105899752786734,0.025));
#15216=CARTESIAN_POINT('',(-0.0328033431674159,-0.0109649752786734,0.025));
#15217=CARTESIAN_POINT('',(-0.0334528622202543,-0.0113399752786734,0.025));
#15218=CARTESIAN_POINT('',(-0.03,-0.0173205080756888,0.025));
#15219=CARTESIAN_POINT('',(-0.0328717173321526,-0.0123465477514244,0.025));
#15220=CARTESIAN_POINT('',(-0.0322221982793142,-0.0119715477514244,0.025));
#15221=CARTESIAN_POINT('',(-0.0315726792264759,-0.0115965477514244,0.025));
#15222=CARTESIAN_POINT('',(-0.0310726792264759,-0.0124625731552089,0.025));
#15223=CARTESIAN_POINT('',(-0.0305726792264759,-0.0133285985589933,0.025));
#15224=CARTESIAN_POINT('',(-0.0312221982793142,-0.0137035985589933,0.025));
#15225=CARTESIAN_POINT('',(-0.0318717173321525,-0.0140785985589933,0.025));
#15226=CARTESIAN_POINT('',(-0.03,-0.0173205080756888,0.025));
#15227=CARTESIAN_POINT('',(-0.0312905724440509,-0.0150851710317443,0.025));
#15228=CARTESIAN_POINT('',(-0.0306410533912125,-0.0147101710317444,0.025));
#15229=CARTESIAN_POINT('',(-0.0299915343383742,-0.0143351710317444,0.025));
#15230=CARTESIAN_POINT('',(-0.0294915343383742,-0.0152011964355288,0.025));
#15231=CARTESIAN_POINT('',(-0.0289915343383742,-0.0160672218393133,0.025));
#15232=CARTESIAN_POINT('',(-0.0296410533912126,-0.0164422218393133,0.025));
#15233=CARTESIAN_POINT('',(-0.0302905724440508,-0.0168172218393133,0.025));
#15234=CARTESIAN_POINT('',(-0.03,-0.0173205080756888,0.025));
#15235=CARTESIAN_POINT('',(-0.0297094275559492,-0.0178237943120643,0.025));
#15236=CARTESIAN_POINT('',(-0.0290599085031108,-0.0174487943120643,0.025));
#15237=CARTESIAN_POINT('',(-0.0284103894502725,-0.0170737943120643,0.025));
#15238=CARTESIAN_POINT('',(-0.0279103894502725,-0.0179398197158487,0.025));
#15239=CARTESIAN_POINT('',(-0.0274103894502725,-0.0188058451196332,0.025));
#15240=CARTESIAN_POINT('',(-0.0280599085031108,-0.0191808451196332,0.025));
#15241=CARTESIAN_POINT('',(-0.0287094275559492,-0.0195558451196332,0.025));
#15242=CARTESIAN_POINT('',(-0.03,-0.0173205080756888,0.025));
#15243=CARTESIAN_POINT('',(-0.0281282826678474,-0.0205624175923842,0.025));
#15244=CARTESIAN_POINT('',(-0.0274787636150092,-0.0201874175923842,0.025));
#15245=CARTESIAN_POINT('',(-0.0268292445621708,-0.0198124175923842,0.025));
#15246=CARTESIAN_POINT('',(-0.0263292445621708,-0.0206784429961687,0.025));
#15247=CARTESIAN_POINT('',(-0.0258292445621708,-0.0215444683999532,0.025));
#15248=CARTESIAN_POINT('',(-0.0264787636150092,-0.0219194683999532,0.025));
#15249=CARTESIAN_POINT('',(-0.0271282826678475,-0.0222944683999531,0.025));
#15250=CARTESIAN_POINT('',(-0.03,-0.0173205080756888,0.025));
#15251=CARTESIAN_POINT('',(-0.0265471377797458,-0.0233010408727042,0.025));
#15252=CARTESIAN_POINT('',(-0.0258976187269074,-0.0229260408727042,0.025));
#15253=CARTESIAN_POINT('',(-0.0252480996740691,-0.0225510408727042,0.025));
#15254=CARTESIAN_POINT('',(-0.0247480996740691,-0.0234170662764886,0.025));
#15255=CARTESIAN_POINT('',(-0.0242480996740691,-0.0242830916802731,0.025));
#15256=CARTESIAN_POINT('',(-0.0248976187269074,-0.0246580916802731,0.025));
#15257=CARTESIAN_POINT('',(-0.0255471377797458,-0.0250330916802731,0.025));
#15258=CARTESIAN_POINT('',(-0.03,-0.0173205080756888,0.025));
#15259=CARTESIAN_POINT('',(-0.024965992891644,-0.0260396641530241,0.025));
#15260=CARTESIAN_POINT('',(-0.0243164738388057,-0.0256646641530242,0.025));
#15261=CARTESIAN_POINT('',(-0.0236669547859674,-0.0252896641530242,0.025));
#15262=CARTESIAN_POINT('',(-0.0231669547859674,-0.0261556895568086,0.025));
#15263=CARTESIAN_POINT('',(-0.0226669547859674,-0.0270217149605931,0.025));
#15264=CARTESIAN_POINT('',(-0.0233164738388058,-0.0273967149605931,0.025));
#15265=CARTESIAN_POINT('',(-0.023965992891644,-0.027771714960593,0.025));
#15266=CARTESIAN_POINT('',(-0.03,-0.0173205080756888,0.025));
#15267=CARTESIAN_POINT('',(-0.0233848480035424,-0.0287782874333441,0.025));
#15268=CARTESIAN_POINT('',(-0.022735328950704,-0.0284032874333441,0.025));
#15269=CARTESIAN_POINT('',(-0.0220858098978658,-0.0280282874333441,0.025));
#15270=CARTESIAN_POINT('',(-0.0215858098978657,-0.0288943128371285,0.025));
#15271=CARTESIAN_POINT('',(-0.0274019237886467,-0.0158205080756888,0.025));
#15272=CARTESIAN_POINT('',(0.,0.,0.025));
#15273=CARTESIAN_POINT('',(-0.0215858098978658,0.0288943128371285,0.025));
#15274=CARTESIAN_POINT('',(-0.0220858098978658,0.0280282874333441,0.025));
#15275=CARTESIAN_POINT('',(-0.022735328950704,0.0284032874333441,0.025));
#15276=CARTESIAN_POINT('',(-0.0233848480035424,0.0287782874333441,0.025));
#15277=CARTESIAN_POINT('',(-0.03,0.0173205080756888,0.025));
#15278=CARTESIAN_POINT('',(-0.0239659928916441,0.027771714960593,0.025));
#15279=CARTESIAN_POINT('',(-0.0233164738388058,0.027396714960593,0.025));
#15280=CARTESIAN_POINT('',(-0.0226669547859674,0.027021714960593,0.025));
#15281=CARTESIAN_POINT('',(-0.0231669547859674,0.0261556895568085,0.025));
#15282=CARTESIAN_POINT('',(-0.0236669547859674,0.0252896641530242,0.025));
#15283=CARTESIAN_POINT('',(-0.0243164738388057,0.0256646641530242,0.025));
#15284=CARTESIAN_POINT('',(-0.0249659928916441,0.0260396641530241,0.025));
#15285=CARTESIAN_POINT('',(-0.03,0.0173205080756888,0.025));
#15286=CARTESIAN_POINT('',(-0.0255471377797458,0.0250330916802731,0.025));
#15287=CARTESIAN_POINT('',(-0.0248976187269074,0.024658091680273,0.025));
#15288=CARTESIAN_POINT('',(-0.0242480996740691,0.024283091680273,0.025));
#15289=CARTESIAN_POINT('',(-0.0247480996740692,0.0234170662764886,0.025));
#15290=CARTESIAN_POINT('',(-0.0252480996740692,0.0225510408727042,0.025));
#15291=CARTESIAN_POINT('',(-0.0258976187269074,0.0229260408727042,0.025));
#15292=CARTESIAN_POINT('',(-0.0265471377797458,0.0233010408727042,0.025));
#15293=CARTESIAN_POINT('',(-0.03,0.0173205080756888,0.025));
#15294=CARTESIAN_POINT('',(-0.0271282826678475,0.0222944683999531,0.025));
#15295=CARTESIAN_POINT('',(-0.0264787636150092,0.0219194683999531,0.025));
#15296=CARTESIAN_POINT('',(-0.0258292445621708,0.0215444683999531,0.025));
#15297=CARTESIAN_POINT('',(-0.0263292445621708,0.0206784429961687,0.025));
#15298=CARTESIAN_POINT('',(-0.0268292445621708,0.0198124175923842,0.025));
#15299=CARTESIAN_POINT('',(-0.0274787636150092,0.0201874175923842,0.025));
#15300=CARTESIAN_POINT('',(-0.0281282826678474,0.0205624175923842,0.025));
#15301=CARTESIAN_POINT('',(-0.03,0.0173205080756888,0.025));
#15302=CARTESIAN_POINT('',(-0.0287094275559492,0.0195558451196331,0.025));
#15303=CARTESIAN_POINT('',(-0.0280599085031108,0.0191808451196332,0.025));
#15304=CARTESIAN_POINT('',(-0.0274103894502725,0.0188058451196332,0.025));
#15305=CARTESIAN_POINT('',(-0.0279103894502725,0.0179398197158487,0.025));
#15306=CARTESIAN_POINT('',(-0.0284103894502725,0.0170737943120643,0.025));
#15307=CARTESIAN_POINT('',(-0.0290599085031108,0.0174487943120643,0.025));
#15308=CARTESIAN_POINT('',(-0.0297094275559492,0.0178237943120643,0.025));
#15309=CARTESIAN_POINT('',(-0.03,0.0173205080756888,0.025));
#15310=CARTESIAN_POINT('',(-0.0302905724440508,0.0168172218393133,0.025));
#15311=CARTESIAN_POINT('',(-0.0296410533912126,0.0164422218393133,0.025));
#15312=CARTESIAN_POINT('',(-0.0289915343383742,0.0160672218393133,0.025));
#15313=CARTESIAN_POINT('',(-0.0294915343383742,0.0152011964355288,0.025));
#15314=CARTESIAN_POINT('',(-0.0299915343383742,0.0143351710317444,0.025));
#15315=CARTESIAN_POINT('',(-0.0306410533912125,0.0147101710317444,0.025));
#15316=CARTESIAN_POINT('',(-0.0312905724440509,0.0150851710317443,0.025));
#15317=CARTESIAN_POINT('',(-0.03,0.0173205080756888,0.025));
#15318=CARTESIAN_POINT('',(-0.0318717173321525,0.0140785985589933,0.025));
#15319=CARTESIAN_POINT('',(-0.0312221982793142,0.0137035985589933,0.025));
#15320=CARTESIAN_POINT('',(-0.0305726792264759,0.0133285985589933,0.025));
#15321=CARTESIAN_POINT('',(-0.0310726792264759,0.0124625731552089,0.025));
#15322=CARTESIAN_POINT('',(-0.0315726792264759,0.0115965477514244,0.025));
#15323=CARTESIAN_POINT('',(-0.0322221982793143,0.0119715477514244,0.025));
#15324=CARTESIAN_POINT('',(-0.0328717173321526,0.0123465477514244,0.025));
#15325=CARTESIAN_POINT('',(-0.03,0.0173205080756888,0.025));
#15326=CARTESIAN_POINT('',(-0.0334528622202543,0.0113399752786733,0.025));
#15327=CARTESIAN_POINT('',(-0.0328033431674159,0.0109649752786733,0.025));
#15328=CARTESIAN_POINT('',(-0.0321538241145776,0.0105899752786733,0.025));
#15329=CARTESIAN_POINT('',(-0.0326538241145776,0.00972394987488891,0.025));
#15330=CARTESIAN_POINT('',(-0.0331538241145776,0.00885792447110448,0.025));
#15331=CARTESIAN_POINT('',(-0.0338033431674159,0.00923292447110447,0.025));
#15332=CARTESIAN_POINT('',(-0.0344528622202543,0.00960792447110447,0.025));
#15333=CARTESIAN_POINT('',(-0.03,0.0173205080756888,0.025));
#15334=CARTESIAN_POINT('',(-0.0350340071083559,0.00860135199835341,0.025));
#15335=CARTESIAN_POINT('',(-0.0343844880555177,0.00822635199835341,0.025));
#15336=CARTESIAN_POINT('',(-0.0337349690026793,0.00785135199835341,0.025));
#15337=CARTESIAN_POINT('',(-0.0342349690026793,0.00698532659456897,0.025));
#15338=CARTESIAN_POINT('',(-0.0347349690026793,0.00611930119078453,0.025));
#15339=CARTESIAN_POINT('',(-0.0353844880555177,0.00649430119078453,0.025));
#15340=CARTESIAN_POINT('',(-0.0360340071083559,0.00686930119078453,0.025));
#15341=CARTESIAN_POINT('',(-0.03,0.0173205080756888,0.025));
#15342=CARTESIAN_POINT('',(-0.0366151519964576,0.00586272871803347,0.025));
#15343=CARTESIAN_POINT('',(-0.0359656329436193,0.00548772871803347,0.025));
#15344=CARTESIAN_POINT('',(-0.035316113890781,0.00511272871803347,0.025));
#15345=CARTESIAN_POINT('',(-0.035816113890781,0.00424670331424903,0.025));
#15346=CARTESIAN_POINT('',(-0.0274019237886467,0.0158205080756888,0.025));
#15347=CARTESIAN_POINT('',(0.,0.,0.025));
#15348=CARTESIAN_POINT('',(0.0142303039929152,0.0331410161513775,0.025));
#15349=CARTESIAN_POINT('',(0.0132303039929152,0.0331410161513775,0.025));
#15350=CARTESIAN_POINT('',(0.0132303039929152,0.0338910161513775,0.025));
#15351=CARTESIAN_POINT('',(0.0132303039929152,0.0346410161513775,0.025));
#15352=CARTESIAN_POINT('',(-6.93889390390723E-18,0.0346410161513775,0.025));
#15353=CARTESIAN_POINT('',(0.0120680142167118,0.0346410161513775,0.025));
#15354=CARTESIAN_POINT('',(0.0120680142167118,0.0338910161513775,0.025));
#15355=CARTESIAN_POINT('',(0.0120680142167118,0.0331410161513775,0.025));
#15356=CARTESIAN_POINT('',(0.0110680142167118,0.0331410161513775,0.025));
#15357=CARTESIAN_POINT('',(0.0100680142167118,0.0331410161513775,0.025));
#15358=CARTESIAN_POINT('',(0.0100680142167118,0.0338910161513775,0.025));
#15359=CARTESIAN_POINT('',(0.0100680142167118,0.0346410161513775,0.025));
#15360=CARTESIAN_POINT('',(-6.93889390390723E-18,0.0346410161513775,0.025));
#15361=CARTESIAN_POINT('',(0.00890572444050846,0.0346410161513775,0.025));
#15362=CARTESIAN_POINT('',(0.00890572444050846,0.0338910161513775,0.025));
#15363=CARTESIAN_POINT('',(0.00890572444050846,0.0331410161513775,0.025));
#15364=CARTESIAN_POINT('',(0.00790572444050846,0.0331410161513775,0.025));
#15365=CARTESIAN_POINT('',(0.00690572444050846,0.0331410161513775,0.025));
#15366=CARTESIAN_POINT('',(0.00690572444050846,0.0338910161513775,0.025));
#15367=CARTESIAN_POINT('',(0.00690572444050846,0.0346410161513775,0.025));
#15368=CARTESIAN_POINT('',(-6.93889390390723E-18,0.0346410161513775,0.025));
#15369=CARTESIAN_POINT('',(0.00574343466430507,0.0346410161513775,0.025));
#15370=CARTESIAN_POINT('',(0.00574343466430507,0.0338910161513775,0.025));
#15371=CARTESIAN_POINT('',(0.00574343466430507,0.0331410161513775,0.025));
#15372=CARTESIAN_POINT('',(0.00474343466430507,0.0331410161513775,0.025));
#15373=CARTESIAN_POINT('',(0.00374343466430506,0.0331410161513775,0.025));
#15374=CARTESIAN_POINT('',(0.00374343466430506,0.0338910161513775,0.025));
#15375=CARTESIAN_POINT('',(0.00374343466430506,0.0346410161513775,0.025));
#15376=CARTESIAN_POINT('',(-6.93889390390723E-18,0.0346410161513775,0.025));
#15377=CARTESIAN_POINT('',(0.00258114488810168,0.0346410161513775,0.025));
#15378=CARTESIAN_POINT('',(0.00258114488810168,0.0338910161513775,0.025));
#15379=CARTESIAN_POINT('',(0.00258114488810168,0.0331410161513775,0.025));
#15380=CARTESIAN_POINT('',(0.00158114488810168,0.0331410161513775,0.025));
#15381=CARTESIAN_POINT('',(0.00058114488810168,0.0331410161513775,0.025));
#15382=CARTESIAN_POINT('',(0.00058114488810168,0.0338910161513775,0.025));
#15383=CARTESIAN_POINT('',(0.00058114488810168,0.0346410161513775,0.025));
#15384=CARTESIAN_POINT('',(-6.93889390390723E-18,0.0346410161513775,0.025));
#15385=CARTESIAN_POINT('',(-0.000581144888101712,0.0346410161513775,0.025));
#15386=CARTESIAN_POINT('',(-0.000581144888101712,0.0338910161513775,0.025));
#15387=CARTESIAN_POINT('',(-0.000581144888101712,0.0331410161513775,0.025));
#15388=CARTESIAN_POINT('',(-0.00158114488810172,0.0331410161513775,0.025));
#15389=CARTESIAN_POINT('',(-0.00258114488810171,0.0331410161513775,0.025));
#15390=CARTESIAN_POINT('',(-0.00258114488810171,0.0338910161513775,0.025));
#15391=CARTESIAN_POINT('',(-0.00258114488810171,0.0346410161513775,0.025));
#15392=CARTESIAN_POINT('',(-6.93889390390723E-18,0.0346410161513775,0.025));
#15393=CARTESIAN_POINT('',(-0.0037434346643051,0.0346410161513775,0.025));
#15394=CARTESIAN_POINT('',(-0.0037434346643051,0.0338910161513775,0.025));
#15395=CARTESIAN_POINT('',(-0.0037434346643051,0.0331410161513775,0.025));
#15396=CARTESIAN_POINT('',(-0.0047434346643051,0.0331410161513775,0.025));
#15397=CARTESIAN_POINT('',(-0.0057434346643051,0.0331410161513775,0.025));
#15398=CARTESIAN_POINT('',(-0.0057434346643051,0.0338910161513775,0.025));
#15399=CARTESIAN_POINT('',(-0.0057434346643051,0.0346410161513775,0.025));
#15400=CARTESIAN_POINT('',(-6.93889390390723E-18,0.0346410161513775,0.025));
#15401=CARTESIAN_POINT('',(-0.00690572444050849,0.0346410161513775,0.025));
#15402=CARTESIAN_POINT('',(-0.00690572444050849,0.0338910161513775,0.025));
#15403=CARTESIAN_POINT('',(-0.00690572444050849,0.0331410161513775,0.025));
#15404=CARTESIAN_POINT('',(-0.00790572444050849,0.0331410161513775,0.025));
#15405=CARTESIAN_POINT('',(-0.00890572444050849,0.0331410161513775,0.025));
#15406=CARTESIAN_POINT('',(-0.00890572444050849,0.0338910161513775,0.025));
#15407=CARTESIAN_POINT('',(-0.00890572444050849,0.0346410161513775,0.025));
#15408=CARTESIAN_POINT('',(-6.93889390390723E-18,0.0346410161513775,0.025));
#15409=CARTESIAN_POINT('',(-0.0100680142167119,0.0346410161513775,0.025));
#15410=CARTESIAN_POINT('',(-0.0100680142167119,0.0338910161513775,0.025));
#15411=CARTESIAN_POINT('',(-0.0100680142167119,0.0331410161513775,0.025));
#15412=CARTESIAN_POINT('',(-0.0110680142167119,0.0331410161513775,0.025));
#15413=CARTESIAN_POINT('',(-0.0120680142167119,0.0331410161513775,0.025));
#15414=CARTESIAN_POINT('',(-0.0120680142167119,0.0338910161513775,0.025));
#15415=CARTESIAN_POINT('',(-0.0120680142167119,0.0346410161513775,0.025));
#15416=CARTESIAN_POINT('',(-6.93889390390723E-18,0.0346410161513775,0.025));
#15417=CARTESIAN_POINT('',(-0.0132303039929153,0.0346410161513775,0.025));
#15418=CARTESIAN_POINT('',(-0.0132303039929153,0.0338910161513775,0.025));
#15419=CARTESIAN_POINT('',(-0.0132303039929153,0.0331410161513775,0.025));
#15420=CARTESIAN_POINT('',(-0.0142303039929153,0.0331410161513775,0.025));
#15421=CARTESIAN_POINT('',(0.,0.0316410161513776,0.025));
#15422=CARTESIAN_POINT('',(0.,0.0216410161513776,0.025002));
#15423=CARTESIAN_POINT('',(0.,0.0216410161513776,0.0166666666666666));
#15424=CARTESIAN_POINT('',(-0.0124944465005349,0.0216410161513776,0.0183333333333334));
#15425=CARTESIAN_POINT('',(0.0124944465005349,0.0216410161513776,0.015));
#15426=CARTESIAN_POINT('',(-0.0124944465005349,0.0216410161513776,0.025002));
#15427=CARTESIAN_POINT('',(-0.0124944465005349,0.0216410161513776,0.025));
#15428=CARTESIAN_POINT('',(0.,0.0216410161513776,0.025));
#15429=CARTESIAN_POINT('',(0.0124944465005349,0.0216410161513776,0.025));
#15430=CARTESIAN_POINT('',(0.0124944465005349,0.0216410161513776,0.025002));
#15431=CARTESIAN_POINT('',(0.0187416697508023,0.0108205080756888,0.025002));
#15432=CARTESIAN_POINT('',(0.0249888930010698,1.7347234759768E-18,0.025002));
#15433=CARTESIAN_POINT('',(0.0249888930010698,1.7347234759768E-18,0.025));
#15434=CARTESIAN_POINT('',(0.0249888930010698,1.7347234759768E-18,0.0116666666666667));
#15435=CARTESIAN_POINT('',(0.0187416697508023,0.0108205080756888,0.0133333333333333));
#15436=CARTESIAN_POINT('',(0.0187416697508023,0.0108205080756888,0.025));
#15437=CARTESIAN_POINT('',(0.0187416697508023,-0.0108205080756888,0.025002));
#15438=CARTESIAN_POINT('',(0.0124944465005349,-0.0216410161513776,0.025002));
#15439=CARTESIAN_POINT('',(0.0124944465005349,-0.0216410161513776,0.025));
#15440=CARTESIAN_POINT('',(0.0124944465005349,-0.0216410161513776,0.00833333333333334));
#15441=CARTESIAN_POINT('',(0.0187416697508023,-0.0108205080756888,0.01));
#15442=CARTESIAN_POINT('',(0.0187416697508023,-0.0108205080756888,0.025));
#15443=CARTESIAN_POINT('',(0.,0.,0.005));
#15444=CARTESIAN_POINT('',(-0.029319020019992,4.06883138570511E-17,0.005));
#15445=CARTESIAN_POINT('',(-0.029319020019992,0.0025,0.005));
#15446=CARTESIAN_POINT('',(-0.029319020019992,-0.0025,0.005));
#15447=CARTESIAN_POINT('',(-0.0230717967697245,0.0133205080756888,0.005));
#15448=CARTESIAN_POINT('',(-0.016824573519457,0.0241410161513776,0.005));
#15449=CARTESIAN_POINT('',(-0.0146595100099959,0.0253910161513776,0.005));
#15450=CARTESIAN_POINT('',(-0.0124944465005349,0.0266410161513776,0.005));
#15451=CARTESIAN_POINT('',(0.,0.0266410161513776,0.005));
#15452=CARTESIAN_POINT('',(0.0124944465005349,0.0266410161513776,0.005));
#15453=CARTESIAN_POINT('',(0.014659510009996,0.0253910161513776,0.005));
#15454=CARTESIAN_POINT('',(0.016824573519457,0.0241410161513776,0.005));
#15455=CARTESIAN_POINT('',(0.0230717967697245,0.0133205080756888,0.005));
#15456=CARTESIAN_POINT('',(0.029319020019992,0.0025,0.005));
#15457=CARTESIAN_POINT('',(0.029319020019992,-4.06883138570512E-17,0.005));
#15458=CARTESIAN_POINT('',(0.029319020019992,-0.0025,0.005));
#15459=CARTESIAN_POINT('',(0.0230717967697245,-0.0133205080756888,0.005));
#15460=CARTESIAN_POINT('',(0.016824573519457,-0.0241410161513776,0.005));
#15461=CARTESIAN_POINT('',(0.014659510009996,-0.0253910161513776,0.005));
#15462=CARTESIAN_POINT('',(0.0124944465005348,-0.0266410161513776,0.005));
#15463=CARTESIAN_POINT('',(-1.7347234759768E-18,-0.0266410161513776,0.005));
#15464=CARTESIAN_POINT('',(-0.0124944465005349,-0.0266410161513776,0.005));
#15465=CARTESIAN_POINT('',(-0.0124944465005349,-0.0266410161513776,0.005));
#15466=CARTESIAN_POINT('',(-0.0124944465005349,-0.0216410161513776,0.005));
#15467=CARTESIAN_POINT('',(0.00624722325026743,-0.0108205080756888,0.005));
#15468=CARTESIAN_POINT('',(-0.016824573519457,-0.0241410161513776,0.005));
#15469=CARTESIAN_POINT('',(-0.0230717967697245,-0.0133205080756888,0.005));
#15470=CARTESIAN_POINT('',(0.,0.0316410161513776,0.005));
#15471=CARTESIAN_POINT('',(-0.0274019237886467,0.0158205080756888,0.005));
#15472=CARTESIAN_POINT('',(-0.0274019237886467,-0.0158205080756888,0.005));
#15473=CARTESIAN_POINT('',(-3.46944695195361E-18,-0.0316410161513776,0.005));
#15474=CARTESIAN_POINT('',(0.0274019237886467,-0.0158205080756888,0.005));
#15475=CARTESIAN_POINT('',(0.0274019237886467,0.0158205080756888,0.005));
#15476=CARTESIAN_POINT('',(-0.04,2.80617373154157E-17,-2.00000000000027E-6));
#15477=CARTESIAN_POINT('',(-0.04,2.80617373154157E-17,0.0145339959297832));
#15478=CARTESIAN_POINT('',(-0.0425,-0.00433012701892217,0.0264309221376423));
#15479=CARTESIAN_POINT('',(-0.0375,-0.00433012701892217,0.0264309221376423));
#15480=CARTESIAN_POINT('',(-0.04,2.80617373154157E-17,0.0145339959297832));
#15481=CARTESIAN_POINT('',(-0.045,1.75768397818187E-17,0.0264309221376423));
#15482=CARTESIAN_POINT('',(-0.04,2.80617373154157E-17,0.0145339959297832));
#15483=CARTESIAN_POINT('',(-0.0425,0.00433012701892222,0.0264309221376423));
#15484=CARTESIAN_POINT('',(-0.04,2.80617373154157E-17,0.0145339959297832));
#15485=CARTESIAN_POINT('',(-0.0375,0.00433012701892222,0.0264309221376423));
#15486=CARTESIAN_POINT('',(-0.0375,0.00433012701892222,-2.00000000000027E-6));
#15487=CARTESIAN_POINT('',(-0.0375,0.00433012701892221,0.));
#15488=CARTESIAN_POINT('',(-0.04,2.80617373154157E-17,0.));
#15489=CARTESIAN_POINT('',(-0.0375,-0.00433012701892217,0.));
#15490=CARTESIAN_POINT('',(-0.0375,-0.00433012701892217,-2.00000000000027E-6));
#15491=CARTESIAN_POINT('',(-0.02,0.0346410161513775,-2.00000000000027E-6));
#15492=CARTESIAN_POINT('',(-0.02,0.0346410161513775,0.0145339959297832));
#15493=CARTESIAN_POINT('',(-0.025,0.0346410161513775,0.0264309221376423));
#15494=CARTESIAN_POINT('',(-0.0225,0.0303108891324553,0.0264309221376423));
#15495=CARTESIAN_POINT('',(-0.02,0.0346410161513775,0.0145339959297832));
#15496=CARTESIAN_POINT('',(-0.0225,0.0389711431702998,0.0264309221376423));
#15497=CARTESIAN_POINT('',(-0.02,0.0346410161513775,0.0145339959297832));
#15498=CARTESIAN_POINT('',(-0.0175,0.0389711431702998,0.0264309221376423));
#15499=CARTESIAN_POINT('',(-0.02,0.0346410161513775,0.0145339959297832));
#15500=CARTESIAN_POINT('',(-0.015,0.0346410161513775,0.0264309221376423));
#15501=CARTESIAN_POINT('',(-0.015,0.0346410161513775,-2.00000000000027E-6));
#15502=CARTESIAN_POINT('',(-0.015,0.0346410161513775,0.));
#15503=CARTESIAN_POINT('',(-0.02,0.0346410161513775,0.));
#15504=CARTESIAN_POINT('',(-0.0225,0.0303108891324553,0.));
#15505=CARTESIAN_POINT('',(-0.0225,0.0303108891324553,-2.00000000000027E-6));
#15506=CARTESIAN_POINT('',(0.03,0.0173205080756888,0.005));
#15507=CARTESIAN_POINT('',(0.0225,0.0303108891324553,-2.00000000000027E-6));
#15508=CARTESIAN_POINT('',(0.0225,0.0303108891324553,0.));
#15509=CARTESIAN_POINT('',(0.0225,0.0303108891324553,0.0264309221376421));
#15510=CARTESIAN_POINT('',(0.0233109850000474,0.0289062219081971,0.0302902136181399));
#15511=CARTESIAN_POINT('',(0.0226195850618083,0.0301037617295773,0.027));
#15512=CARTESIAN_POINT('',(0.0224424240017712,0.0304106136866842,0.027));
#15513=CARTESIAN_POINT('',(0.0233848480035424,0.0287782874333441,0.027));
#15514=CARTESIAN_POINT('',(0.0233848480035424,0.0287782874333441,0.027));
#15515=CARTESIAN_POINT('',(0.0239659928916441,0.027771714960593,0.027));
#15516=CARTESIAN_POINT('',(0.0239659928916441,0.027771714960593,0.027));
#15517=CARTESIAN_POINT('',(0.03,0.0173205080756888,0.027));
#15518=CARTESIAN_POINT('',(0.0249659928916441,0.0260396641530241,0.027));
#15519=CARTESIAN_POINT('',(0.0249659928916441,0.0260396641530241,0.027));
#15520=CARTESIAN_POINT('',(0.0255471377797458,0.0250330916802731,0.027));
#15521=CARTESIAN_POINT('',(0.0255471377797458,0.0250330916802731,0.027));
#15522=CARTESIAN_POINT('',(0.03,0.0173205080756888,0.027));
#15523=CARTESIAN_POINT('',(0.0265471377797458,0.0233010408727042,0.027));
#15524=CARTESIAN_POINT('',(0.0265471377797458,0.0233010408727042,0.027));
#15525=CARTESIAN_POINT('',(0.0271282826678475,0.0222944683999531,0.027));
#15526=CARTESIAN_POINT('',(0.0271282826678475,0.0222944683999531,0.027));
#15527=CARTESIAN_POINT('',(0.03,0.0173205080756888,0.027));
#15528=CARTESIAN_POINT('',(0.0281282826678475,0.0205624175923842,0.027));
#15529=CARTESIAN_POINT('',(0.0281282826678475,0.0205624175923842,0.027));
#15530=CARTESIAN_POINT('',(0.0287094275559492,0.0195558451196332,0.027));
#15531=CARTESIAN_POINT('',(0.0287094275559492,0.0195558451196332,0.027));
#15532=CARTESIAN_POINT('',(0.03,0.0173205080756888,0.027));
#15533=CARTESIAN_POINT('',(0.0297094275559492,0.0178237943120643,0.027));
#15534=CARTESIAN_POINT('',(0.0297094275559492,0.0178237943120643,0.027));
#15535=CARTESIAN_POINT('',(0.0302905724440508,0.0168172218393133,0.027));
#15536=CARTESIAN_POINT('',(0.0302905724440508,0.0168172218393133,0.027));
#15537=CARTESIAN_POINT('',(0.03,0.0173205080756888,0.027));
#15538=CARTESIAN_POINT('',(0.0312905724440509,0.0150851710317443,0.027));
#15539=CARTESIAN_POINT('',(0.0312905724440509,0.0150851710317443,0.027));
#15540=CARTESIAN_POINT('',(0.0318717173321525,0.0140785985589933,0.027));
#15541=CARTESIAN_POINT('',(0.0318717173321525,0.0140785985589933,0.027));
#15542=CARTESIAN_POINT('',(0.03,0.0173205080756888,0.027));
#15543=CARTESIAN_POINT('',(0.0328717173321526,0.0123465477514244,0.027));
#15544=CARTESIAN_POINT('',(0.0328717173321526,0.0123465477514244,0.027));
#15545=CARTESIAN_POINT('',(0.0334528622202543,0.0113399752786733,0.027));
#15546=CARTESIAN_POINT('',(0.0334528622202543,0.0113399752786733,0.027));
#15547=CARTESIAN_POINT('',(0.03,0.0173205080756888,0.027));
#15548=CARTESIAN_POINT('',(0.0344528622202543,0.00960792447110447,0.027));
#15549=CARTESIAN_POINT('',(0.0344528622202543,0.00960792447110447,0.027));
#15550=CARTESIAN_POINT('',(0.0350340071083559,0.0086013519983534,0.027));
#15551=CARTESIAN_POINT('',(0.0350340071083559,0.0086013519983534,0.027));
#15552=CARTESIAN_POINT('',(0.03,0.0173205080756888,0.027));
#15553=CARTESIAN_POINT('',(0.0360340071083559,0.00686930119078453,0.027));
#15554=CARTESIAN_POINT('',(0.0360340071083559,0.00686930119078453,0.027));
#15555=CARTESIAN_POINT('',(0.0366151519964576,0.00586272871803346,0.027));
#15556=CARTESIAN_POINT('',(0.0366151519964576,0.00586272871803346,0.027));
#15557=CARTESIAN_POINT('',(0.03,0.0173205080756888,0.027));
#15558=CARTESIAN_POINT('',(0.0373804149381919,0.00453725442180022,0.027));
#15559=CARTESIAN_POINT('',(0.0370549250002369,0.00510101953169069,0.0285489319093005));
#15560=CARTESIAN_POINT('',(0.0375,0.00433012701892219,0.0264309221376424));
#15561=CARTESIAN_POINT('',(0.0375,0.00433012701892219,-2.00000000000027E-6));
#15562=CARTESIAN_POINT('',(0.0375,0.00433012701892219,0.));
#15563=CARTESIAN_POINT('',(0.03,0.0173205080756888,0.));
#15564=CARTESIAN_POINT('',(0.,0.0346410161513775,0.005));
#15565=CARTESIAN_POINT('',(-6.93889390390723E-18,0.0346410161513775,0.027));
#15566=CARTESIAN_POINT('',(0.0147608298763836,0.0346410161513775,0.027));
#15567=CARTESIAN_POINT('',(0.0132303039929152,0.0346410161513775,0.027));
#15568=CARTESIAN_POINT('',(0.0141098500004737,0.0346410161513775,0.0285489319093005));
#15569=CARTESIAN_POINT('',(0.015,0.0346410161513775,0.0264309221376424));
#15570=CARTESIAN_POINT('',(0.015,0.0346410161513775,-2.00000000000027E-6));
#15571=CARTESIAN_POINT('',(0.015,0.0346410161513775,0.));
#15572=CARTESIAN_POINT('',(0.,0.0346410161513775,0.));
#15573=CARTESIAN_POINT('',(-0.0133780299999053,0.0346410161513775,0.0302902136181399));
#15574=CARTESIAN_POINT('',(-0.0147608298763836,0.0346410161513775,0.027));
#15575=CARTESIAN_POINT('',(-0.0151151519964577,0.0346410161513775,0.027));
#15576=CARTESIAN_POINT('',(-0.0132303039929153,0.0346410161513775,0.027));
#15577=CARTESIAN_POINT('',(-0.0132303039929153,0.0346410161513775,0.027));
#15578=CARTESIAN_POINT('',(-0.0120680142167119,0.0346410161513775,0.027));
#15579=CARTESIAN_POINT('',(-0.0120680142167119,0.0346410161513775,0.027));
#15580=CARTESIAN_POINT('',(-6.93889390390723E-18,0.0346410161513775,0.027));
#15581=CARTESIAN_POINT('',(-0.0100680142167119,0.0346410161513775,0.027));
#15582=CARTESIAN_POINT('',(-0.0100680142167119,0.0346410161513775,0.027));
#15583=CARTESIAN_POINT('',(-0.00890572444050849,0.0346410161513775,0.027));
#15584=CARTESIAN_POINT('',(-0.00890572444050849,0.0346410161513775,0.027));
#15585=CARTESIAN_POINT('',(-6.93889390390723E-18,0.0346410161513775,0.027));
#15586=CARTESIAN_POINT('',(-0.00690572444050849,0.0346410161513775,0.027));
#15587=CARTESIAN_POINT('',(-0.00690572444050849,0.0346410161513775,0.027));
#15588=CARTESIAN_POINT('',(-0.0057434346643051,0.0346410161513775,0.027));
#15589=CARTESIAN_POINT('',(-0.0057434346643051,0.0346410161513775,0.027));
#15590=CARTESIAN_POINT('',(-6.93889390390723E-18,0.0346410161513775,0.027));
#15591=CARTESIAN_POINT('',(-0.0037434346643051,0.0346410161513775,0.027));
#15592=CARTESIAN_POINT('',(-0.0037434346643051,0.0346410161513775,0.027));
#15593=CARTESIAN_POINT('',(-0.00258114488810171,0.0346410161513775,0.027));
#15594=CARTESIAN_POINT('',(-0.00258114488810171,0.0346410161513775,0.027));
#15595=CARTESIAN_POINT('',(-6.93889390390723E-18,0.0346410161513775,0.027));
#15596=CARTESIAN_POINT('',(-0.000581144888101712,0.0346410161513775,0.027));
#15597=CARTESIAN_POINT('',(-0.000581144888101712,0.0346410161513775,0.027));
#15598=CARTESIAN_POINT('',(0.00058114488810168,0.0346410161513775,0.027));
#15599=CARTESIAN_POINT('',(0.00058114488810168,0.0346410161513775,0.027));
#15600=CARTESIAN_POINT('',(-6.93889390390723E-18,0.0346410161513775,0.027));
#15601=CARTESIAN_POINT('',(0.00258114488810168,0.0346410161513775,0.027));
#15602=CARTESIAN_POINT('',(0.00258114488810168,0.0346410161513775,0.027));
#15603=CARTESIAN_POINT('',(0.00374343466430506,0.0346410161513775,0.027));
#15604=CARTESIAN_POINT('',(0.00374343466430506,0.0346410161513775,0.027));
#15605=CARTESIAN_POINT('',(-6.93889390390723E-18,0.0346410161513775,0.027));
#15606=CARTESIAN_POINT('',(0.00574343466430507,0.0346410161513775,0.027));
#15607=CARTESIAN_POINT('',(0.00574343466430507,0.0346410161513775,0.027));
#15608=CARTESIAN_POINT('',(0.00690572444050846,0.0346410161513775,0.027));
#15609=CARTESIAN_POINT('',(0.00690572444050846,0.0346410161513775,0.027));
#15610=CARTESIAN_POINT('',(-6.93889390390723E-18,0.0346410161513775,0.027));
#15611=CARTESIAN_POINT('',(0.00890572444050846,0.0346410161513775,0.027));
#15612=CARTESIAN_POINT('',(0.00890572444050846,0.0346410161513775,0.027));
#15613=CARTESIAN_POINT('',(0.0100680142167118,0.0346410161513775,0.027));
#15614=CARTESIAN_POINT('',(0.0100680142167118,0.0346410161513775,0.027));
#15615=CARTESIAN_POINT('',(-6.93889390390723E-18,0.0346410161513775,0.027));
#15616=CARTESIAN_POINT('',(0.0120680142167118,0.0346410161513775,0.027));
#15617=CARTESIAN_POINT('',(0.0120680142167118,0.0346410161513775,0.027));
#15618=CARTESIAN_POINT('',(0.0132303039929152,0.0346410161513775,0.027));
#15619=CARTESIAN_POINT('',(-0.03,0.0173205080756888,0.005));
#15620=CARTESIAN_POINT('',(-0.0366890149999526,0.00573479424318049,0.0302902136181399));
#15621=CARTESIAN_POINT('',(-0.0373804149381919,0.00453725442180026,0.027));
#15622=CARTESIAN_POINT('',(-0.0375575759982288,0.0042304024646934,0.027));
#15623=CARTESIAN_POINT('',(-0.0366151519964576,0.00586272871803347,0.027));
#15624=CARTESIAN_POINT('',(-0.0366151519964576,0.00586272871803347,0.027));
#15625=CARTESIAN_POINT('',(-0.0360340071083559,0.00686930119078453,0.027));
#15626=CARTESIAN_POINT('',(-0.0360340071083559,0.00686930119078453,0.027));
#15627=CARTESIAN_POINT('',(-0.03,0.0173205080756888,0.027));
#15628=CARTESIAN_POINT('',(-0.0350340071083559,0.00860135199835341,0.027));
#15629=CARTESIAN_POINT('',(-0.0350340071083559,0.00860135199835341,0.027));
#15630=CARTESIAN_POINT('',(-0.0344528622202543,0.00960792447110448,0.027));
#15631=CARTESIAN_POINT('',(-0.0344528622202543,0.00960792447110448,0.027));
#15632=CARTESIAN_POINT('',(-0.03,0.0173205080756888,0.027));
#15633=CARTESIAN_POINT('',(-0.0334528622202543,0.0113399752786733,0.027));
#15634=CARTESIAN_POINT('',(-0.0334528622202543,0.0113399752786733,0.027));
#15635=CARTESIAN_POINT('',(-0.0328717173321526,0.0123465477514244,0.027));
#15636=CARTESIAN_POINT('',(-0.0328717173321526,0.0123465477514244,0.027));
#15637=CARTESIAN_POINT('',(-0.03,0.0173205080756888,0.027));
#15638=CARTESIAN_POINT('',(-0.0318717173321525,0.0140785985589933,0.027));
#15639=CARTESIAN_POINT('',(-0.0318717173321525,0.0140785985589933,0.027));
#15640=CARTESIAN_POINT('',(-0.0312905724440509,0.0150851710317443,0.027));
#15641=CARTESIAN_POINT('',(-0.0312905724440509,0.0150851710317443,0.027));
#15642=CARTESIAN_POINT('',(-0.03,0.0173205080756888,0.027));
#15643=CARTESIAN_POINT('',(-0.0302905724440508,0.0168172218393133,0.027));
#15644=CARTESIAN_POINT('',(-0.0302905724440508,0.0168172218393133,0.027));
#15645=CARTESIAN_POINT('',(-0.0297094275559492,0.0178237943120643,0.027));
#15646=CARTESIAN_POINT('',(-0.0297094275559492,0.0178237943120643,0.027));
#15647=CARTESIAN_POINT('',(-0.03,0.0173205080756888,0.027));
#15648=CARTESIAN_POINT('',(-0.0287094275559492,0.0195558451196332,0.027));
#15649=CARTESIAN_POINT('',(-0.0287094275559492,0.0195558451196332,0.027));
#15650=CARTESIAN_POINT('',(-0.0281282826678475,0.0205624175923842,0.027));
#15651=CARTESIAN_POINT('',(-0.0281282826678475,0.0205624175923842,0.027));
#15652=CARTESIAN_POINT('',(-0.03,0.0173205080756888,0.027));
#15653=CARTESIAN_POINT('',(-0.0271282826678475,0.0222944683999531,0.027));
#15654=CARTESIAN_POINT('',(-0.0271282826678475,0.0222944683999531,0.027));
#15655=CARTESIAN_POINT('',(-0.0265471377797458,0.0233010408727042,0.027));
#15656=CARTESIAN_POINT('',(-0.0265471377797458,0.0233010408727042,0.027));
#15657=CARTESIAN_POINT('',(-0.03,0.0173205080756888,0.027));
#15658=CARTESIAN_POINT('',(-0.0255471377797458,0.0250330916802731,0.027));
#15659=CARTESIAN_POINT('',(-0.0255471377797458,0.0250330916802731,0.027));
#15660=CARTESIAN_POINT('',(-0.0249659928916441,0.0260396641530241,0.027));
#15661=CARTESIAN_POINT('',(-0.0249659928916441,0.0260396641530241,0.027));
#15662=CARTESIAN_POINT('',(-0.03,0.0173205080756888,0.027));
#15663=CARTESIAN_POINT('',(-0.0239659928916441,0.027771714960593,0.027));
#15664=CARTESIAN_POINT('',(-0.0239659928916441,0.027771714960593,0.027));
#15665=CARTESIAN_POINT('',(-0.0233848480035424,0.0287782874333441,0.027));
#15666=CARTESIAN_POINT('',(-0.0233848480035424,0.0287782874333441,0.027));
#15667=CARTESIAN_POINT('',(-0.03,0.0173205080756888,0.027));
#15668=CARTESIAN_POINT('',(-0.0226195850618082,0.0301037617295773,0.027));
#15669=CARTESIAN_POINT('',(-0.0229450749997632,0.0295399966196868,0.0285489319093005));
#15670=CARTESIAN_POINT('',(-0.03,0.0173205080756888,0.));
#15671=CARTESIAN_POINT('',(-0.03,-0.0173205080756888,0.005));
#15672=CARTESIAN_POINT('',(-0.0225,-0.0303108891324553,-2.00000000000027E-6));
#15673=CARTESIAN_POINT('',(-0.0225,-0.0303108891324553,0.));
#15674=CARTESIAN_POINT('',(-0.0225,-0.0303108891324553,0.0264309221376423));
#15675=CARTESIAN_POINT('',(-0.0233109850000474,-0.0289062219081971,0.0302902136181399));
#15676=CARTESIAN_POINT('',(-0.0226195850618082,-0.0301037617295773,0.027));
#15677=CARTESIAN_POINT('',(-0.0224424240017712,-0.0304106136866842,0.027));
#15678=CARTESIAN_POINT('',(-0.0233848480035424,-0.0287782874333441,0.027));
#15679=CARTESIAN_POINT('',(-0.0233848480035424,-0.0287782874333441,0.027));
#15680=CARTESIAN_POINT('',(-0.0239659928916441,-0.0277717149605931,0.027));
#15681=CARTESIAN_POINT('',(-0.0239659928916441,-0.0277717149605931,0.027));
#15682=CARTESIAN_POINT('',(-0.03,-0.0173205080756888,0.027));
#15683=CARTESIAN_POINT('',(-0.0249659928916441,-0.0260396641530241,0.027));
#15684=CARTESIAN_POINT('',(-0.0249659928916441,-0.0260396641530241,0.027));
#15685=CARTESIAN_POINT('',(-0.0255471377797458,-0.0250330916802731,0.027));
#15686=CARTESIAN_POINT('',(-0.0255471377797458,-0.0250330916802731,0.027));
#15687=CARTESIAN_POINT('',(-0.03,-0.0173205080756888,0.027));
#15688=CARTESIAN_POINT('',(-0.0265471377797458,-0.0233010408727042,0.027));
#15689=CARTESIAN_POINT('',(-0.0265471377797458,-0.0233010408727042,0.027));
#15690=CARTESIAN_POINT('',(-0.0271282826678475,-0.0222944683999531,0.027));
#15691=CARTESIAN_POINT('',(-0.0271282826678475,-0.0222944683999531,0.027));
#15692=CARTESIAN_POINT('',(-0.03,-0.0173205080756888,0.027));
#15693=CARTESIAN_POINT('',(-0.0281282826678474,-0.0205624175923842,0.027));
#15694=CARTESIAN_POINT('',(-0.0281282826678474,-0.0205624175923842,0.027));
#15695=CARTESIAN_POINT('',(-0.0287094275559492,-0.0195558451196332,0.027));
#15696=CARTESIAN_POINT('',(-0.0287094275559492,-0.0195558451196332,0.027));
#15697=CARTESIAN_POINT('',(-0.03,-0.0173205080756888,0.027));
#15698=CARTESIAN_POINT('',(-0.0297094275559492,-0.0178237943120643,0.027));
#15699=CARTESIAN_POINT('',(-0.0297094275559492,-0.0178237943120643,0.027));
#15700=CARTESIAN_POINT('',(-0.0302905724440508,-0.0168172218393133,0.027));
#15701=CARTESIAN_POINT('',(-0.0302905724440508,-0.0168172218393133,0.027));
#15702=CARTESIAN_POINT('',(-0.03,-0.0173205080756888,0.027));
#15703=CARTESIAN_POINT('',(-0.0312905724440509,-0.0150851710317444,0.027));
#15704=CARTESIAN_POINT('',(-0.0312905724440509,-0.0150851710317444,0.027));
#15705=CARTESIAN_POINT('',(-0.0318717173321525,-0.0140785985589933,0.027));
#15706=CARTESIAN_POINT('',(-0.0318717173321525,-0.0140785985589933,0.027));
#15707=CARTESIAN_POINT('',(-0.03,-0.0173205080756888,0.027));
#15708=CARTESIAN_POINT('',(-0.0328717173321526,-0.0123465477514244,0.027));
#15709=CARTESIAN_POINT('',(-0.0328717173321526,-0.0123465477514244,0.027));
#15710=CARTESIAN_POINT('',(-0.0334528622202543,-0.0113399752786734,0.027));
#15711=CARTESIAN_POINT('',(-0.0334528622202543,-0.0113399752786734,0.027));
#15712=CARTESIAN_POINT('',(-0.03,-0.0173205080756888,0.027));
#15713=CARTESIAN_POINT('',(-0.0344528622202543,-0.00960792447110449,0.027));
#15714=CARTESIAN_POINT('',(-0.0344528622202543,-0.00960792447110449,0.027));
#15715=CARTESIAN_POINT('',(-0.0350340071083559,-0.00860135199835342,0.027));
#15716=CARTESIAN_POINT('',(-0.0350340071083559,-0.00860135199835342,0.027));
#15717=CARTESIAN_POINT('',(-0.03,-0.0173205080756888,0.027));
#15718=CARTESIAN_POINT('',(-0.0360340071083559,-0.00686930119078455,0.027));
#15719=CARTESIAN_POINT('',(-0.0360340071083559,-0.00686930119078455,0.027));
#15720=CARTESIAN_POINT('',(-0.0366151519964576,-0.00586272871803348,0.027));
#15721=CARTESIAN_POINT('',(-0.0366151519964576,-0.00586272871803348,0.027));
#15722=CARTESIAN_POINT('',(-0.03,-0.0173205080756888,0.027));
#15723=CARTESIAN_POINT('',(-0.0373804149381919,-0.00453725442180023,0.027));
#15724=CARTESIAN_POINT('',(-0.0370549250002369,-0.0051010195316907,0.0285489319093005));
#15725=CARTESIAN_POINT('',(-0.03,-0.0173205080756888,0.));
#15726=CARTESIAN_POINT('',(-6.93889390390723E-18,-0.0346410161513775,0.005));
#15727=CARTESIAN_POINT('',(0.015,-0.0346410161513775,-2.00000000000027E-6));
#15728=CARTESIAN_POINT('',(0.015,-0.0346410161513775,0.));
#15729=CARTESIAN_POINT('',(0.015,-0.0346410161513775,0.0264309221376423));
#15730=CARTESIAN_POINT('',(0.0133780299999053,-0.0346410161513775,0.0302902136181399));
#15731=CARTESIAN_POINT('',(0.0147608298763836,-0.0346410161513775,0.027));
#15732=CARTESIAN_POINT('',(0.0151151519964577,-0.0346410161513775,0.027));
#15733=CARTESIAN_POINT('',(0.0132303039929153,-0.0346410161513775,0.027));
#15734=CARTESIAN_POINT('',(0.0132303039929153,-0.0346410161513775,0.027));
#15735=CARTESIAN_POINT('',(0.0120680142167119,-0.0346410161513775,0.027));
#15736=CARTESIAN_POINT('',(0.0120680142167119,-0.0346410161513775,0.027));
#15737=CARTESIAN_POINT('',(2.6965929490076E-18,-0.0346410161513775,0.027));
#15738=CARTESIAN_POINT('',(0.0100680142167119,-0.0346410161513775,0.027));
#15739=CARTESIAN_POINT('',(0.0100680142167119,-0.0346410161513775,0.027));
#15740=CARTESIAN_POINT('',(0.00890572444050849,-0.0346410161513775,0.027));
#15741=CARTESIAN_POINT('',(0.00890572444050849,-0.0346410161513775,0.027));
#15742=CARTESIAN_POINT('',(2.6965929490076E-18,-0.0346410161513775,0.027));
#15743=CARTESIAN_POINT('',(0.00690572444050849,-0.0346410161513775,0.027));
#15744=CARTESIAN_POINT('',(0.00690572444050849,-0.0346410161513775,0.027));
#15745=CARTESIAN_POINT('',(0.0057434346643051,-0.0346410161513775,0.027));
#15746=CARTESIAN_POINT('',(0.0057434346643051,-0.0346410161513775,0.027));
#15747=CARTESIAN_POINT('',(2.6965929490076E-18,-0.0346410161513775,0.027));
#15748=CARTESIAN_POINT('',(0.0037434346643051,-0.0346410161513775,0.027));
#15749=CARTESIAN_POINT('',(0.0037434346643051,-0.0346410161513775,0.027));
#15750=CARTESIAN_POINT('',(0.00258114488810171,-0.0346410161513775,0.027));
#15751=CARTESIAN_POINT('',(0.00258114488810171,-0.0346410161513775,0.027));
#15752=CARTESIAN_POINT('',(2.6965929490076E-18,-0.0346410161513775,0.027));
#15753=CARTESIAN_POINT('',(0.000581144888101708,-0.0346410161513775,0.027));
#15754=CARTESIAN_POINT('',(0.000581144888101708,-0.0346410161513775,0.027));
#15755=CARTESIAN_POINT('',(-0.000581144888101684,-0.0346410161513775,0.027));
#15756=CARTESIAN_POINT('',(-0.000581144888101684,-0.0346410161513775,0.027));
#15757=CARTESIAN_POINT('',(2.6965929490076E-18,-0.0346410161513775,0.027));
#15758=CARTESIAN_POINT('',(-0.00258114488810168,-0.0346410161513775,0.027));
#15759=CARTESIAN_POINT('',(-0.00258114488810168,-0.0346410161513775,0.027));
#15760=CARTESIAN_POINT('',(-0.00374343466430507,-0.0346410161513775,0.027));
#15761=CARTESIAN_POINT('',(-0.00374343466430507,-0.0346410161513775,0.027));
#15762=CARTESIAN_POINT('',(2.6965929490076E-18,-0.0346410161513775,0.027));
#15763=CARTESIAN_POINT('',(-0.00574343466430507,-0.0346410161513775,0.027));
#15764=CARTESIAN_POINT('',(-0.00574343466430507,-0.0346410161513775,0.027));
#15765=CARTESIAN_POINT('',(-0.00690572444050847,-0.0346410161513775,0.027));
#15766=CARTESIAN_POINT('',(-0.00690572444050847,-0.0346410161513775,0.027));
#15767=CARTESIAN_POINT('',(2.6965929490076E-18,-0.0346410161513775,0.027));
#15768=CARTESIAN_POINT('',(-0.00890572444050846,-0.0346410161513775,0.027));
#15769=CARTESIAN_POINT('',(-0.00890572444050846,-0.0346410161513775,0.027));
#15770=CARTESIAN_POINT('',(-0.0100680142167118,-0.0346410161513775,0.027));
#15771=CARTESIAN_POINT('',(-0.0100680142167118,-0.0346410161513775,0.027));
#15772=CARTESIAN_POINT('',(2.6965929490076E-18,-0.0346410161513775,0.027));
#15773=CARTESIAN_POINT('',(-0.0120680142167118,-0.0346410161513775,0.027));
#15774=CARTESIAN_POINT('',(-0.0120680142167118,-0.0346410161513775,0.027));
#15775=CARTESIAN_POINT('',(-0.0132303039929152,-0.0346410161513775,0.027));
#15776=CARTESIAN_POINT('',(-0.0132303039929152,-0.0346410161513775,0.027));
#15777=CARTESIAN_POINT('',(2.6965929490076E-18,-0.0346410161513775,0.027));
#15778=CARTESIAN_POINT('',(-0.0147608298763836,-0.0346410161513775,0.027));
#15779=CARTESIAN_POINT('',(-0.0141098500004737,-0.0346410161513775,0.0285489319093005));
#15780=CARTESIAN_POINT('',(-0.015,-0.0346410161513775,0.0264309221376423));
#15781=CARTESIAN_POINT('',(-0.015,-0.0346410161513775,-2.00000000000027E-6));
#15782=CARTESIAN_POINT('',(-0.015,-0.0346410161513775,0.));
#15783=CARTESIAN_POINT('',(-6.93889390390723E-18,-0.0346410161513775,0.));
#15784=CARTESIAN_POINT('',(0.03,-0.0173205080756888,0.005));
#15785=CARTESIAN_POINT('',(0.0375,-0.00433012701892219,-2.00000000000027E-6));
#15786=CARTESIAN_POINT('',(0.0375,-0.00433012701892219,0.));
#15787=CARTESIAN_POINT('',(0.0375,-0.00433012701892219,0.0264309221376422));
#15788=CARTESIAN_POINT('',(0.0366890149999526,-0.00573479424318051,0.0302902136181399));
#15789=CARTESIAN_POINT('',(0.0373804149381918,-0.00453725442180028,0.027));
#15790=CARTESIAN_POINT('',(0.0375575759982288,-0.00423040246469342,0.027));
#15791=CARTESIAN_POINT('',(0.0366151519964576,-0.00586272871803348,0.027));
#15792=CARTESIAN_POINT('',(0.0366151519964576,-0.00586272871803348,0.027));
#15793=CARTESIAN_POINT('',(0.0360340071083559,-0.00686930119078455,0.027));
#15794=CARTESIAN_POINT('',(0.0360340071083559,-0.00686930119078455,0.027));
#15795=CARTESIAN_POINT('',(0.03,-0.0173205080756888,0.027));
#15796=CARTESIAN_POINT('',(0.0350340071083559,-0.00860135199835342,0.027));
#15797=CARTESIAN_POINT('',(0.0350340071083559,-0.00860135199835342,0.027));
#15798=CARTESIAN_POINT('',(0.0344528622202543,-0.00960792447110449,0.027));
#15799=CARTESIAN_POINT('',(0.0344528622202543,-0.00960792447110449,0.027));
#15800=CARTESIAN_POINT('',(0.03,-0.0173205080756888,0.027));
#15801=CARTESIAN_POINT('',(0.0334528622202543,-0.0113399752786734,0.027));
#15802=CARTESIAN_POINT('',(0.0334528622202543,-0.0113399752786734,0.027));
#15803=CARTESIAN_POINT('',(0.0328717173321526,-0.0123465477514244,0.027));
#15804=CARTESIAN_POINT('',(0.0328717173321526,-0.0123465477514244,0.027));
#15805=CARTESIAN_POINT('',(0.03,-0.0173205080756888,0.027));
#15806=CARTESIAN_POINT('',(0.0318717173321525,-0.0140785985589933,0.027));
#15807=CARTESIAN_POINT('',(0.0318717173321525,-0.0140785985589933,0.027));
#15808=CARTESIAN_POINT('',(0.0312905724440509,-0.0150851710317443,0.027));
#15809=CARTESIAN_POINT('',(0.0312905724440509,-0.0150851710317443,0.027));
#15810=CARTESIAN_POINT('',(0.03,-0.0173205080756888,0.027));
#15811=CARTESIAN_POINT('',(0.0302905724440508,-0.0168172218393133,0.027));
#15812=CARTESIAN_POINT('',(0.0302905724440508,-0.0168172218393133,0.027));
#15813=CARTESIAN_POINT('',(0.0297094275559492,-0.0178237943120643,0.027));
#15814=CARTESIAN_POINT('',(0.0297094275559492,-0.0178237943120643,0.027));
#15815=CARTESIAN_POINT('',(0.03,-0.0173205080756888,0.027));
#15816=CARTESIAN_POINT('',(0.0287094275559492,-0.0195558451196332,0.027));
#15817=CARTESIAN_POINT('',(0.0287094275559492,-0.0195558451196332,0.027));
#15818=CARTESIAN_POINT('',(0.0281282826678474,-0.0205624175923842,0.027));
#15819=CARTESIAN_POINT('',(0.0281282826678474,-0.0205624175923842,0.027));
#15820=CARTESIAN_POINT('',(0.03,-0.0173205080756888,0.027));
#15821=CARTESIAN_POINT('',(0.0271282826678475,-0.0222944683999531,0.027));
#15822=CARTESIAN_POINT('',(0.0271282826678475,-0.0222944683999531,0.027));
#15823=CARTESIAN_POINT('',(0.0265471377797458,-0.0233010408727042,0.027));
#15824=CARTESIAN_POINT('',(0.0265471377797458,-0.0233010408727042,0.027));
#15825=CARTESIAN_POINT('',(0.03,-0.0173205080756888,0.027));
#15826=CARTESIAN_POINT('',(0.0255471377797458,-0.0250330916802731,0.027));
#15827=CARTESIAN_POINT('',(0.0255471377797458,-0.0250330916802731,0.027));
#15828=CARTESIAN_POINT('',(0.0249659928916441,-0.0260396641530241,0.027));
#15829=CARTESIAN_POINT('',(0.0249659928916441,-0.0260396641530241,0.027));
#15830=CARTESIAN_POINT('',(0.03,-0.0173205080756888,0.027));
#15831=CARTESIAN_POINT('',(0.0239659928916441,-0.027771714960593,0.027));
#15832=CARTESIAN_POINT('',(0.0239659928916441,-0.027771714960593,0.027));
#15833=CARTESIAN_POINT('',(0.0233848480035424,-0.0287782874333441,0.027));
#15834=CARTESIAN_POINT('',(0.0233848480035424,-0.0287782874333441,0.027));
#15835=CARTESIAN_POINT('',(0.03,-0.0173205080756888,0.027));
#15836=CARTESIAN_POINT('',(0.0226195850618082,-0.0301037617295773,0.027));
#15837=CARTESIAN_POINT('',(0.0229450749997632,-0.0295399966196868,0.0285489319093005));
#15838=CARTESIAN_POINT('',(0.0225,-0.0303108891324553,0.0264309221376423));
#15839=CARTESIAN_POINT('',(0.0225,-0.0303108891324553,-2.00000000000027E-6));
#15840=CARTESIAN_POINT('',(0.0225,-0.0303108891324553,0.));
#15841=CARTESIAN_POINT('',(0.03,-0.0173205080756888,0.));
#15842=CARTESIAN_POINT('',(0.,0.,0.));
#15843=CARTESIAN_POINT('',(0.02,0.0346410161513775,0.));
#15844=CARTESIAN_POINT('',(0.04,-3.16328525216678E-18,0.));
#15845=CARTESIAN_POINT('',(0.02,-0.0346410161513775,0.));
#15846=CARTESIAN_POINT('',(-0.02,-0.0346410161513775,0.));
#15847=CARTESIAN_POINT('',(0.04,-3.16328525216678E-18,-2.00000000000027E-6));
#15848=CARTESIAN_POINT('',(0.04,-3.16328525216678E-18,0.0145339959297833));
#15849=CARTESIAN_POINT('',(0.0425,0.00433012701892218,0.0264309221376424));
#15850=CARTESIAN_POINT('',(0.04,-3.16328525216678E-18,0.0145339959297832));
#15851=CARTESIAN_POINT('',(0.045,-3.5663125077584E-17,0.0264309221376423));
#15852=CARTESIAN_POINT('',(0.04,-3.16328525216678E-18,0.0145339959297831));
#15853=CARTESIAN_POINT('',(0.0425,-0.0043301270189222,0.0264309221376422));
#15854=CARTESIAN_POINT('',(0.04,-3.16328525216678E-18,0.0145339959297831));
#15855=CARTESIAN_POINT('',(0.02,-0.0346410161513775,-2.00000000000027E-6));
#15856=CARTESIAN_POINT('',(0.02,-0.0346410161513775,0.0145339959297831));
#15857=CARTESIAN_POINT('',(0.025,-0.0346410161513775,0.0264309221376423));
#15858=CARTESIAN_POINT('',(0.02,-0.0346410161513775,0.0145339959297831));
#15859=CARTESIAN_POINT('',(0.0225,-0.0389711431702998,0.0264309221376423));
#15860=CARTESIAN_POINT('',(0.02,-0.0346410161513775,0.0145339959297832));
#15861=CARTESIAN_POINT('',(0.0175,-0.0389711431702998,0.0264309221376423));
#15862=CARTESIAN_POINT('',(0.02,-0.0346410161513775,0.0145339959297832));
#15863=CARTESIAN_POINT('',(-0.02,-0.0346410161513775,-2.00000000000027E-6));
#15864=CARTESIAN_POINT('',(-0.02,-0.0346410161513775,0.0145339959297832));
#15865=CARTESIAN_POINT('',(-0.0175,-0.0389711431702998,0.0264309221376423));
#15866=CARTESIAN_POINT('',(-0.02,-0.0346410161513775,0.0145339959297832));
#15867=CARTESIAN_POINT('',(-0.0225,-0.0389711431702998,0.0264309221376423));
#15868=CARTESIAN_POINT('',(-0.02,-0.0346410161513775,0.0145339959297831));
#15869=CARTESIAN_POINT('',(-0.025,-0.0346410161513775,0.0264309221376423));
#15870=CARTESIAN_POINT('',(-0.02,-0.0346410161513775,0.0145339959297831));
#15871=CARTESIAN_POINT('',(0.02,0.0346410161513775,-2.00000000000027E-6));
#15872=CARTESIAN_POINT('',(0.02,0.0346410161513775,0.0145339959297834));
#15873=CARTESIAN_POINT('',(0.0175,0.0389711431702998,0.0264309221376424));
#15874=CARTESIAN_POINT('',(0.02,0.0346410161513775,0.0145339959297833));
#15875=CARTESIAN_POINT('',(0.0225,0.0389711431702997,0.0264309221376423));
#15876=CARTESIAN_POINT('',(0.02,0.0346410161513775,0.0145339959297831));
#15877=CARTESIAN_POINT('',(0.025,0.0346410161513775,0.0264309221376422));
#15878=CARTESIAN_POINT('',(0.02,0.0346410161513775,0.014533995929783));
#15879=CARTESIAN_POINT('',(0.,0.0316410161513776,0.025));
#15880=CARTESIAN_POINT('',(0.0274019237886467,0.0158205080756888,0.025));
#15881=CARTESIAN_POINT('',(-0.0274019237886467,0.0158205080756888,0.025));
#15882=CARTESIAN_POINT('',(-0.0274019237886467,-0.0158205080756888,0.025));
#15883=CARTESIAN_POINT('',(-3.46944695195361E-18,-0.0316410161513776,0.025));
#15884=CARTESIAN_POINT('',(0.0274019237886467,-0.0158205080756888,0.025));
#15885=CARTESIAN_POINT('',(-0.0187416697508023,0.0108205080756888,0.025002));
#15886=CARTESIAN_POINT('',(-0.0187416697508023,0.0108205080756888,0.02));
#15887=CARTESIAN_POINT('',(-0.0249888930010698,6.93889390390723E-18,0.0216666666666667));
#15888=CARTESIAN_POINT('',(-0.0249888930010698,6.93889390390723E-18,0.025002));
#15889=CARTESIAN_POINT('',(-0.0249888930010698,6.93889390390723E-18,0.025));
#15890=CARTESIAN_POINT('',(-0.0187416697508023,0.0108205080756888,0.025));
#15891=CARTESIAN_POINT('',(-0.0187416697508023,-0.0108205080756888,0.025002));
#15892=CARTESIAN_POINT('',(-0.0187416697508023,-0.0108205080756888,0.0233333333333333));
#15893=CARTESIAN_POINT('',(-0.0124944465005349,-0.0216410161513776,0.025));
#15894=CARTESIAN_POINT('',(-0.0187416697508023,-0.0108205080756888,0.025));
#15895=CARTESIAN_POINT('',(-1.7347234759768E-18,-0.0216410161513776,0.025002));
#15896=CARTESIAN_POINT('',(-0.0124944465005349,-0.0216410161513776,0.025002));
#15897=CARTESIAN_POINT('',(-5.20417042793042E-18,-0.0216410161513776,0.00666666666666667));
#15898=CARTESIAN_POINT('',(-1.7347234759768E-18,-0.0216410161513776,0.025));
#15899=CARTESIAN_POINT('',(0.,0.,0.025));
#15900=CARTESIAN_POINT('',(-5.20417042793042E-18,-0.0266410161513776,0.00666666666666667));
#15901=CARTESIAN_POINT('',(-5.20417042793042E-18,-0.0266410161513776,0.00666666666666667));
#15902=CARTESIAN_POINT('',(0.0124944465005349,-0.0266410161513776,0.00833333333333334));
#15903=CARTESIAN_POINT('',(0.0124944465005349,-0.0266410161513776,0.00833333333333334));
#15904=CARTESIAN_POINT('',(-3.46944695195361E-18,-0.0266410161513776,0.015));
#15905=CARTESIAN_POINT('',(0.0124944465005349,-0.0266410161513776,0.025002));
#15906=CARTESIAN_POINT('',(0.0230717967697245,-0.0133205080756888,0.01));
#15907=CARTESIAN_POINT('',(0.016824573519457,-0.0241410161513776,0.00833333333333334));
#15908=CARTESIAN_POINT('',(0.016824573519457,-0.0241410161513776,0.00833333333333334));
#15909=CARTESIAN_POINT('',(0.0230717967697245,-0.0133205080756888,0.01));
#15910=CARTESIAN_POINT('',(0.029319020019992,-0.0025,0.0116666666666667));
#15911=CARTESIAN_POINT('',(0.029319020019992,-0.0025,0.0116666666666667));
#15912=CARTESIAN_POINT('',(0.0230717967697245,-0.0133205080756888,0.015));
#15913=CARTESIAN_POINT('',(0.016824573519457,-0.0241410161513776,-2.00000000000027E-6));
#15914=CARTESIAN_POINT('',(0.029319020019992,-0.0025,0.025002));
#15915=CARTESIAN_POINT('',(0.0230717967697245,0.0133205080756888,0.0133333333333333));
#15916=CARTESIAN_POINT('',(0.029319020019992,0.0025,0.0116666666666667));
#15917=CARTESIAN_POINT('',(0.029319020019992,0.0025,0.0116666666666667));
#15918=CARTESIAN_POINT('',(0.0230717967697245,0.0133205080756888,0.0133333333333333));
#15919=CARTESIAN_POINT('',(0.016824573519457,0.0241410161513776,0.015));
#15920=CARTESIAN_POINT('',(0.016824573519457,0.0241410161513776,0.015));
#15921=CARTESIAN_POINT('',(0.0230717967697245,0.0133205080756888,0.015));
#15922=CARTESIAN_POINT('',(0.029319020019992,0.0025,-1.99999999999853E-6));
#15923=CARTESIAN_POINT('',(0.016824573519457,0.0241410161513776,0.025002));
#15924=CARTESIAN_POINT('',(0.,0.0266410161513776,0.0166666666666666));
#15925=CARTESIAN_POINT('',(0.0124944465005349,0.0266410161513776,0.015));
#15926=CARTESIAN_POINT('',(0.0124944465005349,0.0266410161513776,0.015));
#15927=CARTESIAN_POINT('',(0.,0.0266410161513776,0.0166666666666666));
#15928=CARTESIAN_POINT('',(-0.0124944465005349,0.0266410161513776,0.0183333333333334));
#15929=CARTESIAN_POINT('',(-0.0124944465005349,0.0266410161513776,0.0183333333333334));
#15930=CARTESIAN_POINT('',(0.,0.0266410161513776,0.015));
#15931=CARTESIAN_POINT('',(0.0124944465005349,0.0266410161513776,-2.00000000000027E-6));
#15932=CARTESIAN_POINT('',(-0.0124944465005349,0.0266410161513776,0.025002));
#15933=CARTESIAN_POINT('',(-0.0230717967697245,0.0133205080756888,0.02));
#15934=CARTESIAN_POINT('',(-0.016824573519457,0.0241410161513776,0.0183333333333334));
#15935=CARTESIAN_POINT('',(-0.016824573519457,0.0241410161513776,0.0183333333333334));
#15936=CARTESIAN_POINT('',(-0.0230717967697245,0.0133205080756888,0.02));
#15937=CARTESIAN_POINT('',(-0.029319020019992,0.0025,0.0216666666666667));
#15938=CARTESIAN_POINT('',(-0.029319020019992,0.0025,0.0216666666666667));
#15939=CARTESIAN_POINT('',(-0.0230717967697245,0.0133205080756888,0.015));
#15940=CARTESIAN_POINT('',(-0.016824573519457,0.0241410161513776,-1.99999999999853E-6));
#15941=CARTESIAN_POINT('',(-0.029319020019992,0.0025,0.025002));
#15942=CARTESIAN_POINT('',(-0.0230717967697245,-0.0133205080756888,0.0233333333333333));
#15943=CARTESIAN_POINT('',(-0.029319020019992,-0.0025,0.0216666666666667));
#15944=CARTESIAN_POINT('',(-0.029319020019992,-0.0025,0.0216666666666667));
#15945=CARTESIAN_POINT('',(-0.0230717967697245,-0.0133205080756888,0.0233333333333333));
#15946=CARTESIAN_POINT('',(-0.016824573519457,-0.0241410161513776,0.025));
#15947=CARTESIAN_POINT('',(-0.016824573519457,-0.0241410161513776,0.025));
#15948=CARTESIAN_POINT('',(-0.016824573519457,-0.0241410161513776,0.025002));
#15949=CARTESIAN_POINT('',(-0.016824573519457,-0.0241410161513776,0.025002));
#15950=CARTESIAN_POINT('',(-0.0230717967697245,-0.0133205080756888,0.015));
#15951=CARTESIAN_POINT('',(-0.029319020019992,-0.0025,-1.99999999999853E-6));
#15952=CARTESIAN_POINT('',(0.0209067332602634,-0.0133205080756888,0.00833333333333334));
#15953=CARTESIAN_POINT('',(0.014659510009996,-0.0253910161513776,0.00833333333333334));
#15954=CARTESIAN_POINT('',(0.014659510009996,-0.0253910161513776,-2.00000000000027E-6));
#15955=CARTESIAN_POINT('',(0.0209067332602634,0.0108205080756888,0.0116666666666667));
#15956=CARTESIAN_POINT('',(0.029319020019992,4.33680868994202E-19,0.0116666666666667));
#15957=CARTESIAN_POINT('',(0.029319020019992,1.83670486692645E-18,-2.000000000002E-6));
#15958=CARTESIAN_POINT('',(0.00216506350946109,0.0241410161513776,0.015));
#15959=CARTESIAN_POINT('',(0.014659510009996,0.0253910161513776,0.015));
#15960=CARTESIAN_POINT('',(0.014659510009996,0.0253910161513776,-2.00000000000027E-6));
#15961=CARTESIAN_POINT('',(-0.0209067332602634,0.0133205080756888,0.0183333333333334));
#15962=CARTESIAN_POINT('',(-0.014659510009996,0.0253910161513776,0.0183333333333334));
#15963=CARTESIAN_POINT('',(-0.014659510009996,0.0253910161513776,-1.99999999999853E-6));
#15964=CARTESIAN_POINT('',(-0.0209067332602634,-0.0108205080756888,0.0216666666666667));
#15965=CARTESIAN_POINT('',(-0.029319020019992,4.33680868994202E-18,0.0216666666666667));
#15966=CARTESIAN_POINT('',(-0.029319020019992,4.33680868994202E-18,-1.99999999999853E-6));
#15967=CARTESIAN_POINT('',(-0.0100680142167119,0.0338910161513775,0.027));
#15968=CARTESIAN_POINT('',(-0.0100680142167119,0.0338910161513775,0.027));
#15969=CARTESIAN_POINT('',(-0.0100680142167119,0.0331410161513775,0.027));
#15970=CARTESIAN_POINT('',(-0.0100680142167119,0.0331410161513775,0.027));
#15971=CARTESIAN_POINT('',(-0.0120680142167119,0.0338910161513775,0.027));
#15972=CARTESIAN_POINT('',(-0.0120680142167119,0.0331410161513775,0.027));
#15973=CARTESIAN_POINT('',(-0.0120680142167119,0.0331410161513775,0.027));
#15974=CARTESIAN_POINT('',(-0.0120680142167119,0.0338910161513775,0.027));
#15975=CARTESIAN_POINT('',(-0.0110680142167119,0.0331410161513775,0.027));
#15976=CARTESIAN_POINT('',(-0.0110680142167119,0.0331410161513775,0.027));
#15977=CARTESIAN_POINT('',(-6.93889390390723E-18,0.0331410161513775,0.027));
#15978=CARTESIAN_POINT('',(-0.00690572444050849,0.0338910161513775,0.027));
#15979=CARTESIAN_POINT('',(-0.00690572444050849,0.0338910161513775,0.027));
#15980=CARTESIAN_POINT('',(-0.00690572444050849,0.0331410161513775,0.027));
#15981=CARTESIAN_POINT('',(-0.00690572444050849,0.0331410161513775,0.027));
#15982=CARTESIAN_POINT('',(-0.00890572444050849,0.0338910161513775,0.027));
#15983=CARTESIAN_POINT('',(-0.00890572444050849,0.0331410161513775,0.027));
#15984=CARTESIAN_POINT('',(-0.00890572444050849,0.0331410161513775,0.027));
#15985=CARTESIAN_POINT('',(-0.00890572444050849,0.0338910161513775,0.027));
#15986=CARTESIAN_POINT('',(-0.00790572444050849,0.0331410161513775,0.027));
#15987=CARTESIAN_POINT('',(-0.00790572444050849,0.0331410161513775,0.027));
#15988=CARTESIAN_POINT('',(-6.93889390390723E-18,0.0331410161513775,0.027));
#15989=CARTESIAN_POINT('',(-0.0037434346643051,0.0338910161513775,0.027));
#15990=CARTESIAN_POINT('',(-0.0037434346643051,0.0338910161513775,0.027));
#15991=CARTESIAN_POINT('',(-0.0037434346643051,0.0331410161513775,0.027));
#15992=CARTESIAN_POINT('',(-0.0037434346643051,0.0331410161513775,0.027));
#15993=CARTESIAN_POINT('',(-0.0057434346643051,0.0338910161513775,0.027));
#15994=CARTESIAN_POINT('',(-0.0057434346643051,0.0331410161513775,0.027));
#15995=CARTESIAN_POINT('',(-0.0057434346643051,0.0331410161513775,0.027));
#15996=CARTESIAN_POINT('',(-0.0057434346643051,0.0338910161513775,0.027));
#15997=CARTESIAN_POINT('',(-0.0047434346643051,0.0331410161513775,0.027));
#15998=CARTESIAN_POINT('',(-0.0047434346643051,0.0331410161513775,0.027));
#15999=CARTESIAN_POINT('',(-6.93889390390723E-18,0.0331410161513775,0.027));
#16000=CARTESIAN_POINT('',(-0.000581144888101712,0.0338910161513775,0.027));
#16001=CARTESIAN_POINT('',(-0.000581144888101712,0.0338910161513775,0.027));
#16002=CARTESIAN_POINT('',(-0.000581144888101712,0.0331410161513775,0.027));
#16003=CARTESIAN_POINT('',(-0.000581144888101712,0.0331410161513775,0.027));
#16004=CARTESIAN_POINT('',(-0.00258114488810171,0.0338910161513775,0.027));
#16005=CARTESIAN_POINT('',(-0.00258114488810171,0.0331410161513775,0.027));
#16006=CARTESIAN_POINT('',(-0.00258114488810171,0.0331410161513775,0.027));
#16007=CARTESIAN_POINT('',(-0.00258114488810171,0.0338910161513775,0.027));
#16008=CARTESIAN_POINT('',(-0.00158114488810172,0.0331410161513775,0.027));
#16009=CARTESIAN_POINT('',(-0.00158114488810172,0.0331410161513775,0.027));
#16010=CARTESIAN_POINT('',(-6.93889390390723E-18,0.0331410161513775,0.027));
#16011=CARTESIAN_POINT('',(0.00258114488810168,0.0338910161513775,0.027));
#16012=CARTESIAN_POINT('',(0.00258114488810168,0.0338910161513775,0.027));
#16013=CARTESIAN_POINT('',(0.00258114488810168,0.0331410161513775,0.027));
#16014=CARTESIAN_POINT('',(0.00258114488810168,0.0331410161513775,0.027));
#16015=CARTESIAN_POINT('',(0.00058114488810168,0.0338910161513775,0.027));
#16016=CARTESIAN_POINT('',(0.00058114488810168,0.0331410161513775,0.027));
#16017=CARTESIAN_POINT('',(0.00058114488810168,0.0331410161513775,0.027));
#16018=CARTESIAN_POINT('',(0.00058114488810168,0.0338910161513775,0.027));
#16019=CARTESIAN_POINT('',(0.00158114488810168,0.0331410161513775,0.027));
#16020=CARTESIAN_POINT('',(0.00158114488810168,0.0331410161513775,0.027));
#16021=CARTESIAN_POINT('',(-6.93889390390723E-18,0.0331410161513775,0.027));
#16022=CARTESIAN_POINT('',(0.00574343466430507,0.0338910161513775,0.027));
#16023=CARTESIAN_POINT('',(0.00574343466430507,0.0338910161513775,0.027));
#16024=CARTESIAN_POINT('',(0.00574343466430507,0.0331410161513775,0.027));
#16025=CARTESIAN_POINT('',(0.00574343466430507,0.0331410161513775,0.027));
#16026=CARTESIAN_POINT('',(0.00374343466430506,0.0338910161513775,0.027));
#16027=CARTESIAN_POINT('',(0.00374343466430506,0.0331410161513775,0.027));
#16028=CARTESIAN_POINT('',(0.00374343466430506,0.0331410161513775,0.027));
#16029=CARTESIAN_POINT('',(0.00374343466430506,0.0338910161513775,0.027));
#16030=CARTESIAN_POINT('',(0.00474343466430507,0.0331410161513775,0.027));
#16031=CARTESIAN_POINT('',(0.00474343466430507,0.0331410161513775,0.027));
#16032=CARTESIAN_POINT('',(-6.93889390390723E-18,0.0331410161513775,0.027));
#16033=CARTESIAN_POINT('',(0.00890572444050846,0.0338910161513775,0.027));
#16034=CARTESIAN_POINT('',(0.00890572444050846,0.0338910161513775,0.027));
#16035=CARTESIAN_POINT('',(0.00890572444050846,0.0331410161513775,0.027));
#16036=CARTESIAN_POINT('',(0.00890572444050846,0.0331410161513775,0.027));
#16037=CARTESIAN_POINT('',(0.00690572444050846,0.0338910161513775,0.027));
#16038=CARTESIAN_POINT('',(0.00690572444050846,0.0331410161513775,0.027));
#16039=CARTESIAN_POINT('',(0.00690572444050846,0.0331410161513775,0.027));
#16040=CARTESIAN_POINT('',(0.00690572444050846,0.0338910161513775,0.027));
#16041=CARTESIAN_POINT('',(0.00790572444050846,0.0331410161513775,0.027));
#16042=CARTESIAN_POINT('',(0.00790572444050846,0.0331410161513775,0.027));
#16043=CARTESIAN_POINT('',(-6.93889390390723E-18,0.0331410161513775,0.027));
#16044=CARTESIAN_POINT('',(0.0120680142167118,0.0338910161513775,0.027));
#16045=CARTESIAN_POINT('',(0.0120680142167118,0.0338910161513775,0.027));
#16046=CARTESIAN_POINT('',(0.0120680142167118,0.0331410161513775,0.027));
#16047=CARTESIAN_POINT('',(0.0120680142167118,0.0331410161513775,0.027));
#16048=CARTESIAN_POINT('',(0.0100680142167118,0.0338910161513775,0.027));
#16049=CARTESIAN_POINT('',(0.0100680142167118,0.0331410161513775,0.027));
#16050=CARTESIAN_POINT('',(0.0100680142167118,0.0331410161513775,0.027));
#16051=CARTESIAN_POINT('',(0.0100680142167118,0.0338910161513775,0.027));
#16052=CARTESIAN_POINT('',(0.0110680142167118,0.0331410161513775,0.027));
#16053=CARTESIAN_POINT('',(0.0110680142167118,0.0331410161513775,0.027));
#16054=CARTESIAN_POINT('',(-6.93889390390723E-18,0.0331410161513775,0.027));
#16055=CARTESIAN_POINT('',(0.0142303039929152,0.0331410161513775,0.027));
#16056=CARTESIAN_POINT('',(0.0142303039929152,0.0331410161513775,0.027));
#16057=CARTESIAN_POINT('',(0.0132303039929152,0.0331410161513775,0.027));
#16058=CARTESIAN_POINT('',(0.0132303039929152,0.0331410161513775,0.027));
#16059=CARTESIAN_POINT('',(0.0132303039929152,0.0338910161513775,0.027));
#16060=CARTESIAN_POINT('',(0.0132303039929152,0.0338910161513775,0.027));
#16061=CARTESIAN_POINT('',(-6.93889390390723E-18,0.0331410161513775,0.027));
#16062=CARTESIAN_POINT('',(0.0117201414601261,0.0399076429783218,0.027));
#16063=CARTESIAN_POINT('',(-0.0142303039929153,0.0331410161513775,0.027));
#16064=CARTESIAN_POINT('',(-0.0132303039929153,0.0331410161513775,0.027));
#16065=CARTESIAN_POINT('',(-0.0132303039929153,0.0331410161513775,0.027));
#16066=CARTESIAN_POINT('',(-0.0142303039929153,0.0331410161513775,0.027));
#16067=CARTESIAN_POINT('',(-0.0132303039929153,0.0338910161513775,0.027));
#16068=CARTESIAN_POINT('',(-0.0132303039929153,0.0338910161513775,0.027));
#16069=CARTESIAN_POINT('',(-6.93889390390723E-18,0.0331410161513775,0.027));
#16070=CARTESIAN_POINT('',(-0.011720141460126,0.0399076429783218,0.027));
#16071=CARTESIAN_POINT('',(-0.0343844880555177,0.00822635199835341,0.027));
#16072=CARTESIAN_POINT('',(-0.0343844880555177,0.00822635199835341,0.027));
#16073=CARTESIAN_POINT('',(-0.0337349690026793,0.00785135199835341,0.027));
#16074=CARTESIAN_POINT('',(-0.0337349690026793,0.00785135199835341,0.027));
#16075=CARTESIAN_POINT('',(-0.0353844880555177,0.00649430119078453,0.027));
#16076=CARTESIAN_POINT('',(-0.0347349690026793,0.00611930119078453,0.027));
#16077=CARTESIAN_POINT('',(-0.0347349690026793,0.00611930119078453,0.027));
#16078=CARTESIAN_POINT('',(-0.0353844880555177,0.00649430119078453,0.027));
#16079=CARTESIAN_POINT('',(-0.0342349690026793,0.00698532659456897,0.027));
#16080=CARTESIAN_POINT('',(-0.0342349690026793,0.00698532659456897,0.027));
#16081=CARTESIAN_POINT('',(-0.0287009618943234,0.0165705080756888,0.027));
#16082=CARTESIAN_POINT('',(-0.0328033431674159,0.0109649752786733,0.027));
#16083=CARTESIAN_POINT('',(-0.0328033431674159,0.0109649752786733,0.027));
#16084=CARTESIAN_POINT('',(-0.0321538241145776,0.0105899752786733,0.027));
#16085=CARTESIAN_POINT('',(-0.0321538241145776,0.0105899752786733,0.027));
#16086=CARTESIAN_POINT('',(-0.0338033431674159,0.00923292447110447,0.027));
#16087=CARTESIAN_POINT('',(-0.0331538241145776,0.00885792447110448,0.027));
#16088=CARTESIAN_POINT('',(-0.0331538241145776,0.00885792447110448,0.027));
#16089=CARTESIAN_POINT('',(-0.0338033431674159,0.00923292447110447,0.027));
#16090=CARTESIAN_POINT('',(-0.0326538241145776,0.00972394987488891,0.027));
#16091=CARTESIAN_POINT('',(-0.0326538241145776,0.00972394987488891,0.027));
#16092=CARTESIAN_POINT('',(-0.0287009618943234,0.0165705080756888,0.027));
#16093=CARTESIAN_POINT('',(-0.0312221982793142,0.0137035985589933,0.027));
#16094=CARTESIAN_POINT('',(-0.0312221982793142,0.0137035985589933,0.027));
#16095=CARTESIAN_POINT('',(-0.0305726792264759,0.0133285985589933,0.027));
#16096=CARTESIAN_POINT('',(-0.0305726792264759,0.0133285985589933,0.027));
#16097=CARTESIAN_POINT('',(-0.0322221982793143,0.0119715477514244,0.027));
#16098=CARTESIAN_POINT('',(-0.0315726792264759,0.0115965477514244,0.027));
#16099=CARTESIAN_POINT('',(-0.0315726792264759,0.0115965477514244,0.027));
#16100=CARTESIAN_POINT('',(-0.0322221982793143,0.0119715477514244,0.027));
#16101=CARTESIAN_POINT('',(-0.0310726792264759,0.0124625731552089,0.027));
#16102=CARTESIAN_POINT('',(-0.0310726792264759,0.0124625731552089,0.027));
#16103=CARTESIAN_POINT('',(-0.0287009618943234,0.0165705080756888,0.027));
#16104=CARTESIAN_POINT('',(-0.0296410533912126,0.0164422218393133,0.027));
#16105=CARTESIAN_POINT('',(-0.0296410533912126,0.0164422218393133,0.027));
#16106=CARTESIAN_POINT('',(-0.0289915343383742,0.0160672218393133,0.027));
#16107=CARTESIAN_POINT('',(-0.0289915343383742,0.0160672218393133,0.027));
#16108=CARTESIAN_POINT('',(-0.0306410533912125,0.0147101710317444,0.027));
#16109=CARTESIAN_POINT('',(-0.0299915343383742,0.0143351710317444,0.027));
#16110=CARTESIAN_POINT('',(-0.0299915343383742,0.0143351710317444,0.027));
#16111=CARTESIAN_POINT('',(-0.0306410533912125,0.0147101710317444,0.027));
#16112=CARTESIAN_POINT('',(-0.0294915343383742,0.0152011964355288,0.027));
#16113=CARTESIAN_POINT('',(-0.0294915343383742,0.0152011964355288,0.027));
#16114=CARTESIAN_POINT('',(-0.0287009618943234,0.0165705080756888,0.027));
#16115=CARTESIAN_POINT('',(-0.0280599085031108,0.0191808451196332,0.027));
#16116=CARTESIAN_POINT('',(-0.0280599085031108,0.0191808451196332,0.027));
#16117=CARTESIAN_POINT('',(-0.0274103894502725,0.0188058451196332,0.027));
#16118=CARTESIAN_POINT('',(-0.0274103894502725,0.0188058451196332,0.027));
#16119=CARTESIAN_POINT('',(-0.0290599085031108,0.0174487943120643,0.027));
#16120=CARTESIAN_POINT('',(-0.0284103894502725,0.0170737943120643,0.027));
#16121=CARTESIAN_POINT('',(-0.0284103894502725,0.0170737943120643,0.027));
#16122=CARTESIAN_POINT('',(-0.0290599085031108,0.0174487943120643,0.027));
#16123=CARTESIAN_POINT('',(-0.0279103894502725,0.0179398197158487,0.027));
#16124=CARTESIAN_POINT('',(-0.0279103894502725,0.0179398197158487,0.027));
#16125=CARTESIAN_POINT('',(-0.0287009618943234,0.0165705080756888,0.027));
#16126=CARTESIAN_POINT('',(-0.0264787636150092,0.0219194683999531,0.027));
#16127=CARTESIAN_POINT('',(-0.0264787636150092,0.0219194683999531,0.027));
#16128=CARTESIAN_POINT('',(-0.0258292445621708,0.0215444683999531,0.027));
#16129=CARTESIAN_POINT('',(-0.0258292445621708,0.0215444683999531,0.027));
#16130=CARTESIAN_POINT('',(-0.0274787636150092,0.0201874175923842,0.027));
#16131=CARTESIAN_POINT('',(-0.0268292445621708,0.0198124175923842,0.027));
#16132=CARTESIAN_POINT('',(-0.0268292445621708,0.0198124175923842,0.027));
#16133=CARTESIAN_POINT('',(-0.0274787636150092,0.0201874175923842,0.027));
#16134=CARTESIAN_POINT('',(-0.0263292445621708,0.0206784429961687,0.027));
#16135=CARTESIAN_POINT('',(-0.0263292445621708,0.0206784429961687,0.027));
#16136=CARTESIAN_POINT('',(-0.0287009618943234,0.0165705080756888,0.027));
#16137=CARTESIAN_POINT('',(-0.0248976187269074,0.024658091680273,0.027));
#16138=CARTESIAN_POINT('',(-0.0248976187269074,0.024658091680273,0.027));
#16139=CARTESIAN_POINT('',(-0.0242480996740691,0.024283091680273,0.027));
#16140=CARTESIAN_POINT('',(-0.0242480996740691,0.024283091680273,0.027));
#16141=CARTESIAN_POINT('',(-0.0258976187269074,0.0229260408727042,0.027));
#16142=CARTESIAN_POINT('',(-0.0252480996740691,0.0225510408727042,0.027));
#16143=CARTESIAN_POINT('',(-0.0252480996740691,0.0225510408727042,0.027));
#16144=CARTESIAN_POINT('',(-0.0258976187269074,0.0229260408727042,0.027));
#16145=CARTESIAN_POINT('',(-0.0247480996740692,0.0234170662764886,0.027));
#16146=CARTESIAN_POINT('',(-0.0247480996740692,0.0234170662764886,0.027));
#16147=CARTESIAN_POINT('',(-0.0287009618943234,0.0165705080756888,0.027));
#16148=CARTESIAN_POINT('',(-0.0233164738388058,0.027396714960593,0.027));
#16149=CARTESIAN_POINT('',(-0.0233164738388058,0.027396714960593,0.027));
#16150=CARTESIAN_POINT('',(-0.0226669547859674,0.027021714960593,0.027));
#16151=CARTESIAN_POINT('',(-0.0226669547859674,0.027021714960593,0.027));
#16152=CARTESIAN_POINT('',(-0.0243164738388057,0.0256646641530242,0.027));
#16153=CARTESIAN_POINT('',(-0.0236669547859674,0.0252896641530242,0.027));
#16154=CARTESIAN_POINT('',(-0.0236669547859674,0.0252896641530242,0.027));
#16155=CARTESIAN_POINT('',(-0.0243164738388057,0.0256646641530242,0.027));
#16156=CARTESIAN_POINT('',(-0.0231669547859674,0.0261556895568085,0.027));
#16157=CARTESIAN_POINT('',(-0.0231669547859674,0.0261556895568085,0.027));
#16158=CARTESIAN_POINT('',(-0.0287009618943234,0.0165705080756888,0.027));
#16159=CARTESIAN_POINT('',(-0.0215858098978658,0.0288943128371285,0.027));
#16160=CARTESIAN_POINT('',(-0.0215858098978658,0.0288943128371285,0.027));
#16161=CARTESIAN_POINT('',(-0.0220858098978658,0.0280282874333441,0.027));
#16162=CARTESIAN_POINT('',(-0.0220858098978658,0.0280282874333441,0.027));
#16163=CARTESIAN_POINT('',(-0.022735328950704,0.0284032874333441,0.027));
#16164=CARTESIAN_POINT('',(-0.022735328950704,0.0284032874333441,0.027));
#16165=CARTESIAN_POINT('',(-0.0287009618943234,0.0165705080756888,0.027));
#16166=CARTESIAN_POINT('',(-0.0287009618943234,0.0301037617295773,0.027));
#16167=CARTESIAN_POINT('',(-0.035816113890781,0.00424670331424903,0.027));
#16168=CARTESIAN_POINT('',(-0.035316113890781,0.00511272871803347,0.027));
#16169=CARTESIAN_POINT('',(-0.035316113890781,0.00511272871803347,0.027));
#16170=CARTESIAN_POINT('',(-0.035816113890781,0.00424670331424903,0.027));
#16171=CARTESIAN_POINT('',(-0.0359656329436193,0.00548772871803347,0.027));
#16172=CARTESIAN_POINT('',(-0.0359656329436193,0.00548772871803347,0.027));
#16173=CARTESIAN_POINT('',(-0.0287009618943234,0.0165705080756888,0.027));
#16174=CARTESIAN_POINT('',(-0.0404211033544494,0.00980388124874453,0.027));
#16175=CARTESIAN_POINT('',(-0.0243164738388057,-0.0256646641530242,0.027));
#16176=CARTESIAN_POINT('',(-0.0243164738388057,-0.0256646641530242,0.027));
#16177=CARTESIAN_POINT('',(-0.0236669547859674,-0.0252896641530242,0.027));
#16178=CARTESIAN_POINT('',(-0.0236669547859674,-0.0252896641530242,0.027));
#16179=CARTESIAN_POINT('',(-0.0233164738388058,-0.0273967149605931,0.027));
#16180=CARTESIAN_POINT('',(-0.0226669547859674,-0.0270217149605931,0.027));
#16181=CARTESIAN_POINT('',(-0.0226669547859674,-0.0270217149605931,0.027));
#16182=CARTESIAN_POINT('',(-0.0233164738388058,-0.0273967149605931,0.027));
#16183=CARTESIAN_POINT('',(-0.0231669547859674,-0.0261556895568086,0.027));
#16184=CARTESIAN_POINT('',(-0.0231669547859674,-0.0261556895568086,0.027));
#16185=CARTESIAN_POINT('',(-0.0287009618943234,-0.0165705080756888,0.027));
#16186=CARTESIAN_POINT('',(-0.0258976187269074,-0.0229260408727042,0.027));
#16187=CARTESIAN_POINT('',(-0.0258976187269074,-0.0229260408727042,0.027));
#16188=CARTESIAN_POINT('',(-0.0252480996740691,-0.0225510408727042,0.027));
#16189=CARTESIAN_POINT('',(-0.0252480996740691,-0.0225510408727042,0.027));
#16190=CARTESIAN_POINT('',(-0.0248976187269074,-0.0246580916802731,0.027));
#16191=CARTESIAN_POINT('',(-0.0242480996740691,-0.0242830916802731,0.027));
#16192=CARTESIAN_POINT('',(-0.0242480996740691,-0.0242830916802731,0.027));
#16193=CARTESIAN_POINT('',(-0.0248976187269074,-0.0246580916802731,0.027));
#16194=CARTESIAN_POINT('',(-0.0247480996740691,-0.0234170662764886,0.027));
#16195=CARTESIAN_POINT('',(-0.0247480996740691,-0.0234170662764886,0.027));
#16196=CARTESIAN_POINT('',(-0.0287009618943234,-0.0165705080756888,0.027));
#16197=CARTESIAN_POINT('',(-0.0274787636150092,-0.0201874175923842,0.027));
#16198=CARTESIAN_POINT('',(-0.0274787636150092,-0.0201874175923842,0.027));
#16199=CARTESIAN_POINT('',(-0.0268292445621708,-0.0198124175923842,0.027));
#16200=CARTESIAN_POINT('',(-0.0268292445621708,-0.0198124175923842,0.027));
#16201=CARTESIAN_POINT('',(-0.0264787636150092,-0.0219194683999532,0.027));
#16202=CARTESIAN_POINT('',(-0.0258292445621708,-0.0215444683999532,0.027));
#16203=CARTESIAN_POINT('',(-0.0258292445621708,-0.0215444683999532,0.027));
#16204=CARTESIAN_POINT('',(-0.0264787636150092,-0.0219194683999532,0.027));
#16205=CARTESIAN_POINT('',(-0.0263292445621708,-0.0206784429961687,0.027));
#16206=CARTESIAN_POINT('',(-0.0263292445621708,-0.0206784429961687,0.027));
#16207=CARTESIAN_POINT('',(-0.0287009618943234,-0.0165705080756888,0.027));
#16208=CARTESIAN_POINT('',(-0.0290599085031108,-0.0174487943120643,0.027));
#16209=CARTESIAN_POINT('',(-0.0290599085031108,-0.0174487943120643,0.027));
#16210=CARTESIAN_POINT('',(-0.0284103894502725,-0.0170737943120643,0.027));
#16211=CARTESIAN_POINT('',(-0.0284103894502725,-0.0170737943120643,0.027));
#16212=CARTESIAN_POINT('',(-0.0280599085031108,-0.0191808451196332,0.027));
#16213=CARTESIAN_POINT('',(-0.0274103894502725,-0.0188058451196332,0.027));
#16214=CARTESIAN_POINT('',(-0.0274103894502725,-0.0188058451196332,0.027));
#16215=CARTESIAN_POINT('',(-0.0280599085031108,-0.0191808451196332,0.027));
#16216=CARTESIAN_POINT('',(-0.0279103894502725,-0.0179398197158487,0.027));
#16217=CARTESIAN_POINT('',(-0.0279103894502725,-0.0179398197158487,0.027));
#16218=CARTESIAN_POINT('',(-0.0287009618943234,-0.0165705080756888,0.027));
#16219=CARTESIAN_POINT('',(-0.0306410533912125,-0.0147101710317444,0.027));
#16220=CARTESIAN_POINT('',(-0.0306410533912125,-0.0147101710317444,0.027));
#16221=CARTESIAN_POINT('',(-0.0299915343383742,-0.0143351710317444,0.027));
#16222=CARTESIAN_POINT('',(-0.0299915343383742,-0.0143351710317444,0.027));
#16223=CARTESIAN_POINT('',(-0.0296410533912126,-0.0164422218393133,0.027));
#16224=CARTESIAN_POINT('',(-0.0289915343383742,-0.0160672218393133,0.027));
#16225=CARTESIAN_POINT('',(-0.0289915343383742,-0.0160672218393133,0.027));
#16226=CARTESIAN_POINT('',(-0.0296410533912126,-0.0164422218393133,0.027));
#16227=CARTESIAN_POINT('',(-0.0294915343383742,-0.0152011964355288,0.027));
#16228=CARTESIAN_POINT('',(-0.0294915343383742,-0.0152011964355288,0.027));
#16229=CARTESIAN_POINT('',(-0.0287009618943234,-0.0165705080756888,0.027));
#16230=CARTESIAN_POINT('',(-0.0322221982793142,-0.0119715477514244,0.027));
#16231=CARTESIAN_POINT('',(-0.0322221982793142,-0.0119715477514244,0.027));
#16232=CARTESIAN_POINT('',(-0.0315726792264759,-0.0115965477514244,0.027));
#16233=CARTESIAN_POINT('',(-0.0315726792264759,-0.0115965477514244,0.027));
#16234=CARTESIAN_POINT('',(-0.0312221982793142,-0.0137035985589933,0.027));
#16235=CARTESIAN_POINT('',(-0.0305726792264759,-0.0133285985589933,0.027));
#16236=CARTESIAN_POINT('',(-0.0305726792264759,-0.0133285985589933,0.027));
#16237=CARTESIAN_POINT('',(-0.0312221982793142,-0.0137035985589933,0.027));
#16238=CARTESIAN_POINT('',(-0.0310726792264759,-0.0124625731552089,0.027));
#16239=CARTESIAN_POINT('',(-0.0310726792264759,-0.0124625731552089,0.027));
#16240=CARTESIAN_POINT('',(-0.0287009618943234,-0.0165705080756888,0.027));
#16241=CARTESIAN_POINT('',(-0.0338033431674159,-0.00923292447110449,0.027));
#16242=CARTESIAN_POINT('',(-0.0338033431674159,-0.00923292447110449,0.027));
#16243=CARTESIAN_POINT('',(-0.0331538241145776,-0.00885792447110449,0.027));
#16244=CARTESIAN_POINT('',(-0.0331538241145776,-0.00885792447110449,0.027));
#16245=CARTESIAN_POINT('',(-0.0328033431674159,-0.0109649752786734,0.027));
#16246=CARTESIAN_POINT('',(-0.0321538241145776,-0.0105899752786734,0.027));
#16247=CARTESIAN_POINT('',(-0.0321538241145776,-0.0105899752786734,0.027));
#16248=CARTESIAN_POINT('',(-0.0328033431674159,-0.0109649752786734,0.027));
#16249=CARTESIAN_POINT('',(-0.0326538241145776,-0.00972394987488893,0.027));
#16250=CARTESIAN_POINT('',(-0.0326538241145776,-0.00972394987488893,0.027));
#16251=CARTESIAN_POINT('',(-0.0287009618943234,-0.0165705080756888,0.027));
#16252=CARTESIAN_POINT('',(-0.0353844880555176,-0.00649430119078455,0.027));
#16253=CARTESIAN_POINT('',(-0.0353844880555176,-0.00649430119078455,0.027));
#16254=CARTESIAN_POINT('',(-0.0347349690026793,-0.00611930119078455,0.027));
#16255=CARTESIAN_POINT('',(-0.0347349690026793,-0.00611930119078455,0.027));
#16256=CARTESIAN_POINT('',(-0.0343844880555176,-0.00822635199835342,0.027));
#16257=CARTESIAN_POINT('',(-0.0337349690026793,-0.00785135199835342,0.027));
#16258=CARTESIAN_POINT('',(-0.0337349690026793,-0.00785135199835342,0.027));
#16259=CARTESIAN_POINT('',(-0.0343844880555176,-0.00822635199835342,0.027));
#16260=CARTESIAN_POINT('',(-0.0342349690026793,-0.00698532659456899,0.027));
#16261=CARTESIAN_POINT('',(-0.0342349690026793,-0.00698532659456899,0.027));
#16262=CARTESIAN_POINT('',(-0.0287009618943234,-0.0165705080756888,0.027));
#16263=CARTESIAN_POINT('',(-0.0215858098978657,-0.0288943128371285,0.027));
#16264=CARTESIAN_POINT('',(-0.0220858098978658,-0.0280282874333441,0.027));
#16265=CARTESIAN_POINT('',(-0.0220858098978658,-0.0280282874333441,0.027));
#16266=CARTESIAN_POINT('',(-0.0215858098978657,-0.0288943128371285,0.027));
#16267=CARTESIAN_POINT('',(-0.022735328950704,-0.0284032874333441,0.027));
#16268=CARTESIAN_POINT('',(-0.022735328950704,-0.0284032874333441,0.027));
#16269=CARTESIAN_POINT('',(-0.0287009618943234,-0.0165705080756888,0.027));
#16270=CARTESIAN_POINT('',(-0.0287009618943234,-0.0301037617295773,0.027));
#16271=CARTESIAN_POINT('',(-0.035816113890781,-0.00424670331424904,0.027));
#16272=CARTESIAN_POINT('',(-0.035816113890781,-0.00424670331424904,0.027));
#16273=CARTESIAN_POINT('',(-0.035316113890781,-0.00511272871803348,0.027));
#16274=CARTESIAN_POINT('',(-0.035316113890781,-0.00511272871803348,0.027));
#16275=CARTESIAN_POINT('',(-0.0359656329436193,-0.00548772871803348,0.027));
#16276=CARTESIAN_POINT('',(-0.0359656329436193,-0.00548772871803348,0.027));
#16277=CARTESIAN_POINT('',(-0.0287009618943234,-0.0165705080756888,0.027));
#16278=CARTESIAN_POINT('',(-0.0404211033544494,-0.0098038812487445,0.027));
#16279=CARTESIAN_POINT('',(0.0100680142167119,-0.0338910161513775,0.027));
#16280=CARTESIAN_POINT('',(0.0100680142167119,-0.0338910161513775,0.027));
#16281=CARTESIAN_POINT('',(0.0100680142167119,-0.0331410161513775,0.027));
#16282=CARTESIAN_POINT('',(0.0100680142167119,-0.0331410161513775,0.027));
#16283=CARTESIAN_POINT('',(0.0120680142167119,-0.0338910161513775,0.027));
#16284=CARTESIAN_POINT('',(0.0120680142167119,-0.0331410161513775,0.027));
#16285=CARTESIAN_POINT('',(0.0120680142167119,-0.0331410161513775,0.027));
#16286=CARTESIAN_POINT('',(0.0120680142167119,-0.0338910161513775,0.027));
#16287=CARTESIAN_POINT('',(0.0110680142167119,-0.0331410161513775,0.027));
#16288=CARTESIAN_POINT('',(0.0110680142167119,-0.0331410161513775,0.027));
#16289=CARTESIAN_POINT('',(2.8802899688797E-18,-0.0331410161513775,0.027));
#16290=CARTESIAN_POINT('',(0.00690572444050849,-0.0338910161513775,0.027));
#16291=CARTESIAN_POINT('',(0.00690572444050849,-0.0338910161513775,0.027));
#16292=CARTESIAN_POINT('',(0.00690572444050849,-0.0331410161513775,0.027));
#16293=CARTESIAN_POINT('',(0.00690572444050849,-0.0331410161513775,0.027));
#16294=CARTESIAN_POINT('',(0.00890572444050849,-0.0338910161513775,0.027));
#16295=CARTESIAN_POINT('',(0.00890572444050849,-0.0331410161513775,0.027));
#16296=CARTESIAN_POINT('',(0.00890572444050849,-0.0331410161513775,0.027));
#16297=CARTESIAN_POINT('',(0.00890572444050849,-0.0338910161513775,0.027));
#16298=CARTESIAN_POINT('',(0.00790572444050849,-0.0331410161513775,0.027));
#16299=CARTESIAN_POINT('',(0.00790572444050849,-0.0331410161513775,0.027));
#16300=CARTESIAN_POINT('',(2.8802899688797E-18,-0.0331410161513775,0.027));
#16301=CARTESIAN_POINT('',(0.0037434346643051,-0.0338910161513775,0.027));
#16302=CARTESIAN_POINT('',(0.0037434346643051,-0.0338910161513775,0.027));
#16303=CARTESIAN_POINT('',(0.0037434346643051,-0.0331410161513775,0.027));
#16304=CARTESIAN_POINT('',(0.0037434346643051,-0.0331410161513775,0.027));
#16305=CARTESIAN_POINT('',(0.0057434346643051,-0.0338910161513775,0.027));
#16306=CARTESIAN_POINT('',(0.0057434346643051,-0.0331410161513775,0.027));
#16307=CARTESIAN_POINT('',(0.0057434346643051,-0.0331410161513775,0.027));
#16308=CARTESIAN_POINT('',(0.0057434346643051,-0.0338910161513775,0.027));
#16309=CARTESIAN_POINT('',(0.0047434346643051,-0.0331410161513775,0.027));
#16310=CARTESIAN_POINT('',(0.0047434346643051,-0.0331410161513775,0.027));
#16311=CARTESIAN_POINT('',(2.8802899688797E-18,-0.0331410161513775,0.027));
#16312=CARTESIAN_POINT('',(0.000581144888101708,-0.0338910161513775,0.027));
#16313=CARTESIAN_POINT('',(0.000581144888101708,-0.0338910161513775,0.027));
#16314=CARTESIAN_POINT('',(0.000581144888101708,-0.0331410161513775,0.027));
#16315=CARTESIAN_POINT('',(0.000581144888101708,-0.0331410161513775,0.027));
#16316=CARTESIAN_POINT('',(0.00258114488810171,-0.0338910161513775,0.027));
#16317=CARTESIAN_POINT('',(0.00258114488810171,-0.0331410161513775,0.027));
#16318=CARTESIAN_POINT('',(0.00258114488810171,-0.0331410161513775,0.027));
#16319=CARTESIAN_POINT('',(0.00258114488810171,-0.0338910161513775,0.027));
#16320=CARTESIAN_POINT('',(0.00158114488810171,-0.0331410161513775,0.027));
#16321=CARTESIAN_POINT('',(0.00158114488810171,-0.0331410161513775,0.027));
#16322=CARTESIAN_POINT('',(2.8802899688797E-18,-0.0331410161513775,0.027));
#16323=CARTESIAN_POINT('',(-0.00258114488810168,-0.0338910161513775,0.027));
#16324=CARTESIAN_POINT('',(-0.00258114488810168,-0.0338910161513775,0.027));
#16325=CARTESIAN_POINT('',(-0.00258114488810168,-0.0331410161513775,0.027));
#16326=CARTESIAN_POINT('',(-0.00258114488810168,-0.0331410161513775,0.027));
#16327=CARTESIAN_POINT('',(-0.000581144888101684,-0.0338910161513775,0.027));
#16328=CARTESIAN_POINT('',(-0.000581144888101684,-0.0331410161513775,0.027));
#16329=CARTESIAN_POINT('',(-0.000581144888101684,-0.0331410161513775,0.027));
#16330=CARTESIAN_POINT('',(-0.000581144888101684,-0.0338910161513775,0.027));
#16331=CARTESIAN_POINT('',(-0.00158114488810168,-0.0331410161513775,0.027));
#16332=CARTESIAN_POINT('',(-0.00158114488810168,-0.0331410161513775,0.027));
#16333=CARTESIAN_POINT('',(2.8802899688797E-18,-0.0331410161513775,0.027));
#16334=CARTESIAN_POINT('',(-0.00574343466430507,-0.0338910161513775,0.027));
#16335=CARTESIAN_POINT('',(-0.00574343466430507,-0.0338910161513775,0.027));
#16336=CARTESIAN_POINT('',(-0.00574343466430507,-0.0331410161513775,0.027));
#16337=CARTESIAN_POINT('',(-0.00574343466430507,-0.0331410161513775,0.027));
#16338=CARTESIAN_POINT('',(-0.00374343466430507,-0.0338910161513775,0.027));
#16339=CARTESIAN_POINT('',(-0.00374343466430507,-0.0331410161513775,0.027));
#16340=CARTESIAN_POINT('',(-0.00374343466430507,-0.0331410161513775,0.027));
#16341=CARTESIAN_POINT('',(-0.00374343466430507,-0.0338910161513775,0.027));
#16342=CARTESIAN_POINT('',(-0.00474343466430507,-0.0331410161513775,0.027));
#16343=CARTESIAN_POINT('',(-0.00474343466430507,-0.0331410161513775,0.027));
#16344=CARTESIAN_POINT('',(2.8802899688797E-18,-0.0331410161513775,0.027));
#16345=CARTESIAN_POINT('',(-0.00890572444050846,-0.0338910161513775,0.027));
#16346=CARTESIAN_POINT('',(-0.00890572444050846,-0.0338910161513775,0.027));
#16347=CARTESIAN_POINT('',(-0.00890572444050846,-0.0331410161513775,0.027));
#16348=CARTESIAN_POINT('',(-0.00890572444050846,-0.0331410161513775,0.027));
#16349=CARTESIAN_POINT('',(-0.00690572444050847,-0.0338910161513775,0.027));
#16350=CARTESIAN_POINT('',(-0.00690572444050847,-0.0331410161513775,0.027));
#16351=CARTESIAN_POINT('',(-0.00690572444050847,-0.0331410161513775,0.027));
#16352=CARTESIAN_POINT('',(-0.00690572444050847,-0.0338910161513775,0.027));
#16353=CARTESIAN_POINT('',(-0.00790572444050846,-0.0331410161513775,0.027));
#16354=CARTESIAN_POINT('',(-0.00790572444050846,-0.0331410161513775,0.027));
#16355=CARTESIAN_POINT('',(2.8802899688797E-18,-0.0331410161513775,0.027));
#16356=CARTESIAN_POINT('',(-0.0120680142167118,-0.0338910161513775,0.027));
#16357=CARTESIAN_POINT('',(-0.0120680142167118,-0.0338910161513775,0.027));
#16358=CARTESIAN_POINT('',(-0.0120680142167118,-0.0331410161513775,0.027));
#16359=CARTESIAN_POINT('',(-0.0120680142167118,-0.0331410161513775,0.027));
#16360=CARTESIAN_POINT('',(-0.0100680142167118,-0.0338910161513775,0.027));
#16361=CARTESIAN_POINT('',(-0.0100680142167118,-0.0331410161513775,0.027));
#16362=CARTESIAN_POINT('',(-0.0100680142167118,-0.0331410161513775,0.027));
#16363=CARTESIAN_POINT('',(-0.0100680142167118,-0.0338910161513775,0.027));
#16364=CARTESIAN_POINT('',(-0.0110680142167118,-0.0331410161513775,0.027));
#16365=CARTESIAN_POINT('',(-0.0110680142167118,-0.0331410161513775,0.027));
#16366=CARTESIAN_POINT('',(2.8802899688797E-18,-0.0331410161513775,0.027));
#16367=CARTESIAN_POINT('',(-0.0142303039929152,-0.0331410161513775,0.027));
#16368=CARTESIAN_POINT('',(-0.0142303039929152,-0.0331410161513775,0.027));
#16369=CARTESIAN_POINT('',(-0.0132303039929152,-0.0331410161513775,0.027));
#16370=CARTESIAN_POINT('',(-0.0132303039929152,-0.0331410161513775,0.027));
#16371=CARTESIAN_POINT('',(-0.0132303039929152,-0.0338910161513775,0.027));
#16372=CARTESIAN_POINT('',(-0.0132303039929152,-0.0338910161513775,0.027));
#16373=CARTESIAN_POINT('',(2.8802899688797E-18,-0.0331410161513775,0.027));
#16374=CARTESIAN_POINT('',(-0.011720141460126,-0.0399076429783218,0.027));
#16375=CARTESIAN_POINT('',(0.0142303039929153,-0.0331410161513775,0.027));
#16376=CARTESIAN_POINT('',(0.0132303039929153,-0.0331410161513775,0.027));
#16377=CARTESIAN_POINT('',(0.0132303039929153,-0.0331410161513775,0.027));
#16378=CARTESIAN_POINT('',(0.0142303039929153,-0.0331410161513775,0.027));
#16379=CARTESIAN_POINT('',(0.0132303039929153,-0.0338910161513775,0.027));
#16380=CARTESIAN_POINT('',(0.0132303039929153,-0.0338910161513775,0.027));
#16381=CARTESIAN_POINT('',(2.8802899688797E-18,-0.0331410161513775,0.027));
#16382=CARTESIAN_POINT('',(0.011720141460126,-0.0399076429783218,0.027));
#16383=CARTESIAN_POINT('',(0.0343844880555176,-0.00822635199835342,0.027));
#16384=CARTESIAN_POINT('',(0.0343844880555176,-0.00822635199835342,0.027));
#16385=CARTESIAN_POINT('',(0.0337349690026793,-0.00785135199835342,0.027));
#16386=CARTESIAN_POINT('',(0.0337349690026793,-0.00785135199835342,0.027));
#16387=CARTESIAN_POINT('',(0.0353844880555176,-0.00649430119078455,0.027));
#16388=CARTESIAN_POINT('',(0.0347349690026793,-0.00611930119078455,0.027));
#16389=CARTESIAN_POINT('',(0.0347349690026793,-0.00611930119078455,0.027));
#16390=CARTESIAN_POINT('',(0.0353844880555176,-0.00649430119078455,0.027));
#16391=CARTESIAN_POINT('',(0.0342349690026793,-0.00698532659456898,0.027));
#16392=CARTESIAN_POINT('',(0.0342349690026793,-0.00698532659456898,0.027));
#16393=CARTESIAN_POINT('',(0.0287009618943234,-0.0165705080756888,0.027));
#16394=CARTESIAN_POINT('',(0.0328033431674159,-0.0109649752786734,0.027));
#16395=CARTESIAN_POINT('',(0.0328033431674159,-0.0109649752786734,0.027));
#16396=CARTESIAN_POINT('',(0.0321538241145776,-0.0105899752786734,0.027));
#16397=CARTESIAN_POINT('',(0.0321538241145776,-0.0105899752786734,0.027));
#16398=CARTESIAN_POINT('',(0.0338033431674159,-0.00923292447110449,0.027));
#16399=CARTESIAN_POINT('',(0.0331538241145776,-0.00885792447110449,0.027));
#16400=CARTESIAN_POINT('',(0.0331538241145776,-0.00885792447110449,0.027));
#16401=CARTESIAN_POINT('',(0.0338033431674159,-0.00923292447110449,0.027));
#16402=CARTESIAN_POINT('',(0.0326538241145776,-0.00972394987488892,0.027));
#16403=CARTESIAN_POINT('',(0.0326538241145776,-0.00972394987488892,0.027));
#16404=CARTESIAN_POINT('',(0.0287009618943234,-0.0165705080756888,0.027));
#16405=CARTESIAN_POINT('',(0.0312221982793142,-0.0137035985589933,0.027));
#16406=CARTESIAN_POINT('',(0.0312221982793142,-0.0137035985589933,0.027));
#16407=CARTESIAN_POINT('',(0.0305726792264759,-0.0133285985589933,0.027));
#16408=CARTESIAN_POINT('',(0.0305726792264759,-0.0133285985589933,0.027));
#16409=CARTESIAN_POINT('',(0.0322221982793143,-0.0119715477514244,0.027));
#16410=CARTESIAN_POINT('',(0.0315726792264759,-0.0115965477514244,0.027));
#16411=CARTESIAN_POINT('',(0.0315726792264759,-0.0115965477514244,0.027));
#16412=CARTESIAN_POINT('',(0.0322221982793143,-0.0119715477514244,0.027));
#16413=CARTESIAN_POINT('',(0.0310726792264759,-0.0124625731552089,0.027));
#16414=CARTESIAN_POINT('',(0.0310726792264759,-0.0124625731552089,0.027));
#16415=CARTESIAN_POINT('',(0.0287009618943234,-0.0165705080756888,0.027));
#16416=CARTESIAN_POINT('',(0.0296410533912126,-0.0164422218393133,0.027));
#16417=CARTESIAN_POINT('',(0.0296410533912126,-0.0164422218393133,0.027));
#16418=CARTESIAN_POINT('',(0.0289915343383742,-0.0160672218393133,0.027));
#16419=CARTESIAN_POINT('',(0.0289915343383742,-0.0160672218393133,0.027));
#16420=CARTESIAN_POINT('',(0.0306410533912125,-0.0147101710317444,0.027));
#16421=CARTESIAN_POINT('',(0.0299915343383742,-0.0143351710317444,0.027));
#16422=CARTESIAN_POINT('',(0.0299915343383742,-0.0143351710317444,0.027));
#16423=CARTESIAN_POINT('',(0.0306410533912125,-0.0147101710317444,0.027));
#16424=CARTESIAN_POINT('',(0.0294915343383742,-0.0152011964355288,0.027));
#16425=CARTESIAN_POINT('',(0.0294915343383742,-0.0152011964355288,0.027));
#16426=CARTESIAN_POINT('',(0.0287009618943234,-0.0165705080756888,0.027));
#16427=CARTESIAN_POINT('',(0.0280599085031108,-0.0191808451196332,0.027));
#16428=CARTESIAN_POINT('',(0.0280599085031108,-0.0191808451196332,0.027));
#16429=CARTESIAN_POINT('',(0.0274103894502725,-0.0188058451196332,0.027));
#16430=CARTESIAN_POINT('',(0.0274103894502725,-0.0188058451196332,0.027));
#16431=CARTESIAN_POINT('',(0.0290599085031108,-0.0174487943120643,0.027));
#16432=CARTESIAN_POINT('',(0.0284103894502725,-0.0170737943120643,0.027));
#16433=CARTESIAN_POINT('',(0.0284103894502725,-0.0170737943120643,0.027));
#16434=CARTESIAN_POINT('',(0.0290599085031108,-0.0174487943120643,0.027));
#16435=CARTESIAN_POINT('',(0.0279103894502725,-0.0179398197158487,0.027));
#16436=CARTESIAN_POINT('',(0.0279103894502725,-0.0179398197158487,0.027));
#16437=CARTESIAN_POINT('',(0.0287009618943234,-0.0165705080756888,0.027));
#16438=CARTESIAN_POINT('',(0.0264787636150092,-0.0219194683999532,0.027));
#16439=CARTESIAN_POINT('',(0.0264787636150092,-0.0219194683999532,0.027));
#16440=CARTESIAN_POINT('',(0.0258292445621708,-0.0215444683999532,0.027));
#16441=CARTESIAN_POINT('',(0.0258292445621708,-0.0215444683999532,0.027));
#16442=CARTESIAN_POINT('',(0.0274787636150092,-0.0201874175923842,0.027));
#16443=CARTESIAN_POINT('',(0.0268292445621708,-0.0198124175923842,0.027));
#16444=CARTESIAN_POINT('',(0.0268292445621708,-0.0198124175923842,0.027));
#16445=CARTESIAN_POINT('',(0.0274787636150092,-0.0201874175923842,0.027));
#16446=CARTESIAN_POINT('',(0.0263292445621708,-0.0206784429961687,0.027));
#16447=CARTESIAN_POINT('',(0.0263292445621708,-0.0206784429961687,0.027));
#16448=CARTESIAN_POINT('',(0.0287009618943234,-0.0165705080756888,0.027));
#16449=CARTESIAN_POINT('',(0.0248976187269074,-0.0246580916802731,0.027));
#16450=CARTESIAN_POINT('',(0.0248976187269074,-0.0246580916802731,0.027));
#16451=CARTESIAN_POINT('',(0.0242480996740691,-0.0242830916802731,0.027));
#16452=CARTESIAN_POINT('',(0.0242480996740691,-0.0242830916802731,0.027));
#16453=CARTESIAN_POINT('',(0.0258976187269074,-0.0229260408727042,0.027));
#16454=CARTESIAN_POINT('',(0.0252480996740691,-0.0225510408727042,0.027));
#16455=CARTESIAN_POINT('',(0.0252480996740691,-0.0225510408727042,0.027));
#16456=CARTESIAN_POINT('',(0.0258976187269074,-0.0229260408727042,0.027));
#16457=CARTESIAN_POINT('',(0.0247480996740691,-0.0234170662764886,0.027));
#16458=CARTESIAN_POINT('',(0.0247480996740691,-0.0234170662764886,0.027));
#16459=CARTESIAN_POINT('',(0.0287009618943234,-0.0165705080756888,0.027));
#16460=CARTESIAN_POINT('',(0.0233164738388058,-0.027396714960593,0.027));
#16461=CARTESIAN_POINT('',(0.0233164738388058,-0.027396714960593,0.027));
#16462=CARTESIAN_POINT('',(0.0226669547859674,-0.027021714960593,0.027));
#16463=CARTESIAN_POINT('',(0.0226669547859674,-0.027021714960593,0.027));
#16464=CARTESIAN_POINT('',(0.0243164738388057,-0.0256646641530242,0.027));
#16465=CARTESIAN_POINT('',(0.0236669547859674,-0.0252896641530242,0.027));
#16466=CARTESIAN_POINT('',(0.0236669547859674,-0.0252896641530242,0.027));
#16467=CARTESIAN_POINT('',(0.0243164738388057,-0.0256646641530242,0.027));
#16468=CARTESIAN_POINT('',(0.0231669547859674,-0.0261556895568086,0.027));
#16469=CARTESIAN_POINT('',(0.0231669547859674,-0.0261556895568086,0.027));
#16470=CARTESIAN_POINT('',(0.0287009618943234,-0.0165705080756888,0.027));
#16471=CARTESIAN_POINT('',(0.0215858098978657,-0.0288943128371285,0.027));
#16472=CARTESIAN_POINT('',(0.0215858098978657,-0.0288943128371285,0.027));
#16473=CARTESIAN_POINT('',(0.0220858098978657,-0.0280282874333441,0.027));
#16474=CARTESIAN_POINT('',(0.0220858098978657,-0.0280282874333441,0.027));
#16475=CARTESIAN_POINT('',(0.022735328950704,-0.0284032874333441,0.027));
#16476=CARTESIAN_POINT('',(0.022735328950704,-0.0284032874333441,0.027));
#16477=CARTESIAN_POINT('',(0.0287009618943234,-0.0165705080756888,0.027));
#16478=CARTESIAN_POINT('',(0.0287009618943234,-0.0301037617295773,0.027));
#16479=CARTESIAN_POINT('',(0.035816113890781,-0.00424670331424904,0.027));
#16480=CARTESIAN_POINT('',(0.035316113890781,-0.00511272871803348,0.027));
#16481=CARTESIAN_POINT('',(0.035316113890781,-0.00511272871803348,0.027));
#16482=CARTESIAN_POINT('',(0.035816113890781,-0.00424670331424904,0.027));
#16483=CARTESIAN_POINT('',(0.0359656329436193,-0.00548772871803348,0.027));
#16484=CARTESIAN_POINT('',(0.0359656329436193,-0.00548772871803348,0.027));
#16485=CARTESIAN_POINT('',(0.0287009618943234,-0.0165705080756888,0.027));
#16486=CARTESIAN_POINT('',(0.0404211033544494,-0.00980388124874454,0.027));
#16487=CARTESIAN_POINT('',(0.0243164738388057,0.0256646641530242,0.027));
#16488=CARTESIAN_POINT('',(0.0243164738388057,0.0256646641530242,0.027));
#16489=CARTESIAN_POINT('',(0.0236669547859674,0.0252896641530242,0.027));
#16490=CARTESIAN_POINT('',(0.0236669547859674,0.0252896641530242,0.027));
#16491=CARTESIAN_POINT('',(0.0233164738388058,0.027396714960593,0.027));
#16492=CARTESIAN_POINT('',(0.0226669547859674,0.027021714960593,0.027));
#16493=CARTESIAN_POINT('',(0.0226669547859674,0.027021714960593,0.027));
#16494=CARTESIAN_POINT('',(0.0233164738388058,0.027396714960593,0.027));
#16495=CARTESIAN_POINT('',(0.0231669547859674,0.0261556895568086,0.027));
#16496=CARTESIAN_POINT('',(0.0231669547859674,0.0261556895568086,0.027));
#16497=CARTESIAN_POINT('',(0.0287009618943234,0.0165705080756888,0.027));
#16498=CARTESIAN_POINT('',(0.0258976187269074,0.0229260408727042,0.027));
#16499=CARTESIAN_POINT('',(0.0258976187269074,0.0229260408727042,0.027));
#16500=CARTESIAN_POINT('',(0.0252480996740692,0.0225510408727042,0.027));
#16501=CARTESIAN_POINT('',(0.0252480996740692,0.0225510408727042,0.027));
#16502=CARTESIAN_POINT('',(0.0248976187269074,0.024658091680273,0.027));
#16503=CARTESIAN_POINT('',(0.0242480996740691,0.0242830916802731,0.027));
#16504=CARTESIAN_POINT('',(0.0242480996740691,0.0242830916802731,0.027));
#16505=CARTESIAN_POINT('',(0.0248976187269074,0.024658091680273,0.027));
#16506=CARTESIAN_POINT('',(0.0247480996740692,0.0234170662764886,0.027));
#16507=CARTESIAN_POINT('',(0.0247480996740692,0.0234170662764886,0.027));
#16508=CARTESIAN_POINT('',(0.0287009618943234,0.0165705080756888,0.027));
#16509=CARTESIAN_POINT('',(0.0274787636150092,0.0201874175923842,0.027));
#16510=CARTESIAN_POINT('',(0.0274787636150092,0.0201874175923842,0.027));
#16511=CARTESIAN_POINT('',(0.0268292445621708,0.0198124175923842,0.027));
#16512=CARTESIAN_POINT('',(0.0268292445621708,0.0198124175923842,0.027));
#16513=CARTESIAN_POINT('',(0.0264787636150092,0.0219194683999531,0.027));
#16514=CARTESIAN_POINT('',(0.0258292445621708,0.0215444683999532,0.027));
#16515=CARTESIAN_POINT('',(0.0258292445621708,0.0215444683999532,0.027));
#16516=CARTESIAN_POINT('',(0.0264787636150092,0.0219194683999531,0.027));
#16517=CARTESIAN_POINT('',(0.0263292445621708,0.0206784429961687,0.027));
#16518=CARTESIAN_POINT('',(0.0263292445621708,0.0206784429961687,0.027));
#16519=CARTESIAN_POINT('',(0.0287009618943234,0.0165705080756888,0.027));
#16520=CARTESIAN_POINT('',(0.0290599085031108,0.0174487943120643,0.027));
#16521=CARTESIAN_POINT('',(0.0290599085031108,0.0174487943120643,0.027));
#16522=CARTESIAN_POINT('',(0.0284103894502725,0.0170737943120643,0.027));
#16523=CARTESIAN_POINT('',(0.0284103894502725,0.0170737943120643,0.027));
#16524=CARTESIAN_POINT('',(0.0280599085031108,0.0191808451196332,0.027));
#16525=CARTESIAN_POINT('',(0.0274103894502725,0.0188058451196332,0.027));
#16526=CARTESIAN_POINT('',(0.0274103894502725,0.0188058451196332,0.027));
#16527=CARTESIAN_POINT('',(0.0280599085031108,0.0191808451196332,0.027));
#16528=CARTESIAN_POINT('',(0.0279103894502725,0.0179398197158487,0.027));
#16529=CARTESIAN_POINT('',(0.0279103894502725,0.0179398197158487,0.027));
#16530=CARTESIAN_POINT('',(0.0287009618943234,0.0165705080756888,0.027));
#16531=CARTESIAN_POINT('',(0.0306410533912125,0.0147101710317444,0.027));
#16532=CARTESIAN_POINT('',(0.0306410533912125,0.0147101710317444,0.027));
#16533=CARTESIAN_POINT('',(0.0299915343383742,0.0143351710317444,0.027));
#16534=CARTESIAN_POINT('',(0.0299915343383742,0.0143351710317444,0.027));
#16535=CARTESIAN_POINT('',(0.0296410533912126,0.0164422218393133,0.027));
#16536=CARTESIAN_POINT('',(0.0289915343383742,0.0160672218393133,0.027));
#16537=CARTESIAN_POINT('',(0.0289915343383742,0.0160672218393133,0.027));
#16538=CARTESIAN_POINT('',(0.0296410533912126,0.0164422218393133,0.027));
#16539=CARTESIAN_POINT('',(0.0294915343383742,0.0152011964355288,0.027));
#16540=CARTESIAN_POINT('',(0.0294915343383742,0.0152011964355288,0.027));
#16541=CARTESIAN_POINT('',(0.0287009618943234,0.0165705080756888,0.027));
#16542=CARTESIAN_POINT('',(0.0322221982793143,0.0119715477514244,0.027));
#16543=CARTESIAN_POINT('',(0.0322221982793143,0.0119715477514244,0.027));
#16544=CARTESIAN_POINT('',(0.0315726792264759,0.0115965477514244,0.027));
#16545=CARTESIAN_POINT('',(0.0315726792264759,0.0115965477514244,0.027));
#16546=CARTESIAN_POINT('',(0.0312221982793142,0.0137035985589933,0.027));
#16547=CARTESIAN_POINT('',(0.0305726792264759,0.0133285985589933,0.027));
#16548=CARTESIAN_POINT('',(0.0305726792264759,0.0133285985589933,0.027));
#16549=CARTESIAN_POINT('',(0.0312221982793142,0.0137035985589933,0.027));
#16550=CARTESIAN_POINT('',(0.0310726792264759,0.0124625731552089,0.027));
#16551=CARTESIAN_POINT('',(0.0310726792264759,0.0124625731552089,0.027));
#16552=CARTESIAN_POINT('',(0.0287009618943234,0.0165705080756888,0.027));
#16553=CARTESIAN_POINT('',(0.0338033431674159,0.00923292447110447,0.027));
#16554=CARTESIAN_POINT('',(0.0338033431674159,0.00923292447110447,0.027));
#16555=CARTESIAN_POINT('',(0.0331538241145776,0.00885792447110448,0.027));
#16556=CARTESIAN_POINT('',(0.0331538241145776,0.00885792447110448,0.027));
#16557=CARTESIAN_POINT('',(0.0328033431674159,0.0109649752786733,0.027));
#16558=CARTESIAN_POINT('',(0.0321538241145776,0.0105899752786733,0.027));
#16559=CARTESIAN_POINT('',(0.0321538241145776,0.0105899752786733,0.027));
#16560=CARTESIAN_POINT('',(0.0328033431674159,0.0109649752786733,0.027));
#16561=CARTESIAN_POINT('',(0.0326538241145776,0.00972394987488891,0.027));
#16562=CARTESIAN_POINT('',(0.0326538241145776,0.00972394987488891,0.027));
#16563=CARTESIAN_POINT('',(0.0287009618943234,0.0165705080756888,0.027));
#16564=CARTESIAN_POINT('',(0.0353844880555176,0.00649430119078453,0.027));
#16565=CARTESIAN_POINT('',(0.0353844880555176,0.00649430119078453,0.027));
#16566=CARTESIAN_POINT('',(0.0347349690026793,0.00611930119078453,0.027));
#16567=CARTESIAN_POINT('',(0.0347349690026793,0.00611930119078453,0.027));
#16568=CARTESIAN_POINT('',(0.0343844880555176,0.0082263519983534,0.027));
#16569=CARTESIAN_POINT('',(0.0337349690026793,0.00785135199835341,0.027));
#16570=CARTESIAN_POINT('',(0.0337349690026793,0.00785135199835341,0.027));
#16571=CARTESIAN_POINT('',(0.0343844880555176,0.0082263519983534,0.027));
#16572=CARTESIAN_POINT('',(0.0342349690026793,0.00698532659456897,0.027));
#16573=CARTESIAN_POINT('',(0.0342349690026793,0.00698532659456897,0.027));
#16574=CARTESIAN_POINT('',(0.0287009618943234,0.0165705080756888,0.027));
#16575=CARTESIAN_POINT('',(0.0215858098978658,0.0288943128371285,0.027));
#16576=CARTESIAN_POINT('',(0.0220858098978658,0.0280282874333441,0.027));
#16577=CARTESIAN_POINT('',(0.0220858098978658,0.0280282874333441,0.027));
#16578=CARTESIAN_POINT('',(0.0215858098978658,0.0288943128371285,0.027));
#16579=CARTESIAN_POINT('',(0.022735328950704,0.0284032874333441,0.027));
#16580=CARTESIAN_POINT('',(0.022735328950704,0.0284032874333441,0.027));
#16581=CARTESIAN_POINT('',(0.0287009618943234,0.0165705080756888,0.027));
#16582=CARTESIAN_POINT('',(0.0287009618943234,0.0301037617295773,0.027));
#16583=CARTESIAN_POINT('',(0.035816113890781,0.00424670331424902,0.027));
#16584=CARTESIAN_POINT('',(0.035816113890781,0.00424670331424902,0.027));
#16585=CARTESIAN_POINT('',(0.035316113890781,0.00511272871803346,0.027));
#16586=CARTESIAN_POINT('',(0.035316113890781,0.00511272871803346,0.027));
#16587=CARTESIAN_POINT('',(0.0359656329436193,0.00548772871803346,0.027));
#16588=CARTESIAN_POINT('',(0.0359656329436193,0.00548772871803346,0.027));
#16589=CARTESIAN_POINT('',(0.0287009618943234,0.0165705080756888,0.027));
#16590=CARTESIAN_POINT('',(0.0404211033544494,0.00980388124874449,0.027));
#16591=CARTESIAN_POINT('',(-0.0273125,0.0360483074325273,0.03));
#16592=CARTESIAN_POINT('',(-0.0258901499995263,0.0346410161513775,0.0285489319093005));
#16593=CARTESIAN_POINT('',(-0.0265,0.0346410161513775,0.03));
#16594=CARTESIAN_POINT('',(-0.0229450749997632,0.0295399966196868,0.0285489319093005));
#16595=CARTESIAN_POINT('',(-0.02325,0.0290118510267787,0.03));
#16596=CARTESIAN_POINT('',(-0.024875,0.0318264335890781,0.03));
#16597=CARTESIAN_POINT('',(-0.02,0.0290118510267787,0.03));
#16598=CARTESIAN_POINT('',(-0.0168719700000948,0.0292231092639419,0.0294195727637202));
#16599=CARTESIAN_POINT('',(-0.01675,0.0290118510267787,0.03));
#16600=CARTESIAN_POINT('',(-0.02,0.0290118510267787,0.03));
#16601=CARTESIAN_POINT('',(-0.0126875,0.0360483074325273,0.03));
#16602=CARTESIAN_POINT('',(-0.0133780299999053,0.0346410161513775,0.0302902136181399));
#16603=CARTESIAN_POINT('',(-0.0135,0.0346410161513775,0.03));
#16604=CARTESIAN_POINT('',(-0.015125,0.0318264335890781,0.03));
#16605=CARTESIAN_POINT('',(-0.0175625,0.0416774725571262,0.03));
#16606=CARTESIAN_POINT('',(-0.0166890149999527,0.0403758103945581,0.0302902136181399));
#16607=CARTESIAN_POINT('',(-0.01675,0.0402701812759764,0.03));
#16608=CARTESIAN_POINT('',(-0.015125,0.037455598713677,0.03));
#16609=CARTESIAN_POINT('',(-0.02,0.0402701812759764,0.03));
#16610=CARTESIAN_POINT('',(-0.0231280299999053,0.0400589230388132,0.0294195727637202));
#16611=CARTESIAN_POINT('',(-0.02325,0.0402701812759764,0.03));
#16612=CARTESIAN_POINT('',(-0.02,0.0402701812759764,0.03));
#16613=CARTESIAN_POINT('',(-0.0224375,0.0416774725571262,0.03));
#16614=CARTESIAN_POINT('',(-0.024875,0.037455598713677,0.03));
#16615=CARTESIAN_POINT('',(-0.02,0.0290118510267787,0.035));
#16616=CARTESIAN_POINT('',(-0.02325,0.0290118510267787,0.035));
#16617=CARTESIAN_POINT('',(-0.02325,0.0290118510267787,0.037));
#16618=CARTESIAN_POINT('',(-0.01675,0.0290118510267787,0.035));
#16619=CARTESIAN_POINT('',(-0.01675,0.0290118510267787,0.037));
#16620=CARTESIAN_POINT('',(-0.02,0.0290118510267787,0.037));
#16621=CARTESIAN_POINT('',(-0.0185,0.0290118510267787,0.037));
#16622=CARTESIAN_POINT('',(-0.0185,0.0290118510267787,0.038));
#16623=CARTESIAN_POINT('',(-0.0185,0.0290118510267787,0.038));
#16624=CARTESIAN_POINT('',(-0.02,0.0290118510267787,0.038));
#16625=CARTESIAN_POINT('',(-0.0215,0.0290118510267787,0.038));
#16626=CARTESIAN_POINT('',(-0.0215,0.0290118510267787,0.038));
#16627=CARTESIAN_POINT('',(-0.0215,0.0290118510267787,0.037));
#16628=CARTESIAN_POINT('',(-0.02,0.0290118510267787,0.037));
#16629=CARTESIAN_POINT('',(-0.015125,0.0318264335890781,0.035));
#16630=CARTESIAN_POINT('',(-0.0135,0.0346410161513775,0.035));
#16631=CARTESIAN_POINT('',(-0.0135,0.0346410161513775,0.037));
#16632=CARTESIAN_POINT('',(-0.015125,0.0318264335890781,0.037));
#16633=CARTESIAN_POINT('',(-0.014375,0.0331254716947548,0.037));
#16634=CARTESIAN_POINT('',(-0.014375,0.0331254716947548,0.038));
#16635=CARTESIAN_POINT('',(-0.014375,0.0331254716947548,0.038));
#16636=CARTESIAN_POINT('',(-0.015125,0.0318264335890781,0.038));
#16637=CARTESIAN_POINT('',(-0.015875,0.0305273954834014,0.038));
#16638=CARTESIAN_POINT('',(-0.015875,0.0305273954834014,0.038));
#16639=CARTESIAN_POINT('',(-0.015875,0.0305273954834014,0.037));
#16640=CARTESIAN_POINT('',(-0.015125,0.0318264335890781,0.037));
#16641=CARTESIAN_POINT('',(-0.015125,0.037455598713677,0.035));
#16642=CARTESIAN_POINT('',(-0.01675,0.0402701812759764,0.035));
#16643=CARTESIAN_POINT('',(-0.01675,0.0402701812759764,0.037));
#16644=CARTESIAN_POINT('',(-0.015125,0.037455598713677,0.037));
#16645=CARTESIAN_POINT('',(-0.015875,0.0387546368193536,0.037));
#16646=CARTESIAN_POINT('',(-0.015875,0.0387546368193536,0.038));
#16647=CARTESIAN_POINT('',(-0.015875,0.0387546368193536,0.038));
#16648=CARTESIAN_POINT('',(-0.015125,0.037455598713677,0.038));
#16649=CARTESIAN_POINT('',(-0.014375,0.0361565606080003,0.038));
#16650=CARTESIAN_POINT('',(-0.014375,0.0361565606080003,0.038));
#16651=CARTESIAN_POINT('',(-0.014375,0.0361565606080003,0.037));
#16652=CARTESIAN_POINT('',(-0.015125,0.037455598713677,0.037));
#16653=CARTESIAN_POINT('',(-0.02,0.0402701812759764,0.035));
#16654=CARTESIAN_POINT('',(-0.02325,0.0402701812759764,0.035));
#16655=CARTESIAN_POINT('',(-0.02325,0.0402701812759764,0.037));
#16656=CARTESIAN_POINT('',(-0.02,0.0402701812759764,0.037));
#16657=CARTESIAN_POINT('',(-0.0215,0.0402701812759764,0.037));
#16658=CARTESIAN_POINT('',(-0.0215,0.0402701812759764,0.038));
#16659=CARTESIAN_POINT('',(-0.0215,0.0402701812759764,0.038));
#16660=CARTESIAN_POINT('',(-0.02,0.0402701812759764,0.038));
#16661=CARTESIAN_POINT('',(-0.0185,0.0402701812759764,0.038));
#16662=CARTESIAN_POINT('',(-0.0185,0.0402701812759764,0.038));
#16663=CARTESIAN_POINT('',(-0.0185,0.0402701812759764,0.037));
#16664=CARTESIAN_POINT('',(-0.02,0.0402701812759764,0.037));
#16665=CARTESIAN_POINT('',(-0.024875,0.037455598713677,0.035));
#16666=CARTESIAN_POINT('',(-0.0265,0.0346410161513775,0.035));
#16667=CARTESIAN_POINT('',(-0.0265,0.0346410161513775,0.037));
#16668=CARTESIAN_POINT('',(-0.024875,0.037455598713677,0.037));
#16669=CARTESIAN_POINT('',(-0.025625,0.0361565606080003,0.037));
#16670=CARTESIAN_POINT('',(-0.025625,0.0361565606080003,0.038));
#16671=CARTESIAN_POINT('',(-0.025625,0.0361565606080003,0.038));
#16672=CARTESIAN_POINT('',(-0.024875,0.037455598713677,0.038));
#16673=CARTESIAN_POINT('',(-0.024125,0.0387546368193536,0.038));
#16674=CARTESIAN_POINT('',(-0.024125,0.0387546368193536,0.038));
#16675=CARTESIAN_POINT('',(-0.024125,0.0387546368193536,0.037));
#16676=CARTESIAN_POINT('',(-0.024875,0.037455598713677,0.037));
#16677=CARTESIAN_POINT('',(-0.024875,0.0318264335890781,0.035));
#16678=CARTESIAN_POINT('',(-0.024875,0.0318264335890781,0.037));
#16679=CARTESIAN_POINT('',(-0.024125,0.0305273954834015,0.037));
#16680=CARTESIAN_POINT('',(-0.024125,0.0305273954834015,0.038));
#16681=CARTESIAN_POINT('',(-0.024125,0.0305273954834015,0.038));
#16682=CARTESIAN_POINT('',(-0.024875,0.0318264335890781,0.038));
#16683=CARTESIAN_POINT('',(-0.025625,0.0331254716947548,0.038));
#16684=CARTESIAN_POINT('',(-0.025625,0.0331254716947548,0.038));
#16685=CARTESIAN_POINT('',(-0.025625,0.0331254716947548,0.037));
#16686=CARTESIAN_POINT('',(-0.024875,0.0318264335890781,0.037));
#16687=CARTESIAN_POINT('',(-0.044875,-0.00562916512459883,0.03));
#16688=CARTESIAN_POINT('',(-0.0429450749997632,-0.0051010195316907,0.0285489319093005));
#16689=CARTESIAN_POINT('',(-0.04325,-0.00562916512459883,0.03));
#16690=CARTESIAN_POINT('',(-0.0370549250002369,-0.0051010195316907,0.0285489319093005));
#16691=CARTESIAN_POINT('',(-0.03675,-0.00562916512459884,0.03));
#16692=CARTESIAN_POINT('',(-0.04,-0.00562916512459883,0.03));
#16693=CARTESIAN_POINT('',(-0.035125,-0.00281458256229941,0.03));
#16694=CARTESIAN_POINT('',(-0.0337439400001895,4.33680868994202E-18,0.0294195727637202));
#16695=CARTESIAN_POINT('',(-0.0335,-8.67361737988404E-18,0.03));
#16696=CARTESIAN_POINT('',(-0.035125,-0.0028145825622994,0.03));
#16697=CARTESIAN_POINT('',(-0.0375625,0.00703645640574857,0.03));
#16698=CARTESIAN_POINT('',(-0.0366890149999526,0.00573479424318049,0.0302902136181399));
#16699=CARTESIAN_POINT('',(-0.03675,0.00562916512459886,0.03));
#16700=CARTESIAN_POINT('',(-0.035125,0.00281458256229943,0.03));
#16701=CARTESIAN_POINT('',(-0.044875,0.00562916512459886,0.03));
#16702=CARTESIAN_POINT('',(-0.0433109850000474,0.00573479424318049,0.0302902136181399));
#16703=CARTESIAN_POINT('',(-0.04325,0.00562916512459886,0.03));
#16704=CARTESIAN_POINT('',(-0.04,0.00562916512459886,0.03));
#16705=CARTESIAN_POINT('',(-0.044875,0.00281458256229944,0.03));
#16706=CARTESIAN_POINT('',(-0.0462560599998106,1.82145964977565E-17,0.0294195727637202));
#16707=CARTESIAN_POINT('',(-0.0465,1.84929232191312E-17,0.03));
#16708=CARTESIAN_POINT('',(-0.044875,0.00281458256229943,0.03));
#16709=CARTESIAN_POINT('',(-0.0473125,0.00140729128114973,0.03));
#16710=CARTESIAN_POINT('',(-0.044875,-0.00281458256229941,0.03));
#16711=CARTESIAN_POINT('',(-0.035125,-0.0028145825622994,0.035));
#16712=CARTESIAN_POINT('',(-0.0335,-8.67361737988404E-18,0.035));
#16713=CARTESIAN_POINT('',(-0.0335,-8.67361737988404E-18,0.037));
#16714=CARTESIAN_POINT('',(-0.035125,-0.0028145825622994,0.037));
#16715=CARTESIAN_POINT('',(-0.034375,-0.00151554445662276,0.037));
#16716=CARTESIAN_POINT('',(-0.034375,-0.00151554445662276,0.038));
#16717=CARTESIAN_POINT('',(-0.034375,-0.00151554445662276,0.038));
#16718=CARTESIAN_POINT('',(-0.035125,-0.00281458256229941,0.038));
#16719=CARTESIAN_POINT('',(-0.035875,-0.00411362066797607,0.038));
#16720=CARTESIAN_POINT('',(-0.035875,-0.00411362066797607,0.038));
#16721=CARTESIAN_POINT('',(-0.035875,-0.00411362066797607,0.037));
#16722=CARTESIAN_POINT('',(-0.035125,-0.0028145825622994,0.037));
#16723=CARTESIAN_POINT('',(-0.03675,-0.00562916512459884,0.037));
#16724=CARTESIAN_POINT('',(-0.03675,-0.00562916512459884,0.035));
#16725=CARTESIAN_POINT('',(-0.035125,0.00281458256229943,0.035));
#16726=CARTESIAN_POINT('',(-0.03675,0.00562916512459887,0.035));
#16727=CARTESIAN_POINT('',(-0.03675,0.00562916512459887,0.037));
#16728=CARTESIAN_POINT('',(-0.035125,0.00281458256229943,0.037));
#16729=CARTESIAN_POINT('',(-0.035875,0.0041136206679761,0.037));
#16730=CARTESIAN_POINT('',(-0.035875,0.0041136206679761,0.038));
#16731=CARTESIAN_POINT('',(-0.035875,0.0041136206679761,0.038));
#16732=CARTESIAN_POINT('',(-0.035125,0.00281458256229944,0.038));
#16733=CARTESIAN_POINT('',(-0.034375,0.00151554445662278,0.038));
#16734=CARTESIAN_POINT('',(-0.034375,0.00151554445662278,0.038));
#16735=CARTESIAN_POINT('',(-0.034375,0.00151554445662278,0.037));
#16736=CARTESIAN_POINT('',(-0.035125,0.00281458256229943,0.037));
#16737=CARTESIAN_POINT('',(-0.04,0.00562916512459886,0.035));
#16738=CARTESIAN_POINT('',(-0.04325,0.00562916512459887,0.035));
#16739=CARTESIAN_POINT('',(-0.04325,0.00562916512459887,0.037));
#16740=CARTESIAN_POINT('',(-0.04,0.00562916512459886,0.037));
#16741=CARTESIAN_POINT('',(-0.0415,0.00562916512459886,0.037));
#16742=CARTESIAN_POINT('',(-0.0415,0.00562916512459886,0.038));
#16743=CARTESIAN_POINT('',(-0.0415,0.00562916512459886,0.038));
#16744=CARTESIAN_POINT('',(-0.04,0.00562916512459886,0.038));
#16745=CARTESIAN_POINT('',(-0.0385,0.00562916512459886,0.038));
#16746=CARTESIAN_POINT('',(-0.0385,0.00562916512459886,0.038));
#16747=CARTESIAN_POINT('',(-0.0385,0.00562916512459886,0.037));
#16748=CARTESIAN_POINT('',(-0.04,0.00562916512459886,0.037));
#16749=CARTESIAN_POINT('',(-0.044875,0.00281458256229943,0.035));
#16750=CARTESIAN_POINT('',(-0.0465,1.38777878078145E-17,0.035));
#16751=CARTESIAN_POINT('',(-0.0465,1.38777878078145E-17,0.037));
#16752=CARTESIAN_POINT('',(-0.044875,0.00281458256229943,0.037));
#16753=CARTESIAN_POINT('',(-0.045625,0.00151554445662278,0.037));
#16754=CARTESIAN_POINT('',(-0.045625,0.00151554445662278,0.038));
#16755=CARTESIAN_POINT('',(-0.045625,0.00151554445662278,0.038));
#16756=CARTESIAN_POINT('',(-0.044875,0.00281458256229943,0.038));
#16757=CARTESIAN_POINT('',(-0.044125,0.0041136206679761,0.038));
#16758=CARTESIAN_POINT('',(-0.044125,0.0041136206679761,0.038));
#16759=CARTESIAN_POINT('',(-0.044125,0.0041136206679761,0.037));
#16760=CARTESIAN_POINT('',(-0.044875,0.00281458256229943,0.037));
#16761=CARTESIAN_POINT('',(-0.044875,-0.00281458256229941,0.035));
#16762=CARTESIAN_POINT('',(-0.04325,-0.00562916512459883,0.035));
#16763=CARTESIAN_POINT('',(-0.04325,-0.00562916512459883,0.037));
#16764=CARTESIAN_POINT('',(-0.044875,-0.00281458256229941,0.037));
#16765=CARTESIAN_POINT('',(-0.044125,-0.00411362066797607,0.037));
#16766=CARTESIAN_POINT('',(-0.044125,-0.00411362066797607,0.038));
#16767=CARTESIAN_POINT('',(-0.044125,-0.00411362066797607,0.038));
#16768=CARTESIAN_POINT('',(-0.044875,-0.00281458256229941,0.038));
#16769=CARTESIAN_POINT('',(-0.045625,-0.00151554445662276,0.038));
#16770=CARTESIAN_POINT('',(-0.045625,-0.00151554445662276,0.038));
#16771=CARTESIAN_POINT('',(-0.045625,-0.00151554445662276,0.037));
#16772=CARTESIAN_POINT('',(-0.044875,-0.00281458256229941,0.037));
#16773=CARTESIAN_POINT('',(-0.04,-0.00562916512459883,0.035));
#16774=CARTESIAN_POINT('',(-0.04,-0.00562916512459883,0.037));
#16775=CARTESIAN_POINT('',(-0.0385,-0.00562916512459884,0.037));
#16776=CARTESIAN_POINT('',(-0.0385,-0.00562916512459884,0.038));
#16777=CARTESIAN_POINT('',(-0.0385,-0.00562916512459884,0.038));
#16778=CARTESIAN_POINT('',(-0.04,-0.00562916512459884,0.038));
#16779=CARTESIAN_POINT('',(-0.0415,-0.00562916512459884,0.038));
#16780=CARTESIAN_POINT('',(-0.0415,-0.00562916512459884,0.038));
#16781=CARTESIAN_POINT('',(-0.0415,-0.00562916512459884,0.037));
#16782=CARTESIAN_POINT('',(-0.04,-0.00562916512459883,0.037));
#16783=CARTESIAN_POINT('',(-0.0175625,-0.0416774725571261,0.03));
#16784=CARTESIAN_POINT('',(-0.0170549250002368,-0.0397420356830682,0.0285489319093005));
#16785=CARTESIAN_POINT('',(-0.01675,-0.0402701812759764,0.03));
#16786=CARTESIAN_POINT('',(-0.0141098500004737,-0.0346410161513775,0.0285489319093005));
#16787=CARTESIAN_POINT('',(-0.0135,-0.0346410161513775,0.03));
#16788=CARTESIAN_POINT('',(-0.015125,-0.037455598713677,0.03));
#16789=CARTESIAN_POINT('',(-0.015125,-0.0318264335890781,0.03));
#16790=CARTESIAN_POINT('',(-0.0168719700000948,-0.0292231092639419,0.0294195727637202));
#16791=CARTESIAN_POINT('',(-0.01675,-0.0290118510267787,0.03));
#16792=CARTESIAN_POINT('',(-0.015125,-0.0318264335890781,0.03));
#16793=CARTESIAN_POINT('',(-0.024875,-0.0290118510267787,0.03));
#16794=CARTESIAN_POINT('',(-0.0233109850000474,-0.0289062219081971,0.0302902136181399));
#16795=CARTESIAN_POINT('',(-0.02325,-0.0290118510267787,0.03));
#16796=CARTESIAN_POINT('',(-0.02,-0.0290118510267787,0.03));
#16797=CARTESIAN_POINT('',(-0.0273125,-0.0360483074325273,0.03));
#16798=CARTESIAN_POINT('',(-0.0266219700000947,-0.0346410161513775,0.0302902136181399));
#16799=CARTESIAN_POINT('',(-0.0265,-0.0346410161513775,0.03));
#16800=CARTESIAN_POINT('',(-0.024875,-0.0318264335890781,0.03));
#16801=CARTESIAN_POINT('',(-0.024875,-0.037455598713677,0.03));
#16802=CARTESIAN_POINT('',(-0.0231280299999053,-0.0400589230388132,0.0294195727637202));
#16803=CARTESIAN_POINT('',(-0.02325,-0.0402701812759764,0.03));
#16804=CARTESIAN_POINT('',(-0.024875,-0.037455598713677,0.03));
#16805=CARTESIAN_POINT('',(-0.024875,-0.0402701812759764,0.03));
#16806=CARTESIAN_POINT('',(-0.02,-0.0402701812759764,0.03));
#16807=CARTESIAN_POINT('',(-0.015125,-0.0318264335890781,0.035));
#16808=CARTESIAN_POINT('',(-0.01675,-0.0290118510267787,0.035));
#16809=CARTESIAN_POINT('',(-0.01675,-0.0290118510267787,0.037));
#16810=CARTESIAN_POINT('',(-0.015125,-0.0318264335890781,0.037));
#16811=CARTESIAN_POINT('',(-0.015875,-0.0305273954834014,0.037));
#16812=CARTESIAN_POINT('',(-0.015875,-0.0305273954834014,0.038));
#16813=CARTESIAN_POINT('',(-0.015875,-0.0305273954834014,0.038));
#16814=CARTESIAN_POINT('',(-0.015125,-0.0318264335890781,0.038));
#16815=CARTESIAN_POINT('',(-0.014375,-0.0331254716947548,0.038));
#16816=CARTESIAN_POINT('',(-0.014375,-0.0331254716947548,0.038));
#16817=CARTESIAN_POINT('',(-0.014375,-0.0331254716947548,0.037));
#16818=CARTESIAN_POINT('',(-0.015125,-0.0318264335890781,0.037));
#16819=CARTESIAN_POINT('',(-0.0135,-0.0346410161513775,0.037));
#16820=CARTESIAN_POINT('',(-0.0135,-0.0346410161513775,0.035));
#16821=CARTESIAN_POINT('',(-0.02,-0.0290118510267787,0.035));
#16822=CARTESIAN_POINT('',(-0.02325,-0.0290118510267787,0.035));
#16823=CARTESIAN_POINT('',(-0.02325,-0.0290118510267787,0.037));
#16824=CARTESIAN_POINT('',(-0.02,-0.0290118510267787,0.037));
#16825=CARTESIAN_POINT('',(-0.0215,-0.0290118510267787,0.037));
#16826=CARTESIAN_POINT('',(-0.0215,-0.0290118510267787,0.038));
#16827=CARTESIAN_POINT('',(-0.0215,-0.0290118510267787,0.038));
#16828=CARTESIAN_POINT('',(-0.02,-0.0290118510267787,0.038));
#16829=CARTESIAN_POINT('',(-0.0185,-0.0290118510267787,0.038));
#16830=CARTESIAN_POINT('',(-0.0185,-0.0290118510267787,0.038));
#16831=CARTESIAN_POINT('',(-0.0185,-0.0290118510267787,0.037));
#16832=CARTESIAN_POINT('',(-0.02,-0.0290118510267787,0.037));
#16833=CARTESIAN_POINT('',(-0.024875,-0.0318264335890781,0.035));
#16834=CARTESIAN_POINT('',(-0.0265,-0.0346410161513775,0.035));
#16835=CARTESIAN_POINT('',(-0.0265,-0.0346410161513775,0.037));
#16836=CARTESIAN_POINT('',(-0.024875,-0.0318264335890781,0.037));
#16837=CARTESIAN_POINT('',(-0.025625,-0.0331254716947548,0.037));
#16838=CARTESIAN_POINT('',(-0.025625,-0.0331254716947548,0.038));
#16839=CARTESIAN_POINT('',(-0.025625,-0.0331254716947548,0.038));
#16840=CARTESIAN_POINT('',(-0.024875,-0.0318264335890781,0.038));
#16841=CARTESIAN_POINT('',(-0.024125,-0.0305273954834014,0.038));
#16842=CARTESIAN_POINT('',(-0.024125,-0.0305273954834014,0.038));
#16843=CARTESIAN_POINT('',(-0.024125,-0.0305273954834014,0.037));
#16844=CARTESIAN_POINT('',(-0.024875,-0.0318264335890781,0.037));
#16845=CARTESIAN_POINT('',(-0.024875,-0.037455598713677,0.035));
#16846=CARTESIAN_POINT('',(-0.02325,-0.0402701812759764,0.035));
#16847=CARTESIAN_POINT('',(-0.02325,-0.0402701812759764,0.037));
#16848=CARTESIAN_POINT('',(-0.024875,-0.037455598713677,0.037));
#16849=CARTESIAN_POINT('',(-0.024125,-0.0387546368193536,0.037));
#16850=CARTESIAN_POINT('',(-0.024125,-0.0387546368193536,0.038));
#16851=CARTESIAN_POINT('',(-0.024125,-0.0387546368193536,0.038));
#16852=CARTESIAN_POINT('',(-0.024875,-0.037455598713677,0.038));
#16853=CARTESIAN_POINT('',(-0.025625,-0.0361565606080003,0.038));
#16854=CARTESIAN_POINT('',(-0.025625,-0.0361565606080003,0.038));
#16855=CARTESIAN_POINT('',(-0.025625,-0.0361565606080003,0.037));
#16856=CARTESIAN_POINT('',(-0.024875,-0.037455598713677,0.037));
#16857=CARTESIAN_POINT('',(-0.02,-0.0402701812759764,0.035));
#16858=CARTESIAN_POINT('',(-0.01675,-0.0402701812759764,0.035));
#16859=CARTESIAN_POINT('',(-0.01675,-0.0402701812759764,0.037));
#16860=CARTESIAN_POINT('',(-0.02,-0.0402701812759764,0.037));
#16861=CARTESIAN_POINT('',(-0.0185,-0.0402701812759764,0.037));
#16862=CARTESIAN_POINT('',(-0.0185,-0.0402701812759764,0.038));
#16863=CARTESIAN_POINT('',(-0.0185,-0.0402701812759764,0.038));
#16864=CARTESIAN_POINT('',(-0.02,-0.0402701812759764,0.038));
#16865=CARTESIAN_POINT('',(-0.0215,-0.0402701812759764,0.038));
#16866=CARTESIAN_POINT('',(-0.0215,-0.0402701812759764,0.038));
#16867=CARTESIAN_POINT('',(-0.0215,-0.0402701812759764,0.037));
#16868=CARTESIAN_POINT('',(-0.02,-0.0402701812759764,0.037));
#16869=CARTESIAN_POINT('',(-0.015125,-0.037455598713677,0.035));
#16870=CARTESIAN_POINT('',(-0.015125,-0.037455598713677,0.037));
#16871=CARTESIAN_POINT('',(-0.014375,-0.0361565606080003,0.037));
#16872=CARTESIAN_POINT('',(-0.014375,-0.0361565606080003,0.038));
#16873=CARTESIAN_POINT('',(-0.014375,-0.0361565606080003,0.038));
#16874=CARTESIAN_POINT('',(-0.015125,-0.037455598713677,0.038));
#16875=CARTESIAN_POINT('',(-0.015875,-0.0387546368193536,0.038));
#16876=CARTESIAN_POINT('',(-0.015875,-0.0387546368193536,0.038));
#16877=CARTESIAN_POINT('',(-0.015875,-0.0387546368193536,0.037));
#16878=CARTESIAN_POINT('',(-0.015125,-0.037455598713677,0.037));
#16879=CARTESIAN_POINT('',(0.0273125,-0.0360483074325273,0.03));
#16880=CARTESIAN_POINT('',(0.0258901499995263,-0.0346410161513775,0.0285489319093005));
#16881=CARTESIAN_POINT('',(0.0265,-0.0346410161513775,0.03));
#16882=CARTESIAN_POINT('',(0.0229450749997632,-0.0295399966196868,0.0285489319093005));
#16883=CARTESIAN_POINT('',(0.02325,-0.0290118510267787,0.03));
#16884=CARTESIAN_POINT('',(0.024875,-0.0318264335890781,0.03));
#16885=CARTESIAN_POINT('',(0.02,-0.0290118510267787,0.03));
#16886=CARTESIAN_POINT('',(0.0168719700000948,-0.0292231092639419,0.0294195727637202));
#16887=CARTESIAN_POINT('',(0.01675,-0.0290118510267787,0.03));
#16888=CARTESIAN_POINT('',(0.02,-0.0290118510267787,0.03));
#16889=CARTESIAN_POINT('',(0.0126875,-0.0360483074325273,0.03));
#16890=CARTESIAN_POINT('',(0.0133780299999053,-0.0346410161513775,0.0302902136181399));
#16891=CARTESIAN_POINT('',(0.0135,-0.0346410161513775,0.03));
#16892=CARTESIAN_POINT('',(0.015125,-0.0318264335890781,0.03));
#16893=CARTESIAN_POINT('',(0.0175625,-0.0416774725571262,0.03));
#16894=CARTESIAN_POINT('',(0.0166890149999527,-0.0403758103945581,0.0302902136181399));
#16895=CARTESIAN_POINT('',(0.01675,-0.0402701812759764,0.03));
#16896=CARTESIAN_POINT('',(0.015125,-0.037455598713677,0.03));
#16897=CARTESIAN_POINT('',(0.02,-0.0402701812759764,0.03));
#16898=CARTESIAN_POINT('',(0.0231280299999053,-0.0400589230388132,0.0294195727637202));
#16899=CARTESIAN_POINT('',(0.02325,-0.0402701812759764,0.03));
#16900=CARTESIAN_POINT('',(0.02,-0.0402701812759764,0.03));
#16901=CARTESIAN_POINT('',(0.0224375,-0.0416774725571262,0.03));
#16902=CARTESIAN_POINT('',(0.024875,-0.037455598713677,0.03));
#16903=CARTESIAN_POINT('',(0.02,-0.0290118510267787,0.035));
#16904=CARTESIAN_POINT('',(0.01675,-0.0290118510267787,0.035));
#16905=CARTESIAN_POINT('',(0.01675,-0.0290118510267787,0.037));
#16906=CARTESIAN_POINT('',(0.02,-0.0290118510267787,0.037));
#16907=CARTESIAN_POINT('',(0.0185,-0.0290118510267787,0.037));
#16908=CARTESIAN_POINT('',(0.0185,-0.0290118510267787,0.038));
#16909=CARTESIAN_POINT('',(0.0185,-0.0290118510267787,0.038));
#16910=CARTESIAN_POINT('',(0.02,-0.0290118510267787,0.038));
#16911=CARTESIAN_POINT('',(0.0215,-0.0290118510267787,0.038));
#16912=CARTESIAN_POINT('',(0.0215,-0.0290118510267787,0.038));
#16913=CARTESIAN_POINT('',(0.0215,-0.0290118510267787,0.037));
#16914=CARTESIAN_POINT('',(0.02,-0.0290118510267787,0.037));
#16915=CARTESIAN_POINT('',(0.02325,-0.0290118510267787,0.037));
#16916=CARTESIAN_POINT('',(0.02325,-0.0290118510267787,0.035));
#16917=CARTESIAN_POINT('',(0.015125,-0.0318264335890781,0.035));
#16918=CARTESIAN_POINT('',(0.0135,-0.0346410161513775,0.035));
#16919=CARTESIAN_POINT('',(0.0135,-0.0346410161513775,0.037));
#16920=CARTESIAN_POINT('',(0.015125,-0.0318264335890781,0.037));
#16921=CARTESIAN_POINT('',(0.014375,-0.0331254716947548,0.037));
#16922=CARTESIAN_POINT('',(0.014375,-0.0331254716947548,0.038));
#16923=CARTESIAN_POINT('',(0.014375,-0.0331254716947548,0.038));
#16924=CARTESIAN_POINT('',(0.015125,-0.0318264335890781,0.038));
#16925=CARTESIAN_POINT('',(0.015875,-0.0305273954834015,0.038));
#16926=CARTESIAN_POINT('',(0.015875,-0.0305273954834015,0.038));
#16927=CARTESIAN_POINT('',(0.015875,-0.0305273954834015,0.037));
#16928=CARTESIAN_POINT('',(0.015125,-0.0318264335890781,0.037));
#16929=CARTESIAN_POINT('',(0.015125,-0.037455598713677,0.035));
#16930=CARTESIAN_POINT('',(0.01675,-0.0402701812759764,0.035));
#16931=CARTESIAN_POINT('',(0.01675,-0.0402701812759764,0.037));
#16932=CARTESIAN_POINT('',(0.015125,-0.037455598713677,0.037));
#16933=CARTESIAN_POINT('',(0.015875,-0.0387546368193536,0.037));
#16934=CARTESIAN_POINT('',(0.015875,-0.0387546368193536,0.038));
#16935=CARTESIAN_POINT('',(0.015875,-0.0387546368193536,0.038));
#16936=CARTESIAN_POINT('',(0.015125,-0.037455598713677,0.038));
#16937=CARTESIAN_POINT('',(0.014375,-0.0361565606080003,0.038));
#16938=CARTESIAN_POINT('',(0.014375,-0.0361565606080003,0.038));
#16939=CARTESIAN_POINT('',(0.014375,-0.0361565606080003,0.037));
#16940=CARTESIAN_POINT('',(0.015125,-0.037455598713677,0.037));
#16941=CARTESIAN_POINT('',(0.02,-0.0402701812759764,0.035));
#16942=CARTESIAN_POINT('',(0.02325,-0.0402701812759764,0.035));
#16943=CARTESIAN_POINT('',(0.02325,-0.0402701812759764,0.037));
#16944=CARTESIAN_POINT('',(0.02,-0.0402701812759764,0.037));
#16945=CARTESIAN_POINT('',(0.0215,-0.0402701812759764,0.037));
#16946=CARTESIAN_POINT('',(0.0215,-0.0402701812759764,0.038));
#16947=CARTESIAN_POINT('',(0.0215,-0.0402701812759764,0.038));
#16948=CARTESIAN_POINT('',(0.02,-0.0402701812759764,0.038));
#16949=CARTESIAN_POINT('',(0.0185,-0.0402701812759764,0.038));
#16950=CARTESIAN_POINT('',(0.0185,-0.0402701812759764,0.038));
#16951=CARTESIAN_POINT('',(0.0185,-0.0402701812759764,0.037));
#16952=CARTESIAN_POINT('',(0.02,-0.0402701812759764,0.037));
#16953=CARTESIAN_POINT('',(0.024875,-0.037455598713677,0.035));
#16954=CARTESIAN_POINT('',(0.0265,-0.0346410161513775,0.035));
#16955=CARTESIAN_POINT('',(0.0265,-0.0346410161513775,0.037));
#16956=CARTESIAN_POINT('',(0.024875,-0.037455598713677,0.037));
#16957=CARTESIAN_POINT('',(0.025625,-0.0361565606080003,0.037));
#16958=CARTESIAN_POINT('',(0.025625,-0.0361565606080003,0.038));
#16959=CARTESIAN_POINT('',(0.025625,-0.0361565606080003,0.038));
#16960=CARTESIAN_POINT('',(0.024875,-0.037455598713677,0.038));
#16961=CARTESIAN_POINT('',(0.024125,-0.0387546368193536,0.038));
#16962=CARTESIAN_POINT('',(0.024125,-0.0387546368193536,0.038));
#16963=CARTESIAN_POINT('',(0.024125,-0.0387546368193536,0.037));
#16964=CARTESIAN_POINT('',(0.024875,-0.037455598713677,0.037));
#16965=CARTESIAN_POINT('',(0.024875,-0.0318264335890781,0.035));
#16966=CARTESIAN_POINT('',(0.024875,-0.0318264335890781,0.037));
#16967=CARTESIAN_POINT('',(0.024125,-0.0305273954834015,0.037));
#16968=CARTESIAN_POINT('',(0.024125,-0.0305273954834015,0.038));
#16969=CARTESIAN_POINT('',(0.024125,-0.0305273954834015,0.038));
#16970=CARTESIAN_POINT('',(0.024875,-0.0318264335890781,0.038));
#16971=CARTESIAN_POINT('',(0.025625,-0.0331254716947548,0.038));
#16972=CARTESIAN_POINT('',(0.025625,-0.0331254716947548,0.038));
#16973=CARTESIAN_POINT('',(0.025625,-0.0331254716947548,0.037));
#16974=CARTESIAN_POINT('',(0.024875,-0.0318264335890781,0.037));
#16975=CARTESIAN_POINT('',(0.044875,0.00562916512459881,0.03));
#16976=CARTESIAN_POINT('',(0.0429450749997632,0.00510101953169069,0.0285489319093005));
#16977=CARTESIAN_POINT('',(0.04325,0.00562916512459882,0.03));
#16978=CARTESIAN_POINT('',(0.0370549250002369,0.00510101953169069,0.0285489319093005));
#16979=CARTESIAN_POINT('',(0.03675,0.00562916512459882,0.03));
#16980=CARTESIAN_POINT('',(0.04,0.00562916512459882,0.03));
#16981=CARTESIAN_POINT('',(0.035125,0.0028145825622994,0.03));
#16982=CARTESIAN_POINT('',(0.0337439400001895,-1.64798730217796E-17,0.0294195727637202));
#16983=CARTESIAN_POINT('',(0.0335,-3.46944695195361E-18,0.03));
#16984=CARTESIAN_POINT('',(0.035125,0.00281458256229939,0.03));
#16985=CARTESIAN_POINT('',(0.0375625,-0.00703645640574859,0.03));
#16986=CARTESIAN_POINT('',(0.0366890149999526,-0.00573479424318051,0.0302902136181399));
#16987=CARTESIAN_POINT('',(0.03675,-0.00562916512459888,0.03));
#16988=CARTESIAN_POINT('',(0.035125,-0.00281458256229944,0.03));
#16989=CARTESIAN_POINT('',(0.044875,-0.00562916512459888,0.03));
#16990=CARTESIAN_POINT('',(0.0433109850000474,-0.00573479424318051,0.0302902136181399));
#16991=CARTESIAN_POINT('',(0.04325,-0.00562916512459888,0.03));
#16992=CARTESIAN_POINT('',(0.04,-0.00562916512459888,0.03));
#16993=CARTESIAN_POINT('',(0.044875,-0.00281458256229945,0.03));
#16994=CARTESIAN_POINT('',(0.0462560599998106,-3.68628738645072E-17,0.0294195727637202));
#16995=CARTESIAN_POINT('',(0.0465,-3.73481723810432E-17,0.03));
#16996=CARTESIAN_POINT('',(0.044875,-0.00281458256229945,0.03));
#16997=CARTESIAN_POINT('',(0.0473125,-0.00140729128114975,0.03));
#16998=CARTESIAN_POINT('',(0.044875,0.00281458256229939,0.03));
#16999=CARTESIAN_POINT('',(0.035125,0.00281458256229939,0.035));
#17000=CARTESIAN_POINT('',(0.0335,-3.46944695195361E-18,0.035));
#17001=CARTESIAN_POINT('',(0.0335,-3.46944695195361E-18,0.037));
#17002=CARTESIAN_POINT('',(0.035125,0.00281458256229939,0.037));
#17003=CARTESIAN_POINT('',(0.034375,0.00151554445662275,0.037));
#17004=CARTESIAN_POINT('',(0.034375,0.00151554445662275,0.038));
#17005=CARTESIAN_POINT('',(0.034375,0.00151554445662275,0.038));
#17006=CARTESIAN_POINT('',(0.035125,0.0028145825622994,0.038));
#17007=CARTESIAN_POINT('',(0.035875,0.00411362066797606,0.038));
#17008=CARTESIAN_POINT('',(0.035875,0.00411362066797606,0.038));
#17009=CARTESIAN_POINT('',(0.035875,0.00411362066797606,0.037));
#17010=CARTESIAN_POINT('',(0.035125,0.00281458256229939,0.037));
#17011=CARTESIAN_POINT('',(0.03675,0.00562916512459883,0.037));
#17012=CARTESIAN_POINT('',(0.03675,0.00562916512459883,0.035));
#17013=CARTESIAN_POINT('',(0.035125,-0.00281458256229944,0.035));
#17014=CARTESIAN_POINT('',(0.03675,-0.00562916512459888,0.035));
#17015=CARTESIAN_POINT('',(0.03675,-0.00562916512459888,0.037));
#17016=CARTESIAN_POINT('',(0.035125,-0.00281458256229944,0.037));
#17017=CARTESIAN_POINT('',(0.035875,-0.00411362066797611,0.037));
#17018=CARTESIAN_POINT('',(0.035875,-0.00411362066797611,0.038));
#17019=CARTESIAN_POINT('',(0.035875,-0.00411362066797611,0.038));
#17020=CARTESIAN_POINT('',(0.035125,-0.00281458256229945,0.038));
#17021=CARTESIAN_POINT('',(0.034375,-0.0015155444566228,0.038));
#17022=CARTESIAN_POINT('',(0.034375,-0.0015155444566228,0.038));
#17023=CARTESIAN_POINT('',(0.034375,-0.0015155444566228,0.037));
#17024=CARTESIAN_POINT('',(0.035125,-0.00281458256229944,0.037));
#17025=CARTESIAN_POINT('',(0.04,-0.00562916512459888,0.035));
#17026=CARTESIAN_POINT('',(0.04325,-0.00562916512459889,0.035));
#17027=CARTESIAN_POINT('',(0.04325,-0.00562916512459889,0.037));
#17028=CARTESIAN_POINT('',(0.04,-0.00562916512459888,0.037));
#17029=CARTESIAN_POINT('',(0.0415,-0.00562916512459888,0.037));
#17030=CARTESIAN_POINT('',(0.0415,-0.00562916512459888,0.038));
#17031=CARTESIAN_POINT('',(0.0415,-0.00562916512459888,0.038));
#17032=CARTESIAN_POINT('',(0.04,-0.00562916512459888,0.038));
#17033=CARTESIAN_POINT('',(0.0385,-0.00562916512459888,0.038));
#17034=CARTESIAN_POINT('',(0.0385,-0.00562916512459888,0.038));
#17035=CARTESIAN_POINT('',(0.0385,-0.00562916512459888,0.037));
#17036=CARTESIAN_POINT('',(0.04,-0.00562916512459888,0.037));
#17037=CARTESIAN_POINT('',(0.044875,-0.00281458256229945,0.035));
#17038=CARTESIAN_POINT('',(0.0465,-3.46944695195361E-17,0.035));
#17039=CARTESIAN_POINT('',(0.0465,-3.46944695195361E-17,0.037));
#17040=CARTESIAN_POINT('',(0.044875,-0.00281458256229945,0.037));
#17041=CARTESIAN_POINT('',(0.045625,-0.00151554445662281,0.037));
#17042=CARTESIAN_POINT('',(0.045625,-0.00151554445662281,0.038));
#17043=CARTESIAN_POINT('',(0.045625,-0.00151554445662281,0.038));
#17044=CARTESIAN_POINT('',(0.044875,-0.00281458256229945,0.038));
#17045=CARTESIAN_POINT('',(0.044125,-0.00411362066797612,0.038));
#17046=CARTESIAN_POINT('',(0.044125,-0.00411362066797612,0.038));
#17047=CARTESIAN_POINT('',(0.044125,-0.00411362066797612,0.037));
#17048=CARTESIAN_POINT('',(0.044875,-0.00281458256229945,0.037));
#17049=CARTESIAN_POINT('',(0.044875,0.00281458256229939,0.035));
#17050=CARTESIAN_POINT('',(0.04325,0.00562916512459882,0.035));
#17051=CARTESIAN_POINT('',(0.04325,0.00562916512459882,0.037));
#17052=CARTESIAN_POINT('',(0.044875,0.00281458256229939,0.037));
#17053=CARTESIAN_POINT('',(0.044125,0.00411362066797605,0.037));
#17054=CARTESIAN_POINT('',(0.044125,0.00411362066797605,0.038));
#17055=CARTESIAN_POINT('',(0.044125,0.00411362066797605,0.038));
#17056=CARTESIAN_POINT('',(0.044875,0.00281458256229939,0.038));
#17057=CARTESIAN_POINT('',(0.045625,0.00151554445662274,0.038));
#17058=CARTESIAN_POINT('',(0.045625,0.00151554445662274,0.038));
#17059=CARTESIAN_POINT('',(0.045625,0.00151554445662274,0.037));
#17060=CARTESIAN_POINT('',(0.044875,0.00281458256229939,0.037));
#17061=CARTESIAN_POINT('',(0.04,0.00562916512459882,0.035));
#17062=CARTESIAN_POINT('',(0.04,0.00562916512459882,0.037));
#17063=CARTESIAN_POINT('',(0.0385,0.00562916512459882,0.037));
#17064=CARTESIAN_POINT('',(0.0385,0.00562916512459882,0.038));
#17065=CARTESIAN_POINT('',(0.0385,0.00562916512459882,0.038));
#17066=CARTESIAN_POINT('',(0.04,0.00562916512459882,0.038));
#17067=CARTESIAN_POINT('',(0.0415,0.00562916512459882,0.038));
#17068=CARTESIAN_POINT('',(0.0415,0.00562916512459882,0.038));
#17069=CARTESIAN_POINT('',(0.0415,0.00562916512459882,0.037));
#17070=CARTESIAN_POINT('',(0.04,0.00562916512459882,0.037));
#17071=CARTESIAN_POINT('',(0.0175625,0.0416774725571261,0.03));
#17072=CARTESIAN_POINT('',(0.0170549250002368,0.0397420356830682,0.0285489319093005));
#17073=CARTESIAN_POINT('',(0.01675,0.0402701812759764,0.03));
#17074=CARTESIAN_POINT('',(0.0141098500004737,0.0346410161513775,0.0285489319093005));
#17075=CARTESIAN_POINT('',(0.0135,0.0346410161513775,0.03));
#17076=CARTESIAN_POINT('',(0.015125,0.037455598713677,0.03));
#17077=CARTESIAN_POINT('',(0.015125,0.0318264335890781,0.03));
#17078=CARTESIAN_POINT('',(0.0168719700000948,0.0292231092639419,0.0294195727637202));
#17079=CARTESIAN_POINT('',(0.01675,0.0290118510267787,0.03));
#17080=CARTESIAN_POINT('',(0.015125,0.0318264335890781,0.03));
#17081=CARTESIAN_POINT('',(0.024875,0.0290118510267787,0.03));
#17082=CARTESIAN_POINT('',(0.0233109850000474,0.0289062219081971,0.0302902136181399));
#17083=CARTESIAN_POINT('',(0.02325,0.0290118510267787,0.03));
#17084=CARTESIAN_POINT('',(0.02,0.0290118510267787,0.03));
#17085=CARTESIAN_POINT('',(0.0273125,0.0360483074325273,0.03));
#17086=CARTESIAN_POINT('',(0.0266219700000947,0.0346410161513775,0.0302902136181399));
#17087=CARTESIAN_POINT('',(0.0265,0.0346410161513775,0.03));
#17088=CARTESIAN_POINT('',(0.024875,0.0318264335890781,0.03));
#17089=CARTESIAN_POINT('',(0.024875,0.037455598713677,0.03));
#17090=CARTESIAN_POINT('',(0.0231280299999053,0.0400589230388132,0.0294195727637202));
#17091=CARTESIAN_POINT('',(0.02325,0.0402701812759764,0.03));
#17092=CARTESIAN_POINT('',(0.024875,0.037455598713677,0.03));
#17093=CARTESIAN_POINT('',(0.024875,0.0402701812759764,0.03));
#17094=CARTESIAN_POINT('',(0.02,0.0402701812759764,0.03));
#17095=CARTESIAN_POINT('',(0.015125,0.0318264335890781,0.035));
#17096=CARTESIAN_POINT('',(0.01675,0.0290118510267787,0.035));
#17097=CARTESIAN_POINT('',(0.01675,0.0290118510267787,0.037));
#17098=CARTESIAN_POINT('',(0.015125,0.0318264335890781,0.037));
#17099=CARTESIAN_POINT('',(0.015875,0.0305273954834014,0.037));
#17100=CARTESIAN_POINT('',(0.015875,0.0305273954834014,0.038));
#17101=CARTESIAN_POINT('',(0.015875,0.0305273954834014,0.038));
#17102=CARTESIAN_POINT('',(0.015125,0.0318264335890781,0.038));
#17103=CARTESIAN_POINT('',(0.014375,0.0331254716947548,0.038));
#17104=CARTESIAN_POINT('',(0.014375,0.0331254716947548,0.038));
#17105=CARTESIAN_POINT('',(0.014375,0.0331254716947548,0.037));
#17106=CARTESIAN_POINT('',(0.015125,0.0318264335890781,0.037));
#17107=CARTESIAN_POINT('',(0.0135,0.0346410161513775,0.037));
#17108=CARTESIAN_POINT('',(0.0135,0.0346410161513775,0.035));
#17109=CARTESIAN_POINT('',(0.02,0.0290118510267787,0.035));
#17110=CARTESIAN_POINT('',(0.02325,0.0290118510267787,0.035));
#17111=CARTESIAN_POINT('',(0.02325,0.0290118510267787,0.037));
#17112=CARTESIAN_POINT('',(0.02,0.0290118510267787,0.037));
#17113=CARTESIAN_POINT('',(0.0215,0.0290118510267787,0.037));
#17114=CARTESIAN_POINT('',(0.0215,0.0290118510267787,0.038));
#17115=CARTESIAN_POINT('',(0.0215,0.0290118510267787,0.038));
#17116=CARTESIAN_POINT('',(0.02,0.0290118510267787,0.038));
#17117=CARTESIAN_POINT('',(0.0185,0.0290118510267787,0.038));
#17118=CARTESIAN_POINT('',(0.0185,0.0290118510267787,0.038));
#17119=CARTESIAN_POINT('',(0.0185,0.0290118510267787,0.037));
#17120=CARTESIAN_POINT('',(0.02,0.0290118510267787,0.037));
#17121=CARTESIAN_POINT('',(0.024875,0.0318264335890781,0.035));
#17122=CARTESIAN_POINT('',(0.0265,0.0346410161513775,0.035));
#17123=CARTESIAN_POINT('',(0.0265,0.0346410161513775,0.037));
#17124=CARTESIAN_POINT('',(0.024875,0.0318264335890781,0.037));
#17125=CARTESIAN_POINT('',(0.025625,0.0331254716947548,0.037));
#17126=CARTESIAN_POINT('',(0.025625,0.0331254716947548,0.038));
#17127=CARTESIAN_POINT('',(0.025625,0.0331254716947548,0.038));
#17128=CARTESIAN_POINT('',(0.024875,0.0318264335890781,0.038));
#17129=CARTESIAN_POINT('',(0.024125,0.0305273954834014,0.038));
#17130=CARTESIAN_POINT('',(0.024125,0.0305273954834014,0.038));
#17131=CARTESIAN_POINT('',(0.024125,0.0305273954834014,0.037));
#17132=CARTESIAN_POINT('',(0.024875,0.0318264335890781,0.037));
#17133=CARTESIAN_POINT('',(0.024875,0.037455598713677,0.035));
#17134=CARTESIAN_POINT('',(0.02325,0.0402701812759764,0.035));
#17135=CARTESIAN_POINT('',(0.02325,0.0402701812759764,0.037));
#17136=CARTESIAN_POINT('',(0.024875,0.037455598713677,0.037));
#17137=CARTESIAN_POINT('',(0.024125,0.0387546368193536,0.037));
#17138=CARTESIAN_POINT('',(0.024125,0.0387546368193536,0.038));
#17139=CARTESIAN_POINT('',(0.024125,0.0387546368193536,0.038));
#17140=CARTESIAN_POINT('',(0.024875,0.037455598713677,0.038));
#17141=CARTESIAN_POINT('',(0.025625,0.0361565606080003,0.038));
#17142=CARTESIAN_POINT('',(0.025625,0.0361565606080003,0.038));
#17143=CARTESIAN_POINT('',(0.025625,0.0361565606080003,0.037));
#17144=CARTESIAN_POINT('',(0.024875,0.037455598713677,0.037));
#17145=CARTESIAN_POINT('',(0.02,0.0402701812759764,0.035));
#17146=CARTESIAN_POINT('',(0.01675,0.0402701812759764,0.035));
#17147=CARTESIAN_POINT('',(0.01675,0.0402701812759764,0.037));
#17148=CARTESIAN_POINT('',(0.02,0.0402701812759764,0.037));
#17149=CARTESIAN_POINT('',(0.0185,0.0402701812759764,0.037));
#17150=CARTESIAN_POINT('',(0.0185,0.0402701812759764,0.038));
#17151=CARTESIAN_POINT('',(0.0185,0.0402701812759764,0.038));
#17152=CARTESIAN_POINT('',(0.02,0.0402701812759764,0.038));
#17153=CARTESIAN_POINT('',(0.0215,0.0402701812759764,0.038));
#17154=CARTESIAN_POINT('',(0.0215,0.0402701812759764,0.038));
#17155=CARTESIAN_POINT('',(0.0215,0.0402701812759764,0.037));
#17156=CARTESIAN_POINT('',(0.02,0.0402701812759764,0.037));
#17157=CARTESIAN_POINT('',(0.015125,0.037455598713677,0.035));
#17158=CARTESIAN_POINT('',(0.015125,0.037455598713677,0.037));
#17159=CARTESIAN_POINT('',(0.014375,0.0361565606080003,0.037));
#17160=CARTESIAN_POINT('',(0.014375,0.0361565606080003,0.038));
#17161=CARTESIAN_POINT('',(0.014375,0.0361565606080003,0.038));
#17162=CARTESIAN_POINT('',(0.015125,0.037455598713677,0.038));
#17163=CARTESIAN_POINT('',(0.015875,0.0387546368193536,0.038));
#17164=CARTESIAN_POINT('',(0.015875,0.0387546368193536,0.038));
#17165=CARTESIAN_POINT('',(0.015875,0.0387546368193536,0.037));
#17166=CARTESIAN_POINT('',(0.015125,0.037455598713677,0.037));
#17167=CARTESIAN_POINT('',(-0.0215,0.0395201812759764,0.038));
#17168=CARTESIAN_POINT('',(-0.0215,0.0395201812759764,0.037));
#17169=CARTESIAN_POINT('',(-0.0215,0.0387701812759764,0.037));
#17170=CARTESIAN_POINT('',(-0.0215,0.0387701812759764,0.038));
#17171=CARTESIAN_POINT('',(-0.0215,0.0387701812759764,0.038));
#17172=CARTESIAN_POINT('',(-0.0215,0.0395201812759764,0.038));
#17173=CARTESIAN_POINT('',(-0.02,0.0387701812759764,0.038));
#17174=CARTESIAN_POINT('',(-0.0185,0.0387701812759764,0.037));
#17175=CARTESIAN_POINT('',(-0.0185,0.0387701812759764,0.037));
#17176=CARTESIAN_POINT('',(-0.0185,0.0387701812759764,0.038));
#17177=CARTESIAN_POINT('',(-0.0185,0.0387701812759764,0.038));
#17178=CARTESIAN_POINT('',(-0.02,0.0387701812759764,0.038));
#17179=CARTESIAN_POINT('',(-0.0215,0.0387701812759764,0.037));
#17180=CARTESIAN_POINT('',(-0.0185,0.0395201812759764,0.038));
#17181=CARTESIAN_POINT('',(-0.0185,0.0395201812759764,0.037));
#17182=CARTESIAN_POINT('',(-0.0185,0.0395201812759764,0.038));
#17183=CARTESIAN_POINT('',(-0.02,0.0346410161513775,0.038));
#17184=CARTESIAN_POINT('',(-0.0249754809471616,0.0357815606080003,0.038));
#17185=CARTESIAN_POINT('',(-0.0249754809471616,0.0357815606080003,0.037));
#17186=CARTESIAN_POINT('',(-0.0243259618943234,0.0354065606080003,0.037));
#17187=CARTESIAN_POINT('',(-0.0243259618943234,0.0354065606080003,0.038));
#17188=CARTESIAN_POINT('',(-0.0243259618943234,0.0354065606080003,0.038));
#17189=CARTESIAN_POINT('',(-0.0249754809471616,0.0357815606080003,0.038));
#17190=CARTESIAN_POINT('',(-0.0235759618943234,0.036705598713677,0.038));
#17191=CARTESIAN_POINT('',(-0.0228259618943234,0.0380046368193536,0.037));
#17192=CARTESIAN_POINT('',(-0.0228259618943234,0.0380046368193536,0.037));
#17193=CARTESIAN_POINT('',(-0.0228259618943234,0.0380046368193536,0.038));
#17194=CARTESIAN_POINT('',(-0.0228259618943234,0.0380046368193536,0.038));
#17195=CARTESIAN_POINT('',(-0.0235759618943234,0.036705598713677,0.038));
#17196=CARTESIAN_POINT('',(-0.0243259618943234,0.0354065606080003,0.037));
#17197=CARTESIAN_POINT('',(-0.0234754809471617,0.0383796368193536,0.038));
#17198=CARTESIAN_POINT('',(-0.0234754809471617,0.0383796368193536,0.037));
#17199=CARTESIAN_POINT('',(-0.0234754809471617,0.0383796368193536,0.038));
#17200=CARTESIAN_POINT('',(-0.02,0.0346410161513775,0.038));
#17201=CARTESIAN_POINT('',(-0.0234754809471617,0.0309023954834015,0.038));
#17202=CARTESIAN_POINT('',(-0.0234754809471617,0.0309023954834015,0.037));
#17203=CARTESIAN_POINT('',(-0.0228259618943234,0.0312773954834015,0.037));
#17204=CARTESIAN_POINT('',(-0.0228259618943234,0.0312773954834015,0.038));
#17205=CARTESIAN_POINT('',(-0.0228259618943234,0.0312773954834015,0.038));
#17206=CARTESIAN_POINT('',(-0.0234754809471617,0.0309023954834015,0.038));
#17207=CARTESIAN_POINT('',(-0.0235759618943234,0.0325764335890781,0.038));
#17208=CARTESIAN_POINT('',(-0.0243259618943234,0.0338754716947548,0.037));
#17209=CARTESIAN_POINT('',(-0.0243259618943234,0.0338754716947548,0.037));
#17210=CARTESIAN_POINT('',(-0.0243259618943234,0.0338754716947548,0.038));
#17211=CARTESIAN_POINT('',(-0.0243259618943234,0.0338754716947548,0.038));
#17212=CARTESIAN_POINT('',(-0.0235759618943234,0.0325764335890781,0.038));
#17213=CARTESIAN_POINT('',(-0.0228259618943234,0.0312773954834015,0.037));
#17214=CARTESIAN_POINT('',(-0.0249754809471616,0.0335004716947548,0.038));
#17215=CARTESIAN_POINT('',(-0.0249754809471616,0.0335004716947548,0.037));
#17216=CARTESIAN_POINT('',(-0.0249754809471616,0.0335004716947548,0.038));
#17217=CARTESIAN_POINT('',(-0.02,0.0346410161513775,0.038));
#17218=CARTESIAN_POINT('',(-0.0185,0.0297618510267787,0.038));
#17219=CARTESIAN_POINT('',(-0.0185,0.0297618510267787,0.037));
#17220=CARTESIAN_POINT('',(-0.0185,0.0305118510267787,0.037));
#17221=CARTESIAN_POINT('',(-0.0185,0.0305118510267787,0.038));
#17222=CARTESIAN_POINT('',(-0.0185,0.0305118510267787,0.038));
#17223=CARTESIAN_POINT('',(-0.0185,0.0297618510267787,0.038));
#17224=CARTESIAN_POINT('',(-0.02,0.0305118510267787,0.038));
#17225=CARTESIAN_POINT('',(-0.0215,0.0305118510267787,0.037));
#17226=CARTESIAN_POINT('',(-0.0215,0.0305118510267787,0.037));
#17227=CARTESIAN_POINT('',(-0.0215,0.0305118510267787,0.038));
#17228=CARTESIAN_POINT('',(-0.0215,0.0305118510267787,0.038));
#17229=CARTESIAN_POINT('',(-0.02,0.0305118510267787,0.038));
#17230=CARTESIAN_POINT('',(-0.0185,0.0305118510267787,0.037));
#17231=CARTESIAN_POINT('',(-0.0215,0.0297618510267787,0.038));
#17232=CARTESIAN_POINT('',(-0.0215,0.0297618510267787,0.037));
#17233=CARTESIAN_POINT('',(-0.0215,0.0297618510267787,0.038));
#17234=CARTESIAN_POINT('',(-0.02,0.0346410161513775,0.038));
#17235=CARTESIAN_POINT('',(-0.0150245190528384,0.0335004716947548,0.038));
#17236=CARTESIAN_POINT('',(-0.0150245190528384,0.0335004716947548,0.037));
#17237=CARTESIAN_POINT('',(-0.0156740381056766,0.0338754716947548,0.037));
#17238=CARTESIAN_POINT('',(-0.0156740381056766,0.0338754716947548,0.038));
#17239=CARTESIAN_POINT('',(-0.0156740381056766,0.0338754716947548,0.038));
#17240=CARTESIAN_POINT('',(-0.0150245190528384,0.0335004716947548,0.038));
#17241=CARTESIAN_POINT('',(-0.0164240381056766,0.0325764335890781,0.038));
#17242=CARTESIAN_POINT('',(-0.0171740381056767,0.0312773954834015,0.037));
#17243=CARTESIAN_POINT('',(-0.0171740381056767,0.0312773954834015,0.037));
#17244=CARTESIAN_POINT('',(-0.0171740381056767,0.0312773954834015,0.038));
#17245=CARTESIAN_POINT('',(-0.0171740381056767,0.0312773954834015,0.038));
#17246=CARTESIAN_POINT('',(-0.0164240381056766,0.0325764335890781,0.038));
#17247=CARTESIAN_POINT('',(-0.0156740381056766,0.0338754716947548,0.037));
#17248=CARTESIAN_POINT('',(-0.0165245190528383,0.0309023954834014,0.038));
#17249=CARTESIAN_POINT('',(-0.0165245190528383,0.0309023954834014,0.037));
#17250=CARTESIAN_POINT('',(-0.0165245190528383,0.0309023954834014,0.038));
#17251=CARTESIAN_POINT('',(-0.02,0.0346410161513775,0.038));
#17252=CARTESIAN_POINT('',(-0.0165245190528383,0.0383796368193536,0.038));
#17253=CARTESIAN_POINT('',(-0.0165245190528383,0.0383796368193536,0.037));
#17254=CARTESIAN_POINT('',(-0.0171740381056767,0.0380046368193536,0.037));
#17255=CARTESIAN_POINT('',(-0.0171740381056767,0.0380046368193536,0.038));
#17256=CARTESIAN_POINT('',(-0.0171740381056767,0.0380046368193536,0.038));
#17257=CARTESIAN_POINT('',(-0.0165245190528383,0.0383796368193536,0.038));
#17258=CARTESIAN_POINT('',(-0.0164240381056766,0.036705598713677,0.038));
#17259=CARTESIAN_POINT('',(-0.0156740381056766,0.0354065606080003,0.037));
#17260=CARTESIAN_POINT('',(-0.0156740381056766,0.0354065606080003,0.037));
#17261=CARTESIAN_POINT('',(-0.0156740381056766,0.0354065606080003,0.038));
#17262=CARTESIAN_POINT('',(-0.0156740381056766,0.0354065606080003,0.038));
#17263=CARTESIAN_POINT('',(-0.0164240381056766,0.036705598713677,0.038));
#17264=CARTESIAN_POINT('',(-0.0171740381056767,0.0380046368193536,0.037));
#17265=CARTESIAN_POINT('',(-0.0150245190528384,0.0357815606080003,0.038));
#17266=CARTESIAN_POINT('',(-0.0150245190528384,0.0357815606080003,0.037));
#17267=CARTESIAN_POINT('',(-0.0150245190528384,0.0357815606080003,0.038));
#17268=CARTESIAN_POINT('',(-0.02,0.0346410161513775,0.038));
#17269=CARTESIAN_POINT('',(-0.0156740381056766,0.0346410161513775,0.037));
#17270=CARTESIAN_POINT('',(-0.0156740381056766,0.0346410161513775,0.037));
#17271=CARTESIAN_POINT('',(-0.02,0.0346410161513775,0.037));
#17272=CARTESIAN_POINT('',(-0.0178370190528383,0.038387409047665,0.037));
#17273=CARTESIAN_POINT('',(-0.0178370190528383,0.038387409047665,0.037));
#17274=CARTESIAN_POINT('',(-0.02,0.0346410161513775,0.037));
#17275=CARTESIAN_POINT('',(-0.0178370190528384,0.0308946232550901,0.037));
#17276=CARTESIAN_POINT('',(-0.0178370190528384,0.0308946232550901,0.037));
#17277=CARTESIAN_POINT('',(-0.02,0.0346410161513775,0.037));
#17278=CARTESIAN_POINT('',(-0.0221629809471616,0.0308946232550901,0.037));
#17279=CARTESIAN_POINT('',(-0.0221629809471616,0.0308946232550901,0.037));
#17280=CARTESIAN_POINT('',(-0.02,0.0346410161513775,0.037));
#17281=CARTESIAN_POINT('',(-0.0243259618943234,0.0346410161513775,0.037));
#17282=CARTESIAN_POINT('',(-0.0243259618943234,0.0346410161513775,0.037));
#17283=CARTESIAN_POINT('',(-0.02,0.0346410161513775,0.037));
#17284=CARTESIAN_POINT('',(-0.0221629809471616,0.038387409047665,0.037));
#17285=CARTESIAN_POINT('',(-0.0221629809471616,0.038387409047665,0.037));
#17286=CARTESIAN_POINT('',(-0.02,0.0346410161513775,0.037));
#17287=CARTESIAN_POINT('',(0.0150245190528384,0.0335004716947548,0.038));
#17288=CARTESIAN_POINT('',(0.0150245190528384,0.0335004716947548,0.037));
#17289=CARTESIAN_POINT('',(0.0156740381056767,0.0338754716947548,0.037));
#17290=CARTESIAN_POINT('',(0.0150245190528384,0.0335004716947548,0.038));
#17291=CARTESIAN_POINT('',(0.0156740381056767,0.0338754716947548,0.038));
#17292=CARTESIAN_POINT('',(0.0156740381056767,0.0338754716947548,0.038));
#17293=CARTESIAN_POINT('',(0.02,0.0346410161513775,0.038));
#17294=CARTESIAN_POINT('',(0.0165245190528383,0.0309023954834014,0.038));
#17295=CARTESIAN_POINT('',(0.0171740381056767,0.0312773954834015,0.038));
#17296=CARTESIAN_POINT('',(0.0164240381056767,0.0325764335890781,0.038));
#17297=CARTESIAN_POINT('',(0.0165245190528383,0.0309023954834014,0.038));
#17298=CARTESIAN_POINT('',(0.0165245190528383,0.0309023954834014,0.037));
#17299=CARTESIAN_POINT('',(0.0171740381056767,0.0312773954834015,0.037));
#17300=CARTESIAN_POINT('',(0.0171740381056767,0.0312773954834015,0.038));
#17301=CARTESIAN_POINT('',(0.02,0.0346410161513775,0.037));
#17302=CARTESIAN_POINT('',(0.0185,0.0297618510267787,0.037));
#17303=CARTESIAN_POINT('',(0.0185,0.0305118510267787,0.037));
#17304=CARTESIAN_POINT('',(0.0178370190528384,0.03089462325509,0.037));
#17305=CARTESIAN_POINT('',(0.0185,0.0297618510267787,0.038));
#17306=CARTESIAN_POINT('',(0.0185,0.0297618510267787,0.038));
#17307=CARTESIAN_POINT('',(0.0185,0.0305118510267787,0.038));
#17308=CARTESIAN_POINT('',(0.0185,0.0305118510267787,0.038));
#17309=CARTESIAN_POINT('',(0.02,0.0346410161513775,0.038));
#17310=CARTESIAN_POINT('',(0.0215,0.0297618510267787,0.038));
#17311=CARTESIAN_POINT('',(0.0215,0.0305118510267787,0.038));
#17312=CARTESIAN_POINT('',(0.02,0.0305118510267787,0.038));
#17313=CARTESIAN_POINT('',(0.0215,0.0297618510267787,0.038));
#17314=CARTESIAN_POINT('',(0.0215,0.0297618510267787,0.037));
#17315=CARTESIAN_POINT('',(0.0215,0.0305118510267787,0.037));
#17316=CARTESIAN_POINT('',(0.0215,0.0305118510267787,0.038));
#17317=CARTESIAN_POINT('',(0.02,0.0346410161513775,0.037));
#17318=CARTESIAN_POINT('',(0.0234754809471617,0.0309023954834014,0.037));
#17319=CARTESIAN_POINT('',(0.0228259618943234,0.0312773954834015,0.037));
#17320=CARTESIAN_POINT('',(0.0221629809471617,0.03089462325509,0.037));
#17321=CARTESIAN_POINT('',(0.0234754809471617,0.0309023954834014,0.038));
#17322=CARTESIAN_POINT('',(0.0234754809471617,0.0309023954834014,0.038));
#17323=CARTESIAN_POINT('',(0.0228259618943234,0.0312773954834015,0.038));
#17324=CARTESIAN_POINT('',(0.0228259618943234,0.0312773954834015,0.038));
#17325=CARTESIAN_POINT('',(0.02,0.0346410161513775,0.038));
#17326=CARTESIAN_POINT('',(0.0249754809471617,0.0335004716947548,0.038));
#17327=CARTESIAN_POINT('',(0.0243259618943234,0.0338754716947548,0.038));
#17328=CARTESIAN_POINT('',(0.0235759618943234,0.0325764335890781,0.038));
#17329=CARTESIAN_POINT('',(0.0249754809471617,0.0335004716947548,0.038));
#17330=CARTESIAN_POINT('',(0.0249754809471617,0.0335004716947548,0.037));
#17331=CARTESIAN_POINT('',(0.0243259618943234,0.0338754716947548,0.037));
#17332=CARTESIAN_POINT('',(0.0243259618943234,0.0338754716947548,0.038));
#17333=CARTESIAN_POINT('',(0.02,0.0346410161513775,0.037));
#17334=CARTESIAN_POINT('',(0.0249754809471617,0.0357815606080003,0.037));
#17335=CARTESIAN_POINT('',(0.0243259618943234,0.0354065606080003,0.037));
#17336=CARTESIAN_POINT('',(0.0243259618943234,0.0346410161513775,0.037));
#17337=CARTESIAN_POINT('',(0.0249754809471617,0.0357815606080003,0.038));
#17338=CARTESIAN_POINT('',(0.0249754809471617,0.0357815606080003,0.038));
#17339=CARTESIAN_POINT('',(0.0243259618943234,0.0354065606080003,0.038));
#17340=CARTESIAN_POINT('',(0.0243259618943234,0.0354065606080003,0.038));
#17341=CARTESIAN_POINT('',(0.02,0.0346410161513775,0.038));
#17342=CARTESIAN_POINT('',(0.0234754809471617,0.0383796368193536,0.038));
#17343=CARTESIAN_POINT('',(0.0228259618943234,0.0380046368193536,0.038));
#17344=CARTESIAN_POINT('',(0.0235759618943234,0.0367055987136769,0.038));
#17345=CARTESIAN_POINT('',(0.0234754809471617,0.0383796368193536,0.038));
#17346=CARTESIAN_POINT('',(0.0234754809471617,0.0383796368193536,0.037));
#17347=CARTESIAN_POINT('',(0.0228259618943234,0.0380046368193536,0.037));
#17348=CARTESIAN_POINT('',(0.0228259618943234,0.0380046368193536,0.038));
#17349=CARTESIAN_POINT('',(0.02,0.0346410161513775,0.037));
#17350=CARTESIAN_POINT('',(0.0215,0.0395201812759764,0.037));
#17351=CARTESIAN_POINT('',(0.0215,0.0387701812759764,0.037));
#17352=CARTESIAN_POINT('',(0.0221629809471617,0.038387409047665,0.037));
#17353=CARTESIAN_POINT('',(0.0215,0.0395201812759764,0.038));
#17354=CARTESIAN_POINT('',(0.0215,0.0395201812759764,0.038));
#17355=CARTESIAN_POINT('',(0.0215,0.0387701812759764,0.038));
#17356=CARTESIAN_POINT('',(0.0215,0.0387701812759764,0.038));
#17357=CARTESIAN_POINT('',(0.02,0.0346410161513775,0.038));
#17358=CARTESIAN_POINT('',(0.0185,0.0395201812759764,0.038));
#17359=CARTESIAN_POINT('',(0.0185,0.0387701812759764,0.038));
#17360=CARTESIAN_POINT('',(0.02,0.0387701812759764,0.038));
#17361=CARTESIAN_POINT('',(0.0185,0.0395201812759764,0.038));
#17362=CARTESIAN_POINT('',(0.0185,0.0395201812759764,0.037));
#17363=CARTESIAN_POINT('',(0.0185,0.0387701812759764,0.037));
#17364=CARTESIAN_POINT('',(0.0185,0.0387701812759764,0.038));
#17365=CARTESIAN_POINT('',(0.02,0.0346410161513775,0.037));
#17366=CARTESIAN_POINT('',(0.0165245190528384,0.0383796368193536,0.037));
#17367=CARTESIAN_POINT('',(0.0171740381056767,0.0380046368193536,0.037));
#17368=CARTESIAN_POINT('',(0.0178370190528384,0.038387409047665,0.037));
#17369=CARTESIAN_POINT('',(0.0165245190528384,0.0383796368193536,0.038));
#17370=CARTESIAN_POINT('',(0.0165245190528384,0.0383796368193536,0.038));
#17371=CARTESIAN_POINT('',(0.0171740381056767,0.0380046368193536,0.038));
#17372=CARTESIAN_POINT('',(0.0171740381056767,0.0380046368193536,0.038));
#17373=CARTESIAN_POINT('',(0.02,0.0346410161513775,0.038));
#17374=CARTESIAN_POINT('',(0.0150245190528384,0.0357815606080003,0.038));
#17375=CARTESIAN_POINT('',(0.0156740381056767,0.0354065606080003,0.038));
#17376=CARTESIAN_POINT('',(0.0164240381056767,0.0367055987136769,0.038));
#17377=CARTESIAN_POINT('',(0.0150245190528384,0.0357815606080003,0.038));
#17378=CARTESIAN_POINT('',(0.0150245190528384,0.0357815606080003,0.037));
#17379=CARTESIAN_POINT('',(0.0156740381056767,0.0354065606080003,0.037));
#17380=CARTESIAN_POINT('',(0.0156740381056767,0.0354065606080003,0.038));
#17381=CARTESIAN_POINT('',(0.02,0.0305118510267787,0.038));
#17382=CARTESIAN_POINT('',(0.02,0.0305118510267787,0.035));
#17383=CARTESIAN_POINT('',(0.0215,0.0305118510267787,0.035));
#17384=CARTESIAN_POINT('',(0.0185,0.0305118510267787,0.035));
#17385=CARTESIAN_POINT('',(0.0185,0.0305118510267787,0.037));
#17386=CARTESIAN_POINT('',(0.0215,0.0305118510267787,0.037));
#17387=CARTESIAN_POINT('',(0.0178370190528384,0.03089462325509,0.037));
#17388=CARTESIAN_POINT('',(0.0178370190528384,0.03089462325509,0.035));
#17389=CARTESIAN_POINT('',(0.0171740381056767,0.0312773954834015,0.035));
#17390=CARTESIAN_POINT('',(0.0171740381056767,0.0312773954834015,0.037));
#17391=CARTESIAN_POINT('',(0.0164240381056767,0.0325764335890781,0.038));
#17392=CARTESIAN_POINT('',(0.0164240381056767,0.0325764335890781,0.035));
#17393=CARTESIAN_POINT('',(0.0156740381056767,0.0338754716947548,0.035));
#17394=CARTESIAN_POINT('',(0.0156740381056767,0.0338754716947548,0.037));
#17395=CARTESIAN_POINT('',(0.0156740381056767,0.0346410161513775,0.037));
#17396=CARTESIAN_POINT('',(0.0156740381056767,0.0346410161513775,0.035));
#17397=CARTESIAN_POINT('',(0.0156740381056767,0.0354065606080003,0.035));
#17398=CARTESIAN_POINT('',(0.0156740381056767,0.0354065606080003,0.037));
#17399=CARTESIAN_POINT('',(0.0156740381056767,0.0346410161513775,0.037));
#17400=CARTESIAN_POINT('',(0.0164240381056767,0.0367055987136769,0.038));
#17401=CARTESIAN_POINT('',(0.0164240381056767,0.0367055987136769,0.035));
#17402=CARTESIAN_POINT('',(0.0171740381056767,0.0380046368193536,0.035));
#17403=CARTESIAN_POINT('',(0.0171740381056767,0.0380046368193536,0.037));
#17404=CARTESIAN_POINT('',(0.0178370190528384,0.038387409047665,0.037));
#17405=CARTESIAN_POINT('',(0.0178370190528384,0.038387409047665,0.035));
#17406=CARTESIAN_POINT('',(0.0185,0.0387701812759764,0.035));
#17407=CARTESIAN_POINT('',(0.0185,0.0387701812759764,0.037));
#17408=CARTESIAN_POINT('',(0.02,0.0387701812759764,0.038));
#17409=CARTESIAN_POINT('',(0.02,0.0387701812759764,0.035));
#17410=CARTESIAN_POINT('',(0.0215,0.0387701812759764,0.035));
#17411=CARTESIAN_POINT('',(0.0215,0.0387701812759764,0.037));
#17412=CARTESIAN_POINT('',(0.0221629809471617,0.038387409047665,0.037));
#17413=CARTESIAN_POINT('',(0.0221629809471617,0.038387409047665,0.035));
#17414=CARTESIAN_POINT('',(0.0228259618943234,0.0380046368193536,0.035));
#17415=CARTESIAN_POINT('',(0.0228259618943234,0.0380046368193536,0.037));
#17416=CARTESIAN_POINT('',(0.0235759618943234,0.0367055987136769,0.038));
#17417=CARTESIAN_POINT('',(0.0235759618943234,0.0367055987136769,0.035));
#17418=CARTESIAN_POINT('',(0.0243259618943234,0.0354065606080003,0.035));
#17419=CARTESIAN_POINT('',(0.0243259618943234,0.0354065606080003,0.037));
#17420=CARTESIAN_POINT('',(0.0243259618943234,0.0346410161513775,0.037));
#17421=CARTESIAN_POINT('',(0.0243259618943234,0.0346410161513775,0.035));
#17422=CARTESIAN_POINT('',(0.0243259618943234,0.0338754716947548,0.035));
#17423=CARTESIAN_POINT('',(0.0243259618943234,0.0338754716947548,0.037));
#17424=CARTESIAN_POINT('',(0.0235759618943234,0.0325764335890781,0.038));
#17425=CARTESIAN_POINT('',(0.0235759618943234,0.0325764335890781,0.035));
#17426=CARTESIAN_POINT('',(0.0228259618943234,0.0312773954834015,0.035));
#17427=CARTESIAN_POINT('',(0.0228259618943234,0.0312773954834015,0.037));
#17428=CARTESIAN_POINT('',(0.0221629809471617,0.03089462325509,0.037));
#17429=CARTESIAN_POINT('',(0.0221629809471617,0.03089462325509,0.035));
#17430=CARTESIAN_POINT('',(0.02,0.0346410161513775,0.037));
#17431=CARTESIAN_POINT('',(0.0365245190528384,0.00373862066797606,0.038));
#17432=CARTESIAN_POINT('',(0.0365245190528384,0.00373862066797606,0.037));
#17433=CARTESIAN_POINT('',(0.0371740381056767,0.00336362066797606,0.037));
#17434=CARTESIAN_POINT('',(0.0365245190528384,0.00373862066797606,0.038));
#17435=CARTESIAN_POINT('',(0.0371740381056767,0.00336362066797606,0.038));
#17436=CARTESIAN_POINT('',(0.0371740381056767,0.00336362066797606,0.038));
#17437=CARTESIAN_POINT('',(0.04,-2.42861286636753E-17,0.038));
#17438=CARTESIAN_POINT('',(0.0350245190528383,0.00114054445662274,0.038));
#17439=CARTESIAN_POINT('',(0.0356740381056767,0.000765544456622743,0.038));
#17440=CARTESIAN_POINT('',(0.0364240381056766,0.0020645825622994,0.038));
#17441=CARTESIAN_POINT('',(0.0350245190528383,0.00114054445662274,0.038));
#17442=CARTESIAN_POINT('',(0.0350245190528383,0.00114054445662274,0.037));
#17443=CARTESIAN_POINT('',(0.0356740381056767,0.000765544456622743,0.037));
#17444=CARTESIAN_POINT('',(0.0356740381056767,0.000765544456622743,0.038));
#17445=CARTESIAN_POINT('',(0.04,-2.77555756156289E-17,0.037));
#17446=CARTESIAN_POINT('',(0.0350245190528383,-0.00114054445662279,0.037));
#17447=CARTESIAN_POINT('',(0.0356740381056766,-0.000765544456622792,0.037));
#17448=CARTESIAN_POINT('',(0.0356740381056766,-2.42861286636753E-17,0.037));
#17449=CARTESIAN_POINT('',(0.0350245190528383,-0.00114054445662279,0.038));
#17450=CARTESIAN_POINT('',(0.0350245190528383,-0.00114054445662279,0.038));
#17451=CARTESIAN_POINT('',(0.0356740381056766,-0.000765544456622792,0.038));
#17452=CARTESIAN_POINT('',(0.0356740381056766,-0.000765544456622792,0.038));
#17453=CARTESIAN_POINT('',(0.04,-2.77555756156289E-17,0.038));
#17454=CARTESIAN_POINT('',(0.0365245190528384,-0.00373862066797611,0.038));
#17455=CARTESIAN_POINT('',(0.0371740381056766,-0.0033636206679761,0.038));
#17456=CARTESIAN_POINT('',(0.0364240381056766,-0.00206458256229945,0.038));
#17457=CARTESIAN_POINT('',(0.0365245190528384,-0.00373862066797611,0.038));
#17458=CARTESIAN_POINT('',(0.0365245190528384,-0.00373862066797611,0.037));
#17459=CARTESIAN_POINT('',(0.0371740381056766,-0.0033636206679761,0.037));
#17460=CARTESIAN_POINT('',(0.0371740381056766,-0.0033636206679761,0.038));
#17461=CARTESIAN_POINT('',(0.04,-2.77555756156289E-17,0.037));
#17462=CARTESIAN_POINT('',(0.0385,-0.00487916512459888,0.037));
#17463=CARTESIAN_POINT('',(0.0385,-0.00412916512459888,0.037));
#17464=CARTESIAN_POINT('',(0.0378370190528384,-0.0037463928962875,0.037));
#17465=CARTESIAN_POINT('',(0.0385,-0.00487916512459888,0.038));
#17466=CARTESIAN_POINT('',(0.0385,-0.00487916512459888,0.038));
#17467=CARTESIAN_POINT('',(0.0385,-0.00412916512459888,0.038));
#17468=CARTESIAN_POINT('',(0.0385,-0.00412916512459888,0.038));
#17469=CARTESIAN_POINT('',(0.04,-3.12250225675825E-17,0.038));
#17470=CARTESIAN_POINT('',(0.0415,-0.00487916512459889,0.038));
#17471=CARTESIAN_POINT('',(0.0415,-0.00412916512459888,0.038));
#17472=CARTESIAN_POINT('',(0.04,-0.00412916512459888,0.038));
#17473=CARTESIAN_POINT('',(0.0415,-0.00487916512459889,0.038));
#17474=CARTESIAN_POINT('',(0.0415,-0.00487916512459889,0.037));
#17475=CARTESIAN_POINT('',(0.0415,-0.00412916512459888,0.037));
#17476=CARTESIAN_POINT('',(0.0415,-0.00412916512459888,0.038));
#17477=CARTESIAN_POINT('',(0.04,-2.77555756156289E-17,0.037));
#17478=CARTESIAN_POINT('',(0.0434754809471617,-0.00373862066797612,0.037));
#17479=CARTESIAN_POINT('',(0.0428259618943233,-0.00336362066797611,0.037));
#17480=CARTESIAN_POINT('',(0.0421629809471617,-0.0037463928962875,0.037));
#17481=CARTESIAN_POINT('',(0.0434754809471617,-0.00373862066797612,0.038));
#17482=CARTESIAN_POINT('',(0.0434754809471617,-0.00373862066797612,0.038));
#17483=CARTESIAN_POINT('',(0.0428259618943233,-0.00336362066797611,0.038));
#17484=CARTESIAN_POINT('',(0.0428259618943233,-0.00336362066797611,0.038));
#17485=CARTESIAN_POINT('',(0.04,-2.77555756156289E-17,0.038));
#17486=CARTESIAN_POINT('',(0.0449754809471617,-0.0011405444566228,0.038));
#17487=CARTESIAN_POINT('',(0.0443259618943233,-0.000765544456622802,0.038));
#17488=CARTESIAN_POINT('',(0.0435759618943233,-0.00206458256229945,0.038));
#17489=CARTESIAN_POINT('',(0.0449754809471617,-0.0011405444566228,0.038));
#17490=CARTESIAN_POINT('',(0.0449754809471617,-0.0011405444566228,0.037));
#17491=CARTESIAN_POINT('',(0.0443259618943233,-0.000765544456622802,0.037));
#17492=CARTESIAN_POINT('',(0.0443259618943233,-0.000765544456622802,0.038));
#17493=CARTESIAN_POINT('',(0.04,-2.77555756156289E-17,0.037));
#17494=CARTESIAN_POINT('',(0.0449754809471617,0.00114054445662273,0.037));
#17495=CARTESIAN_POINT('',(0.0443259618943233,0.000765544456622736,0.037));
#17496=CARTESIAN_POINT('',(0.0443259618943233,-3.46944695195361E-17,0.037));
#17497=CARTESIAN_POINT('',(0.0449754809471617,0.00114054445662273,0.038));
#17498=CARTESIAN_POINT('',(0.0449754809471617,0.00114054445662273,0.038));
#17499=CARTESIAN_POINT('',(0.0443259618943233,0.000765544456622736,0.038));
#17500=CARTESIAN_POINT('',(0.0443259618943233,0.000765544456622736,0.038));
#17501=CARTESIAN_POINT('',(0.04,-2.77555756156289E-17,0.038));
#17502=CARTESIAN_POINT('',(0.0434754809471617,0.00373862066797605,0.038));
#17503=CARTESIAN_POINT('',(0.0428259618943233,0.00336362066797605,0.038));
#17504=CARTESIAN_POINT('',(0.0435759618943233,0.0020645825622994,0.038));
#17505=CARTESIAN_POINT('',(0.0434754809471617,0.00373862066797605,0.038));
#17506=CARTESIAN_POINT('',(0.0434754809471617,0.00373862066797605,0.037));
#17507=CARTESIAN_POINT('',(0.0428259618943233,0.00336362066797605,0.037));
#17508=CARTESIAN_POINT('',(0.0428259618943233,0.00336362066797605,0.038));
#17509=CARTESIAN_POINT('',(0.04,-2.77555756156289E-17,0.037));
#17510=CARTESIAN_POINT('',(0.0415,0.00487916512459882,0.037));
#17511=CARTESIAN_POINT('',(0.0415,0.00412916512459882,0.037));
#17512=CARTESIAN_POINT('',(0.0421629809471617,0.00374639289628744,0.037));
#17513=CARTESIAN_POINT('',(0.0415,0.00487916512459882,0.038));
#17514=CARTESIAN_POINT('',(0.0415,0.00487916512459882,0.038));
#17515=CARTESIAN_POINT('',(0.0415,0.00412916512459882,0.038));
#17516=CARTESIAN_POINT('',(0.0415,0.00412916512459882,0.038));
#17517=CARTESIAN_POINT('',(0.04,-2.77555756156289E-17,0.038));
#17518=CARTESIAN_POINT('',(0.0385,0.00487916512459882,0.038));
#17519=CARTESIAN_POINT('',(0.0385,0.00412916512459882,0.038));
#17520=CARTESIAN_POINT('',(0.04,0.00412916512459882,0.038));
#17521=CARTESIAN_POINT('',(0.0385,0.00487916512459882,0.038));
#17522=CARTESIAN_POINT('',(0.0385,0.00487916512459882,0.037));
#17523=CARTESIAN_POINT('',(0.0385,0.00412916512459882,0.037));
#17524=CARTESIAN_POINT('',(0.0385,0.00412916512459882,0.038));
#17525=CARTESIAN_POINT('',(0.0364240381056766,-0.00206458256229945,0.038));
#17526=CARTESIAN_POINT('',(0.0364240381056766,-0.00206458256229945,0.035));
#17527=CARTESIAN_POINT('',(0.0371740381056766,-0.0033636206679761,0.035));
#17528=CARTESIAN_POINT('',(0.0356740381056766,-0.000765544456622792,0.035));
#17529=CARTESIAN_POINT('',(0.0356740381056766,-0.000765544456622792,0.037));
#17530=CARTESIAN_POINT('',(0.0371740381056766,-0.0033636206679761,0.037));
#17531=CARTESIAN_POINT('',(0.0356740381056766,-2.42861286636753E-17,0.037));
#17532=CARTESIAN_POINT('',(0.0356740381056766,-2.42861286636753E-17,0.035));
#17533=CARTESIAN_POINT('',(0.0356740381056767,0.000765544456622743,0.035));
#17534=CARTESIAN_POINT('',(0.0356740381056767,0.000765544456622743,0.037));
#17535=CARTESIAN_POINT('',(0.0364240381056766,0.0020645825622994,0.038));
#17536=CARTESIAN_POINT('',(0.0364240381056766,0.0020645825622994,0.035));
#17537=CARTESIAN_POINT('',(0.0371740381056767,0.00336362066797606,0.035));
#17538=CARTESIAN_POINT('',(0.0371740381056767,0.00336362066797606,0.037));
#17539=CARTESIAN_POINT('',(0.0378370190528384,0.00374639289628744,0.037));
#17540=CARTESIAN_POINT('',(0.0378370190528384,0.00374639289628744,0.035));
#17541=CARTESIAN_POINT('',(0.0385,0.00412916512459882,0.035));
#17542=CARTESIAN_POINT('',(0.0385,0.00412916512459882,0.037));
#17543=CARTESIAN_POINT('',(0.0378370190528384,0.00374639289628744,0.037));
#17544=CARTESIAN_POINT('',(0.04,0.00412916512459882,0.038));
#17545=CARTESIAN_POINT('',(0.04,0.00412916512459882,0.035));
#17546=CARTESIAN_POINT('',(0.0415,0.00412916512459882,0.035));
#17547=CARTESIAN_POINT('',(0.0415,0.00412916512459882,0.037));
#17548=CARTESIAN_POINT('',(0.0421629809471617,0.00374639289628744,0.037));
#17549=CARTESIAN_POINT('',(0.0421629809471617,0.00374639289628744,0.035));
#17550=CARTESIAN_POINT('',(0.0428259618943233,0.00336362066797606,0.035));
#17551=CARTESIAN_POINT('',(0.0428259618943233,0.00336362066797606,0.037));
#17552=CARTESIAN_POINT('',(0.0435759618943233,0.0020645825622994,0.038));
#17553=CARTESIAN_POINT('',(0.0435759618943233,0.0020645825622994,0.035));
#17554=CARTESIAN_POINT('',(0.0443259618943233,0.000765544456622736,0.035));
#17555=CARTESIAN_POINT('',(0.0443259618943233,0.000765544456622736,0.037));
#17556=CARTESIAN_POINT('',(0.0443259618943233,-3.46944695195361E-17,0.037));
#17557=CARTESIAN_POINT('',(0.0443259618943233,-3.46944695195361E-17,0.035));
#17558=CARTESIAN_POINT('',(0.0443259618943233,-0.000765544456622802,0.035));
#17559=CARTESIAN_POINT('',(0.0443259618943233,-0.000765544456622802,0.037));
#17560=CARTESIAN_POINT('',(0.0435759618943233,-0.00206458256229945,0.038));
#17561=CARTESIAN_POINT('',(0.0435759618943233,-0.00206458256229945,0.035));
#17562=CARTESIAN_POINT('',(0.0428259618943233,-0.00336362066797611,0.035));
#17563=CARTESIAN_POINT('',(0.0428259618943233,-0.00336362066797611,0.037));
#17564=CARTESIAN_POINT('',(0.0421629809471617,-0.0037463928962875,0.037));
#17565=CARTESIAN_POINT('',(0.0421629809471617,-0.0037463928962875,0.035));
#17566=CARTESIAN_POINT('',(0.0415,-0.00412916512459888,0.035));
#17567=CARTESIAN_POINT('',(0.0415,-0.00412916512459888,0.037));
#17568=CARTESIAN_POINT('',(0.04,-0.00412916512459888,0.038));
#17569=CARTESIAN_POINT('',(0.04,-0.00412916512459888,0.035));
#17570=CARTESIAN_POINT('',(0.0385,-0.00412916512459888,0.035));
#17571=CARTESIAN_POINT('',(0.0385,-0.00412916512459888,0.037));
#17572=CARTESIAN_POINT('',(0.0378370190528384,-0.0037463928962875,0.037));
#17573=CARTESIAN_POINT('',(0.0378370190528384,-0.0037463928962875,0.035));
#17574=CARTESIAN_POINT('',(0.04,-2.77555756156289E-17,0.037));
#17575=CARTESIAN_POINT('',(0.0215,-0.0297618510267787,0.038));
#17576=CARTESIAN_POINT('',(0.0215,-0.0297618510267787,0.037));
#17577=CARTESIAN_POINT('',(0.0215,-0.0305118510267787,0.037));
#17578=CARTESIAN_POINT('',(0.0215,-0.0297618510267787,0.038));
#17579=CARTESIAN_POINT('',(0.0215,-0.0305118510267787,0.038));
#17580=CARTESIAN_POINT('',(0.0215,-0.0305118510267787,0.038));
#17581=CARTESIAN_POINT('',(0.02,-0.0346410161513775,0.038));
#17582=CARTESIAN_POINT('',(0.0185,-0.0297618510267787,0.038));
#17583=CARTESIAN_POINT('',(0.0185,-0.0305118510267787,0.038));
#17584=CARTESIAN_POINT('',(0.02,-0.0305118510267787,0.038));
#17585=CARTESIAN_POINT('',(0.0185,-0.0297618510267787,0.038));
#17586=CARTESIAN_POINT('',(0.0185,-0.0297618510267787,0.037));
#17587=CARTESIAN_POINT('',(0.0185,-0.0305118510267787,0.037));
#17588=CARTESIAN_POINT('',(0.0185,-0.0305118510267787,0.038));
#17589=CARTESIAN_POINT('',(0.02,-0.0346410161513775,0.037));
#17590=CARTESIAN_POINT('',(0.0165245190528383,-0.0309023954834015,0.037));
#17591=CARTESIAN_POINT('',(0.0171740381056767,-0.0312773954834015,0.037));
#17592=CARTESIAN_POINT('',(0.0178370190528384,-0.0308946232550901,0.037));
#17593=CARTESIAN_POINT('',(0.0165245190528383,-0.0309023954834015,0.038));
#17594=CARTESIAN_POINT('',(0.0165245190528383,-0.0309023954834015,0.038));
#17595=CARTESIAN_POINT('',(0.0171740381056767,-0.0312773954834015,0.038));
#17596=CARTESIAN_POINT('',(0.0171740381056767,-0.0312773954834015,0.038));
#17597=CARTESIAN_POINT('',(0.02,-0.0346410161513775,0.038));
#17598=CARTESIAN_POINT('',(0.0150245190528383,-0.0335004716947548,0.038));
#17599=CARTESIAN_POINT('',(0.0156740381056766,-0.0338754716947548,0.038));
#17600=CARTESIAN_POINT('',(0.0164240381056766,-0.0325764335890781,0.038));
#17601=CARTESIAN_POINT('',(0.0150245190528383,-0.0335004716947548,0.038));
#17602=CARTESIAN_POINT('',(0.0150245190528383,-0.0335004716947548,0.037));
#17603=CARTESIAN_POINT('',(0.0156740381056766,-0.0338754716947548,0.037));
#17604=CARTESIAN_POINT('',(0.0156740381056766,-0.0338754716947548,0.038));
#17605=CARTESIAN_POINT('',(0.02,-0.0346410161513775,0.037));
#17606=CARTESIAN_POINT('',(0.0150245190528383,-0.0357815606080003,0.037));
#17607=CARTESIAN_POINT('',(0.0156740381056766,-0.0354065606080003,0.037));
#17608=CARTESIAN_POINT('',(0.0156740381056766,-0.0346410161513775,0.037));
#17609=CARTESIAN_POINT('',(0.0150245190528383,-0.0357815606080003,0.038));
#17610=CARTESIAN_POINT('',(0.0150245190528383,-0.0357815606080003,0.038));
#17611=CARTESIAN_POINT('',(0.0156740381056766,-0.0354065606080003,0.038));
#17612=CARTESIAN_POINT('',(0.0156740381056766,-0.0354065606080003,0.038));
#17613=CARTESIAN_POINT('',(0.02,-0.0346410161513775,0.038));
#17614=CARTESIAN_POINT('',(0.0165245190528383,-0.0383796368193536,0.038));
#17615=CARTESIAN_POINT('',(0.0171740381056767,-0.0380046368193536,0.038));
#17616=CARTESIAN_POINT('',(0.0164240381056766,-0.036705598713677,0.038));
#17617=CARTESIAN_POINT('',(0.0165245190528383,-0.0383796368193536,0.038));
#17618=CARTESIAN_POINT('',(0.0165245190528383,-0.0383796368193536,0.037));
#17619=CARTESIAN_POINT('',(0.0171740381056767,-0.0380046368193536,0.037));
#17620=CARTESIAN_POINT('',(0.0171740381056767,-0.0380046368193536,0.038));
#17621=CARTESIAN_POINT('',(0.02,-0.0346410161513775,0.037));
#17622=CARTESIAN_POINT('',(0.0185,-0.0395201812759764,0.037));
#17623=CARTESIAN_POINT('',(0.0185,-0.0387701812759764,0.037));
#17624=CARTESIAN_POINT('',(0.0178370190528383,-0.038387409047665,0.037));
#17625=CARTESIAN_POINT('',(0.0185,-0.0395201812759764,0.038));
#17626=CARTESIAN_POINT('',(0.0185,-0.0395201812759764,0.038));
#17627=CARTESIAN_POINT('',(0.0185,-0.0387701812759764,0.038));
#17628=CARTESIAN_POINT('',(0.0185,-0.0387701812759764,0.038));
#17629=CARTESIAN_POINT('',(0.02,-0.0346410161513775,0.038));
#17630=CARTESIAN_POINT('',(0.0215,-0.0395201812759764,0.038));
#17631=CARTESIAN_POINT('',(0.0215,-0.0387701812759764,0.038));
#17632=CARTESIAN_POINT('',(0.02,-0.0387701812759764,0.038));
#17633=CARTESIAN_POINT('',(0.0215,-0.0395201812759764,0.038));
#17634=CARTESIAN_POINT('',(0.0215,-0.0395201812759764,0.037));
#17635=CARTESIAN_POINT('',(0.0215,-0.0387701812759764,0.037));
#17636=CARTESIAN_POINT('',(0.0215,-0.0387701812759764,0.038));
#17637=CARTESIAN_POINT('',(0.02,-0.0346410161513775,0.037));
#17638=CARTESIAN_POINT('',(0.0234754809471617,-0.0383796368193536,0.037));
#17639=CARTESIAN_POINT('',(0.0228259618943234,-0.0380046368193536,0.037));
#17640=CARTESIAN_POINT('',(0.0221629809471616,-0.038387409047665,0.037));
#17641=CARTESIAN_POINT('',(0.0234754809471617,-0.0383796368193536,0.038));
#17642=CARTESIAN_POINT('',(0.0234754809471617,-0.0383796368193536,0.038));
#17643=CARTESIAN_POINT('',(0.0228259618943234,-0.0380046368193536,0.038));
#17644=CARTESIAN_POINT('',(0.0228259618943234,-0.0380046368193536,0.038));
#17645=CARTESIAN_POINT('',(0.02,-0.0346410161513775,0.038));
#17646=CARTESIAN_POINT('',(0.0249754809471616,-0.0357815606080003,0.038));
#17647=CARTESIAN_POINT('',(0.0243259618943234,-0.0354065606080003,0.038));
#17648=CARTESIAN_POINT('',(0.0235759618943234,-0.036705598713677,0.038));
#17649=CARTESIAN_POINT('',(0.0249754809471616,-0.0357815606080003,0.038));
#17650=CARTESIAN_POINT('',(0.0249754809471616,-0.0357815606080003,0.037));
#17651=CARTESIAN_POINT('',(0.0243259618943234,-0.0354065606080003,0.037));
#17652=CARTESIAN_POINT('',(0.0243259618943234,-0.0354065606080003,0.038));
#17653=CARTESIAN_POINT('',(0.02,-0.0346410161513775,0.037));
#17654=CARTESIAN_POINT('',(0.0249754809471616,-0.0335004716947548,0.037));
#17655=CARTESIAN_POINT('',(0.0243259618943234,-0.0338754716947548,0.037));
#17656=CARTESIAN_POINT('',(0.0243259618943234,-0.0346410161513775,0.037));
#17657=CARTESIAN_POINT('',(0.0249754809471616,-0.0335004716947548,0.038));
#17658=CARTESIAN_POINT('',(0.0249754809471616,-0.0335004716947548,0.038));
#17659=CARTESIAN_POINT('',(0.0243259618943234,-0.0338754716947548,0.038));
#17660=CARTESIAN_POINT('',(0.0243259618943234,-0.0338754716947548,0.038));
#17661=CARTESIAN_POINT('',(0.02,-0.0346410161513775,0.038));
#17662=CARTESIAN_POINT('',(0.0234754809471617,-0.0309023954834015,0.038));
#17663=CARTESIAN_POINT('',(0.0228259618943234,-0.0312773954834015,0.038));
#17664=CARTESIAN_POINT('',(0.0235759618943234,-0.0325764335890781,0.038));
#17665=CARTESIAN_POINT('',(0.0234754809471617,-0.0309023954834015,0.038));
#17666=CARTESIAN_POINT('',(0.0234754809471617,-0.0309023954834015,0.037));
#17667=CARTESIAN_POINT('',(0.0228259618943234,-0.0312773954834015,0.037));
#17668=CARTESIAN_POINT('',(0.0228259618943234,-0.0312773954834015,0.038));
#17669=CARTESIAN_POINT('',(0.0164240381056766,-0.0325764335890781,0.038));
#17670=CARTESIAN_POINT('',(0.0164240381056766,-0.0325764335890781,0.035));
#17671=CARTESIAN_POINT('',(0.0156740381056766,-0.0338754716947548,0.035));
#17672=CARTESIAN_POINT('',(0.0171740381056767,-0.0312773954834015,0.035));
#17673=CARTESIAN_POINT('',(0.0171740381056767,-0.0312773954834015,0.037));
#17674=CARTESIAN_POINT('',(0.0156740381056766,-0.0338754716947548,0.037));
#17675=CARTESIAN_POINT('',(0.0178370190528384,-0.0308946232550901,0.037));
#17676=CARTESIAN_POINT('',(0.0178370190528384,-0.0308946232550901,0.035));
#17677=CARTESIAN_POINT('',(0.0185,-0.0305118510267787,0.035));
#17678=CARTESIAN_POINT('',(0.0185,-0.0305118510267787,0.037));
#17679=CARTESIAN_POINT('',(0.02,-0.0305118510267787,0.038));
#17680=CARTESIAN_POINT('',(0.02,-0.0305118510267787,0.035));
#17681=CARTESIAN_POINT('',(0.0215,-0.0305118510267787,0.035));
#17682=CARTESIAN_POINT('',(0.0215,-0.0305118510267787,0.037));
#17683=CARTESIAN_POINT('',(0.0221629809471616,-0.0308946232550901,0.037));
#17684=CARTESIAN_POINT('',(0.0221629809471616,-0.0308946232550901,0.035));
#17685=CARTESIAN_POINT('',(0.0228259618943234,-0.0312773954834015,0.035));
#17686=CARTESIAN_POINT('',(0.0228259618943234,-0.0312773954834015,0.037));
#17687=CARTESIAN_POINT('',(0.0221629809471616,-0.0308946232550901,0.037));
#17688=CARTESIAN_POINT('',(0.0235759618943234,-0.0325764335890781,0.038));
#17689=CARTESIAN_POINT('',(0.0235759618943234,-0.0325764335890781,0.035));
#17690=CARTESIAN_POINT('',(0.0243259618943234,-0.0338754716947548,0.035));
#17691=CARTESIAN_POINT('',(0.0243259618943234,-0.0338754716947548,0.037));
#17692=CARTESIAN_POINT('',(0.0243259618943234,-0.0346410161513775,0.037));
#17693=CARTESIAN_POINT('',(0.0243259618943234,-0.0346410161513775,0.035));
#17694=CARTESIAN_POINT('',(0.0243259618943234,-0.0354065606080003,0.035));
#17695=CARTESIAN_POINT('',(0.0243259618943234,-0.0354065606080003,0.037));
#17696=CARTESIAN_POINT('',(0.0235759618943234,-0.036705598713677,0.038));
#17697=CARTESIAN_POINT('',(0.0235759618943234,-0.036705598713677,0.035));
#17698=CARTESIAN_POINT('',(0.0228259618943234,-0.0380046368193536,0.035));
#17699=CARTESIAN_POINT('',(0.0228259618943234,-0.0380046368193536,0.037));
#17700=CARTESIAN_POINT('',(0.0221629809471616,-0.038387409047665,0.037));
#17701=CARTESIAN_POINT('',(0.0221629809471616,-0.038387409047665,0.035));
#17702=CARTESIAN_POINT('',(0.0215,-0.0387701812759764,0.035));
#17703=CARTESIAN_POINT('',(0.0215,-0.0387701812759764,0.037));
#17704=CARTESIAN_POINT('',(0.02,-0.0387701812759764,0.038));
#17705=CARTESIAN_POINT('',(0.02,-0.0387701812759764,0.035));
#17706=CARTESIAN_POINT('',(0.0185,-0.0387701812759764,0.035));
#17707=CARTESIAN_POINT('',(0.0185,-0.0387701812759764,0.037));
#17708=CARTESIAN_POINT('',(0.0178370190528383,-0.038387409047665,0.037));
#17709=CARTESIAN_POINT('',(0.0178370190528383,-0.038387409047665,0.035));
#17710=CARTESIAN_POINT('',(0.0171740381056767,-0.0380046368193536,0.035));
#17711=CARTESIAN_POINT('',(0.0171740381056767,-0.0380046368193536,0.037));
#17712=CARTESIAN_POINT('',(0.0164240381056766,-0.036705598713677,0.038));
#17713=CARTESIAN_POINT('',(0.0164240381056766,-0.036705598713677,0.035));
#17714=CARTESIAN_POINT('',(0.0156740381056766,-0.0354065606080003,0.035));
#17715=CARTESIAN_POINT('',(0.0156740381056766,-0.0354065606080003,0.037));
#17716=CARTESIAN_POINT('',(0.0156740381056766,-0.0346410161513775,0.037));
#17717=CARTESIAN_POINT('',(0.0156740381056766,-0.0346410161513775,0.035));
#17718=CARTESIAN_POINT('',(0.02,-0.0346410161513775,0.037));
#17719=CARTESIAN_POINT('',(-0.0150245190528384,-0.0335004716947548,0.038));
#17720=CARTESIAN_POINT('',(-0.0150245190528384,-0.0335004716947548,0.037));
#17721=CARTESIAN_POINT('',(-0.0156740381056767,-0.0338754716947548,0.037));
#17722=CARTESIAN_POINT('',(-0.0150245190528384,-0.0335004716947548,0.038));
#17723=CARTESIAN_POINT('',(-0.0156740381056767,-0.0338754716947548,0.038));
#17724=CARTESIAN_POINT('',(-0.0156740381056767,-0.0338754716947548,0.038));
#17725=CARTESIAN_POINT('',(-0.02,-0.0346410161513775,0.038));
#17726=CARTESIAN_POINT('',(-0.0165245190528383,-0.0309023954834014,0.038));
#17727=CARTESIAN_POINT('',(-0.0171740381056767,-0.0312773954834015,0.038));
#17728=CARTESIAN_POINT('',(-0.0164240381056767,-0.0325764335890781,0.038));
#17729=CARTESIAN_POINT('',(-0.0165245190528383,-0.0309023954834014,0.038));
#17730=CARTESIAN_POINT('',(-0.0165245190528383,-0.0309023954834014,0.037));
#17731=CARTESIAN_POINT('',(-0.0171740381056767,-0.0312773954834015,0.037));
#17732=CARTESIAN_POINT('',(-0.0171740381056767,-0.0312773954834015,0.038));
#17733=CARTESIAN_POINT('',(-0.02,-0.0346410161513775,0.037));
#17734=CARTESIAN_POINT('',(-0.0185,-0.0297618510267787,0.037));
#17735=CARTESIAN_POINT('',(-0.0185,-0.0305118510267787,0.037));
#17736=CARTESIAN_POINT('',(-0.0178370190528384,-0.0308946232550901,0.037));
#17737=CARTESIAN_POINT('',(-0.0185,-0.0297618510267787,0.038));
#17738=CARTESIAN_POINT('',(-0.0185,-0.0297618510267787,0.038));
#17739=CARTESIAN_POINT('',(-0.0185,-0.0305118510267787,0.038));
#17740=CARTESIAN_POINT('',(-0.0185,-0.0305118510267787,0.038));
#17741=CARTESIAN_POINT('',(-0.02,-0.0346410161513775,0.038));
#17742=CARTESIAN_POINT('',(-0.0215,-0.0297618510267787,0.038));
#17743=CARTESIAN_POINT('',(-0.0215,-0.0305118510267787,0.038));
#17744=CARTESIAN_POINT('',(-0.02,-0.0305118510267787,0.038));
#17745=CARTESIAN_POINT('',(-0.0215,-0.0297618510267787,0.038));
#17746=CARTESIAN_POINT('',(-0.0215,-0.0297618510267787,0.037));
#17747=CARTESIAN_POINT('',(-0.0215,-0.0305118510267787,0.037));
#17748=CARTESIAN_POINT('',(-0.0215,-0.0305118510267787,0.038));
#17749=CARTESIAN_POINT('',(-0.02,-0.0346410161513775,0.037));
#17750=CARTESIAN_POINT('',(-0.0234754809471617,-0.0309023954834014,0.037));
#17751=CARTESIAN_POINT('',(-0.0228259618943234,-0.0312773954834015,0.037));
#17752=CARTESIAN_POINT('',(-0.0221629809471617,-0.03089462325509,0.037));
#17753=CARTESIAN_POINT('',(-0.0234754809471617,-0.0309023954834014,0.038));
#17754=CARTESIAN_POINT('',(-0.0234754809471617,-0.0309023954834014,0.038));
#17755=CARTESIAN_POINT('',(-0.0228259618943234,-0.0312773954834015,0.038));
#17756=CARTESIAN_POINT('',(-0.0228259618943234,-0.0312773954834015,0.038));
#17757=CARTESIAN_POINT('',(-0.02,-0.0346410161513775,0.038));
#17758=CARTESIAN_POINT('',(-0.0249754809471617,-0.0335004716947548,0.038));
#17759=CARTESIAN_POINT('',(-0.0243259618943234,-0.0338754716947548,0.038));
#17760=CARTESIAN_POINT('',(-0.0235759618943234,-0.0325764335890781,0.038));
#17761=CARTESIAN_POINT('',(-0.0249754809471617,-0.0335004716947548,0.038));
#17762=CARTESIAN_POINT('',(-0.0249754809471617,-0.0335004716947548,0.037));
#17763=CARTESIAN_POINT('',(-0.0243259618943234,-0.0338754716947548,0.037));
#17764=CARTESIAN_POINT('',(-0.0243259618943234,-0.0338754716947548,0.038));
#17765=CARTESIAN_POINT('',(-0.02,-0.0346410161513775,0.037));
#17766=CARTESIAN_POINT('',(-0.0249754809471617,-0.0357815606080003,0.037));
#17767=CARTESIAN_POINT('',(-0.0243259618943234,-0.0354065606080003,0.037));
#17768=CARTESIAN_POINT('',(-0.0243259618943234,-0.0346410161513775,0.037));
#17769=CARTESIAN_POINT('',(-0.0249754809471617,-0.0357815606080003,0.038));
#17770=CARTESIAN_POINT('',(-0.0249754809471617,-0.0357815606080003,0.038));
#17771=CARTESIAN_POINT('',(-0.0243259618943234,-0.0354065606080003,0.038));
#17772=CARTESIAN_POINT('',(-0.0243259618943234,-0.0354065606080003,0.038));
#17773=CARTESIAN_POINT('',(-0.02,-0.0346410161513775,0.038));
#17774=CARTESIAN_POINT('',(-0.0234754809471617,-0.0383796368193536,0.038));
#17775=CARTESIAN_POINT('',(-0.0228259618943234,-0.0380046368193536,0.038));
#17776=CARTESIAN_POINT('',(-0.0235759618943234,-0.0367055987136769,0.038));
#17777=CARTESIAN_POINT('',(-0.0234754809471617,-0.0383796368193536,0.038));
#17778=CARTESIAN_POINT('',(-0.0234754809471617,-0.0383796368193536,0.037));
#17779=CARTESIAN_POINT('',(-0.0228259618943234,-0.0380046368193536,0.037));
#17780=CARTESIAN_POINT('',(-0.0228259618943234,-0.0380046368193536,0.038));
#17781=CARTESIAN_POINT('',(-0.02,-0.0346410161513775,0.037));
#17782=CARTESIAN_POINT('',(-0.0215,-0.0395201812759764,0.037));
#17783=CARTESIAN_POINT('',(-0.0215,-0.0387701812759764,0.037));
#17784=CARTESIAN_POINT('',(-0.0221629809471617,-0.038387409047665,0.037));
#17785=CARTESIAN_POINT('',(-0.0215,-0.0395201812759764,0.038));
#17786=CARTESIAN_POINT('',(-0.0215,-0.0395201812759764,0.038));
#17787=CARTESIAN_POINT('',(-0.0215,-0.0387701812759764,0.038));
#17788=CARTESIAN_POINT('',(-0.0215,-0.0387701812759764,0.038));
#17789=CARTESIAN_POINT('',(-0.02,-0.0346410161513775,0.038));
#17790=CARTESIAN_POINT('',(-0.0185,-0.0395201812759764,0.038));
#17791=CARTESIAN_POINT('',(-0.0185,-0.0387701812759764,0.038));
#17792=CARTESIAN_POINT('',(-0.02,-0.0387701812759764,0.038));
#17793=CARTESIAN_POINT('',(-0.0185,-0.0395201812759764,0.038));
#17794=CARTESIAN_POINT('',(-0.0185,-0.0395201812759764,0.037));
#17795=CARTESIAN_POINT('',(-0.0185,-0.0387701812759764,0.037));
#17796=CARTESIAN_POINT('',(-0.0185,-0.0387701812759764,0.038));
#17797=CARTESIAN_POINT('',(-0.02,-0.0346410161513775,0.037));
#17798=CARTESIAN_POINT('',(-0.0165245190528383,-0.0383796368193536,0.037));
#17799=CARTESIAN_POINT('',(-0.0171740381056767,-0.0380046368193536,0.037));
#17800=CARTESIAN_POINT('',(-0.0178370190528384,-0.038387409047665,0.037));
#17801=CARTESIAN_POINT('',(-0.0165245190528383,-0.0383796368193536,0.038));
#17802=CARTESIAN_POINT('',(-0.0165245190528383,-0.0383796368193536,0.038));
#17803=CARTESIAN_POINT('',(-0.0171740381056767,-0.0380046368193536,0.038));
#17804=CARTESIAN_POINT('',(-0.0171740381056767,-0.0380046368193536,0.038));
#17805=CARTESIAN_POINT('',(-0.02,-0.0346410161513775,0.038));
#17806=CARTESIAN_POINT('',(-0.0150245190528384,-0.0357815606080003,0.038));
#17807=CARTESIAN_POINT('',(-0.0156740381056767,-0.0354065606080003,0.038));
#17808=CARTESIAN_POINT('',(-0.0164240381056767,-0.0367055987136769,0.038));
#17809=CARTESIAN_POINT('',(-0.0150245190528384,-0.0357815606080003,0.038));
#17810=CARTESIAN_POINT('',(-0.0150245190528384,-0.0357815606080003,0.037));
#17811=CARTESIAN_POINT('',(-0.0156740381056767,-0.0354065606080003,0.037));
#17812=CARTESIAN_POINT('',(-0.0156740381056767,-0.0354065606080003,0.038));
#17813=CARTESIAN_POINT('',(-0.02,-0.0305118510267787,0.038));
#17814=CARTESIAN_POINT('',(-0.02,-0.0305118510267787,0.035));
#17815=CARTESIAN_POINT('',(-0.0215,-0.0305118510267787,0.035));
#17816=CARTESIAN_POINT('',(-0.0185,-0.0305118510267787,0.035));
#17817=CARTESIAN_POINT('',(-0.0185,-0.0305118510267787,0.037));
#17818=CARTESIAN_POINT('',(-0.0215,-0.0305118510267787,0.037));
#17819=CARTESIAN_POINT('',(-0.0178370190528384,-0.0308946232550901,0.037));
#17820=CARTESIAN_POINT('',(-0.0178370190528384,-0.0308946232550901,0.035));
#17821=CARTESIAN_POINT('',(-0.0171740381056767,-0.0312773954834015,0.035));
#17822=CARTESIAN_POINT('',(-0.0171740381056767,-0.0312773954834015,0.037));
#17823=CARTESIAN_POINT('',(-0.0164240381056767,-0.0325764335890781,0.038));
#17824=CARTESIAN_POINT('',(-0.0164240381056767,-0.0325764335890781,0.035));
#17825=CARTESIAN_POINT('',(-0.0156740381056767,-0.0338754716947548,0.035));
#17826=CARTESIAN_POINT('',(-0.0156740381056767,-0.0338754716947548,0.037));
#17827=CARTESIAN_POINT('',(-0.0156740381056767,-0.0346410161513775,0.037));
#17828=CARTESIAN_POINT('',(-0.0156740381056767,-0.0346410161513775,0.035));
#17829=CARTESIAN_POINT('',(-0.0156740381056767,-0.0354065606080003,0.035));
#17830=CARTESIAN_POINT('',(-0.0156740381056767,-0.0354065606080003,0.037));
#17831=CARTESIAN_POINT('',(-0.0156740381056767,-0.0346410161513775,0.037));
#17832=CARTESIAN_POINT('',(-0.0164240381056767,-0.0367055987136769,0.038));
#17833=CARTESIAN_POINT('',(-0.0164240381056767,-0.0367055987136769,0.035));
#17834=CARTESIAN_POINT('',(-0.0171740381056767,-0.0380046368193536,0.035));
#17835=CARTESIAN_POINT('',(-0.0171740381056767,-0.0380046368193536,0.037));
#17836=CARTESIAN_POINT('',(-0.0178370190528384,-0.038387409047665,0.037));
#17837=CARTESIAN_POINT('',(-0.0178370190528384,-0.038387409047665,0.035));
#17838=CARTESIAN_POINT('',(-0.0185,-0.0387701812759764,0.035));
#17839=CARTESIAN_POINT('',(-0.0185,-0.0387701812759764,0.037));
#17840=CARTESIAN_POINT('',(-0.02,-0.0387701812759764,0.038));
#17841=CARTESIAN_POINT('',(-0.02,-0.0387701812759764,0.035));
#17842=CARTESIAN_POINT('',(-0.0215,-0.0387701812759764,0.035));
#17843=CARTESIAN_POINT('',(-0.0215,-0.0387701812759764,0.037));
#17844=CARTESIAN_POINT('',(-0.0221629809471617,-0.038387409047665,0.037));
#17845=CARTESIAN_POINT('',(-0.0221629809471617,-0.038387409047665,0.035));
#17846=CARTESIAN_POINT('',(-0.0228259618943234,-0.0380046368193536,0.035));
#17847=CARTESIAN_POINT('',(-0.0228259618943234,-0.0380046368193536,0.037));
#17848=CARTESIAN_POINT('',(-0.0235759618943234,-0.0367055987136769,0.038));
#17849=CARTESIAN_POINT('',(-0.0235759618943234,-0.0367055987136769,0.035));
#17850=CARTESIAN_POINT('',(-0.0243259618943234,-0.0354065606080003,0.035));
#17851=CARTESIAN_POINT('',(-0.0243259618943234,-0.0354065606080003,0.037));
#17852=CARTESIAN_POINT('',(-0.0243259618943234,-0.0346410161513775,0.037));
#17853=CARTESIAN_POINT('',(-0.0243259618943234,-0.0346410161513775,0.035));
#17854=CARTESIAN_POINT('',(-0.0243259618943234,-0.0338754716947548,0.035));
#17855=CARTESIAN_POINT('',(-0.0243259618943234,-0.0338754716947548,0.037));
#17856=CARTESIAN_POINT('',(-0.0235759618943234,-0.0325764335890781,0.038));
#17857=CARTESIAN_POINT('',(-0.0235759618943234,-0.0325764335890781,0.035));
#17858=CARTESIAN_POINT('',(-0.0228259618943234,-0.0312773954834015,0.035));
#17859=CARTESIAN_POINT('',(-0.0228259618943234,-0.0312773954834015,0.037));
#17860=CARTESIAN_POINT('',(-0.0221629809471617,-0.03089462325509,0.037));
#17861=CARTESIAN_POINT('',(-0.0221629809471617,-0.03089462325509,0.035));
#17862=CARTESIAN_POINT('',(-0.02,-0.0346410161513775,0.037));
#17863=CARTESIAN_POINT('',(-0.0449754809471617,0.00114054445662278,0.038));
#17864=CARTESIAN_POINT('',(-0.0449754809471617,0.00114054445662278,0.037));
#17865=CARTESIAN_POINT('',(-0.0443259618943233,0.000765544456622781,0.037));
#17866=CARTESIAN_POINT('',(-0.0443259618943233,0.000765544456622781,0.038));
#17867=CARTESIAN_POINT('',(-0.0443259618943233,0.000765544456622781,0.038));
#17868=CARTESIAN_POINT('',(-0.0449754809471617,0.00114054445662278,0.038));
#17869=CARTESIAN_POINT('',(-0.0435759618943233,0.00206458256229944,0.038));
#17870=CARTESIAN_POINT('',(-0.0435759618943233,0.00206458256229944,0.035));
#17871=CARTESIAN_POINT('',(-0.0443259618943233,0.000765544456622781,0.035));
#17872=CARTESIAN_POINT('',(-0.0428259618943233,0.0033636206679761,0.035));
#17873=CARTESIAN_POINT('',(-0.0428259618943233,0.0033636206679761,0.037));
#17874=CARTESIAN_POINT('',(-0.0428259618943233,0.0033636206679761,0.037));
#17875=CARTESIAN_POINT('',(-0.0428259618943233,0.0033636206679761,0.038));
#17876=CARTESIAN_POINT('',(-0.0428259618943233,0.0033636206679761,0.038));
#17877=CARTESIAN_POINT('',(-0.0435759618943233,0.00206458256229944,0.038));
#17878=CARTESIAN_POINT('',(-0.0443259618943233,0.000765544456622781,0.037));
#17879=CARTESIAN_POINT('',(-0.0434754809471617,0.0037386206679761,0.038));
#17880=CARTESIAN_POINT('',(-0.0434754809471617,0.0037386206679761,0.037));
#17881=CARTESIAN_POINT('',(-0.0434754809471617,0.0037386206679761,0.038));
#17882=CARTESIAN_POINT('',(-0.04,1.38777878078145E-17,0.038));
#17883=CARTESIAN_POINT('',(-0.0434754809471617,-0.00373862066797607,0.038));
#17884=CARTESIAN_POINT('',(-0.0434754809471617,-0.00373862066797607,0.037));
#17885=CARTESIAN_POINT('',(-0.0428259618943233,-0.00336362066797607,0.037));
#17886=CARTESIAN_POINT('',(-0.0428259618943233,-0.00336362066797607,0.038));
#17887=CARTESIAN_POINT('',(-0.0428259618943233,-0.00336362066797607,0.038));
#17888=CARTESIAN_POINT('',(-0.0434754809471617,-0.00373862066797607,0.038));
#17889=CARTESIAN_POINT('',(-0.0435759618943233,-0.00206458256229942,0.038));
#17890=CARTESIAN_POINT('',(-0.0435759618943233,-0.00206458256229942,0.035));
#17891=CARTESIAN_POINT('',(-0.0428259618943233,-0.00336362066797607,0.035));
#17892=CARTESIAN_POINT('',(-0.0443259618943233,-0.000765544456622753,0.035));
#17893=CARTESIAN_POINT('',(-0.0443259618943233,-0.000765544456622753,0.037));
#17894=CARTESIAN_POINT('',(-0.0443259618943233,-0.000765544456622753,0.037));
#17895=CARTESIAN_POINT('',(-0.0443259618943233,-0.000765544456622753,0.038));
#17896=CARTESIAN_POINT('',(-0.0443259618943233,-0.000765544456622753,0.038));
#17897=CARTESIAN_POINT('',(-0.0435759618943233,-0.00206458256229942,0.038));
#17898=CARTESIAN_POINT('',(-0.0428259618943233,-0.00336362066797607,0.037));
#17899=CARTESIAN_POINT('',(-0.0449754809471617,-0.00114054445662275,0.038));
#17900=CARTESIAN_POINT('',(-0.0449754809471617,-0.00114054445662275,0.037));
#17901=CARTESIAN_POINT('',(-0.0449754809471617,-0.00114054445662275,0.038));
#17902=CARTESIAN_POINT('',(-0.04,1.38777878078145E-17,0.038));
#17903=CARTESIAN_POINT('',(-0.0385,-0.00487916512459884,0.038));
#17904=CARTESIAN_POINT('',(-0.0385,-0.00487916512459884,0.037));
#17905=CARTESIAN_POINT('',(-0.0385,-0.00412916512459883,0.037));
#17906=CARTESIAN_POINT('',(-0.0385,-0.00412916512459883,0.038));
#17907=CARTESIAN_POINT('',(-0.0385,-0.00412916512459883,0.038));
#17908=CARTESIAN_POINT('',(-0.0385,-0.00487916512459884,0.038));
#17909=CARTESIAN_POINT('',(-0.04,-0.00412916512459884,0.038));
#17910=CARTESIAN_POINT('',(-0.04,-0.00412916512459884,0.035));
#17911=CARTESIAN_POINT('',(-0.0385,-0.00412916512459883,0.035));
#17912=CARTESIAN_POINT('',(-0.0415,-0.00412916512459883,0.035));
#17913=CARTESIAN_POINT('',(-0.0415,-0.00412916512459883,0.037));
#17914=CARTESIAN_POINT('',(-0.0415,-0.00412916512459883,0.037));
#17915=CARTESIAN_POINT('',(-0.0415,-0.00412916512459883,0.038));
#17916=CARTESIAN_POINT('',(-0.0415,-0.00412916512459883,0.038));
#17917=CARTESIAN_POINT('',(-0.04,-0.00412916512459884,0.038));
#17918=CARTESIAN_POINT('',(-0.0385,-0.00412916512459883,0.037));
#17919=CARTESIAN_POINT('',(-0.0415,-0.00487916512459884,0.038));
#17920=CARTESIAN_POINT('',(-0.0415,-0.00487916512459884,0.037));
#17921=CARTESIAN_POINT('',(-0.0415,-0.00487916512459884,0.038));
#17922=CARTESIAN_POINT('',(-0.04,1.38777878078145E-17,0.038));
#17923=CARTESIAN_POINT('',(-0.0350245190528383,-0.00114054445662276,0.038));
#17924=CARTESIAN_POINT('',(-0.0350245190528383,-0.00114054445662276,0.037));
#17925=CARTESIAN_POINT('',(-0.0356740381056767,-0.000765544456622757,0.037));
#17926=CARTESIAN_POINT('',(-0.0356740381056767,-0.000765544456622757,0.038));
#17927=CARTESIAN_POINT('',(-0.0356740381056767,-0.000765544456622757,0.038));
#17928=CARTESIAN_POINT('',(-0.0350245190528383,-0.00114054445662276,0.038));
#17929=CARTESIAN_POINT('',(-0.0364240381056766,-0.00206458256229942,0.038));
#17930=CARTESIAN_POINT('',(-0.0364240381056766,-0.00206458256229942,0.035));
#17931=CARTESIAN_POINT('',(-0.0356740381056767,-0.000765544456622757,0.035));
#17932=CARTESIAN_POINT('',(-0.0371740381056766,-0.00336362066797607,0.035));
#17933=CARTESIAN_POINT('',(-0.0371740381056766,-0.00336362066797607,0.037));
#17934=CARTESIAN_POINT('',(-0.0371740381056766,-0.00336362066797607,0.037));
#17935=CARTESIAN_POINT('',(-0.0371740381056766,-0.00336362066797607,0.038));
#17936=CARTESIAN_POINT('',(-0.0371740381056766,-0.00336362066797607,0.038));
#17937=CARTESIAN_POINT('',(-0.0364240381056766,-0.00206458256229942,0.038));
#17938=CARTESIAN_POINT('',(-0.0356740381056767,-0.000765544456622757,0.037));
#17939=CARTESIAN_POINT('',(-0.0365245190528384,-0.00373862066797607,0.038));
#17940=CARTESIAN_POINT('',(-0.0365245190528384,-0.00373862066797607,0.037));
#17941=CARTESIAN_POINT('',(-0.0365245190528384,-0.00373862066797607,0.038));
#17942=CARTESIAN_POINT('',(-0.04,1.04083408558608E-17,0.038));
#17943=CARTESIAN_POINT('',(-0.0365245190528384,0.0037386206679761,0.038));
#17944=CARTESIAN_POINT('',(-0.0365245190528384,0.0037386206679761,0.037));
#17945=CARTESIAN_POINT('',(-0.0371740381056766,0.00336362066797609,0.037));
#17946=CARTESIAN_POINT('',(-0.0371740381056766,0.00336362066797609,0.038));
#17947=CARTESIAN_POINT('',(-0.0371740381056766,0.00336362066797609,0.038));
#17948=CARTESIAN_POINT('',(-0.0365245190528384,0.0037386206679761,0.038));
#17949=CARTESIAN_POINT('',(-0.0364240381056766,0.00206458256229944,0.038));
#17950=CARTESIAN_POINT('',(-0.0364240381056766,0.00206458256229944,0.035));
#17951=CARTESIAN_POINT('',(-0.0371740381056766,0.00336362066797609,0.035));
#17952=CARTESIAN_POINT('',(-0.0356740381056766,0.000765544456622776,0.035));
#17953=CARTESIAN_POINT('',(-0.0356740381056766,0.000765544456622776,0.037));
#17954=CARTESIAN_POINT('',(-0.0356740381056766,0.000765544456622776,0.037));
#17955=CARTESIAN_POINT('',(-0.0356740381056766,0.000765544456622776,0.038));
#17956=CARTESIAN_POINT('',(-0.0356740381056766,0.000765544456622776,0.038));
#17957=CARTESIAN_POINT('',(-0.0364240381056766,0.00206458256229944,0.038));
#17958=CARTESIAN_POINT('',(-0.0371740381056766,0.00336362066797609,0.037));
#17959=CARTESIAN_POINT('',(-0.0350245190528383,0.00114054445662278,0.038));
#17960=CARTESIAN_POINT('',(-0.0350245190528383,0.00114054445662278,0.037));
#17961=CARTESIAN_POINT('',(-0.0350245190528383,0.00114054445662278,0.038));
#17962=CARTESIAN_POINT('',(-0.04,1.38777878078145E-17,0.038));
#17963=CARTESIAN_POINT('',(-0.0415,0.00487916512459887,0.038));
#17964=CARTESIAN_POINT('',(-0.0415,0.00487916512459887,0.037));
#17965=CARTESIAN_POINT('',(-0.0415,0.00412916512459887,0.037));
#17966=CARTESIAN_POINT('',(-0.0415,0.00412916512459887,0.038));
#17967=CARTESIAN_POINT('',(-0.0415,0.00412916512459887,0.038));
#17968=CARTESIAN_POINT('',(-0.0415,0.00487916512459887,0.038));
#17969=CARTESIAN_POINT('',(-0.04,0.00412916512459886,0.038));
#17970=CARTESIAN_POINT('',(-0.04,0.00412916512459886,0.035));
#17971=CARTESIAN_POINT('',(-0.0415,0.00412916512459886,0.035));
#17972=CARTESIAN_POINT('',(-0.0385,0.00412916512459886,0.035));
#17973=CARTESIAN_POINT('',(-0.0385,0.00412916512459886,0.037));
#17974=CARTESIAN_POINT('',(-0.0385,0.00412916512459886,0.037));
#17975=CARTESIAN_POINT('',(-0.0385,0.00412916512459886,0.038));
#17976=CARTESIAN_POINT('',(-0.0385,0.00412916512459886,0.038));
#17977=CARTESIAN_POINT('',(-0.04,0.00412916512459886,0.038));
#17978=CARTESIAN_POINT('',(-0.0415,0.00412916512459886,0.037));
#17979=CARTESIAN_POINT('',(-0.0385,0.00487916512459886,0.038));
#17980=CARTESIAN_POINT('',(-0.0385,0.00487916512459886,0.037));
#17981=CARTESIAN_POINT('',(-0.0385,0.00487916512459886,0.038));
#17982=CARTESIAN_POINT('',(-0.04,1.7347234759768E-17,0.038));
#17983=CARTESIAN_POINT('',(-0.0378370190528384,0.00374639289628748,0.037));
#17984=CARTESIAN_POINT('',(-0.0378370190528384,0.00374639289628748,0.035));
#17985=CARTESIAN_POINT('',(-0.0378370190528384,0.00374639289628748,0.037));
#17986=CARTESIAN_POINT('',(-0.04,1.38777878078145E-17,0.037));
#17987=CARTESIAN_POINT('',(-0.0421629809471617,0.00374639289628748,0.037));
#17988=CARTESIAN_POINT('',(-0.0421629809471617,0.00374639289628748,0.035));
#17989=CARTESIAN_POINT('',(-0.0421629809471617,0.00374639289628748,0.037));
#17990=CARTESIAN_POINT('',(-0.04,1.38777878078145E-17,0.037));
#17991=CARTESIAN_POINT('',(-0.0356740381056766,1.04083408558608E-17,0.037));
#17992=CARTESIAN_POINT('',(-0.0356740381056766,1.04083408558608E-17,0.035));
#17993=CARTESIAN_POINT('',(-0.0356740381056766,1.04083408558608E-17,0.037));
#17994=CARTESIAN_POINT('',(-0.04,1.38777878078145E-17,0.037));
#17995=CARTESIAN_POINT('',(-0.0378370190528384,-0.00374639289628745,0.037));
#17996=CARTESIAN_POINT('',(-0.0378370190528384,-0.00374639289628745,0.035));
#17997=CARTESIAN_POINT('',(-0.0378370190528384,-0.00374639289628745,0.037));
#17998=CARTESIAN_POINT('',(-0.04,1.38777878078145E-17,0.037));
#17999=CARTESIAN_POINT('',(-0.0421629809471617,-0.00374639289628745,0.037));
#18000=CARTESIAN_POINT('',(-0.0421629809471617,-0.00374639289628745,0.035));
#18001=CARTESIAN_POINT('',(-0.0421629809471617,-0.00374639289628745,0.037));
#18002=CARTESIAN_POINT('',(-0.04,1.38777878078145E-17,0.037));
#18003=CARTESIAN_POINT('',(-0.0443259618943233,1.7347234759768E-17,0.037));
#18004=CARTESIAN_POINT('',(-0.0443259618943233,1.7347234759768E-17,0.035));
#18005=CARTESIAN_POINT('',(-0.0443259618943233,1.7347234759768E-17,0.037));
#18006=CARTESIAN_POINT('',(-0.04,1.38777878078145E-17,0.037));
#18007=CARTESIAN_POINT('',(0.02,0.0346410161513775,0.035));
#18008=CARTESIAN_POINT('',(0.04,-2.42861286636753E-17,0.035));
#18009=CARTESIAN_POINT('',(0.02,-0.0346410161513775,0.035));
#18010=CARTESIAN_POINT('',(-0.02,-0.0346410161513775,0.035));
#18011=CARTESIAN_POINT('',(-0.04,1.04083408558608E-17,0.035));
#18012=MECHANICAL_DESIGN_GEOMETRIC_PRESENTATION_REPRESENTATION('',(#11298),
#18013);
#18013=(
GEOMETRIC_REPRESENTATION_CONTEXT(3)
GLOBAL_UNCERTAINTY_ASSIGNED_CONTEXT((#18014))
GLOBAL_UNIT_ASSIGNED_CONTEXT((#18017,#18016,#18015))
REPRESENTATION_CONTEXT('Castle','TOP_LEVEL_ASSEMBLY_PART')
);
#18014=UNCERTAINTY_MEASURE_WITH_UNIT(LENGTH_MEASURE(1.E-8),#18017,
'DISTANCE_ACCURACY_VALUE','Maximum Tolerance applied to model');
#18015=(
NAMED_UNIT(*)
SI_UNIT($,.STERADIAN.)
SOLID_ANGLE_UNIT()
);
#18016=(
NAMED_UNIT(*)
PLANE_ANGLE_UNIT()
SI_UNIT($,.RADIAN.)
);
#18017=(
LENGTH_UNIT()
NAMED_UNIT(*)
SI_UNIT($,.METRE.)
);
#18018=PRODUCT_DEFINITION_SHAPE('','',#18019);
#18019=PRODUCT_DEFINITION('','',#18021,#18020);
#18020=PRODUCT_DEFINITION_CONTEXT('',#18027,'design');
#18021=PRODUCT_DEFINITION_FORMATION_WITH_SPECIFIED_SOURCE('','',#18023,
 .NOT_KNOWN.);
#18022=PRODUCT_RELATED_PRODUCT_CATEGORY('','',(#18023));
#18023=PRODUCT('Castle','Castle','Castle',(#18025));
#18024=PRODUCT_CATEGORY('','');
#18025=PRODUCT_CONTEXT('',#18027,'mechanical');
#18026=APPLICATION_PROTOCOL_DEFINITION('international standard',
'ap242_managed_model_based_3d_engineering',2020,#18027);
#18027=APPLICATION_CONTEXT('managed model based 3d engineering');
ENDSEC;
END-ISO-10303-21;
