ISO-10303-21;
HEADER;
/* Generated by software containing ST-Developer
 * from STEP Tools, Inc. (www.steptools.com) 
 */
/* OPTION: using custom renumber hook */

FILE_DESCRIPTION(
/* description */ ('STEP AP242 Edition 2',
'CAx-IF Rec.Pracs.---Representation and Presentation of Product Manufa
cturing Information (PMI)---4.0---2014-10-13',
'CAx-IF Rec.Pracs.---3D Tessellated Geometry---0.4---2014-09-14','2;1',
'CAx-IF Rec.Pracs.---User Defined Attributes---1.5---2016-08-15'),
/* implementation_level */ '2;1');

FILE_NAME(
/* name */ 'Orrery - DriveGear',
/* time_stamp */ '2026-02-03T02:10:20Z',
/* author */ (''),
/* organization */ (''),
/* preprocessor_version */ 'ST-DEVELOPER v20',
/* originating_system */ 'ONSHAPE BY PTC INC, 1.210',
/* authorisation */ '  ');

FILE_SCHEMA (('AP242_MANAGED_MODEL_BASED_3D_ENGINEERING_MIM_LF { 1 0 10303 442 3 1 4 }'));
ENDSEC;

DATA;
#10=SHAPE_REPRESENTATION_RELATIONSHIP('','',#1193,#11);
#11=ADVANCED_BREP_SHAPE_REPRESENTATION('',(#1191),#4145);
#12=B_SPLINE_SURFACE_WITH_KNOTS('',3,1,((#3590,#3591),(#3592,#3593),(#3594,
#3595),(#3596,#3597),(#3598,#3599),(#3600,#3601),(#3602,#3603),(#3604,#3605),
(#3606,#3607),(#3608,#3609),(#3610,#3611),(#3612,#3613)),
 .SURF_OF_LINEAR_EXTRUSION.,.F.,.F.,.F.,(4,1,1,1,1,1,1,1,1,4),(2,2),(0.0344739747257089,
0.0942195892925299,0.153965203859351,0.213710818426172,0.273456432992993,
0.392947662126635,0.512438891260277,0.631930120393919,0.751421349527561,
0.990403807794845),(0.,1.),.UNSPECIFIED.);
#13=B_SPLINE_SURFACE_WITH_KNOTS('',3,1,((#3615,#3616),(#3617,#3618),(#3619,
#3620),(#3621,#3622),(#3623,#3624),(#3625,#3626),(#3627,#3628),(#3629,#3630),
(#3631,#3632),(#3633,#3634),(#3635,#3636),(#3637,#3638)),
 .SURF_OF_LINEAR_EXTRUSION.,.F.,.F.,.F.,(4,1,1,1,1,1,1,1,1,4),(2,2),(0.0344739747257061,
0.0942195892925273,0.153965203859348,0.21371081842617,0.273456432992991,
0.392947662126633,0.512438891260276,0.631930120393918,0.75142134952756,
0.990403807794845),(0.,1.),.UNSPECIFIED.);
#14=B_SPLINE_SURFACE_WITH_KNOTS('',3,1,((#3645,#3646),(#3647,#3648),(#3649,
#3650),(#3651,#3652),(#3653,#3654),(#3655,#3656),(#3657,#3658),(#3659,#3660),
(#3661,#3662),(#3663,#3664),(#3665,#3666),(#3667,#3668)),
 .SURF_OF_LINEAR_EXTRUSION.,.F.,.F.,.F.,(4,1,1,1,1,1,1,1,1,4),(2,2),(0.0344739747257049,
0.0942195892925261,0.153965203859347,0.213710818426169,0.27345643299299,
0.392947662126632,0.512438891260275,0.631930120393917,0.75142134952756,
0.990403807794845),(0.,1.),.UNSPECIFIED.);
#15=B_SPLINE_SURFACE_WITH_KNOTS('',3,1,((#3670,#3671),(#3672,#3673),(#3674,
#3675),(#3676,#3677),(#3678,#3679),(#3680,#3681),(#3682,#3683),(#3684,#3685),
(#3686,#3687),(#3688,#3689),(#3690,#3691),(#3692,#3693)),
 .SURF_OF_LINEAR_EXTRUSION.,.F.,.F.,.F.,(4,1,1,1,1,1,1,1,1,4),(2,2),(0.0344739747257095,
0.0942195892925304,0.153965203859351,0.213710818426172,0.273456432992993,
0.392947662126635,0.512438891260277,0.631930120393919,0.751421349527561,
0.990403807794845),(0.,1.),.UNSPECIFIED.);
#16=B_SPLINE_SURFACE_WITH_KNOTS('',3,1,((#3700,#3701),(#3702,#3703),(#3704,
#3705),(#3706,#3707),(#3708,#3709),(#3710,#3711),(#3712,#3713),(#3714,#3715),
(#3716,#3717),(#3718,#3719),(#3720,#3721),(#3722,#3723)),
 .SURF_OF_LINEAR_EXTRUSION.,.F.,.F.,.F.,(4,1,1,1,1,1,1,1,1,4),(2,2),(0.0344739747257089,
0.0942195892925299,0.153965203859351,0.213710818426172,0.273456432992993,
0.392947662126635,0.512438891260277,0.631930120393919,0.751421349527561,
0.990403807794845),(0.,1.),.UNSPECIFIED.);
#17=B_SPLINE_SURFACE_WITH_KNOTS('',3,1,((#3725,#3726),(#3727,#3728),(#3729,
#3730),(#3731,#3732),(#3733,#3734),(#3735,#3736),(#3737,#3738),(#3739,#3740),
(#3741,#3742),(#3743,#3744),(#3745,#3746),(#3747,#3748)),
 .SURF_OF_LINEAR_EXTRUSION.,.F.,.F.,.F.,(4,1,1,1,1,1,1,1,1,4),(2,2),(0.0344739747257059,
0.0942195892925271,0.153965203859348,0.213710818426169,0.273456432992991,
0.392947662126633,0.512438891260275,0.631930120393918,0.75142134952756,
0.990403807794845),(0.,1.),.UNSPECIFIED.);
#18=B_SPLINE_SURFACE_WITH_KNOTS('',3,1,((#3755,#3756),(#3757,#3758),(#3759,
#3760),(#3761,#3762),(#3763,#3764),(#3765,#3766),(#3767,#3768),(#3769,#3770),
(#3771,#3772),(#3773,#3774),(#3775,#3776),(#3777,#3778)),
 .SURF_OF_LINEAR_EXTRUSION.,.F.,.F.,.F.,(4,1,1,1,1,1,1,1,1,4),(2,2),(0.0344739747257088,
0.0942195892925298,0.153965203859351,0.213710818426172,0.273456432992993,
0.392947662126635,0.512438891260277,0.631930120393919,0.751421349527561,
0.990403807794845),(0.,1.),.UNSPECIFIED.);
#19=B_SPLINE_SURFACE_WITH_KNOTS('',3,1,((#3780,#3781),(#3782,#3783),(#3784,
#3785),(#3786,#3787),(#3788,#3789),(#3790,#3791),(#3792,#3793),(#3794,#3795),
(#3796,#3797),(#3798,#3799),(#3800,#3801),(#3802,#3803)),
 .SURF_OF_LINEAR_EXTRUSION.,.F.,.F.,.F.,(4,1,1,1,1,1,1,1,1,4),(2,2),(0.0344739747257046,
0.0942195892925259,0.153965203859347,0.213710818426168,0.27345643299299,
0.392947662126632,0.512438891260275,0.631930120393917,0.75142134952756,
0.990403807794845),(0.,1.),.UNSPECIFIED.);
#20=B_SPLINE_SURFACE_WITH_KNOTS('',3,1,((#3810,#3811),(#3812,#3813),(#3814,
#3815),(#3816,#3817),(#3818,#3819),(#3820,#3821),(#3822,#3823),(#3824,#3825),
(#3826,#3827),(#3828,#3829),(#3830,#3831),(#3832,#3833)),
 .SURF_OF_LINEAR_EXTRUSION.,.F.,.F.,.F.,(4,1,1,1,1,1,1,1,1,4),(2,2),(0.0344739747257063,
0.0942195892925275,0.153965203859349,0.21371081842617,0.273456432992991,
0.392947662126633,0.512438891260276,0.631930120393918,0.75142134952756,
0.990403807794845),(0.,1.),.UNSPECIFIED.);
#21=B_SPLINE_SURFACE_WITH_KNOTS('',3,1,((#3835,#3836),(#3837,#3838),(#3839,
#3840),(#3841,#3842),(#3843,#3844),(#3845,#3846),(#3847,#3848),(#3849,#3850),
(#3851,#3852),(#3853,#3854),(#3855,#3856),(#3857,#3858)),
 .SURF_OF_LINEAR_EXTRUSION.,.F.,.F.,.F.,(4,1,1,1,1,1,1,1,1,4),(2,2),(0.0344739747257008,
0.0942195892925223,0.153965203859344,0.213710818426165,0.273456432992987,
0.39294766212663,0.512438891260273,0.631930120393916,0.751421349527559,
0.990403807794845),(0.,1.),.UNSPECIFIED.);
#22=B_SPLINE_SURFACE_WITH_KNOTS('',3,1,((#3865,#3866),(#3867,#3868),(#3869,
#3870),(#3871,#3872),(#3873,#3874),(#3875,#3876),(#3877,#3878),(#3879,#3880),
(#3881,#3882),(#3883,#3884),(#3885,#3886),(#3887,#3888)),
 .SURF_OF_LINEAR_EXTRUSION.,.F.,.F.,.F.,(4,1,1,1,1,1,1,1,1,4),(2,2),(0.0344739747257097,
0.0942195892925306,0.153965203859352,0.213710818426173,0.273456432992993,
0.392947662126635,0.512438891260277,0.631930120393919,0.751421349527561,
0.990403807794845),(0.,1.),.UNSPECIFIED.);
#23=B_SPLINE_SURFACE_WITH_KNOTS('',3,1,((#3890,#3891),(#3892,#3893),(#3894,
#3895),(#3896,#3897),(#3898,#3899),(#3900,#3901),(#3902,#3903),(#3904,#3905),
(#3906,#3907),(#3908,#3909),(#3910,#3911),(#3912,#3913)),
 .SURF_OF_LINEAR_EXTRUSION.,.F.,.F.,.F.,(4,1,1,1,1,1,1,1,1,4),(2,2),(0.0344739747257048,
0.0942195892925261,0.153965203859347,0.213710818426169,0.27345643299299,
0.392947662126632,0.512438891260275,0.631930120393917,0.75142134952756,
0.990403807794845),(0.,1.),.UNSPECIFIED.);
#24=B_SPLINE_SURFACE_WITH_KNOTS('',3,1,((#3920,#3921),(#3922,#3923),(#3924,
#3925),(#3926,#3927),(#3928,#3929),(#3930,#3931),(#3932,#3933),(#3934,#3935),
(#3936,#3937),(#3938,#3939),(#3940,#3941),(#3942,#3943)),
 .SURF_OF_LINEAR_EXTRUSION.,.F.,.F.,.F.,(4,1,1,1,1,1,1,1,1,4),(2,2),(0.0344739747257096,
0.0942195892925306,0.153965203859352,0.213710818426173,0.273456432992993,
0.392947662126635,0.512438891260277,0.631930120393919,0.751421349527561,
0.990403807794845),(0.,1.),.UNSPECIFIED.);
#25=B_SPLINE_SURFACE_WITH_KNOTS('',3,1,((#3945,#3946),(#3947,#3948),(#3949,
#3950),(#3951,#3952),(#3953,#3954),(#3955,#3956),(#3957,#3958),(#3959,#3960),
(#3961,#3962),(#3963,#3964),(#3965,#3966),(#3967,#3968)),
 .SURF_OF_LINEAR_EXTRUSION.,.F.,.F.,.F.,(4,1,1,1,1,1,1,1,1,4),(2,2),(0.0344739747257055,
0.0942195892925267,0.153965203859348,0.213710818426169,0.27345643299299,
0.392947662126633,0.512438891260275,0.631930120393918,0.75142134952756,
0.990403807794845),(0.,1.),.UNSPECIFIED.);
#26=B_SPLINE_SURFACE_WITH_KNOTS('',3,1,((#3975,#3976),(#3977,#3978),(#3979,
#3980),(#3981,#3982),(#3983,#3984),(#3985,#3986),(#3987,#3988),(#3989,#3990),
(#3991,#3992),(#3993,#3994),(#3995,#3996),(#3997,#3998)),
 .SURF_OF_LINEAR_EXTRUSION.,.F.,.F.,.F.,(4,1,1,1,1,1,1,1,1,4),(2,2),(0.03447397472571,
0.0942195892925309,0.153965203859352,0.213710818426173,0.273456432992994,
0.392947662126636,0.512438891260277,0.631930120393919,0.751421349527561,
0.990403807794845),(0.,1.),.UNSPECIFIED.);
#27=B_SPLINE_SURFACE_WITH_KNOTS('',3,1,((#4000,#4001),(#4002,#4003),(#4004,
#4005),(#4006,#4007),(#4008,#4009),(#4010,#4011),(#4012,#4013),(#4014,#4015),
(#4016,#4017),(#4018,#4019),(#4020,#4021),(#4022,#4023)),
 .SURF_OF_LINEAR_EXTRUSION.,.F.,.F.,.F.,(4,1,1,1,1,1,1,1,1,4),(2,2),(0.0344739747257096,
0.0942195892925306,0.153965203859352,0.213710818426172,0.273456432992993,
0.392947662126635,0.512438891260277,0.631930120393919,0.751421349527561,
0.990403807794845),(0.,1.),.UNSPECIFIED.);
#28=B_SPLINE_SURFACE_WITH_KNOTS('',3,1,((#4030,#4031),(#4032,#4033),(#4034,
#4035),(#4036,#4037),(#4038,#4039),(#4040,#4041),(#4042,#4043),(#4044,#4045),
(#4046,#4047),(#4048,#4049),(#4050,#4051),(#4052,#4053)),
 .SURF_OF_LINEAR_EXTRUSION.,.F.,.F.,.F.,(4,1,1,1,1,1,1,1,1,4),(2,2),(0.0344739747257083,
0.0942195892925293,0.15396520385935,0.213710818426171,0.273456432992992,
0.392947662126635,0.512438891260277,0.631930120393919,0.751421349527561,
0.990403807794845),(0.,1.),.UNSPECIFIED.);
#29=B_SPLINE_SURFACE_WITH_KNOTS('',3,1,((#4055,#4056),(#4057,#4058),(#4059,
#4060),(#4061,#4062),(#4063,#4064),(#4065,#4066),(#4067,#4068),(#4069,#4070),
(#4071,#4072),(#4073,#4074),(#4075,#4076),(#4077,#4078)),
 .SURF_OF_LINEAR_EXTRUSION.,.F.,.F.,.F.,(4,1,1,1,1,1,1,1,1,4),(2,2),(0.0344739747257052,
0.0942195892925264,0.153965203859348,0.213710818426169,0.27345643299299,
0.392947662126633,0.512438891260275,0.631930120393918,0.75142134952756,
0.990403807794845),(0.,1.),.UNSPECIFIED.);
#30=B_SPLINE_SURFACE_WITH_KNOTS('',3,1,((#4085,#4086),(#4087,#4088),(#4089,
#4090),(#4091,#4092),(#4093,#4094),(#4095,#4096),(#4097,#4098),(#4099,#4100),
(#4101,#4102),(#4103,#4104),(#4105,#4106),(#4107,#4108)),
 .SURF_OF_LINEAR_EXTRUSION.,.F.,.F.,.F.,(4,1,1,1,1,1,1,1,1,4),(2,2),(0.0344739747257067,
0.0942195892925278,0.153965203859349,0.21371081842617,0.273456432992991,
0.392947662126633,0.512438891260276,0.631930120393918,0.75142134952756,
0.990403807794845),(0.,1.),.UNSPECIFIED.);
#31=B_SPLINE_SURFACE_WITH_KNOTS('',3,1,((#4110,#4111),(#4112,#4113),(#4114,
#4115),(#4116,#4117),(#4118,#4119),(#4120,#4121),(#4122,#4123),(#4124,#4125),
(#4126,#4127),(#4128,#4129),(#4130,#4131),(#4132,#4133)),
 .SURF_OF_LINEAR_EXTRUSION.,.F.,.F.,.F.,(4,1,1,1,1,1,1,1,1,4),(2,2),(0.0344739747257008,
0.0942195892925223,0.153965203859344,0.213710818426165,0.273456432992987,
0.39294766212663,0.512438891260273,0.631930120393916,0.751421349527559,
0.990403807794845),(0.,1.),.UNSPECIFIED.);
#32=B_SPLINE_CURVE_WITH_KNOTS('',3,(#1721,#1722,#1723,#1724,#1725,#1726,
#1727,#1728,#1729,#1730,#1731,#1732,#1733,#1734,#1735,#1736,#1737,#1738,
#1739,#1740,#1741,#1742,#1743,#1744,#1745,#1746,#1747,#1748,#1749,#1750,
#1751,#1752,#1753,#1754,#1755,#1756,#1757,#1758,#1759,#1760,#1761,#1762,
#1763),.UNSPECIFIED.,.F.,.F.,(4,1,1,1,1,1,1,1,1,1,1,1,1,1,1,1,1,1,1,1,1,
1,1,1,1,1,1,1,1,1,1,1,1,1,1,1,1,1,1,1,4),(0.,0.117996296856314,0.124426033670091,
0.132726786563831,0.142548369305151,0.153684997090551,0.165997002215643,
0.179381562815306,0.193758887148338,0.209064717661355,0.22524586226041,
0.242257341721887,0.260060471403706,0.278621517158669,0.297910721719961,
0.317901579773789,0.338570285559938,0.359895303544482,0.381857029005498,
0.404437515679243,0.42762025433613,0.451389990658905,0.475732573884269,
0.500634829832699,0.526084453495243,0.552069917466761,0.578580393340842,
0.605605683798671,0.633136163590966,0.661162727969454,0.689676747400822,
0.718670027612042,0.74813477418626,0.778063561063813,0.808449302411412,
0.83928522741013,0.870564857583963,0.90228198634901,0.934430660511207,0.967005163480201,
0.990403807794845),.UNSPECIFIED.);
#33=B_SPLINE_CURVE_WITH_KNOTS('',3,(#1764,#1765,#1766,#1767,#1768,#1769,
#1770,#1771,#1772,#1773,#1774,#1775,#1776,#1777,#1778,#1779,#1780,#1781,
#1782,#1783,#1784,#1785,#1786,#1787,#1788,#1789,#1790,#1791,#1792,#1793,
#1794,#1795,#1796,#1797,#1798,#1799,#1800,#1801,#1802,#1803,#1804,#1805,
#1806),.UNSPECIFIED.,.F.,.F.,(4,1,1,1,1,1,1,1,1,1,1,1,1,1,1,1,1,1,1,1,1,
1,1,1,1,1,1,1,1,1,1,1,1,1,1,1,1,1,1,1,4),(0.,0.117996296856314,0.124426033670091,
0.132726786563831,0.142548369305151,0.153684997090551,0.165997002215643,
0.179381562815306,0.193758887148338,0.209064717661355,0.22524586226041,
0.242257341721887,0.260060471403706,0.278621517158669,0.297910721719961,
0.317901579773789,0.338570285559938,0.359895303544482,0.381857029005498,
0.404437515679243,0.42762025433613,0.451389990658905,0.475732573884269,
0.500634829832699,0.526084453495243,0.552069917466761,0.578580393340842,
0.605605683798671,0.633136163590966,0.661162727969454,0.689676747400822,
0.718670027612042,0.74813477418626,0.778063561063813,0.808449302411412,
0.83928522741013,0.870564857583963,0.90228198634901,0.934430660511207,0.967005163480201,
0.990403807794845),.UNSPECIFIED.);
#34=B_SPLINE_CURVE_WITH_KNOTS('',3,(#1814,#1815,#1816,#1817,#1818,#1819,
#1820,#1821,#1822,#1823,#1824,#1825,#1826,#1827,#1828,#1829,#1830,#1831,
#1832,#1833,#1834,#1835,#1836,#1837,#1838,#1839,#1840,#1841,#1842,#1843,
#1844,#1845,#1846,#1847,#1848,#1849,#1850,#1851,#1852,#1853,#1854,#1855,
#1856),.UNSPECIFIED.,.F.,.F.,(4,1,1,1,1,1,1,1,1,1,1,1,1,1,1,1,1,1,1,1,1,
1,1,1,1,1,1,1,1,1,1,1,1,1,1,1,1,1,1,1,4),(0.,0.117996296856314,0.124426033670091,
0.132726786563831,0.142548369305151,0.153684997090551,0.165997002215643,
0.179381562815306,0.193758887148338,0.209064717661355,0.22524586226041,
0.242257341721887,0.260060471403706,0.278621517158669,0.297910721719961,
0.317901579773789,0.338570285559938,0.359895303544482,0.381857029005498,
0.404437515679243,0.42762025433613,0.451389990658905,0.475732573884269,
0.500634829832699,0.526084453495243,0.552069917466761,0.578580393340842,
0.605605683798671,0.633136163590966,0.661162727969454,0.689676747400822,
0.718670027612042,0.74813477418626,0.778063561063813,0.808449302411412,
0.83928522741013,0.870564857583963,0.90228198634901,0.934430660511207,0.967005163480201,
0.990403807794845),.UNSPECIFIED.);
#35=B_SPLINE_CURVE_WITH_KNOTS('',3,(#1857,#1858,#1859,#1860,#1861,#1862,
#1863,#1864,#1865,#1866,#1867,#1868,#1869,#1870,#1871,#1872,#1873,#1874,
#1875,#1876,#1877,#1878,#1879,#1880,#1881,#1882,#1883,#1884,#1885,#1886,
#1887,#1888,#1889,#1890,#1891,#1892,#1893,#1894,#1895,#1896,#1897,#1898,
#1899),.UNSPECIFIED.,.F.,.F.,(4,1,1,1,1,1,1,1,1,1,1,1,1,1,1,1,1,1,1,1,1,
1,1,1,1,1,1,1,1,1,1,1,1,1,1,1,1,1,1,1,4),(0.,0.117996296856314,0.124426033670091,
0.132726786563831,0.142548369305151,0.153684997090551,0.165997002215643,
0.179381562815306,0.193758887148338,0.209064717661355,0.22524586226041,
0.242257341721887,0.260060471403706,0.278621517158669,0.297910721719961,
0.317901579773789,0.338570285559938,0.359895303544482,0.381857029005498,
0.404437515679243,0.42762025433613,0.451389990658905,0.475732573884269,
0.500634829832699,0.526084453495243,0.552069917466761,0.578580393340842,
0.605605683798671,0.633136163590966,0.661162727969454,0.689676747400822,
0.718670027612042,0.74813477418626,0.778063561063813,0.808449302411412,
0.83928522741013,0.870564857583963,0.90228198634901,0.934430660511207,0.967005163480201,
0.990403807794845),.UNSPECIFIED.);
#36=B_SPLINE_CURVE_WITH_KNOTS('',3,(#1907,#1908,#1909,#1910,#1911,#1912,
#1913,#1914,#1915,#1916,#1917,#1918,#1919,#1920,#1921,#1922,#1923,#1924,
#1925,#1926,#1927,#1928,#1929,#1930,#1931,#1932,#1933,#1934,#1935,#1936,
#1937,#1938,#1939,#1940,#1941,#1942,#1943,#1944,#1945,#1946,#1947,#1948,
#1949),.UNSPECIFIED.,.F.,.F.,(4,1,1,1,1,1,1,1,1,1,1,1,1,1,1,1,1,1,1,1,1,
1,1,1,1,1,1,1,1,1,1,1,1,1,1,1,1,1,1,1,4),(0.,0.117996296856314,0.124426033670091,
0.132726786563831,0.142548369305151,0.153684997090551,0.165997002215643,
0.179381562815306,0.193758887148338,0.209064717661355,0.22524586226041,
0.242257341721887,0.260060471403706,0.278621517158669,0.297910721719961,
0.317901579773789,0.338570285559938,0.359895303544482,0.381857029005498,
0.404437515679243,0.42762025433613,0.451389990658905,0.475732573884269,
0.500634829832699,0.526084453495243,0.552069917466761,0.578580393340842,
0.605605683798671,0.633136163590966,0.661162727969454,0.689676747400822,
0.718670027612042,0.74813477418626,0.778063561063813,0.808449302411412,
0.83928522741013,0.870564857583963,0.90228198634901,0.934430660511207,0.967005163480201,
0.990403807794845),.UNSPECIFIED.);
#37=B_SPLINE_CURVE_WITH_KNOTS('',3,(#1950,#1951,#1952,#1953,#1954,#1955,
#1956,#1957,#1958,#1959,#1960,#1961,#1962,#1963,#1964,#1965,#1966,#1967,
#1968,#1969,#1970,#1971,#1972,#1973,#1974,#1975,#1976,#1977,#1978,#1979,
#1980,#1981,#1982,#1983,#1984,#1985,#1986,#1987,#1988,#1989,#1990,#1991,
#1992),.UNSPECIFIED.,.F.,.F.,(4,1,1,1,1,1,1,1,1,1,1,1,1,1,1,1,1,1,1,1,1,
1,1,1,1,1,1,1,1,1,1,1,1,1,1,1,1,1,1,1,4),(0.,0.117996296856314,0.124426033670091,
0.132726786563831,0.142548369305151,0.153684997090551,0.165997002215643,
0.179381562815306,0.193758887148338,0.209064717661355,0.22524586226041,
0.242257341721887,0.260060471403706,0.278621517158669,0.297910721719961,
0.317901579773789,0.338570285559938,0.359895303544482,0.381857029005498,
0.404437515679243,0.42762025433613,0.451389990658905,0.475732573884269,
0.500634829832699,0.526084453495243,0.552069917466761,0.578580393340842,
0.605605683798671,0.633136163590966,0.661162727969454,0.689676747400822,
0.718670027612042,0.74813477418626,0.778063561063813,0.808449302411412,
0.83928522741013,0.870564857583963,0.90228198634901,0.934430660511207,0.967005163480201,
0.990403807794845),.UNSPECIFIED.);
#38=B_SPLINE_CURVE_WITH_KNOTS('',3,(#2000,#2001,#2002,#2003,#2004,#2005,
#2006,#2007,#2008,#2009,#2010,#2011,#2012,#2013,#2014,#2015,#2016,#2017,
#2018,#2019,#2020,#2021,#2022,#2023,#2024,#2025,#2026,#2027,#2028,#2029,
#2030,#2031,#2032,#2033,#2034,#2035,#2036,#2037,#2038,#2039,#2040,#2041,
#2042),.UNSPECIFIED.,.F.,.F.,(4,1,1,1,1,1,1,1,1,1,1,1,1,1,1,1,1,1,1,1,1,
1,1,1,1,1,1,1,1,1,1,1,1,1,1,1,1,1,1,1,4),(0.,0.117996296856314,0.124426033670091,
0.132726786563831,0.142548369305151,0.153684997090551,0.165997002215643,
0.179381562815306,0.193758887148338,0.209064717661355,0.22524586226041,
0.242257341721887,0.260060471403706,0.278621517158669,0.297910721719961,
0.317901579773789,0.338570285559938,0.359895303544482,0.381857029005498,
0.404437515679243,0.42762025433613,0.451389990658905,0.475732573884269,
0.500634829832699,0.526084453495243,0.552069917466761,0.578580393340842,
0.605605683798671,0.633136163590966,0.661162727969454,0.689676747400822,
0.718670027612042,0.74813477418626,0.778063561063813,0.808449302411412,
0.83928522741013,0.870564857583963,0.90228198634901,0.934430660511207,0.967005163480201,
0.990403807794845),.UNSPECIFIED.);
#39=B_SPLINE_CURVE_WITH_KNOTS('',3,(#2043,#2044,#2045,#2046,#2047,#2048,
#2049,#2050,#2051,#2052,#2053,#2054,#2055,#2056,#2057,#2058,#2059,#2060,
#2061,#2062,#2063,#2064,#2065,#2066,#2067,#2068,#2069,#2070,#2071,#2072,
#2073,#2074,#2075,#2076,#2077,#2078,#2079,#2080,#2081,#2082,#2083,#2084,
#2085),.UNSPECIFIED.,.F.,.F.,(4,1,1,1,1,1,1,1,1,1,1,1,1,1,1,1,1,1,1,1,1,
1,1,1,1,1,1,1,1,1,1,1,1,1,1,1,1,1,1,1,4),(0.,0.117996296856314,0.124426033670091,
0.132726786563831,0.142548369305151,0.153684997090551,0.165997002215643,
0.179381562815306,0.193758887148338,0.209064717661355,0.22524586226041,
0.242257341721887,0.260060471403706,0.278621517158669,0.297910721719961,
0.317901579773789,0.338570285559938,0.359895303544482,0.381857029005498,
0.404437515679243,0.42762025433613,0.451389990658905,0.475732573884269,
0.500634829832699,0.526084453495243,0.552069917466761,0.578580393340842,
0.605605683798671,0.633136163590966,0.661162727969454,0.689676747400822,
0.718670027612042,0.74813477418626,0.778063561063813,0.808449302411412,
0.83928522741013,0.870564857583963,0.90228198634901,0.934430660511207,0.967005163480201,
0.990403807794845),.UNSPECIFIED.);
#40=B_SPLINE_CURVE_WITH_KNOTS('',3,(#2093,#2094,#2095,#2096,#2097,#2098,
#2099,#2100,#2101,#2102,#2103,#2104,#2105,#2106,#2107,#2108,#2109,#2110,
#2111,#2112,#2113,#2114,#2115,#2116,#2117,#2118,#2119,#2120,#2121,#2122,
#2123,#2124,#2125,#2126,#2127,#2128,#2129,#2130,#2131,#2132,#2133,#2134,
#2135),.UNSPECIFIED.,.F.,.F.,(4,1,1,1,1,1,1,1,1,1,1,1,1,1,1,1,1,1,1,1,1,
1,1,1,1,1,1,1,1,1,1,1,1,1,1,1,1,1,1,1,4),(0.,0.117996296856314,0.124426033670091,
0.132726786563831,0.142548369305151,0.153684997090551,0.165997002215643,
0.179381562815306,0.193758887148338,0.209064717661355,0.22524586226041,
0.242257341721887,0.260060471403706,0.278621517158669,0.297910721719961,
0.317901579773789,0.338570285559938,0.359895303544482,0.381857029005498,
0.404437515679243,0.42762025433613,0.451389990658905,0.475732573884269,
0.500634829832699,0.526084453495243,0.552069917466761,0.578580393340842,
0.605605683798671,0.633136163590966,0.661162727969454,0.689676747400822,
0.718670027612042,0.74813477418626,0.778063561063813,0.808449302411412,
0.83928522741013,0.870564857583963,0.90228198634901,0.934430660511207,0.967005163480201,
0.990403807794845),.UNSPECIFIED.);
#41=B_SPLINE_CURVE_WITH_KNOTS('',3,(#2136,#2137,#2138,#2139,#2140,#2141,
#2142,#2143,#2144,#2145,#2146,#2147,#2148,#2149,#2150,#2151,#2152,#2153,
#2154,#2155,#2156,#2157,#2158,#2159,#2160,#2161,#2162,#2163,#2164,#2165,
#2166,#2167,#2168,#2169,#2170,#2171,#2172,#2173,#2174,#2175,#2176,#2177,
#2178),.UNSPECIFIED.,.F.,.F.,(4,1,1,1,1,1,1,1,1,1,1,1,1,1,1,1,1,1,1,1,1,
1,1,1,1,1,1,1,1,1,1,1,1,1,1,1,1,1,1,1,4),(0.,0.117996296856314,0.124426033670091,
0.132726786563831,0.142548369305151,0.153684997090551,0.165997002215643,
0.179381562815306,0.193758887148338,0.209064717661355,0.22524586226041,
0.242257341721887,0.260060471403706,0.278621517158669,0.297910721719961,
0.317901579773789,0.338570285559938,0.359895303544482,0.381857029005498,
0.404437515679243,0.42762025433613,0.451389990658905,0.475732573884269,
0.500634829832699,0.526084453495243,0.552069917466761,0.578580393340842,
0.605605683798671,0.633136163590966,0.661162727969454,0.689676747400822,
0.718670027612042,0.74813477418626,0.778063561063813,0.808449302411412,
0.83928522741013,0.870564857583963,0.90228198634901,0.934430660511207,0.967005163480201,
0.990403807794845),.UNSPECIFIED.);
#42=B_SPLINE_CURVE_WITH_KNOTS('',3,(#2186,#2187,#2188,#2189,#2190,#2191,
#2192,#2193,#2194,#2195,#2196,#2197,#2198,#2199,#2200,#2201,#2202,#2203,
#2204,#2205,#2206,#2207,#2208,#2209,#2210,#2211,#2212,#2213,#2214,#2215,
#2216,#2217,#2218,#2219,#2220,#2221,#2222,#2223,#2224,#2225,#2226,#2227,
#2228),.UNSPECIFIED.,.F.,.F.,(4,1,1,1,1,1,1,1,1,1,1,1,1,1,1,1,1,1,1,1,1,
1,1,1,1,1,1,1,1,1,1,1,1,1,1,1,1,1,1,1,4),(0.,0.117996296856314,0.124426033670091,
0.132726786563831,0.142548369305151,0.153684997090551,0.165997002215643,
0.179381562815306,0.193758887148338,0.209064717661355,0.22524586226041,
0.242257341721887,0.260060471403706,0.278621517158669,0.297910721719961,
0.317901579773789,0.338570285559938,0.359895303544482,0.381857029005498,
0.404437515679243,0.42762025433613,0.451389990658905,0.475732573884269,
0.500634829832699,0.526084453495243,0.552069917466761,0.578580393340842,
0.605605683798671,0.633136163590966,0.661162727969454,0.689676747400822,
0.718670027612042,0.74813477418626,0.778063561063813,0.808449302411412,
0.83928522741013,0.870564857583963,0.90228198634901,0.934430660511207,0.967005163480201,
0.990403807794845),.UNSPECIFIED.);
#43=B_SPLINE_CURVE_WITH_KNOTS('',3,(#2229,#2230,#2231,#2232,#2233,#2234,
#2235,#2236,#2237,#2238,#2239,#2240,#2241,#2242,#2243,#2244,#2245,#2246,
#2247,#2248,#2249,#2250,#2251,#2252,#2253,#2254,#2255,#2256,#2257,#2258,
#2259,#2260,#2261,#2262,#2263,#2264,#2265,#2266,#2267,#2268,#2269,#2270,
#2271),.UNSPECIFIED.,.F.,.F.,(4,1,1,1,1,1,1,1,1,1,1,1,1,1,1,1,1,1,1,1,1,
1,1,1,1,1,1,1,1,1,1,1,1,1,1,1,1,1,1,1,4),(0.,0.117996296856314,0.124426033670091,
0.132726786563831,0.142548369305151,0.153684997090551,0.165997002215643,
0.179381562815306,0.193758887148338,0.209064717661355,0.22524586226041,
0.242257341721887,0.260060471403706,0.278621517158669,0.297910721719961,
0.317901579773789,0.338570285559938,0.359895303544482,0.381857029005498,
0.404437515679243,0.42762025433613,0.451389990658905,0.475732573884269,
0.500634829832699,0.526084453495243,0.552069917466761,0.578580393340842,
0.605605683798671,0.633136163590966,0.661162727969454,0.689676747400822,
0.718670027612042,0.74813477418626,0.778063561063813,0.808449302411412,
0.83928522741013,0.870564857583963,0.90228198634901,0.934430660511207,0.967005163480201,
0.990403807794845),.UNSPECIFIED.);
#44=B_SPLINE_CURVE_WITH_KNOTS('',3,(#2279,#2280,#2281,#2282,#2283,#2284,
#2285,#2286,#2287,#2288,#2289,#2290,#2291,#2292,#2293,#2294,#2295,#2296,
#2297,#2298,#2299,#2300,#2301,#2302,#2303,#2304,#2305,#2306,#2307,#2308,
#2309,#2310,#2311,#2312,#2313,#2314,#2315,#2316,#2317,#2318,#2319,#2320,
#2321),.UNSPECIFIED.,.F.,.F.,(4,1,1,1,1,1,1,1,1,1,1,1,1,1,1,1,1,1,1,1,1,
1,1,1,1,1,1,1,1,1,1,1,1,1,1,1,1,1,1,1,4),(0.,0.117996296856314,0.124426033670091,
0.132726786563831,0.142548369305151,0.153684997090551,0.165997002215643,
0.179381562815306,0.193758887148338,0.209064717661355,0.22524586226041,
0.242257341721887,0.260060471403706,0.278621517158669,0.297910721719961,
0.317901579773789,0.338570285559938,0.359895303544482,0.381857029005498,
0.404437515679243,0.42762025433613,0.451389990658905,0.475732573884269,
0.500634829832699,0.526084453495243,0.552069917466761,0.578580393340842,
0.605605683798671,0.633136163590966,0.661162727969454,0.689676747400822,
0.718670027612042,0.74813477418626,0.778063561063813,0.808449302411412,
0.83928522741013,0.870564857583963,0.90228198634901,0.934430660511207,0.967005163480201,
0.990403807794845),.UNSPECIFIED.);
#45=B_SPLINE_CURVE_WITH_KNOTS('',3,(#2322,#2323,#2324,#2325,#2326,#2327,
#2328,#2329,#2330,#2331,#2332,#2333,#2334,#2335,#2336,#2337,#2338,#2339,
#2340,#2341,#2342,#2343,#2344,#2345,#2346,#2347,#2348,#2349,#2350,#2351,
#2352,#2353,#2354,#2355,#2356,#2357,#2358,#2359,#2360,#2361,#2362,#2363,
#2364),.UNSPECIFIED.,.F.,.F.,(4,1,1,1,1,1,1,1,1,1,1,1,1,1,1,1,1,1,1,1,1,
1,1,1,1,1,1,1,1,1,1,1,1,1,1,1,1,1,1,1,4),(0.,0.117996296856314,0.124426033670091,
0.132726786563831,0.142548369305151,0.153684997090551,0.165997002215643,
0.179381562815306,0.193758887148338,0.209064717661355,0.22524586226041,
0.242257341721887,0.260060471403706,0.278621517158669,0.297910721719961,
0.317901579773789,0.338570285559938,0.359895303544482,0.381857029005498,
0.404437515679243,0.42762025433613,0.451389990658905,0.475732573884269,
0.500634829832699,0.526084453495243,0.552069917466761,0.578580393340842,
0.605605683798671,0.633136163590966,0.661162727969454,0.689676747400822,
0.718670027612042,0.74813477418626,0.778063561063813,0.808449302411412,
0.83928522741013,0.870564857583963,0.90228198634901,0.934430660511207,0.967005163480201,
0.990403807794845),.UNSPECIFIED.);
#46=B_SPLINE_CURVE_WITH_KNOTS('',3,(#2372,#2373,#2374,#2375,#2376,#2377,
#2378,#2379,#2380,#2381,#2382,#2383,#2384,#2385,#2386,#2387,#2388,#2389,
#2390,#2391,#2392,#2393,#2394,#2395,#2396,#2397,#2398,#2399,#2400,#2401,
#2402,#2403,#2404,#2405,#2406,#2407,#2408,#2409,#2410,#2411,#2412,#2413,
#2414),.UNSPECIFIED.,.F.,.F.,(4,1,1,1,1,1,1,1,1,1,1,1,1,1,1,1,1,1,1,1,1,
1,1,1,1,1,1,1,1,1,1,1,1,1,1,1,1,1,1,1,4),(0.,0.117996296856314,0.124426033670091,
0.132726786563831,0.142548369305151,0.153684997090551,0.165997002215643,
0.179381562815306,0.193758887148338,0.209064717661355,0.22524586226041,
0.242257341721887,0.260060471403706,0.278621517158669,0.297910721719961,
0.317901579773789,0.338570285559938,0.359895303544482,0.381857029005498,
0.404437515679243,0.42762025433613,0.451389990658905,0.475732573884269,
0.500634829832699,0.526084453495243,0.552069917466761,0.578580393340842,
0.605605683798671,0.633136163590966,0.661162727969454,0.689676747400822,
0.718670027612042,0.74813477418626,0.778063561063813,0.808449302411412,
0.83928522741013,0.870564857583963,0.90228198634901,0.934430660511207,0.967005163480201,
0.990403807794845),.UNSPECIFIED.);
#47=B_SPLINE_CURVE_WITH_KNOTS('',3,(#2418,#2419,#2420,#2421,#2422,#2423,
#2424,#2425,#2426,#2427,#2428,#2429,#2430,#2431,#2432,#2433,#2434,#2435,
#2436,#2437,#2438,#2439,#2440,#2441,#2442,#2443,#2444,#2445,#2446,#2447,
#2448,#2449,#2450,#2451,#2452,#2453,#2454,#2455,#2456,#2457,#2458,#2459,
#2460),.UNSPECIFIED.,.F.,.F.,(4,1,1,1,1,1,1,1,1,1,1,1,1,1,1,1,1,1,1,1,1,
1,1,1,1,1,1,1,1,1,1,1,1,1,1,1,1,1,1,1,4),(0.,0.117996296856314,0.124426033670091,
0.132726786563831,0.142548369305151,0.153684997090551,0.165997002215643,
0.179381562815306,0.193758887148338,0.209064717661355,0.22524586226041,
0.242257341721887,0.260060471403706,0.278621517158669,0.297910721719961,
0.317901579773789,0.338570285559938,0.359895303544482,0.381857029005498,
0.404437515679243,0.42762025433613,0.451389990658905,0.475732573884269,
0.500634829832699,0.526084453495243,0.552069917466761,0.578580393340842,
0.605605683798671,0.633136163590966,0.661162727969454,0.689676747400822,
0.718670027612042,0.74813477418626,0.778063561063813,0.808449302411412,
0.83928522741013,0.870564857583963,0.90228198634901,0.934430660511207,0.967005163480201,
0.990403807794845),.UNSPECIFIED.);
#48=B_SPLINE_CURVE_WITH_KNOTS('',3,(#2468,#2469,#2470,#2471,#2472,#2473,
#2474,#2475,#2476,#2477,#2478,#2479,#2480,#2481,#2482,#2483,#2484,#2485,
#2486,#2487,#2488,#2489,#2490,#2491,#2492,#2493,#2494,#2495,#2496,#2497,
#2498,#2499,#2500,#2501,#2502,#2503,#2504,#2505,#2506,#2507,#2508,#2509,
#2510),.UNSPECIFIED.,.F.,.F.,(4,1,1,1,1,1,1,1,1,1,1,1,1,1,1,1,1,1,1,1,1,
1,1,1,1,1,1,1,1,1,1,1,1,1,1,1,1,1,1,1,4),(0.,0.117996296856314,0.124426033670091,
0.132726786563831,0.142548369305151,0.153684997090551,0.165997002215643,
0.179381562815306,0.193758887148338,0.209064717661355,0.22524586226041,
0.242257341721887,0.260060471403706,0.278621517158669,0.297910721719961,
0.317901579773789,0.338570285559938,0.359895303544482,0.381857029005498,
0.404437515679243,0.42762025433613,0.451389990658905,0.475732573884269,
0.500634829832699,0.526084453495243,0.552069917466761,0.578580393340842,
0.605605683798671,0.633136163590966,0.661162727969454,0.689676747400822,
0.718670027612042,0.74813477418626,0.778063561063813,0.808449302411412,
0.83928522741013,0.870564857583963,0.90228198634901,0.934430660511207,0.967005163480201,
0.990403807794845),.UNSPECIFIED.);
#49=B_SPLINE_CURVE_WITH_KNOTS('',3,(#2511,#2512,#2513,#2514,#2515,#2516,
#2517,#2518,#2519,#2520,#2521,#2522,#2523,#2524,#2525,#2526,#2527,#2528,
#2529,#2530,#2531,#2532,#2533,#2534,#2535,#2536,#2537,#2538,#2539,#2540,
#2541,#2542,#2543,#2544,#2545,#2546,#2547,#2548,#2549,#2550,#2551,#2552,
#2553),.UNSPECIFIED.,.F.,.F.,(4,1,1,1,1,1,1,1,1,1,1,1,1,1,1,1,1,1,1,1,1,
1,1,1,1,1,1,1,1,1,1,1,1,1,1,1,1,1,1,1,4),(0.,0.117996296856314,0.124426033670091,
0.132726786563831,0.142548369305151,0.153684997090551,0.165997002215643,
0.179381562815306,0.193758887148338,0.209064717661355,0.22524586226041,
0.242257341721887,0.260060471403706,0.278621517158669,0.297910721719961,
0.317901579773789,0.338570285559938,0.359895303544482,0.381857029005498,
0.404437515679243,0.42762025433613,0.451389990658905,0.475732573884269,
0.500634829832699,0.526084453495243,0.552069917466761,0.578580393340842,
0.605605683798671,0.633136163590966,0.661162727969454,0.689676747400822,
0.718670027612042,0.74813477418626,0.778063561063813,0.808449302411412,
0.83928522741013,0.870564857583963,0.90228198634901,0.934430660511207,0.967005163480201,
0.990403807794845),.UNSPECIFIED.);
#50=B_SPLINE_CURVE_WITH_KNOTS('',3,(#2561,#2562,#2563,#2564,#2565,#2566,
#2567,#2568,#2569,#2570,#2571,#2572,#2573,#2574,#2575,#2576,#2577,#2578,
#2579,#2580,#2581,#2582,#2583,#2584,#2585,#2586,#2587,#2588,#2589,#2590,
#2591,#2592,#2593,#2594,#2595,#2596,#2597,#2598,#2599,#2600,#2601,#2602,
#2603),.UNSPECIFIED.,.F.,.F.,(4,1,1,1,1,1,1,1,1,1,1,1,1,1,1,1,1,1,1,1,1,
1,1,1,1,1,1,1,1,1,1,1,1,1,1,1,1,1,1,1,4),(0.,0.117996296856314,0.124426033670091,
0.132726786563831,0.142548369305151,0.153684997090551,0.165997002215643,
0.179381562815306,0.193758887148338,0.209064717661355,0.22524586226041,
0.242257341721887,0.260060471403706,0.278621517158669,0.297910721719961,
0.317901579773789,0.338570285559938,0.359895303544482,0.381857029005498,
0.404437515679243,0.42762025433613,0.451389990658905,0.475732573884269,
0.500634829832699,0.526084453495243,0.552069917466761,0.578580393340842,
0.605605683798671,0.633136163590966,0.661162727969454,0.689676747400822,
0.718670027612042,0.74813477418626,0.778063561063813,0.808449302411412,
0.83928522741013,0.870564857583963,0.90228198634901,0.934430660511207,0.967005163480201,
0.990403807794845),.UNSPECIFIED.);
#51=B_SPLINE_CURVE_WITH_KNOTS('',3,(#2604,#2605,#2606,#2607,#2608,#2609,
#2610,#2611,#2612,#2613,#2614,#2615,#2616,#2617,#2618,#2619,#2620,#2621,
#2622,#2623,#2624,#2625,#2626,#2627,#2628,#2629,#2630,#2631,#2632,#2633,
#2634,#2635,#2636,#2637,#2638,#2639,#2640,#2641,#2642,#2643,#2644,#2645,
#2646),.UNSPECIFIED.,.F.,.F.,(4,1,1,1,1,1,1,1,1,1,1,1,1,1,1,1,1,1,1,1,1,
1,1,1,1,1,1,1,1,1,1,1,1,1,1,1,1,1,1,1,4),(0.,0.117996296856314,0.124426033670091,
0.132726786563831,0.142548369305151,0.153684997090551,0.165997002215643,
0.179381562815306,0.193758887148338,0.209064717661355,0.22524586226041,
0.242257341721887,0.260060471403706,0.278621517158669,0.297910721719961,
0.317901579773789,0.338570285559938,0.359895303544482,0.381857029005498,
0.404437515679243,0.42762025433613,0.451389990658905,0.475732573884269,
0.500634829832699,0.526084453495243,0.552069917466761,0.578580393340842,
0.605605683798671,0.633136163590966,0.661162727969454,0.689676747400822,
0.718670027612042,0.74813477418626,0.778063561063813,0.808449302411412,
0.83928522741013,0.870564857583963,0.90228198634901,0.934430660511207,0.967005163480201,
0.990403807794845),.UNSPECIFIED.);
#52=B_SPLINE_CURVE_WITH_KNOTS('',3,(#2663,#2664,#2665,#2666,#2667,#2668,
#2669,#2670,#2671,#2672,#2673,#2674,#2675,#2676,#2677,#2678,#2679,#2680,
#2681,#2682,#2683,#2684,#2685,#2686,#2687,#2688,#2689,#2690,#2691,#2692,
#2693,#2694,#2695,#2696,#2697,#2698,#2699,#2700,#2701,#2702,#2703,#2704,
#2705),.UNSPECIFIED.,.F.,.F.,(4,1,1,1,1,1,1,1,1,1,1,1,1,1,1,1,1,1,1,1,1,
1,1,1,1,1,1,1,1,1,1,1,1,1,1,1,1,1,1,1,4),(0.,0.117996296856314,0.124426033670091,
0.132726786563831,0.142548369305151,0.153684997090551,0.165997002215643,
0.179381562815306,0.193758887148338,0.209064717661355,0.22524586226041,
0.242257341721887,0.260060471403706,0.278621517158669,0.297910721719961,
0.317901579773789,0.338570285559938,0.359895303544482,0.381857029005498,
0.404437515679243,0.42762025433613,0.451389990658905,0.475732573884269,
0.500634829832699,0.526084453495243,0.552069917466761,0.578580393340842,
0.605605683798671,0.633136163590966,0.661162727969454,0.689676747400822,
0.718670027612042,0.74813477418626,0.778063561063813,0.808449302411412,
0.83928522741013,0.870564857583963,0.90228198634901,0.934430660511207,0.967005163480201,
0.990403807794845),.UNSPECIFIED.);
#53=B_SPLINE_CURVE_WITH_KNOTS('',3,(#2706,#2707,#2708,#2709,#2710,#2711,
#2712,#2713,#2714,#2715,#2716,#2717,#2718,#2719,#2720,#2721,#2722,#2723,
#2724,#2725,#2726,#2727,#2728,#2729,#2730,#2731,#2732,#2733,#2734,#2735,
#2736,#2737,#2738,#2739,#2740,#2741,#2742,#2743,#2744,#2745,#2746,#2747,
#2748),.UNSPECIFIED.,.F.,.F.,(4,1,1,1,1,1,1,1,1,1,1,1,1,1,1,1,1,1,1,1,1,
1,1,1,1,1,1,1,1,1,1,1,1,1,1,1,1,1,1,1,4),(0.,0.117996296856314,0.124426033670091,
0.132726786563831,0.142548369305151,0.153684997090551,0.165997002215643,
0.179381562815306,0.193758887148338,0.209064717661355,0.22524586226041,
0.242257341721887,0.260060471403706,0.278621517158669,0.297910721719961,
0.317901579773789,0.338570285559938,0.359895303544482,0.381857029005498,
0.404437515679243,0.42762025433613,0.451389990658905,0.475732573884269,
0.500634829832699,0.526084453495243,0.552069917466761,0.578580393340842,
0.605605683798671,0.633136163590966,0.661162727969454,0.689676747400822,
0.718670027612042,0.74813477418626,0.778063561063813,0.808449302411412,
0.83928522741013,0.870564857583963,0.90228198634901,0.934430660511207,0.967005163480201,
0.990403807794845),.UNSPECIFIED.);
#54=B_SPLINE_CURVE_WITH_KNOTS('',3,(#2756,#2757,#2758,#2759,#2760,#2761,
#2762,#2763,#2764,#2765,#2766,#2767,#2768,#2769,#2770,#2771,#2772,#2773,
#2774,#2775,#2776,#2777,#2778,#2779,#2780,#2781,#2782,#2783,#2784,#2785,
#2786,#2787,#2788,#2789,#2790,#2791,#2792,#2793,#2794,#2795,#2796,#2797,
#2798),.UNSPECIFIED.,.F.,.F.,(4,1,1,1,1,1,1,1,1,1,1,1,1,1,1,1,1,1,1,1,1,
1,1,1,1,1,1,1,1,1,1,1,1,1,1,1,1,1,1,1,4),(0.,0.117996296856314,0.124426033670091,
0.132726786563831,0.142548369305151,0.153684997090551,0.165997002215643,
0.179381562815306,0.193758887148338,0.209064717661355,0.22524586226041,
0.242257341721887,0.260060471403706,0.278621517158669,0.297910721719961,
0.317901579773789,0.338570285559938,0.359895303544482,0.381857029005498,
0.404437515679243,0.42762025433613,0.451389990658905,0.475732573884269,
0.500634829832699,0.526084453495243,0.552069917466761,0.578580393340842,
0.605605683798671,0.633136163590966,0.661162727969454,0.689676747400822,
0.718670027612042,0.74813477418626,0.778063561063813,0.808449302411412,
0.83928522741013,0.870564857583963,0.90228198634901,0.934430660511207,0.967005163480201,
0.990403807794845),.UNSPECIFIED.);
#55=B_SPLINE_CURVE_WITH_KNOTS('',3,(#2799,#2800,#2801,#2802,#2803,#2804,
#2805,#2806,#2807,#2808,#2809,#2810,#2811,#2812,#2813,#2814,#2815,#2816,
#2817,#2818,#2819,#2820,#2821,#2822,#2823,#2824,#2825,#2826,#2827,#2828,
#2829,#2830,#2831,#2832,#2833,#2834,#2835,#2836,#2837,#2838,#2839,#2840,
#2841),.UNSPECIFIED.,.F.,.F.,(4,1,1,1,1,1,1,1,1,1,1,1,1,1,1,1,1,1,1,1,1,
1,1,1,1,1,1,1,1,1,1,1,1,1,1,1,1,1,1,1,4),(0.,0.117996296856314,0.124426033670091,
0.132726786563831,0.142548369305151,0.153684997090551,0.165997002215643,
0.179381562815306,0.193758887148338,0.209064717661355,0.22524586226041,
0.242257341721887,0.260060471403706,0.278621517158669,0.297910721719961,
0.317901579773789,0.338570285559938,0.359895303544482,0.381857029005498,
0.404437515679243,0.42762025433613,0.451389990658905,0.475732573884269,
0.500634829832699,0.526084453495243,0.552069917466761,0.578580393340842,
0.605605683798671,0.633136163590966,0.661162727969454,0.689676747400822,
0.718670027612042,0.74813477418626,0.778063561063813,0.808449302411412,
0.83928522741013,0.870564857583963,0.90228198634901,0.934430660511207,0.967005163480201,
0.990403807794845),.UNSPECIFIED.);
#56=B_SPLINE_CURVE_WITH_KNOTS('',3,(#2849,#2850,#2851,#2852,#2853,#2854,
#2855,#2856,#2857,#2858,#2859,#2860,#2861,#2862,#2863,#2864,#2865,#2866,
#2867,#2868,#2869,#2870,#2871,#2872,#2873,#2874,#2875,#2876,#2877,#2878,
#2879,#2880,#2881,#2882,#2883,#2884,#2885,#2886,#2887,#2888,#2889,#2890,
#2891),.UNSPECIFIED.,.F.,.F.,(4,1,1,1,1,1,1,1,1,1,1,1,1,1,1,1,1,1,1,1,1,
1,1,1,1,1,1,1,1,1,1,1,1,1,1,1,1,1,1,1,4),(0.,0.117996296856314,0.124426033670091,
0.132726786563831,0.142548369305151,0.153684997090551,0.165997002215643,
0.179381562815306,0.193758887148338,0.209064717661355,0.22524586226041,
0.242257341721887,0.260060471403706,0.278621517158669,0.297910721719961,
0.317901579773789,0.338570285559938,0.359895303544482,0.381857029005498,
0.404437515679243,0.42762025433613,0.451389990658905,0.475732573884269,
0.500634829832699,0.526084453495243,0.552069917466761,0.578580393340842,
0.605605683798671,0.633136163590966,0.661162727969454,0.689676747400822,
0.718670027612042,0.74813477418626,0.778063561063813,0.808449302411412,
0.83928522741013,0.870564857583963,0.90228198634901,0.934430660511207,0.967005163480201,
0.990403807794845),.UNSPECIFIED.);
#57=B_SPLINE_CURVE_WITH_KNOTS('',3,(#2892,#2893,#2894,#2895,#2896,#2897,
#2898,#2899,#2900,#2901,#2902,#2903,#2904,#2905,#2906,#2907,#2908,#2909,
#2910,#2911,#2912,#2913,#2914,#2915,#2916,#2917,#2918,#2919,#2920,#2921,
#2922,#2923,#2924,#2925,#2926,#2927,#2928,#2929,#2930,#2931,#2932,#2933,
#2934),.UNSPECIFIED.,.F.,.F.,(4,1,1,1,1,1,1,1,1,1,1,1,1,1,1,1,1,1,1,1,1,
1,1,1,1,1,1,1,1,1,1,1,1,1,1,1,1,1,1,1,4),(0.,0.117996296856314,0.124426033670091,
0.132726786563831,0.142548369305151,0.153684997090551,0.165997002215643,
0.179381562815306,0.193758887148338,0.209064717661355,0.22524586226041,
0.242257341721887,0.260060471403706,0.278621517158669,0.297910721719961,
0.317901579773789,0.338570285559938,0.359895303544482,0.381857029005498,
0.404437515679243,0.42762025433613,0.451389990658905,0.475732573884269,
0.500634829832699,0.526084453495243,0.552069917466761,0.578580393340842,
0.605605683798671,0.633136163590966,0.661162727969454,0.689676747400822,
0.718670027612042,0.74813477418626,0.778063561063813,0.808449302411412,
0.83928522741013,0.870564857583963,0.90228198634901,0.934430660511207,0.967005163480201,
0.990403807794845),.UNSPECIFIED.);
#58=B_SPLINE_CURVE_WITH_KNOTS('',3,(#2942,#2943,#2944,#2945,#2946,#2947,
#2948,#2949,#2950,#2951,#2952,#2953,#2954,#2955,#2956,#2957,#2958,#2959,
#2960,#2961,#2962,#2963,#2964,#2965,#2966,#2967,#2968,#2969,#2970,#2971,
#2972,#2973,#2974,#2975,#2976,#2977,#2978,#2979,#2980,#2981,#2982,#2983,
#2984),.UNSPECIFIED.,.F.,.F.,(4,1,1,1,1,1,1,1,1,1,1,1,1,1,1,1,1,1,1,1,1,
1,1,1,1,1,1,1,1,1,1,1,1,1,1,1,1,1,1,1,4),(0.,0.117996296856314,0.124426033670091,
0.132726786563831,0.142548369305151,0.153684997090551,0.165997002215643,
0.179381562815306,0.193758887148338,0.209064717661355,0.22524586226041,
0.242257341721887,0.260060471403706,0.278621517158669,0.297910721719961,
0.317901579773789,0.338570285559938,0.359895303544482,0.381857029005498,
0.404437515679243,0.42762025433613,0.451389990658905,0.475732573884269,
0.500634829832699,0.526084453495243,0.552069917466761,0.578580393340842,
0.605605683798671,0.633136163590966,0.661162727969454,0.689676747400822,
0.718670027612042,0.74813477418626,0.778063561063813,0.808449302411412,
0.83928522741013,0.870564857583963,0.90228198634901,0.934430660511207,0.967005163480201,
0.990403807794845),.UNSPECIFIED.);
#59=B_SPLINE_CURVE_WITH_KNOTS('',3,(#2985,#2986,#2987,#2988,#2989,#2990,
#2991,#2992,#2993,#2994,#2995,#2996,#2997,#2998,#2999,#3000,#3001,#3002,
#3003,#3004,#3005,#3006,#3007,#3008,#3009,#3010,#3011,#3012,#3013,#3014,
#3015,#3016,#3017,#3018,#3019,#3020,#3021,#3022,#3023,#3024,#3025,#3026,
#3027),.UNSPECIFIED.,.F.,.F.,(4,1,1,1,1,1,1,1,1,1,1,1,1,1,1,1,1,1,1,1,1,
1,1,1,1,1,1,1,1,1,1,1,1,1,1,1,1,1,1,1,4),(0.,0.117996296856314,0.124426033670091,
0.132726786563831,0.142548369305151,0.153684997090551,0.165997002215643,
0.179381562815306,0.193758887148338,0.209064717661355,0.22524586226041,
0.242257341721887,0.260060471403706,0.278621517158669,0.297910721719961,
0.317901579773789,0.338570285559938,0.359895303544482,0.381857029005498,
0.404437515679243,0.42762025433613,0.451389990658905,0.475732573884269,
0.500634829832699,0.526084453495243,0.552069917466761,0.578580393340842,
0.605605683798671,0.633136163590966,0.661162727969454,0.689676747400822,
0.718670027612042,0.74813477418626,0.778063561063813,0.808449302411412,
0.83928522741013,0.870564857583963,0.90228198634901,0.934430660511207,0.967005163480201,
0.990403807794845),.UNSPECIFIED.);
#60=B_SPLINE_CURVE_WITH_KNOTS('',3,(#3035,#3036,#3037,#3038,#3039,#3040,
#3041,#3042,#3043,#3044,#3045,#3046,#3047,#3048,#3049,#3050,#3051,#3052,
#3053,#3054,#3055,#3056,#3057,#3058,#3059,#3060,#3061,#3062,#3063,#3064,
#3065,#3066,#3067,#3068,#3069,#3070,#3071,#3072,#3073,#3074,#3075,#3076,
#3077),.UNSPECIFIED.,.F.,.F.,(4,1,1,1,1,1,1,1,1,1,1,1,1,1,1,1,1,1,1,1,1,
1,1,1,1,1,1,1,1,1,1,1,1,1,1,1,1,1,1,1,4),(0.,0.117996296856314,0.124426033670091,
0.132726786563831,0.142548369305151,0.153684997090551,0.165997002215643,
0.179381562815306,0.193758887148338,0.209064717661355,0.22524586226041,
0.242257341721887,0.260060471403706,0.278621517158669,0.297910721719961,
0.317901579773789,0.338570285559938,0.359895303544482,0.381857029005498,
0.404437515679243,0.42762025433613,0.451389990658905,0.475732573884269,
0.500634829832699,0.526084453495243,0.552069917466761,0.578580393340842,
0.605605683798671,0.633136163590966,0.661162727969454,0.689676747400822,
0.718670027612042,0.74813477418626,0.778063561063813,0.808449302411412,
0.83928522741013,0.870564857583963,0.90228198634901,0.934430660511207,0.967005163480201,
0.990403807794845),.UNSPECIFIED.);
#61=B_SPLINE_CURVE_WITH_KNOTS('',3,(#3078,#3079,#3080,#3081,#3082,#3083,
#3084,#3085,#3086,#3087,#3088,#3089,#3090,#3091,#3092,#3093,#3094,#3095,
#3096,#3097,#3098,#3099,#3100,#3101,#3102,#3103,#3104,#3105,#3106,#3107,
#3108,#3109,#3110,#3111,#3112,#3113,#3114,#3115,#3116,#3117,#3118,#3119,
#3120),.UNSPECIFIED.,.F.,.F.,(4,1,1,1,1,1,1,1,1,1,1,1,1,1,1,1,1,1,1,1,1,
1,1,1,1,1,1,1,1,1,1,1,1,1,1,1,1,1,1,1,4),(0.,0.117996296856314,0.124426033670091,
0.132726786563831,0.142548369305151,0.153684997090551,0.165997002215643,
0.179381562815306,0.193758887148338,0.209064717661355,0.22524586226041,
0.242257341721887,0.260060471403706,0.278621517158669,0.297910721719961,
0.317901579773789,0.338570285559938,0.359895303544482,0.381857029005498,
0.404437515679243,0.42762025433613,0.451389990658905,0.475732573884269,
0.500634829832699,0.526084453495243,0.552069917466761,0.578580393340842,
0.605605683798671,0.633136163590966,0.661162727969454,0.689676747400822,
0.718670027612042,0.74813477418626,0.778063561063813,0.808449302411412,
0.83928522741013,0.870564857583963,0.90228198634901,0.934430660511207,0.967005163480201,
0.990403807794845),.UNSPECIFIED.);
#62=B_SPLINE_CURVE_WITH_KNOTS('',3,(#3128,#3129,#3130,#3131,#3132,#3133,
#3134,#3135,#3136,#3137,#3138,#3139,#3140,#3141,#3142,#3143,#3144,#3145,
#3146,#3147,#3148,#3149,#3150,#3151,#3152,#3153,#3154,#3155,#3156,#3157,
#3158,#3159,#3160,#3161,#3162,#3163,#3164,#3165,#3166,#3167,#3168,#3169,
#3170),.UNSPECIFIED.,.F.,.F.,(4,1,1,1,1,1,1,1,1,1,1,1,1,1,1,1,1,1,1,1,1,
1,1,1,1,1,1,1,1,1,1,1,1,1,1,1,1,1,1,1,4),(0.,0.117996296856314,0.124426033670091,
0.132726786563831,0.142548369305151,0.153684997090551,0.165997002215643,
0.179381562815306,0.193758887148338,0.209064717661355,0.22524586226041,
0.242257341721887,0.260060471403706,0.278621517158669,0.297910721719961,
0.317901579773789,0.338570285559938,0.359895303544482,0.381857029005498,
0.404437515679243,0.42762025433613,0.451389990658905,0.475732573884269,
0.500634829832699,0.526084453495243,0.552069917466761,0.578580393340842,
0.605605683798671,0.633136163590966,0.661162727969454,0.689676747400822,
0.718670027612042,0.74813477418626,0.778063561063813,0.808449302411412,
0.83928522741013,0.870564857583963,0.90228198634901,0.934430660511207,0.967005163480201,
0.990403807794845),.UNSPECIFIED.);
#63=B_SPLINE_CURVE_WITH_KNOTS('',3,(#3171,#3172,#3173,#3174,#3175,#3176,
#3177,#3178,#3179,#3180,#3181,#3182,#3183,#3184,#3185,#3186,#3187,#3188,
#3189,#3190,#3191,#3192,#3193,#3194,#3195,#3196,#3197,#3198,#3199,#3200,
#3201,#3202,#3203,#3204,#3205,#3206,#3207,#3208,#3209,#3210,#3211,#3212,
#3213),.UNSPECIFIED.,.F.,.F.,(4,1,1,1,1,1,1,1,1,1,1,1,1,1,1,1,1,1,1,1,1,
1,1,1,1,1,1,1,1,1,1,1,1,1,1,1,1,1,1,1,4),(0.,0.117996296856314,0.124426033670091,
0.132726786563831,0.142548369305151,0.153684997090551,0.165997002215643,
0.179381562815306,0.193758887148338,0.209064717661355,0.22524586226041,
0.242257341721887,0.260060471403706,0.278621517158669,0.297910721719961,
0.317901579773789,0.338570285559938,0.359895303544482,0.381857029005498,
0.404437515679243,0.42762025433613,0.451389990658905,0.475732573884269,
0.500634829832699,0.526084453495243,0.552069917466761,0.578580393340842,
0.605605683798671,0.633136163590966,0.661162727969454,0.689676747400822,
0.718670027612042,0.74813477418626,0.778063561063813,0.808449302411412,
0.83928522741013,0.870564857583963,0.90228198634901,0.934430660511207,0.967005163480201,
0.990403807794845),.UNSPECIFIED.);
#64=B_SPLINE_CURVE_WITH_KNOTS('',3,(#3221,#3222,#3223,#3224,#3225,#3226,
#3227,#3228,#3229,#3230,#3231,#3232,#3233,#3234,#3235,#3236,#3237,#3238,
#3239,#3240,#3241,#3242,#3243,#3244,#3245,#3246,#3247,#3248,#3249,#3250,
#3251,#3252,#3253,#3254,#3255,#3256,#3257,#3258,#3259,#3260,#3261,#3262,
#3263),.UNSPECIFIED.,.F.,.F.,(4,1,1,1,1,1,1,1,1,1,1,1,1,1,1,1,1,1,1,1,1,
1,1,1,1,1,1,1,1,1,1,1,1,1,1,1,1,1,1,1,4),(0.,0.117996296856314,0.124426033670091,
0.132726786563831,0.142548369305151,0.153684997090551,0.165997002215643,
0.179381562815306,0.193758887148338,0.209064717661355,0.22524586226041,
0.242257341721887,0.260060471403706,0.278621517158669,0.297910721719961,
0.317901579773789,0.338570285559938,0.359895303544482,0.381857029005498,
0.404437515679243,0.42762025433613,0.451389990658905,0.475732573884269,
0.500634829832699,0.526084453495243,0.552069917466761,0.578580393340842,
0.605605683798671,0.633136163590966,0.661162727969454,0.689676747400822,
0.718670027612042,0.74813477418626,0.778063561063813,0.808449302411412,
0.83928522741013,0.870564857583963,0.90228198634901,0.934430660511207,0.967005163480201,
0.990403807794845),.UNSPECIFIED.);
#65=B_SPLINE_CURVE_WITH_KNOTS('',3,(#3264,#3265,#3266,#3267,#3268,#3269,
#3270,#3271,#3272,#3273,#3274,#3275,#3276,#3277,#3278,#3279,#3280,#3281,
#3282,#3283,#3284,#3285,#3286,#3287,#3288,#3289,#3290,#3291,#3292,#3293,
#3294,#3295,#3296,#3297,#3298,#3299,#3300,#3301,#3302,#3303,#3304,#3305,
#3306),.UNSPECIFIED.,.F.,.F.,(4,1,1,1,1,1,1,1,1,1,1,1,1,1,1,1,1,1,1,1,1,
1,1,1,1,1,1,1,1,1,1,1,1,1,1,1,1,1,1,1,4),(0.,0.117996296856314,0.124426033670091,
0.132726786563831,0.142548369305151,0.153684997090551,0.165997002215643,
0.179381562815306,0.193758887148338,0.209064717661355,0.22524586226041,
0.242257341721887,0.260060471403706,0.278621517158669,0.297910721719961,
0.317901579773789,0.338570285559938,0.359895303544482,0.381857029005498,
0.404437515679243,0.42762025433613,0.451389990658905,0.475732573884269,
0.500634829832699,0.526084453495243,0.552069917466761,0.578580393340842,
0.605605683798671,0.633136163590966,0.661162727969454,0.689676747400822,
0.718670027612042,0.74813477418626,0.778063561063813,0.808449302411412,
0.83928522741013,0.870564857583963,0.90228198634901,0.934430660511207,0.967005163480201,
0.990403807794845),.UNSPECIFIED.);
#66=B_SPLINE_CURVE_WITH_KNOTS('',3,(#3314,#3315,#3316,#3317,#3318,#3319,
#3320,#3321,#3322,#3323,#3324,#3325,#3326,#3327,#3328,#3329,#3330,#3331,
#3332,#3333,#3334,#3335,#3336,#3337,#3338,#3339,#3340,#3341,#3342,#3343,
#3344,#3345,#3346,#3347,#3348,#3349,#3350,#3351,#3352,#3353,#3354,#3355,
#3356),.UNSPECIFIED.,.F.,.F.,(4,1,1,1,1,1,1,1,1,1,1,1,1,1,1,1,1,1,1,1,1,
1,1,1,1,1,1,1,1,1,1,1,1,1,1,1,1,1,1,1,4),(0.,0.117996296856314,0.124426033670091,
0.132726786563831,0.142548369305151,0.153684997090551,0.165997002215643,
0.179381562815306,0.193758887148338,0.209064717661355,0.22524586226041,
0.242257341721887,0.260060471403706,0.278621517158669,0.297910721719961,
0.317901579773789,0.338570285559938,0.359895303544482,0.381857029005498,
0.404437515679243,0.42762025433613,0.451389990658905,0.475732573884269,
0.500634829832699,0.526084453495243,0.552069917466761,0.578580393340842,
0.605605683798671,0.633136163590966,0.661162727969454,0.689676747400822,
0.718670027612042,0.74813477418626,0.778063561063813,0.808449302411412,
0.83928522741013,0.870564857583963,0.90228198634901,0.934430660511207,0.967005163480201,
0.990403807794845),.UNSPECIFIED.);
#67=B_SPLINE_CURVE_WITH_KNOTS('',3,(#3357,#3358,#3359,#3360,#3361,#3362,
#3363,#3364,#3365,#3366,#3367,#3368,#3369,#3370,#3371,#3372,#3373,#3374,
#3375,#3376,#3377,#3378,#3379,#3380,#3381,#3382,#3383,#3384,#3385,#3386,
#3387,#3388,#3389,#3390,#3391,#3392,#3393,#3394,#3395,#3396,#3397,#3398,
#3399),.UNSPECIFIED.,.F.,.F.,(4,1,1,1,1,1,1,1,1,1,1,1,1,1,1,1,1,1,1,1,1,
1,1,1,1,1,1,1,1,1,1,1,1,1,1,1,1,1,1,1,4),(0.,0.117996296856314,0.124426033670091,
0.132726786563831,0.142548369305151,0.153684997090551,0.165997002215643,
0.179381562815306,0.193758887148338,0.209064717661355,0.22524586226041,
0.242257341721887,0.260060471403706,0.278621517158669,0.297910721719961,
0.317901579773789,0.338570285559938,0.359895303544482,0.381857029005498,
0.404437515679243,0.42762025433613,0.451389990658905,0.475732573884269,
0.500634829832699,0.526084453495243,0.552069917466761,0.578580393340842,
0.605605683798671,0.633136163590966,0.661162727969454,0.689676747400822,
0.718670027612042,0.74813477418626,0.778063561063813,0.808449302411412,
0.83928522741013,0.870564857583963,0.90228198634901,0.934430660511207,0.967005163480201,
0.990403807794845),.UNSPECIFIED.);
#68=B_SPLINE_CURVE_WITH_KNOTS('',3,(#3407,#3408,#3409,#3410,#3411,#3412,
#3413,#3414,#3415,#3416,#3417,#3418,#3419,#3420,#3421,#3422,#3423,#3424,
#3425,#3426,#3427,#3428,#3429,#3430,#3431,#3432,#3433,#3434,#3435,#3436,
#3437,#3438,#3439,#3440,#3441,#3442,#3443,#3444,#3445,#3446,#3447,#3448,
#3449),.UNSPECIFIED.,.F.,.F.,(4,1,1,1,1,1,1,1,1,1,1,1,1,1,1,1,1,1,1,1,1,
1,1,1,1,1,1,1,1,1,1,1,1,1,1,1,1,1,1,1,4),(0.,0.117996296856314,0.124426033670091,
0.132726786563831,0.142548369305151,0.153684997090551,0.165997002215643,
0.179381562815306,0.193758887148338,0.209064717661355,0.22524586226041,
0.242257341721887,0.260060471403706,0.278621517158669,0.297910721719961,
0.317901579773789,0.338570285559938,0.359895303544482,0.381857029005498,
0.404437515679243,0.42762025433613,0.451389990658905,0.475732573884269,
0.500634829832699,0.526084453495243,0.552069917466761,0.578580393340842,
0.605605683798671,0.633136163590966,0.661162727969454,0.689676747400822,
0.718670027612042,0.74813477418626,0.778063561063813,0.808449302411412,
0.83928522741013,0.870564857583963,0.90228198634901,0.934430660511207,0.967005163480201,
0.990403807794845),.UNSPECIFIED.);
#69=B_SPLINE_CURVE_WITH_KNOTS('',3,(#3450,#3451,#3452,#3453,#3454,#3455,
#3456,#3457,#3458,#3459,#3460,#3461,#3462,#3463,#3464,#3465,#3466,#3467,
#3468,#3469,#3470,#3471,#3472,#3473,#3474,#3475,#3476,#3477,#3478,#3479,
#3480,#3481,#3482,#3483,#3484,#3485,#3486,#3487,#3488,#3489,#3490,#3491,
#3492),.UNSPECIFIED.,.F.,.F.,(4,1,1,1,1,1,1,1,1,1,1,1,1,1,1,1,1,1,1,1,1,
1,1,1,1,1,1,1,1,1,1,1,1,1,1,1,1,1,1,1,4),(0.,0.117996296856314,0.124426033670091,
0.132726786563831,0.142548369305151,0.153684997090551,0.165997002215643,
0.179381562815306,0.193758887148338,0.209064717661355,0.22524586226041,
0.242257341721887,0.260060471403706,0.278621517158669,0.297910721719961,
0.317901579773789,0.338570285559938,0.359895303544482,0.381857029005498,
0.404437515679243,0.42762025433613,0.451389990658905,0.475732573884269,
0.500634829832699,0.526084453495243,0.552069917466761,0.578580393340842,
0.605605683798671,0.633136163590966,0.661162727969454,0.689676747400822,
0.718670027612042,0.74813477418626,0.778063561063813,0.808449302411412,
0.83928522741013,0.870564857583963,0.90228198634901,0.934430660511207,0.967005163480201,
0.990403807794845),.UNSPECIFIED.);
#70=B_SPLINE_CURVE_WITH_KNOTS('',3,(#3500,#3501,#3502,#3503,#3504,#3505,
#3506,#3507,#3508,#3509,#3510,#3511,#3512,#3513,#3514,#3515,#3516,#3517,
#3518,#3519,#3520,#3521,#3522,#3523,#3524,#3525,#3526,#3527,#3528,#3529,
#3530,#3531,#3532,#3533,#3534,#3535,#3536,#3537,#3538,#3539,#3540,#3541,
#3542),.UNSPECIFIED.,.F.,.F.,(4,1,1,1,1,1,1,1,1,1,1,1,1,1,1,1,1,1,1,1,1,
1,1,1,1,1,1,1,1,1,1,1,1,1,1,1,1,1,1,1,4),(0.,0.117996296856314,0.124426033670091,
0.132726786563831,0.142548369305151,0.153684997090551,0.165997002215643,
0.179381562815306,0.193758887148338,0.209064717661355,0.22524586226041,
0.242257341721887,0.260060471403706,0.278621517158669,0.297910721719961,
0.317901579773789,0.338570285559938,0.359895303544482,0.381857029005498,
0.404437515679243,0.42762025433613,0.451389990658905,0.475732573884269,
0.500634829832699,0.526084453495243,0.552069917466761,0.578580393340842,
0.605605683798671,0.633136163590966,0.661162727969454,0.689676747400822,
0.718670027612042,0.74813477418626,0.778063561063813,0.808449302411412,
0.83928522741013,0.870564857583963,0.90228198634901,0.934430660511207,0.967005163480201,
0.990403807794845),.UNSPECIFIED.);
#71=B_SPLINE_CURVE_WITH_KNOTS('',3,(#3543,#3544,#3545,#3546,#3547,#3548,
#3549,#3550,#3551,#3552,#3553,#3554,#3555,#3556,#3557,#3558,#3559,#3560,
#3561,#3562,#3563,#3564,#3565,#3566,#3567,#3568,#3569,#3570,#3571,#3572,
#3573,#3574,#3575,#3576,#3577,#3578,#3579,#3580,#3581,#3582,#3583,#3584,
#3585),.UNSPECIFIED.,.F.,.F.,(4,1,1,1,1,1,1,1,1,1,1,1,1,1,1,1,1,1,1,1,1,
1,1,1,1,1,1,1,1,1,1,1,1,1,1,1,1,1,1,1,4),(0.,0.117996296856314,0.124426033670091,
0.132726786563831,0.142548369305151,0.153684997090551,0.165997002215643,
0.179381562815306,0.193758887148338,0.209064717661355,0.22524586226041,
0.242257341721887,0.260060471403706,0.278621517158669,0.297910721719961,
0.317901579773789,0.338570285559938,0.359895303544482,0.381857029005498,
0.404437515679243,0.42762025433613,0.451389990658905,0.475732573884269,
0.500634829832699,0.526084453495243,0.552069917466761,0.578580393340842,
0.605605683798671,0.633136163590966,0.661162727969454,0.689676747400822,
0.718670027612042,0.74813477418626,0.778063561063813,0.808449302411412,
0.83928522741013,0.870564857583963,0.90228198634901,0.934430660511207,0.967005163480201,
0.990403807794845),.UNSPECIFIED.);
#72=PLANE('',#1222);
#73=PLANE('',#1256);
#74=PLANE('',#1320);
#75=CIRCLE('',#1196,0.006);
#76=CIRCLE('',#1197,0.006);
#77=CIRCLE('',#1199,0.006);
#78=CIRCLE('',#1200,0.006);
#79=CIRCLE('',#1202,0.006);
#80=CIRCLE('',#1203,0.006);
#81=CIRCLE('',#1205,0.006);
#82=CIRCLE('',#1206,0.006);
#83=CIRCLE('',#1208,0.006);
#84=CIRCLE('',#1209,0.006);
#85=CIRCLE('',#1211,0.006);
#86=CIRCLE('',#1212,0.006);
#87=CIRCLE('',#1214,0.006);
#88=CIRCLE('',#1215,0.006);
#89=CIRCLE('',#1217,0.006);
#90=CIRCLE('',#1218,0.006);
#91=CIRCLE('',#1220,0.006);
#92=CIRCLE('',#1221,0.006);
#93=CIRCLE('',#1223,0.000412558901203525);
#94=CIRCLE('',#1224,0.000412558901203525);
#95=CIRCLE('',#1225,0.00374999999999956);
#96=CIRCLE('',#1226,0.000412558901203525);
#97=CIRCLE('',#1227,0.000412558901203525);
#98=CIRCLE('',#1228,0.00374999999999956);
#99=CIRCLE('',#1229,0.000412558901203525);
#100=CIRCLE('',#1230,0.000412558901203525);
#101=CIRCLE('',#1231,0.00374999999999956);
#102=CIRCLE('',#1232,0.000412558901203525);
#103=CIRCLE('',#1233,0.000412558901203525);
#104=CIRCLE('',#1234,0.00374999999999956);
#105=CIRCLE('',#1235,0.000412558901203525);
#106=CIRCLE('',#1236,0.000412558901203525);
#107=CIRCLE('',#1237,0.00374999999999956);
#108=CIRCLE('',#1238,0.000412558901203525);
#109=CIRCLE('',#1239,0.000412558901203525);
#110=CIRCLE('',#1240,0.00374999999999956);
#111=CIRCLE('',#1241,0.000412558901203525);
#112=CIRCLE('',#1242,0.000412558901203525);
#113=CIRCLE('',#1243,0.00374999999999956);
#114=CIRCLE('',#1244,0.000412558901203525);
#115=CIRCLE('',#1245,0.006);
#116=CIRCLE('',#1246,0.000412558901203525);
#117=CIRCLE('',#1247,0.00374999999999956);
#118=CIRCLE('',#1248,0.000412558901203525);
#119=CIRCLE('',#1249,0.000412558901203525);
#120=CIRCLE('',#1250,0.00374999999999956);
#121=CIRCLE('',#1251,0.000412558901203525);
#122=CIRCLE('',#1252,0.000412558901203525);
#123=CIRCLE('',#1253,0.00374999999999956);
#124=CIRCLE('',#1255,0.006);
#125=CIRCLE('',#1257,0.00225);
#126=CIRCLE('',#1258,0.000412558901203525);
#127=CIRCLE('',#1259,0.000412558901203525);
#128=CIRCLE('',#1260,0.00374999999999956);
#129=CIRCLE('',#1261,0.000412558901203525);
#130=CIRCLE('',#1262,0.000412558901203525);
#131=CIRCLE('',#1263,0.00374999999999956);
#132=CIRCLE('',#1264,0.000412558901203525);
#133=CIRCLE('',#1265,0.000412558901203525);
#134=CIRCLE('',#1266,0.00374999999999956);
#135=CIRCLE('',#1267,0.000412558901203525);
#136=CIRCLE('',#1268,0.000412558901203525);
#137=CIRCLE('',#1269,0.00374999999999956);
#138=CIRCLE('',#1270,0.000412558901203525);
#139=CIRCLE('',#1271,0.000412558901203525);
#140=CIRCLE('',#1272,0.00374999999999956);
#141=CIRCLE('',#1273,0.000412558901203525);
#142=CIRCLE('',#1274,0.000412558901203525);
#143=CIRCLE('',#1275,0.00374999999999956);
#144=CIRCLE('',#1276,0.000412558901203525);
#145=CIRCLE('',#1277,0.000412558901203525);
#146=CIRCLE('',#1278,0.00374999999999956);
#147=CIRCLE('',#1279,0.000412558901203525);
#148=CIRCLE('',#1280,0.000412558901203525);
#149=CIRCLE('',#1281,0.00374999999999956);
#150=CIRCLE('',#1282,0.000412558901203525);
#151=CIRCLE('',#1283,0.000412558901203525);
#152=CIRCLE('',#1284,0.00374999999999956);
#153=CIRCLE('',#1285,0.000412558901203525);
#154=CIRCLE('',#1286,0.000412558901203525);
#155=CIRCLE('',#1287,0.00374999999999956);
#156=CIRCLE('',#1319,0.00225);
#157=ORIENTED_EDGE('',*,*,#521,.F.);
#158=ORIENTED_EDGE('',*,*,#522,.F.);
#159=ORIENTED_EDGE('',*,*,#523,.T.);
#160=ORIENTED_EDGE('',*,*,#524,.T.);
#161=ORIENTED_EDGE('',*,*,#525,.F.);
#162=ORIENTED_EDGE('',*,*,#526,.F.);
#163=ORIENTED_EDGE('',*,*,#527,.T.);
#164=ORIENTED_EDGE('',*,*,#528,.T.);
#165=ORIENTED_EDGE('',*,*,#529,.F.);
#166=ORIENTED_EDGE('',*,*,#530,.F.);
#167=ORIENTED_EDGE('',*,*,#531,.T.);
#168=ORIENTED_EDGE('',*,*,#532,.T.);
#169=ORIENTED_EDGE('',*,*,#533,.F.);
#170=ORIENTED_EDGE('',*,*,#534,.T.);
#171=ORIENTED_EDGE('',*,*,#535,.T.);
#172=ORIENTED_EDGE('',*,*,#536,.F.);
#173=ORIENTED_EDGE('',*,*,#537,.F.);
#174=ORIENTED_EDGE('',*,*,#538,.F.);
#175=ORIENTED_EDGE('',*,*,#539,.T.);
#176=ORIENTED_EDGE('',*,*,#540,.T.);
#177=ORIENTED_EDGE('',*,*,#541,.F.);
#178=ORIENTED_EDGE('',*,*,#542,.F.);
#179=ORIENTED_EDGE('',*,*,#543,.T.);
#180=ORIENTED_EDGE('',*,*,#544,.T.);
#181=ORIENTED_EDGE('',*,*,#545,.F.);
#182=ORIENTED_EDGE('',*,*,#546,.F.);
#183=ORIENTED_EDGE('',*,*,#547,.T.);
#184=ORIENTED_EDGE('',*,*,#548,.T.);
#185=ORIENTED_EDGE('',*,*,#549,.F.);
#186=ORIENTED_EDGE('',*,*,#550,.T.);
#187=ORIENTED_EDGE('',*,*,#551,.T.);
#188=ORIENTED_EDGE('',*,*,#552,.F.);
#189=ORIENTED_EDGE('',*,*,#553,.F.);
#190=ORIENTED_EDGE('',*,*,#554,.T.);
#191=ORIENTED_EDGE('',*,*,#555,.T.);
#192=ORIENTED_EDGE('',*,*,#556,.F.);
#193=ORIENTED_EDGE('',*,*,#557,.F.);
#194=ORIENTED_EDGE('',*,*,#558,.T.);
#195=ORIENTED_EDGE('',*,*,#533,.T.);
#196=ORIENTED_EDGE('',*,*,#559,.F.);
#197=ORIENTED_EDGE('',*,*,#560,.F.);
#198=ORIENTED_EDGE('',*,*,#561,.T.);
#199=ORIENTED_EDGE('',*,*,#562,.F.);
#200=ORIENTED_EDGE('',*,*,#563,.T.);
#201=ORIENTED_EDGE('',*,*,#530,.T.);
#202=ORIENTED_EDGE('',*,*,#564,.F.);
#203=ORIENTED_EDGE('',*,*,#565,.F.);
#204=ORIENTED_EDGE('',*,*,#566,.T.);
#205=ORIENTED_EDGE('',*,*,#567,.F.);
#206=ORIENTED_EDGE('',*,*,#568,.T.);
#207=ORIENTED_EDGE('',*,*,#549,.T.);
#208=ORIENTED_EDGE('',*,*,#569,.F.);
#209=ORIENTED_EDGE('',*,*,#570,.F.);
#210=ORIENTED_EDGE('',*,*,#571,.T.);
#211=ORIENTED_EDGE('',*,*,#572,.F.);
#212=ORIENTED_EDGE('',*,*,#573,.T.);
#213=ORIENTED_EDGE('',*,*,#546,.T.);
#214=ORIENTED_EDGE('',*,*,#574,.F.);
#215=ORIENTED_EDGE('',*,*,#575,.F.);
#216=ORIENTED_EDGE('',*,*,#576,.T.);
#217=ORIENTED_EDGE('',*,*,#577,.F.);
#218=ORIENTED_EDGE('',*,*,#578,.T.);
#219=ORIENTED_EDGE('',*,*,#542,.T.);
#220=ORIENTED_EDGE('',*,*,#579,.F.);
#221=ORIENTED_EDGE('',*,*,#580,.F.);
#222=ORIENTED_EDGE('',*,*,#581,.T.);
#223=ORIENTED_EDGE('',*,*,#582,.F.);
#224=ORIENTED_EDGE('',*,*,#583,.T.);
#225=ORIENTED_EDGE('',*,*,#538,.T.);
#226=ORIENTED_EDGE('',*,*,#584,.F.);
#227=ORIENTED_EDGE('',*,*,#585,.F.);
#228=ORIENTED_EDGE('',*,*,#586,.T.);
#229=ORIENTED_EDGE('',*,*,#587,.F.);
#230=ORIENTED_EDGE('',*,*,#588,.T.);
#231=ORIENTED_EDGE('',*,*,#553,.T.);
#232=ORIENTED_EDGE('',*,*,#589,.F.);
#233=ORIENTED_EDGE('',*,*,#590,.F.);
#234=ORIENTED_EDGE('',*,*,#591,.T.);
#235=ORIENTED_EDGE('',*,*,#592,.F.);
#236=ORIENTED_EDGE('',*,*,#593,.T.);
#237=ORIENTED_EDGE('',*,*,#594,.T.);
#238=ORIENTED_EDGE('',*,*,#595,.F.);
#239=ORIENTED_EDGE('',*,*,#596,.F.);
#240=ORIENTED_EDGE('',*,*,#597,.T.);
#241=ORIENTED_EDGE('',*,*,#598,.F.);
#242=ORIENTED_EDGE('',*,*,#599,.T.);
#243=ORIENTED_EDGE('',*,*,#526,.T.);
#244=ORIENTED_EDGE('',*,*,#600,.F.);
#245=ORIENTED_EDGE('',*,*,#601,.F.);
#246=ORIENTED_EDGE('',*,*,#602,.T.);
#247=ORIENTED_EDGE('',*,*,#603,.F.);
#248=ORIENTED_EDGE('',*,*,#604,.T.);
#249=ORIENTED_EDGE('',*,*,#522,.T.);
#250=ORIENTED_EDGE('',*,*,#605,.F.);
#251=ORIENTED_EDGE('',*,*,#606,.F.);
#252=ORIENTED_EDGE('',*,*,#607,.T.);
#253=ORIENTED_EDGE('',*,*,#594,.F.);
#254=ORIENTED_EDGE('',*,*,#608,.T.);
#255=ORIENTED_EDGE('',*,*,#609,.T.);
#256=ORIENTED_EDGE('',*,*,#610,.F.);
#257=ORIENTED_EDGE('',*,*,#611,.F.);
#258=ORIENTED_EDGE('',*,*,#612,.F.);
#259=ORIENTED_EDGE('',*,*,#613,.T.);
#260=ORIENTED_EDGE('',*,*,#524,.F.);
#261=ORIENTED_EDGE('',*,*,#614,.F.);
#262=ORIENTED_EDGE('',*,*,#615,.F.);
#263=ORIENTED_EDGE('',*,*,#616,.F.);
#264=ORIENTED_EDGE('',*,*,#617,.F.);
#265=ORIENTED_EDGE('',*,*,#618,.T.);
#266=ORIENTED_EDGE('',*,*,#528,.F.);
#267=ORIENTED_EDGE('',*,*,#619,.F.);
#268=ORIENTED_EDGE('',*,*,#620,.F.);
#269=ORIENTED_EDGE('',*,*,#621,.F.);
#270=ORIENTED_EDGE('',*,*,#622,.F.);
#271=ORIENTED_EDGE('',*,*,#623,.T.);
#272=ORIENTED_EDGE('',*,*,#609,.F.);
#273=ORIENTED_EDGE('',*,*,#624,.F.);
#274=ORIENTED_EDGE('',*,*,#625,.F.);
#275=ORIENTED_EDGE('',*,*,#626,.F.);
#276=ORIENTED_EDGE('',*,*,#627,.F.);
#277=ORIENTED_EDGE('',*,*,#628,.T.);
#278=ORIENTED_EDGE('',*,*,#555,.F.);
#279=ORIENTED_EDGE('',*,*,#629,.F.);
#280=ORIENTED_EDGE('',*,*,#630,.F.);
#281=ORIENTED_EDGE('',*,*,#631,.F.);
#282=ORIENTED_EDGE('',*,*,#632,.F.);
#283=ORIENTED_EDGE('',*,*,#633,.T.);
#284=ORIENTED_EDGE('',*,*,#540,.F.);
#285=ORIENTED_EDGE('',*,*,#634,.F.);
#286=ORIENTED_EDGE('',*,*,#635,.F.);
#287=ORIENTED_EDGE('',*,*,#636,.F.);
#288=ORIENTED_EDGE('',*,*,#637,.F.);
#289=ORIENTED_EDGE('',*,*,#638,.T.);
#290=ORIENTED_EDGE('',*,*,#544,.F.);
#291=ORIENTED_EDGE('',*,*,#639,.F.);
#292=ORIENTED_EDGE('',*,*,#640,.F.);
#293=ORIENTED_EDGE('',*,*,#641,.F.);
#294=ORIENTED_EDGE('',*,*,#642,.F.);
#295=ORIENTED_EDGE('',*,*,#643,.T.);
#296=ORIENTED_EDGE('',*,*,#548,.F.);
#297=ORIENTED_EDGE('',*,*,#644,.F.);
#298=ORIENTED_EDGE('',*,*,#645,.F.);
#299=ORIENTED_EDGE('',*,*,#646,.F.);
#300=ORIENTED_EDGE('',*,*,#647,.F.);
#301=ORIENTED_EDGE('',*,*,#648,.T.);
#302=ORIENTED_EDGE('',*,*,#551,.F.);
#303=ORIENTED_EDGE('',*,*,#649,.F.);
#304=ORIENTED_EDGE('',*,*,#650,.F.);
#305=ORIENTED_EDGE('',*,*,#651,.F.);
#306=ORIENTED_EDGE('',*,*,#652,.F.);
#307=ORIENTED_EDGE('',*,*,#653,.T.);
#308=ORIENTED_EDGE('',*,*,#532,.F.);
#309=ORIENTED_EDGE('',*,*,#654,.F.);
#310=ORIENTED_EDGE('',*,*,#655,.F.);
#311=ORIENTED_EDGE('',*,*,#656,.F.);
#312=ORIENTED_EDGE('',*,*,#657,.F.);
#313=ORIENTED_EDGE('',*,*,#658,.T.);
#314=ORIENTED_EDGE('',*,*,#535,.F.);
#315=ORIENTED_EDGE('',*,*,#659,.F.);
#316=ORIENTED_EDGE('',*,*,#660,.F.);
#317=ORIENTED_EDGE('',*,*,#661,.F.);
#318=ORIENTED_EDGE('',*,*,#595,.T.);
#319=ORIENTED_EDGE('',*,*,#610,.T.);
#320=ORIENTED_EDGE('',*,*,#623,.F.);
#321=ORIENTED_EDGE('',*,*,#662,.F.);
#322=ORIENTED_EDGE('',*,*,#619,.T.);
#323=ORIENTED_EDGE('',*,*,#527,.F.);
#324=ORIENTED_EDGE('',*,*,#599,.F.);
#325=ORIENTED_EDGE('',*,*,#663,.F.);
#326=ORIENTED_EDGE('',*,*,#621,.T.);
#327=ORIENTED_EDGE('',*,*,#664,.F.);
#328=ORIENTED_EDGE('',*,*,#597,.F.);
#329=ORIENTED_EDGE('',*,*,#665,.F.);
#330=ORIENTED_EDGE('',*,*,#596,.T.);
#331=ORIENTED_EDGE('',*,*,#662,.T.);
#332=ORIENTED_EDGE('',*,*,#622,.T.);
#333=ORIENTED_EDGE('',*,*,#665,.T.);
#334=ORIENTED_EDGE('',*,*,#598,.T.);
#335=ORIENTED_EDGE('',*,*,#664,.T.);
#336=ORIENTED_EDGE('',*,*,#620,.T.);
#337=ORIENTED_EDGE('',*,*,#663,.T.);
#338=ORIENTED_EDGE('',*,*,#589,.T.);
#339=ORIENTED_EDGE('',*,*,#556,.T.);
#340=ORIENTED_EDGE('',*,*,#628,.F.);
#341=ORIENTED_EDGE('',*,*,#666,.F.);
#342=ORIENTED_EDGE('',*,*,#624,.T.);
#343=ORIENTED_EDGE('',*,*,#608,.F.);
#344=ORIENTED_EDGE('',*,*,#593,.F.);
#345=ORIENTED_EDGE('',*,*,#667,.F.);
#346=ORIENTED_EDGE('',*,*,#626,.T.);
#347=ORIENTED_EDGE('',*,*,#668,.F.);
#348=ORIENTED_EDGE('',*,*,#591,.F.);
#349=ORIENTED_EDGE('',*,*,#669,.F.);
#350=ORIENTED_EDGE('',*,*,#590,.T.);
#351=ORIENTED_EDGE('',*,*,#666,.T.);
#352=ORIENTED_EDGE('',*,*,#627,.T.);
#353=ORIENTED_EDGE('',*,*,#669,.T.);
#354=ORIENTED_EDGE('',*,*,#592,.T.);
#355=ORIENTED_EDGE('',*,*,#668,.T.);
#356=ORIENTED_EDGE('',*,*,#625,.T.);
#357=ORIENTED_EDGE('',*,*,#667,.T.);
#358=ORIENTED_EDGE('',*,*,#569,.T.);
#359=ORIENTED_EDGE('',*,*,#552,.T.);
#360=ORIENTED_EDGE('',*,*,#648,.F.);
#361=ORIENTED_EDGE('',*,*,#670,.F.);
#362=ORIENTED_EDGE('',*,*,#644,.T.);
#363=ORIENTED_EDGE('',*,*,#547,.F.);
#364=ORIENTED_EDGE('',*,*,#573,.F.);
#365=ORIENTED_EDGE('',*,*,#671,.F.);
#366=ORIENTED_EDGE('',*,*,#646,.T.);
#367=ORIENTED_EDGE('',*,*,#672,.F.);
#368=ORIENTED_EDGE('',*,*,#571,.F.);
#369=ORIENTED_EDGE('',*,*,#673,.F.);
#370=ORIENTED_EDGE('',*,*,#570,.T.);
#371=ORIENTED_EDGE('',*,*,#670,.T.);
#372=ORIENTED_EDGE('',*,*,#647,.T.);
#373=ORIENTED_EDGE('',*,*,#673,.T.);
#374=ORIENTED_EDGE('',*,*,#572,.T.);
#375=ORIENTED_EDGE('',*,*,#672,.T.);
#376=ORIENTED_EDGE('',*,*,#645,.T.);
#377=ORIENTED_EDGE('',*,*,#671,.T.);
#378=ORIENTED_EDGE('',*,*,#574,.T.);
#379=ORIENTED_EDGE('',*,*,#545,.T.);
#380=ORIENTED_EDGE('',*,*,#643,.F.);
#381=ORIENTED_EDGE('',*,*,#674,.F.);
#382=ORIENTED_EDGE('',*,*,#639,.T.);
#383=ORIENTED_EDGE('',*,*,#543,.F.);
#384=ORIENTED_EDGE('',*,*,#578,.F.);
#385=ORIENTED_EDGE('',*,*,#675,.F.);
#386=ORIENTED_EDGE('',*,*,#641,.T.);
#387=ORIENTED_EDGE('',*,*,#676,.F.);
#388=ORIENTED_EDGE('',*,*,#576,.F.);
#389=ORIENTED_EDGE('',*,*,#677,.F.);
#390=ORIENTED_EDGE('',*,*,#575,.T.);
#391=ORIENTED_EDGE('',*,*,#674,.T.);
#392=ORIENTED_EDGE('',*,*,#642,.T.);
#393=ORIENTED_EDGE('',*,*,#677,.T.);
#394=ORIENTED_EDGE('',*,*,#577,.T.);
#395=ORIENTED_EDGE('',*,*,#676,.T.);
#396=ORIENTED_EDGE('',*,*,#640,.T.);
#397=ORIENTED_EDGE('',*,*,#675,.T.);
#398=ORIENTED_EDGE('',*,*,#579,.T.);
#399=ORIENTED_EDGE('',*,*,#541,.T.);
#400=ORIENTED_EDGE('',*,*,#638,.F.);
#401=ORIENTED_EDGE('',*,*,#678,.F.);
#402=ORIENTED_EDGE('',*,*,#634,.T.);
#403=ORIENTED_EDGE('',*,*,#539,.F.);
#404=ORIENTED_EDGE('',*,*,#583,.F.);
#405=ORIENTED_EDGE('',*,*,#679,.F.);
#406=ORIENTED_EDGE('',*,*,#636,.T.);
#407=ORIENTED_EDGE('',*,*,#680,.F.);
#408=ORIENTED_EDGE('',*,*,#581,.F.);
#409=ORIENTED_EDGE('',*,*,#681,.F.);
#410=ORIENTED_EDGE('',*,*,#580,.T.);
#411=ORIENTED_EDGE('',*,*,#678,.T.);
#412=ORIENTED_EDGE('',*,*,#637,.T.);
#413=ORIENTED_EDGE('',*,*,#681,.T.);
#414=ORIENTED_EDGE('',*,*,#582,.T.);
#415=ORIENTED_EDGE('',*,*,#680,.T.);
#416=ORIENTED_EDGE('',*,*,#635,.T.);
#417=ORIENTED_EDGE('',*,*,#679,.T.);
#418=ORIENTED_EDGE('',*,*,#584,.T.);
#419=ORIENTED_EDGE('',*,*,#537,.T.);
#420=ORIENTED_EDGE('',*,*,#633,.F.);
#421=ORIENTED_EDGE('',*,*,#682,.F.);
#422=ORIENTED_EDGE('',*,*,#629,.T.);
#423=ORIENTED_EDGE('',*,*,#554,.F.);
#424=ORIENTED_EDGE('',*,*,#588,.F.);
#425=ORIENTED_EDGE('',*,*,#683,.F.);
#426=ORIENTED_EDGE('',*,*,#631,.T.);
#427=ORIENTED_EDGE('',*,*,#684,.F.);
#428=ORIENTED_EDGE('',*,*,#586,.F.);
#429=ORIENTED_EDGE('',*,*,#685,.F.);
#430=ORIENTED_EDGE('',*,*,#585,.T.);
#431=ORIENTED_EDGE('',*,*,#682,.T.);
#432=ORIENTED_EDGE('',*,*,#632,.T.);
#433=ORIENTED_EDGE('',*,*,#685,.T.);
#434=ORIENTED_EDGE('',*,*,#587,.T.);
#435=ORIENTED_EDGE('',*,*,#684,.T.);
#436=ORIENTED_EDGE('',*,*,#630,.T.);
#437=ORIENTED_EDGE('',*,*,#683,.T.);
#438=ORIENTED_EDGE('',*,*,#559,.T.);
#439=ORIENTED_EDGE('',*,*,#536,.T.);
#440=ORIENTED_EDGE('',*,*,#658,.F.);
#441=ORIENTED_EDGE('',*,*,#686,.F.);
#442=ORIENTED_EDGE('',*,*,#654,.T.);
#443=ORIENTED_EDGE('',*,*,#531,.F.);
#444=ORIENTED_EDGE('',*,*,#563,.F.);
#445=ORIENTED_EDGE('',*,*,#687,.F.);
#446=ORIENTED_EDGE('',*,*,#656,.T.);
#447=ORIENTED_EDGE('',*,*,#688,.F.);
#448=ORIENTED_EDGE('',*,*,#561,.F.);
#449=ORIENTED_EDGE('',*,*,#689,.F.);
#450=ORIENTED_EDGE('',*,*,#560,.T.);
#451=ORIENTED_EDGE('',*,*,#686,.T.);
#452=ORIENTED_EDGE('',*,*,#657,.T.);
#453=ORIENTED_EDGE('',*,*,#689,.T.);
#454=ORIENTED_EDGE('',*,*,#562,.T.);
#455=ORIENTED_EDGE('',*,*,#688,.T.);
#456=ORIENTED_EDGE('',*,*,#655,.T.);
#457=ORIENTED_EDGE('',*,*,#687,.T.);
#458=ORIENTED_EDGE('',*,*,#564,.T.);
#459=ORIENTED_EDGE('',*,*,#529,.T.);
#460=ORIENTED_EDGE('',*,*,#653,.F.);
#461=ORIENTED_EDGE('',*,*,#690,.F.);
#462=ORIENTED_EDGE('',*,*,#649,.T.);
#463=ORIENTED_EDGE('',*,*,#550,.F.);
#464=ORIENTED_EDGE('',*,*,#568,.F.);
#465=ORIENTED_EDGE('',*,*,#691,.F.);
#466=ORIENTED_EDGE('',*,*,#651,.T.);
#467=ORIENTED_EDGE('',*,*,#692,.F.);
#468=ORIENTED_EDGE('',*,*,#566,.F.);
#469=ORIENTED_EDGE('',*,*,#693,.F.);
#470=ORIENTED_EDGE('',*,*,#565,.T.);
#471=ORIENTED_EDGE('',*,*,#690,.T.);
#472=ORIENTED_EDGE('',*,*,#652,.T.);
#473=ORIENTED_EDGE('',*,*,#693,.T.);
#474=ORIENTED_EDGE('',*,*,#567,.T.);
#475=ORIENTED_EDGE('',*,*,#692,.T.);
#476=ORIENTED_EDGE('',*,*,#650,.T.);
#477=ORIENTED_EDGE('',*,*,#691,.T.);
#478=ORIENTED_EDGE('',*,*,#600,.T.);
#479=ORIENTED_EDGE('',*,*,#525,.T.);
#480=ORIENTED_EDGE('',*,*,#618,.F.);
#481=ORIENTED_EDGE('',*,*,#694,.F.);
#482=ORIENTED_EDGE('',*,*,#614,.T.);
#483=ORIENTED_EDGE('',*,*,#523,.F.);
#484=ORIENTED_EDGE('',*,*,#604,.F.);
#485=ORIENTED_EDGE('',*,*,#695,.F.);
#486=ORIENTED_EDGE('',*,*,#616,.T.);
#487=ORIENTED_EDGE('',*,*,#696,.F.);
#488=ORIENTED_EDGE('',*,*,#602,.F.);
#489=ORIENTED_EDGE('',*,*,#697,.F.);
#490=ORIENTED_EDGE('',*,*,#601,.T.);
#491=ORIENTED_EDGE('',*,*,#694,.T.);
#492=ORIENTED_EDGE('',*,*,#617,.T.);
#493=ORIENTED_EDGE('',*,*,#697,.T.);
#494=ORIENTED_EDGE('',*,*,#603,.T.);
#495=ORIENTED_EDGE('',*,*,#696,.T.);
#496=ORIENTED_EDGE('',*,*,#615,.T.);
#497=ORIENTED_EDGE('',*,*,#695,.T.);
#498=ORIENTED_EDGE('',*,*,#605,.T.);
#499=ORIENTED_EDGE('',*,*,#521,.T.);
#500=ORIENTED_EDGE('',*,*,#613,.F.);
#501=ORIENTED_EDGE('',*,*,#698,.F.);
#502=ORIENTED_EDGE('',*,*,#659,.T.);
#503=ORIENTED_EDGE('',*,*,#534,.F.);
#504=ORIENTED_EDGE('',*,*,#558,.F.);
#505=ORIENTED_EDGE('',*,*,#699,.F.);
#506=ORIENTED_EDGE('',*,*,#661,.T.);
#507=ORIENTED_EDGE('',*,*,#700,.F.);
#508=ORIENTED_EDGE('',*,*,#607,.F.);
#509=ORIENTED_EDGE('',*,*,#701,.F.);
#510=ORIENTED_EDGE('',*,*,#606,.T.);
#511=ORIENTED_EDGE('',*,*,#698,.T.);
#512=ORIENTED_EDGE('',*,*,#612,.T.);
#513=ORIENTED_EDGE('',*,*,#701,.T.);
#514=ORIENTED_EDGE('',*,*,#557,.T.);
#515=ORIENTED_EDGE('',*,*,#700,.T.);
#516=ORIENTED_EDGE('',*,*,#660,.T.);
#517=ORIENTED_EDGE('',*,*,#699,.T.);
#518=ORIENTED_EDGE('',*,*,#611,.T.);
#519=ORIENTED_EDGE('',*,*,#702,.F.);
#520=ORIENTED_EDGE('',*,*,#702,.T.);
#521=EDGE_CURVE('',#703,#704,#825,.T.);
#522=EDGE_CURVE('',#705,#703,#75,.T.);
#523=EDGE_CURVE('',#705,#706,#826,.T.);
#524=EDGE_CURVE('',#706,#704,#76,.T.);
#525=EDGE_CURVE('',#707,#708,#827,.T.);
#526=EDGE_CURVE('',#709,#707,#77,.T.);
#527=EDGE_CURVE('',#709,#710,#828,.T.);
#528=EDGE_CURVE('',#710,#708,#78,.T.);
#529=EDGE_CURVE('',#711,#712,#829,.T.);
#530=EDGE_CURVE('',#713,#711,#79,.T.);
#531=EDGE_CURVE('',#713,#714,#830,.T.);
#532=EDGE_CURVE('',#714,#712,#80,.T.);
#533=EDGE_CURVE('',#715,#716,#81,.T.);
#534=EDGE_CURVE('',#715,#717,#831,.T.);
#535=EDGE_CURVE('',#717,#718,#82,.T.);
#536=EDGE_CURVE('',#716,#718,#832,.T.);
#537=EDGE_CURVE('',#719,#720,#833,.T.);
#538=EDGE_CURVE('',#721,#719,#83,.T.);
#539=EDGE_CURVE('',#721,#722,#834,.T.);
#540=EDGE_CURVE('',#722,#720,#84,.T.);
#541=EDGE_CURVE('',#723,#724,#835,.T.);
#542=EDGE_CURVE('',#725,#723,#85,.T.);
#543=EDGE_CURVE('',#725,#726,#836,.T.);
#544=EDGE_CURVE('',#726,#724,#86,.T.);
#545=EDGE_CURVE('',#727,#728,#837,.T.);
#546=EDGE_CURVE('',#729,#727,#87,.T.);
#547=EDGE_CURVE('',#729,#730,#838,.T.);
#548=EDGE_CURVE('',#730,#728,#88,.T.);
#549=EDGE_CURVE('',#731,#732,#89,.T.);
#550=EDGE_CURVE('',#731,#733,#839,.T.);
#551=EDGE_CURVE('',#733,#734,#90,.T.);
#552=EDGE_CURVE('',#732,#734,#840,.T.);
#553=EDGE_CURVE('',#735,#736,#91,.T.);
#554=EDGE_CURVE('',#735,#737,#841,.T.);
#555=EDGE_CURVE('',#737,#738,#92,.T.);
#556=EDGE_CURVE('',#736,#738,#842,.T.);
#557=EDGE_CURVE('',#739,#740,#93,.T.);
#558=EDGE_CURVE('',#739,#715,#32,.T.);
#559=EDGE_CURVE('',#741,#716,#33,.T.);
#560=EDGE_CURVE('',#742,#741,#94,.T.);
#561=EDGE_CURVE('',#742,#743,#95,.T.);
#562=EDGE_CURVE('',#744,#743,#96,.T.);
#563=EDGE_CURVE('',#744,#713,#34,.T.);
#564=EDGE_CURVE('',#745,#711,#35,.T.);
#565=EDGE_CURVE('',#746,#745,#97,.T.);
#566=EDGE_CURVE('',#746,#747,#98,.T.);
#567=EDGE_CURVE('',#748,#747,#99,.T.);
#568=EDGE_CURVE('',#748,#731,#36,.T.);
#569=EDGE_CURVE('',#749,#732,#37,.T.);
#570=EDGE_CURVE('',#750,#749,#100,.T.);
#571=EDGE_CURVE('',#750,#751,#101,.T.);
#572=EDGE_CURVE('',#752,#751,#102,.T.);
#573=EDGE_CURVE('',#752,#729,#38,.T.);
#574=EDGE_CURVE('',#753,#727,#39,.T.);
#575=EDGE_CURVE('',#754,#753,#103,.T.);
#576=EDGE_CURVE('',#754,#755,#104,.T.);
#577=EDGE_CURVE('',#756,#755,#105,.T.);
#578=EDGE_CURVE('',#756,#725,#40,.T.);
#579=EDGE_CURVE('',#757,#723,#41,.T.);
#580=EDGE_CURVE('',#758,#757,#106,.T.);
#581=EDGE_CURVE('',#758,#759,#107,.T.);
#582=EDGE_CURVE('',#760,#759,#108,.T.);
#583=EDGE_CURVE('',#760,#721,#42,.T.);
#584=EDGE_CURVE('',#761,#719,#43,.T.);
#585=EDGE_CURVE('',#762,#761,#109,.T.);
#586=EDGE_CURVE('',#762,#763,#110,.T.);
#587=EDGE_CURVE('',#764,#763,#111,.T.);
#588=EDGE_CURVE('',#764,#735,#44,.T.);
#589=EDGE_CURVE('',#765,#736,#45,.T.);
#590=EDGE_CURVE('',#766,#765,#112,.T.);
#591=EDGE_CURVE('',#766,#767,#113,.T.);
#592=EDGE_CURVE('',#768,#767,#114,.T.);
#593=EDGE_CURVE('',#768,#769,#46,.T.);
#594=EDGE_CURVE('',#769,#770,#115,.T.);
#595=EDGE_CURVE('',#771,#770,#47,.T.);
#596=EDGE_CURVE('',#772,#771,#116,.T.);
#597=EDGE_CURVE('',#772,#773,#117,.T.);
#598=EDGE_CURVE('',#774,#773,#118,.T.);
#599=EDGE_CURVE('',#774,#709,#48,.T.);
#600=EDGE_CURVE('',#775,#707,#49,.T.);
#601=EDGE_CURVE('',#776,#775,#119,.T.);
#602=EDGE_CURVE('',#776,#777,#120,.T.);
#603=EDGE_CURVE('',#778,#777,#121,.T.);
#604=EDGE_CURVE('',#778,#705,#50,.T.);
#605=EDGE_CURVE('',#779,#703,#51,.T.);
#606=EDGE_CURVE('',#780,#779,#122,.T.);
#607=EDGE_CURVE('',#780,#740,#123,.T.);
#608=EDGE_CURVE('',#769,#781,#843,.T.);
#609=EDGE_CURVE('',#781,#782,#124,.T.);
#610=EDGE_CURVE('',#770,#782,#844,.T.);
#611=EDGE_CURVE('',#783,#783,#125,.F.);
#612=EDGE_CURVE('',#784,#785,#126,.F.);
#613=EDGE_CURVE('',#784,#704,#52,.T.);
#614=EDGE_CURVE('',#786,#706,#53,.T.);
#615=EDGE_CURVE('',#787,#786,#127,.F.);
#616=EDGE_CURVE('',#788,#787,#128,.T.);
#617=EDGE_CURVE('',#789,#788,#129,.F.);
#618=EDGE_CURVE('',#789,#708,#54,.T.);
#619=EDGE_CURVE('',#790,#710,#55,.T.);
#620=EDGE_CURVE('',#791,#790,#130,.F.);
#621=EDGE_CURVE('',#792,#791,#131,.T.);
#622=EDGE_CURVE('',#793,#792,#132,.F.);
#623=EDGE_CURVE('',#793,#782,#56,.T.);
#624=EDGE_CURVE('',#794,#781,#57,.T.);
#625=EDGE_CURVE('',#795,#794,#133,.F.);
#626=EDGE_CURVE('',#796,#795,#134,.T.);
#627=EDGE_CURVE('',#797,#796,#135,.F.);
#628=EDGE_CURVE('',#797,#738,#58,.T.);
#629=EDGE_CURVE('',#798,#737,#59,.T.);
#630=EDGE_CURVE('',#799,#798,#136,.F.);
#631=EDGE_CURVE('',#800,#799,#137,.T.);
#632=EDGE_CURVE('',#801,#800,#138,.F.);
#633=EDGE_CURVE('',#801,#720,#60,.T.);
#634=EDGE_CURVE('',#802,#722,#61,.T.);
#635=EDGE_CURVE('',#803,#802,#139,.F.);
#636=EDGE_CURVE('',#804,#803,#140,.T.);
#637=EDGE_CURVE('',#805,#804,#141,.F.);
#638=EDGE_CURVE('',#805,#724,#62,.T.);
#639=EDGE_CURVE('',#806,#726,#63,.T.);
#640=EDGE_CURVE('',#807,#806,#142,.F.);
#641=EDGE_CURVE('',#808,#807,#143,.T.);
#642=EDGE_CURVE('',#809,#808,#144,.F.);
#643=EDGE_CURVE('',#809,#728,#64,.T.);
#644=EDGE_CURVE('',#810,#730,#65,.T.);
#645=EDGE_CURVE('',#811,#810,#145,.F.);
#646=EDGE_CURVE('',#812,#811,#146,.T.);
#647=EDGE_CURVE('',#813,#812,#147,.F.);
#648=EDGE_CURVE('',#813,#734,#66,.T.);
#649=EDGE_CURVE('',#814,#733,#67,.T.);
#650=EDGE_CURVE('',#815,#814,#148,.F.);
#651=EDGE_CURVE('',#816,#815,#149,.T.);
#652=EDGE_CURVE('',#817,#816,#150,.F.);
#653=EDGE_CURVE('',#817,#712,#68,.T.);
#654=EDGE_CURVE('',#818,#714,#69,.T.);
#655=EDGE_CURVE('',#819,#818,#151,.F.);
#656=EDGE_CURVE('',#820,#819,#152,.T.);
#657=EDGE_CURVE('',#821,#820,#153,.F.);
#658=EDGE_CURVE('',#821,#718,#70,.T.);
#659=EDGE_CURVE('',#822,#717,#71,.T.);
#660=EDGE_CURVE('',#823,#822,#154,.F.);
#661=EDGE_CURVE('',#785,#823,#155,.T.);
#662=EDGE_CURVE('',#771,#793,#845,.T.);
#663=EDGE_CURVE('',#790,#774,#846,.F.);
#664=EDGE_CURVE('',#773,#791,#847,.T.);
#665=EDGE_CURVE('',#792,#772,#848,.F.);
#666=EDGE_CURVE('',#765,#797,#849,.T.);
#667=EDGE_CURVE('',#794,#768,#850,.F.);
#668=EDGE_CURVE('',#767,#795,#851,.T.);
#669=EDGE_CURVE('',#796,#766,#852,.F.);
#670=EDGE_CURVE('',#749,#813,#853,.T.);
#671=EDGE_CURVE('',#810,#752,#854,.F.);
#672=EDGE_CURVE('',#751,#811,#855,.T.);
#673=EDGE_CURVE('',#812,#750,#856,.F.);
#674=EDGE_CURVE('',#753,#809,#857,.T.);
#675=EDGE_CURVE('',#806,#756,#858,.F.);
#676=EDGE_CURVE('',#755,#807,#859,.T.);
#677=EDGE_CURVE('',#808,#754,#860,.F.);
#678=EDGE_CURVE('',#757,#805,#861,.T.);
#679=EDGE_CURVE('',#802,#760,#862,.F.);
#680=EDGE_CURVE('',#759,#803,#863,.T.);
#681=EDGE_CURVE('',#804,#758,#864,.F.);
#682=EDGE_CURVE('',#761,#801,#865,.T.);
#683=EDGE_CURVE('',#798,#764,#866,.F.);
#684=EDGE_CURVE('',#763,#799,#867,.T.);
#685=EDGE_CURVE('',#800,#762,#868,.F.);
#686=EDGE_CURVE('',#741,#821,#869,.T.);
#687=EDGE_CURVE('',#818,#744,#870,.F.);
#688=EDGE_CURVE('',#743,#819,#871,.T.);
#689=EDGE_CURVE('',#820,#742,#872,.F.);
#690=EDGE_CURVE('',#745,#817,#873,.T.);
#691=EDGE_CURVE('',#814,#748,#874,.F.);
#692=EDGE_CURVE('',#747,#815,#875,.T.);
#693=EDGE_CURVE('',#816,#746,#876,.F.);
#694=EDGE_CURVE('',#775,#789,#877,.T.);
#695=EDGE_CURVE('',#786,#778,#878,.F.);
#696=EDGE_CURVE('',#777,#787,#879,.T.);
#697=EDGE_CURVE('',#788,#776,#880,.F.);
#698=EDGE_CURVE('',#779,#784,#881,.T.);
#699=EDGE_CURVE('',#822,#739,#882,.F.);
#700=EDGE_CURVE('',#740,#823,#883,.T.);
#701=EDGE_CURVE('',#785,#780,#884,.F.);
#702=EDGE_CURVE('',#824,#824,#156,.T.);
#703=VERTEX_POINT('',#1638);
#704=VERTEX_POINT('',#1639);
#705=VERTEX_POINT('',#1641);
#706=VERTEX_POINT('',#1643);
#707=VERTEX_POINT('',#1647);
#708=VERTEX_POINT('',#1648);
#709=VERTEX_POINT('',#1650);
#710=VERTEX_POINT('',#1652);
#711=VERTEX_POINT('',#1656);
#712=VERTEX_POINT('',#1657);
#713=VERTEX_POINT('',#1659);
#714=VERTEX_POINT('',#1661);
#715=VERTEX_POINT('',#1665);
#716=VERTEX_POINT('',#1666);
#717=VERTEX_POINT('',#1668);
#718=VERTEX_POINT('',#1670);
#719=VERTEX_POINT('',#1674);
#720=VERTEX_POINT('',#1675);
#721=VERTEX_POINT('',#1677);
#722=VERTEX_POINT('',#1679);
#723=VERTEX_POINT('',#1683);
#724=VERTEX_POINT('',#1684);
#725=VERTEX_POINT('',#1686);
#726=VERTEX_POINT('',#1688);
#727=VERTEX_POINT('',#1692);
#728=VERTEX_POINT('',#1693);
#729=VERTEX_POINT('',#1695);
#730=VERTEX_POINT('',#1697);
#731=VERTEX_POINT('',#1701);
#732=VERTEX_POINT('',#1702);
#733=VERTEX_POINT('',#1704);
#734=VERTEX_POINT('',#1706);
#735=VERTEX_POINT('',#1710);
#736=VERTEX_POINT('',#1711);
#737=VERTEX_POINT('',#1713);
#738=VERTEX_POINT('',#1715);
#739=VERTEX_POINT('',#1719);
#740=VERTEX_POINT('',#1720);
#741=VERTEX_POINT('',#1807);
#742=VERTEX_POINT('',#1809);
#743=VERTEX_POINT('',#1811);
#744=VERTEX_POINT('',#1813);
#745=VERTEX_POINT('',#1900);
#746=VERTEX_POINT('',#1902);
#747=VERTEX_POINT('',#1904);
#748=VERTEX_POINT('',#1906);
#749=VERTEX_POINT('',#1993);
#750=VERTEX_POINT('',#1995);
#751=VERTEX_POINT('',#1997);
#752=VERTEX_POINT('',#1999);
#753=VERTEX_POINT('',#2086);
#754=VERTEX_POINT('',#2088);
#755=VERTEX_POINT('',#2090);
#756=VERTEX_POINT('',#2092);
#757=VERTEX_POINT('',#2179);
#758=VERTEX_POINT('',#2181);
#759=VERTEX_POINT('',#2183);
#760=VERTEX_POINT('',#2185);
#761=VERTEX_POINT('',#2272);
#762=VERTEX_POINT('',#2274);
#763=VERTEX_POINT('',#2276);
#764=VERTEX_POINT('',#2278);
#765=VERTEX_POINT('',#2365);
#766=VERTEX_POINT('',#2367);
#767=VERTEX_POINT('',#2369);
#768=VERTEX_POINT('',#2371);
#769=VERTEX_POINT('',#2415);
#770=VERTEX_POINT('',#2417);
#771=VERTEX_POINT('',#2461);
#772=VERTEX_POINT('',#2463);
#773=VERTEX_POINT('',#2465);
#774=VERTEX_POINT('',#2467);
#775=VERTEX_POINT('',#2554);
#776=VERTEX_POINT('',#2556);
#777=VERTEX_POINT('',#2558);
#778=VERTEX_POINT('',#2560);
#779=VERTEX_POINT('',#2647);
#780=VERTEX_POINT('',#2649);
#781=VERTEX_POINT('',#2653);
#782=VERTEX_POINT('',#2655);
#783=VERTEX_POINT('',#2659);
#784=VERTEX_POINT('',#2661);
#785=VERTEX_POINT('',#2662);
#786=VERTEX_POINT('',#2749);
#787=VERTEX_POINT('',#2751);
#788=VERTEX_POINT('',#2753);
#789=VERTEX_POINT('',#2755);
#790=VERTEX_POINT('',#2842);
#791=VERTEX_POINT('',#2844);
#792=VERTEX_POINT('',#2846);
#793=VERTEX_POINT('',#2848);
#794=VERTEX_POINT('',#2935);
#795=VERTEX_POINT('',#2937);
#796=VERTEX_POINT('',#2939);
#797=VERTEX_POINT('',#2941);
#798=VERTEX_POINT('',#3028);
#799=VERTEX_POINT('',#3030);
#800=VERTEX_POINT('',#3032);
#801=VERTEX_POINT('',#3034);
#802=VERTEX_POINT('',#3121);
#803=VERTEX_POINT('',#3123);
#804=VERTEX_POINT('',#3125);
#805=VERTEX_POINT('',#3127);
#806=VERTEX_POINT('',#3214);
#807=VERTEX_POINT('',#3216);
#808=VERTEX_POINT('',#3218);
#809=VERTEX_POINT('',#3220);
#810=VERTEX_POINT('',#3307);
#811=VERTEX_POINT('',#3309);
#812=VERTEX_POINT('',#3311);
#813=VERTEX_POINT('',#3313);
#814=VERTEX_POINT('',#3400);
#815=VERTEX_POINT('',#3402);
#816=VERTEX_POINT('',#3404);
#817=VERTEX_POINT('',#3406);
#818=VERTEX_POINT('',#3493);
#819=VERTEX_POINT('',#3495);
#820=VERTEX_POINT('',#3497);
#821=VERTEX_POINT('',#3499);
#822=VERTEX_POINT('',#3586);
#823=VERTEX_POINT('',#3588);
#824=VERTEX_POINT('',#4142);
#825=LINE('',#1637,#885);
#826=LINE('',#1642,#886);
#827=LINE('',#1646,#887);
#828=LINE('',#1651,#888);
#829=LINE('',#1655,#889);
#830=LINE('',#1660,#890);
#831=LINE('',#1667,#891);
#832=LINE('',#1671,#892);
#833=LINE('',#1673,#893);
#834=LINE('',#1678,#894);
#835=LINE('',#1682,#895);
#836=LINE('',#1687,#896);
#837=LINE('',#1691,#897);
#838=LINE('',#1696,#898);
#839=LINE('',#1703,#899);
#840=LINE('',#1707,#900);
#841=LINE('',#1712,#901);
#842=LINE('',#1716,#902);
#843=LINE('',#2652,#903);
#844=LINE('',#2656,#904);
#845=LINE('',#3614,#905);
#846=LINE('',#3639,#906);
#847=LINE('',#3641,#907);
#848=LINE('',#3642,#908);
#849=LINE('',#3669,#909);
#850=LINE('',#3694,#910);
#851=LINE('',#3696,#911);
#852=LINE('',#3697,#912);
#853=LINE('',#3724,#913);
#854=LINE('',#3749,#914);
#855=LINE('',#3751,#915);
#856=LINE('',#3752,#916);
#857=LINE('',#3779,#917);
#858=LINE('',#3804,#918);
#859=LINE('',#3806,#919);
#860=LINE('',#3807,#920);
#861=LINE('',#3834,#921);
#862=LINE('',#3859,#922);
#863=LINE('',#3861,#923);
#864=LINE('',#3862,#924);
#865=LINE('',#3889,#925);
#866=LINE('',#3914,#926);
#867=LINE('',#3916,#927);
#868=LINE('',#3917,#928);
#869=LINE('',#3944,#929);
#870=LINE('',#3969,#930);
#871=LINE('',#3971,#931);
#872=LINE('',#3972,#932);
#873=LINE('',#3999,#933);
#874=LINE('',#4024,#934);
#875=LINE('',#4026,#935);
#876=LINE('',#4027,#936);
#877=LINE('',#4054,#937);
#878=LINE('',#4079,#938);
#879=LINE('',#4081,#939);
#880=LINE('',#4082,#940);
#881=LINE('',#4109,#941);
#882=LINE('',#4134,#942);
#883=LINE('',#4136,#943);
#884=LINE('',#4137,#944);
#885=VECTOR('',#1325,1.);
#886=VECTOR('',#1328,1.);
#887=VECTOR('',#1333,1.);
#888=VECTOR('',#1336,1.);
#889=VECTOR('',#1341,1.);
#890=VECTOR('',#1344,1.);
#891=VECTOR('',#1351,1.);
#892=VECTOR('',#1354,1.);
#893=VECTOR('',#1357,1.);
#894=VECTOR('',#1360,1.);
#895=VECTOR('',#1365,1.);
#896=VECTOR('',#1368,1.);
#897=VECTOR('',#1373,1.);
#898=VECTOR('',#1376,1.);
#899=VECTOR('',#1383,1.);
#900=VECTOR('',#1386,1.);
#901=VECTOR('',#1391,1.);
#902=VECTOR('',#1394,1.);
#903=VECTOR('',#1461,1.);
#904=VECTOR('',#1464,1.);
#905=VECTOR('',#1529,1.);
#906=VECTOR('',#1530,1.);
#907=VECTOR('',#1533,1.);
#908=VECTOR('',#1534,1.);
#909=VECTOR('',#1539,1.);
#910=VECTOR('',#1540,1.);
#911=VECTOR('',#1543,1.);
#912=VECTOR('',#1544,1.);
#913=VECTOR('',#1549,1.);
#914=VECTOR('',#1550,1.);
#915=VECTOR('',#1553,1.);
#916=VECTOR('',#1554,1.);
#917=VECTOR('',#1559,1.);
#918=VECTOR('',#1560,1.);
#919=VECTOR('',#1563,1.);
#920=VECTOR('',#1564,1.);
#921=VECTOR('',#1569,1.);
#922=VECTOR('',#1570,1.);
#923=VECTOR('',#1573,1.);
#924=VECTOR('',#1574,1.);
#925=VECTOR('',#1579,1.);
#926=VECTOR('',#1580,1.);
#927=VECTOR('',#1583,1.);
#928=VECTOR('',#1584,1.);
#929=VECTOR('',#1589,1.);
#930=VECTOR('',#1590,1.);
#931=VECTOR('',#1593,1.);
#932=VECTOR('',#1594,1.);
#933=VECTOR('',#1599,1.);
#934=VECTOR('',#1600,1.);
#935=VECTOR('',#1603,1.);
#936=VECTOR('',#1604,1.);
#937=VECTOR('',#1609,1.);
#938=VECTOR('',#1610,1.);
#939=VECTOR('',#1613,1.);
#940=VECTOR('',#1614,1.);
#941=VECTOR('',#1619,1.);
#942=VECTOR('',#1620,1.);
#943=VECTOR('',#1623,1.);
#944=VECTOR('',#1624,1.);
#945=EDGE_LOOP('',(#157,#158,#159,#160));
#946=EDGE_LOOP('',(#161,#162,#163,#164));
#947=EDGE_LOOP('',(#165,#166,#167,#168));
#948=EDGE_LOOP('',(#169,#170,#171,#172));
#949=EDGE_LOOP('',(#173,#174,#175,#176));
#950=EDGE_LOOP('',(#177,#178,#179,#180));
#951=EDGE_LOOP('',(#181,#182,#183,#184));
#952=EDGE_LOOP('',(#185,#186,#187,#188));
#953=EDGE_LOOP('',(#189,#190,#191,#192));
#954=EDGE_LOOP('',(#193,#194,#195,#196,#197,#198,#199,#200,#201,#202,#203,
#204,#205,#206,#207,#208,#209,#210,#211,#212,#213,#214,#215,#216,#217,#218,
#219,#220,#221,#222,#223,#224,#225,#226,#227,#228,#229,#230,#231,#232,#233,
#234,#235,#236,#237,#238,#239,#240,#241,#242,#243,#244,#245,#246,#247,#248,
#249,#250,#251,#252));
#955=EDGE_LOOP('',(#253,#254,#255,#256));
#956=EDGE_LOOP('',(#257));
#957=EDGE_LOOP('',(#258,#259,#260,#261,#262,#263,#264,#265,#266,#267,#268,
#269,#270,#271,#272,#273,#274,#275,#276,#277,#278,#279,#280,#281,#282,#283,
#284,#285,#286,#287,#288,#289,#290,#291,#292,#293,#294,#295,#296,#297,#298,
#299,#300,#301,#302,#303,#304,#305,#306,#307,#308,#309,#310,#311,#312,#313,
#314,#315,#316,#317));
#958=EDGE_LOOP('',(#318,#319,#320,#321));
#959=EDGE_LOOP('',(#322,#323,#324,#325));
#960=EDGE_LOOP('',(#326,#327,#328,#329));
#961=EDGE_LOOP('',(#330,#331,#332,#333));
#962=EDGE_LOOP('',(#334,#335,#336,#337));
#963=EDGE_LOOP('',(#338,#339,#340,#341));
#964=EDGE_LOOP('',(#342,#343,#344,#345));
#965=EDGE_LOOP('',(#346,#347,#348,#349));
#966=EDGE_LOOP('',(#350,#351,#352,#353));
#967=EDGE_LOOP('',(#354,#355,#356,#357));
#968=EDGE_LOOP('',(#358,#359,#360,#361));
#969=EDGE_LOOP('',(#362,#363,#364,#365));
#970=EDGE_LOOP('',(#366,#367,#368,#369));
#971=EDGE_LOOP('',(#370,#371,#372,#373));
#972=EDGE_LOOP('',(#374,#375,#376,#377));
#973=EDGE_LOOP('',(#378,#379,#380,#381));
#974=EDGE_LOOP('',(#382,#383,#384,#385));
#975=EDGE_LOOP('',(#386,#387,#388,#389));
#976=EDGE_LOOP('',(#390,#391,#392,#393));
#977=EDGE_LOOP('',(#394,#395,#396,#397));
#978=EDGE_LOOP('',(#398,#399,#400,#401));
#979=EDGE_LOOP('',(#402,#403,#404,#405));
#980=EDGE_LOOP('',(#406,#407,#408,#409));
#981=EDGE_LOOP('',(#410,#411,#412,#413));
#982=EDGE_LOOP('',(#414,#415,#416,#417));
#983=EDGE_LOOP('',(#418,#419,#420,#421));
#984=EDGE_LOOP('',(#422,#423,#424,#425));
#985=EDGE_LOOP('',(#426,#427,#428,#429));
#986=EDGE_LOOP('',(#430,#431,#432,#433));
#987=EDGE_LOOP('',(#434,#435,#436,#437));
#988=EDGE_LOOP('',(#438,#439,#440,#441));
#989=EDGE_LOOP('',(#442,#443,#444,#445));
#990=EDGE_LOOP('',(#446,#447,#448,#449));
#991=EDGE_LOOP('',(#450,#451,#452,#453));
#992=EDGE_LOOP('',(#454,#455,#456,#457));
#993=EDGE_LOOP('',(#458,#459,#460,#461));
#994=EDGE_LOOP('',(#462,#463,#464,#465));
#995=EDGE_LOOP('',(#466,#467,#468,#469));
#996=EDGE_LOOP('',(#470,#471,#472,#473));
#997=EDGE_LOOP('',(#474,#475,#476,#477));
#998=EDGE_LOOP('',(#478,#479,#480,#481));
#999=EDGE_LOOP('',(#482,#483,#484,#485));
#1000=EDGE_LOOP('',(#486,#487,#488,#489));
#1001=EDGE_LOOP('',(#490,#491,#492,#493));
#1002=EDGE_LOOP('',(#494,#495,#496,#497));
#1003=EDGE_LOOP('',(#498,#499,#500,#501));
#1004=EDGE_LOOP('',(#502,#503,#504,#505));
#1005=EDGE_LOOP('',(#506,#507,#508,#509));
#1006=EDGE_LOOP('',(#510,#511,#512,#513));
#1007=EDGE_LOOP('',(#514,#515,#516,#517));
#1008=EDGE_LOOP('',(#518));
#1009=EDGE_LOOP('',(#519));
#1010=EDGE_LOOP('',(#520));
#1011=FACE_BOUND('',#945,.T.);
#1012=FACE_BOUND('',#946,.T.);
#1013=FACE_BOUND('',#947,.T.);
#1014=FACE_BOUND('',#948,.T.);
#1015=FACE_BOUND('',#949,.T.);
#1016=FACE_BOUND('',#950,.T.);
#1017=FACE_BOUND('',#951,.T.);
#1018=FACE_BOUND('',#952,.T.);
#1019=FACE_BOUND('',#953,.T.);
#1020=FACE_BOUND('',#954,.T.);
#1021=FACE_BOUND('',#955,.T.);
#1022=FACE_BOUND('',#956,.T.);
#1023=FACE_BOUND('',#957,.T.);
#1024=FACE_BOUND('',#958,.T.);
#1025=FACE_BOUND('',#959,.T.);
#1026=FACE_BOUND('',#960,.T.);
#1027=FACE_BOUND('',#961,.T.);
#1028=FACE_BOUND('',#962,.T.);
#1029=FACE_BOUND('',#963,.T.);
#1030=FACE_BOUND('',#964,.T.);
#1031=FACE_BOUND('',#965,.T.);
#1032=FACE_BOUND('',#966,.T.);
#1033=FACE_BOUND('',#967,.T.);
#1034=FACE_BOUND('',#968,.T.);
#1035=FACE_BOUND('',#969,.T.);
#1036=FACE_BOUND('',#970,.T.);
#1037=FACE_BOUND('',#971,.T.);
#1038=FACE_BOUND('',#972,.T.);
#1039=FACE_BOUND('',#973,.T.);
#1040=FACE_BOUND('',#974,.T.);
#1041=FACE_BOUND('',#975,.T.);
#1042=FACE_BOUND('',#976,.T.);
#1043=FACE_BOUND('',#977,.T.);
#1044=FACE_BOUND('',#978,.T.);
#1045=FACE_BOUND('',#979,.T.);
#1046=FACE_BOUND('',#980,.T.);
#1047=FACE_BOUND('',#981,.T.);
#1048=FACE_BOUND('',#982,.T.);
#1049=FACE_BOUND('',#983,.T.);
#1050=FACE_BOUND('',#984,.T.);
#1051=FACE_BOUND('',#985,.T.);
#1052=FACE_BOUND('',#986,.T.);
#1053=FACE_BOUND('',#987,.T.);
#1054=FACE_BOUND('',#988,.T.);
#1055=FACE_BOUND('',#989,.T.);
#1056=FACE_BOUND('',#990,.T.);
#1057=FACE_BOUND('',#991,.T.);
#1058=FACE_BOUND('',#992,.T.);
#1059=FACE_BOUND('',#993,.T.);
#1060=FACE_BOUND('',#994,.T.);
#1061=FACE_BOUND('',#995,.T.);
#1062=FACE_BOUND('',#996,.T.);
#1063=FACE_BOUND('',#997,.T.);
#1064=FACE_BOUND('',#998,.T.);
#1065=FACE_BOUND('',#999,.T.);
#1066=FACE_BOUND('',#1000,.T.);
#1067=FACE_BOUND('',#1001,.T.);
#1068=FACE_BOUND('',#1002,.T.);
#1069=FACE_BOUND('',#1003,.T.);
#1070=FACE_BOUND('',#1004,.T.);
#1071=FACE_BOUND('',#1005,.T.);
#1072=FACE_BOUND('',#1006,.T.);
#1073=FACE_BOUND('',#1007,.T.);
#1074=FACE_BOUND('',#1008,.T.);
#1075=FACE_BOUND('',#1009,.T.);
#1076=FACE_BOUND('',#1010,.T.);
#1077=CYLINDRICAL_SURFACE('',#1195,0.006);
#1078=CYLINDRICAL_SURFACE('',#1198,0.006);
#1079=CYLINDRICAL_SURFACE('',#1201,0.006);
#1080=CYLINDRICAL_SURFACE('',#1204,0.006);
#1081=CYLINDRICAL_SURFACE('',#1207,0.006);
#1082=CYLINDRICAL_SURFACE('',#1210,0.006);
#1083=CYLINDRICAL_SURFACE('',#1213,0.006);
#1084=CYLINDRICAL_SURFACE('',#1216,0.006);
#1085=CYLINDRICAL_SURFACE('',#1219,0.006);
#1086=CYLINDRICAL_SURFACE('',#1254,0.006);
#1087=CYLINDRICAL_SURFACE('',#1288,0.00374999999999956);
#1088=CYLINDRICAL_SURFACE('',#1289,0.000412558901203525);
#1089=CYLINDRICAL_SURFACE('',#1290,0.000412558901203525);
#1090=CYLINDRICAL_SURFACE('',#1291,0.00374999999999956);
#1091=CYLINDRICAL_SURFACE('',#1292,0.000412558901203525);
#1092=CYLINDRICAL_SURFACE('',#1293,0.000412558901203525);
#1093=CYLINDRICAL_SURFACE('',#1294,0.00374999999999956);
#1094=CYLINDRICAL_SURFACE('',#1295,0.000412558901203525);
#1095=CYLINDRICAL_SURFACE('',#1296,0.000412558901203525);
#1096=CYLINDRICAL_SURFACE('',#1297,0.00374999999999956);
#1097=CYLINDRICAL_SURFACE('',#1298,0.000412558901203525);
#1098=CYLINDRICAL_SURFACE('',#1299,0.000412558901203525);
#1099=CYLINDRICAL_SURFACE('',#1300,0.00374999999999956);
#1100=CYLINDRICAL_SURFACE('',#1301,0.000412558901203525);
#1101=CYLINDRICAL_SURFACE('',#1302,0.000412558901203525);
#1102=CYLINDRICAL_SURFACE('',#1303,0.00374999999999956);
#1103=CYLINDRICAL_SURFACE('',#1304,0.000412558901203525);
#1104=CYLINDRICAL_SURFACE('',#1305,0.000412558901203525);
#1105=CYLINDRICAL_SURFACE('',#1306,0.00374999999999956);
#1106=CYLINDRICAL_SURFACE('',#1307,0.000412558901203525);
#1107=CYLINDRICAL_SURFACE('',#1308,0.000412558901203525);
#1108=CYLINDRICAL_SURFACE('',#1309,0.00374999999999956);
#1109=CYLINDRICAL_SURFACE('',#1310,0.000412558901203525);
#1110=CYLINDRICAL_SURFACE('',#1311,0.000412558901203525);
#1111=CYLINDRICAL_SURFACE('',#1312,0.00374999999999956);
#1112=CYLINDRICAL_SURFACE('',#1313,0.000412558901203525);
#1113=CYLINDRICAL_SURFACE('',#1314,0.000412558901203525);
#1114=CYLINDRICAL_SURFACE('',#1315,0.00374999999999956);
#1115=CYLINDRICAL_SURFACE('',#1316,0.000412558901203525);
#1116=CYLINDRICAL_SURFACE('',#1317,0.000412558901203525);
#1117=CYLINDRICAL_SURFACE('',#1318,0.00225);
#1118=ADVANCED_FACE('',(#1011),#1077,.T.);
#1119=ADVANCED_FACE('',(#1012),#1078,.T.);
#1120=ADVANCED_FACE('',(#1013),#1079,.T.);
#1121=ADVANCED_FACE('',(#1014),#1080,.T.);
#1122=ADVANCED_FACE('',(#1015),#1081,.T.);
#1123=ADVANCED_FACE('',(#1016),#1082,.T.);
#1124=ADVANCED_FACE('',(#1017),#1083,.T.);
#1125=ADVANCED_FACE('',(#1018),#1084,.T.);
#1126=ADVANCED_FACE('',(#1019),#1085,.T.);
#1127=ADVANCED_FACE('',(#1020),#72,.T.);
#1128=ADVANCED_FACE('',(#1021),#1086,.T.);
#1129=ADVANCED_FACE('',(#1022,#1023),#73,.F.);
#1130=ADVANCED_FACE('',(#1024),#12,.T.);
#1131=ADVANCED_FACE('',(#1025),#13,.F.);
#1132=ADVANCED_FACE('',(#1026),#1087,.T.);
#1133=ADVANCED_FACE('',(#1027),#1088,.F.);
#1134=ADVANCED_FACE('',(#1028),#1089,.F.);
#1135=ADVANCED_FACE('',(#1029),#14,.T.);
#1136=ADVANCED_FACE('',(#1030),#15,.F.);
#1137=ADVANCED_FACE('',(#1031),#1090,.T.);
#1138=ADVANCED_FACE('',(#1032),#1091,.F.);
#1139=ADVANCED_FACE('',(#1033),#1092,.F.);
#1140=ADVANCED_FACE('',(#1034),#16,.T.);
#1141=ADVANCED_FACE('',(#1035),#17,.F.);
#1142=ADVANCED_FACE('',(#1036),#1093,.T.);
#1143=ADVANCED_FACE('',(#1037),#1094,.F.);
#1144=ADVANCED_FACE('',(#1038),#1095,.F.);
#1145=ADVANCED_FACE('',(#1039),#18,.T.);
#1146=ADVANCED_FACE('',(#1040),#19,.F.);
#1147=ADVANCED_FACE('',(#1041),#1096,.T.);
#1148=ADVANCED_FACE('',(#1042),#1097,.F.);
#1149=ADVANCED_FACE('',(#1043),#1098,.F.);
#1150=ADVANCED_FACE('',(#1044),#20,.T.);
#1151=ADVANCED_FACE('',(#1045),#21,.F.);
#1152=ADVANCED_FACE('',(#1046),#1099,.T.);
#1153=ADVANCED_FACE('',(#1047),#1100,.F.);
#1154=ADVANCED_FACE('',(#1048),#1101,.F.);
#1155=ADVANCED_FACE('',(#1049),#22,.T.);
#1156=ADVANCED_FACE('',(#1050),#23,.F.);
#1157=ADVANCED_FACE('',(#1051),#1102,.T.);
#1158=ADVANCED_FACE('',(#1052),#1103,.F.);
#1159=ADVANCED_FACE('',(#1053),#1104,.F.);
#1160=ADVANCED_FACE('',(#1054),#24,.T.);
#1161=ADVANCED_FACE('',(#1055),#25,.F.);
#1162=ADVANCED_FACE('',(#1056),#1105,.T.);
#1163=ADVANCED_FACE('',(#1057),#1106,.F.);
#1164=ADVANCED_FACE('',(#1058),#1107,.F.);
#1165=ADVANCED_FACE('',(#1059),#26,.T.);
#1166=ADVANCED_FACE('',(#1060),#27,.F.);
#1167=ADVANCED_FACE('',(#1061),#1108,.T.);
#1168=ADVANCED_FACE('',(#1062),#1109,.F.);
#1169=ADVANCED_FACE('',(#1063),#1110,.F.);
#1170=ADVANCED_FACE('',(#1064),#28,.T.);
#1171=ADVANCED_FACE('',(#1065),#29,.F.);
#1172=ADVANCED_FACE('',(#1066),#1111,.T.);
#1173=ADVANCED_FACE('',(#1067),#1112,.F.);
#1174=ADVANCED_FACE('',(#1068),#1113,.F.);
#1175=ADVANCED_FACE('',(#1069),#30,.T.);
#1176=ADVANCED_FACE('',(#1070),#31,.F.);
#1177=ADVANCED_FACE('',(#1071),#1114,.T.);
#1178=ADVANCED_FACE('',(#1072),#1115,.F.);
#1179=ADVANCED_FACE('',(#1073),#1116,.F.);
#1180=ADVANCED_FACE('',(#1074,#1075),#1117,.T.);
#1181=ADVANCED_FACE('',(#1076),#74,.T.);
#1182=CLOSED_SHELL('',(#1118,#1119,#1120,#1121,#1122,#1123,#1124,#1125,
#1126,#1127,#1128,#1129,#1130,#1131,#1132,#1133,#1134,#1135,#1136,#1137,
#1138,#1139,#1140,#1141,#1142,#1143,#1144,#1145,#1146,#1147,#1148,#1149,
#1150,#1151,#1152,#1153,#1154,#1155,#1156,#1157,#1158,#1159,#1160,#1161,
#1162,#1163,#1164,#1165,#1166,#1167,#1168,#1169,#1170,#1171,#1172,#1173,
#1174,#1175,#1176,#1177,#1178,#1179,#1180,#1181));
#1183=STYLED_ITEM('',(#1184),#1191);
#1184=PRESENTATION_STYLE_ASSIGNMENT((#1185));
#1185=SURFACE_STYLE_USAGE(.BOTH.,#1186);
#1186=SURFACE_SIDE_STYLE('',(#1187));
#1187=SURFACE_STYLE_FILL_AREA(#1188);
#1188=FILL_AREA_STYLE('',(#1189));
#1189=FILL_AREA_STYLE_COLOUR('',#1190);
#1190=COLOUR_RGB('',0.207843137254902,0.207843137254902,0.207843137254902);
#1191=MANIFOLD_SOLID_BREP('DriveGear',#1182);
#1192=SHAPE_DEFINITION_REPRESENTATION(#4150,#1193);
#1193=SHAPE_REPRESENTATION('DriveGear',(#1194),#4145);
#1194=AXIS2_PLACEMENT_3D('',#1635,#1321,#1322);
#1195=AXIS2_PLACEMENT_3D('',#1636,#1323,#1324);
#1196=AXIS2_PLACEMENT_3D('',#1640,#1326,#1327);
#1197=AXIS2_PLACEMENT_3D('',#1644,#1329,#1330);
#1198=AXIS2_PLACEMENT_3D('',#1645,#1331,#1332);
#1199=AXIS2_PLACEMENT_3D('',#1649,#1334,#1335);
#1200=AXIS2_PLACEMENT_3D('',#1653,#1337,#1338);
#1201=AXIS2_PLACEMENT_3D('',#1654,#1339,#1340);
#1202=AXIS2_PLACEMENT_3D('',#1658,#1342,#1343);
#1203=AXIS2_PLACEMENT_3D('',#1662,#1345,#1346);
#1204=AXIS2_PLACEMENT_3D('',#1663,#1347,#1348);
#1205=AXIS2_PLACEMENT_3D('',#1664,#1349,#1350);
#1206=AXIS2_PLACEMENT_3D('',#1669,#1352,#1353);
#1207=AXIS2_PLACEMENT_3D('',#1672,#1355,#1356);
#1208=AXIS2_PLACEMENT_3D('',#1676,#1358,#1359);
#1209=AXIS2_PLACEMENT_3D('',#1680,#1361,#1362);
#1210=AXIS2_PLACEMENT_3D('',#1681,#1363,#1364);
#1211=AXIS2_PLACEMENT_3D('',#1685,#1366,#1367);
#1212=AXIS2_PLACEMENT_3D('',#1689,#1369,#1370);
#1213=AXIS2_PLACEMENT_3D('',#1690,#1371,#1372);
#1214=AXIS2_PLACEMENT_3D('',#1694,#1374,#1375);
#1215=AXIS2_PLACEMENT_3D('',#1698,#1377,#1378);
#1216=AXIS2_PLACEMENT_3D('',#1699,#1379,#1380);
#1217=AXIS2_PLACEMENT_3D('',#1700,#1381,#1382);
#1218=AXIS2_PLACEMENT_3D('',#1705,#1384,#1385);
#1219=AXIS2_PLACEMENT_3D('',#1708,#1387,#1388);
#1220=AXIS2_PLACEMENT_3D('',#1709,#1389,#1390);
#1221=AXIS2_PLACEMENT_3D('',#1714,#1392,#1393);
#1222=AXIS2_PLACEMENT_3D('',#1717,#1395,#1396);
#1223=AXIS2_PLACEMENT_3D('',#1718,#1397,#1398);
#1224=AXIS2_PLACEMENT_3D('',#1808,#1399,#1400);
#1225=AXIS2_PLACEMENT_3D('',#1810,#1401,#1402);
#1226=AXIS2_PLACEMENT_3D('',#1812,#1403,#1404);
#1227=AXIS2_PLACEMENT_3D('',#1901,#1405,#1406);
#1228=AXIS2_PLACEMENT_3D('',#1903,#1407,#1408);
#1229=AXIS2_PLACEMENT_3D('',#1905,#1409,#1410);
#1230=AXIS2_PLACEMENT_3D('',#1994,#1411,#1412);
#1231=AXIS2_PLACEMENT_3D('',#1996,#1413,#1414);
#1232=AXIS2_PLACEMENT_3D('',#1998,#1415,#1416);
#1233=AXIS2_PLACEMENT_3D('',#2087,#1417,#1418);
#1234=AXIS2_PLACEMENT_3D('',#2089,#1419,#1420);
#1235=AXIS2_PLACEMENT_3D('',#2091,#1421,#1422);
#1236=AXIS2_PLACEMENT_3D('',#2180,#1423,#1424);
#1237=AXIS2_PLACEMENT_3D('',#2182,#1425,#1426);
#1238=AXIS2_PLACEMENT_3D('',#2184,#1427,#1428);
#1239=AXIS2_PLACEMENT_3D('',#2273,#1429,#1430);
#1240=AXIS2_PLACEMENT_3D('',#2275,#1431,#1432);
#1241=AXIS2_PLACEMENT_3D('',#2277,#1433,#1434);
#1242=AXIS2_PLACEMENT_3D('',#2366,#1435,#1436);
#1243=AXIS2_PLACEMENT_3D('',#2368,#1437,#1438);
#1244=AXIS2_PLACEMENT_3D('',#2370,#1439,#1440);
#1245=AXIS2_PLACEMENT_3D('',#2416,#1441,#1442);
#1246=AXIS2_PLACEMENT_3D('',#2462,#1443,#1444);
#1247=AXIS2_PLACEMENT_3D('',#2464,#1445,#1446);
#1248=AXIS2_PLACEMENT_3D('',#2466,#1447,#1448);
#1249=AXIS2_PLACEMENT_3D('',#2555,#1449,#1450);
#1250=AXIS2_PLACEMENT_3D('',#2557,#1451,#1452);
#1251=AXIS2_PLACEMENT_3D('',#2559,#1453,#1454);
#1252=AXIS2_PLACEMENT_3D('',#2648,#1455,#1456);
#1253=AXIS2_PLACEMENT_3D('',#2650,#1457,#1458);
#1254=AXIS2_PLACEMENT_3D('',#2651,#1459,#1460);
#1255=AXIS2_PLACEMENT_3D('',#2654,#1462,#1463);
#1256=AXIS2_PLACEMENT_3D('',#2657,#1465,#1466);
#1257=AXIS2_PLACEMENT_3D('',#2658,#1467,#1468);
#1258=AXIS2_PLACEMENT_3D('',#2660,#1469,#1470);
#1259=AXIS2_PLACEMENT_3D('',#2750,#1471,#1472);
#1260=AXIS2_PLACEMENT_3D('',#2752,#1473,#1474);
#1261=AXIS2_PLACEMENT_3D('',#2754,#1475,#1476);
#1262=AXIS2_PLACEMENT_3D('',#2843,#1477,#1478);
#1263=AXIS2_PLACEMENT_3D('',#2845,#1479,#1480);
#1264=AXIS2_PLACEMENT_3D('',#2847,#1481,#1482);
#1265=AXIS2_PLACEMENT_3D('',#2936,#1483,#1484);
#1266=AXIS2_PLACEMENT_3D('',#2938,#1485,#1486);
#1267=AXIS2_PLACEMENT_3D('',#2940,#1487,#1488);
#1268=AXIS2_PLACEMENT_3D('',#3029,#1489,#1490);
#1269=AXIS2_PLACEMENT_3D('',#3031,#1491,#1492);
#1270=AXIS2_PLACEMENT_3D('',#3033,#1493,#1494);
#1271=AXIS2_PLACEMENT_3D('',#3122,#1495,#1496);
#1272=AXIS2_PLACEMENT_3D('',#3124,#1497,#1498);
#1273=AXIS2_PLACEMENT_3D('',#3126,#1499,#1500);
#1274=AXIS2_PLACEMENT_3D('',#3215,#1501,#1502);
#1275=AXIS2_PLACEMENT_3D('',#3217,#1503,#1504);
#1276=AXIS2_PLACEMENT_3D('',#3219,#1505,#1506);
#1277=AXIS2_PLACEMENT_3D('',#3308,#1507,#1508);
#1278=AXIS2_PLACEMENT_3D('',#3310,#1509,#1510);
#1279=AXIS2_PLACEMENT_3D('',#3312,#1511,#1512);
#1280=AXIS2_PLACEMENT_3D('',#3401,#1513,#1514);
#1281=AXIS2_PLACEMENT_3D('',#3403,#1515,#1516);
#1282=AXIS2_PLACEMENT_3D('',#3405,#1517,#1518);
#1283=AXIS2_PLACEMENT_3D('',#3494,#1519,#1520);
#1284=AXIS2_PLACEMENT_3D('',#3496,#1521,#1522);
#1285=AXIS2_PLACEMENT_3D('',#3498,#1523,#1524);
#1286=AXIS2_PLACEMENT_3D('',#3587,#1525,#1526);
#1287=AXIS2_PLACEMENT_3D('',#3589,#1527,#1528);
#1288=AXIS2_PLACEMENT_3D('',#3640,#1531,#1532);
#1289=AXIS2_PLACEMENT_3D('',#3643,#1535,#1536);
#1290=AXIS2_PLACEMENT_3D('',#3644,#1537,#1538);
#1291=AXIS2_PLACEMENT_3D('',#3695,#1541,#1542);
#1292=AXIS2_PLACEMENT_3D('',#3698,#1545,#1546);
#1293=AXIS2_PLACEMENT_3D('',#3699,#1547,#1548);
#1294=AXIS2_PLACEMENT_3D('',#3750,#1551,#1552);
#1295=AXIS2_PLACEMENT_3D('',#3753,#1555,#1556);
#1296=AXIS2_PLACEMENT_3D('',#3754,#1557,#1558);
#1297=AXIS2_PLACEMENT_3D('',#3805,#1561,#1562);
#1298=AXIS2_PLACEMENT_3D('',#3808,#1565,#1566);
#1299=AXIS2_PLACEMENT_3D('',#3809,#1567,#1568);
#1300=AXIS2_PLACEMENT_3D('',#3860,#1571,#1572);
#1301=AXIS2_PLACEMENT_3D('',#3863,#1575,#1576);
#1302=AXIS2_PLACEMENT_3D('',#3864,#1577,#1578);
#1303=AXIS2_PLACEMENT_3D('',#3915,#1581,#1582);
#1304=AXIS2_PLACEMENT_3D('',#3918,#1585,#1586);
#1305=AXIS2_PLACEMENT_3D('',#3919,#1587,#1588);
#1306=AXIS2_PLACEMENT_3D('',#3970,#1591,#1592);
#1307=AXIS2_PLACEMENT_3D('',#3973,#1595,#1596);
#1308=AXIS2_PLACEMENT_3D('',#3974,#1597,#1598);
#1309=AXIS2_PLACEMENT_3D('',#4025,#1601,#1602);
#1310=AXIS2_PLACEMENT_3D('',#4028,#1605,#1606);
#1311=AXIS2_PLACEMENT_3D('',#4029,#1607,#1608);
#1312=AXIS2_PLACEMENT_3D('',#4080,#1611,#1612);
#1313=AXIS2_PLACEMENT_3D('',#4083,#1615,#1616);
#1314=AXIS2_PLACEMENT_3D('',#4084,#1617,#1618);
#1315=AXIS2_PLACEMENT_3D('',#4135,#1621,#1622);
#1316=AXIS2_PLACEMENT_3D('',#4138,#1625,#1626);
#1317=AXIS2_PLACEMENT_3D('',#4139,#1627,#1628);
#1318=AXIS2_PLACEMENT_3D('',#4140,#1629,#1630);
#1319=AXIS2_PLACEMENT_3D('',#4141,#1631,#1632);
#1320=AXIS2_PLACEMENT_3D('',#4143,#1633,#1634);
#1321=DIRECTION('',(0.,0.,1.));
#1322=DIRECTION('',(1.,0.,0.));
#1323=DIRECTION('',(0.,0.,-1.));
#1324=DIRECTION('',(-0.587785252292473,-0.809016994374948,0.));
#1325=DIRECTION('',(0.,0.,-1.));
#1326=DIRECTION('',(0.,0.,1.));
#1327=DIRECTION('',(0.587785252292473,0.809016994374948,0.));
#1328=DIRECTION('',(0.,0.,-1.));
#1329=DIRECTION('',(0.,0.,1.));
#1330=DIRECTION('',(0.587785252292473,0.809016994374948,0.));
#1331=DIRECTION('',(0.,0.,-1.));
#1332=DIRECTION('',(-0.587785252292473,-0.809016994374948,0.));
#1333=DIRECTION('',(0.,0.,-1.));
#1334=DIRECTION('',(0.,0.,1.));
#1335=DIRECTION('',(0.587785252292473,0.809016994374948,0.));
#1336=DIRECTION('',(0.,0.,-1.));
#1337=DIRECTION('',(0.,0.,1.));
#1338=DIRECTION('',(0.587785252292473,0.809016994374948,0.));
#1339=DIRECTION('',(0.,0.,-1.));
#1340=DIRECTION('',(-0.587785252292473,-0.809016994374948,0.));
#1341=DIRECTION('',(0.,0.,-1.));
#1342=DIRECTION('',(0.,0.,1.));
#1343=DIRECTION('',(0.587785252292473,0.809016994374948,0.));
#1344=DIRECTION('',(0.,0.,-1.));
#1345=DIRECTION('',(0.,0.,1.));
#1346=DIRECTION('',(0.587785252292473,0.809016994374948,0.));
#1347=DIRECTION('',(0.,0.,-1.));
#1348=DIRECTION('',(-0.587785252292473,-0.809016994374948,0.));
#1349=DIRECTION('',(0.,0.,1.));
#1350=DIRECTION('',(0.587785252292473,0.809016994374948,0.));
#1351=DIRECTION('',(0.,0.,-1.));
#1352=DIRECTION('',(0.,0.,1.));
#1353=DIRECTION('',(0.587785252292473,0.809016994374948,0.));
#1354=DIRECTION('',(0.,0.,-1.));
#1355=DIRECTION('',(0.,0.,-1.));
#1356=DIRECTION('',(-0.587785252292473,-0.809016994374948,0.));
#1357=DIRECTION('',(0.,0.,-1.));
#1358=DIRECTION('',(0.,0.,1.));
#1359=DIRECTION('',(0.587785252292473,0.809016994374948,0.));
#1360=DIRECTION('',(0.,0.,-1.));
#1361=DIRECTION('',(0.,0.,1.));
#1362=DIRECTION('',(0.587785252292473,0.809016994374948,0.));
#1363=DIRECTION('',(0.,0.,-1.));
#1364=DIRECTION('',(-0.587785252292473,-0.809016994374948,0.));
#1365=DIRECTION('',(0.,0.,-1.));
#1366=DIRECTION('',(0.,0.,1.));
#1367=DIRECTION('',(0.587785252292473,0.809016994374948,0.));
#1368=DIRECTION('',(0.,0.,-1.));
#1369=DIRECTION('',(0.,0.,1.));
#1370=DIRECTION('',(0.587785252292473,0.809016994374948,0.));
#1371=DIRECTION('',(0.,0.,-1.));
#1372=DIRECTION('',(-0.587785252292473,-0.809016994374948,0.));
#1373=DIRECTION('',(0.,0.,-1.));
#1374=DIRECTION('',(0.,0.,1.));
#1375=DIRECTION('',(0.587785252292473,0.809016994374948,0.));
#1376=DIRECTION('',(0.,0.,-1.));
#1377=DIRECTION('',(0.,0.,1.));
#1378=DIRECTION('',(0.587785252292473,0.809016994374948,0.));
#1379=DIRECTION('',(0.,0.,-1.));
#1380=DIRECTION('',(-0.587785252292473,-0.809016994374948,0.));
#1381=DIRECTION('',(0.,0.,1.));
#1382=DIRECTION('',(0.587785252292473,0.809016994374948,0.));
#1383=DIRECTION('',(0.,0.,-1.));
#1384=DIRECTION('',(0.,0.,1.));
#1385=DIRECTION('',(0.587785252292473,0.809016994374948,0.));
#1386=DIRECTION('',(0.,0.,-1.));
#1387=DIRECTION('',(0.,0.,-1.));
#1388=DIRECTION('',(-0.587785252292473,-0.809016994374948,0.));
#1389=DIRECTION('',(0.,0.,1.));
#1390=DIRECTION('',(0.587785252292473,0.809016994374948,0.));
#1391=DIRECTION('',(0.,0.,-1.));
#1392=DIRECTION('',(0.,0.,1.));
#1393=DIRECTION('',(0.587785252292473,0.809016994374948,0.));
#1394=DIRECTION('',(0.,0.,-1.));
#1395=DIRECTION('',(0.,0.,1.));
#1396=DIRECTION('',(0.587785252292473,0.809016994374948,0.));
#1397=DIRECTION('',(0.,0.,1.));
#1398=DIRECTION('',(-0.587785252292473,0.809016994374948,0.));
#1399=DIRECTION('',(0.,0.,1.));
#1400=DIRECTION('',(-0.951056516295154,0.309016994374948,0.));
#1401=DIRECTION('',(0.,0.,1.));
#1402=DIRECTION('',(-0.951056516295154,0.309016994374948,0.));
#1403=DIRECTION('',(0.,0.,1.));
#1404=DIRECTION('',(-0.951056516295154,0.309016994374948,0.));
#1405=DIRECTION('',(0.,0.,1.));
#1406=DIRECTION('',(-0.951056516295154,-0.309016994374948,0.));
#1407=DIRECTION('',(0.,0.,1.));
#1408=DIRECTION('',(-0.951056516295154,-0.309016994374948,0.));
#1409=DIRECTION('',(0.,0.,1.));
#1410=DIRECTION('',(-0.951056516295154,-0.309016994374948,0.));
#1411=DIRECTION('',(0.,0.,1.));
#1412=DIRECTION('',(-0.587785252292473,-0.809016994374947,0.));
#1413=DIRECTION('',(0.,0.,1.));
#1414=DIRECTION('',(-0.587785252292473,-0.809016994374947,0.));
#1415=DIRECTION('',(0.,0.,1.));
#1416=DIRECTION('',(-0.587785252292473,-0.809016994374947,0.));
#1417=DIRECTION('',(0.,0.,1.));
#1418=DIRECTION('',(-1.66533453693773E-16,-1.,0.));
#1419=DIRECTION('',(0.,0.,1.));
#1420=DIRECTION('',(-1.66533453693773E-16,-1.,0.));
#1421=DIRECTION('',(0.,0.,1.));
#1422=DIRECTION('',(-1.66533453693773E-16,-1.,0.));
#1423=DIRECTION('',(0.,0.,1.));
#1424=DIRECTION('',(0.587785252292473,-0.809016994374948,0.));
#1425=DIRECTION('',(0.,0.,1.));
#1426=DIRECTION('',(0.587785252292473,-0.809016994374948,0.));
#1427=DIRECTION('',(0.,0.,1.));
#1428=DIRECTION('',(0.587785252292473,-0.809016994374948,0.));
#1429=DIRECTION('',(0.,0.,1.));
#1430=DIRECTION('',(0.951056516295154,-0.309016994374948,0.));
#1431=DIRECTION('',(0.,0.,1.));
#1432=DIRECTION('',(0.951056516295154,-0.309016994374948,0.));
#1433=DIRECTION('',(0.,0.,1.));
#1434=DIRECTION('',(0.951056516295154,-0.309016994374948,0.));
#1435=DIRECTION('',(0.,0.,1.));
#1436=DIRECTION('',(0.951056516295154,0.309016994374947,0.));
#1437=DIRECTION('',(0.,0.,1.));
#1438=DIRECTION('',(0.951056516295154,0.309016994374947,0.));
#1439=DIRECTION('',(0.,0.,1.));
#1440=DIRECTION('',(0.951056516295154,0.309016994374947,0.));
#1441=DIRECTION('',(0.,0.,1.));
#1442=DIRECTION('',(0.587785252292473,0.809016994374948,0.));
#1443=DIRECTION('',(0.,0.,1.));
#1444=DIRECTION('',(0.587785252292473,0.809016994374948,0.));
#1445=DIRECTION('',(0.,0.,1.));
#1446=DIRECTION('',(0.587785252292473,0.809016994374948,0.));
#1447=DIRECTION('',(0.,0.,1.));
#1448=DIRECTION('',(0.587785252292473,0.809016994374948,0.));
#1449=DIRECTION('',(0.,0.,1.));
#1450=DIRECTION('',(0.,1.,0.));
#1451=DIRECTION('',(0.,0.,1.));
#1452=DIRECTION('',(0.,1.,0.));
#1453=DIRECTION('',(0.,0.,1.));
#1454=DIRECTION('',(0.,1.,0.));
#1455=DIRECTION('',(0.,0.,1.));
#1456=DIRECTION('',(-0.587785252292473,0.809016994374948,0.));
#1457=DIRECTION('',(0.,0.,1.));
#1458=DIRECTION('',(-0.587785252292473,0.809016994374948,0.));
#1459=DIRECTION('',(0.,0.,-1.));
#1460=DIRECTION('',(-0.587785252292473,-0.809016994374948,0.));
#1461=DIRECTION('',(0.,0.,-1.));
#1462=DIRECTION('',(0.,0.,1.));
#1463=DIRECTION('',(0.587785252292473,0.809016994374948,0.));
#1464=DIRECTION('',(0.,0.,-1.));
#1465=DIRECTION('',(0.,0.,1.));
#1466=DIRECTION('',(0.587785252292473,0.809016994374948,0.));
#1467=DIRECTION('',(0.,0.,1.));
#1468=DIRECTION('',(1.,0.,0.));
#1469=DIRECTION('',(0.,0.,1.));
#1470=DIRECTION('',(-0.587785252292473,0.809016994374948,0.));
#1471=DIRECTION('',(0.,0.,1.));
#1472=DIRECTION('',(0.,1.,0.));
#1473=DIRECTION('',(0.,0.,1.));
#1474=DIRECTION('',(0.,1.,0.));
#1475=DIRECTION('',(0.,0.,1.));
#1476=DIRECTION('',(0.,1.,0.));
#1477=DIRECTION('',(0.,0.,1.));
#1478=DIRECTION('',(0.587785252292473,0.809016994374948,0.));
#1479=DIRECTION('',(0.,0.,1.));
#1480=DIRECTION('',(0.587785252292473,0.809016994374948,0.));
#1481=DIRECTION('',(0.,0.,1.));
#1482=DIRECTION('',(0.587785252292473,0.809016994374948,0.));
#1483=DIRECTION('',(0.,0.,1.));
#1484=DIRECTION('',(0.951056516295154,0.309016994374947,0.));
#1485=DIRECTION('',(0.,0.,1.));
#1486=DIRECTION('',(0.951056516295154,0.309016994374947,0.));
#1487=DIRECTION('',(0.,0.,1.));
#1488=DIRECTION('',(0.951056516295154,0.309016994374947,0.));
#1489=DIRECTION('',(0.,0.,1.));
#1490=DIRECTION('',(0.951056516295154,-0.309016994374948,0.));
#1491=DIRECTION('',(0.,0.,1.));
#1492=DIRECTION('',(0.951056516295154,-0.309016994374948,0.));
#1493=DIRECTION('',(0.,0.,1.));
#1494=DIRECTION('',(0.951056516295154,-0.309016994374948,0.));
#1495=DIRECTION('',(0.,0.,1.));
#1496=DIRECTION('',(0.587785252292473,-0.809016994374948,0.));
#1497=DIRECTION('',(0.,0.,1.));
#1498=DIRECTION('',(0.587785252292473,-0.809016994374948,0.));
#1499=DIRECTION('',(0.,0.,1.));
#1500=DIRECTION('',(0.587785252292473,-0.809016994374948,0.));
#1501=DIRECTION('',(0.,0.,1.));
#1502=DIRECTION('',(-1.66533453693773E-16,-1.,0.));
#1503=DIRECTION('',(0.,0.,1.));
#1504=DIRECTION('',(-1.66533453693773E-16,-1.,0.));
#1505=DIRECTION('',(0.,0.,1.));
#1506=DIRECTION('',(-1.66533453693773E-16,-1.,0.));
#1507=DIRECTION('',(0.,0.,1.));
#1508=DIRECTION('',(-0.587785252292473,-0.809016994374947,0.));
#1509=DIRECTION('',(0.,0.,1.));
#1510=DIRECTION('',(-0.587785252292473,-0.809016994374947,0.));
#1511=DIRECTION('',(0.,0.,1.));
#1512=DIRECTION('',(-0.587785252292473,-0.809016994374947,0.));
#1513=DIRECTION('',(0.,0.,1.));
#1514=DIRECTION('',(-0.951056516295154,-0.309016994374948,0.));
#1515=DIRECTION('',(0.,0.,1.));
#1516=DIRECTION('',(-0.951056516295154,-0.309016994374948,0.));
#1517=DIRECTION('',(0.,0.,1.));
#1518=DIRECTION('',(-0.951056516295154,-0.309016994374948,0.));
#1519=DIRECTION('',(0.,0.,1.));
#1520=DIRECTION('',(-0.951056516295154,0.309016994374948,0.));
#1521=DIRECTION('',(0.,0.,1.));
#1522=DIRECTION('',(-0.951056516295154,0.309016994374948,0.));
#1523=DIRECTION('',(0.,0.,1.));
#1524=DIRECTION('',(-0.951056516295154,0.309016994374948,0.));
#1525=DIRECTION('',(0.,0.,1.));
#1526=DIRECTION('',(-0.587785252292473,0.809016994374948,0.));
#1527=DIRECTION('',(0.,0.,1.));
#1528=DIRECTION('',(-0.587785252292473,0.809016994374948,0.));
#1529=DIRECTION('',(0.,0.,-1.));
#1530=DIRECTION('',(0.,0.,-1.));
#1531=DIRECTION('',(0.,0.,-1.));
#1532=DIRECTION('',(-0.587785252292473,-0.809016994374948,0.));
#1533=DIRECTION('',(0.,0.,-1.));
#1534=DIRECTION('',(0.,0.,-1.));
#1535=DIRECTION('',(0.,0.,-1.));
#1536=DIRECTION('',(-0.587785252292473,-0.809016994374948,0.));
#1537=DIRECTION('',(0.,0.,-1.));
#1538=DIRECTION('',(-0.587785252292473,-0.809016994374948,0.));
#1539=DIRECTION('',(0.,0.,-1.));
#1540=DIRECTION('',(0.,0.,-1.));
#1541=DIRECTION('',(0.,0.,-1.));
#1542=DIRECTION('',(-0.951056516295154,-0.309016994374947,0.));
#1543=DIRECTION('',(0.,0.,-1.));
#1544=DIRECTION('',(0.,0.,-1.));
#1545=DIRECTION('',(0.,0.,-1.));
#1546=DIRECTION('',(-0.951056516295154,-0.309016994374947,0.));
#1547=DIRECTION('',(0.,0.,-1.));
#1548=DIRECTION('',(-0.951056516295154,-0.309016994374947,0.));
#1549=DIRECTION('',(0.,0.,-1.));
#1550=DIRECTION('',(0.,0.,-1.));
#1551=DIRECTION('',(0.,0.,-1.));
#1552=DIRECTION('',(0.587785252292473,0.809016994374947,0.));
#1553=DIRECTION('',(0.,0.,-1.));
#1554=DIRECTION('',(0.,0.,-1.));
#1555=DIRECTION('',(0.,0.,-1.));
#1556=DIRECTION('',(0.587785252292473,0.809016994374947,0.));
#1557=DIRECTION('',(0.,0.,-1.));
#1558=DIRECTION('',(0.587785252292473,0.809016994374947,0.));
#1559=DIRECTION('',(0.,0.,-1.));
#1560=DIRECTION('',(0.,0.,-1.));
#1561=DIRECTION('',(0.,0.,-1.));
#1562=DIRECTION('',(1.66533453693773E-16,1.,0.));
#1563=DIRECTION('',(0.,0.,-1.));
#1564=DIRECTION('',(0.,0.,-1.));
#1565=DIRECTION('',(0.,0.,-1.));
#1566=DIRECTION('',(1.66533453693773E-16,1.,0.));
#1567=DIRECTION('',(0.,0.,-1.));
#1568=DIRECTION('',(1.66533453693773E-16,1.,0.));
#1569=DIRECTION('',(0.,0.,-1.));
#1570=DIRECTION('',(0.,0.,-1.));
#1571=DIRECTION('',(0.,0.,-1.));
#1572=DIRECTION('',(-0.587785252292473,0.809016994374948,0.));
#1573=DIRECTION('',(0.,0.,-1.));
#1574=DIRECTION('',(0.,0.,-1.));
#1575=DIRECTION('',(0.,0.,-1.));
#1576=DIRECTION('',(-0.587785252292473,0.809016994374948,0.));
#1577=DIRECTION('',(0.,0.,-1.));
#1578=DIRECTION('',(-0.587785252292473,0.809016994374948,0.));
#1579=DIRECTION('',(0.,0.,-1.));
#1580=DIRECTION('',(0.,0.,-1.));
#1581=DIRECTION('',(0.,0.,-1.));
#1582=DIRECTION('',(-0.951056516295154,0.309016994374948,0.));
#1583=DIRECTION('',(0.,0.,-1.));
#1584=DIRECTION('',(0.,0.,-1.));
#1585=DIRECTION('',(0.,0.,-1.));
#1586=DIRECTION('',(-0.951056516295154,0.309016994374948,0.));
#1587=DIRECTION('',(0.,0.,-1.));
#1588=DIRECTION('',(-0.951056516295154,0.309016994374948,0.));
#1589=DIRECTION('',(0.,0.,-1.));
#1590=DIRECTION('',(0.,0.,-1.));
#1591=DIRECTION('',(0.,0.,-1.));
#1592=DIRECTION('',(0.951056516295154,-0.309016994374948,0.));
#1593=DIRECTION('',(0.,0.,-1.));
#1594=DIRECTION('',(0.,0.,-1.));
#1595=DIRECTION('',(0.,0.,-1.));
#1596=DIRECTION('',(0.951056516295154,-0.309016994374948,0.));
#1597=DIRECTION('',(0.,0.,-1.));
#1598=DIRECTION('',(0.951056516295154,-0.309016994374948,0.));
#1599=DIRECTION('',(0.,0.,-1.));
#1600=DIRECTION('',(0.,0.,-1.));
#1601=DIRECTION('',(0.,0.,-1.));
#1602=DIRECTION('',(0.951056516295154,0.309016994374948,0.));
#1603=DIRECTION('',(0.,0.,-1.));
#1604=DIRECTION('',(0.,0.,-1.));
#1605=DIRECTION('',(0.,0.,-1.));
#1606=DIRECTION('',(0.951056516295154,0.309016994374948,0.));
#1607=DIRECTION('',(0.,0.,-1.));
#1608=DIRECTION('',(0.951056516295154,0.309016994374948,0.));
#1609=DIRECTION('',(0.,0.,-1.));
#1610=DIRECTION('',(0.,0.,-1.));
#1611=DIRECTION('',(0.,0.,-1.));
#1612=DIRECTION('',(0.,-1.,0.));
#1613=DIRECTION('',(0.,0.,-1.));
#1614=DIRECTION('',(0.,0.,-1.));
#1615=DIRECTION('',(0.,0.,-1.));
#1616=DIRECTION('',(0.,-1.,0.));
#1617=DIRECTION('',(0.,0.,-1.));
#1618=DIRECTION('',(0.,-1.,0.));
#1619=DIRECTION('',(0.,0.,-1.));
#1620=DIRECTION('',(0.,0.,-1.));
#1621=DIRECTION('',(0.,0.,-1.));
#1622=DIRECTION('',(0.587785252292473,-0.809016994374948,0.));
#1623=DIRECTION('',(0.,0.,-1.));
#1624=DIRECTION('',(0.,0.,-1.));
#1625=DIRECTION('',(0.,0.,-1.));
#1626=DIRECTION('',(0.587785252292473,-0.809016994374948,0.));
#1627=DIRECTION('',(0.,0.,-1.));
#1628=DIRECTION('',(0.587785252292473,-0.809016994374948,0.));
#1629=DIRECTION('',(0.,0.,1.));
#1630=DIRECTION('',(1.,0.,0.));
#1631=DIRECTION('',(0.,0.,-1.));
#1632=DIRECTION('',(-1.,0.,0.));
#1633=DIRECTION('',(0.,0.,-1.));
#1634=DIRECTION('',(1.,0.,0.));
#1635=CARTESIAN_POINT('',(0.,0.,0.));
#1636=CARTESIAN_POINT('',(0.0552000086353099,-1.2467210944167E-8,0.005));
#1637=CARTESIAN_POINT('',(0.0530688508080503,0.00560874553392534,0.005));
#1638=CARTESIAN_POINT('',(0.0530688508080503,0.00560874553392534,0.005));
#1639=CARTESIAN_POINT('',(0.0530688508080503,0.00560874553392534,0.));
#1640=CARTESIAN_POINT('',(0.0552000086353099,-1.2467210944167E-8,0.005));
#1641=CARTESIAN_POINT('',(0.0536274062985128,0.00579023121421564,0.005));
#1642=CARTESIAN_POINT('',(0.0536274062985128,0.00579023121421564,0.005));
#1643=CARTESIAN_POINT('',(0.0536274062985128,0.00579023121421564,0.));
#1644=CARTESIAN_POINT('',(0.0552000086353099,-1.2467210944167E-8,0.));
#1645=CARTESIAN_POINT('',(0.0552000086353099,-1.2467210944167E-8,0.005));
#1646=CARTESIAN_POINT('',(0.056772610972107,0.00579023121421563,0.005));
#1647=CARTESIAN_POINT('',(0.056772610972107,0.00579023121421563,0.005));
#1648=CARTESIAN_POINT('',(0.056772610972107,0.00579023121421563,0.));
#1649=CARTESIAN_POINT('',(0.0552000086353099,-1.2467210944167E-8,0.005));
#1650=CARTESIAN_POINT('',(0.0573311664625695,0.00560874553392535,0.005));
#1651=CARTESIAN_POINT('',(0.0573311664625695,0.00560874553392535,0.005));
#1652=CARTESIAN_POINT('',(0.0573311664625695,0.00560874553392535,0.));
#1653=CARTESIAN_POINT('',(0.0552000086353099,-1.2467210944167E-8,0.));
#1654=CARTESIAN_POINT('',(0.0552000086353099,-1.2467210944167E-8,0.005));
#1655=CARTESIAN_POINT('',(0.0492071988036882,-0.000293662466392023,0.005));
#1656=CARTESIAN_POINT('',(0.0492071988036882,-0.000293662466392023,0.005));
#1657=CARTESIAN_POINT('',(0.0492071988036882,-0.000293662466392023,0.));
#1658=CARTESIAN_POINT('',(0.0552000086353099,-1.2467210944167E-8,0.005));
#1659=CARTESIAN_POINT('',(0.0492071988036882,0.000293637531970134,0.005));
#1660=CARTESIAN_POINT('',(0.0492071988036882,0.000293637531970134,0.005));
#1661=CARTESIAN_POINT('',(0.0492071988036882,0.000293637531970134,0.));
#1662=CARTESIAN_POINT('',(0.0552000086353099,-1.2467210944167E-8,0.));
#1663=CARTESIAN_POINT('',(0.0552000086353099,-1.2467210944167E-8,0.005));
#1664=CARTESIAN_POINT('',(0.0552000086353099,-1.2467210944167E-8,0.005));
#1665=CARTESIAN_POINT('',(0.0505243267763251,0.00376004061134528,0.005));
#1666=CARTESIAN_POINT('',(0.0501791204986164,0.00328490493187392,0.005));
#1667=CARTESIAN_POINT('',(0.0505243267763251,0.00376004061134528,0.005));
#1668=CARTESIAN_POINT('',(0.0505243267763251,0.00376004061134528,0.));
#1669=CARTESIAN_POINT('',(0.0552000086353099,-1.2467210944167E-8,0.));
#1670=CARTESIAN_POINT('',(0.0501791204986164,0.00328490493187392,0.));
#1671=CARTESIAN_POINT('',(0.0501791204986164,0.00328490493187392,0.005));
#1672=CARTESIAN_POINT('',(0.0552000086353099,-1.2467210944167E-8,0.005));
#1673=CARTESIAN_POINT('',(0.0602208967720034,-0.00328492986629581,0.005));
#1674=CARTESIAN_POINT('',(0.0602208967720034,-0.00328492986629581,0.005));
#1675=CARTESIAN_POINT('',(0.0602208967720034,-0.00328492986629581,0.));
#1676=CARTESIAN_POINT('',(0.0552000086353099,-1.2467210944167E-8,0.005));
#1677=CARTESIAN_POINT('',(0.0598756904942947,-0.00376006554576717,0.005));
#1678=CARTESIAN_POINT('',(0.0598756904942947,-0.00376006554576717,0.005));
#1679=CARTESIAN_POINT('',(0.0598756904942947,-0.00376006554576717,0.));
#1680=CARTESIAN_POINT('',(0.0552000086353099,-1.2467210944167E-8,0.));
#1681=CARTESIAN_POINT('',(0.0552000086353099,-1.2467210944167E-8,0.005));
#1682=CARTESIAN_POINT('',(0.0573311664625695,-0.00560877046834724,0.005));
#1683=CARTESIAN_POINT('',(0.0573311664625695,-0.00560877046834724,0.005));
#1684=CARTESIAN_POINT('',(0.0573311664625695,-0.00560877046834724,0.));
#1685=CARTESIAN_POINT('',(0.0552000086353099,-1.2467210944167E-8,0.005));
#1686=CARTESIAN_POINT('',(0.056772610972107,-0.00579025614863753,0.005));
#1687=CARTESIAN_POINT('',(0.056772610972107,-0.00579025614863753,0.005));
#1688=CARTESIAN_POINT('',(0.056772610972107,-0.00579025614863753,0.));
#1689=CARTESIAN_POINT('',(0.0552000086353099,-1.2467210944167E-8,0.));
#1690=CARTESIAN_POINT('',(0.0552000086353099,-1.2467210944167E-8,0.005));
#1691=CARTESIAN_POINT('',(0.0536274062985128,-0.00579025614863752,0.005));
#1692=CARTESIAN_POINT('',(0.0536274062985128,-0.00579025614863752,0.005));
#1693=CARTESIAN_POINT('',(0.0536274062985128,-0.00579025614863752,0.));
#1694=CARTESIAN_POINT('',(0.0552000086353099,-1.2467210944167E-8,0.005));
#1695=CARTESIAN_POINT('',(0.0530688508080503,-0.00560877046834724,0.005));
#1696=CARTESIAN_POINT('',(0.0530688508080503,-0.00560877046834724,0.005));
#1697=CARTESIAN_POINT('',(0.0530688508080503,-0.00560877046834724,0.));
#1698=CARTESIAN_POINT('',(0.0552000086353099,-1.2467210944167E-8,0.));
#1699=CARTESIAN_POINT('',(0.0552000086353099,-1.2467210944167E-8,0.005));
#1700=CARTESIAN_POINT('',(0.0552000086353099,-1.2467210944167E-8,0.005));
#1701=CARTESIAN_POINT('',(0.0501791204986164,-0.00328492986629581,0.005));
#1702=CARTESIAN_POINT('',(0.050524326776325,-0.00376006554576717,0.005));
#1703=CARTESIAN_POINT('',(0.0501791204986164,-0.00328492986629581,0.005));
#1704=CARTESIAN_POINT('',(0.0501791204986164,-0.00328492986629581,0.));
#1705=CARTESIAN_POINT('',(0.0552000086353099,-1.2467210944167E-8,0.));
#1706=CARTESIAN_POINT('',(0.050524326776325,-0.00376006554576717,0.));
#1707=CARTESIAN_POINT('',(0.050524326776325,-0.00376006554576717,0.005));
#1708=CARTESIAN_POINT('',(0.0552000086353099,-1.2467210944167E-8,0.005));
#1709=CARTESIAN_POINT('',(0.0552000086353099,-1.2467210944167E-8,0.005));
#1710=CARTESIAN_POINT('',(0.0611928184669316,-0.00029366246639203,0.005));
#1711=CARTESIAN_POINT('',(0.0611928184669316,0.000293637531970134,0.005));
#1712=CARTESIAN_POINT('',(0.0611928184669316,-0.00029366246639203,0.005));
#1713=CARTESIAN_POINT('',(0.0611928184669316,-0.00029366246639203,0.));
#1714=CARTESIAN_POINT('',(0.0552000086353099,-1.2467210944167E-8,0.));
#1715=CARTESIAN_POINT('',(0.0611928184669316,0.000293637531970134,0.));
#1716=CARTESIAN_POINT('',(0.0611928184669316,0.000293637531970134,0.005));
#1717=CARTESIAN_POINT('',(0.0552000086353099,-1.2467210944167E-8,0.005));
#1718=CARTESIAN_POINT('',(0.0526112680847516,0.00325963766246312,0.005));
#1719=CARTESIAN_POINT('',(0.0523151296334315,0.00297239758062924,0.005));
#1720=CARTESIAN_POINT('',(0.0528678429422823,0.00293656771733454,0.005));
#1721=CARTESIAN_POINT('',(0.0525881724727818,0.00269086320069169,0.005));
#1722=CARTESIAN_POINT('',(0.0522681500768496,0.00302085597545021,0.005));
#1723=CARTESIAN_POINT('',(0.0519306893389086,0.00336883038818104,0.005));
#1724=CARTESIAN_POINT('',(0.0519251428243461,0.00337382779111868,0.005));
#1725=CARTESIAN_POINT('',(0.0519212117236669,0.00337753260333217,0.005));
#1726=CARTESIAN_POINT('',(0.0519164868394799,0.00338174297440557,0.005));
#1727=CARTESIAN_POINT('',(0.0519100189853884,0.00338731428765502,0.005));
#1728=CARTESIAN_POINT('',(0.0519020666284761,0.00339387835859918,0.005));
#1729=CARTESIAN_POINT('',(0.0518924882205677,0.00340147276790917,0.005));
#1730=CARTESIAN_POINT('',(0.0518812709323316,0.00341000513252072,0.005));
#1731=CARTESIAN_POINT('',(0.051868364745956,0.00341942132429729,0.005));
#1732=CARTESIAN_POINT('',(0.0518537332215581,0.00342965410857949,0.005));
#1733=CARTESIAN_POINT('',(0.0518373383550597,0.00344063857374606,0.005));
#1734=CARTESIAN_POINT('',(0.0518191450975699,0.00345230763500408,0.005));
#1735=CARTESIAN_POINT('',(0.0517991200799357,0.00346459341007246,0.005));
#1736=CARTESIAN_POINT('',(0.0517772320221215,0.00347742688684397,0.005));
#1737=CARTESIAN_POINT('',(0.0517534516533301,0.00349073808623788,0.005));
#1738=CARTESIAN_POINT('',(0.0517277517703643,0.00350445608429807,0.005));
#1739=CARTESIAN_POINT('',(0.0517001072545979,0.00351850907553411,0.005));
#1740=CARTESIAN_POINT('',(0.0516704950988235,0.00353282442550692,0.005));
#1741=CARTESIAN_POINT('',(0.0516388944294703,0.00354732872731545,0.005));
#1742=CARTESIAN_POINT('',(0.0516052865282998,0.00356194785777433,0.005));
#1743=CARTESIAN_POINT('',(0.0515696548524217,0.00357660703440888,0.005));
#1744=CARTESIAN_POINT('',(0.0515319850529502,0.00359123087289884,0.005));
#1745=CARTESIAN_POINT('',(0.0514922649921989,0.00360574344502526,0.005));
#1746=CARTESIAN_POINT('',(0.0514504847594337,0.00362006833705685,0.005));
#1747=CARTESIAN_POINT('',(0.0514066366851669,0.00363412870854972,0.005));
#1748=CARTESIAN_POINT('',(0.0513607153539818,0.00364784735151343,0.005));
#1749=CARTESIAN_POINT('',(0.0513127176158996,0.00366114674994226,0.005));
#1750=CARTESIAN_POINT('',(0.0512626425961988,0.00367394913954462,0.005));
#1751=CARTESIAN_POINT('',(0.0512104917039964,0.00368617656813934,0.005));
#1752=CARTESIAN_POINT('',(0.0511562686383732,0.0036977509547473,0.005));
#1753=CARTESIAN_POINT('',(0.0510999793966761,0.00370859415475891,0.005));
#1754=CARTESIAN_POINT('',(0.0510416322672422,0.003718628002755,0.005));
#1755=CARTESIAN_POINT('',(0.0509812378744196,0.00372777444149994,0.005));
#1756=CARTESIAN_POINT('',(0.0509188090165019,0.00373595532225846,0.005));
#1757=CARTESIAN_POINT('',(0.0508543612870063,0.00374309346034475,0.005));
#1758=CARTESIAN_POINT('',(0.050787910699933,0.00374910890173737,0.005));
#1759=CARTESIAN_POINT('',(0.0507194827313434,0.00375393344961363,0.005));
#1760=CARTESIAN_POINT('',(0.0506490778499145,0.00375745560836568,0.005));
#1761=CARTESIAN_POINT('',(0.0505839003765971,0.00375950712904187,0.005));
#1762=CARTESIAN_POINT('',(0.050541910131497,0.00375991541295386,0.005));
#1763=CARTESIAN_POINT('',(0.0505243267763251,0.00376004061134528,0.005));
#1764=CARTESIAN_POINT('',(0.0518337320360668,0.00165246502352478,0.005));
#1765=CARTESIAN_POINT('',(0.0514209978983788,0.00185485103311512,0.005));
#1766=CARTESIAN_POINT('',(0.050985773462689,0.00206826525978622,0.005));
#1767=CARTESIAN_POINT('',(0.0509793066828013,0.00207199602616812,0.005));
#1768=CARTESIAN_POINT('',(0.0509745684200875,0.00207458987515036,0.005));
#1769=CARTESIAN_POINT('',(0.0509691040497319,0.00207778243083086,0.005));
#1770=CARTESIAN_POINT('',(0.0509618067391303,0.00208221209513595,0.005));
#1771=CARTESIAN_POINT('',(0.0509531065232542,0.00208774682652331,0.005));
#1772=CARTESIAN_POINT('',(0.0509429239199698,0.00209450963224128,0.005));
#1773=CARTESIAN_POINT('',(0.0509313428263108,0.00210254126164622,0.005));
#1774=CARTESIAN_POINT('',(0.0509183992648403,0.00211190601101802,0.005));
#1775=CARTESIAN_POINT('',(0.0509041459189764,0.00212265931339694,0.005));
#1776=CARTESIAN_POINT('',(0.0508886327794332,0.00213485737160351,0.005));
#1777=CARTESIAN_POINT('',(0.0508719128169373,0.00214855424945467,0.005));
#1778=CARTESIAN_POINT('',(0.0508540402797391,0.00216380265967939,0.005));
#1779=CARTESIAN_POINT('',(0.0508350711361904,0.00218065367727336,0.005));
#1780=CARTESIAN_POINT('',(0.0508150628951781,0.00219915676514406,0.005));
#1781=CARTESIAN_POINT('',(0.0507940746031426,0.00221935971177727,0.005));
#1782=CARTESIAN_POINT('',(0.050772166789081,0.00224130859552305,0.005));
#1783=CARTESIAN_POINT('',(0.0507494014228319,0.00226504774281184,0.005));
#1784=CARTESIAN_POINT('',(0.0507258418682189,0.00229061968956907,0.005));
#1785=CARTESIAN_POINT('',(0.0507015528363264,0.00231806514322154,0.005));
#1786=CARTESIAN_POINT('',(0.0506766003374802,0.00234742294604823,0.005));
#1787=CARTESIAN_POINT('',(0.0506510516323797,0.00237873003968673,0.005));
#1788=CARTESIAN_POINT('',(0.0506249751823009,0.00241202143087272,0.005));
#1789=CARTESIAN_POINT('',(0.0505984405984356,0.0024473301584161,0.005));
#1790=CARTESIAN_POINT('',(0.0505715185903868,0.00248468726143603,0.005));
#1791=CARTESIAN_POINT('',(0.0505442809138609,0.00252412174888099,0.005));
#1792=CARTESIAN_POINT('',(0.0505168003175634,0.00256566057032201,0.005));
#1793=CARTESIAN_POINT('',(0.0504891504894267,0.00260932858815632,0.005));
#1794=CARTESIAN_POINT('',(0.0504614060018218,0.00265514855078277,0.005));
#1795=CARTESIAN_POINT('',(0.0504336422572515,0.00270314106851593,0.005));
#1796=CARTESIAN_POINT('',(0.0504059354289381,0.00275332458555226,0.005));
#1797=CARTESIAN_POINT('',(0.0503783624178498,0.00280571537365769,0.005));
#1798=CARTESIAN_POINT('',(0.0503510007439334,0.00286032744948916,0.005));
#1799=CARTESIAN_POINT('',(0.050323928685943,0.00291717279043328,0.005));
#1800=CARTESIAN_POINT('',(0.0502972244695388,0.00297626041755366,0.005));
#1801=CARTESIAN_POINT('',(0.0502709690841121,0.00303759980778239,0.005));
#1802=CARTESIAN_POINT('',(0.0502452352612315,0.00310118780592239,0.005));
#1803=CARTESIAN_POINT('',(0.0502201291843504,0.00316705842027301,0.005));
#1804=CARTESIAN_POINT('',(0.0501980371253375,0.00322841192623401,0.005));
#1805=CARTESIAN_POINT('',(0.0501846731249286,0.00326822085578992,0.005));
#1806=CARTESIAN_POINT('',(0.0501791204986164,0.00328490493187392,0.005));
#1807=CARTESIAN_POINT('',(0.0514816020519144,0.00182514528721516,0.005));
#1808=CARTESIAN_POINT('',(0.051299932314491,0.0014547388166092,0.005));
#1809=CARTESIAN_POINT('',(0.0516864760823309,0.00131055572985366,0.005));
#1810=CARTESIAN_POINT('',(0.0552000086353095,-1.24672108053891E-8,0.005));
#1811=CARTESIAN_POINT('',(0.0515871684313022,0.00100491820716701,0.005));
#1812=CARTESIAN_POINT('',(0.0511896992620251,0.00111547636578223,0.005));
#1813=CARTESIAN_POINT('',(0.0511189537061884,0.000709028443790234,0.005));
#1814=CARTESIAN_POINT('',(0.0515053317599558,0.000641752900134143,0.005));
#1815=CARTESIAN_POINT('',(0.0510524633167,0.000720618218202497,0.005));
#1816=CARTESIAN_POINT('',(0.050574917616793,0.000803780986719932,0.005));
#1817=CARTESIAN_POINT('',(0.050567492992506,0.000804563811162763,0.005));
#1818=CARTESIAN_POINT('',(0.0505621350312683,0.000805250424199926,0.005));
#1819=CARTESIAN_POINT('',(0.0505558377256409,0.000805879468707013,0.005));
#1820=CARTESIAN_POINT('',(0.0505473303859998,0.000806585046557846,0.005));
#1821=CARTESIAN_POINT('',(0.0505370385300164,0.000807221213389914,0.005));
#1822=CARTESIAN_POINT('',(0.0505248255534472,0.000807735172674941,0.005));
#1823=CARTESIAN_POINT('',(0.0505107353785475,0.000808044644051986,0.005));
#1824=CARTESIAN_POINT('',(0.0504947593557781,0.000808076437206616,0.005));
#1825=CARTESIAN_POINT('',(0.0504769075241956,0.000807754739331076,0.005));
#1826=CARTESIAN_POINT('',(0.0504571872919486,0.000807004697583845,0.005));
#1827=CARTESIAN_POINT('',(0.0504356097353408,0.000805751438006347,0.005));
#1828=CARTESIAN_POINT('',(0.0504121877583639,0.000803920428783446,0.005));
#1829=CARTESIAN_POINT('',(0.0503869366192364,0.000801437452003985,0.005));
#1830=CARTESIAN_POINT('',(0.0503598737700576,0.000798228688459524,0.005));
#1831=CARTESIAN_POINT('',(0.0503310188910341,0.000794220769826104,0.005));
#1832=CARTESIAN_POINT('',(0.0503003938669786,0.000789340839883579,0.005));
#1833=CARTESIAN_POINT('',(0.0502680227781216,0.000783516612839208,0.005));
#1834=CARTESIAN_POINT('',(0.0502339318848834,0.000776676432085496,0.005));
#1835=CARTESIAN_POINT('',(0.0501981496124061,0.000768749328401167,0.005));
#1836=CARTESIAN_POINT('',(0.0501607065332462,0.000759665077826488,0.005));
#1837=CARTESIAN_POINT('',(0.0501216353487028,0.000749354259101713,0.005));
#1838=CARTESIAN_POINT('',(0.0500809708686686,0.000737748310654304,0.005));
#1839=CARTESIAN_POINT('',(0.0500387499900558,0.000724779587093681,0.005));
#1840=CARTESIAN_POINT('',(0.049995011673798,0.000710381415183189,0.005));
#1841=CARTESIAN_POINT('',(0.0499497969204494,0.000694488149244367,0.005));
#1842=CARTESIAN_POINT('',(0.0499031487443886,0.000677035226000149,0.005));
#1843=CARTESIAN_POINT('',(0.0498551121466546,0.00065795921866868,0.005));
#1844=CARTESIAN_POINT('',(0.0498057340863896,0.000637197890868829,0.005));
#1845=CARTESIAN_POINT('',(0.0497550634510608,0.000614690248026704,0.005));
#1846=CARTESIAN_POINT('',(0.0497031510248729,0.000590376594977238,0.005));
#1847=CARTESIAN_POINT('',(0.049650049457712,0.000564198566330214,0.005));
#1848=CARTESIAN_POINT('',(0.0495958132257483,0.00053609925729059,0.005));
#1849=CARTESIAN_POINT('',(0.0495404986176928,0.000506022966851705,0.005));
#1850=CARTESIAN_POINT('',(0.0494841636169861,0.00047391641693046,0.005));
#1851=CARTESIAN_POINT('',(0.049426868175021,0.000439724336157875,0.005));
#1852=CARTESIAN_POINT('',(0.0493686729874508,0.000403406526598669,0.005));
#1853=CARTESIAN_POINT('',(0.0493096439689172,0.00036487306189268,0.005));
#1854=CARTESIAN_POINT('',(0.0492557084317547,0.000328222419386328,0.005));
#1855=CARTESIAN_POINT('',(0.0492214976266086,0.000303871481199696,0.005));
#1856=CARTESIAN_POINT('',(0.0492071988036882,0.000293637531970134,0.005));
#1857=CARTESIAN_POINT('',(0.0515053317599558,-0.000641777834556032,0.005));
#1858=CARTESIAN_POINT('',(0.0510524633166999,-0.000720643152624385,0.005));
#1859=CARTESIAN_POINT('',(0.050574917616793,-0.000803805921141813,0.005));
#1860=CARTESIAN_POINT('',(0.0505674929925059,-0.000804588745584645,0.005));
#1861=CARTESIAN_POINT('',(0.0505621350312683,-0.000805275358621821,0.005));
#1862=CARTESIAN_POINT('',(0.0505558377256409,-0.000805904403128901,0.005));
#1863=CARTESIAN_POINT('',(0.0505473303859998,-0.000806609980979742,0.005));
#1864=CARTESIAN_POINT('',(0.0505370385300164,-0.000807246147811802,0.005));
#1865=CARTESIAN_POINT('',(0.0505248255534472,-0.000807760107096836,0.005));
#1866=CARTESIAN_POINT('',(0.0505107353785475,-0.000808069578473881,0.005));
#1867=CARTESIAN_POINT('',(0.0504947593557781,-0.000808101371628504,0.005));
#1868=CARTESIAN_POINT('',(0.0504769075241956,-0.000807779673752972,0.005));
#1869=CARTESIAN_POINT('',(0.0504571872919486,-0.000807029632005726,0.005));
#1870=CARTESIAN_POINT('',(0.0504356097353408,-0.000805776372428235,0.005));
#1871=CARTESIAN_POINT('',(0.0504121877583639,-0.000803945363205341,0.005));
#1872=CARTESIAN_POINT('',(0.0503869366192364,-0.000801462386425873,0.005));
#1873=CARTESIAN_POINT('',(0.0503598737700576,-0.000798253622881412,0.005));
#1874=CARTESIAN_POINT('',(0.0503310188910341,-0.000794245704247992,0.005));
#1875=CARTESIAN_POINT('',(0.0503003938669786,-0.00078936577430546,0.005));
#1876=CARTESIAN_POINT('',(0.0502680227781216,-0.000783541547261096,0.005));
#1877=CARTESIAN_POINT('',(0.0502339318848834,-0.000776701366507378,0.005));
#1878=CARTESIAN_POINT('',(0.0501981496124061,-0.000768774262823055,0.005));
#1879=CARTESIAN_POINT('',(0.0501607065332462,-0.000759690012248369,0.005));
#1880=CARTESIAN_POINT('',(0.0501216353487027,-0.000749379193523601,0.005));
#1881=CARTESIAN_POINT('',(0.0500809708686686,-0.0007377732450762,0.005));
#1882=CARTESIAN_POINT('',(0.0500387499900558,-0.000724804521515569,0.005));
#1883=CARTESIAN_POINT('',(0.049995011673798,-0.000710406349605071,0.005));
#1884=CARTESIAN_POINT('',(0.0499497969204494,-0.000694513083666248,0.005));
#1885=CARTESIAN_POINT('',(0.0499031487443886,-0.000677060160422037,0.005));
#1886=CARTESIAN_POINT('',(0.0498551121466546,-0.000657984153090561,0.005));
#1887=CARTESIAN_POINT('',(0.0498057340863896,-0.000637222825290718,0.005));
#1888=CARTESIAN_POINT('',(0.0497550634510608,-0.000614715182448593,0.005));
#1889=CARTESIAN_POINT('',(0.0497031510248729,-0.000590401529399133,0.005));
#1890=CARTESIAN_POINT('',(0.049650049457712,-0.000564223500752109,0.005));
#1891=CARTESIAN_POINT('',(0.0495958132257483,-0.000536124191712471,0.005));
#1892=CARTESIAN_POINT('',(0.0495404986176929,-0.0005060479012736,0.005));
#1893=CARTESIAN_POINT('',(0.0494841636169861,-0.000473941351352342,0.005));
#1894=CARTESIAN_POINT('',(0.0494268681750209,-0.000439749270579756,0.005));
#1895=CARTESIAN_POINT('',(0.0493686729874508,-0.000403431461020551,0.005));
#1896=CARTESIAN_POINT('',(0.0493096439689172,-0.000364897996314583,0.005));
#1897=CARTESIAN_POINT('',(0.0492557084317547,-0.000328247353808223,0.005));
#1898=CARTESIAN_POINT('',(0.0492214976266086,-0.00030389641562159,0.005));
#1899=CARTESIAN_POINT('',(0.0492071988036882,-0.000293662466392023,0.005));
#1900=CARTESIAN_POINT('',(0.0511189537061883,-0.000709053378212123,0.005));
#1901=CARTESIAN_POINT('',(0.0511896992620251,-0.00111550130020412,0.005));
#1902=CARTESIAN_POINT('',(0.0515871684313022,-0.0010049431415889,0.005));
#1903=CARTESIAN_POINT('',(0.0552000086353095,-1.24672110829449E-8,0.005));
#1904=CARTESIAN_POINT('',(0.0516864760823309,-0.00131058066427555,0.005));
#1905=CARTESIAN_POINT('',(0.051299932314491,-0.00145476375103109,0.005));
#1906=CARTESIAN_POINT('',(0.0514816020519144,-0.00182517022163705,0.005));
#1907=CARTESIAN_POINT('',(0.0518337320360668,-0.00165248995794666,0.005));
#1908=CARTESIAN_POINT('',(0.0514209978983788,-0.00185487596753701,0.005));
#1909=CARTESIAN_POINT('',(0.050985773462689,-0.00206829019420811,0.005));
#1910=CARTESIAN_POINT('',(0.0509793066828013,-0.00207202096059002,0.005));
#1911=CARTESIAN_POINT('',(0.0509745684200875,-0.00207461480957225,0.005));
#1912=CARTESIAN_POINT('',(0.0509691040497319,-0.00207780736525274,0.005));
#1913=CARTESIAN_POINT('',(0.0509618067391303,-0.00208223702955784,0.005));
#1914=CARTESIAN_POINT('',(0.0509531065232542,-0.00208777176094519,0.005));
#1915=CARTESIAN_POINT('',(0.0509429239199697,-0.00209453456666317,0.005));
#1916=CARTESIAN_POINT('',(0.0509313428263108,-0.00210256619606811,0.005));
#1917=CARTESIAN_POINT('',(0.0509183992648403,-0.0021119309454399,0.005));
#1918=CARTESIAN_POINT('',(0.0509041459189764,-0.00212268424781884,0.005));
#1919=CARTESIAN_POINT('',(0.0508886327794332,-0.0021348823060254,0.005));
#1920=CARTESIAN_POINT('',(0.0508719128169373,-0.00214857918387656,0.005));
#1921=CARTESIAN_POINT('',(0.0508540402797391,-0.00216382759410128,0.005));
#1922=CARTESIAN_POINT('',(0.0508350711361904,-0.00218067861169524,0.005));
#1923=CARTESIAN_POINT('',(0.0508150628951781,-0.00219918169956594,0.005));
#1924=CARTESIAN_POINT('',(0.0507940746031426,-0.00221938464619915,0.005));
#1925=CARTESIAN_POINT('',(0.050772166789081,-0.00224133352994494,0.005));
#1926=CARTESIAN_POINT('',(0.0507494014228319,-0.00226507267723372,0.005));
#1927=CARTESIAN_POINT('',(0.0507258418682189,-0.00229064462399095,0.005));
#1928=CARTESIAN_POINT('',(0.0507015528363264,-0.00231809007764343,0.005));
#1929=CARTESIAN_POINT('',(0.0506766003374802,-0.00234744788047011,0.005));
#1930=CARTESIAN_POINT('',(0.0506510516323797,-0.00237875497410861,0.005));
#1931=CARTESIAN_POINT('',(0.0506249751823009,-0.00241204636529461,0.005));
#1932=CARTESIAN_POINT('',(0.0505984405984356,-0.002447355092838,0.005));
#1933=CARTESIAN_POINT('',(0.0505715185903868,-0.00248471219585792,0.005));
#1934=CARTESIAN_POINT('',(0.0505442809138609,-0.00252414668330288,0.005));
#1935=CARTESIAN_POINT('',(0.0505168003175634,-0.0025656855047439,0.005));
#1936=CARTESIAN_POINT('',(0.0504891504894267,-0.0026093535225782,0.005));
#1937=CARTESIAN_POINT('',(0.0504614060018218,-0.00265517348520465,0.005));
#1938=CARTESIAN_POINT('',(0.0504336422572515,-0.00270316600293781,0.005));
#1939=CARTESIAN_POINT('',(0.0504059354289381,-0.00275334951997415,0.005));
#1940=CARTESIAN_POINT('',(0.0503783624178498,-0.00280574030807959,0.005));
#1941=CARTESIAN_POINT('',(0.0503510007439334,-0.00286035238391104,0.005));
#1942=CARTESIAN_POINT('',(0.050323928685943,-0.00291719772485516,0.005));
#1943=CARTESIAN_POINT('',(0.0502972244695388,-0.00297628535197554,0.005));
#1944=CARTESIAN_POINT('',(0.0502709690841121,-0.00303762474220427,0.005));
#1945=CARTESIAN_POINT('',(0.0502452352612315,-0.00310121274034429,0.005));
#1946=CARTESIAN_POINT('',(0.0502201291843504,-0.00316708335469491,0.005));
#1947=CARTESIAN_POINT('',(0.0501980371253375,-0.0032284368606559,0.005));
#1948=CARTESIAN_POINT('',(0.0501846731249287,-0.00326824579021179,0.005));
#1949=CARTESIAN_POINT('',(0.0501791204986164,-0.00328492986629581,0.005));
#1950=CARTESIAN_POINT('',(0.0525881724727818,-0.00269088813511359,0.005));
#1951=CARTESIAN_POINT('',(0.0522681500768496,-0.0030208809098721,0.005));
#1952=CARTESIAN_POINT('',(0.0519306893389086,-0.00336885532260294,0.005));
#1953=CARTESIAN_POINT('',(0.0519251428243462,-0.00337385272554056,0.005));
#1954=CARTESIAN_POINT('',(0.0519212117236669,-0.00337755753775407,0.005));
#1955=CARTESIAN_POINT('',(0.0519164868394799,-0.00338176790882746,0.005));
#1956=CARTESIAN_POINT('',(0.0519100189853884,-0.00338733922207691,0.005));
#1957=CARTESIAN_POINT('',(0.0519020666284761,-0.00339390329302107,0.005));
#1958=CARTESIAN_POINT('',(0.0518924882205677,-0.00340149770233107,0.005));
#1959=CARTESIAN_POINT('',(0.0518812709323316,-0.0034100300669426,0.005));
#1960=CARTESIAN_POINT('',(0.051868364745956,-0.00341944625871918,0.005));
#1961=CARTESIAN_POINT('',(0.0518537332215582,-0.00342967904300139,0.005));
#1962=CARTESIAN_POINT('',(0.0518373383550597,-0.00344066350816795,0.005));
#1963=CARTESIAN_POINT('',(0.0518191450975699,-0.00345233256942598,0.005));
#1964=CARTESIAN_POINT('',(0.0517991200799357,-0.00346461834449436,0.005));
#1965=CARTESIAN_POINT('',(0.0517772320221215,-0.00347745182126586,0.005));
#1966=CARTESIAN_POINT('',(0.0517534516533301,-0.00349076302065977,0.005));
#1967=CARTESIAN_POINT('',(0.0517277517703643,-0.00350448101871996,0.005));
#1968=CARTESIAN_POINT('',(0.0517001072545979,-0.00351853400995601,0.005));
#1969=CARTESIAN_POINT('',(0.0516704950988235,-0.00353284935992881,0.005));
#1970=CARTESIAN_POINT('',(0.0516388944294703,-0.00354735366173734,0.005));
#1971=CARTESIAN_POINT('',(0.0516052865282997,-0.00356197279219622,0.005));
#1972=CARTESIAN_POINT('',(0.0515696548524217,-0.00357663196883077,0.005));
#1973=CARTESIAN_POINT('',(0.0515319850529502,-0.00359125580732074,0.005));
#1974=CARTESIAN_POINT('',(0.0514922649921989,-0.00360576837944715,0.005));
#1975=CARTESIAN_POINT('',(0.0514504847594337,-0.00362009327147873,0.005));
#1976=CARTESIAN_POINT('',(0.0514066366851669,-0.00363415364297161,0.005));
#1977=CARTESIAN_POINT('',(0.0513607153539818,-0.00364787228593532,0.005));
#1978=CARTESIAN_POINT('',(0.0513127176158996,-0.00366117168436416,0.005));
#1979=CARTESIAN_POINT('',(0.0512626425961988,-0.00367397407396651,0.005));
#1980=CARTESIAN_POINT('',(0.0512104917039964,-0.00368620150256123,0.005));
#1981=CARTESIAN_POINT('',(0.0511562686383732,-0.00369777588916918,0.005));
#1982=CARTESIAN_POINT('',(0.0510999793966761,-0.00370861908918081,0.005));
#1983=CARTESIAN_POINT('',(0.0510416322672422,-0.0037186529371769,0.005));
#1984=CARTESIAN_POINT('',(0.0509812378744196,-0.00372779937592183,0.005));
#1985=CARTESIAN_POINT('',(0.0509188090165019,-0.00373598025668035,0.005));
#1986=CARTESIAN_POINT('',(0.0508543612870063,-0.00374311839476664,0.005));
#1987=CARTESIAN_POINT('',(0.050787910699933,-0.00374913383615926,0.005));
#1988=CARTESIAN_POINT('',(0.0507194827313434,-0.00375395838403552,0.005));
#1989=CARTESIAN_POINT('',(0.0506490778499145,-0.00375748054278757,0.005));
#1990=CARTESIAN_POINT('',(0.0505839003765971,-0.00375953206346378,0.005));
#1991=CARTESIAN_POINT('',(0.050541910131497,-0.00375994034737575,0.005));
#1992=CARTESIAN_POINT('',(0.050524326776325,-0.00376006554576717,0.005));
#1993=CARTESIAN_POINT('',(0.0523151296334314,-0.00297242251505114,0.005));
#1994=CARTESIAN_POINT('',(0.0526112680847516,-0.003259662596885,0.005));
#1995=CARTESIAN_POINT('',(0.0528678429422823,-0.00293659265175643,0.005));
#1996=CARTESIAN_POINT('',(0.0552000086353096,-1.24672113049895E-8,0.005));
#1997=CARTESIAN_POINT('',(0.0531278337480184,-0.0031254870290141,0.005));
#1998=CARTESIAN_POINT('',(0.0528998619627911,-0.00346933832260267,0.005));
#1999=CARTESIAN_POINT('',(0.0532645553285062,-0.00366222065970396,0.005));
#2000=CARTESIAN_POINT('',(0.0534479355575553,-0.00331554258021057,0.005));
#2001=CARTESIAN_POINT('',(0.0532329861377145,-0.00372187534064357,0.005));
#2002=CARTESIAN_POINT('',(0.0530063239079409,-0.00415034958159761,0.005));
#2003=CARTESIAN_POINT('',(0.0530032850625719,-0.00415716891285044,0.005));
#2004=CARTESIAN_POINT('',(0.0530009763536911,-0.00416205246170257,0.005));
#2005=CARTESIAN_POINT('',(0.0529984321223559,-0.00416784716981166,0.005));
#2006=CARTESIAN_POINT('',(0.0529951321654171,-0.00417572009506688,0.005));
#2007=CARTESIAN_POINT('',(0.0529913467764035,-0.0041853116454023,0.005));
#2008=CARTESIAN_POINT('',(0.0529870839547646,-0.00419676805419834,0.005));
#2009=CARTESIAN_POINT('',(0.0529824355264971,-0.00421007297493761,0.005));
#2010=CARTESIAN_POINT('',(0.0529774684268719,-0.00422525725087193,0.005));
#2011=CARTESIAN_POINT('',(0.0529722578603931,-0.00424233476173679,0.005));
#2012=CARTESIAN_POINT('',(0.0529668773055869,-0.00426132159276454,0.005));
#2013=CARTESIAN_POINT('',(0.0529614013945858,-0.00428223034708996,0.005));
#2014=CARTESIAN_POINT('',(0.0529559049989109,-0.00430507178388509,0.005));
#2015=CARTESIAN_POINT('',(0.0529504634190391,-0.00432985432631766,0.005));
#2016=CARTESIAN_POINT('',(0.0529451522542049,-0.00435658418784482,0.005));
#2017=CARTESIAN_POINT('',(0.0529400473633491,-0.00438526532353683,0.005));
#2018=CARTESIAN_POINT('',(0.0529352247996337,-0.00441589943351011,0.005));
#2019=CARTESIAN_POINT('',(0.0529307607521334,-0.00444848595364293,0.005));
#2020=CARTESIAN_POINT('',(0.0529267314852478,-0.00448302205190092,0.005));
#2021=CARTESIAN_POINT('',(0.0529232132785693,-0.00451950262506295,0.005));
#2022=CARTESIAN_POINT('',(0.0529202823664919,-0.00455792029729688,0.005));
#2023=CARTESIAN_POINT('',(0.0529180148778141,-0.00459826542016817,0.005));
#2024=CARTESIAN_POINT('',(0.0529164867753148,-0.00464052607419247,0.005));
#2025=CARTESIAN_POINT('',(0.0529157737953564,-0.00468468807189654,0.005));
#2026=CARTESIAN_POINT('',(0.0529159513875456,-0.00473073496239351,0.005));
#2027=CARTESIAN_POINT('',(0.0529170946545008,-0.00477864803746957,0.005));
#2028=CARTESIAN_POINT('',(0.0529192782917212,-0.00482840633916954,0.005));
#2029=CARTESIAN_POINT('',(0.0529225765277469,-0.00487998666891531,0.005));
#2030=CARTESIAN_POINT('',(0.0529270630640667,-0.00493336359800832,0.005));
#2031=CARTESIAN_POINT('',(0.0529328110170258,-0.00498850948006412,0.005));
#2032=CARTESIAN_POINT('',(0.0529398928532821,-0.00504539446325446,0.005));
#2033=CARTESIAN_POINT('',(0.05294838035133,-0.00510398651045944,0.005));
#2034=CARTESIAN_POINT('',(0.0529583444649079,-0.00516425139631128,0.005));
#2035=CARTESIAN_POINT('',(0.0529698555629894,-0.00522615279962207,0.005));
#2036=CARTESIAN_POINT('',(0.0529829822339113,-0.00528965203869617,0.005));
#2037=CARTESIAN_POINT('',(0.0529977955698683,-0.00535470917616286,0.005));
#2038=CARTESIAN_POINT('',(0.0530143525573571,-0.00542127890887076,0.005));
#2039=CARTESIAN_POINT('',(0.053032759090173,-0.00548932633704392,0.005));
#2040=CARTESIAN_POINT('',(0.0530509489249711,-0.00555194775251144,0.005));
#2041=CARTESIAN_POINT('',(0.05306353632323,-0.00559200901540198,0.005));
#2042=CARTESIAN_POINT('',(0.0530688508080503,-0.00560877046834724,0.005));
#2043=CARTESIAN_POINT('',(0.0546686458266474,-0.0037121753900324,0.005));
#2044=CARTESIAN_POINT('',(0.0546037071561239,-0.00416724959756521,0.005));
#2045=CARTESIAN_POINT('',(0.0545352299121736,-0.00464712125606156,0.005));
#2046=CARTESIAN_POINT('',(0.0545336800873795,-0.00465442439942729,0.005));
#2047=CARTESIAN_POINT('',(0.054532677394105,-0.0046597322984735,0.005));
#2048=CARTESIAN_POINT('',(0.0545313296765249,-0.00466591577746841,0.005));
#2049=CARTESIAN_POINT('',(0.0545293718084117,-0.00467422477381716,0.005));
#2050=CARTESIAN_POINT('',(0.0545267964806202,-0.00468420949687731,0.005));
#2051=CARTESIAN_POINT('',(0.0545235112676356,-0.00469598354998033,0.005));
#2052=CARTESIAN_POINT('',(0.0545194514889076,-0.00470947973454916,0.005));
#2053=CARTESIAN_POINT('',(0.0545145448634562,-0.00472468365973364,0.005));
#2054=CARTESIAN_POINT('',(0.0545087223912557,-0.00474156235037732,0.005));
#2055=CARTESIAN_POINT('',(0.0545019151722672,-0.00476008563011229,0.005));
#2056=CARTESIAN_POINT('',(0.0544940554198905,-0.00478021982742209,0.005));
#2057=CARTESIAN_POINT('',(0.0544850762377099,-0.00480192963828376,0.005));
#2058=CARTESIAN_POINT('',(0.0544749117553463,-0.00482517761667334,0.005));
#2059=CARTESIAN_POINT('',(0.0544634971595556,-0.00484992435326817,0.005));
#2060=CARTESIAN_POINT('',(0.0544507687544336,-0.00487612845902059,0.005));
#2061=CARTESIAN_POINT('',(0.0544366640123764,-0.00490374660642666,0.005));
#2062=CARTESIAN_POINT('',(0.0544211216267103,-0.00493273355628785,0.005));
#2063=CARTESIAN_POINT('',(0.0544040815628678,-0.00496304219035086,0.005));
#2064=CARTESIAN_POINT('',(0.0543854851089606,-0.00499462354400363,0.005));
#2065=CARTESIAN_POINT('',(0.0543652749254738,-0.00502742684062008,0.005));
#2066=CARTESIAN_POINT('',(0.054343395094123,-0.00506139952706763,0.005));
#2067=CARTESIAN_POINT('',(0.0543197911658263,-0.00509648731047976,0.005));
#2068=CARTESIAN_POINT('',(0.0542944102077671,-0.00513263419623265,0.005));
#2069=CARTESIAN_POINT('',(0.0542672008495199,-0.00516978252711308,0.005));
#2070=CARTESIAN_POINT('',(0.0542381133282024,-0.0052078730236467,0.005));
#2071=CARTESIAN_POINT('',(0.0542070995326632,-0.0052468448255787,0.005));
#2072=CARTESIAN_POINT('',(0.054174113046534,-0.00528663553442399,0.005));
#2073=CARTESIAN_POINT('',(0.0541391091906718,-0.0053271812572851,0.005));
#2074=CARTESIAN_POINT('',(0.054102045062848,-0.00536841665105783,0.005));
#2075=CARTESIAN_POINT('',(0.0540628795827691,-0.00541027497027294,0.005));
#2076=CARTESIAN_POINT('',(0.0540215735113599,-0.00545268810601558,0.005));
#2077=CARTESIAN_POINT('',(0.0539780895630067,-0.00549558666382054,0.005));
#2078=CARTESIAN_POINT('',(0.0539323921570725,-0.0055388998973846,0.005));
#2079=CARTESIAN_POINT('',(0.0538844485409576,-0.00558255619734586,0.005));
#2080=CARTESIAN_POINT('',(0.0538342246744657,-0.00562648146674902,0.005));
#2081=CARTESIAN_POINT('',(0.0537817010830769,-0.00567060555875239,0.005));
#2082=CARTESIAN_POINT('',(0.0537268126104847,-0.00571483799603296,0.005));
#2083=CARTESIAN_POINT('',(0.0536752887805186,-0.00575480806872202,0.005));
#2084=CARTESIAN_POINT('',(0.0536415579418969,-0.00577981962415528,0.005));
#2085=CARTESIAN_POINT('',(0.0536274062985128,-0.00579025614863752,0.005));
#2086=CARTESIAN_POINT('',(0.0546132312859612,-0.00410043204211691,0.005));
#2087=CARTESIAN_POINT('',(0.0550216478097364,-0.0041587483354634,0.005));
#2088=CARTESIAN_POINT('',(0.0550393254806025,-0.00374656834211703,0.005));
#2089=CARTESIAN_POINT('',(0.0552000086353099,-1.24672113882562E-8,0.005));
#2090=CARTESIAN_POINT('',(0.0553606917900173,-0.00374656834211703,0.005));
#2091=CARTESIAN_POINT('',(0.0553783694608834,-0.0041587483354634,0.005));
#2092=CARTESIAN_POINT('',(0.0557867859846586,-0.00410043204211686,0.005));
#2093=CARTESIAN_POINT('',(0.0557313714439723,-0.0037121753900324,0.005));
#2094=CARTESIAN_POINT('',(0.0557963101144959,-0.00416724959756521,0.005));
#2095=CARTESIAN_POINT('',(0.0558647873584462,-0.00464712125606157,0.005));
#2096=CARTESIAN_POINT('',(0.0558663371832403,-0.00465442439942729,0.005));
#2097=CARTESIAN_POINT('',(0.0558673398765148,-0.0046597322984735,0.005));
#2098=CARTESIAN_POINT('',(0.0558686875940949,-0.00466591577746841,0.005));
#2099=CARTESIAN_POINT('',(0.0558706454622081,-0.00467422477381716,0.005));
#2100=CARTESIAN_POINT('',(0.0558732207899995,-0.00468420949687731,0.005));
#2101=CARTESIAN_POINT('',(0.0558765060029842,-0.00469598354998032,0.005));
#2102=CARTESIAN_POINT('',(0.0558805657817122,-0.00470947973454916,0.005));
#2103=CARTESIAN_POINT('',(0.0558854724071636,-0.00472468365973363,0.005));
#2104=CARTESIAN_POINT('',(0.0558912948793641,-0.00474156235037732,0.005));
#2105=CARTESIAN_POINT('',(0.0558981020983526,-0.00476008563011229,0.005));
#2106=CARTESIAN_POINT('',(0.0559059618507293,-0.00478021982742209,0.005));
#2107=CARTESIAN_POINT('',(0.0559149410329099,-0.00480192963828376,0.005));
#2108=CARTESIAN_POINT('',(0.0559251055152735,-0.00482517761667333,0.005));
#2109=CARTESIAN_POINT('',(0.0559365201110642,-0.00484992435326816,0.005));
#2110=CARTESIAN_POINT('',(0.0559492485161862,-0.00487612845902059,0.005));
#2111=CARTESIAN_POINT('',(0.0559633532582434,-0.00490374660642665,0.005));
#2112=CARTESIAN_POINT('',(0.0559788956439095,-0.00493273355628786,0.005));
#2113=CARTESIAN_POINT('',(0.055995935707752,-0.00496304219035086,0.005));
#2114=CARTESIAN_POINT('',(0.0560145321616592,-0.00499462354400364,0.005));
#2115=CARTESIAN_POINT('',(0.056034742345146,-0.00502742684062008,0.005));
#2116=CARTESIAN_POINT('',(0.0560566221764968,-0.00506139952706763,0.005));
#2117=CARTESIAN_POINT('',(0.0560802261047935,-0.00509648731047976,0.005));
#2118=CARTESIAN_POINT('',(0.0561056070628527,-0.00513263419623265,0.005));
#2119=CARTESIAN_POINT('',(0.0561328164210999,-0.00516978252711308,0.005));
#2120=CARTESIAN_POINT('',(0.0561619039424174,-0.0052078730236467,0.005));
#2121=CARTESIAN_POINT('',(0.0561929177379566,-0.0052468448255787,0.005));
#2122=CARTESIAN_POINT('',(0.0562259042240858,-0.00528663553442399,0.005));
#2123=CARTESIAN_POINT('',(0.056260908079948,-0.0053271812572851,0.005));
#2124=CARTESIAN_POINT('',(0.0562979722077718,-0.00536841665105784,0.005));
#2125=CARTESIAN_POINT('',(0.0563371376878507,-0.00541027497027293,0.005));
#2126=CARTESIAN_POINT('',(0.0563784437592599,-0.00545268810601558,0.005));
#2127=CARTESIAN_POINT('',(0.0564219277076131,-0.00549558666382054,0.005));
#2128=CARTESIAN_POINT('',(0.0564676251135473,-0.0055388998973846,0.005));
#2129=CARTESIAN_POINT('',(0.0565155687296622,-0.00558255619734586,0.005));
#2130=CARTESIAN_POINT('',(0.0565657925961541,-0.00562648146674902,0.005));
#2131=CARTESIAN_POINT('',(0.0566183161875429,-0.00567060555875238,0.005));
#2132=CARTESIAN_POINT('',(0.0566732046601351,-0.00571483799603296,0.005));
#2133=CARTESIAN_POINT('',(0.0567247284901012,-0.00575480806872202,0.005));
#2134=CARTESIAN_POINT('',(0.0567584593287229,-0.00577981962415528,0.005));
#2135=CARTESIAN_POINT('',(0.056772610972107,-0.00579025614863753,0.005));
#2136=CARTESIAN_POINT('',(0.0569520817130646,-0.00331554258021058,0.005));
#2137=CARTESIAN_POINT('',(0.0571670311329053,-0.00372187534064357,0.005));
#2138=CARTESIAN_POINT('',(0.0573936933626789,-0.00415034958159761,0.005));
#2139=CARTESIAN_POINT('',(0.0573967322080479,-0.00415716891285044,0.005));
#2140=CARTESIAN_POINT('',(0.0573990409169287,-0.00416205246170257,0.005));
#2141=CARTESIAN_POINT('',(0.0574015851482639,-0.00416784716981167,0.005));
#2142=CARTESIAN_POINT('',(0.0574048851052027,-0.00417572009506688,0.005));
#2143=CARTESIAN_POINT('',(0.0574086704942163,-0.00418531164540229,0.005));
#2144=CARTESIAN_POINT('',(0.0574129333158552,-0.00419676805419834,0.005));
#2145=CARTESIAN_POINT('',(0.0574175817441227,-0.00421007297493761,0.005));
#2146=CARTESIAN_POINT('',(0.0574225488437479,-0.00422525725087193,0.005));
#2147=CARTESIAN_POINT('',(0.0574277594102267,-0.0042423347617368,0.005));
#2148=CARTESIAN_POINT('',(0.0574331399650329,-0.00426132159276454,0.005));
#2149=CARTESIAN_POINT('',(0.057438615876034,-0.00428223034708996,0.005));
#2150=CARTESIAN_POINT('',(0.0574441122717089,-0.00430507178388509,0.005));
#2151=CARTESIAN_POINT('',(0.0574495538515807,-0.00432985432631765,0.005));
#2152=CARTESIAN_POINT('',(0.0574548650164149,-0.00435658418784482,0.005));
#2153=CARTESIAN_POINT('',(0.0574599699072707,-0.00438526532353683,0.005));
#2154=CARTESIAN_POINT('',(0.0574647924709861,-0.00441589943351011,0.005));
#2155=CARTESIAN_POINT('',(0.0574692565184864,-0.00444848595364293,0.005));
#2156=CARTESIAN_POINT('',(0.057473285785372,-0.00448302205190092,0.005));
#2157=CARTESIAN_POINT('',(0.0574768039920505,-0.00451950262506295,0.005));
#2158=CARTESIAN_POINT('',(0.0574797349041279,-0.00455792029729688,0.005));
#2159=CARTESIAN_POINT('',(0.0574820023928057,-0.00459826542016818,0.005));
#2160=CARTESIAN_POINT('',(0.057483530495305,-0.00464052607419248,0.005));
#2161=CARTESIAN_POINT('',(0.0574842434752634,-0.00468468807189653,0.005));
#2162=CARTESIAN_POINT('',(0.0574840658830742,-0.00473073496239351,0.005));
#2163=CARTESIAN_POINT('',(0.057482922616119,-0.00477864803746957,0.005));
#2164=CARTESIAN_POINT('',(0.0574807389788986,-0.00482840633916954,0.005));
#2165=CARTESIAN_POINT('',(0.0574774407428729,-0.00487998666891532,0.005));
#2166=CARTESIAN_POINT('',(0.0574729542065531,-0.00493336359800832,0.005));
#2167=CARTESIAN_POINT('',(0.057467206253594,-0.00498850948006412,0.005));
#2168=CARTESIAN_POINT('',(0.0574601244173377,-0.00504539446325446,0.005));
#2169=CARTESIAN_POINT('',(0.0574516369192898,-0.00510398651045944,0.005));
#2170=CARTESIAN_POINT('',(0.0574416728057119,-0.00516425139631127,0.005));
#2171=CARTESIAN_POINT('',(0.0574301617076304,-0.00522615279962208,0.005));
#2172=CARTESIAN_POINT('',(0.0574170350367085,-0.00528965203869617,0.005));
#2173=CARTESIAN_POINT('',(0.0574022217007515,-0.00535470917616287,0.005));
#2174=CARTESIAN_POINT('',(0.0573856647132627,-0.00542127890887077,0.005));
#2175=CARTESIAN_POINT('',(0.0573672581804468,-0.00548932633704393,0.005));
#2176=CARTESIAN_POINT('',(0.0573490683456487,-0.00555194775251143,0.005));
#2177=CARTESIAN_POINT('',(0.0573364809473898,-0.00559200901540199,0.005));
#2178=CARTESIAN_POINT('',(0.0573311664625695,-0.00560877046834724,0.005));
#2179=CARTESIAN_POINT('',(0.0571354619421136,-0.00366222065970399,0.005));
#2180=CARTESIAN_POINT('',(0.0575001553078287,-0.00346933832260266,0.005));
#2181=CARTESIAN_POINT('',(0.0572721835226014,-0.0031254870290141,0.005));
#2182=CARTESIAN_POINT('',(0.0552000086353102,-1.24672113049895E-8,0.005));
#2183=CARTESIAN_POINT('',(0.0575321743283375,-0.00293659265175643,0.005));
#2184=CARTESIAN_POINT('',(0.0577887491858682,-0.00325966259688501,0.005));
#2185=CARTESIAN_POINT('',(0.0580848876371883,-0.00297242251505112,0.005));
#2186=CARTESIAN_POINT('',(0.057811844797838,-0.00269088813511359,0.005));
#2187=CARTESIAN_POINT('',(0.0581318671937702,-0.0030208809098721,0.005));
#2188=CARTESIAN_POINT('',(0.0584693279317112,-0.00336885532260294,0.005));
#2189=CARTESIAN_POINT('',(0.0584748744462737,-0.00337385272554056,0.005));
#2190=CARTESIAN_POINT('',(0.0584788055469529,-0.00337755753775407,0.005));
#2191=CARTESIAN_POINT('',(0.0584835304311399,-0.00338176790882746,0.005));
#2192=CARTESIAN_POINT('',(0.0584899982852314,-0.00338733922207691,0.005));
#2193=CARTESIAN_POINT('',(0.0584979506421437,-0.00339390329302107,0.005));
#2194=CARTESIAN_POINT('',(0.0585075290500521,-0.00340149770233106,0.005));
#2195=CARTESIAN_POINT('',(0.0585187463382882,-0.0034100300669426,0.005));
#2196=CARTESIAN_POINT('',(0.0585316525246638,-0.00341944625871918,0.005));
#2197=CARTESIAN_POINT('',(0.0585462840490617,-0.00342967904300138,0.005));
#2198=CARTESIAN_POINT('',(0.0585626789155601,-0.00344066350816795,0.005));
#2199=CARTESIAN_POINT('',(0.0585808721730499,-0.00345233256942598,0.005));
#2200=CARTESIAN_POINT('',(0.0586008971906841,-0.00346461834449436,0.005));
#2201=CARTESIAN_POINT('',(0.0586227852484983,-0.00347745182126586,0.005));
#2202=CARTESIAN_POINT('',(0.0586465656172897,-0.00349076302065978,0.005));
#2203=CARTESIAN_POINT('',(0.0586722655002555,-0.00350448101871995,0.005));
#2204=CARTESIAN_POINT('',(0.0586999100160219,-0.00351853400995601,0.005));
#2205=CARTESIAN_POINT('',(0.0587295221717963,-0.00353284935992881,0.005));
#2206=CARTESIAN_POINT('',(0.0587611228411495,-0.00354735366173734,0.005));
#2207=CARTESIAN_POINT('',(0.05879473074232,-0.00356197279219622,0.005));
#2208=CARTESIAN_POINT('',(0.0588303624181981,-0.00357663196883077,0.005));
#2209=CARTESIAN_POINT('',(0.0588680322176696,-0.00359125580732074,0.005));
#2210=CARTESIAN_POINT('',(0.0589077522784208,-0.00360576837944715,0.005));
#2211=CARTESIAN_POINT('',(0.0589495325111861,-0.00362009327147873,0.005));
#2212=CARTESIAN_POINT('',(0.0589933805854529,-0.00363415364297161,0.005));
#2213=CARTESIAN_POINT('',(0.059039301916638,-0.00364787228593532,0.005));
#2214=CARTESIAN_POINT('',(0.0590872996547202,-0.00366117168436415,0.005));
#2215=CARTESIAN_POINT('',(0.059137374674421,-0.00367397407396651,0.005));
#2216=CARTESIAN_POINT('',(0.0591895255666234,-0.00368620150256122,0.005));
#2217=CARTESIAN_POINT('',(0.0592437486322466,-0.00369777588916919,0.005));
#2218=CARTESIAN_POINT('',(0.0593000378739437,-0.00370861908918081,0.005));
#2219=CARTESIAN_POINT('',(0.0593583850033776,-0.0037186529371769,0.005));
#2220=CARTESIAN_POINT('',(0.0594187793962002,-0.00372779937592183,0.005));
#2221=CARTESIAN_POINT('',(0.0594812082541179,-0.00373598025668035,0.005));
#2222=CARTESIAN_POINT('',(0.0595456559836135,-0.00374311839476664,0.005));
#2223=CARTESIAN_POINT('',(0.0596121065706868,-0.00374913383615926,0.005));
#2224=CARTESIAN_POINT('',(0.0596805345392764,-0.00375395838403552,0.005));
#2225=CARTESIAN_POINT('',(0.0597509394207053,-0.00375748054278758,0.005));
#2226=CARTESIAN_POINT('',(0.0598161168940227,-0.00375953206346376,0.005));
#2227=CARTESIAN_POINT('',(0.0598581071391228,-0.00375994034737575,0.005));
#2228=CARTESIAN_POINT('',(0.0598756904942947,-0.00376006554576717,0.005));
#2229=CARTESIAN_POINT('',(0.058566285234553,-0.00165248995794666,0.005));
#2230=CARTESIAN_POINT('',(0.058979019372241,-0.00185487596753702,0.005));
#2231=CARTESIAN_POINT('',(0.0594142438079308,-0.00206829019420811,0.005));
#2232=CARTESIAN_POINT('',(0.0594207105878185,-0.00207202096059002,0.005));
#2233=CARTESIAN_POINT('',(0.0594254488505323,-0.00207461480957225,0.005));
#2234=CARTESIAN_POINT('',(0.0594309132208879,-0.00207780736525275,0.005));
#2235=CARTESIAN_POINT('',(0.0594382105314895,-0.00208223702955785,0.005));
#2236=CARTESIAN_POINT('',(0.0594469107473656,-0.0020877717609452,0.005));
#2237=CARTESIAN_POINT('',(0.05945709335065,-0.00209453456666317,0.005));
#2238=CARTESIAN_POINT('',(0.059468674444309,-0.00210256619606811,0.005));
#2239=CARTESIAN_POINT('',(0.0594816180057795,-0.0021119309454399,0.005));
#2240=CARTESIAN_POINT('',(0.0594958713516434,-0.00212268424781884,0.005));
#2241=CARTESIAN_POINT('',(0.0595113844911866,-0.0021348823060254,0.005));
#2242=CARTESIAN_POINT('',(0.0595281044536825,-0.00214857918387656,0.005));
#2243=CARTESIAN_POINT('',(0.0595459769908807,-0.00216382759410129,0.005));
#2244=CARTESIAN_POINT('',(0.0595649461344294,-0.00218067861169524,0.005));
#2245=CARTESIAN_POINT('',(0.0595849543754417,-0.00219918169956595,0.005));
#2246=CARTESIAN_POINT('',(0.0596059426674772,-0.00221938464619916,0.005));
#2247=CARTESIAN_POINT('',(0.0596278504815388,-0.00224133352994494,0.005));
#2248=CARTESIAN_POINT('',(0.0596506158477879,-0.00226507267723373,0.005));
#2249=CARTESIAN_POINT('',(0.0596741754024009,-0.00229064462399095,0.005));
#2250=CARTESIAN_POINT('',(0.0596984644342934,-0.00231809007764343,0.005));
#2251=CARTESIAN_POINT('',(0.0597234169331396,-0.00234744788047011,0.005));
#2252=CARTESIAN_POINT('',(0.0597489656382401,-0.00237875497410861,0.005));
#2253=CARTESIAN_POINT('',(0.0597750420883189,-0.00241204636529462,0.005));
#2254=CARTESIAN_POINT('',(0.0598015766721841,-0.00244735509283799,0.005));
#2255=CARTESIAN_POINT('',(0.059828498680233,-0.00248471219585792,0.005));
#2256=CARTESIAN_POINT('',(0.0598557363567589,-0.00252414668330288,0.005));
#2257=CARTESIAN_POINT('',(0.0598832169530564,-0.0025656855047439,0.005));
#2258=CARTESIAN_POINT('',(0.0599108667811931,-0.00260935352257821,0.005));
#2259=CARTESIAN_POINT('',(0.059938611268798,-0.00265517348520466,0.005));
#2260=CARTESIAN_POINT('',(0.0599663750133683,-0.00270316600293781,0.005));
#2261=CARTESIAN_POINT('',(0.0599940818416817,-0.00275334951997416,0.005));
#2262=CARTESIAN_POINT('',(0.06002165485277,-0.00280574030807959,0.005));
#2263=CARTESIAN_POINT('',(0.0600490165266864,-0.00286035238391105,0.005));
#2264=CARTESIAN_POINT('',(0.0600760885846768,-0.00291719772485517,0.005));
#2265=CARTESIAN_POINT('',(0.060102792801081,-0.00297628535197555,0.005));
#2266=CARTESIAN_POINT('',(0.0601290481865077,-0.00303762474220428,0.005));
#2267=CARTESIAN_POINT('',(0.0601547820093883,-0.00310121274034428,0.005));
#2268=CARTESIAN_POINT('',(0.0601798880862693,-0.00316708335469491,0.005));
#2269=CARTESIAN_POINT('',(0.0602019801452823,-0.0032284368606559,0.005));
#2270=CARTESIAN_POINT('',(0.0602153441456912,-0.0032682457902118,0.005));
#2271=CARTESIAN_POINT('',(0.0602208967720034,-0.00328492986629581,0.005));
#2272=CARTESIAN_POINT('',(0.0589184152187054,-0.00182517022163705,0.005));
#2273=CARTESIAN_POINT('',(0.0591000849561288,-0.0014547637510311,0.005));
#2274=CARTESIAN_POINT('',(0.0587135411882889,-0.00131058066427556,0.005));
#2275=CARTESIAN_POINT('',(0.0552000086353103,-1.24672110829449E-8,0.005));
#2276=CARTESIAN_POINT('',(0.0588128488393176,-0.00100494314158889,0.005));
#2277=CARTESIAN_POINT('',(0.0592103180085947,-0.00111550130020412,0.005));
#2278=CARTESIAN_POINT('',(0.0592810635644314,-0.000709053378212123,0.005));
#2279=CARTESIAN_POINT('',(0.058894685510664,-0.000641777834556039,0.005));
#2280=CARTESIAN_POINT('',(0.0593475539539198,-0.000720643152624392,0.005));
#2281=CARTESIAN_POINT('',(0.0598250996538268,-0.000803805921141827,0.005));
#2282=CARTESIAN_POINT('',(0.0598325242781138,-0.000804588745584645,0.005));
#2283=CARTESIAN_POINT('',(0.0598378822393515,-0.000805275358621814,0.005));
#2284=CARTESIAN_POINT('',(0.0598441795449789,-0.000805904403128908,0.005));
#2285=CARTESIAN_POINT('',(0.05985268688462,-0.000806609980979742,0.005));
#2286=CARTESIAN_POINT('',(0.0598629787406034,-0.000807246147811802,0.005));
#2287=CARTESIAN_POINT('',(0.0598751917171726,-0.000807760107096836,0.005));
#2288=CARTESIAN_POINT('',(0.0598892818920723,-0.000808069578473881,0.005));
#2289=CARTESIAN_POINT('',(0.0599052579148417,-0.000808101371628511,0.005));
#2290=CARTESIAN_POINT('',(0.0599231097464242,-0.000807779673752972,0.005));
#2291=CARTESIAN_POINT('',(0.0599428299786712,-0.000807029632005733,0.005));
#2292=CARTESIAN_POINT('',(0.059964407535279,-0.000805776372428235,0.005));
#2293=CARTESIAN_POINT('',(0.0599878295122559,-0.000803945363205334,0.005));
#2294=CARTESIAN_POINT('',(0.0600130806513834,-0.000801462386425873,0.005));
#2295=CARTESIAN_POINT('',(0.0600401435005622,-0.000798253622881419,0.005));
#2296=CARTESIAN_POINT('',(0.0600689983795857,-0.000794245704247992,0.005));
#2297=CARTESIAN_POINT('',(0.0600996234036412,-0.000789365774305467,0.005));
#2298=CARTESIAN_POINT('',(0.0601319944924982,-0.000783541547261103,0.005));
#2299=CARTESIAN_POINT('',(0.0601660853857364,-0.000776701366507385,0.005));
#2300=CARTESIAN_POINT('',(0.0602018676582137,-0.000768774262823055,0.005));
#2301=CARTESIAN_POINT('',(0.0602393107373736,-0.000759690012248376,0.005));
#2302=CARTESIAN_POINT('',(0.060278381921917,-0.000749379193523608,0.005));
#2303=CARTESIAN_POINT('',(0.0603190464019512,-0.0007377732450762,0.005));
#2304=CARTESIAN_POINT('',(0.060361267280564,-0.000724804521515569,0.005));
#2305=CARTESIAN_POINT('',(0.0604050055968218,-0.000710406349605078,0.005));
#2306=CARTESIAN_POINT('',(0.0604502203501704,-0.000694513083666255,0.005));
#2307=CARTESIAN_POINT('',(0.0604968685262312,-0.000677060160422037,0.005));
#2308=CARTESIAN_POINT('',(0.0605449051239652,-0.000657984153090575,0.005));
#2309=CARTESIAN_POINT('',(0.0605942831842302,-0.000637222825290718,0.005));
#2310=CARTESIAN_POINT('',(0.060644953819559,-0.000614715182448607,0.005));
#2311=CARTESIAN_POINT('',(0.0606968662457469,-0.000590401529399126,0.005));
#2312=CARTESIAN_POINT('',(0.0607499678129078,-0.000564223500752109,0.005));
#2313=CARTESIAN_POINT('',(0.0608042040448715,-0.000536124191712478,0.005));
#2314=CARTESIAN_POINT('',(0.0608595186529269,-0.000506047901273593,0.005));
#2315=CARTESIAN_POINT('',(0.0609158536536337,-0.000473941351352349,0.005));
#2316=CARTESIAN_POINT('',(0.0609731490955988,-0.00043974927057977,0.005));
#2317=CARTESIAN_POINT('',(0.061031344283169,-0.000403431461020558,0.005));
#2318=CARTESIAN_POINT('',(0.0610903733017026,-0.000364897996314576,0.005));
#2319=CARTESIAN_POINT('',(0.0611443088388651,-0.000328247353808215,0.005));
#2320=CARTESIAN_POINT('',(0.0611785196440112,-0.000303896415621583,0.005));
#2321=CARTESIAN_POINT('',(0.0611928184669316,-0.00029366246639203,0.005));
#2322=CARTESIAN_POINT('',(0.058894685510664,0.000641752900134136,0.005));
#2323=CARTESIAN_POINT('',(0.0593475539539198,0.000720618218202497,0.005));
#2324=CARTESIAN_POINT('',(0.0598250996538268,0.000803780986719925,0.005));
#2325=CARTESIAN_POINT('',(0.0598325242781138,0.000804563811162756,0.005));
#2326=CARTESIAN_POINT('',(0.0598378822393515,0.000805250424199926,0.005));
#2327=CARTESIAN_POINT('',(0.0598441795449789,0.000805879468707013,0.005));
#2328=CARTESIAN_POINT('',(0.05985268688462,0.000806585046557846,0.005));
#2329=CARTESIAN_POINT('',(0.0598629787406034,0.000807221213389907,0.005));
#2330=CARTESIAN_POINT('',(0.0598751917171726,0.000807735172674948,0.005));
#2331=CARTESIAN_POINT('',(0.0598892818920723,0.000808044644051986,0.005));
#2332=CARTESIAN_POINT('',(0.0599052579148417,0.000808076437206616,0.005));
#2333=CARTESIAN_POINT('',(0.0599231097464242,0.000807754739331083,0.005));
#2334=CARTESIAN_POINT('',(0.0599428299786712,0.000807004697583838,0.005));
#2335=CARTESIAN_POINT('',(0.059964407535279,0.00080575143800634,0.005));
#2336=CARTESIAN_POINT('',(0.0599878295122559,0.000803920428783453,0.005));
#2337=CARTESIAN_POINT('',(0.0600130806513834,0.000801437452003985,0.005));
#2338=CARTESIAN_POINT('',(0.0600401435005622,0.000798228688459524,0.005));
#2339=CARTESIAN_POINT('',(0.0600689983795857,0.000794220769826104,0.005));
#2340=CARTESIAN_POINT('',(0.0600996234036412,0.000789340839883572,0.005));
#2341=CARTESIAN_POINT('',(0.0601319944924982,0.000783516612839208,0.005));
#2342=CARTESIAN_POINT('',(0.0601660853857364,0.000776676432085489,0.005));
#2343=CARTESIAN_POINT('',(0.0602018676582137,0.000768749328401167,0.005));
#2344=CARTESIAN_POINT('',(0.0602393107373736,0.000759665077826481,0.005));
#2345=CARTESIAN_POINT('',(0.060278381921917,0.000749354259101706,0.005));
#2346=CARTESIAN_POINT('',(0.0603190464019512,0.000737748310654311,0.005));
#2347=CARTESIAN_POINT('',(0.060361267280564,0.000724779587093681,0.005));
#2348=CARTESIAN_POINT('',(0.0604050055968218,0.000710381415183183,0.005));
#2349=CARTESIAN_POINT('',(0.0604502203501704,0.00069448814924436,0.005));
#2350=CARTESIAN_POINT('',(0.0604968685262312,0.000677035226000142,0.005));
#2351=CARTESIAN_POINT('',(0.0605449051239652,0.00065795921866868,0.005));
#2352=CARTESIAN_POINT('',(0.0605942831842302,0.000637197890868829,0.005));
#2353=CARTESIAN_POINT('',(0.060644953819559,0.000614690248026698,0.005));
#2354=CARTESIAN_POINT('',(0.0606968662457469,0.000590376594977245,0.005));
#2355=CARTESIAN_POINT('',(0.0607499678129078,0.000564198566330221,0.005));
#2356=CARTESIAN_POINT('',(0.0608042040448715,0.000536099257290576,0.005));
#2357=CARTESIAN_POINT('',(0.0608595186529269,0.000506022966851712,0.005));
#2358=CARTESIAN_POINT('',(0.0609158536536337,0.000473916416930453,0.005));
#2359=CARTESIAN_POINT('',(0.0609731490955988,0.000439724336157868,0.005));
#2360=CARTESIAN_POINT('',(0.061031344283169,0.000403406526598662,0.005));
#2361=CARTESIAN_POINT('',(0.0610903733017026,0.00036487306189268,0.005));
#2362=CARTESIAN_POINT('',(0.0611443088388651,0.000328222419386328,0.005));
#2363=CARTESIAN_POINT('',(0.0611785196440112,0.000303871481199696,0.005));
#2364=CARTESIAN_POINT('',(0.0611928184669316,0.000293637531970134,0.005));
#2365=CARTESIAN_POINT('',(0.0592810635644314,0.000709028443790227,0.005));
#2366=CARTESIAN_POINT('',(0.0592103180085947,0.00111547636578223,0.005));
#2367=CARTESIAN_POINT('',(0.0588128488393176,0.00100491820716701,0.005));
#2368=CARTESIAN_POINT('',(0.0552000086353103,-1.24672108053891E-8,0.005));
#2369=CARTESIAN_POINT('',(0.0587135411882889,0.00131055572985366,0.005));
#2370=CARTESIAN_POINT('',(0.0591000849561288,0.0014547388166092,0.005));
#2371=CARTESIAN_POINT('',(0.0589184152187054,0.00182514528721515,0.005));
#2372=CARTESIAN_POINT('',(0.058566285234553,0.00165246502352478,0.005));
#2373=CARTESIAN_POINT('',(0.058979019372241,0.00185485103311512,0.005));
#2374=CARTESIAN_POINT('',(0.0594142438079308,0.00206826525978622,0.005));
#2375=CARTESIAN_POINT('',(0.0594207105878185,0.00207199602616813,0.005));
#2376=CARTESIAN_POINT('',(0.0594254488505323,0.00207458987515036,0.005));
#2377=CARTESIAN_POINT('',(0.0594309132208879,0.00207778243083085,0.005));
#2378=CARTESIAN_POINT('',(0.0594382105314895,0.00208221209513595,0.005));
#2379=CARTESIAN_POINT('',(0.0594469107473656,0.00208774682652329,0.005));
#2380=CARTESIAN_POINT('',(0.0594570933506501,0.00209450963224128,0.005));
#2381=CARTESIAN_POINT('',(0.059468674444309,0.00210254126164622,0.005));
#2382=CARTESIAN_POINT('',(0.0594816180057795,0.00211190601101802,0.005));
#2383=CARTESIAN_POINT('',(0.0594958713516434,0.00212265931339694,0.005));
#2384=CARTESIAN_POINT('',(0.0595113844911866,0.00213485737160351,0.005));
#2385=CARTESIAN_POINT('',(0.0595281044536825,0.00214855424945466,0.005));
#2386=CARTESIAN_POINT('',(0.0595459769908807,0.00216380265967939,0.005));
#2387=CARTESIAN_POINT('',(0.0595649461344294,0.00218065367727336,0.005));
#2388=CARTESIAN_POINT('',(0.0595849543754417,0.00219915676514405,0.005));
#2389=CARTESIAN_POINT('',(0.0596059426674772,0.00221935971177726,0.005));
#2390=CARTESIAN_POINT('',(0.0596278504815388,0.00224130859552305,0.005));
#2391=CARTESIAN_POINT('',(0.0596506158477879,0.00226504774281183,0.005));
#2392=CARTESIAN_POINT('',(0.0596741754024009,0.00229061968956907,0.005));
#2393=CARTESIAN_POINT('',(0.0596984644342934,0.00231806514322154,0.005));
#2394=CARTESIAN_POINT('',(0.0597234169331396,0.00234742294604823,0.005));
#2395=CARTESIAN_POINT('',(0.0597489656382401,0.00237873003968673,0.005));
#2396=CARTESIAN_POINT('',(0.0597750420883189,0.00241202143087271,0.005));
#2397=CARTESIAN_POINT('',(0.0598015766721841,0.0024473301584161,0.005));
#2398=CARTESIAN_POINT('',(0.059828498680233,0.00248468726143602,0.005));
#2399=CARTESIAN_POINT('',(0.0598557363567589,0.00252412174888099,0.005));
#2400=CARTESIAN_POINT('',(0.0598832169530564,0.002565660570322,0.005));
#2401=CARTESIAN_POINT('',(0.0599108667811931,0.00260932858815631,0.005));
#2402=CARTESIAN_POINT('',(0.059938611268798,0.00265514855078276,0.005));
#2403=CARTESIAN_POINT('',(0.0599663750133683,0.00270314106851592,0.005));
#2404=CARTESIAN_POINT('',(0.0599940818416817,0.00275332458555225,0.005));
#2405=CARTESIAN_POINT('',(0.06002165485277,0.00280571537365771,0.005));
#2406=CARTESIAN_POINT('',(0.0600490165266864,0.00286032744948916,0.005));
#2407=CARTESIAN_POINT('',(0.0600760885846768,0.00291717279043327,0.005));
#2408=CARTESIAN_POINT('',(0.060102792801081,0.00297626041755365,0.005));
#2409=CARTESIAN_POINT('',(0.0601290481865077,0.00303759980778238,0.005));
#2410=CARTESIAN_POINT('',(0.0601547820093883,0.0031011878059224,0.005));
#2411=CARTESIAN_POINT('',(0.0601798880862694,0.00316705842027302,0.005));
#2412=CARTESIAN_POINT('',(0.0602019801452823,0.00322841192623401,0.005));
#2413=CARTESIAN_POINT('',(0.0602153441456911,0.00326822085578991,0.005));
#2414=CARTESIAN_POINT('',(0.0602208967720034,0.00328490493187393,0.005));
#2415=CARTESIAN_POINT('',(0.0602208967720034,0.00328490493187393,0.005));
#2416=CARTESIAN_POINT('',(0.0552000086353099,-1.2467210944167E-8,0.005));
#2417=CARTESIAN_POINT('',(0.0598756904942948,0.00376004061134528,0.005));
#2418=CARTESIAN_POINT('',(0.057811844797838,0.00269086320069169,0.005));
#2419=CARTESIAN_POINT('',(0.0581318671937702,0.00302085597545021,0.005));
#2420=CARTESIAN_POINT('',(0.0584693279317112,0.00336883038818105,0.005));
#2421=CARTESIAN_POINT('',(0.0584748744462736,0.00337382779111868,0.005));
#2422=CARTESIAN_POINT('',(0.0584788055469529,0.00337753260333218,0.005));
#2423=CARTESIAN_POINT('',(0.0584835304311399,0.00338174297440557,0.005));
#2424=CARTESIAN_POINT('',(0.0584899982852314,0.00338731428765502,0.005));
#2425=CARTESIAN_POINT('',(0.0584979506421437,0.00339387835859918,0.005));
#2426=CARTESIAN_POINT('',(0.0585075290500521,0.00340147276790917,0.005));
#2427=CARTESIAN_POINT('',(0.0585187463382882,0.00341000513252071,0.005));
#2428=CARTESIAN_POINT('',(0.0585316525246638,0.00341942132429729,0.005));
#2429=CARTESIAN_POINT('',(0.0585462840490617,0.0034296541085795,0.005));
#2430=CARTESIAN_POINT('',(0.0585626789155601,0.00344063857374606,0.005));
#2431=CARTESIAN_POINT('',(0.0585808721730499,0.00345230763500408,0.005));
#2432=CARTESIAN_POINT('',(0.0586008971906841,0.00346459341007247,0.005));
#2433=CARTESIAN_POINT('',(0.0586227852484983,0.00347742688684396,0.005));
#2434=CARTESIAN_POINT('',(0.0586465656172897,0.00349073808623787,0.005));
#2435=CARTESIAN_POINT('',(0.0586722655002555,0.00350445608429807,0.005));
#2436=CARTESIAN_POINT('',(0.0586999100160219,0.00351850907553411,0.005));
#2437=CARTESIAN_POINT('',(0.0587295221717963,0.00353282442550692,0.005));
#2438=CARTESIAN_POINT('',(0.0587611228411495,0.00354732872731545,0.005));
#2439=CARTESIAN_POINT('',(0.05879473074232,0.00356194785777433,0.005));
#2440=CARTESIAN_POINT('',(0.0588303624181981,0.00357660703440887,0.005));
#2441=CARTESIAN_POINT('',(0.0588680322176696,0.00359123087289885,0.005));
#2442=CARTESIAN_POINT('',(0.0589077522784208,0.00360574344502526,0.005));
#2443=CARTESIAN_POINT('',(0.0589495325111861,0.00362006833705684,0.005));
#2444=CARTESIAN_POINT('',(0.0589933805854529,0.00363412870854972,0.005));
#2445=CARTESIAN_POINT('',(0.059039301916638,0.00364784735151343,0.005));
#2446=CARTESIAN_POINT('',(0.0590872996547202,0.00366114674994227,0.005));
#2447=CARTESIAN_POINT('',(0.059137374674421,0.00367394913954462,0.005));
#2448=CARTESIAN_POINT('',(0.0591895255666234,0.00368617656813934,0.005));
#2449=CARTESIAN_POINT('',(0.0592437486322466,0.00369775095474729,0.005));
#2450=CARTESIAN_POINT('',(0.0593000378739437,0.00370859415475892,0.005));
#2451=CARTESIAN_POINT('',(0.0593583850033776,0.00371862800275501,0.005));
#2452=CARTESIAN_POINT('',(0.0594187793962002,0.00372777444149995,0.005));
#2453=CARTESIAN_POINT('',(0.0594812082541179,0.00373595532225846,0.005));
#2454=CARTESIAN_POINT('',(0.0595456559836135,0.00374309346034475,0.005));
#2455=CARTESIAN_POINT('',(0.0596121065706868,0.00374910890173737,0.005));
#2456=CARTESIAN_POINT('',(0.0596805345392764,0.00375393344961363,0.005));
#2457=CARTESIAN_POINT('',(0.0597509394207052,0.00375745560836568,0.005));
#2458=CARTESIAN_POINT('',(0.0598161168940227,0.00375950712904188,0.005));
#2459=CARTESIAN_POINT('',(0.0598581071391228,0.00375991541295386,0.005));
#2460=CARTESIAN_POINT('',(0.0598756904942948,0.00376004061134528,0.005));
#2461=CARTESIAN_POINT('',(0.0580848876371884,0.00297239758062926,0.005));
#2462=CARTESIAN_POINT('',(0.0577887491858681,0.00325963766246312,0.005));
#2463=CARTESIAN_POINT('',(0.0575321743283375,0.00293656771733454,0.005));
#2464=CARTESIAN_POINT('',(0.0552000086353102,-1.24672105833445E-8,0.005));
#2465=CARTESIAN_POINT('',(0.0572721835226014,0.00312546209459221,0.005));
#2466=CARTESIAN_POINT('',(0.0575001553078287,0.00346931338818078,0.005));
#2467=CARTESIAN_POINT('',(0.0571354619421136,0.00366219572528208,0.005));
#2468=CARTESIAN_POINT('',(0.0569520817130645,0.00331551764578869,0.005));
#2469=CARTESIAN_POINT('',(0.0571670311329053,0.00372185040622168,0.005));
#2470=CARTESIAN_POINT('',(0.0573936933626789,0.00415032464717572,0.005));
#2471=CARTESIAN_POINT('',(0.0573967322080479,0.00415714397842855,0.005));
#2472=CARTESIAN_POINT('',(0.0573990409169287,0.00416202752728068,0.005));
#2473=CARTESIAN_POINT('',(0.0574015851482639,0.00416782223538977,0.005));
#2474=CARTESIAN_POINT('',(0.0574048851052027,0.004175695160645,0.005));
#2475=CARTESIAN_POINT('',(0.0574086704942163,0.0041852867109804,0.005));
#2476=CARTESIAN_POINT('',(0.0574129333158552,0.00419674311977644,0.005));
#2477=CARTESIAN_POINT('',(0.0574175817441227,0.00421004804051572,0.005));
#2478=CARTESIAN_POINT('',(0.0574225488437478,0.00422523231645003,0.005));
#2479=CARTESIAN_POINT('',(0.0574277594102267,0.0042423098273149,0.005));
#2480=CARTESIAN_POINT('',(0.0574331399650329,0.00426129665834265,0.005));
#2481=CARTESIAN_POINT('',(0.057438615876034,0.00428220541266807,0.005));
#2482=CARTESIAN_POINT('',(0.0574441122717089,0.00430504684946319,0.005));
#2483=CARTESIAN_POINT('',(0.0574495538515807,0.00432982939189576,0.005));
#2484=CARTESIAN_POINT('',(0.0574548650164149,0.00435655925342293,0.005));
#2485=CARTESIAN_POINT('',(0.0574599699072707,0.00438524038911494,0.005));
#2486=CARTESIAN_POINT('',(0.0574647924709861,0.00441587449908822,0.005));
#2487=CARTESIAN_POINT('',(0.0574692565184864,0.00444846101922104,0.005));
#2488=CARTESIAN_POINT('',(0.057473285785372,0.00448299711747903,0.005));
#2489=CARTESIAN_POINT('',(0.0574768039920505,0.00451947769064107,0.005));
#2490=CARTESIAN_POINT('',(0.0574797349041279,0.00455789536287498,0.005));
#2491=CARTESIAN_POINT('',(0.0574820023928057,0.00459824048574628,0.005));
#2492=CARTESIAN_POINT('',(0.057483530495305,0.00464050113977058,0.005));
#2493=CARTESIAN_POINT('',(0.0574842434752634,0.00468466313747464,0.005));
#2494=CARTESIAN_POINT('',(0.0574840658830742,0.00473071002797162,0.005));
#2495=CARTESIAN_POINT('',(0.057482922616119,0.00477862310304768,0.005));
#2496=CARTESIAN_POINT('',(0.0574807389788986,0.00482838140474765,0.005));
#2497=CARTESIAN_POINT('',(0.0574774407428729,0.00487996173449342,0.005));
#2498=CARTESIAN_POINT('',(0.0574729542065531,0.00493333866358642,0.005));
#2499=CARTESIAN_POINT('',(0.057467206253594,0.00498848454564223,0.005));
#2500=CARTESIAN_POINT('',(0.0574601244173377,0.00504536952883257,0.005));
#2501=CARTESIAN_POINT('',(0.0574516369192898,0.00510396157603755,0.005));
#2502=CARTESIAN_POINT('',(0.0574416728057119,0.00516422646188939,0.005));
#2503=CARTESIAN_POINT('',(0.0574301617076304,0.00522612786520018,0.005));
#2504=CARTESIAN_POINT('',(0.0574170350367085,0.00528962710427428,0.005));
#2505=CARTESIAN_POINT('',(0.0574022217007515,0.00535468424174097,0.005));
#2506=CARTESIAN_POINT('',(0.0573856647132627,0.00542125397444888,0.005));
#2507=CARTESIAN_POINT('',(0.0573672581804468,0.00548930140262204,0.005));
#2508=CARTESIAN_POINT('',(0.0573490683456487,0.00555192281808954,0.005));
#2509=CARTESIAN_POINT('',(0.0573364809473898,0.00559198408098009,0.005));
#2510=CARTESIAN_POINT('',(0.0573311664625695,0.00560874553392535,0.005));
#2511=CARTESIAN_POINT('',(0.0557313714439724,0.00371215045561051,0.005));
#2512=CARTESIAN_POINT('',(0.0557963101144959,0.00416722466314331,0.005));
#2513=CARTESIAN_POINT('',(0.0558647873584462,0.00464709632163967,0.005));
#2514=CARTESIAN_POINT('',(0.0558663371832403,0.0046543994650054,0.005));
#2515=CARTESIAN_POINT('',(0.0558673398765148,0.00465970736405161,0.005));
#2516=CARTESIAN_POINT('',(0.0558686875940949,0.00466589084304652,0.005));
#2517=CARTESIAN_POINT('',(0.0558706454622081,0.00467419983939527,0.005));
#2518=CARTESIAN_POINT('',(0.0558732207899995,0.00468418456245541,0.005));
#2519=CARTESIAN_POINT('',(0.0558765060029842,0.00469595861555844,0.005));
#2520=CARTESIAN_POINT('',(0.0558805657817122,0.00470945480012727,0.005));
#2521=CARTESIAN_POINT('',(0.0558854724071636,0.00472465872531174,0.005));
#2522=CARTESIAN_POINT('',(0.0558912948793641,0.00474153741595542,0.005));
#2523=CARTESIAN_POINT('',(0.0558981020983526,0.00476006069569041,0.005));
#2524=CARTESIAN_POINT('',(0.0559059618507293,0.0047801948930002,0.005));
#2525=CARTESIAN_POINT('',(0.0559149410329099,0.00480190470386187,0.005));
#2526=CARTESIAN_POINT('',(0.0559251055152735,0.00482515268225145,0.005));
#2527=CARTESIAN_POINT('',(0.0559365201110642,0.00484989941884628,0.005));
#2528=CARTESIAN_POINT('',(0.0559492485161862,0.00487610352459869,0.005));
#2529=CARTESIAN_POINT('',(0.0559633532582434,0.00490372167200476,0.005));
#2530=CARTESIAN_POINT('',(0.0559788956439095,0.00493270862186596,0.005));
#2531=CARTESIAN_POINT('',(0.055995935707752,0.00496301725592897,0.005));
#2532=CARTESIAN_POINT('',(0.0560145321616592,0.00499459860958174,0.005));
#2533=CARTESIAN_POINT('',(0.056034742345146,0.00502740190619819,0.005));
#2534=CARTESIAN_POINT('',(0.0560566221764968,0.00506137459264574,0.005));
#2535=CARTESIAN_POINT('',(0.0560802261047935,0.00509646237605786,0.005));
#2536=CARTESIAN_POINT('',(0.0561056070628527,0.00513260926181076,0.005));
#2537=CARTESIAN_POINT('',(0.0561328164210999,0.00516975759269119,0.005));
#2538=CARTESIAN_POINT('',(0.0561619039424174,0.00520784808922482,0.005));
#2539=CARTESIAN_POINT('',(0.0561929177379566,0.00524681989115681,0.005));
#2540=CARTESIAN_POINT('',(0.0562259042240858,0.0052866106000021,0.005));
#2541=CARTESIAN_POINT('',(0.056260908079948,0.00532715632286322,0.005));
#2542=CARTESIAN_POINT('',(0.0562979722077718,0.00536839171663595,0.005));
#2543=CARTESIAN_POINT('',(0.0563371376878507,0.00541025003585104,0.005));
#2544=CARTESIAN_POINT('',(0.0563784437592599,0.00545266317159369,0.005));
#2545=CARTESIAN_POINT('',(0.0564219277076131,0.00549556172939866,0.005));
#2546=CARTESIAN_POINT('',(0.0564676251135473,0.00553887496296271,0.005));
#2547=CARTESIAN_POINT('',(0.0565155687296622,0.00558253126292398,0.005));
#2548=CARTESIAN_POINT('',(0.0565657925961541,0.00562645653232713,0.005));
#2549=CARTESIAN_POINT('',(0.0566183161875429,0.0056705806243305,0.005));
#2550=CARTESIAN_POINT('',(0.0566732046601351,0.00571481306161107,0.005));
#2551=CARTESIAN_POINT('',(0.0567247284901012,0.00575478313430013,0.005));
#2552=CARTESIAN_POINT('',(0.0567584593287229,0.00577979468973339,0.005));
#2553=CARTESIAN_POINT('',(0.056772610972107,0.00579023121421563,0.005));
#2554=CARTESIAN_POINT('',(0.0557867859846586,0.00410040710769501,0.005));
#2555=CARTESIAN_POINT('',(0.0553783694608834,0.00415872340104151,0.005));
#2556=CARTESIAN_POINT('',(0.0553606917900173,0.00374654340769514,0.005));
#2557=CARTESIAN_POINT('',(0.0552000086353099,-1.24672105000778E-8,0.005));
#2558=CARTESIAN_POINT('',(0.0550393254806025,0.00374654340769514,0.005));
#2559=CARTESIAN_POINT('',(0.0550216478097364,0.00415872340104151,0.005));
#2560=CARTESIAN_POINT('',(0.0546132312859612,0.00410040710769498,0.005));
#2561=CARTESIAN_POINT('',(0.0546686458266475,0.00371215045561051,0.005));
#2562=CARTESIAN_POINT('',(0.0546037071561239,0.00416722466314332,0.005));
#2563=CARTESIAN_POINT('',(0.0545352299121736,0.00464709632163968,0.005));
#2564=CARTESIAN_POINT('',(0.0545336800873795,0.0046543994650054,0.005));
#2565=CARTESIAN_POINT('',(0.054532677394105,0.00465970736405161,0.005));
#2566=CARTESIAN_POINT('',(0.0545313296765249,0.00466589084304652,0.005));
#2567=CARTESIAN_POINT('',(0.0545293718084117,0.00467419983939527,0.005));
#2568=CARTESIAN_POINT('',(0.0545267964806203,0.00468418456245541,0.005));
#2569=CARTESIAN_POINT('',(0.0545235112676356,0.00469595861555843,0.005));
#2570=CARTESIAN_POINT('',(0.0545194514889076,0.00470945480012727,0.005));
#2571=CARTESIAN_POINT('',(0.0545145448634562,0.00472465872531174,0.005));
#2572=CARTESIAN_POINT('',(0.0545087223912557,0.00474153741595543,0.005));
#2573=CARTESIAN_POINT('',(0.0545019151722672,0.0047600606956904,0.005));
#2574=CARTESIAN_POINT('',(0.0544940554198905,0.0047801948930002,0.005));
#2575=CARTESIAN_POINT('',(0.0544850762377099,0.00480190470386187,0.005));
#2576=CARTESIAN_POINT('',(0.0544749117553463,0.00482515268225144,0.005));
#2577=CARTESIAN_POINT('',(0.0544634971595556,0.00484989941884628,0.005));
#2578=CARTESIAN_POINT('',(0.0544507687544336,0.0048761035245987,0.005));
#2579=CARTESIAN_POINT('',(0.0544366640123764,0.00490372167200476,0.005));
#2580=CARTESIAN_POINT('',(0.0544211216267103,0.00493270862186597,0.005));
#2581=CARTESIAN_POINT('',(0.0544040815628678,0.00496301725592897,0.005));
#2582=CARTESIAN_POINT('',(0.0543854851089606,0.00499459860958175,0.005));
#2583=CARTESIAN_POINT('',(0.0543652749254738,0.00502740190619819,0.005));
#2584=CARTESIAN_POINT('',(0.054343395094123,0.00506137459264574,0.005));
#2585=CARTESIAN_POINT('',(0.0543197911658263,0.00509646237605787,0.005));
#2586=CARTESIAN_POINT('',(0.0542944102077671,0.00513260926181076,0.005));
#2587=CARTESIAN_POINT('',(0.0542672008495199,0.00516975759269119,0.005));
#2588=CARTESIAN_POINT('',(0.0542381133282024,0.00520784808922482,0.005));
#2589=CARTESIAN_POINT('',(0.0542070995326632,0.00524681989115681,0.005));
#2590=CARTESIAN_POINT('',(0.054174113046534,0.0052866106000021,0.005));
#2591=CARTESIAN_POINT('',(0.0541391091906718,0.00532715632286322,0.005));
#2592=CARTESIAN_POINT('',(0.054102045062848,0.00536839171663594,0.005));
#2593=CARTESIAN_POINT('',(0.054062879582769,0.00541025003585104,0.005));
#2594=CARTESIAN_POINT('',(0.0540215735113599,0.00545266317159369,0.005));
#2595=CARTESIAN_POINT('',(0.0539780895630067,0.00549556172939865,0.005));
#2596=CARTESIAN_POINT('',(0.0539323921570725,0.00553887496296272,0.005));
#2597=CARTESIAN_POINT('',(0.0538844485409576,0.00558253126292397,0.005));
#2598=CARTESIAN_POINT('',(0.0538342246744657,0.00562645653232714,0.005));
#2599=CARTESIAN_POINT('',(0.0537817010830769,0.00567058062433049,0.005));
#2600=CARTESIAN_POINT('',(0.0537268126104847,0.00571481306161106,0.005));
#2601=CARTESIAN_POINT('',(0.0536752887805186,0.00575478313430013,0.005));
#2602=CARTESIAN_POINT('',(0.0536415579418969,0.00577979468973339,0.005));
#2603=CARTESIAN_POINT('',(0.0536274062985128,0.00579023121421564,0.005));
#2604=CARTESIAN_POINT('',(0.0534479355575552,0.00331551764578869,0.005));
#2605=CARTESIAN_POINT('',(0.0532329861377145,0.00372185040622168,0.005));
#2606=CARTESIAN_POINT('',(0.0530063239079409,0.00415032464717572,0.005));
#2607=CARTESIAN_POINT('',(0.0530032850625719,0.00415714397842855,0.005));
#2608=CARTESIAN_POINT('',(0.0530009763536911,0.00416202752728068,0.005));
#2609=CARTESIAN_POINT('',(0.0529984321223559,0.00416782223538977,0.005));
#2610=CARTESIAN_POINT('',(0.0529951321654171,0.00417569516064499,0.005));
#2611=CARTESIAN_POINT('',(0.0529913467764035,0.00418528671098041,0.005));
#2612=CARTESIAN_POINT('',(0.0529870839547646,0.00419674311977644,0.005));
#2613=CARTESIAN_POINT('',(0.0529824355264971,0.00421004804051572,0.005));
#2614=CARTESIAN_POINT('',(0.0529774684268719,0.00422523231645003,0.005));
#2615=CARTESIAN_POINT('',(0.0529722578603931,0.0042423098273149,0.005));
#2616=CARTESIAN_POINT('',(0.0529668773055869,0.00426129665834265,0.005));
#2617=CARTESIAN_POINT('',(0.0529614013945858,0.00428220541266808,0.005));
#2618=CARTESIAN_POINT('',(0.0529559049989109,0.00430504684946319,0.005));
#2619=CARTESIAN_POINT('',(0.0529504634190391,0.00432982939189576,0.005));
#2620=CARTESIAN_POINT('',(0.0529451522542049,0.00435655925342293,0.005));
#2621=CARTESIAN_POINT('',(0.0529400473633491,0.00438524038911494,0.005));
#2622=CARTESIAN_POINT('',(0.0529352247996337,0.00441587449908822,0.005));
#2623=CARTESIAN_POINT('',(0.0529307607521334,0.00444846101922104,0.005));
#2624=CARTESIAN_POINT('',(0.0529267314852478,0.00448299711747903,0.005));
#2625=CARTESIAN_POINT('',(0.0529232132785693,0.00451947769064107,0.005));
#2626=CARTESIAN_POINT('',(0.0529202823664919,0.00455789536287499,0.005));
#2627=CARTESIAN_POINT('',(0.0529180148778141,0.00459824048574628,0.005));
#2628=CARTESIAN_POINT('',(0.0529164867753148,0.00464050113977058,0.005));
#2629=CARTESIAN_POINT('',(0.0529157737953564,0.00468466313747464,0.005));
#2630=CARTESIAN_POINT('',(0.0529159513875456,0.00473071002797162,0.005));
#2631=CARTESIAN_POINT('',(0.0529170946545008,0.00477862310304768,0.005));
#2632=CARTESIAN_POINT('',(0.0529192782917212,0.00482838140474765,0.005));
#2633=CARTESIAN_POINT('',(0.0529225765277469,0.00487996173449342,0.005));
#2634=CARTESIAN_POINT('',(0.0529270630640667,0.00493333866358643,0.005));
#2635=CARTESIAN_POINT('',(0.0529328110170258,0.00498848454564223,0.005));
#2636=CARTESIAN_POINT('',(0.0529398928532821,0.00504536952883257,0.005));
#2637=CARTESIAN_POINT('',(0.05294838035133,0.00510396157603754,0.005));
#2638=CARTESIAN_POINT('',(0.0529583444649079,0.00516422646188938,0.005));
#2639=CARTESIAN_POINT('',(0.0529698555629894,0.00522612786520019,0.005));
#2640=CARTESIAN_POINT('',(0.0529829822339113,0.00528962710427428,0.005));
#2641=CARTESIAN_POINT('',(0.0529977955698683,0.00535468424174097,0.005));
#2642=CARTESIAN_POINT('',(0.0530143525573571,0.00542125397444888,0.005));
#2643=CARTESIAN_POINT('',(0.053032759090173,0.00548930140262204,0.005));
#2644=CARTESIAN_POINT('',(0.0530509489249711,0.00555192281808954,0.005));
#2645=CARTESIAN_POINT('',(0.05306353632323,0.0055919840809801,0.005));
#2646=CARTESIAN_POINT('',(0.0530688508080503,0.00560874553392534,0.005));
#2647=CARTESIAN_POINT('',(0.0532645553285062,0.00366219572528211,0.005));
#2648=CARTESIAN_POINT('',(0.0528998619627911,0.00346931338818078,0.005));
#2649=CARTESIAN_POINT('',(0.0531278337480184,0.00312546209459221,0.005));
#2650=CARTESIAN_POINT('',(0.0552000086353096,-1.24672105833445E-8,0.005));
#2651=CARTESIAN_POINT('',(0.0552000086353099,-1.2467210944167E-8,0.005));
#2652=CARTESIAN_POINT('',(0.0602208967720034,0.00328490493187393,0.005));
#2653=CARTESIAN_POINT('',(0.0602208967720034,0.00328490493187393,0.));
#2654=CARTESIAN_POINT('',(0.0552000086353099,-1.2467210944167E-8,0.));
#2655=CARTESIAN_POINT('',(0.0598756904942948,0.00376004061134528,0.));
#2656=CARTESIAN_POINT('',(0.0598756904942948,0.00376004061134528,0.005));
#2657=CARTESIAN_POINT('',(0.0552000086353099,-1.2467210944167E-8,0.));
#2658=CARTESIAN_POINT('',(0.0552000086353096,-1.24672113051273E-8,0.));
#2659=CARTESIAN_POINT('',(0.0574500086353096,-1.24672113051273E-8,0.));
#2660=CARTESIAN_POINT('',(0.0528998619627911,0.00346931338818078,0.));
#2661=CARTESIAN_POINT('',(0.0532645553285062,0.00366219572528209,0.));
#2662=CARTESIAN_POINT('',(0.0531278337480184,0.00312546209459221,0.));
#2663=CARTESIAN_POINT('',(0.0534479355575552,0.00331551764578869,0.));
#2664=CARTESIAN_POINT('',(0.0532329861377145,0.00372185040622168,0.));
#2665=CARTESIAN_POINT('',(0.0530063239079409,0.00415032464717572,0.));
#2666=CARTESIAN_POINT('',(0.0530032850625719,0.00415714397842855,0.));
#2667=CARTESIAN_POINT('',(0.0530009763536911,0.00416202752728068,0.));
#2668=CARTESIAN_POINT('',(0.0529984321223559,0.00416782223538977,0.));
#2669=CARTESIAN_POINT('',(0.0529951321654171,0.00417569516064499,0.));
#2670=CARTESIAN_POINT('',(0.0529913467764035,0.00418528671098041,0.));
#2671=CARTESIAN_POINT('',(0.0529870839547646,0.00419674311977644,0.));
#2672=CARTESIAN_POINT('',(0.0529824355264971,0.00421004804051572,0.));
#2673=CARTESIAN_POINT('',(0.0529774684268719,0.00422523231645003,0.));
#2674=CARTESIAN_POINT('',(0.0529722578603931,0.0042423098273149,0.));
#2675=CARTESIAN_POINT('',(0.0529668773055869,0.00426129665834265,0.));
#2676=CARTESIAN_POINT('',(0.0529614013945858,0.00428220541266808,0.));
#2677=CARTESIAN_POINT('',(0.0529559049989109,0.00430504684946319,0.));
#2678=CARTESIAN_POINT('',(0.0529504634190391,0.00432982939189576,0.));
#2679=CARTESIAN_POINT('',(0.0529451522542049,0.00435655925342293,0.));
#2680=CARTESIAN_POINT('',(0.0529400473633491,0.00438524038911494,0.));
#2681=CARTESIAN_POINT('',(0.0529352247996337,0.00441587449908822,0.));
#2682=CARTESIAN_POINT('',(0.0529307607521334,0.00444846101922104,0.));
#2683=CARTESIAN_POINT('',(0.0529267314852478,0.00448299711747903,0.));
#2684=CARTESIAN_POINT('',(0.0529232132785693,0.00451947769064107,0.));
#2685=CARTESIAN_POINT('',(0.0529202823664919,0.00455789536287499,0.));
#2686=CARTESIAN_POINT('',(0.0529180148778141,0.00459824048574628,0.));
#2687=CARTESIAN_POINT('',(0.0529164867753148,0.00464050113977058,0.));
#2688=CARTESIAN_POINT('',(0.0529157737953564,0.00468466313747464,0.));
#2689=CARTESIAN_POINT('',(0.0529159513875456,0.00473071002797162,0.));
#2690=CARTESIAN_POINT('',(0.0529170946545008,0.00477862310304768,0.));
#2691=CARTESIAN_POINT('',(0.0529192782917212,0.00482838140474765,0.));
#2692=CARTESIAN_POINT('',(0.0529225765277469,0.00487996173449342,0.));
#2693=CARTESIAN_POINT('',(0.0529270630640667,0.00493333866358643,0.));
#2694=CARTESIAN_POINT('',(0.0529328110170258,0.00498848454564223,0.));
#2695=CARTESIAN_POINT('',(0.0529398928532821,0.00504536952883257,0.));
#2696=CARTESIAN_POINT('',(0.05294838035133,0.00510396157603754,0.));
#2697=CARTESIAN_POINT('',(0.0529583444649079,0.00516422646188938,0.));
#2698=CARTESIAN_POINT('',(0.0529698555629894,0.00522612786520019,0.));
#2699=CARTESIAN_POINT('',(0.0529829822339113,0.00528962710427428,0.));
#2700=CARTESIAN_POINT('',(0.0529977955698683,0.00535468424174097,0.));
#2701=CARTESIAN_POINT('',(0.0530143525573571,0.00542125397444888,0.));
#2702=CARTESIAN_POINT('',(0.053032759090173,0.00548930140262204,0.));
#2703=CARTESIAN_POINT('',(0.0530509489249711,0.00555192281808954,0.));
#2704=CARTESIAN_POINT('',(0.05306353632323,0.0055919840809801,0.));
#2705=CARTESIAN_POINT('',(0.0530688508080503,0.00560874553392534,0.));
#2706=CARTESIAN_POINT('',(0.0546686458266475,0.00371215045561051,0.));
#2707=CARTESIAN_POINT('',(0.0546037071561239,0.00416722466314332,0.));
#2708=CARTESIAN_POINT('',(0.0545352299121736,0.00464709632163968,0.));
#2709=CARTESIAN_POINT('',(0.0545336800873795,0.0046543994650054,0.));
#2710=CARTESIAN_POINT('',(0.054532677394105,0.00465970736405161,0.));
#2711=CARTESIAN_POINT('',(0.0545313296765249,0.00466589084304652,0.));
#2712=CARTESIAN_POINT('',(0.0545293718084117,0.00467419983939527,0.));
#2713=CARTESIAN_POINT('',(0.0545267964806203,0.00468418456245541,0.));
#2714=CARTESIAN_POINT('',(0.0545235112676356,0.00469595861555843,0.));
#2715=CARTESIAN_POINT('',(0.0545194514889076,0.00470945480012727,0.));
#2716=CARTESIAN_POINT('',(0.0545145448634562,0.00472465872531174,0.));
#2717=CARTESIAN_POINT('',(0.0545087223912557,0.00474153741595543,0.));
#2718=CARTESIAN_POINT('',(0.0545019151722672,0.0047600606956904,0.));
#2719=CARTESIAN_POINT('',(0.0544940554198905,0.0047801948930002,0.));
#2720=CARTESIAN_POINT('',(0.0544850762377099,0.00480190470386187,0.));
#2721=CARTESIAN_POINT('',(0.0544749117553463,0.00482515268225144,0.));
#2722=CARTESIAN_POINT('',(0.0544634971595556,0.00484989941884628,0.));
#2723=CARTESIAN_POINT('',(0.0544507687544336,0.0048761035245987,0.));
#2724=CARTESIAN_POINT('',(0.0544366640123764,0.00490372167200476,0.));
#2725=CARTESIAN_POINT('',(0.0544211216267103,0.00493270862186597,0.));
#2726=CARTESIAN_POINT('',(0.0544040815628678,0.00496301725592897,0.));
#2727=CARTESIAN_POINT('',(0.0543854851089606,0.00499459860958175,0.));
#2728=CARTESIAN_POINT('',(0.0543652749254738,0.00502740190619819,0.));
#2729=CARTESIAN_POINT('',(0.054343395094123,0.00506137459264574,0.));
#2730=CARTESIAN_POINT('',(0.0543197911658263,0.00509646237605787,0.));
#2731=CARTESIAN_POINT('',(0.0542944102077671,0.00513260926181076,0.));
#2732=CARTESIAN_POINT('',(0.0542672008495199,0.00516975759269119,0.));
#2733=CARTESIAN_POINT('',(0.0542381133282024,0.00520784808922482,0.));
#2734=CARTESIAN_POINT('',(0.0542070995326632,0.00524681989115681,0.));
#2735=CARTESIAN_POINT('',(0.054174113046534,0.0052866106000021,0.));
#2736=CARTESIAN_POINT('',(0.0541391091906718,0.00532715632286322,0.));
#2737=CARTESIAN_POINT('',(0.054102045062848,0.00536839171663594,0.));
#2738=CARTESIAN_POINT('',(0.054062879582769,0.00541025003585104,0.));
#2739=CARTESIAN_POINT('',(0.0540215735113599,0.00545266317159369,0.));
#2740=CARTESIAN_POINT('',(0.0539780895630067,0.00549556172939865,0.));
#2741=CARTESIAN_POINT('',(0.0539323921570725,0.00553887496296272,0.));
#2742=CARTESIAN_POINT('',(0.0538844485409576,0.00558253126292397,0.));
#2743=CARTESIAN_POINT('',(0.0538342246744657,0.00562645653232714,0.));
#2744=CARTESIAN_POINT('',(0.0537817010830769,0.00567058062433049,0.));
#2745=CARTESIAN_POINT('',(0.0537268126104847,0.00571481306161106,0.));
#2746=CARTESIAN_POINT('',(0.0536752887805186,0.00575478313430013,0.));
#2747=CARTESIAN_POINT('',(0.0536415579418969,0.00577979468973339,0.));
#2748=CARTESIAN_POINT('',(0.0536274062985128,0.00579023121421564,0.));
#2749=CARTESIAN_POINT('',(0.0546132312859612,0.00410040710769498,0.));
#2750=CARTESIAN_POINT('',(0.0550216478097364,0.00415872340104151,0.));
#2751=CARTESIAN_POINT('',(0.0550393254806025,0.00374654340769514,0.));
#2752=CARTESIAN_POINT('',(0.0552000086353099,-1.24672105000778E-8,0.));
#2753=CARTESIAN_POINT('',(0.0553606917900173,0.00374654340769514,0.));
#2754=CARTESIAN_POINT('',(0.0553783694608834,0.00415872340104151,0.));
#2755=CARTESIAN_POINT('',(0.0557867859846586,0.00410040710769499,0.));
#2756=CARTESIAN_POINT('',(0.0557313714439724,0.00371215045561051,0.));
#2757=CARTESIAN_POINT('',(0.0557963101144959,0.00416722466314331,0.));
#2758=CARTESIAN_POINT('',(0.0558647873584462,0.00464709632163967,0.));
#2759=CARTESIAN_POINT('',(0.0558663371832403,0.0046543994650054,0.));
#2760=CARTESIAN_POINT('',(0.0558673398765148,0.00465970736405161,0.));
#2761=CARTESIAN_POINT('',(0.0558686875940949,0.00466589084304652,0.));
#2762=CARTESIAN_POINT('',(0.0558706454622081,0.00467419983939527,0.));
#2763=CARTESIAN_POINT('',(0.0558732207899995,0.00468418456245541,0.));
#2764=CARTESIAN_POINT('',(0.0558765060029842,0.00469595861555844,0.));
#2765=CARTESIAN_POINT('',(0.0558805657817122,0.00470945480012727,0.));
#2766=CARTESIAN_POINT('',(0.0558854724071636,0.00472465872531174,0.));
#2767=CARTESIAN_POINT('',(0.0558912948793641,0.00474153741595542,0.));
#2768=CARTESIAN_POINT('',(0.0558981020983526,0.00476006069569041,0.));
#2769=CARTESIAN_POINT('',(0.0559059618507293,0.0047801948930002,0.));
#2770=CARTESIAN_POINT('',(0.0559149410329099,0.00480190470386187,0.));
#2771=CARTESIAN_POINT('',(0.0559251055152735,0.00482515268225145,0.));
#2772=CARTESIAN_POINT('',(0.0559365201110642,0.00484989941884628,0.));
#2773=CARTESIAN_POINT('',(0.0559492485161862,0.00487610352459869,0.));
#2774=CARTESIAN_POINT('',(0.0559633532582434,0.00490372167200476,0.));
#2775=CARTESIAN_POINT('',(0.0559788956439095,0.00493270862186596,0.));
#2776=CARTESIAN_POINT('',(0.055995935707752,0.00496301725592897,0.));
#2777=CARTESIAN_POINT('',(0.0560145321616592,0.00499459860958174,0.));
#2778=CARTESIAN_POINT('',(0.056034742345146,0.00502740190619819,0.));
#2779=CARTESIAN_POINT('',(0.0560566221764968,0.00506137459264574,0.));
#2780=CARTESIAN_POINT('',(0.0560802261047935,0.00509646237605786,0.));
#2781=CARTESIAN_POINT('',(0.0561056070628527,0.00513260926181076,0.));
#2782=CARTESIAN_POINT('',(0.0561328164210999,0.00516975759269119,0.));
#2783=CARTESIAN_POINT('',(0.0561619039424174,0.00520784808922482,0.));
#2784=CARTESIAN_POINT('',(0.0561929177379566,0.00524681989115681,0.));
#2785=CARTESIAN_POINT('',(0.0562259042240858,0.0052866106000021,0.));
#2786=CARTESIAN_POINT('',(0.056260908079948,0.00532715632286322,0.));
#2787=CARTESIAN_POINT('',(0.0562979722077718,0.00536839171663595,0.));
#2788=CARTESIAN_POINT('',(0.0563371376878507,0.00541025003585104,0.));
#2789=CARTESIAN_POINT('',(0.0563784437592599,0.00545266317159369,0.));
#2790=CARTESIAN_POINT('',(0.0564219277076131,0.00549556172939866,0.));
#2791=CARTESIAN_POINT('',(0.0564676251135473,0.00553887496296271,0.));
#2792=CARTESIAN_POINT('',(0.0565155687296622,0.00558253126292398,0.));
#2793=CARTESIAN_POINT('',(0.0565657925961541,0.00562645653232713,0.));
#2794=CARTESIAN_POINT('',(0.0566183161875429,0.0056705806243305,0.));
#2795=CARTESIAN_POINT('',(0.0566732046601351,0.00571481306161107,0.));
#2796=CARTESIAN_POINT('',(0.0567247284901012,0.00575478313430013,0.));
#2797=CARTESIAN_POINT('',(0.0567584593287229,0.00577979468973339,0.));
#2798=CARTESIAN_POINT('',(0.056772610972107,0.00579023121421563,0.));
#2799=CARTESIAN_POINT('',(0.0569520817130645,0.00331551764578869,0.));
#2800=CARTESIAN_POINT('',(0.0571670311329053,0.00372185040622168,0.));
#2801=CARTESIAN_POINT('',(0.0573936933626789,0.00415032464717572,0.));
#2802=CARTESIAN_POINT('',(0.0573967322080479,0.00415714397842855,0.));
#2803=CARTESIAN_POINT('',(0.0573990409169287,0.00416202752728068,0.));
#2804=CARTESIAN_POINT('',(0.0574015851482639,0.00416782223538977,0.));
#2805=CARTESIAN_POINT('',(0.0574048851052027,0.004175695160645,0.));
#2806=CARTESIAN_POINT('',(0.0574086704942163,0.0041852867109804,0.));
#2807=CARTESIAN_POINT('',(0.0574129333158552,0.00419674311977644,0.));
#2808=CARTESIAN_POINT('',(0.0574175817441227,0.00421004804051572,0.));
#2809=CARTESIAN_POINT('',(0.0574225488437478,0.00422523231645003,0.));
#2810=CARTESIAN_POINT('',(0.0574277594102267,0.0042423098273149,0.));
#2811=CARTESIAN_POINT('',(0.0574331399650329,0.00426129665834265,0.));
#2812=CARTESIAN_POINT('',(0.057438615876034,0.00428220541266807,0.));
#2813=CARTESIAN_POINT('',(0.0574441122717089,0.00430504684946319,0.));
#2814=CARTESIAN_POINT('',(0.0574495538515807,0.00432982939189576,0.));
#2815=CARTESIAN_POINT('',(0.0574548650164149,0.00435655925342293,0.));
#2816=CARTESIAN_POINT('',(0.0574599699072707,0.00438524038911494,0.));
#2817=CARTESIAN_POINT('',(0.0574647924709861,0.00441587449908822,0.));
#2818=CARTESIAN_POINT('',(0.0574692565184864,0.00444846101922104,0.));
#2819=CARTESIAN_POINT('',(0.057473285785372,0.00448299711747903,0.));
#2820=CARTESIAN_POINT('',(0.0574768039920505,0.00451947769064107,0.));
#2821=CARTESIAN_POINT('',(0.0574797349041279,0.00455789536287498,0.));
#2822=CARTESIAN_POINT('',(0.0574820023928057,0.00459824048574628,0.));
#2823=CARTESIAN_POINT('',(0.057483530495305,0.00464050113977058,0.));
#2824=CARTESIAN_POINT('',(0.0574842434752634,0.00468466313747464,0.));
#2825=CARTESIAN_POINT('',(0.0574840658830742,0.00473071002797162,0.));
#2826=CARTESIAN_POINT('',(0.057482922616119,0.00477862310304768,0.));
#2827=CARTESIAN_POINT('',(0.0574807389788986,0.00482838140474765,0.));
#2828=CARTESIAN_POINT('',(0.0574774407428729,0.00487996173449342,0.));
#2829=CARTESIAN_POINT('',(0.0574729542065531,0.00493333866358642,0.));
#2830=CARTESIAN_POINT('',(0.057467206253594,0.00498848454564223,0.));
#2831=CARTESIAN_POINT('',(0.0574601244173377,0.00504536952883257,0.));
#2832=CARTESIAN_POINT('',(0.0574516369192898,0.00510396157603755,0.));
#2833=CARTESIAN_POINT('',(0.0574416728057119,0.00516422646188939,0.));
#2834=CARTESIAN_POINT('',(0.0574301617076304,0.00522612786520018,0.));
#2835=CARTESIAN_POINT('',(0.0574170350367085,0.00528962710427428,0.));
#2836=CARTESIAN_POINT('',(0.0574022217007515,0.00535468424174097,0.));
#2837=CARTESIAN_POINT('',(0.0573856647132627,0.00542125397444888,0.));
#2838=CARTESIAN_POINT('',(0.0573672581804468,0.00548930140262204,0.));
#2839=CARTESIAN_POINT('',(0.0573490683456487,0.00555192281808954,0.));
#2840=CARTESIAN_POINT('',(0.0573364809473898,0.00559198408098009,0.));
#2841=CARTESIAN_POINT('',(0.0573311664625695,0.00560874553392535,0.));
#2842=CARTESIAN_POINT('',(0.0571354619421136,0.00366219572528208,0.));
#2843=CARTESIAN_POINT('',(0.0575001553078287,0.00346931338818078,0.));
#2844=CARTESIAN_POINT('',(0.0572721835226014,0.00312546209459222,0.));
#2845=CARTESIAN_POINT('',(0.0552000086353102,-1.24672105833445E-8,0.));
#2846=CARTESIAN_POINT('',(0.0575321743283375,0.00293656771733454,0.));
#2847=CARTESIAN_POINT('',(0.0577887491858681,0.00325963766246312,0.));
#2848=CARTESIAN_POINT('',(0.0580848876371884,0.00297239758062924,0.));
#2849=CARTESIAN_POINT('',(0.057811844797838,0.00269086320069169,0.));
#2850=CARTESIAN_POINT('',(0.0581318671937702,0.00302085597545021,0.));
#2851=CARTESIAN_POINT('',(0.0584693279317112,0.00336883038818105,0.));
#2852=CARTESIAN_POINT('',(0.0584748744462736,0.00337382779111868,0.));
#2853=CARTESIAN_POINT('',(0.0584788055469529,0.00337753260333218,0.));
#2854=CARTESIAN_POINT('',(0.0584835304311399,0.00338174297440557,0.));
#2855=CARTESIAN_POINT('',(0.0584899982852314,0.00338731428765502,0.));
#2856=CARTESIAN_POINT('',(0.0584979506421437,0.00339387835859918,0.));
#2857=CARTESIAN_POINT('',(0.0585075290500521,0.00340147276790917,0.));
#2858=CARTESIAN_POINT('',(0.0585187463382882,0.00341000513252071,0.));
#2859=CARTESIAN_POINT('',(0.0585316525246638,0.00341942132429729,0.));
#2860=CARTESIAN_POINT('',(0.0585462840490617,0.0034296541085795,0.));
#2861=CARTESIAN_POINT('',(0.0585626789155601,0.00344063857374606,0.));
#2862=CARTESIAN_POINT('',(0.0585808721730499,0.00345230763500408,0.));
#2863=CARTESIAN_POINT('',(0.0586008971906841,0.00346459341007247,0.));
#2864=CARTESIAN_POINT('',(0.0586227852484983,0.00347742688684396,0.));
#2865=CARTESIAN_POINT('',(0.0586465656172897,0.00349073808623787,0.));
#2866=CARTESIAN_POINT('',(0.0586722655002555,0.00350445608429807,0.));
#2867=CARTESIAN_POINT('',(0.0586999100160219,0.00351850907553411,0.));
#2868=CARTESIAN_POINT('',(0.0587295221717963,0.00353282442550692,0.));
#2869=CARTESIAN_POINT('',(0.0587611228411495,0.00354732872731545,0.));
#2870=CARTESIAN_POINT('',(0.05879473074232,0.00356194785777433,0.));
#2871=CARTESIAN_POINT('',(0.0588303624181981,0.00357660703440887,0.));
#2872=CARTESIAN_POINT('',(0.0588680322176696,0.00359123087289885,0.));
#2873=CARTESIAN_POINT('',(0.0589077522784208,0.00360574344502526,0.));
#2874=CARTESIAN_POINT('',(0.0589495325111861,0.00362006833705684,0.));
#2875=CARTESIAN_POINT('',(0.0589933805854529,0.00363412870854972,0.));
#2876=CARTESIAN_POINT('',(0.059039301916638,0.00364784735151343,0.));
#2877=CARTESIAN_POINT('',(0.0590872996547202,0.00366114674994227,0.));
#2878=CARTESIAN_POINT('',(0.059137374674421,0.00367394913954462,0.));
#2879=CARTESIAN_POINT('',(0.0591895255666234,0.00368617656813934,0.));
#2880=CARTESIAN_POINT('',(0.0592437486322466,0.00369775095474729,0.));
#2881=CARTESIAN_POINT('',(0.0593000378739437,0.00370859415475892,0.));
#2882=CARTESIAN_POINT('',(0.0593583850033776,0.00371862800275501,0.));
#2883=CARTESIAN_POINT('',(0.0594187793962002,0.00372777444149995,0.));
#2884=CARTESIAN_POINT('',(0.0594812082541179,0.00373595532225846,0.));
#2885=CARTESIAN_POINT('',(0.0595456559836135,0.00374309346034475,0.));
#2886=CARTESIAN_POINT('',(0.0596121065706868,0.00374910890173737,0.));
#2887=CARTESIAN_POINT('',(0.0596805345392764,0.00375393344961363,0.));
#2888=CARTESIAN_POINT('',(0.0597509394207052,0.00375745560836568,0.));
#2889=CARTESIAN_POINT('',(0.0598161168940227,0.00375950712904188,0.));
#2890=CARTESIAN_POINT('',(0.0598581071391228,0.00375991541295386,0.));
#2891=CARTESIAN_POINT('',(0.0598756904942948,0.00376004061134528,0.));
#2892=CARTESIAN_POINT('',(0.058566285234553,0.00165246502352478,0.));
#2893=CARTESIAN_POINT('',(0.058979019372241,0.00185485103311512,0.));
#2894=CARTESIAN_POINT('',(0.0594142438079308,0.00206826525978622,0.));
#2895=CARTESIAN_POINT('',(0.0594207105878185,0.00207199602616813,0.));
#2896=CARTESIAN_POINT('',(0.0594254488505323,0.00207458987515036,0.));
#2897=CARTESIAN_POINT('',(0.0594309132208879,0.00207778243083085,0.));
#2898=CARTESIAN_POINT('',(0.0594382105314895,0.00208221209513595,0.));
#2899=CARTESIAN_POINT('',(0.0594469107473656,0.00208774682652329,0.));
#2900=CARTESIAN_POINT('',(0.0594570933506501,0.00209450963224128,0.));
#2901=CARTESIAN_POINT('',(0.059468674444309,0.00210254126164622,0.));
#2902=CARTESIAN_POINT('',(0.0594816180057795,0.00211190601101802,0.));
#2903=CARTESIAN_POINT('',(0.0594958713516434,0.00212265931339694,0.));
#2904=CARTESIAN_POINT('',(0.0595113844911866,0.00213485737160351,0.));
#2905=CARTESIAN_POINT('',(0.0595281044536825,0.00214855424945466,0.));
#2906=CARTESIAN_POINT('',(0.0595459769908807,0.00216380265967939,0.));
#2907=CARTESIAN_POINT('',(0.0595649461344294,0.00218065367727336,0.));
#2908=CARTESIAN_POINT('',(0.0595849543754417,0.00219915676514405,0.));
#2909=CARTESIAN_POINT('',(0.0596059426674772,0.00221935971177726,0.));
#2910=CARTESIAN_POINT('',(0.0596278504815388,0.00224130859552305,0.));
#2911=CARTESIAN_POINT('',(0.0596506158477879,0.00226504774281183,0.));
#2912=CARTESIAN_POINT('',(0.0596741754024009,0.00229061968956907,0.));
#2913=CARTESIAN_POINT('',(0.0596984644342934,0.00231806514322154,0.));
#2914=CARTESIAN_POINT('',(0.0597234169331396,0.00234742294604823,0.));
#2915=CARTESIAN_POINT('',(0.0597489656382401,0.00237873003968673,0.));
#2916=CARTESIAN_POINT('',(0.0597750420883189,0.00241202143087271,0.));
#2917=CARTESIAN_POINT('',(0.0598015766721841,0.0024473301584161,0.));
#2918=CARTESIAN_POINT('',(0.059828498680233,0.00248468726143602,0.));
#2919=CARTESIAN_POINT('',(0.0598557363567589,0.00252412174888099,0.));
#2920=CARTESIAN_POINT('',(0.0598832169530564,0.002565660570322,0.));
#2921=CARTESIAN_POINT('',(0.0599108667811931,0.00260932858815631,0.));
#2922=CARTESIAN_POINT('',(0.059938611268798,0.00265514855078276,0.));
#2923=CARTESIAN_POINT('',(0.0599663750133683,0.00270314106851592,0.));
#2924=CARTESIAN_POINT('',(0.0599940818416817,0.00275332458555225,0.));
#2925=CARTESIAN_POINT('',(0.06002165485277,0.00280571537365771,0.));
#2926=CARTESIAN_POINT('',(0.0600490165266864,0.00286032744948916,0.));
#2927=CARTESIAN_POINT('',(0.0600760885846768,0.00291717279043327,0.));
#2928=CARTESIAN_POINT('',(0.060102792801081,0.00297626041755365,0.));
#2929=CARTESIAN_POINT('',(0.0601290481865077,0.00303759980778238,0.));
#2930=CARTESIAN_POINT('',(0.0601547820093883,0.0031011878059224,0.));
#2931=CARTESIAN_POINT('',(0.0601798880862694,0.00316705842027302,0.));
#2932=CARTESIAN_POINT('',(0.0602019801452823,0.00322841192623401,0.));
#2933=CARTESIAN_POINT('',(0.0602153441456911,0.00326822085578991,0.));
#2934=CARTESIAN_POINT('',(0.0602208967720034,0.00328490493187393,0.));
#2935=CARTESIAN_POINT('',(0.0589184152187054,0.00182514528721515,0.));
#2936=CARTESIAN_POINT('',(0.0591000849561288,0.0014547388166092,0.));
#2937=CARTESIAN_POINT('',(0.0587135411882889,0.00131055572985366,0.));
#2938=CARTESIAN_POINT('',(0.0552000086353103,-1.24672108053891E-8,0.));
#2939=CARTESIAN_POINT('',(0.0588128488393176,0.00100491820716701,0.));
#2940=CARTESIAN_POINT('',(0.0592103180085947,0.00111547636578223,0.));
#2941=CARTESIAN_POINT('',(0.0592810635644314,0.00070902844379022,0.));
#2942=CARTESIAN_POINT('',(0.058894685510664,0.000641752900134136,0.));
#2943=CARTESIAN_POINT('',(0.0593475539539198,0.000720618218202497,0.));
#2944=CARTESIAN_POINT('',(0.0598250996538268,0.000803780986719925,0.));
#2945=CARTESIAN_POINT('',(0.0598325242781138,0.000804563811162756,0.));
#2946=CARTESIAN_POINT('',(0.0598378822393515,0.000805250424199926,0.));
#2947=CARTESIAN_POINT('',(0.0598441795449789,0.000805879468707013,0.));
#2948=CARTESIAN_POINT('',(0.05985268688462,0.000806585046557846,0.));
#2949=CARTESIAN_POINT('',(0.0598629787406034,0.000807221213389907,0.));
#2950=CARTESIAN_POINT('',(0.0598751917171726,0.000807735172674948,0.));
#2951=CARTESIAN_POINT('',(0.0598892818920723,0.000808044644051986,0.));
#2952=CARTESIAN_POINT('',(0.0599052579148417,0.000808076437206616,0.));
#2953=CARTESIAN_POINT('',(0.0599231097464242,0.000807754739331083,0.));
#2954=CARTESIAN_POINT('',(0.0599428299786712,0.000807004697583838,0.));
#2955=CARTESIAN_POINT('',(0.059964407535279,0.00080575143800634,0.));
#2956=CARTESIAN_POINT('',(0.0599878295122559,0.000803920428783453,0.));
#2957=CARTESIAN_POINT('',(0.0600130806513834,0.000801437452003985,0.));
#2958=CARTESIAN_POINT('',(0.0600401435005622,0.000798228688459524,0.));
#2959=CARTESIAN_POINT('',(0.0600689983795857,0.000794220769826104,0.));
#2960=CARTESIAN_POINT('',(0.0600996234036412,0.000789340839883572,0.));
#2961=CARTESIAN_POINT('',(0.0601319944924982,0.000783516612839208,0.));
#2962=CARTESIAN_POINT('',(0.0601660853857364,0.000776676432085489,0.));
#2963=CARTESIAN_POINT('',(0.0602018676582137,0.000768749328401167,0.));
#2964=CARTESIAN_POINT('',(0.0602393107373736,0.000759665077826481,0.));
#2965=CARTESIAN_POINT('',(0.060278381921917,0.000749354259101706,0.));
#2966=CARTESIAN_POINT('',(0.0603190464019512,0.000737748310654311,0.));
#2967=CARTESIAN_POINT('',(0.060361267280564,0.000724779587093681,0.));
#2968=CARTESIAN_POINT('',(0.0604050055968218,0.000710381415183183,0.));
#2969=CARTESIAN_POINT('',(0.0604502203501704,0.00069448814924436,0.));
#2970=CARTESIAN_POINT('',(0.0604968685262312,0.000677035226000142,0.));
#2971=CARTESIAN_POINT('',(0.0605449051239652,0.00065795921866868,0.));
#2972=CARTESIAN_POINT('',(0.0605942831842302,0.000637197890868829,0.));
#2973=CARTESIAN_POINT('',(0.060644953819559,0.000614690248026698,0.));
#2974=CARTESIAN_POINT('',(0.0606968662457469,0.000590376594977245,0.));
#2975=CARTESIAN_POINT('',(0.0607499678129078,0.000564198566330221,0.));
#2976=CARTESIAN_POINT('',(0.0608042040448715,0.000536099257290576,0.));
#2977=CARTESIAN_POINT('',(0.0608595186529269,0.000506022966851712,0.));
#2978=CARTESIAN_POINT('',(0.0609158536536337,0.000473916416930453,0.));
#2979=CARTESIAN_POINT('',(0.0609731490955988,0.000439724336157868,0.));
#2980=CARTESIAN_POINT('',(0.061031344283169,0.000403406526598662,0.));
#2981=CARTESIAN_POINT('',(0.0610903733017026,0.00036487306189268,0.));
#2982=CARTESIAN_POINT('',(0.0611443088388651,0.000328222419386328,0.));
#2983=CARTESIAN_POINT('',(0.0611785196440112,0.000303871481199696,0.));
#2984=CARTESIAN_POINT('',(0.0611928184669316,0.000293637531970134,0.));
#2985=CARTESIAN_POINT('',(0.058894685510664,-0.000641777834556039,0.));
#2986=CARTESIAN_POINT('',(0.0593475539539198,-0.000720643152624392,0.));
#2987=CARTESIAN_POINT('',(0.0598250996538268,-0.000803805921141827,0.));
#2988=CARTESIAN_POINT('',(0.0598325242781138,-0.000804588745584645,0.));
#2989=CARTESIAN_POINT('',(0.0598378822393515,-0.000805275358621814,0.));
#2990=CARTESIAN_POINT('',(0.0598441795449789,-0.000805904403128908,0.));
#2991=CARTESIAN_POINT('',(0.05985268688462,-0.000806609980979742,0.));
#2992=CARTESIAN_POINT('',(0.0598629787406034,-0.000807246147811802,0.));
#2993=CARTESIAN_POINT('',(0.0598751917171726,-0.000807760107096836,0.));
#2994=CARTESIAN_POINT('',(0.0598892818920723,-0.000808069578473881,0.));
#2995=CARTESIAN_POINT('',(0.0599052579148417,-0.000808101371628511,0.));
#2996=CARTESIAN_POINT('',(0.0599231097464242,-0.000807779673752972,0.));
#2997=CARTESIAN_POINT('',(0.0599428299786712,-0.000807029632005733,0.));
#2998=CARTESIAN_POINT('',(0.059964407535279,-0.000805776372428235,0.));
#2999=CARTESIAN_POINT('',(0.0599878295122559,-0.000803945363205334,0.));
#3000=CARTESIAN_POINT('',(0.0600130806513834,-0.000801462386425873,0.));
#3001=CARTESIAN_POINT('',(0.0600401435005622,-0.000798253622881419,0.));
#3002=CARTESIAN_POINT('',(0.0600689983795857,-0.000794245704247992,0.));
#3003=CARTESIAN_POINT('',(0.0600996234036412,-0.000789365774305467,0.));
#3004=CARTESIAN_POINT('',(0.0601319944924982,-0.000783541547261103,0.));
#3005=CARTESIAN_POINT('',(0.0601660853857364,-0.000776701366507385,0.));
#3006=CARTESIAN_POINT('',(0.0602018676582137,-0.000768774262823055,0.));
#3007=CARTESIAN_POINT('',(0.0602393107373736,-0.000759690012248376,0.));
#3008=CARTESIAN_POINT('',(0.060278381921917,-0.000749379193523608,0.));
#3009=CARTESIAN_POINT('',(0.0603190464019512,-0.0007377732450762,0.));
#3010=CARTESIAN_POINT('',(0.060361267280564,-0.000724804521515569,0.));
#3011=CARTESIAN_POINT('',(0.0604050055968218,-0.000710406349605078,0.));
#3012=CARTESIAN_POINT('',(0.0604502203501704,-0.000694513083666255,0.));
#3013=CARTESIAN_POINT('',(0.0604968685262312,-0.000677060160422037,0.));
#3014=CARTESIAN_POINT('',(0.0605449051239652,-0.000657984153090575,0.));
#3015=CARTESIAN_POINT('',(0.0605942831842302,-0.000637222825290718,0.));
#3016=CARTESIAN_POINT('',(0.060644953819559,-0.000614715182448607,0.));
#3017=CARTESIAN_POINT('',(0.0606968662457469,-0.000590401529399126,0.));
#3018=CARTESIAN_POINT('',(0.0607499678129078,-0.000564223500752109,0.));
#3019=CARTESIAN_POINT('',(0.0608042040448715,-0.000536124191712478,0.));
#3020=CARTESIAN_POINT('',(0.0608595186529269,-0.000506047901273593,0.));
#3021=CARTESIAN_POINT('',(0.0609158536536337,-0.000473941351352349,0.));
#3022=CARTESIAN_POINT('',(0.0609731490955988,-0.00043974927057977,0.));
#3023=CARTESIAN_POINT('',(0.061031344283169,-0.000403431461020558,0.));
#3024=CARTESIAN_POINT('',(0.0610903733017026,-0.000364897996314576,0.));
#3025=CARTESIAN_POINT('',(0.0611443088388651,-0.000328247353808215,0.));
#3026=CARTESIAN_POINT('',(0.0611785196440112,-0.000303896415621583,0.));
#3027=CARTESIAN_POINT('',(0.0611928184669316,-0.00029366246639203,0.));
#3028=CARTESIAN_POINT('',(0.0592810635644314,-0.000709053378212123,0.));
#3029=CARTESIAN_POINT('',(0.0592103180085947,-0.00111550130020412,0.));
#3030=CARTESIAN_POINT('',(0.0588128488393176,-0.0010049431415889,0.));
#3031=CARTESIAN_POINT('',(0.0552000086353103,-1.24672110829449E-8,0.));
#3032=CARTESIAN_POINT('',(0.0587135411882889,-0.00131058066427556,0.));
#3033=CARTESIAN_POINT('',(0.0591000849561288,-0.0014547637510311,0.));
#3034=CARTESIAN_POINT('',(0.0589184152187054,-0.00182517022163705,0.));
#3035=CARTESIAN_POINT('',(0.058566285234553,-0.00165248995794666,0.));
#3036=CARTESIAN_POINT('',(0.058979019372241,-0.00185487596753702,0.));
#3037=CARTESIAN_POINT('',(0.0594142438079308,-0.00206829019420811,0.));
#3038=CARTESIAN_POINT('',(0.0594207105878185,-0.00207202096059002,0.));
#3039=CARTESIAN_POINT('',(0.0594254488505323,-0.00207461480957225,0.));
#3040=CARTESIAN_POINT('',(0.0594309132208879,-0.00207780736525275,0.));
#3041=CARTESIAN_POINT('',(0.0594382105314895,-0.00208223702955785,0.));
#3042=CARTESIAN_POINT('',(0.0594469107473656,-0.0020877717609452,0.));
#3043=CARTESIAN_POINT('',(0.05945709335065,-0.00209453456666317,0.));
#3044=CARTESIAN_POINT('',(0.059468674444309,-0.00210256619606811,0.));
#3045=CARTESIAN_POINT('',(0.0594816180057795,-0.0021119309454399,0.));
#3046=CARTESIAN_POINT('',(0.0594958713516434,-0.00212268424781884,0.));
#3047=CARTESIAN_POINT('',(0.0595113844911866,-0.0021348823060254,0.));
#3048=CARTESIAN_POINT('',(0.0595281044536825,-0.00214857918387656,0.));
#3049=CARTESIAN_POINT('',(0.0595459769908807,-0.00216382759410129,0.));
#3050=CARTESIAN_POINT('',(0.0595649461344294,-0.00218067861169524,0.));
#3051=CARTESIAN_POINT('',(0.0595849543754417,-0.00219918169956595,0.));
#3052=CARTESIAN_POINT('',(0.0596059426674772,-0.00221938464619916,0.));
#3053=CARTESIAN_POINT('',(0.0596278504815388,-0.00224133352994494,0.));
#3054=CARTESIAN_POINT('',(0.0596506158477879,-0.00226507267723373,0.));
#3055=CARTESIAN_POINT('',(0.0596741754024009,-0.00229064462399095,0.));
#3056=CARTESIAN_POINT('',(0.0596984644342934,-0.00231809007764343,0.));
#3057=CARTESIAN_POINT('',(0.0597234169331396,-0.00234744788047011,0.));
#3058=CARTESIAN_POINT('',(0.0597489656382401,-0.00237875497410861,0.));
#3059=CARTESIAN_POINT('',(0.0597750420883189,-0.00241204636529462,0.));
#3060=CARTESIAN_POINT('',(0.0598015766721841,-0.00244735509283799,0.));
#3061=CARTESIAN_POINT('',(0.059828498680233,-0.00248471219585792,0.));
#3062=CARTESIAN_POINT('',(0.0598557363567589,-0.00252414668330288,0.));
#3063=CARTESIAN_POINT('',(0.0598832169530564,-0.0025656855047439,0.));
#3064=CARTESIAN_POINT('',(0.0599108667811931,-0.00260935352257821,0.));
#3065=CARTESIAN_POINT('',(0.059938611268798,-0.00265517348520466,0.));
#3066=CARTESIAN_POINT('',(0.0599663750133683,-0.00270316600293781,0.));
#3067=CARTESIAN_POINT('',(0.0599940818416817,-0.00275334951997416,0.));
#3068=CARTESIAN_POINT('',(0.06002165485277,-0.00280574030807959,0.));
#3069=CARTESIAN_POINT('',(0.0600490165266864,-0.00286035238391105,0.));
#3070=CARTESIAN_POINT('',(0.0600760885846768,-0.00291719772485517,0.));
#3071=CARTESIAN_POINT('',(0.060102792801081,-0.00297628535197555,0.));
#3072=CARTESIAN_POINT('',(0.0601290481865077,-0.00303762474220428,0.));
#3073=CARTESIAN_POINT('',(0.0601547820093883,-0.00310121274034428,0.));
#3074=CARTESIAN_POINT('',(0.0601798880862693,-0.00316708335469491,0.));
#3075=CARTESIAN_POINT('',(0.0602019801452823,-0.0032284368606559,0.));
#3076=CARTESIAN_POINT('',(0.0602153441456912,-0.0032682457902118,0.));
#3077=CARTESIAN_POINT('',(0.0602208967720034,-0.00328492986629581,0.));
#3078=CARTESIAN_POINT('',(0.057811844797838,-0.00269088813511359,0.));
#3079=CARTESIAN_POINT('',(0.0581318671937702,-0.0030208809098721,0.));
#3080=CARTESIAN_POINT('',(0.0584693279317112,-0.00336885532260294,0.));
#3081=CARTESIAN_POINT('',(0.0584748744462737,-0.00337385272554056,0.));
#3082=CARTESIAN_POINT('',(0.0584788055469529,-0.00337755753775407,0.));
#3083=CARTESIAN_POINT('',(0.0584835304311399,-0.00338176790882746,0.));
#3084=CARTESIAN_POINT('',(0.0584899982852314,-0.00338733922207691,0.));
#3085=CARTESIAN_POINT('',(0.0584979506421437,-0.00339390329302107,0.));
#3086=CARTESIAN_POINT('',(0.0585075290500521,-0.00340149770233106,0.));
#3087=CARTESIAN_POINT('',(0.0585187463382882,-0.0034100300669426,0.));
#3088=CARTESIAN_POINT('',(0.0585316525246638,-0.00341944625871918,0.));
#3089=CARTESIAN_POINT('',(0.0585462840490617,-0.00342967904300138,0.));
#3090=CARTESIAN_POINT('',(0.0585626789155601,-0.00344066350816795,0.));
#3091=CARTESIAN_POINT('',(0.0585808721730499,-0.00345233256942598,0.));
#3092=CARTESIAN_POINT('',(0.0586008971906841,-0.00346461834449436,0.));
#3093=CARTESIAN_POINT('',(0.0586227852484983,-0.00347745182126586,0.));
#3094=CARTESIAN_POINT('',(0.0586465656172897,-0.00349076302065978,0.));
#3095=CARTESIAN_POINT('',(0.0586722655002555,-0.00350448101871995,0.));
#3096=CARTESIAN_POINT('',(0.0586999100160219,-0.00351853400995601,0.));
#3097=CARTESIAN_POINT('',(0.0587295221717963,-0.00353284935992881,0.));
#3098=CARTESIAN_POINT('',(0.0587611228411495,-0.00354735366173734,0.));
#3099=CARTESIAN_POINT('',(0.05879473074232,-0.00356197279219622,0.));
#3100=CARTESIAN_POINT('',(0.0588303624181981,-0.00357663196883077,0.));
#3101=CARTESIAN_POINT('',(0.0588680322176696,-0.00359125580732074,0.));
#3102=CARTESIAN_POINT('',(0.0589077522784208,-0.00360576837944715,0.));
#3103=CARTESIAN_POINT('',(0.0589495325111861,-0.00362009327147873,0.));
#3104=CARTESIAN_POINT('',(0.0589933805854529,-0.00363415364297161,0.));
#3105=CARTESIAN_POINT('',(0.059039301916638,-0.00364787228593532,0.));
#3106=CARTESIAN_POINT('',(0.0590872996547202,-0.00366117168436415,0.));
#3107=CARTESIAN_POINT('',(0.059137374674421,-0.00367397407396651,0.));
#3108=CARTESIAN_POINT('',(0.0591895255666234,-0.00368620150256122,0.));
#3109=CARTESIAN_POINT('',(0.0592437486322466,-0.00369777588916919,0.));
#3110=CARTESIAN_POINT('',(0.0593000378739437,-0.00370861908918081,0.));
#3111=CARTESIAN_POINT('',(0.0593583850033776,-0.0037186529371769,0.));
#3112=CARTESIAN_POINT('',(0.0594187793962002,-0.00372779937592183,0.));
#3113=CARTESIAN_POINT('',(0.0594812082541179,-0.00373598025668035,0.));
#3114=CARTESIAN_POINT('',(0.0595456559836135,-0.00374311839476664,0.));
#3115=CARTESIAN_POINT('',(0.0596121065706868,-0.00374913383615926,0.));
#3116=CARTESIAN_POINT('',(0.0596805345392764,-0.00375395838403552,0.));
#3117=CARTESIAN_POINT('',(0.0597509394207053,-0.00375748054278758,0.));
#3118=CARTESIAN_POINT('',(0.0598161168940227,-0.00375953206346376,0.));
#3119=CARTESIAN_POINT('',(0.0598581071391228,-0.00375994034737575,0.));
#3120=CARTESIAN_POINT('',(0.0598756904942947,-0.00376006554576717,0.));
#3121=CARTESIAN_POINT('',(0.0580848876371883,-0.00297242251505112,0.));
#3122=CARTESIAN_POINT('',(0.0577887491858682,-0.00325966259688501,0.));
#3123=CARTESIAN_POINT('',(0.0575321743283375,-0.00293659265175644,0.));
#3124=CARTESIAN_POINT('',(0.0552000086353102,-1.24672113049895E-8,0.));
#3125=CARTESIAN_POINT('',(0.0572721835226014,-0.0031254870290141,0.));
#3126=CARTESIAN_POINT('',(0.0575001553078287,-0.00346933832260266,0.));
#3127=CARTESIAN_POINT('',(0.0571354619421136,-0.00366222065970398,0.));
#3128=CARTESIAN_POINT('',(0.0569520817130646,-0.00331554258021058,0.));
#3129=CARTESIAN_POINT('',(0.0571670311329053,-0.00372187534064357,0.));
#3130=CARTESIAN_POINT('',(0.0573936933626789,-0.00415034958159761,0.));
#3131=CARTESIAN_POINT('',(0.0573967322080479,-0.00415716891285044,0.));
#3132=CARTESIAN_POINT('',(0.0573990409169287,-0.00416205246170257,0.));
#3133=CARTESIAN_POINT('',(0.0574015851482639,-0.00416784716981167,0.));
#3134=CARTESIAN_POINT('',(0.0574048851052027,-0.00417572009506688,0.));
#3135=CARTESIAN_POINT('',(0.0574086704942163,-0.00418531164540229,0.));
#3136=CARTESIAN_POINT('',(0.0574129333158552,-0.00419676805419834,0.));
#3137=CARTESIAN_POINT('',(0.0574175817441227,-0.00421007297493761,0.));
#3138=CARTESIAN_POINT('',(0.0574225488437479,-0.00422525725087193,0.));
#3139=CARTESIAN_POINT('',(0.0574277594102267,-0.0042423347617368,0.));
#3140=CARTESIAN_POINT('',(0.0574331399650329,-0.00426132159276454,0.));
#3141=CARTESIAN_POINT('',(0.057438615876034,-0.00428223034708996,0.));
#3142=CARTESIAN_POINT('',(0.0574441122717089,-0.00430507178388509,0.));
#3143=CARTESIAN_POINT('',(0.0574495538515807,-0.00432985432631765,0.));
#3144=CARTESIAN_POINT('',(0.0574548650164149,-0.00435658418784482,0.));
#3145=CARTESIAN_POINT('',(0.0574599699072707,-0.00438526532353683,0.));
#3146=CARTESIAN_POINT('',(0.0574647924709861,-0.00441589943351011,0.));
#3147=CARTESIAN_POINT('',(0.0574692565184864,-0.00444848595364293,0.));
#3148=CARTESIAN_POINT('',(0.057473285785372,-0.00448302205190092,0.));
#3149=CARTESIAN_POINT('',(0.0574768039920505,-0.00451950262506295,0.));
#3150=CARTESIAN_POINT('',(0.0574797349041279,-0.00455792029729688,0.));
#3151=CARTESIAN_POINT('',(0.0574820023928057,-0.00459826542016818,0.));
#3152=CARTESIAN_POINT('',(0.057483530495305,-0.00464052607419248,0.));
#3153=CARTESIAN_POINT('',(0.0574842434752634,-0.00468468807189653,0.));
#3154=CARTESIAN_POINT('',(0.0574840658830742,-0.00473073496239351,0.));
#3155=CARTESIAN_POINT('',(0.057482922616119,-0.00477864803746957,0.));
#3156=CARTESIAN_POINT('',(0.0574807389788986,-0.00482840633916954,0.));
#3157=CARTESIAN_POINT('',(0.0574774407428729,-0.00487998666891532,0.));
#3158=CARTESIAN_POINT('',(0.0574729542065531,-0.00493336359800832,0.));
#3159=CARTESIAN_POINT('',(0.057467206253594,-0.00498850948006412,0.));
#3160=CARTESIAN_POINT('',(0.0574601244173377,-0.00504539446325446,0.));
#3161=CARTESIAN_POINT('',(0.0574516369192898,-0.00510398651045944,0.));
#3162=CARTESIAN_POINT('',(0.0574416728057119,-0.00516425139631127,0.));
#3163=CARTESIAN_POINT('',(0.0574301617076304,-0.00522615279962208,0.));
#3164=CARTESIAN_POINT('',(0.0574170350367085,-0.00528965203869617,0.));
#3165=CARTESIAN_POINT('',(0.0574022217007515,-0.00535470917616287,0.));
#3166=CARTESIAN_POINT('',(0.0573856647132627,-0.00542127890887077,0.));
#3167=CARTESIAN_POINT('',(0.0573672581804468,-0.00548932633704393,0.));
#3168=CARTESIAN_POINT('',(0.0573490683456487,-0.00555194775251143,0.));
#3169=CARTESIAN_POINT('',(0.0573364809473898,-0.00559200901540199,0.));
#3170=CARTESIAN_POINT('',(0.0573311664625695,-0.00560877046834724,0.));
#3171=CARTESIAN_POINT('',(0.0557313714439723,-0.0037121753900324,0.));
#3172=CARTESIAN_POINT('',(0.0557963101144959,-0.00416724959756521,0.));
#3173=CARTESIAN_POINT('',(0.0558647873584462,-0.00464712125606157,0.));
#3174=CARTESIAN_POINT('',(0.0558663371832403,-0.00465442439942729,0.));
#3175=CARTESIAN_POINT('',(0.0558673398765148,-0.0046597322984735,0.));
#3176=CARTESIAN_POINT('',(0.0558686875940949,-0.00466591577746841,0.));
#3177=CARTESIAN_POINT('',(0.0558706454622081,-0.00467422477381716,0.));
#3178=CARTESIAN_POINT('',(0.0558732207899995,-0.00468420949687731,0.));
#3179=CARTESIAN_POINT('',(0.0558765060029842,-0.00469598354998032,0.));
#3180=CARTESIAN_POINT('',(0.0558805657817122,-0.00470947973454916,0.));
#3181=CARTESIAN_POINT('',(0.0558854724071636,-0.00472468365973363,0.));
#3182=CARTESIAN_POINT('',(0.0558912948793641,-0.00474156235037732,0.));
#3183=CARTESIAN_POINT('',(0.0558981020983526,-0.00476008563011229,0.));
#3184=CARTESIAN_POINT('',(0.0559059618507293,-0.00478021982742209,0.));
#3185=CARTESIAN_POINT('',(0.0559149410329099,-0.00480192963828376,0.));
#3186=CARTESIAN_POINT('',(0.0559251055152735,-0.00482517761667333,0.));
#3187=CARTESIAN_POINT('',(0.0559365201110642,-0.00484992435326816,0.));
#3188=CARTESIAN_POINT('',(0.0559492485161862,-0.00487612845902059,0.));
#3189=CARTESIAN_POINT('',(0.0559633532582434,-0.00490374660642665,0.));
#3190=CARTESIAN_POINT('',(0.0559788956439095,-0.00493273355628786,0.));
#3191=CARTESIAN_POINT('',(0.055995935707752,-0.00496304219035086,0.));
#3192=CARTESIAN_POINT('',(0.0560145321616592,-0.00499462354400364,0.));
#3193=CARTESIAN_POINT('',(0.056034742345146,-0.00502742684062008,0.));
#3194=CARTESIAN_POINT('',(0.0560566221764968,-0.00506139952706763,0.));
#3195=CARTESIAN_POINT('',(0.0560802261047935,-0.00509648731047976,0.));
#3196=CARTESIAN_POINT('',(0.0561056070628527,-0.00513263419623265,0.));
#3197=CARTESIAN_POINT('',(0.0561328164210999,-0.00516978252711308,0.));
#3198=CARTESIAN_POINT('',(0.0561619039424174,-0.0052078730236467,0.));
#3199=CARTESIAN_POINT('',(0.0561929177379566,-0.0052468448255787,0.));
#3200=CARTESIAN_POINT('',(0.0562259042240858,-0.00528663553442399,0.));
#3201=CARTESIAN_POINT('',(0.056260908079948,-0.0053271812572851,0.));
#3202=CARTESIAN_POINT('',(0.0562979722077718,-0.00536841665105784,0.));
#3203=CARTESIAN_POINT('',(0.0563371376878507,-0.00541027497027293,0.));
#3204=CARTESIAN_POINT('',(0.0563784437592599,-0.00545268810601558,0.));
#3205=CARTESIAN_POINT('',(0.0564219277076131,-0.00549558666382054,0.));
#3206=CARTESIAN_POINT('',(0.0564676251135473,-0.0055388998973846,0.));
#3207=CARTESIAN_POINT('',(0.0565155687296622,-0.00558255619734586,0.));
#3208=CARTESIAN_POINT('',(0.0565657925961541,-0.00562648146674902,0.));
#3209=CARTESIAN_POINT('',(0.0566183161875429,-0.00567060555875238,0.));
#3210=CARTESIAN_POINT('',(0.0566732046601351,-0.00571483799603296,0.));
#3211=CARTESIAN_POINT('',(0.0567247284901012,-0.00575480806872202,0.));
#3212=CARTESIAN_POINT('',(0.0567584593287229,-0.00577981962415528,0.));
#3213=CARTESIAN_POINT('',(0.056772610972107,-0.00579025614863753,0.));
#3214=CARTESIAN_POINT('',(0.0557867859846586,-0.00410043204211686,0.));
#3215=CARTESIAN_POINT('',(0.0553783694608834,-0.0041587483354634,0.));
#3216=CARTESIAN_POINT('',(0.0553606917900173,-0.00374656834211703,0.));
#3217=CARTESIAN_POINT('',(0.0552000086353099,-1.24672113882562E-8,0.));
#3218=CARTESIAN_POINT('',(0.0550393254806025,-0.00374656834211703,0.));
#3219=CARTESIAN_POINT('',(0.0550216478097364,-0.0041587483354634,0.));
#3220=CARTESIAN_POINT('',(0.0546132312859612,-0.00410043204211688,0.));
#3221=CARTESIAN_POINT('',(0.0546686458266474,-0.0037121753900324,0.));
#3222=CARTESIAN_POINT('',(0.0546037071561239,-0.00416724959756521,0.));
#3223=CARTESIAN_POINT('',(0.0545352299121736,-0.00464712125606156,0.));
#3224=CARTESIAN_POINT('',(0.0545336800873795,-0.00465442439942729,0.));
#3225=CARTESIAN_POINT('',(0.054532677394105,-0.0046597322984735,0.));
#3226=CARTESIAN_POINT('',(0.0545313296765249,-0.00466591577746841,0.));
#3227=CARTESIAN_POINT('',(0.0545293718084117,-0.00467422477381716,0.));
#3228=CARTESIAN_POINT('',(0.0545267964806202,-0.00468420949687731,0.));
#3229=CARTESIAN_POINT('',(0.0545235112676356,-0.00469598354998033,0.));
#3230=CARTESIAN_POINT('',(0.0545194514889076,-0.00470947973454916,0.));
#3231=CARTESIAN_POINT('',(0.0545145448634562,-0.00472468365973364,0.));
#3232=CARTESIAN_POINT('',(0.0545087223912557,-0.00474156235037732,0.));
#3233=CARTESIAN_POINT('',(0.0545019151722672,-0.00476008563011229,0.));
#3234=CARTESIAN_POINT('',(0.0544940554198905,-0.00478021982742209,0.));
#3235=CARTESIAN_POINT('',(0.0544850762377099,-0.00480192963828376,0.));
#3236=CARTESIAN_POINT('',(0.0544749117553463,-0.00482517761667334,0.));
#3237=CARTESIAN_POINT('',(0.0544634971595556,-0.00484992435326817,0.));
#3238=CARTESIAN_POINT('',(0.0544507687544336,-0.00487612845902059,0.));
#3239=CARTESIAN_POINT('',(0.0544366640123764,-0.00490374660642666,0.));
#3240=CARTESIAN_POINT('',(0.0544211216267103,-0.00493273355628785,0.));
#3241=CARTESIAN_POINT('',(0.0544040815628678,-0.00496304219035086,0.));
#3242=CARTESIAN_POINT('',(0.0543854851089606,-0.00499462354400363,0.));
#3243=CARTESIAN_POINT('',(0.0543652749254738,-0.00502742684062008,0.));
#3244=CARTESIAN_POINT('',(0.054343395094123,-0.00506139952706763,0.));
#3245=CARTESIAN_POINT('',(0.0543197911658263,-0.00509648731047976,0.));
#3246=CARTESIAN_POINT('',(0.0542944102077671,-0.00513263419623265,0.));
#3247=CARTESIAN_POINT('',(0.0542672008495199,-0.00516978252711308,0.));
#3248=CARTESIAN_POINT('',(0.0542381133282024,-0.0052078730236467,0.));
#3249=CARTESIAN_POINT('',(0.0542070995326632,-0.0052468448255787,0.));
#3250=CARTESIAN_POINT('',(0.054174113046534,-0.00528663553442399,0.));
#3251=CARTESIAN_POINT('',(0.0541391091906718,-0.0053271812572851,0.));
#3252=CARTESIAN_POINT('',(0.054102045062848,-0.00536841665105783,0.));
#3253=CARTESIAN_POINT('',(0.0540628795827691,-0.00541027497027294,0.));
#3254=CARTESIAN_POINT('',(0.0540215735113599,-0.00545268810601558,0.));
#3255=CARTESIAN_POINT('',(0.0539780895630067,-0.00549558666382054,0.));
#3256=CARTESIAN_POINT('',(0.0539323921570725,-0.0055388998973846,0.));
#3257=CARTESIAN_POINT('',(0.0538844485409576,-0.00558255619734586,0.));
#3258=CARTESIAN_POINT('',(0.0538342246744657,-0.00562648146674902,0.));
#3259=CARTESIAN_POINT('',(0.0537817010830769,-0.00567060555875239,0.));
#3260=CARTESIAN_POINT('',(0.0537268126104847,-0.00571483799603296,0.));
#3261=CARTESIAN_POINT('',(0.0536752887805186,-0.00575480806872202,0.));
#3262=CARTESIAN_POINT('',(0.0536415579418969,-0.00577981962415528,0.));
#3263=CARTESIAN_POINT('',(0.0536274062985128,-0.00579025614863752,0.));
#3264=CARTESIAN_POINT('',(0.0534479355575553,-0.00331554258021057,0.));
#3265=CARTESIAN_POINT('',(0.0532329861377145,-0.00372187534064357,0.));
#3266=CARTESIAN_POINT('',(0.0530063239079409,-0.00415034958159761,0.));
#3267=CARTESIAN_POINT('',(0.0530032850625719,-0.00415716891285044,0.));
#3268=CARTESIAN_POINT('',(0.0530009763536911,-0.00416205246170257,0.));
#3269=CARTESIAN_POINT('',(0.0529984321223559,-0.00416784716981166,0.));
#3270=CARTESIAN_POINT('',(0.0529951321654171,-0.00417572009506688,0.));
#3271=CARTESIAN_POINT('',(0.0529913467764035,-0.0041853116454023,0.));
#3272=CARTESIAN_POINT('',(0.0529870839547646,-0.00419676805419834,0.));
#3273=CARTESIAN_POINT('',(0.0529824355264971,-0.00421007297493761,0.));
#3274=CARTESIAN_POINT('',(0.0529774684268719,-0.00422525725087193,0.));
#3275=CARTESIAN_POINT('',(0.0529722578603931,-0.00424233476173679,0.));
#3276=CARTESIAN_POINT('',(0.0529668773055869,-0.00426132159276454,0.));
#3277=CARTESIAN_POINT('',(0.0529614013945858,-0.00428223034708996,0.));
#3278=CARTESIAN_POINT('',(0.0529559049989109,-0.00430507178388509,0.));
#3279=CARTESIAN_POINT('',(0.0529504634190391,-0.00432985432631766,0.));
#3280=CARTESIAN_POINT('',(0.0529451522542049,-0.00435658418784482,0.));
#3281=CARTESIAN_POINT('',(0.0529400473633491,-0.00438526532353683,0.));
#3282=CARTESIAN_POINT('',(0.0529352247996337,-0.00441589943351011,0.));
#3283=CARTESIAN_POINT('',(0.0529307607521334,-0.00444848595364293,0.));
#3284=CARTESIAN_POINT('',(0.0529267314852478,-0.00448302205190092,0.));
#3285=CARTESIAN_POINT('',(0.0529232132785693,-0.00451950262506295,0.));
#3286=CARTESIAN_POINT('',(0.0529202823664919,-0.00455792029729688,0.));
#3287=CARTESIAN_POINT('',(0.0529180148778141,-0.00459826542016817,0.));
#3288=CARTESIAN_POINT('',(0.0529164867753148,-0.00464052607419247,0.));
#3289=CARTESIAN_POINT('',(0.0529157737953564,-0.00468468807189654,0.));
#3290=CARTESIAN_POINT('',(0.0529159513875456,-0.00473073496239351,0.));
#3291=CARTESIAN_POINT('',(0.0529170946545008,-0.00477864803746957,0.));
#3292=CARTESIAN_POINT('',(0.0529192782917212,-0.00482840633916954,0.));
#3293=CARTESIAN_POINT('',(0.0529225765277469,-0.00487998666891531,0.));
#3294=CARTESIAN_POINT('',(0.0529270630640667,-0.00493336359800832,0.));
#3295=CARTESIAN_POINT('',(0.0529328110170258,-0.00498850948006412,0.));
#3296=CARTESIAN_POINT('',(0.0529398928532821,-0.00504539446325446,0.));
#3297=CARTESIAN_POINT('',(0.05294838035133,-0.00510398651045944,0.));
#3298=CARTESIAN_POINT('',(0.0529583444649079,-0.00516425139631128,0.));
#3299=CARTESIAN_POINT('',(0.0529698555629894,-0.00522615279962207,0.));
#3300=CARTESIAN_POINT('',(0.0529829822339113,-0.00528965203869617,0.));
#3301=CARTESIAN_POINT('',(0.0529977955698683,-0.00535470917616286,0.));
#3302=CARTESIAN_POINT('',(0.0530143525573571,-0.00542127890887076,0.));
#3303=CARTESIAN_POINT('',(0.053032759090173,-0.00548932633704392,0.));
#3304=CARTESIAN_POINT('',(0.0530509489249711,-0.00555194775251144,0.));
#3305=CARTESIAN_POINT('',(0.05306353632323,-0.00559200901540198,0.));
#3306=CARTESIAN_POINT('',(0.0530688508080503,-0.00560877046834724,0.));
#3307=CARTESIAN_POINT('',(0.0532645553285062,-0.00366222065970396,0.));
#3308=CARTESIAN_POINT('',(0.0528998619627911,-0.00346933832260267,0.));
#3309=CARTESIAN_POINT('',(0.0531278337480184,-0.00312548702901411,0.));
#3310=CARTESIAN_POINT('',(0.0552000086353096,-1.24672113049895E-8,0.));
#3311=CARTESIAN_POINT('',(0.0528678429422823,-0.00293659265175643,0.));
#3312=CARTESIAN_POINT('',(0.0526112680847516,-0.003259662596885,0.));
#3313=CARTESIAN_POINT('',(0.0523151296334314,-0.00297242251505113,0.));
#3314=CARTESIAN_POINT('',(0.0525881724727818,-0.00269088813511359,0.));
#3315=CARTESIAN_POINT('',(0.0522681500768496,-0.0030208809098721,0.));
#3316=CARTESIAN_POINT('',(0.0519306893389086,-0.00336885532260294,0.));
#3317=CARTESIAN_POINT('',(0.0519251428243462,-0.00337385272554056,0.));
#3318=CARTESIAN_POINT('',(0.0519212117236669,-0.00337755753775407,0.));
#3319=CARTESIAN_POINT('',(0.0519164868394799,-0.00338176790882746,0.));
#3320=CARTESIAN_POINT('',(0.0519100189853884,-0.00338733922207691,0.));
#3321=CARTESIAN_POINT('',(0.0519020666284761,-0.00339390329302107,0.));
#3322=CARTESIAN_POINT('',(0.0518924882205677,-0.00340149770233107,0.));
#3323=CARTESIAN_POINT('',(0.0518812709323316,-0.0034100300669426,0.));
#3324=CARTESIAN_POINT('',(0.051868364745956,-0.00341944625871918,0.));
#3325=CARTESIAN_POINT('',(0.0518537332215582,-0.00342967904300139,0.));
#3326=CARTESIAN_POINT('',(0.0518373383550597,-0.00344066350816795,0.));
#3327=CARTESIAN_POINT('',(0.0518191450975699,-0.00345233256942598,0.));
#3328=CARTESIAN_POINT('',(0.0517991200799357,-0.00346461834449436,0.));
#3329=CARTESIAN_POINT('',(0.0517772320221215,-0.00347745182126586,0.));
#3330=CARTESIAN_POINT('',(0.0517534516533301,-0.00349076302065977,0.));
#3331=CARTESIAN_POINT('',(0.0517277517703643,-0.00350448101871996,0.));
#3332=CARTESIAN_POINT('',(0.0517001072545979,-0.00351853400995601,0.));
#3333=CARTESIAN_POINT('',(0.0516704950988235,-0.00353284935992881,0.));
#3334=CARTESIAN_POINT('',(0.0516388944294703,-0.00354735366173734,0.));
#3335=CARTESIAN_POINT('',(0.0516052865282997,-0.00356197279219622,0.));
#3336=CARTESIAN_POINT('',(0.0515696548524217,-0.00357663196883077,0.));
#3337=CARTESIAN_POINT('',(0.0515319850529502,-0.00359125580732074,0.));
#3338=CARTESIAN_POINT('',(0.0514922649921989,-0.00360576837944715,0.));
#3339=CARTESIAN_POINT('',(0.0514504847594337,-0.00362009327147873,0.));
#3340=CARTESIAN_POINT('',(0.0514066366851669,-0.00363415364297161,0.));
#3341=CARTESIAN_POINT('',(0.0513607153539818,-0.00364787228593532,0.));
#3342=CARTESIAN_POINT('',(0.0513127176158996,-0.00366117168436416,0.));
#3343=CARTESIAN_POINT('',(0.0512626425961988,-0.00367397407396651,0.));
#3344=CARTESIAN_POINT('',(0.0512104917039964,-0.00368620150256123,0.));
#3345=CARTESIAN_POINT('',(0.0511562686383732,-0.00369777588916918,0.));
#3346=CARTESIAN_POINT('',(0.0510999793966761,-0.00370861908918081,0.));
#3347=CARTESIAN_POINT('',(0.0510416322672422,-0.0037186529371769,0.));
#3348=CARTESIAN_POINT('',(0.0509812378744196,-0.00372779937592183,0.));
#3349=CARTESIAN_POINT('',(0.0509188090165019,-0.00373598025668035,0.));
#3350=CARTESIAN_POINT('',(0.0508543612870063,-0.00374311839476664,0.));
#3351=CARTESIAN_POINT('',(0.050787910699933,-0.00374913383615926,0.));
#3352=CARTESIAN_POINT('',(0.0507194827313434,-0.00375395838403552,0.));
#3353=CARTESIAN_POINT('',(0.0506490778499145,-0.00375748054278757,0.));
#3354=CARTESIAN_POINT('',(0.0505839003765971,-0.00375953206346378,0.));
#3355=CARTESIAN_POINT('',(0.050541910131497,-0.00375994034737575,0.));
#3356=CARTESIAN_POINT('',(0.050524326776325,-0.00376006554576717,0.));
#3357=CARTESIAN_POINT('',(0.0518337320360668,-0.00165248995794666,0.));
#3358=CARTESIAN_POINT('',(0.0514209978983788,-0.00185487596753701,0.));
#3359=CARTESIAN_POINT('',(0.050985773462689,-0.00206829019420811,0.));
#3360=CARTESIAN_POINT('',(0.0509793066828013,-0.00207202096059002,0.));
#3361=CARTESIAN_POINT('',(0.0509745684200875,-0.00207461480957225,0.));
#3362=CARTESIAN_POINT('',(0.0509691040497319,-0.00207780736525274,0.));
#3363=CARTESIAN_POINT('',(0.0509618067391303,-0.00208223702955784,0.));
#3364=CARTESIAN_POINT('',(0.0509531065232542,-0.00208777176094519,0.));
#3365=CARTESIAN_POINT('',(0.0509429239199697,-0.00209453456666317,0.));
#3366=CARTESIAN_POINT('',(0.0509313428263108,-0.00210256619606811,0.));
#3367=CARTESIAN_POINT('',(0.0509183992648403,-0.0021119309454399,0.));
#3368=CARTESIAN_POINT('',(0.0509041459189764,-0.00212268424781884,0.));
#3369=CARTESIAN_POINT('',(0.0508886327794332,-0.0021348823060254,0.));
#3370=CARTESIAN_POINT('',(0.0508719128169373,-0.00214857918387656,0.));
#3371=CARTESIAN_POINT('',(0.0508540402797391,-0.00216382759410128,0.));
#3372=CARTESIAN_POINT('',(0.0508350711361904,-0.00218067861169524,0.));
#3373=CARTESIAN_POINT('',(0.0508150628951781,-0.00219918169956594,0.));
#3374=CARTESIAN_POINT('',(0.0507940746031426,-0.00221938464619915,0.));
#3375=CARTESIAN_POINT('',(0.050772166789081,-0.00224133352994494,0.));
#3376=CARTESIAN_POINT('',(0.0507494014228319,-0.00226507267723372,0.));
#3377=CARTESIAN_POINT('',(0.0507258418682189,-0.00229064462399095,0.));
#3378=CARTESIAN_POINT('',(0.0507015528363264,-0.00231809007764343,0.));
#3379=CARTESIAN_POINT('',(0.0506766003374802,-0.00234744788047011,0.));
#3380=CARTESIAN_POINT('',(0.0506510516323797,-0.00237875497410861,0.));
#3381=CARTESIAN_POINT('',(0.0506249751823009,-0.00241204636529461,0.));
#3382=CARTESIAN_POINT('',(0.0505984405984356,-0.002447355092838,0.));
#3383=CARTESIAN_POINT('',(0.0505715185903868,-0.00248471219585792,0.));
#3384=CARTESIAN_POINT('',(0.0505442809138609,-0.00252414668330288,0.));
#3385=CARTESIAN_POINT('',(0.0505168003175634,-0.0025656855047439,0.));
#3386=CARTESIAN_POINT('',(0.0504891504894267,-0.0026093535225782,0.));
#3387=CARTESIAN_POINT('',(0.0504614060018218,-0.00265517348520465,0.));
#3388=CARTESIAN_POINT('',(0.0504336422572515,-0.00270316600293781,0.));
#3389=CARTESIAN_POINT('',(0.0504059354289381,-0.00275334951997415,0.));
#3390=CARTESIAN_POINT('',(0.0503783624178498,-0.00280574030807959,0.));
#3391=CARTESIAN_POINT('',(0.0503510007439334,-0.00286035238391104,0.));
#3392=CARTESIAN_POINT('',(0.050323928685943,-0.00291719772485516,0.));
#3393=CARTESIAN_POINT('',(0.0502972244695388,-0.00297628535197554,0.));
#3394=CARTESIAN_POINT('',(0.0502709690841121,-0.00303762474220427,0.));
#3395=CARTESIAN_POINT('',(0.0502452352612315,-0.00310121274034429,0.));
#3396=CARTESIAN_POINT('',(0.0502201291843504,-0.00316708335469491,0.));
#3397=CARTESIAN_POINT('',(0.0501980371253375,-0.0032284368606559,0.));
#3398=CARTESIAN_POINT('',(0.0501846731249287,-0.00326824579021179,0.));
#3399=CARTESIAN_POINT('',(0.0501791204986164,-0.00328492986629581,0.));
#3400=CARTESIAN_POINT('',(0.0514816020519144,-0.00182517022163705,0.));
#3401=CARTESIAN_POINT('',(0.051299932314491,-0.00145476375103109,0.));
#3402=CARTESIAN_POINT('',(0.0516864760823309,-0.00131058066427555,0.));
#3403=CARTESIAN_POINT('',(0.0552000086353095,-1.24672110829449E-8,0.));
#3404=CARTESIAN_POINT('',(0.0515871684313022,-0.0010049431415889,0.));
#3405=CARTESIAN_POINT('',(0.0511896992620251,-0.00111550130020412,0.));
#3406=CARTESIAN_POINT('',(0.0511189537061884,-0.000709053378212109,0.));
#3407=CARTESIAN_POINT('',(0.0515053317599558,-0.000641777834556032,0.));
#3408=CARTESIAN_POINT('',(0.0510524633166999,-0.000720643152624385,0.));
#3409=CARTESIAN_POINT('',(0.050574917616793,-0.000803805921141813,0.));
#3410=CARTESIAN_POINT('',(0.0505674929925059,-0.000804588745584645,0.));
#3411=CARTESIAN_POINT('',(0.0505621350312683,-0.000805275358621821,0.));
#3412=CARTESIAN_POINT('',(0.0505558377256409,-0.000805904403128901,0.));
#3413=CARTESIAN_POINT('',(0.0505473303859998,-0.000806609980979742,0.));
#3414=CARTESIAN_POINT('',(0.0505370385300164,-0.000807246147811802,0.));
#3415=CARTESIAN_POINT('',(0.0505248255534472,-0.000807760107096836,0.));
#3416=CARTESIAN_POINT('',(0.0505107353785475,-0.000808069578473881,0.));
#3417=CARTESIAN_POINT('',(0.0504947593557781,-0.000808101371628504,0.));
#3418=CARTESIAN_POINT('',(0.0504769075241956,-0.000807779673752972,0.));
#3419=CARTESIAN_POINT('',(0.0504571872919486,-0.000807029632005726,0.));
#3420=CARTESIAN_POINT('',(0.0504356097353408,-0.000805776372428235,0.));
#3421=CARTESIAN_POINT('',(0.0504121877583639,-0.000803945363205341,0.));
#3422=CARTESIAN_POINT('',(0.0503869366192364,-0.000801462386425873,0.));
#3423=CARTESIAN_POINT('',(0.0503598737700576,-0.000798253622881412,0.));
#3424=CARTESIAN_POINT('',(0.0503310188910341,-0.000794245704247992,0.));
#3425=CARTESIAN_POINT('',(0.0503003938669786,-0.00078936577430546,0.));
#3426=CARTESIAN_POINT('',(0.0502680227781216,-0.000783541547261096,0.));
#3427=CARTESIAN_POINT('',(0.0502339318848834,-0.000776701366507378,0.));
#3428=CARTESIAN_POINT('',(0.0501981496124061,-0.000768774262823055,0.));
#3429=CARTESIAN_POINT('',(0.0501607065332462,-0.000759690012248369,0.));
#3430=CARTESIAN_POINT('',(0.0501216353487027,-0.000749379193523601,0.));
#3431=CARTESIAN_POINT('',(0.0500809708686686,-0.0007377732450762,0.));
#3432=CARTESIAN_POINT('',(0.0500387499900558,-0.000724804521515569,0.));
#3433=CARTESIAN_POINT('',(0.049995011673798,-0.000710406349605071,0.));
#3434=CARTESIAN_POINT('',(0.0499497969204494,-0.000694513083666248,0.));
#3435=CARTESIAN_POINT('',(0.0499031487443886,-0.000677060160422037,0.));
#3436=CARTESIAN_POINT('',(0.0498551121466546,-0.000657984153090561,0.));
#3437=CARTESIAN_POINT('',(0.0498057340863896,-0.000637222825290718,0.));
#3438=CARTESIAN_POINT('',(0.0497550634510608,-0.000614715182448593,0.));
#3439=CARTESIAN_POINT('',(0.0497031510248729,-0.000590401529399133,0.));
#3440=CARTESIAN_POINT('',(0.049650049457712,-0.000564223500752109,0.));
#3441=CARTESIAN_POINT('',(0.0495958132257483,-0.000536124191712471,0.));
#3442=CARTESIAN_POINT('',(0.0495404986176929,-0.0005060479012736,0.));
#3443=CARTESIAN_POINT('',(0.0494841636169861,-0.000473941351352342,0.));
#3444=CARTESIAN_POINT('',(0.0494268681750209,-0.000439749270579756,0.));
#3445=CARTESIAN_POINT('',(0.0493686729874508,-0.000403431461020551,0.));
#3446=CARTESIAN_POINT('',(0.0493096439689172,-0.000364897996314583,0.));
#3447=CARTESIAN_POINT('',(0.0492557084317547,-0.000328247353808223,0.));
#3448=CARTESIAN_POINT('',(0.0492214976266086,-0.00030389641562159,0.));
#3449=CARTESIAN_POINT('',(0.0492071988036882,-0.000293662466392023,0.));
#3450=CARTESIAN_POINT('',(0.0515053317599558,0.000641752900134143,0.));
#3451=CARTESIAN_POINT('',(0.0510524633167,0.000720618218202497,0.));
#3452=CARTESIAN_POINT('',(0.050574917616793,0.000803780986719932,0.));
#3453=CARTESIAN_POINT('',(0.050567492992506,0.000804563811162763,0.));
#3454=CARTESIAN_POINT('',(0.0505621350312683,0.000805250424199926,0.));
#3455=CARTESIAN_POINT('',(0.0505558377256409,0.000805879468707013,0.));
#3456=CARTESIAN_POINT('',(0.0505473303859998,0.000806585046557846,0.));
#3457=CARTESIAN_POINT('',(0.0505370385300164,0.000807221213389914,0.));
#3458=CARTESIAN_POINT('',(0.0505248255534472,0.000807735172674941,0.));
#3459=CARTESIAN_POINT('',(0.0505107353785475,0.000808044644051986,0.));
#3460=CARTESIAN_POINT('',(0.0504947593557781,0.000808076437206616,0.));
#3461=CARTESIAN_POINT('',(0.0504769075241956,0.000807754739331076,0.));
#3462=CARTESIAN_POINT('',(0.0504571872919486,0.000807004697583845,0.));
#3463=CARTESIAN_POINT('',(0.0504356097353408,0.000805751438006347,0.));
#3464=CARTESIAN_POINT('',(0.0504121877583639,0.000803920428783446,0.));
#3465=CARTESIAN_POINT('',(0.0503869366192364,0.000801437452003985,0.));
#3466=CARTESIAN_POINT('',(0.0503598737700576,0.000798228688459524,0.));
#3467=CARTESIAN_POINT('',(0.0503310188910341,0.000794220769826104,0.));
#3468=CARTESIAN_POINT('',(0.0503003938669786,0.000789340839883579,0.));
#3469=CARTESIAN_POINT('',(0.0502680227781216,0.000783516612839208,0.));
#3470=CARTESIAN_POINT('',(0.0502339318848834,0.000776676432085496,0.));
#3471=CARTESIAN_POINT('',(0.0501981496124061,0.000768749328401167,0.));
#3472=CARTESIAN_POINT('',(0.0501607065332462,0.000759665077826488,0.));
#3473=CARTESIAN_POINT('',(0.0501216353487028,0.000749354259101713,0.));
#3474=CARTESIAN_POINT('',(0.0500809708686686,0.000737748310654304,0.));
#3475=CARTESIAN_POINT('',(0.0500387499900558,0.000724779587093681,0.));
#3476=CARTESIAN_POINT('',(0.049995011673798,0.000710381415183189,0.));
#3477=CARTESIAN_POINT('',(0.0499497969204494,0.000694488149244367,0.));
#3478=CARTESIAN_POINT('',(0.0499031487443886,0.000677035226000149,0.));
#3479=CARTESIAN_POINT('',(0.0498551121466546,0.00065795921866868,0.));
#3480=CARTESIAN_POINT('',(0.0498057340863896,0.000637197890868829,0.));
#3481=CARTESIAN_POINT('',(0.0497550634510608,0.000614690248026704,0.));
#3482=CARTESIAN_POINT('',(0.0497031510248729,0.000590376594977238,0.));
#3483=CARTESIAN_POINT('',(0.049650049457712,0.000564198566330214,0.));
#3484=CARTESIAN_POINT('',(0.0495958132257483,0.00053609925729059,0.));
#3485=CARTESIAN_POINT('',(0.0495404986176928,0.000506022966851705,0.));
#3486=CARTESIAN_POINT('',(0.0494841636169861,0.00047391641693046,0.));
#3487=CARTESIAN_POINT('',(0.049426868175021,0.000439724336157875,0.));
#3488=CARTESIAN_POINT('',(0.0493686729874508,0.000403406526598669,0.));
#3489=CARTESIAN_POINT('',(0.0493096439689172,0.00036487306189268,0.));
#3490=CARTESIAN_POINT('',(0.0492557084317547,0.000328222419386328,0.));
#3491=CARTESIAN_POINT('',(0.0492214976266086,0.000303871481199696,0.));
#3492=CARTESIAN_POINT('',(0.0492071988036882,0.000293637531970134,0.));
#3493=CARTESIAN_POINT('',(0.0511189537061884,0.000709028443790234,0.));
#3494=CARTESIAN_POINT('',(0.0511896992620251,0.00111547636578223,0.));
#3495=CARTESIAN_POINT('',(0.0515871684313022,0.00100491820716701,0.));
#3496=CARTESIAN_POINT('',(0.0552000086353095,-1.24672108053891E-8,0.));
#3497=CARTESIAN_POINT('',(0.0516864760823309,0.00131055572985366,0.));
#3498=CARTESIAN_POINT('',(0.051299932314491,0.0014547388166092,0.));
#3499=CARTESIAN_POINT('',(0.0514816020519144,0.00182514528721515,0.));
#3500=CARTESIAN_POINT('',(0.0518337320360668,0.00165246502352478,0.));
#3501=CARTESIAN_POINT('',(0.0514209978983788,0.00185485103311512,0.));
#3502=CARTESIAN_POINT('',(0.050985773462689,0.00206826525978622,0.));
#3503=CARTESIAN_POINT('',(0.0509793066828013,0.00207199602616812,0.));
#3504=CARTESIAN_POINT('',(0.0509745684200875,0.00207458987515036,0.));
#3505=CARTESIAN_POINT('',(0.0509691040497319,0.00207778243083086,0.));
#3506=CARTESIAN_POINT('',(0.0509618067391303,0.00208221209513595,0.));
#3507=CARTESIAN_POINT('',(0.0509531065232542,0.00208774682652331,0.));
#3508=CARTESIAN_POINT('',(0.0509429239199698,0.00209450963224128,0.));
#3509=CARTESIAN_POINT('',(0.0509313428263108,0.00210254126164622,0.));
#3510=CARTESIAN_POINT('',(0.0509183992648403,0.00211190601101802,0.));
#3511=CARTESIAN_POINT('',(0.0509041459189764,0.00212265931339694,0.));
#3512=CARTESIAN_POINT('',(0.0508886327794332,0.00213485737160351,0.));
#3513=CARTESIAN_POINT('',(0.0508719128169373,0.00214855424945467,0.));
#3514=CARTESIAN_POINT('',(0.0508540402797391,0.00216380265967939,0.));
#3515=CARTESIAN_POINT('',(0.0508350711361904,0.00218065367727336,0.));
#3516=CARTESIAN_POINT('',(0.0508150628951781,0.00219915676514406,0.));
#3517=CARTESIAN_POINT('',(0.0507940746031426,0.00221935971177727,0.));
#3518=CARTESIAN_POINT('',(0.050772166789081,0.00224130859552305,0.));
#3519=CARTESIAN_POINT('',(0.0507494014228319,0.00226504774281184,0.));
#3520=CARTESIAN_POINT('',(0.0507258418682189,0.00229061968956907,0.));
#3521=CARTESIAN_POINT('',(0.0507015528363264,0.00231806514322154,0.));
#3522=CARTESIAN_POINT('',(0.0506766003374802,0.00234742294604823,0.));
#3523=CARTESIAN_POINT('',(0.0506510516323797,0.00237873003968673,0.));
#3524=CARTESIAN_POINT('',(0.0506249751823009,0.00241202143087272,0.));
#3525=CARTESIAN_POINT('',(0.0505984405984356,0.0024473301584161,0.));
#3526=CARTESIAN_POINT('',(0.0505715185903868,0.00248468726143603,0.));
#3527=CARTESIAN_POINT('',(0.0505442809138609,0.00252412174888099,0.));
#3528=CARTESIAN_POINT('',(0.0505168003175634,0.00256566057032201,0.));
#3529=CARTESIAN_POINT('',(0.0504891504894267,0.00260932858815632,0.));
#3530=CARTESIAN_POINT('',(0.0504614060018218,0.00265514855078277,0.));
#3531=CARTESIAN_POINT('',(0.0504336422572515,0.00270314106851593,0.));
#3532=CARTESIAN_POINT('',(0.0504059354289381,0.00275332458555226,0.));
#3533=CARTESIAN_POINT('',(0.0503783624178498,0.00280571537365769,0.));
#3534=CARTESIAN_POINT('',(0.0503510007439334,0.00286032744948916,0.));
#3535=CARTESIAN_POINT('',(0.050323928685943,0.00291717279043328,0.));
#3536=CARTESIAN_POINT('',(0.0502972244695388,0.00297626041755366,0.));
#3537=CARTESIAN_POINT('',(0.0502709690841121,0.00303759980778239,0.));
#3538=CARTESIAN_POINT('',(0.0502452352612315,0.00310118780592239,0.));
#3539=CARTESIAN_POINT('',(0.0502201291843504,0.00316705842027301,0.));
#3540=CARTESIAN_POINT('',(0.0501980371253375,0.00322841192623401,0.));
#3541=CARTESIAN_POINT('',(0.0501846731249286,0.00326822085578992,0.));
#3542=CARTESIAN_POINT('',(0.0501791204986164,0.00328490493187392,0.));
#3543=CARTESIAN_POINT('',(0.0525881724727818,0.00269086320069169,0.));
#3544=CARTESIAN_POINT('',(0.0522681500768496,0.00302085597545021,0.));
#3545=CARTESIAN_POINT('',(0.0519306893389086,0.00336883038818104,0.));
#3546=CARTESIAN_POINT('',(0.0519251428243461,0.00337382779111868,0.));
#3547=CARTESIAN_POINT('',(0.0519212117236669,0.00337753260333217,0.));
#3548=CARTESIAN_POINT('',(0.0519164868394799,0.00338174297440557,0.));
#3549=CARTESIAN_POINT('',(0.0519100189853884,0.00338731428765502,0.));
#3550=CARTESIAN_POINT('',(0.0519020666284761,0.00339387835859918,0.));
#3551=CARTESIAN_POINT('',(0.0518924882205677,0.00340147276790917,0.));
#3552=CARTESIAN_POINT('',(0.0518812709323316,0.00341000513252072,0.));
#3553=CARTESIAN_POINT('',(0.051868364745956,0.00341942132429729,0.));
#3554=CARTESIAN_POINT('',(0.0518537332215581,0.00342965410857949,0.));
#3555=CARTESIAN_POINT('',(0.0518373383550597,0.00344063857374606,0.));
#3556=CARTESIAN_POINT('',(0.0518191450975699,0.00345230763500408,0.));
#3557=CARTESIAN_POINT('',(0.0517991200799357,0.00346459341007246,0.));
#3558=CARTESIAN_POINT('',(0.0517772320221215,0.00347742688684397,0.));
#3559=CARTESIAN_POINT('',(0.0517534516533301,0.00349073808623788,0.));
#3560=CARTESIAN_POINT('',(0.0517277517703643,0.00350445608429807,0.));
#3561=CARTESIAN_POINT('',(0.0517001072545979,0.00351850907553411,0.));
#3562=CARTESIAN_POINT('',(0.0516704950988235,0.00353282442550692,0.));
#3563=CARTESIAN_POINT('',(0.0516388944294703,0.00354732872731545,0.));
#3564=CARTESIAN_POINT('',(0.0516052865282998,0.00356194785777433,0.));
#3565=CARTESIAN_POINT('',(0.0515696548524217,0.00357660703440888,0.));
#3566=CARTESIAN_POINT('',(0.0515319850529502,0.00359123087289884,0.));
#3567=CARTESIAN_POINT('',(0.0514922649921989,0.00360574344502526,0.));
#3568=CARTESIAN_POINT('',(0.0514504847594337,0.00362006833705685,0.));
#3569=CARTESIAN_POINT('',(0.0514066366851669,0.00363412870854972,0.));
#3570=CARTESIAN_POINT('',(0.0513607153539818,0.00364784735151343,0.));
#3571=CARTESIAN_POINT('',(0.0513127176158996,0.00366114674994226,0.));
#3572=CARTESIAN_POINT('',(0.0512626425961988,0.00367394913954462,0.));
#3573=CARTESIAN_POINT('',(0.0512104917039964,0.00368617656813934,0.));
#3574=CARTESIAN_POINT('',(0.0511562686383732,0.0036977509547473,0.));
#3575=CARTESIAN_POINT('',(0.0510999793966761,0.00370859415475891,0.));
#3576=CARTESIAN_POINT('',(0.0510416322672422,0.003718628002755,0.));
#3577=CARTESIAN_POINT('',(0.0509812378744196,0.00372777444149994,0.));
#3578=CARTESIAN_POINT('',(0.0509188090165019,0.00373595532225846,0.));
#3579=CARTESIAN_POINT('',(0.0508543612870063,0.00374309346034475,0.));
#3580=CARTESIAN_POINT('',(0.050787910699933,0.00374910890173737,0.));
#3581=CARTESIAN_POINT('',(0.0507194827313434,0.00375393344961363,0.));
#3582=CARTESIAN_POINT('',(0.0506490778499145,0.00375745560836568,0.));
#3583=CARTESIAN_POINT('',(0.0505839003765971,0.00375950712904187,0.));
#3584=CARTESIAN_POINT('',(0.050541910131497,0.00375991541295386,0.));
#3585=CARTESIAN_POINT('',(0.0505243267763251,0.00376004061134528,0.));
#3586=CARTESIAN_POINT('',(0.0523151296334315,0.00297239758062924,0.));
#3587=CARTESIAN_POINT('',(0.0526112680847516,0.00325963766246312,0.));
#3588=CARTESIAN_POINT('',(0.0528678429422823,0.00293656771733454,0.));
#3589=CARTESIAN_POINT('',(0.0552000086353096,-1.24672105833445E-8,0.));
#3590=CARTESIAN_POINT('',(0.0580848876389302,0.00297239758242499,0.005));
#3591=CARTESIAN_POINT('',(0.0580848876389302,0.00297239758242499,8.67361737988404E-19));
#3592=CARTESIAN_POINT('',(0.0582340115762096,0.00312614120886702,0.005));
#3593=CARTESIAN_POINT('',(0.0582340115762096,0.00312614120886702,0.));
#3594=CARTESIAN_POINT('',(0.0584940975490263,0.00339412217207598,0.005));
#3595=CARTESIAN_POINT('',(0.0584940975490263,0.00339412217207598,2.60208521396521E-18));
#3596=CARTESIAN_POINT('',(0.0584775952838915,0.00337643173175431,0.005));
#3597=CARTESIAN_POINT('',(0.0584775952838915,0.00337643173175431,1.73472347597681E-18));
#3598=CARTESIAN_POINT('',(0.0585358556009543,0.003424067981415,0.005));
#3599=CARTESIAN_POINT('',(0.0585358556009543,0.003424067981415,1.73472347597681E-18));
#3600=CARTESIAN_POINT('',(0.0586119578418113,0.00347260283430539,0.005));
#3601=CARTESIAN_POINT('',(0.0586119578418113,0.00347260283430539,2.60208521396521E-18));
#3602=CARTESIAN_POINT('',(0.0587400102132966,0.00354147868120476,0.005));
#3603=CARTESIAN_POINT('',(0.0587400102132966,0.00354147868120476,0.));
#3604=CARTESIAN_POINT('',(0.0589224477847904,0.0036141033559088,0.005));
#3605=CARTESIAN_POINT('',(0.0589224477847904,0.0036141033559088,2.60208521396521E-18));
#3606=CARTESIAN_POINT('',(0.059131503392011,0.00367568961438068,0.005));
#3607=CARTESIAN_POINT('',(0.059131503392011,0.00367568961438068,0.));
#3608=CARTESIAN_POINT('',(0.0594385883277436,0.00373786379919997,0.005));
#3609=CARTESIAN_POINT('',(0.0594385883277436,0.00373786379919997,2.60208521396521E-18));
#3610=CARTESIAN_POINT('',(0.0596961025922316,0.00375876189540975,0.005));
#3611=CARTESIAN_POINT('',(0.0596961025922316,0.00375876189540975,1.73472347597681E-18));
#3612=CARTESIAN_POINT('',(0.0598756904942948,0.00376004061134529,0.005));
#3613=CARTESIAN_POINT('',(0.0598756904942948,0.00376004061134529,1.73472347597681E-18));
#3614=CARTESIAN_POINT('',(0.0580848876371885,0.00297239758062942,0.005));
#3615=CARTESIAN_POINT('',(0.0571354619432832,0.00366219572749352,0.005));
#3616=CARTESIAN_POINT('',(0.0571354619432832,0.00366219572749352,0.));
#3617=CARTESIAN_POINT('',(0.0572355989901623,0.00385153041312614,0.005));
#3618=CARTESIAN_POINT('',(0.0572355989901623,0.00385153041312614,8.67361737988404E-19));
#3619=CARTESIAN_POINT('',(0.0574100930458663,0.00418169754417104,0.005));
#3620=CARTESIAN_POINT('',(0.0574100930458663,0.00418169754417104,8.67361737988404E-19));
#3621=CARTESIAN_POINT('',(0.0573983679176947,0.0041605363106835,0.005));
#3622=CARTESIAN_POINT('',(0.0573983679176947,0.0041605363106835,8.67361737988404E-19));
#3623=CARTESIAN_POINT('',(0.0574256692552762,0.00423066557556096,0.005));
#3624=CARTESIAN_POINT('',(0.0574256692552762,0.00423066557556096,3.46944695195361E-18));
#3625=CARTESIAN_POINT('',(0.0574483117576503,0.00431804120199534,0.005));
#3626=CARTESIAN_POINT('',(0.0574483117576503,0.00431804120199534,-2.60208521396521E-18));
#3627=CARTESIAN_POINT('',(0.0574742462217002,0.0044611100515173,0.005));
#3628=CARTESIAN_POINT('',(0.0574742462217002,0.0044611100515173,8.67361737988404E-19));
#3629=CARTESIAN_POINT('',(0.0574869400818173,0.00465706075139807,0.005));
#3630=CARTESIAN_POINT('',(0.0574869400818173,0.00465706075139807,8.67361737988404E-19));
#3631=CARTESIAN_POINT('',(0.0574809103588507,0.00487491564940099,0.005));
#3632=CARTESIAN_POINT('',(0.0574809103588507,0.00487491564940099,1.73472347597681E-18));
#3633=CARTESIAN_POINT('',(0.0574451470586103,0.00518618365830625,0.005));
#3634=CARTESIAN_POINT('',(0.0574451470586103,0.00518618365830625,-1.73472347597681E-18));
#3635=CARTESIAN_POINT('',(0.0573854460451684,0.00543755214446549,0.005));
#3636=CARTESIAN_POINT('',(0.0573854460451684,0.00543755214446549,0.));
#3637=CARTESIAN_POINT('',(0.0573311664625695,0.00560874553392535,0.005));
#3638=CARTESIAN_POINT('',(0.0573311664625695,0.00560874553392535,8.67361737988404E-19));
#3639=CARTESIAN_POINT('',(0.0571354619421137,0.00366219572528228,0.));
#3640=CARTESIAN_POINT('',(0.0552000086353102,-1.24672105833445E-8,0.005));
#3641=CARTESIAN_POINT('',(0.0572721835226014,0.00312546209459221,0.005));
#3642=CARTESIAN_POINT('',(0.0575321743283375,0.00293656771733454,0.005));
#3643=CARTESIAN_POINT('',(0.0577887491858681,0.00325963766246312,0.0025));
#3644=CARTESIAN_POINT('',(0.0575001553078287,0.00346931338818078,0.0025));
#3645=CARTESIAN_POINT('',(0.059281063566896,0.000709028444219209,0.005));
#3646=CARTESIAN_POINT('',(0.059281063566896,0.000709028444219209,0.));
#3647=CARTESIAN_POINT('',(0.0594920756026798,0.000745756799691003,0.005));
#3648=CARTESIAN_POINT('',(0.0594920756026798,0.000745756799691003,-8.67361737988404E-19));
#3649=CARTESIAN_POINT('',(0.0598600048327565,0.000809683253946186,0.005));
#3650=CARTESIAN_POINT('',(0.0598600048327565,0.000809683253946186,1.73472347597681E-18));
#3651=CARTESIAN_POINT('',(0.0598362560398891,0.000805071175163704,0.005));
#3652=CARTESIAN_POINT('',(0.0598362560398891,0.000805071175163704,-3.46944695195361E-18));
#3653=CARTESIAN_POINT('',(0.0599113895115156,0.000809365155524079,0.005));
#3654=CARTESIAN_POINT('',(0.0599113895115156,0.000809365155524079,-8.67361737988404E-19));
#3655=CARTESIAN_POINT('',(0.0600014855884302,0.000803898901489706,0.005));
#3656=CARTESIAN_POINT('',(0.0600014855884302,0.000803898901489706,8.67361737988404E-19));
#3657=CARTESIAN_POINT('',(0.0601455663401784,0.000784353336653163,0.005));
#3658=CARTESIAN_POINT('',(0.0601455663401784,0.000784353336653163,-8.67361737988404E-19));
#3659=CARTESIAN_POINT('',(0.0603358491486729,0.000735873818711566,0.005));
#3660=CARTESIAN_POINT('',(0.0603358491486729,0.000735873818711566,-8.67361737988404E-19));
#3661=CARTESIAN_POINT('',(0.0605411781821573,0.000662818345601982,0.005));
#3662=CARTESIAN_POINT('',(0.0605411781821573,0.000662818345601982,0.));
#3663=CARTESIAN_POINT('',(0.0608261601827918,0.000532618321307353,0.005));
#3664=CARTESIAN_POINT('',(0.0608261601827918,0.000532618321307353,-3.46944695195361E-18));
#3665=CARTESIAN_POINT('',(0.0610467771918092,0.000398162149369978,0.005));
#3666=CARTESIAN_POINT('',(0.0610467771918092,0.000398162149369978,-8.67361737988404E-19));
#3667=CARTESIAN_POINT('',(0.0611928184669316,0.000293637531970134,0.005));
#3668=CARTESIAN_POINT('',(0.0611928184669316,0.000293637531970134,-8.67361737988404E-19));
#3669=CARTESIAN_POINT('',(0.0592810635644317,0.000709028443790269,0.005));
#3670=CARTESIAN_POINT('',(0.0589184152209515,0.00182514528831678,0.005));
#3671=CARTESIAN_POINT('',(0.0589184152209515,0.00182514528831678,-8.67361737988404E-19));
#3672=CARTESIAN_POINT('',(0.0591107159296055,0.00191946118725455,0.005));
#3673=CARTESIAN_POINT('',(0.0591107159296055,0.00191946118725455,-8.67361737988404E-19));
#3674=CARTESIAN_POINT('',(0.0594459519565073,0.00208400697469837,0.005));
#3675=CARTESIAN_POINT('',(0.0594459519565073,0.00208400697469837,-4.33680868994202E-18));
#3676=CARTESIAN_POINT('',(0.0594240278675909,0.00207377903460555,0.005));
#3677=CARTESIAN_POINT('',(0.0594240278675909,0.00207377903460555,-8.67361737988404E-19));
#3678=CARTESIAN_POINT('',(0.0594873360613127,0.00211446747809615,0.005));
#3679=CARTESIAN_POINT('',(0.0594873360613127,0.00211446747809615,0.));
#3680=CARTESIAN_POINT('',(0.0595570123351563,0.00217184691580528,0.005));
#3681=CARTESIAN_POINT('',(0.0595570123351563,0.00217184691580528,-8.67361737988404E-19));
#3682=CARTESIAN_POINT('',(0.0596620875171243,0.0022723481509395,0.005));
#3683=CARTESIAN_POINT('',(0.0596620875171243,0.0022723481509395,-1.73472347597681E-18));
#3684=CARTESIAN_POINT('',(0.0597875339972495,0.00242341433343126,0.005));
#3685=CARTESIAN_POINT('',(0.0597875339972495,0.00242341433343126,0.));
#3686=CARTESIAN_POINT('',(0.0599107077450839,0.00260320683045863,0.005));
#3687=CARTESIAN_POINT('',(0.0599107077450839,0.00260320683045863,8.67361737988404E-19));
#3688=CARTESIAN_POINT('',(0.0600647333725596,0.00287604907992275,0.005));
#3689=CARTESIAN_POINT('',(0.0600647333725596,0.00287604907992275,-4.33680868994202E-18));
#3690=CARTESIAN_POINT('',(0.0601641849271584,0.00311450183232418,0.005));
#3691=CARTESIAN_POINT('',(0.0601641849271584,0.00311450183232418,0.));
#3692=CARTESIAN_POINT('',(0.0602208967720034,0.00328490493187393,0.005));
#3693=CARTESIAN_POINT('',(0.0602208967720034,0.00328490493187393,0.));
#3694=CARTESIAN_POINT('',(0.0589184152187056,0.00182514528721525,0.));
#3695=CARTESIAN_POINT('',(0.0552000086353103,-1.24672108053891E-8,0.005));
#3696=CARTESIAN_POINT('',(0.0587135411882889,0.00131055572985366,0.005));
#3697=CARTESIAN_POINT('',(0.0588128488393176,0.00100491820716701,0.005));
#3698=CARTESIAN_POINT('',(0.0592103180085947,0.00111547636578223,0.0025));
#3699=CARTESIAN_POINT('',(0.0591000849561288,0.0014547388166092,0.0025));
#3700=CARTESIAN_POINT('',(0.0523151296316896,-0.00297242251684688,0.005));
#3701=CARTESIAN_POINT('',(0.0523151296316896,-0.00297242251684688,0.));
#3702=CARTESIAN_POINT('',(0.0521660056944102,-0.0031261661432889,0.005));
#3703=CARTESIAN_POINT('',(0.0521660056944102,-0.0031261661432889,8.67361737988404E-19));
#3704=CARTESIAN_POINT('',(0.0519059197215935,-0.00339414710649786,0.005));
#3705=CARTESIAN_POINT('',(0.0519059197215935,-0.00339414710649786,8.67361737988404E-19));
#3706=CARTESIAN_POINT('',(0.0519224219867283,-0.00337645666617621,0.005));
#3707=CARTESIAN_POINT('',(0.0519224219867283,-0.00337645666617621,1.73472347597681E-18));
#3708=CARTESIAN_POINT('',(0.0518641616696656,-0.00342409291583689,0.005));
#3709=CARTESIAN_POINT('',(0.0518641616696656,-0.00342409291583689,0.));
#3710=CARTESIAN_POINT('',(0.0517880594288085,-0.00347262776872728,0.005));
#3711=CARTESIAN_POINT('',(0.0517880594288085,-0.00347262776872728,3.46944695195361E-18));
#3712=CARTESIAN_POINT('',(0.0516600070573233,-0.00354150361562665,0.005));
#3713=CARTESIAN_POINT('',(0.0516600070573233,-0.00354150361562665,8.67361737988404E-19));
#3714=CARTESIAN_POINT('',(0.0514775694858294,-0.0036141282903307,0.005));
#3715=CARTESIAN_POINT('',(0.0514775694858294,-0.0036141282903307,-1.73472347597681E-18));
#3716=CARTESIAN_POINT('',(0.0512685138786088,-0.00367571454880258,0.005));
#3717=CARTESIAN_POINT('',(0.0512685138786088,-0.00367571454880258,8.67361737988404E-19));
#3718=CARTESIAN_POINT('',(0.0509614289428762,-0.00373788873362185,0.005));
#3719=CARTESIAN_POINT('',(0.0509614289428762,-0.00373788873362185,1.73472347597681E-18));
#3720=CARTESIAN_POINT('',(0.0507039146783882,-0.00375878682983164,0.005));
#3721=CARTESIAN_POINT('',(0.0507039146783882,-0.00375878682983164,8.67361737988404E-19));
#3722=CARTESIAN_POINT('',(0.050524326776325,-0.00376006554576718,0.005));
#3723=CARTESIAN_POINT('',(0.050524326776325,-0.00376006554576718,8.67361737988404E-19));
#3724=CARTESIAN_POINT('',(0.0523151296334313,-0.00297242251505131,0.005));
#3725=CARTESIAN_POINT('',(0.0532645553273366,-0.0036622206619154,0.005));
#3726=CARTESIAN_POINT('',(0.0532645553273366,-0.0036622206619154,8.67361737988404E-19));
#3727=CARTESIAN_POINT('',(0.0531644182804575,-0.00385155534754803,0.005));
#3728=CARTESIAN_POINT('',(0.0531644182804575,-0.00385155534754803,8.67361737988404E-19));
#3729=CARTESIAN_POINT('',(0.0529899242247535,-0.00418172247859293,0.005));
#3730=CARTESIAN_POINT('',(0.0529899242247535,-0.00418172247859293,8.67361737988404E-19));
#3731=CARTESIAN_POINT('',(0.0530016493529251,-0.00416056124510538,0.005));
#3732=CARTESIAN_POINT('',(0.0530016493529251,-0.00416056124510538,1.73472347597681E-18));
#3733=CARTESIAN_POINT('',(0.0529743480153435,-0.00423069050998286,0.005));
#3734=CARTESIAN_POINT('',(0.0529743480153435,-0.00423069050998286,-8.67361737988404E-19));
#3735=CARTESIAN_POINT('',(0.0529517055129696,-0.00431806613641723,0.005));
#3736=CARTESIAN_POINT('',(0.0529517055129696,-0.00431806613641723,1.73472347597681E-18));
#3737=CARTESIAN_POINT('',(0.0529257710489196,-0.00446113498593919,0.005));
#3738=CARTESIAN_POINT('',(0.0529257710489196,-0.00446113498593919,8.67361737988404E-19));
#3739=CARTESIAN_POINT('',(0.0529130771888025,-0.00465708568581997,0.005));
#3740=CARTESIAN_POINT('',(0.0529130771888025,-0.00465708568581997,0.));
#3741=CARTESIAN_POINT('',(0.0529191069117692,-0.00487494058382288,0.005));
#3742=CARTESIAN_POINT('',(0.0529191069117692,-0.00487494058382288,0.));
#3743=CARTESIAN_POINT('',(0.0529548702120094,-0.00518620859272814,0.005));
#3744=CARTESIAN_POINT('',(0.0529548702120094,-0.00518620859272814,1.73472347597681E-18));
#3745=CARTESIAN_POINT('',(0.0530145712254514,-0.00543757707888738,0.005));
#3746=CARTESIAN_POINT('',(0.0530145712254514,-0.00543757707888738,0.));
#3747=CARTESIAN_POINT('',(0.0530688508080503,-0.00560877046834724,0.005));
#3748=CARTESIAN_POINT('',(0.0530688508080503,-0.00560877046834724,8.67361737988404E-19));
#3749=CARTESIAN_POINT('',(0.0532645553285061,-0.00366222065970416,0.));
#3750=CARTESIAN_POINT('',(0.0552000086353096,-1.24672113049895E-8,0.005));
#3751=CARTESIAN_POINT('',(0.0531278337480184,-0.0031254870290141,0.005));
#3752=CARTESIAN_POINT('',(0.0528678429422823,-0.00293659265175643,0.005));
#3753=CARTESIAN_POINT('',(0.0526112680847516,-0.003259662596885,0.0025));
#3754=CARTESIAN_POINT('',(0.0528998619627911,-0.00346933832260267,0.0025));
#3755=CARTESIAN_POINT('',(0.0546132312856076,-0.00410043204459347,0.005));
#3756=CARTESIAN_POINT('',(0.0546132312856076,-0.00410043204459347,-8.67361737988404E-19));
#3757=CARTESIAN_POINT('',(0.054582955722337,-0.00431246610225855,0.005));
#3758=CARTESIAN_POINT('',(0.054582955722337,-0.00431246610225855,0.));
#3759=CARTESIAN_POINT('',(0.0545300570083991,-0.00468214195481341,0.005));
#3760=CARTESIAN_POINT('',(0.0545300570083991,-0.00468214195481341,8.67361737988404E-19));
#3761=CARTESIAN_POINT('',(0.0545330094414113,-0.00465813029987948,0.005));
#3762=CARTESIAN_POINT('',(0.0545330094414113,-0.00465813029987948,8.67361737988404E-19));
#3763=CARTESIAN_POINT('',(0.0545138757398348,-0.0047309133905667,0.005));
#3764=CARTESIAN_POINT('',(0.0545138757398348,-0.0047309133905667,8.67361737988404E-19));
#3765=CARTESIAN_POINT('',(0.0544808358044226,-0.00481491068621669,0.005));
#3766=CARTESIAN_POINT('',(0.0544808358044226,-0.00481491068621669,-8.67361737988404E-19));
#3767=CARTESIAN_POINT('',(0.0544177234667677,-0.00494589971234034,0.005));
#3768=CARTESIAN_POINT('',(0.0544177234667677,-0.00494589971234034,1.73472347597681E-18));
#3769=CARTESIAN_POINT('',(0.0543128160837602,-0.005111888422375,0.005));
#3770=CARTESIAN_POINT('',(0.0543128160837602,-0.005111888422375,-8.67361737988404E-19));
#3771=CARTESIAN_POINT('',(0.0541798860392231,-0.005284592554932,0.005));
#3772=CARTESIAN_POINT('',(0.0541798860392231,-0.005284592554932,8.67361737988404E-19));
#3773=CARTESIAN_POINT('',(0.053967994176409,-0.00551539252348709,0.005));
#3774=CARTESIAN_POINT('',(0.053967994176409,-0.00551539252348709,1.73472347597681E-18));
#3775=CARTESIAN_POINT('',(0.0537719443528965,-0.00568366252539195,0.005));
#3776=CARTESIAN_POINT('',(0.0537719443528965,-0.00568366252539195,8.67361737988404E-19));
#3777=CARTESIAN_POINT('',(0.0536274062985128,-0.00579025614863752,0.005));
#3778=CARTESIAN_POINT('',(0.0536274062985128,-0.00579025614863752,8.67361737988404E-19));
#3779=CARTESIAN_POINT('',(0.0546132312859612,-0.00410043204211715,0.005));
#3780=CARTESIAN_POINT('',(0.0557867859850122,-0.00410043204459343,0.005));
#3781=CARTESIAN_POINT('',(0.0557867859850122,-0.00410043204459343,8.67361737988404E-19));
#3782=CARTESIAN_POINT('',(0.0558170615482828,-0.00431246610225852,0.005));
#3783=CARTESIAN_POINT('',(0.0558170615482828,-0.00431246610225852,2.60208521396521E-18));
#3784=CARTESIAN_POINT('',(0.0558699602622208,-0.0046821419548134,0.005));
#3785=CARTESIAN_POINT('',(0.0558699602622208,-0.0046821419548134,2.60208521396521E-18));
#3786=CARTESIAN_POINT('',(0.0558670078292085,-0.00465813029987948,0.005));
#3787=CARTESIAN_POINT('',(0.0558670078292085,-0.00465813029987948,3.46944695195361E-18));
#3788=CARTESIAN_POINT('',(0.055886141530785,-0.00473091339056668,0.005));
#3789=CARTESIAN_POINT('',(0.055886141530785,-0.00473091339056668,8.67361737988404E-19));
#3790=CARTESIAN_POINT('',(0.0559191814661972,-0.00481491068621669,0.005));
#3791=CARTESIAN_POINT('',(0.0559191814661972,-0.00481491068621669,1.73472347597681E-18));
#3792=CARTESIAN_POINT('',(0.0559822938038521,-0.00494589971234034,0.005));
#3793=CARTESIAN_POINT('',(0.0559822938038521,-0.00494589971234034,1.73472347597681E-18));
#3794=CARTESIAN_POINT('',(0.0560872011868596,-0.00511188842237499,0.005));
#3795=CARTESIAN_POINT('',(0.0560872011868596,-0.00511188842237499,-1.73472347597681E-18));
#3796=CARTESIAN_POINT('',(0.0562201312313967,-0.00528459255493199,0.005));
#3797=CARTESIAN_POINT('',(0.0562201312313967,-0.00528459255493199,4.33680868994202E-18));
#3798=CARTESIAN_POINT('',(0.0564320230942108,-0.0055153925234871,0.005));
#3799=CARTESIAN_POINT('',(0.0564320230942108,-0.0055153925234871,-2.60208521396521E-18));
#3800=CARTESIAN_POINT('',(0.0566280729177233,-0.00568366252539186,0.005));
#3801=CARTESIAN_POINT('',(0.0566280729177233,-0.00568366252539186,8.67361737988404E-19));
#3802=CARTESIAN_POINT('',(0.056772610972107,-0.00579025614863753,0.005));
#3803=CARTESIAN_POINT('',(0.056772610972107,-0.00579025614863753,8.67361737988404E-19));
#3804=CARTESIAN_POINT('',(0.0557867859846586,-0.00410043204211711,0.));
#3805=CARTESIAN_POINT('',(0.0552000086353099,-1.24672113882562E-8,0.005));
#3806=CARTESIAN_POINT('',(0.0553606917900173,-0.00374656834211703,0.005));
#3807=CARTESIAN_POINT('',(0.0550393254806025,-0.00374656834211703,0.005));
#3808=CARTESIAN_POINT('',(0.0550216478097364,-0.0041587483354634,0.0025));
#3809=CARTESIAN_POINT('',(0.0553783694608834,-0.0041587483354634,0.0025));
#3810=CARTESIAN_POINT('',(0.0571354619432832,-0.00366222066191541,0.005));
#3811=CARTESIAN_POINT('',(0.0571354619432832,-0.00366222066191541,-3.46944695195361E-18));
#3812=CARTESIAN_POINT('',(0.0572355989901623,-0.00385155534754803,0.005));
#3813=CARTESIAN_POINT('',(0.0572355989901623,-0.00385155534754803,-2.60208521396521E-18));
#3814=CARTESIAN_POINT('',(0.0574100930458663,-0.00418172247859293,0.005));
#3815=CARTESIAN_POINT('',(0.0574100930458663,-0.00418172247859293,-4.33680868994202E-18));
#3816=CARTESIAN_POINT('',(0.0573983679176947,-0.00416056124510538,0.005));
#3817=CARTESIAN_POINT('',(0.0573983679176947,-0.00416056124510538,-4.33680868994202E-18));
#3818=CARTESIAN_POINT('',(0.0574256692552763,-0.00423069050998287,0.005));
#3819=CARTESIAN_POINT('',(0.0574256692552763,-0.00423069050998287,-1.73472347597681E-18));
#3820=CARTESIAN_POINT('',(0.0574483117576502,-0.00431806613641723,0.005));
#3821=CARTESIAN_POINT('',(0.0574483117576502,-0.00431806613641723,-3.46944695195361E-18));
#3822=CARTESIAN_POINT('',(0.0574742462217003,-0.0044611349859392,0.005));
#3823=CARTESIAN_POINT('',(0.0574742462217003,-0.0044611349859392,-8.67361737988404E-19));
#3824=CARTESIAN_POINT('',(0.0574869400818173,-0.00465708568581996,0.005));
#3825=CARTESIAN_POINT('',(0.0574869400818173,-0.00465708568581996,-4.33680868994202E-18));
#3826=CARTESIAN_POINT('',(0.0574809103588507,-0.0048749405838229,0.005));
#3827=CARTESIAN_POINT('',(0.0574809103588507,-0.0048749405838229,-1.73472347597681E-18));
#3828=CARTESIAN_POINT('',(0.0574451470586103,-0.00518620859272811,0.005));
#3829=CARTESIAN_POINT('',(0.0574451470586103,-0.00518620859272811,-2.60208521396521E-18));
#3830=CARTESIAN_POINT('',(0.0573854460451684,-0.00543757707888747,0.005));
#3831=CARTESIAN_POINT('',(0.0573854460451684,-0.00543757707888747,-1.73472347597681E-18));
#3832=CARTESIAN_POINT('',(0.0573311664625695,-0.00560877046834724,0.005));
#3833=CARTESIAN_POINT('',(0.0573311664625695,-0.00560877046834724,-1.73472347597681E-18));
#3834=CARTESIAN_POINT('',(0.0571354619421137,-0.00366222065970421,0.005));
#3835=CARTESIAN_POINT('',(0.0580848876389301,-0.00297242251684682,0.005));
#3836=CARTESIAN_POINT('',(0.0580848876389301,-0.00297242251684682,8.67361737988404E-19));
#3837=CARTESIAN_POINT('',(0.0582340115762096,-0.00312616614328885,0.005));
#3838=CARTESIAN_POINT('',(0.0582340115762096,-0.00312616614328885,8.67361737988404E-19));
#3839=CARTESIAN_POINT('',(0.0584940975490264,-0.00339414710649784,0.005));
#3840=CARTESIAN_POINT('',(0.0584940975490264,-0.00339414710649784,0.));
#3841=CARTESIAN_POINT('',(0.0584775952838915,-0.00337645666617621,0.005));
#3842=CARTESIAN_POINT('',(0.0584775952838915,-0.00337645666617621,3.46944695195361E-18));
#3843=CARTESIAN_POINT('',(0.0585358556009543,-0.00342409291583688,0.005));
#3844=CARTESIAN_POINT('',(0.0585358556009543,-0.00342409291583688,-8.67361737988404E-19));
#3845=CARTESIAN_POINT('',(0.0586119578418113,-0.00347262776872728,0.005));
#3846=CARTESIAN_POINT('',(0.0586119578418113,-0.00347262776872728,0.));
#3847=CARTESIAN_POINT('',(0.0587400102132965,-0.00354150361562665,0.005));
#3848=CARTESIAN_POINT('',(0.0587400102132965,-0.00354150361562665,0.));
#3849=CARTESIAN_POINT('',(0.0589224477847903,-0.00361412829033069,0.005));
#3850=CARTESIAN_POINT('',(0.0589224477847903,-0.00361412829033069,-1.73472347597681E-18));
#3851=CARTESIAN_POINT('',(0.0591315033920111,-0.00367571454880257,0.005));
#3852=CARTESIAN_POINT('',(0.0591315033920111,-0.00367571454880257,0.));
#3853=CARTESIAN_POINT('',(0.0594385883277434,-0.00373788873362185,0.005));
#3854=CARTESIAN_POINT('',(0.0594385883277434,-0.00373788873362185,1.73472347597681E-18));
#3855=CARTESIAN_POINT('',(0.0596961025922325,-0.00375878682983164,0.005));
#3856=CARTESIAN_POINT('',(0.0596961025922325,-0.00375878682983164,-8.67361737988404E-19));
#3857=CARTESIAN_POINT('',(0.0598756904942947,-0.00376006554576717,0.005));
#3858=CARTESIAN_POINT('',(0.0598756904942947,-0.00376006554576717,0.));
#3859=CARTESIAN_POINT('',(0.0580848876371885,-0.00297242251505129,0.));
#3860=CARTESIAN_POINT('',(0.0552000086353102,-1.24672113049895E-8,0.005));
#3861=CARTESIAN_POINT('',(0.0575321743283375,-0.00293659265175643,0.005));
#3862=CARTESIAN_POINT('',(0.0572721835226014,-0.0031254870290141,0.005));
#3863=CARTESIAN_POINT('',(0.0575001553078287,-0.00346933832260266,0.0025));
#3864=CARTESIAN_POINT('',(0.0577887491858682,-0.00325966259688501,0.0025));
#3865=CARTESIAN_POINT('',(0.0589184152209515,-0.00182517022273867,0.005));
#3866=CARTESIAN_POINT('',(0.0589184152209515,-0.00182517022273867,8.67361737988404E-19));
#3867=CARTESIAN_POINT('',(0.0591107159296055,-0.00191948612167645,0.005));
#3868=CARTESIAN_POINT('',(0.0591107159296055,-0.00191948612167645,8.67361737988404E-19));
#3869=CARTESIAN_POINT('',(0.0594459519565074,-0.00208403190912026,0.005));
#3870=CARTESIAN_POINT('',(0.0594459519565074,-0.00208403190912026,8.67361737988404E-19));
#3871=CARTESIAN_POINT('',(0.0594240278675909,-0.00207380396902746,0.005));
#3872=CARTESIAN_POINT('',(0.0594240278675909,-0.00207380396902746,0.));
#3873=CARTESIAN_POINT('',(0.0594873360613127,-0.00211449241251803,0.005));
#3874=CARTESIAN_POINT('',(0.0594873360613127,-0.00211449241251803,3.46944695195361E-18));
#3875=CARTESIAN_POINT('',(0.0595570123351563,-0.00217187185022718,0.005));
#3876=CARTESIAN_POINT('',(0.0595570123351563,-0.00217187185022718,0.));
#3877=CARTESIAN_POINT('',(0.0596620875171242,-0.00227237308536139,0.005));
#3878=CARTESIAN_POINT('',(0.0596620875171242,-0.00227237308536139,-8.67361737988404E-19));
#3879=CARTESIAN_POINT('',(0.0597875339972494,-0.00242343926785316,0.005));
#3880=CARTESIAN_POINT('',(0.0597875339972494,-0.00242343926785316,2.60208521396521E-18));
#3881=CARTESIAN_POINT('',(0.059910707745084,-0.00260323176488053,0.005));
#3882=CARTESIAN_POINT('',(0.059910707745084,-0.00260323176488053,0.));
#3883=CARTESIAN_POINT('',(0.0600647333725594,-0.00287607401434462,0.005));
#3884=CARTESIAN_POINT('',(0.0600647333725594,-0.00287607401434462,2.60208521396521E-18));
#3885=CARTESIAN_POINT('',(0.0601641849271595,-0.00311452676674616,0.005));
#3886=CARTESIAN_POINT('',(0.0601641849271595,-0.00311452676674616,8.67361737988404E-19));
#3887=CARTESIAN_POINT('',(0.0602208967720034,-0.00328492986629581,0.005));
#3888=CARTESIAN_POINT('',(0.0602208967720034,-0.00328492986629581,8.67361737988404E-19));
#3889=CARTESIAN_POINT('',(0.0589184152187056,-0.00182517022163716,0.005));
#3890=CARTESIAN_POINT('',(0.059281063566896,-0.000709053378641108,0.005));
#3891=CARTESIAN_POINT('',(0.059281063566896,-0.000709053378641108,0.));
#3892=CARTESIAN_POINT('',(0.0594920756026798,-0.000745781734112901,0.005));
#3893=CARTESIAN_POINT('',(0.0594920756026798,-0.000745781734112901,8.67361737988404E-19));
#3894=CARTESIAN_POINT('',(0.0598600048327565,-0.00080970818836808,0.005));
#3895=CARTESIAN_POINT('',(0.0598600048327565,-0.00080970818836808,2.60208521396521E-18));
#3896=CARTESIAN_POINT('',(0.0598362560398891,-0.000805096109585601,0.005));
#3897=CARTESIAN_POINT('',(0.0598362560398891,-0.000805096109585601,-8.67361737988404E-19));
#3898=CARTESIAN_POINT('',(0.0599113895115156,-0.000809390089945974,0.005));
#3899=CARTESIAN_POINT('',(0.0599113895115156,-0.000809390089945974,2.60208521396521E-18));
#3900=CARTESIAN_POINT('',(0.0600014855884301,-0.000803923835911585,0.005));
#3901=CARTESIAN_POINT('',(0.0600014855884301,-0.000803923835911585,-2.60208521396521E-18));
#3902=CARTESIAN_POINT('',(0.0601455663401784,-0.000784378271075066,0.005));
#3903=CARTESIAN_POINT('',(0.0601455663401784,-0.000784378271075066,1.73472347597681E-18));
#3904=CARTESIAN_POINT('',(0.0603358491486729,-0.00073589875313345,0.005));
#3905=CARTESIAN_POINT('',(0.0603358491486729,-0.00073589875313345,1.73472347597681E-18));
#3906=CARTESIAN_POINT('',(0.0605411781821573,-0.000662843280023877,0.005));
#3907=CARTESIAN_POINT('',(0.0605411781821573,-0.000662843280023877,1.73472347597681E-18));
#3908=CARTESIAN_POINT('',(0.0608261601827918,-0.000532643255729255,0.005));
#3909=CARTESIAN_POINT('',(0.0608261601827918,-0.000532643255729255,-1.73472347597681E-18));
#3910=CARTESIAN_POINT('',(0.0610467771918092,-0.000398187083791796,0.005));
#3911=CARTESIAN_POINT('',(0.0610467771918092,-0.000398187083791796,8.67361737988404E-19));
#3912=CARTESIAN_POINT('',(0.0611928184669316,-0.00029366246639203,0.005));
#3913=CARTESIAN_POINT('',(0.0611928184669316,-0.00029366246639203,8.67361737988404E-19));
#3914=CARTESIAN_POINT('',(0.0592810635644317,-0.000709053378212157,0.));
#3915=CARTESIAN_POINT('',(0.0552000086353103,-1.24672110829449E-8,0.005));
#3916=CARTESIAN_POINT('',(0.0588128488393176,-0.00100494314158889,0.005));
#3917=CARTESIAN_POINT('',(0.0587135411882889,-0.00131058066427556,0.005));
#3918=CARTESIAN_POINT('',(0.0591000849561288,-0.0014547637510311,0.0025));
#3919=CARTESIAN_POINT('',(0.0592103180085947,-0.00111550130020412,0.0025));
#3920=CARTESIAN_POINT('',(0.0514816020496683,0.00182514528831678,0.005));
#3921=CARTESIAN_POINT('',(0.0514816020496683,0.00182514528831678,-8.67361737988404E-19));
#3922=CARTESIAN_POINT('',(0.0512893013410143,0.00191946118725456,0.005));
#3923=CARTESIAN_POINT('',(0.0512893013410143,0.00191946118725456,-8.67361737988404E-19));
#3924=CARTESIAN_POINT('',(0.0509540653141125,0.00208400697469837,0.005));
#3925=CARTESIAN_POINT('',(0.0509540653141125,0.00208400697469837,8.67361737988404E-19));
#3926=CARTESIAN_POINT('',(0.0509759894030289,0.00207377903460556,0.005));
#3927=CARTESIAN_POINT('',(0.0509759894030289,0.00207377903460556,-8.67361737988404E-19));
#3928=CARTESIAN_POINT('',(0.0509126812093071,0.00211446747809615,0.005));
#3929=CARTESIAN_POINT('',(0.0509126812093071,0.00211446747809615,8.67361737988404E-19));
#3930=CARTESIAN_POINT('',(0.0508430049354635,0.00217184691580528,0.005));
#3931=CARTESIAN_POINT('',(0.0508430049354635,0.00217184691580528,-8.67361737988404E-19));
#3932=CARTESIAN_POINT('',(0.0507379297534955,0.00227234815093951,0.005));
#3933=CARTESIAN_POINT('',(0.0507379297534955,0.00227234815093951,-2.60208521396521E-18));
#3934=CARTESIAN_POINT('',(0.0506124832733703,0.00242341433343126,0.005));
#3935=CARTESIAN_POINT('',(0.0506124832733703,0.00242341433343126,8.67361737988404E-19));
#3936=CARTESIAN_POINT('',(0.0504893095255359,0.00260320683045865,0.005));
#3937=CARTESIAN_POINT('',(0.0504893095255359,0.00260320683045865,-1.73472347597681E-18));
#3938=CARTESIAN_POINT('',(0.0503352838980604,0.0028760490799227,0.005));
#3939=CARTESIAN_POINT('',(0.0503352838980604,0.0028760490799227,8.67361737988404E-19));
#3940=CARTESIAN_POINT('',(0.0502358323434603,0.00311450183232437,0.005));
#3941=CARTESIAN_POINT('',(0.0502358323434603,0.00311450183232437,-8.67361737988404E-19));
#3942=CARTESIAN_POINT('',(0.0501791204986164,0.00328490493187392,0.005));
#3943=CARTESIAN_POINT('',(0.0501791204986164,0.00328490493187392,-8.67361737988404E-19));
#3944=CARTESIAN_POINT('',(0.0514816020519142,0.00182514528721527,0.005));
#3945=CARTESIAN_POINT('',(0.0511189537037238,0.000709028444219214,0.005));
#3946=CARTESIAN_POINT('',(0.0511189537037238,0.000709028444219214,6.07153216591882E-18));
#3947=CARTESIAN_POINT('',(0.05090794166794,0.000745756799691008,0.005));
#3948=CARTESIAN_POINT('',(0.05090794166794,0.000745756799691008,5.20417042793042E-18));
#3949=CARTESIAN_POINT('',(0.0505400124378633,0.000809683253946195,0.005));
#3950=CARTESIAN_POINT('',(0.0505400124378633,0.000809683253946195,6.93889390390723E-18));
#3951=CARTESIAN_POINT('',(0.0505637612307307,0.000805071175163704,0.005));
#3952=CARTESIAN_POINT('',(0.0505637612307307,0.000805071175163704,6.07153216591882E-18));
#3953=CARTESIAN_POINT('',(0.0504886277591042,0.000809365155524077,0.005));
#3954=CARTESIAN_POINT('',(0.0504886277591042,0.000809365155524077,6.93889390390723E-18));
#3955=CARTESIAN_POINT('',(0.0503985316821896,0.000803898901489703,0.005));
#3956=CARTESIAN_POINT('',(0.0503985316821896,0.000803898901489703,1.73472347597681E-18));
#3957=CARTESIAN_POINT('',(0.0502544509304414,0.000784353336653171,0.005));
#3958=CARTESIAN_POINT('',(0.0502544509304414,0.000784353336653171,6.93889390390723E-18));
#3959=CARTESIAN_POINT('',(0.0500641681219469,0.000735873818711558,0.005));
#3960=CARTESIAN_POINT('',(0.0500641681219469,0.000735873818711558,4.33680868994202E-18));
#3961=CARTESIAN_POINT('',(0.0498588390884625,0.000662818345601987,0.005));
#3962=CARTESIAN_POINT('',(0.0498588390884625,0.000662818345601987,5.20417042793042E-18));
#3963=CARTESIAN_POINT('',(0.049573857087828,0.000532618321307347,0.005));
#3964=CARTESIAN_POINT('',(0.049573857087828,0.000532618321307347,5.20417042793042E-18));
#3965=CARTESIAN_POINT('',(0.0493532400788105,0.000398162149369978,0.005));
#3966=CARTESIAN_POINT('',(0.0493532400788105,0.000398162149369978,4.33680868994202E-18));
#3967=CARTESIAN_POINT('',(0.0492071988036882,0.000293637531970134,0.005));
#3968=CARTESIAN_POINT('',(0.0492071988036882,0.000293637531970134,5.20417042793042E-18));
#3969=CARTESIAN_POINT('',(0.0511189537061881,0.000709028443790269,0.));
#3970=CARTESIAN_POINT('',(0.0552000086353095,-1.24672108053891E-8,0.005));
#3971=CARTESIAN_POINT('',(0.0515871684313022,0.00100491820716701,0.005));
#3972=CARTESIAN_POINT('',(0.0516864760823309,0.00131055572985366,0.005));
#3973=CARTESIAN_POINT('',(0.051299932314491,0.0014547388166092,0.0025));
#3974=CARTESIAN_POINT('',(0.0511896992620251,0.00111547636578223,0.0025));
#3975=CARTESIAN_POINT('',(0.0511189537037237,-0.000709053378641109,0.005));
#3976=CARTESIAN_POINT('',(0.0511189537037237,-0.000709053378641109,-8.67361737988404E-19));
#3977=CARTESIAN_POINT('',(0.0509079416679399,-0.0007457817341129,0.005));
#3978=CARTESIAN_POINT('',(0.0509079416679399,-0.0007457817341129,0.));
#3979=CARTESIAN_POINT('',(0.0505400124378632,-0.000809708188368074,0.005));
#3980=CARTESIAN_POINT('',(0.0505400124378632,-0.000809708188368074,8.67361737988404E-19));
#3981=CARTESIAN_POINT('',(0.0505637612307307,-0.000805096109585602,0.005));
#3982=CARTESIAN_POINT('',(0.0505637612307307,-0.000805096109585602,0.));
#3983=CARTESIAN_POINT('',(0.0504886277591042,-0.000809390089945965,0.005));
#3984=CARTESIAN_POINT('',(0.0504886277591042,-0.000809390089945965,-8.67361737988404E-19));
#3985=CARTESIAN_POINT('',(0.0503985316821896,-0.000803923835911598,0.005));
#3986=CARTESIAN_POINT('',(0.0503985316821896,-0.000803923835911598,8.67361737988404E-19));
#3987=CARTESIAN_POINT('',(0.0502544509304414,-0.000784378271075048,0.005));
#3988=CARTESIAN_POINT('',(0.0502544509304414,-0.000784378271075048,8.67361737988404E-19));
#3989=CARTESIAN_POINT('',(0.0500641681219469,-0.000735898753133455,0.005));
#3990=CARTESIAN_POINT('',(0.0500641681219469,-0.000735898753133455,-2.60208521396521E-18));
#3991=CARTESIAN_POINT('',(0.0498588390884625,-0.000662843280023866,0.005));
#3992=CARTESIAN_POINT('',(0.0498588390884625,-0.000662843280023866,1.73472347597681E-18));
#3993=CARTESIAN_POINT('',(0.0495738570878279,-0.000532643255729232,0.005));
#3994=CARTESIAN_POINT('',(0.0495738570878279,-0.000532643255729232,-3.46944695195361E-18));
#3995=CARTESIAN_POINT('',(0.0493532400788105,-0.000398187083791932,0.005));
#3996=CARTESIAN_POINT('',(0.0493532400788105,-0.000398187083791932,0.));
#3997=CARTESIAN_POINT('',(0.0492071988036882,-0.000293662466392023,0.005));
#3998=CARTESIAN_POINT('',(0.0492071988036882,-0.000293662466392023,0.));
#3999=CARTESIAN_POINT('',(0.0511189537061881,-0.000709053378212157,0.005));
#4000=CARTESIAN_POINT('',(0.0514816020496683,-0.00182517022273866,0.005));
#4001=CARTESIAN_POINT('',(0.0514816020496683,-0.00182517022273866,-8.67361737988404E-19));
#4002=CARTESIAN_POINT('',(0.0512893013410144,-0.00191948612167644,0.005));
#4003=CARTESIAN_POINT('',(0.0512893013410144,-0.00191948612167644,-8.67361737988404E-19));
#4004=CARTESIAN_POINT('',(0.0509540653141125,-0.00208403190912027,0.005));
#4005=CARTESIAN_POINT('',(0.0509540653141125,-0.00208403190912027,-3.46944695195361E-18));
#4006=CARTESIAN_POINT('',(0.0509759894030289,-0.00207380396902744,0.005));
#4007=CARTESIAN_POINT('',(0.0509759894030289,-0.00207380396902744,2.60208521396521E-18));
#4008=CARTESIAN_POINT('',(0.0509126812093071,-0.00211449241251804,0.005));
#4009=CARTESIAN_POINT('',(0.0509126812093071,-0.00211449241251804,-1.73472347597681E-18));
#4010=CARTESIAN_POINT('',(0.0508430049354635,-0.00217187185022717,0.005));
#4011=CARTESIAN_POINT('',(0.0508430049354635,-0.00217187185022717,8.67361737988404E-19));
#4012=CARTESIAN_POINT('',(0.0507379297534956,-0.00227237308536138,0.005));
#4013=CARTESIAN_POINT('',(0.0507379297534956,-0.00227237308536138,-2.60208521396521E-18));
#4014=CARTESIAN_POINT('',(0.0506124832733703,-0.00242343926785316,0.005));
#4015=CARTESIAN_POINT('',(0.0506124832733703,-0.00242343926785316,8.67361737988404E-19));
#4016=CARTESIAN_POINT('',(0.0504893095255359,-0.00260323176488052,0.005));
#4017=CARTESIAN_POINT('',(0.0504893095255359,-0.00260323176488052,-1.73472347597681E-18));
#4018=CARTESIAN_POINT('',(0.0503352838980602,-0.00287607401434463,0.005));
#4019=CARTESIAN_POINT('',(0.0503352838980602,-0.00287607401434463,8.67361737988404E-19));
#4020=CARTESIAN_POINT('',(0.0502358323434613,-0.00311452676674611,0.005));
#4021=CARTESIAN_POINT('',(0.0502358323434613,-0.00311452676674611,-8.67361737988404E-19));
#4022=CARTESIAN_POINT('',(0.0501791204986164,-0.00328492986629581,0.005));
#4023=CARTESIAN_POINT('',(0.0501791204986164,-0.00328492986629581,-8.67361737988404E-19));
#4024=CARTESIAN_POINT('',(0.0514816020519142,-0.00182517022163714,0.));
#4025=CARTESIAN_POINT('',(0.0552000086353095,-1.24672110829449E-8,0.005));
#4026=CARTESIAN_POINT('',(0.0516864760823309,-0.00131058066427555,0.005));
#4027=CARTESIAN_POINT('',(0.0515871684313022,-0.0010049431415889,0.005));
#4028=CARTESIAN_POINT('',(0.0511896992620251,-0.00111550130020412,0.0025));
#4029=CARTESIAN_POINT('',(0.051299932314491,-0.00145476375103109,0.0025));
#4030=CARTESIAN_POINT('',(0.0557867859850122,0.00410040711017158,0.005));
#4031=CARTESIAN_POINT('',(0.0557867859850122,0.00410040711017158,5.20417042793042E-18));
#4032=CARTESIAN_POINT('',(0.0558170615482828,0.00431244116783665,0.005));
#4033=CARTESIAN_POINT('',(0.0558170615482828,0.00431244116783665,5.20417042793042E-18));
#4034=CARTESIAN_POINT('',(0.0558699602622208,0.00468211702039151,0.005));
#4035=CARTESIAN_POINT('',(0.0558699602622208,0.00468211702039151,5.20417042793042E-18));
#4036=CARTESIAN_POINT('',(0.0558670078292085,0.0046581053654576,0.005));
#4037=CARTESIAN_POINT('',(0.0558670078292085,0.0046581053654576,7.80625564189563E-18));
#4038=CARTESIAN_POINT('',(0.055886141530785,0.00473088845614479,0.005));
#4039=CARTESIAN_POINT('',(0.055886141530785,0.00473088845614479,5.20417042793042E-18));
#4040=CARTESIAN_POINT('',(0.0559191814661972,0.0048148857517948,0.005));
#4041=CARTESIAN_POINT('',(0.0559191814661972,0.0048148857517948,5.20417042793042E-18));
#4042=CARTESIAN_POINT('',(0.0559822938038521,0.00494587477791845,0.005));
#4043=CARTESIAN_POINT('',(0.0559822938038521,0.00494587477791845,5.20417042793042E-18));
#4044=CARTESIAN_POINT('',(0.0560872011868596,0.0051118634879531,0.005));
#4045=CARTESIAN_POINT('',(0.0560872011868596,0.0051118634879531,6.07153216591882E-18));
#4046=CARTESIAN_POINT('',(0.0562201312313967,0.00528456762051011,0.005));
#4047=CARTESIAN_POINT('',(0.0562201312313967,0.00528456762051011,5.20417042793042E-18));
#4048=CARTESIAN_POINT('',(0.0564320230942108,0.00551536758906519,0.005));
#4049=CARTESIAN_POINT('',(0.0564320230942108,0.00551536758906519,3.46944695195361E-18));
#4050=CARTESIAN_POINT('',(0.0566280729177233,0.00568363759097007,0.005));
#4051=CARTESIAN_POINT('',(0.0566280729177233,0.00568363759097007,5.20417042793042E-18));
#4052=CARTESIAN_POINT('',(0.056772610972107,0.00579023121421563,0.005));
#4053=CARTESIAN_POINT('',(0.056772610972107,0.00579023121421563,5.20417042793042E-18));
#4054=CARTESIAN_POINT('',(0.0557867859846586,0.00410040710769525,0.005));
#4055=CARTESIAN_POINT('',(0.0546132312856076,0.00410040711017155,0.005));
#4056=CARTESIAN_POINT('',(0.0546132312856076,0.00410040711017155,8.67361737988404E-19));
#4057=CARTESIAN_POINT('',(0.054582955722337,0.00431244116783663,0.005));
#4058=CARTESIAN_POINT('',(0.054582955722337,0.00431244116783663,8.67361737988404E-19));
#4059=CARTESIAN_POINT('',(0.054530057008399,0.00468211702039151,0.005));
#4060=CARTESIAN_POINT('',(0.054530057008399,0.00468211702039151,1.73472347597681E-18));
#4061=CARTESIAN_POINT('',(0.0545330094414113,0.00465810536545759,0.005));
#4062=CARTESIAN_POINT('',(0.0545330094414113,0.00465810536545759,8.67361737988404E-19));
#4063=CARTESIAN_POINT('',(0.0545138757398348,0.0047308884561448,0.005));
#4064=CARTESIAN_POINT('',(0.0545138757398348,0.0047308884561448,8.67361737988404E-19));
#4065=CARTESIAN_POINT('',(0.0544808358044226,0.0048148857517948,0.005));
#4066=CARTESIAN_POINT('',(0.0544808358044226,0.0048148857517948,-1.73472347597681E-18));
#4067=CARTESIAN_POINT('',(0.0544177234667677,0.00494587477791845,0.005));
#4068=CARTESIAN_POINT('',(0.0544177234667677,0.00494587477791845,8.67361737988404E-19));
#4069=CARTESIAN_POINT('',(0.0543128160837602,0.00511186348795311,0.005));
#4070=CARTESIAN_POINT('',(0.0543128160837602,0.00511186348795311,1.73472347597681E-18));
#4071=CARTESIAN_POINT('',(0.0541798860392231,0.0052845676205101,0.005));
#4072=CARTESIAN_POINT('',(0.0541798860392231,0.0052845676205101,0.));
#4073=CARTESIAN_POINT('',(0.0539679941764089,0.00551536758906521,0.005));
#4074=CARTESIAN_POINT('',(0.0539679941764089,0.00551536758906521,1.73472347597681E-18));
#4075=CARTESIAN_POINT('',(0.0537719443528965,0.00568363759096997,0.005));
#4076=CARTESIAN_POINT('',(0.0537719443528965,0.00568363759096997,1.73472347597681E-18));
#4077=CARTESIAN_POINT('',(0.0536274062985128,0.00579023121421564,0.005));
#4078=CARTESIAN_POINT('',(0.0536274062985128,0.00579023121421564,8.67361737988404E-19));
#4079=CARTESIAN_POINT('',(0.0546132312859612,0.00410040710769522,0.));
#4080=CARTESIAN_POINT('',(0.0552000086353099,-1.24672105000778E-8,0.005));
#4081=CARTESIAN_POINT('',(0.0550393254806025,0.00374654340769514,0.005));
#4082=CARTESIAN_POINT('',(0.0553606917900173,0.00374654340769514,0.005));
#4083=CARTESIAN_POINT('',(0.0553783694608834,0.00415872340104151,0.0025));
#4084=CARTESIAN_POINT('',(0.0550216478097364,0.00415872340104151,0.0025));
#4085=CARTESIAN_POINT('',(0.0532645553273366,0.00366219572749352,0.005));
#4086=CARTESIAN_POINT('',(0.0532645553273366,0.00366219572749352,6.07153216591882E-18));
#4087=CARTESIAN_POINT('',(0.0531644182804575,0.00385153041312614,0.005));
#4088=CARTESIAN_POINT('',(0.0531644182804575,0.00385153041312614,6.07153216591882E-18));
#4089=CARTESIAN_POINT('',(0.0529899242247535,0.00418169754417105,0.005));
#4090=CARTESIAN_POINT('',(0.0529899242247535,0.00418169754417105,5.20417042793042E-18));
#4091=CARTESIAN_POINT('',(0.0530016493529251,0.00416053631068349,0.005));
#4092=CARTESIAN_POINT('',(0.0530016493529251,0.00416053631068349,8.67361737988404E-18));
#4093=CARTESIAN_POINT('',(0.0529743480153435,0.00423066557556097,0.005));
#4094=CARTESIAN_POINT('',(0.0529743480153435,0.00423066557556097,4.33680868994202E-18));
#4095=CARTESIAN_POINT('',(0.0529517055129696,0.00431804120199535,0.005));
#4096=CARTESIAN_POINT('',(0.0529517055129696,0.00431804120199535,6.07153216591882E-18));
#4097=CARTESIAN_POINT('',(0.0529257710489196,0.0044611100515173,0.005));
#4098=CARTESIAN_POINT('',(0.0529257710489196,0.0044611100515173,5.20417042793042E-18));
#4099=CARTESIAN_POINT('',(0.0529130771888025,0.00465706075139807,0.005));
#4100=CARTESIAN_POINT('',(0.0529130771888025,0.00465706075139807,4.33680868994202E-18));
#4101=CARTESIAN_POINT('',(0.0529191069117692,0.00487491564940101,0.005));
#4102=CARTESIAN_POINT('',(0.0529191069117692,0.00487491564940101,7.80625564189563E-18));
#4103=CARTESIAN_POINT('',(0.0529548702120094,0.0051861836583062,0.005));
#4104=CARTESIAN_POINT('',(0.0529548702120094,0.0051861836583062,1.73472347597681E-18));
#4105=CARTESIAN_POINT('',(0.0530145712254514,0.00543755214446568,0.005));
#4106=CARTESIAN_POINT('',(0.0530145712254514,0.00543755214446568,6.07153216591882E-18));
#4107=CARTESIAN_POINT('',(0.0530688508080503,0.00560874553392534,0.005));
#4108=CARTESIAN_POINT('',(0.0530688508080503,0.00560874553392534,6.07153216591882E-18));
#4109=CARTESIAN_POINT('',(0.0532645553285061,0.00366219572528232,0.005));
#4110=CARTESIAN_POINT('',(0.0523151296316897,0.00297239758242492,0.005));
#4111=CARTESIAN_POINT('',(0.0523151296316897,0.00297239758242492,0.));
#4112=CARTESIAN_POINT('',(0.0521660056944102,0.00312614120886696,0.005));
#4113=CARTESIAN_POINT('',(0.0521660056944102,0.00312614120886696,1.73472347597681E-18));
#4114=CARTESIAN_POINT('',(0.0519059197215934,0.00339412217207595,0.005));
#4115=CARTESIAN_POINT('',(0.0519059197215934,0.00339412217207595,2.60208521396521E-18));
#4116=CARTESIAN_POINT('',(0.0519224219867283,0.00337643173175432,0.005));
#4117=CARTESIAN_POINT('',(0.0519224219867283,0.00337643173175432,-1.73472347597681E-18));
#4118=CARTESIAN_POINT('',(0.0518641616696655,0.00342406798141499,0.005));
#4119=CARTESIAN_POINT('',(0.0518641616696655,0.00342406798141499,1.73472347597681E-18));
#4120=CARTESIAN_POINT('',(0.0517880594288085,0.00347260283430538,0.005));
#4121=CARTESIAN_POINT('',(0.0517880594288085,0.00347260283430538,-1.73472347597681E-18));
#4122=CARTESIAN_POINT('',(0.0516600070573233,0.00354147868120476,0.005));
#4123=CARTESIAN_POINT('',(0.0516600070573233,0.00354147868120476,0.));
#4124=CARTESIAN_POINT('',(0.0514775694858294,0.0036141033559088,0.005));
#4125=CARTESIAN_POINT('',(0.0514775694858294,0.0036141033559088,-1.73472347597681E-18));
#4126=CARTESIAN_POINT('',(0.0512685138786088,0.00367568961438068,0.005));
#4127=CARTESIAN_POINT('',(0.0512685138786088,0.00367568961438068,0.));
#4128=CARTESIAN_POINT('',(0.0509614289428763,0.00373786379919994,0.005));
#4129=CARTESIAN_POINT('',(0.0509614289428763,0.00373786379919994,1.73472347597681E-18));
#4130=CARTESIAN_POINT('',(0.0507039146783873,0.0037587618954098,0.005));
#4131=CARTESIAN_POINT('',(0.0507039146783873,0.0037587618954098,-8.67361737988404E-19));
#4132=CARTESIAN_POINT('',(0.0505243267763251,0.00376004061134528,0.005));
#4133=CARTESIAN_POINT('',(0.0505243267763251,0.00376004061134528,0.));
#4134=CARTESIAN_POINT('',(0.0523151296334313,0.0029723975806294,0.));
#4135=CARTESIAN_POINT('',(0.0552000086353096,-1.24672105833445E-8,0.005));
#4136=CARTESIAN_POINT('',(0.0528678429422823,0.00293656771733454,0.005));
#4137=CARTESIAN_POINT('',(0.0531278337480184,0.00312546209459221,0.005));
#4138=CARTESIAN_POINT('',(0.0528998619627911,0.00346931338818078,0.0025));
#4139=CARTESIAN_POINT('',(0.0526112680847516,0.00325963766246312,0.0025));
#4140=CARTESIAN_POINT('',(0.0552000086353096,-1.24672113051273E-8,-0.003));
#4141=CARTESIAN_POINT('',(0.0552000086353096,-1.24672113051273E-8,-0.005));
#4142=CARTESIAN_POINT('',(0.0529500086353096,-1.24672113051273E-8,-0.005));
#4143=CARTESIAN_POINT('',(-1.04506681086747E-13,-1.26350319096247E-13,-0.005));
#4144=MECHANICAL_DESIGN_GEOMETRIC_PRESENTATION_REPRESENTATION('',(#1183),
#4145);
#4145=(
GEOMETRIC_REPRESENTATION_CONTEXT(3)
GLOBAL_UNCERTAINTY_ASSIGNED_CONTEXT((#4146))
GLOBAL_UNIT_ASSIGNED_CONTEXT((#4149,#4148,#4147))
REPRESENTATION_CONTEXT('DriveGear','TOP_LEVEL_ASSEMBLY_PART')
);
#4146=UNCERTAINTY_MEASURE_WITH_UNIT(LENGTH_MEASURE(2.E-5),#4149,
'DISTANCE_ACCURACY_VALUE','Maximum Tolerance applied to model');
#4147=(
NAMED_UNIT(*)
SI_UNIT($,.STERADIAN.)
SOLID_ANGLE_UNIT()
);
#4148=(
NAMED_UNIT(*)
PLANE_ANGLE_UNIT()
SI_UNIT($,.RADIAN.)
);
#4149=(
LENGTH_UNIT()
NAMED_UNIT(*)
SI_UNIT($,.METRE.)
);
#4150=PRODUCT_DEFINITION_SHAPE('','',#4151);
#4151=PRODUCT_DEFINITION('','',#4153,#4152);
#4152=PRODUCT_DEFINITION_CONTEXT('',#4159,'design');
#4153=PRODUCT_DEFINITION_FORMATION_WITH_SPECIFIED_SOURCE('','',#4155,
 .NOT_KNOWN.);
#4154=PRODUCT_RELATED_PRODUCT_CATEGORY('','',(#4155));
#4155=PRODUCT('DriveGear','DriveGear','DriveGear',(#4157));
#4156=PRODUCT_CATEGORY('','');
#4157=PRODUCT_CONTEXT('',#4159,'mechanical');
#4158=APPLICATION_PROTOCOL_DEFINITION('international standard',
'ap242_managed_model_based_3d_engineering',2020,#4159);
#4159=APPLICATION_CONTEXT('managed model based 3d engineering');
ENDSEC;
END-ISO-10303-21;
