ISO-10303-21;
HEADER;
/* Generated by software containing ST-Developer
 * from STEP Tools, Inc. (www.steptools.com) 
 */
/* OPTION: using custom renumber hook */

FILE_DESCRIPTION(
/* description */ ('STEP AP242 Edition 2',
'CAx-IF Rec.Pracs.---Representation and Presentation of Product Manufa
cturing Information (PMI)---4.0---2014-10-13',
'CAx-IF Rec.Pracs.---3D Tessellated Geometry---0.4---2014-09-14','2;1',
'CAx-IF Rec.Pracs.---User Defined Attributes---1.5---2016-08-15'),
/* implementation_level */ '2;1');

FILE_NAME(
/* name */ 'Dice_Tower - banner',
/* time_stamp */ '2026-01-17T20:47:04Z',
/* author */ (''),
/* organization */ (''),
/* preprocessor_version */ 'ST-DEVELOPER v20',
/* originating_system */ 'ONSHAPE BY PTC INC, 1.209',
/* authorisation */ '  ');

FILE_SCHEMA (('AP242_MANAGED_MODEL_BASED_3D_ENGINEERING_MIM_LF { 1 0 10303 442 3 1 4 }'));
ENDSEC;

DATA;
#10=SHAPE_REPRESENTATION_RELATIONSHIP('','',#1416,#11);
#11=ADVANCED_BREP_SHAPE_REPRESENTATION('',(#1414),#2334);
#12=B_SPLINE_SURFACE_WITH_KNOTS('',3,1,((#1958,#1959),(#1960,#1961),(#1962,
#1963),(#1964,#1965),(#1966,#1967),(#1968,#1969),(#1970,#1971),(#1972,#1973),
(#1974,#1975),(#1976,#1977),(#1978,#1979)),.SURF_OF_LINEAR_EXTRUSION.,.T.,
 .F.,.F.,(1,1,1,1,1,1,1,1,1,1,1,1,1,1,1),(2,2),(3.92699081698724,4.71238898038469,
5.49778714378214,6.28318530717959,7.06858347057703,7.85398163397448,8.63937979737193,
9.42477796076938,10.2101761241668,10.9955742875643,11.7809724509617,12.5663706143592,
13.3517687777566,14.1371669411541,14.9225651045515),(0.,1.),
 .UNSPECIFIED.);
#13=B_SPLINE_SURFACE_WITH_KNOTS('',3,1,((#1983,#1984),(#1985,#1986),(#1987,
#1988),(#1989,#1990),(#1991,#1992),(#1993,#1994),(#1995,#1996),(#1997,#1998),
(#1999,#2000),(#2001,#2002),(#2003,#2004)),.SURF_OF_LINEAR_EXTRUSION.,.T.,
 .F.,.F.,(1,1,1,1,1,1,1,1,1,1,1,1,1,1,1),(2,2),(3.92699081698722,4.71238898038467,
5.49778714378212,6.28318530717957,7.06858347057701,7.85398163397446,8.63937979737191,
9.42477796076936,10.2101761241668,10.9955742875643,11.7809724509617,12.5663706143592,
13.3517687777566,14.137166941154,14.9225651045515),(0.,1.),
 .UNSPECIFIED.);
#14=B_SPLINE_SURFACE_WITH_KNOTS('',3,1,((#2008,#2009),(#2010,#2011),(#2012,
#2013),(#2014,#2015),(#2016,#2017),(#2018,#2019),(#2020,#2021),(#2022,#2023),
(#2024,#2025),(#2026,#2027),(#2028,#2029)),.SURF_OF_LINEAR_EXTRUSION.,.T.,
 .F.,.F.,(1,1,1,1,1,1,1,1,1,1,1,1,1,1,1),(2,2),(-2.35619449019233,-1.57079632679489,
-0.785398163397437,1.13771886390507E-14,0.78539816339746,1.57079632679491,
2.35619449019236,3.1415926535898,3.92699081698725,4.7123889803847,5.49778714378215,
6.2831853071796,7.06858347057705,7.85398163397449,8.63937979737194),(0.,
1.),.UNSPECIFIED.);
#15=B_SPLINE_SURFACE_WITH_KNOTS('',3,1,((#2033,#2034),(#2035,#2036),(#2037,
#2038),(#2039,#2040),(#2041,#2042),(#2043,#2044),(#2045,#2046),(#2047,#2048),
(#2049,#2050),(#2051,#2052),(#2053,#2054)),.SURF_OF_LINEAR_EXTRUSION.,.T.,
 .F.,.F.,(1,1,1,1,1,1,1,1,1,1,1,1,1,1,1),(2,2),(3.92699081698724,4.71238898038469,
5.49778714378213,6.28318530717958,7.06858347057703,7.85398163397448,8.63937979737193,
9.42477796076938,10.2101761241668,10.9955742875643,11.7809724509617,12.5663706143592,
13.3517687777566,14.1371669411541,14.9225651045515),(0.,1.),
 .UNSPECIFIED.);
#16=B_SPLINE_SURFACE_WITH_KNOTS('',3,1,((#2058,#2059),(#2060,#2061),(#2062,
#2063),(#2064,#2065),(#2066,#2067),(#2068,#2069),(#2070,#2071),(#2072,#2073),
(#2074,#2075),(#2076,#2077),(#2078,#2079)),.SURF_OF_LINEAR_EXTRUSION.,.T.,
 .F.,.F.,(1,1,1,1,1,1,1,1,1,1,1,1,1,1,1),(2,2),(3.92699081698724,4.71238898038469,
5.49778714378214,6.28318530717959,7.06858347057703,7.85398163397448,8.63937979737193,
9.42477796076938,10.2101761241668,10.9955742875643,11.7809724509617,12.5663706143592,
13.3517687777566,14.1371669411541,14.9225651045515),(0.,1.),
 .UNSPECIFIED.);
#17=B_SPLINE_SURFACE_WITH_KNOTS('',3,1,((#2083,#2084),(#2085,#2086),(#2087,
#2088),(#2089,#2090),(#2091,#2092),(#2093,#2094),(#2095,#2096),(#2097,#2098),
(#2099,#2100),(#2101,#2102),(#2103,#2104)),.SURF_OF_LINEAR_EXTRUSION.,.T.,
 .F.,.F.,(1,1,1,1,1,1,1,1,1,1,1,1,1,1,1),(2,2),(-2.35619449019234,-1.57079632679489,
-0.785398163397446,2.89120579329462E-15,0.785398163397451,1.5707963267949,
2.35619449019235,3.1415926535898,3.92699081698724,4.71238898038469,5.49778714378214,
6.28318530717959,7.06858347057704,7.85398163397449,8.63937979737193),(0.,
1.),.UNSPECIFIED.);
#18=B_SPLINE_SURFACE_WITH_KNOTS('',3,1,((#2108,#2109),(#2110,#2111),(#2112,
#2113),(#2114,#2115),(#2116,#2117),(#2118,#2119),(#2120,#2121),(#2122,#2123),
(#2124,#2125),(#2126,#2127),(#2128,#2129)),.SURF_OF_LINEAR_EXTRUSION.,.T.,
 .F.,.F.,(1,1,1,1,1,1,1,1,1,1,1,1,1,1,1),(2,2),(-2.35619449019234,-1.57079632679489,
-0.785398163397442,6.07153216591867E-15,0.785398163397454,1.5707963267949,
2.35619449019235,3.1415926535898,3.92699081698725,4.7123889803847,5.49778714378214,
6.28318530717959,7.06858347057704,7.85398163397449,8.63937979737194),(0.,
1.),.UNSPECIFIED.);
#19=B_SPLINE_SURFACE_WITH_KNOTS('',3,1,((#2133,#2134),(#2135,#2136),(#2137,
#2138),(#2139,#2140),(#2141,#2142),(#2143,#2144),(#2145,#2146),(#2147,#2148),
(#2149,#2150),(#2151,#2152),(#2153,#2154)),.SURF_OF_LINEAR_EXTRUSION.,.T.,
 .F.,.F.,(1,1,1,1,1,1,1,1,1,1,1,1,1,1,1),(2,2),(3.92699081698724,4.71238898038469,
5.49778714378214,6.28318530717959,7.06858347057703,7.85398163397448,8.63937979737193,
9.42477796076938,10.2101761241668,10.9955742875643,11.7809724509617,12.5663706143592,
13.3517687777566,14.1371669411541,14.9225651045515),(0.,1.),
 .UNSPECIFIED.);
#20=B_SPLINE_SURFACE_WITH_KNOTS('',3,1,((#2158,#2159),(#2160,#2161),(#2162,
#2163),(#2164,#2165),(#2166,#2167),(#2168,#2169),(#2170,#2171),(#2172,#2173),
(#2174,#2175),(#2176,#2177),(#2178,#2179)),.SURF_OF_LINEAR_EXTRUSION.,.T.,
 .F.,.F.,(1,1,1,1,1,1,1,1,1,1,1,1,1,1,1),(2,2),(-2.35619449019234,-1.57079632679489,
-0.785398163397439,1.01192202765315E-14,0.785398163397458,1.57079632679491,
2.35619449019235,3.1415926535898,3.92699081698725,4.7123889803847,5.49778714378215,
6.2831853071796,7.06858347057704,7.85398163397449,8.63937979737194),(0.,
1.),.UNSPECIFIED.);
#21=B_SPLINE_SURFACE_WITH_KNOTS('',3,1,((#2183,#2184),(#2185,#2186),(#2187,
#2188),(#2189,#2190),(#2191,#2192),(#2193,#2194),(#2195,#2196),(#2197,#2198),
(#2199,#2200),(#2201,#2202),(#2203,#2204)),.SURF_OF_LINEAR_EXTRUSION.,.T.,
 .F.,.F.,(1,1,1,1,1,1,1,1,1,1,1,1,1,1,1),(2,2),(3.92699081698724,4.71238898038468,
5.49778714378213,6.28318530717958,7.06858347057703,7.85398163397448,8.63937979737192,
9.42477796076937,10.2101761241668,10.9955742875643,11.7809724509617,12.5663706143592,
13.3517687777566,14.1371669411541,14.9225651045515),(0.,1.),
 .UNSPECIFIED.);
#22=B_SPLINE_SURFACE_WITH_KNOTS('',3,1,((#2208,#2209),(#2210,#2211),(#2212,
#2213),(#2214,#2215),(#2216,#2217),(#2218,#2219),(#2220,#2221),(#2222,#2223),
(#2224,#2225),(#2226,#2227),(#2228,#2229)),.SURF_OF_LINEAR_EXTRUSION.,.T.,
 .F.,.F.,(1,1,1,1,1,1,1,1,1,1,1,1,1,1,1),(2,2),(-2.35619449019233,-1.57079632679489,
-0.785398163397437,1.12757025938493E-14,0.78539816339746,1.57079632679491,
2.35619449019236,3.1415926535898,3.92699081698725,4.7123889803847,5.49778714378215,
6.2831853071796,7.06858347057705,7.85398163397449,8.63937979737194),(0.,
1.),.UNSPECIFIED.);
#23=B_SPLINE_SURFACE_WITH_KNOTS('',3,1,((#2233,#2234),(#2235,#2236),(#2237,
#2238),(#2239,#2240),(#2241,#2242),(#2243,#2244),(#2245,#2246),(#2247,#2248),
(#2249,#2250),(#2251,#2252),(#2253,#2254)),.SURF_OF_LINEAR_EXTRUSION.,.T.,
 .F.,.F.,(1,1,1,1,1,1,1,1,1,1,1,1,1,1,1),(2,2),(-2.35619449019234,-1.5707963267949,
-0.785398163397448,0.,0.785398163397448,1.5707963267949,2.35619449019234,
3.14159265358979,3.92699081698724,4.71238898038469,5.49778714378214,6.28318530717959,
7.06858347057703,7.85398163397448,8.63937979737193),(0.,1.),
 .UNSPECIFIED.);
#24=B_SPLINE_SURFACE_WITH_KNOTS('',3,1,((#2258,#2259),(#2260,#2261),(#2262,
#2263),(#2264,#2265),(#2266,#2267),(#2268,#2269),(#2270,#2271),(#2272,#2273),
(#2274,#2275),(#2276,#2277),(#2278,#2279)),.SURF_OF_LINEAR_EXTRUSION.,.T.,
 .F.,.F.,(1,1,1,1,1,1,1,1,1,1,1,1,1,1,1),(2,2),(3.92699081698724,4.71238898038468,
5.49778714378213,6.28318530717958,7.06858347057703,7.85398163397448,8.63937979737193,
9.42477796076937,10.2101761241668,10.9955742875643,11.7809724509617,12.5663706143592,
13.3517687777566,14.1371669411541,14.9225651045515),(0.,1.),
 .UNSPECIFIED.);
#25=B_SPLINE_SURFACE_WITH_KNOTS('',3,1,((#2283,#2284),(#2285,#2286),(#2287,
#2288),(#2289,#2290),(#2291,#2292),(#2293,#2294),(#2295,#2296),(#2297,#2298),
(#2299,#2300),(#2301,#2302),(#2303,#2304)),.SURF_OF_LINEAR_EXTRUSION.,.T.,
 .F.,.F.,(1,1,1,1,1,1,1,1,1,1,1,1,1,1,1),(2,2),(-2.35619449019233,-1.57079632679488,
-0.785398163397432,1.56509962158406E-14,0.785398163397464,1.57079632679491,
2.35619449019236,3.14159265358981,3.92699081698726,4.71238898038471,5.49778714378215,
6.2831853071796,7.06858347057705,7.8539816339745,8.63937979737195),(0.,
1.),.UNSPECIFIED.);
#26=B_SPLINE_SURFACE_WITH_KNOTS('',3,1,((#2308,#2309),(#2310,#2311),(#2312,
#2313),(#2314,#2315),(#2316,#2317),(#2318,#2319),(#2320,#2321),(#2322,#2323),
(#2324,#2325),(#2326,#2327),(#2328,#2329)),.SURF_OF_LINEAR_EXTRUSION.,.T.,
 .F.,.F.,(1,1,1,1,1,1,1,1,1,1,1,1,1,1,1),(2,2),(-2.35619449019234,-1.57079632679489,
-0.785398163397446,2.69845874040836E-15,0.785398163397451,1.5707963267949,
2.35619449019235,3.1415926535898,3.92699081698724,4.71238898038469,5.49778714378214,
6.28318530717959,7.06858347057704,7.85398163397449,8.63937979737193),(0.,
1.),.UNSPECIFIED.);
#27=ELLIPSE('',#1451,0.00194855715851486,0.00112499999999996);
#28=ELLIPSE('',#1452,0.00194855715851488,0.00112499999999992);
#29=ELLIPSE('',#1453,0.00194855715851489,0.00112499999999996);
#30=ELLIPSE('',#1454,0.00194855715851481,0.001125);
#31=ELLIPSE('',#1455,0.0019485571585149,0.00112499999999996);
#32=ELLIPSE('',#1456,0.00194855715851494,0.00112499999999996);
#33=ELLIPSE('',#1458,0.00194855715851497,0.001125);
#34=ELLIPSE('',#1459,0.00194855715851496,0.00112499999999998);
#35=ELLIPSE('',#1460,0.00194855715851501,0.00112500000000002);
#36=ELLIPSE('',#1461,0.00194855715851505,0.00112499999999998);
#37=ELLIPSE('',#1462,0.001948557158515,0.001125);
#38=ELLIPSE('',#1464,0.00194855715851499,0.001125);
#39=ELLIPSE('',#1465,0.00194855715851497,0.001125);
#40=ELLIPSE('',#1466,0.001948557158515,0.00112500000000006);
#41=ELLIPSE('',#1467,0.00194855715851501,0.00112500000000003);
#42=ELLIPSE('',#1468,0.00194855715851494,0.00112499999999996);
#43=ELLIPSE('',#1470,0.0019485571585149,0.00112499999999996);
#44=ELLIPSE('',#1472,0.00194855715851481,0.001125);
#45=ELLIPSE('',#1474,0.001948557158515,0.001125);
#46=ELLIPSE('',#1476,0.00194855715851505,0.00112499999999998);
#47=ELLIPSE('',#1478,0.00194855715851501,0.00112500000000003);
#48=ELLIPSE('',#1480,0.00194855715851501,0.00112500000000002);
#49=ELLIPSE('',#1482,0.001948557158515,0.00112500000000006);
#50=ELLIPSE('',#1484,0.00194855715851497,0.001125);
#51=ELLIPSE('',#1486,0.00194855715851499,0.001125);
#52=ELLIPSE('',#1488,0.00194855715851496,0.00112499999999998);
#53=ELLIPSE('',#1490,0.00194855715851489,0.00112499999999996);
#54=ELLIPSE('',#1492,0.00194855715851488,0.00112499999999992);
#55=ELLIPSE('',#1494,0.00194855715851486,0.00112499999999996);
#56=ELLIPSE('',#1496,0.00194855715851497,0.001125);
#57=OVER_RIDING_STYLED_ITEM('',(#1046),#983,#1044);
#58=OVER_RIDING_STYLED_ITEM('',(#1047),#984,#1044);
#59=OVER_RIDING_STYLED_ITEM('',(#1048),#985,#1044);
#60=OVER_RIDING_STYLED_ITEM('',(#1049),#986,#1044);
#61=OVER_RIDING_STYLED_ITEM('',(#1050),#987,#1044);
#62=OVER_RIDING_STYLED_ITEM('',(#1051),#988,#1044);
#63=OVER_RIDING_STYLED_ITEM('',(#1052),#989,#1044);
#64=OVER_RIDING_STYLED_ITEM('',(#1053),#990,#1044);
#65=OVER_RIDING_STYLED_ITEM('',(#1054),#991,#1044);
#66=OVER_RIDING_STYLED_ITEM('',(#1055),#992,#1044);
#67=OVER_RIDING_STYLED_ITEM('',(#1056),#993,#1044);
#68=OVER_RIDING_STYLED_ITEM('',(#1057),#994,#1044);
#69=OVER_RIDING_STYLED_ITEM('',(#1058),#995,#1044);
#70=OVER_RIDING_STYLED_ITEM('',(#1059),#996,#1044);
#71=OVER_RIDING_STYLED_ITEM('',(#1060),#997,#1044);
#72=OVER_RIDING_STYLED_ITEM('',(#1061),#998,#1044);
#73=OVER_RIDING_STYLED_ITEM('',(#1062),#999,#1044);
#74=OVER_RIDING_STYLED_ITEM('',(#1063),#1000,#1044);
#75=OVER_RIDING_STYLED_ITEM('',(#1064),#1001,#1044);
#76=OVER_RIDING_STYLED_ITEM('',(#1065),#1002,#1044);
#77=OVER_RIDING_STYLED_ITEM('',(#1066),#1003,#1044);
#78=OVER_RIDING_STYLED_ITEM('',(#1067),#1004,#1044);
#79=OVER_RIDING_STYLED_ITEM('',(#1068),#1005,#1044);
#80=OVER_RIDING_STYLED_ITEM('',(#1069),#1006,#1044);
#81=OVER_RIDING_STYLED_ITEM('',(#1070),#1007,#1044);
#82=OVER_RIDING_STYLED_ITEM('',(#1071),#1008,#1044);
#83=OVER_RIDING_STYLED_ITEM('',(#1072),#1009,#1044);
#84=OVER_RIDING_STYLED_ITEM('',(#1073),#1010,#1044);
#85=OVER_RIDING_STYLED_ITEM('',(#1074),#1011,#1044);
#86=OVER_RIDING_STYLED_ITEM('',(#1075),#1012,#1044);
#87=OVER_RIDING_STYLED_ITEM('',(#1076),#1013,#1044);
#88=OVER_RIDING_STYLED_ITEM('',(#1077),#1014,#1044);
#89=OVER_RIDING_STYLED_ITEM('',(#1078),#1015,#1044);
#90=OVER_RIDING_STYLED_ITEM('',(#1079),#1016,#1044);
#91=OVER_RIDING_STYLED_ITEM('',(#1080),#1017,#1044);
#92=OVER_RIDING_STYLED_ITEM('',(#1081),#1018,#1044);
#93=OVER_RIDING_STYLED_ITEM('',(#1082),#1019,#1044);
#94=OVER_RIDING_STYLED_ITEM('',(#1083),#1020,#1044);
#95=OVER_RIDING_STYLED_ITEM('',(#1084),#1021,#1044);
#96=OVER_RIDING_STYLED_ITEM('',(#1085),#1022,#1044);
#97=OVER_RIDING_STYLED_ITEM('',(#1086),#1023,#1044);
#98=OVER_RIDING_STYLED_ITEM('',(#1087),#1024,#1044);
#99=OVER_RIDING_STYLED_ITEM('',(#1088),#1025,#1044);
#100=OVER_RIDING_STYLED_ITEM('',(#1089),#1026,#1044);
#101=OVER_RIDING_STYLED_ITEM('',(#1090),#1027,#1044);
#102=OVER_RIDING_STYLED_ITEM('',(#1091),#1028,#1044);
#103=OVER_RIDING_STYLED_ITEM('',(#1092),#1029,#1044);
#104=OVER_RIDING_STYLED_ITEM('',(#1093),#1030,#1044);
#105=OVER_RIDING_STYLED_ITEM('',(#1094),#1031,#1044);
#106=OVER_RIDING_STYLED_ITEM('',(#1095),#1032,#1044);
#107=OVER_RIDING_STYLED_ITEM('',(#1096),#1033,#1044);
#108=OVER_RIDING_STYLED_ITEM('',(#1097),#1034,#1044);
#109=OVER_RIDING_STYLED_ITEM('',(#1098),#1035,#1044);
#110=OVER_RIDING_STYLED_ITEM('',(#1099),#1036,#1044);
#111=OVER_RIDING_STYLED_ITEM('',(#1100),#1037,#1044);
#112=OVER_RIDING_STYLED_ITEM('',(#1101),#1038,#1044);
#113=OVER_RIDING_STYLED_ITEM('',(#1102),#1039,#1044);
#114=OVER_RIDING_STYLED_ITEM('',(#1103),#1040,#1044);
#115=OVER_RIDING_STYLED_ITEM('',(#1104),#1041,#1044);
#116=OVER_RIDING_STYLED_ITEM('',(#1105),#1042,#1044);
#117=ORIENTED_EDGE('',*,*,#351,.F.);
#118=ORIENTED_EDGE('',*,*,#352,.T.);
#119=ORIENTED_EDGE('',*,*,#353,.F.);
#120=ORIENTED_EDGE('',*,*,#354,.F.);
#121=ORIENTED_EDGE('',*,*,#355,.T.);
#122=ORIENTED_EDGE('',*,*,#356,.T.);
#123=ORIENTED_EDGE('',*,*,#354,.T.);
#124=ORIENTED_EDGE('',*,*,#357,.T.);
#125=ORIENTED_EDGE('',*,*,#358,.F.);
#126=ORIENTED_EDGE('',*,*,#359,.F.);
#127=ORIENTED_EDGE('',*,*,#360,.T.);
#128=ORIENTED_EDGE('',*,*,#358,.T.);
#129=ORIENTED_EDGE('',*,*,#361,.T.);
#130=ORIENTED_EDGE('',*,*,#352,.F.);
#131=ORIENTED_EDGE('',*,*,#362,.F.);
#132=ORIENTED_EDGE('',*,*,#363,.F.);
#133=ORIENTED_EDGE('',*,*,#364,.T.);
#134=ORIENTED_EDGE('',*,*,#365,.T.);
#135=ORIENTED_EDGE('',*,*,#366,.T.);
#136=ORIENTED_EDGE('',*,*,#367,.F.);
#137=ORIENTED_EDGE('',*,*,#368,.F.);
#138=ORIENTED_EDGE('',*,*,#359,.T.);
#139=ORIENTED_EDGE('',*,*,#369,.F.);
#140=ORIENTED_EDGE('',*,*,#353,.T.);
#141=ORIENTED_EDGE('',*,*,#369,.T.);
#142=ORIENTED_EDGE('',*,*,#361,.F.);
#143=ORIENTED_EDGE('',*,*,#357,.F.);
#144=ORIENTED_EDGE('',*,*,#355,.F.);
#145=ORIENTED_EDGE('',*,*,#360,.F.);
#146=ORIENTED_EDGE('',*,*,#368,.T.);
#147=ORIENTED_EDGE('',*,*,#370,.T.);
#148=ORIENTED_EDGE('',*,*,#371,.F.);
#149=ORIENTED_EDGE('',*,*,#372,.F.);
#150=ORIENTED_EDGE('',*,*,#373,.F.);
#151=ORIENTED_EDGE('',*,*,#374,.F.);
#152=ORIENTED_EDGE('',*,*,#375,.F.);
#153=ORIENTED_EDGE('',*,*,#376,.F.);
#154=ORIENTED_EDGE('',*,*,#377,.F.);
#155=ORIENTED_EDGE('',*,*,#378,.F.);
#156=ORIENTED_EDGE('',*,*,#379,.T.);
#157=ORIENTED_EDGE('',*,*,#380,.F.);
#158=ORIENTED_EDGE('',*,*,#381,.F.);
#159=ORIENTED_EDGE('',*,*,#382,.F.);
#160=ORIENTED_EDGE('',*,*,#383,.T.);
#161=ORIENTED_EDGE('',*,*,#384,.T.);
#162=ORIENTED_EDGE('',*,*,#371,.T.);
#163=ORIENTED_EDGE('',*,*,#385,.F.);
#164=ORIENTED_EDGE('',*,*,#366,.F.);
#165=ORIENTED_EDGE('',*,*,#386,.T.);
#166=ORIENTED_EDGE('',*,*,#380,.T.);
#167=ORIENTED_EDGE('',*,*,#386,.F.);
#168=ORIENTED_EDGE('',*,*,#365,.F.);
#169=ORIENTED_EDGE('',*,*,#387,.T.);
#170=ORIENTED_EDGE('',*,*,#381,.T.);
#171=ORIENTED_EDGE('',*,*,#387,.F.);
#172=ORIENTED_EDGE('',*,*,#364,.F.);
#173=ORIENTED_EDGE('',*,*,#388,.T.);
#174=ORIENTED_EDGE('',*,*,#382,.T.);
#175=ORIENTED_EDGE('',*,*,#388,.F.);
#176=ORIENTED_EDGE('',*,*,#363,.T.);
#177=ORIENTED_EDGE('',*,*,#389,.T.);
#178=ORIENTED_EDGE('',*,*,#383,.F.);
#179=ORIENTED_EDGE('',*,*,#362,.T.);
#180=ORIENTED_EDGE('',*,*,#351,.T.);
#181=ORIENTED_EDGE('',*,*,#356,.F.);
#182=ORIENTED_EDGE('',*,*,#372,.T.);
#183=ORIENTED_EDGE('',*,*,#384,.F.);
#184=ORIENTED_EDGE('',*,*,#389,.F.);
#185=ORIENTED_EDGE('',*,*,#370,.F.);
#186=ORIENTED_EDGE('',*,*,#367,.T.);
#187=ORIENTED_EDGE('',*,*,#385,.T.);
#188=ORIENTED_EDGE('',*,*,#379,.F.);
#189=ORIENTED_EDGE('',*,*,#390,.F.);
#190=ORIENTED_EDGE('',*,*,#391,.F.);
#191=ORIENTED_EDGE('',*,*,#392,.T.);
#192=ORIENTED_EDGE('',*,*,#393,.T.);
#193=ORIENTED_EDGE('',*,*,#394,.F.);
#194=ORIENTED_EDGE('',*,*,#395,.F.);
#195=ORIENTED_EDGE('',*,*,#396,.T.);
#196=ORIENTED_EDGE('',*,*,#391,.T.);
#197=ORIENTED_EDGE('',*,*,#397,.F.);
#198=ORIENTED_EDGE('',*,*,#398,.F.);
#199=ORIENTED_EDGE('',*,*,#399,.T.);
#200=ORIENTED_EDGE('',*,*,#395,.T.);
#201=ORIENTED_EDGE('',*,*,#373,.T.);
#202=ORIENTED_EDGE('',*,*,#400,.F.);
#203=ORIENTED_EDGE('',*,*,#401,.F.);
#204=ORIENTED_EDGE('',*,*,#402,.T.);
#205=ORIENTED_EDGE('',*,*,#378,.T.);
#206=ORIENTED_EDGE('',*,*,#403,.F.);
#207=ORIENTED_EDGE('',*,*,#404,.F.);
#208=ORIENTED_EDGE('',*,*,#400,.T.);
#209=ORIENTED_EDGE('',*,*,#405,.F.);
#210=ORIENTED_EDGE('',*,*,#393,.F.);
#211=ORIENTED_EDGE('',*,*,#406,.T.);
#212=ORIENTED_EDGE('',*,*,#398,.T.);
#213=ORIENTED_EDGE('',*,*,#407,.T.);
#214=ORIENTED_EDGE('',*,*,#401,.T.);
#215=ORIENTED_EDGE('',*,*,#404,.T.);
#216=ORIENTED_EDGE('',*,*,#408,.T.);
#217=ORIENTED_EDGE('',*,*,#409,.T.);
#218=ORIENTED_EDGE('',*,*,#410,.T.);
#219=ORIENTED_EDGE('',*,*,#392,.F.);
#220=ORIENTED_EDGE('',*,*,#396,.F.);
#221=ORIENTED_EDGE('',*,*,#399,.F.);
#222=ORIENTED_EDGE('',*,*,#406,.F.);
#223=ORIENTED_EDGE('',*,*,#411,.F.);
#224=ORIENTED_EDGE('',*,*,#412,.F.);
#225=ORIENTED_EDGE('',*,*,#413,.F.);
#226=ORIENTED_EDGE('',*,*,#414,.F.);
#227=ORIENTED_EDGE('',*,*,#415,.F.);
#228=ORIENTED_EDGE('',*,*,#416,.F.);
#229=ORIENTED_EDGE('',*,*,#417,.F.);
#230=ORIENTED_EDGE('',*,*,#418,.F.);
#231=ORIENTED_EDGE('',*,*,#419,.F.);
#232=ORIENTED_EDGE('',*,*,#420,.F.);
#233=ORIENTED_EDGE('',*,*,#415,.T.);
#234=ORIENTED_EDGE('',*,*,#421,.T.);
#235=ORIENTED_EDGE('',*,*,#422,.F.);
#236=ORIENTED_EDGE('',*,*,#423,.F.);
#237=ORIENTED_EDGE('',*,*,#416,.T.);
#238=ORIENTED_EDGE('',*,*,#420,.T.);
#239=ORIENTED_EDGE('',*,*,#424,.F.);
#240=ORIENTED_EDGE('',*,*,#425,.F.);
#241=ORIENTED_EDGE('',*,*,#417,.T.);
#242=ORIENTED_EDGE('',*,*,#423,.T.);
#243=ORIENTED_EDGE('',*,*,#426,.F.);
#244=ORIENTED_EDGE('',*,*,#427,.F.);
#245=ORIENTED_EDGE('',*,*,#411,.T.);
#246=ORIENTED_EDGE('',*,*,#428,.T.);
#247=ORIENTED_EDGE('',*,*,#429,.F.);
#248=ORIENTED_EDGE('',*,*,#430,.F.);
#249=ORIENTED_EDGE('',*,*,#412,.T.);
#250=ORIENTED_EDGE('',*,*,#427,.T.);
#251=ORIENTED_EDGE('',*,*,#431,.F.);
#252=ORIENTED_EDGE('',*,*,#432,.F.);
#253=ORIENTED_EDGE('',*,*,#413,.T.);
#254=ORIENTED_EDGE('',*,*,#430,.T.);
#255=ORIENTED_EDGE('',*,*,#376,.T.);
#256=ORIENTED_EDGE('',*,*,#433,.F.);
#257=ORIENTED_EDGE('',*,*,#409,.F.);
#258=ORIENTED_EDGE('',*,*,#434,.T.);
#259=ORIENTED_EDGE('',*,*,#375,.T.);
#260=ORIENTED_EDGE('',*,*,#435,.F.);
#261=ORIENTED_EDGE('',*,*,#410,.F.);
#262=ORIENTED_EDGE('',*,*,#433,.T.);
#263=ORIENTED_EDGE('',*,*,#374,.T.);
#264=ORIENTED_EDGE('',*,*,#402,.F.);
#265=ORIENTED_EDGE('',*,*,#407,.F.);
#266=ORIENTED_EDGE('',*,*,#435,.T.);
#267=ORIENTED_EDGE('',*,*,#436,.F.);
#268=ORIENTED_EDGE('',*,*,#428,.F.);
#269=ORIENTED_EDGE('',*,*,#414,.T.);
#270=ORIENTED_EDGE('',*,*,#432,.T.);
#271=ORIENTED_EDGE('',*,*,#377,.T.);
#272=ORIENTED_EDGE('',*,*,#434,.F.);
#273=ORIENTED_EDGE('',*,*,#408,.F.);
#274=ORIENTED_EDGE('',*,*,#403,.T.);
#275=ORIENTED_EDGE('',*,*,#437,.F.);
#276=ORIENTED_EDGE('',*,*,#421,.F.);
#277=ORIENTED_EDGE('',*,*,#418,.T.);
#278=ORIENTED_EDGE('',*,*,#425,.T.);
#279=ORIENTED_EDGE('',*,*,#438,.F.);
#280=ORIENTED_EDGE('',*,*,#439,.F.);
#281=ORIENTED_EDGE('',*,*,#440,.F.);
#282=ORIENTED_EDGE('',*,*,#441,.F.);
#283=ORIENTED_EDGE('',*,*,#442,.F.);
#284=ORIENTED_EDGE('',*,*,#443,.F.);
#285=ORIENTED_EDGE('',*,*,#429,.T.);
#286=ORIENTED_EDGE('',*,*,#426,.T.);
#287=ORIENTED_EDGE('',*,*,#436,.T.);
#288=ORIENTED_EDGE('',*,*,#431,.T.);
#289=ORIENTED_EDGE('',*,*,#444,.F.);
#290=ORIENTED_EDGE('',*,*,#445,.F.);
#291=ORIENTED_EDGE('',*,*,#446,.F.);
#292=ORIENTED_EDGE('',*,*,#447,.F.);
#293=ORIENTED_EDGE('',*,*,#448,.F.);
#294=ORIENTED_EDGE('',*,*,#394,.T.);
#295=ORIENTED_EDGE('',*,*,#390,.T.);
#296=ORIENTED_EDGE('',*,*,#405,.T.);
#297=ORIENTED_EDGE('',*,*,#397,.T.);
#298=ORIENTED_EDGE('',*,*,#449,.F.);
#299=ORIENTED_EDGE('',*,*,#450,.F.);
#300=ORIENTED_EDGE('',*,*,#451,.F.);
#301=ORIENTED_EDGE('',*,*,#452,.F.);
#302=ORIENTED_EDGE('',*,*,#422,.T.);
#303=ORIENTED_EDGE('',*,*,#419,.T.);
#304=ORIENTED_EDGE('',*,*,#437,.T.);
#305=ORIENTED_EDGE('',*,*,#424,.T.);
#306=ORIENTED_EDGE('',*,*,#453,.F.);
#307=ORIENTED_EDGE('',*,*,#443,.T.);
#308=ORIENTED_EDGE('',*,*,#453,.T.);
#309=ORIENTED_EDGE('',*,*,#454,.F.);
#310=ORIENTED_EDGE('',*,*,#442,.T.);
#311=ORIENTED_EDGE('',*,*,#454,.T.);
#312=ORIENTED_EDGE('',*,*,#455,.F.);
#313=ORIENTED_EDGE('',*,*,#441,.T.);
#314=ORIENTED_EDGE('',*,*,#455,.T.);
#315=ORIENTED_EDGE('',*,*,#456,.F.);
#316=ORIENTED_EDGE('',*,*,#448,.T.);
#317=ORIENTED_EDGE('',*,*,#456,.T.);
#318=ORIENTED_EDGE('',*,*,#457,.F.);
#319=ORIENTED_EDGE('',*,*,#447,.T.);
#320=ORIENTED_EDGE('',*,*,#457,.T.);
#321=ORIENTED_EDGE('',*,*,#458,.F.);
#322=ORIENTED_EDGE('',*,*,#452,.T.);
#323=ORIENTED_EDGE('',*,*,#458,.T.);
#324=ORIENTED_EDGE('',*,*,#459,.F.);
#325=ORIENTED_EDGE('',*,*,#446,.T.);
#326=ORIENTED_EDGE('',*,*,#459,.T.);
#327=ORIENTED_EDGE('',*,*,#451,.T.);
#328=ORIENTED_EDGE('',*,*,#460,.F.);
#329=ORIENTED_EDGE('',*,*,#460,.T.);
#330=ORIENTED_EDGE('',*,*,#450,.T.);
#331=ORIENTED_EDGE('',*,*,#461,.F.);
#332=ORIENTED_EDGE('',*,*,#461,.T.);
#333=ORIENTED_EDGE('',*,*,#449,.T.);
#334=ORIENTED_EDGE('',*,*,#462,.F.);
#335=ORIENTED_EDGE('',*,*,#462,.T.);
#336=ORIENTED_EDGE('',*,*,#445,.T.);
#337=ORIENTED_EDGE('',*,*,#463,.F.);
#338=ORIENTED_EDGE('',*,*,#463,.T.);
#339=ORIENTED_EDGE('',*,*,#440,.T.);
#340=ORIENTED_EDGE('',*,*,#464,.F.);
#341=ORIENTED_EDGE('',*,*,#464,.T.);
#342=ORIENTED_EDGE('',*,*,#439,.T.);
#343=ORIENTED_EDGE('',*,*,#465,.F.);
#344=ORIENTED_EDGE('',*,*,#465,.T.);
#345=ORIENTED_EDGE('',*,*,#438,.T.);
#346=ORIENTED_EDGE('',*,*,#466,.F.);
#347=ORIENTED_EDGE('',*,*,#466,.T.);
#348=ORIENTED_EDGE('',*,*,#444,.T.);
#349=ORIENTED_EDGE('',*,*,#467,.F.);
#350=ORIENTED_EDGE('',*,*,#467,.T.);
#351=EDGE_CURVE('',#468,#469,#556,.T.);
#352=EDGE_CURVE('',#468,#470,#557,.T.);
#353=EDGE_CURVE('',#471,#470,#558,.T.);
#354=EDGE_CURVE('',#469,#471,#559,.T.);
#355=EDGE_CURVE('',#472,#473,#560,.T.);
#356=EDGE_CURVE('',#473,#469,#561,.T.);
#357=EDGE_CURVE('',#471,#474,#562,.T.);
#358=EDGE_CURVE('',#472,#474,#563,.T.);
#359=EDGE_CURVE('',#475,#476,#564,.T.);
#360=EDGE_CURVE('',#475,#472,#565,.T.);
#361=EDGE_CURVE('',#474,#476,#566,.T.);
#362=EDGE_CURVE('',#477,#468,#567,.T.);
#363=EDGE_CURVE('',#478,#477,#568,.T.);
#364=EDGE_CURVE('',#478,#479,#569,.T.);
#365=EDGE_CURVE('',#479,#480,#570,.T.);
#366=EDGE_CURVE('',#480,#481,#571,.T.);
#367=EDGE_CURVE('',#482,#481,#572,.T.);
#368=EDGE_CURVE('',#475,#482,#573,.T.);
#369=EDGE_CURVE('',#470,#476,#574,.T.);
#370=EDGE_CURVE('',#482,#483,#575,.T.);
#371=EDGE_CURVE('',#484,#483,#576,.T.);
#372=EDGE_CURVE('',#473,#484,#577,.T.);
#373=EDGE_CURVE('',#485,#486,#578,.T.);
#374=EDGE_CURVE('',#487,#485,#579,.T.);
#375=EDGE_CURVE('',#488,#487,#580,.T.);
#376=EDGE_CURVE('',#489,#488,#581,.T.);
#377=EDGE_CURVE('',#490,#489,#582,.T.);
#378=EDGE_CURVE('',#486,#490,#583,.T.);
#379=EDGE_CURVE('',#483,#491,#584,.T.);
#380=EDGE_CURVE('',#492,#491,#585,.T.);
#381=EDGE_CURVE('',#493,#492,#586,.T.);
#382=EDGE_CURVE('',#494,#493,#587,.T.);
#383=EDGE_CURVE('',#494,#495,#588,.T.);
#384=EDGE_CURVE('',#495,#484,#589,.T.);
#385=EDGE_CURVE('',#481,#491,#590,.T.);
#386=EDGE_CURVE('',#480,#492,#591,.T.);
#387=EDGE_CURVE('',#479,#493,#592,.T.);
#388=EDGE_CURVE('',#478,#494,#593,.T.);
#389=EDGE_CURVE('',#477,#495,#594,.T.);
#390=EDGE_CURVE('',#496,#497,#595,.T.);
#391=EDGE_CURVE('',#498,#496,#596,.T.);
#392=EDGE_CURVE('',#498,#499,#597,.T.);
#393=EDGE_CURVE('',#499,#497,#598,.T.);
#394=EDGE_CURVE('',#500,#496,#599,.T.);
#395=EDGE_CURVE('',#501,#500,#600,.T.);
#396=EDGE_CURVE('',#501,#498,#601,.T.);
#397=EDGE_CURVE('',#502,#500,#602,.T.);
#398=EDGE_CURVE('',#503,#502,#603,.T.);
#399=EDGE_CURVE('',#503,#501,#604,.T.);
#400=EDGE_CURVE('',#504,#486,#605,.T.);
#401=EDGE_CURVE('',#505,#504,#606,.T.);
#402=EDGE_CURVE('',#505,#485,#607,.T.);
#403=EDGE_CURVE('',#506,#490,#608,.T.);
#404=EDGE_CURVE('',#504,#506,#609,.T.);
#405=EDGE_CURVE('',#497,#502,#610,.T.);
#406=EDGE_CURVE('',#499,#503,#611,.T.);
#407=EDGE_CURVE('',#507,#505,#612,.T.);
#408=EDGE_CURVE('',#506,#508,#613,.T.);
#409=EDGE_CURVE('',#508,#509,#614,.T.);
#410=EDGE_CURVE('',#509,#507,#615,.T.);
#411=EDGE_CURVE('',#510,#511,#616,.T.);
#412=EDGE_CURVE('',#512,#510,#617,.T.);
#413=EDGE_CURVE('',#513,#512,#618,.T.);
#414=EDGE_CURVE('',#511,#513,#619,.T.);
#415=EDGE_CURVE('',#514,#515,#620,.T.);
#416=EDGE_CURVE('',#516,#514,#621,.T.);
#417=EDGE_CURVE('',#517,#516,#622,.T.);
#418=EDGE_CURVE('',#515,#517,#623,.T.);
#419=EDGE_CURVE('',#518,#519,#624,.T.);
#420=EDGE_CURVE('',#514,#518,#625,.T.);
#421=EDGE_CURVE('',#515,#519,#626,.T.);
#422=EDGE_CURVE('',#520,#518,#627,.T.);
#423=EDGE_CURVE('',#516,#520,#628,.T.);
#424=EDGE_CURVE('',#521,#520,#629,.T.);
#425=EDGE_CURVE('',#517,#521,#630,.T.);
#426=EDGE_CURVE('',#522,#523,#631,.T.);
#427=EDGE_CURVE('',#510,#522,#632,.T.);
#428=EDGE_CURVE('',#511,#523,#633,.T.);
#429=EDGE_CURVE('',#524,#522,#634,.T.);
#430=EDGE_CURVE('',#512,#524,#635,.T.);
#431=EDGE_CURVE('',#525,#524,#636,.T.);
#432=EDGE_CURVE('',#513,#525,#637,.T.);
#433=EDGE_CURVE('',#509,#488,#638,.T.);
#434=EDGE_CURVE('',#508,#489,#639,.T.);
#435=EDGE_CURVE('',#507,#487,#640,.T.);
#436=EDGE_CURVE('',#523,#525,#641,.T.);
#437=EDGE_CURVE('',#519,#521,#642,.T.);
#438=EDGE_CURVE('',#526,#526,#27,.T.);
#439=EDGE_CURVE('',#527,#527,#28,.T.);
#440=EDGE_CURVE('',#528,#528,#29,.T.);
#441=EDGE_CURVE('',#529,#529,#30,.T.);
#442=EDGE_CURVE('',#530,#530,#31,.T.);
#443=EDGE_CURVE('',#531,#531,#32,.T.);
#444=EDGE_CURVE('',#532,#532,#33,.T.);
#445=EDGE_CURVE('',#533,#533,#34,.T.);
#446=EDGE_CURVE('',#534,#534,#35,.T.);
#447=EDGE_CURVE('',#535,#535,#36,.T.);
#448=EDGE_CURVE('',#536,#536,#37,.T.);
#449=EDGE_CURVE('',#537,#537,#38,.T.);
#450=EDGE_CURVE('',#538,#538,#39,.T.);
#451=EDGE_CURVE('',#539,#539,#40,.T.);
#452=EDGE_CURVE('',#540,#540,#41,.T.);
#453=EDGE_CURVE('',#541,#541,#42,.T.);
#454=EDGE_CURVE('',#542,#542,#43,.T.);
#455=EDGE_CURVE('',#543,#543,#44,.T.);
#456=EDGE_CURVE('',#544,#544,#45,.T.);
#457=EDGE_CURVE('',#545,#545,#46,.T.);
#458=EDGE_CURVE('',#546,#546,#47,.T.);
#459=EDGE_CURVE('',#547,#547,#48,.T.);
#460=EDGE_CURVE('',#548,#548,#49,.T.);
#461=EDGE_CURVE('',#549,#549,#50,.T.);
#462=EDGE_CURVE('',#550,#550,#51,.T.);
#463=EDGE_CURVE('',#551,#551,#52,.T.);
#464=EDGE_CURVE('',#552,#552,#53,.T.);
#465=EDGE_CURVE('',#553,#553,#54,.T.);
#466=EDGE_CURVE('',#554,#554,#55,.T.);
#467=EDGE_CURVE('',#555,#555,#56,.T.);
#468=VERTEX_POINT('',#1750);
#469=VERTEX_POINT('',#1751);
#470=VERTEX_POINT('',#1753);
#471=VERTEX_POINT('',#1755);
#472=VERTEX_POINT('',#1759);
#473=VERTEX_POINT('',#1760);
#474=VERTEX_POINT('',#1763);
#475=VERTEX_POINT('',#1767);
#476=VERTEX_POINT('',#1768);
#477=VERTEX_POINT('',#1773);
#478=VERTEX_POINT('',#1775);
#479=VERTEX_POINT('',#1777);
#480=VERTEX_POINT('',#1779);
#481=VERTEX_POINT('',#1781);
#482=VERTEX_POINT('',#1783);
#483=VERTEX_POINT('',#1789);
#484=VERTEX_POINT('',#1791);
#485=VERTEX_POINT('',#1795);
#486=VERTEX_POINT('',#1796);
#487=VERTEX_POINT('',#1798);
#488=VERTEX_POINT('',#1800);
#489=VERTEX_POINT('',#1802);
#490=VERTEX_POINT('',#1804);
#491=VERTEX_POINT('',#1807);
#492=VERTEX_POINT('',#1809);
#493=VERTEX_POINT('',#1811);
#494=VERTEX_POINT('',#1813);
#495=VERTEX_POINT('',#1815);
#496=VERTEX_POINT('',#1830);
#497=VERTEX_POINT('',#1831);
#498=VERTEX_POINT('',#1833);
#499=VERTEX_POINT('',#1835);
#500=VERTEX_POINT('',#1839);
#501=VERTEX_POINT('',#1841);
#502=VERTEX_POINT('',#1845);
#503=VERTEX_POINT('',#1847);
#504=VERTEX_POINT('',#1851);
#505=VERTEX_POINT('',#1853);
#506=VERTEX_POINT('',#1857);
#507=VERTEX_POINT('',#1864);
#508=VERTEX_POINT('',#1866);
#509=VERTEX_POINT('',#1868);
#510=VERTEX_POINT('',#1871);
#511=VERTEX_POINT('',#1872);
#512=VERTEX_POINT('',#1874);
#513=VERTEX_POINT('',#1876);
#514=VERTEX_POINT('',#1879);
#515=VERTEX_POINT('',#1880);
#516=VERTEX_POINT('',#1882);
#517=VERTEX_POINT('',#1884);
#518=VERTEX_POINT('',#1888);
#519=VERTEX_POINT('',#1889);
#520=VERTEX_POINT('',#1894);
#521=VERTEX_POINT('',#1898);
#522=VERTEX_POINT('',#1902);
#523=VERTEX_POINT('',#1903);
#524=VERTEX_POINT('',#1908);
#525=VERTEX_POINT('',#1912);
#526=VERTEX_POINT('',#1927);
#527=VERTEX_POINT('',#1929);
#528=VERTEX_POINT('',#1931);
#529=VERTEX_POINT('',#1933);
#530=VERTEX_POINT('',#1935);
#531=VERTEX_POINT('',#1937);
#532=VERTEX_POINT('',#1940);
#533=VERTEX_POINT('',#1942);
#534=VERTEX_POINT('',#1944);
#535=VERTEX_POINT('',#1946);
#536=VERTEX_POINT('',#1948);
#537=VERTEX_POINT('',#1951);
#538=VERTEX_POINT('',#1953);
#539=VERTEX_POINT('',#1955);
#540=VERTEX_POINT('',#1957);
#541=VERTEX_POINT('',#1981);
#542=VERTEX_POINT('',#2006);
#543=VERTEX_POINT('',#2031);
#544=VERTEX_POINT('',#2056);
#545=VERTEX_POINT('',#2081);
#546=VERTEX_POINT('',#2106);
#547=VERTEX_POINT('',#2131);
#548=VERTEX_POINT('',#2156);
#549=VERTEX_POINT('',#2181);
#550=VERTEX_POINT('',#2206);
#551=VERTEX_POINT('',#2231);
#552=VERTEX_POINT('',#2256);
#553=VERTEX_POINT('',#2281);
#554=VERTEX_POINT('',#2306);
#555=VERTEX_POINT('',#2331);
#556=LINE('',#1749,#643);
#557=LINE('',#1752,#644);
#558=LINE('',#1754,#645);
#559=LINE('',#1756,#646);
#560=LINE('',#1758,#647);
#561=LINE('',#1761,#648);
#562=LINE('',#1762,#649);
#563=LINE('',#1764,#650);
#564=LINE('',#1766,#651);
#565=LINE('',#1769,#652);
#566=LINE('',#1770,#653);
#567=LINE('',#1772,#654);
#568=LINE('',#1774,#655);
#569=LINE('',#1776,#656);
#570=LINE('',#1778,#657);
#571=LINE('',#1780,#658);
#572=LINE('',#1782,#659);
#573=LINE('',#1784,#660);
#574=LINE('',#1785,#661);
#575=LINE('',#1788,#662);
#576=LINE('',#1790,#663);
#577=LINE('',#1792,#664);
#578=LINE('',#1794,#665);
#579=LINE('',#1797,#666);
#580=LINE('',#1799,#667);
#581=LINE('',#1801,#668);
#582=LINE('',#1803,#669);
#583=LINE('',#1805,#670);
#584=LINE('',#1806,#671);
#585=LINE('',#1808,#672);
#586=LINE('',#1810,#673);
#587=LINE('',#1812,#674);
#588=LINE('',#1814,#675);
#589=LINE('',#1816,#676);
#590=LINE('',#1818,#677);
#591=LINE('',#1819,#678);
#592=LINE('',#1821,#679);
#593=LINE('',#1823,#680);
#594=LINE('',#1825,#681);
#595=LINE('',#1829,#682);
#596=LINE('',#1832,#683);
#597=LINE('',#1834,#684);
#598=LINE('',#1836,#685);
#599=LINE('',#1838,#686);
#600=LINE('',#1840,#687);
#601=LINE('',#1842,#688);
#602=LINE('',#1844,#689);
#603=LINE('',#1846,#690);
#604=LINE('',#1848,#691);
#605=LINE('',#1850,#692);
#606=LINE('',#1852,#693);
#607=LINE('',#1854,#694);
#608=LINE('',#1856,#695);
#609=LINE('',#1858,#696);
#610=LINE('',#1860,#697);
#611=LINE('',#1861,#698);
#612=LINE('',#1863,#699);
#613=LINE('',#1865,#700);
#614=LINE('',#1867,#701);
#615=LINE('',#1869,#702);
#616=LINE('',#1870,#703);
#617=LINE('',#1873,#704);
#618=LINE('',#1875,#705);
#619=LINE('',#1877,#706);
#620=LINE('',#1878,#707);
#621=LINE('',#1881,#708);
#622=LINE('',#1883,#709);
#623=LINE('',#1885,#710);
#624=LINE('',#1887,#711);
#625=LINE('',#1890,#712);
#626=LINE('',#1891,#713);
#627=LINE('',#1893,#714);
#628=LINE('',#1895,#715);
#629=LINE('',#1897,#716);
#630=LINE('',#1899,#717);
#631=LINE('',#1901,#718);
#632=LINE('',#1904,#719);
#633=LINE('',#1905,#720);
#634=LINE('',#1907,#721);
#635=LINE('',#1909,#722);
#636=LINE('',#1911,#723);
#637=LINE('',#1913,#724);
#638=LINE('',#1915,#725);
#639=LINE('',#1916,#726);
#640=LINE('',#1918,#727);
#641=LINE('',#1921,#728);
#642=LINE('',#1924,#729);
#643=VECTOR('',#1502,1.);
#644=VECTOR('',#1503,1.);
#645=VECTOR('',#1504,1.);
#646=VECTOR('',#1505,1.);
#647=VECTOR('',#1508,1.);
#648=VECTOR('',#1509,1.);
#649=VECTOR('',#1510,1.);
#650=VECTOR('',#1511,1.);
#651=VECTOR('',#1514,1.);
#652=VECTOR('',#1515,1.);
#653=VECTOR('',#1516,1.);
#654=VECTOR('',#1519,1.);
#655=VECTOR('',#1520,1.);
#656=VECTOR('',#1521,1.);
#657=VECTOR('',#1522,1.);
#658=VECTOR('',#1523,1.);
#659=VECTOR('',#1524,1.);
#660=VECTOR('',#1525,1.);
#661=VECTOR('',#1526,1.);
#662=VECTOR('',#1531,1.);
#663=VECTOR('',#1532,1.);
#664=VECTOR('',#1533,1.);
#665=VECTOR('',#1536,1.);
#666=VECTOR('',#1537,1.);
#667=VECTOR('',#1538,1.);
#668=VECTOR('',#1539,1.);
#669=VECTOR('',#1540,1.);
#670=VECTOR('',#1541,1.);
#671=VECTOR('',#1542,1.);
#672=VECTOR('',#1543,1.);
#673=VECTOR('',#1544,1.);
#674=VECTOR('',#1545,1.);
#675=VECTOR('',#1546,1.);
#676=VECTOR('',#1547,1.);
#677=VECTOR('',#1550,1.);
#678=VECTOR('',#1551,1.);
#679=VECTOR('',#1554,1.);
#680=VECTOR('',#1557,1.);
#681=VECTOR('',#1560,1.);
#682=VECTOR('',#1567,1.);
#683=VECTOR('',#1568,1.);
#684=VECTOR('',#1569,1.);
#685=VECTOR('',#1570,1.);
#686=VECTOR('',#1573,1.);
#687=VECTOR('',#1574,1.);
#688=VECTOR('',#1575,1.);
#689=VECTOR('',#1578,1.);
#690=VECTOR('',#1579,1.);
#691=VECTOR('',#1580,1.);
#692=VECTOR('',#1583,1.);
#693=VECTOR('',#1584,1.);
#694=VECTOR('',#1585,1.);
#695=VECTOR('',#1588,1.);
#696=VECTOR('',#1589,1.);
#697=VECTOR('',#1592,1.);
#698=VECTOR('',#1593,1.);
#699=VECTOR('',#1596,1.);
#700=VECTOR('',#1597,1.);
#701=VECTOR('',#1598,1.);
#702=VECTOR('',#1599,1.);
#703=VECTOR('',#1600,1.);
#704=VECTOR('',#1601,1.);
#705=VECTOR('',#1602,1.);
#706=VECTOR('',#1603,1.);
#707=VECTOR('',#1604,1.);
#708=VECTOR('',#1605,1.);
#709=VECTOR('',#1606,1.);
#710=VECTOR('',#1607,1.);
#711=VECTOR('',#1610,1.);
#712=VECTOR('',#1611,1.);
#713=VECTOR('',#1612,1.);
#714=VECTOR('',#1615,1.);
#715=VECTOR('',#1616,1.);
#716=VECTOR('',#1619,1.);
#717=VECTOR('',#1620,1.);
#718=VECTOR('',#1623,1.);
#719=VECTOR('',#1624,1.);
#720=VECTOR('',#1625,1.);
#721=VECTOR('',#1628,1.);
#722=VECTOR('',#1629,1.);
#723=VECTOR('',#1632,1.);
#724=VECTOR('',#1633,1.);
#725=VECTOR('',#1636,1.);
#726=VECTOR('',#1637,1.);
#727=VECTOR('',#1640,1.);
#728=VECTOR('',#1645,1.);
#729=VECTOR('',#1650,1.);
#730=EDGE_LOOP('',(#117,#118,#119,#120));
#731=EDGE_LOOP('',(#121,#122,#123,#124,#125));
#732=EDGE_LOOP('',(#126,#127,#128,#129));
#733=EDGE_LOOP('',(#130,#131,#132,#133,#134,#135,#136,#137,#138,#139));
#734=EDGE_LOOP('',(#140,#141,#142,#143));
#735=EDGE_LOOP('',(#144,#145,#146,#147,#148,#149));
#736=EDGE_LOOP('',(#150,#151,#152,#153,#154,#155));
#737=EDGE_LOOP('',(#156,#157,#158,#159,#160,#161,#162));
#738=EDGE_LOOP('',(#163,#164,#165,#166));
#739=EDGE_LOOP('',(#167,#168,#169,#170));
#740=EDGE_LOOP('',(#171,#172,#173,#174));
#741=EDGE_LOOP('',(#175,#176,#177,#178));
#742=EDGE_LOOP('',(#179,#180,#181,#182,#183,#184));
#743=EDGE_LOOP('',(#185,#186,#187,#188));
#744=EDGE_LOOP('',(#189,#190,#191,#192));
#745=EDGE_LOOP('',(#193,#194,#195,#196));
#746=EDGE_LOOP('',(#197,#198,#199,#200));
#747=EDGE_LOOP('',(#201,#202,#203,#204));
#748=EDGE_LOOP('',(#205,#206,#207,#208));
#749=EDGE_LOOP('',(#209,#210,#211,#212));
#750=EDGE_LOOP('',(#213,#214,#215,#216,#217,#218));
#751=EDGE_LOOP('',(#219,#220,#221,#222));
#752=EDGE_LOOP('',(#223,#224,#225,#226));
#753=EDGE_LOOP('',(#227,#228,#229,#230));
#754=EDGE_LOOP('',(#231,#232,#233,#234));
#755=EDGE_LOOP('',(#235,#236,#237,#238));
#756=EDGE_LOOP('',(#239,#240,#241,#242));
#757=EDGE_LOOP('',(#243,#244,#245,#246));
#758=EDGE_LOOP('',(#247,#248,#249,#250));
#759=EDGE_LOOP('',(#251,#252,#253,#254));
#760=EDGE_LOOP('',(#255,#256,#257,#258));
#761=EDGE_LOOP('',(#259,#260,#261,#262));
#762=EDGE_LOOP('',(#263,#264,#265,#266));
#763=EDGE_LOOP('',(#267,#268,#269,#270));
#764=EDGE_LOOP('',(#271,#272,#273,#274));
#765=EDGE_LOOP('',(#275,#276,#277,#278));
#766=EDGE_LOOP('',(#279));
#767=EDGE_LOOP('',(#280));
#768=EDGE_LOOP('',(#281));
#769=EDGE_LOOP('',(#282));
#770=EDGE_LOOP('',(#283));
#771=EDGE_LOOP('',(#284));
#772=EDGE_LOOP('',(#285,#286,#287,#288));
#773=EDGE_LOOP('',(#289));
#774=EDGE_LOOP('',(#290));
#775=EDGE_LOOP('',(#291));
#776=EDGE_LOOP('',(#292));
#777=EDGE_LOOP('',(#293));
#778=EDGE_LOOP('',(#294,#295,#296,#297));
#779=EDGE_LOOP('',(#298));
#780=EDGE_LOOP('',(#299));
#781=EDGE_LOOP('',(#300));
#782=EDGE_LOOP('',(#301));
#783=EDGE_LOOP('',(#302,#303,#304,#305));
#784=EDGE_LOOP('',(#306));
#785=EDGE_LOOP('',(#307));
#786=EDGE_LOOP('',(#308));
#787=EDGE_LOOP('',(#309));
#788=EDGE_LOOP('',(#310));
#789=EDGE_LOOP('',(#311));
#790=EDGE_LOOP('',(#312));
#791=EDGE_LOOP('',(#313));
#792=EDGE_LOOP('',(#314));
#793=EDGE_LOOP('',(#315));
#794=EDGE_LOOP('',(#316));
#795=EDGE_LOOP('',(#317));
#796=EDGE_LOOP('',(#318));
#797=EDGE_LOOP('',(#319));
#798=EDGE_LOOP('',(#320));
#799=EDGE_LOOP('',(#321));
#800=EDGE_LOOP('',(#322));
#801=EDGE_LOOP('',(#323));
#802=EDGE_LOOP('',(#324));
#803=EDGE_LOOP('',(#325));
#804=EDGE_LOOP('',(#326));
#805=EDGE_LOOP('',(#327));
#806=EDGE_LOOP('',(#328));
#807=EDGE_LOOP('',(#329));
#808=EDGE_LOOP('',(#330));
#809=EDGE_LOOP('',(#331));
#810=EDGE_LOOP('',(#332));
#811=EDGE_LOOP('',(#333));
#812=EDGE_LOOP('',(#334));
#813=EDGE_LOOP('',(#335));
#814=EDGE_LOOP('',(#336));
#815=EDGE_LOOP('',(#337));
#816=EDGE_LOOP('',(#338));
#817=EDGE_LOOP('',(#339));
#818=EDGE_LOOP('',(#340));
#819=EDGE_LOOP('',(#341));
#820=EDGE_LOOP('',(#342));
#821=EDGE_LOOP('',(#343));
#822=EDGE_LOOP('',(#344));
#823=EDGE_LOOP('',(#345));
#824=EDGE_LOOP('',(#346));
#825=EDGE_LOOP('',(#347));
#826=EDGE_LOOP('',(#348));
#827=EDGE_LOOP('',(#349));
#828=EDGE_LOOP('',(#350));
#829=FACE_BOUND('',#730,.T.);
#830=FACE_BOUND('',#731,.T.);
#831=FACE_BOUND('',#732,.T.);
#832=FACE_BOUND('',#733,.T.);
#833=FACE_BOUND('',#734,.T.);
#834=FACE_BOUND('',#735,.T.);
#835=FACE_BOUND('',#736,.T.);
#836=FACE_BOUND('',#737,.T.);
#837=FACE_BOUND('',#738,.T.);
#838=FACE_BOUND('',#739,.T.);
#839=FACE_BOUND('',#740,.T.);
#840=FACE_BOUND('',#741,.T.);
#841=FACE_BOUND('',#742,.T.);
#842=FACE_BOUND('',#743,.T.);
#843=FACE_BOUND('',#744,.T.);
#844=FACE_BOUND('',#745,.T.);
#845=FACE_BOUND('',#746,.T.);
#846=FACE_BOUND('',#747,.T.);
#847=FACE_BOUND('',#748,.T.);
#848=FACE_BOUND('',#749,.T.);
#849=FACE_BOUND('',#750,.T.);
#850=FACE_BOUND('',#751,.T.);
#851=FACE_BOUND('',#752,.T.);
#852=FACE_BOUND('',#753,.T.);
#853=FACE_BOUND('',#754,.T.);
#854=FACE_BOUND('',#755,.T.);
#855=FACE_BOUND('',#756,.T.);
#856=FACE_BOUND('',#757,.T.);
#857=FACE_BOUND('',#758,.T.);
#858=FACE_BOUND('',#759,.T.);
#859=FACE_BOUND('',#760,.T.);
#860=FACE_BOUND('',#761,.T.);
#861=FACE_BOUND('',#762,.T.);
#862=FACE_BOUND('',#763,.T.);
#863=FACE_BOUND('',#764,.T.);
#864=FACE_BOUND('',#765,.T.);
#865=FACE_BOUND('',#766,.T.);
#866=FACE_BOUND('',#767,.T.);
#867=FACE_BOUND('',#768,.T.);
#868=FACE_BOUND('',#769,.T.);
#869=FACE_BOUND('',#770,.T.);
#870=FACE_BOUND('',#771,.T.);
#871=FACE_BOUND('',#772,.T.);
#872=FACE_BOUND('',#773,.T.);
#873=FACE_BOUND('',#774,.T.);
#874=FACE_BOUND('',#775,.T.);
#875=FACE_BOUND('',#776,.T.);
#876=FACE_BOUND('',#777,.T.);
#877=FACE_BOUND('',#778,.T.);
#878=FACE_BOUND('',#779,.T.);
#879=FACE_BOUND('',#780,.T.);
#880=FACE_BOUND('',#781,.T.);
#881=FACE_BOUND('',#782,.T.);
#882=FACE_BOUND('',#783,.T.);
#883=FACE_BOUND('',#784,.T.);
#884=FACE_BOUND('',#785,.T.);
#885=FACE_BOUND('',#786,.T.);
#886=FACE_BOUND('',#787,.T.);
#887=FACE_BOUND('',#788,.T.);
#888=FACE_BOUND('',#789,.T.);
#889=FACE_BOUND('',#790,.T.);
#890=FACE_BOUND('',#791,.T.);
#891=FACE_BOUND('',#792,.T.);
#892=FACE_BOUND('',#793,.T.);
#893=FACE_BOUND('',#794,.T.);
#894=FACE_BOUND('',#795,.T.);
#895=FACE_BOUND('',#796,.T.);
#896=FACE_BOUND('',#797,.T.);
#897=FACE_BOUND('',#798,.T.);
#898=FACE_BOUND('',#799,.T.);
#899=FACE_BOUND('',#800,.T.);
#900=FACE_BOUND('',#801,.T.);
#901=FACE_BOUND('',#802,.T.);
#902=FACE_BOUND('',#803,.T.);
#903=FACE_BOUND('',#804,.T.);
#904=FACE_BOUND('',#805,.T.);
#905=FACE_BOUND('',#806,.T.);
#906=FACE_BOUND('',#807,.T.);
#907=FACE_BOUND('',#808,.T.);
#908=FACE_BOUND('',#809,.T.);
#909=FACE_BOUND('',#810,.T.);
#910=FACE_BOUND('',#811,.T.);
#911=FACE_BOUND('',#812,.T.);
#912=FACE_BOUND('',#813,.T.);
#913=FACE_BOUND('',#814,.T.);
#914=FACE_BOUND('',#815,.T.);
#915=FACE_BOUND('',#816,.T.);
#916=FACE_BOUND('',#817,.T.);
#917=FACE_BOUND('',#818,.T.);
#918=FACE_BOUND('',#819,.T.);
#919=FACE_BOUND('',#820,.T.);
#920=FACE_BOUND('',#821,.T.);
#921=FACE_BOUND('',#822,.T.);
#922=FACE_BOUND('',#823,.T.);
#923=FACE_BOUND('',#824,.T.);
#924=FACE_BOUND('',#825,.T.);
#925=FACE_BOUND('',#826,.T.);
#926=FACE_BOUND('',#827,.T.);
#927=FACE_BOUND('',#828,.T.);
#928=PLANE('',#1418);
#929=PLANE('',#1419);
#930=PLANE('',#1420);
#931=PLANE('',#1421);
#932=PLANE('',#1422);
#933=PLANE('',#1423);
#934=PLANE('',#1424);
#935=PLANE('',#1425);
#936=PLANE('',#1426);
#937=PLANE('',#1427);
#938=PLANE('',#1428);
#939=PLANE('',#1429);
#940=PLANE('',#1430);
#941=PLANE('',#1431);
#942=PLANE('',#1432);
#943=PLANE('',#1433);
#944=PLANE('',#1434);
#945=PLANE('',#1435);
#946=PLANE('',#1436);
#947=PLANE('',#1437);
#948=PLANE('',#1438);
#949=PLANE('',#1439);
#950=PLANE('',#1440);
#951=PLANE('',#1441);
#952=PLANE('',#1442);
#953=PLANE('',#1443);
#954=PLANE('',#1444);
#955=PLANE('',#1445);
#956=PLANE('',#1446);
#957=PLANE('',#1447);
#958=PLANE('',#1448);
#959=PLANE('',#1449);
#960=PLANE('',#1450);
#961=PLANE('',#1457);
#962=PLANE('',#1463);
#963=PLANE('',#1469);
#964=PLANE('',#1471);
#965=PLANE('',#1473);
#966=PLANE('',#1475);
#967=PLANE('',#1477);
#968=PLANE('',#1479);
#969=PLANE('',#1481);
#970=PLANE('',#1483);
#971=PLANE('',#1485);
#972=PLANE('',#1487);
#973=PLANE('',#1489);
#974=PLANE('',#1491);
#975=PLANE('',#1493);
#976=PLANE('',#1495);
#977=PLANE('',#1497);
#978=ADVANCED_FACE('',(#829),#928,.T.);
#979=ADVANCED_FACE('',(#830),#929,.F.);
#980=ADVANCED_FACE('',(#831),#930,.F.);
#981=ADVANCED_FACE('',(#832),#931,.T.);
#982=ADVANCED_FACE('',(#833),#932,.F.);
#983=ADVANCED_FACE('Face appearance 2',(#834),#933,.T.);
#984=ADVANCED_FACE('Face appearance 1',(#835,#836),#934,.T.);
#985=ADVANCED_FACE('Face appearance 2',(#837),#935,.F.);
#986=ADVANCED_FACE('Face appearance 2',(#838),#936,.F.);
#987=ADVANCED_FACE('Face appearance 2',(#839),#937,.F.);
#988=ADVANCED_FACE('Face appearance 2',(#840),#938,.T.);
#989=ADVANCED_FACE('Face appearance 2',(#841),#939,.T.);
#990=ADVANCED_FACE('Face appearance 2',(#842),#940,.T.);
#991=ADVANCED_FACE('Face appearance 5',(#843),#941,.T.);
#992=ADVANCED_FACE('Face appearance 5',(#844),#942,.T.);
#993=ADVANCED_FACE('Face appearance 5',(#845),#943,.T.);
#994=ADVANCED_FACE('Face appearance 5',(#846),#944,.F.);
#995=ADVANCED_FACE('Face appearance 5',(#847),#945,.F.);
#996=ADVANCED_FACE('Face appearance 5',(#848),#946,.T.);
#997=ADVANCED_FACE('Face appearance 3',(#849,#850,#851,#852),#947,.T.);
#998=ADVANCED_FACE('Face appearance 5',(#853),#948,.T.);
#999=ADVANCED_FACE('Face appearance 5',(#854),#949,.T.);
#1000=ADVANCED_FACE('Face appearance 5',(#855),#950,.T.);
#1001=ADVANCED_FACE('Face appearance 5',(#856),#951,.T.);
#1002=ADVANCED_FACE('Face appearance 5',(#857),#952,.T.);
#1003=ADVANCED_FACE('Face appearance 5',(#858),#953,.T.);
#1004=ADVANCED_FACE('Face appearance 5',(#859),#954,.F.);
#1005=ADVANCED_FACE('Face appearance 5',(#860),#955,.F.);
#1006=ADVANCED_FACE('Face appearance 5',(#861),#956,.F.);
#1007=ADVANCED_FACE('Face appearance 5',(#862),#957,.T.);
#1008=ADVANCED_FACE('Face appearance 5',(#863),#958,.F.);
#1009=ADVANCED_FACE('Face appearance 5',(#864),#959,.T.);
#1010=ADVANCED_FACE('Face appearance 1',(#865,#866,#867,#868,#869,#870,
#871),#960,.T.);
#1011=ADVANCED_FACE('Face appearance 1',(#872,#873,#874,#875,#876,#877),
#961,.T.);
#1012=ADVANCED_FACE('Face appearance 1',(#878,#879,#880,#881,#882),#962,
 .T.);
#1013=ADVANCED_FACE('Face appearance 5',(#883,#884),#12,.F.);
#1014=ADVANCED_FACE('Face appearance 3',(#885),#963,.T.);
#1015=ADVANCED_FACE('Face appearance 5',(#886,#887),#13,.F.);
#1016=ADVANCED_FACE('Face appearance 3',(#888),#964,.T.);
#1017=ADVANCED_FACE('Face appearance 5',(#889,#890),#14,.F.);
#1018=ADVANCED_FACE('Face appearance 3',(#891),#965,.T.);
#1019=ADVANCED_FACE('Face appearance 5',(#892,#893),#15,.F.);
#1020=ADVANCED_FACE('Face appearance 3',(#894),#966,.T.);
#1021=ADVANCED_FACE('Face appearance 5',(#895,#896),#16,.F.);
#1022=ADVANCED_FACE('Face appearance 3',(#897),#967,.T.);
#1023=ADVANCED_FACE('Face appearance 5',(#898,#899),#17,.F.);
#1024=ADVANCED_FACE('Face appearance 3',(#900),#968,.T.);
#1025=ADVANCED_FACE('Face appearance 5',(#901,#902),#18,.F.);
#1026=ADVANCED_FACE('Face appearance 3',(#903),#969,.T.);
#1027=ADVANCED_FACE('Face appearance 5',(#904,#905),#19,.F.);
#1028=ADVANCED_FACE('Face appearance 3',(#906),#970,.T.);
#1029=ADVANCED_FACE('Face appearance 5',(#907,#908),#20,.F.);
#1030=ADVANCED_FACE('Face appearance 3',(#909),#971,.T.);
#1031=ADVANCED_FACE('Face appearance 5',(#910,#911),#21,.F.);
#1032=ADVANCED_FACE('Face appearance 3',(#912),#972,.T.);
#1033=ADVANCED_FACE('Face appearance 5',(#913,#914),#22,.F.);
#1034=ADVANCED_FACE('Face appearance 3',(#915),#973,.T.);
#1035=ADVANCED_FACE('Face appearance 5',(#916,#917),#23,.F.);
#1036=ADVANCED_FACE('Face appearance 3',(#918),#974,.T.);
#1037=ADVANCED_FACE('Face appearance 5',(#919,#920),#24,.F.);
#1038=ADVANCED_FACE('Face appearance 3',(#921),#975,.T.);
#1039=ADVANCED_FACE('Face appearance 5',(#922,#923),#25,.F.);
#1040=ADVANCED_FACE('Face appearance 3',(#924),#976,.T.);
#1041=ADVANCED_FACE('Face appearance 5',(#925,#926),#26,.F.);
#1042=ADVANCED_FACE('Face appearance 3',(#927),#977,.T.);
#1043=CLOSED_SHELL('',(#978,#979,#980,#981,#982,#983,#984,#985,#986,#987,
#988,#989,#990,#991,#992,#993,#994,#995,#996,#997,#998,#999,#1000,#1001,
#1002,#1003,#1004,#1005,#1006,#1007,#1008,#1009,#1010,#1011,#1012,#1013,
#1014,#1015,#1016,#1017,#1018,#1019,#1020,#1021,#1022,#1023,#1024,#1025,
#1026,#1027,#1028,#1029,#1030,#1031,#1032,#1033,#1034,#1035,#1036,#1037,
#1038,#1039,#1040,#1041,#1042));
#1044=STYLED_ITEM('',(#1045),#1414);
#1045=PRESENTATION_STYLE_ASSIGNMENT((#1106));
#1046=PRESENTATION_STYLE_ASSIGNMENT((#1107));
#1047=PRESENTATION_STYLE_ASSIGNMENT((#1108));
#1048=PRESENTATION_STYLE_ASSIGNMENT((#1109));
#1049=PRESENTATION_STYLE_ASSIGNMENT((#1110));
#1050=PRESENTATION_STYLE_ASSIGNMENT((#1111));
#1051=PRESENTATION_STYLE_ASSIGNMENT((#1112));
#1052=PRESENTATION_STYLE_ASSIGNMENT((#1113));
#1053=PRESENTATION_STYLE_ASSIGNMENT((#1114));
#1054=PRESENTATION_STYLE_ASSIGNMENT((#1115));
#1055=PRESENTATION_STYLE_ASSIGNMENT((#1116));
#1056=PRESENTATION_STYLE_ASSIGNMENT((#1117));
#1057=PRESENTATION_STYLE_ASSIGNMENT((#1118));
#1058=PRESENTATION_STYLE_ASSIGNMENT((#1119));
#1059=PRESENTATION_STYLE_ASSIGNMENT((#1120));
#1060=PRESENTATION_STYLE_ASSIGNMENT((#1121));
#1061=PRESENTATION_STYLE_ASSIGNMENT((#1122));
#1062=PRESENTATION_STYLE_ASSIGNMENT((#1123));
#1063=PRESENTATION_STYLE_ASSIGNMENT((#1124));
#1064=PRESENTATION_STYLE_ASSIGNMENT((#1125));
#1065=PRESENTATION_STYLE_ASSIGNMENT((#1126));
#1066=PRESENTATION_STYLE_ASSIGNMENT((#1127));
#1067=PRESENTATION_STYLE_ASSIGNMENT((#1128));
#1068=PRESENTATION_STYLE_ASSIGNMENT((#1129));
#1069=PRESENTATION_STYLE_ASSIGNMENT((#1130));
#1070=PRESENTATION_STYLE_ASSIGNMENT((#1131));
#1071=PRESENTATION_STYLE_ASSIGNMENT((#1132));
#1072=PRESENTATION_STYLE_ASSIGNMENT((#1133));
#1073=PRESENTATION_STYLE_ASSIGNMENT((#1134));
#1074=PRESENTATION_STYLE_ASSIGNMENT((#1135));
#1075=PRESENTATION_STYLE_ASSIGNMENT((#1136));
#1076=PRESENTATION_STYLE_ASSIGNMENT((#1137));
#1077=PRESENTATION_STYLE_ASSIGNMENT((#1138));
#1078=PRESENTATION_STYLE_ASSIGNMENT((#1139));
#1079=PRESENTATION_STYLE_ASSIGNMENT((#1140));
#1080=PRESENTATION_STYLE_ASSIGNMENT((#1141));
#1081=PRESENTATION_STYLE_ASSIGNMENT((#1142));
#1082=PRESENTATION_STYLE_ASSIGNMENT((#1143));
#1083=PRESENTATION_STYLE_ASSIGNMENT((#1144));
#1084=PRESENTATION_STYLE_ASSIGNMENT((#1145));
#1085=PRESENTATION_STYLE_ASSIGNMENT((#1146));
#1086=PRESENTATION_STYLE_ASSIGNMENT((#1147));
#1087=PRESENTATION_STYLE_ASSIGNMENT((#1148));
#1088=PRESENTATION_STYLE_ASSIGNMENT((#1149));
#1089=PRESENTATION_STYLE_ASSIGNMENT((#1150));
#1090=PRESENTATION_STYLE_ASSIGNMENT((#1151));
#1091=PRESENTATION_STYLE_ASSIGNMENT((#1152));
#1092=PRESENTATION_STYLE_ASSIGNMENT((#1153));
#1093=PRESENTATION_STYLE_ASSIGNMENT((#1154));
#1094=PRESENTATION_STYLE_ASSIGNMENT((#1155));
#1095=PRESENTATION_STYLE_ASSIGNMENT((#1156));
#1096=PRESENTATION_STYLE_ASSIGNMENT((#1157));
#1097=PRESENTATION_STYLE_ASSIGNMENT((#1158));
#1098=PRESENTATION_STYLE_ASSIGNMENT((#1159));
#1099=PRESENTATION_STYLE_ASSIGNMENT((#1160));
#1100=PRESENTATION_STYLE_ASSIGNMENT((#1161));
#1101=PRESENTATION_STYLE_ASSIGNMENT((#1162));
#1102=PRESENTATION_STYLE_ASSIGNMENT((#1163));
#1103=PRESENTATION_STYLE_ASSIGNMENT((#1164));
#1104=PRESENTATION_STYLE_ASSIGNMENT((#1165));
#1105=PRESENTATION_STYLE_ASSIGNMENT((#1166));
#1106=SURFACE_STYLE_USAGE(.BOTH.,#1167);
#1107=SURFACE_STYLE_USAGE(.BOTH.,#1168);
#1108=SURFACE_STYLE_USAGE(.BOTH.,#1169);
#1109=SURFACE_STYLE_USAGE(.BOTH.,#1170);
#1110=SURFACE_STYLE_USAGE(.BOTH.,#1171);
#1111=SURFACE_STYLE_USAGE(.BOTH.,#1172);
#1112=SURFACE_STYLE_USAGE(.BOTH.,#1173);
#1113=SURFACE_STYLE_USAGE(.BOTH.,#1174);
#1114=SURFACE_STYLE_USAGE(.BOTH.,#1175);
#1115=SURFACE_STYLE_USAGE(.BOTH.,#1176);
#1116=SURFACE_STYLE_USAGE(.BOTH.,#1177);
#1117=SURFACE_STYLE_USAGE(.BOTH.,#1178);
#1118=SURFACE_STYLE_USAGE(.BOTH.,#1179);
#1119=SURFACE_STYLE_USAGE(.BOTH.,#1180);
#1120=SURFACE_STYLE_USAGE(.BOTH.,#1181);
#1121=SURFACE_STYLE_USAGE(.BOTH.,#1182);
#1122=SURFACE_STYLE_USAGE(.BOTH.,#1183);
#1123=SURFACE_STYLE_USAGE(.BOTH.,#1184);
#1124=SURFACE_STYLE_USAGE(.BOTH.,#1185);
#1125=SURFACE_STYLE_USAGE(.BOTH.,#1186);
#1126=SURFACE_STYLE_USAGE(.BOTH.,#1187);
#1127=SURFACE_STYLE_USAGE(.BOTH.,#1188);
#1128=SURFACE_STYLE_USAGE(.BOTH.,#1189);
#1129=SURFACE_STYLE_USAGE(.BOTH.,#1190);
#1130=SURFACE_STYLE_USAGE(.BOTH.,#1191);
#1131=SURFACE_STYLE_USAGE(.BOTH.,#1192);
#1132=SURFACE_STYLE_USAGE(.BOTH.,#1193);
#1133=SURFACE_STYLE_USAGE(.BOTH.,#1194);
#1134=SURFACE_STYLE_USAGE(.BOTH.,#1195);
#1135=SURFACE_STYLE_USAGE(.BOTH.,#1196);
#1136=SURFACE_STYLE_USAGE(.BOTH.,#1197);
#1137=SURFACE_STYLE_USAGE(.BOTH.,#1198);
#1138=SURFACE_STYLE_USAGE(.BOTH.,#1199);
#1139=SURFACE_STYLE_USAGE(.BOTH.,#1200);
#1140=SURFACE_STYLE_USAGE(.BOTH.,#1201);
#1141=SURFACE_STYLE_USAGE(.BOTH.,#1202);
#1142=SURFACE_STYLE_USAGE(.BOTH.,#1203);
#1143=SURFACE_STYLE_USAGE(.BOTH.,#1204);
#1144=SURFACE_STYLE_USAGE(.BOTH.,#1205);
#1145=SURFACE_STYLE_USAGE(.BOTH.,#1206);
#1146=SURFACE_STYLE_USAGE(.BOTH.,#1207);
#1147=SURFACE_STYLE_USAGE(.BOTH.,#1208);
#1148=SURFACE_STYLE_USAGE(.BOTH.,#1209);
#1149=SURFACE_STYLE_USAGE(.BOTH.,#1210);
#1150=SURFACE_STYLE_USAGE(.BOTH.,#1211);
#1151=SURFACE_STYLE_USAGE(.BOTH.,#1212);
#1152=SURFACE_STYLE_USAGE(.BOTH.,#1213);
#1153=SURFACE_STYLE_USAGE(.BOTH.,#1214);
#1154=SURFACE_STYLE_USAGE(.BOTH.,#1215);
#1155=SURFACE_STYLE_USAGE(.BOTH.,#1216);
#1156=SURFACE_STYLE_USAGE(.BOTH.,#1217);
#1157=SURFACE_STYLE_USAGE(.BOTH.,#1218);
#1158=SURFACE_STYLE_USAGE(.BOTH.,#1219);
#1159=SURFACE_STYLE_USAGE(.BOTH.,#1220);
#1160=SURFACE_STYLE_USAGE(.BOTH.,#1221);
#1161=SURFACE_STYLE_USAGE(.BOTH.,#1222);
#1162=SURFACE_STYLE_USAGE(.BOTH.,#1223);
#1163=SURFACE_STYLE_USAGE(.BOTH.,#1224);
#1164=SURFACE_STYLE_USAGE(.BOTH.,#1225);
#1165=SURFACE_STYLE_USAGE(.BOTH.,#1226);
#1166=SURFACE_STYLE_USAGE(.BOTH.,#1227);
#1167=SURFACE_SIDE_STYLE('',(#1228));
#1168=SURFACE_SIDE_STYLE('',(#1229));
#1169=SURFACE_SIDE_STYLE('',(#1230));
#1170=SURFACE_SIDE_STYLE('',(#1231));
#1171=SURFACE_SIDE_STYLE('',(#1232));
#1172=SURFACE_SIDE_STYLE('',(#1233));
#1173=SURFACE_SIDE_STYLE('',(#1234));
#1174=SURFACE_SIDE_STYLE('',(#1235));
#1175=SURFACE_SIDE_STYLE('',(#1236));
#1176=SURFACE_SIDE_STYLE('',(#1237));
#1177=SURFACE_SIDE_STYLE('',(#1238));
#1178=SURFACE_SIDE_STYLE('',(#1239));
#1179=SURFACE_SIDE_STYLE('',(#1240));
#1180=SURFACE_SIDE_STYLE('',(#1241));
#1181=SURFACE_SIDE_STYLE('',(#1242));
#1182=SURFACE_SIDE_STYLE('',(#1243));
#1183=SURFACE_SIDE_STYLE('',(#1244));
#1184=SURFACE_SIDE_STYLE('',(#1245));
#1185=SURFACE_SIDE_STYLE('',(#1246));
#1186=SURFACE_SIDE_STYLE('',(#1247));
#1187=SURFACE_SIDE_STYLE('',(#1248));
#1188=SURFACE_SIDE_STYLE('',(#1249));
#1189=SURFACE_SIDE_STYLE('',(#1250));
#1190=SURFACE_SIDE_STYLE('',(#1251));
#1191=SURFACE_SIDE_STYLE('',(#1252));
#1192=SURFACE_SIDE_STYLE('',(#1253));
#1193=SURFACE_SIDE_STYLE('',(#1254));
#1194=SURFACE_SIDE_STYLE('',(#1255));
#1195=SURFACE_SIDE_STYLE('',(#1256));
#1196=SURFACE_SIDE_STYLE('',(#1257));
#1197=SURFACE_SIDE_STYLE('',(#1258));
#1198=SURFACE_SIDE_STYLE('',(#1259));
#1199=SURFACE_SIDE_STYLE('',(#1260));
#1200=SURFACE_SIDE_STYLE('',(#1261));
#1201=SURFACE_SIDE_STYLE('',(#1262));
#1202=SURFACE_SIDE_STYLE('',(#1263));
#1203=SURFACE_SIDE_STYLE('',(#1264));
#1204=SURFACE_SIDE_STYLE('',(#1265));
#1205=SURFACE_SIDE_STYLE('',(#1266));
#1206=SURFACE_SIDE_STYLE('',(#1267));
#1207=SURFACE_SIDE_STYLE('',(#1268));
#1208=SURFACE_SIDE_STYLE('',(#1269));
#1209=SURFACE_SIDE_STYLE('',(#1270));
#1210=SURFACE_SIDE_STYLE('',(#1271));
#1211=SURFACE_SIDE_STYLE('',(#1272));
#1212=SURFACE_SIDE_STYLE('',(#1273));
#1213=SURFACE_SIDE_STYLE('',(#1274));
#1214=SURFACE_SIDE_STYLE('',(#1275));
#1215=SURFACE_SIDE_STYLE('',(#1276));
#1216=SURFACE_SIDE_STYLE('',(#1277));
#1217=SURFACE_SIDE_STYLE('',(#1278));
#1218=SURFACE_SIDE_STYLE('',(#1279));
#1219=SURFACE_SIDE_STYLE('',(#1280));
#1220=SURFACE_SIDE_STYLE('',(#1281));
#1221=SURFACE_SIDE_STYLE('',(#1282));
#1222=SURFACE_SIDE_STYLE('',(#1283));
#1223=SURFACE_SIDE_STYLE('',(#1284));
#1224=SURFACE_SIDE_STYLE('',(#1285));
#1225=SURFACE_SIDE_STYLE('',(#1286));
#1226=SURFACE_SIDE_STYLE('',(#1287));
#1227=SURFACE_SIDE_STYLE('',(#1288));
#1228=SURFACE_STYLE_FILL_AREA(#1289);
#1229=SURFACE_STYLE_FILL_AREA(#1290);
#1230=SURFACE_STYLE_FILL_AREA(#1291);
#1231=SURFACE_STYLE_FILL_AREA(#1292);
#1232=SURFACE_STYLE_FILL_AREA(#1293);
#1233=SURFACE_STYLE_FILL_AREA(#1294);
#1234=SURFACE_STYLE_FILL_AREA(#1295);
#1235=SURFACE_STYLE_FILL_AREA(#1296);
#1236=SURFACE_STYLE_FILL_AREA(#1297);
#1237=SURFACE_STYLE_FILL_AREA(#1298);
#1238=SURFACE_STYLE_FILL_AREA(#1299);
#1239=SURFACE_STYLE_FILL_AREA(#1300);
#1240=SURFACE_STYLE_FILL_AREA(#1301);
#1241=SURFACE_STYLE_FILL_AREA(#1302);
#1242=SURFACE_STYLE_FILL_AREA(#1303);
#1243=SURFACE_STYLE_FILL_AREA(#1304);
#1244=SURFACE_STYLE_FILL_AREA(#1305);
#1245=SURFACE_STYLE_FILL_AREA(#1306);
#1246=SURFACE_STYLE_FILL_AREA(#1307);
#1247=SURFACE_STYLE_FILL_AREA(#1308);
#1248=SURFACE_STYLE_FILL_AREA(#1309);
#1249=SURFACE_STYLE_FILL_AREA(#1310);
#1250=SURFACE_STYLE_FILL_AREA(#1311);
#1251=SURFACE_STYLE_FILL_AREA(#1312);
#1252=SURFACE_STYLE_FILL_AREA(#1313);
#1253=SURFACE_STYLE_FILL_AREA(#1314);
#1254=SURFACE_STYLE_FILL_AREA(#1315);
#1255=SURFACE_STYLE_FILL_AREA(#1316);
#1256=SURFACE_STYLE_FILL_AREA(#1317);
#1257=SURFACE_STYLE_FILL_AREA(#1318);
#1258=SURFACE_STYLE_FILL_AREA(#1319);
#1259=SURFACE_STYLE_FILL_AREA(#1320);
#1260=SURFACE_STYLE_FILL_AREA(#1321);
#1261=SURFACE_STYLE_FILL_AREA(#1322);
#1262=SURFACE_STYLE_FILL_AREA(#1323);
#1263=SURFACE_STYLE_FILL_AREA(#1324);
#1264=SURFACE_STYLE_FILL_AREA(#1325);
#1265=SURFACE_STYLE_FILL_AREA(#1326);
#1266=SURFACE_STYLE_FILL_AREA(#1327);
#1267=SURFACE_STYLE_FILL_AREA(#1328);
#1268=SURFACE_STYLE_FILL_AREA(#1329);
#1269=SURFACE_STYLE_FILL_AREA(#1330);
#1270=SURFACE_STYLE_FILL_AREA(#1331);
#1271=SURFACE_STYLE_FILL_AREA(#1332);
#1272=SURFACE_STYLE_FILL_AREA(#1333);
#1273=SURFACE_STYLE_FILL_AREA(#1334);
#1274=SURFACE_STYLE_FILL_AREA(#1335);
#1275=SURFACE_STYLE_FILL_AREA(#1336);
#1276=SURFACE_STYLE_FILL_AREA(#1337);
#1277=SURFACE_STYLE_FILL_AREA(#1338);
#1278=SURFACE_STYLE_FILL_AREA(#1339);
#1279=SURFACE_STYLE_FILL_AREA(#1340);
#1280=SURFACE_STYLE_FILL_AREA(#1341);
#1281=SURFACE_STYLE_FILL_AREA(#1342);
#1282=SURFACE_STYLE_FILL_AREA(#1343);
#1283=SURFACE_STYLE_FILL_AREA(#1344);
#1284=SURFACE_STYLE_FILL_AREA(#1345);
#1285=SURFACE_STYLE_FILL_AREA(#1346);
#1286=SURFACE_STYLE_FILL_AREA(#1347);
#1287=SURFACE_STYLE_FILL_AREA(#1348);
#1288=SURFACE_STYLE_FILL_AREA(#1349);
#1289=FILL_AREA_STYLE('',(#1350));
#1290=FILL_AREA_STYLE('',(#1351));
#1291=FILL_AREA_STYLE('',(#1352));
#1292=FILL_AREA_STYLE('',(#1353));
#1293=FILL_AREA_STYLE('',(#1354));
#1294=FILL_AREA_STYLE('',(#1355));
#1295=FILL_AREA_STYLE('',(#1356));
#1296=FILL_AREA_STYLE('',(#1357));
#1297=FILL_AREA_STYLE('',(#1358));
#1298=FILL_AREA_STYLE('',(#1359));
#1299=FILL_AREA_STYLE('',(#1360));
#1300=FILL_AREA_STYLE('',(#1361));
#1301=FILL_AREA_STYLE('',(#1362));
#1302=FILL_AREA_STYLE('',(#1363));
#1303=FILL_AREA_STYLE('',(#1364));
#1304=FILL_AREA_STYLE('',(#1365));
#1305=FILL_AREA_STYLE('',(#1366));
#1306=FILL_AREA_STYLE('',(#1367));
#1307=FILL_AREA_STYLE('',(#1368));
#1308=FILL_AREA_STYLE('',(#1369));
#1309=FILL_AREA_STYLE('',(#1370));
#1310=FILL_AREA_STYLE('',(#1371));
#1311=FILL_AREA_STYLE('',(#1372));
#1312=FILL_AREA_STYLE('',(#1373));
#1313=FILL_AREA_STYLE('',(#1374));
#1314=FILL_AREA_STYLE('',(#1375));
#1315=FILL_AREA_STYLE('',(#1376));
#1316=FILL_AREA_STYLE('',(#1377));
#1317=FILL_AREA_STYLE('',(#1378));
#1318=FILL_AREA_STYLE('',(#1379));
#1319=FILL_AREA_STYLE('',(#1380));
#1320=FILL_AREA_STYLE('',(#1381));
#1321=FILL_AREA_STYLE('',(#1382));
#1322=FILL_AREA_STYLE('',(#1383));
#1323=FILL_AREA_STYLE('',(#1384));
#1324=FILL_AREA_STYLE('',(#1385));
#1325=FILL_AREA_STYLE('',(#1386));
#1326=FILL_AREA_STYLE('',(#1387));
#1327=FILL_AREA_STYLE('',(#1388));
#1328=FILL_AREA_STYLE('',(#1389));
#1329=FILL_AREA_STYLE('',(#1390));
#1330=FILL_AREA_STYLE('',(#1391));
#1331=FILL_AREA_STYLE('',(#1392));
#1332=FILL_AREA_STYLE('',(#1393));
#1333=FILL_AREA_STYLE('',(#1394));
#1334=FILL_AREA_STYLE('',(#1395));
#1335=FILL_AREA_STYLE('',(#1396));
#1336=FILL_AREA_STYLE('',(#1397));
#1337=FILL_AREA_STYLE('',(#1398));
#1338=FILL_AREA_STYLE('',(#1399));
#1339=FILL_AREA_STYLE('',(#1400));
#1340=FILL_AREA_STYLE('',(#1401));
#1341=FILL_AREA_STYLE('',(#1402));
#1342=FILL_AREA_STYLE('',(#1403));
#1343=FILL_AREA_STYLE('',(#1404));
#1344=FILL_AREA_STYLE('',(#1405));
#1345=FILL_AREA_STYLE('',(#1406));
#1346=FILL_AREA_STYLE('',(#1407));
#1347=FILL_AREA_STYLE('',(#1408));
#1348=FILL_AREA_STYLE('',(#1409));
#1349=FILL_AREA_STYLE('',(#1410));
#1350=FILL_AREA_STYLE_COLOUR('',#1411);
#1351=FILL_AREA_STYLE_COLOUR('',#1412);
#1352=FILL_AREA_STYLE_COLOUR('',#1412);
#1353=FILL_AREA_STYLE_COLOUR('',#1412);
#1354=FILL_AREA_STYLE_COLOUR('',#1412);
#1355=FILL_AREA_STYLE_COLOUR('',#1412);
#1356=FILL_AREA_STYLE_COLOUR('',#1412);
#1357=FILL_AREA_STYLE_COLOUR('',#1412);
#1358=FILL_AREA_STYLE_COLOUR('',#1412);
#1359=FILL_AREA_STYLE_COLOUR('',#1413);
#1360=FILL_AREA_STYLE_COLOUR('',#1413);
#1361=FILL_AREA_STYLE_COLOUR('',#1413);
#1362=FILL_AREA_STYLE_COLOUR('',#1413);
#1363=FILL_AREA_STYLE_COLOUR('',#1413);
#1364=FILL_AREA_STYLE_COLOUR('',#1413);
#1365=FILL_AREA_STYLE_COLOUR('',#1413);
#1366=FILL_AREA_STYLE_COLOUR('',#1413);
#1367=FILL_AREA_STYLE_COLOUR('',#1413);
#1368=FILL_AREA_STYLE_COLOUR('',#1413);
#1369=FILL_AREA_STYLE_COLOUR('',#1413);
#1370=FILL_AREA_STYLE_COLOUR('',#1413);
#1371=FILL_AREA_STYLE_COLOUR('',#1413);
#1372=FILL_AREA_STYLE_COLOUR('',#1413);
#1373=FILL_AREA_STYLE_COLOUR('',#1413);
#1374=FILL_AREA_STYLE_COLOUR('',#1413);
#1375=FILL_AREA_STYLE_COLOUR('',#1413);
#1376=FILL_AREA_STYLE_COLOUR('',#1413);
#1377=FILL_AREA_STYLE_COLOUR('',#1413);
#1378=FILL_AREA_STYLE_COLOUR('',#1412);
#1379=FILL_AREA_STYLE_COLOUR('',#1412);
#1380=FILL_AREA_STYLE_COLOUR('',#1412);
#1381=FILL_AREA_STYLE_COLOUR('',#1413);
#1382=FILL_AREA_STYLE_COLOUR('',#1413);
#1383=FILL_AREA_STYLE_COLOUR('',#1413);
#1384=FILL_AREA_STYLE_COLOUR('',#1413);
#1385=FILL_AREA_STYLE_COLOUR('',#1413);
#1386=FILL_AREA_STYLE_COLOUR('',#1413);
#1387=FILL_AREA_STYLE_COLOUR('',#1413);
#1388=FILL_AREA_STYLE_COLOUR('',#1413);
#1389=FILL_AREA_STYLE_COLOUR('',#1413);
#1390=FILL_AREA_STYLE_COLOUR('',#1413);
#1391=FILL_AREA_STYLE_COLOUR('',#1413);
#1392=FILL_AREA_STYLE_COLOUR('',#1413);
#1393=FILL_AREA_STYLE_COLOUR('',#1413);
#1394=FILL_AREA_STYLE_COLOUR('',#1413);
#1395=FILL_AREA_STYLE_COLOUR('',#1413);
#1396=FILL_AREA_STYLE_COLOUR('',#1413);
#1397=FILL_AREA_STYLE_COLOUR('',#1413);
#1398=FILL_AREA_STYLE_COLOUR('',#1413);
#1399=FILL_AREA_STYLE_COLOUR('',#1413);
#1400=FILL_AREA_STYLE_COLOUR('',#1413);
#1401=FILL_AREA_STYLE_COLOUR('',#1413);
#1402=FILL_AREA_STYLE_COLOUR('',#1413);
#1403=FILL_AREA_STYLE_COLOUR('',#1413);
#1404=FILL_AREA_STYLE_COLOUR('',#1413);
#1405=FILL_AREA_STYLE_COLOUR('',#1413);
#1406=FILL_AREA_STYLE_COLOUR('',#1413);
#1407=FILL_AREA_STYLE_COLOUR('',#1413);
#1408=FILL_AREA_STYLE_COLOUR('',#1413);
#1409=FILL_AREA_STYLE_COLOUR('',#1413);
#1410=FILL_AREA_STYLE_COLOUR('',#1413);
#1411=COLOUR_RGB('',0.207843137254902,0.168627450980392,0.113725490196078);
#1412=COLOUR_RGB('',0.490196078431373,0.00784313725490196,0.00784313725490196);
#1413=COLOUR_RGB('',0.207843137254902,0.207843137254902,0.207843137254902);
#1414=MANIFOLD_SOLID_BREP('banner',#1043);
#1415=SHAPE_DEFINITION_REPRESENTATION(#2339,#1416);
#1416=SHAPE_REPRESENTATION('banner',(#1417),#2334);
#1417=AXIS2_PLACEMENT_3D('',#1747,#1498,#1499);
#1418=AXIS2_PLACEMENT_3D('',#1748,#1500,#1501);
#1419=AXIS2_PLACEMENT_3D('',#1757,#1506,#1507);
#1420=AXIS2_PLACEMENT_3D('',#1765,#1512,#1513);
#1421=AXIS2_PLACEMENT_3D('',#1771,#1517,#1518);
#1422=AXIS2_PLACEMENT_3D('',#1786,#1527,#1528);
#1423=AXIS2_PLACEMENT_3D('',#1787,#1529,#1530);
#1424=AXIS2_PLACEMENT_3D('',#1793,#1534,#1535);
#1425=AXIS2_PLACEMENT_3D('',#1817,#1548,#1549);
#1426=AXIS2_PLACEMENT_3D('',#1820,#1552,#1553);
#1427=AXIS2_PLACEMENT_3D('',#1822,#1555,#1556);
#1428=AXIS2_PLACEMENT_3D('',#1824,#1558,#1559);
#1429=AXIS2_PLACEMENT_3D('',#1826,#1561,#1562);
#1430=AXIS2_PLACEMENT_3D('',#1827,#1563,#1564);
#1431=AXIS2_PLACEMENT_3D('',#1828,#1565,#1566);
#1432=AXIS2_PLACEMENT_3D('',#1837,#1571,#1572);
#1433=AXIS2_PLACEMENT_3D('',#1843,#1576,#1577);
#1434=AXIS2_PLACEMENT_3D('',#1849,#1581,#1582);
#1435=AXIS2_PLACEMENT_3D('',#1855,#1586,#1587);
#1436=AXIS2_PLACEMENT_3D('',#1859,#1590,#1591);
#1437=AXIS2_PLACEMENT_3D('',#1862,#1594,#1595);
#1438=AXIS2_PLACEMENT_3D('',#1886,#1608,#1609);
#1439=AXIS2_PLACEMENT_3D('',#1892,#1613,#1614);
#1440=AXIS2_PLACEMENT_3D('',#1896,#1617,#1618);
#1441=AXIS2_PLACEMENT_3D('',#1900,#1621,#1622);
#1442=AXIS2_PLACEMENT_3D('',#1906,#1626,#1627);
#1443=AXIS2_PLACEMENT_3D('',#1910,#1630,#1631);
#1444=AXIS2_PLACEMENT_3D('',#1914,#1634,#1635);
#1445=AXIS2_PLACEMENT_3D('',#1917,#1638,#1639);
#1446=AXIS2_PLACEMENT_3D('',#1919,#1641,#1642);
#1447=AXIS2_PLACEMENT_3D('',#1920,#1643,#1644);
#1448=AXIS2_PLACEMENT_3D('',#1922,#1646,#1647);
#1449=AXIS2_PLACEMENT_3D('',#1923,#1648,#1649);
#1450=AXIS2_PLACEMENT_3D('',#1925,#1651,#1652);
#1451=AXIS2_PLACEMENT_3D('',#1926,#1653,#1654);
#1452=AXIS2_PLACEMENT_3D('',#1928,#1655,#1656);
#1453=AXIS2_PLACEMENT_3D('',#1930,#1657,#1658);
#1454=AXIS2_PLACEMENT_3D('',#1932,#1659,#1660);
#1455=AXIS2_PLACEMENT_3D('',#1934,#1661,#1662);
#1456=AXIS2_PLACEMENT_3D('',#1936,#1663,#1664);
#1457=AXIS2_PLACEMENT_3D('',#1938,#1665,#1666);
#1458=AXIS2_PLACEMENT_3D('',#1939,#1667,#1668);
#1459=AXIS2_PLACEMENT_3D('',#1941,#1669,#1670);
#1460=AXIS2_PLACEMENT_3D('',#1943,#1671,#1672);
#1461=AXIS2_PLACEMENT_3D('',#1945,#1673,#1674);
#1462=AXIS2_PLACEMENT_3D('',#1947,#1675,#1676);
#1463=AXIS2_PLACEMENT_3D('',#1949,#1677,#1678);
#1464=AXIS2_PLACEMENT_3D('',#1950,#1679,#1680);
#1465=AXIS2_PLACEMENT_3D('',#1952,#1681,#1682);
#1466=AXIS2_PLACEMENT_3D('',#1954,#1683,#1684);
#1467=AXIS2_PLACEMENT_3D('',#1956,#1685,#1686);
#1468=AXIS2_PLACEMENT_3D('',#1980,#1687,#1688);
#1469=AXIS2_PLACEMENT_3D('',#1982,#1689,#1690);
#1470=AXIS2_PLACEMENT_3D('',#2005,#1691,#1692);
#1471=AXIS2_PLACEMENT_3D('',#2007,#1693,#1694);
#1472=AXIS2_PLACEMENT_3D('',#2030,#1695,#1696);
#1473=AXIS2_PLACEMENT_3D('',#2032,#1697,#1698);
#1474=AXIS2_PLACEMENT_3D('',#2055,#1699,#1700);
#1475=AXIS2_PLACEMENT_3D('',#2057,#1701,#1702);
#1476=AXIS2_PLACEMENT_3D('',#2080,#1703,#1704);
#1477=AXIS2_PLACEMENT_3D('',#2082,#1705,#1706);
#1478=AXIS2_PLACEMENT_3D('',#2105,#1707,#1708);
#1479=AXIS2_PLACEMENT_3D('',#2107,#1709,#1710);
#1480=AXIS2_PLACEMENT_3D('',#2130,#1711,#1712);
#1481=AXIS2_PLACEMENT_3D('',#2132,#1713,#1714);
#1482=AXIS2_PLACEMENT_3D('',#2155,#1715,#1716);
#1483=AXIS2_PLACEMENT_3D('',#2157,#1717,#1718);
#1484=AXIS2_PLACEMENT_3D('',#2180,#1719,#1720);
#1485=AXIS2_PLACEMENT_3D('',#2182,#1721,#1722);
#1486=AXIS2_PLACEMENT_3D('',#2205,#1723,#1724);
#1487=AXIS2_PLACEMENT_3D('',#2207,#1725,#1726);
#1488=AXIS2_PLACEMENT_3D('',#2230,#1727,#1728);
#1489=AXIS2_PLACEMENT_3D('',#2232,#1729,#1730);
#1490=AXIS2_PLACEMENT_3D('',#2255,#1731,#1732);
#1491=AXIS2_PLACEMENT_3D('',#2257,#1733,#1734);
#1492=AXIS2_PLACEMENT_3D('',#2280,#1735,#1736);
#1493=AXIS2_PLACEMENT_3D('',#2282,#1737,#1738);
#1494=AXIS2_PLACEMENT_3D('',#2305,#1739,#1740);
#1495=AXIS2_PLACEMENT_3D('',#2307,#1741,#1742);
#1496=AXIS2_PLACEMENT_3D('',#2330,#1743,#1744);
#1497=AXIS2_PLACEMENT_3D('',#2332,#1745,#1746);
#1498=DIRECTION('',(0.,0.,1.));
#1499=DIRECTION('',(1.,0.,0.));
#1500=DIRECTION('',(0.,1.,0.));
#1501=DIRECTION('',(0.,0.,1.));
#1502=DIRECTION('',(-1.,0.,0.));
#1503=DIRECTION('',(0.,0.,-1.));
#1504=DIRECTION('',(1.,0.,0.));
#1505=DIRECTION('',(0.,0.,-1.));
#1506=DIRECTION('',(1.,0.,0.));
#1507=DIRECTION('',(0.,0.,-1.));
#1508=DIRECTION('',(0.,0.581634079607024,0.81345055008875));
#1509=DIRECTION('',(0.,0.542667684900841,-0.839947488694598));
#1510=DIRECTION('',(0.,-1.,0.));
#1511=DIRECTION('',(0.,0.,-1.));
#1512=DIRECTION('',(0.,1.,0.));
#1513=DIRECTION('',(0.,0.,1.));
#1514=DIRECTION('',(0.,0.,-1.));
#1515=DIRECTION('',(-1.,0.,0.));
#1516=DIRECTION('',(1.,0.,0.));
#1517=DIRECTION('',(1.,0.,0.));
#1518=DIRECTION('',(0.,0.,-1.));
#1519=DIRECTION('',(0.,-0.542667684900841,0.839947488694598));
#1520=DIRECTION('',(0.,-0.54266768490084,-0.839947488694599));
#1521=DIRECTION('',(0.,0.,1.));
#1522=DIRECTION('',(0.,-1.,0.));
#1523=DIRECTION('',(0.,0.,-1.));
#1524=DIRECTION('',(0.,-0.526457875766588,0.850201214444753));
#1525=DIRECTION('',(0.,-0.581634079607024,-0.81345055008875));
#1526=DIRECTION('',(0.,-1.,0.));
#1527=DIRECTION('',(0.,0.,1.));
#1528=DIRECTION('',(1.,0.,0.));
#1529=DIRECTION('',(0.,0.81345055008875,-0.581634079607024));
#1530=DIRECTION('',(0.,0.581634079607024,0.81345055008875));
#1531=DIRECTION('',(-1.,0.,0.));
#1532=DIRECTION('',(0.,-0.581634079607024,-0.81345055008875));
#1533=DIRECTION('',(-1.,0.,0.));
#1534=DIRECTION('',(-1.,0.,0.));
#1535=DIRECTION('',(0.,-1.,0.));
#1536=DIRECTION('',(0.,-0.866025403784438,0.5));
#1537=DIRECTION('',(0.,-0.86602540378444,-0.5));
#1538=DIRECTION('',(0.,-2.168404344971E-16,-1.));
#1539=DIRECTION('',(0.,0.866025403784438,-0.5));
#1540=DIRECTION('',(0.,0.866025403784439,0.5));
#1541=DIRECTION('',(0.,2.16840434497101E-16,1.));
#1542=DIRECTION('',(0.,-0.526457875766588,0.850201214444753));
#1543=DIRECTION('',(0.,0.,-1.));
#1544=DIRECTION('',(0.,-1.,0.));
#1545=DIRECTION('',(0.,0.,1.));
#1546=DIRECTION('',(0.,-0.54266768490084,-0.839947488694598));
#1547=DIRECTION('',(0.,-0.542667684900841,0.839947488694598));
#1548=DIRECTION('',(0.,1.,0.));
#1549=DIRECTION('',(0.,0.,1.));
#1550=DIRECTION('',(-1.,0.,0.));
#1551=DIRECTION('',(-1.,0.,0.));
#1552=DIRECTION('',(0.,0.,-1.));
#1553=DIRECTION('',(-1.,0.,0.));
#1554=DIRECTION('',(-1.,0.,0.));
#1555=DIRECTION('',(0.,-1.,0.));
#1556=DIRECTION('',(0.,0.,-1.));
#1557=DIRECTION('',(-1.,0.,0.));
#1558=DIRECTION('',(0.,0.839947488694598,-0.54266768490084));
#1559=DIRECTION('',(0.,0.54266768490084,0.839947488694599));
#1560=DIRECTION('',(-1.,0.,0.));
#1561=DIRECTION('',(0.,-0.839947488694598,-0.542667684900841));
#1562=DIRECTION('',(0.,0.542667684900841,-0.839947488694598));
#1563=DIRECTION('',(0.,-0.850201214444753,-0.526457875766588));
#1564=DIRECTION('',(0.,0.526457875766588,-0.850201214444753));
#1565=DIRECTION('',(0.,-1.,3.00934113879471E-16));
#1566=DIRECTION('',(0.,-3.00934113879471E-16,-1.));
#1567=DIRECTION('',(0.,-3.00934113879471E-16,-1.));
#1568=DIRECTION('',(1.,0.,0.));
#1569=DIRECTION('',(0.,-3.00934113879471E-16,-1.));
#1570=DIRECTION('',(1.,0.,0.));
#1571=DIRECTION('',(0.,-0.5,-0.866025403784438));
#1572=DIRECTION('',(0.,0.866025403784438,-0.5));
#1573=DIRECTION('',(0.,0.866025403784438,-0.5));
#1574=DIRECTION('',(1.,0.,0.));
#1575=DIRECTION('',(0.,0.866025403784438,-0.5));
#1576=DIRECTION('',(0.,1.,-2.5341820116166E-16));
#1577=DIRECTION('',(0.,2.5341820116166E-16,1.));
#1578=DIRECTION('',(0.,2.5341820116166E-16,1.));
#1579=DIRECTION('',(1.,0.,0.));
#1580=DIRECTION('',(0.,2.5341820116166E-16,1.));
#1581=DIRECTION('',(0.,0.5,0.866025403784438));
#1582=DIRECTION('',(0.,-0.866025403784438,0.5));
#1583=DIRECTION('',(1.,0.,0.));
#1584=DIRECTION('',(0.,-0.866025403784438,0.5));
#1585=DIRECTION('',(1.,0.,0.));
#1586=DIRECTION('',(0.,1.,-2.16840434497101E-16));
#1587=DIRECTION('',(0.,2.16840434497101E-16,1.));
#1588=DIRECTION('',(1.,0.,0.));
#1589=DIRECTION('',(0.,2.16840434497101E-16,1.));
#1590=DIRECTION('',(0.,0.5,0.866025403784438));
#1591=DIRECTION('',(0.,-0.866025403784438,0.5));
#1592=DIRECTION('',(0.,-0.866025403784438,0.5));
#1593=DIRECTION('',(0.,-0.866025403784438,0.5));
#1594=DIRECTION('',(-1.,0.,0.));
#1595=DIRECTION('',(0.,-1.,0.));
#1596=DIRECTION('',(0.,-0.86602540378444,-0.5));
#1597=DIRECTION('',(0.,0.866025403784439,0.5));
#1598=DIRECTION('',(0.,0.866025403784438,-0.5));
#1599=DIRECTION('',(0.,-2.168404344971E-16,-1.));
#1600=DIRECTION('',(0.,0.866025403784438,-0.5));
#1601=DIRECTION('',(0.,0.86602540378444,0.5));
#1602=DIRECTION('',(0.,-0.866025403784438,0.5));
#1603=DIRECTION('',(0.,-0.866025403784439,-0.5));
#1604=DIRECTION('',(0.,-2.53418201161659E-16,-1.));
#1605=DIRECTION('',(0.,0.866025403784439,0.5));
#1606=DIRECTION('',(0.,3.16772751452073E-16,1.));
#1607=DIRECTION('',(0.,-0.86602540378444,-0.5));
#1608=DIRECTION('',(0.,-1.,2.53418201161659E-16));
#1609=DIRECTION('',(0.,-2.53418201161659E-16,-1.));
#1610=DIRECTION('',(0.,-2.53418201161659E-16,-1.));
#1611=DIRECTION('',(1.,0.,0.));
#1612=DIRECTION('',(1.,0.,0.));
#1613=DIRECTION('',(0.,0.5,-0.866025403784439));
#1614=DIRECTION('',(0.,0.866025403784439,0.5));
#1615=DIRECTION('',(0.,0.866025403784439,0.5));
#1616=DIRECTION('',(1.,0.,0.));
#1617=DIRECTION('',(0.,1.,-3.16772751452073E-16));
#1618=DIRECTION('',(0.,3.16772751452073E-16,1.));
#1619=DIRECTION('',(0.,3.16772751452073E-16,1.));
#1620=DIRECTION('',(1.,0.,0.));
#1621=DIRECTION('',(0.,-0.5,-0.866025403784438));
#1622=DIRECTION('',(0.,0.866025403784438,-0.5));
#1623=DIRECTION('',(0.,0.866025403784438,-0.5));
#1624=DIRECTION('',(1.,0.,0.));
#1625=DIRECTION('',(1.,0.,0.));
#1626=DIRECTION('',(0.,0.5,-0.86602540378444));
#1627=DIRECTION('',(0.,0.86602540378444,0.5));
#1628=DIRECTION('',(0.,0.86602540378444,0.5));
#1629=DIRECTION('',(1.,0.,0.));
#1630=DIRECTION('',(0.,0.5,0.866025403784438));
#1631=DIRECTION('',(0.,-0.866025403784438,0.5));
#1632=DIRECTION('',(0.,-0.866025403784438,0.5));
#1633=DIRECTION('',(1.,0.,0.));
#1634=DIRECTION('',(0.,-0.5,-0.866025403784438));
#1635=DIRECTION('',(0.,0.866025403784438,-0.5));
#1636=DIRECTION('',(1.,0.,0.));
#1637=DIRECTION('',(1.,0.,0.));
#1638=DIRECTION('',(0.,-1.,2.168404344971E-16));
#1639=DIRECTION('',(0.,-2.168404344971E-16,-1.));
#1640=DIRECTION('',(1.,0.,0.));
#1641=DIRECTION('',(0.,-0.5,0.86602540378444));
#1642=DIRECTION('',(0.,-0.86602540378444,-0.5));
#1643=DIRECTION('',(0.,-0.5,0.866025403784439));
#1644=DIRECTION('',(0.,-0.866025403784439,-0.5));
#1645=DIRECTION('',(0.,-0.866025403784439,-0.5));
#1646=DIRECTION('',(0.,0.5,-0.866025403784439));
#1647=DIRECTION('',(0.,0.866025403784439,0.5));
#1648=DIRECTION('',(0.,-0.5,0.86602540378444));
#1649=DIRECTION('',(0.,-0.86602540378444,-0.5));
#1650=DIRECTION('',(0.,-0.86602540378444,-0.5));
#1651=DIRECTION('',(-1.,0.,0.));
#1652=DIRECTION('',(0.,-1.,0.));
#1653=DIRECTION('',(-1.,0.,0.));
#1654=DIRECTION('',(0.,1.,3.75244429728748E-14));
#1655=DIRECTION('',(-1.,0.,0.));
#1656=DIRECTION('',(0.,1.,1.39294886896856E-13));
#1657=DIRECTION('',(-1.,0.,0.));
#1658=DIRECTION('',(0.,1.,0.));
#1659=DIRECTION('',(-1.,0.,0.));
#1660=DIRECTION('',(0.,1.,6.35452951125255E-14));
#1661=DIRECTION('',(-1.,0.,0.));
#1662=DIRECTION('',(0.,1.,7.36645153890596E-14));
#1663=DIRECTION('',(-1.,0.,0.));
#1664=DIRECTION('',(0.,1.,-3.67394039744205E-16));
#1665=DIRECTION('',(-1.,0.,0.));
#1666=DIRECTION('',(0.,-1.,0.));
#1667=DIRECTION('',(-1.,0.,0.));
#1668=DIRECTION('',(0.,-0.499999999999984,0.866025403784448));
#1669=DIRECTION('',(-1.,0.,0.));
#1670=DIRECTION('',(0.,-0.5,0.866025403784442));
#1671=DIRECTION('',(-1.,0.,0.));
#1672=DIRECTION('',(0.,-0.499999999999972,0.866025403784455));
#1673=DIRECTION('',(-1.,0.,0.));
#1674=DIRECTION('',(0.,-0.499999999999991,0.866025403784444));
#1675=DIRECTION('',(-1.,0.,0.));
#1676=DIRECTION('',(0.,-0.5,0.866025403784442));
#1677=DIRECTION('',(-1.,0.,0.));
#1678=DIRECTION('',(0.,-1.,0.));
#1679=DIRECTION('',(-1.,0.,0.));
#1680=DIRECTION('',(0.,0.5,0.866025403784436));
#1681=DIRECTION('',(-1.,0.,0.));
#1682=DIRECTION('',(0.,0.5,0.866025403784436));
#1683=DIRECTION('',(-1.,0.,0.));
#1684=DIRECTION('',(0.,0.5,0.866025403784436));
#1685=DIRECTION('',(-1.,0.,0.));
#1686=DIRECTION('',(0.,0.5,0.866025403784436));
#1687=DIRECTION('',(-1.,0.,0.));
#1688=DIRECTION('',(0.,1.,-3.67394039744205E-16));
#1689=DIRECTION('',(-1.,0.,0.));
#1690=DIRECTION('',(0.,-1.,0.));
#1691=DIRECTION('',(-1.,0.,0.));
#1692=DIRECTION('',(0.,1.,7.36645153890596E-14));
#1693=DIRECTION('',(-1.,0.,0.));
#1694=DIRECTION('',(0.,-1.,0.));
#1695=DIRECTION('',(-1.,0.,0.));
#1696=DIRECTION('',(0.,1.,6.35452951125255E-14));
#1697=DIRECTION('',(-1.,0.,0.));
#1698=DIRECTION('',(0.,-1.,0.));
#1699=DIRECTION('',(-1.,0.,0.));
#1700=DIRECTION('',(0.,-0.5,0.866025403784442));
#1701=DIRECTION('',(-1.,0.,0.));
#1702=DIRECTION('',(0.,-1.,0.));
#1703=DIRECTION('',(-1.,0.,0.));
#1704=DIRECTION('',(0.,-0.499999999999991,0.866025403784444));
#1705=DIRECTION('',(-1.,0.,0.));
#1706=DIRECTION('',(0.,-1.,0.));
#1707=DIRECTION('',(-1.,0.,0.));
#1708=DIRECTION('',(0.,0.5,0.866025403784436));
#1709=DIRECTION('',(-1.,0.,0.));
#1710=DIRECTION('',(0.,-1.,0.));
#1711=DIRECTION('',(-1.,0.,0.));
#1712=DIRECTION('',(0.,-0.499999999999972,0.866025403784455));
#1713=DIRECTION('',(-1.,0.,0.));
#1714=DIRECTION('',(0.,-1.,0.));
#1715=DIRECTION('',(-1.,0.,0.));
#1716=DIRECTION('',(0.,0.5,0.866025403784436));
#1717=DIRECTION('',(-1.,0.,0.));
#1718=DIRECTION('',(0.,-1.,0.));
#1719=DIRECTION('',(-1.,0.,0.));
#1720=DIRECTION('',(0.,0.5,0.866025403784436));
#1721=DIRECTION('',(-1.,0.,0.));
#1722=DIRECTION('',(0.,-1.,0.));
#1723=DIRECTION('',(-1.,0.,0.));
#1724=DIRECTION('',(0.,0.5,0.866025403784436));
#1725=DIRECTION('',(-1.,0.,0.));
#1726=DIRECTION('',(0.,-1.,0.));
#1727=DIRECTION('',(-1.,0.,0.));
#1728=DIRECTION('',(0.,-0.5,0.866025403784442));
#1729=DIRECTION('',(-1.,0.,0.));
#1730=DIRECTION('',(0.,-1.,0.));
#1731=DIRECTION('',(-1.,0.,0.));
#1732=DIRECTION('',(0.,1.,0.));
#1733=DIRECTION('',(-1.,0.,0.));
#1734=DIRECTION('',(0.,-1.,0.));
#1735=DIRECTION('',(-1.,0.,0.));
#1736=DIRECTION('',(0.,1.,1.39294886896856E-13));
#1737=DIRECTION('',(-1.,0.,0.));
#1738=DIRECTION('',(0.,-1.,0.));
#1739=DIRECTION('',(-1.,0.,0.));
#1740=DIRECTION('',(0.,1.,3.75244429728748E-14));
#1741=DIRECTION('',(-1.,0.,0.));
#1742=DIRECTION('',(0.,-1.,0.));
#1743=DIRECTION('',(-1.,0.,0.));
#1744=DIRECTION('',(0.,-0.499999999999984,0.866025403784448));
#1745=DIRECTION('',(-1.,0.,0.));
#1746=DIRECTION('',(0.,-1.,0.));
#1747=CARTESIAN_POINT('',(0.,0.,0.));
#1748=CARTESIAN_POINT('',(0.0357832998645264,0.0039,0.36595));
#1749=CARTESIAN_POINT('',(0.0357832998645264,0.0039,0.318998029278413));
#1750=CARTESIAN_POINT('',(0.0396832998645263,0.0039,0.318998029278413));
#1751=CARTESIAN_POINT('',(0.0318832998645264,0.0039,0.318998029278413));
#1752=CARTESIAN_POINT('',(0.0396832998645263,0.0039,0.36595));
#1753=CARTESIAN_POINT('',(0.0396832998645263,0.0039,0.29095));
#1754=CARTESIAN_POINT('',(0.0357832998645264,0.0039,0.29095));
#1755=CARTESIAN_POINT('',(0.0318832998645264,0.0039,0.29095));
#1756=CARTESIAN_POINT('',(0.0318832998645264,0.0039,0.36595));
#1757=CARTESIAN_POINT('',(0.0318832998645264,-3.06306316898296E-19,0.36595));
#1758=CARTESIAN_POINT('',(0.0318832998645264,0.0193583755896489,0.352108358405998));
#1759=CARTESIAN_POINT('',(0.0318832998645264,-0.0039,0.319580108977502));
#1760=CARTESIAN_POINT('',(0.0318832998645264,-4.20943413784612E-18,0.325034495604038));
#1761=CARTESIAN_POINT('',(0.0318832998645264,-0.0186497925836425,0.353900866094052));
#1762=CARTESIAN_POINT('',(0.0318832998645264,-3.06306316898296E-19,0.29095));
#1763=CARTESIAN_POINT('',(0.0318832998645264,-0.0039,0.29095));
#1764=CARTESIAN_POINT('',(0.0318832998645264,-0.0039,0.36595));
#1765=CARTESIAN_POINT('',(0.0357832998645263,-0.0039,0.36595));
#1766=CARTESIAN_POINT('',(0.0396832998645263,-0.0039,0.36595));
#1767=CARTESIAN_POINT('',(0.0396832998645263,-0.0039,0.319580108977502));
#1768=CARTESIAN_POINT('',(0.0396832998645263,-0.0039,0.29095));
#1769=CARTESIAN_POINT('',(0.0357832998645263,-0.0039,0.319580108977502));
#1770=CARTESIAN_POINT('',(0.0357832998645263,-0.0039,0.29095));
#1771=CARTESIAN_POINT('',(0.0396832998645263,-3.55891283435481E-18,0.36595));
#1772=CARTESIAN_POINT('',(0.0396832998645263,0.00357369461562486,0.319503088628323));
#1773=CARTESIAN_POINT('',(0.0396832998645263,0.0071473892312497,0.313971681652609));
#1774=CARTESIAN_POINT('',(0.0396832998645263,0.0107210838468745,0.319503088628323));
#1775=CARTESIAN_POINT('',(0.0396832998645263,0.0142947784624993,0.325034495604038));
#1776=CARTESIAN_POINT('',(0.0396832998645263,0.0142947784624994,0.338441923719644));
#1777=CARTESIAN_POINT('',(0.0396832998645263,0.0142947784624994,0.380050648164749));
#1778=CARTESIAN_POINT('',(0.0396832998645263,-1.6073489238809E-18,0.380050648164749));
#1779=CARTESIAN_POINT('',(0.0396832998645263,-0.0142947784624994,0.380050648164749));
#1780=CARTESIAN_POINT('',(0.0396832998645263,-0.0142947784624994,0.338441923719644));
#1781=CARTESIAN_POINT('',(0.0396832998645263,-0.0142947784624994,0.325034495604038));
#1782=CARTESIAN_POINT('',(0.0396832998645263,-0.0109776939211915,0.319677582097275));
#1783=CARTESIAN_POINT('',(0.0396832998645263,-0.00766060937988359,0.314320668590512));
#1784=CARTESIAN_POINT('',(0.0396832998645263,-0.00383030468994173,0.319677582097275));
#1785=CARTESIAN_POINT('',(0.0396832998645263,-3.55891283435481E-18,0.29095));
#1786=CARTESIAN_POINT('',(-0.00749929794138504,-1.6073489238809E-18,0.29095));
#1787=CARTESIAN_POINT('',(0.0396847998645263,-0.00383030468994173,0.319677582097275));
#1788=CARTESIAN_POINT('',(0.0396847998645263,-0.00766060937988359,0.314320668590512));
#1789=CARTESIAN_POINT('',(0.0311332998645263,-0.00766060937988359,0.314320668590512));
#1790=CARTESIAN_POINT('',(0.0311332998645263,-0.00383030468994173,0.319677582097275));
#1791=CARTESIAN_POINT('',(0.0311332998645263,-4.20943413784612E-18,0.325034495604038));
#1792=CARTESIAN_POINT('',(0.0396847998645263,-4.20943413784612E-18,0.325034495604038));
#1793=CARTESIAN_POINT('',(0.0311332998645263,-6.81151935181132E-18,0.335500324082375));
#1794=CARTESIAN_POINT('',(0.0311332998645263,-0.00519615242270665,0.344011164908679));
#1795=CARTESIAN_POINT('',(0.0311332998645263,-4.18486281553785E-18,0.341011164908679));
#1796=CARTESIAN_POINT('',(0.0311332998645263,-0.0103923048454133,0.347011164908679));
#1797=CARTESIAN_POINT('',(0.0311332998645263,0.00519615242270663,0.344011164908679));
#1798=CARTESIAN_POINT('',(0.0311332998645263,0.0103923048454132,0.347011164908679));
#1799=CARTESIAN_POINT('',(0.0311332998645263,0.0103923048454132,0.353011164908679));
#1800=CARTESIAN_POINT('',(0.0311332998645263,0.0103923048454132,0.359011164908679));
#1801=CARTESIAN_POINT('',(0.0311332998645263,0.00519615242270661,0.362011164908679));
#1802=CARTESIAN_POINT('',(0.0311332998645263,8.80099193197994E-18,0.365011164908679));
#1803=CARTESIAN_POINT('',(0.0311332998645263,-0.00519615242270665,0.362011164908679));
#1804=CARTESIAN_POINT('',(0.0311332998645263,-0.0103923048454133,0.359011164908679));
#1805=CARTESIAN_POINT('',(0.0311332998645263,-0.0103923048454133,0.353011164908679));
#1806=CARTESIAN_POINT('',(0.0311332998645263,-0.0109776939211915,0.319677582097275));
#1807=CARTESIAN_POINT('',(0.0311332998645263,-0.0142947784624994,0.325034495604038));
#1808=CARTESIAN_POINT('',(0.0311332998645263,-0.0142947784624994,0.338441923719644));
#1809=CARTESIAN_POINT('',(0.0311332998645263,-0.0142947784624994,0.380050648164749));
#1810=CARTESIAN_POINT('',(0.0311332998645263,-1.6073489238809E-18,0.380050648164749));
#1811=CARTESIAN_POINT('',(0.0311332998645263,0.0142947784624994,0.380050648164749));
#1812=CARTESIAN_POINT('',(0.0311332998645263,0.0142947784624994,0.338441923719644));
#1813=CARTESIAN_POINT('',(0.0311332998645263,0.0142947784624993,0.325034495604038));
#1814=CARTESIAN_POINT('',(0.0311332998645263,0.0107210838468745,0.319503088628323));
#1815=CARTESIAN_POINT('',(0.0311332998645263,0.0071473892312497,0.313971681652609));
#1816=CARTESIAN_POINT('',(0.0311332998645263,0.00357369461562486,0.319503088628323));
#1817=CARTESIAN_POINT('',(0.0396847998645263,-0.0142947784624994,0.338441923719644));
#1818=CARTESIAN_POINT('',(0.0396847998645263,-0.0142947784624994,0.325034495604038));
#1819=CARTESIAN_POINT('',(0.0396847998645263,-0.0142947784624994,0.380050648164749));
#1820=CARTESIAN_POINT('',(0.0396847998645263,-1.6073489238809E-18,0.380050648164749));
#1821=CARTESIAN_POINT('',(0.0396847998645263,0.0142947784624994,0.380050648164749));
#1822=CARTESIAN_POINT('',(0.0396847998645263,0.0142947784624994,0.338441923719644));
#1823=CARTESIAN_POINT('',(0.0396847998645263,0.0142947784624993,0.325034495604038));
#1824=CARTESIAN_POINT('',(0.0396847998645263,0.0107210838468745,0.319503088628323));
#1825=CARTESIAN_POINT('',(0.0396847998645263,0.0071473892312497,0.313971681652609));
#1826=CARTESIAN_POINT('',(0.0396847998645263,0.00357369461562486,0.319503088628323));
#1827=CARTESIAN_POINT('',(0.0396847998645263,-0.0109776939211915,0.319677582097275));
#1828=CARTESIAN_POINT('',(0.0303832998645263,-0.00075,0.347444177610571));
#1829=CARTESIAN_POINT('',(0.0311332998645263,-0.00075,0.347444177610571));
#1830=CARTESIAN_POINT('',(0.0311332998645263,-0.000750000000000039,0.352578152206786));
#1831=CARTESIAN_POINT('',(0.0311332998645263,-0.00075,0.342310203014355));
#1832=CARTESIAN_POINT('',(0.0303832998645263,-0.000750000000000039,0.352578152206786));
#1833=CARTESIAN_POINT('',(0.0303832998645263,-0.000750000000000039,0.352578152206786));
#1834=CARTESIAN_POINT('',(0.0303832998645263,-0.00075,0.347444177610571));
#1835=CARTESIAN_POINT('',(0.0303832998645263,-0.00075,0.342310203014355));
#1836=CARTESIAN_POINT('',(0.0303832998645263,-0.00075,0.342310203014355));
#1837=CARTESIAN_POINT('',(0.0303832998645263,-0.00519615242270668,0.355145139504895));
#1838=CARTESIAN_POINT('',(0.0311332998645263,-0.00519615242270668,0.355145139504895));
#1839=CARTESIAN_POINT('',(0.0311332998645263,-0.00964230484541331,0.357712126803003));
#1840=CARTESIAN_POINT('',(0.0303832998645263,-0.00964230484541331,0.357712126803003));
#1841=CARTESIAN_POINT('',(0.0303832998645263,-0.00964230484541331,0.357712126803003));
#1842=CARTESIAN_POINT('',(0.0303832998645263,-0.00519615242270668,0.355145139504895));
#1843=CARTESIAN_POINT('',(0.0303832998645263,-0.0096423048454133,0.352578152206787));
#1844=CARTESIAN_POINT('',(0.0311332998645263,-0.0096423048454133,0.352578152206787));
#1845=CARTESIAN_POINT('',(0.0311332998645263,-0.0096423048454133,0.347444177610571));
#1846=CARTESIAN_POINT('',(0.0303832998645263,-0.0096423048454133,0.347444177610571));
#1847=CARTESIAN_POINT('',(0.0303832998645263,-0.0096423048454133,0.347444177610571));
#1848=CARTESIAN_POINT('',(0.0303832998645263,-0.0096423048454133,0.352578152206787));
#1849=CARTESIAN_POINT('',(0.0303832998645263,-0.00519615242270665,0.344011164908679));
#1850=CARTESIAN_POINT('',(0.0303832998645263,-0.0103923048454133,0.347011164908679));
#1851=CARTESIAN_POINT('',(0.0303832998645263,-0.0103923048454133,0.347011164908679));
#1852=CARTESIAN_POINT('',(0.0303832998645263,-0.00519615242270665,0.344011164908679));
#1853=CARTESIAN_POINT('',(0.0303832998645263,-4.18486281553785E-18,0.341011164908679));
#1854=CARTESIAN_POINT('',(0.0303832998645263,-4.18486281553785E-18,0.341011164908679));
#1855=CARTESIAN_POINT('',(0.0303832998645263,-0.0103923048454133,0.353011164908679));
#1856=CARTESIAN_POINT('',(0.0303832998645263,-0.0103923048454133,0.359011164908679));
#1857=CARTESIAN_POINT('',(0.0303832998645263,-0.0103923048454133,0.359011164908679));
#1858=CARTESIAN_POINT('',(0.0303832998645263,-0.0103923048454133,0.353011164908679));
#1859=CARTESIAN_POINT('',(0.0303832998645263,-0.00519615242270663,0.344877190312463));
#1860=CARTESIAN_POINT('',(0.0311332998645263,-0.00519615242270663,0.344877190312463));
#1861=CARTESIAN_POINT('',(0.0303832998645263,-0.00519615242270663,0.344877190312463));
#1862=CARTESIAN_POINT('',(0.0303832998645263,-6.81151935181132E-18,0.347011164908679));
#1863=CARTESIAN_POINT('',(0.0303832998645263,0.00519615242270663,0.344011164908679));
#1864=CARTESIAN_POINT('',(0.0303832998645263,0.0103923048454132,0.347011164908679));
#1865=CARTESIAN_POINT('',(0.0303832998645263,-0.00519615242270665,0.362011164908679));
#1866=CARTESIAN_POINT('',(0.0303832998645263,8.80099193197994E-18,0.365011164908679));
#1867=CARTESIAN_POINT('',(0.0303832998645263,0.00519615242270661,0.362011164908679));
#1868=CARTESIAN_POINT('',(0.0303832998645263,0.0103923048454132,0.359011164908679));
#1869=CARTESIAN_POINT('',(0.0303832998645263,0.0103923048454132,0.353011164908679));
#1870=CARTESIAN_POINT('',(0.0303832998645263,0.00444615242270664,0.361578152206787));
#1871=CARTESIAN_POINT('',(0.0303832998645263,-3.02302862774982E-17,0.364145139504895));
#1872=CARTESIAN_POINT('',(0.0303832998645263,0.00889230484541323,0.359011164908679));
#1873=CARTESIAN_POINT('',(0.0303832998645263,-0.00444615242270666,0.361578152206787));
#1874=CARTESIAN_POINT('',(0.0303832998645263,-0.0088923048454133,0.359011164908679));
#1875=CARTESIAN_POINT('',(0.0303832998645263,-0.00444615242270668,0.356444177610571));
#1876=CARTESIAN_POINT('',(0.0303832998645263,-1.4617774993707E-17,0.353877190312464));
#1877=CARTESIAN_POINT('',(0.0303832998645263,0.00444615242270661,0.356444177610571));
#1878=CARTESIAN_POINT('',(0.0303832998645263,0.00964230484541324,0.352578152206786));
#1879=CARTESIAN_POINT('',(0.0303832998645263,0.00964230484541325,0.357712126803003));
#1880=CARTESIAN_POINT('',(0.0303832998645263,0.00964230484541324,0.347444177610571));
#1881=CARTESIAN_POINT('',(0.0303832998645263,0.00519615242270663,0.355145139504895));
#1882=CARTESIAN_POINT('',(0.0303832998645263,0.00075,0.352578152206787));
#1883=CARTESIAN_POINT('',(0.0303832998645263,0.00075,0.347444177610571));
#1884=CARTESIAN_POINT('',(0.0303832998645263,0.00075,0.342310203014355));
#1885=CARTESIAN_POINT('',(0.0303832998645263,0.00519615242270662,0.344877190312463));
#1886=CARTESIAN_POINT('',(0.0303832998645263,0.00964230484541324,0.352578152206786));
#1887=CARTESIAN_POINT('',(0.0311332998645263,0.00964230484541324,0.352578152206786));
#1888=CARTESIAN_POINT('',(0.0311332998645263,0.00964230484541325,0.357712126803003));
#1889=CARTESIAN_POINT('',(0.0311332998645263,0.00964230484541324,0.347444177610571));
#1890=CARTESIAN_POINT('',(0.0303832998645263,0.00964230484541325,0.357712126803003));
#1891=CARTESIAN_POINT('',(0.0303832998645263,0.00964230484541324,0.347444177610571));
#1892=CARTESIAN_POINT('',(0.0303832998645263,0.00519615242270663,0.355145139504895));
#1893=CARTESIAN_POINT('',(0.0311332998645263,0.00519615242270663,0.355145139504895));
#1894=CARTESIAN_POINT('',(0.0311332998645263,0.00075,0.352578152206787));
#1895=CARTESIAN_POINT('',(0.0303832998645263,0.00075,0.352578152206787));
#1896=CARTESIAN_POINT('',(0.0303832998645263,0.00075,0.347444177610571));
#1897=CARTESIAN_POINT('',(0.0311332998645263,0.00075,0.347444177610571));
#1898=CARTESIAN_POINT('',(0.0311332998645263,0.00075,0.342310203014355));
#1899=CARTESIAN_POINT('',(0.0303832998645263,0.00075,0.342310203014355));
#1900=CARTESIAN_POINT('',(0.0303832998645263,0.00444615242270664,0.361578152206787));
#1901=CARTESIAN_POINT('',(0.0311332998645263,0.00444615242270664,0.361578152206787));
#1902=CARTESIAN_POINT('',(0.0311332998645263,-3.02302862774982E-17,0.364145139504895));
#1903=CARTESIAN_POINT('',(0.0311332998645263,0.00889230484541323,0.359011164908679));
#1904=CARTESIAN_POINT('',(0.0303832998645263,-3.02302862774982E-17,0.364145139504895));
#1905=CARTESIAN_POINT('',(0.0303832998645263,0.00889230484541323,0.359011164908679));
#1906=CARTESIAN_POINT('',(0.0303832998645263,-0.00444615242270666,0.361578152206787));
#1907=CARTESIAN_POINT('',(0.0311332998645263,-0.00444615242270666,0.361578152206787));
#1908=CARTESIAN_POINT('',(0.0311332998645263,-0.0088923048454133,0.359011164908679));
#1909=CARTESIAN_POINT('',(0.0303832998645263,-0.0088923048454133,0.359011164908679));
#1910=CARTESIAN_POINT('',(0.0303832998645263,-0.00444615242270668,0.356444177610571));
#1911=CARTESIAN_POINT('',(0.0311332998645263,-0.00444615242270668,0.356444177610571));
#1912=CARTESIAN_POINT('',(0.0311332998645263,-1.4617774993707E-17,0.353877190312464));
#1913=CARTESIAN_POINT('',(0.0303832998645263,-1.4617774993707E-17,0.353877190312464));
#1914=CARTESIAN_POINT('',(0.0303832998645263,0.00519615242270661,0.362011164908679));
#1915=CARTESIAN_POINT('',(0.0303832998645263,0.0103923048454132,0.359011164908679));
#1916=CARTESIAN_POINT('',(0.0303832998645263,8.80099193197994E-18,0.365011164908679));
#1917=CARTESIAN_POINT('',(0.0303832998645263,0.0103923048454132,0.353011164908679));
#1918=CARTESIAN_POINT('',(0.0303832998645263,0.0103923048454132,0.347011164908679));
#1919=CARTESIAN_POINT('',(0.0303832998645263,0.00519615242270663,0.344011164908679));
#1920=CARTESIAN_POINT('',(0.0303832998645263,0.00444615242270661,0.356444177610571));
#1921=CARTESIAN_POINT('',(0.0311332998645263,0.00444615242270661,0.356444177610571));
#1922=CARTESIAN_POINT('',(0.0303832998645263,-0.00519615242270665,0.362011164908679));
#1923=CARTESIAN_POINT('',(0.0303832998645263,0.00519615242270662,0.344877190312463));
#1924=CARTESIAN_POINT('',(0.0311332998645263,0.00519615242270662,0.344877190312463));
#1925=CARTESIAN_POINT('',(0.0311332998645263,-6.81151935181132E-18,0.335500324082375));
#1926=CARTESIAN_POINT('',(0.0311332998645263,0.0056447095812217,0.359011164908679));
#1927=CARTESIAN_POINT('',(0.0311332998645263,0.00759326673973656,0.359011164908679));
#1928=CARTESIAN_POINT('',(0.0311332998645263,0.00282235479061084,0.360640652206787));
#1929=CARTESIAN_POINT('',(0.0311332998645263,0.00477091194912572,0.360640652206787));
#1930=CARTESIAN_POINT('',(0.0311332998645263,-2.64389668055879E-17,0.362270139504895));
#1931=CARTESIAN_POINT('',(0.0311332998645263,0.00194855715851486,0.362270139504895));
#1932=CARTESIAN_POINT('',(0.0311332998645263,-0.00564470958122179,0.359011164908679));
#1933=CARTESIAN_POINT('',(0.0311332998645263,-0.00369615242270698,0.359011164908679));
#1934=CARTESIAN_POINT('',(0.0311332998645263,-0.00282235479061092,0.357381677610571));
#1935=CARTESIAN_POINT('',(0.0311332998645263,-0.00087379763209602,0.357381677610571));
#1936=CARTESIAN_POINT('',(0.0311332998645263,-9.31885511810159E-17,0.355752190312464));
#1937=CARTESIAN_POINT('',(0.0311332998645263,0.00194855715851485,0.355752190312464));
#1938=CARTESIAN_POINT('',(0.0311332998645263,-6.81151935181132E-18,0.335500324082375));
#1939=CARTESIAN_POINT('',(0.0311332998645263,-0.00801850721331747,0.354899626803003));
#1940=CARTESIAN_POINT('',(0.0311332998645263,-0.00899278579257492,0.356587126803003));
#1941=CARTESIAN_POINT('',(0.0311332998645263,-0.00237379763209585,0.345122703014355));
#1942=CARTESIAN_POINT('',(0.0311332998645263,-0.00334807621135333,0.346810203014356));
#1943=CARTESIAN_POINT('',(0.0311332998645263,-0.00801850721331746,0.348381677610571));
#1944=CARTESIAN_POINT('',(0.0311332998645263,-0.00899278579257491,0.350069177610571));
#1945=CARTESIAN_POINT('',(0.0311332998645263,-0.00519615242270667,0.350011164908679));
#1946=CARTESIAN_POINT('',(0.0311332998645263,-0.00617043100196418,0.351698664908679));
#1947=CARTESIAN_POINT('',(0.0311332998645263,-0.00237379763209582,0.351640652206786));
#1948=CARTESIAN_POINT('',(0.0311332998645263,-0.00334807621135332,0.353328152206786));
#1949=CARTESIAN_POINT('',(0.0311332998645263,-6.81151935181132E-18,0.335500324082375));
#1950=CARTESIAN_POINT('',(0.0311332998645263,0.00237379763209583,0.345122703014355));
#1951=CARTESIAN_POINT('',(0.0311332998645263,0.00334807621135333,0.346810203014356));
#1952=CARTESIAN_POINT('',(0.0311332998645263,0.00801850721331745,0.348381677610571));
#1953=CARTESIAN_POINT('',(0.0311332998645263,0.00899278579257493,0.350069177610571));
#1954=CARTESIAN_POINT('',(0.0311332998645263,0.00801850721331746,0.354899626803003));
#1955=CARTESIAN_POINT('',(0.0311332998645263,0.00899278579257496,0.356587126803003));
#1956=CARTESIAN_POINT('',(0.0311332998645263,0.00237379763209583,0.351640652206787));
#1957=CARTESIAN_POINT('',(0.0311332998645263,0.00334807621135334,0.353328152206787));
#1958=CARTESIAN_POINT('',(0.0303832998645264,0.00152691204117723,0.356633753390466));
#1959=CARTESIAN_POINT('',(0.0311332998645264,0.00152691204117723,0.356633753390466));
#1960=CARTESIAN_POINT('',(0.0303832998645263,0.00215937971718366,0.355752190312463));
#1961=CARTESIAN_POINT('',(0.0311332998645263,0.00215937971718366,0.355752190312463));
#1962=CARTESIAN_POINT('',(0.0303832998645263,0.00152691204117723,0.354870627234461));
#1963=CARTESIAN_POINT('',(0.0311332998645263,0.00152691204117723,0.354870627234461));
#1964=CARTESIAN_POINT('',(0.0303832998645264,-9.80254289198457E-17,0.354505471851465));
#1965=CARTESIAN_POINT('',(0.0311332998645264,-9.80254289198457E-17,0.354505471851465));
#1966=CARTESIAN_POINT('',(0.0303832998645263,-0.00152691204117741,0.354870627234461));
#1967=CARTESIAN_POINT('',(0.0311332998645263,-0.00152691204117741,0.354870627234461));
#1968=CARTESIAN_POINT('',(0.0303832998645264,-0.00215937971718385,0.355752190312464));
#1969=CARTESIAN_POINT('',(0.0311332998645264,-0.00215937971718385,0.355752190312464));
#1970=CARTESIAN_POINT('',(0.0303832998645264,-0.00152691204117742,0.356633753390466));
#1971=CARTESIAN_POINT('',(0.0311332998645264,-0.00152691204117742,0.356633753390466));
#1972=CARTESIAN_POINT('',(0.0303832998645263,-1.08040746488181E-16,0.356998908773462));
#1973=CARTESIAN_POINT('',(0.0311332998645263,-1.08040746488181E-16,0.356998908773462));
#1974=CARTESIAN_POINT('',(0.0303832998645264,0.00152691204117723,0.356633753390466));
#1975=CARTESIAN_POINT('',(0.0311332998645264,0.00152691204117723,0.356633753390466));
#1976=CARTESIAN_POINT('',(0.0303832998645263,0.00215937971718366,0.355752190312463));
#1977=CARTESIAN_POINT('',(0.0311332998645263,0.00215937971718366,0.355752190312463));
#1978=CARTESIAN_POINT('',(0.0303832998645263,0.00152691204117723,0.354870627234461));
#1979=CARTESIAN_POINT('',(0.0311332998645263,0.00152691204117723,0.354870627234461));
#1980=CARTESIAN_POINT('',(0.0303832998645263,-9.31885511810159E-17,0.355752190312464));
#1981=CARTESIAN_POINT('',(0.0303832998645263,0.00194855715851485,0.355752190312464));
#1982=CARTESIAN_POINT('',(0.0303832998645263,-6.81151935181132E-18,0.347011164908679));
#1983=CARTESIAN_POINT('',(0.0303832998645264,-0.00129544274943373,0.358263240688574));
#1984=CARTESIAN_POINT('',(0.0311332998645264,-0.00129544274943373,0.358263240688574));
#1985=CARTESIAN_POINT('',(0.0303832998645263,-0.000662975073427215,0.357381677610571));
#1986=CARTESIAN_POINT('',(0.0311332998645263,-0.000662975073427215,0.357381677610571));
#1987=CARTESIAN_POINT('',(0.0303832998645263,-0.00129544274943353,0.356500114532569));
#1988=CARTESIAN_POINT('',(0.0311332998645263,-0.00129544274943353,0.356500114532569));
#1989=CARTESIAN_POINT('',(0.0303832998645264,-0.00282235479061079,0.356134959149572));
#1990=CARTESIAN_POINT('',(0.0311332998645264,-0.00282235479061079,0.356134959149572));
#1991=CARTESIAN_POINT('',(0.0303832998645264,-0.00434926683178811,0.356500114532568));
#1992=CARTESIAN_POINT('',(0.0311332998645264,-0.00434926683178811,0.356500114532568));
#1993=CARTESIAN_POINT('',(0.0303832998645263,-0.00498173450779463,0.357381677610571));
#1994=CARTESIAN_POINT('',(0.0311332998645263,-0.00498173450779463,0.357381677610571));
#1995=CARTESIAN_POINT('',(0.0303832998645264,-0.00434926683178831,0.358263240688574));
#1996=CARTESIAN_POINT('',(0.0311332998645264,-0.00434926683178831,0.358263240688574));
#1997=CARTESIAN_POINT('',(0.0303832998645263,-0.00282235479061107,0.35862839607157));
#1998=CARTESIAN_POINT('',(0.0311332998645263,-0.00282235479061107,0.35862839607157));
#1999=CARTESIAN_POINT('',(0.0303832998645264,-0.00129544274943373,0.358263240688574));
#2000=CARTESIAN_POINT('',(0.0311332998645264,-0.00129544274943373,0.358263240688574));
#2001=CARTESIAN_POINT('',(0.0303832998645263,-0.000662975073427215,0.357381677610571));
#2002=CARTESIAN_POINT('',(0.0311332998645263,-0.000662975073427215,0.357381677610571));
#2003=CARTESIAN_POINT('',(0.0303832998645263,-0.00129544274943353,0.356500114532569));
#2004=CARTESIAN_POINT('',(0.0311332998645263,-0.00129544274943353,0.356500114532569));
#2005=CARTESIAN_POINT('',(0.0303832998645263,-0.00282235479061092,0.357381677610571));
#2006=CARTESIAN_POINT('',(0.0303832998645263,-0.00087379763209602,0.357381677610571));
#2007=CARTESIAN_POINT('',(0.0303832998645263,-6.81151935181132E-18,0.347011164908679));
#2008=CARTESIAN_POINT('',(0.0303832998645264,-0.00411779754004462,0.359892727986682));
#2009=CARTESIAN_POINT('',(0.0311332998645264,-0.00411779754004462,0.359892727986682));
#2010=CARTESIAN_POINT('',(0.0303832998645263,-0.00348532986403818,0.359011164908679));
#2011=CARTESIAN_POINT('',(0.0311332998645263,-0.00348532986403818,0.359011164908679));
#2012=CARTESIAN_POINT('',(0.0303832998645264,-0.00411779754004453,0.358129601830676));
#2013=CARTESIAN_POINT('',(0.0311332998645264,-0.00411779754004453,0.358129601830676));
#2014=CARTESIAN_POINT('',(0.0303832998645263,-0.00564470958122173,0.35776444644768));
#2015=CARTESIAN_POINT('',(0.0311332998645263,-0.00564470958122173,0.35776444644768));
#2016=CARTESIAN_POINT('',(0.0303832998645263,-0.00717162162239897,0.358129601830676));
#2017=CARTESIAN_POINT('',(0.0311332998645263,-0.00717162162239897,0.358129601830676));
#2018=CARTESIAN_POINT('',(0.0303832998645263,-0.0078040892984054,0.359011164908679));
#2019=CARTESIAN_POINT('',(0.0311332998645263,-0.0078040892984054,0.359011164908679));
#2020=CARTESIAN_POINT('',(0.0303832998645264,-0.00717162162239905,0.359892727986682));
#2021=CARTESIAN_POINT('',(0.0311332998645264,-0.00717162162239905,0.359892727986682));
#2022=CARTESIAN_POINT('',(0.0303832998645263,-0.00564470958122184,0.360257883369678));
#2023=CARTESIAN_POINT('',(0.0311332998645263,-0.00564470958122184,0.360257883369678));
#2024=CARTESIAN_POINT('',(0.0303832998645264,-0.00411779754004462,0.359892727986682));
#2025=CARTESIAN_POINT('',(0.0311332998645264,-0.00411779754004462,0.359892727986682));
#2026=CARTESIAN_POINT('',(0.0303832998645263,-0.00348532986403818,0.359011164908679));
#2027=CARTESIAN_POINT('',(0.0311332998645263,-0.00348532986403818,0.359011164908679));
#2028=CARTESIAN_POINT('',(0.0303832998645264,-0.00411779754004453,0.358129601830676));
#2029=CARTESIAN_POINT('',(0.0311332998645264,-0.00411779754004453,0.358129601830676));
#2030=CARTESIAN_POINT('',(0.0303832998645263,-0.00564470958122179,0.359011164908679));
#2031=CARTESIAN_POINT('',(0.0303832998645263,-0.00369615242270698,0.359011164908679));
#2032=CARTESIAN_POINT('',(0.0303832998645263,-6.81151935181132E-18,0.347011164908679));
#2033=CARTESIAN_POINT('',(0.0303832998645264,-0.00390070967327319,0.352522215284789));
#2034=CARTESIAN_POINT('',(0.0311332998645264,-0.00390070967327319,0.352522215284789));
#2035=CARTESIAN_POINT('',(0.0303832998645263,-0.00345348749068774,0.353510729898284));
#2036=CARTESIAN_POINT('',(0.0311332998645263,-0.00345348749068774,0.353510729898284));
#2037=CARTESIAN_POINT('',(0.0303832998645263,-0.00237379763209584,0.353403778362792));
#2038=CARTESIAN_POINT('',(0.0311332998645263,-0.00237379763209584,0.353403778362792));
#2039=CARTESIAN_POINT('',(0.0303832998645264,-0.00129410777350392,0.352264011437286));
#2040=CARTESIAN_POINT('',(0.0311332998645264,-0.00129410777350392,0.352264011437286));
#2041=CARTESIAN_POINT('',(0.0303832998645263,-0.000846885590918461,0.350759089128784));
#2042=CARTESIAN_POINT('',(0.0311332998645263,-0.000846885590918461,0.350759089128784));
#2043=CARTESIAN_POINT('',(0.0303832998645264,-0.00129410777350392,0.349770574515289));
#2044=CARTESIAN_POINT('',(0.0311332998645264,-0.00129410777350392,0.349770574515289));
#2045=CARTESIAN_POINT('',(0.0303832998645264,-0.00237379763209581,0.349877526050781));
#2046=CARTESIAN_POINT('',(0.0311332998645264,-0.00237379763209581,0.349877526050781));
#2047=CARTESIAN_POINT('',(0.0303832998645263,-0.00345348749068772,0.351017292976287));
#2048=CARTESIAN_POINT('',(0.0311332998645263,-0.00345348749068772,0.351017292976287));
#2049=CARTESIAN_POINT('',(0.0303832998645264,-0.00390070967327319,0.352522215284789));
#2050=CARTESIAN_POINT('',(0.0311332998645264,-0.00390070967327319,0.352522215284789));
#2051=CARTESIAN_POINT('',(0.0303832998645263,-0.00345348749068774,0.353510729898284));
#2052=CARTESIAN_POINT('',(0.0311332998645263,-0.00345348749068774,0.353510729898284));
#2053=CARTESIAN_POINT('',(0.0303832998645263,-0.00237379763209584,0.353403778362792));
#2054=CARTESIAN_POINT('',(0.0311332998645263,-0.00237379763209584,0.353403778362792));
#2055=CARTESIAN_POINT('',(0.0303832998645263,-0.00237379763209582,0.351640652206786));
#2056=CARTESIAN_POINT('',(0.0303832998645263,-0.00334807621135332,0.353328152206786));
#2057=CARTESIAN_POINT('',(0.0303832998645263,-6.81151935181132E-18,0.347011164908679));
#2058=CARTESIAN_POINT('',(0.0303832998645264,-0.00672306446388404,0.350892727986682));
#2059=CARTESIAN_POINT('',(0.0311332998645264,-0.00672306446388404,0.350892727986682));
#2060=CARTESIAN_POINT('',(0.0303832998645263,-0.00627584228129859,0.351881242600177));
#2061=CARTESIAN_POINT('',(0.0311332998645263,-0.00627584228129859,0.351881242600177));
#2062=CARTESIAN_POINT('',(0.0303832998645263,-0.00519615242270669,0.351774291064684));
#2063=CARTESIAN_POINT('',(0.0311332998645263,-0.00519615242270669,0.351774291064684));
#2064=CARTESIAN_POINT('',(0.0303832998645264,-0.00411646256411478,0.350634524139178));
#2065=CARTESIAN_POINT('',(0.0311332998645264,-0.00411646256411478,0.350634524139178));
#2066=CARTESIAN_POINT('',(0.0303832998645263,-0.00366924038152931,0.349129601830676));
#2067=CARTESIAN_POINT('',(0.0311332998645263,-0.00366924038152931,0.349129601830676));
#2068=CARTESIAN_POINT('',(0.0303832998645264,-0.00411646256411476,0.348141087217181));
#2069=CARTESIAN_POINT('',(0.0311332998645264,-0.00411646256411476,0.348141087217181));
#2070=CARTESIAN_POINT('',(0.0303832998645264,-0.00519615242270665,0.348248038752674));
#2071=CARTESIAN_POINT('',(0.0311332998645264,-0.00519615242270665,0.348248038752674));
#2072=CARTESIAN_POINT('',(0.0303832998645263,-0.00627584228129855,0.34938780567818));
#2073=CARTESIAN_POINT('',(0.0311332998645263,-0.00627584228129855,0.34938780567818));
#2074=CARTESIAN_POINT('',(0.0303832998645264,-0.00672306446388404,0.350892727986682));
#2075=CARTESIAN_POINT('',(0.0311332998645264,-0.00672306446388404,0.350892727986682));
#2076=CARTESIAN_POINT('',(0.0303832998645263,-0.00627584228129859,0.351881242600177));
#2077=CARTESIAN_POINT('',(0.0311332998645263,-0.00627584228129859,0.351881242600177));
#2078=CARTESIAN_POINT('',(0.0303832998645263,-0.00519615242270669,0.351774291064684));
#2079=CARTESIAN_POINT('',(0.0311332998645263,-0.00519615242270669,0.351774291064684));
#2080=CARTESIAN_POINT('',(0.0303832998645263,-0.00519615242270667,0.350011164908679));
#2081=CARTESIAN_POINT('',(0.0303832998645263,-0.00617043100196418,0.351698664908679));
#2082=CARTESIAN_POINT('',(0.0303832998645263,-6.81151935181132E-18,0.347011164908679));
#2083=CARTESIAN_POINT('',(0.0303832998645263,0.00237379763209582,0.353403778362792));
#2084=CARTESIAN_POINT('',(0.0311332998645263,0.00237379763209582,0.353403778362792));
#2085=CARTESIAN_POINT('',(0.0303832998645263,0.00345348749068775,0.353510729898285));
#2086=CARTESIAN_POINT('',(0.0311332998645263,0.00345348749068775,0.353510729898285));
#2087=CARTESIAN_POINT('',(0.0303832998645264,0.00390070967327322,0.35252221528479));
#2088=CARTESIAN_POINT('',(0.0311332998645264,0.00390070967327322,0.35252221528479));
#2089=CARTESIAN_POINT('',(0.0303832998645263,0.00345348749068776,0.351017292976287));
#2090=CARTESIAN_POINT('',(0.0311332998645263,0.00345348749068776,0.351017292976287));
#2091=CARTESIAN_POINT('',(0.0303832998645264,0.00237379763209584,0.349877526050782));
#2092=CARTESIAN_POINT('',(0.0311332998645264,0.00237379763209584,0.349877526050782));
#2093=CARTESIAN_POINT('',(0.0303832998645263,0.00129410777350392,0.349770574515289));
#2094=CARTESIAN_POINT('',(0.0311332998645263,0.00129410777350392,0.349770574515289));
#2095=CARTESIAN_POINT('',(0.0303832998645264,0.000846885590918449,0.350759089128784));
#2096=CARTESIAN_POINT('',(0.0311332998645264,0.000846885590918449,0.350759089128784));
#2097=CARTESIAN_POINT('',(0.0303832998645263,0.00129410777350391,0.352264011437286));
#2098=CARTESIAN_POINT('',(0.0311332998645263,0.00129410777350391,0.352264011437286));
#2099=CARTESIAN_POINT('',(0.0303832998645263,0.00237379763209582,0.353403778362792));
#2100=CARTESIAN_POINT('',(0.0311332998645263,0.00237379763209582,0.353403778362792));
#2101=CARTESIAN_POINT('',(0.0303832998645263,0.00345348749068775,0.353510729898285));
#2102=CARTESIAN_POINT('',(0.0311332998645263,0.00345348749068775,0.353510729898285));
#2103=CARTESIAN_POINT('',(0.0303832998645264,0.00390070967327322,0.35252221528479));
#2104=CARTESIAN_POINT('',(0.0311332998645264,0.00390070967327322,0.35252221528479));
#2105=CARTESIAN_POINT('',(0.0303832998645263,0.00237379763209583,0.351640652206787));
#2106=CARTESIAN_POINT('',(0.0303832998645263,0.00334807621135334,0.353328152206787));
#2107=CARTESIAN_POINT('',(0.0303832998645263,-6.81151935181132E-18,0.347011164908679));
#2108=CARTESIAN_POINT('',(0.0303832998645263,-0.00954541925449481,0.349263240688574));
#2109=CARTESIAN_POINT('',(0.0311332998645263,-0.00954541925449481,0.349263240688574));
#2110=CARTESIAN_POINT('',(0.0303832998645263,-0.00909819707190931,0.350251755302069));
#2111=CARTESIAN_POINT('',(0.0311332998645263,-0.00909819707190931,0.350251755302069));
#2112=CARTESIAN_POINT('',(0.0303832998645264,-0.00801850721331739,0.350144803766576));
#2113=CARTESIAN_POINT('',(0.0311332998645264,-0.00801850721331739,0.350144803766576));
#2114=CARTESIAN_POINT('',(0.0303832998645263,-0.00693881735472551,0.34900503684107));
#2115=CARTESIAN_POINT('',(0.0311332998645263,-0.00693881735472551,0.34900503684107));
#2116=CARTESIAN_POINT('',(0.0303832998645263,-0.00649159517214011,0.347500114532568));
#2117=CARTESIAN_POINT('',(0.0311332998645263,-0.00649159517214011,0.347500114532568));
#2118=CARTESIAN_POINT('',(0.0303832998645263,-0.00693881735472561,0.346511599919073));
#2119=CARTESIAN_POINT('',(0.0311332998645263,-0.00693881735472561,0.346511599919073));
#2120=CARTESIAN_POINT('',(0.0303832998645264,-0.00801850721331753,0.346618551454566));
#2121=CARTESIAN_POINT('',(0.0311332998645264,-0.00801850721331753,0.346618551454566));
#2122=CARTESIAN_POINT('',(0.0303832998645263,-0.00909819707190941,0.347758318380072));
#2123=CARTESIAN_POINT('',(0.0311332998645263,-0.00909819707190941,0.347758318380072));
#2124=CARTESIAN_POINT('',(0.0303832998645263,-0.00954541925449481,0.349263240688574));
#2125=CARTESIAN_POINT('',(0.0311332998645263,-0.00954541925449481,0.349263240688574));
#2126=CARTESIAN_POINT('',(0.0303832998645263,-0.00909819707190931,0.350251755302069));
#2127=CARTESIAN_POINT('',(0.0311332998645263,-0.00909819707190931,0.350251755302069));
#2128=CARTESIAN_POINT('',(0.0303832998645264,-0.00801850721331739,0.350144803766576));
#2129=CARTESIAN_POINT('',(0.0311332998645264,-0.00801850721331739,0.350144803766576));
#2130=CARTESIAN_POINT('',(0.0303832998645263,-0.00801850721331746,0.348381677610571));
#2131=CARTESIAN_POINT('',(0.0303832998645263,-0.00899278579257491,0.350069177610571));
#2132=CARTESIAN_POINT('',(0.0303832998645263,-6.81151935181132E-18,0.347011164908679));
#2133=CARTESIAN_POINT('',(0.0303832998645264,0.00801850721331743,0.356662752959008));
#2134=CARTESIAN_POINT('',(0.0311332998645264,0.00801850721331743,0.356662752959008));
#2135=CARTESIAN_POINT('',(0.0303832998645263,0.00909819707190937,0.356769704494501));
#2136=CARTESIAN_POINT('',(0.0311332998645263,0.00909819707190937,0.356769704494501));
#2137=CARTESIAN_POINT('',(0.0303832998645263,0.00954541925449486,0.355781189881005));
#2138=CARTESIAN_POINT('',(0.0311332998645263,0.00954541925449486,0.355781189881005));
#2139=CARTESIAN_POINT('',(0.0303832998645264,0.00909819707190941,0.354276267572503));
#2140=CARTESIAN_POINT('',(0.0311332998645264,0.00909819707190941,0.354276267572503));
#2141=CARTESIAN_POINT('',(0.0303832998645263,0.0080185072133175,0.353136500646997));
#2142=CARTESIAN_POINT('',(0.0311332998645263,0.0080185072133175,0.353136500646997));
#2143=CARTESIAN_POINT('',(0.0303832998645264,0.00693881735472555,0.353029549111504));
#2144=CARTESIAN_POINT('',(0.0311332998645264,0.00693881735472555,0.353029549111504));
#2145=CARTESIAN_POINT('',(0.0303832998645264,0.00649159517214006,0.354018063725));
#2146=CARTESIAN_POINT('',(0.0311332998645264,0.00649159517214006,0.354018063725));
#2147=CARTESIAN_POINT('',(0.0303832998645263,0.00693881735472549,0.355522986033502));
#2148=CARTESIAN_POINT('',(0.0311332998645263,0.00693881735472549,0.355522986033502));
#2149=CARTESIAN_POINT('',(0.0303832998645264,0.00801850721331743,0.356662752959008));
#2150=CARTESIAN_POINT('',(0.0311332998645264,0.00801850721331743,0.356662752959008));
#2151=CARTESIAN_POINT('',(0.0303832998645263,0.00909819707190937,0.356769704494501));
#2152=CARTESIAN_POINT('',(0.0311332998645263,0.00909819707190937,0.356769704494501));
#2153=CARTESIAN_POINT('',(0.0303832998645263,0.00954541925449486,0.355781189881005));
#2154=CARTESIAN_POINT('',(0.0311332998645263,0.00954541925449486,0.355781189881005));
#2155=CARTESIAN_POINT('',(0.0303832998645263,0.00801850721331746,0.354899626803003));
#2156=CARTESIAN_POINT('',(0.0303832998645263,0.00899278579257496,0.356587126803003));
#2157=CARTESIAN_POINT('',(0.0303832998645263,-6.81151935181132E-18,0.347011164908679));
#2158=CARTESIAN_POINT('',(0.0303832998645263,0.00801850721331745,0.350144803766576));
#2159=CARTESIAN_POINT('',(0.0311332998645263,0.00801850721331745,0.350144803766576));
#2160=CARTESIAN_POINT('',(0.0303832998645264,0.00909819707190936,0.350251755302069));
#2161=CARTESIAN_POINT('',(0.0311332998645264,0.00909819707190936,0.350251755302069));
#2162=CARTESIAN_POINT('',(0.0303832998645263,0.00954541925449479,0.349263240688573));
#2163=CARTESIAN_POINT('',(0.0311332998645263,0.00954541925449479,0.349263240688573));
#2164=CARTESIAN_POINT('',(0.0303832998645264,0.00909819707190934,0.347758318380072));
#2165=CARTESIAN_POINT('',(0.0311332998645264,0.00909819707190934,0.347758318380072));
#2166=CARTESIAN_POINT('',(0.0303832998645264,0.00801850721331744,0.346618551454566));
#2167=CARTESIAN_POINT('',(0.0311332998645264,0.00801850721331744,0.346618551454566));
#2168=CARTESIAN_POINT('',(0.0303832998645263,0.00693881735472555,0.346511599919073));
#2169=CARTESIAN_POINT('',(0.0311332998645263,0.00693881735472555,0.346511599919073));
#2170=CARTESIAN_POINT('',(0.0303832998645264,0.0064915951721401,0.347500114532568));
#2171=CARTESIAN_POINT('',(0.0311332998645264,0.0064915951721401,0.347500114532568));
#2172=CARTESIAN_POINT('',(0.0303832998645264,0.00693881735472557,0.34900503684107));
#2173=CARTESIAN_POINT('',(0.0311332998645264,0.00693881735472557,0.34900503684107));
#2174=CARTESIAN_POINT('',(0.0303832998645263,0.00801850721331745,0.350144803766576));
#2175=CARTESIAN_POINT('',(0.0311332998645263,0.00801850721331745,0.350144803766576));
#2176=CARTESIAN_POINT('',(0.0303832998645264,0.00909819707190936,0.350251755302069));
#2177=CARTESIAN_POINT('',(0.0311332998645264,0.00909819707190936,0.350251755302069));
#2178=CARTESIAN_POINT('',(0.0303832998645263,0.00954541925449479,0.349263240688573));
#2179=CARTESIAN_POINT('',(0.0311332998645263,0.00954541925449479,0.349263240688573));
#2180=CARTESIAN_POINT('',(0.0303832998645263,0.00801850721331745,0.348381677610571));
#2181=CARTESIAN_POINT('',(0.0303832998645263,0.00899278579257493,0.350069177610571));
#2182=CARTESIAN_POINT('',(0.0303832998645263,-6.81151935181132E-18,0.347011164908679));
#2183=CARTESIAN_POINT('',(0.0303832998645264,0.00237379763209582,0.346885829170361));
#2184=CARTESIAN_POINT('',(0.0311332998645264,0.00237379763209582,0.346885829170361));
#2185=CARTESIAN_POINT('',(0.0303832998645263,0.00345348749068773,0.346992780705853));
#2186=CARTESIAN_POINT('',(0.0311332998645263,0.00345348749068773,0.346992780705853));
#2187=CARTESIAN_POINT('',(0.0303832998645263,0.00390070967327319,0.346004266092358));
#2188=CARTESIAN_POINT('',(0.0311332998645263,0.00390070967327319,0.346004266092358));
#2189=CARTESIAN_POINT('',(0.0303832998645264,0.00345348749068774,0.344499343783856));
#2190=CARTESIAN_POINT('',(0.0311332998645264,0.00345348749068774,0.344499343783856));
#2191=CARTESIAN_POINT('',(0.0303832998645264,0.00237379763209585,0.34335957685835));
#2192=CARTESIAN_POINT('',(0.0311332998645264,0.00237379763209585,0.34335957685835));
#2193=CARTESIAN_POINT('',(0.0303832998645264,0.00129410777350393,0.343252625322857));
#2194=CARTESIAN_POINT('',(0.0311332998645264,0.00129410777350393,0.343252625322857));
#2195=CARTESIAN_POINT('',(0.0303832998645264,0.000846885590918487,0.344241139936353));
#2196=CARTESIAN_POINT('',(0.0311332998645264,0.000846885590918487,0.344241139936353));
#2197=CARTESIAN_POINT('',(0.0303832998645263,0.00129410777350392,0.345746062244855));
#2198=CARTESIAN_POINT('',(0.0311332998645263,0.00129410777350392,0.345746062244855));
#2199=CARTESIAN_POINT('',(0.0303832998645264,0.00237379763209582,0.346885829170361));
#2200=CARTESIAN_POINT('',(0.0311332998645264,0.00237379763209582,0.346885829170361));
#2201=CARTESIAN_POINT('',(0.0303832998645263,0.00345348749068773,0.346992780705853));
#2202=CARTESIAN_POINT('',(0.0311332998645263,0.00345348749068773,0.346992780705853));
#2203=CARTESIAN_POINT('',(0.0303832998645263,0.00390070967327319,0.346004266092358));
#2204=CARTESIAN_POINT('',(0.0311332998645263,0.00390070967327319,0.346004266092358));
#2205=CARTESIAN_POINT('',(0.0303832998645263,0.00237379763209583,0.345122703014355));
#2206=CARTESIAN_POINT('',(0.0303832998645263,0.00334807621135333,0.346810203014356));
#2207=CARTESIAN_POINT('',(0.0303832998645263,-6.81151935181132E-18,0.347011164908679));
#2208=CARTESIAN_POINT('',(0.0303832998645264,-0.00390070967327318,0.346004266092358));
#2209=CARTESIAN_POINT('',(0.0311332998645264,-0.00390070967327318,0.346004266092358));
#2210=CARTESIAN_POINT('',(0.0303832998645263,-0.00345348749068772,0.346992780705853));
#2211=CARTESIAN_POINT('',(0.0311332998645263,-0.00345348749068772,0.346992780705853));
#2212=CARTESIAN_POINT('',(0.0303832998645264,-0.00237379763209583,0.346885829170361));
#2213=CARTESIAN_POINT('',(0.0311332998645264,-0.00237379763209583,0.346885829170361));
#2214=CARTESIAN_POINT('',(0.0303832998645263,-0.00129410777350395,0.345746062244855));
#2215=CARTESIAN_POINT('',(0.0311332998645263,-0.00129410777350395,0.345746062244855));
#2216=CARTESIAN_POINT('',(0.0303832998645263,-0.000846885590918512,0.344241139936353));
#2217=CARTESIAN_POINT('',(0.0311332998645263,-0.000846885590918512,0.344241139936353));
#2218=CARTESIAN_POINT('',(0.0303832998645263,-0.00129410777350397,0.343252625322857));
#2219=CARTESIAN_POINT('',(0.0311332998645263,-0.00129410777350397,0.343252625322857));
#2220=CARTESIAN_POINT('',(0.0303832998645264,-0.00237379763209586,0.34335957685835));
#2221=CARTESIAN_POINT('',(0.0311332998645264,-0.00237379763209586,0.34335957685835));
#2222=CARTESIAN_POINT('',(0.0303832998645263,-0.00345348749068774,0.344499343783856));
#2223=CARTESIAN_POINT('',(0.0311332998645263,-0.00345348749068774,0.344499343783856));
#2224=CARTESIAN_POINT('',(0.0303832998645264,-0.00390070967327318,0.346004266092358));
#2225=CARTESIAN_POINT('',(0.0311332998645264,-0.00390070967327318,0.346004266092358));
#2226=CARTESIAN_POINT('',(0.0303832998645263,-0.00345348749068772,0.346992780705853));
#2227=CARTESIAN_POINT('',(0.0311332998645263,-0.00345348749068772,0.346992780705853));
#2228=CARTESIAN_POINT('',(0.0303832998645264,-0.00237379763209583,0.346885829170361));
#2229=CARTESIAN_POINT('',(0.0311332998645264,-0.00237379763209583,0.346885829170361));
#2230=CARTESIAN_POINT('',(0.0303832998645263,-0.00237379763209585,0.345122703014355));
#2231=CARTESIAN_POINT('',(0.0303832998645263,-0.00334807621135333,0.346810203014356));
#2232=CARTESIAN_POINT('',(0.0303832998645263,-6.81151935181132E-18,0.347011164908679));
#2233=CARTESIAN_POINT('',(0.0303832998645263,0.00152691204117725,0.363151702582897));
#2234=CARTESIAN_POINT('',(0.0311332998645263,0.00152691204117725,0.363151702582897));
#2235=CARTESIAN_POINT('',(0.0303832998645263,0.00215937971718367,0.362270139504895));
#2236=CARTESIAN_POINT('',(0.0311332998645263,0.00215937971718367,0.362270139504895));
#2237=CARTESIAN_POINT('',(0.0303832998645264,0.00152691204117725,0.361388576426892));
#2238=CARTESIAN_POINT('',(0.0311332998645264,0.00152691204117725,0.361388576426892));
#2239=CARTESIAN_POINT('',(0.0303832998645264,-2.5600723797814E-17,0.361023421043896));
#2240=CARTESIAN_POINT('',(0.0311332998645264,-2.5600723797814E-17,0.361023421043896));
#2241=CARTESIAN_POINT('',(0.0303832998645263,-0.00152691204117731,0.361388576426892));
#2242=CARTESIAN_POINT('',(0.0311332998645263,-0.00152691204117731,0.361388576426892));
#2243=CARTESIAN_POINT('',(0.0303832998645263,-0.00215937971718372,0.362270139504894));
#2244=CARTESIAN_POINT('',(0.0311332998645263,-0.00215937971718372,0.362270139504894));
#2245=CARTESIAN_POINT('',(0.0303832998645264,-0.00152691204117731,0.363151702582897));
#2246=CARTESIAN_POINT('',(0.0311332998645264,-0.00152691204117731,0.363151702582897));
#2247=CARTESIAN_POINT('',(0.0303832998645263,-1.96511643762998E-17,0.363516857965893));
#2248=CARTESIAN_POINT('',(0.0311332998645263,-1.96511643762998E-17,0.363516857965893));
#2249=CARTESIAN_POINT('',(0.0303832998645263,0.00152691204117725,0.363151702582897));
#2250=CARTESIAN_POINT('',(0.0311332998645263,0.00152691204117725,0.363151702582897));
#2251=CARTESIAN_POINT('',(0.0303832998645263,0.00215937971718367,0.362270139504895));
#2252=CARTESIAN_POINT('',(0.0311332998645263,0.00215937971718367,0.362270139504895));
#2253=CARTESIAN_POINT('',(0.0303832998645264,0.00152691204117725,0.361388576426892));
#2254=CARTESIAN_POINT('',(0.0311332998645264,0.00152691204117725,0.361388576426892));
#2255=CARTESIAN_POINT('',(0.0303832998645263,-2.64389668055879E-17,0.362270139504895));
#2256=CARTESIAN_POINT('',(0.0303832998645263,0.00194855715851486,0.362270139504895));
#2257=CARTESIAN_POINT('',(0.0303832998645263,-6.81151935181132E-18,0.347011164908679));
#2258=CARTESIAN_POINT('',(0.0303832998645264,0.00434926683178798,0.36152221528479));
#2259=CARTESIAN_POINT('',(0.0311332998645264,0.00434926683178798,0.36152221528479));
#2260=CARTESIAN_POINT('',(0.0303832998645263,0.00498173450779452,0.360640652206787));
#2261=CARTESIAN_POINT('',(0.0311332998645263,0.00498173450779452,0.360640652206787));
#2262=CARTESIAN_POINT('',(0.0303832998645263,0.00434926683178825,0.359759089128785));
#2263=CARTESIAN_POINT('',(0.0311332998645263,0.00434926683178825,0.359759089128785));
#2264=CARTESIAN_POINT('',(0.0303832998645263,0.00282235479061102,0.359393933745788));
#2265=CARTESIAN_POINT('',(0.0311332998645263,0.00282235479061102,0.359393933745788));
#2266=CARTESIAN_POINT('',(0.0303832998645264,0.00129544274943371,0.359759089128784));
#2267=CARTESIAN_POINT('',(0.0311332998645264,0.00129544274943371,0.359759089128784));
#2268=CARTESIAN_POINT('',(0.0303832998645263,0.000662975073427154,0.360640652206787));
#2269=CARTESIAN_POINT('',(0.0311332998645263,0.000662975073427154,0.360640652206787));
#2270=CARTESIAN_POINT('',(0.0303832998645264,0.00129544274943344,0.361522215284789));
#2271=CARTESIAN_POINT('',(0.0311332998645264,0.00129544274943344,0.361522215284789));
#2272=CARTESIAN_POINT('',(0.0303832998645263,0.00282235479061064,0.361887370667786));
#2273=CARTESIAN_POINT('',(0.0311332998645263,0.00282235479061064,0.361887370667786));
#2274=CARTESIAN_POINT('',(0.0303832998645264,0.00434926683178798,0.36152221528479));
#2275=CARTESIAN_POINT('',(0.0311332998645264,0.00434926683178798,0.36152221528479));
#2276=CARTESIAN_POINT('',(0.0303832998645263,0.00498173450779452,0.360640652206787));
#2277=CARTESIAN_POINT('',(0.0311332998645263,0.00498173450779452,0.360640652206787));
#2278=CARTESIAN_POINT('',(0.0303832998645263,0.00434926683178825,0.359759089128785));
#2279=CARTESIAN_POINT('',(0.0311332998645263,0.00434926683178825,0.359759089128785));
#2280=CARTESIAN_POINT('',(0.0303832998645263,0.00282235479061084,0.360640652206787));
#2281=CARTESIAN_POINT('',(0.0303832998645263,0.00477091194912572,0.360640652206787));
#2282=CARTESIAN_POINT('',(0.0303832998645263,-6.81151935181132E-18,0.347011164908679));
#2283=CARTESIAN_POINT('',(0.0303832998645263,0.00717162162239894,0.359892727986682));
#2284=CARTESIAN_POINT('',(0.0311332998645263,0.00717162162239894,0.359892727986682));
#2285=CARTESIAN_POINT('',(0.0303832998645263,0.00780408929840536,0.359011164908679));
#2286=CARTESIAN_POINT('',(0.0311332998645263,0.00780408929840536,0.359011164908679));
#2287=CARTESIAN_POINT('',(0.0303832998645264,0.00717162162239897,0.358129601830677));
#2288=CARTESIAN_POINT('',(0.0311332998645264,0.00717162162239897,0.358129601830677));
#2289=CARTESIAN_POINT('',(0.0303832998645264,0.00564470958122171,0.35776444644768));
#2290=CARTESIAN_POINT('',(0.0311332998645264,0.00564470958122171,0.35776444644768));
#2291=CARTESIAN_POINT('',(0.0303832998645263,0.00411779754004445,0.358129601830676));
#2292=CARTESIAN_POINT('',(0.0311332998645263,0.00411779754004445,0.358129601830676));
#2293=CARTESIAN_POINT('',(0.0303832998645263,0.00348532986403804,0.359011164908679));
#2294=CARTESIAN_POINT('',(0.0311332998645263,0.00348532986403804,0.359011164908679));
#2295=CARTESIAN_POINT('',(0.0303832998645264,0.00411779754004443,0.359892727986682));
#2296=CARTESIAN_POINT('',(0.0311332998645264,0.00411779754004443,0.359892727986682));
#2297=CARTESIAN_POINT('',(0.0303832998645263,0.0056447095812217,0.360257883369678));
#2298=CARTESIAN_POINT('',(0.0311332998645263,0.0056447095812217,0.360257883369678));
#2299=CARTESIAN_POINT('',(0.0303832998645263,0.00717162162239894,0.359892727986682));
#2300=CARTESIAN_POINT('',(0.0311332998645263,0.00717162162239894,0.359892727986682));
#2301=CARTESIAN_POINT('',(0.0303832998645263,0.00780408929840536,0.359011164908679));
#2302=CARTESIAN_POINT('',(0.0311332998645263,0.00780408929840536,0.359011164908679));
#2303=CARTESIAN_POINT('',(0.0303832998645264,0.00717162162239897,0.358129601830677));
#2304=CARTESIAN_POINT('',(0.0311332998645264,0.00717162162239897,0.358129601830677));
#2305=CARTESIAN_POINT('',(0.0303832998645263,0.0056447095812217,0.359011164908679));
#2306=CARTESIAN_POINT('',(0.0303832998645263,0.00759326673973656,0.359011164908679));
#2307=CARTESIAN_POINT('',(0.0303832998645263,-6.81151935181132E-18,0.347011164908679));
#2308=CARTESIAN_POINT('',(0.0303832998645263,-0.0095454192544948,0.355781189881005));
#2309=CARTESIAN_POINT('',(0.0311332998645263,-0.0095454192544948,0.355781189881005));
#2310=CARTESIAN_POINT('',(0.0303832998645263,-0.00909819707190932,0.356769704494501));
#2311=CARTESIAN_POINT('',(0.0311332998645263,-0.00909819707190932,0.356769704494501));
#2312=CARTESIAN_POINT('',(0.0303832998645264,-0.00801850721331743,0.356662752959008));
#2313=CARTESIAN_POINT('',(0.0311332998645264,-0.00801850721331743,0.356662752959008));
#2314=CARTESIAN_POINT('',(0.0303832998645264,-0.00693881735472556,0.355522986033502));
#2315=CARTESIAN_POINT('',(0.0311332998645264,-0.00693881735472556,0.355522986033502));
#2316=CARTESIAN_POINT('',(0.0303832998645263,-0.00649159517214014,0.354018063725));
#2317=CARTESIAN_POINT('',(0.0311332998645263,-0.00649159517214014,0.354018063725));
#2318=CARTESIAN_POINT('',(0.0303832998645263,-0.00693881735472561,0.353029549111504));
#2319=CARTESIAN_POINT('',(0.0311332998645263,-0.00693881735472561,0.353029549111504));
#2320=CARTESIAN_POINT('',(0.0303832998645264,-0.00801850721331751,0.353136500646997));
#2321=CARTESIAN_POINT('',(0.0311332998645264,-0.00801850721331751,0.353136500646997));
#2322=CARTESIAN_POINT('',(0.0303832998645263,-0.00909819707190939,0.354276267572503));
#2323=CARTESIAN_POINT('',(0.0311332998645263,-0.00909819707190939,0.354276267572503));
#2324=CARTESIAN_POINT('',(0.0303832998645263,-0.0095454192544948,0.355781189881005));
#2325=CARTESIAN_POINT('',(0.0311332998645263,-0.0095454192544948,0.355781189881005));
#2326=CARTESIAN_POINT('',(0.0303832998645263,-0.00909819707190932,0.356769704494501));
#2327=CARTESIAN_POINT('',(0.0311332998645263,-0.00909819707190932,0.356769704494501));
#2328=CARTESIAN_POINT('',(0.0303832998645264,-0.00801850721331743,0.356662752959008));
#2329=CARTESIAN_POINT('',(0.0311332998645264,-0.00801850721331743,0.356662752959008));
#2330=CARTESIAN_POINT('',(0.0303832998645263,-0.00801850721331747,0.354899626803003));
#2331=CARTESIAN_POINT('',(0.0303832998645263,-0.00899278579257492,0.356587126803003));
#2332=CARTESIAN_POINT('',(0.0303832998645263,-6.81151935181132E-18,0.347011164908679));
#2333=MECHANICAL_DESIGN_GEOMETRIC_PRESENTATION_REPRESENTATION('',(#1044,
#57,#58,#59,#60,#61,#62,#63,#64,#65,#66,#67,#68,#69,#70,#71,#72,#73,#74,
#75,#76,#77,#78,#79,#80,#81,#82,#83,#84,#85,#86,#87,#88,#89,#90,#91,#92,
#93,#94,#95,#96,#97,#98,#99,#100,#101,#102,#103,#104,#105,#106,#107,#108,
#109,#110,#111,#112,#113,#114,#115,#116),#2334);
#2334=(
GEOMETRIC_REPRESENTATION_CONTEXT(3)
GLOBAL_UNCERTAINTY_ASSIGNED_CONTEXT((#2335))
GLOBAL_UNIT_ASSIGNED_CONTEXT((#2338,#2337,#2336))
REPRESENTATION_CONTEXT('banner','TOP_LEVEL_ASSEMBLY_PART')
);
#2335=UNCERTAINTY_MEASURE_WITH_UNIT(LENGTH_MEASURE(2.E-5),#2338,
'DISTANCE_ACCURACY_VALUE','Maximum Tolerance applied to model');
#2336=(
NAMED_UNIT(*)
SI_UNIT($,.STERADIAN.)
SOLID_ANGLE_UNIT()
);
#2337=(
NAMED_UNIT(*)
PLANE_ANGLE_UNIT()
SI_UNIT($,.RADIAN.)
);
#2338=(
LENGTH_UNIT()
NAMED_UNIT(*)
SI_UNIT($,.METRE.)
);
#2339=PRODUCT_DEFINITION_SHAPE('','',#2340);
#2340=PRODUCT_DEFINITION('','',#2342,#2341);
#2341=PRODUCT_DEFINITION_CONTEXT('',#2348,'design');
#2342=PRODUCT_DEFINITION_FORMATION_WITH_SPECIFIED_SOURCE('','',#2344,
 .NOT_KNOWN.);
#2343=PRODUCT_RELATED_PRODUCT_CATEGORY('','',(#2344));
#2344=PRODUCT('banner','banner','banner',(#2346));
#2345=PRODUCT_CATEGORY('','');
#2346=PRODUCT_CONTEXT('',#2348,'mechanical');
#2347=APPLICATION_PROTOCOL_DEFINITION('international standard',
'ap242_managed_model_based_3d_engineering',2020,#2348);
#2348=APPLICATION_CONTEXT('managed model based 3d engineering');
ENDSEC;
END-ISO-10303-21;
