ISO-10303-21;
HEADER;
/* Generated by software containing ST-Developer
 * from STEP Tools, Inc. (www.steptools.com) 
 */
/* OPTION: using custom renumber hook */

FILE_DESCRIPTION(
/* description */ ('STEP AP242 Edition 2',
'CAx-IF Rec.Pracs.---Representation and Presentation of Product Manufa
cturing Information (PMI)---4.0---2014-10-13',
'CAx-IF Rec.Pracs.---3D Tessellated Geometry---0.4---2014-09-14','2;1',
'CAx-IF Rec.Pracs.---User Defined Attributes---1.5---2016-08-15'),
/* implementation_level */ '2;1');

FILE_NAME(
/* name */ '696952dd921b1754beb842f9',
/* time_stamp */ '2026-01-15T20:49:33Z',
/* author */ (''),
/* organization */ (''),
/* preprocessor_version */ 'ST-DEVELOPER v20',
/* originating_system */ 'ONSHAPE BY PTC INC, 1.209',
/* authorisation */ '  ');

FILE_SCHEMA (('AP242_MANAGED_MODEL_BASED_3D_ENGINEERING_MIM_LF { 1 0 10303 442 3 1 4 }'));
ENDSEC;

DATA;
#10=SHAPE_REPRESENTATION_RELATIONSHIP('','',#1820,#11);
#11=ADVANCED_BREP_SHAPE_REPRESENTATION('',(#1818),#2870);
#12=CYLINDRICAL_SURFACE('',#1828,0.0467110664860351);
#13=CYLINDRICAL_SURFACE('',#1923,0.0707110664860351);
#14=CIRCLE('',#1823,0.0467110664860351);
#15=CIRCLE('',#1824,0.0707110664860351);
#16=CIRCLE('',#1826,0.0467110664860351);
#17=CIRCLE('',#1827,0.0707110664860351);
#18=ORIENTED_EDGE('',*,*,#500,.F.);
#19=ORIENTED_EDGE('',*,*,#501,.F.);
#20=ORIENTED_EDGE('',*,*,#502,.T.);
#21=ORIENTED_EDGE('',*,*,#503,.T.);
#22=ORIENTED_EDGE('',*,*,#504,.F.);
#23=ORIENTED_EDGE('',*,*,#505,.F.);
#24=ORIENTED_EDGE('',*,*,#506,.T.);
#25=ORIENTED_EDGE('',*,*,#507,.T.);
#26=ORIENTED_EDGE('',*,*,#508,.F.);
#27=ORIENTED_EDGE('',*,*,#509,.F.);
#28=ORIENTED_EDGE('',*,*,#510,.T.);
#29=ORIENTED_EDGE('',*,*,#511,.T.);
#30=ORIENTED_EDGE('',*,*,#512,.F.);
#31=ORIENTED_EDGE('',*,*,#513,.F.);
#32=ORIENTED_EDGE('',*,*,#514,.T.);
#33=ORIENTED_EDGE('',*,*,#515,.T.);
#34=ORIENTED_EDGE('',*,*,#516,.F.);
#35=ORIENTED_EDGE('',*,*,#517,.F.);
#36=ORIENTED_EDGE('',*,*,#518,.T.);
#37=ORIENTED_EDGE('',*,*,#519,.T.);
#38=ORIENTED_EDGE('',*,*,#520,.F.);
#39=ORIENTED_EDGE('',*,*,#521,.F.);
#40=ORIENTED_EDGE('',*,*,#522,.T.);
#41=ORIENTED_EDGE('',*,*,#523,.T.);
#42=ORIENTED_EDGE('',*,*,#524,.F.);
#43=ORIENTED_EDGE('',*,*,#525,.F.);
#44=ORIENTED_EDGE('',*,*,#526,.T.);
#45=ORIENTED_EDGE('',*,*,#527,.T.);
#46=ORIENTED_EDGE('',*,*,#528,.F.);
#47=ORIENTED_EDGE('',*,*,#529,.F.);
#48=ORIENTED_EDGE('',*,*,#530,.T.);
#49=ORIENTED_EDGE('',*,*,#531,.T.);
#50=ORIENTED_EDGE('',*,*,#532,.F.);
#51=ORIENTED_EDGE('',*,*,#533,.F.);
#52=ORIENTED_EDGE('',*,*,#534,.T.);
#53=ORIENTED_EDGE('',*,*,#535,.T.);
#54=ORIENTED_EDGE('',*,*,#536,.F.);
#55=ORIENTED_EDGE('',*,*,#537,.F.);
#56=ORIENTED_EDGE('',*,*,#538,.T.);
#57=ORIENTED_EDGE('',*,*,#539,.T.);
#58=ORIENTED_EDGE('',*,*,#540,.F.);
#59=ORIENTED_EDGE('',*,*,#541,.F.);
#60=ORIENTED_EDGE('',*,*,#542,.T.);
#61=ORIENTED_EDGE('',*,*,#543,.T.);
#62=ORIENTED_EDGE('',*,*,#544,.F.);
#63=ORIENTED_EDGE('',*,*,#545,.F.);
#64=ORIENTED_EDGE('',*,*,#546,.T.);
#65=ORIENTED_EDGE('',*,*,#547,.T.);
#66=ORIENTED_EDGE('',*,*,#548,.F.);
#67=ORIENTED_EDGE('',*,*,#549,.F.);
#68=ORIENTED_EDGE('',*,*,#550,.T.);
#69=ORIENTED_EDGE('',*,*,#551,.T.);
#70=ORIENTED_EDGE('',*,*,#552,.F.);
#71=ORIENTED_EDGE('',*,*,#553,.F.);
#72=ORIENTED_EDGE('',*,*,#554,.T.);
#73=ORIENTED_EDGE('',*,*,#555,.T.);
#74=ORIENTED_EDGE('',*,*,#556,.F.);
#75=ORIENTED_EDGE('',*,*,#557,.F.);
#76=ORIENTED_EDGE('',*,*,#558,.T.);
#77=ORIENTED_EDGE('',*,*,#559,.T.);
#78=ORIENTED_EDGE('',*,*,#560,.F.);
#79=ORIENTED_EDGE('',*,*,#561,.F.);
#80=ORIENTED_EDGE('',*,*,#562,.T.);
#81=ORIENTED_EDGE('',*,*,#563,.T.);
#82=ORIENTED_EDGE('',*,*,#564,.F.);
#83=ORIENTED_EDGE('',*,*,#565,.T.);
#84=ORIENTED_EDGE('',*,*,#566,.F.);
#85=ORIENTED_EDGE('',*,*,#567,.F.);
#86=ORIENTED_EDGE('',*,*,#568,.T.);
#87=ORIENTED_EDGE('',*,*,#569,.T.);
#88=ORIENTED_EDGE('',*,*,#570,.F.);
#89=ORIENTED_EDGE('',*,*,#571,.T.);
#90=ORIENTED_EDGE('',*,*,#570,.T.);
#91=ORIENTED_EDGE('',*,*,#504,.T.);
#92=ORIENTED_EDGE('',*,*,#506,.F.);
#93=ORIENTED_EDGE('',*,*,#572,.F.);
#94=ORIENTED_EDGE('',*,*,#573,.T.);
#95=ORIENTED_EDGE('',*,*,#574,.T.);
#96=ORIENTED_EDGE('',*,*,#575,.F.);
#97=ORIENTED_EDGE('',*,*,#576,.T.);
#98=ORIENTED_EDGE('',*,*,#577,.F.);
#99=ORIENTED_EDGE('',*,*,#572,.T.);
#100=ORIENTED_EDGE('',*,*,#505,.T.);
#101=ORIENTED_EDGE('',*,*,#578,.F.);
#102=ORIENTED_EDGE('',*,*,#579,.T.);
#103=ORIENTED_EDGE('',*,*,#575,.T.);
#104=ORIENTED_EDGE('',*,*,#508,.T.);
#105=ORIENTED_EDGE('',*,*,#580,.T.);
#106=ORIENTED_EDGE('',*,*,#581,.T.);
#107=ORIENTED_EDGE('',*,*,#578,.T.);
#108=ORIENTED_EDGE('',*,*,#507,.F.);
#109=ORIENTED_EDGE('',*,*,#574,.F.);
#110=ORIENTED_EDGE('',*,*,#577,.T.);
#111=ORIENTED_EDGE('',*,*,#582,.T.);
#112=ORIENTED_EDGE('',*,*,#580,.F.);
#113=ORIENTED_EDGE('',*,*,#573,.F.);
#114=ORIENTED_EDGE('',*,*,#510,.F.);
#115=ORIENTED_EDGE('',*,*,#583,.F.);
#116=ORIENTED_EDGE('',*,*,#584,.T.);
#117=ORIENTED_EDGE('',*,*,#585,.T.);
#118=ORIENTED_EDGE('',*,*,#586,.F.);
#119=ORIENTED_EDGE('',*,*,#587,.T.);
#120=ORIENTED_EDGE('',*,*,#588,.F.);
#121=ORIENTED_EDGE('',*,*,#583,.T.);
#122=ORIENTED_EDGE('',*,*,#509,.T.);
#123=ORIENTED_EDGE('',*,*,#589,.F.);
#124=ORIENTED_EDGE('',*,*,#590,.T.);
#125=ORIENTED_EDGE('',*,*,#586,.T.);
#126=ORIENTED_EDGE('',*,*,#512,.T.);
#127=ORIENTED_EDGE('',*,*,#591,.T.);
#128=ORIENTED_EDGE('',*,*,#592,.T.);
#129=ORIENTED_EDGE('',*,*,#589,.T.);
#130=ORIENTED_EDGE('',*,*,#511,.F.);
#131=ORIENTED_EDGE('',*,*,#585,.F.);
#132=ORIENTED_EDGE('',*,*,#588,.T.);
#133=ORIENTED_EDGE('',*,*,#593,.T.);
#134=ORIENTED_EDGE('',*,*,#591,.F.);
#135=ORIENTED_EDGE('',*,*,#584,.F.);
#136=ORIENTED_EDGE('',*,*,#514,.F.);
#137=ORIENTED_EDGE('',*,*,#594,.F.);
#138=ORIENTED_EDGE('',*,*,#595,.T.);
#139=ORIENTED_EDGE('',*,*,#596,.T.);
#140=ORIENTED_EDGE('',*,*,#597,.F.);
#141=ORIENTED_EDGE('',*,*,#598,.T.);
#142=ORIENTED_EDGE('',*,*,#599,.F.);
#143=ORIENTED_EDGE('',*,*,#594,.T.);
#144=ORIENTED_EDGE('',*,*,#513,.T.);
#145=ORIENTED_EDGE('',*,*,#600,.F.);
#146=ORIENTED_EDGE('',*,*,#601,.T.);
#147=ORIENTED_EDGE('',*,*,#597,.T.);
#148=ORIENTED_EDGE('',*,*,#516,.T.);
#149=ORIENTED_EDGE('',*,*,#602,.T.);
#150=ORIENTED_EDGE('',*,*,#603,.T.);
#151=ORIENTED_EDGE('',*,*,#600,.T.);
#152=ORIENTED_EDGE('',*,*,#515,.F.);
#153=ORIENTED_EDGE('',*,*,#596,.F.);
#154=ORIENTED_EDGE('',*,*,#599,.T.);
#155=ORIENTED_EDGE('',*,*,#604,.T.);
#156=ORIENTED_EDGE('',*,*,#602,.F.);
#157=ORIENTED_EDGE('',*,*,#595,.F.);
#158=ORIENTED_EDGE('',*,*,#518,.F.);
#159=ORIENTED_EDGE('',*,*,#605,.F.);
#160=ORIENTED_EDGE('',*,*,#606,.T.);
#161=ORIENTED_EDGE('',*,*,#607,.T.);
#162=ORIENTED_EDGE('',*,*,#608,.F.);
#163=ORIENTED_EDGE('',*,*,#609,.T.);
#164=ORIENTED_EDGE('',*,*,#610,.F.);
#165=ORIENTED_EDGE('',*,*,#605,.T.);
#166=ORIENTED_EDGE('',*,*,#517,.T.);
#167=ORIENTED_EDGE('',*,*,#611,.F.);
#168=ORIENTED_EDGE('',*,*,#612,.T.);
#169=ORIENTED_EDGE('',*,*,#608,.T.);
#170=ORIENTED_EDGE('',*,*,#520,.T.);
#171=ORIENTED_EDGE('',*,*,#613,.T.);
#172=ORIENTED_EDGE('',*,*,#614,.T.);
#173=ORIENTED_EDGE('',*,*,#611,.T.);
#174=ORIENTED_EDGE('',*,*,#519,.F.);
#175=ORIENTED_EDGE('',*,*,#607,.F.);
#176=ORIENTED_EDGE('',*,*,#610,.T.);
#177=ORIENTED_EDGE('',*,*,#615,.T.);
#178=ORIENTED_EDGE('',*,*,#613,.F.);
#179=ORIENTED_EDGE('',*,*,#606,.F.);
#180=ORIENTED_EDGE('',*,*,#522,.F.);
#181=ORIENTED_EDGE('',*,*,#616,.F.);
#182=ORIENTED_EDGE('',*,*,#617,.T.);
#183=ORIENTED_EDGE('',*,*,#618,.T.);
#184=ORIENTED_EDGE('',*,*,#619,.F.);
#185=ORIENTED_EDGE('',*,*,#620,.T.);
#186=ORIENTED_EDGE('',*,*,#621,.F.);
#187=ORIENTED_EDGE('',*,*,#616,.T.);
#188=ORIENTED_EDGE('',*,*,#521,.T.);
#189=ORIENTED_EDGE('',*,*,#622,.F.);
#190=ORIENTED_EDGE('',*,*,#623,.T.);
#191=ORIENTED_EDGE('',*,*,#619,.T.);
#192=ORIENTED_EDGE('',*,*,#524,.T.);
#193=ORIENTED_EDGE('',*,*,#624,.T.);
#194=ORIENTED_EDGE('',*,*,#625,.T.);
#195=ORIENTED_EDGE('',*,*,#622,.T.);
#196=ORIENTED_EDGE('',*,*,#523,.F.);
#197=ORIENTED_EDGE('',*,*,#618,.F.);
#198=ORIENTED_EDGE('',*,*,#621,.T.);
#199=ORIENTED_EDGE('',*,*,#626,.T.);
#200=ORIENTED_EDGE('',*,*,#624,.F.);
#201=ORIENTED_EDGE('',*,*,#617,.F.);
#202=ORIENTED_EDGE('',*,*,#526,.F.);
#203=ORIENTED_EDGE('',*,*,#627,.F.);
#204=ORIENTED_EDGE('',*,*,#628,.T.);
#205=ORIENTED_EDGE('',*,*,#629,.T.);
#206=ORIENTED_EDGE('',*,*,#630,.F.);
#207=ORIENTED_EDGE('',*,*,#631,.T.);
#208=ORIENTED_EDGE('',*,*,#632,.F.);
#209=ORIENTED_EDGE('',*,*,#627,.T.);
#210=ORIENTED_EDGE('',*,*,#525,.T.);
#211=ORIENTED_EDGE('',*,*,#633,.F.);
#212=ORIENTED_EDGE('',*,*,#634,.T.);
#213=ORIENTED_EDGE('',*,*,#630,.T.);
#214=ORIENTED_EDGE('',*,*,#528,.T.);
#215=ORIENTED_EDGE('',*,*,#635,.T.);
#216=ORIENTED_EDGE('',*,*,#636,.T.);
#217=ORIENTED_EDGE('',*,*,#633,.T.);
#218=ORIENTED_EDGE('',*,*,#527,.F.);
#219=ORIENTED_EDGE('',*,*,#629,.F.);
#220=ORIENTED_EDGE('',*,*,#632,.T.);
#221=ORIENTED_EDGE('',*,*,#637,.T.);
#222=ORIENTED_EDGE('',*,*,#635,.F.);
#223=ORIENTED_EDGE('',*,*,#628,.F.);
#224=ORIENTED_EDGE('',*,*,#530,.F.);
#225=ORIENTED_EDGE('',*,*,#638,.F.);
#226=ORIENTED_EDGE('',*,*,#639,.T.);
#227=ORIENTED_EDGE('',*,*,#640,.T.);
#228=ORIENTED_EDGE('',*,*,#641,.F.);
#229=ORIENTED_EDGE('',*,*,#642,.T.);
#230=ORIENTED_EDGE('',*,*,#643,.F.);
#231=ORIENTED_EDGE('',*,*,#638,.T.);
#232=ORIENTED_EDGE('',*,*,#529,.T.);
#233=ORIENTED_EDGE('',*,*,#644,.F.);
#234=ORIENTED_EDGE('',*,*,#645,.T.);
#235=ORIENTED_EDGE('',*,*,#641,.T.);
#236=ORIENTED_EDGE('',*,*,#532,.T.);
#237=ORIENTED_EDGE('',*,*,#646,.T.);
#238=ORIENTED_EDGE('',*,*,#647,.T.);
#239=ORIENTED_EDGE('',*,*,#644,.T.);
#240=ORIENTED_EDGE('',*,*,#531,.F.);
#241=ORIENTED_EDGE('',*,*,#640,.F.);
#242=ORIENTED_EDGE('',*,*,#643,.T.);
#243=ORIENTED_EDGE('',*,*,#648,.T.);
#244=ORIENTED_EDGE('',*,*,#646,.F.);
#245=ORIENTED_EDGE('',*,*,#639,.F.);
#246=ORIENTED_EDGE('',*,*,#534,.F.);
#247=ORIENTED_EDGE('',*,*,#649,.F.);
#248=ORIENTED_EDGE('',*,*,#650,.T.);
#249=ORIENTED_EDGE('',*,*,#651,.T.);
#250=ORIENTED_EDGE('',*,*,#652,.F.);
#251=ORIENTED_EDGE('',*,*,#653,.T.);
#252=ORIENTED_EDGE('',*,*,#654,.F.);
#253=ORIENTED_EDGE('',*,*,#649,.T.);
#254=ORIENTED_EDGE('',*,*,#533,.T.);
#255=ORIENTED_EDGE('',*,*,#655,.F.);
#256=ORIENTED_EDGE('',*,*,#656,.T.);
#257=ORIENTED_EDGE('',*,*,#652,.T.);
#258=ORIENTED_EDGE('',*,*,#536,.T.);
#259=ORIENTED_EDGE('',*,*,#657,.T.);
#260=ORIENTED_EDGE('',*,*,#658,.T.);
#261=ORIENTED_EDGE('',*,*,#655,.T.);
#262=ORIENTED_EDGE('',*,*,#535,.F.);
#263=ORIENTED_EDGE('',*,*,#651,.F.);
#264=ORIENTED_EDGE('',*,*,#654,.T.);
#265=ORIENTED_EDGE('',*,*,#659,.T.);
#266=ORIENTED_EDGE('',*,*,#657,.F.);
#267=ORIENTED_EDGE('',*,*,#650,.F.);
#268=ORIENTED_EDGE('',*,*,#538,.F.);
#269=ORIENTED_EDGE('',*,*,#660,.F.);
#270=ORIENTED_EDGE('',*,*,#661,.T.);
#271=ORIENTED_EDGE('',*,*,#662,.T.);
#272=ORIENTED_EDGE('',*,*,#663,.F.);
#273=ORIENTED_EDGE('',*,*,#664,.T.);
#274=ORIENTED_EDGE('',*,*,#665,.F.);
#275=ORIENTED_EDGE('',*,*,#660,.T.);
#276=ORIENTED_EDGE('',*,*,#537,.T.);
#277=ORIENTED_EDGE('',*,*,#666,.F.);
#278=ORIENTED_EDGE('',*,*,#667,.T.);
#279=ORIENTED_EDGE('',*,*,#663,.T.);
#280=ORIENTED_EDGE('',*,*,#540,.T.);
#281=ORIENTED_EDGE('',*,*,#668,.T.);
#282=ORIENTED_EDGE('',*,*,#669,.T.);
#283=ORIENTED_EDGE('',*,*,#666,.T.);
#284=ORIENTED_EDGE('',*,*,#539,.F.);
#285=ORIENTED_EDGE('',*,*,#662,.F.);
#286=ORIENTED_EDGE('',*,*,#665,.T.);
#287=ORIENTED_EDGE('',*,*,#670,.T.);
#288=ORIENTED_EDGE('',*,*,#668,.F.);
#289=ORIENTED_EDGE('',*,*,#661,.F.);
#290=ORIENTED_EDGE('',*,*,#542,.F.);
#291=ORIENTED_EDGE('',*,*,#671,.F.);
#292=ORIENTED_EDGE('',*,*,#672,.T.);
#293=ORIENTED_EDGE('',*,*,#673,.T.);
#294=ORIENTED_EDGE('',*,*,#674,.F.);
#295=ORIENTED_EDGE('',*,*,#675,.T.);
#296=ORIENTED_EDGE('',*,*,#676,.F.);
#297=ORIENTED_EDGE('',*,*,#671,.T.);
#298=ORIENTED_EDGE('',*,*,#541,.T.);
#299=ORIENTED_EDGE('',*,*,#677,.F.);
#300=ORIENTED_EDGE('',*,*,#678,.T.);
#301=ORIENTED_EDGE('',*,*,#674,.T.);
#302=ORIENTED_EDGE('',*,*,#544,.T.);
#303=ORIENTED_EDGE('',*,*,#679,.T.);
#304=ORIENTED_EDGE('',*,*,#680,.T.);
#305=ORIENTED_EDGE('',*,*,#677,.T.);
#306=ORIENTED_EDGE('',*,*,#543,.F.);
#307=ORIENTED_EDGE('',*,*,#673,.F.);
#308=ORIENTED_EDGE('',*,*,#676,.T.);
#309=ORIENTED_EDGE('',*,*,#681,.T.);
#310=ORIENTED_EDGE('',*,*,#679,.F.);
#311=ORIENTED_EDGE('',*,*,#672,.F.);
#312=ORIENTED_EDGE('',*,*,#546,.F.);
#313=ORIENTED_EDGE('',*,*,#682,.F.);
#314=ORIENTED_EDGE('',*,*,#683,.T.);
#315=ORIENTED_EDGE('',*,*,#684,.T.);
#316=ORIENTED_EDGE('',*,*,#685,.F.);
#317=ORIENTED_EDGE('',*,*,#686,.T.);
#318=ORIENTED_EDGE('',*,*,#687,.F.);
#319=ORIENTED_EDGE('',*,*,#682,.T.);
#320=ORIENTED_EDGE('',*,*,#545,.T.);
#321=ORIENTED_EDGE('',*,*,#688,.F.);
#322=ORIENTED_EDGE('',*,*,#689,.T.);
#323=ORIENTED_EDGE('',*,*,#685,.T.);
#324=ORIENTED_EDGE('',*,*,#548,.T.);
#325=ORIENTED_EDGE('',*,*,#690,.T.);
#326=ORIENTED_EDGE('',*,*,#691,.T.);
#327=ORIENTED_EDGE('',*,*,#688,.T.);
#328=ORIENTED_EDGE('',*,*,#547,.F.);
#329=ORIENTED_EDGE('',*,*,#684,.F.);
#330=ORIENTED_EDGE('',*,*,#687,.T.);
#331=ORIENTED_EDGE('',*,*,#692,.T.);
#332=ORIENTED_EDGE('',*,*,#690,.F.);
#333=ORIENTED_EDGE('',*,*,#683,.F.);
#334=ORIENTED_EDGE('',*,*,#550,.F.);
#335=ORIENTED_EDGE('',*,*,#693,.F.);
#336=ORIENTED_EDGE('',*,*,#694,.T.);
#337=ORIENTED_EDGE('',*,*,#695,.T.);
#338=ORIENTED_EDGE('',*,*,#696,.F.);
#339=ORIENTED_EDGE('',*,*,#697,.T.);
#340=ORIENTED_EDGE('',*,*,#698,.F.);
#341=ORIENTED_EDGE('',*,*,#693,.T.);
#342=ORIENTED_EDGE('',*,*,#549,.T.);
#343=ORIENTED_EDGE('',*,*,#699,.F.);
#344=ORIENTED_EDGE('',*,*,#700,.T.);
#345=ORIENTED_EDGE('',*,*,#696,.T.);
#346=ORIENTED_EDGE('',*,*,#552,.T.);
#347=ORIENTED_EDGE('',*,*,#701,.T.);
#348=ORIENTED_EDGE('',*,*,#702,.T.);
#349=ORIENTED_EDGE('',*,*,#699,.T.);
#350=ORIENTED_EDGE('',*,*,#551,.F.);
#351=ORIENTED_EDGE('',*,*,#695,.F.);
#352=ORIENTED_EDGE('',*,*,#698,.T.);
#353=ORIENTED_EDGE('',*,*,#703,.T.);
#354=ORIENTED_EDGE('',*,*,#701,.F.);
#355=ORIENTED_EDGE('',*,*,#694,.F.);
#356=ORIENTED_EDGE('',*,*,#554,.F.);
#357=ORIENTED_EDGE('',*,*,#704,.F.);
#358=ORIENTED_EDGE('',*,*,#705,.T.);
#359=ORIENTED_EDGE('',*,*,#706,.T.);
#360=ORIENTED_EDGE('',*,*,#707,.F.);
#361=ORIENTED_EDGE('',*,*,#708,.T.);
#362=ORIENTED_EDGE('',*,*,#709,.F.);
#363=ORIENTED_EDGE('',*,*,#704,.T.);
#364=ORIENTED_EDGE('',*,*,#553,.T.);
#365=ORIENTED_EDGE('',*,*,#710,.F.);
#366=ORIENTED_EDGE('',*,*,#711,.T.);
#367=ORIENTED_EDGE('',*,*,#707,.T.);
#368=ORIENTED_EDGE('',*,*,#556,.T.);
#369=ORIENTED_EDGE('',*,*,#712,.T.);
#370=ORIENTED_EDGE('',*,*,#713,.T.);
#371=ORIENTED_EDGE('',*,*,#710,.T.);
#372=ORIENTED_EDGE('',*,*,#555,.F.);
#373=ORIENTED_EDGE('',*,*,#706,.F.);
#374=ORIENTED_EDGE('',*,*,#709,.T.);
#375=ORIENTED_EDGE('',*,*,#714,.T.);
#376=ORIENTED_EDGE('',*,*,#712,.F.);
#377=ORIENTED_EDGE('',*,*,#705,.F.);
#378=ORIENTED_EDGE('',*,*,#558,.F.);
#379=ORIENTED_EDGE('',*,*,#715,.F.);
#380=ORIENTED_EDGE('',*,*,#716,.T.);
#381=ORIENTED_EDGE('',*,*,#717,.T.);
#382=ORIENTED_EDGE('',*,*,#718,.F.);
#383=ORIENTED_EDGE('',*,*,#719,.T.);
#384=ORIENTED_EDGE('',*,*,#720,.F.);
#385=ORIENTED_EDGE('',*,*,#715,.T.);
#386=ORIENTED_EDGE('',*,*,#557,.T.);
#387=ORIENTED_EDGE('',*,*,#721,.F.);
#388=ORIENTED_EDGE('',*,*,#722,.T.);
#389=ORIENTED_EDGE('',*,*,#718,.T.);
#390=ORIENTED_EDGE('',*,*,#560,.T.);
#391=ORIENTED_EDGE('',*,*,#723,.T.);
#392=ORIENTED_EDGE('',*,*,#724,.T.);
#393=ORIENTED_EDGE('',*,*,#721,.T.);
#394=ORIENTED_EDGE('',*,*,#559,.F.);
#395=ORIENTED_EDGE('',*,*,#717,.F.);
#396=ORIENTED_EDGE('',*,*,#720,.T.);
#397=ORIENTED_EDGE('',*,*,#725,.T.);
#398=ORIENTED_EDGE('',*,*,#723,.F.);
#399=ORIENTED_EDGE('',*,*,#716,.F.);
#400=ORIENTED_EDGE('',*,*,#562,.F.);
#401=ORIENTED_EDGE('',*,*,#726,.F.);
#402=ORIENTED_EDGE('',*,*,#727,.T.);
#403=ORIENTED_EDGE('',*,*,#728,.T.);
#404=ORIENTED_EDGE('',*,*,#729,.F.);
#405=ORIENTED_EDGE('',*,*,#730,.T.);
#406=ORIENTED_EDGE('',*,*,#731,.F.);
#407=ORIENTED_EDGE('',*,*,#726,.T.);
#408=ORIENTED_EDGE('',*,*,#561,.T.);
#409=ORIENTED_EDGE('',*,*,#732,.F.);
#410=ORIENTED_EDGE('',*,*,#733,.T.);
#411=ORIENTED_EDGE('',*,*,#729,.T.);
#412=ORIENTED_EDGE('',*,*,#564,.T.);
#413=ORIENTED_EDGE('',*,*,#734,.T.);
#414=ORIENTED_EDGE('',*,*,#735,.T.);
#415=ORIENTED_EDGE('',*,*,#732,.T.);
#416=ORIENTED_EDGE('',*,*,#563,.F.);
#417=ORIENTED_EDGE('',*,*,#728,.F.);
#418=ORIENTED_EDGE('',*,*,#731,.T.);
#419=ORIENTED_EDGE('',*,*,#736,.T.);
#420=ORIENTED_EDGE('',*,*,#734,.F.);
#421=ORIENTED_EDGE('',*,*,#727,.F.);
#422=ORIENTED_EDGE('',*,*,#730,.F.);
#423=ORIENTED_EDGE('',*,*,#733,.F.);
#424=ORIENTED_EDGE('',*,*,#735,.F.);
#425=ORIENTED_EDGE('',*,*,#736,.F.);
#426=ORIENTED_EDGE('',*,*,#719,.F.);
#427=ORIENTED_EDGE('',*,*,#722,.F.);
#428=ORIENTED_EDGE('',*,*,#724,.F.);
#429=ORIENTED_EDGE('',*,*,#725,.F.);
#430=ORIENTED_EDGE('',*,*,#708,.F.);
#431=ORIENTED_EDGE('',*,*,#711,.F.);
#432=ORIENTED_EDGE('',*,*,#713,.F.);
#433=ORIENTED_EDGE('',*,*,#714,.F.);
#434=ORIENTED_EDGE('',*,*,#697,.F.);
#435=ORIENTED_EDGE('',*,*,#700,.F.);
#436=ORIENTED_EDGE('',*,*,#702,.F.);
#437=ORIENTED_EDGE('',*,*,#703,.F.);
#438=ORIENTED_EDGE('',*,*,#686,.F.);
#439=ORIENTED_EDGE('',*,*,#689,.F.);
#440=ORIENTED_EDGE('',*,*,#691,.F.);
#441=ORIENTED_EDGE('',*,*,#692,.F.);
#442=ORIENTED_EDGE('',*,*,#675,.F.);
#443=ORIENTED_EDGE('',*,*,#678,.F.);
#444=ORIENTED_EDGE('',*,*,#680,.F.);
#445=ORIENTED_EDGE('',*,*,#681,.F.);
#446=ORIENTED_EDGE('',*,*,#664,.F.);
#447=ORIENTED_EDGE('',*,*,#667,.F.);
#448=ORIENTED_EDGE('',*,*,#669,.F.);
#449=ORIENTED_EDGE('',*,*,#670,.F.);
#450=ORIENTED_EDGE('',*,*,#653,.F.);
#451=ORIENTED_EDGE('',*,*,#656,.F.);
#452=ORIENTED_EDGE('',*,*,#658,.F.);
#453=ORIENTED_EDGE('',*,*,#659,.F.);
#454=ORIENTED_EDGE('',*,*,#642,.F.);
#455=ORIENTED_EDGE('',*,*,#645,.F.);
#456=ORIENTED_EDGE('',*,*,#647,.F.);
#457=ORIENTED_EDGE('',*,*,#648,.F.);
#458=ORIENTED_EDGE('',*,*,#631,.F.);
#459=ORIENTED_EDGE('',*,*,#634,.F.);
#460=ORIENTED_EDGE('',*,*,#636,.F.);
#461=ORIENTED_EDGE('',*,*,#637,.F.);
#462=ORIENTED_EDGE('',*,*,#620,.F.);
#463=ORIENTED_EDGE('',*,*,#623,.F.);
#464=ORIENTED_EDGE('',*,*,#625,.F.);
#465=ORIENTED_EDGE('',*,*,#626,.F.);
#466=ORIENTED_EDGE('',*,*,#609,.F.);
#467=ORIENTED_EDGE('',*,*,#612,.F.);
#468=ORIENTED_EDGE('',*,*,#614,.F.);
#469=ORIENTED_EDGE('',*,*,#615,.F.);
#470=ORIENTED_EDGE('',*,*,#598,.F.);
#471=ORIENTED_EDGE('',*,*,#601,.F.);
#472=ORIENTED_EDGE('',*,*,#603,.F.);
#473=ORIENTED_EDGE('',*,*,#604,.F.);
#474=ORIENTED_EDGE('',*,*,#587,.F.);
#475=ORIENTED_EDGE('',*,*,#590,.F.);
#476=ORIENTED_EDGE('',*,*,#592,.F.);
#477=ORIENTED_EDGE('',*,*,#593,.F.);
#478=ORIENTED_EDGE('',*,*,#576,.F.);
#479=ORIENTED_EDGE('',*,*,#579,.F.);
#480=ORIENTED_EDGE('',*,*,#581,.F.);
#481=ORIENTED_EDGE('',*,*,#582,.F.);
#482=ORIENTED_EDGE('',*,*,#737,.T.);
#483=ORIENTED_EDGE('',*,*,#502,.F.);
#484=ORIENTED_EDGE('',*,*,#738,.F.);
#485=ORIENTED_EDGE('',*,*,#569,.F.);
#486=ORIENTED_EDGE('',*,*,#739,.T.);
#487=ORIENTED_EDGE('',*,*,#503,.F.);
#488=ORIENTED_EDGE('',*,*,#737,.F.);
#489=ORIENTED_EDGE('',*,*,#568,.F.);
#490=ORIENTED_EDGE('',*,*,#566,.T.);
#491=ORIENTED_EDGE('',*,*,#738,.T.);
#492=ORIENTED_EDGE('',*,*,#501,.T.);
#493=ORIENTED_EDGE('',*,*,#740,.F.);
#494=ORIENTED_EDGE('',*,*,#567,.T.);
#495=ORIENTED_EDGE('',*,*,#740,.T.);
#496=ORIENTED_EDGE('',*,*,#500,.T.);
#497=ORIENTED_EDGE('',*,*,#739,.F.);
#498=ORIENTED_EDGE('',*,*,#571,.F.);
#499=ORIENTED_EDGE('',*,*,#565,.F.);
#500=EDGE_CURVE('',#741,#742,#903,.T.);
#501=EDGE_CURVE('',#743,#741,#904,.T.);
#502=EDGE_CURVE('',#743,#744,#905,.T.);
#503=EDGE_CURVE('',#744,#742,#906,.T.);
#504=EDGE_CURVE('',#745,#745,#14,.T.);
#505=EDGE_CURVE('',#746,#747,#907,.T.);
#506=EDGE_CURVE('',#746,#748,#908,.T.);
#507=EDGE_CURVE('',#748,#749,#909,.T.);
#508=EDGE_CURVE('',#747,#749,#910,.T.);
#509=EDGE_CURVE('',#750,#751,#911,.T.);
#510=EDGE_CURVE('',#750,#752,#912,.T.);
#511=EDGE_CURVE('',#752,#753,#913,.T.);
#512=EDGE_CURVE('',#751,#753,#914,.T.);
#513=EDGE_CURVE('',#754,#755,#915,.T.);
#514=EDGE_CURVE('',#754,#756,#916,.T.);
#515=EDGE_CURVE('',#756,#757,#917,.T.);
#516=EDGE_CURVE('',#755,#757,#918,.T.);
#517=EDGE_CURVE('',#758,#759,#919,.T.);
#518=EDGE_CURVE('',#758,#760,#920,.T.);
#519=EDGE_CURVE('',#760,#761,#921,.T.);
#520=EDGE_CURVE('',#759,#761,#922,.T.);
#521=EDGE_CURVE('',#762,#763,#923,.T.);
#522=EDGE_CURVE('',#762,#764,#924,.T.);
#523=EDGE_CURVE('',#764,#765,#925,.T.);
#524=EDGE_CURVE('',#763,#765,#926,.T.);
#525=EDGE_CURVE('',#766,#767,#927,.T.);
#526=EDGE_CURVE('',#766,#768,#928,.T.);
#527=EDGE_CURVE('',#768,#769,#929,.T.);
#528=EDGE_CURVE('',#767,#769,#930,.T.);
#529=EDGE_CURVE('',#770,#771,#931,.T.);
#530=EDGE_CURVE('',#770,#772,#932,.T.);
#531=EDGE_CURVE('',#772,#773,#933,.T.);
#532=EDGE_CURVE('',#771,#773,#934,.T.);
#533=EDGE_CURVE('',#774,#775,#935,.T.);
#534=EDGE_CURVE('',#774,#776,#936,.T.);
#535=EDGE_CURVE('',#776,#777,#937,.T.);
#536=EDGE_CURVE('',#775,#777,#938,.T.);
#537=EDGE_CURVE('',#778,#779,#939,.T.);
#538=EDGE_CURVE('',#778,#780,#940,.T.);
#539=EDGE_CURVE('',#780,#781,#941,.T.);
#540=EDGE_CURVE('',#779,#781,#942,.T.);
#541=EDGE_CURVE('',#782,#783,#943,.T.);
#542=EDGE_CURVE('',#782,#784,#944,.T.);
#543=EDGE_CURVE('',#784,#785,#945,.T.);
#544=EDGE_CURVE('',#783,#785,#946,.T.);
#545=EDGE_CURVE('',#786,#787,#947,.T.);
#546=EDGE_CURVE('',#786,#788,#948,.T.);
#547=EDGE_CURVE('',#788,#789,#949,.T.);
#548=EDGE_CURVE('',#787,#789,#950,.T.);
#549=EDGE_CURVE('',#790,#791,#951,.T.);
#550=EDGE_CURVE('',#790,#792,#952,.T.);
#551=EDGE_CURVE('',#792,#793,#953,.T.);
#552=EDGE_CURVE('',#791,#793,#954,.T.);
#553=EDGE_CURVE('',#794,#795,#955,.T.);
#554=EDGE_CURVE('',#794,#796,#956,.T.);
#555=EDGE_CURVE('',#796,#797,#957,.T.);
#556=EDGE_CURVE('',#795,#797,#958,.T.);
#557=EDGE_CURVE('',#798,#799,#959,.T.);
#558=EDGE_CURVE('',#798,#800,#960,.T.);
#559=EDGE_CURVE('',#800,#801,#961,.T.);
#560=EDGE_CURVE('',#799,#801,#962,.T.);
#561=EDGE_CURVE('',#802,#803,#963,.T.);
#562=EDGE_CURVE('',#802,#804,#964,.T.);
#563=EDGE_CURVE('',#804,#805,#965,.T.);
#564=EDGE_CURVE('',#803,#805,#966,.T.);
#565=EDGE_CURVE('',#806,#806,#15,.T.);
#566=EDGE_CURVE('',#807,#808,#967,.T.);
#567=EDGE_CURVE('',#809,#807,#968,.T.);
#568=EDGE_CURVE('',#809,#810,#969,.T.);
#569=EDGE_CURVE('',#810,#808,#970,.T.);
#570=EDGE_CURVE('',#811,#811,#16,.F.);
#571=EDGE_CURVE('',#812,#812,#17,.F.);
#572=EDGE_CURVE('',#813,#746,#971,.T.);
#573=EDGE_CURVE('',#813,#814,#972,.T.);
#574=EDGE_CURVE('',#814,#748,#973,.T.);
#575=EDGE_CURVE('',#815,#747,#974,.T.);
#576=EDGE_CURVE('',#815,#816,#975,.T.);
#577=EDGE_CURVE('',#813,#816,#976,.T.);
#578=EDGE_CURVE('',#817,#749,#977,.T.);
#579=EDGE_CURVE('',#817,#815,#978,.T.);
#580=EDGE_CURVE('',#814,#818,#979,.T.);
#581=EDGE_CURVE('',#818,#817,#980,.T.);
#582=EDGE_CURVE('',#816,#818,#981,.T.);
#583=EDGE_CURVE('',#819,#750,#982,.T.);
#584=EDGE_CURVE('',#819,#820,#983,.T.);
#585=EDGE_CURVE('',#820,#752,#984,.T.);
#586=EDGE_CURVE('',#821,#751,#985,.T.);
#587=EDGE_CURVE('',#821,#822,#986,.T.);
#588=EDGE_CURVE('',#819,#822,#987,.T.);
#589=EDGE_CURVE('',#823,#753,#988,.T.);
#590=EDGE_CURVE('',#823,#821,#989,.T.);
#591=EDGE_CURVE('',#820,#824,#990,.T.);
#592=EDGE_CURVE('',#824,#823,#991,.T.);
#593=EDGE_CURVE('',#822,#824,#992,.T.);
#594=EDGE_CURVE('',#825,#754,#993,.T.);
#595=EDGE_CURVE('',#825,#826,#994,.T.);
#596=EDGE_CURVE('',#826,#756,#995,.T.);
#597=EDGE_CURVE('',#827,#755,#996,.T.);
#598=EDGE_CURVE('',#827,#828,#997,.T.);
#599=EDGE_CURVE('',#825,#828,#998,.T.);
#600=EDGE_CURVE('',#829,#757,#999,.T.);
#601=EDGE_CURVE('',#829,#827,#1000,.T.);
#602=EDGE_CURVE('',#826,#830,#1001,.T.);
#603=EDGE_CURVE('',#830,#829,#1002,.T.);
#604=EDGE_CURVE('',#828,#830,#1003,.T.);
#605=EDGE_CURVE('',#831,#758,#1004,.T.);
#606=EDGE_CURVE('',#831,#832,#1005,.T.);
#607=EDGE_CURVE('',#832,#760,#1006,.T.);
#608=EDGE_CURVE('',#833,#759,#1007,.T.);
#609=EDGE_CURVE('',#833,#834,#1008,.T.);
#610=EDGE_CURVE('',#831,#834,#1009,.T.);
#611=EDGE_CURVE('',#835,#761,#1010,.T.);
#612=EDGE_CURVE('',#835,#833,#1011,.T.);
#613=EDGE_CURVE('',#832,#836,#1012,.T.);
#614=EDGE_CURVE('',#836,#835,#1013,.T.);
#615=EDGE_CURVE('',#834,#836,#1014,.T.);
#616=EDGE_CURVE('',#837,#762,#1015,.T.);
#617=EDGE_CURVE('',#837,#838,#1016,.T.);
#618=EDGE_CURVE('',#838,#764,#1017,.T.);
#619=EDGE_CURVE('',#839,#763,#1018,.T.);
#620=EDGE_CURVE('',#839,#840,#1019,.T.);
#621=EDGE_CURVE('',#837,#840,#1020,.T.);
#622=EDGE_CURVE('',#841,#765,#1021,.T.);
#623=EDGE_CURVE('',#841,#839,#1022,.T.);
#624=EDGE_CURVE('',#838,#842,#1023,.T.);
#625=EDGE_CURVE('',#842,#841,#1024,.T.);
#626=EDGE_CURVE('',#840,#842,#1025,.T.);
#627=EDGE_CURVE('',#843,#766,#1026,.T.);
#628=EDGE_CURVE('',#843,#844,#1027,.T.);
#629=EDGE_CURVE('',#844,#768,#1028,.T.);
#630=EDGE_CURVE('',#845,#767,#1029,.T.);
#631=EDGE_CURVE('',#845,#846,#1030,.T.);
#632=EDGE_CURVE('',#843,#846,#1031,.T.);
#633=EDGE_CURVE('',#847,#769,#1032,.T.);
#634=EDGE_CURVE('',#847,#845,#1033,.T.);
#635=EDGE_CURVE('',#844,#848,#1034,.T.);
#636=EDGE_CURVE('',#848,#847,#1035,.T.);
#637=EDGE_CURVE('',#846,#848,#1036,.T.);
#638=EDGE_CURVE('',#849,#770,#1037,.T.);
#639=EDGE_CURVE('',#849,#850,#1038,.T.);
#640=EDGE_CURVE('',#850,#772,#1039,.T.);
#641=EDGE_CURVE('',#851,#771,#1040,.T.);
#642=EDGE_CURVE('',#851,#852,#1041,.T.);
#643=EDGE_CURVE('',#849,#852,#1042,.T.);
#644=EDGE_CURVE('',#853,#773,#1043,.T.);
#645=EDGE_CURVE('',#853,#851,#1044,.T.);
#646=EDGE_CURVE('',#850,#854,#1045,.T.);
#647=EDGE_CURVE('',#854,#853,#1046,.T.);
#648=EDGE_CURVE('',#852,#854,#1047,.T.);
#649=EDGE_CURVE('',#855,#774,#1048,.T.);
#650=EDGE_CURVE('',#855,#856,#1049,.T.);
#651=EDGE_CURVE('',#856,#776,#1050,.T.);
#652=EDGE_CURVE('',#857,#775,#1051,.T.);
#653=EDGE_CURVE('',#857,#858,#1052,.T.);
#654=EDGE_CURVE('',#855,#858,#1053,.T.);
#655=EDGE_CURVE('',#859,#777,#1054,.T.);
#656=EDGE_CURVE('',#859,#857,#1055,.T.);
#657=EDGE_CURVE('',#856,#860,#1056,.T.);
#658=EDGE_CURVE('',#860,#859,#1057,.T.);
#659=EDGE_CURVE('',#858,#860,#1058,.T.);
#660=EDGE_CURVE('',#861,#778,#1059,.T.);
#661=EDGE_CURVE('',#861,#862,#1060,.T.);
#662=EDGE_CURVE('',#862,#780,#1061,.T.);
#663=EDGE_CURVE('',#863,#779,#1062,.T.);
#664=EDGE_CURVE('',#863,#864,#1063,.T.);
#665=EDGE_CURVE('',#861,#864,#1064,.T.);
#666=EDGE_CURVE('',#865,#781,#1065,.T.);
#667=EDGE_CURVE('',#865,#863,#1066,.T.);
#668=EDGE_CURVE('',#862,#866,#1067,.T.);
#669=EDGE_CURVE('',#866,#865,#1068,.T.);
#670=EDGE_CURVE('',#864,#866,#1069,.T.);
#671=EDGE_CURVE('',#867,#782,#1070,.T.);
#672=EDGE_CURVE('',#867,#868,#1071,.T.);
#673=EDGE_CURVE('',#868,#784,#1072,.T.);
#674=EDGE_CURVE('',#869,#783,#1073,.T.);
#675=EDGE_CURVE('',#869,#870,#1074,.T.);
#676=EDGE_CURVE('',#867,#870,#1075,.T.);
#677=EDGE_CURVE('',#871,#785,#1076,.T.);
#678=EDGE_CURVE('',#871,#869,#1077,.T.);
#679=EDGE_CURVE('',#868,#872,#1078,.T.);
#680=EDGE_CURVE('',#872,#871,#1079,.T.);
#681=EDGE_CURVE('',#870,#872,#1080,.T.);
#682=EDGE_CURVE('',#873,#786,#1081,.T.);
#683=EDGE_CURVE('',#873,#874,#1082,.T.);
#684=EDGE_CURVE('',#874,#788,#1083,.T.);
#685=EDGE_CURVE('',#875,#787,#1084,.T.);
#686=EDGE_CURVE('',#875,#876,#1085,.T.);
#687=EDGE_CURVE('',#873,#876,#1086,.T.);
#688=EDGE_CURVE('',#877,#789,#1087,.T.);
#689=EDGE_CURVE('',#877,#875,#1088,.T.);
#690=EDGE_CURVE('',#874,#878,#1089,.T.);
#691=EDGE_CURVE('',#878,#877,#1090,.T.);
#692=EDGE_CURVE('',#876,#878,#1091,.T.);
#693=EDGE_CURVE('',#879,#790,#1092,.T.);
#694=EDGE_CURVE('',#879,#880,#1093,.T.);
#695=EDGE_CURVE('',#880,#792,#1094,.T.);
#696=EDGE_CURVE('',#881,#791,#1095,.T.);
#697=EDGE_CURVE('',#881,#882,#1096,.T.);
#698=EDGE_CURVE('',#879,#882,#1097,.T.);
#699=EDGE_CURVE('',#883,#793,#1098,.T.);
#700=EDGE_CURVE('',#883,#881,#1099,.T.);
#701=EDGE_CURVE('',#880,#884,#1100,.T.);
#702=EDGE_CURVE('',#884,#883,#1101,.T.);
#703=EDGE_CURVE('',#882,#884,#1102,.T.);
#704=EDGE_CURVE('',#885,#794,#1103,.T.);
#705=EDGE_CURVE('',#885,#886,#1104,.T.);
#706=EDGE_CURVE('',#886,#796,#1105,.T.);
#707=EDGE_CURVE('',#887,#795,#1106,.T.);
#708=EDGE_CURVE('',#887,#888,#1107,.T.);
#709=EDGE_CURVE('',#885,#888,#1108,.T.);
#710=EDGE_CURVE('',#889,#797,#1109,.T.);
#711=EDGE_CURVE('',#889,#887,#1110,.T.);
#712=EDGE_CURVE('',#886,#890,#1111,.T.);
#713=EDGE_CURVE('',#890,#889,#1112,.T.);
#714=EDGE_CURVE('',#888,#890,#1113,.T.);
#715=EDGE_CURVE('',#891,#798,#1114,.T.);
#716=EDGE_CURVE('',#891,#892,#1115,.T.);
#717=EDGE_CURVE('',#892,#800,#1116,.T.);
#718=EDGE_CURVE('',#893,#799,#1117,.T.);
#719=EDGE_CURVE('',#893,#894,#1118,.T.);
#720=EDGE_CURVE('',#891,#894,#1119,.T.);
#721=EDGE_CURVE('',#895,#801,#1120,.T.);
#722=EDGE_CURVE('',#895,#893,#1121,.T.);
#723=EDGE_CURVE('',#892,#896,#1122,.T.);
#724=EDGE_CURVE('',#896,#895,#1123,.T.);
#725=EDGE_CURVE('',#894,#896,#1124,.T.);
#726=EDGE_CURVE('',#897,#802,#1125,.T.);
#727=EDGE_CURVE('',#897,#898,#1126,.T.);
#728=EDGE_CURVE('',#898,#804,#1127,.T.);
#729=EDGE_CURVE('',#899,#803,#1128,.T.);
#730=EDGE_CURVE('',#899,#900,#1129,.T.);
#731=EDGE_CURVE('',#897,#900,#1130,.T.);
#732=EDGE_CURVE('',#901,#805,#1131,.T.);
#733=EDGE_CURVE('',#901,#899,#1132,.T.);
#734=EDGE_CURVE('',#898,#902,#1133,.T.);
#735=EDGE_CURVE('',#902,#901,#1134,.T.);
#736=EDGE_CURVE('',#900,#902,#1135,.T.);
#737=EDGE_CURVE('',#810,#744,#1136,.T.);
#738=EDGE_CURVE('',#808,#743,#1137,.T.);
#739=EDGE_CURVE('',#809,#742,#1138,.T.);
#740=EDGE_CURVE('',#807,#741,#1139,.T.);
#741=VERTEX_POINT('',#2370);
#742=VERTEX_POINT('',#2371);
#743=VERTEX_POINT('',#2373);
#744=VERTEX_POINT('',#2375);
#745=VERTEX_POINT('',#2378);
#746=VERTEX_POINT('',#2380);
#747=VERTEX_POINT('',#2381);
#748=VERTEX_POINT('',#2383);
#749=VERTEX_POINT('',#2385);
#750=VERTEX_POINT('',#2388);
#751=VERTEX_POINT('',#2389);
#752=VERTEX_POINT('',#2391);
#753=VERTEX_POINT('',#2393);
#754=VERTEX_POINT('',#2396);
#755=VERTEX_POINT('',#2397);
#756=VERTEX_POINT('',#2399);
#757=VERTEX_POINT('',#2401);
#758=VERTEX_POINT('',#2404);
#759=VERTEX_POINT('',#2405);
#760=VERTEX_POINT('',#2407);
#761=VERTEX_POINT('',#2409);
#762=VERTEX_POINT('',#2412);
#763=VERTEX_POINT('',#2413);
#764=VERTEX_POINT('',#2415);
#765=VERTEX_POINT('',#2417);
#766=VERTEX_POINT('',#2420);
#767=VERTEX_POINT('',#2421);
#768=VERTEX_POINT('',#2423);
#769=VERTEX_POINT('',#2425);
#770=VERTEX_POINT('',#2428);
#771=VERTEX_POINT('',#2429);
#772=VERTEX_POINT('',#2431);
#773=VERTEX_POINT('',#2433);
#774=VERTEX_POINT('',#2436);
#775=VERTEX_POINT('',#2437);
#776=VERTEX_POINT('',#2439);
#777=VERTEX_POINT('',#2441);
#778=VERTEX_POINT('',#2444);
#779=VERTEX_POINT('',#2445);
#780=VERTEX_POINT('',#2447);
#781=VERTEX_POINT('',#2449);
#782=VERTEX_POINT('',#2452);
#783=VERTEX_POINT('',#2453);
#784=VERTEX_POINT('',#2455);
#785=VERTEX_POINT('',#2457);
#786=VERTEX_POINT('',#2460);
#787=VERTEX_POINT('',#2461);
#788=VERTEX_POINT('',#2463);
#789=VERTEX_POINT('',#2465);
#790=VERTEX_POINT('',#2468);
#791=VERTEX_POINT('',#2469);
#792=VERTEX_POINT('',#2471);
#793=VERTEX_POINT('',#2473);
#794=VERTEX_POINT('',#2476);
#795=VERTEX_POINT('',#2477);
#796=VERTEX_POINT('',#2479);
#797=VERTEX_POINT('',#2481);
#798=VERTEX_POINT('',#2484);
#799=VERTEX_POINT('',#2485);
#800=VERTEX_POINT('',#2487);
#801=VERTEX_POINT('',#2489);
#802=VERTEX_POINT('',#2492);
#803=VERTEX_POINT('',#2493);
#804=VERTEX_POINT('',#2495);
#805=VERTEX_POINT('',#2497);
#806=VERTEX_POINT('',#2500);
#807=VERTEX_POINT('',#2503);
#808=VERTEX_POINT('',#2504);
#809=VERTEX_POINT('',#2506);
#810=VERTEX_POINT('',#2508);
#811=VERTEX_POINT('',#2511);
#812=VERTEX_POINT('',#2513);
#813=VERTEX_POINT('',#2517);
#814=VERTEX_POINT('',#2519);
#815=VERTEX_POINT('',#2523);
#816=VERTEX_POINT('',#2525);
#817=VERTEX_POINT('',#2529);
#818=VERTEX_POINT('',#2533);
#819=VERTEX_POINT('',#2539);
#820=VERTEX_POINT('',#2541);
#821=VERTEX_POINT('',#2545);
#822=VERTEX_POINT('',#2547);
#823=VERTEX_POINT('',#2551);
#824=VERTEX_POINT('',#2555);
#825=VERTEX_POINT('',#2561);
#826=VERTEX_POINT('',#2563);
#827=VERTEX_POINT('',#2567);
#828=VERTEX_POINT('',#2569);
#829=VERTEX_POINT('',#2573);
#830=VERTEX_POINT('',#2577);
#831=VERTEX_POINT('',#2583);
#832=VERTEX_POINT('',#2585);
#833=VERTEX_POINT('',#2589);
#834=VERTEX_POINT('',#2591);
#835=VERTEX_POINT('',#2595);
#836=VERTEX_POINT('',#2599);
#837=VERTEX_POINT('',#2605);
#838=VERTEX_POINT('',#2607);
#839=VERTEX_POINT('',#2611);
#840=VERTEX_POINT('',#2613);
#841=VERTEX_POINT('',#2617);
#842=VERTEX_POINT('',#2621);
#843=VERTEX_POINT('',#2627);
#844=VERTEX_POINT('',#2629);
#845=VERTEX_POINT('',#2633);
#846=VERTEX_POINT('',#2635);
#847=VERTEX_POINT('',#2639);
#848=VERTEX_POINT('',#2643);
#849=VERTEX_POINT('',#2649);
#850=VERTEX_POINT('',#2651);
#851=VERTEX_POINT('',#2655);
#852=VERTEX_POINT('',#2657);
#853=VERTEX_POINT('',#2661);
#854=VERTEX_POINT('',#2665);
#855=VERTEX_POINT('',#2671);
#856=VERTEX_POINT('',#2673);
#857=VERTEX_POINT('',#2677);
#858=VERTEX_POINT('',#2679);
#859=VERTEX_POINT('',#2683);
#860=VERTEX_POINT('',#2687);
#861=VERTEX_POINT('',#2693);
#862=VERTEX_POINT('',#2695);
#863=VERTEX_POINT('',#2699);
#864=VERTEX_POINT('',#2701);
#865=VERTEX_POINT('',#2705);
#866=VERTEX_POINT('',#2709);
#867=VERTEX_POINT('',#2715);
#868=VERTEX_POINT('',#2717);
#869=VERTEX_POINT('',#2721);
#870=VERTEX_POINT('',#2723);
#871=VERTEX_POINT('',#2727);
#872=VERTEX_POINT('',#2731);
#873=VERTEX_POINT('',#2737);
#874=VERTEX_POINT('',#2739);
#875=VERTEX_POINT('',#2743);
#876=VERTEX_POINT('',#2745);
#877=VERTEX_POINT('',#2749);
#878=VERTEX_POINT('',#2753);
#879=VERTEX_POINT('',#2759);
#880=VERTEX_POINT('',#2761);
#881=VERTEX_POINT('',#2765);
#882=VERTEX_POINT('',#2767);
#883=VERTEX_POINT('',#2771);
#884=VERTEX_POINT('',#2775);
#885=VERTEX_POINT('',#2781);
#886=VERTEX_POINT('',#2783);
#887=VERTEX_POINT('',#2787);
#888=VERTEX_POINT('',#2789);
#889=VERTEX_POINT('',#2793);
#890=VERTEX_POINT('',#2797);
#891=VERTEX_POINT('',#2803);
#892=VERTEX_POINT('',#2805);
#893=VERTEX_POINT('',#2809);
#894=VERTEX_POINT('',#2811);
#895=VERTEX_POINT('',#2815);
#896=VERTEX_POINT('',#2819);
#897=VERTEX_POINT('',#2825);
#898=VERTEX_POINT('',#2827);
#899=VERTEX_POINT('',#2831);
#900=VERTEX_POINT('',#2833);
#901=VERTEX_POINT('',#2837);
#902=VERTEX_POINT('',#2841);
#903=LINE('',#2369,#1140);
#904=LINE('',#2372,#1141);
#905=LINE('',#2374,#1142);
#906=LINE('',#2376,#1143);
#907=LINE('',#2379,#1144);
#908=LINE('',#2382,#1145);
#909=LINE('',#2384,#1146);
#910=LINE('',#2386,#1147);
#911=LINE('',#2387,#1148);
#912=LINE('',#2390,#1149);
#913=LINE('',#2392,#1150);
#914=LINE('',#2394,#1151);
#915=LINE('',#2395,#1152);
#916=LINE('',#2398,#1153);
#917=LINE('',#2400,#1154);
#918=LINE('',#2402,#1155);
#919=LINE('',#2403,#1156);
#920=LINE('',#2406,#1157);
#921=LINE('',#2408,#1158);
#922=LINE('',#2410,#1159);
#923=LINE('',#2411,#1160);
#924=LINE('',#2414,#1161);
#925=LINE('',#2416,#1162);
#926=LINE('',#2418,#1163);
#927=LINE('',#2419,#1164);
#928=LINE('',#2422,#1165);
#929=LINE('',#2424,#1166);
#930=LINE('',#2426,#1167);
#931=LINE('',#2427,#1168);
#932=LINE('',#2430,#1169);
#933=LINE('',#2432,#1170);
#934=LINE('',#2434,#1171);
#935=LINE('',#2435,#1172);
#936=LINE('',#2438,#1173);
#937=LINE('',#2440,#1174);
#938=LINE('',#2442,#1175);
#939=LINE('',#2443,#1176);
#940=LINE('',#2446,#1177);
#941=LINE('',#2448,#1178);
#942=LINE('',#2450,#1179);
#943=LINE('',#2451,#1180);
#944=LINE('',#2454,#1181);
#945=LINE('',#2456,#1182);
#946=LINE('',#2458,#1183);
#947=LINE('',#2459,#1184);
#948=LINE('',#2462,#1185);
#949=LINE('',#2464,#1186);
#950=LINE('',#2466,#1187);
#951=LINE('',#2467,#1188);
#952=LINE('',#2470,#1189);
#953=LINE('',#2472,#1190);
#954=LINE('',#2474,#1191);
#955=LINE('',#2475,#1192);
#956=LINE('',#2478,#1193);
#957=LINE('',#2480,#1194);
#958=LINE('',#2482,#1195);
#959=LINE('',#2483,#1196);
#960=LINE('',#2486,#1197);
#961=LINE('',#2488,#1198);
#962=LINE('',#2490,#1199);
#963=LINE('',#2491,#1200);
#964=LINE('',#2494,#1201);
#965=LINE('',#2496,#1202);
#966=LINE('',#2498,#1203);
#967=LINE('',#2502,#1204);
#968=LINE('',#2505,#1205);
#969=LINE('',#2507,#1206);
#970=LINE('',#2509,#1207);
#971=LINE('',#2516,#1208);
#972=LINE('',#2518,#1209);
#973=LINE('',#2520,#1210);
#974=LINE('',#2522,#1211);
#975=LINE('',#2524,#1212);
#976=LINE('',#2526,#1213);
#977=LINE('',#2528,#1214);
#978=LINE('',#2530,#1215);
#979=LINE('',#2532,#1216);
#980=LINE('',#2534,#1217);
#981=LINE('',#2536,#1218);
#982=LINE('',#2538,#1219);
#983=LINE('',#2540,#1220);
#984=LINE('',#2542,#1221);
#985=LINE('',#2544,#1222);
#986=LINE('',#2546,#1223);
#987=LINE('',#2548,#1224);
#988=LINE('',#2550,#1225);
#989=LINE('',#2552,#1226);
#990=LINE('',#2554,#1227);
#991=LINE('',#2556,#1228);
#992=LINE('',#2558,#1229);
#993=LINE('',#2560,#1230);
#994=LINE('',#2562,#1231);
#995=LINE('',#2564,#1232);
#996=LINE('',#2566,#1233);
#997=LINE('',#2568,#1234);
#998=LINE('',#2570,#1235);
#999=LINE('',#2572,#1236);
#1000=LINE('',#2574,#1237);
#1001=LINE('',#2576,#1238);
#1002=LINE('',#2578,#1239);
#1003=LINE('',#2580,#1240);
#1004=LINE('',#2582,#1241);
#1005=LINE('',#2584,#1242);
#1006=LINE('',#2586,#1243);
#1007=LINE('',#2588,#1244);
#1008=LINE('',#2590,#1245);
#1009=LINE('',#2592,#1246);
#1010=LINE('',#2594,#1247);
#1011=LINE('',#2596,#1248);
#1012=LINE('',#2598,#1249);
#1013=LINE('',#2600,#1250);
#1014=LINE('',#2602,#1251);
#1015=LINE('',#2604,#1252);
#1016=LINE('',#2606,#1253);
#1017=LINE('',#2608,#1254);
#1018=LINE('',#2610,#1255);
#1019=LINE('',#2612,#1256);
#1020=LINE('',#2614,#1257);
#1021=LINE('',#2616,#1258);
#1022=LINE('',#2618,#1259);
#1023=LINE('',#2620,#1260);
#1024=LINE('',#2622,#1261);
#1025=LINE('',#2624,#1262);
#1026=LINE('',#2626,#1263);
#1027=LINE('',#2628,#1264);
#1028=LINE('',#2630,#1265);
#1029=LINE('',#2632,#1266);
#1030=LINE('',#2634,#1267);
#1031=LINE('',#2636,#1268);
#1032=LINE('',#2638,#1269);
#1033=LINE('',#2640,#1270);
#1034=LINE('',#2642,#1271);
#1035=LINE('',#2644,#1272);
#1036=LINE('',#2646,#1273);
#1037=LINE('',#2648,#1274);
#1038=LINE('',#2650,#1275);
#1039=LINE('',#2652,#1276);
#1040=LINE('',#2654,#1277);
#1041=LINE('',#2656,#1278);
#1042=LINE('',#2658,#1279);
#1043=LINE('',#2660,#1280);
#1044=LINE('',#2662,#1281);
#1045=LINE('',#2664,#1282);
#1046=LINE('',#2666,#1283);
#1047=LINE('',#2668,#1284);
#1048=LINE('',#2670,#1285);
#1049=LINE('',#2672,#1286);
#1050=LINE('',#2674,#1287);
#1051=LINE('',#2676,#1288);
#1052=LINE('',#2678,#1289);
#1053=LINE('',#2680,#1290);
#1054=LINE('',#2682,#1291);
#1055=LINE('',#2684,#1292);
#1056=LINE('',#2686,#1293);
#1057=LINE('',#2688,#1294);
#1058=LINE('',#2690,#1295);
#1059=LINE('',#2692,#1296);
#1060=LINE('',#2694,#1297);
#1061=LINE('',#2696,#1298);
#1062=LINE('',#2698,#1299);
#1063=LINE('',#2700,#1300);
#1064=LINE('',#2702,#1301);
#1065=LINE('',#2704,#1302);
#1066=LINE('',#2706,#1303);
#1067=LINE('',#2708,#1304);
#1068=LINE('',#2710,#1305);
#1069=LINE('',#2712,#1306);
#1070=LINE('',#2714,#1307);
#1071=LINE('',#2716,#1308);
#1072=LINE('',#2718,#1309);
#1073=LINE('',#2720,#1310);
#1074=LINE('',#2722,#1311);
#1075=LINE('',#2724,#1312);
#1076=LINE('',#2726,#1313);
#1077=LINE('',#2728,#1314);
#1078=LINE('',#2730,#1315);
#1079=LINE('',#2732,#1316);
#1080=LINE('',#2734,#1317);
#1081=LINE('',#2736,#1318);
#1082=LINE('',#2738,#1319);
#1083=LINE('',#2740,#1320);
#1084=LINE('',#2742,#1321);
#1085=LINE('',#2744,#1322);
#1086=LINE('',#2746,#1323);
#1087=LINE('',#2748,#1324);
#1088=LINE('',#2750,#1325);
#1089=LINE('',#2752,#1326);
#1090=LINE('',#2754,#1327);
#1091=LINE('',#2756,#1328);
#1092=LINE('',#2758,#1329);
#1093=LINE('',#2760,#1330);
#1094=LINE('',#2762,#1331);
#1095=LINE('',#2764,#1332);
#1096=LINE('',#2766,#1333);
#1097=LINE('',#2768,#1334);
#1098=LINE('',#2770,#1335);
#1099=LINE('',#2772,#1336);
#1100=LINE('',#2774,#1337);
#1101=LINE('',#2776,#1338);
#1102=LINE('',#2778,#1339);
#1103=LINE('',#2780,#1340);
#1104=LINE('',#2782,#1341);
#1105=LINE('',#2784,#1342);
#1106=LINE('',#2786,#1343);
#1107=LINE('',#2788,#1344);
#1108=LINE('',#2790,#1345);
#1109=LINE('',#2792,#1346);
#1110=LINE('',#2794,#1347);
#1111=LINE('',#2796,#1348);
#1112=LINE('',#2798,#1349);
#1113=LINE('',#2800,#1350);
#1114=LINE('',#2802,#1351);
#1115=LINE('',#2804,#1352);
#1116=LINE('',#2806,#1353);
#1117=LINE('',#2808,#1354);
#1118=LINE('',#2810,#1355);
#1119=LINE('',#2812,#1356);
#1120=LINE('',#2814,#1357);
#1121=LINE('',#2816,#1358);
#1122=LINE('',#2818,#1359);
#1123=LINE('',#2820,#1360);
#1124=LINE('',#2822,#1361);
#1125=LINE('',#2824,#1362);
#1126=LINE('',#2826,#1363);
#1127=LINE('',#2828,#1364);
#1128=LINE('',#2830,#1365);
#1129=LINE('',#2832,#1366);
#1130=LINE('',#2834,#1367);
#1131=LINE('',#2836,#1368);
#1132=LINE('',#2838,#1369);
#1133=LINE('',#2840,#1370);
#1134=LINE('',#2842,#1371);
#1135=LINE('',#2844,#1372);
#1136=LINE('',#2861,#1373);
#1137=LINE('',#2862,#1374);
#1138=LINE('',#2864,#1375);
#1139=LINE('',#2866,#1376);
#1140=VECTOR('',#1928,1.);
#1141=VECTOR('',#1929,1.);
#1142=VECTOR('',#1930,1.);
#1143=VECTOR('',#1931,1.);
#1144=VECTOR('',#1934,1.);
#1145=VECTOR('',#1935,1.);
#1146=VECTOR('',#1936,1.);
#1147=VECTOR('',#1937,1.);
#1148=VECTOR('',#1938,1.);
#1149=VECTOR('',#1939,1.);
#1150=VECTOR('',#1940,1.);
#1151=VECTOR('',#1941,1.);
#1152=VECTOR('',#1942,1.);
#1153=VECTOR('',#1943,1.);
#1154=VECTOR('',#1944,1.);
#1155=VECTOR('',#1945,1.);
#1156=VECTOR('',#1946,1.);
#1157=VECTOR('',#1947,1.);
#1158=VECTOR('',#1948,1.);
#1159=VECTOR('',#1949,1.);
#1160=VECTOR('',#1950,1.);
#1161=VECTOR('',#1951,1.);
#1162=VECTOR('',#1952,1.);
#1163=VECTOR('',#1953,1.);
#1164=VECTOR('',#1954,1.);
#1165=VECTOR('',#1955,1.);
#1166=VECTOR('',#1956,1.);
#1167=VECTOR('',#1957,1.);
#1168=VECTOR('',#1958,1.);
#1169=VECTOR('',#1959,1.);
#1170=VECTOR('',#1960,1.);
#1171=VECTOR('',#1961,1.);
#1172=VECTOR('',#1962,1.);
#1173=VECTOR('',#1963,1.);
#1174=VECTOR('',#1964,1.);
#1175=VECTOR('',#1965,1.);
#1176=VECTOR('',#1966,1.);
#1177=VECTOR('',#1967,1.);
#1178=VECTOR('',#1968,1.);
#1179=VECTOR('',#1969,1.);
#1180=VECTOR('',#1970,1.);
#1181=VECTOR('',#1971,1.);
#1182=VECTOR('',#1972,1.);
#1183=VECTOR('',#1973,1.);
#1184=VECTOR('',#1974,1.);
#1185=VECTOR('',#1975,1.);
#1186=VECTOR('',#1976,1.);
#1187=VECTOR('',#1977,1.);
#1188=VECTOR('',#1978,1.);
#1189=VECTOR('',#1979,1.);
#1190=VECTOR('',#1980,1.);
#1191=VECTOR('',#1981,1.);
#1192=VECTOR('',#1982,1.);
#1193=VECTOR('',#1983,1.);
#1194=VECTOR('',#1984,1.);
#1195=VECTOR('',#1985,1.);
#1196=VECTOR('',#1986,1.);
#1197=VECTOR('',#1987,1.);
#1198=VECTOR('',#1988,1.);
#1199=VECTOR('',#1989,1.);
#1200=VECTOR('',#1990,1.);
#1201=VECTOR('',#1991,1.);
#1202=VECTOR('',#1992,1.);
#1203=VECTOR('',#1993,1.);
#1204=VECTOR('',#1998,1.);
#1205=VECTOR('',#1999,1.);
#1206=VECTOR('',#2000,1.);
#1207=VECTOR('',#2001,1.);
#1208=VECTOR('',#2010,1.);
#1209=VECTOR('',#2011,1.);
#1210=VECTOR('',#2012,1.);
#1211=VECTOR('',#2015,1.);
#1212=VECTOR('',#2016,1.);
#1213=VECTOR('',#2017,1.);
#1214=VECTOR('',#2020,1.);
#1215=VECTOR('',#2021,1.);
#1216=VECTOR('',#2024,1.);
#1217=VECTOR('',#2025,1.);
#1218=VECTOR('',#2028,1.);
#1219=VECTOR('',#2031,1.);
#1220=VECTOR('',#2032,1.);
#1221=VECTOR('',#2033,1.);
#1222=VECTOR('',#2036,1.);
#1223=VECTOR('',#2037,1.);
#1224=VECTOR('',#2038,1.);
#1225=VECTOR('',#2041,1.);
#1226=VECTOR('',#2042,1.);
#1227=VECTOR('',#2045,1.);
#1228=VECTOR('',#2046,1.);
#1229=VECTOR('',#2049,1.);
#1230=VECTOR('',#2052,1.);
#1231=VECTOR('',#2053,1.);
#1232=VECTOR('',#2054,1.);
#1233=VECTOR('',#2057,1.);
#1234=VECTOR('',#2058,1.);
#1235=VECTOR('',#2059,1.);
#1236=VECTOR('',#2062,1.);
#1237=VECTOR('',#2063,1.);
#1238=VECTOR('',#2066,1.);
#1239=VECTOR('',#2067,1.);
#1240=VECTOR('',#2070,1.);
#1241=VECTOR('',#2073,1.);
#1242=VECTOR('',#2074,1.);
#1243=VECTOR('',#2075,1.);
#1244=VECTOR('',#2078,1.);
#1245=VECTOR('',#2079,1.);
#1246=VECTOR('',#2080,1.);
#1247=VECTOR('',#2083,1.);
#1248=VECTOR('',#2084,1.);
#1249=VECTOR('',#2087,1.);
#1250=VECTOR('',#2088,1.);
#1251=VECTOR('',#2091,1.);
#1252=VECTOR('',#2094,1.);
#1253=VECTOR('',#2095,1.);
#1254=VECTOR('',#2096,1.);
#1255=VECTOR('',#2099,1.);
#1256=VECTOR('',#2100,1.);
#1257=VECTOR('',#2101,1.);
#1258=VECTOR('',#2104,1.);
#1259=VECTOR('',#2105,1.);
#1260=VECTOR('',#2108,1.);
#1261=VECTOR('',#2109,1.);
#1262=VECTOR('',#2112,1.);
#1263=VECTOR('',#2115,1.);
#1264=VECTOR('',#2116,1.);
#1265=VECTOR('',#2117,1.);
#1266=VECTOR('',#2120,1.);
#1267=VECTOR('',#2121,1.);
#1268=VECTOR('',#2122,1.);
#1269=VECTOR('',#2125,1.);
#1270=VECTOR('',#2126,1.);
#1271=VECTOR('',#2129,1.);
#1272=VECTOR('',#2130,1.);
#1273=VECTOR('',#2133,1.);
#1274=VECTOR('',#2136,1.);
#1275=VECTOR('',#2137,1.);
#1276=VECTOR('',#2138,1.);
#1277=VECTOR('',#2141,1.);
#1278=VECTOR('',#2142,1.);
#1279=VECTOR('',#2143,1.);
#1280=VECTOR('',#2146,1.);
#1281=VECTOR('',#2147,1.);
#1282=VECTOR('',#2150,1.);
#1283=VECTOR('',#2151,1.);
#1284=VECTOR('',#2154,1.);
#1285=VECTOR('',#2157,1.);
#1286=VECTOR('',#2158,1.);
#1287=VECTOR('',#2159,1.);
#1288=VECTOR('',#2162,1.);
#1289=VECTOR('',#2163,1.);
#1290=VECTOR('',#2164,1.);
#1291=VECTOR('',#2167,1.);
#1292=VECTOR('',#2168,1.);
#1293=VECTOR('',#2171,1.);
#1294=VECTOR('',#2172,1.);
#1295=VECTOR('',#2175,1.);
#1296=VECTOR('',#2178,1.);
#1297=VECTOR('',#2179,1.);
#1298=VECTOR('',#2180,1.);
#1299=VECTOR('',#2183,1.);
#1300=VECTOR('',#2184,1.);
#1301=VECTOR('',#2185,1.);
#1302=VECTOR('',#2188,1.);
#1303=VECTOR('',#2189,1.);
#1304=VECTOR('',#2192,1.);
#1305=VECTOR('',#2193,1.);
#1306=VECTOR('',#2196,1.);
#1307=VECTOR('',#2199,1.);
#1308=VECTOR('',#2200,1.);
#1309=VECTOR('',#2201,1.);
#1310=VECTOR('',#2204,1.);
#1311=VECTOR('',#2205,1.);
#1312=VECTOR('',#2206,1.);
#1313=VECTOR('',#2209,1.);
#1314=VECTOR('',#2210,1.);
#1315=VECTOR('',#2213,1.);
#1316=VECTOR('',#2214,1.);
#1317=VECTOR('',#2217,1.);
#1318=VECTOR('',#2220,1.);
#1319=VECTOR('',#2221,1.);
#1320=VECTOR('',#2222,1.);
#1321=VECTOR('',#2225,1.);
#1322=VECTOR('',#2226,1.);
#1323=VECTOR('',#2227,1.);
#1324=VECTOR('',#2230,1.);
#1325=VECTOR('',#2231,1.);
#1326=VECTOR('',#2234,1.);
#1327=VECTOR('',#2235,1.);
#1328=VECTOR('',#2238,1.);
#1329=VECTOR('',#2241,1.);
#1330=VECTOR('',#2242,1.);
#1331=VECTOR('',#2243,1.);
#1332=VECTOR('',#2246,1.);
#1333=VECTOR('',#2247,1.);
#1334=VECTOR('',#2248,1.);
#1335=VECTOR('',#2251,1.);
#1336=VECTOR('',#2252,1.);
#1337=VECTOR('',#2255,1.);
#1338=VECTOR('',#2256,1.);
#1339=VECTOR('',#2259,1.);
#1340=VECTOR('',#2262,1.);
#1341=VECTOR('',#2263,1.);
#1342=VECTOR('',#2264,1.);
#1343=VECTOR('',#2267,1.);
#1344=VECTOR('',#2268,1.);
#1345=VECTOR('',#2269,1.);
#1346=VECTOR('',#2272,1.);
#1347=VECTOR('',#2273,1.);
#1348=VECTOR('',#2276,1.);
#1349=VECTOR('',#2277,1.);
#1350=VECTOR('',#2280,1.);
#1351=VECTOR('',#2283,1.);
#1352=VECTOR('',#2284,1.);
#1353=VECTOR('',#2285,1.);
#1354=VECTOR('',#2288,1.);
#1355=VECTOR('',#2289,1.);
#1356=VECTOR('',#2290,1.);
#1357=VECTOR('',#2293,1.);
#1358=VECTOR('',#2294,1.);
#1359=VECTOR('',#2297,1.);
#1360=VECTOR('',#2298,1.);
#1361=VECTOR('',#2301,1.);
#1362=VECTOR('',#2304,1.);
#1363=VECTOR('',#2305,1.);
#1364=VECTOR('',#2306,1.);
#1365=VECTOR('',#2309,1.);
#1366=VECTOR('',#2310,1.);
#1367=VECTOR('',#2311,1.);
#1368=VECTOR('',#2314,1.);
#1369=VECTOR('',#2315,1.);
#1370=VECTOR('',#2318,1.);
#1371=VECTOR('',#2319,1.);
#1372=VECTOR('',#2322,1.);
#1373=VECTOR('',#2355,1.);
#1374=VECTOR('',#2356,1.);
#1375=VECTOR('',#2359,1.);
#1376=VECTOR('',#2362,1.);
#1377=EDGE_LOOP('',(#18,#19,#20,#21));
#1378=EDGE_LOOP('',(#22));
#1379=EDGE_LOOP('',(#23,#24,#25,#26));
#1380=EDGE_LOOP('',(#27,#28,#29,#30));
#1381=EDGE_LOOP('',(#31,#32,#33,#34));
#1382=EDGE_LOOP('',(#35,#36,#37,#38));
#1383=EDGE_LOOP('',(#39,#40,#41,#42));
#1384=EDGE_LOOP('',(#43,#44,#45,#46));
#1385=EDGE_LOOP('',(#47,#48,#49,#50));
#1386=EDGE_LOOP('',(#51,#52,#53,#54));
#1387=EDGE_LOOP('',(#55,#56,#57,#58));
#1388=EDGE_LOOP('',(#59,#60,#61,#62));
#1389=EDGE_LOOP('',(#63,#64,#65,#66));
#1390=EDGE_LOOP('',(#67,#68,#69,#70));
#1391=EDGE_LOOP('',(#71,#72,#73,#74));
#1392=EDGE_LOOP('',(#75,#76,#77,#78));
#1393=EDGE_LOOP('',(#79,#80,#81,#82));
#1394=EDGE_LOOP('',(#83));
#1395=EDGE_LOOP('',(#84,#85,#86,#87));
#1396=EDGE_LOOP('',(#88));
#1397=EDGE_LOOP('',(#89));
#1398=EDGE_LOOP('',(#90));
#1399=EDGE_LOOP('',(#91));
#1400=EDGE_LOOP('',(#92,#93,#94,#95));
#1401=EDGE_LOOP('',(#96,#97,#98,#99,#100));
#1402=EDGE_LOOP('',(#101,#102,#103,#104));
#1403=EDGE_LOOP('',(#105,#106,#107,#108,#109));
#1404=EDGE_LOOP('',(#110,#111,#112,#113));
#1405=EDGE_LOOP('',(#114,#115,#116,#117));
#1406=EDGE_LOOP('',(#118,#119,#120,#121,#122));
#1407=EDGE_LOOP('',(#123,#124,#125,#126));
#1408=EDGE_LOOP('',(#127,#128,#129,#130,#131));
#1409=EDGE_LOOP('',(#132,#133,#134,#135));
#1410=EDGE_LOOP('',(#136,#137,#138,#139));
#1411=EDGE_LOOP('',(#140,#141,#142,#143,#144));
#1412=EDGE_LOOP('',(#145,#146,#147,#148));
#1413=EDGE_LOOP('',(#149,#150,#151,#152,#153));
#1414=EDGE_LOOP('',(#154,#155,#156,#157));
#1415=EDGE_LOOP('',(#158,#159,#160,#161));
#1416=EDGE_LOOP('',(#162,#163,#164,#165,#166));
#1417=EDGE_LOOP('',(#167,#168,#169,#170));
#1418=EDGE_LOOP('',(#171,#172,#173,#174,#175));
#1419=EDGE_LOOP('',(#176,#177,#178,#179));
#1420=EDGE_LOOP('',(#180,#181,#182,#183));
#1421=EDGE_LOOP('',(#184,#185,#186,#187,#188));
#1422=EDGE_LOOP('',(#189,#190,#191,#192));
#1423=EDGE_LOOP('',(#193,#194,#195,#196,#197));
#1424=EDGE_LOOP('',(#198,#199,#200,#201));
#1425=EDGE_LOOP('',(#202,#203,#204,#205));
#1426=EDGE_LOOP('',(#206,#207,#208,#209,#210));
#1427=EDGE_LOOP('',(#211,#212,#213,#214));
#1428=EDGE_LOOP('',(#215,#216,#217,#218,#219));
#1429=EDGE_LOOP('',(#220,#221,#222,#223));
#1430=EDGE_LOOP('',(#224,#225,#226,#227));
#1431=EDGE_LOOP('',(#228,#229,#230,#231,#232));
#1432=EDGE_LOOP('',(#233,#234,#235,#236));
#1433=EDGE_LOOP('',(#237,#238,#239,#240,#241));
#1434=EDGE_LOOP('',(#242,#243,#244,#245));
#1435=EDGE_LOOP('',(#246,#247,#248,#249));
#1436=EDGE_LOOP('',(#250,#251,#252,#253,#254));
#1437=EDGE_LOOP('',(#255,#256,#257,#258));
#1438=EDGE_LOOP('',(#259,#260,#261,#262,#263));
#1439=EDGE_LOOP('',(#264,#265,#266,#267));
#1440=EDGE_LOOP('',(#268,#269,#270,#271));
#1441=EDGE_LOOP('',(#272,#273,#274,#275,#276));
#1442=EDGE_LOOP('',(#277,#278,#279,#280));
#1443=EDGE_LOOP('',(#281,#282,#283,#284,#285));
#1444=EDGE_LOOP('',(#286,#287,#288,#289));
#1445=EDGE_LOOP('',(#290,#291,#292,#293));
#1446=EDGE_LOOP('',(#294,#295,#296,#297,#298));
#1447=EDGE_LOOP('',(#299,#300,#301,#302));
#1448=EDGE_LOOP('',(#303,#304,#305,#306,#307));
#1449=EDGE_LOOP('',(#308,#309,#310,#311));
#1450=EDGE_LOOP('',(#312,#313,#314,#315));
#1451=EDGE_LOOP('',(#316,#317,#318,#319,#320));
#1452=EDGE_LOOP('',(#321,#322,#323,#324));
#1453=EDGE_LOOP('',(#325,#326,#327,#328,#329));
#1454=EDGE_LOOP('',(#330,#331,#332,#333));
#1455=EDGE_LOOP('',(#334,#335,#336,#337));
#1456=EDGE_LOOP('',(#338,#339,#340,#341,#342));
#1457=EDGE_LOOP('',(#343,#344,#345,#346));
#1458=EDGE_LOOP('',(#347,#348,#349,#350,#351));
#1459=EDGE_LOOP('',(#352,#353,#354,#355));
#1460=EDGE_LOOP('',(#356,#357,#358,#359));
#1461=EDGE_LOOP('',(#360,#361,#362,#363,#364));
#1462=EDGE_LOOP('',(#365,#366,#367,#368));
#1463=EDGE_LOOP('',(#369,#370,#371,#372,#373));
#1464=EDGE_LOOP('',(#374,#375,#376,#377));
#1465=EDGE_LOOP('',(#378,#379,#380,#381));
#1466=EDGE_LOOP('',(#382,#383,#384,#385,#386));
#1467=EDGE_LOOP('',(#387,#388,#389,#390));
#1468=EDGE_LOOP('',(#391,#392,#393,#394,#395));
#1469=EDGE_LOOP('',(#396,#397,#398,#399));
#1470=EDGE_LOOP('',(#400,#401,#402,#403));
#1471=EDGE_LOOP('',(#404,#405,#406,#407,#408));
#1472=EDGE_LOOP('',(#409,#410,#411,#412));
#1473=EDGE_LOOP('',(#413,#414,#415,#416,#417));
#1474=EDGE_LOOP('',(#418,#419,#420,#421));
#1475=EDGE_LOOP('',(#422,#423,#424,#425));
#1476=EDGE_LOOP('',(#426,#427,#428,#429));
#1477=EDGE_LOOP('',(#430,#431,#432,#433));
#1478=EDGE_LOOP('',(#434,#435,#436,#437));
#1479=EDGE_LOOP('',(#438,#439,#440,#441));
#1480=EDGE_LOOP('',(#442,#443,#444,#445));
#1481=EDGE_LOOP('',(#446,#447,#448,#449));
#1482=EDGE_LOOP('',(#450,#451,#452,#453));
#1483=EDGE_LOOP('',(#454,#455,#456,#457));
#1484=EDGE_LOOP('',(#458,#459,#460,#461));
#1485=EDGE_LOOP('',(#462,#463,#464,#465));
#1486=EDGE_LOOP('',(#466,#467,#468,#469));
#1487=EDGE_LOOP('',(#470,#471,#472,#473));
#1488=EDGE_LOOP('',(#474,#475,#476,#477));
#1489=EDGE_LOOP('',(#478,#479,#480,#481));
#1490=EDGE_LOOP('',(#482,#483,#484,#485));
#1491=EDGE_LOOP('',(#486,#487,#488,#489));
#1492=EDGE_LOOP('',(#490,#491,#492,#493));
#1493=EDGE_LOOP('',(#494,#495,#496,#497));
#1494=EDGE_LOOP('',(#498));
#1495=EDGE_LOOP('',(#499));
#1496=FACE_BOUND('',#1377,.T.);
#1497=FACE_BOUND('',#1378,.T.);
#1498=FACE_BOUND('',#1379,.T.);
#1499=FACE_BOUND('',#1380,.T.);
#1500=FACE_BOUND('',#1381,.T.);
#1501=FACE_BOUND('',#1382,.T.);
#1502=FACE_BOUND('',#1383,.T.);
#1503=FACE_BOUND('',#1384,.T.);
#1504=FACE_BOUND('',#1385,.T.);
#1505=FACE_BOUND('',#1386,.T.);
#1506=FACE_BOUND('',#1387,.T.);
#1507=FACE_BOUND('',#1388,.T.);
#1508=FACE_BOUND('',#1389,.T.);
#1509=FACE_BOUND('',#1390,.T.);
#1510=FACE_BOUND('',#1391,.T.);
#1511=FACE_BOUND('',#1392,.T.);
#1512=FACE_BOUND('',#1393,.T.);
#1513=FACE_BOUND('',#1394,.T.);
#1514=FACE_BOUND('',#1395,.T.);
#1515=FACE_BOUND('',#1396,.T.);
#1516=FACE_BOUND('',#1397,.T.);
#1517=FACE_BOUND('',#1398,.T.);
#1518=FACE_BOUND('',#1399,.T.);
#1519=FACE_BOUND('',#1400,.T.);
#1520=FACE_BOUND('',#1401,.T.);
#1521=FACE_BOUND('',#1402,.T.);
#1522=FACE_BOUND('',#1403,.T.);
#1523=FACE_BOUND('',#1404,.T.);
#1524=FACE_BOUND('',#1405,.T.);
#1525=FACE_BOUND('',#1406,.T.);
#1526=FACE_BOUND('',#1407,.T.);
#1527=FACE_BOUND('',#1408,.T.);
#1528=FACE_BOUND('',#1409,.T.);
#1529=FACE_BOUND('',#1410,.T.);
#1530=FACE_BOUND('',#1411,.T.);
#1531=FACE_BOUND('',#1412,.T.);
#1532=FACE_BOUND('',#1413,.T.);
#1533=FACE_BOUND('',#1414,.T.);
#1534=FACE_BOUND('',#1415,.T.);
#1535=FACE_BOUND('',#1416,.T.);
#1536=FACE_BOUND('',#1417,.T.);
#1537=FACE_BOUND('',#1418,.T.);
#1538=FACE_BOUND('',#1419,.T.);
#1539=FACE_BOUND('',#1420,.T.);
#1540=FACE_BOUND('',#1421,.T.);
#1541=FACE_BOUND('',#1422,.T.);
#1542=FACE_BOUND('',#1423,.T.);
#1543=FACE_BOUND('',#1424,.T.);
#1544=FACE_BOUND('',#1425,.T.);
#1545=FACE_BOUND('',#1426,.T.);
#1546=FACE_BOUND('',#1427,.T.);
#1547=FACE_BOUND('',#1428,.T.);
#1548=FACE_BOUND('',#1429,.T.);
#1549=FACE_BOUND('',#1430,.T.);
#1550=FACE_BOUND('',#1431,.T.);
#1551=FACE_BOUND('',#1432,.T.);
#1552=FACE_BOUND('',#1433,.T.);
#1553=FACE_BOUND('',#1434,.T.);
#1554=FACE_BOUND('',#1435,.T.);
#1555=FACE_BOUND('',#1436,.T.);
#1556=FACE_BOUND('',#1437,.T.);
#1557=FACE_BOUND('',#1438,.T.);
#1558=FACE_BOUND('',#1439,.T.);
#1559=FACE_BOUND('',#1440,.T.);
#1560=FACE_BOUND('',#1441,.T.);
#1561=FACE_BOUND('',#1442,.T.);
#1562=FACE_BOUND('',#1443,.T.);
#1563=FACE_BOUND('',#1444,.T.);
#1564=FACE_BOUND('',#1445,.T.);
#1565=FACE_BOUND('',#1446,.T.);
#1566=FACE_BOUND('',#1447,.T.);
#1567=FACE_BOUND('',#1448,.T.);
#1568=FACE_BOUND('',#1449,.T.);
#1569=FACE_BOUND('',#1450,.T.);
#1570=FACE_BOUND('',#1451,.T.);
#1571=FACE_BOUND('',#1452,.T.);
#1572=FACE_BOUND('',#1453,.T.);
#1573=FACE_BOUND('',#1454,.T.);
#1574=FACE_BOUND('',#1455,.T.);
#1575=FACE_BOUND('',#1456,.T.);
#1576=FACE_BOUND('',#1457,.T.);
#1577=FACE_BOUND('',#1458,.T.);
#1578=FACE_BOUND('',#1459,.T.);
#1579=FACE_BOUND('',#1460,.T.);
#1580=FACE_BOUND('',#1461,.T.);
#1581=FACE_BOUND('',#1462,.T.);
#1582=FACE_BOUND('',#1463,.T.);
#1583=FACE_BOUND('',#1464,.T.);
#1584=FACE_BOUND('',#1465,.T.);
#1585=FACE_BOUND('',#1466,.T.);
#1586=FACE_BOUND('',#1467,.T.);
#1587=FACE_BOUND('',#1468,.T.);
#1588=FACE_BOUND('',#1469,.T.);
#1589=FACE_BOUND('',#1470,.T.);
#1590=FACE_BOUND('',#1471,.T.);
#1591=FACE_BOUND('',#1472,.T.);
#1592=FACE_BOUND('',#1473,.T.);
#1593=FACE_BOUND('',#1474,.T.);
#1594=FACE_BOUND('',#1475,.T.);
#1595=FACE_BOUND('',#1476,.T.);
#1596=FACE_BOUND('',#1477,.T.);
#1597=FACE_BOUND('',#1478,.T.);
#1598=FACE_BOUND('',#1479,.T.);
#1599=FACE_BOUND('',#1480,.T.);
#1600=FACE_BOUND('',#1481,.T.);
#1601=FACE_BOUND('',#1482,.T.);
#1602=FACE_BOUND('',#1483,.T.);
#1603=FACE_BOUND('',#1484,.T.);
#1604=FACE_BOUND('',#1485,.T.);
#1605=FACE_BOUND('',#1486,.T.);
#1606=FACE_BOUND('',#1487,.T.);
#1607=FACE_BOUND('',#1488,.T.);
#1608=FACE_BOUND('',#1489,.T.);
#1609=FACE_BOUND('',#1490,.T.);
#1610=FACE_BOUND('',#1491,.T.);
#1611=FACE_BOUND('',#1492,.T.);
#1612=FACE_BOUND('',#1493,.T.);
#1613=FACE_BOUND('',#1494,.T.);
#1614=FACE_BOUND('',#1495,.T.);
#1615=PLANE('',#1822);
#1616=PLANE('',#1825);
#1617=PLANE('',#1829);
#1618=PLANE('',#1830);
#1619=PLANE('',#1831);
#1620=PLANE('',#1832);
#1621=PLANE('',#1833);
#1622=PLANE('',#1834);
#1623=PLANE('',#1835);
#1624=PLANE('',#1836);
#1625=PLANE('',#1837);
#1626=PLANE('',#1838);
#1627=PLANE('',#1839);
#1628=PLANE('',#1840);
#1629=PLANE('',#1841);
#1630=PLANE('',#1842);
#1631=PLANE('',#1843);
#1632=PLANE('',#1844);
#1633=PLANE('',#1845);
#1634=PLANE('',#1846);
#1635=PLANE('',#1847);
#1636=PLANE('',#1848);
#1637=PLANE('',#1849);
#1638=PLANE('',#1850);
#1639=PLANE('',#1851);
#1640=PLANE('',#1852);
#1641=PLANE('',#1853);
#1642=PLANE('',#1854);
#1643=PLANE('',#1855);
#1644=PLANE('',#1856);
#1645=PLANE('',#1857);
#1646=PLANE('',#1858);
#1647=PLANE('',#1859);
#1648=PLANE('',#1860);
#1649=PLANE('',#1861);
#1650=PLANE('',#1862);
#1651=PLANE('',#1863);
#1652=PLANE('',#1864);
#1653=PLANE('',#1865);
#1654=PLANE('',#1866);
#1655=PLANE('',#1867);
#1656=PLANE('',#1868);
#1657=PLANE('',#1869);
#1658=PLANE('',#1870);
#1659=PLANE('',#1871);
#1660=PLANE('',#1872);
#1661=PLANE('',#1873);
#1662=PLANE('',#1874);
#1663=PLANE('',#1875);
#1664=PLANE('',#1876);
#1665=PLANE('',#1877);
#1666=PLANE('',#1878);
#1667=PLANE('',#1879);
#1668=PLANE('',#1880);
#1669=PLANE('',#1881);
#1670=PLANE('',#1882);
#1671=PLANE('',#1883);
#1672=PLANE('',#1884);
#1673=PLANE('',#1885);
#1674=PLANE('',#1886);
#1675=PLANE('',#1887);
#1676=PLANE('',#1888);
#1677=PLANE('',#1889);
#1678=PLANE('',#1890);
#1679=PLANE('',#1891);
#1680=PLANE('',#1892);
#1681=PLANE('',#1893);
#1682=PLANE('',#1894);
#1683=PLANE('',#1895);
#1684=PLANE('',#1896);
#1685=PLANE('',#1897);
#1686=PLANE('',#1898);
#1687=PLANE('',#1899);
#1688=PLANE('',#1900);
#1689=PLANE('',#1901);
#1690=PLANE('',#1902);
#1691=PLANE('',#1903);
#1692=PLANE('',#1904);
#1693=PLANE('',#1905);
#1694=PLANE('',#1906);
#1695=PLANE('',#1907);
#1696=PLANE('',#1908);
#1697=PLANE('',#1909);
#1698=PLANE('',#1910);
#1699=PLANE('',#1911);
#1700=PLANE('',#1912);
#1701=PLANE('',#1913);
#1702=PLANE('',#1914);
#1703=PLANE('',#1915);
#1704=PLANE('',#1916);
#1705=PLANE('',#1917);
#1706=PLANE('',#1918);
#1707=PLANE('',#1919);
#1708=PLANE('',#1920);
#1709=PLANE('',#1921);
#1710=PLANE('',#1922);
#1711=ADVANCED_FACE('',(#1496,#1497,#1498,#1499,#1500,#1501,#1502,#1503,
#1504,#1505,#1506,#1507,#1508,#1509,#1510,#1511,#1512,#1513),#1615,.T.);
#1712=ADVANCED_FACE('',(#1514,#1515,#1516),#1616,.F.);
#1713=ADVANCED_FACE('',(#1517,#1518),#12,.F.);
#1714=ADVANCED_FACE('',(#1519),#1617,.T.);
#1715=ADVANCED_FACE('',(#1520),#1618,.F.);
#1716=ADVANCED_FACE('',(#1521),#1619,.F.);
#1717=ADVANCED_FACE('',(#1522),#1620,.T.);
#1718=ADVANCED_FACE('',(#1523),#1621,.T.);
#1719=ADVANCED_FACE('',(#1524),#1622,.T.);
#1720=ADVANCED_FACE('',(#1525),#1623,.F.);
#1721=ADVANCED_FACE('',(#1526),#1624,.F.);
#1722=ADVANCED_FACE('',(#1527),#1625,.T.);
#1723=ADVANCED_FACE('',(#1528),#1626,.T.);
#1724=ADVANCED_FACE('',(#1529),#1627,.T.);
#1725=ADVANCED_FACE('',(#1530),#1628,.F.);
#1726=ADVANCED_FACE('',(#1531),#1629,.F.);
#1727=ADVANCED_FACE('',(#1532),#1630,.T.);
#1728=ADVANCED_FACE('',(#1533),#1631,.T.);
#1729=ADVANCED_FACE('',(#1534),#1632,.T.);
#1730=ADVANCED_FACE('',(#1535),#1633,.F.);
#1731=ADVANCED_FACE('',(#1536),#1634,.F.);
#1732=ADVANCED_FACE('',(#1537),#1635,.T.);
#1733=ADVANCED_FACE('',(#1538),#1636,.T.);
#1734=ADVANCED_FACE('',(#1539),#1637,.T.);
#1735=ADVANCED_FACE('',(#1540),#1638,.F.);
#1736=ADVANCED_FACE('',(#1541),#1639,.F.);
#1737=ADVANCED_FACE('',(#1542),#1640,.T.);
#1738=ADVANCED_FACE('',(#1543),#1641,.T.);
#1739=ADVANCED_FACE('',(#1544),#1642,.T.);
#1740=ADVANCED_FACE('',(#1545),#1643,.F.);
#1741=ADVANCED_FACE('',(#1546),#1644,.F.);
#1742=ADVANCED_FACE('',(#1547),#1645,.T.);
#1743=ADVANCED_FACE('',(#1548),#1646,.T.);
#1744=ADVANCED_FACE('',(#1549),#1647,.T.);
#1745=ADVANCED_FACE('',(#1550),#1648,.F.);
#1746=ADVANCED_FACE('',(#1551),#1649,.F.);
#1747=ADVANCED_FACE('',(#1552),#1650,.T.);
#1748=ADVANCED_FACE('',(#1553),#1651,.T.);
#1749=ADVANCED_FACE('',(#1554),#1652,.T.);
#1750=ADVANCED_FACE('',(#1555),#1653,.F.);
#1751=ADVANCED_FACE('',(#1556),#1654,.F.);
#1752=ADVANCED_FACE('',(#1557),#1655,.T.);
#1753=ADVANCED_FACE('',(#1558),#1656,.T.);
#1754=ADVANCED_FACE('',(#1559),#1657,.T.);
#1755=ADVANCED_FACE('',(#1560),#1658,.F.);
#1756=ADVANCED_FACE('',(#1561),#1659,.F.);
#1757=ADVANCED_FACE('',(#1562),#1660,.T.);
#1758=ADVANCED_FACE('',(#1563),#1661,.T.);
#1759=ADVANCED_FACE('',(#1564),#1662,.T.);
#1760=ADVANCED_FACE('',(#1565),#1663,.F.);
#1761=ADVANCED_FACE('',(#1566),#1664,.F.);
#1762=ADVANCED_FACE('',(#1567),#1665,.T.);
#1763=ADVANCED_FACE('',(#1568),#1666,.T.);
#1764=ADVANCED_FACE('',(#1569),#1667,.T.);
#1765=ADVANCED_FACE('',(#1570),#1668,.F.);
#1766=ADVANCED_FACE('',(#1571),#1669,.F.);
#1767=ADVANCED_FACE('',(#1572),#1670,.T.);
#1768=ADVANCED_FACE('',(#1573),#1671,.T.);
#1769=ADVANCED_FACE('',(#1574),#1672,.T.);
#1770=ADVANCED_FACE('',(#1575),#1673,.F.);
#1771=ADVANCED_FACE('',(#1576),#1674,.F.);
#1772=ADVANCED_FACE('',(#1577),#1675,.T.);
#1773=ADVANCED_FACE('',(#1578),#1676,.T.);
#1774=ADVANCED_FACE('',(#1579),#1677,.T.);
#1775=ADVANCED_FACE('',(#1580),#1678,.F.);
#1776=ADVANCED_FACE('',(#1581),#1679,.F.);
#1777=ADVANCED_FACE('',(#1582),#1680,.T.);
#1778=ADVANCED_FACE('',(#1583),#1681,.T.);
#1779=ADVANCED_FACE('',(#1584),#1682,.T.);
#1780=ADVANCED_FACE('',(#1585),#1683,.F.);
#1781=ADVANCED_FACE('',(#1586),#1684,.F.);
#1782=ADVANCED_FACE('',(#1587),#1685,.T.);
#1783=ADVANCED_FACE('',(#1588),#1686,.T.);
#1784=ADVANCED_FACE('',(#1589),#1687,.T.);
#1785=ADVANCED_FACE('',(#1590),#1688,.F.);
#1786=ADVANCED_FACE('',(#1591),#1689,.F.);
#1787=ADVANCED_FACE('',(#1592),#1690,.T.);
#1788=ADVANCED_FACE('',(#1593),#1691,.T.);
#1789=ADVANCED_FACE('',(#1594),#1692,.T.);
#1790=ADVANCED_FACE('',(#1595),#1693,.T.);
#1791=ADVANCED_FACE('',(#1596),#1694,.T.);
#1792=ADVANCED_FACE('',(#1597),#1695,.T.);
#1793=ADVANCED_FACE('',(#1598),#1696,.T.);
#1794=ADVANCED_FACE('',(#1599),#1697,.T.);
#1795=ADVANCED_FACE('',(#1600),#1698,.T.);
#1796=ADVANCED_FACE('',(#1601),#1699,.T.);
#1797=ADVANCED_FACE('',(#1602),#1700,.T.);
#1798=ADVANCED_FACE('',(#1603),#1701,.T.);
#1799=ADVANCED_FACE('',(#1604),#1702,.T.);
#1800=ADVANCED_FACE('',(#1605),#1703,.T.);
#1801=ADVANCED_FACE('',(#1606),#1704,.T.);
#1802=ADVANCED_FACE('',(#1607),#1705,.T.);
#1803=ADVANCED_FACE('',(#1608),#1706,.T.);
#1804=ADVANCED_FACE('',(#1609),#1707,.T.);
#1805=ADVANCED_FACE('',(#1610),#1708,.T.);
#1806=ADVANCED_FACE('',(#1611),#1709,.F.);
#1807=ADVANCED_FACE('',(#1612),#1710,.F.);
#1808=ADVANCED_FACE('',(#1613,#1614),#13,.T.);
#1809=CLOSED_SHELL('',(#1711,#1712,#1713,#1714,#1715,#1716,#1717,#1718,
#1719,#1720,#1721,#1722,#1723,#1724,#1725,#1726,#1727,#1728,#1729,#1730,
#1731,#1732,#1733,#1734,#1735,#1736,#1737,#1738,#1739,#1740,#1741,#1742,
#1743,#1744,#1745,#1746,#1747,#1748,#1749,#1750,#1751,#1752,#1753,#1754,
#1755,#1756,#1757,#1758,#1759,#1760,#1761,#1762,#1763,#1764,#1765,#1766,
#1767,#1768,#1769,#1770,#1771,#1772,#1773,#1774,#1775,#1776,#1777,#1778,
#1779,#1780,#1781,#1782,#1783,#1784,#1785,#1786,#1787,#1788,#1789,#1790,
#1791,#1792,#1793,#1794,#1795,#1796,#1797,#1798,#1799,#1800,#1801,#1802,
#1803,#1804,#1805,#1806,#1807,#1808));
#1810=STYLED_ITEM('',(#1811),#1818);
#1811=PRESENTATION_STYLE_ASSIGNMENT((#1812));
#1812=SURFACE_STYLE_USAGE(.BOTH.,#1813);
#1813=SURFACE_SIDE_STYLE('',(#1814));
#1814=SURFACE_STYLE_FILL_AREA(#1815);
#1815=FILL_AREA_STYLE('',(#1816));
#1816=FILL_AREA_STYLE_COLOUR('',#1817);
#1817=COLOUR_RGB('',0.262745098039216,0.282352941176471,0.301960784313725);
#1818=MANIFOLD_SOLID_BREP('crenellations',#1809);
#1819=SHAPE_DEFINITION_REPRESENTATION(#2875,#1820);
#1820=SHAPE_REPRESENTATION('crenellations',(#1821),#2870);
#1821=AXIS2_PLACEMENT_3D('',#2367,#1924,#1925);
#1822=AXIS2_PLACEMENT_3D('',#2368,#1926,#1927);
#1823=AXIS2_PLACEMENT_3D('',#2377,#1932,#1933);
#1824=AXIS2_PLACEMENT_3D('',#2499,#1994,#1995);
#1825=AXIS2_PLACEMENT_3D('',#2501,#1996,#1997);
#1826=AXIS2_PLACEMENT_3D('',#2510,#2002,#2003);
#1827=AXIS2_PLACEMENT_3D('',#2512,#2004,#2005);
#1828=AXIS2_PLACEMENT_3D('',#2514,#2006,#2007);
#1829=AXIS2_PLACEMENT_3D('',#2515,#2008,#2009);
#1830=AXIS2_PLACEMENT_3D('',#2521,#2013,#2014);
#1831=AXIS2_PLACEMENT_3D('',#2527,#2018,#2019);
#1832=AXIS2_PLACEMENT_3D('',#2531,#2022,#2023);
#1833=AXIS2_PLACEMENT_3D('',#2535,#2026,#2027);
#1834=AXIS2_PLACEMENT_3D('',#2537,#2029,#2030);
#1835=AXIS2_PLACEMENT_3D('',#2543,#2034,#2035);
#1836=AXIS2_PLACEMENT_3D('',#2549,#2039,#2040);
#1837=AXIS2_PLACEMENT_3D('',#2553,#2043,#2044);
#1838=AXIS2_PLACEMENT_3D('',#2557,#2047,#2048);
#1839=AXIS2_PLACEMENT_3D('',#2559,#2050,#2051);
#1840=AXIS2_PLACEMENT_3D('',#2565,#2055,#2056);
#1841=AXIS2_PLACEMENT_3D('',#2571,#2060,#2061);
#1842=AXIS2_PLACEMENT_3D('',#2575,#2064,#2065);
#1843=AXIS2_PLACEMENT_3D('',#2579,#2068,#2069);
#1844=AXIS2_PLACEMENT_3D('',#2581,#2071,#2072);
#1845=AXIS2_PLACEMENT_3D('',#2587,#2076,#2077);
#1846=AXIS2_PLACEMENT_3D('',#2593,#2081,#2082);
#1847=AXIS2_PLACEMENT_3D('',#2597,#2085,#2086);
#1848=AXIS2_PLACEMENT_3D('',#2601,#2089,#2090);
#1849=AXIS2_PLACEMENT_3D('',#2603,#2092,#2093);
#1850=AXIS2_PLACEMENT_3D('',#2609,#2097,#2098);
#1851=AXIS2_PLACEMENT_3D('',#2615,#2102,#2103);
#1852=AXIS2_PLACEMENT_3D('',#2619,#2106,#2107);
#1853=AXIS2_PLACEMENT_3D('',#2623,#2110,#2111);
#1854=AXIS2_PLACEMENT_3D('',#2625,#2113,#2114);
#1855=AXIS2_PLACEMENT_3D('',#2631,#2118,#2119);
#1856=AXIS2_PLACEMENT_3D('',#2637,#2123,#2124);
#1857=AXIS2_PLACEMENT_3D('',#2641,#2127,#2128);
#1858=AXIS2_PLACEMENT_3D('',#2645,#2131,#2132);
#1859=AXIS2_PLACEMENT_3D('',#2647,#2134,#2135);
#1860=AXIS2_PLACEMENT_3D('',#2653,#2139,#2140);
#1861=AXIS2_PLACEMENT_3D('',#2659,#2144,#2145);
#1862=AXIS2_PLACEMENT_3D('',#2663,#2148,#2149);
#1863=AXIS2_PLACEMENT_3D('',#2667,#2152,#2153);
#1864=AXIS2_PLACEMENT_3D('',#2669,#2155,#2156);
#1865=AXIS2_PLACEMENT_3D('',#2675,#2160,#2161);
#1866=AXIS2_PLACEMENT_3D('',#2681,#2165,#2166);
#1867=AXIS2_PLACEMENT_3D('',#2685,#2169,#2170);
#1868=AXIS2_PLACEMENT_3D('',#2689,#2173,#2174);
#1869=AXIS2_PLACEMENT_3D('',#2691,#2176,#2177);
#1870=AXIS2_PLACEMENT_3D('',#2697,#2181,#2182);
#1871=AXIS2_PLACEMENT_3D('',#2703,#2186,#2187);
#1872=AXIS2_PLACEMENT_3D('',#2707,#2190,#2191);
#1873=AXIS2_PLACEMENT_3D('',#2711,#2194,#2195);
#1874=AXIS2_PLACEMENT_3D('',#2713,#2197,#2198);
#1875=AXIS2_PLACEMENT_3D('',#2719,#2202,#2203);
#1876=AXIS2_PLACEMENT_3D('',#2725,#2207,#2208);
#1877=AXIS2_PLACEMENT_3D('',#2729,#2211,#2212);
#1878=AXIS2_PLACEMENT_3D('',#2733,#2215,#2216);
#1879=AXIS2_PLACEMENT_3D('',#2735,#2218,#2219);
#1880=AXIS2_PLACEMENT_3D('',#2741,#2223,#2224);
#1881=AXIS2_PLACEMENT_3D('',#2747,#2228,#2229);
#1882=AXIS2_PLACEMENT_3D('',#2751,#2232,#2233);
#1883=AXIS2_PLACEMENT_3D('',#2755,#2236,#2237);
#1884=AXIS2_PLACEMENT_3D('',#2757,#2239,#2240);
#1885=AXIS2_PLACEMENT_3D('',#2763,#2244,#2245);
#1886=AXIS2_PLACEMENT_3D('',#2769,#2249,#2250);
#1887=AXIS2_PLACEMENT_3D('',#2773,#2253,#2254);
#1888=AXIS2_PLACEMENT_3D('',#2777,#2257,#2258);
#1889=AXIS2_PLACEMENT_3D('',#2779,#2260,#2261);
#1890=AXIS2_PLACEMENT_3D('',#2785,#2265,#2266);
#1891=AXIS2_PLACEMENT_3D('',#2791,#2270,#2271);
#1892=AXIS2_PLACEMENT_3D('',#2795,#2274,#2275);
#1893=AXIS2_PLACEMENT_3D('',#2799,#2278,#2279);
#1894=AXIS2_PLACEMENT_3D('',#2801,#2281,#2282);
#1895=AXIS2_PLACEMENT_3D('',#2807,#2286,#2287);
#1896=AXIS2_PLACEMENT_3D('',#2813,#2291,#2292);
#1897=AXIS2_PLACEMENT_3D('',#2817,#2295,#2296);
#1898=AXIS2_PLACEMENT_3D('',#2821,#2299,#2300);
#1899=AXIS2_PLACEMENT_3D('',#2823,#2302,#2303);
#1900=AXIS2_PLACEMENT_3D('',#2829,#2307,#2308);
#1901=AXIS2_PLACEMENT_3D('',#2835,#2312,#2313);
#1902=AXIS2_PLACEMENT_3D('',#2839,#2316,#2317);
#1903=AXIS2_PLACEMENT_3D('',#2843,#2320,#2321);
#1904=AXIS2_PLACEMENT_3D('',#2845,#2323,#2324);
#1905=AXIS2_PLACEMENT_3D('',#2846,#2325,#2326);
#1906=AXIS2_PLACEMENT_3D('',#2847,#2327,#2328);
#1907=AXIS2_PLACEMENT_3D('',#2848,#2329,#2330);
#1908=AXIS2_PLACEMENT_3D('',#2849,#2331,#2332);
#1909=AXIS2_PLACEMENT_3D('',#2850,#2333,#2334);
#1910=AXIS2_PLACEMENT_3D('',#2851,#2335,#2336);
#1911=AXIS2_PLACEMENT_3D('',#2852,#2337,#2338);
#1912=AXIS2_PLACEMENT_3D('',#2853,#2339,#2340);
#1913=AXIS2_PLACEMENT_3D('',#2854,#2341,#2342);
#1914=AXIS2_PLACEMENT_3D('',#2855,#2343,#2344);
#1915=AXIS2_PLACEMENT_3D('',#2856,#2345,#2346);
#1916=AXIS2_PLACEMENT_3D('',#2857,#2347,#2348);
#1917=AXIS2_PLACEMENT_3D('',#2858,#2349,#2350);
#1918=AXIS2_PLACEMENT_3D('',#2859,#2351,#2352);
#1919=AXIS2_PLACEMENT_3D('',#2860,#2353,#2354);
#1920=AXIS2_PLACEMENT_3D('',#2863,#2357,#2358);
#1921=AXIS2_PLACEMENT_3D('',#2865,#2360,#2361);
#1922=AXIS2_PLACEMENT_3D('',#2867,#2363,#2364);
#1923=AXIS2_PLACEMENT_3D('',#2868,#2365,#2366);
#1924=DIRECTION('',(0.,0.,1.));
#1925=DIRECTION('',(1.,0.,0.));
#1926=DIRECTION('',(0.,0.,1.));
#1927=DIRECTION('',(1.,0.,0.));
#1928=DIRECTION('',(0.,-1.,0.));
#1929=DIRECTION('',(-1.,1.66800334228539E-16,0.));
#1930=DIRECTION('',(0.,-1.,0.));
#1931=DIRECTION('',(-1.,1.66800334228539E-16,0.));
#1932=DIRECTION('',(0.,0.,1.));
#1933=DIRECTION('',(1.,0.,0.));
#1934=DIRECTION('',(-0.309016994374948,-0.951056516295154,0.));
#1935=DIRECTION('',(0.951056516295154,-0.309016994374948,0.));
#1936=DIRECTION('',(-0.309016994374948,-0.951056516295154,0.));
#1937=DIRECTION('',(0.951056516295154,-0.309016994374947,0.));
#1938=DIRECTION('',(0.104528463267653,-0.994521895368273,0.));
#1939=DIRECTION('',(0.994521895368273,0.104528463267654,0.));
#1940=DIRECTION('',(0.104528463267653,-0.994521895368273,0.));
#1941=DIRECTION('',(0.994521895368273,0.104528463267654,0.));
#1942=DIRECTION('',(0.5,-0.866025403784439,0.));
#1943=DIRECTION('',(0.866025403784439,0.5,0.));
#1944=DIRECTION('',(0.5,-0.866025403784439,0.));
#1945=DIRECTION('',(0.866025403784439,0.5,0.));
#1946=DIRECTION('',(0.809016994374948,-0.587785252292473,0.));
#1947=DIRECTION('',(0.587785252292473,0.809016994374948,0.));
#1948=DIRECTION('',(0.809016994374948,-0.587785252292473,0.));
#1949=DIRECTION('',(0.587785252292473,0.809016994374948,0.));
#1950=DIRECTION('',(0.978147600733806,-0.207911690817759,0.));
#1951=DIRECTION('',(0.207911690817759,0.978147600733806,0.));
#1952=DIRECTION('',(0.978147600733806,-0.20791169081776,0.));
#1953=DIRECTION('',(0.207911690817759,0.978147600733806,0.));
#1954=DIRECTION('',(0.978147600733806,0.207911690817759,0.));
#1955=DIRECTION('',(-0.207911690817759,0.978147600733806,0.));
#1956=DIRECTION('',(0.978147600733806,0.207911690817759,0.));
#1957=DIRECTION('',(-0.20791169081776,0.978147600733806,0.));
#1958=DIRECTION('',(0.809016994374948,0.587785252292473,0.));
#1959=DIRECTION('',(-0.587785252292473,0.809016994374947,0.));
#1960=DIRECTION('',(0.809016994374948,0.587785252292473,0.));
#1961=DIRECTION('',(-0.587785252292473,0.809016994374948,0.));
#1962=DIRECTION('',(0.5,0.866025403784439,0.));
#1963=DIRECTION('',(-0.866025403784439,0.5,0.));
#1964=DIRECTION('',(0.5,0.866025403784439,0.));
#1965=DIRECTION('',(-0.866025403784438,0.5,0.));
#1966=DIRECTION('',(0.104528463267654,0.994521895368273,0.));
#1967=DIRECTION('',(-0.994521895368273,0.104528463267654,0.));
#1968=DIRECTION('',(0.104528463267654,0.994521895368273,0.));
#1969=DIRECTION('',(-0.994521895368273,0.104528463267654,0.));
#1970=DIRECTION('',(-0.309016994374948,0.951056516295154,0.));
#1971=DIRECTION('',(-0.951056516295154,-0.309016994374948,0.));
#1972=DIRECTION('',(-0.309016994374948,0.951056516295154,0.));
#1973=DIRECTION('',(-0.951056516295154,-0.309016994374948,0.));
#1974=DIRECTION('',(-0.669130606358858,0.743144825477395,0.));
#1975=DIRECTION('',(-0.743144825477395,-0.669130606358858,0.));
#1976=DIRECTION('',(-0.669130606358858,0.743144825477395,0.));
#1977=DIRECTION('',(-0.743144825477395,-0.669130606358858,0.));
#1978=DIRECTION('',(-0.913545457642601,0.406736643075801,0.));
#1979=DIRECTION('',(-0.406736643075801,-0.913545457642601,0.));
#1980=DIRECTION('',(-0.913545457642601,0.406736643075801,0.));
#1981=DIRECTION('',(-0.4067366430758,-0.913545457642601,0.));
#1982=DIRECTION('',(-1.,1.7347234759768E-16,0.));
#1983=DIRECTION('',(0.,-1.,0.));
#1984=DIRECTION('',(-1.,1.73472347597681E-16,0.));
#1985=DIRECTION('',(0.,-1.,0.));
#1986=DIRECTION('',(-0.913545457642601,-0.406736643075799,0.));
#1987=DIRECTION('',(0.4067366430758,-0.913545457642601,0.));
#1988=DIRECTION('',(-0.913545457642601,-0.4067366430758,0.));
#1989=DIRECTION('',(0.406736643075799,-0.913545457642601,0.));
#1990=DIRECTION('',(-0.669130606358858,-0.743144825477394,0.));
#1991=DIRECTION('',(0.743144825477395,-0.669130606358858,0.));
#1992=DIRECTION('',(-0.669130606358859,-0.743144825477394,0.));
#1993=DIRECTION('',(0.743144825477394,-0.669130606358858,0.));
#1994=DIRECTION('',(0.,0.,1.));
#1995=DIRECTION('',(1.,0.,0.));
#1996=DIRECTION('',(0.,0.,1.));
#1997=DIRECTION('',(1.,0.,0.));
#1998=DIRECTION('',(1.,-1.66800334228539E-16,0.));
#1999=DIRECTION('',(0.,1.,0.));
#2000=DIRECTION('',(1.,-1.66800334228539E-16,0.));
#2001=DIRECTION('',(0.,1.,0.));
#2002=DIRECTION('',(0.,0.,1.));
#2003=DIRECTION('',(1.,0.,0.));
#2004=DIRECTION('',(0.,0.,1.));
#2005=DIRECTION('',(1.,0.,0.));
#2006=DIRECTION('',(0.,0.,1.));
#2007=DIRECTION('',(1.,0.,0.));
#2008=DIRECTION('',(0.309016994374948,0.951056516295154,0.));
#2009=DIRECTION('',(-0.951056516295154,0.309016994374948,0.));
#2010=DIRECTION('',(0.,0.,-1.));
#2011=DIRECTION('',(0.951056516295154,-0.309016994374948,0.));
#2012=DIRECTION('',(0.,0.,-1.));
#2013=DIRECTION('',(0.951056516295154,-0.309016994374948,0.));
#2014=DIRECTION('',(0.309016994374948,0.951056516295154,0.));
#2015=DIRECTION('',(0.,0.,-1.));
#2016=DIRECTION('',(0.21850801222441,0.672498511963958,0.707106781186547));
#2017=DIRECTION('',(-0.309016994374948,-0.951056516295154,0.));
#2018=DIRECTION('',(0.309016994374947,0.951056516295154,0.));
#2019=DIRECTION('',(-0.951056516295154,0.309016994374947,0.));
#2020=DIRECTION('',(0.,0.,-1.));
#2021=DIRECTION('',(-0.951056516295154,0.309016994374947,0.));
#2022=DIRECTION('',(0.951056516295154,-0.309016994374948,0.));
#2023=DIRECTION('',(0.309016994374948,0.951056516295154,0.));
#2024=DIRECTION('',(-0.309016994374948,-0.951056516295154,0.));
#2025=DIRECTION('',(-0.21850801222441,-0.672498511963958,-0.707106781186547));
#2026=DIRECTION('',(0.,0.,1.));
#2027=DIRECTION('',(1.,0.,0.));
#2028=DIRECTION('',(0.951056516295154,-0.309016994374947,0.));
#2029=DIRECTION('',(-0.104528463267654,0.994521895368273,0.));
#2030=DIRECTION('',(-0.994521895368273,-0.104528463267654,0.));
#2031=DIRECTION('',(0.,0.,-1.));
#2032=DIRECTION('',(0.994521895368273,0.104528463267654,0.));
#2033=DIRECTION('',(0.,0.,-1.));
#2034=DIRECTION('',(0.994521895368273,0.104528463267653,0.));
#2035=DIRECTION('',(-0.104528463267653,0.994521895368273,0.));
#2036=DIRECTION('',(0.,0.,-1.));
#2037=DIRECTION('',(-0.0739127852035667,0.703233176253404,0.707106781186548));
#2038=DIRECTION('',(0.104528463267653,-0.994521895368273,0.));
#2039=DIRECTION('',(-0.104528463267654,0.994521895368273,0.));
#2040=DIRECTION('',(-0.994521895368273,-0.104528463267654,0.));
#2041=DIRECTION('',(0.,0.,-1.));
#2042=DIRECTION('',(-0.994521895368273,-0.104528463267654,0.));
#2043=DIRECTION('',(0.994521895368273,0.104528463267653,0.));
#2044=DIRECTION('',(-0.104528463267653,0.994521895368273,0.));
#2045=DIRECTION('',(0.104528463267653,-0.994521895368273,0.));
#2046=DIRECTION('',(0.0739127852035666,-0.703233176253404,-0.707106781186548));
#2047=DIRECTION('',(0.,0.,1.));
#2048=DIRECTION('',(1.,0.,0.));
#2049=DIRECTION('',(0.994521895368274,0.104528463267654,0.));
#2050=DIRECTION('',(-0.5,0.866025403784439,0.));
#2051=DIRECTION('',(-0.866025403784439,-0.5,0.));
#2052=DIRECTION('',(0.,0.,-1.));
#2053=DIRECTION('',(0.866025403784439,0.5,0.));
#2054=DIRECTION('',(0.,0.,-1.));
#2055=DIRECTION('',(0.866025403784439,0.5,0.));
#2056=DIRECTION('',(-0.5,0.866025403784439,0.));
#2057=DIRECTION('',(0.,0.,-1.));
#2058=DIRECTION('',(-0.353553390593274,0.612372435695794,0.707106781186548));
#2059=DIRECTION('',(0.5,-0.866025403784439,0.));
#2060=DIRECTION('',(-0.5,0.866025403784439,0.));
#2061=DIRECTION('',(-0.866025403784439,-0.5,0.));
#2062=DIRECTION('',(0.,0.,-1.));
#2063=DIRECTION('',(-0.866025403784439,-0.5,0.));
#2064=DIRECTION('',(0.866025403784439,0.5,0.));
#2065=DIRECTION('',(-0.5,0.866025403784439,0.));
#2066=DIRECTION('',(0.5,-0.866025403784439,0.));
#2067=DIRECTION('',(0.353553390593274,-0.612372435695794,-0.707106781186548));
#2068=DIRECTION('',(0.,0.,1.));
#2069=DIRECTION('',(1.,0.,0.));
#2070=DIRECTION('',(0.866025403784439,0.5,0.));
#2071=DIRECTION('',(-0.809016994374947,0.587785252292473,0.));
#2072=DIRECTION('',(-0.587785252292473,-0.809016994374948,0.));
#2073=DIRECTION('',(0.,0.,-1.));
#2074=DIRECTION('',(0.587785252292473,0.809016994374948,0.));
#2075=DIRECTION('',(0.,0.,-1.));
#2076=DIRECTION('',(0.587785252292473,0.809016994374947,0.));
#2077=DIRECTION('',(-0.809016994374948,0.587785252292473,0.));
#2078=DIRECTION('',(0.,0.,-1.));
#2079=DIRECTION('',(-0.572061402817684,0.415626937777453,0.707106781186548));
#2080=DIRECTION('',(0.809016994374948,-0.587785252292473,0.));
#2081=DIRECTION('',(-0.809016994374948,0.587785252292473,0.));
#2082=DIRECTION('',(-0.587785252292473,-0.809016994374948,0.));
#2083=DIRECTION('',(0.,0.,-1.));
#2084=DIRECTION('',(-0.587785252292473,-0.809016994374948,0.));
#2085=DIRECTION('',(0.587785252292473,0.809016994374947,0.));
#2086=DIRECTION('',(-0.809016994374947,0.587785252292473,0.));
#2087=DIRECTION('',(0.809016994374948,-0.587785252292473,0.));
#2088=DIRECTION('',(0.572061402817684,-0.415626937777453,-0.707106781186548));
#2089=DIRECTION('',(0.,0.,1.));
#2090=DIRECTION('',(1.,0.,0.));
#2091=DIRECTION('',(0.587785252292473,0.809016994374948,0.));
#2092=DIRECTION('',(-0.978147600733806,0.207911690817759,0.));
#2093=DIRECTION('',(-0.207911690817759,-0.978147600733806,0.));
#2094=DIRECTION('',(0.,0.,-1.));
#2095=DIRECTION('',(0.207911690817759,0.978147600733806,0.));
#2096=DIRECTION('',(0.,0.,-1.));
#2097=DIRECTION('',(0.207911690817759,0.978147600733806,0.));
#2098=DIRECTION('',(-0.978147600733806,0.207911690817759,0.));
#2099=DIRECTION('',(0.,0.,-1.));
#2100=DIRECTION('',(-0.691654801480225,0.147015766465199,0.707106781186548));
#2101=DIRECTION('',(0.978147600733806,-0.207911690817759,0.));
#2102=DIRECTION('',(-0.978147600733806,0.207911690817759,0.));
#2103=DIRECTION('',(-0.207911690817759,-0.978147600733806,0.));
#2104=DIRECTION('',(0.,0.,-1.));
#2105=DIRECTION('',(-0.207911690817759,-0.978147600733806,0.));
#2106=DIRECTION('',(0.20791169081776,0.978147600733806,0.));
#2107=DIRECTION('',(-0.978147600733806,0.20791169081776,0.));
#2108=DIRECTION('',(0.978147600733806,-0.20791169081776,0.));
#2109=DIRECTION('',(0.691654801480225,-0.147015766465199,-0.707106781186548));
#2110=DIRECTION('',(0.,0.,1.));
#2111=DIRECTION('',(1.,0.,0.));
#2112=DIRECTION('',(0.207911690817759,0.978147600733806,0.));
#2113=DIRECTION('',(-0.978147600733806,-0.207911690817759,0.));
#2114=DIRECTION('',(0.207911690817759,-0.978147600733806,0.));
#2115=DIRECTION('',(0.,0.,-1.));
#2116=DIRECTION('',(-0.207911690817759,0.978147600733806,0.));
#2117=DIRECTION('',(0.,0.,-1.));
#2118=DIRECTION('',(-0.207911690817759,0.978147600733806,0.));
#2119=DIRECTION('',(-0.978147600733806,-0.207911690817759,0.));
#2120=DIRECTION('',(0.,0.,-1.));
#2121=DIRECTION('',(-0.691654801480225,-0.147015766465198,0.707106781186548));
#2122=DIRECTION('',(0.978147600733806,0.207911690817759,0.));
#2123=DIRECTION('',(-0.978147600733806,-0.20791169081776,0.));
#2124=DIRECTION('',(0.20791169081776,-0.978147600733806,0.));
#2125=DIRECTION('',(0.,0.,-1.));
#2126=DIRECTION('',(0.20791169081776,-0.978147600733806,0.));
#2127=DIRECTION('',(-0.207911690817759,0.978147600733806,0.));
#2128=DIRECTION('',(-0.978147600733806,-0.207911690817759,0.));
#2129=DIRECTION('',(0.978147600733806,0.207911690817759,0.));
#2130=DIRECTION('',(0.691654801480225,0.147015766465198,-0.707106781186548));
#2131=DIRECTION('',(0.,0.,1.));
#2132=DIRECTION('',(1.,0.,0.));
#2133=DIRECTION('',(-0.20791169081776,0.978147600733806,0.));
#2134=DIRECTION('',(-0.809016994374947,-0.587785252292473,0.));
#2135=DIRECTION('',(0.587785252292473,-0.809016994374947,0.));
#2136=DIRECTION('',(0.,0.,-1.));
#2137=DIRECTION('',(-0.587785252292473,0.809016994374947,0.));
#2138=DIRECTION('',(0.,0.,-1.));
#2139=DIRECTION('',(-0.587785252292473,0.809016994374947,0.));
#2140=DIRECTION('',(-0.809016994374947,-0.587785252292473,0.));
#2141=DIRECTION('',(0.,0.,-1.));
#2142=DIRECTION('',(-0.572061402817685,-0.415626937777453,0.707106781186547));
#2143=DIRECTION('',(0.809016994374948,0.587785252292473,0.));
#2144=DIRECTION('',(-0.809016994374948,-0.587785252292473,0.));
#2145=DIRECTION('',(0.587785252292473,-0.809016994374948,0.));
#2146=DIRECTION('',(0.,0.,-1.));
#2147=DIRECTION('',(0.587785252292473,-0.809016994374948,0.));
#2148=DIRECTION('',(-0.587785252292473,0.809016994374948,0.));
#2149=DIRECTION('',(-0.809016994374948,-0.587785252292473,0.));
#2150=DIRECTION('',(0.809016994374948,0.587785252292473,0.));
#2151=DIRECTION('',(0.572061402817685,0.415626937777453,-0.707106781186547));
#2152=DIRECTION('',(0.,0.,1.));
#2153=DIRECTION('',(1.,0.,0.));
#2154=DIRECTION('',(-0.587785252292473,0.809016994374948,0.));
#2155=DIRECTION('',(-0.5,-0.866025403784439,0.));
#2156=DIRECTION('',(0.866025403784439,-0.5,0.));
#2157=DIRECTION('',(0.,0.,-1.));
#2158=DIRECTION('',(-0.866025403784439,0.5,0.));
#2159=DIRECTION('',(0.,0.,-1.));
#2160=DIRECTION('',(-0.866025403784439,0.5,0.));
#2161=DIRECTION('',(-0.5,-0.866025403784439,0.));
#2162=DIRECTION('',(0.,0.,-1.));
#2163=DIRECTION('',(-0.353553390593274,-0.612372435695795,0.707106781186548));
#2164=DIRECTION('',(0.5,0.866025403784439,0.));
#2165=DIRECTION('',(-0.5,-0.866025403784439,0.));
#2166=DIRECTION('',(0.866025403784439,-0.5,0.));
#2167=DIRECTION('',(0.,0.,-1.));
#2168=DIRECTION('',(0.866025403784439,-0.5,0.));
#2169=DIRECTION('',(-0.866025403784439,0.5,0.));
#2170=DIRECTION('',(-0.5,-0.866025403784439,0.));
#2171=DIRECTION('',(0.5,0.866025403784439,0.));
#2172=DIRECTION('',(0.353553390593274,0.612372435695795,-0.707106781186548));
#2173=DIRECTION('',(0.,0.,1.));
#2174=DIRECTION('',(1.,0.,0.));
#2175=DIRECTION('',(-0.866025403784438,0.5,0.));
#2176=DIRECTION('',(-0.104528463267654,-0.994521895368273,0.));
#2177=DIRECTION('',(0.994521895368273,-0.104528463267654,0.));
#2178=DIRECTION('',(0.,0.,-1.));
#2179=DIRECTION('',(-0.994521895368273,0.104528463267654,0.));
#2180=DIRECTION('',(0.,0.,-1.));
#2181=DIRECTION('',(-0.994521895368273,0.104528463267654,0.));
#2182=DIRECTION('',(-0.104528463267654,-0.994521895368273,0.));
#2183=DIRECTION('',(0.,0.,-1.));
#2184=DIRECTION('',(-0.0739127852035669,-0.703233176253404,0.707106781186548));
#2185=DIRECTION('',(0.104528463267654,0.994521895368273,0.));
#2186=DIRECTION('',(-0.104528463267654,-0.994521895368273,0.));
#2187=DIRECTION('',(0.994521895368273,-0.104528463267654,0.));
#2188=DIRECTION('',(0.,0.,-1.));
#2189=DIRECTION('',(0.994521895368273,-0.104528463267654,0.));
#2190=DIRECTION('',(-0.994521895368273,0.104528463267654,0.));
#2191=DIRECTION('',(-0.104528463267654,-0.994521895368273,0.));
#2192=DIRECTION('',(0.104528463267654,0.994521895368273,0.));
#2193=DIRECTION('',(0.073912785203567,0.703233176253404,-0.707106781186548));
#2194=DIRECTION('',(0.,0.,1.));
#2195=DIRECTION('',(1.,0.,0.));
#2196=DIRECTION('',(-0.994521895368273,0.104528463267654,0.));
#2197=DIRECTION('',(0.309016994374948,-0.951056516295154,0.));
#2198=DIRECTION('',(0.951056516295154,0.309016994374948,0.));
#2199=DIRECTION('',(0.,0.,-1.));
#2200=DIRECTION('',(-0.951056516295154,-0.309016994374948,0.));
#2201=DIRECTION('',(0.,0.,-1.));
#2202=DIRECTION('',(-0.951056516295154,-0.309016994374948,0.));
#2203=DIRECTION('',(0.309016994374948,-0.951056516295154,0.));
#2204=DIRECTION('',(0.,0.,-1.));
#2205=DIRECTION('',(0.21850801222441,-0.672498511963957,0.707106781186548));
#2206=DIRECTION('',(-0.309016994374948,0.951056516295154,0.));
#2207=DIRECTION('',(0.309016994374948,-0.951056516295154,0.));
#2208=DIRECTION('',(0.951056516295154,0.309016994374948,0.));
#2209=DIRECTION('',(0.,0.,-1.));
#2210=DIRECTION('',(0.951056516295154,0.309016994374948,0.));
#2211=DIRECTION('',(-0.951056516295154,-0.309016994374948,0.));
#2212=DIRECTION('',(0.309016994374948,-0.951056516295154,0.));
#2213=DIRECTION('',(-0.309016994374948,0.951056516295154,0.));
#2214=DIRECTION('',(-0.21850801222441,0.672498511963957,-0.707106781186548));
#2215=DIRECTION('',(0.,0.,1.));
#2216=DIRECTION('',(1.,0.,0.));
#2217=DIRECTION('',(-0.951056516295154,-0.309016994374948,0.));
#2218=DIRECTION('',(0.669130606358858,-0.743144825477395,0.));
#2219=DIRECTION('',(0.743144825477395,0.669130606358858,0.));
#2220=DIRECTION('',(0.,0.,-1.));
#2221=DIRECTION('',(-0.743144825477395,-0.669130606358858,0.));
#2222=DIRECTION('',(0.,0.,-1.));
#2223=DIRECTION('',(-0.743144825477395,-0.669130606358858,0.));
#2224=DIRECTION('',(0.669130606358858,-0.743144825477395,0.));
#2225=DIRECTION('',(0.,0.,-1.));
#2226=DIRECTION('',(0.473146789255814,-0.525482745498759,0.707106781186548));
#2227=DIRECTION('',(-0.669130606358858,0.743144825477395,0.));
#2228=DIRECTION('',(0.669130606358858,-0.743144825477395,0.));
#2229=DIRECTION('',(0.743144825477395,0.669130606358858,0.));
#2230=DIRECTION('',(0.,0.,-1.));
#2231=DIRECTION('',(0.743144825477395,0.669130606358858,0.));
#2232=DIRECTION('',(-0.743144825477395,-0.669130606358858,0.));
#2233=DIRECTION('',(0.669130606358858,-0.743144825477395,0.));
#2234=DIRECTION('',(-0.669130606358858,0.743144825477395,0.));
#2235=DIRECTION('',(-0.473146789255815,0.525482745498759,-0.707106781186548));
#2236=DIRECTION('',(0.,0.,1.));
#2237=DIRECTION('',(1.,0.,0.));
#2238=DIRECTION('',(-0.743144825477395,-0.669130606358858,0.));
#2239=DIRECTION('',(0.913545457642601,-0.406736643075801,0.));
#2240=DIRECTION('',(0.406736643075801,0.913545457642601,0.));
#2241=DIRECTION('',(0.,0.,-1.));
#2242=DIRECTION('',(-0.406736643075801,-0.913545457642601,0.));
#2243=DIRECTION('',(0.,0.,-1.));
#2244=DIRECTION('',(-0.406736643075801,-0.913545457642601,0.));
#2245=DIRECTION('',(0.913545457642601,-0.406736643075801,0.));
#2246=DIRECTION('',(0.,0.,-1.));
#2247=DIRECTION('',(0.645974188021251,-0.287606238475951,0.707106781186548));
#2248=DIRECTION('',(-0.913545457642601,0.406736643075801,0.));
#2249=DIRECTION('',(0.913545457642601,-0.4067366430758,0.));
#2250=DIRECTION('',(0.4067366430758,0.913545457642601,0.));
#2251=DIRECTION('',(0.,0.,-1.));
#2252=DIRECTION('',(0.4067366430758,0.913545457642601,0.));
#2253=DIRECTION('',(-0.406736643075801,-0.913545457642601,0.));
#2254=DIRECTION('',(0.913545457642601,-0.406736643075801,0.));
#2255=DIRECTION('',(-0.913545457642601,0.406736643075801,0.));
#2256=DIRECTION('',(-0.645974188021251,0.287606238475952,-0.707106781186548));
#2257=DIRECTION('',(0.,0.,1.));
#2258=DIRECTION('',(1.,0.,0.));
#2259=DIRECTION('',(-0.4067366430758,-0.913545457642601,0.));
#2260=DIRECTION('',(1.,0.,0.));
#2261=DIRECTION('',(0.,0.,-1.));
#2262=DIRECTION('',(0.,0.,-1.));
#2263=DIRECTION('',(0.,-1.,0.));
#2264=DIRECTION('',(0.,0.,-1.));
#2265=DIRECTION('',(-1.7347234759768E-16,-1.,0.));
#2266=DIRECTION('',(1.,-1.7347234759768E-16,0.));
#2267=DIRECTION('',(0.,0.,-1.));
#2268=DIRECTION('',(0.707106781186547,-1.2266347333467E-16,0.707106781186548));
#2269=DIRECTION('',(-1.,1.7347234759768E-16,0.));
#2270=DIRECTION('',(1.,0.,0.));
#2271=DIRECTION('',(0.,0.,-1.));
#2272=DIRECTION('',(0.,0.,-1.));
#2273=DIRECTION('',(0.,1.,0.));
#2274=DIRECTION('',(-1.73472347597681E-16,-1.,0.));
#2275=DIRECTION('',(1.,-1.73472347597681E-16,0.));
#2276=DIRECTION('',(-1.,1.73472347597681E-16,0.));
#2277=DIRECTION('',(-0.707106781186547,1.2266347333467E-16,-0.707106781186548));
#2278=DIRECTION('',(0.,0.,1.));
#2279=DIRECTION('',(1.,0.,0.));
#2280=DIRECTION('',(0.,-1.,0.));
#2281=DIRECTION('',(0.913545457642601,0.4067366430758,0.));
#2282=DIRECTION('',(-0.4067366430758,0.913545457642601,0.));
#2283=DIRECTION('',(0.,0.,-1.));
#2284=DIRECTION('',(0.4067366430758,-0.913545457642601,0.));
#2285=DIRECTION('',(0.,0.,-1.));
#2286=DIRECTION('',(0.406736643075799,-0.913545457642601,0.));
#2287=DIRECTION('',(0.913545457642601,0.406736643075799,0.));
#2288=DIRECTION('',(0.,0.,-1.));
#2289=DIRECTION('',(0.645974188021251,0.28760623847595,0.707106781186548));
#2290=DIRECTION('',(-0.913545457642601,-0.406736643075799,0.));
#2291=DIRECTION('',(0.913545457642601,0.406736643075799,0.));
#2292=DIRECTION('',(-0.406736643075799,0.913545457642601,0.));
#2293=DIRECTION('',(0.,0.,-1.));
#2294=DIRECTION('',(-0.406736643075799,0.913545457642601,0.));
#2295=DIRECTION('',(0.4067366430758,-0.913545457642601,0.));
#2296=DIRECTION('',(0.913545457642601,0.4067366430758,0.));
#2297=DIRECTION('',(-0.913545457642601,-0.4067366430758,0.));
#2298=DIRECTION('',(-0.645974188021251,-0.287606238475951,-0.707106781186548));
#2299=DIRECTION('',(0.,0.,1.));
#2300=DIRECTION('',(1.,0.,0.));
#2301=DIRECTION('',(0.4067366430758,-0.913545457642601,0.));
#2302=DIRECTION('',(0.669130606358858,0.743144825477395,0.));
#2303=DIRECTION('',(-0.743144825477395,0.669130606358858,0.));
#2304=DIRECTION('',(0.,0.,-1.));
#2305=DIRECTION('',(0.743144825477395,-0.669130606358858,0.));
#2306=DIRECTION('',(0.,0.,-1.));
#2307=DIRECTION('',(0.743144825477394,-0.669130606358858,0.));
#2308=DIRECTION('',(0.669130606358858,0.743144825477394,0.));
#2309=DIRECTION('',(0.,0.,-1.));
#2310=DIRECTION('',(0.473146789255815,0.525482745498759,0.707106781186548));
#2311=DIRECTION('',(-0.669130606358858,-0.743144825477394,0.));
#2312=DIRECTION('',(0.669130606358858,0.743144825477394,0.));
#2313=DIRECTION('',(-0.743144825477394,0.669130606358858,0.));
#2314=DIRECTION('',(0.,0.,-1.));
#2315=DIRECTION('',(-0.743144825477394,0.669130606358858,0.));
#2316=DIRECTION('',(0.743144825477394,-0.669130606358859,0.));
#2317=DIRECTION('',(0.669130606358859,0.743144825477394,0.));
#2318=DIRECTION('',(-0.669130606358859,-0.743144825477394,0.));
#2319=DIRECTION('',(-0.473146789255815,-0.525482745498758,-0.707106781186548));
#2320=DIRECTION('',(0.,0.,1.));
#2321=DIRECTION('',(1.,0.,0.));
#2322=DIRECTION('',(0.743144825477394,-0.669130606358858,0.));
#2323=DIRECTION('',(-0.473146789255815,-0.525482745498759,0.707106781186547));
#2324=DIRECTION('',(-0.743144825477394,0.669130606358858,0.));
#2325=DIRECTION('',(-0.645974188021252,-0.287606238475951,0.707106781186547));
#2326=DIRECTION('',(-0.406736643075799,0.913545457642601,0.));
#2327=DIRECTION('',(-0.707106781186548,0.,0.707106781186547));
#2328=DIRECTION('',(0.,1.,0.));
#2329=DIRECTION('',(-0.645974188021251,0.287606238475951,0.707106781186547));
#2330=DIRECTION('',(0.4067366430758,0.913545457642601,0.));
#2331=DIRECTION('',(-0.473146789255815,0.525482745498759,0.707106781186547));
#2332=DIRECTION('',(0.743144825477395,0.669130606358858,0.));
#2333=DIRECTION('',(-0.21850801222441,0.672498511963957,0.707106781186548));
#2334=DIRECTION('',(0.951056516295154,0.309016994374948,0.));
#2335=DIRECTION('',(0.0739127852035669,0.703233176253405,0.707106781186547));
#2336=DIRECTION('',(0.994521895368273,-0.104528463267654,0.));
#2337=DIRECTION('',(0.353553390593274,0.612372435695795,0.707106781186548));
#2338=DIRECTION('',(0.866025403784439,-0.5,0.));
#2339=DIRECTION('',(0.572061402817684,0.415626937777453,0.707106781186548));
#2340=DIRECTION('',(0.587785252292473,-0.809016994374948,0.));
#2341=DIRECTION('',(0.691654801480226,0.147015766465199,0.707106781186547));
#2342=DIRECTION('',(0.20791169081776,-0.978147600733806,0.));
#2343=DIRECTION('',(0.691654801480226,-0.147015766465198,0.707106781186547));
#2344=DIRECTION('',(-0.207911690817759,-0.978147600733806,0.));
#2345=DIRECTION('',(0.572061402817685,-0.415626937777453,0.707106781186547));
#2346=DIRECTION('',(-0.587785252292473,-0.809016994374948,0.));
#2347=DIRECTION('',(0.353553390593274,-0.612372435695795,0.707106781186547));
#2348=DIRECTION('',(-0.866025403784439,-0.5,0.));
#2349=DIRECTION('',(0.0739127852035668,-0.703233176253405,0.707106781186547));
#2350=DIRECTION('',(-0.994521895368273,-0.104528463267654,0.));
#2351=DIRECTION('',(-0.21850801222441,-0.672498511963957,0.707106781186548));
#2352=DIRECTION('',(-0.951056516295154,0.309016994374947,0.));
#2353=DIRECTION('',(-1.,0.,0.));
#2354=DIRECTION('',(0.,0.,1.));
#2355=DIRECTION('',(0.,0.,1.));
#2356=DIRECTION('',(0.,0.,1.));
#2357=DIRECTION('',(1.66800334228539E-16,1.,0.));
#2358=DIRECTION('',(-1.,1.66800334228539E-16,0.));
#2359=DIRECTION('',(0.,0.,1.));
#2360=DIRECTION('',(1.66800334228539E-16,1.,0.));
#2361=DIRECTION('',(-1.,1.66800334228539E-16,0.));
#2362=DIRECTION('',(0.,0.,1.));
#2363=DIRECTION('',(-1.,0.,0.));
#2364=DIRECTION('',(0.,0.,1.));
#2365=DIRECTION('',(0.,0.,1.));
#2366=DIRECTION('',(1.,0.,0.));
#2367=CARTESIAN_POINT('',(0.,0.,0.));
#2368=CARTESIAN_POINT('',(0.,0.,0.395));
#2369=CARTESIAN_POINT('',(-0.0629110664860351,-2.60208521396521E-18,0.395));
#2370=CARTESIAN_POINT('',(-0.0629110664860351,0.0052,0.395));
#2371=CARTESIAN_POINT('',(-0.0629110664860351,-0.0052,0.395));
#2372=CARTESIAN_POINT('',(-0.0577110664860351,0.0052,0.395));
#2373=CARTESIAN_POINT('',(-0.0525110664860351,0.0052,0.395));
#2374=CARTESIAN_POINT('',(-0.0525110664860351,-4.33680868994202E-18,0.395));
#2375=CARTESIAN_POINT('',(-0.0525110664860351,-0.0052,0.395));
#2376=CARTESIAN_POINT('',(-0.0577110664860351,-0.0052,0.395));
#2377=CARTESIAN_POINT('',(0.,1.03128813024908E-17,0.395));
#2378=CARTESIAN_POINT('',(0.0467110664860351,1.03128813024908E-17,0.395));
#2379=CARTESIAN_POINT('',(0.0130784177262115,0.0564315708157613,0.395));
#2380=CARTESIAN_POINT('',(0.0146235026980863,0.061186853397237,0.395));
#2381=CARTESIAN_POINT('',(0.0115333327543368,0.0516762882342855,0.395));
#2382=CARTESIAN_POINT('',(0.019378785279562,0.0596417684253623,0.395));
#2383=CARTESIAN_POINT('',(0.0241340678610378,0.0580966834534876,0.395));
#2384=CARTESIAN_POINT('',(0.0225889828891631,0.0533414008720118,0.395));
#2385=CARTESIAN_POINT('',(0.0210438979172884,0.048586118290536,0.395));
#2386=CARTESIAN_POINT('',(0.0162886153358126,0.0501312032624108,0.395));
#2387=CARTESIAN_POINT('',(-0.011005058570164,0.0568722769090778,0.395));
#2388=CARTESIAN_POINT('',(-0.0115277008865023,0.0618448863859192,0.395));
#2389=CARTESIAN_POINT('',(-0.0104824162538257,0.0518996674322364,0.395));
#2390=CARTESIAN_POINT('',(-0.00655509140966088,0.0623675287022574,0.395));
#2391=CARTESIAN_POINT('',(-0.00158248193281952,0.0628901710185957,0.395));
#2392=CARTESIAN_POINT('',(-0.00105983961648126,0.0579175615417543,0.395));
#2393=CARTESIAN_POINT('',(-0.000537197300142997,0.052944952064913,0.395));
#2394=CARTESIAN_POINT('',(-0.00550980677698437,0.0524223097485747,0.395));
#2395=CARTESIAN_POINT('',(-0.0331856602619398,0.0474792496563991,0.395));
#2396=CARTESIAN_POINT('',(-0.0356856602619397,0.0518093766753213,0.395));
#2397=CARTESIAN_POINT('',(-0.0306856602619397,0.043149122637477,0.395));
#2398=CARTESIAN_POINT('',(-0.0313555332430175,0.0543093766753213,0.395));
#2399=CARTESIAN_POINT('',(-0.0270254062240954,0.0568093766753213,0.395));
#2400=CARTESIAN_POINT('',(-0.0245254062240953,0.0524792496563991,0.395));
#2401=CARTESIAN_POINT('',(-0.0220254062240954,0.0481491226374769,0.395));
#2402=CARTESIAN_POINT('',(-0.0263555332430176,0.0456491226374769,0.395));
#2403=CARTESIAN_POINT('',(-0.0496281598121672,0.0298766288026871,0.395));
#2404=CARTESIAN_POINT('',(-0.053673244784042,0.0328155550641495,0.395));
#2405=CARTESIAN_POINT('',(-0.0455830748402925,0.0269377025412247,0.395));
#2406=CARTESIAN_POINT('',(-0.0507343185225796,0.0368606400360242,0.395));
#2407=CARTESIAN_POINT('',(-0.0477953922611172,0.0409057250078989,0.395));
#2408=CARTESIAN_POINT('',(-0.0437503072892425,0.0379667987464365,0.395));
#2409=CARTESIAN_POINT('',(-0.0397052223173678,0.0350278724849742,0.395));
#2410=CARTESIAN_POINT('',(-0.0426441485788302,0.0309827875130995,0.395));
#2411=CARTESIAN_POINT('',(-0.0574894996731932,0.00710806740833867,0.395));
#2412=CARTESIAN_POINT('',(-0.0623802376768622,0.00814762586242747,0.395));
#2413=CARTESIAN_POINT('',(-0.0525987616695241,0.00606850895424987,0.395));
#2414=CARTESIAN_POINT('',(-0.0613406792227734,0.0130383638660965,0.395));
#2415=CARTESIAN_POINT('',(-0.0603011207686846,0.0179291018697655,0.395));
#2416=CARTESIAN_POINT('',(-0.0554103827650156,0.0168895434156767,0.395));
#2417=CARTESIAN_POINT('',(-0.0505196447613465,0.0158499849615879,0.395));
#2418=CARTESIAN_POINT('',(-0.0515592032154353,0.0109592469579189,0.395));
#2419=CARTESIAN_POINT('',(-0.0554103827650156,-0.0168895434156767,0.395));
#2420=CARTESIAN_POINT('',(-0.0603011207686846,-0.0179291018697655,0.395));
#2421=CARTESIAN_POINT('',(-0.0505196447613465,-0.0158499849615879,0.395));
#2422=CARTESIAN_POINT('',(-0.0613406792227734,-0.0130383638660964,0.395));
#2423=CARTESIAN_POINT('',(-0.0623802376768622,-0.00814762586242743,0.395));
#2424=CARTESIAN_POINT('',(-0.0574894996731932,-0.00710806740833863,0.395));
#2425=CARTESIAN_POINT('',(-0.0525987616695241,-0.00606850895424984,0.395));
#2426=CARTESIAN_POINT('',(-0.0515592032154353,-0.0109592469579189,0.395));
#2427=CARTESIAN_POINT('',(-0.0437503072892425,-0.0379667987464365,0.395));
#2428=CARTESIAN_POINT('',(-0.0477953922611172,-0.0409057250078989,0.395));
#2429=CARTESIAN_POINT('',(-0.0397052223173678,-0.0350278724849742,0.395));
#2430=CARTESIAN_POINT('',(-0.0507343185225796,-0.0368606400360241,0.395));
#2431=CARTESIAN_POINT('',(-0.053673244784042,-0.0328155550641495,0.395));
#2432=CARTESIAN_POINT('',(-0.0496281598121672,-0.029876628802687,0.395));
#2433=CARTESIAN_POINT('',(-0.0455830748402925,-0.0269377025412247,0.395));
#2434=CARTESIAN_POINT('',(-0.0426441485788302,-0.0309827875130994,0.395));
#2435=CARTESIAN_POINT('',(-0.0245254062240953,-0.0524792496563991,0.395));
#2436=CARTESIAN_POINT('',(-0.0270254062240954,-0.0568093766753213,0.395));
#2437=CARTESIAN_POINT('',(-0.0220254062240954,-0.0481491226374769,0.395));
#2438=CARTESIAN_POINT('',(-0.0313555332430175,-0.0543093766753213,0.395));
#2439=CARTESIAN_POINT('',(-0.0356856602619397,-0.0518093766753213,0.395));
#2440=CARTESIAN_POINT('',(-0.0331856602619398,-0.0474792496563991,0.395));
#2441=CARTESIAN_POINT('',(-0.0306856602619397,-0.0431491226374769,0.395));
#2442=CARTESIAN_POINT('',(-0.0263555332430176,-0.0456491226374769,0.395));
#2443=CARTESIAN_POINT('',(-0.00105983961648127,-0.0579175615417543,0.395));
#2444=CARTESIAN_POINT('',(-0.00158248193281954,-0.0628901710185957,0.395));
#2445=CARTESIAN_POINT('',(-0.000537197300143003,-0.052944952064913,0.395));
#2446=CARTESIAN_POINT('',(-0.00655509140966092,-0.0623675287022574,0.395));
#2447=CARTESIAN_POINT('',(-0.0115277008865023,-0.0618448863859191,0.395));
#2448=CARTESIAN_POINT('',(-0.011005058570164,-0.0568722769090778,0.395));
#2449=CARTESIAN_POINT('',(-0.0104824162538257,-0.0518996674322364,0.395));
#2450=CARTESIAN_POINT('',(-0.00550980677698437,-0.0524223097485747,0.395));
#2451=CARTESIAN_POINT('',(0.0225889828891631,-0.0533414008720118,0.395));
#2452=CARTESIAN_POINT('',(0.0241340678610378,-0.0580966834534876,0.395));
#2453=CARTESIAN_POINT('',(0.0210438979172884,-0.048586118290536,0.395));
#2454=CARTESIAN_POINT('',(0.019378785279562,-0.0596417684253623,0.395));
#2455=CARTESIAN_POINT('',(0.0146235026980863,-0.061186853397237,0.395));
#2456=CARTESIAN_POINT('',(0.0130784177262115,-0.0564315708157613,0.395));
#2457=CARTESIAN_POINT('',(0.0115333327543368,-0.0516762882342855,0.395));
#2458=CARTESIAN_POINT('',(0.0162886153358125,-0.0501312032624108,0.395));
#2459=CARTESIAN_POINT('',(0.042331965038804,-0.0395420274000845,0.395));
#2460=CARTESIAN_POINT('',(0.0456776180705983,-0.0432577515274715,0.395));
#2461=CARTESIAN_POINT('',(0.0389863120070097,-0.0358263032726976,0.395));
#2462=CARTESIAN_POINT('',(0.0419618939432113,-0.0466034045592658,0.395));
#2463=CARTESIAN_POINT('',(0.0382461698158243,-0.0499490575910601,0.395));
#2464=CARTESIAN_POINT('',(0.03490051678403,-0.0462333334636731,0.395));
#2465=CARTESIAN_POINT('',(0.0315548637522357,-0.0425176093362862,0.395));
#2466=CARTESIAN_POINT('',(0.0352705878796227,-0.0391719563044919,0.395));
#2467=CARTESIAN_POINT('',(0.0547553658594065,-0.0189054781626412,0.395));
#2468=CARTESIAN_POINT('',(0.0593230931476195,-0.0209391613780203,0.395));
#2469=CARTESIAN_POINT('',(0.0501876385711935,-0.0168717949472623,0.395));
#2470=CARTESIAN_POINT('',(0.0572894099322405,-0.0255068886662333,0.395));
#2471=CARTESIAN_POINT('',(0.0552557267168615,-0.0300746159544463,0.395));
#2472=CARTESIAN_POINT('',(0.0506879994286485,-0.0280409327390672,0.395));
#2473=CARTESIAN_POINT('',(0.0461202721404355,-0.0260072495236882,0.395));
#2474=CARTESIAN_POINT('',(0.0481539553558145,-0.0214395222354752,0.395));
#2475=CARTESIAN_POINT('',(0.0577110664860351,0.005,0.395));
#2476=CARTESIAN_POINT('',(0.0627110664860351,0.005,0.395));
#2477=CARTESIAN_POINT('',(0.0527110664860351,0.005,0.395));
#2478=CARTESIAN_POINT('',(0.0627110664860351,-2.60208521396521E-18,0.395));
#2479=CARTESIAN_POINT('',(0.0627110664860351,-0.005,0.395));
#2480=CARTESIAN_POINT('',(0.0577110664860351,-0.005,0.395));
#2481=CARTESIAN_POINT('',(0.0527110664860351,-0.005,0.395));
#2482=CARTESIAN_POINT('',(0.0527110664860351,1.7347234759768E-18,0.395));
#2483=CARTESIAN_POINT('',(0.0506879994286485,0.0280409327390672,0.395));
#2484=CARTESIAN_POINT('',(0.0552557267168615,0.0300746159544462,0.395));
#2485=CARTESIAN_POINT('',(0.0461202721404355,0.0260072495236882,0.395));
#2486=CARTESIAN_POINT('',(0.0572894099322405,0.0255068886662332,0.395));
#2487=CARTESIAN_POINT('',(0.0593230931476195,0.0209391613780202,0.395));
#2488=CARTESIAN_POINT('',(0.0547553658594065,0.0189054781626412,0.395));
#2489=CARTESIAN_POINT('',(0.0501876385711935,0.0168717949472622,0.395));
#2490=CARTESIAN_POINT('',(0.0481539553558145,0.0214395222354752,0.395));
#2491=CARTESIAN_POINT('',(0.03490051678403,0.0462333334636731,0.395));
#2492=CARTESIAN_POINT('',(0.0382461698158243,0.0499490575910601,0.395));
#2493=CARTESIAN_POINT('',(0.0315548637522358,0.0425176093362861,0.395));
#2494=CARTESIAN_POINT('',(0.0419618939432113,0.0466034045592658,0.395));
#2495=CARTESIAN_POINT('',(0.0456776180705983,0.0432577515274715,0.395));
#2496=CARTESIAN_POINT('',(0.042331965038804,0.0395420274000845,0.395));
#2497=CARTESIAN_POINT('',(0.0389863120070097,0.0358263032726976,0.395));
#2498=CARTESIAN_POINT('',(0.0352705878796228,0.0391719563044919,0.395));
#2499=CARTESIAN_POINT('',(-1.49186218934005E-16,2.393918396848E-16,0.395));
#2500=CARTESIAN_POINT('',(0.0707110664860349,2.393918396848E-16,0.395));
#2501=CARTESIAN_POINT('',(0.,0.,0.39));
#2502=CARTESIAN_POINT('',(-0.0577110664860351,0.0052,0.39));
#2503=CARTESIAN_POINT('',(-0.0629110664860351,0.0052,0.39));
#2504=CARTESIAN_POINT('',(-0.0525110664860351,0.0052,0.39));
#2505=CARTESIAN_POINT('',(-0.0629110664860351,-2.60208521396521E-18,0.39));
#2506=CARTESIAN_POINT('',(-0.0629110664860351,-0.0052,0.39));
#2507=CARTESIAN_POINT('',(-0.0577110664860351,-0.0052,0.39));
#2508=CARTESIAN_POINT('',(-0.0525110664860351,-0.0052,0.39));
#2509=CARTESIAN_POINT('',(-0.0525110664860351,-4.33680868994202E-18,0.39));
#2510=CARTESIAN_POINT('',(0.,1.03128813024908E-17,0.39));
#2511=CARTESIAN_POINT('',(0.0467110664860351,1.03128813024908E-17,0.39));
#2512=CARTESIAN_POINT('',(-1.49186218934005E-16,2.393918396848E-16,0.39));
#2513=CARTESIAN_POINT('',(0.0707110664860349,2.393918396848E-16,0.39));
#2514=CARTESIAN_POINT('',(0.,1.03128813024908E-17,0.389998));
#2515=CARTESIAN_POINT('',(0.019378785279562,0.0596417684253623,0.405));
#2516=CARTESIAN_POINT('',(0.0146235026980863,0.061186853397237,0.405));
#2517=CARTESIAN_POINT('',(0.0146235026980863,0.061186853397237,0.405));
#2518=CARTESIAN_POINT('',(0.019378785279562,0.0596417684253623,0.405));
#2519=CARTESIAN_POINT('',(0.0241340678610378,0.0580966834534876,0.405));
#2520=CARTESIAN_POINT('',(0.0241340678610378,0.0580966834534876,0.405));
#2521=CARTESIAN_POINT('',(0.0130784177262115,0.0564315708157613,0.405));
#2522=CARTESIAN_POINT('',(0.0115333327543368,0.0516762882342855,0.405));
#2523=CARTESIAN_POINT('',(0.0115333327543368,0.0516762882342855,0.397));
#2524=CARTESIAN_POINT('',(0.0140054687093364,0.0592847403646467,0.405));
#2525=CARTESIAN_POINT('',(0.0140054687093364,0.0592847403646467,0.405));
#2526=CARTESIAN_POINT('',(0.0130784177262115,0.0564315708157613,0.405));
#2527=CARTESIAN_POINT('',(0.0162886153358126,0.0501312032624108,0.405));
#2528=CARTESIAN_POINT('',(0.0210438979172884,0.048586118290536,0.405));
#2529=CARTESIAN_POINT('',(0.0210438979172884,0.048586118290536,0.397));
#2530=CARTESIAN_POINT('',(0.0115333327543368,0.0516762882342855,0.397));
#2531=CARTESIAN_POINT('',(0.0225889828891631,0.0533414008720118,0.405));
#2532=CARTESIAN_POINT('',(0.0225889828891631,0.0533414008720118,0.405));
#2533=CARTESIAN_POINT('',(0.0235160338722879,0.0561945704208973,0.405));
#2534=CARTESIAN_POINT('',(0.0230525083807255,0.0547679856464545,0.4035));
#2535=CARTESIAN_POINT('',(0.,1.38777878078145E-17,0.405));
#2536=CARTESIAN_POINT('',(0.0235160338722879,0.0561945704208973,0.405));
#2537=CARTESIAN_POINT('',(-0.00655509140966088,0.0623675287022574,0.405));
#2538=CARTESIAN_POINT('',(-0.0115277008865023,0.0618448863859192,0.405));
#2539=CARTESIAN_POINT('',(-0.0115277008865023,0.0618448863859192,0.405));
#2540=CARTESIAN_POINT('',(-0.00655509140966088,0.0623675287022574,0.405));
#2541=CARTESIAN_POINT('',(-0.00158248193281952,0.0628901710185957,0.405));
#2542=CARTESIAN_POINT('',(-0.00158248193281952,0.0628901710185957,0.405));
#2543=CARTESIAN_POINT('',(-0.011005058570164,0.0568722769090778,0.405));
#2544=CARTESIAN_POINT('',(-0.0104824162538257,0.0518996674322364,0.405));
#2545=CARTESIAN_POINT('',(-0.0104824162538257,0.0518996674322364,0.397));
#2546=CARTESIAN_POINT('',(-0.0113186439599669,0.0598558425951826,0.405));
#2547=CARTESIAN_POINT('',(-0.0113186439599669,0.0598558425951826,0.405));
#2548=CARTESIAN_POINT('',(-0.011005058570164,0.0568722769090778,0.405));
#2549=CARTESIAN_POINT('',(-0.00550980677698437,0.0524223097485747,0.405));
#2550=CARTESIAN_POINT('',(-0.000537197300142997,0.052944952064913,0.405));
#2551=CARTESIAN_POINT('',(-0.000537197300142997,0.052944952064913,0.397));
#2552=CARTESIAN_POINT('',(-0.0104824162538257,0.0518996674322364,0.397));
#2553=CARTESIAN_POINT('',(-0.00105983961648126,0.0579175615417543,0.405));
#2554=CARTESIAN_POINT('',(-0.00105983961648126,0.0579175615417543,0.405));
#2555=CARTESIAN_POINT('',(-0.00137342500628421,0.0609011272278591,0.405));
#2556=CARTESIAN_POINT('',(-0.00121663231138274,0.0594093443848067,0.4035));
#2557=CARTESIAN_POINT('',(0.,1.38777878078145E-17,0.405));
#2558=CARTESIAN_POINT('',(-0.00137342500628422,0.0609011272278591,0.405));
#2559=CARTESIAN_POINT('',(-0.0313555332430175,0.0543093766753213,0.405));
#2560=CARTESIAN_POINT('',(-0.0356856602619397,0.0518093766753213,0.405));
#2561=CARTESIAN_POINT('',(-0.0356856602619397,0.0518093766753213,0.405));
#2562=CARTESIAN_POINT('',(-0.0313555332430175,0.0543093766753213,0.405));
#2563=CARTESIAN_POINT('',(-0.0270254062240954,0.0568093766753213,0.405));
#2564=CARTESIAN_POINT('',(-0.0270254062240954,0.0568093766753213,0.405));
#2565=CARTESIAN_POINT('',(-0.0331856602619398,0.0474792496563991,0.405));
#2566=CARTESIAN_POINT('',(-0.0306856602619397,0.043149122637477,0.405));
#2567=CARTESIAN_POINT('',(-0.0306856602619397,0.043149122637477,0.397));
#2568=CARTESIAN_POINT('',(-0.0346856602619398,0.0500773258677525,0.405));
#2569=CARTESIAN_POINT('',(-0.0346856602619398,0.0500773258677525,0.405));
#2570=CARTESIAN_POINT('',(-0.0331856602619398,0.0474792496563991,0.405));
#2571=CARTESIAN_POINT('',(-0.0263555332430176,0.0456491226374769,0.405));
#2572=CARTESIAN_POINT('',(-0.0220254062240954,0.0481491226374769,0.405));
#2573=CARTESIAN_POINT('',(-0.0220254062240954,0.0481491226374769,0.397));
#2574=CARTESIAN_POINT('',(-0.0306856602619397,0.043149122637477,0.397));
#2575=CARTESIAN_POINT('',(-0.0245254062240953,0.0524792496563991,0.405));
#2576=CARTESIAN_POINT('',(-0.0245254062240953,0.0524792496563991,0.405));
#2577=CARTESIAN_POINT('',(-0.0260254062240954,0.0550773258677525,0.405));
#2578=CARTESIAN_POINT('',(-0.0252754062240954,0.0537782877620758,0.4035));
#2579=CARTESIAN_POINT('',(0.,1.38777878078145E-17,0.405));
#2580=CARTESIAN_POINT('',(-0.0260254062240954,0.0550773258677525,0.405));
#2581=CARTESIAN_POINT('',(-0.0507343185225796,0.0368606400360242,0.405));
#2582=CARTESIAN_POINT('',(-0.053673244784042,0.0328155550641495,0.405));
#2583=CARTESIAN_POINT('',(-0.053673244784042,0.0328155550641495,0.405));
#2584=CARTESIAN_POINT('',(-0.0507343185225796,0.0368606400360242,0.405));
#2585=CARTESIAN_POINT('',(-0.0477953922611172,0.0409057250078989,0.405));
#2586=CARTESIAN_POINT('',(-0.0477953922611172,0.0409057250078989,0.405));
#2587=CARTESIAN_POINT('',(-0.0496281598121672,0.0298766288026871,0.405));
#2588=CARTESIAN_POINT('',(-0.0455830748402925,0.0269377025412247,0.405));
#2589=CARTESIAN_POINT('',(-0.0455830748402925,0.0269377025412247,0.397));
#2590=CARTESIAN_POINT('',(-0.0520552107952921,0.0316399845595645,0.405));
#2591=CARTESIAN_POINT('',(-0.0520552107952921,0.0316399845595645,0.405));
#2592=CARTESIAN_POINT('',(-0.0496281598121672,0.0298766288026871,0.405));
#2593=CARTESIAN_POINT('',(-0.0426441485788302,0.0309827875130995,0.405));
#2594=CARTESIAN_POINT('',(-0.0397052223173678,0.0350278724849742,0.405));
#2595=CARTESIAN_POINT('',(-0.0397052223173678,0.0350278724849742,0.397));
#2596=CARTESIAN_POINT('',(-0.0455830748402925,0.0269377025412247,0.397));
#2597=CARTESIAN_POINT('',(-0.0437503072892425,0.0379667987464365,0.405));
#2598=CARTESIAN_POINT('',(-0.0437503072892425,0.0379667987464365,0.405));
#2599=CARTESIAN_POINT('',(-0.0461773582723674,0.039730154503314,0.405));
#2600=CARTESIAN_POINT('',(-0.044963832780805,0.0388484766248753,0.4035));
#2601=CARTESIAN_POINT('',(0.,1.38777878078145E-17,0.405));
#2602=CARTESIAN_POINT('',(-0.0461773582723673,0.039730154503314,0.405));
#2603=CARTESIAN_POINT('',(-0.0613406792227734,0.0130383638660965,0.405));
#2604=CARTESIAN_POINT('',(-0.0623802376768622,0.00814762586242747,0.405));
#2605=CARTESIAN_POINT('',(-0.0623802376768622,0.00814762586242747,0.405));
#2606=CARTESIAN_POINT('',(-0.0613406792227734,0.0130383638660965,0.405));
#2607=CARTESIAN_POINT('',(-0.0603011207686846,0.0179291018697655,0.405));
#2608=CARTESIAN_POINT('',(-0.0603011207686846,0.0179291018697655,0.405));
#2609=CARTESIAN_POINT('',(-0.0574894996731932,0.00710806740833867,0.405));
#2610=CARTESIAN_POINT('',(-0.0525987616695241,0.00606850895424987,0.405));
#2611=CARTESIAN_POINT('',(-0.0525987616695241,0.00606850895424987,0.397));
#2612=CARTESIAN_POINT('',(-0.0604239424753946,0.00773180248079195,0.405));
#2613=CARTESIAN_POINT('',(-0.0604239424753946,0.00773180248079195,0.405));
#2614=CARTESIAN_POINT('',(-0.0574894996731932,0.00710806740833867,0.405));
#2615=CARTESIAN_POINT('',(-0.0515592032154353,0.0109592469579189,0.405));
#2616=CARTESIAN_POINT('',(-0.0505196447613465,0.0158499849615879,0.405));
#2617=CARTESIAN_POINT('',(-0.0505196447613465,0.0158499849615879,0.397));
#2618=CARTESIAN_POINT('',(-0.0525987616695241,0.00606850895424987,0.397));
#2619=CARTESIAN_POINT('',(-0.0554103827650156,0.0168895434156767,0.405));
#2620=CARTESIAN_POINT('',(-0.0554103827650156,0.0168895434156767,0.405));
#2621=CARTESIAN_POINT('',(-0.058344825567217,0.01751327848813,0.405));
#2622=CARTESIAN_POINT('',(-0.0568776041661163,0.0172014109519033,0.4035));
#2623=CARTESIAN_POINT('',(0.,1.38777878078145E-17,0.405));
#2624=CARTESIAN_POINT('',(-0.058344825567217,0.01751327848813,0.405));
#2625=CARTESIAN_POINT('',(-0.0613406792227734,-0.0130383638660964,0.405));
#2626=CARTESIAN_POINT('',(-0.0603011207686846,-0.0179291018697655,0.405));
#2627=CARTESIAN_POINT('',(-0.0603011207686846,-0.0179291018697655,0.405));
#2628=CARTESIAN_POINT('',(-0.0613406792227734,-0.0130383638660964,0.405));
#2629=CARTESIAN_POINT('',(-0.0623802376768622,-0.00814762586242743,0.405));
#2630=CARTESIAN_POINT('',(-0.0623802376768622,-0.00814762586242743,0.405));
#2631=CARTESIAN_POINT('',(-0.0554103827650156,-0.0168895434156767,0.405));
#2632=CARTESIAN_POINT('',(-0.0505196447613465,-0.0158499849615879,0.405));
#2633=CARTESIAN_POINT('',(-0.0505196447613465,-0.0158499849615879,0.397));
#2634=CARTESIAN_POINT('',(-0.058344825567217,-0.01751327848813,0.405));
#2635=CARTESIAN_POINT('',(-0.058344825567217,-0.01751327848813,0.405));
#2636=CARTESIAN_POINT('',(-0.0554103827650156,-0.0168895434156767,0.405));
#2637=CARTESIAN_POINT('',(-0.0515592032154353,-0.0109592469579189,0.405));
#2638=CARTESIAN_POINT('',(-0.0525987616695241,-0.00606850895424984,0.405));
#2639=CARTESIAN_POINT('',(-0.0525987616695241,-0.00606850895424984,0.397));
#2640=CARTESIAN_POINT('',(-0.0505196447613465,-0.0158499849615879,0.397));
#2641=CARTESIAN_POINT('',(-0.0574894996731932,-0.00710806740833863,0.405));
#2642=CARTESIAN_POINT('',(-0.0574894996731932,-0.00710806740833863,0.405));
#2643=CARTESIAN_POINT('',(-0.0604239424753946,-0.00773180248079191,0.405));
#2644=CARTESIAN_POINT('',(-0.0589567210742939,-0.00741993494456527,0.4035));
#2645=CARTESIAN_POINT('',(0.,1.38777878078145E-17,0.405));
#2646=CARTESIAN_POINT('',(-0.0604239424753946,-0.00773180248079192,0.405));
#2647=CARTESIAN_POINT('',(-0.0507343185225796,-0.0368606400360241,0.405));
#2648=CARTESIAN_POINT('',(-0.0477953922611172,-0.0409057250078989,0.405));
#2649=CARTESIAN_POINT('',(-0.0477953922611172,-0.0409057250078989,0.405));
#2650=CARTESIAN_POINT('',(-0.0507343185225796,-0.0368606400360241,0.405));
#2651=CARTESIAN_POINT('',(-0.053673244784042,-0.0328155550641495,0.405));
#2652=CARTESIAN_POINT('',(-0.053673244784042,-0.0328155550641495,0.405));
#2653=CARTESIAN_POINT('',(-0.0437503072892425,-0.0379667987464365,0.405));
#2654=CARTESIAN_POINT('',(-0.0397052223173678,-0.0350278724849742,0.405));
#2655=CARTESIAN_POINT('',(-0.0397052223173678,-0.0350278724849742,0.397));
#2656=CARTESIAN_POINT('',(-0.0461773582723674,-0.039730154503314,0.405));
#2657=CARTESIAN_POINT('',(-0.0461773582723674,-0.039730154503314,0.405));
#2658=CARTESIAN_POINT('',(-0.0437503072892425,-0.0379667987464365,0.405));
#2659=CARTESIAN_POINT('',(-0.0426441485788302,-0.0309827875130994,0.405));
#2660=CARTESIAN_POINT('',(-0.0455830748402925,-0.0269377025412247,0.405));
#2661=CARTESIAN_POINT('',(-0.0455830748402925,-0.0269377025412247,0.397));
#2662=CARTESIAN_POINT('',(-0.0397052223173678,-0.0350278724849742,0.397));
#2663=CARTESIAN_POINT('',(-0.0496281598121672,-0.029876628802687,0.405));
#2664=CARTESIAN_POINT('',(-0.0496281598121672,-0.029876628802687,0.405));
#2665=CARTESIAN_POINT('',(-0.0520552107952921,-0.0316399845595645,0.405));
#2666=CARTESIAN_POINT('',(-0.0508416853037297,-0.0307583066811258,0.4035));
#2667=CARTESIAN_POINT('',(0.,1.38777878078145E-17,0.405));
#2668=CARTESIAN_POINT('',(-0.0520552107952921,-0.0316399845595645,0.405));
#2669=CARTESIAN_POINT('',(-0.0313555332430175,-0.0543093766753213,0.405));
#2670=CARTESIAN_POINT('',(-0.0270254062240954,-0.0568093766753213,0.405));
#2671=CARTESIAN_POINT('',(-0.0270254062240954,-0.0568093766753213,0.405));
#2672=CARTESIAN_POINT('',(-0.0313555332430175,-0.0543093766753213,0.405));
#2673=CARTESIAN_POINT('',(-0.0356856602619397,-0.0518093766753213,0.405));
#2674=CARTESIAN_POINT('',(-0.0356856602619397,-0.0518093766753213,0.405));
#2675=CARTESIAN_POINT('',(-0.0245254062240953,-0.0524792496563991,0.405));
#2676=CARTESIAN_POINT('',(-0.0220254062240954,-0.0481491226374769,0.405));
#2677=CARTESIAN_POINT('',(-0.0220254062240954,-0.0481491226374769,0.397));
#2678=CARTESIAN_POINT('',(-0.0260254062240954,-0.0550773258677524,0.405));
#2679=CARTESIAN_POINT('',(-0.0260254062240954,-0.0550773258677524,0.405));
#2680=CARTESIAN_POINT('',(-0.0245254062240953,-0.0524792496563991,0.405));
#2681=CARTESIAN_POINT('',(-0.0263555332430176,-0.0456491226374769,0.405));
#2682=CARTESIAN_POINT('',(-0.0306856602619397,-0.0431491226374769,0.405));
#2683=CARTESIAN_POINT('',(-0.0306856602619397,-0.0431491226374769,0.397));
#2684=CARTESIAN_POINT('',(-0.0220254062240954,-0.0481491226374769,0.397));
#2685=CARTESIAN_POINT('',(-0.0331856602619398,-0.0474792496563991,0.405));
#2686=CARTESIAN_POINT('',(-0.0331856602619398,-0.0474792496563991,0.405));
#2687=CARTESIAN_POINT('',(-0.0346856602619398,-0.0500773258677524,0.405));
#2688=CARTESIAN_POINT('',(-0.0339356602619398,-0.0487782877620758,0.4035));
#2689=CARTESIAN_POINT('',(0.,1.38777878078145E-17,0.405));
#2690=CARTESIAN_POINT('',(-0.0346856602619398,-0.0500773258677524,0.405));
#2691=CARTESIAN_POINT('',(-0.00655509140966092,-0.0623675287022574,0.405));
#2692=CARTESIAN_POINT('',(-0.00158248193281954,-0.0628901710185957,0.405));
#2693=CARTESIAN_POINT('',(-0.00158248193281954,-0.0628901710185957,0.405));
#2694=CARTESIAN_POINT('',(-0.00655509140966092,-0.0623675287022574,0.405));
#2695=CARTESIAN_POINT('',(-0.0115277008865023,-0.0618448863859191,0.405));
#2696=CARTESIAN_POINT('',(-0.0115277008865023,-0.0618448863859191,0.405));
#2697=CARTESIAN_POINT('',(-0.00105983961648127,-0.0579175615417543,0.405));
#2698=CARTESIAN_POINT('',(-0.000537197300143003,-0.052944952064913,0.405));
#2699=CARTESIAN_POINT('',(-0.000537197300143003,-0.052944952064913,0.397));
#2700=CARTESIAN_POINT('',(-0.00137342500628423,-0.0609011272278591,0.405));
#2701=CARTESIAN_POINT('',(-0.00137342500628423,-0.0609011272278591,0.405));
#2702=CARTESIAN_POINT('',(-0.00105983961648127,-0.0579175615417543,0.405));
#2703=CARTESIAN_POINT('',(-0.00550980677698437,-0.0524223097485747,0.405));
#2704=CARTESIAN_POINT('',(-0.0104824162538257,-0.0518996674322364,0.405));
#2705=CARTESIAN_POINT('',(-0.0104824162538257,-0.0518996674322364,0.397));
#2706=CARTESIAN_POINT('',(-0.000537197300143003,-0.052944952064913,0.397));
#2707=CARTESIAN_POINT('',(-0.011005058570164,-0.0568722769090778,0.405));
#2708=CARTESIAN_POINT('',(-0.011005058570164,-0.0568722769090778,0.405));
#2709=CARTESIAN_POINT('',(-0.011318643959967,-0.0598558425951826,0.405));
#2710=CARTESIAN_POINT('',(-0.0111618512650655,-0.0583640597521302,0.4035));
#2711=CARTESIAN_POINT('',(0.,1.38777878078145E-17,0.405));
#2712=CARTESIAN_POINT('',(-0.011318643959967,-0.0598558425951826,0.405));
#2713=CARTESIAN_POINT('',(0.019378785279562,-0.0596417684253623,0.405));
#2714=CARTESIAN_POINT('',(0.0241340678610378,-0.0580966834534876,0.405));
#2715=CARTESIAN_POINT('',(0.0241340678610378,-0.0580966834534876,0.405));
#2716=CARTESIAN_POINT('',(0.019378785279562,-0.0596417684253623,0.405));
#2717=CARTESIAN_POINT('',(0.0146235026980863,-0.061186853397237,0.405));
#2718=CARTESIAN_POINT('',(0.0146235026980863,-0.061186853397237,0.405));
#2719=CARTESIAN_POINT('',(0.0225889828891631,-0.0533414008720118,0.405));
#2720=CARTESIAN_POINT('',(0.0210438979172884,-0.048586118290536,0.405));
#2721=CARTESIAN_POINT('',(0.0210438979172884,-0.048586118290536,0.397));
#2722=CARTESIAN_POINT('',(0.0235160338722879,-0.0561945704208972,0.405));
#2723=CARTESIAN_POINT('',(0.0235160338722879,-0.0561945704208972,0.405));
#2724=CARTESIAN_POINT('',(0.0225889828891631,-0.0533414008720118,0.405));
#2725=CARTESIAN_POINT('',(0.0162886153358125,-0.0501312032624108,0.405));
#2726=CARTESIAN_POINT('',(0.0115333327543368,-0.0516762882342855,0.405));
#2727=CARTESIAN_POINT('',(0.0115333327543368,-0.0516762882342855,0.397));
#2728=CARTESIAN_POINT('',(0.0210438979172884,-0.048586118290536,0.397));
#2729=CARTESIAN_POINT('',(0.0130784177262115,-0.0564315708157613,0.405));
#2730=CARTESIAN_POINT('',(0.0130784177262115,-0.0564315708157613,0.405));
#2731=CARTESIAN_POINT('',(0.0140054687093364,-0.0592847403646467,0.405));
#2732=CARTESIAN_POINT('',(0.013541943217774,-0.057858155590204,0.4035));
#2733=CARTESIAN_POINT('',(0.,1.38777878078145E-17,0.405));
#2734=CARTESIAN_POINT('',(0.0140054687093364,-0.0592847403646467,0.405));
#2735=CARTESIAN_POINT('',(0.0419618939432113,-0.0466034045592658,0.405));
#2736=CARTESIAN_POINT('',(0.0456776180705983,-0.0432577515274715,0.405));
#2737=CARTESIAN_POINT('',(0.0456776180705983,-0.0432577515274715,0.405));
#2738=CARTESIAN_POINT('',(0.0419618939432113,-0.0466034045592658,0.405));
#2739=CARTESIAN_POINT('',(0.0382461698158243,-0.0499490575910601,0.405));
#2740=CARTESIAN_POINT('',(0.0382461698158243,-0.0499490575910601,0.405));
#2741=CARTESIAN_POINT('',(0.042331965038804,-0.0395420274000845,0.405));
#2742=CARTESIAN_POINT('',(0.0389863120070097,-0.0358263032726976,0.405));
#2743=CARTESIAN_POINT('',(0.0389863120070097,-0.0358263032726976,0.397));
#2744=CARTESIAN_POINT('',(0.0443393568578805,-0.0417714618765168,0.405));
#2745=CARTESIAN_POINT('',(0.0443393568578805,-0.0417714618765168,0.405));
#2746=CARTESIAN_POINT('',(0.042331965038804,-0.0395420274000845,0.405));
#2747=CARTESIAN_POINT('',(0.0352705878796227,-0.0391719563044919,0.405));
#2748=CARTESIAN_POINT('',(0.0315548637522357,-0.0425176093362862,0.405));
#2749=CARTESIAN_POINT('',(0.0315548637522357,-0.0425176093362862,0.397));
#2750=CARTESIAN_POINT('',(0.0389863120070097,-0.0358263032726976,0.397));
#2751=CARTESIAN_POINT('',(0.03490051678403,-0.0462333334636731,0.405));
#2752=CARTESIAN_POINT('',(0.03490051678403,-0.0462333334636731,0.405));
#2753=CARTESIAN_POINT('',(0.0369079086031066,-0.0484627679401053,0.405));
#2754=CARTESIAN_POINT('',(0.0359042126935683,-0.0473480507018892,0.4035));
#2755=CARTESIAN_POINT('',(0.,1.38777878078145E-17,0.405));
#2756=CARTESIAN_POINT('',(0.0369079086031065,-0.0484627679401054,0.405));
#2757=CARTESIAN_POINT('',(0.0572894099322405,-0.0255068886662333,0.405));
#2758=CARTESIAN_POINT('',(0.0593230931476195,-0.0209391613780203,0.405));
#2759=CARTESIAN_POINT('',(0.0593230931476195,-0.0209391613780203,0.405));
#2760=CARTESIAN_POINT('',(0.0572894099322405,-0.0255068886662333,0.405));
#2761=CARTESIAN_POINT('',(0.0552557267168615,-0.0300746159544463,0.405));
#2762=CARTESIAN_POINT('',(0.0552557267168615,-0.0300746159544463,0.405));
#2763=CARTESIAN_POINT('',(0.0547553658594065,-0.0189054781626412,0.405));
#2764=CARTESIAN_POINT('',(0.0501876385711935,-0.0168717949472623,0.405));
#2765=CARTESIAN_POINT('',(0.0501876385711935,-0.0168717949472623,0.397));
#2766=CARTESIAN_POINT('',(0.0574960022323343,-0.0201256880918687,0.405));
#2767=CARTESIAN_POINT('',(0.0574960022323343,-0.0201256880918687,0.405));
#2768=CARTESIAN_POINT('',(0.0547553658594065,-0.0189054781626412,0.405));
#2769=CARTESIAN_POINT('',(0.0481539553558145,-0.0214395222354752,0.405));
#2770=CARTESIAN_POINT('',(0.0461202721404355,-0.0260072495236882,0.405));
#2771=CARTESIAN_POINT('',(0.0461202721404355,-0.0260072495236882,0.397));
#2772=CARTESIAN_POINT('',(0.0501876385711935,-0.0168717949472623,0.397));
#2773=CARTESIAN_POINT('',(0.0506879994286485,-0.0280409327390672,0.405));
#2774=CARTESIAN_POINT('',(0.0506879994286485,-0.0280409327390672,0.405));
#2775=CARTESIAN_POINT('',(0.0534286358015763,-0.0292611426682947,0.405));
#2776=CARTESIAN_POINT('',(0.0520583176151124,-0.028651037703681,0.4035));
#2777=CARTESIAN_POINT('',(0.,1.38777878078145E-17,0.405));
#2778=CARTESIAN_POINT('',(0.0534286358015763,-0.0292611426682947,0.405));
#2779=CARTESIAN_POINT('',(0.0627110664860351,-2.60208521396521E-18,0.405));
#2780=CARTESIAN_POINT('',(0.0627110664860351,0.005,0.405));
#2781=CARTESIAN_POINT('',(0.0627110664860351,0.005,0.405));
#2782=CARTESIAN_POINT('',(0.0627110664860351,-2.60208521396521E-18,0.405));
#2783=CARTESIAN_POINT('',(0.0627110664860351,-0.005,0.405));
#2784=CARTESIAN_POINT('',(0.0627110664860351,-0.005,0.405));
#2785=CARTESIAN_POINT('',(0.0577110664860351,0.005,0.405));
#2786=CARTESIAN_POINT('',(0.0527110664860351,0.005,0.405));
#2787=CARTESIAN_POINT('',(0.0527110664860351,0.005,0.397));
#2788=CARTESIAN_POINT('',(0.0607110664860351,0.005,0.405));
#2789=CARTESIAN_POINT('',(0.0607110664860351,0.005,0.405));
#2790=CARTESIAN_POINT('',(0.0577110664860351,0.005,0.405));
#2791=CARTESIAN_POINT('',(0.0527110664860351,1.7347234759768E-18,0.405));
#2792=CARTESIAN_POINT('',(0.0527110664860351,-0.005,0.405));
#2793=CARTESIAN_POINT('',(0.0527110664860351,-0.005,0.397));
#2794=CARTESIAN_POINT('',(0.0527110664860351,0.005,0.397));
#2795=CARTESIAN_POINT('',(0.0577110664860351,-0.005,0.405));
#2796=CARTESIAN_POINT('',(0.0577110664860351,-0.005,0.405));
#2797=CARTESIAN_POINT('',(0.0607110664860351,-0.005,0.405));
#2798=CARTESIAN_POINT('',(0.0592110664860351,-0.005,0.4035));
#2799=CARTESIAN_POINT('',(0.,1.38777878078145E-17,0.405));
#2800=CARTESIAN_POINT('',(0.0607110664860351,-0.005,0.405));
#2801=CARTESIAN_POINT('',(0.0572894099322405,0.0255068886662332,0.405));
#2802=CARTESIAN_POINT('',(0.0552557267168615,0.0300746159544462,0.405));
#2803=CARTESIAN_POINT('',(0.0552557267168615,0.0300746159544462,0.405));
#2804=CARTESIAN_POINT('',(0.0572894099322405,0.0255068886662332,0.405));
#2805=CARTESIAN_POINT('',(0.0593230931476195,0.0209391613780202,0.405));
#2806=CARTESIAN_POINT('',(0.0593230931476195,0.0209391613780202,0.405));
#2807=CARTESIAN_POINT('',(0.0506879994286485,0.0280409327390672,0.405));
#2808=CARTESIAN_POINT('',(0.0461202721404355,0.0260072495236882,0.405));
#2809=CARTESIAN_POINT('',(0.0461202721404355,0.0260072495236882,0.397));
#2810=CARTESIAN_POINT('',(0.0534286358015763,0.0292611426682946,0.405));
#2811=CARTESIAN_POINT('',(0.0534286358015763,0.0292611426682946,0.405));
#2812=CARTESIAN_POINT('',(0.0506879994286485,0.0280409327390672,0.405));
#2813=CARTESIAN_POINT('',(0.0481539553558145,0.0214395222354752,0.405));
#2814=CARTESIAN_POINT('',(0.0501876385711935,0.0168717949472622,0.405));
#2815=CARTESIAN_POINT('',(0.0501876385711935,0.0168717949472622,0.397));
#2816=CARTESIAN_POINT('',(0.0461202721404355,0.0260072495236882,0.397));
#2817=CARTESIAN_POINT('',(0.0547553658594065,0.0189054781626412,0.405));
#2818=CARTESIAN_POINT('',(0.0547553658594065,0.0189054781626412,0.405));
#2819=CARTESIAN_POINT('',(0.0574960022323343,0.0201256880918686,0.405));
#2820=CARTESIAN_POINT('',(0.0561256840458704,0.0195155831272549,0.4035));
#2821=CARTESIAN_POINT('',(0.,1.38777878078145E-17,0.405));
#2822=CARTESIAN_POINT('',(0.0574960022323343,0.0201256880918686,0.405));
#2823=CARTESIAN_POINT('',(0.0419618939432113,0.0466034045592658,0.405));
#2824=CARTESIAN_POINT('',(0.0382461698158243,0.0499490575910601,0.405));
#2825=CARTESIAN_POINT('',(0.0382461698158243,0.0499490575910601,0.405));
#2826=CARTESIAN_POINT('',(0.0419618939432113,0.0466034045592658,0.405));
#2827=CARTESIAN_POINT('',(0.0456776180705983,0.0432577515274715,0.405));
#2828=CARTESIAN_POINT('',(0.0456776180705983,0.0432577515274715,0.405));
#2829=CARTESIAN_POINT('',(0.03490051678403,0.0462333334636731,0.405));
#2830=CARTESIAN_POINT('',(0.0315548637522358,0.0425176093362861,0.405));
#2831=CARTESIAN_POINT('',(0.0315548637522358,0.0425176093362861,0.397));
#2832=CARTESIAN_POINT('',(0.0369079086031066,0.0484627679401053,0.405));
#2833=CARTESIAN_POINT('',(0.0369079086031066,0.0484627679401053,0.405));
#2834=CARTESIAN_POINT('',(0.03490051678403,0.0462333334636731,0.405));
#2835=CARTESIAN_POINT('',(0.0352705878796228,0.0391719563044919,0.405));
#2836=CARTESIAN_POINT('',(0.0389863120070097,0.0358263032726976,0.405));
#2837=CARTESIAN_POINT('',(0.0389863120070097,0.0358263032726976,0.397));
#2838=CARTESIAN_POINT('',(0.0315548637522358,0.0425176093362862,0.397));
#2839=CARTESIAN_POINT('',(0.042331965038804,0.0395420274000845,0.405));
#2840=CARTESIAN_POINT('',(0.042331965038804,0.0395420274000845,0.405));
#2841=CARTESIAN_POINT('',(0.0443393568578806,0.0417714618765168,0.405));
#2842=CARTESIAN_POINT('',(0.0433356609483423,0.0406567446383007,0.4035));
#2843=CARTESIAN_POINT('',(0.,1.38777878078145E-17,0.405));
#2844=CARTESIAN_POINT('',(0.0443393568578806,0.0417714618765168,0.405));
#2845=CARTESIAN_POINT('',(0.0406236327304937,0.045117114908311,0.405));
#2846=CARTESIAN_POINT('',(0.0554623190169553,0.0246934153800816,0.405));
#2847=CARTESIAN_POINT('',(0.0607110664860351,1.38777878078145E-17,0.405));
#2848=CARTESIAN_POINT('',(0.0554623190169553,-0.0246934153800816,0.405));
#2849=CARTESIAN_POINT('',(0.0406236327304936,-0.045117114908311,0.405));
#2850=CARTESIAN_POINT('',(0.0187607512908121,-0.057739655392772,0.405));
#2851=CARTESIAN_POINT('',(-0.0063460344831256,-0.0603784849115209,0.405));
#2852=CARTESIAN_POINT('',(-0.0303555332430176,-0.0525773258677524,0.405));
#2853=CARTESIAN_POINT('',(-0.0491162845338297,-0.0356850695314392,0.405));
#2854=CARTESIAN_POINT('',(-0.0593843840213058,-0.012622540484461,0.405));
#2855=CARTESIAN_POINT('',(-0.0593843840213058,0.012622540484461,0.405));
#2856=CARTESIAN_POINT('',(-0.0491162845338297,0.0356850695314392,0.405));
#2857=CARTESIAN_POINT('',(-0.0303555332430176,0.0525773258677524,0.405));
#2858=CARTESIAN_POINT('',(-0.00634603448312559,0.0603784849115209,0.405));
#2859=CARTESIAN_POINT('',(0.0187607512908121,0.057739655392772,0.405));
#2860=CARTESIAN_POINT('',(-0.0525110664860351,-4.33680868994202E-18,0.389998));
#2861=CARTESIAN_POINT('',(-0.0525110664860351,-0.0052,0.389998));
#2862=CARTESIAN_POINT('',(-0.0525110664860351,0.0052,0.389998));
#2863=CARTESIAN_POINT('',(-0.0577110664860351,-0.0052,0.389998));
#2864=CARTESIAN_POINT('',(-0.0629110664860351,-0.0052,0.389998));
#2865=CARTESIAN_POINT('',(-0.0577110664860351,0.0052,0.389998));
#2866=CARTESIAN_POINT('',(-0.0629110664860351,0.0052,0.389998));
#2867=CARTESIAN_POINT('',(-0.0629110664860351,-2.60208521396521E-18,0.389998));
#2868=CARTESIAN_POINT('',(-1.49186218934005E-16,2.393918396848E-16,0.389998));
#2869=MECHANICAL_DESIGN_GEOMETRIC_PRESENTATION_REPRESENTATION('',(#1810),
#2870);
#2870=(
GEOMETRIC_REPRESENTATION_CONTEXT(3)
GLOBAL_UNCERTAINTY_ASSIGNED_CONTEXT((#2871))
GLOBAL_UNIT_ASSIGNED_CONTEXT((#2874,#2873,#2872))
REPRESENTATION_CONTEXT('crenellations','TOP_LEVEL_ASSEMBLY_PART')
);
#2871=UNCERTAINTY_MEASURE_WITH_UNIT(LENGTH_MEASURE(1.E-8),#2874,
'DISTANCE_ACCURACY_VALUE','Maximum Tolerance applied to model');
#2872=(
NAMED_UNIT(*)
SI_UNIT($,.STERADIAN.)
SOLID_ANGLE_UNIT()
);
#2873=(
NAMED_UNIT(*)
PLANE_ANGLE_UNIT()
SI_UNIT($,.RADIAN.)
);
#2874=(
LENGTH_UNIT()
NAMED_UNIT(*)
SI_UNIT($,.METRE.)
);
#2875=PRODUCT_DEFINITION_SHAPE('','',#2876);
#2876=PRODUCT_DEFINITION('','',#2878,#2877);
#2877=PRODUCT_DEFINITION_CONTEXT('',#2884,'design');
#2878=PRODUCT_DEFINITION_FORMATION_WITH_SPECIFIED_SOURCE('','',#2880,
 .NOT_KNOWN.);
#2879=PRODUCT_RELATED_PRODUCT_CATEGORY('','',(#2880));
#2880=PRODUCT('crenellations','crenellations','crenellations',(#2882));
#2881=PRODUCT_CATEGORY('','');
#2882=PRODUCT_CONTEXT('',#2884,'mechanical');
#2883=APPLICATION_PROTOCOL_DEFINITION('international standard',
'ap242_managed_model_based_3d_engineering',2020,#2884);
#2884=APPLICATION_CONTEXT('managed model based 3d engineering');
ENDSEC;
END-ISO-10303-21;
