ISO-10303-21;
HEADER;
/* Generated by software containing ST-Developer
 * from STEP Tools, Inc. (www.steptools.com) 
 */
/* OPTION: using custom renumber hook */

FILE_DESCRIPTION(
/* description */ ('STEP AP242 Edition 2',
'CAx-IF Rec.Pracs.---Representation and Presentation of Product Manufa
cturing Information (PMI)---4.0---2014-10-13',
'CAx-IF Rec.Pracs.---3D Tessellated Geometry---0.4---2014-09-14','2;1',
'CAx-IF Rec.Pracs.---User Defined Attributes---1.5---2016-08-15'),
/* implementation_level */ '2;1');

FILE_NAME(
/* name */ 'Dice_Tower - fence',
/* time_stamp */ '2026-01-17T20:47:05Z',
/* author */ (''),
/* organization */ (''),
/* preprocessor_version */ 'ST-DEVELOPER v20',
/* originating_system */ 'ONSHAPE BY PTC INC, 1.209',
/* authorisation */ '  ');

FILE_SCHEMA (('AP242_MANAGED_MODEL_BASED_3D_ENGINEERING_MIM_LF { 1 0 10303 442 3 1 4 }'));
ENDSEC;

DATA;
#10=SHAPE_REPRESENTATION_RELATIONSHIP('','',#1675,#11);
#11=ADVANCED_BREP_SHAPE_REPRESENTATION('',(#1673),#2669);
#12=CIRCLE('',#1763,0.05775);
#13=CIRCLE('',#1764,0.05775);
#14=CIRCLE('',#1766,0.075748662149382);
#15=CIRCLE('',#1767,0.075748662149382);
#16=CIRCLE('',#1769,0.05775);
#17=CIRCLE('',#1770,0.05775);
#18=CIRCLE('',#1772,0.0682633623784319);
#19=CIRCLE('',#1773,0.0682633623784319);
#20=CIRCLE('',#1775,0.15);
#21=CIRCLE('',#1776,0.15);
#22=CIRCLE('',#1778,0.15);
#23=CIRCLE('',#1779,0.15);
#24=CYLINDRICAL_SURFACE('',#1762,0.05775);
#25=CYLINDRICAL_SURFACE('',#1765,0.075748662149382);
#26=CYLINDRICAL_SURFACE('',#1768,0.05775);
#27=CYLINDRICAL_SURFACE('',#1771,0.0682633623784319);
#28=CYLINDRICAL_SURFACE('',#1780,0.15);
#29=CYLINDRICAL_SURFACE('',#1781,0.15);
#30=ORIENTED_EDGE('',*,*,#474,.F.);
#31=ORIENTED_EDGE('',*,*,#475,.T.);
#32=ORIENTED_EDGE('',*,*,#476,.T.);
#33=ORIENTED_EDGE('',*,*,#477,.F.);
#34=ORIENTED_EDGE('',*,*,#476,.F.);
#35=ORIENTED_EDGE('',*,*,#478,.T.);
#36=ORIENTED_EDGE('',*,*,#479,.T.);
#37=ORIENTED_EDGE('',*,*,#480,.F.);
#38=ORIENTED_EDGE('',*,*,#481,.F.);
#39=ORIENTED_EDGE('',*,*,#482,.T.);
#40=ORIENTED_EDGE('',*,*,#483,.T.);
#41=ORIENTED_EDGE('',*,*,#479,.F.);
#42=ORIENTED_EDGE('',*,*,#484,.F.);
#43=ORIENTED_EDGE('',*,*,#474,.T.);
#44=ORIENTED_EDGE('',*,*,#485,.T.);
#45=ORIENTED_EDGE('',*,*,#482,.F.);
#46=ORIENTED_EDGE('',*,*,#477,.T.);
#47=ORIENTED_EDGE('',*,*,#480,.T.);
#48=ORIENTED_EDGE('',*,*,#483,.F.);
#49=ORIENTED_EDGE('',*,*,#485,.F.);
#50=ORIENTED_EDGE('',*,*,#486,.F.);
#51=ORIENTED_EDGE('',*,*,#487,.T.);
#52=ORIENTED_EDGE('',*,*,#488,.T.);
#53=ORIENTED_EDGE('',*,*,#489,.F.);
#54=ORIENTED_EDGE('',*,*,#488,.F.);
#55=ORIENTED_EDGE('',*,*,#490,.T.);
#56=ORIENTED_EDGE('',*,*,#491,.T.);
#57=ORIENTED_EDGE('',*,*,#492,.F.);
#58=ORIENTED_EDGE('',*,*,#493,.F.);
#59=ORIENTED_EDGE('',*,*,#494,.T.);
#60=ORIENTED_EDGE('',*,*,#495,.T.);
#61=ORIENTED_EDGE('',*,*,#491,.F.);
#62=ORIENTED_EDGE('',*,*,#496,.F.);
#63=ORIENTED_EDGE('',*,*,#486,.T.);
#64=ORIENTED_EDGE('',*,*,#497,.T.);
#65=ORIENTED_EDGE('',*,*,#494,.F.);
#66=ORIENTED_EDGE('',*,*,#489,.T.);
#67=ORIENTED_EDGE('',*,*,#492,.T.);
#68=ORIENTED_EDGE('',*,*,#495,.F.);
#69=ORIENTED_EDGE('',*,*,#497,.F.);
#70=ORIENTED_EDGE('',*,*,#498,.F.);
#71=ORIENTED_EDGE('',*,*,#499,.T.);
#72=ORIENTED_EDGE('',*,*,#500,.T.);
#73=ORIENTED_EDGE('',*,*,#501,.F.);
#74=ORIENTED_EDGE('',*,*,#500,.F.);
#75=ORIENTED_EDGE('',*,*,#502,.T.);
#76=ORIENTED_EDGE('',*,*,#503,.T.);
#77=ORIENTED_EDGE('',*,*,#504,.F.);
#78=ORIENTED_EDGE('',*,*,#505,.F.);
#79=ORIENTED_EDGE('',*,*,#506,.T.);
#80=ORIENTED_EDGE('',*,*,#507,.T.);
#81=ORIENTED_EDGE('',*,*,#503,.F.);
#82=ORIENTED_EDGE('',*,*,#508,.F.);
#83=ORIENTED_EDGE('',*,*,#498,.T.);
#84=ORIENTED_EDGE('',*,*,#509,.T.);
#85=ORIENTED_EDGE('',*,*,#506,.F.);
#86=ORIENTED_EDGE('',*,*,#501,.T.);
#87=ORIENTED_EDGE('',*,*,#504,.T.);
#88=ORIENTED_EDGE('',*,*,#507,.F.);
#89=ORIENTED_EDGE('',*,*,#509,.F.);
#90=ORIENTED_EDGE('',*,*,#510,.F.);
#91=ORIENTED_EDGE('',*,*,#511,.T.);
#92=ORIENTED_EDGE('',*,*,#512,.T.);
#93=ORIENTED_EDGE('',*,*,#513,.F.);
#94=ORIENTED_EDGE('',*,*,#512,.F.);
#95=ORIENTED_EDGE('',*,*,#514,.T.);
#96=ORIENTED_EDGE('',*,*,#515,.T.);
#97=ORIENTED_EDGE('',*,*,#516,.F.);
#98=ORIENTED_EDGE('',*,*,#517,.F.);
#99=ORIENTED_EDGE('',*,*,#518,.T.);
#100=ORIENTED_EDGE('',*,*,#519,.T.);
#101=ORIENTED_EDGE('',*,*,#515,.F.);
#102=ORIENTED_EDGE('',*,*,#520,.F.);
#103=ORIENTED_EDGE('',*,*,#510,.T.);
#104=ORIENTED_EDGE('',*,*,#521,.T.);
#105=ORIENTED_EDGE('',*,*,#518,.F.);
#106=ORIENTED_EDGE('',*,*,#513,.T.);
#107=ORIENTED_EDGE('',*,*,#516,.T.);
#108=ORIENTED_EDGE('',*,*,#519,.F.);
#109=ORIENTED_EDGE('',*,*,#521,.F.);
#110=ORIENTED_EDGE('',*,*,#522,.F.);
#111=ORIENTED_EDGE('',*,*,#523,.T.);
#112=ORIENTED_EDGE('',*,*,#524,.T.);
#113=ORIENTED_EDGE('',*,*,#525,.F.);
#114=ORIENTED_EDGE('',*,*,#524,.F.);
#115=ORIENTED_EDGE('',*,*,#526,.T.);
#116=ORIENTED_EDGE('',*,*,#527,.T.);
#117=ORIENTED_EDGE('',*,*,#528,.F.);
#118=ORIENTED_EDGE('',*,*,#529,.F.);
#119=ORIENTED_EDGE('',*,*,#530,.T.);
#120=ORIENTED_EDGE('',*,*,#531,.T.);
#121=ORIENTED_EDGE('',*,*,#527,.F.);
#122=ORIENTED_EDGE('',*,*,#532,.F.);
#123=ORIENTED_EDGE('',*,*,#522,.T.);
#124=ORIENTED_EDGE('',*,*,#533,.T.);
#125=ORIENTED_EDGE('',*,*,#530,.F.);
#126=ORIENTED_EDGE('',*,*,#525,.T.);
#127=ORIENTED_EDGE('',*,*,#528,.T.);
#128=ORIENTED_EDGE('',*,*,#531,.F.);
#129=ORIENTED_EDGE('',*,*,#533,.F.);
#130=ORIENTED_EDGE('',*,*,#534,.F.);
#131=ORIENTED_EDGE('',*,*,#535,.T.);
#132=ORIENTED_EDGE('',*,*,#536,.T.);
#133=ORIENTED_EDGE('',*,*,#537,.F.);
#134=ORIENTED_EDGE('',*,*,#536,.F.);
#135=ORIENTED_EDGE('',*,*,#538,.T.);
#136=ORIENTED_EDGE('',*,*,#539,.T.);
#137=ORIENTED_EDGE('',*,*,#540,.F.);
#138=ORIENTED_EDGE('',*,*,#541,.F.);
#139=ORIENTED_EDGE('',*,*,#542,.T.);
#140=ORIENTED_EDGE('',*,*,#543,.T.);
#141=ORIENTED_EDGE('',*,*,#539,.F.);
#142=ORIENTED_EDGE('',*,*,#544,.F.);
#143=ORIENTED_EDGE('',*,*,#534,.T.);
#144=ORIENTED_EDGE('',*,*,#545,.T.);
#145=ORIENTED_EDGE('',*,*,#542,.F.);
#146=ORIENTED_EDGE('',*,*,#537,.T.);
#147=ORIENTED_EDGE('',*,*,#540,.T.);
#148=ORIENTED_EDGE('',*,*,#543,.F.);
#149=ORIENTED_EDGE('',*,*,#545,.F.);
#150=ORIENTED_EDGE('',*,*,#546,.F.);
#151=ORIENTED_EDGE('',*,*,#547,.T.);
#152=ORIENTED_EDGE('',*,*,#548,.T.);
#153=ORIENTED_EDGE('',*,*,#549,.F.);
#154=ORIENTED_EDGE('',*,*,#548,.F.);
#155=ORIENTED_EDGE('',*,*,#550,.T.);
#156=ORIENTED_EDGE('',*,*,#551,.T.);
#157=ORIENTED_EDGE('',*,*,#552,.F.);
#158=ORIENTED_EDGE('',*,*,#553,.F.);
#159=ORIENTED_EDGE('',*,*,#554,.T.);
#160=ORIENTED_EDGE('',*,*,#555,.T.);
#161=ORIENTED_EDGE('',*,*,#551,.F.);
#162=ORIENTED_EDGE('',*,*,#556,.F.);
#163=ORIENTED_EDGE('',*,*,#546,.T.);
#164=ORIENTED_EDGE('',*,*,#557,.T.);
#165=ORIENTED_EDGE('',*,*,#554,.F.);
#166=ORIENTED_EDGE('',*,*,#549,.T.);
#167=ORIENTED_EDGE('',*,*,#552,.T.);
#168=ORIENTED_EDGE('',*,*,#555,.F.);
#169=ORIENTED_EDGE('',*,*,#557,.F.);
#170=ORIENTED_EDGE('',*,*,#558,.F.);
#171=ORIENTED_EDGE('',*,*,#559,.T.);
#172=ORIENTED_EDGE('',*,*,#560,.T.);
#173=ORIENTED_EDGE('',*,*,#561,.F.);
#174=ORIENTED_EDGE('',*,*,#560,.F.);
#175=ORIENTED_EDGE('',*,*,#562,.T.);
#176=ORIENTED_EDGE('',*,*,#563,.T.);
#177=ORIENTED_EDGE('',*,*,#564,.F.);
#178=ORIENTED_EDGE('',*,*,#565,.F.);
#179=ORIENTED_EDGE('',*,*,#566,.T.);
#180=ORIENTED_EDGE('',*,*,#567,.T.);
#181=ORIENTED_EDGE('',*,*,#563,.F.);
#182=ORIENTED_EDGE('',*,*,#568,.F.);
#183=ORIENTED_EDGE('',*,*,#558,.T.);
#184=ORIENTED_EDGE('',*,*,#569,.T.);
#185=ORIENTED_EDGE('',*,*,#566,.F.);
#186=ORIENTED_EDGE('',*,*,#561,.T.);
#187=ORIENTED_EDGE('',*,*,#564,.T.);
#188=ORIENTED_EDGE('',*,*,#567,.F.);
#189=ORIENTED_EDGE('',*,*,#569,.F.);
#190=ORIENTED_EDGE('',*,*,#570,.F.);
#191=ORIENTED_EDGE('',*,*,#571,.T.);
#192=ORIENTED_EDGE('',*,*,#572,.T.);
#193=ORIENTED_EDGE('',*,*,#573,.F.);
#194=ORIENTED_EDGE('',*,*,#572,.F.);
#195=ORIENTED_EDGE('',*,*,#574,.T.);
#196=ORIENTED_EDGE('',*,*,#575,.T.);
#197=ORIENTED_EDGE('',*,*,#576,.F.);
#198=ORIENTED_EDGE('',*,*,#577,.F.);
#199=ORIENTED_EDGE('',*,*,#578,.T.);
#200=ORIENTED_EDGE('',*,*,#579,.T.);
#201=ORIENTED_EDGE('',*,*,#575,.F.);
#202=ORIENTED_EDGE('',*,*,#580,.F.);
#203=ORIENTED_EDGE('',*,*,#570,.T.);
#204=ORIENTED_EDGE('',*,*,#581,.T.);
#205=ORIENTED_EDGE('',*,*,#578,.F.);
#206=ORIENTED_EDGE('',*,*,#573,.T.);
#207=ORIENTED_EDGE('',*,*,#576,.T.);
#208=ORIENTED_EDGE('',*,*,#579,.F.);
#209=ORIENTED_EDGE('',*,*,#581,.F.);
#210=ORIENTED_EDGE('',*,*,#582,.F.);
#211=ORIENTED_EDGE('',*,*,#583,.T.);
#212=ORIENTED_EDGE('',*,*,#584,.T.);
#213=ORIENTED_EDGE('',*,*,#585,.F.);
#214=ORIENTED_EDGE('',*,*,#584,.F.);
#215=ORIENTED_EDGE('',*,*,#586,.T.);
#216=ORIENTED_EDGE('',*,*,#587,.T.);
#217=ORIENTED_EDGE('',*,*,#588,.F.);
#218=ORIENTED_EDGE('',*,*,#589,.F.);
#219=ORIENTED_EDGE('',*,*,#590,.T.);
#220=ORIENTED_EDGE('',*,*,#591,.T.);
#221=ORIENTED_EDGE('',*,*,#587,.F.);
#222=ORIENTED_EDGE('',*,*,#592,.F.);
#223=ORIENTED_EDGE('',*,*,#582,.T.);
#224=ORIENTED_EDGE('',*,*,#593,.T.);
#225=ORIENTED_EDGE('',*,*,#590,.F.);
#226=ORIENTED_EDGE('',*,*,#585,.T.);
#227=ORIENTED_EDGE('',*,*,#588,.T.);
#228=ORIENTED_EDGE('',*,*,#591,.F.);
#229=ORIENTED_EDGE('',*,*,#593,.F.);
#230=ORIENTED_EDGE('',*,*,#594,.F.);
#231=ORIENTED_EDGE('',*,*,#595,.T.);
#232=ORIENTED_EDGE('',*,*,#596,.T.);
#233=ORIENTED_EDGE('',*,*,#597,.F.);
#234=ORIENTED_EDGE('',*,*,#596,.F.);
#235=ORIENTED_EDGE('',*,*,#598,.T.);
#236=ORIENTED_EDGE('',*,*,#599,.T.);
#237=ORIENTED_EDGE('',*,*,#600,.F.);
#238=ORIENTED_EDGE('',*,*,#601,.F.);
#239=ORIENTED_EDGE('',*,*,#602,.T.);
#240=ORIENTED_EDGE('',*,*,#603,.T.);
#241=ORIENTED_EDGE('',*,*,#599,.F.);
#242=ORIENTED_EDGE('',*,*,#604,.F.);
#243=ORIENTED_EDGE('',*,*,#594,.T.);
#244=ORIENTED_EDGE('',*,*,#605,.T.);
#245=ORIENTED_EDGE('',*,*,#602,.F.);
#246=ORIENTED_EDGE('',*,*,#597,.T.);
#247=ORIENTED_EDGE('',*,*,#600,.T.);
#248=ORIENTED_EDGE('',*,*,#603,.F.);
#249=ORIENTED_EDGE('',*,*,#605,.F.);
#250=ORIENTED_EDGE('',*,*,#606,.F.);
#251=ORIENTED_EDGE('',*,*,#607,.T.);
#252=ORIENTED_EDGE('',*,*,#608,.T.);
#253=ORIENTED_EDGE('',*,*,#609,.F.);
#254=ORIENTED_EDGE('',*,*,#608,.F.);
#255=ORIENTED_EDGE('',*,*,#610,.T.);
#256=ORIENTED_EDGE('',*,*,#611,.T.);
#257=ORIENTED_EDGE('',*,*,#612,.F.);
#258=ORIENTED_EDGE('',*,*,#613,.F.);
#259=ORIENTED_EDGE('',*,*,#614,.T.);
#260=ORIENTED_EDGE('',*,*,#615,.T.);
#261=ORIENTED_EDGE('',*,*,#611,.F.);
#262=ORIENTED_EDGE('',*,*,#616,.F.);
#263=ORIENTED_EDGE('',*,*,#606,.T.);
#264=ORIENTED_EDGE('',*,*,#617,.T.);
#265=ORIENTED_EDGE('',*,*,#614,.F.);
#266=ORIENTED_EDGE('',*,*,#609,.T.);
#267=ORIENTED_EDGE('',*,*,#612,.T.);
#268=ORIENTED_EDGE('',*,*,#615,.F.);
#269=ORIENTED_EDGE('',*,*,#617,.F.);
#270=ORIENTED_EDGE('',*,*,#618,.F.);
#271=ORIENTED_EDGE('',*,*,#619,.T.);
#272=ORIENTED_EDGE('',*,*,#620,.T.);
#273=ORIENTED_EDGE('',*,*,#621,.F.);
#274=ORIENTED_EDGE('',*,*,#620,.F.);
#275=ORIENTED_EDGE('',*,*,#622,.T.);
#276=ORIENTED_EDGE('',*,*,#623,.T.);
#277=ORIENTED_EDGE('',*,*,#624,.F.);
#278=ORIENTED_EDGE('',*,*,#625,.F.);
#279=ORIENTED_EDGE('',*,*,#626,.T.);
#280=ORIENTED_EDGE('',*,*,#627,.T.);
#281=ORIENTED_EDGE('',*,*,#623,.F.);
#282=ORIENTED_EDGE('',*,*,#628,.F.);
#283=ORIENTED_EDGE('',*,*,#618,.T.);
#284=ORIENTED_EDGE('',*,*,#629,.T.);
#285=ORIENTED_EDGE('',*,*,#626,.F.);
#286=ORIENTED_EDGE('',*,*,#621,.T.);
#287=ORIENTED_EDGE('',*,*,#624,.T.);
#288=ORIENTED_EDGE('',*,*,#627,.F.);
#289=ORIENTED_EDGE('',*,*,#629,.F.);
#290=ORIENTED_EDGE('',*,*,#630,.F.);
#291=ORIENTED_EDGE('',*,*,#631,.T.);
#292=ORIENTED_EDGE('',*,*,#632,.T.);
#293=ORIENTED_EDGE('',*,*,#633,.F.);
#294=ORIENTED_EDGE('',*,*,#632,.F.);
#295=ORIENTED_EDGE('',*,*,#634,.T.);
#296=ORIENTED_EDGE('',*,*,#635,.T.);
#297=ORIENTED_EDGE('',*,*,#636,.F.);
#298=ORIENTED_EDGE('',*,*,#637,.F.);
#299=ORIENTED_EDGE('',*,*,#638,.T.);
#300=ORIENTED_EDGE('',*,*,#639,.T.);
#301=ORIENTED_EDGE('',*,*,#635,.F.);
#302=ORIENTED_EDGE('',*,*,#640,.F.);
#303=ORIENTED_EDGE('',*,*,#630,.T.);
#304=ORIENTED_EDGE('',*,*,#641,.T.);
#305=ORIENTED_EDGE('',*,*,#638,.F.);
#306=ORIENTED_EDGE('',*,*,#633,.T.);
#307=ORIENTED_EDGE('',*,*,#636,.T.);
#308=ORIENTED_EDGE('',*,*,#639,.F.);
#309=ORIENTED_EDGE('',*,*,#641,.F.);
#310=ORIENTED_EDGE('',*,*,#642,.F.);
#311=ORIENTED_EDGE('',*,*,#643,.T.);
#312=ORIENTED_EDGE('',*,*,#644,.T.);
#313=ORIENTED_EDGE('',*,*,#645,.F.);
#314=ORIENTED_EDGE('',*,*,#644,.F.);
#315=ORIENTED_EDGE('',*,*,#646,.T.);
#316=ORIENTED_EDGE('',*,*,#647,.T.);
#317=ORIENTED_EDGE('',*,*,#648,.F.);
#318=ORIENTED_EDGE('',*,*,#649,.F.);
#319=ORIENTED_EDGE('',*,*,#650,.T.);
#320=ORIENTED_EDGE('',*,*,#651,.T.);
#321=ORIENTED_EDGE('',*,*,#647,.F.);
#322=ORIENTED_EDGE('',*,*,#652,.F.);
#323=ORIENTED_EDGE('',*,*,#642,.T.);
#324=ORIENTED_EDGE('',*,*,#653,.T.);
#325=ORIENTED_EDGE('',*,*,#650,.F.);
#326=ORIENTED_EDGE('',*,*,#645,.T.);
#327=ORIENTED_EDGE('',*,*,#648,.T.);
#328=ORIENTED_EDGE('',*,*,#651,.F.);
#329=ORIENTED_EDGE('',*,*,#653,.F.);
#330=ORIENTED_EDGE('',*,*,#654,.F.);
#331=ORIENTED_EDGE('',*,*,#655,.T.);
#332=ORIENTED_EDGE('',*,*,#656,.T.);
#333=ORIENTED_EDGE('',*,*,#657,.F.);
#334=ORIENTED_EDGE('',*,*,#656,.F.);
#335=ORIENTED_EDGE('',*,*,#658,.T.);
#336=ORIENTED_EDGE('',*,*,#659,.T.);
#337=ORIENTED_EDGE('',*,*,#660,.F.);
#338=ORIENTED_EDGE('',*,*,#661,.F.);
#339=ORIENTED_EDGE('',*,*,#662,.T.);
#340=ORIENTED_EDGE('',*,*,#663,.T.);
#341=ORIENTED_EDGE('',*,*,#659,.F.);
#342=ORIENTED_EDGE('',*,*,#664,.F.);
#343=ORIENTED_EDGE('',*,*,#654,.T.);
#344=ORIENTED_EDGE('',*,*,#665,.T.);
#345=ORIENTED_EDGE('',*,*,#662,.F.);
#346=ORIENTED_EDGE('',*,*,#657,.T.);
#347=ORIENTED_EDGE('',*,*,#660,.T.);
#348=ORIENTED_EDGE('',*,*,#663,.F.);
#349=ORIENTED_EDGE('',*,*,#665,.F.);
#350=ORIENTED_EDGE('',*,*,#666,.F.);
#351=ORIENTED_EDGE('',*,*,#667,.T.);
#352=ORIENTED_EDGE('',*,*,#668,.T.);
#353=ORIENTED_EDGE('',*,*,#669,.F.);
#354=ORIENTED_EDGE('',*,*,#668,.F.);
#355=ORIENTED_EDGE('',*,*,#670,.T.);
#356=ORIENTED_EDGE('',*,*,#671,.T.);
#357=ORIENTED_EDGE('',*,*,#672,.F.);
#358=ORIENTED_EDGE('',*,*,#673,.F.);
#359=ORIENTED_EDGE('',*,*,#674,.T.);
#360=ORIENTED_EDGE('',*,*,#675,.T.);
#361=ORIENTED_EDGE('',*,*,#671,.F.);
#362=ORIENTED_EDGE('',*,*,#676,.F.);
#363=ORIENTED_EDGE('',*,*,#666,.T.);
#364=ORIENTED_EDGE('',*,*,#677,.T.);
#365=ORIENTED_EDGE('',*,*,#674,.F.);
#366=ORIENTED_EDGE('',*,*,#669,.T.);
#367=ORIENTED_EDGE('',*,*,#672,.T.);
#368=ORIENTED_EDGE('',*,*,#675,.F.);
#369=ORIENTED_EDGE('',*,*,#677,.F.);
#370=ORIENTED_EDGE('',*,*,#678,.T.);
#371=ORIENTED_EDGE('',*,*,#679,.T.);
#372=ORIENTED_EDGE('',*,*,#680,.F.);
#373=ORIENTED_EDGE('',*,*,#681,.T.);
#374=ORIENTED_EDGE('',*,*,#682,.F.);
#375=ORIENTED_EDGE('',*,*,#681,.F.);
#376=ORIENTED_EDGE('',*,*,#683,.T.);
#377=ORIENTED_EDGE('',*,*,#684,.T.);
#378=ORIENTED_EDGE('',*,*,#685,.T.);
#379=ORIENTED_EDGE('',*,*,#686,.T.);
#380=ORIENTED_EDGE('',*,*,#687,.F.);
#381=ORIENTED_EDGE('',*,*,#684,.F.);
#382=ORIENTED_EDGE('',*,*,#688,.T.);
#383=ORIENTED_EDGE('',*,*,#689,.T.);
#384=ORIENTED_EDGE('',*,*,#690,.F.);
#385=ORIENTED_EDGE('',*,*,#691,.T.);
#386=ORIENTED_EDGE('',*,*,#475,.F.);
#387=ORIENTED_EDGE('',*,*,#484,.T.);
#388=ORIENTED_EDGE('',*,*,#481,.T.);
#389=ORIENTED_EDGE('',*,*,#478,.F.);
#390=ORIENTED_EDGE('',*,*,#487,.F.);
#391=ORIENTED_EDGE('',*,*,#496,.T.);
#392=ORIENTED_EDGE('',*,*,#493,.T.);
#393=ORIENTED_EDGE('',*,*,#490,.F.);
#394=ORIENTED_EDGE('',*,*,#499,.F.);
#395=ORIENTED_EDGE('',*,*,#508,.T.);
#396=ORIENTED_EDGE('',*,*,#505,.T.);
#397=ORIENTED_EDGE('',*,*,#502,.F.);
#398=ORIENTED_EDGE('',*,*,#511,.F.);
#399=ORIENTED_EDGE('',*,*,#520,.T.);
#400=ORIENTED_EDGE('',*,*,#517,.T.);
#401=ORIENTED_EDGE('',*,*,#514,.F.);
#402=ORIENTED_EDGE('',*,*,#523,.F.);
#403=ORIENTED_EDGE('',*,*,#532,.T.);
#404=ORIENTED_EDGE('',*,*,#529,.T.);
#405=ORIENTED_EDGE('',*,*,#526,.F.);
#406=ORIENTED_EDGE('',*,*,#535,.F.);
#407=ORIENTED_EDGE('',*,*,#544,.T.);
#408=ORIENTED_EDGE('',*,*,#541,.T.);
#409=ORIENTED_EDGE('',*,*,#538,.F.);
#410=ORIENTED_EDGE('',*,*,#547,.F.);
#411=ORIENTED_EDGE('',*,*,#556,.T.);
#412=ORIENTED_EDGE('',*,*,#553,.T.);
#413=ORIENTED_EDGE('',*,*,#550,.F.);
#414=ORIENTED_EDGE('',*,*,#559,.F.);
#415=ORIENTED_EDGE('',*,*,#568,.T.);
#416=ORIENTED_EDGE('',*,*,#565,.T.);
#417=ORIENTED_EDGE('',*,*,#562,.F.);
#418=ORIENTED_EDGE('',*,*,#571,.F.);
#419=ORIENTED_EDGE('',*,*,#580,.T.);
#420=ORIENTED_EDGE('',*,*,#577,.T.);
#421=ORIENTED_EDGE('',*,*,#574,.F.);
#422=ORIENTED_EDGE('',*,*,#583,.F.);
#423=ORIENTED_EDGE('',*,*,#592,.T.);
#424=ORIENTED_EDGE('',*,*,#589,.T.);
#425=ORIENTED_EDGE('',*,*,#586,.F.);
#426=ORIENTED_EDGE('',*,*,#595,.F.);
#427=ORIENTED_EDGE('',*,*,#604,.T.);
#428=ORIENTED_EDGE('',*,*,#601,.T.);
#429=ORIENTED_EDGE('',*,*,#598,.F.);
#430=ORIENTED_EDGE('',*,*,#607,.F.);
#431=ORIENTED_EDGE('',*,*,#616,.T.);
#432=ORIENTED_EDGE('',*,*,#613,.T.);
#433=ORIENTED_EDGE('',*,*,#610,.F.);
#434=ORIENTED_EDGE('',*,*,#619,.F.);
#435=ORIENTED_EDGE('',*,*,#628,.T.);
#436=ORIENTED_EDGE('',*,*,#625,.T.);
#437=ORIENTED_EDGE('',*,*,#622,.F.);
#438=ORIENTED_EDGE('',*,*,#643,.F.);
#439=ORIENTED_EDGE('',*,*,#652,.T.);
#440=ORIENTED_EDGE('',*,*,#649,.T.);
#441=ORIENTED_EDGE('',*,*,#646,.F.);
#442=ORIENTED_EDGE('',*,*,#655,.F.);
#443=ORIENTED_EDGE('',*,*,#664,.T.);
#444=ORIENTED_EDGE('',*,*,#661,.T.);
#445=ORIENTED_EDGE('',*,*,#658,.F.);
#446=ORIENTED_EDGE('',*,*,#667,.F.);
#447=ORIENTED_EDGE('',*,*,#676,.T.);
#448=ORIENTED_EDGE('',*,*,#673,.T.);
#449=ORIENTED_EDGE('',*,*,#670,.F.);
#450=ORIENTED_EDGE('',*,*,#640,.T.);
#451=ORIENTED_EDGE('',*,*,#637,.T.);
#452=ORIENTED_EDGE('',*,*,#634,.F.);
#453=ORIENTED_EDGE('',*,*,#631,.F.);
#454=ORIENTED_EDGE('',*,*,#690,.T.);
#455=ORIENTED_EDGE('',*,*,#692,.T.);
#456=ORIENTED_EDGE('',*,*,#685,.F.);
#457=ORIENTED_EDGE('',*,*,#683,.F.);
#458=ORIENTED_EDGE('',*,*,#680,.T.);
#459=ORIENTED_EDGE('',*,*,#693,.T.);
#460=ORIENTED_EDGE('',*,*,#687,.T.);
#461=ORIENTED_EDGE('',*,*,#694,.T.);
#462=ORIENTED_EDGE('',*,*,#688,.F.);
#463=ORIENTED_EDGE('',*,*,#695,.T.);
#464=ORIENTED_EDGE('',*,*,#678,.F.);
#465=ORIENTED_EDGE('',*,*,#682,.T.);
#466=ORIENTED_EDGE('',*,*,#692,.F.);
#467=ORIENTED_EDGE('',*,*,#689,.F.);
#468=ORIENTED_EDGE('',*,*,#694,.F.);
#469=ORIENTED_EDGE('',*,*,#686,.F.);
#470=ORIENTED_EDGE('',*,*,#693,.F.);
#471=ORIENTED_EDGE('',*,*,#679,.F.);
#472=ORIENTED_EDGE('',*,*,#695,.F.);
#473=ORIENTED_EDGE('',*,*,#691,.F.);
#474=EDGE_CURVE('',#696,#697,#844,.T.);
#475=EDGE_CURVE('',#696,#698,#845,.T.);
#476=EDGE_CURVE('',#698,#699,#846,.T.);
#477=EDGE_CURVE('',#697,#699,#847,.T.);
#478=EDGE_CURVE('',#698,#700,#848,.T.);
#479=EDGE_CURVE('',#700,#701,#849,.T.);
#480=EDGE_CURVE('',#699,#701,#850,.T.);
#481=EDGE_CURVE('',#702,#700,#851,.T.);
#482=EDGE_CURVE('',#702,#703,#852,.T.);
#483=EDGE_CURVE('',#703,#701,#853,.T.);
#484=EDGE_CURVE('',#696,#702,#854,.T.);
#485=EDGE_CURVE('',#697,#703,#855,.T.);
#486=EDGE_CURVE('',#704,#705,#856,.T.);
#487=EDGE_CURVE('',#704,#706,#857,.T.);
#488=EDGE_CURVE('',#706,#707,#858,.T.);
#489=EDGE_CURVE('',#705,#707,#859,.T.);
#490=EDGE_CURVE('',#706,#708,#860,.T.);
#491=EDGE_CURVE('',#708,#709,#861,.T.);
#492=EDGE_CURVE('',#707,#709,#862,.T.);
#493=EDGE_CURVE('',#710,#708,#863,.T.);
#494=EDGE_CURVE('',#710,#711,#864,.T.);
#495=EDGE_CURVE('',#711,#709,#865,.T.);
#496=EDGE_CURVE('',#704,#710,#866,.T.);
#497=EDGE_CURVE('',#705,#711,#867,.T.);
#498=EDGE_CURVE('',#712,#713,#868,.T.);
#499=EDGE_CURVE('',#712,#714,#869,.T.);
#500=EDGE_CURVE('',#714,#715,#870,.T.);
#501=EDGE_CURVE('',#713,#715,#871,.T.);
#502=EDGE_CURVE('',#714,#716,#872,.T.);
#503=EDGE_CURVE('',#716,#717,#873,.T.);
#504=EDGE_CURVE('',#715,#717,#874,.T.);
#505=EDGE_CURVE('',#718,#716,#875,.T.);
#506=EDGE_CURVE('',#718,#719,#876,.T.);
#507=EDGE_CURVE('',#719,#717,#877,.T.);
#508=EDGE_CURVE('',#712,#718,#878,.T.);
#509=EDGE_CURVE('',#713,#719,#879,.T.);
#510=EDGE_CURVE('',#720,#721,#880,.T.);
#511=EDGE_CURVE('',#720,#722,#881,.T.);
#512=EDGE_CURVE('',#722,#723,#882,.T.);
#513=EDGE_CURVE('',#721,#723,#883,.T.);
#514=EDGE_CURVE('',#722,#724,#884,.T.);
#515=EDGE_CURVE('',#724,#725,#885,.T.);
#516=EDGE_CURVE('',#723,#725,#886,.T.);
#517=EDGE_CURVE('',#726,#724,#887,.T.);
#518=EDGE_CURVE('',#726,#727,#888,.T.);
#519=EDGE_CURVE('',#727,#725,#889,.T.);
#520=EDGE_CURVE('',#720,#726,#890,.T.);
#521=EDGE_CURVE('',#721,#727,#891,.T.);
#522=EDGE_CURVE('',#728,#729,#892,.T.);
#523=EDGE_CURVE('',#728,#730,#893,.T.);
#524=EDGE_CURVE('',#730,#731,#894,.T.);
#525=EDGE_CURVE('',#729,#731,#895,.T.);
#526=EDGE_CURVE('',#730,#732,#896,.T.);
#527=EDGE_CURVE('',#732,#733,#897,.T.);
#528=EDGE_CURVE('',#731,#733,#898,.T.);
#529=EDGE_CURVE('',#734,#732,#899,.T.);
#530=EDGE_CURVE('',#734,#735,#900,.T.);
#531=EDGE_CURVE('',#735,#733,#901,.T.);
#532=EDGE_CURVE('',#728,#734,#902,.T.);
#533=EDGE_CURVE('',#729,#735,#903,.T.);
#534=EDGE_CURVE('',#736,#737,#904,.T.);
#535=EDGE_CURVE('',#736,#738,#905,.T.);
#536=EDGE_CURVE('',#738,#739,#906,.T.);
#537=EDGE_CURVE('',#737,#739,#907,.T.);
#538=EDGE_CURVE('',#738,#740,#908,.T.);
#539=EDGE_CURVE('',#740,#741,#909,.T.);
#540=EDGE_CURVE('',#739,#741,#910,.T.);
#541=EDGE_CURVE('',#742,#740,#911,.T.);
#542=EDGE_CURVE('',#742,#743,#912,.T.);
#543=EDGE_CURVE('',#743,#741,#913,.T.);
#544=EDGE_CURVE('',#736,#742,#914,.T.);
#545=EDGE_CURVE('',#737,#743,#915,.T.);
#546=EDGE_CURVE('',#744,#745,#916,.T.);
#547=EDGE_CURVE('',#744,#746,#917,.T.);
#548=EDGE_CURVE('',#746,#747,#918,.T.);
#549=EDGE_CURVE('',#745,#747,#919,.T.);
#550=EDGE_CURVE('',#746,#748,#920,.T.);
#551=EDGE_CURVE('',#748,#749,#921,.T.);
#552=EDGE_CURVE('',#747,#749,#922,.T.);
#553=EDGE_CURVE('',#750,#748,#923,.T.);
#554=EDGE_CURVE('',#750,#751,#924,.T.);
#555=EDGE_CURVE('',#751,#749,#925,.T.);
#556=EDGE_CURVE('',#744,#750,#926,.T.);
#557=EDGE_CURVE('',#745,#751,#927,.T.);
#558=EDGE_CURVE('',#752,#753,#928,.T.);
#559=EDGE_CURVE('',#752,#754,#929,.T.);
#560=EDGE_CURVE('',#754,#755,#930,.T.);
#561=EDGE_CURVE('',#753,#755,#931,.T.);
#562=EDGE_CURVE('',#754,#756,#932,.T.);
#563=EDGE_CURVE('',#756,#757,#933,.T.);
#564=EDGE_CURVE('',#755,#757,#934,.T.);
#565=EDGE_CURVE('',#758,#756,#935,.T.);
#566=EDGE_CURVE('',#758,#759,#936,.T.);
#567=EDGE_CURVE('',#759,#757,#937,.T.);
#568=EDGE_CURVE('',#752,#758,#938,.T.);
#569=EDGE_CURVE('',#753,#759,#939,.T.);
#570=EDGE_CURVE('',#760,#761,#940,.T.);
#571=EDGE_CURVE('',#760,#762,#941,.T.);
#572=EDGE_CURVE('',#762,#763,#942,.T.);
#573=EDGE_CURVE('',#761,#763,#943,.T.);
#574=EDGE_CURVE('',#762,#764,#944,.T.);
#575=EDGE_CURVE('',#764,#765,#945,.T.);
#576=EDGE_CURVE('',#763,#765,#946,.T.);
#577=EDGE_CURVE('',#766,#764,#947,.T.);
#578=EDGE_CURVE('',#766,#767,#948,.T.);
#579=EDGE_CURVE('',#767,#765,#949,.T.);
#580=EDGE_CURVE('',#760,#766,#950,.T.);
#581=EDGE_CURVE('',#761,#767,#951,.T.);
#582=EDGE_CURVE('',#768,#769,#952,.T.);
#583=EDGE_CURVE('',#768,#770,#953,.T.);
#584=EDGE_CURVE('',#770,#771,#954,.T.);
#585=EDGE_CURVE('',#769,#771,#955,.T.);
#586=EDGE_CURVE('',#770,#772,#956,.T.);
#587=EDGE_CURVE('',#772,#773,#957,.T.);
#588=EDGE_CURVE('',#771,#773,#958,.T.);
#589=EDGE_CURVE('',#774,#772,#959,.T.);
#590=EDGE_CURVE('',#774,#775,#960,.T.);
#591=EDGE_CURVE('',#775,#773,#961,.T.);
#592=EDGE_CURVE('',#768,#774,#962,.T.);
#593=EDGE_CURVE('',#769,#775,#963,.T.);
#594=EDGE_CURVE('',#776,#777,#964,.T.);
#595=EDGE_CURVE('',#776,#778,#965,.T.);
#596=EDGE_CURVE('',#778,#779,#966,.T.);
#597=EDGE_CURVE('',#777,#779,#967,.T.);
#598=EDGE_CURVE('',#778,#780,#968,.T.);
#599=EDGE_CURVE('',#780,#781,#969,.T.);
#600=EDGE_CURVE('',#779,#781,#970,.T.);
#601=EDGE_CURVE('',#782,#780,#971,.T.);
#602=EDGE_CURVE('',#782,#783,#972,.T.);
#603=EDGE_CURVE('',#783,#781,#973,.T.);
#604=EDGE_CURVE('',#776,#782,#974,.T.);
#605=EDGE_CURVE('',#777,#783,#975,.T.);
#606=EDGE_CURVE('',#784,#785,#976,.T.);
#607=EDGE_CURVE('',#784,#786,#977,.T.);
#608=EDGE_CURVE('',#786,#787,#978,.T.);
#609=EDGE_CURVE('',#785,#787,#979,.T.);
#610=EDGE_CURVE('',#786,#788,#980,.T.);
#611=EDGE_CURVE('',#788,#789,#981,.T.);
#612=EDGE_CURVE('',#787,#789,#982,.T.);
#613=EDGE_CURVE('',#790,#788,#983,.T.);
#614=EDGE_CURVE('',#790,#791,#984,.T.);
#615=EDGE_CURVE('',#791,#789,#985,.T.);
#616=EDGE_CURVE('',#784,#790,#986,.T.);
#617=EDGE_CURVE('',#785,#791,#987,.T.);
#618=EDGE_CURVE('',#792,#793,#988,.T.);
#619=EDGE_CURVE('',#792,#794,#989,.T.);
#620=EDGE_CURVE('',#794,#795,#990,.T.);
#621=EDGE_CURVE('',#793,#795,#991,.T.);
#622=EDGE_CURVE('',#794,#796,#992,.T.);
#623=EDGE_CURVE('',#796,#797,#993,.T.);
#624=EDGE_CURVE('',#795,#797,#994,.T.);
#625=EDGE_CURVE('',#798,#796,#995,.T.);
#626=EDGE_CURVE('',#798,#799,#996,.T.);
#627=EDGE_CURVE('',#799,#797,#997,.T.);
#628=EDGE_CURVE('',#792,#798,#998,.T.);
#629=EDGE_CURVE('',#793,#799,#999,.T.);
#630=EDGE_CURVE('',#800,#801,#1000,.T.);
#631=EDGE_CURVE('',#800,#802,#1001,.T.);
#632=EDGE_CURVE('',#802,#803,#1002,.T.);
#633=EDGE_CURVE('',#801,#803,#1003,.T.);
#634=EDGE_CURVE('',#802,#804,#1004,.T.);
#635=EDGE_CURVE('',#804,#805,#1005,.T.);
#636=EDGE_CURVE('',#803,#805,#1006,.T.);
#637=EDGE_CURVE('',#806,#804,#1007,.T.);
#638=EDGE_CURVE('',#806,#807,#1008,.T.);
#639=EDGE_CURVE('',#807,#805,#1009,.T.);
#640=EDGE_CURVE('',#800,#806,#1010,.T.);
#641=EDGE_CURVE('',#801,#807,#1011,.T.);
#642=EDGE_CURVE('',#808,#809,#1012,.T.);
#643=EDGE_CURVE('',#808,#810,#1013,.T.);
#644=EDGE_CURVE('',#810,#811,#1014,.T.);
#645=EDGE_CURVE('',#809,#811,#1015,.T.);
#646=EDGE_CURVE('',#810,#812,#1016,.T.);
#647=EDGE_CURVE('',#812,#813,#1017,.T.);
#648=EDGE_CURVE('',#811,#813,#1018,.T.);
#649=EDGE_CURVE('',#814,#812,#1019,.T.);
#650=EDGE_CURVE('',#814,#815,#1020,.T.);
#651=EDGE_CURVE('',#815,#813,#1021,.T.);
#652=EDGE_CURVE('',#808,#814,#1022,.T.);
#653=EDGE_CURVE('',#809,#815,#1023,.T.);
#654=EDGE_CURVE('',#816,#817,#1024,.T.);
#655=EDGE_CURVE('',#816,#818,#1025,.T.);
#656=EDGE_CURVE('',#818,#819,#1026,.T.);
#657=EDGE_CURVE('',#817,#819,#1027,.T.);
#658=EDGE_CURVE('',#818,#820,#1028,.T.);
#659=EDGE_CURVE('',#820,#821,#1029,.T.);
#660=EDGE_CURVE('',#819,#821,#1030,.T.);
#661=EDGE_CURVE('',#822,#820,#1031,.T.);
#662=EDGE_CURVE('',#822,#823,#1032,.T.);
#663=EDGE_CURVE('',#823,#821,#1033,.T.);
#664=EDGE_CURVE('',#816,#822,#1034,.T.);
#665=EDGE_CURVE('',#817,#823,#1035,.T.);
#666=EDGE_CURVE('',#824,#825,#1036,.T.);
#667=EDGE_CURVE('',#824,#826,#1037,.T.);
#668=EDGE_CURVE('',#826,#827,#1038,.T.);
#669=EDGE_CURVE('',#825,#827,#1039,.T.);
#670=EDGE_CURVE('',#826,#828,#1040,.T.);
#671=EDGE_CURVE('',#828,#829,#1041,.T.);
#672=EDGE_CURVE('',#827,#829,#1042,.T.);
#673=EDGE_CURVE('',#830,#828,#1043,.T.);
#674=EDGE_CURVE('',#830,#831,#1044,.T.);
#675=EDGE_CURVE('',#831,#829,#1045,.T.);
#676=EDGE_CURVE('',#824,#830,#1046,.T.);
#677=EDGE_CURVE('',#825,#831,#1047,.T.);
#678=EDGE_CURVE('',#832,#833,#12,.T.);
#679=EDGE_CURVE('',#833,#834,#1048,.F.);
#680=EDGE_CURVE('',#835,#834,#13,.T.);
#681=EDGE_CURVE('',#835,#832,#1049,.T.);
#682=EDGE_CURVE('',#832,#836,#14,.T.);
#683=EDGE_CURVE('',#835,#837,#15,.T.);
#684=EDGE_CURVE('',#837,#836,#1050,.T.);
#685=EDGE_CURVE('',#837,#838,#16,.T.);
#686=EDGE_CURVE('',#838,#839,#1051,.T.);
#687=EDGE_CURVE('',#836,#839,#17,.T.);
#688=EDGE_CURVE('',#840,#841,#18,.T.);
#689=EDGE_CURVE('',#841,#842,#1052,.F.);
#690=EDGE_CURVE('',#843,#842,#19,.T.);
#691=EDGE_CURVE('',#843,#840,#1053,.T.);
#692=EDGE_CURVE('',#842,#838,#20,.F.);
#693=EDGE_CURVE('',#834,#843,#21,.F.);
#694=EDGE_CURVE('',#839,#841,#22,.F.);
#695=EDGE_CURVE('',#840,#833,#23,.F.);
#696=VERTEX_POINT('',#2207);
#697=VERTEX_POINT('',#2208);
#698=VERTEX_POINT('',#2210);
#699=VERTEX_POINT('',#2212);
#700=VERTEX_POINT('',#2216);
#701=VERTEX_POINT('',#2218);
#702=VERTEX_POINT('',#2222);
#703=VERTEX_POINT('',#2224);
#704=VERTEX_POINT('',#2232);
#705=VERTEX_POINT('',#2233);
#706=VERTEX_POINT('',#2235);
#707=VERTEX_POINT('',#2237);
#708=VERTEX_POINT('',#2241);
#709=VERTEX_POINT('',#2243);
#710=VERTEX_POINT('',#2247);
#711=VERTEX_POINT('',#2249);
#712=VERTEX_POINT('',#2257);
#713=VERTEX_POINT('',#2258);
#714=VERTEX_POINT('',#2260);
#715=VERTEX_POINT('',#2262);
#716=VERTEX_POINT('',#2266);
#717=VERTEX_POINT('',#2268);
#718=VERTEX_POINT('',#2272);
#719=VERTEX_POINT('',#2274);
#720=VERTEX_POINT('',#2282);
#721=VERTEX_POINT('',#2283);
#722=VERTEX_POINT('',#2285);
#723=VERTEX_POINT('',#2287);
#724=VERTEX_POINT('',#2291);
#725=VERTEX_POINT('',#2293);
#726=VERTEX_POINT('',#2297);
#727=VERTEX_POINT('',#2299);
#728=VERTEX_POINT('',#2307);
#729=VERTEX_POINT('',#2308);
#730=VERTEX_POINT('',#2310);
#731=VERTEX_POINT('',#2312);
#732=VERTEX_POINT('',#2316);
#733=VERTEX_POINT('',#2318);
#734=VERTEX_POINT('',#2322);
#735=VERTEX_POINT('',#2324);
#736=VERTEX_POINT('',#2332);
#737=VERTEX_POINT('',#2333);
#738=VERTEX_POINT('',#2335);
#739=VERTEX_POINT('',#2337);
#740=VERTEX_POINT('',#2341);
#741=VERTEX_POINT('',#2343);
#742=VERTEX_POINT('',#2347);
#743=VERTEX_POINT('',#2349);
#744=VERTEX_POINT('',#2357);
#745=VERTEX_POINT('',#2358);
#746=VERTEX_POINT('',#2360);
#747=VERTEX_POINT('',#2362);
#748=VERTEX_POINT('',#2366);
#749=VERTEX_POINT('',#2368);
#750=VERTEX_POINT('',#2372);
#751=VERTEX_POINT('',#2374);
#752=VERTEX_POINT('',#2382);
#753=VERTEX_POINT('',#2383);
#754=VERTEX_POINT('',#2385);
#755=VERTEX_POINT('',#2387);
#756=VERTEX_POINT('',#2391);
#757=VERTEX_POINT('',#2393);
#758=VERTEX_POINT('',#2397);
#759=VERTEX_POINT('',#2399);
#760=VERTEX_POINT('',#2407);
#761=VERTEX_POINT('',#2408);
#762=VERTEX_POINT('',#2410);
#763=VERTEX_POINT('',#2412);
#764=VERTEX_POINT('',#2416);
#765=VERTEX_POINT('',#2418);
#766=VERTEX_POINT('',#2422);
#767=VERTEX_POINT('',#2424);
#768=VERTEX_POINT('',#2432);
#769=VERTEX_POINT('',#2433);
#770=VERTEX_POINT('',#2435);
#771=VERTEX_POINT('',#2437);
#772=VERTEX_POINT('',#2441);
#773=VERTEX_POINT('',#2443);
#774=VERTEX_POINT('',#2447);
#775=VERTEX_POINT('',#2449);
#776=VERTEX_POINT('',#2457);
#777=VERTEX_POINT('',#2458);
#778=VERTEX_POINT('',#2460);
#779=VERTEX_POINT('',#2462);
#780=VERTEX_POINT('',#2466);
#781=VERTEX_POINT('',#2468);
#782=VERTEX_POINT('',#2472);
#783=VERTEX_POINT('',#2474);
#784=VERTEX_POINT('',#2482);
#785=VERTEX_POINT('',#2483);
#786=VERTEX_POINT('',#2485);
#787=VERTEX_POINT('',#2487);
#788=VERTEX_POINT('',#2491);
#789=VERTEX_POINT('',#2493);
#790=VERTEX_POINT('',#2497);
#791=VERTEX_POINT('',#2499);
#792=VERTEX_POINT('',#2507);
#793=VERTEX_POINT('',#2508);
#794=VERTEX_POINT('',#2510);
#795=VERTEX_POINT('',#2512);
#796=VERTEX_POINT('',#2516);
#797=VERTEX_POINT('',#2518);
#798=VERTEX_POINT('',#2522);
#799=VERTEX_POINT('',#2524);
#800=VERTEX_POINT('',#2532);
#801=VERTEX_POINT('',#2533);
#802=VERTEX_POINT('',#2535);
#803=VERTEX_POINT('',#2537);
#804=VERTEX_POINT('',#2541);
#805=VERTEX_POINT('',#2543);
#806=VERTEX_POINT('',#2547);
#807=VERTEX_POINT('',#2549);
#808=VERTEX_POINT('',#2557);
#809=VERTEX_POINT('',#2558);
#810=VERTEX_POINT('',#2560);
#811=VERTEX_POINT('',#2562);
#812=VERTEX_POINT('',#2566);
#813=VERTEX_POINT('',#2568);
#814=VERTEX_POINT('',#2572);
#815=VERTEX_POINT('',#2574);
#816=VERTEX_POINT('',#2582);
#817=VERTEX_POINT('',#2583);
#818=VERTEX_POINT('',#2585);
#819=VERTEX_POINT('',#2587);
#820=VERTEX_POINT('',#2591);
#821=VERTEX_POINT('',#2593);
#822=VERTEX_POINT('',#2597);
#823=VERTEX_POINT('',#2599);
#824=VERTEX_POINT('',#2607);
#825=VERTEX_POINT('',#2608);
#826=VERTEX_POINT('',#2610);
#827=VERTEX_POINT('',#2612);
#828=VERTEX_POINT('',#2616);
#829=VERTEX_POINT('',#2618);
#830=VERTEX_POINT('',#2622);
#831=VERTEX_POINT('',#2624);
#832=VERTEX_POINT('',#2632);
#833=VERTEX_POINT('',#2633);
#834=VERTEX_POINT('',#2635);
#835=VERTEX_POINT('',#2637);
#836=VERTEX_POINT('',#2641);
#837=VERTEX_POINT('',#2643);
#838=VERTEX_POINT('',#2647);
#839=VERTEX_POINT('',#2649);
#840=VERTEX_POINT('',#2653);
#841=VERTEX_POINT('',#2654);
#842=VERTEX_POINT('',#2656);
#843=VERTEX_POINT('',#2658);
#844=LINE('',#2206,#1054);
#845=LINE('',#2209,#1055);
#846=LINE('',#2211,#1056);
#847=LINE('',#2213,#1057);
#848=LINE('',#2215,#1058);
#849=LINE('',#2217,#1059);
#850=LINE('',#2219,#1060);
#851=LINE('',#2221,#1061);
#852=LINE('',#2223,#1062);
#853=LINE('',#2225,#1063);
#854=LINE('',#2227,#1064);
#855=LINE('',#2228,#1065);
#856=LINE('',#2231,#1066);
#857=LINE('',#2234,#1067);
#858=LINE('',#2236,#1068);
#859=LINE('',#2238,#1069);
#860=LINE('',#2240,#1070);
#861=LINE('',#2242,#1071);
#862=LINE('',#2244,#1072);
#863=LINE('',#2246,#1073);
#864=LINE('',#2248,#1074);
#865=LINE('',#2250,#1075);
#866=LINE('',#2252,#1076);
#867=LINE('',#2253,#1077);
#868=LINE('',#2256,#1078);
#869=LINE('',#2259,#1079);
#870=LINE('',#2261,#1080);
#871=LINE('',#2263,#1081);
#872=LINE('',#2265,#1082);
#873=LINE('',#2267,#1083);
#874=LINE('',#2269,#1084);
#875=LINE('',#2271,#1085);
#876=LINE('',#2273,#1086);
#877=LINE('',#2275,#1087);
#878=LINE('',#2277,#1088);
#879=LINE('',#2278,#1089);
#880=LINE('',#2281,#1090);
#881=LINE('',#2284,#1091);
#882=LINE('',#2286,#1092);
#883=LINE('',#2288,#1093);
#884=LINE('',#2290,#1094);
#885=LINE('',#2292,#1095);
#886=LINE('',#2294,#1096);
#887=LINE('',#2296,#1097);
#888=LINE('',#2298,#1098);
#889=LINE('',#2300,#1099);
#890=LINE('',#2302,#1100);
#891=LINE('',#2303,#1101);
#892=LINE('',#2306,#1102);
#893=LINE('',#2309,#1103);
#894=LINE('',#2311,#1104);
#895=LINE('',#2313,#1105);
#896=LINE('',#2315,#1106);
#897=LINE('',#2317,#1107);
#898=LINE('',#2319,#1108);
#899=LINE('',#2321,#1109);
#900=LINE('',#2323,#1110);
#901=LINE('',#2325,#1111);
#902=LINE('',#2327,#1112);
#903=LINE('',#2328,#1113);
#904=LINE('',#2331,#1114);
#905=LINE('',#2334,#1115);
#906=LINE('',#2336,#1116);
#907=LINE('',#2338,#1117);
#908=LINE('',#2340,#1118);
#909=LINE('',#2342,#1119);
#910=LINE('',#2344,#1120);
#911=LINE('',#2346,#1121);
#912=LINE('',#2348,#1122);
#913=LINE('',#2350,#1123);
#914=LINE('',#2352,#1124);
#915=LINE('',#2353,#1125);
#916=LINE('',#2356,#1126);
#917=LINE('',#2359,#1127);
#918=LINE('',#2361,#1128);
#919=LINE('',#2363,#1129);
#920=LINE('',#2365,#1130);
#921=LINE('',#2367,#1131);
#922=LINE('',#2369,#1132);
#923=LINE('',#2371,#1133);
#924=LINE('',#2373,#1134);
#925=LINE('',#2375,#1135);
#926=LINE('',#2377,#1136);
#927=LINE('',#2378,#1137);
#928=LINE('',#2381,#1138);
#929=LINE('',#2384,#1139);
#930=LINE('',#2386,#1140);
#931=LINE('',#2388,#1141);
#932=LINE('',#2390,#1142);
#933=LINE('',#2392,#1143);
#934=LINE('',#2394,#1144);
#935=LINE('',#2396,#1145);
#936=LINE('',#2398,#1146);
#937=LINE('',#2400,#1147);
#938=LINE('',#2402,#1148);
#939=LINE('',#2403,#1149);
#940=LINE('',#2406,#1150);
#941=LINE('',#2409,#1151);
#942=LINE('',#2411,#1152);
#943=LINE('',#2413,#1153);
#944=LINE('',#2415,#1154);
#945=LINE('',#2417,#1155);
#946=LINE('',#2419,#1156);
#947=LINE('',#2421,#1157);
#948=LINE('',#2423,#1158);
#949=LINE('',#2425,#1159);
#950=LINE('',#2427,#1160);
#951=LINE('',#2428,#1161);
#952=LINE('',#2431,#1162);
#953=LINE('',#2434,#1163);
#954=LINE('',#2436,#1164);
#955=LINE('',#2438,#1165);
#956=LINE('',#2440,#1166);
#957=LINE('',#2442,#1167);
#958=LINE('',#2444,#1168);
#959=LINE('',#2446,#1169);
#960=LINE('',#2448,#1170);
#961=LINE('',#2450,#1171);
#962=LINE('',#2452,#1172);
#963=LINE('',#2453,#1173);
#964=LINE('',#2456,#1174);
#965=LINE('',#2459,#1175);
#966=LINE('',#2461,#1176);
#967=LINE('',#2463,#1177);
#968=LINE('',#2465,#1178);
#969=LINE('',#2467,#1179);
#970=LINE('',#2469,#1180);
#971=LINE('',#2471,#1181);
#972=LINE('',#2473,#1182);
#973=LINE('',#2475,#1183);
#974=LINE('',#2477,#1184);
#975=LINE('',#2478,#1185);
#976=LINE('',#2481,#1186);
#977=LINE('',#2484,#1187);
#978=LINE('',#2486,#1188);
#979=LINE('',#2488,#1189);
#980=LINE('',#2490,#1190);
#981=LINE('',#2492,#1191);
#982=LINE('',#2494,#1192);
#983=LINE('',#2496,#1193);
#984=LINE('',#2498,#1194);
#985=LINE('',#2500,#1195);
#986=LINE('',#2502,#1196);
#987=LINE('',#2503,#1197);
#988=LINE('',#2506,#1198);
#989=LINE('',#2509,#1199);
#990=LINE('',#2511,#1200);
#991=LINE('',#2513,#1201);
#992=LINE('',#2515,#1202);
#993=LINE('',#2517,#1203);
#994=LINE('',#2519,#1204);
#995=LINE('',#2521,#1205);
#996=LINE('',#2523,#1206);
#997=LINE('',#2525,#1207);
#998=LINE('',#2527,#1208);
#999=LINE('',#2528,#1209);
#1000=LINE('',#2531,#1210);
#1001=LINE('',#2534,#1211);
#1002=LINE('',#2536,#1212);
#1003=LINE('',#2538,#1213);
#1004=LINE('',#2540,#1214);
#1005=LINE('',#2542,#1215);
#1006=LINE('',#2544,#1216);
#1007=LINE('',#2546,#1217);
#1008=LINE('',#2548,#1218);
#1009=LINE('',#2550,#1219);
#1010=LINE('',#2552,#1220);
#1011=LINE('',#2553,#1221);
#1012=LINE('',#2556,#1222);
#1013=LINE('',#2559,#1223);
#1014=LINE('',#2561,#1224);
#1015=LINE('',#2563,#1225);
#1016=LINE('',#2565,#1226);
#1017=LINE('',#2567,#1227);
#1018=LINE('',#2569,#1228);
#1019=LINE('',#2571,#1229);
#1020=LINE('',#2573,#1230);
#1021=LINE('',#2575,#1231);
#1022=LINE('',#2577,#1232);
#1023=LINE('',#2578,#1233);
#1024=LINE('',#2581,#1234);
#1025=LINE('',#2584,#1235);
#1026=LINE('',#2586,#1236);
#1027=LINE('',#2588,#1237);
#1028=LINE('',#2590,#1238);
#1029=LINE('',#2592,#1239);
#1030=LINE('',#2594,#1240);
#1031=LINE('',#2596,#1241);
#1032=LINE('',#2598,#1242);
#1033=LINE('',#2600,#1243);
#1034=LINE('',#2602,#1244);
#1035=LINE('',#2603,#1245);
#1036=LINE('',#2606,#1246);
#1037=LINE('',#2609,#1247);
#1038=LINE('',#2611,#1248);
#1039=LINE('',#2613,#1249);
#1040=LINE('',#2615,#1250);
#1041=LINE('',#2617,#1251);
#1042=LINE('',#2619,#1252);
#1043=LINE('',#2621,#1253);
#1044=LINE('',#2623,#1254);
#1045=LINE('',#2625,#1255);
#1046=LINE('',#2627,#1256);
#1047=LINE('',#2628,#1257);
#1048=LINE('',#2634,#1258);
#1049=LINE('',#2638,#1259);
#1050=LINE('',#2644,#1260);
#1051=LINE('',#2648,#1261);
#1052=LINE('',#2655,#1262);
#1053=LINE('',#2659,#1263);
#1054=VECTOR('',#1786,1.);
#1055=VECTOR('',#1787,1.);
#1056=VECTOR('',#1788,1.);
#1057=VECTOR('',#1789,1.);
#1058=VECTOR('',#1792,1.);
#1059=VECTOR('',#1793,1.);
#1060=VECTOR('',#1794,1.);
#1061=VECTOR('',#1797,1.);
#1062=VECTOR('',#1798,1.);
#1063=VECTOR('',#1799,1.);
#1064=VECTOR('',#1802,1.);
#1065=VECTOR('',#1803,1.);
#1066=VECTOR('',#1808,1.);
#1067=VECTOR('',#1809,1.);
#1068=VECTOR('',#1810,1.);
#1069=VECTOR('',#1811,1.);
#1070=VECTOR('',#1814,1.);
#1071=VECTOR('',#1815,1.);
#1072=VECTOR('',#1816,1.);
#1073=VECTOR('',#1819,1.);
#1074=VECTOR('',#1820,1.);
#1075=VECTOR('',#1821,1.);
#1076=VECTOR('',#1824,1.);
#1077=VECTOR('',#1825,1.);
#1078=VECTOR('',#1830,1.);
#1079=VECTOR('',#1831,1.);
#1080=VECTOR('',#1832,1.);
#1081=VECTOR('',#1833,1.);
#1082=VECTOR('',#1836,1.);
#1083=VECTOR('',#1837,1.);
#1084=VECTOR('',#1838,1.);
#1085=VECTOR('',#1841,1.);
#1086=VECTOR('',#1842,1.);
#1087=VECTOR('',#1843,1.);
#1088=VECTOR('',#1846,1.);
#1089=VECTOR('',#1847,1.);
#1090=VECTOR('',#1852,1.);
#1091=VECTOR('',#1853,1.);
#1092=VECTOR('',#1854,1.);
#1093=VECTOR('',#1855,1.);
#1094=VECTOR('',#1858,1.);
#1095=VECTOR('',#1859,1.);
#1096=VECTOR('',#1860,1.);
#1097=VECTOR('',#1863,1.);
#1098=VECTOR('',#1864,1.);
#1099=VECTOR('',#1865,1.);
#1100=VECTOR('',#1868,1.);
#1101=VECTOR('',#1869,1.);
#1102=VECTOR('',#1874,1.);
#1103=VECTOR('',#1875,1.);
#1104=VECTOR('',#1876,1.);
#1105=VECTOR('',#1877,1.);
#1106=VECTOR('',#1880,1.);
#1107=VECTOR('',#1881,1.);
#1108=VECTOR('',#1882,1.);
#1109=VECTOR('',#1885,1.);
#1110=VECTOR('',#1886,1.);
#1111=VECTOR('',#1887,1.);
#1112=VECTOR('',#1890,1.);
#1113=VECTOR('',#1891,1.);
#1114=VECTOR('',#1896,1.);
#1115=VECTOR('',#1897,1.);
#1116=VECTOR('',#1898,1.);
#1117=VECTOR('',#1899,1.);
#1118=VECTOR('',#1902,1.);
#1119=VECTOR('',#1903,1.);
#1120=VECTOR('',#1904,1.);
#1121=VECTOR('',#1907,1.);
#1122=VECTOR('',#1908,1.);
#1123=VECTOR('',#1909,1.);
#1124=VECTOR('',#1912,1.);
#1125=VECTOR('',#1913,1.);
#1126=VECTOR('',#1918,1.);
#1127=VECTOR('',#1919,1.);
#1128=VECTOR('',#1920,1.);
#1129=VECTOR('',#1921,1.);
#1130=VECTOR('',#1924,1.);
#1131=VECTOR('',#1925,1.);
#1132=VECTOR('',#1926,1.);
#1133=VECTOR('',#1929,1.);
#1134=VECTOR('',#1930,1.);
#1135=VECTOR('',#1931,1.);
#1136=VECTOR('',#1934,1.);
#1137=VECTOR('',#1935,1.);
#1138=VECTOR('',#1940,1.);
#1139=VECTOR('',#1941,1.);
#1140=VECTOR('',#1942,1.);
#1141=VECTOR('',#1943,1.);
#1142=VECTOR('',#1946,1.);
#1143=VECTOR('',#1947,1.);
#1144=VECTOR('',#1948,1.);
#1145=VECTOR('',#1951,1.);
#1146=VECTOR('',#1952,1.);
#1147=VECTOR('',#1953,1.);
#1148=VECTOR('',#1956,1.);
#1149=VECTOR('',#1957,1.);
#1150=VECTOR('',#1962,1.);
#1151=VECTOR('',#1963,1.);
#1152=VECTOR('',#1964,1.);
#1153=VECTOR('',#1965,1.);
#1154=VECTOR('',#1968,1.);
#1155=VECTOR('',#1969,1.);
#1156=VECTOR('',#1970,1.);
#1157=VECTOR('',#1973,1.);
#1158=VECTOR('',#1974,1.);
#1159=VECTOR('',#1975,1.);
#1160=VECTOR('',#1978,1.);
#1161=VECTOR('',#1979,1.);
#1162=VECTOR('',#1984,1.);
#1163=VECTOR('',#1985,1.);
#1164=VECTOR('',#1986,1.);
#1165=VECTOR('',#1987,1.);
#1166=VECTOR('',#1990,1.);
#1167=VECTOR('',#1991,1.);
#1168=VECTOR('',#1992,1.);
#1169=VECTOR('',#1995,1.);
#1170=VECTOR('',#1996,1.);
#1171=VECTOR('',#1997,1.);
#1172=VECTOR('',#2000,1.);
#1173=VECTOR('',#2001,1.);
#1174=VECTOR('',#2006,1.);
#1175=VECTOR('',#2007,1.);
#1176=VECTOR('',#2008,1.);
#1177=VECTOR('',#2009,1.);
#1178=VECTOR('',#2012,1.);
#1179=VECTOR('',#2013,1.);
#1180=VECTOR('',#2014,1.);
#1181=VECTOR('',#2017,1.);
#1182=VECTOR('',#2018,1.);
#1183=VECTOR('',#2019,1.);
#1184=VECTOR('',#2022,1.);
#1185=VECTOR('',#2023,1.);
#1186=VECTOR('',#2028,1.);
#1187=VECTOR('',#2029,1.);
#1188=VECTOR('',#2030,1.);
#1189=VECTOR('',#2031,1.);
#1190=VECTOR('',#2034,1.);
#1191=VECTOR('',#2035,1.);
#1192=VECTOR('',#2036,1.);
#1193=VECTOR('',#2039,1.);
#1194=VECTOR('',#2040,1.);
#1195=VECTOR('',#2041,1.);
#1196=VECTOR('',#2044,1.);
#1197=VECTOR('',#2045,1.);
#1198=VECTOR('',#2050,1.);
#1199=VECTOR('',#2051,1.);
#1200=VECTOR('',#2052,1.);
#1201=VECTOR('',#2053,1.);
#1202=VECTOR('',#2056,1.);
#1203=VECTOR('',#2057,1.);
#1204=VECTOR('',#2058,1.);
#1205=VECTOR('',#2061,1.);
#1206=VECTOR('',#2062,1.);
#1207=VECTOR('',#2063,1.);
#1208=VECTOR('',#2066,1.);
#1209=VECTOR('',#2067,1.);
#1210=VECTOR('',#2072,1.);
#1211=VECTOR('',#2073,1.);
#1212=VECTOR('',#2074,1.);
#1213=VECTOR('',#2075,1.);
#1214=VECTOR('',#2078,1.);
#1215=VECTOR('',#2079,1.);
#1216=VECTOR('',#2080,1.);
#1217=VECTOR('',#2083,1.);
#1218=VECTOR('',#2084,1.);
#1219=VECTOR('',#2085,1.);
#1220=VECTOR('',#2088,1.);
#1221=VECTOR('',#2089,1.);
#1222=VECTOR('',#2094,1.);
#1223=VECTOR('',#2095,1.);
#1224=VECTOR('',#2096,1.);
#1225=VECTOR('',#2097,1.);
#1226=VECTOR('',#2100,1.);
#1227=VECTOR('',#2101,1.);
#1228=VECTOR('',#2102,1.);
#1229=VECTOR('',#2105,1.);
#1230=VECTOR('',#2106,1.);
#1231=VECTOR('',#2107,1.);
#1232=VECTOR('',#2110,1.);
#1233=VECTOR('',#2111,1.);
#1234=VECTOR('',#2116,1.);
#1235=VECTOR('',#2117,1.);
#1236=VECTOR('',#2118,1.);
#1237=VECTOR('',#2119,1.);
#1238=VECTOR('',#2122,1.);
#1239=VECTOR('',#2123,1.);
#1240=VECTOR('',#2124,1.);
#1241=VECTOR('',#2127,1.);
#1242=VECTOR('',#2128,1.);
#1243=VECTOR('',#2129,1.);
#1244=VECTOR('',#2132,1.);
#1245=VECTOR('',#2133,1.);
#1246=VECTOR('',#2138,1.);
#1247=VECTOR('',#2139,1.);
#1248=VECTOR('',#2140,1.);
#1249=VECTOR('',#2141,1.);
#1250=VECTOR('',#2144,1.);
#1251=VECTOR('',#2145,1.);
#1252=VECTOR('',#2146,1.);
#1253=VECTOR('',#2149,1.);
#1254=VECTOR('',#2150,1.);
#1255=VECTOR('',#2151,1.);
#1256=VECTOR('',#2154,1.);
#1257=VECTOR('',#2155,1.);
#1258=VECTOR('',#2162,1.);
#1259=VECTOR('',#2165,1.);
#1260=VECTOR('',#2172,1.);
#1261=VECTOR('',#2177,1.);
#1262=VECTOR('',#2184,1.);
#1263=VECTOR('',#2187,1.);
#1264=EDGE_LOOP('',(#30,#31,#32,#33));
#1265=EDGE_LOOP('',(#34,#35,#36,#37));
#1266=EDGE_LOOP('',(#38,#39,#40,#41));
#1267=EDGE_LOOP('',(#42,#43,#44,#45));
#1268=EDGE_LOOP('',(#46,#47,#48,#49));
#1269=EDGE_LOOP('',(#50,#51,#52,#53));
#1270=EDGE_LOOP('',(#54,#55,#56,#57));
#1271=EDGE_LOOP('',(#58,#59,#60,#61));
#1272=EDGE_LOOP('',(#62,#63,#64,#65));
#1273=EDGE_LOOP('',(#66,#67,#68,#69));
#1274=EDGE_LOOP('',(#70,#71,#72,#73));
#1275=EDGE_LOOP('',(#74,#75,#76,#77));
#1276=EDGE_LOOP('',(#78,#79,#80,#81));
#1277=EDGE_LOOP('',(#82,#83,#84,#85));
#1278=EDGE_LOOP('',(#86,#87,#88,#89));
#1279=EDGE_LOOP('',(#90,#91,#92,#93));
#1280=EDGE_LOOP('',(#94,#95,#96,#97));
#1281=EDGE_LOOP('',(#98,#99,#100,#101));
#1282=EDGE_LOOP('',(#102,#103,#104,#105));
#1283=EDGE_LOOP('',(#106,#107,#108,#109));
#1284=EDGE_LOOP('',(#110,#111,#112,#113));
#1285=EDGE_LOOP('',(#114,#115,#116,#117));
#1286=EDGE_LOOP('',(#118,#119,#120,#121));
#1287=EDGE_LOOP('',(#122,#123,#124,#125));
#1288=EDGE_LOOP('',(#126,#127,#128,#129));
#1289=EDGE_LOOP('',(#130,#131,#132,#133));
#1290=EDGE_LOOP('',(#134,#135,#136,#137));
#1291=EDGE_LOOP('',(#138,#139,#140,#141));
#1292=EDGE_LOOP('',(#142,#143,#144,#145));
#1293=EDGE_LOOP('',(#146,#147,#148,#149));
#1294=EDGE_LOOP('',(#150,#151,#152,#153));
#1295=EDGE_LOOP('',(#154,#155,#156,#157));
#1296=EDGE_LOOP('',(#158,#159,#160,#161));
#1297=EDGE_LOOP('',(#162,#163,#164,#165));
#1298=EDGE_LOOP('',(#166,#167,#168,#169));
#1299=EDGE_LOOP('',(#170,#171,#172,#173));
#1300=EDGE_LOOP('',(#174,#175,#176,#177));
#1301=EDGE_LOOP('',(#178,#179,#180,#181));
#1302=EDGE_LOOP('',(#182,#183,#184,#185));
#1303=EDGE_LOOP('',(#186,#187,#188,#189));
#1304=EDGE_LOOP('',(#190,#191,#192,#193));
#1305=EDGE_LOOP('',(#194,#195,#196,#197));
#1306=EDGE_LOOP('',(#198,#199,#200,#201));
#1307=EDGE_LOOP('',(#202,#203,#204,#205));
#1308=EDGE_LOOP('',(#206,#207,#208,#209));
#1309=EDGE_LOOP('',(#210,#211,#212,#213));
#1310=EDGE_LOOP('',(#214,#215,#216,#217));
#1311=EDGE_LOOP('',(#218,#219,#220,#221));
#1312=EDGE_LOOP('',(#222,#223,#224,#225));
#1313=EDGE_LOOP('',(#226,#227,#228,#229));
#1314=EDGE_LOOP('',(#230,#231,#232,#233));
#1315=EDGE_LOOP('',(#234,#235,#236,#237));
#1316=EDGE_LOOP('',(#238,#239,#240,#241));
#1317=EDGE_LOOP('',(#242,#243,#244,#245));
#1318=EDGE_LOOP('',(#246,#247,#248,#249));
#1319=EDGE_LOOP('',(#250,#251,#252,#253));
#1320=EDGE_LOOP('',(#254,#255,#256,#257));
#1321=EDGE_LOOP('',(#258,#259,#260,#261));
#1322=EDGE_LOOP('',(#262,#263,#264,#265));
#1323=EDGE_LOOP('',(#266,#267,#268,#269));
#1324=EDGE_LOOP('',(#270,#271,#272,#273));
#1325=EDGE_LOOP('',(#274,#275,#276,#277));
#1326=EDGE_LOOP('',(#278,#279,#280,#281));
#1327=EDGE_LOOP('',(#282,#283,#284,#285));
#1328=EDGE_LOOP('',(#286,#287,#288,#289));
#1329=EDGE_LOOP('',(#290,#291,#292,#293));
#1330=EDGE_LOOP('',(#294,#295,#296,#297));
#1331=EDGE_LOOP('',(#298,#299,#300,#301));
#1332=EDGE_LOOP('',(#302,#303,#304,#305));
#1333=EDGE_LOOP('',(#306,#307,#308,#309));
#1334=EDGE_LOOP('',(#310,#311,#312,#313));
#1335=EDGE_LOOP('',(#314,#315,#316,#317));
#1336=EDGE_LOOP('',(#318,#319,#320,#321));
#1337=EDGE_LOOP('',(#322,#323,#324,#325));
#1338=EDGE_LOOP('',(#326,#327,#328,#329));
#1339=EDGE_LOOP('',(#330,#331,#332,#333));
#1340=EDGE_LOOP('',(#334,#335,#336,#337));
#1341=EDGE_LOOP('',(#338,#339,#340,#341));
#1342=EDGE_LOOP('',(#342,#343,#344,#345));
#1343=EDGE_LOOP('',(#346,#347,#348,#349));
#1344=EDGE_LOOP('',(#350,#351,#352,#353));
#1345=EDGE_LOOP('',(#354,#355,#356,#357));
#1346=EDGE_LOOP('',(#358,#359,#360,#361));
#1347=EDGE_LOOP('',(#362,#363,#364,#365));
#1348=EDGE_LOOP('',(#366,#367,#368,#369));
#1349=EDGE_LOOP('',(#370,#371,#372,#373));
#1350=EDGE_LOOP('',(#374,#375,#376,#377));
#1351=EDGE_LOOP('',(#378,#379,#380,#381));
#1352=EDGE_LOOP('',(#382,#383,#384,#385));
#1353=EDGE_LOOP('',(#386,#387,#388,#389));
#1354=EDGE_LOOP('',(#390,#391,#392,#393));
#1355=EDGE_LOOP('',(#394,#395,#396,#397));
#1356=EDGE_LOOP('',(#398,#399,#400,#401));
#1357=EDGE_LOOP('',(#402,#403,#404,#405));
#1358=EDGE_LOOP('',(#406,#407,#408,#409));
#1359=EDGE_LOOP('',(#410,#411,#412,#413));
#1360=EDGE_LOOP('',(#414,#415,#416,#417));
#1361=EDGE_LOOP('',(#418,#419,#420,#421));
#1362=EDGE_LOOP('',(#422,#423,#424,#425));
#1363=EDGE_LOOP('',(#426,#427,#428,#429));
#1364=EDGE_LOOP('',(#430,#431,#432,#433));
#1365=EDGE_LOOP('',(#434,#435,#436,#437));
#1366=EDGE_LOOP('',(#438,#439,#440,#441));
#1367=EDGE_LOOP('',(#442,#443,#444,#445));
#1368=EDGE_LOOP('',(#446,#447,#448,#449));
#1369=EDGE_LOOP('',(#450,#451,#452,#453));
#1370=EDGE_LOOP('',(#454,#455,#456,#457,#458,#459));
#1371=EDGE_LOOP('',(#460,#461,#462,#463,#464,#465));
#1372=EDGE_LOOP('',(#466,#467,#468,#469));
#1373=EDGE_LOOP('',(#470,#471,#472,#473));
#1374=FACE_BOUND('',#1264,.T.);
#1375=FACE_BOUND('',#1265,.T.);
#1376=FACE_BOUND('',#1266,.T.);
#1377=FACE_BOUND('',#1267,.T.);
#1378=FACE_BOUND('',#1268,.T.);
#1379=FACE_BOUND('',#1269,.T.);
#1380=FACE_BOUND('',#1270,.T.);
#1381=FACE_BOUND('',#1271,.T.);
#1382=FACE_BOUND('',#1272,.T.);
#1383=FACE_BOUND('',#1273,.T.);
#1384=FACE_BOUND('',#1274,.T.);
#1385=FACE_BOUND('',#1275,.T.);
#1386=FACE_BOUND('',#1276,.T.);
#1387=FACE_BOUND('',#1277,.T.);
#1388=FACE_BOUND('',#1278,.T.);
#1389=FACE_BOUND('',#1279,.T.);
#1390=FACE_BOUND('',#1280,.T.);
#1391=FACE_BOUND('',#1281,.T.);
#1392=FACE_BOUND('',#1282,.T.);
#1393=FACE_BOUND('',#1283,.T.);
#1394=FACE_BOUND('',#1284,.T.);
#1395=FACE_BOUND('',#1285,.T.);
#1396=FACE_BOUND('',#1286,.T.);
#1397=FACE_BOUND('',#1287,.T.);
#1398=FACE_BOUND('',#1288,.T.);
#1399=FACE_BOUND('',#1289,.T.);
#1400=FACE_BOUND('',#1290,.T.);
#1401=FACE_BOUND('',#1291,.T.);
#1402=FACE_BOUND('',#1292,.T.);
#1403=FACE_BOUND('',#1293,.T.);
#1404=FACE_BOUND('',#1294,.T.);
#1405=FACE_BOUND('',#1295,.T.);
#1406=FACE_BOUND('',#1296,.T.);
#1407=FACE_BOUND('',#1297,.T.);
#1408=FACE_BOUND('',#1298,.T.);
#1409=FACE_BOUND('',#1299,.T.);
#1410=FACE_BOUND('',#1300,.T.);
#1411=FACE_BOUND('',#1301,.T.);
#1412=FACE_BOUND('',#1302,.T.);
#1413=FACE_BOUND('',#1303,.T.);
#1414=FACE_BOUND('',#1304,.T.);
#1415=FACE_BOUND('',#1305,.T.);
#1416=FACE_BOUND('',#1306,.T.);
#1417=FACE_BOUND('',#1307,.T.);
#1418=FACE_BOUND('',#1308,.T.);
#1419=FACE_BOUND('',#1309,.T.);
#1420=FACE_BOUND('',#1310,.T.);
#1421=FACE_BOUND('',#1311,.T.);
#1422=FACE_BOUND('',#1312,.T.);
#1423=FACE_BOUND('',#1313,.T.);
#1424=FACE_BOUND('',#1314,.T.);
#1425=FACE_BOUND('',#1315,.T.);
#1426=FACE_BOUND('',#1316,.T.);
#1427=FACE_BOUND('',#1317,.T.);
#1428=FACE_BOUND('',#1318,.T.);
#1429=FACE_BOUND('',#1319,.T.);
#1430=FACE_BOUND('',#1320,.T.);
#1431=FACE_BOUND('',#1321,.T.);
#1432=FACE_BOUND('',#1322,.T.);
#1433=FACE_BOUND('',#1323,.T.);
#1434=FACE_BOUND('',#1324,.T.);
#1435=FACE_BOUND('',#1325,.T.);
#1436=FACE_BOUND('',#1326,.T.);
#1437=FACE_BOUND('',#1327,.T.);
#1438=FACE_BOUND('',#1328,.T.);
#1439=FACE_BOUND('',#1329,.T.);
#1440=FACE_BOUND('',#1330,.T.);
#1441=FACE_BOUND('',#1331,.T.);
#1442=FACE_BOUND('',#1332,.T.);
#1443=FACE_BOUND('',#1333,.T.);
#1444=FACE_BOUND('',#1334,.T.);
#1445=FACE_BOUND('',#1335,.T.);
#1446=FACE_BOUND('',#1336,.T.);
#1447=FACE_BOUND('',#1337,.T.);
#1448=FACE_BOUND('',#1338,.T.);
#1449=FACE_BOUND('',#1339,.T.);
#1450=FACE_BOUND('',#1340,.T.);
#1451=FACE_BOUND('',#1341,.T.);
#1452=FACE_BOUND('',#1342,.T.);
#1453=FACE_BOUND('',#1343,.T.);
#1454=FACE_BOUND('',#1344,.T.);
#1455=FACE_BOUND('',#1345,.T.);
#1456=FACE_BOUND('',#1346,.T.);
#1457=FACE_BOUND('',#1347,.T.);
#1458=FACE_BOUND('',#1348,.T.);
#1459=FACE_BOUND('',#1349,.T.);
#1460=FACE_BOUND('',#1350,.T.);
#1461=FACE_BOUND('',#1351,.T.);
#1462=FACE_BOUND('',#1352,.T.);
#1463=FACE_BOUND('',#1353,.T.);
#1464=FACE_BOUND('',#1354,.T.);
#1465=FACE_BOUND('',#1355,.T.);
#1466=FACE_BOUND('',#1356,.T.);
#1467=FACE_BOUND('',#1357,.T.);
#1468=FACE_BOUND('',#1358,.T.);
#1469=FACE_BOUND('',#1359,.T.);
#1470=FACE_BOUND('',#1360,.T.);
#1471=FACE_BOUND('',#1361,.T.);
#1472=FACE_BOUND('',#1362,.T.);
#1473=FACE_BOUND('',#1363,.T.);
#1474=FACE_BOUND('',#1364,.T.);
#1475=FACE_BOUND('',#1365,.T.);
#1476=FACE_BOUND('',#1366,.T.);
#1477=FACE_BOUND('',#1367,.T.);
#1478=FACE_BOUND('',#1368,.T.);
#1479=FACE_BOUND('',#1369,.T.);
#1480=FACE_BOUND('',#1370,.T.);
#1481=FACE_BOUND('',#1371,.T.);
#1482=FACE_BOUND('',#1372,.T.);
#1483=FACE_BOUND('',#1373,.T.);
#1484=PLANE('',#1677);
#1485=PLANE('',#1678);
#1486=PLANE('',#1679);
#1487=PLANE('',#1680);
#1488=PLANE('',#1681);
#1489=PLANE('',#1682);
#1490=PLANE('',#1683);
#1491=PLANE('',#1684);
#1492=PLANE('',#1685);
#1493=PLANE('',#1686);
#1494=PLANE('',#1687);
#1495=PLANE('',#1688);
#1496=PLANE('',#1689);
#1497=PLANE('',#1690);
#1498=PLANE('',#1691);
#1499=PLANE('',#1692);
#1500=PLANE('',#1693);
#1501=PLANE('',#1694);
#1502=PLANE('',#1695);
#1503=PLANE('',#1696);
#1504=PLANE('',#1697);
#1505=PLANE('',#1698);
#1506=PLANE('',#1699);
#1507=PLANE('',#1700);
#1508=PLANE('',#1701);
#1509=PLANE('',#1702);
#1510=PLANE('',#1703);
#1511=PLANE('',#1704);
#1512=PLANE('',#1705);
#1513=PLANE('',#1706);
#1514=PLANE('',#1707);
#1515=PLANE('',#1708);
#1516=PLANE('',#1709);
#1517=PLANE('',#1710);
#1518=PLANE('',#1711);
#1519=PLANE('',#1712);
#1520=PLANE('',#1713);
#1521=PLANE('',#1714);
#1522=PLANE('',#1715);
#1523=PLANE('',#1716);
#1524=PLANE('',#1717);
#1525=PLANE('',#1718);
#1526=PLANE('',#1719);
#1527=PLANE('',#1720);
#1528=PLANE('',#1721);
#1529=PLANE('',#1722);
#1530=PLANE('',#1723);
#1531=PLANE('',#1724);
#1532=PLANE('',#1725);
#1533=PLANE('',#1726);
#1534=PLANE('',#1727);
#1535=PLANE('',#1728);
#1536=PLANE('',#1729);
#1537=PLANE('',#1730);
#1538=PLANE('',#1731);
#1539=PLANE('',#1732);
#1540=PLANE('',#1733);
#1541=PLANE('',#1734);
#1542=PLANE('',#1735);
#1543=PLANE('',#1736);
#1544=PLANE('',#1737);
#1545=PLANE('',#1738);
#1546=PLANE('',#1739);
#1547=PLANE('',#1740);
#1548=PLANE('',#1741);
#1549=PLANE('',#1742);
#1550=PLANE('',#1743);
#1551=PLANE('',#1744);
#1552=PLANE('',#1745);
#1553=PLANE('',#1746);
#1554=PLANE('',#1747);
#1555=PLANE('',#1748);
#1556=PLANE('',#1749);
#1557=PLANE('',#1750);
#1558=PLANE('',#1751);
#1559=PLANE('',#1752);
#1560=PLANE('',#1753);
#1561=PLANE('',#1754);
#1562=PLANE('',#1755);
#1563=PLANE('',#1756);
#1564=PLANE('',#1757);
#1565=PLANE('',#1758);
#1566=PLANE('',#1759);
#1567=PLANE('',#1760);
#1568=PLANE('',#1761);
#1569=PLANE('',#1774);
#1570=PLANE('',#1777);
#1571=ADVANCED_FACE('',(#1374),#1484,.T.);
#1572=ADVANCED_FACE('',(#1375),#1485,.T.);
#1573=ADVANCED_FACE('',(#1376),#1486,.F.);
#1574=ADVANCED_FACE('',(#1377),#1487,.F.);
#1575=ADVANCED_FACE('',(#1378),#1488,.T.);
#1576=ADVANCED_FACE('',(#1379),#1489,.T.);
#1577=ADVANCED_FACE('',(#1380),#1490,.T.);
#1578=ADVANCED_FACE('',(#1381),#1491,.F.);
#1579=ADVANCED_FACE('',(#1382),#1492,.F.);
#1580=ADVANCED_FACE('',(#1383),#1493,.T.);
#1581=ADVANCED_FACE('',(#1384),#1494,.T.);
#1582=ADVANCED_FACE('',(#1385),#1495,.T.);
#1583=ADVANCED_FACE('',(#1386),#1496,.F.);
#1584=ADVANCED_FACE('',(#1387),#1497,.F.);
#1585=ADVANCED_FACE('',(#1388),#1498,.T.);
#1586=ADVANCED_FACE('',(#1389),#1499,.T.);
#1587=ADVANCED_FACE('',(#1390),#1500,.T.);
#1588=ADVANCED_FACE('',(#1391),#1501,.F.);
#1589=ADVANCED_FACE('',(#1392),#1502,.F.);
#1590=ADVANCED_FACE('',(#1393),#1503,.T.);
#1591=ADVANCED_FACE('',(#1394),#1504,.T.);
#1592=ADVANCED_FACE('',(#1395),#1505,.T.);
#1593=ADVANCED_FACE('',(#1396),#1506,.F.);
#1594=ADVANCED_FACE('',(#1397),#1507,.F.);
#1595=ADVANCED_FACE('',(#1398),#1508,.T.);
#1596=ADVANCED_FACE('',(#1399),#1509,.T.);
#1597=ADVANCED_FACE('',(#1400),#1510,.T.);
#1598=ADVANCED_FACE('',(#1401),#1511,.F.);
#1599=ADVANCED_FACE('',(#1402),#1512,.F.);
#1600=ADVANCED_FACE('',(#1403),#1513,.T.);
#1601=ADVANCED_FACE('',(#1404),#1514,.T.);
#1602=ADVANCED_FACE('',(#1405),#1515,.T.);
#1603=ADVANCED_FACE('',(#1406),#1516,.F.);
#1604=ADVANCED_FACE('',(#1407),#1517,.F.);
#1605=ADVANCED_FACE('',(#1408),#1518,.T.);
#1606=ADVANCED_FACE('',(#1409),#1519,.T.);
#1607=ADVANCED_FACE('',(#1410),#1520,.T.);
#1608=ADVANCED_FACE('',(#1411),#1521,.F.);
#1609=ADVANCED_FACE('',(#1412),#1522,.F.);
#1610=ADVANCED_FACE('',(#1413),#1523,.T.);
#1611=ADVANCED_FACE('',(#1414),#1524,.T.);
#1612=ADVANCED_FACE('',(#1415),#1525,.T.);
#1613=ADVANCED_FACE('',(#1416),#1526,.F.);
#1614=ADVANCED_FACE('',(#1417),#1527,.F.);
#1615=ADVANCED_FACE('',(#1418),#1528,.T.);
#1616=ADVANCED_FACE('',(#1419),#1529,.T.);
#1617=ADVANCED_FACE('',(#1420),#1530,.T.);
#1618=ADVANCED_FACE('',(#1421),#1531,.F.);
#1619=ADVANCED_FACE('',(#1422),#1532,.F.);
#1620=ADVANCED_FACE('',(#1423),#1533,.T.);
#1621=ADVANCED_FACE('',(#1424),#1534,.T.);
#1622=ADVANCED_FACE('',(#1425),#1535,.T.);
#1623=ADVANCED_FACE('',(#1426),#1536,.F.);
#1624=ADVANCED_FACE('',(#1427),#1537,.F.);
#1625=ADVANCED_FACE('',(#1428),#1538,.T.);
#1626=ADVANCED_FACE('',(#1429),#1539,.T.);
#1627=ADVANCED_FACE('',(#1430),#1540,.T.);
#1628=ADVANCED_FACE('',(#1431),#1541,.F.);
#1629=ADVANCED_FACE('',(#1432),#1542,.F.);
#1630=ADVANCED_FACE('',(#1433),#1543,.T.);
#1631=ADVANCED_FACE('',(#1434),#1544,.T.);
#1632=ADVANCED_FACE('',(#1435),#1545,.T.);
#1633=ADVANCED_FACE('',(#1436),#1546,.F.);
#1634=ADVANCED_FACE('',(#1437),#1547,.F.);
#1635=ADVANCED_FACE('',(#1438),#1548,.T.);
#1636=ADVANCED_FACE('',(#1439),#1549,.T.);
#1637=ADVANCED_FACE('',(#1440),#1550,.T.);
#1638=ADVANCED_FACE('',(#1441),#1551,.F.);
#1639=ADVANCED_FACE('',(#1442),#1552,.F.);
#1640=ADVANCED_FACE('',(#1443),#1553,.T.);
#1641=ADVANCED_FACE('',(#1444),#1554,.T.);
#1642=ADVANCED_FACE('',(#1445),#1555,.T.);
#1643=ADVANCED_FACE('',(#1446),#1556,.F.);
#1644=ADVANCED_FACE('',(#1447),#1557,.F.);
#1645=ADVANCED_FACE('',(#1448),#1558,.T.);
#1646=ADVANCED_FACE('',(#1449),#1559,.T.);
#1647=ADVANCED_FACE('',(#1450),#1560,.T.);
#1648=ADVANCED_FACE('',(#1451),#1561,.F.);
#1649=ADVANCED_FACE('',(#1452),#1562,.F.);
#1650=ADVANCED_FACE('',(#1453),#1563,.T.);
#1651=ADVANCED_FACE('',(#1454),#1564,.T.);
#1652=ADVANCED_FACE('',(#1455),#1565,.T.);
#1653=ADVANCED_FACE('',(#1456),#1566,.F.);
#1654=ADVANCED_FACE('',(#1457),#1567,.F.);
#1655=ADVANCED_FACE('',(#1458),#1568,.T.);
#1656=ADVANCED_FACE('',(#1459),#24,.F.);
#1657=ADVANCED_FACE('',(#1460),#25,.T.);
#1658=ADVANCED_FACE('',(#1461),#26,.F.);
#1659=ADVANCED_FACE('',(#1462),#27,.F.);
#1660=ADVANCED_FACE('',(#1463,#1464,#1465,#1466,#1467,#1468,#1469,#1470,
#1471,#1472,#1473,#1474,#1475,#1476,#1477,#1478,#1479,#1480),#1569,.F.);
#1661=ADVANCED_FACE('',(#1481),#1570,.F.);
#1662=ADVANCED_FACE('',(#1482),#28,.T.);
#1663=ADVANCED_FACE('',(#1483),#29,.T.);
#1664=CLOSED_SHELL('',(#1571,#1572,#1573,#1574,#1575,#1576,#1577,#1578,
#1579,#1580,#1581,#1582,#1583,#1584,#1585,#1586,#1587,#1588,#1589,#1590,
#1591,#1592,#1593,#1594,#1595,#1596,#1597,#1598,#1599,#1600,#1601,#1602,
#1603,#1604,#1605,#1606,#1607,#1608,#1609,#1610,#1611,#1612,#1613,#1614,
#1615,#1616,#1617,#1618,#1619,#1620,#1621,#1622,#1623,#1624,#1625,#1626,
#1627,#1628,#1629,#1630,#1631,#1632,#1633,#1634,#1635,#1636,#1637,#1638,
#1639,#1640,#1641,#1642,#1643,#1644,#1645,#1646,#1647,#1648,#1649,#1650,
#1651,#1652,#1653,#1654,#1655,#1656,#1657,#1658,#1659,#1660,#1661,#1662,
#1663));
#1665=STYLED_ITEM('',(#1666),#1673);
#1666=PRESENTATION_STYLE_ASSIGNMENT((#1667));
#1667=SURFACE_STYLE_USAGE(.BOTH.,#1668);
#1668=SURFACE_SIDE_STYLE('',(#1669));
#1669=SURFACE_STYLE_FILL_AREA(#1670);
#1670=FILL_AREA_STYLE('',(#1671));
#1671=FILL_AREA_STYLE_COLOUR('',#1672);
#1672=COLOUR_RGB('',0.207843137254902,0.168627450980392,0.113725490196078);
#1673=MANIFOLD_SOLID_BREP('fence',#1664);
#1674=SHAPE_DEFINITION_REPRESENTATION(#2674,#1675);
#1675=SHAPE_REPRESENTATION('fence',(#1676),#2669);
#1676=AXIS2_PLACEMENT_3D('',#2204,#1782,#1783);
#1677=AXIS2_PLACEMENT_3D('',#2205,#1784,#1785);
#1678=AXIS2_PLACEMENT_3D('',#2214,#1790,#1791);
#1679=AXIS2_PLACEMENT_3D('',#2220,#1795,#1796);
#1680=AXIS2_PLACEMENT_3D('',#2226,#1800,#1801);
#1681=AXIS2_PLACEMENT_3D('',#2229,#1804,#1805);
#1682=AXIS2_PLACEMENT_3D('',#2230,#1806,#1807);
#1683=AXIS2_PLACEMENT_3D('',#2239,#1812,#1813);
#1684=AXIS2_PLACEMENT_3D('',#2245,#1817,#1818);
#1685=AXIS2_PLACEMENT_3D('',#2251,#1822,#1823);
#1686=AXIS2_PLACEMENT_3D('',#2254,#1826,#1827);
#1687=AXIS2_PLACEMENT_3D('',#2255,#1828,#1829);
#1688=AXIS2_PLACEMENT_3D('',#2264,#1834,#1835);
#1689=AXIS2_PLACEMENT_3D('',#2270,#1839,#1840);
#1690=AXIS2_PLACEMENT_3D('',#2276,#1844,#1845);
#1691=AXIS2_PLACEMENT_3D('',#2279,#1848,#1849);
#1692=AXIS2_PLACEMENT_3D('',#2280,#1850,#1851);
#1693=AXIS2_PLACEMENT_3D('',#2289,#1856,#1857);
#1694=AXIS2_PLACEMENT_3D('',#2295,#1861,#1862);
#1695=AXIS2_PLACEMENT_3D('',#2301,#1866,#1867);
#1696=AXIS2_PLACEMENT_3D('',#2304,#1870,#1871);
#1697=AXIS2_PLACEMENT_3D('',#2305,#1872,#1873);
#1698=AXIS2_PLACEMENT_3D('',#2314,#1878,#1879);
#1699=AXIS2_PLACEMENT_3D('',#2320,#1883,#1884);
#1700=AXIS2_PLACEMENT_3D('',#2326,#1888,#1889);
#1701=AXIS2_PLACEMENT_3D('',#2329,#1892,#1893);
#1702=AXIS2_PLACEMENT_3D('',#2330,#1894,#1895);
#1703=AXIS2_PLACEMENT_3D('',#2339,#1900,#1901);
#1704=AXIS2_PLACEMENT_3D('',#2345,#1905,#1906);
#1705=AXIS2_PLACEMENT_3D('',#2351,#1910,#1911);
#1706=AXIS2_PLACEMENT_3D('',#2354,#1914,#1915);
#1707=AXIS2_PLACEMENT_3D('',#2355,#1916,#1917);
#1708=AXIS2_PLACEMENT_3D('',#2364,#1922,#1923);
#1709=AXIS2_PLACEMENT_3D('',#2370,#1927,#1928);
#1710=AXIS2_PLACEMENT_3D('',#2376,#1932,#1933);
#1711=AXIS2_PLACEMENT_3D('',#2379,#1936,#1937);
#1712=AXIS2_PLACEMENT_3D('',#2380,#1938,#1939);
#1713=AXIS2_PLACEMENT_3D('',#2389,#1944,#1945);
#1714=AXIS2_PLACEMENT_3D('',#2395,#1949,#1950);
#1715=AXIS2_PLACEMENT_3D('',#2401,#1954,#1955);
#1716=AXIS2_PLACEMENT_3D('',#2404,#1958,#1959);
#1717=AXIS2_PLACEMENT_3D('',#2405,#1960,#1961);
#1718=AXIS2_PLACEMENT_3D('',#2414,#1966,#1967);
#1719=AXIS2_PLACEMENT_3D('',#2420,#1971,#1972);
#1720=AXIS2_PLACEMENT_3D('',#2426,#1976,#1977);
#1721=AXIS2_PLACEMENT_3D('',#2429,#1980,#1981);
#1722=AXIS2_PLACEMENT_3D('',#2430,#1982,#1983);
#1723=AXIS2_PLACEMENT_3D('',#2439,#1988,#1989);
#1724=AXIS2_PLACEMENT_3D('',#2445,#1993,#1994);
#1725=AXIS2_PLACEMENT_3D('',#2451,#1998,#1999);
#1726=AXIS2_PLACEMENT_3D('',#2454,#2002,#2003);
#1727=AXIS2_PLACEMENT_3D('',#2455,#2004,#2005);
#1728=AXIS2_PLACEMENT_3D('',#2464,#2010,#2011);
#1729=AXIS2_PLACEMENT_3D('',#2470,#2015,#2016);
#1730=AXIS2_PLACEMENT_3D('',#2476,#2020,#2021);
#1731=AXIS2_PLACEMENT_3D('',#2479,#2024,#2025);
#1732=AXIS2_PLACEMENT_3D('',#2480,#2026,#2027);
#1733=AXIS2_PLACEMENT_3D('',#2489,#2032,#2033);
#1734=AXIS2_PLACEMENT_3D('',#2495,#2037,#2038);
#1735=AXIS2_PLACEMENT_3D('',#2501,#2042,#2043);
#1736=AXIS2_PLACEMENT_3D('',#2504,#2046,#2047);
#1737=AXIS2_PLACEMENT_3D('',#2505,#2048,#2049);
#1738=AXIS2_PLACEMENT_3D('',#2514,#2054,#2055);
#1739=AXIS2_PLACEMENT_3D('',#2520,#2059,#2060);
#1740=AXIS2_PLACEMENT_3D('',#2526,#2064,#2065);
#1741=AXIS2_PLACEMENT_3D('',#2529,#2068,#2069);
#1742=AXIS2_PLACEMENT_3D('',#2530,#2070,#2071);
#1743=AXIS2_PLACEMENT_3D('',#2539,#2076,#2077);
#1744=AXIS2_PLACEMENT_3D('',#2545,#2081,#2082);
#1745=AXIS2_PLACEMENT_3D('',#2551,#2086,#2087);
#1746=AXIS2_PLACEMENT_3D('',#2554,#2090,#2091);
#1747=AXIS2_PLACEMENT_3D('',#2555,#2092,#2093);
#1748=AXIS2_PLACEMENT_3D('',#2564,#2098,#2099);
#1749=AXIS2_PLACEMENT_3D('',#2570,#2103,#2104);
#1750=AXIS2_PLACEMENT_3D('',#2576,#2108,#2109);
#1751=AXIS2_PLACEMENT_3D('',#2579,#2112,#2113);
#1752=AXIS2_PLACEMENT_3D('',#2580,#2114,#2115);
#1753=AXIS2_PLACEMENT_3D('',#2589,#2120,#2121);
#1754=AXIS2_PLACEMENT_3D('',#2595,#2125,#2126);
#1755=AXIS2_PLACEMENT_3D('',#2601,#2130,#2131);
#1756=AXIS2_PLACEMENT_3D('',#2604,#2134,#2135);
#1757=AXIS2_PLACEMENT_3D('',#2605,#2136,#2137);
#1758=AXIS2_PLACEMENT_3D('',#2614,#2142,#2143);
#1759=AXIS2_PLACEMENT_3D('',#2620,#2147,#2148);
#1760=AXIS2_PLACEMENT_3D('',#2626,#2152,#2153);
#1761=AXIS2_PLACEMENT_3D('',#2629,#2156,#2157);
#1762=AXIS2_PLACEMENT_3D('',#2630,#2158,#2159);
#1763=AXIS2_PLACEMENT_3D('',#2631,#2160,#2161);
#1764=AXIS2_PLACEMENT_3D('',#2636,#2163,#2164);
#1765=AXIS2_PLACEMENT_3D('',#2639,#2166,#2167);
#1766=AXIS2_PLACEMENT_3D('',#2640,#2168,#2169);
#1767=AXIS2_PLACEMENT_3D('',#2642,#2170,#2171);
#1768=AXIS2_PLACEMENT_3D('',#2645,#2173,#2174);
#1769=AXIS2_PLACEMENT_3D('',#2646,#2175,#2176);
#1770=AXIS2_PLACEMENT_3D('',#2650,#2178,#2179);
#1771=AXIS2_PLACEMENT_3D('',#2651,#2180,#2181);
#1772=AXIS2_PLACEMENT_3D('',#2652,#2182,#2183);
#1773=AXIS2_PLACEMENT_3D('',#2657,#2185,#2186);
#1774=AXIS2_PLACEMENT_3D('',#2660,#2188,#2189);
#1775=AXIS2_PLACEMENT_3D('',#2661,#2190,#2191);
#1776=AXIS2_PLACEMENT_3D('',#2662,#2192,#2193);
#1777=AXIS2_PLACEMENT_3D('',#2663,#2194,#2195);
#1778=AXIS2_PLACEMENT_3D('',#2664,#2196,#2197);
#1779=AXIS2_PLACEMENT_3D('',#2665,#2198,#2199);
#1780=AXIS2_PLACEMENT_3D('',#2666,#2200,#2201);
#1781=AXIS2_PLACEMENT_3D('',#2667,#2202,#2203);
#1782=DIRECTION('',(0.,0.,1.));
#1783=DIRECTION('',(1.,0.,0.));
#1784=DIRECTION('',(0.707106781186548,0.707106781186548,0.));
#1785=DIRECTION('',(-0.707106781186548,0.707106781186548,0.));
#1786=DIRECTION('',(0.,0.,-1.));
#1787=DIRECTION('',(0.707106781186548,-0.707106781186548,0.));
#1788=DIRECTION('',(0.,0.,-1.));
#1789=DIRECTION('',(0.707106781186548,-0.707106781186548,0.));
#1790=DIRECTION('',(0.707106781186548,-0.707106781186548,0.));
#1791=DIRECTION('',(0.707106781186548,0.707106781186548,0.));
#1792=DIRECTION('',(-0.707106781186548,-0.707106781186548,0.));
#1793=DIRECTION('',(0.,0.,-1.));
#1794=DIRECTION('',(-0.707106781186548,-0.707106781186548,0.));
#1795=DIRECTION('',(0.707106781186548,0.707106781186548,0.));
#1796=DIRECTION('',(-0.707106781186548,0.707106781186548,0.));
#1797=DIRECTION('',(0.707106781186548,-0.707106781186548,0.));
#1798=DIRECTION('',(0.,0.,-1.));
#1799=DIRECTION('',(0.707106781186548,-0.707106781186548,0.));
#1800=DIRECTION('',(0.707106781186547,-0.707106781186548,0.));
#1801=DIRECTION('',(0.707106781186549,0.707106781186547,0.));
#1802=DIRECTION('',(-0.707106781186549,-0.707106781186547,0.));
#1803=DIRECTION('',(-0.707106781186549,-0.707106781186547,0.));
#1804=DIRECTION('',(0.,0.,-1.));
#1805=DIRECTION('',(1.,0.,0.));
#1806=DIRECTION('',(0.,1.,0.));
#1807=DIRECTION('',(0.,0.,1.));
#1808=DIRECTION('',(0.,0.,-1.));
#1809=DIRECTION('',(1.,0.,0.));
#1810=DIRECTION('',(0.,0.,-1.));
#1811=DIRECTION('',(1.,0.,0.));
#1812=DIRECTION('',(1.,0.,0.));
#1813=DIRECTION('',(0.,0.,-1.));
#1814=DIRECTION('',(0.,-1.,0.));
#1815=DIRECTION('',(0.,0.,-1.));
#1816=DIRECTION('',(0.,-1.,0.));
#1817=DIRECTION('',(0.,1.,0.));
#1818=DIRECTION('',(0.,0.,1.));
#1819=DIRECTION('',(1.,0.,0.));
#1820=DIRECTION('',(0.,0.,-1.));
#1821=DIRECTION('',(1.,0.,0.));
#1822=DIRECTION('',(1.,0.,0.));
#1823=DIRECTION('',(0.,0.,-1.));
#1824=DIRECTION('',(0.,-1.,0.));
#1825=DIRECTION('',(0.,-1.,0.));
#1826=DIRECTION('',(0.,0.,-1.));
#1827=DIRECTION('',(1.,0.,0.));
#1828=DIRECTION('',(-0.25881904510252,-0.965925826289068,0.));
#1829=DIRECTION('',(0.965925826289068,-0.25881904510252,0.));
#1830=DIRECTION('',(0.,0.,-1.));
#1831=DIRECTION('',(-0.965925826289068,0.25881904510252,0.));
#1832=DIRECTION('',(0.,0.,-1.));
#1833=DIRECTION('',(-0.965925826289069,0.25881904510252,0.));
#1834=DIRECTION('',(-0.965925826289068,0.258819045102521,0.));
#1835=DIRECTION('',(-0.258819045102521,-0.965925826289068,0.));
#1836=DIRECTION('',(0.258819045102521,0.965925826289068,0.));
#1837=DIRECTION('',(0.,0.,-1.));
#1838=DIRECTION('',(0.258819045102521,0.965925826289068,0.));
#1839=DIRECTION('',(-0.258819045102521,-0.965925826289068,0.));
#1840=DIRECTION('',(0.965925826289068,-0.258819045102521,0.));
#1841=DIRECTION('',(-0.965925826289068,0.258819045102521,0.));
#1842=DIRECTION('',(0.,0.,-1.));
#1843=DIRECTION('',(-0.965925826289068,0.258819045102521,0.));
#1844=DIRECTION('',(-0.965925826289068,0.258819045102521,0.));
#1845=DIRECTION('',(-0.258819045102521,-0.965925826289068,0.));
#1846=DIRECTION('',(0.258819045102521,0.965925826289068,0.));
#1847=DIRECTION('',(0.258819045102521,0.965925826289068,0.));
#1848=DIRECTION('',(0.,0.,-1.));
#1849=DIRECTION('',(1.,0.,0.));
#1850=DIRECTION('',(0.707106781186547,-0.707106781186549,0.));
#1851=DIRECTION('',(0.707106781186549,0.707106781186547,0.));
#1852=DIRECTION('',(0.,0.,-1.));
#1853=DIRECTION('',(-0.707106781186549,-0.707106781186547,0.));
#1854=DIRECTION('',(0.,0.,-1.));
#1855=DIRECTION('',(-0.707106781186548,-0.707106781186547,0.));
#1856=DIRECTION('',(-0.707106781186549,-0.707106781186546,0.));
#1857=DIRECTION('',(0.707106781186546,-0.707106781186549,0.));
#1858=DIRECTION('',(-0.707106781186546,0.707106781186549,0.));
#1859=DIRECTION('',(0.,0.,-1.));
#1860=DIRECTION('',(-0.707106781186546,0.707106781186549,0.));
#1861=DIRECTION('',(0.707106781186547,-0.707106781186548,0.));
#1862=DIRECTION('',(0.707106781186548,0.707106781186547,0.));
#1863=DIRECTION('',(-0.707106781186548,-0.707106781186547,0.));
#1864=DIRECTION('',(0.,0.,-1.));
#1865=DIRECTION('',(-0.707106781186548,-0.707106781186547,0.));
#1866=DIRECTION('',(-0.707106781186549,-0.707106781186547,0.));
#1867=DIRECTION('',(0.707106781186547,-0.707106781186549,0.));
#1868=DIRECTION('',(-0.707106781186547,0.707106781186549,0.));
#1869=DIRECTION('',(-0.707106781186547,0.707106781186548,0.));
#1870=DIRECTION('',(0.,0.,-1.));
#1871=DIRECTION('',(1.,0.,0.));
#1872=DIRECTION('',(0.5,0.866025403784439,0.));
#1873=DIRECTION('',(-0.866025403784439,0.5,0.));
#1874=DIRECTION('',(0.,0.,-1.));
#1875=DIRECTION('',(0.866025403784439,-0.5,0.));
#1876=DIRECTION('',(0.,0.,-1.));
#1877=DIRECTION('',(0.866025403784439,-0.5,0.));
#1878=DIRECTION('',(0.866025403784439,-0.5,0.));
#1879=DIRECTION('',(0.5,0.866025403784439,0.));
#1880=DIRECTION('',(-0.5,-0.866025403784439,0.));
#1881=DIRECTION('',(0.,0.,-1.));
#1882=DIRECTION('',(-0.5,-0.866025403784439,0.));
#1883=DIRECTION('',(0.5,0.866025403784439,0.));
#1884=DIRECTION('',(-0.866025403784439,0.5,0.));
#1885=DIRECTION('',(0.866025403784439,-0.5,0.));
#1886=DIRECTION('',(0.,0.,-1.));
#1887=DIRECTION('',(0.866025403784439,-0.5,0.));
#1888=DIRECTION('',(0.866025403784438,-0.5,0.));
#1889=DIRECTION('',(0.5,0.866025403784438,0.));
#1890=DIRECTION('',(-0.5,-0.866025403784438,0.));
#1891=DIRECTION('',(-0.5,-0.866025403784438,0.));
#1892=DIRECTION('',(0.,0.,-1.));
#1893=DIRECTION('',(1.,0.,0.));
#1894=DIRECTION('',(-0.258819045102521,0.965925826289068,0.));
#1895=DIRECTION('',(-0.965925826289068,-0.258819045102521,0.));
#1896=DIRECTION('',(0.,0.,-1.));
#1897=DIRECTION('',(0.965925826289068,0.258819045102521,0.));
#1898=DIRECTION('',(0.,0.,-1.));
#1899=DIRECTION('',(0.965925826289068,0.258819045102521,0.));
#1900=DIRECTION('',(0.965925826289068,0.258819045102521,0.));
#1901=DIRECTION('',(-0.258819045102521,0.965925826289068,0.));
#1902=DIRECTION('',(0.258819045102521,-0.965925826289068,0.));
#1903=DIRECTION('',(0.,0.,-1.));
#1904=DIRECTION('',(0.258819045102521,-0.965925826289068,0.));
#1905=DIRECTION('',(-0.258819045102521,0.965925826289068,0.));
#1906=DIRECTION('',(-0.965925826289069,-0.258819045102521,0.));
#1907=DIRECTION('',(0.965925826289069,0.258819045102521,0.));
#1908=DIRECTION('',(0.,0.,-1.));
#1909=DIRECTION('',(0.965925826289068,0.258819045102521,0.));
#1910=DIRECTION('',(0.965925826289068,0.258819045102521,0.));
#1911=DIRECTION('',(-0.258819045102521,0.965925826289068,0.));
#1912=DIRECTION('',(0.258819045102521,-0.965925826289068,0.));
#1913=DIRECTION('',(0.258819045102521,-0.965925826289068,0.));
#1914=DIRECTION('',(0.,0.,-1.));
#1915=DIRECTION('',(1.,0.,0.));
#1916=DIRECTION('',(0.258819045102522,-0.965925826289068,0.));
#1917=DIRECTION('',(0.965925826289068,0.258819045102522,0.));
#1918=DIRECTION('',(0.,0.,-1.));
#1919=DIRECTION('',(-0.965925826289068,-0.258819045102522,0.));
#1920=DIRECTION('',(0.,0.,-1.));
#1921=DIRECTION('',(-0.965925826289068,-0.258819045102522,0.));
#1922=DIRECTION('',(-0.965925826289068,-0.258819045102522,0.));
#1923=DIRECTION('',(0.258819045102522,-0.965925826289068,0.));
#1924=DIRECTION('',(-0.258819045102522,0.965925826289068,0.));
#1925=DIRECTION('',(0.,0.,-1.));
#1926=DIRECTION('',(-0.258819045102522,0.965925826289068,0.));
#1927=DIRECTION('',(0.258819045102522,-0.965925826289068,0.));
#1928=DIRECTION('',(0.965925826289068,0.258819045102522,0.));
#1929=DIRECTION('',(-0.965925826289068,-0.258819045102522,0.));
#1930=DIRECTION('',(0.,0.,-1.));
#1931=DIRECTION('',(-0.965925826289068,-0.258819045102522,0.));
#1932=DIRECTION('',(-0.965925826289068,-0.258819045102521,0.));
#1933=DIRECTION('',(0.258819045102521,-0.965925826289068,0.));
#1934=DIRECTION('',(-0.258819045102521,0.965925826289068,0.));
#1935=DIRECTION('',(-0.258819045102521,0.965925826289068,0.));
#1936=DIRECTION('',(0.,0.,-1.));
#1937=DIRECTION('',(1.,0.,0.));
#1938=DIRECTION('',(0.866025403784439,0.5,0.));
#1939=DIRECTION('',(-0.5,0.866025403784439,0.));
#1940=DIRECTION('',(0.,0.,-1.));
#1941=DIRECTION('',(0.5,-0.866025403784439,0.));
#1942=DIRECTION('',(0.,0.,-1.));
#1943=DIRECTION('',(0.5,-0.866025403784439,0.));
#1944=DIRECTION('',(0.5,-0.866025403784439,0.));
#1945=DIRECTION('',(0.866025403784439,0.5,0.));
#1946=DIRECTION('',(-0.866025403784439,-0.5,0.));
#1947=DIRECTION('',(0.,0.,-1.));
#1948=DIRECTION('',(-0.866025403784439,-0.5,0.));
#1949=DIRECTION('',(0.866025403784439,0.5,0.));
#1950=DIRECTION('',(-0.5,0.866025403784439,0.));
#1951=DIRECTION('',(0.5,-0.866025403784439,0.));
#1952=DIRECTION('',(0.,0.,-1.));
#1953=DIRECTION('',(0.5,-0.866025403784439,0.));
#1954=DIRECTION('',(0.5,-0.866025403784439,0.));
#1955=DIRECTION('',(0.866025403784439,0.5,0.));
#1956=DIRECTION('',(-0.866025403784439,-0.5,0.));
#1957=DIRECTION('',(-0.866025403784439,-0.5,0.));
#1958=DIRECTION('',(0.,0.,-1.));
#1959=DIRECTION('',(1.,0.,0.));
#1960=DIRECTION('',(0.,-1.,0.));
#1961=DIRECTION('',(0.,0.,-1.));
#1962=DIRECTION('',(0.,0.,-1.));
#1963=DIRECTION('',(-1.,0.,0.));
#1964=DIRECTION('',(0.,0.,-1.));
#1965=DIRECTION('',(-1.,0.,0.));
#1966=DIRECTION('',(-1.,0.,0.));
#1967=DIRECTION('',(0.,0.,1.));
#1968=DIRECTION('',(0.,1.,0.));
#1969=DIRECTION('',(0.,0.,-1.));
#1970=DIRECTION('',(0.,1.,0.));
#1971=DIRECTION('',(0.,-1.,0.));
#1972=DIRECTION('',(0.,0.,-1.));
#1973=DIRECTION('',(-1.,0.,0.));
#1974=DIRECTION('',(0.,0.,-1.));
#1975=DIRECTION('',(-1.,0.,0.));
#1976=DIRECTION('',(-1.,4.33680868994201E-16,0.));
#1977=DIRECTION('',(-4.33680868994201E-16,-1.,0.));
#1978=DIRECTION('',(4.33680868994201E-16,1.,0.));
#1979=DIRECTION('',(4.33680868994201E-16,1.,0.));
#1980=DIRECTION('',(0.,0.,-1.));
#1981=DIRECTION('',(1.,0.,0.));
#1982=DIRECTION('',(0.5,-0.866025403784439,0.));
#1983=DIRECTION('',(0.866025403784439,0.5,0.));
#1984=DIRECTION('',(0.,0.,-1.));
#1985=DIRECTION('',(-0.866025403784439,-0.5,0.));
#1986=DIRECTION('',(0.,0.,-1.));
#1987=DIRECTION('',(-0.866025403784439,-0.5,0.));
#1988=DIRECTION('',(-0.866025403784439,-0.5,0.));
#1989=DIRECTION('',(0.5,-0.866025403784439,0.));
#1990=DIRECTION('',(-0.5,0.866025403784439,0.));
#1991=DIRECTION('',(0.,0.,-1.));
#1992=DIRECTION('',(-0.5,0.866025403784439,0.));
#1993=DIRECTION('',(0.5,-0.866025403784438,0.));
#1994=DIRECTION('',(0.866025403784438,0.5,0.));
#1995=DIRECTION('',(-0.866025403784438,-0.5,0.));
#1996=DIRECTION('',(0.,0.,-1.));
#1997=DIRECTION('',(-0.866025403784438,-0.5,0.));
#1998=DIRECTION('',(-0.866025403784439,-0.5,0.));
#1999=DIRECTION('',(0.5,-0.866025403784439,0.));
#2000=DIRECTION('',(-0.5,0.866025403784439,0.));
#2001=DIRECTION('',(-0.5,0.866025403784439,0.));
#2002=DIRECTION('',(0.,0.,-1.));
#2003=DIRECTION('',(1.,0.,0.));
#2004=DIRECTION('',(1.,0.,0.));
#2005=DIRECTION('',(0.,0.,-1.));
#2006=DIRECTION('',(0.,0.,-1.));
#2007=DIRECTION('',(0.,-1.,0.));
#2008=DIRECTION('',(0.,0.,-1.));
#2009=DIRECTION('',(0.,-1.,0.));
#2010=DIRECTION('',(-1.0842021724855E-16,-1.,0.));
#2011=DIRECTION('',(1.,-1.0842021724855E-16,0.));
#2012=DIRECTION('',(-1.,1.0842021724855E-16,0.));
#2013=DIRECTION('',(0.,0.,-1.));
#2014=DIRECTION('',(-1.,1.0842021724855E-16,0.));
#2015=DIRECTION('',(1.,0.,0.));
#2016=DIRECTION('',(0.,0.,-1.));
#2017=DIRECTION('',(0.,-1.,0.));
#2018=DIRECTION('',(0.,0.,-1.));
#2019=DIRECTION('',(0.,-1.,0.));
#2020=DIRECTION('',(-1.0842021724855E-16,-1.,0.));
#2021=DIRECTION('',(1.,-1.0842021724855E-16,0.));
#2022=DIRECTION('',(-1.,1.0842021724855E-16,0.));
#2023=DIRECTION('',(-1.,1.0842021724855E-16,0.));
#2024=DIRECTION('',(0.,0.,-1.));
#2025=DIRECTION('',(1.,0.,0.));
#2026=DIRECTION('',(0.866025403784439,-0.5,0.));
#2027=DIRECTION('',(0.5,0.866025403784439,0.));
#2028=DIRECTION('',(0.,0.,-1.));
#2029=DIRECTION('',(-0.5,-0.866025403784439,0.));
#2030=DIRECTION('',(0.,0.,-1.));
#2031=DIRECTION('',(-0.5,-0.866025403784439,0.));
#2032=DIRECTION('',(-0.5,-0.866025403784439,0.));
#2033=DIRECTION('',(0.866025403784439,-0.5,0.));
#2034=DIRECTION('',(-0.866025403784439,0.5,0.));
#2035=DIRECTION('',(0.,0.,-1.));
#2036=DIRECTION('',(-0.866025403784439,0.5,0.));
#2037=DIRECTION('',(0.866025403784439,-0.5,0.));
#2038=DIRECTION('',(0.5,0.866025403784439,0.));
#2039=DIRECTION('',(-0.5,-0.866025403784439,0.));
#2040=DIRECTION('',(0.,0.,-1.));
#2041=DIRECTION('',(-0.5,-0.866025403784439,0.));
#2042=DIRECTION('',(-0.5,-0.866025403784439,0.));
#2043=DIRECTION('',(0.866025403784439,-0.5,0.));
#2044=DIRECTION('',(-0.866025403784439,0.5,0.));
#2045=DIRECTION('',(-0.866025403784439,0.5,0.));
#2046=DIRECTION('',(0.,0.,-1.));
#2047=DIRECTION('',(1.,0.,0.));
#2048=DIRECTION('',(-0.5,0.866025403784439,0.));
#2049=DIRECTION('',(-0.866025403784439,-0.5,0.));
#2050=DIRECTION('',(0.,0.,-1.));
#2051=DIRECTION('',(0.866025403784439,0.5,0.));
#2052=DIRECTION('',(0.,0.,-1.));
#2053=DIRECTION('',(0.866025403784439,0.5,0.));
#2054=DIRECTION('',(0.866025403784439,0.5,0.));
#2055=DIRECTION('',(-0.5,0.866025403784439,0.));
#2056=DIRECTION('',(0.5,-0.866025403784439,0.));
#2057=DIRECTION('',(0.,0.,-1.));
#2058=DIRECTION('',(0.5,-0.866025403784439,0.));
#2059=DIRECTION('',(-0.5,0.866025403784439,0.));
#2060=DIRECTION('',(-0.866025403784439,-0.5,0.));
#2061=DIRECTION('',(0.866025403784439,0.5,0.));
#2062=DIRECTION('',(0.,0.,-1.));
#2063=DIRECTION('',(0.866025403784439,0.5,0.));
#2064=DIRECTION('',(0.866025403784439,0.5,0.));
#2065=DIRECTION('',(-0.5,0.866025403784439,0.));
#2066=DIRECTION('',(0.5,-0.866025403784439,0.));
#2067=DIRECTION('',(0.5,-0.866025403784439,0.));
#2068=DIRECTION('',(0.,0.,-1.));
#2069=DIRECTION('',(1.,0.,0.));
#2070=DIRECTION('',(0.965925826289068,-0.258819045102521,0.));
#2071=DIRECTION('',(0.258819045102521,0.965925826289069,0.));
#2072=DIRECTION('',(0.,0.,-1.));
#2073=DIRECTION('',(-0.258819045102521,-0.965925826289068,0.));
#2074=DIRECTION('',(0.,0.,-1.));
#2075=DIRECTION('',(-0.258819045102521,-0.965925826289068,0.));
#2076=DIRECTION('',(-0.258819045102521,-0.965925826289068,0.));
#2077=DIRECTION('',(0.965925826289068,-0.258819045102521,0.));
#2078=DIRECTION('',(-0.965925826289068,0.258819045102521,0.));
#2079=DIRECTION('',(0.,0.,-1.));
#2080=DIRECTION('',(-0.965925826289068,0.258819045102521,0.));
#2081=DIRECTION('',(0.965925826289068,-0.258819045102522,0.));
#2082=DIRECTION('',(0.258819045102522,0.965925826289068,0.));
#2083=DIRECTION('',(-0.258819045102522,-0.965925826289068,0.));
#2084=DIRECTION('',(0.,0.,-1.));
#2085=DIRECTION('',(-0.258819045102522,-0.965925826289068,0.));
#2086=DIRECTION('',(-0.258819045102521,-0.965925826289068,0.));
#2087=DIRECTION('',(0.965925826289068,-0.258819045102521,0.));
#2088=DIRECTION('',(-0.965925826289068,0.258819045102521,0.));
#2089=DIRECTION('',(-0.965925826289068,0.258819045102521,0.));
#2090=DIRECTION('',(0.,0.,-1.));
#2091=DIRECTION('',(1.,0.,0.));
#2092=DIRECTION('',(0.965925826289068,0.258819045102521,0.));
#2093=DIRECTION('',(-0.258819045102521,0.965925826289068,0.));
#2094=DIRECTION('',(0.,0.,-1.));
#2095=DIRECTION('',(0.258819045102521,-0.965925826289068,0.));
#2096=DIRECTION('',(0.,0.,-1.));
#2097=DIRECTION('',(0.258819045102521,-0.965925826289068,0.));
#2098=DIRECTION('',(0.258819045102521,-0.965925826289068,0.));
#2099=DIRECTION('',(0.965925826289068,0.258819045102521,0.));
#2100=DIRECTION('',(-0.965925826289068,-0.258819045102521,0.));
#2101=DIRECTION('',(0.,0.,-1.));
#2102=DIRECTION('',(-0.965925826289068,-0.258819045102521,0.));
#2103=DIRECTION('',(0.965925826289068,0.258819045102521,0.));
#2104=DIRECTION('',(-0.258819045102521,0.965925826289069,0.));
#2105=DIRECTION('',(0.258819045102521,-0.965925826289069,0.));
#2106=DIRECTION('',(0.,0.,-1.));
#2107=DIRECTION('',(0.258819045102521,-0.965925826289068,0.));
#2108=DIRECTION('',(0.258819045102521,-0.965925826289068,0.));
#2109=DIRECTION('',(0.965925826289068,0.258819045102521,0.));
#2110=DIRECTION('',(-0.965925826289068,-0.258819045102521,0.));
#2111=DIRECTION('',(-0.965925826289068,-0.258819045102521,0.));
#2112=DIRECTION('',(0.,0.,-1.));
#2113=DIRECTION('',(1.,0.,0.));
#2114=DIRECTION('',(0.258819045102521,0.965925826289069,0.));
#2115=DIRECTION('',(-0.965925826289069,0.258819045102521,0.));
#2116=DIRECTION('',(0.,0.,-1.));
#2117=DIRECTION('',(0.965925826289069,-0.258819045102521,0.));
#2118=DIRECTION('',(0.,0.,-1.));
#2119=DIRECTION('',(0.965925826289068,-0.258819045102521,0.));
#2120=DIRECTION('',(0.965925826289068,-0.258819045102521,0.));
#2121=DIRECTION('',(0.258819045102521,0.965925826289068,0.));
#2122=DIRECTION('',(-0.258819045102521,-0.965925826289068,0.));
#2123=DIRECTION('',(0.,0.,-1.));
#2124=DIRECTION('',(-0.258819045102521,-0.965925826289068,0.));
#2125=DIRECTION('',(0.258819045102521,0.965925826289068,0.));
#2126=DIRECTION('',(-0.965925826289068,0.258819045102521,0.));
#2127=DIRECTION('',(0.965925826289068,-0.258819045102521,0.));
#2128=DIRECTION('',(0.,0.,-1.));
#2129=DIRECTION('',(0.965925826289068,-0.258819045102521,0.));
#2130=DIRECTION('',(0.965925826289068,-0.258819045102521,0.));
#2131=DIRECTION('',(0.258819045102521,0.965925826289068,0.));
#2132=DIRECTION('',(-0.258819045102521,-0.965925826289068,0.));
#2133=DIRECTION('',(-0.258819045102521,-0.965925826289068,0.));
#2134=DIRECTION('',(0.,0.,-1.));
#2135=DIRECTION('',(1.,0.,0.));
#2136=DIRECTION('',(-0.5,-0.866025403784439,0.));
#2137=DIRECTION('',(0.866025403784439,-0.5,0.));
#2138=DIRECTION('',(0.,0.,-1.));
#2139=DIRECTION('',(-0.866025403784439,0.5,0.));
#2140=DIRECTION('',(0.,0.,-1.));
#2141=DIRECTION('',(-0.866025403784439,0.5,0.));
#2142=DIRECTION('',(-0.866025403784439,0.5,0.));
#2143=DIRECTION('',(-0.5,-0.866025403784439,0.));
#2144=DIRECTION('',(0.5,0.866025403784439,0.));
#2145=DIRECTION('',(0.,0.,-1.));
#2146=DIRECTION('',(0.5,0.866025403784439,0.));
#2147=DIRECTION('',(-0.5,-0.866025403784439,0.));
#2148=DIRECTION('',(0.866025403784439,-0.5,0.));
#2149=DIRECTION('',(-0.866025403784439,0.5,0.));
#2150=DIRECTION('',(0.,0.,-1.));
#2151=DIRECTION('',(-0.866025403784439,0.5,0.));
#2152=DIRECTION('',(-0.866025403784438,0.5,0.));
#2153=DIRECTION('',(-0.5,-0.866025403784438,0.));
#2154=DIRECTION('',(0.5,0.866025403784438,0.));
#2155=DIRECTION('',(0.5,0.866025403784438,0.));
#2156=DIRECTION('',(0.,0.,-1.));
#2157=DIRECTION('',(1.,0.,0.));
#2158=DIRECTION('',(0.,0.,1.));
#2159=DIRECTION('',(1.,0.,0.));
#2160=DIRECTION('',(0.,0.,1.));
#2161=DIRECTION('',(1.,0.,0.));
#2162=DIRECTION('',(0.,0.,1.));
#2163=DIRECTION('',(0.,0.,1.));
#2164=DIRECTION('',(1.,0.,0.));
#2165=DIRECTION('',(0.,0.,1.));
#2166=DIRECTION('',(0.,0.,1.));
#2167=DIRECTION('',(1.,0.,0.));
#2168=DIRECTION('',(0.,0.,1.));
#2169=DIRECTION('',(1.,0.,0.));
#2170=DIRECTION('',(0.,0.,1.));
#2171=DIRECTION('',(1.,0.,0.));
#2172=DIRECTION('',(0.,0.,1.));
#2173=DIRECTION('',(0.,0.,1.));
#2174=DIRECTION('',(1.,0.,0.));
#2175=DIRECTION('',(0.,0.,-1.));
#2176=DIRECTION('',(1.,0.,0.));
#2177=DIRECTION('',(0.,0.,1.));
#2178=DIRECTION('',(0.,0.,-1.));
#2179=DIRECTION('',(1.,0.,0.));
#2180=DIRECTION('',(0.,0.,1.));
#2181=DIRECTION('',(1.,0.,0.));
#2182=DIRECTION('',(0.,0.,1.));
#2183=DIRECTION('',(1.,0.,0.));
#2184=DIRECTION('',(0.,0.,1.));
#2185=DIRECTION('',(0.,0.,1.));
#2186=DIRECTION('',(1.,0.,0.));
#2187=DIRECTION('',(0.,0.,1.));
#2188=DIRECTION('',(0.,0.,1.));
#2189=DIRECTION('',(1.,0.,0.));
#2190=DIRECTION('',(0.,0.,1.));
#2191=DIRECTION('',(1.,0.,0.));
#2192=DIRECTION('',(0.,0.,1.));
#2193=DIRECTION('',(1.,0.,0.));
#2194=DIRECTION('',(0.,0.,-1.));
#2195=DIRECTION('',(1.,0.,0.));
#2196=DIRECTION('',(0.,0.,-1.));
#2197=DIRECTION('',(-1.,0.,0.));
#2198=DIRECTION('',(0.,0.,-1.));
#2199=DIRECTION('',(-1.,0.,0.));
#2200=DIRECTION('',(0.,0.,1.));
#2201=DIRECTION('',(1.,0.,0.));
#2202=DIRECTION('',(0.,0.,1.));
#2203=DIRECTION('',(1.,0.,0.));
#2204=CARTESIAN_POINT('',(0.,0.,0.));
#2205=CARTESIAN_POINT('',(-0.0786948224179446,-0.0486948224179446,0.0058));
#2206=CARTESIAN_POINT('',(-0.0818768029332841,-0.0455128419026051,0.0058));
#2207=CARTESIAN_POINT('',(-0.0818768029332841,-0.0455128419026051,0.00205));
#2208=CARTESIAN_POINT('',(-0.0818768029332841,-0.0455128419026051,-0.00545));
#2209=CARTESIAN_POINT('',(-0.0786948224179446,-0.0486948224179446,0.00205));
#2210=CARTESIAN_POINT('',(-0.0755128419026052,-0.0518768029332841,0.00205));
#2211=CARTESIAN_POINT('',(-0.0755128419026052,-0.0518768029332841,0.0058));
#2212=CARTESIAN_POINT('',(-0.0755128419026052,-0.0518768029332841,-0.00545));
#2213=CARTESIAN_POINT('',(-0.0786948224179446,-0.0486948224179446,-0.00545));
#2214=CARTESIAN_POINT('',(-0.0776341622461648,-0.0539981232768437,0.0058));
#2215=CARTESIAN_POINT('',(-0.0776341622461648,-0.0539981232768437,0.00205));
#2216=CARTESIAN_POINT('',(-0.0797554825897244,-0.0561194436204034,0.00205));
#2217=CARTESIAN_POINT('',(-0.0797554825897244,-0.0561194436204034,0.0058));
#2218=CARTESIAN_POINT('',(-0.0797554825897244,-0.0561194436204034,-0.00545));
#2219=CARTESIAN_POINT('',(-0.0776341622461648,-0.0539981232768437,-0.00545));
#2220=CARTESIAN_POINT('',(-0.0829374631050639,-0.0529374631050639,0.0058));
#2221=CARTESIAN_POINT('',(-0.0829374631050639,-0.0529374631050639,0.00205));
#2222=CARTESIAN_POINT('',(-0.0861194436204034,-0.0497554825897244,0.00205));
#2223=CARTESIAN_POINT('',(-0.0861194436204034,-0.0497554825897244,0.0058));
#2224=CARTESIAN_POINT('',(-0.0861194436204034,-0.0497554825897244,-0.00545));
#2225=CARTESIAN_POINT('',(-0.0829374631050639,-0.0529374631050639,-0.00545));
#2226=CARTESIAN_POINT('',(-0.0839981232768437,-0.0476341622461648,0.0058));
#2227=CARTESIAN_POINT('',(-0.0839981232768437,-0.0476341622461648,0.00205));
#2228=CARTESIAN_POINT('',(-0.0839981232768437,-0.0476341622461648,-0.00545));
#2229=CARTESIAN_POINT('',(-0.03,-1.6073489238809E-18,-0.00545));
#2230=CARTESIAN_POINT('',(-0.03,-0.0688648782808067,0.0058));
#2231=CARTESIAN_POINT('',(-0.0345,-0.0688648782808067,0.0058));
#2232=CARTESIAN_POINT('',(-0.0345,-0.0688648782808067,0.00205));
#2233=CARTESIAN_POINT('',(-0.0345,-0.0688648782808067,-0.00545));
#2234=CARTESIAN_POINT('',(-0.03,-0.0688648782808067,0.00205));
#2235=CARTESIAN_POINT('',(-0.0255,-0.0688648782808067,0.00205));
#2236=CARTESIAN_POINT('',(-0.0255,-0.0688648782808067,0.0058));
#2237=CARTESIAN_POINT('',(-0.0255,-0.0688648782808067,-0.00545));
#2238=CARTESIAN_POINT('',(-0.03,-0.0688648782808067,-0.00545));
#2239=CARTESIAN_POINT('',(-0.0255,-0.0718648782808067,0.0058));
#2240=CARTESIAN_POINT('',(-0.0255,-0.0718648782808067,0.00205));
#2241=CARTESIAN_POINT('',(-0.0255,-0.0748648782808067,0.00205));
#2242=CARTESIAN_POINT('',(-0.0255,-0.0748648782808067,0.0058));
#2243=CARTESIAN_POINT('',(-0.0255,-0.0748648782808067,-0.00545));
#2244=CARTESIAN_POINT('',(-0.0255,-0.0718648782808067,-0.00545));
#2245=CARTESIAN_POINT('',(-0.03,-0.0748648782808067,0.0058));
#2246=CARTESIAN_POINT('',(-0.03,-0.0748648782808067,0.00205));
#2247=CARTESIAN_POINT('',(-0.0345,-0.0748648782808067,0.00205));
#2248=CARTESIAN_POINT('',(-0.0345,-0.0748648782808067,0.0058));
#2249=CARTESIAN_POINT('',(-0.0345,-0.0748648782808067,-0.00545));
#2250=CARTESIAN_POINT('',(-0.03,-0.0748648782808067,-0.00545));
#2251=CARTESIAN_POINT('',(-0.0345,-0.0718648782808067,0.0058));
#2252=CARTESIAN_POINT('',(-0.0345,-0.0718648782808067,0.00205));
#2253=CARTESIAN_POINT('',(-0.0345,-0.0718648782808067,-0.00545));
#2254=CARTESIAN_POINT('',(-0.03,-1.6073489238809E-18,-0.00545));
#2255=CARTESIAN_POINT('',(-0.0121764579622603,0.0665183644556843,0.0058));
#2256=CARTESIAN_POINT('',(-0.0078297917439595,0.065353678752723,0.0058));
#2257=CARTESIAN_POINT('',(-0.0078297917439595,0.065353678752723,0.00205));
#2258=CARTESIAN_POINT('',(-0.0078297917439595,0.065353678752723,-0.00545));
#2259=CARTESIAN_POINT('',(-0.0121764579622603,0.0665183644556843,0.00205));
#2260=CARTESIAN_POINT('',(-0.0165231241805611,0.0676830501586457,0.00205));
#2261=CARTESIAN_POINT('',(-0.0165231241805611,0.0676830501586457,0.0058));
#2262=CARTESIAN_POINT('',(-0.0165231241805611,0.0676830501586457,-0.00545));
#2263=CARTESIAN_POINT('',(-0.0121764579622603,0.0665183644556843,-0.00545));
#2264=CARTESIAN_POINT('',(-0.0157466670452535,0.0705808276375129,0.0058));
#2265=CARTESIAN_POINT('',(-0.0157466670452535,0.0705808276375129,0.00205));
#2266=CARTESIAN_POINT('',(-0.014970209909946,0.0734786051163801,0.00205));
#2267=CARTESIAN_POINT('',(-0.014970209909946,0.0734786051163801,0.0058));
#2268=CARTESIAN_POINT('',(-0.014970209909946,0.0734786051163801,-0.00545));
#2269=CARTESIAN_POINT('',(-0.0157466670452535,0.0705808276375129,-0.00545));
#2270=CARTESIAN_POINT('',(-0.0106235436916452,0.0723139194134187,0.0058));
#2271=CARTESIAN_POINT('',(-0.0106235436916452,0.0723139194134187,0.00205));
#2272=CARTESIAN_POINT('',(-0.00627687747334438,0.0711492337104574,0.00205));
#2273=CARTESIAN_POINT('',(-0.00627687747334437,0.0711492337104574,0.0058));
#2274=CARTESIAN_POINT('',(-0.00627687747334437,0.0711492337104574,-0.00545));
#2275=CARTESIAN_POINT('',(-0.0106235436916452,0.0723139194134187,-0.00545));
#2276=CARTESIAN_POINT('',(-0.00705333460865194,0.0682514562315902,0.0058));
#2277=CARTESIAN_POINT('',(-0.00705333460865194,0.0682514562315902,0.00205));
#2278=CARTESIAN_POINT('',(-0.00705333460865194,0.0682514562315902,-0.00545));
#2279=CARTESIAN_POINT('',(-0.03,-1.6073489238809E-18,-0.00545));
#2280=CARTESIAN_POINT('',(-0.0786948224179446,0.0486948224179446,0.0058));
#2281=CARTESIAN_POINT('',(-0.0755128419026051,0.0518768029332841,0.0058));
#2282=CARTESIAN_POINT('',(-0.0755128419026051,0.0518768029332841,0.00205));
#2283=CARTESIAN_POINT('',(-0.0755128419026051,0.0518768029332841,-0.00545));
#2284=CARTESIAN_POINT('',(-0.0786948224179446,0.0486948224179446,0.00205));
#2285=CARTESIAN_POINT('',(-0.0818768029332841,0.0455128419026051,0.00205));
#2286=CARTESIAN_POINT('',(-0.0818768029332841,0.0455128419026051,0.0058));
#2287=CARTESIAN_POINT('',(-0.0818768029332841,0.0455128419026051,-0.00545));
#2288=CARTESIAN_POINT('',(-0.0786948224179446,0.0486948224179446,-0.00545));
#2289=CARTESIAN_POINT('',(-0.0839981232768437,0.0476341622461648,0.0058));
#2290=CARTESIAN_POINT('',(-0.0839981232768437,0.0476341622461648,0.00205));
#2291=CARTESIAN_POINT('',(-0.0861194436204034,0.0497554825897244,0.00205));
#2292=CARTESIAN_POINT('',(-0.0861194436204034,0.0497554825897244,0.0058));
#2293=CARTESIAN_POINT('',(-0.0861194436204034,0.0497554825897244,-0.00545));
#2294=CARTESIAN_POINT('',(-0.0839981232768437,0.0476341622461648,-0.00545));
#2295=CARTESIAN_POINT('',(-0.0829374631050639,0.0529374631050639,0.0058));
#2296=CARTESIAN_POINT('',(-0.0829374631050639,0.0529374631050639,0.00205));
#2297=CARTESIAN_POINT('',(-0.0797554825897244,0.0561194436204033,0.00205));
#2298=CARTESIAN_POINT('',(-0.0797554825897244,0.0561194436204033,0.0058));
#2299=CARTESIAN_POINT('',(-0.0797554825897244,0.0561194436204033,-0.00545));
#2300=CARTESIAN_POINT('',(-0.0829374631050639,0.0529374631050639,-0.00545));
#2301=CARTESIAN_POINT('',(-0.0776341622461648,0.0539981232768437,0.0058));
#2302=CARTESIAN_POINT('',(-0.0776341622461648,0.0539981232768437,0.00205));
#2303=CARTESIAN_POINT('',(-0.0776341622461648,0.0539981232768437,-0.00545));
#2304=CARTESIAN_POINT('',(-0.03,-1.6073489238809E-18,-0.00545));
#2305=CARTESIAN_POINT('',(-0.0644324391404034,-0.0596387340197018,0.0058));
#2306=CARTESIAN_POINT('',(-0.0683295534574333,-0.0573887340197018,0.0058));
#2307=CARTESIAN_POINT('',(-0.0683295534574333,-0.0573887340197018,0.00205));
#2308=CARTESIAN_POINT('',(-0.0683295534574333,-0.0573887340197018,-0.00545));
#2309=CARTESIAN_POINT('',(-0.0644324391404034,-0.0596387340197018,0.00205));
#2310=CARTESIAN_POINT('',(-0.0605353248233734,-0.0618887340197018,0.00205));
#2311=CARTESIAN_POINT('',(-0.0605353248233734,-0.0618887340197018,0.0058));
#2312=CARTESIAN_POINT('',(-0.0605353248233734,-0.0618887340197018,-0.00545));
#2313=CARTESIAN_POINT('',(-0.0644324391404034,-0.0596387340197018,-0.00545));
#2314=CARTESIAN_POINT('',(-0.0620353248233734,-0.0644868102310551,0.0058));
#2315=CARTESIAN_POINT('',(-0.0620353248233734,-0.0644868102310551,0.00205));
#2316=CARTESIAN_POINT('',(-0.0635353248233734,-0.0670848864424084,0.00205));
#2317=CARTESIAN_POINT('',(-0.0635353248233734,-0.0670848864424084,0.0058));
#2318=CARTESIAN_POINT('',(-0.0635353248233734,-0.0670848864424084,-0.00545));
#2319=CARTESIAN_POINT('',(-0.0620353248233734,-0.0644868102310551,-0.00545));
#2320=CARTESIAN_POINT('',(-0.0674324391404034,-0.0648348864424085,0.0058));
#2321=CARTESIAN_POINT('',(-0.0674324391404034,-0.0648348864424085,0.00205));
#2322=CARTESIAN_POINT('',(-0.0713295534574334,-0.0625848864424085,0.00205));
#2323=CARTESIAN_POINT('',(-0.0713295534574333,-0.0625848864424085,0.0058));
#2324=CARTESIAN_POINT('',(-0.0713295534574333,-0.0625848864424085,-0.00545));
#2325=CARTESIAN_POINT('',(-0.0674324391404034,-0.0648348864424085,-0.00545));
#2326=CARTESIAN_POINT('',(-0.0698295534574334,-0.0599868102310551,0.0058));
#2327=CARTESIAN_POINT('',(-0.0698295534574334,-0.0599868102310551,0.00205));
#2328=CARTESIAN_POINT('',(-0.0698295534574334,-0.0599868102310551,-0.00545));
#2329=CARTESIAN_POINT('',(-0.03,-1.6073489238809E-18,-0.00545));
#2330=CARTESIAN_POINT('',(-0.0121764579622603,-0.0665183644556843,0.0058));
#2331=CARTESIAN_POINT('',(-0.0165231241805611,-0.0676830501586457,0.0058));
#2332=CARTESIAN_POINT('',(-0.0165231241805611,-0.0676830501586457,0.00205));
#2333=CARTESIAN_POINT('',(-0.0165231241805611,-0.0676830501586457,-0.00545));
#2334=CARTESIAN_POINT('',(-0.0121764579622603,-0.0665183644556843,0.00205));
#2335=CARTESIAN_POINT('',(-0.00782979174395949,-0.065353678752723,0.00205));
#2336=CARTESIAN_POINT('',(-0.00782979174395949,-0.065353678752723,0.0058));
#2337=CARTESIAN_POINT('',(-0.00782979174395949,-0.065353678752723,-0.00545));
#2338=CARTESIAN_POINT('',(-0.0121764579622603,-0.0665183644556843,-0.00545));
#2339=CARTESIAN_POINT('',(-0.00705333460865193,-0.0682514562315902,0.0058));
#2340=CARTESIAN_POINT('',(-0.00705333460865193,-0.0682514562315902,0.00205));
#2341=CARTESIAN_POINT('',(-0.00627687747334436,-0.0711492337104574,0.00205));
#2342=CARTESIAN_POINT('',(-0.00627687747334436,-0.0711492337104574,0.0058));
#2343=CARTESIAN_POINT('',(-0.00627687747334436,-0.0711492337104574,-0.00545));
#2344=CARTESIAN_POINT('',(-0.00705333460865193,-0.0682514562315902,-0.00545));
#2345=CARTESIAN_POINT('',(-0.0106235436916452,-0.0723139194134187,0.0058));
#2346=CARTESIAN_POINT('',(-0.0106235436916452,-0.0723139194134187,0.00205));
#2347=CARTESIAN_POINT('',(-0.014970209909946,-0.0734786051163801,0.00205));
#2348=CARTESIAN_POINT('',(-0.014970209909946,-0.0734786051163801,0.0058));
#2349=CARTESIAN_POINT('',(-0.014970209909946,-0.0734786051163801,-0.00545));
#2350=CARTESIAN_POINT('',(-0.0106235436916452,-0.0723139194134187,-0.00545));
#2351=CARTESIAN_POINT('',(-0.0157466670452535,-0.0705808276375129,0.0058));
#2352=CARTESIAN_POINT('',(-0.0157466670452535,-0.0705808276375129,0.00205));
#2353=CARTESIAN_POINT('',(-0.0157466670452535,-0.0705808276375129,-0.00545));
#2354=CARTESIAN_POINT('',(-0.03,-1.6073489238809E-18,-0.00545));
#2355=CARTESIAN_POINT('',(-0.0478235420377398,0.0665183644556843,0.0058));
#2356=CARTESIAN_POINT('',(-0.043476875819439,0.0676830501586456,0.0058));
#2357=CARTESIAN_POINT('',(-0.043476875819439,0.0676830501586456,0.00205));
#2358=CARTESIAN_POINT('',(-0.043476875819439,0.0676830501586456,-0.00545));
#2359=CARTESIAN_POINT('',(-0.0478235420377398,0.0665183644556843,0.00205));
#2360=CARTESIAN_POINT('',(-0.0521702082560406,0.065353678752723,0.00205));
#2361=CARTESIAN_POINT('',(-0.0521702082560406,0.065353678752723,0.0058));
#2362=CARTESIAN_POINT('',(-0.0521702082560406,0.065353678752723,-0.00545));
#2363=CARTESIAN_POINT('',(-0.0478235420377398,0.0665183644556843,-0.00545));
#2364=CARTESIAN_POINT('',(-0.0529466653913481,0.0682514562315902,0.0058));
#2365=CARTESIAN_POINT('',(-0.0529466653913481,0.0682514562315902,0.00205));
#2366=CARTESIAN_POINT('',(-0.0537231225266557,0.0711492337104573,0.00205));
#2367=CARTESIAN_POINT('',(-0.0537231225266557,0.0711492337104573,0.0058));
#2368=CARTESIAN_POINT('',(-0.0537231225266557,0.0711492337104573,-0.00545));
#2369=CARTESIAN_POINT('',(-0.0529466653913481,0.0682514562315902,-0.00545));
#2370=CARTESIAN_POINT('',(-0.0493764563083549,0.0723139194134187,0.0058));
#2371=CARTESIAN_POINT('',(-0.0493764563083549,0.0723139194134187,0.00205));
#2372=CARTESIAN_POINT('',(-0.0450297900900541,0.0734786051163801,0.00205));
#2373=CARTESIAN_POINT('',(-0.0450297900900541,0.0734786051163801,0.0058));
#2374=CARTESIAN_POINT('',(-0.0450297900900541,0.0734786051163801,-0.00545));
#2375=CARTESIAN_POINT('',(-0.0493764563083549,0.0723139194134187,-0.00545));
#2376=CARTESIAN_POINT('',(-0.0442533329547465,0.0705808276375128,0.0058));
#2377=CARTESIAN_POINT('',(-0.0442533329547465,0.0705808276375128,0.00205));
#2378=CARTESIAN_POINT('',(-0.0442533329547465,0.0705808276375128,-0.00545));
#2379=CARTESIAN_POINT('',(-0.03,-1.6073489238809E-18,-0.00545));
#2380=CARTESIAN_POINT('',(-0.0896387340197018,-0.0344324391404033,0.0058));
#2381=CARTESIAN_POINT('',(-0.0918887340197018,-0.0305353248233733,0.0058));
#2382=CARTESIAN_POINT('',(-0.0918887340197018,-0.0305353248233733,0.00205));
#2383=CARTESIAN_POINT('',(-0.0918887340197018,-0.0305353248233733,-0.00545));
#2384=CARTESIAN_POINT('',(-0.0896387340197018,-0.0344324391404033,0.00205));
#2385=CARTESIAN_POINT('',(-0.0873887340197018,-0.0383295534574333,0.00205));
#2386=CARTESIAN_POINT('',(-0.0873887340197018,-0.0383295534574333,0.0058));
#2387=CARTESIAN_POINT('',(-0.0873887340197018,-0.0383295534574333,-0.00545));
#2388=CARTESIAN_POINT('',(-0.0896387340197018,-0.0344324391404033,-0.00545));
#2389=CARTESIAN_POINT('',(-0.0899868102310552,-0.0398295534574333,0.0058));
#2390=CARTESIAN_POINT('',(-0.0899868102310552,-0.0398295534574333,0.00205));
#2391=CARTESIAN_POINT('',(-0.0925848864424085,-0.0413295534574333,0.00205));
#2392=CARTESIAN_POINT('',(-0.0925848864424085,-0.0413295534574333,0.0058));
#2393=CARTESIAN_POINT('',(-0.0925848864424085,-0.0413295534574333,-0.00545));
#2394=CARTESIAN_POINT('',(-0.0899868102310552,-0.0398295534574333,-0.00545));
#2395=CARTESIAN_POINT('',(-0.0948348864424085,-0.0374324391404033,0.0058));
#2396=CARTESIAN_POINT('',(-0.0948348864424085,-0.0374324391404033,0.00205));
#2397=CARTESIAN_POINT('',(-0.0970848864424085,-0.0335353248233734,0.00205));
#2398=CARTESIAN_POINT('',(-0.0970848864424085,-0.0335353248233734,0.0058));
#2399=CARTESIAN_POINT('',(-0.0970848864424085,-0.0335353248233734,-0.00545));
#2400=CARTESIAN_POINT('',(-0.0948348864424085,-0.0374324391404033,-0.00545));
#2401=CARTESIAN_POINT('',(-0.0944868102310552,-0.0320353248233734,0.0058));
#2402=CARTESIAN_POINT('',(-0.0944868102310552,-0.0320353248233734,0.00205));
#2403=CARTESIAN_POINT('',(-0.0944868102310552,-0.0320353248233734,-0.00545));
#2404=CARTESIAN_POINT('',(-0.03,-1.6073489238809E-18,-0.00545));
#2405=CARTESIAN_POINT('',(-0.03,0.0688648782808067,0.0058));
#2406=CARTESIAN_POINT('',(-0.0255,0.0688648782808067,0.0058));
#2407=CARTESIAN_POINT('',(-0.0255,0.0688648782808067,0.00205));
#2408=CARTESIAN_POINT('',(-0.0255,0.0688648782808067,-0.00545));
#2409=CARTESIAN_POINT('',(-0.03,0.0688648782808067,0.00205));
#2410=CARTESIAN_POINT('',(-0.0345,0.0688648782808067,0.00205));
#2411=CARTESIAN_POINT('',(-0.0345,0.0688648782808067,0.0058));
#2412=CARTESIAN_POINT('',(-0.0345,0.0688648782808067,-0.00545));
#2413=CARTESIAN_POINT('',(-0.03,0.0688648782808067,-0.00545));
#2414=CARTESIAN_POINT('',(-0.0345,0.0718648782808067,0.0058));
#2415=CARTESIAN_POINT('',(-0.0345,0.0718648782808067,0.00205));
#2416=CARTESIAN_POINT('',(-0.0345,0.0748648782808067,0.00205));
#2417=CARTESIAN_POINT('',(-0.0345,0.0748648782808067,0.0058));
#2418=CARTESIAN_POINT('',(-0.0345,0.0748648782808067,-0.00545));
#2419=CARTESIAN_POINT('',(-0.0345,0.0718648782808067,-0.00545));
#2420=CARTESIAN_POINT('',(-0.03,0.0748648782808067,0.0058));
#2421=CARTESIAN_POINT('',(-0.03,0.0748648782808067,0.00205));
#2422=CARTESIAN_POINT('',(-0.0255,0.0748648782808067,0.00205));
#2423=CARTESIAN_POINT('',(-0.0255,0.0748648782808067,0.0058));
#2424=CARTESIAN_POINT('',(-0.0255,0.0748648782808067,-0.00545));
#2425=CARTESIAN_POINT('',(-0.03,0.0748648782808067,-0.00545));
#2426=CARTESIAN_POINT('',(-0.0255,0.0718648782808067,0.0058));
#2427=CARTESIAN_POINT('',(-0.0255,0.0718648782808067,0.00205));
#2428=CARTESIAN_POINT('',(-0.0255,0.0718648782808067,-0.00545));
#2429=CARTESIAN_POINT('',(-0.03,-1.6073489238809E-18,-0.00545));
#2430=CARTESIAN_POINT('',(-0.0644324391404034,0.0596387340197018,0.0058));
#2431=CARTESIAN_POINT('',(-0.0605353248233734,0.0618887340197018,0.0058));
#2432=CARTESIAN_POINT('',(-0.0605353248233734,0.0618887340197018,0.00205));
#2433=CARTESIAN_POINT('',(-0.0605353248233734,0.0618887340197018,-0.00545));
#2434=CARTESIAN_POINT('',(-0.0644324391404034,0.0596387340197018,0.00205));
#2435=CARTESIAN_POINT('',(-0.0683295534574333,0.0573887340197018,0.00205));
#2436=CARTESIAN_POINT('',(-0.0683295534574333,0.0573887340197018,0.0058));
#2437=CARTESIAN_POINT('',(-0.0683295534574333,0.0573887340197018,-0.00545));
#2438=CARTESIAN_POINT('',(-0.0644324391404034,0.0596387340197018,-0.00545));
#2439=CARTESIAN_POINT('',(-0.0698295534574333,0.0599868102310551,0.0058));
#2440=CARTESIAN_POINT('',(-0.0698295534574333,0.0599868102310551,0.00205));
#2441=CARTESIAN_POINT('',(-0.0713295534574333,0.0625848864424084,0.00205));
#2442=CARTESIAN_POINT('',(-0.0713295534574333,0.0625848864424084,0.0058));
#2443=CARTESIAN_POINT('',(-0.0713295534574333,0.0625848864424084,-0.00545));
#2444=CARTESIAN_POINT('',(-0.0698295534574333,0.0599868102310551,-0.00545));
#2445=CARTESIAN_POINT('',(-0.0674324391404034,0.0648348864424085,0.0058));
#2446=CARTESIAN_POINT('',(-0.0674324391404034,0.0648348864424085,0.00205));
#2447=CARTESIAN_POINT('',(-0.0635353248233734,0.0670848864424085,0.00205));
#2448=CARTESIAN_POINT('',(-0.0635353248233734,0.0670848864424085,0.0058));
#2449=CARTESIAN_POINT('',(-0.0635353248233734,0.0670848864424085,-0.00545));
#2450=CARTESIAN_POINT('',(-0.0674324391404034,0.0648348864424085,-0.00545));
#2451=CARTESIAN_POINT('',(-0.0620353248233734,0.0644868102310551,0.0058));
#2452=CARTESIAN_POINT('',(-0.0620353248233734,0.0644868102310551,0.00205));
#2453=CARTESIAN_POINT('',(-0.0620353248233734,0.0644868102310551,-0.00545));
#2454=CARTESIAN_POINT('',(-0.03,-1.6073489238809E-18,-0.00545));
#2455=CARTESIAN_POINT('',(-0.0988648782808067,-3.55891283435481E-18,0.0058));
#2456=CARTESIAN_POINT('',(-0.0988648782808067,0.0045,0.0058));
#2457=CARTESIAN_POINT('',(-0.0988648782808067,0.0045,0.00205));
#2458=CARTESIAN_POINT('',(-0.0988648782808067,0.0045,-0.00545));
#2459=CARTESIAN_POINT('',(-0.0988648782808067,-3.55891283435481E-18,0.00205));
#2460=CARTESIAN_POINT('',(-0.0988648782808067,-0.0045,0.00205));
#2461=CARTESIAN_POINT('',(-0.0988648782808067,-0.0045,0.0058));
#2462=CARTESIAN_POINT('',(-0.0988648782808067,-0.0045,-0.00545));
#2463=CARTESIAN_POINT('',(-0.0988648782808067,-3.55891283435481E-18,-0.00545));
#2464=CARTESIAN_POINT('',(-0.101864878280807,-0.0045,0.0058));
#2465=CARTESIAN_POINT('',(-0.101864878280807,-0.0045,0.00205));
#2466=CARTESIAN_POINT('',(-0.104864878280807,-0.0045,0.00205));
#2467=CARTESIAN_POINT('',(-0.104864878280807,-0.0045,0.0058));
#2468=CARTESIAN_POINT('',(-0.104864878280807,-0.0045,-0.00545));
#2469=CARTESIAN_POINT('',(-0.101864878280807,-0.0045,-0.00545));
#2470=CARTESIAN_POINT('',(-0.104864878280807,-2.90839153086351E-18,0.0058));
#2471=CARTESIAN_POINT('',(-0.104864878280807,-2.90839153086351E-18,0.00205));
#2472=CARTESIAN_POINT('',(-0.104864878280807,0.0045,0.00205));
#2473=CARTESIAN_POINT('',(-0.104864878280807,0.0045,0.0058));
#2474=CARTESIAN_POINT('',(-0.104864878280807,0.0045,-0.00545));
#2475=CARTESIAN_POINT('',(-0.104864878280807,-2.90839153086351E-18,-0.00545));
#2476=CARTESIAN_POINT('',(-0.101864878280807,0.0045,0.0058));
#2477=CARTESIAN_POINT('',(-0.101864878280807,0.0045,0.00205));
#2478=CARTESIAN_POINT('',(-0.101864878280807,0.0045,-0.00545));
#2479=CARTESIAN_POINT('',(-0.03,-1.6073489238809E-18,-0.00545));
#2480=CARTESIAN_POINT('',(-0.0896387340197018,0.0344324391404033,0.0058));
#2481=CARTESIAN_POINT('',(-0.0873887340197019,0.0383295534574333,0.0058));
#2482=CARTESIAN_POINT('',(-0.0873887340197019,0.0383295534574333,0.00205));
#2483=CARTESIAN_POINT('',(-0.0873887340197019,0.0383295534574333,-0.00545));
#2484=CARTESIAN_POINT('',(-0.0896387340197018,0.0344324391404033,0.00205));
#2485=CARTESIAN_POINT('',(-0.0918887340197018,0.0305353248233733,0.00205));
#2486=CARTESIAN_POINT('',(-0.0918887340197018,0.0305353248233733,0.0058));
#2487=CARTESIAN_POINT('',(-0.0918887340197018,0.0305353248233733,-0.00545));
#2488=CARTESIAN_POINT('',(-0.0896387340197018,0.0344324391404033,-0.00545));
#2489=CARTESIAN_POINT('',(-0.0944868102310552,0.0320353248233734,0.0058));
#2490=CARTESIAN_POINT('',(-0.0944868102310552,0.0320353248233734,0.00205));
#2491=CARTESIAN_POINT('',(-0.0970848864424085,0.0335353248233734,0.00205));
#2492=CARTESIAN_POINT('',(-0.0970848864424085,0.0335353248233734,0.0058));
#2493=CARTESIAN_POINT('',(-0.0970848864424085,0.0335353248233734,-0.00545));
#2494=CARTESIAN_POINT('',(-0.0944868102310552,0.0320353248233734,-0.00545));
#2495=CARTESIAN_POINT('',(-0.0948348864424085,0.0374324391404033,0.0058));
#2496=CARTESIAN_POINT('',(-0.0948348864424085,0.0374324391404033,0.00205));
#2497=CARTESIAN_POINT('',(-0.0925848864424085,0.0413295534574333,0.00205));
#2498=CARTESIAN_POINT('',(-0.0925848864424085,0.0413295534574333,0.0058));
#2499=CARTESIAN_POINT('',(-0.0925848864424085,0.0413295534574333,-0.00545));
#2500=CARTESIAN_POINT('',(-0.0948348864424085,0.0374324391404033,-0.00545));
#2501=CARTESIAN_POINT('',(-0.0899868102310552,0.0398295534574333,0.0058));
#2502=CARTESIAN_POINT('',(-0.0899868102310552,0.0398295534574333,0.00205));
#2503=CARTESIAN_POINT('',(-0.0899868102310552,0.0398295534574333,-0.00545));
#2504=CARTESIAN_POINT('',(-0.03,-1.6073489238809E-18,-0.00545));
#2505=CARTESIAN_POINT('',(0.00443243914040332,-0.0596387340197018,0.0058));
#2506=CARTESIAN_POINT('',(0.000535324823373334,-0.0618887340197018,0.0058));
#2507=CARTESIAN_POINT('',(0.000535324823373334,-0.0618887340197018,0.00205));
#2508=CARTESIAN_POINT('',(0.000535324823373334,-0.0618887340197018,-0.00545));
#2509=CARTESIAN_POINT('',(0.00443243914040332,-0.0596387340197018,0.00205));
#2510=CARTESIAN_POINT('',(0.00832955345743328,-0.0573887340197018,0.00205));
#2511=CARTESIAN_POINT('',(0.00832955345743328,-0.0573887340197018,0.0058));
#2512=CARTESIAN_POINT('',(0.00832955345743328,-0.0573887340197018,-0.00545));
#2513=CARTESIAN_POINT('',(0.00443243914040332,-0.0596387340197018,-0.00545));
#2514=CARTESIAN_POINT('',(0.00982955345743329,-0.0599868102310552,0.0058));
#2515=CARTESIAN_POINT('',(0.00982955345743329,-0.0599868102310552,0.00205));
#2516=CARTESIAN_POINT('',(0.0113295534574333,-0.0625848864424085,0.00205));
#2517=CARTESIAN_POINT('',(0.0113295534574333,-0.0625848864424085,0.0058));
#2518=CARTESIAN_POINT('',(0.0113295534574333,-0.0625848864424085,-0.00545));
#2519=CARTESIAN_POINT('',(0.00982955345743329,-0.0599868102310552,-0.00545));
#2520=CARTESIAN_POINT('',(0.00743243914040331,-0.0648348864424085,0.0058));
#2521=CARTESIAN_POINT('',(0.00743243914040331,-0.0648348864424085,0.00205));
#2522=CARTESIAN_POINT('',(0.00353532482337334,-0.0670848864424085,0.00205));
#2523=CARTESIAN_POINT('',(0.00353532482337334,-0.0670848864424085,0.0058));
#2524=CARTESIAN_POINT('',(0.00353532482337334,-0.0670848864424085,-0.00545));
#2525=CARTESIAN_POINT('',(0.00743243914040331,-0.0648348864424085,-0.00545));
#2526=CARTESIAN_POINT('',(0.00203532482337334,-0.0644868102310552,0.0058));
#2527=CARTESIAN_POINT('',(0.00203532482337334,-0.0644868102310552,0.00205));
#2528=CARTESIAN_POINT('',(0.00203532482337334,-0.0644868102310552,-0.00545));
#2529=CARTESIAN_POINT('',(-0.03,-1.6073489238809E-18,-0.00545));
#2530=CARTESIAN_POINT('',(-0.0965183644556843,0.0178235420377397,0.0058));
#2531=CARTESIAN_POINT('',(-0.095353678752723,0.0221702082560405,0.0058));
#2532=CARTESIAN_POINT('',(-0.095353678752723,0.0221702082560405,0.00205));
#2533=CARTESIAN_POINT('',(-0.095353678752723,0.0221702082560405,-0.00545));
#2534=CARTESIAN_POINT('',(-0.0965183644556843,0.0178235420377397,0.00205));
#2535=CARTESIAN_POINT('',(-0.0976830501586456,0.0134768758194389,0.00205));
#2536=CARTESIAN_POINT('',(-0.0976830501586456,0.0134768758194389,0.0058));
#2537=CARTESIAN_POINT('',(-0.0976830501586456,0.0134768758194389,-0.00545));
#2538=CARTESIAN_POINT('',(-0.0965183644556843,0.0178235420377397,-0.00545));
#2539=CARTESIAN_POINT('',(-0.100580827637513,0.0142533329547465,0.0058));
#2540=CARTESIAN_POINT('',(-0.100580827637513,0.0142533329547465,0.00205));
#2541=CARTESIAN_POINT('',(-0.10347860511638,0.015029790090054,0.00205));
#2542=CARTESIAN_POINT('',(-0.10347860511638,0.015029790090054,0.0058));
#2543=CARTESIAN_POINT('',(-0.10347860511638,0.015029790090054,-0.00545));
#2544=CARTESIAN_POINT('',(-0.100580827637513,0.0142533329547465,-0.00545));
#2545=CARTESIAN_POINT('',(-0.102313919413419,0.0193764563083549,0.0058));
#2546=CARTESIAN_POINT('',(-0.102313919413419,0.0193764563083549,0.00205));
#2547=CARTESIAN_POINT('',(-0.101149233710457,0.0237231225266556,0.00205));
#2548=CARTESIAN_POINT('',(-0.101149233710457,0.0237231225266556,0.0058));
#2549=CARTESIAN_POINT('',(-0.101149233710457,0.0237231225266556,-0.00545));
#2550=CARTESIAN_POINT('',(-0.102313919413419,0.0193764563083549,-0.00545));
#2551=CARTESIAN_POINT('',(-0.0982514562315902,0.022946665391348,0.0058));
#2552=CARTESIAN_POINT('',(-0.0982514562315902,0.022946665391348,0.00205));
#2553=CARTESIAN_POINT('',(-0.0982514562315902,0.022946665391348,-0.00545));
#2554=CARTESIAN_POINT('',(-0.03,-1.6073489238809E-18,-0.00545));
#2555=CARTESIAN_POINT('',(-0.0965183644556843,-0.0178235420377397,0.0058));
#2556=CARTESIAN_POINT('',(-0.0976830501586456,-0.0134768758194389,0.0058));
#2557=CARTESIAN_POINT('',(-0.0976830501586456,-0.0134768758194389,0.00205));
#2558=CARTESIAN_POINT('',(-0.0976830501586456,-0.0134768758194389,-0.00545));
#2559=CARTESIAN_POINT('',(-0.0965183644556843,-0.0178235420377397,0.00205));
#2560=CARTESIAN_POINT('',(-0.095353678752723,-0.0221702082560405,0.00205));
#2561=CARTESIAN_POINT('',(-0.095353678752723,-0.0221702082560405,0.0058));
#2562=CARTESIAN_POINT('',(-0.095353678752723,-0.0221702082560405,-0.00545));
#2563=CARTESIAN_POINT('',(-0.0965183644556843,-0.0178235420377397,-0.00545));
#2564=CARTESIAN_POINT('',(-0.0982514562315902,-0.0229466653913481,0.0058));
#2565=CARTESIAN_POINT('',(-0.0982514562315902,-0.0229466653913481,0.00205));
#2566=CARTESIAN_POINT('',(-0.101149233710457,-0.0237231225266556,0.00205));
#2567=CARTESIAN_POINT('',(-0.101149233710457,-0.0237231225266556,0.0058));
#2568=CARTESIAN_POINT('',(-0.101149233710457,-0.0237231225266556,-0.00545));
#2569=CARTESIAN_POINT('',(-0.0982514562315902,-0.0229466653913481,-0.00545));
#2570=CARTESIAN_POINT('',(-0.102313919413419,-0.0193764563083549,0.0058));
#2571=CARTESIAN_POINT('',(-0.102313919413419,-0.0193764563083549,0.00205));
#2572=CARTESIAN_POINT('',(-0.10347860511638,-0.0150297900900541,0.00205));
#2573=CARTESIAN_POINT('',(-0.10347860511638,-0.015029790090054,0.0058));
#2574=CARTESIAN_POINT('',(-0.10347860511638,-0.015029790090054,-0.00545));
#2575=CARTESIAN_POINT('',(-0.102313919413419,-0.0193764563083549,-0.00545));
#2576=CARTESIAN_POINT('',(-0.100580827637513,-0.0142533329547465,0.0058));
#2577=CARTESIAN_POINT('',(-0.100580827637513,-0.0142533329547465,0.00205));
#2578=CARTESIAN_POINT('',(-0.100580827637513,-0.0142533329547465,-0.00545));
#2579=CARTESIAN_POINT('',(-0.03,-1.6073489238809E-18,-0.00545));
#2580=CARTESIAN_POINT('',(-0.0478235420377397,-0.0665183644556843,0.0058));
#2581=CARTESIAN_POINT('',(-0.0521702082560405,-0.065353678752723,0.0058));
#2582=CARTESIAN_POINT('',(-0.0521702082560405,-0.065353678752723,0.00205));
#2583=CARTESIAN_POINT('',(-0.0521702082560405,-0.065353678752723,-0.00545));
#2584=CARTESIAN_POINT('',(-0.0478235420377397,-0.0665183644556843,0.00205));
#2585=CARTESIAN_POINT('',(-0.0434768758194389,-0.0676830501586457,0.00205));
#2586=CARTESIAN_POINT('',(-0.0434768758194389,-0.0676830501586457,0.0058));
#2587=CARTESIAN_POINT('',(-0.0434768758194389,-0.0676830501586457,-0.00545));
#2588=CARTESIAN_POINT('',(-0.0478235420377397,-0.0665183644556843,-0.00545));
#2589=CARTESIAN_POINT('',(-0.0442533329547464,-0.0705808276375129,0.0058));
#2590=CARTESIAN_POINT('',(-0.0442533329547464,-0.0705808276375129,0.00205));
#2591=CARTESIAN_POINT('',(-0.045029790090054,-0.0734786051163801,0.00205));
#2592=CARTESIAN_POINT('',(-0.045029790090054,-0.0734786051163801,0.0058));
#2593=CARTESIAN_POINT('',(-0.045029790090054,-0.0734786051163801,-0.00545));
#2594=CARTESIAN_POINT('',(-0.0442533329547464,-0.0705808276375129,-0.00545));
#2595=CARTESIAN_POINT('',(-0.0493764563083548,-0.0723139194134187,0.0058));
#2596=CARTESIAN_POINT('',(-0.0493764563083548,-0.0723139194134187,0.00205));
#2597=CARTESIAN_POINT('',(-0.0537231225266557,-0.0711492337104574,0.00205));
#2598=CARTESIAN_POINT('',(-0.0537231225266557,-0.0711492337104574,0.0058));
#2599=CARTESIAN_POINT('',(-0.0537231225266557,-0.0711492337104574,-0.00545));
#2600=CARTESIAN_POINT('',(-0.0493764563083548,-0.0723139194134187,-0.00545));
#2601=CARTESIAN_POINT('',(-0.0529466653913481,-0.0682514562315902,0.0058));
#2602=CARTESIAN_POINT('',(-0.0529466653913481,-0.0682514562315902,0.00205));
#2603=CARTESIAN_POINT('',(-0.0529466653913481,-0.0682514562315902,-0.00545));
#2604=CARTESIAN_POINT('',(-0.03,-1.6073489238809E-18,-0.00545));
#2605=CARTESIAN_POINT('',(0.00443243914040336,0.0596387340197018,0.0058));
#2606=CARTESIAN_POINT('',(0.00832955345743335,0.0573887340197018,0.0058));
#2607=CARTESIAN_POINT('',(0.00832955345743335,0.0573887340197018,0.00205));
#2608=CARTESIAN_POINT('',(0.00832955345743335,0.0573887340197018,-0.00545));
#2609=CARTESIAN_POINT('',(0.00443243914040336,0.0596387340197018,0.00205));
#2610=CARTESIAN_POINT('',(0.000535324823373378,0.0618887340197018,0.00205));
#2611=CARTESIAN_POINT('',(0.000535324823373378,0.0618887340197018,0.0058));
#2612=CARTESIAN_POINT('',(0.000535324823373378,0.0618887340197018,-0.00545));
#2613=CARTESIAN_POINT('',(0.00443243914040336,0.0596387340197018,-0.00545));
#2614=CARTESIAN_POINT('',(0.00203532482337339,0.0644868102310551,0.0058));
#2615=CARTESIAN_POINT('',(0.00203532482337339,0.0644868102310551,0.00205));
#2616=CARTESIAN_POINT('',(0.0035353248233734,0.0670848864424084,0.00205));
#2617=CARTESIAN_POINT('',(0.0035353248233734,0.0670848864424084,0.0058));
#2618=CARTESIAN_POINT('',(0.0035353248233734,0.0670848864424084,-0.00545));
#2619=CARTESIAN_POINT('',(0.00203532482337339,0.0644868102310551,-0.00545));
#2620=CARTESIAN_POINT('',(0.00743243914040338,0.0648348864424084,0.0058));
#2621=CARTESIAN_POINT('',(0.00743243914040338,0.0648348864424084,0.00205));
#2622=CARTESIAN_POINT('',(0.0113295534574334,0.0625848864424084,0.00205));
#2623=CARTESIAN_POINT('',(0.0113295534574333,0.0625848864424084,0.0058));
#2624=CARTESIAN_POINT('',(0.0113295534574333,0.0625848864424084,-0.00545));
#2625=CARTESIAN_POINT('',(0.00743243914040338,0.0648348864424084,-0.00545));
#2626=CARTESIAN_POINT('',(0.00982955345743335,0.0599868102310551,0.0058));
#2627=CARTESIAN_POINT('',(0.00982955345743335,0.0599868102310551,0.00205));
#2628=CARTESIAN_POINT('',(0.00982955345743335,0.0599868102310551,-0.00545));
#2629=CARTESIAN_POINT('',(-0.03,-1.6073489238809E-18,-0.00545));
#2630=CARTESIAN_POINT('',(-0.0075,-9.52824166266285E-17,0.00205));
#2631=CARTESIAN_POINT('',(-0.0075,-9.52824166266285E-17,0.0058));
#2632=CARTESIAN_POINT('',(0.0346454959426936,0.0394818904276935,0.0058));
#2633=CARTESIAN_POINT('',(0.0170398218988271,0.0522767600485517,0.0058));
#2634=CARTESIAN_POINT('',(0.0170398218988271,0.0522767600485517,0.00205));
#2635=CARTESIAN_POINT('',(0.0170398218988271,0.0522767600485517,0.00205));
#2636=CARTESIAN_POINT('',(-0.0075,-9.52824166266285E-17,0.00205));
#2637=CARTESIAN_POINT('',(0.0346454959426936,0.0394818904276935,0.00205));
#2638=CARTESIAN_POINT('',(0.0346454959426936,0.0394818904276935,0.00205));
#2639=CARTESIAN_POINT('',(-0.03,-4.67636711025166E-17,0.00205));
#2640=CARTESIAN_POINT('',(-0.03,-4.67636711025166E-17,0.0058));
#2641=CARTESIAN_POINT('',(0.0346454959426937,-0.0394818904276935,0.0058));
#2642=CARTESIAN_POINT('',(-0.03,-4.67636711025166E-17,0.00205));
#2643=CARTESIAN_POINT('',(0.0346454959426937,-0.0394818904276935,0.00205));
#2644=CARTESIAN_POINT('',(0.0346454959426937,-0.0394818904276935,0.00205));
#2645=CARTESIAN_POINT('',(-0.0075,6.34447814252494E-17,0.00205));
#2646=CARTESIAN_POINT('',(-0.0075,6.34447814252494E-17,0.00205));
#2647=CARTESIAN_POINT('',(0.0170398218988271,-0.0522767600485517,0.00205));
#2648=CARTESIAN_POINT('',(0.0170398218988271,-0.0522767600485517,0.00205));
#2649=CARTESIAN_POINT('',(0.0170398218988271,-0.0522767600485517,0.0058));
#2650=CARTESIAN_POINT('',(-0.0075,6.34447814252494E-17,0.0058));
#2651=CARTESIAN_POINT('',(-0.03,-4.20534140360931E-18,0.00205));
#2652=CARTESIAN_POINT('',(-0.03,-4.20534140360931E-18,0.0058));
#2653=CARTESIAN_POINT('',(0.00464708504521059,0.0588172265673846,0.0058));
#2654=CARTESIAN_POINT('',(0.00464708504521058,-0.0588172265673846,0.0058));
#2655=CARTESIAN_POINT('',(0.00464708504521059,-0.0588172265673847,0.00205));
#2656=CARTESIAN_POINT('',(0.00464708504521058,-0.0588172265673846,0.00205));
#2657=CARTESIAN_POINT('',(-0.03,-4.20534140360931E-18,0.00205));
#2658=CARTESIAN_POINT('',(0.00464708504521059,0.0588172265673846,0.00205));
#2659=CARTESIAN_POINT('',(0.00464708504521059,0.0588172265673846,0.00205));
#2660=CARTESIAN_POINT('',(-0.03,-1.6073489238809E-18,0.00205));
#2661=CARTESIAN_POINT('',(0.0807796190386375,-0.188060552382452,0.00205));
#2662=CARTESIAN_POINT('',(0.0807796190386375,0.188060552382452,0.00205));
#2663=CARTESIAN_POINT('',(-0.03,-1.6073489238809E-18,0.0058));
#2664=CARTESIAN_POINT('',(0.0807796190386375,-0.188060552382452,0.0058));
#2665=CARTESIAN_POINT('',(0.0807796190386375,0.188060552382452,0.0058));
#2666=CARTESIAN_POINT('',(0.0807796190386375,-0.188060552382452,0.00205));
#2667=CARTESIAN_POINT('',(0.0807796190386375,0.188060552382452,0.00205));
#2668=MECHANICAL_DESIGN_GEOMETRIC_PRESENTATION_REPRESENTATION('',(#1665),
#2669);
#2669=(
GEOMETRIC_REPRESENTATION_CONTEXT(3)
GLOBAL_UNCERTAINTY_ASSIGNED_CONTEXT((#2670))
GLOBAL_UNIT_ASSIGNED_CONTEXT((#2673,#2672,#2671))
REPRESENTATION_CONTEXT('fence','TOP_LEVEL_ASSEMBLY_PART')
);
#2670=UNCERTAINTY_MEASURE_WITH_UNIT(LENGTH_MEASURE(1.E-8),#2673,
'DISTANCE_ACCURACY_VALUE','Maximum Tolerance applied to model');
#2671=(
NAMED_UNIT(*)
SI_UNIT($,.STERADIAN.)
SOLID_ANGLE_UNIT()
);
#2672=(
NAMED_UNIT(*)
PLANE_ANGLE_UNIT()
SI_UNIT($,.RADIAN.)
);
#2673=(
LENGTH_UNIT()
NAMED_UNIT(*)
SI_UNIT($,.METRE.)
);
#2674=PRODUCT_DEFINITION_SHAPE('','',#2675);
#2675=PRODUCT_DEFINITION('','',#2677,#2676);
#2676=PRODUCT_DEFINITION_CONTEXT('',#2683,'design');
#2677=PRODUCT_DEFINITION_FORMATION_WITH_SPECIFIED_SOURCE('','',#2679,
 .NOT_KNOWN.);
#2678=PRODUCT_RELATED_PRODUCT_CATEGORY('','',(#2679));
#2679=PRODUCT('fence','fence','fence',(#2681));
#2680=PRODUCT_CATEGORY('','');
#2681=PRODUCT_CONTEXT('',#2683,'mechanical');
#2682=APPLICATION_PROTOCOL_DEFINITION('international standard',
'ap242_managed_model_based_3d_engineering',2020,#2683);
#2683=APPLICATION_CONTEXT('managed model based 3d engineering');
ENDSEC;
END-ISO-10303-21;
