ISO-10303-21;
HEADER;
/* Generated by software containing ST-Developer
 * from STEP Tools, Inc. (www.steptools.com) 
 */
/* OPTION: using custom renumber hook */

FILE_DESCRIPTION(
/* description */ ('STEP AP242 Edition 2',
'CAx-IF Rec.Pracs.---Representation and Presentation of Product Manufa
cturing Information (PMI)---4.0---2014-10-13',
'CAx-IF Rec.Pracs.---3D Tessellated Geometry---0.4---2014-09-14','2;1',
'CAx-IF Rec.Pracs.---User Defined Attributes---1.5---2016-08-15'),
/* implementation_level */ '2;1');

FILE_NAME(
/* name */ '696bac8b35f9f08c813ffa01',
/* time_stamp */ '2026-01-17T15:36:44Z',
/* author */ (''),
/* organization */ (''),
/* preprocessor_version */ 'ST-DEVELOPER v20',
/* originating_system */ 'ONSHAPE BY PTC INC, 1.209',
/* authorisation */ '  ');

FILE_SCHEMA (('AP242_MANAGED_MODEL_BASED_3D_ENGINEERING_MIM_LF { 1 0 10303 442 3 1 4 }'));
ENDSEC;

DATA;
#10=SHAPE_REPRESENTATION_RELATIONSHIP('','',#2491,#11);
#11=ADVANCED_BREP_SHAPE_REPRESENTATION('',(#2489),#4657);
#12=CYLINDRICAL_SURFACE('',#2692,0.0754250256910179);
#13=CYLINDRICAL_SURFACE('',#2693,0.0754250256910179);
#14=CYLINDRICAL_SURFACE('',#2694,0.0754250256910179);
#15=CYLINDRICAL_SURFACE('',#2695,0.0754250256910179);
#16=CYLINDRICAL_SURFACE('',#2696,0.0754250256910179);
#17=CYLINDRICAL_SURFACE('',#2697,0.0754250256910179);
#18=CYLINDRICAL_SURFACE('',#2698,0.0754250256910178);
#19=CYLINDRICAL_SURFACE('',#2700,0.0754167784368577);
#20=CYLINDRICAL_SURFACE('',#2702,0.0754167784368577);
#21=B_SPLINE_SURFACE_WITH_KNOTS('',1,3,((#3714,#3715,#3716,#3717,#3718,
#3719,#3720,#3721,#3722,#3723,#3724,#3725,#3726,#3727,#3728,#3729,#3730,
#3731,#3732,#3733),(#3734,#3735,#3736,#3737,#3738,#3739,#3740,#3741,#3742,
#3743,#3744,#3745,#3746,#3747,#3748,#3749,#3750,#3751,#3752,#3753)),
 .RULED_SURF.,.F.,.F.,.F.,(2,2),(4,2,2,2,2,2,2,2,2,4),(0.,0.0133919353132002),
(0.495966773477211,0.5,0.5625,0.625,0.6875,0.75,0.8125,0.875,0.9375,1.),
 .UNSPECIFIED.);
#22=B_SPLINE_SURFACE_WITH_KNOTS('',1,3,((#3824,#3825,#3826,#3827,#3828,
#3829,#3830,#3831,#3832,#3833,#3834,#3835,#3836,#3837,#3838,#3839,#3840,
#3841,#3842,#3843,#3844,#3845,#3846,#3847,#3848,#3849,#3850,#3851,#3852,
#3853,#3854,#3855,#3856,#3857),(#3858,#3859,#3860,#3861,#3862,#3863,#3864,
#3865,#3866,#3867,#3868,#3869,#3870,#3871,#3872,#3873,#3874,#3875,#3876,
#3877,#3878,#3879,#3880,#3881,#3882,#3883,#3884,#3885,#3886,#3887,#3888,
#3889,#3890,#3891)),.RULED_SURF.,.F.,.F.,.F.,(2,2),(4,2,2,2,2,2,2,2,2,2,
2,2,2,2,2,2,4),(0.,1.),(0.,0.0625,0.125,0.1875,0.25,0.3125,0.375,0.4375,
0.5,0.5625,0.625,0.6875,0.75,0.8125,0.875,0.9375,1.),.UNSPECIFIED.);
#23=B_SPLINE_SURFACE_WITH_KNOTS('',1,3,((#3914,#3915,#3916,#3917,#3918,
#3919,#3920,#3921,#3922,#3923,#3924,#3925,#3926,#3927,#3928,#3929,#3930,
#3931,#3932,#3933),(#3934,#3935,#3936,#3937,#3938,#3939,#3940,#3941,#3942,
#3943,#3944,#3945,#3946,#3947,#3948,#3949,#3950,#3951,#3952,#3953)),
 .RULED_SURF.,.F.,.F.,.F.,(2,2),(4,2,2,2,2,2,2,2,2,4),(0.,0.0133963609610431),
(0.,0.0625,0.125,0.1875,0.25,0.3125,0.375,0.4375,0.5,0.501952056335618),
 .UNSPECIFIED.);
#24=B_SPLINE_SURFACE_WITH_KNOTS('',1,3,((#4105,#4106,#4107,#4108,#4109,
#4110,#4111,#4112,#4113,#4114,#4115,#4116,#4117,#4118,#4119,#4120,#4121,
#4122,#4123,#4124,#4125,#4126,#4127,#4128,#4129,#4130,#4131,#4132,#4133,
#4134,#4135,#4136,#4137,#4138,#4139,#4140,#4141,#4142,#4143,#4144,#4145,
#4146),(#4147,#4148,#4149,#4150,#4151,#4152,#4153,#4154,#4155,#4156,#4157,
#4158,#4159,#4160,#4161,#4162,#4163,#4164,#4165,#4166,#4167,#4168,#4169,
#4170,#4171,#4172,#4173,#4174,#4175,#4176,#4177,#4178,#4179,#4180,#4181,
#4182,#4183,#4184,#4185,#4186,#4187,#4188)),.RULED_SURF.,.F.,.F.,.F.,(2,
2),(4,2,2,2,2,2,2,2,2,2,2,2,2,2,2,2,2,2,2,2,4),(0.,1.),(0.0303420204978159,
0.0309274813561639,0.0322615021164026,0.0349295436368801,0.0375975851573576,
0.0429336681983126,0.0482697512392676,0.0536058342802226,0.0589419173211776,
0.0642780003621326,0.0696140834030876,0.0749501664440427,0.0802862494849977,
0.0856223325259527,0.0909584155669077,0.0962944986078627,0.101630581648818,
0.104298623169295,0.106966664689773,0.108300685450011,0.108886108629552),
 .UNSPECIFIED.);
#25=B_SPLINE_SURFACE_WITH_KNOTS('',1,3,((#4216,#4217,#4218,#4219),(#4220,
#4221,#4222,#4223)),.RULED_SURF.,.F.,.F.,.F.,(2,2),(4,4),(0.35663665452966,
0.5772995580445),(0.,0.00397865025588631),.PIECEWISE_BEZIER_KNOTS.);
#26=B_SPLINE_SURFACE_WITH_KNOTS('',1,3,((#4245,#4246,#4247,#4248),(#4249,
#4250,#4251,#4252)),.RULED_SURF.,.F.,.F.,.F.,(2,2),(4,4),(0.356639671342,
0.577299540051792),(0.,0.00397770006796605),.PIECEWISE_BEZIER_KNOTS.);
#27=B_SPLINE_SURFACE_WITH_KNOTS('',1,3,((#4276,#4277,#4278,#4279,#4280,
#4281,#4282,#4283,#4284,#4285,#4286,#4287,#4288,#4289,#4290,#4291,#4292,
#4293,#4294,#4295),(#4296,#4297,#4298,#4299,#4300,#4301,#4302,#4303,#4304,
#4305,#4306,#4307,#4308,#4309,#4310,#4311,#4312,#4313,#4314,#4315)),
 .RULED_SURF.,.F.,.F.,.F.,(2,2),(4,2,2,2,2,2,2,2,2,4),(0.379448674635122,
0.633952178412197),(9.81307786677359E-18,0.00287153133060053,0.00574306266120105,
0.00717882832650131,0.00861459399180157,0.0114861253224021,0.0143576566530026,
0.0157934223183029,0.0172291879836032,0.0229722506448042),.UNSPECIFIED.);
#28=B_SPLINE_SURFACE_WITH_KNOTS('',1,3,((#4343,#4344,#4345,#4346,#4347,
#4348,#4349,#4350,#4351,#4352,#4353,#4354,#4355,#4356,#4357,#4358,#4359,
#4360),(#4361,#4362,#4363,#4364,#4365,#4366,#4367,#4368,#4369,#4370,#4371,
#4372,#4373,#4374,#4375,#4376,#4377,#4378)),.RULED_SURF.,.F.,.F.,.F.,(2,
2),(4,2,2,2,2,2,2,2,4),(0.379448039366868,0.634058691757493),(4.03545585646509E-19,
0.00600847812114291,0.00901271718171437,0.0120169562422858,0.0150211953028573,
0.0180254343634287,0.0195275538937144,0.0210296734240002,0.0240339124845716),
 .UNSPECIFIED.);
#29=B_SPLINE_SURFACE_WITH_KNOTS('',1,3,((#4410,#4411,#4412,#4413,#4414,
#4415),(#4416,#4417,#4418,#4419,#4420,#4421)),.RULED_SURF.,.F.,.F.,.F.,
(2,2),(4,2,4),(0.299632855405198,0.546878025473143),(0.,0.00426566073353555,
0.0085313214670711),.UNSPECIFIED.);
#30=B_SPLINE_SURFACE_WITH_KNOTS('',1,3,((#4465,#4466,#4467,#4468,#4469,
#4470),(#4471,#4472,#4473,#4474,#4475,#4476)),.RULED_SURF.,.F.,.F.,.F.,
(2,2),(4,2,4),(0.299632954610059,0.546873119409126),(2.40966180445654E-11,
0.00426520312104448,0.00853040621799234),.UNSPECIFIED.);
#31=PLANE('',#2533);
#32=PLANE('',#2546);
#33=PLANE('',#2547);
#34=PLANE('',#2548);
#35=PLANE('',#2549);
#36=PLANE('',#2550);
#37=PLANE('',#2551);
#38=PLANE('',#2552);
#39=PLANE('',#2553);
#40=PLANE('',#2554);
#41=PLANE('',#2555);
#42=PLANE('',#2556);
#43=PLANE('',#2559);
#44=PLANE('',#2570);
#45=PLANE('',#2571);
#46=PLANE('',#2572);
#47=PLANE('',#2573);
#48=PLANE('',#2574);
#49=PLANE('',#2575);
#50=PLANE('',#2576);
#51=PLANE('',#2577);
#52=PLANE('',#2578);
#53=PLANE('',#2579);
#54=PLANE('',#2580);
#55=PLANE('',#2581);
#56=PLANE('',#2582);
#57=PLANE('',#2583);
#58=PLANE('',#2584);
#59=PLANE('',#2585);
#60=PLANE('',#2586);
#61=PLANE('',#2587);
#62=PLANE('',#2588);
#63=PLANE('',#2591);
#64=PLANE('',#2594);
#65=PLANE('',#2595);
#66=PLANE('',#2596);
#67=PLANE('',#2597);
#68=PLANE('',#2600);
#69=PLANE('',#2601);
#70=PLANE('',#2602);
#71=PLANE('',#2605);
#72=PLANE('',#2606);
#73=PLANE('',#2607);
#74=PLANE('',#2611);
#75=PLANE('',#2612);
#76=PLANE('',#2616);
#77=PLANE('',#2617);
#78=PLANE('',#2618);
#79=PLANE('',#2622);
#80=PLANE('',#2623);
#81=PLANE('',#2627);
#82=PLANE('',#2628);
#83=PLANE('',#2632);
#84=PLANE('',#2633);
#85=PLANE('',#2637);
#86=PLANE('',#2638);
#87=PLANE('',#2642);
#88=PLANE('',#2643);
#89=PLANE('',#2647);
#90=PLANE('',#2648);
#91=PLANE('',#2652);
#92=PLANE('',#2653);
#93=PLANE('',#2654);
#94=PLANE('',#2657);
#95=PLANE('',#2658);
#96=PLANE('',#2659);
#97=PLANE('',#2662);
#98=PLANE('',#2663);
#99=PLANE('',#2664);
#100=PLANE('',#2667);
#101=PLANE('',#2668);
#102=PLANE('',#2669);
#103=PLANE('',#2672);
#104=PLANE('',#2673);
#105=PLANE('',#2674);
#106=PLANE('',#2677);
#107=PLANE('',#2678);
#108=PLANE('',#2679);
#109=PLANE('',#2682);
#110=PLANE('',#2683);
#111=PLANE('',#2684);
#112=PLANE('',#2687);
#113=PLANE('',#2688);
#114=PLANE('',#2689);
#115=PLANE('',#2699);
#116=PLANE('',#2701);
#117=B_SPLINE_CURVE_WITH_KNOTS('',3,(#3363,#3364,#3365,#3366),
 .UNSPECIFIED.,.F.,.F.,(4,4),(0.,0.00390959458768611),.UNSPECIFIED.);
#118=B_SPLINE_CURVE_WITH_KNOTS('',3,(#3372,#3373,#3374,#3375),
 .UNSPECIFIED.,.F.,.F.,(4,4),(0.,0.00390871033587107),.UNSPECIFIED.);
#119=B_SPLINE_CURVE_WITH_KNOTS('',3,(#3391,#3392,#3393,#3394,#3395,#3396,
#3397,#3398),.UNSPECIFIED.,.F.,.F.,(4,1,1,1,1,4),(0.,0.00567665321507392,
0.00851497982261088,0.0113533064301478,0.0170299596452218,0.0227066128602957),
 .UNSPECIFIED.);
#120=B_SPLINE_CURVE_WITH_KNOTS('',3,(#3406,#3407,#3408,#3409,#3410,#3411,
#3412,#3413),.UNSPECIFIED.,.F.,.F.,(4,1,1,1,1,4),(0.,0.00542866559645312,
0.0108573311929062,0.0135716639911328,0.0162859967893593,0.0217146623858125),
 .UNSPECIFIED.);
#121=B_SPLINE_CURVE_WITH_KNOTS('',3,(#3483,#3484,#3485,#3486),
 .UNSPECIFIED.,.F.,.F.,(4,4),(0.,0.0084462699701552),.UNSPECIFIED.);
#122=B_SPLINE_CURVE_WITH_KNOTS('',3,(#3488,#3489,#3490,#3491,#3492,#3493,
#3494,#3495,#3496,#3497,#3498,#3499,#3500,#3501,#3502,#3503,#3504,#3505),
 .UNSPECIFIED.,.F.,.F.,(4,1,1,1,1,1,1,1,1,1,1,1,1,1,1,4),(0.00490472595145278,
0.0667989605616314,0.12869319517181,0.190587429781989,0.252481664392167,
0.314375899002346,0.376270133612524,0.500058602832882,0.56195283744306,
0.623847072053239,0.685741306663417,0.747635541273596,0.809529775883775,
0.871424010493953,0.933318245104132,0.99521247971431),.UNSPECIFIED.);
#123=B_SPLINE_CURVE_WITH_KNOTS('',3,(#3507,#3508,#3509,#3510),
 .UNSPECIFIED.,.F.,.F.,(4,4),(0.,0.00844588036636023),.UNSPECIFIED.);
#124=B_SPLINE_CURVE_WITH_KNOTS('',3,(#3574,#3575,#3576,#3577),
 .UNSPECIFIED.,.F.,.F.,(4,4),(2.74667586389107E-8,0.00279357306800291),
 .UNSPECIFIED.);
#125=B_SPLINE_CURVE_WITH_KNOTS('',3,(#3626,#3627,#3628,#3629),
 .UNSPECIFIED.,.F.,.F.,(4,4),(0.,0.00279354167730425),.UNSPECIFIED.);
#126=B_SPLINE_CURVE_WITH_KNOTS('',3,(#3631,#3632,#3633,#3634),
 .UNSPECIFIED.,.F.,.F.,(4,4),(0.000118654141615729,0.00014516942809968),
 .UNSPECIFIED.);
#127=B_SPLINE_CURVE_WITH_KNOTS('',3,(#3638,#3639,#3640,#3641),
 .UNSPECIFIED.,.F.,.F.,(4,4),(0.,0.00200274391959364),.UNSPECIFIED.);
#128=B_SPLINE_CURVE_WITH_KNOTS('',3,(#3645,#3646,#3647,#3648),
 .UNSPECIFIED.,.F.,.F.,(4,4),(0.,0.00200274391465421),.UNSPECIFIED.);
#129=B_SPLINE_CURVE_WITH_KNOTS('',3,(#3652,#3653,#3654,#3655),
 .UNSPECIFIED.,.F.,.F.,(4,4),(0.000121900064607484,0.000148414820591122),
 .UNSPECIFIED.);
#130=B_SPLINE_CURVE_WITH_KNOTS('',3,(#3754,#3755,#3756,#3757,#3758,#3759,
#3760,#3761,#3762,#3763,#3764,#3765,#3766,#3767,#3768,#3769,#3770,#3771,
#3772,#3773,#3774,#3775,#3776,#3777,#3778,#3779,#3780,#3781,#3782,#3783,
#3784,#3785,#3786,#3787,#3788,#3789,#3790,#3791),.UNSPECIFIED.,.F.,.F.,
(4,1,1,1,1,1,1,1,1,1,1,1,1,1,1,1,1,1,1,1,1,1,1,1,1,1,1,1,1,1,1,1,1,1,1,
4),(0.,0.125,0.25,0.375,0.4375,0.46875,0.484375,0.5,0.515625,0.53125,0.5625,
0.625,0.65625,0.6875,0.703125,0.71875,0.734375,0.7421875,0.74609375,0.75,
0.75390625,0.7578125,0.765625,0.78125,0.796875,0.8125,0.84375,0.859375,
0.875,0.890625,0.90625,0.921875,0.9375,0.953125,0.96875,1.),
 .UNSPECIFIED.);
#131=B_SPLINE_CURVE_WITH_KNOTS('',3,(#3793,#3794,#3795,#3796,#3797,#3798,
#3799),.UNSPECIFIED.,.F.,.F.,(4,1,1,1,4),(0.498965623393239,0.623917862078012,
0.748870100762784,0.873822339447557,0.99877457813233),.UNSPECIFIED.);
#132=B_SPLINE_CURVE_WITH_KNOTS('',3,(#3892,#3893,#3894,#3895,#3896,#3897,
#3898,#3899,#3900,#3901,#3902),.UNSPECIFIED.,.F.,.F.,(4,1,1,1,1,1,1,1,4),
(0.00223616724835411,0.126677179814862,0.25111819238137,0.375559204947878,
0.500000217514387,0.624441230080895,0.748882242647403,0.873323255213911,
0.997764267780419),.UNSPECIFIED.);
#133=B_SPLINE_CURVE_WITH_KNOTS('',3,(#3903,#3904,#3905,#3906,#3907,#3908,
#3909,#3910,#3911,#3912,#3913),.UNSPECIFIED.,.F.,.F.,(4,1,1,1,1,1,1,1,4),
(0.000481573417396715,0.125361192668896,0.250240811920396,0.375120431171895,
0.500000050423394,0.624879669674894,0.749759288926393,0.874638908177892,
0.999518527429392),.UNSPECIFIED.);
#134=B_SPLINE_CURVE_WITH_KNOTS('',3,(#3954,#3955,#3956,#3957,#3958,#3959,
#3960),.UNSPECIFIED.,.F.,.F.,(4,1,1,1,4),(0.00122566364796923,0.125660653584287,
0.250095643520604,0.374530633456922,0.498965623393239),.UNSPECIFIED.);
#135=B_SPLINE_CURVE_WITH_KNOTS('',3,(#3961,#3962,#3963,#3964,#3965,#3966,
#3967,#3968,#3969,#3970,#3971,#3972,#3973,#3974,#3975),.UNSPECIFIED.,.F.,
 .F.,(4,1,1,1,1,1,1,1,1,1,1,1,4),(0.,0.125,0.25,0.375,0.4375,0.5,0.53125,
0.5625,0.625,0.6875,0.75,0.875,1.),.UNSPECIFIED.);
#136=B_SPLINE_CURVE_WITH_KNOTS('',3,(#4189,#4190,#4191,#4192),
 .UNSPECIFIED.,.F.,.F.,(4,4),(3.54299670293576E-7,0.000262332579236208),
 .UNSPECIFIED.);
#137=B_SPLINE_CURVE_WITH_KNOTS('',3,(#4194,#4195,#4196,#4197),
 .UNSPECIFIED.,.F.,.F.,(4,4),(0.,0.000115984482803047),.UNSPECIFIED.);
#138=B_SPLINE_CURVE_WITH_KNOTS('',3,(#4198,#4199,#4200,#4201),
 .UNSPECIFIED.,.F.,.F.,(4,4),(4.66325488297709E-8,0.000114323387068526),
 .UNSPECIFIED.);
#139=B_SPLINE_CURVE_WITH_KNOTS('',3,(#4203,#4204,#4205,#4206),
 .UNSPECIFIED.,.F.,.F.,(4,4),(3.55659277612687E-7,0.000262332971308926),
 .UNSPECIFIED.);
#140=B_SPLINE_CURVE_WITH_KNOTS('',3,(#4208,#4209,#4210,#4211),
 .UNSPECIFIED.,.F.,.F.,(4,4),(0.357944932614267,0.558219401813851),
 .UNSPECIFIED.);
#141=B_SPLINE_CURVE_WITH_KNOTS('',3,(#4224,#4225,#4226,#4227),
 .UNSPECIFIED.,.F.,.F.,(4,4),(0.424008720039578,0.624283189239174),
 .UNSPECIFIED.);
#142=B_SPLINE_CURVE_WITH_KNOTS('',3,(#4229,#4230,#4231,#4232),
 .UNSPECIFIED.,.F.,.F.,(4,4),(0.,0.00393626338405784),.UNSPECIFIED.);
#143=B_SPLINE_CURVE_WITH_KNOTS('',3,(#4241,#4242,#4243,#4244),
 .UNSPECIFIED.,.F.,.F.,(4,4),(0.441777599367257,0.642052068566843),
 .UNSPECIFIED.);
#144=B_SPLINE_CURVE_WITH_KNOTS('',3,(#4253,#4254,#4255,#4256),
 .UNSPECIFIED.,.F.,.F.,(4,4),(0.375716810761044,0.575991279960632),
 .UNSPECIFIED.);
#145=B_SPLINE_CURVE_WITH_KNOTS('',3,(#4258,#4259,#4260,#4261),
 .UNSPECIFIED.,.F.,.F.,(4,4),(0.,0.00393537711201484),.UNSPECIFIED.);
#146=B_SPLINE_CURVE_WITH_KNOTS('',3,(#4268,#4269,#4270,#4271),
 .UNSPECIFIED.,.F.,.F.,(4,4),(0.367556735641811,0.567831204841401),
 .UNSPECIFIED.);
#147=B_SPLINE_CURVE_WITH_KNOTS('',3,(#4316,#4317,#4318,#4319),
 .UNSPECIFIED.,.F.,.F.,(4,4),(0.380957588689131,0.581232057888713),
 .UNSPECIFIED.);
#148=B_SPLINE_CURVE_WITH_KNOTS('',3,(#4321,#4322,#4323,#4324,#4325,#4326,
#4327,#4328),.UNSPECIFIED.,.F.,.F.,(4,1,1,1,1,4),(0.,0.00554257435121738,
0.00831386152682606,0.0110851487024348,0.0166277230536521,0.0221702974048695),
 .UNSPECIFIED.);
#149=B_SPLINE_CURVE_WITH_KNOTS('',3,(#4337,#4338,#4339,#4340),
 .UNSPECIFIED.,.F.,.F.,(4,4),(0.432272317283012,0.632546786482602),
 .UNSPECIFIED.);
#150=B_SPLINE_CURVE_WITH_KNOTS('',3,(#4379,#4380,#4381,#4382),
 .UNSPECIFIED.,.F.,.F.,(4,4),(0.418767942111076,0.619042411310657),
 .UNSPECIFIED.);
#151=B_SPLINE_CURVE_WITH_KNOTS('',3,(#4384,#4385,#4386,#4387,#4388,#4389,
#4390,#4391),.UNSPECIFIED.,.F.,.F.,(4,1,1,1,1,4),(0.,0.0057997267495886,
0.0086995901243829,0.0115994534991772,0.0173991802487658,0.0231989069983544),
 .UNSPECIFIED.);
#152=B_SPLINE_CURVE_WITH_KNOTS('',3,(#4396,#4397,#4398,#4399),
 .UNSPECIFIED.,.F.,.F.,(4,4),(0.345137675818615,0.545412145018191),
 .UNSPECIFIED.);
#153=B_SPLINE_CURVE_WITH_KNOTS('',3,(#4422,#4423,#4424,#4425),
 .UNSPECIFIED.,.F.,.F.,(4,4),(0.,1.),.UNSPECIFIED.);
#154=B_SPLINE_CURVE_WITH_KNOTS('',3,(#4427,#4428,#4429,#4430),
 .UNSPECIFIED.,.F.,.F.,(4,4),(0.99571606328943,0.998006188758071),
 .UNSPECIFIED.);
#155=B_SPLINE_CURVE_WITH_KNOTS('',3,(#4432,#4433,#4434,#4435),
 .UNSPECIFIED.,.F.,.F.,(4,4),(0.,0.0083889338329573),.UNSPECIFIED.);
#156=B_SPLINE_CURVE_WITH_KNOTS('',3,(#4461,#4462,#4463,#4464),
 .UNSPECIFIED.,.F.,.F.,(4,4),(0.454592731370315,0.654867200569895),
 .UNSPECIFIED.);
#157=B_SPLINE_CURVE_WITH_KNOTS('',3,(#4477,#4478,#4479,#4480),
 .UNSPECIFIED.,.F.,.F.,(4,4),(0.,0.00838956432738096),.UNSPECIFIED.);
#158=B_SPLINE_CURVE_WITH_KNOTS('',3,(#4482,#4483,#4484,#4485),
 .UNSPECIFIED.,.F.,.F.,(4,4),(0.00205195691110571,0.00438175276426943),
 .UNSPECIFIED.);
#159=B_SPLINE_CURVE_WITH_KNOTS('',3,(#4487,#4488,#4489,#4490),
 .UNSPECIFIED.,.F.,.F.,(4,4),(0.,1.),.UNSPECIFIED.);
#160=CIRCLE('',#2494,0.0726678538219047);
#161=CIRCLE('',#2495,0.0726678538219047);
#162=CIRCLE('',#2496,0.0718555332430175);
#163=CIRCLE('',#2497,0.0726154460426216);
#164=CIRCLE('',#2498,0.0718555332430175);
#165=CIRCLE('',#2499,0.0726154460426216);
#166=CIRCLE('',#2500,0.0718555332430175);
#167=CIRCLE('',#2501,0.0726154460426216);
#168=CIRCLE('',#2502,0.0718555332430175);
#169=CIRCLE('',#2503,0.0726154460426216);
#170=CIRCLE('',#2504,0.0718555332430175);
#171=CIRCLE('',#2505,0.0726154460426216);
#172=CIRCLE('',#2506,0.0718555332430175);
#173=CIRCLE('',#2507,0.0726154460426216);
#174=CIRCLE('',#2508,0.0718555332430175);
#175=CIRCLE('',#2509,0.0726154460426216);
#176=CIRCLE('',#2510,0.0718555332430175);
#177=CIRCLE('',#2511,0.0726154460426216);
#178=CIRCLE('',#2512,0.0718555332430175);
#179=CIRCLE('',#2513,0.0726154460426216);
#180=CIRCLE('',#2514,0.0718555332430175);
#181=CIRCLE('',#2515,0.0726154460426216);
#182=CIRCLE('',#2516,0.0734277666215088);
#183=CIRCLE('',#2517,0.0726678538219047);
#184=CIRCLE('',#2518,0.0726678538219047);
#185=CIRCLE('',#2519,0.0734277666215088);
#186=CIRCLE('',#2520,0.0726678538219047);
#187=CIRCLE('',#2521,0.0734277666215088);
#188=CIRCLE('',#2522,0.0726678538219047);
#189=CIRCLE('',#2523,0.0734277666215088);
#190=CIRCLE('',#2524,0.0726678538219047);
#191=CIRCLE('',#2525,0.0734277666215088);
#192=CIRCLE('',#2526,0.0726678538219047);
#193=CIRCLE('',#2527,0.0734277666215088);
#194=CIRCLE('',#2528,0.0726678538219047);
#195=CIRCLE('',#2529,0.0734277666215088);
#196=CIRCLE('',#2530,0.0726678538219047);
#197=CIRCLE('',#2531,0.0734277666215088);
#198=CIRCLE('',#2532,0.0726678538219047);
#199=CIRCLE('',#2534,0.0754167784368577);
#200=CIRCLE('',#2535,0.0754250256910179);
#201=CIRCLE('',#2536,0.0754250256910179);
#202=CIRCLE('',#2537,0.0754250256910179);
#203=CIRCLE('',#2538,0.0754250256910178);
#204=CIRCLE('',#2539,0.0754250256910179);
#205=CIRCLE('',#2540,0.0754250256910179);
#206=CIRCLE('',#2541,0.0754250256910179);
#207=CIRCLE('',#2542,0.0754167784368577);
#208=CIRCLE('',#2543,0.0754305113135046);
#209=CIRCLE('',#2544,0.0734277666215088);
#210=CIRCLE('',#2545,0.0754305113135046);
#211=CIRCLE('',#2560,0.0738582779350134);
#212=CIRCLE('',#2561,0.0738582779350134);
#213=CIRCLE('',#2562,0.0738582779350134);
#214=CIRCLE('',#2563,0.0738582779350134);
#215=CIRCLE('',#2564,0.0738582779350134);
#216=CIRCLE('',#2565,0.0738582779350134);
#217=CIRCLE('',#2566,0.0738582779350134);
#218=CIRCLE('',#2567,0.0738582779350134);
#219=CIRCLE('',#2568,0.0738582779350134);
#220=CIRCLE('',#2569,0.0738582779350134);
#221=CIRCLE('',#2589,0.0746705985139005);
#222=CIRCLE('',#2593,0.0746705985139005);
#223=CIRCLE('',#2598,0.0746181907346175);
#224=CIRCLE('',#2603,0.0746181907346175);
#225=CIRCLE('',#2608,0.0746705985139005);
#226=CIRCLE('',#2610,0.0754167784368577);
#227=CIRCLE('',#2613,0.0746705985139005);
#228=CIRCLE('',#2615,0.0754250256910179);
#229=CIRCLE('',#2619,0.0746705985139005);
#230=CIRCLE('',#2621,0.0754167784368577);
#231=CIRCLE('',#2624,0.0746705985139005);
#232=CIRCLE('',#2626,0.0754250256910179);
#233=CIRCLE('',#2629,0.0746705985139005);
#234=CIRCLE('',#2631,0.0754250256910179);
#235=CIRCLE('',#2634,0.0746705985139005);
#236=CIRCLE('',#2636,0.0754250256910179);
#237=CIRCLE('',#2639,0.0746705985139005);
#238=CIRCLE('',#2641,0.0754250256910179);
#239=CIRCLE('',#2644,0.0746705985139005);
#240=CIRCLE('',#2646,0.0754250256910179);
#241=CIRCLE('',#2649,0.0746705985139005);
#242=CIRCLE('',#2651,0.0754250256910179);
#243=CIRCLE('',#2655,0.0746181907346175);
#244=CIRCLE('',#2660,0.0746181907346175);
#245=CIRCLE('',#2665,0.0746181907346175);
#246=CIRCLE('',#2670,0.0746181907346175);
#247=CIRCLE('',#2675,0.0746181907346175);
#248=CIRCLE('',#2680,0.0746181907346175);
#249=CIRCLE('',#2685,0.0746181907346175);
#250=CIRCLE('',#2690,0.0746181907346175);
#251=ORIENTED_EDGE('',*,*,#981,.T.);
#252=ORIENTED_EDGE('',*,*,#982,.T.);
#253=ORIENTED_EDGE('',*,*,#983,.F.);
#254=ORIENTED_EDGE('',*,*,#984,.T.);
#255=ORIENTED_EDGE('',*,*,#985,.T.);
#256=ORIENTED_EDGE('',*,*,#986,.F.);
#257=ORIENTED_EDGE('',*,*,#987,.F.);
#258=ORIENTED_EDGE('',*,*,#988,.T.);
#259=ORIENTED_EDGE('',*,*,#989,.T.);
#260=ORIENTED_EDGE('',*,*,#990,.T.);
#261=ORIENTED_EDGE('',*,*,#991,.F.);
#262=ORIENTED_EDGE('',*,*,#992,.T.);
#263=ORIENTED_EDGE('',*,*,#993,.T.);
#264=ORIENTED_EDGE('',*,*,#994,.F.);
#265=ORIENTED_EDGE('',*,*,#995,.T.);
#266=ORIENTED_EDGE('',*,*,#996,.F.);
#267=ORIENTED_EDGE('',*,*,#997,.T.);
#268=ORIENTED_EDGE('',*,*,#998,.F.);
#269=ORIENTED_EDGE('',*,*,#999,.T.);
#270=ORIENTED_EDGE('',*,*,#1000,.T.);
#271=ORIENTED_EDGE('',*,*,#1001,.F.);
#272=ORIENTED_EDGE('',*,*,#1002,.T.);
#273=ORIENTED_EDGE('',*,*,#1003,.T.);
#274=ORIENTED_EDGE('',*,*,#1004,.T.);
#275=ORIENTED_EDGE('',*,*,#1005,.F.);
#276=ORIENTED_EDGE('',*,*,#1006,.T.);
#277=ORIENTED_EDGE('',*,*,#1007,.T.);
#278=ORIENTED_EDGE('',*,*,#1008,.T.);
#279=ORIENTED_EDGE('',*,*,#1009,.F.);
#280=ORIENTED_EDGE('',*,*,#1010,.T.);
#281=ORIENTED_EDGE('',*,*,#1011,.T.);
#282=ORIENTED_EDGE('',*,*,#1012,.T.);
#283=ORIENTED_EDGE('',*,*,#1013,.F.);
#284=ORIENTED_EDGE('',*,*,#1014,.T.);
#285=ORIENTED_EDGE('',*,*,#1015,.T.);
#286=ORIENTED_EDGE('',*,*,#1016,.T.);
#287=ORIENTED_EDGE('',*,*,#1017,.F.);
#288=ORIENTED_EDGE('',*,*,#1018,.T.);
#289=ORIENTED_EDGE('',*,*,#1019,.T.);
#290=ORIENTED_EDGE('',*,*,#1020,.T.);
#291=ORIENTED_EDGE('',*,*,#1021,.F.);
#292=ORIENTED_EDGE('',*,*,#1022,.T.);
#293=ORIENTED_EDGE('',*,*,#1023,.T.);
#294=ORIENTED_EDGE('',*,*,#1024,.T.);
#295=ORIENTED_EDGE('',*,*,#1025,.F.);
#296=ORIENTED_EDGE('',*,*,#1026,.T.);
#297=ORIENTED_EDGE('',*,*,#1027,.T.);
#298=ORIENTED_EDGE('',*,*,#1028,.T.);
#299=ORIENTED_EDGE('',*,*,#1029,.T.);
#300=ORIENTED_EDGE('',*,*,#1030,.T.);
#301=ORIENTED_EDGE('',*,*,#1031,.T.);
#302=ORIENTED_EDGE('',*,*,#1032,.T.);
#303=ORIENTED_EDGE('',*,*,#1033,.F.);
#304=ORIENTED_EDGE('',*,*,#1034,.T.);
#305=ORIENTED_EDGE('',*,*,#1035,.F.);
#306=ORIENTED_EDGE('',*,*,#1036,.T.);
#307=ORIENTED_EDGE('',*,*,#1037,.T.);
#308=ORIENTED_EDGE('',*,*,#1038,.T.);
#309=ORIENTED_EDGE('',*,*,#1039,.T.);
#310=ORIENTED_EDGE('',*,*,#1040,.T.);
#311=ORIENTED_EDGE('',*,*,#1041,.T.);
#312=ORIENTED_EDGE('',*,*,#1042,.T.);
#313=ORIENTED_EDGE('',*,*,#1043,.T.);
#314=ORIENTED_EDGE('',*,*,#1044,.T.);
#315=ORIENTED_EDGE('',*,*,#1045,.T.);
#316=ORIENTED_EDGE('',*,*,#1046,.T.);
#317=ORIENTED_EDGE('',*,*,#1047,.T.);
#318=ORIENTED_EDGE('',*,*,#1048,.T.);
#319=ORIENTED_EDGE('',*,*,#1049,.T.);
#320=ORIENTED_EDGE('',*,*,#1050,.T.);
#321=ORIENTED_EDGE('',*,*,#1051,.T.);
#322=ORIENTED_EDGE('',*,*,#1052,.T.);
#323=ORIENTED_EDGE('',*,*,#1053,.T.);
#324=ORIENTED_EDGE('',*,*,#1054,.T.);
#325=ORIENTED_EDGE('',*,*,#1055,.T.);
#326=ORIENTED_EDGE('',*,*,#1056,.T.);
#327=ORIENTED_EDGE('',*,*,#1057,.T.);
#328=ORIENTED_EDGE('',*,*,#1058,.T.);
#329=ORIENTED_EDGE('',*,*,#1059,.T.);
#330=ORIENTED_EDGE('',*,*,#1060,.T.);
#331=ORIENTED_EDGE('',*,*,#1061,.T.);
#332=ORIENTED_EDGE('',*,*,#1062,.T.);
#333=ORIENTED_EDGE('',*,*,#1063,.T.);
#334=ORIENTED_EDGE('',*,*,#1064,.T.);
#335=ORIENTED_EDGE('',*,*,#1065,.T.);
#336=ORIENTED_EDGE('',*,*,#1066,.T.);
#337=ORIENTED_EDGE('',*,*,#1067,.T.);
#338=ORIENTED_EDGE('',*,*,#1068,.F.);
#339=ORIENTED_EDGE('',*,*,#1069,.T.);
#340=ORIENTED_EDGE('',*,*,#1070,.T.);
#341=ORIENTED_EDGE('',*,*,#1029,.F.);
#342=ORIENTED_EDGE('',*,*,#1071,.T.);
#343=ORIENTED_EDGE('',*,*,#1072,.T.);
#344=ORIENTED_EDGE('',*,*,#1073,.F.);
#345=ORIENTED_EDGE('',*,*,#1063,.F.);
#346=ORIENTED_EDGE('',*,*,#1074,.T.);
#347=ORIENTED_EDGE('',*,*,#1075,.T.);
#348=ORIENTED_EDGE('',*,*,#1076,.F.);
#349=ORIENTED_EDGE('',*,*,#1059,.F.);
#350=ORIENTED_EDGE('',*,*,#1077,.T.);
#351=ORIENTED_EDGE('',*,*,#1078,.T.);
#352=ORIENTED_EDGE('',*,*,#1079,.F.);
#353=ORIENTED_EDGE('',*,*,#1055,.F.);
#354=ORIENTED_EDGE('',*,*,#1080,.T.);
#355=ORIENTED_EDGE('',*,*,#1081,.T.);
#356=ORIENTED_EDGE('',*,*,#1082,.F.);
#357=ORIENTED_EDGE('',*,*,#1051,.F.);
#358=ORIENTED_EDGE('',*,*,#1083,.T.);
#359=ORIENTED_EDGE('',*,*,#1084,.T.);
#360=ORIENTED_EDGE('',*,*,#1085,.F.);
#361=ORIENTED_EDGE('',*,*,#1047,.F.);
#362=ORIENTED_EDGE('',*,*,#1086,.T.);
#363=ORIENTED_EDGE('',*,*,#1087,.T.);
#364=ORIENTED_EDGE('',*,*,#1088,.F.);
#365=ORIENTED_EDGE('',*,*,#1043,.F.);
#366=ORIENTED_EDGE('',*,*,#1089,.T.);
#367=ORIENTED_EDGE('',*,*,#1090,.T.);
#368=ORIENTED_EDGE('',*,*,#1091,.F.);
#369=ORIENTED_EDGE('',*,*,#1039,.F.);
#370=ORIENTED_EDGE('',*,*,#1092,.F.);
#371=ORIENTED_EDGE('',*,*,#1093,.T.);
#372=ORIENTED_EDGE('',*,*,#1094,.T.);
#373=ORIENTED_EDGE('',*,*,#1095,.T.);
#374=ORIENTED_EDGE('',*,*,#1096,.F.);
#375=ORIENTED_EDGE('',*,*,#1097,.F.);
#376=ORIENTED_EDGE('',*,*,#1098,.F.);
#377=ORIENTED_EDGE('',*,*,#1099,.F.);
#378=ORIENTED_EDGE('',*,*,#1100,.F.);
#379=ORIENTED_EDGE('',*,*,#1101,.F.);
#380=ORIENTED_EDGE('',*,*,#1102,.F.);
#381=ORIENTED_EDGE('',*,*,#1103,.F.);
#382=ORIENTED_EDGE('',*,*,#1104,.F.);
#383=ORIENTED_EDGE('',*,*,#1105,.F.);
#384=ORIENTED_EDGE('',*,*,#1106,.T.);
#385=ORIENTED_EDGE('',*,*,#1107,.F.);
#386=ORIENTED_EDGE('',*,*,#1108,.F.);
#387=ORIENTED_EDGE('',*,*,#1109,.F.);
#388=ORIENTED_EDGE('',*,*,#1110,.F.);
#389=ORIENTED_EDGE('',*,*,#1111,.F.);
#390=ORIENTED_EDGE('',*,*,#1112,.T.);
#391=ORIENTED_EDGE('',*,*,#1080,.F.);
#392=ORIENTED_EDGE('',*,*,#1054,.F.);
#393=ORIENTED_EDGE('',*,*,#1113,.T.);
#394=ORIENTED_EDGE('',*,*,#1114,.F.);
#395=ORIENTED_EDGE('',*,*,#1115,.T.);
#396=ORIENTED_EDGE('',*,*,#1086,.F.);
#397=ORIENTED_EDGE('',*,*,#1046,.F.);
#398=ORIENTED_EDGE('',*,*,#1116,.T.);
#399=ORIENTED_EDGE('',*,*,#1117,.F.);
#400=ORIENTED_EDGE('',*,*,#1118,.T.);
#401=ORIENTED_EDGE('',*,*,#1074,.F.);
#402=ORIENTED_EDGE('',*,*,#1062,.F.);
#403=ORIENTED_EDGE('',*,*,#1119,.T.);
#404=ORIENTED_EDGE('',*,*,#1120,.F.);
#405=ORIENTED_EDGE('',*,*,#1121,.T.);
#406=ORIENTED_EDGE('',*,*,#1089,.F.);
#407=ORIENTED_EDGE('',*,*,#1042,.F.);
#408=ORIENTED_EDGE('',*,*,#1122,.T.);
#409=ORIENTED_EDGE('',*,*,#1123,.F.);
#410=ORIENTED_EDGE('',*,*,#1124,.T.);
#411=ORIENTED_EDGE('',*,*,#1071,.F.);
#412=ORIENTED_EDGE('',*,*,#1066,.F.);
#413=ORIENTED_EDGE('',*,*,#1125,.T.);
#414=ORIENTED_EDGE('',*,*,#1126,.F.);
#415=ORIENTED_EDGE('',*,*,#1127,.T.);
#416=ORIENTED_EDGE('',*,*,#1077,.F.);
#417=ORIENTED_EDGE('',*,*,#1058,.F.);
#418=ORIENTED_EDGE('',*,*,#1128,.T.);
#419=ORIENTED_EDGE('',*,*,#1129,.F.);
#420=ORIENTED_EDGE('',*,*,#1130,.T.);
#421=ORIENTED_EDGE('',*,*,#1083,.F.);
#422=ORIENTED_EDGE('',*,*,#1050,.F.);
#423=ORIENTED_EDGE('',*,*,#1131,.T.);
#424=ORIENTED_EDGE('',*,*,#1132,.T.);
#425=ORIENTED_EDGE('',*,*,#1133,.T.);
#426=ORIENTED_EDGE('',*,*,#1096,.T.);
#427=ORIENTED_EDGE('',*,*,#1134,.F.);
#428=ORIENTED_EDGE('',*,*,#1135,.T.);
#429=ORIENTED_EDGE('',*,*,#1136,.T.);
#430=ORIENTED_EDGE('',*,*,#1137,.F.);
#431=ORIENTED_EDGE('',*,*,#1138,.F.);
#432=ORIENTED_EDGE('',*,*,#1137,.T.);
#433=ORIENTED_EDGE('',*,*,#1139,.T.);
#434=ORIENTED_EDGE('',*,*,#1140,.F.);
#435=ORIENTED_EDGE('',*,*,#1141,.F.);
#436=ORIENTED_EDGE('',*,*,#1140,.T.);
#437=ORIENTED_EDGE('',*,*,#1142,.T.);
#438=ORIENTED_EDGE('',*,*,#1143,.F.);
#439=ORIENTED_EDGE('',*,*,#1144,.F.);
#440=ORIENTED_EDGE('',*,*,#1143,.T.);
#441=ORIENTED_EDGE('',*,*,#1145,.T.);
#442=ORIENTED_EDGE('',*,*,#1135,.F.);
#443=ORIENTED_EDGE('',*,*,#1146,.T.);
#444=ORIENTED_EDGE('',*,*,#1098,.T.);
#445=ORIENTED_EDGE('',*,*,#1147,.F.);
#446=ORIENTED_EDGE('',*,*,#1100,.T.);
#447=ORIENTED_EDGE('',*,*,#1148,.T.);
#448=ORIENTED_EDGE('',*,*,#1149,.T.);
#449=ORIENTED_EDGE('',*,*,#1102,.T.);
#450=ORIENTED_EDGE('',*,*,#1147,.T.);
#451=ORIENTED_EDGE('',*,*,#1097,.T.);
#452=ORIENTED_EDGE('',*,*,#1133,.F.);
#453=ORIENTED_EDGE('',*,*,#1148,.F.);
#454=ORIENTED_EDGE('',*,*,#1101,.T.);
#455=ORIENTED_EDGE('',*,*,#1146,.F.);
#456=ORIENTED_EDGE('',*,*,#1099,.T.);
#457=ORIENTED_EDGE('',*,*,#991,.T.);
#458=ORIENTED_EDGE('',*,*,#1150,.T.);
#459=ORIENTED_EDGE('',*,*,#1151,.F.);
#460=ORIENTED_EDGE('',*,*,#1152,.F.);
#461=ORIENTED_EDGE('',*,*,#987,.T.);
#462=ORIENTED_EDGE('',*,*,#1153,.T.);
#463=ORIENTED_EDGE('',*,*,#1154,.F.);
#464=ORIENTED_EDGE('',*,*,#1155,.F.);
#465=ORIENTED_EDGE('',*,*,#1025,.T.);
#466=ORIENTED_EDGE('',*,*,#1156,.T.);
#467=ORIENTED_EDGE('',*,*,#1157,.F.);
#468=ORIENTED_EDGE('',*,*,#1158,.F.);
#469=ORIENTED_EDGE('',*,*,#1021,.T.);
#470=ORIENTED_EDGE('',*,*,#1159,.T.);
#471=ORIENTED_EDGE('',*,*,#1160,.F.);
#472=ORIENTED_EDGE('',*,*,#1161,.F.);
#473=ORIENTED_EDGE('',*,*,#1017,.T.);
#474=ORIENTED_EDGE('',*,*,#1162,.T.);
#475=ORIENTED_EDGE('',*,*,#1163,.F.);
#476=ORIENTED_EDGE('',*,*,#1164,.F.);
#477=ORIENTED_EDGE('',*,*,#1013,.T.);
#478=ORIENTED_EDGE('',*,*,#1165,.T.);
#479=ORIENTED_EDGE('',*,*,#1166,.F.);
#480=ORIENTED_EDGE('',*,*,#1167,.F.);
#481=ORIENTED_EDGE('',*,*,#1009,.T.);
#482=ORIENTED_EDGE('',*,*,#1168,.T.);
#483=ORIENTED_EDGE('',*,*,#1169,.F.);
#484=ORIENTED_EDGE('',*,*,#1170,.F.);
#485=ORIENTED_EDGE('',*,*,#1005,.T.);
#486=ORIENTED_EDGE('',*,*,#1171,.T.);
#487=ORIENTED_EDGE('',*,*,#1172,.F.);
#488=ORIENTED_EDGE('',*,*,#1173,.F.);
#489=ORIENTED_EDGE('',*,*,#1001,.T.);
#490=ORIENTED_EDGE('',*,*,#1174,.T.);
#491=ORIENTED_EDGE('',*,*,#1175,.F.);
#492=ORIENTED_EDGE('',*,*,#1176,.F.);
#493=ORIENTED_EDGE('',*,*,#996,.T.);
#494=ORIENTED_EDGE('',*,*,#1177,.T.);
#495=ORIENTED_EDGE('',*,*,#1178,.F.);
#496=ORIENTED_EDGE('',*,*,#1179,.F.);
#497=ORIENTED_EDGE('',*,*,#1180,.F.);
#498=ORIENTED_EDGE('',*,*,#1181,.F.);
#499=ORIENTED_EDGE('',*,*,#1182,.F.);
#500=ORIENTED_EDGE('',*,*,#1183,.F.);
#501=ORIENTED_EDGE('',*,*,#1136,.F.);
#502=ORIENTED_EDGE('',*,*,#1145,.F.);
#503=ORIENTED_EDGE('',*,*,#1142,.F.);
#504=ORIENTED_EDGE('',*,*,#1139,.F.);
#505=ORIENTED_EDGE('',*,*,#1184,.T.);
#506=ORIENTED_EDGE('',*,*,#1185,.T.);
#507=ORIENTED_EDGE('',*,*,#1186,.T.);
#508=ORIENTED_EDGE('',*,*,#1187,.T.);
#509=ORIENTED_EDGE('',*,*,#1188,.T.);
#510=ORIENTED_EDGE('',*,*,#1189,.T.);
#511=ORIENTED_EDGE('',*,*,#1190,.T.);
#512=ORIENTED_EDGE('',*,*,#1191,.F.);
#513=ORIENTED_EDGE('',*,*,#1192,.T.);
#514=ORIENTED_EDGE('',*,*,#1193,.T.);
#515=ORIENTED_EDGE('',*,*,#1194,.F.);
#516=ORIENTED_EDGE('',*,*,#1194,.T.);
#517=ORIENTED_EDGE('',*,*,#1195,.T.);
#518=ORIENTED_EDGE('',*,*,#1104,.T.);
#519=ORIENTED_EDGE('',*,*,#1196,.T.);
#520=ORIENTED_EDGE('',*,*,#1197,.F.);
#521=ORIENTED_EDGE('',*,*,#1192,.F.);
#522=ORIENTED_EDGE('',*,*,#1198,.T.);
#523=ORIENTED_EDGE('',*,*,#1106,.F.);
#524=ORIENTED_EDGE('',*,*,#1185,.F.);
#525=ORIENTED_EDGE('',*,*,#1199,.F.);
#526=ORIENTED_EDGE('',*,*,#1200,.T.);
#527=ORIENTED_EDGE('',*,*,#1201,.T.);
#528=ORIENTED_EDGE('',*,*,#1184,.F.);
#529=ORIENTED_EDGE('',*,*,#1202,.F.);
#530=ORIENTED_EDGE('',*,*,#1203,.T.);
#531=ORIENTED_EDGE('',*,*,#1199,.T.);
#532=ORIENTED_EDGE('',*,*,#1190,.F.);
#533=ORIENTED_EDGE('',*,*,#1204,.F.);
#534=ORIENTED_EDGE('',*,*,#1205,.T.);
#535=ORIENTED_EDGE('',*,*,#1202,.T.);
#536=ORIENTED_EDGE('',*,*,#1189,.F.);
#537=ORIENTED_EDGE('',*,*,#1206,.F.);
#538=ORIENTED_EDGE('',*,*,#1207,.T.);
#539=ORIENTED_EDGE('',*,*,#1204,.T.);
#540=ORIENTED_EDGE('',*,*,#1188,.F.);
#541=ORIENTED_EDGE('',*,*,#1208,.F.);
#542=ORIENTED_EDGE('',*,*,#1209,.T.);
#543=ORIENTED_EDGE('',*,*,#1206,.T.);
#544=ORIENTED_EDGE('',*,*,#1187,.F.);
#545=ORIENTED_EDGE('',*,*,#1210,.F.);
#546=ORIENTED_EDGE('',*,*,#1211,.T.);
#547=ORIENTED_EDGE('',*,*,#1208,.T.);
#548=ORIENTED_EDGE('',*,*,#1186,.F.);
#549=ORIENTED_EDGE('',*,*,#1201,.F.);
#550=ORIENTED_EDGE('',*,*,#1212,.T.);
#551=ORIENTED_EDGE('',*,*,#1210,.T.);
#552=ORIENTED_EDGE('',*,*,#1200,.F.);
#553=ORIENTED_EDGE('',*,*,#1203,.F.);
#554=ORIENTED_EDGE('',*,*,#1205,.F.);
#555=ORIENTED_EDGE('',*,*,#1207,.F.);
#556=ORIENTED_EDGE('',*,*,#1209,.F.);
#557=ORIENTED_EDGE('',*,*,#1211,.F.);
#558=ORIENTED_EDGE('',*,*,#1212,.F.);
#559=ORIENTED_EDGE('',*,*,#1193,.F.);
#560=ORIENTED_EDGE('',*,*,#1197,.T.);
#561=ORIENTED_EDGE('',*,*,#1105,.T.);
#562=ORIENTED_EDGE('',*,*,#1195,.F.);
#563=ORIENTED_EDGE('',*,*,#1191,.T.);
#564=ORIENTED_EDGE('',*,*,#1196,.F.);
#565=ORIENTED_EDGE('',*,*,#1103,.T.);
#566=ORIENTED_EDGE('',*,*,#1198,.F.);
#567=ORIENTED_EDGE('',*,*,#1107,.T.);
#568=ORIENTED_EDGE('',*,*,#1213,.T.);
#569=ORIENTED_EDGE('',*,*,#1181,.T.);
#570=ORIENTED_EDGE('',*,*,#1214,.F.);
#571=ORIENTED_EDGE('',*,*,#1110,.T.);
#572=ORIENTED_EDGE('',*,*,#1215,.T.);
#573=ORIENTED_EDGE('',*,*,#1182,.T.);
#574=ORIENTED_EDGE('',*,*,#1213,.F.);
#575=ORIENTED_EDGE('',*,*,#1109,.T.);
#576=ORIENTED_EDGE('',*,*,#1216,.T.);
#577=ORIENTED_EDGE('',*,*,#1183,.T.);
#578=ORIENTED_EDGE('',*,*,#1215,.F.);
#579=ORIENTED_EDGE('',*,*,#1108,.T.);
#580=ORIENTED_EDGE('',*,*,#1214,.T.);
#581=ORIENTED_EDGE('',*,*,#1180,.T.);
#582=ORIENTED_EDGE('',*,*,#1216,.F.);
#583=ORIENTED_EDGE('',*,*,#1144,.T.);
#584=ORIENTED_EDGE('',*,*,#1134,.T.);
#585=ORIENTED_EDGE('',*,*,#1138,.T.);
#586=ORIENTED_EDGE('',*,*,#1141,.T.);
#587=ORIENTED_EDGE('',*,*,#1067,.F.);
#588=ORIENTED_EDGE('',*,*,#1149,.F.);
#589=ORIENTED_EDGE('',*,*,#1132,.F.);
#590=ORIENTED_EDGE('',*,*,#1095,.F.);
#591=ORIENTED_EDGE('',*,*,#1217,.T.);
#592=ORIENTED_EDGE('',*,*,#1218,.F.);
#593=ORIENTED_EDGE('',*,*,#1034,.F.);
#594=ORIENTED_EDGE('',*,*,#1219,.F.);
#595=ORIENTED_EDGE('',*,*,#1220,.F.);
#596=ORIENTED_EDGE('',*,*,#981,.F.);
#597=ORIENTED_EDGE('',*,*,#1221,.T.);
#598=ORIENTED_EDGE('',*,*,#1222,.F.);
#599=ORIENTED_EDGE('',*,*,#1223,.F.);
#600=ORIENTED_EDGE('',*,*,#1221,.F.);
#601=ORIENTED_EDGE('',*,*,#983,.T.);
#602=ORIENTED_EDGE('',*,*,#1224,.T.);
#603=ORIENTED_EDGE('',*,*,#1225,.F.);
#604=ORIENTED_EDGE('',*,*,#982,.F.);
#605=ORIENTED_EDGE('',*,*,#1223,.T.);
#606=ORIENTED_EDGE('',*,*,#1226,.F.);
#607=ORIENTED_EDGE('',*,*,#1224,.F.);
#608=ORIENTED_EDGE('',*,*,#1222,.T.);
#609=ORIENTED_EDGE('',*,*,#1225,.T.);
#610=ORIENTED_EDGE('',*,*,#1226,.T.);
#611=ORIENTED_EDGE('',*,*,#985,.F.);
#612=ORIENTED_EDGE('',*,*,#1227,.T.);
#613=ORIENTED_EDGE('',*,*,#1228,.F.);
#614=ORIENTED_EDGE('',*,*,#1229,.F.);
#615=ORIENTED_EDGE('',*,*,#1230,.F.);
#616=ORIENTED_EDGE('',*,*,#986,.T.);
#617=ORIENTED_EDGE('',*,*,#1229,.T.);
#618=ORIENTED_EDGE('',*,*,#1231,.F.);
#619=ORIENTED_EDGE('',*,*,#1232,.T.);
#620=ORIENTED_EDGE('',*,*,#1231,.T.);
#621=ORIENTED_EDGE('',*,*,#1228,.T.);
#622=ORIENTED_EDGE('',*,*,#984,.F.);
#623=ORIENTED_EDGE('',*,*,#1230,.T.);
#624=ORIENTED_EDGE('',*,*,#1232,.F.);
#625=ORIENTED_EDGE('',*,*,#1227,.F.);
#626=ORIENTED_EDGE('',*,*,#997,.F.);
#627=ORIENTED_EDGE('',*,*,#1176,.T.);
#628=ORIENTED_EDGE('',*,*,#1233,.F.);
#629=ORIENTED_EDGE('',*,*,#1234,.F.);
#630=ORIENTED_EDGE('',*,*,#1000,.F.);
#631=ORIENTED_EDGE('',*,*,#1235,.T.);
#632=ORIENTED_EDGE('',*,*,#1236,.F.);
#633=ORIENTED_EDGE('',*,*,#1174,.F.);
#634=ORIENTED_EDGE('',*,*,#1237,.F.);
#635=ORIENTED_EDGE('',*,*,#998,.T.);
#636=ORIENTED_EDGE('',*,*,#1234,.T.);
#637=ORIENTED_EDGE('',*,*,#1238,.F.);
#638=ORIENTED_EDGE('',*,*,#999,.F.);
#639=ORIENTED_EDGE('',*,*,#1237,.T.);
#640=ORIENTED_EDGE('',*,*,#1239,.F.);
#641=ORIENTED_EDGE('',*,*,#1235,.F.);
#642=ORIENTED_EDGE('',*,*,#1239,.T.);
#643=ORIENTED_EDGE('',*,*,#1238,.T.);
#644=ORIENTED_EDGE('',*,*,#1233,.T.);
#645=ORIENTED_EDGE('',*,*,#1175,.T.);
#646=ORIENTED_EDGE('',*,*,#1236,.T.);
#647=ORIENTED_EDGE('',*,*,#992,.F.);
#648=ORIENTED_EDGE('',*,*,#1179,.T.);
#649=ORIENTED_EDGE('',*,*,#1240,.F.);
#650=ORIENTED_EDGE('',*,*,#1241,.F.);
#651=ORIENTED_EDGE('',*,*,#995,.F.);
#652=ORIENTED_EDGE('',*,*,#1242,.T.);
#653=ORIENTED_EDGE('',*,*,#1243,.F.);
#654=ORIENTED_EDGE('',*,*,#1177,.F.);
#655=ORIENTED_EDGE('',*,*,#1242,.F.);
#656=ORIENTED_EDGE('',*,*,#994,.T.);
#657=ORIENTED_EDGE('',*,*,#1244,.T.);
#658=ORIENTED_EDGE('',*,*,#1245,.F.);
#659=ORIENTED_EDGE('',*,*,#993,.F.);
#660=ORIENTED_EDGE('',*,*,#1241,.T.);
#661=ORIENTED_EDGE('',*,*,#1246,.F.);
#662=ORIENTED_EDGE('',*,*,#1244,.F.);
#663=ORIENTED_EDGE('',*,*,#1243,.T.);
#664=ORIENTED_EDGE('',*,*,#1245,.T.);
#665=ORIENTED_EDGE('',*,*,#1246,.T.);
#666=ORIENTED_EDGE('',*,*,#1240,.T.);
#667=ORIENTED_EDGE('',*,*,#1178,.T.);
#668=ORIENTED_EDGE('',*,*,#1036,.F.);
#669=ORIENTED_EDGE('',*,*,#1247,.T.);
#670=ORIENTED_EDGE('',*,*,#1248,.F.);
#671=ORIENTED_EDGE('',*,*,#1249,.F.);
#672=ORIENTED_EDGE('',*,*,#1038,.F.);
#673=ORIENTED_EDGE('',*,*,#1250,.T.);
#674=ORIENTED_EDGE('',*,*,#1251,.F.);
#675=ORIENTED_EDGE('',*,*,#1252,.F.);
#676=ORIENTED_EDGE('',*,*,#1092,.T.);
#677=ORIENTED_EDGE('',*,*,#1247,.F.);
#678=ORIENTED_EDGE('',*,*,#1035,.T.);
#679=ORIENTED_EDGE('',*,*,#1218,.T.);
#680=ORIENTED_EDGE('',*,*,#1253,.T.);
#681=ORIENTED_EDGE('',*,*,#1254,.F.);
#682=ORIENTED_EDGE('',*,*,#1255,.F.);
#683=ORIENTED_EDGE('',*,*,#1037,.F.);
#684=ORIENTED_EDGE('',*,*,#1249,.T.);
#685=ORIENTED_EDGE('',*,*,#1256,.F.);
#686=ORIENTED_EDGE('',*,*,#1250,.F.);
#687=ORIENTED_EDGE('',*,*,#1254,.T.);
#688=ORIENTED_EDGE('',*,*,#1257,.T.);
#689=ORIENTED_EDGE('',*,*,#1251,.T.);
#690=ORIENTED_EDGE('',*,*,#1256,.T.);
#691=ORIENTED_EDGE('',*,*,#1248,.T.);
#692=ORIENTED_EDGE('',*,*,#1255,.T.);
#693=ORIENTED_EDGE('',*,*,#1258,.F.);
#694=ORIENTED_EDGE('',*,*,#1259,.F.);
#695=ORIENTED_EDGE('',*,*,#1260,.F.);
#696=ORIENTED_EDGE('',*,*,#1052,.F.);
#697=ORIENTED_EDGE('',*,*,#1082,.T.);
#698=ORIENTED_EDGE('',*,*,#1053,.F.);
#699=ORIENTED_EDGE('',*,*,#1260,.T.);
#700=ORIENTED_EDGE('',*,*,#1261,.F.);
#701=ORIENTED_EDGE('',*,*,#1113,.F.);
#702=ORIENTED_EDGE('',*,*,#1261,.T.);
#703=ORIENTED_EDGE('',*,*,#1259,.T.);
#704=ORIENTED_EDGE('',*,*,#1262,.T.);
#705=ORIENTED_EDGE('',*,*,#1111,.T.);
#706=ORIENTED_EDGE('',*,*,#1030,.F.);
#707=ORIENTED_EDGE('',*,*,#1070,.F.);
#708=ORIENTED_EDGE('',*,*,#1263,.T.);
#709=ORIENTED_EDGE('',*,*,#1264,.F.);
#710=ORIENTED_EDGE('',*,*,#1265,.F.);
#711=ORIENTED_EDGE('',*,*,#1032,.F.);
#712=ORIENTED_EDGE('',*,*,#1266,.T.);
#713=ORIENTED_EDGE('',*,*,#1267,.F.);
#714=ORIENTED_EDGE('',*,*,#1268,.F.);
#715=ORIENTED_EDGE('',*,*,#1219,.T.);
#716=ORIENTED_EDGE('',*,*,#1033,.T.);
#717=ORIENTED_EDGE('',*,*,#1268,.T.);
#718=ORIENTED_EDGE('',*,*,#1269,.F.);
#719=ORIENTED_EDGE('',*,*,#1270,.F.);
#720=ORIENTED_EDGE('',*,*,#1271,.F.);
#721=ORIENTED_EDGE('',*,*,#1031,.F.);
#722=ORIENTED_EDGE('',*,*,#1265,.T.);
#723=ORIENTED_EDGE('',*,*,#1272,.F.);
#724=ORIENTED_EDGE('',*,*,#1266,.F.);
#725=ORIENTED_EDGE('',*,*,#1270,.T.);
#726=ORIENTED_EDGE('',*,*,#1269,.T.);
#727=ORIENTED_EDGE('',*,*,#1267,.T.);
#728=ORIENTED_EDGE('',*,*,#1272,.T.);
#729=ORIENTED_EDGE('',*,*,#1264,.T.);
#730=ORIENTED_EDGE('',*,*,#1273,.T.);
#731=ORIENTED_EDGE('',*,*,#1274,.F.);
#732=ORIENTED_EDGE('',*,*,#1275,.F.);
#733=ORIENTED_EDGE('',*,*,#1276,.F.);
#734=ORIENTED_EDGE('',*,*,#1044,.F.);
#735=ORIENTED_EDGE('',*,*,#1088,.T.);
#736=ORIENTED_EDGE('',*,*,#1045,.F.);
#737=ORIENTED_EDGE('',*,*,#1276,.T.);
#738=ORIENTED_EDGE('',*,*,#1277,.F.);
#739=ORIENTED_EDGE('',*,*,#1116,.F.);
#740=ORIENTED_EDGE('',*,*,#1275,.T.);
#741=ORIENTED_EDGE('',*,*,#1278,.T.);
#742=ORIENTED_EDGE('',*,*,#1114,.T.);
#743=ORIENTED_EDGE('',*,*,#1277,.T.);
#744=ORIENTED_EDGE('',*,*,#1279,.F.);
#745=ORIENTED_EDGE('',*,*,#1280,.F.);
#746=ORIENTED_EDGE('',*,*,#1281,.F.);
#747=ORIENTED_EDGE('',*,*,#1060,.F.);
#748=ORIENTED_EDGE('',*,*,#1076,.T.);
#749=ORIENTED_EDGE('',*,*,#1061,.F.);
#750=ORIENTED_EDGE('',*,*,#1281,.T.);
#751=ORIENTED_EDGE('',*,*,#1282,.F.);
#752=ORIENTED_EDGE('',*,*,#1119,.F.);
#753=ORIENTED_EDGE('',*,*,#1280,.T.);
#754=ORIENTED_EDGE('',*,*,#1283,.T.);
#755=ORIENTED_EDGE('',*,*,#1117,.T.);
#756=ORIENTED_EDGE('',*,*,#1282,.T.);
#757=ORIENTED_EDGE('',*,*,#1284,.F.);
#758=ORIENTED_EDGE('',*,*,#1285,.F.);
#759=ORIENTED_EDGE('',*,*,#1286,.F.);
#760=ORIENTED_EDGE('',*,*,#1040,.F.);
#761=ORIENTED_EDGE('',*,*,#1091,.T.);
#762=ORIENTED_EDGE('',*,*,#1041,.F.);
#763=ORIENTED_EDGE('',*,*,#1286,.T.);
#764=ORIENTED_EDGE('',*,*,#1287,.F.);
#765=ORIENTED_EDGE('',*,*,#1122,.F.);
#766=ORIENTED_EDGE('',*,*,#1285,.T.);
#767=ORIENTED_EDGE('',*,*,#1288,.T.);
#768=ORIENTED_EDGE('',*,*,#1120,.T.);
#769=ORIENTED_EDGE('',*,*,#1287,.T.);
#770=ORIENTED_EDGE('',*,*,#1289,.F.);
#771=ORIENTED_EDGE('',*,*,#1290,.F.);
#772=ORIENTED_EDGE('',*,*,#1291,.F.);
#773=ORIENTED_EDGE('',*,*,#1064,.F.);
#774=ORIENTED_EDGE('',*,*,#1073,.T.);
#775=ORIENTED_EDGE('',*,*,#1065,.F.);
#776=ORIENTED_EDGE('',*,*,#1291,.T.);
#777=ORIENTED_EDGE('',*,*,#1292,.F.);
#778=ORIENTED_EDGE('',*,*,#1125,.F.);
#779=ORIENTED_EDGE('',*,*,#1290,.T.);
#780=ORIENTED_EDGE('',*,*,#1293,.T.);
#781=ORIENTED_EDGE('',*,*,#1123,.T.);
#782=ORIENTED_EDGE('',*,*,#1292,.T.);
#783=ORIENTED_EDGE('',*,*,#1294,.F.);
#784=ORIENTED_EDGE('',*,*,#1295,.F.);
#785=ORIENTED_EDGE('',*,*,#1296,.F.);
#786=ORIENTED_EDGE('',*,*,#1056,.F.);
#787=ORIENTED_EDGE('',*,*,#1079,.T.);
#788=ORIENTED_EDGE('',*,*,#1057,.F.);
#789=ORIENTED_EDGE('',*,*,#1296,.T.);
#790=ORIENTED_EDGE('',*,*,#1297,.F.);
#791=ORIENTED_EDGE('',*,*,#1128,.F.);
#792=ORIENTED_EDGE('',*,*,#1295,.T.);
#793=ORIENTED_EDGE('',*,*,#1298,.T.);
#794=ORIENTED_EDGE('',*,*,#1126,.T.);
#795=ORIENTED_EDGE('',*,*,#1297,.T.);
#796=ORIENTED_EDGE('',*,*,#1299,.F.);
#797=ORIENTED_EDGE('',*,*,#1300,.F.);
#798=ORIENTED_EDGE('',*,*,#1301,.F.);
#799=ORIENTED_EDGE('',*,*,#1048,.F.);
#800=ORIENTED_EDGE('',*,*,#1085,.T.);
#801=ORIENTED_EDGE('',*,*,#1049,.F.);
#802=ORIENTED_EDGE('',*,*,#1301,.T.);
#803=ORIENTED_EDGE('',*,*,#1302,.F.);
#804=ORIENTED_EDGE('',*,*,#1131,.F.);
#805=ORIENTED_EDGE('',*,*,#1300,.T.);
#806=ORIENTED_EDGE('',*,*,#1303,.T.);
#807=ORIENTED_EDGE('',*,*,#1129,.T.);
#808=ORIENTED_EDGE('',*,*,#1302,.T.);
#809=ORIENTED_EDGE('',*,*,#1006,.F.);
#810=ORIENTED_EDGE('',*,*,#1170,.T.);
#811=ORIENTED_EDGE('',*,*,#1304,.F.);
#812=ORIENTED_EDGE('',*,*,#1305,.F.);
#813=ORIENTED_EDGE('',*,*,#1008,.F.);
#814=ORIENTED_EDGE('',*,*,#1306,.T.);
#815=ORIENTED_EDGE('',*,*,#1307,.F.);
#816=ORIENTED_EDGE('',*,*,#1168,.F.);
#817=ORIENTED_EDGE('',*,*,#1007,.F.);
#818=ORIENTED_EDGE('',*,*,#1305,.T.);
#819=ORIENTED_EDGE('',*,*,#1308,.F.);
#820=ORIENTED_EDGE('',*,*,#1306,.F.);
#821=ORIENTED_EDGE('',*,*,#1304,.T.);
#822=ORIENTED_EDGE('',*,*,#1169,.T.);
#823=ORIENTED_EDGE('',*,*,#1307,.T.);
#824=ORIENTED_EDGE('',*,*,#1308,.T.);
#825=ORIENTED_EDGE('',*,*,#1026,.F.);
#826=ORIENTED_EDGE('',*,*,#1155,.T.);
#827=ORIENTED_EDGE('',*,*,#1309,.F.);
#828=ORIENTED_EDGE('',*,*,#1310,.F.);
#829=ORIENTED_EDGE('',*,*,#1028,.F.);
#830=ORIENTED_EDGE('',*,*,#1311,.T.);
#831=ORIENTED_EDGE('',*,*,#1312,.F.);
#832=ORIENTED_EDGE('',*,*,#1153,.F.);
#833=ORIENTED_EDGE('',*,*,#1027,.F.);
#834=ORIENTED_EDGE('',*,*,#1310,.T.);
#835=ORIENTED_EDGE('',*,*,#1313,.F.);
#836=ORIENTED_EDGE('',*,*,#1311,.F.);
#837=ORIENTED_EDGE('',*,*,#1309,.T.);
#838=ORIENTED_EDGE('',*,*,#1154,.T.);
#839=ORIENTED_EDGE('',*,*,#1312,.T.);
#840=ORIENTED_EDGE('',*,*,#1313,.T.);
#841=ORIENTED_EDGE('',*,*,#1016,.F.);
#842=ORIENTED_EDGE('',*,*,#1314,.T.);
#843=ORIENTED_EDGE('',*,*,#1315,.F.);
#844=ORIENTED_EDGE('',*,*,#1162,.F.);
#845=ORIENTED_EDGE('',*,*,#1014,.F.);
#846=ORIENTED_EDGE('',*,*,#1164,.T.);
#847=ORIENTED_EDGE('',*,*,#1316,.F.);
#848=ORIENTED_EDGE('',*,*,#1317,.F.);
#849=ORIENTED_EDGE('',*,*,#1015,.F.);
#850=ORIENTED_EDGE('',*,*,#1317,.T.);
#851=ORIENTED_EDGE('',*,*,#1318,.F.);
#852=ORIENTED_EDGE('',*,*,#1314,.F.);
#853=ORIENTED_EDGE('',*,*,#1316,.T.);
#854=ORIENTED_EDGE('',*,*,#1163,.T.);
#855=ORIENTED_EDGE('',*,*,#1315,.T.);
#856=ORIENTED_EDGE('',*,*,#1318,.T.);
#857=ORIENTED_EDGE('',*,*,#1018,.F.);
#858=ORIENTED_EDGE('',*,*,#1161,.T.);
#859=ORIENTED_EDGE('',*,*,#1319,.F.);
#860=ORIENTED_EDGE('',*,*,#1320,.F.);
#861=ORIENTED_EDGE('',*,*,#1020,.F.);
#862=ORIENTED_EDGE('',*,*,#1321,.T.);
#863=ORIENTED_EDGE('',*,*,#1322,.F.);
#864=ORIENTED_EDGE('',*,*,#1159,.F.);
#865=ORIENTED_EDGE('',*,*,#1019,.F.);
#866=ORIENTED_EDGE('',*,*,#1320,.T.);
#867=ORIENTED_EDGE('',*,*,#1323,.F.);
#868=ORIENTED_EDGE('',*,*,#1321,.F.);
#869=ORIENTED_EDGE('',*,*,#1319,.T.);
#870=ORIENTED_EDGE('',*,*,#1160,.T.);
#871=ORIENTED_EDGE('',*,*,#1322,.T.);
#872=ORIENTED_EDGE('',*,*,#1323,.T.);
#873=ORIENTED_EDGE('',*,*,#1022,.F.);
#874=ORIENTED_EDGE('',*,*,#1158,.T.);
#875=ORIENTED_EDGE('',*,*,#1324,.F.);
#876=ORIENTED_EDGE('',*,*,#1325,.F.);
#877=ORIENTED_EDGE('',*,*,#1024,.F.);
#878=ORIENTED_EDGE('',*,*,#1326,.T.);
#879=ORIENTED_EDGE('',*,*,#1327,.F.);
#880=ORIENTED_EDGE('',*,*,#1156,.F.);
#881=ORIENTED_EDGE('',*,*,#1023,.F.);
#882=ORIENTED_EDGE('',*,*,#1325,.T.);
#883=ORIENTED_EDGE('',*,*,#1328,.F.);
#884=ORIENTED_EDGE('',*,*,#1326,.F.);
#885=ORIENTED_EDGE('',*,*,#1324,.T.);
#886=ORIENTED_EDGE('',*,*,#1157,.T.);
#887=ORIENTED_EDGE('',*,*,#1327,.T.);
#888=ORIENTED_EDGE('',*,*,#1328,.T.);
#889=ORIENTED_EDGE('',*,*,#1002,.F.);
#890=ORIENTED_EDGE('',*,*,#1173,.T.);
#891=ORIENTED_EDGE('',*,*,#1329,.F.);
#892=ORIENTED_EDGE('',*,*,#1330,.F.);
#893=ORIENTED_EDGE('',*,*,#1004,.F.);
#894=ORIENTED_EDGE('',*,*,#1331,.T.);
#895=ORIENTED_EDGE('',*,*,#1332,.F.);
#896=ORIENTED_EDGE('',*,*,#1171,.F.);
#897=ORIENTED_EDGE('',*,*,#1003,.F.);
#898=ORIENTED_EDGE('',*,*,#1330,.T.);
#899=ORIENTED_EDGE('',*,*,#1333,.F.);
#900=ORIENTED_EDGE('',*,*,#1331,.F.);
#901=ORIENTED_EDGE('',*,*,#1329,.T.);
#902=ORIENTED_EDGE('',*,*,#1172,.T.);
#903=ORIENTED_EDGE('',*,*,#1332,.T.);
#904=ORIENTED_EDGE('',*,*,#1333,.T.);
#905=ORIENTED_EDGE('',*,*,#1010,.F.);
#906=ORIENTED_EDGE('',*,*,#1167,.T.);
#907=ORIENTED_EDGE('',*,*,#1334,.F.);
#908=ORIENTED_EDGE('',*,*,#1335,.F.);
#909=ORIENTED_EDGE('',*,*,#1012,.F.);
#910=ORIENTED_EDGE('',*,*,#1336,.T.);
#911=ORIENTED_EDGE('',*,*,#1337,.F.);
#912=ORIENTED_EDGE('',*,*,#1165,.F.);
#913=ORIENTED_EDGE('',*,*,#1011,.F.);
#914=ORIENTED_EDGE('',*,*,#1335,.T.);
#915=ORIENTED_EDGE('',*,*,#1338,.F.);
#916=ORIENTED_EDGE('',*,*,#1336,.F.);
#917=ORIENTED_EDGE('',*,*,#1334,.T.);
#918=ORIENTED_EDGE('',*,*,#1166,.T.);
#919=ORIENTED_EDGE('',*,*,#1337,.T.);
#920=ORIENTED_EDGE('',*,*,#1338,.T.);
#921=ORIENTED_EDGE('',*,*,#988,.F.);
#922=ORIENTED_EDGE('',*,*,#1152,.T.);
#923=ORIENTED_EDGE('',*,*,#1339,.F.);
#924=ORIENTED_EDGE('',*,*,#1340,.F.);
#925=ORIENTED_EDGE('',*,*,#990,.F.);
#926=ORIENTED_EDGE('',*,*,#1341,.T.);
#927=ORIENTED_EDGE('',*,*,#1342,.F.);
#928=ORIENTED_EDGE('',*,*,#1150,.F.);
#929=ORIENTED_EDGE('',*,*,#989,.F.);
#930=ORIENTED_EDGE('',*,*,#1340,.T.);
#931=ORIENTED_EDGE('',*,*,#1343,.F.);
#932=ORIENTED_EDGE('',*,*,#1341,.F.);
#933=ORIENTED_EDGE('',*,*,#1339,.T.);
#934=ORIENTED_EDGE('',*,*,#1151,.T.);
#935=ORIENTED_EDGE('',*,*,#1342,.T.);
#936=ORIENTED_EDGE('',*,*,#1343,.T.);
#937=ORIENTED_EDGE('',*,*,#1303,.F.);
#938=ORIENTED_EDGE('',*,*,#1299,.T.);
#939=ORIENTED_EDGE('',*,*,#1084,.F.);
#940=ORIENTED_EDGE('',*,*,#1130,.F.);
#941=ORIENTED_EDGE('',*,*,#1298,.F.);
#942=ORIENTED_EDGE('',*,*,#1294,.T.);
#943=ORIENTED_EDGE('',*,*,#1078,.F.);
#944=ORIENTED_EDGE('',*,*,#1127,.F.);
#945=ORIENTED_EDGE('',*,*,#1293,.F.);
#946=ORIENTED_EDGE('',*,*,#1289,.T.);
#947=ORIENTED_EDGE('',*,*,#1072,.F.);
#948=ORIENTED_EDGE('',*,*,#1124,.F.);
#949=ORIENTED_EDGE('',*,*,#1288,.F.);
#950=ORIENTED_EDGE('',*,*,#1284,.T.);
#951=ORIENTED_EDGE('',*,*,#1090,.F.);
#952=ORIENTED_EDGE('',*,*,#1121,.F.);
#953=ORIENTED_EDGE('',*,*,#1283,.F.);
#954=ORIENTED_EDGE('',*,*,#1279,.T.);
#955=ORIENTED_EDGE('',*,*,#1075,.F.);
#956=ORIENTED_EDGE('',*,*,#1118,.F.);
#957=ORIENTED_EDGE('',*,*,#1278,.F.);
#958=ORIENTED_EDGE('',*,*,#1274,.T.);
#959=ORIENTED_EDGE('',*,*,#1087,.F.);
#960=ORIENTED_EDGE('',*,*,#1115,.F.);
#961=ORIENTED_EDGE('',*,*,#1262,.F.);
#962=ORIENTED_EDGE('',*,*,#1258,.T.);
#963=ORIENTED_EDGE('',*,*,#1081,.F.);
#964=ORIENTED_EDGE('',*,*,#1112,.F.);
#965=ORIENTED_EDGE('',*,*,#1217,.F.);
#966=ORIENTED_EDGE('',*,*,#1094,.F.);
#967=ORIENTED_EDGE('',*,*,#1344,.T.);
#968=ORIENTED_EDGE('',*,*,#1253,.F.);
#969=ORIENTED_EDGE('',*,*,#1093,.F.);
#970=ORIENTED_EDGE('',*,*,#1252,.T.);
#971=ORIENTED_EDGE('',*,*,#1257,.F.);
#972=ORIENTED_EDGE('',*,*,#1344,.F.);
#973=ORIENTED_EDGE('',*,*,#1068,.T.);
#974=ORIENTED_EDGE('',*,*,#1220,.T.);
#975=ORIENTED_EDGE('',*,*,#1271,.T.);
#976=ORIENTED_EDGE('',*,*,#1345,.F.);
#977=ORIENTED_EDGE('',*,*,#1069,.F.);
#978=ORIENTED_EDGE('',*,*,#1345,.T.);
#979=ORIENTED_EDGE('',*,*,#1273,.F.);
#980=ORIENTED_EDGE('',*,*,#1263,.F.);
#981=EDGE_CURVE('',#1346,#1347,#1589,.F.);
#982=EDGE_CURVE('',#1347,#1348,#160,.T.);
#983=EDGE_CURVE('',#1346,#1348,#117,.T.);
#984=EDGE_CURVE('',#1349,#1350,#161,.T.);
#985=EDGE_CURVE('',#1350,#1351,#1590,.T.);
#986=EDGE_CURVE('',#1349,#1351,#118,.T.);
#987=EDGE_CURVE('',#1352,#1353,#162,.T.);
#988=EDGE_CURVE('',#1352,#1354,#1591,.F.);
#989=EDGE_CURVE('',#1354,#1355,#163,.T.);
#990=EDGE_CURVE('',#1355,#1356,#1592,.T.);
#991=EDGE_CURVE('',#1357,#1356,#164,.T.);
#992=EDGE_CURVE('',#1357,#1358,#1593,.F.);
#993=EDGE_CURVE('',#1358,#1359,#165,.T.);
#994=EDGE_CURVE('',#1360,#1359,#119,.T.);
#995=EDGE_CURVE('',#1360,#1361,#1594,.T.);
#996=EDGE_CURVE('',#1362,#1361,#166,.T.);
#997=EDGE_CURVE('',#1362,#1363,#1595,.F.);
#998=EDGE_CURVE('',#1364,#1363,#120,.T.);
#999=EDGE_CURVE('',#1364,#1365,#167,.T.);
#1000=EDGE_CURVE('',#1365,#1366,#1596,.T.);
#1001=EDGE_CURVE('',#1367,#1366,#168,.T.);
#1002=EDGE_CURVE('',#1367,#1368,#1597,.F.);
#1003=EDGE_CURVE('',#1368,#1369,#169,.T.);
#1004=EDGE_CURVE('',#1369,#1370,#1598,.T.);
#1005=EDGE_CURVE('',#1371,#1370,#170,.T.);
#1006=EDGE_CURVE('',#1371,#1372,#1599,.F.);
#1007=EDGE_CURVE('',#1372,#1373,#171,.T.);
#1008=EDGE_CURVE('',#1373,#1374,#1600,.T.);
#1009=EDGE_CURVE('',#1375,#1374,#172,.T.);
#1010=EDGE_CURVE('',#1375,#1376,#1601,.F.);
#1011=EDGE_CURVE('',#1376,#1377,#173,.T.);
#1012=EDGE_CURVE('',#1377,#1378,#1602,.T.);
#1013=EDGE_CURVE('',#1379,#1378,#174,.T.);
#1014=EDGE_CURVE('',#1379,#1380,#1603,.F.);
#1015=EDGE_CURVE('',#1380,#1381,#175,.T.);
#1016=EDGE_CURVE('',#1381,#1382,#1604,.T.);
#1017=EDGE_CURVE('',#1383,#1382,#176,.T.);
#1018=EDGE_CURVE('',#1383,#1384,#1605,.F.);
#1019=EDGE_CURVE('',#1384,#1385,#177,.T.);
#1020=EDGE_CURVE('',#1385,#1386,#1606,.T.);
#1021=EDGE_CURVE('',#1387,#1386,#178,.T.);
#1022=EDGE_CURVE('',#1387,#1388,#1607,.F.);
#1023=EDGE_CURVE('',#1388,#1389,#179,.T.);
#1024=EDGE_CURVE('',#1389,#1390,#1608,.T.);
#1025=EDGE_CURVE('',#1391,#1390,#180,.T.);
#1026=EDGE_CURVE('',#1391,#1392,#1609,.F.);
#1027=EDGE_CURVE('',#1392,#1393,#181,.T.);
#1028=EDGE_CURVE('',#1393,#1353,#1610,.T.);
#1029=EDGE_CURVE('',#1394,#1395,#182,.T.);
#1030=EDGE_CURVE('',#1395,#1396,#1611,.F.);
#1031=EDGE_CURVE('',#1396,#1397,#183,.T.);
#1032=EDGE_CURVE('',#1397,#1398,#1612,.T.);
#1033=EDGE_CURVE('',#1399,#1398,#121,.T.);
#1034=EDGE_CURVE('',#1399,#1400,#122,.T.);
#1035=EDGE_CURVE('',#1401,#1400,#123,.T.);
#1036=EDGE_CURVE('',#1401,#1402,#1613,.F.);
#1037=EDGE_CURVE('',#1402,#1403,#184,.T.);
#1038=EDGE_CURVE('',#1403,#1404,#1614,.T.);
#1039=EDGE_CURVE('',#1404,#1405,#185,.T.);
#1040=EDGE_CURVE('',#1405,#1406,#1615,.F.);
#1041=EDGE_CURVE('',#1406,#1407,#186,.T.);
#1042=EDGE_CURVE('',#1407,#1408,#1616,.T.);
#1043=EDGE_CURVE('',#1408,#1409,#187,.T.);
#1044=EDGE_CURVE('',#1409,#1410,#1617,.F.);
#1045=EDGE_CURVE('',#1410,#1411,#188,.T.);
#1046=EDGE_CURVE('',#1411,#1412,#1618,.T.);
#1047=EDGE_CURVE('',#1412,#1413,#189,.T.);
#1048=EDGE_CURVE('',#1413,#1414,#1619,.F.);
#1049=EDGE_CURVE('',#1414,#1415,#190,.T.);
#1050=EDGE_CURVE('',#1415,#1416,#1620,.T.);
#1051=EDGE_CURVE('',#1416,#1417,#191,.T.);
#1052=EDGE_CURVE('',#1417,#1418,#1621,.F.);
#1053=EDGE_CURVE('',#1418,#1419,#192,.T.);
#1054=EDGE_CURVE('',#1419,#1420,#1622,.T.);
#1055=EDGE_CURVE('',#1420,#1421,#193,.T.);
#1056=EDGE_CURVE('',#1421,#1422,#1623,.F.);
#1057=EDGE_CURVE('',#1422,#1423,#194,.T.);
#1058=EDGE_CURVE('',#1423,#1424,#1624,.T.);
#1059=EDGE_CURVE('',#1424,#1425,#195,.T.);
#1060=EDGE_CURVE('',#1425,#1426,#1625,.F.);
#1061=EDGE_CURVE('',#1426,#1427,#196,.T.);
#1062=EDGE_CURVE('',#1427,#1428,#1626,.T.);
#1063=EDGE_CURVE('',#1428,#1429,#197,.T.);
#1064=EDGE_CURVE('',#1429,#1430,#1627,.F.);
#1065=EDGE_CURVE('',#1430,#1431,#198,.T.);
#1066=EDGE_CURVE('',#1431,#1394,#1628,.T.);
#1067=EDGE_CURVE('',#1432,#1433,#124,.T.);
#1068=EDGE_CURVE('',#1434,#1433,#1629,.T.);
#1069=EDGE_CURVE('',#1434,#1435,#199,.F.);
#1070=EDGE_CURVE('',#1435,#1395,#1630,.T.);
#1071=EDGE_CURVE('',#1394,#1436,#1631,.T.);
#1072=EDGE_CURVE('',#1436,#1437,#200,.T.);
#1073=EDGE_CURVE('',#1429,#1437,#1632,.T.);
#1074=EDGE_CURVE('',#1428,#1438,#1633,.T.);
#1075=EDGE_CURVE('',#1438,#1439,#201,.T.);
#1076=EDGE_CURVE('',#1425,#1439,#1634,.T.);
#1077=EDGE_CURVE('',#1424,#1440,#1635,.T.);
#1078=EDGE_CURVE('',#1440,#1441,#202,.T.);
#1079=EDGE_CURVE('',#1421,#1441,#1636,.T.);
#1080=EDGE_CURVE('',#1420,#1442,#1637,.T.);
#1081=EDGE_CURVE('',#1442,#1443,#203,.T.);
#1082=EDGE_CURVE('',#1417,#1443,#1638,.T.);
#1083=EDGE_CURVE('',#1416,#1444,#1639,.T.);
#1084=EDGE_CURVE('',#1444,#1445,#204,.T.);
#1085=EDGE_CURVE('',#1413,#1445,#1640,.T.);
#1086=EDGE_CURVE('',#1412,#1446,#1641,.T.);
#1087=EDGE_CURVE('',#1446,#1447,#205,.T.);
#1088=EDGE_CURVE('',#1409,#1447,#1642,.T.);
#1089=EDGE_CURVE('',#1408,#1448,#1643,.T.);
#1090=EDGE_CURVE('',#1448,#1449,#206,.T.);
#1091=EDGE_CURVE('',#1405,#1449,#1644,.T.);
#1092=EDGE_CURVE('',#1450,#1404,#1645,.T.);
#1093=EDGE_CURVE('',#1450,#1451,#207,.F.);
#1094=EDGE_CURVE('',#1451,#1452,#1646,.T.);
#1095=EDGE_CURVE('',#1452,#1453,#125,.T.);
#1096=EDGE_CURVE('',#1454,#1453,#126,.T.);
#1097=EDGE_CURVE('',#1455,#1454,#208,.F.);
#1098=EDGE_CURVE('',#1456,#1455,#127,.T.);
#1099=EDGE_CURVE('',#1457,#1456,#209,.T.);
#1100=EDGE_CURVE('',#1458,#1457,#128,.T.);
#1101=EDGE_CURVE('',#1459,#1458,#210,.F.);
#1102=EDGE_CURVE('',#1432,#1459,#129,.T.);
#1103=EDGE_CURVE('',#1460,#1461,#1647,.T.);
#1104=EDGE_CURVE('',#1462,#1460,#1648,.T.);
#1105=EDGE_CURVE('',#1463,#1462,#1649,.T.);
#1106=EDGE_CURVE('',#1463,#1461,#1650,.T.);
#1107=EDGE_CURVE('',#1464,#1465,#1651,.T.);
#1108=EDGE_CURVE('',#1466,#1464,#1652,.T.);
#1109=EDGE_CURVE('',#1467,#1466,#1653,.T.);
#1110=EDGE_CURVE('',#1465,#1467,#1654,.T.);
#1111=EDGE_CURVE('',#1468,#1469,#1655,.F.);
#1112=EDGE_CURVE('',#1468,#1442,#1656,.T.);
#1113=EDGE_CURVE('',#1419,#1469,#1657,.T.);
#1114=EDGE_CURVE('',#1470,#1471,#1658,.F.);
#1115=EDGE_CURVE('',#1470,#1446,#1659,.T.);
#1116=EDGE_CURVE('',#1411,#1471,#1660,.T.);
#1117=EDGE_CURVE('',#1472,#1473,#1661,.F.);
#1118=EDGE_CURVE('',#1472,#1438,#1662,.T.);
#1119=EDGE_CURVE('',#1427,#1473,#1663,.T.);
#1120=EDGE_CURVE('',#1474,#1475,#1664,.F.);
#1121=EDGE_CURVE('',#1474,#1448,#1665,.T.);
#1122=EDGE_CURVE('',#1407,#1475,#1666,.T.);
#1123=EDGE_CURVE('',#1476,#1477,#1667,.F.);
#1124=EDGE_CURVE('',#1476,#1436,#1668,.T.);
#1125=EDGE_CURVE('',#1431,#1477,#1669,.T.);
#1126=EDGE_CURVE('',#1478,#1479,#1670,.F.);
#1127=EDGE_CURVE('',#1478,#1440,#1671,.T.);
#1128=EDGE_CURVE('',#1423,#1479,#1672,.T.);
#1129=EDGE_CURVE('',#1480,#1481,#1673,.F.);
#1130=EDGE_CURVE('',#1480,#1444,#1674,.T.);
#1131=EDGE_CURVE('',#1415,#1481,#1675,.T.);
#1132=EDGE_CURVE('',#1453,#1482,#130,.T.);
#1133=EDGE_CURVE('',#1482,#1454,#131,.T.);
#1134=EDGE_CURVE('',#1483,#1484,#1676,.T.);
#1135=EDGE_CURVE('',#1483,#1485,#1677,.T.);
#1136=EDGE_CURVE('',#1485,#1486,#1678,.T.);
#1137=EDGE_CURVE('',#1484,#1486,#1679,.T.);
#1138=EDGE_CURVE('',#1484,#1487,#1680,.T.);
#1139=EDGE_CURVE('',#1486,#1488,#1681,.T.);
#1140=EDGE_CURVE('',#1487,#1488,#1682,.T.);
#1141=EDGE_CURVE('',#1487,#1489,#1683,.T.);
#1142=EDGE_CURVE('',#1488,#1490,#1684,.T.);
#1143=EDGE_CURVE('',#1489,#1490,#1685,.T.);
#1144=EDGE_CURVE('',#1489,#1483,#1686,.T.);
#1145=EDGE_CURVE('',#1490,#1485,#1687,.T.);
#1146=EDGE_CURVE('',#1457,#1456,#132,.T.);
#1147=EDGE_CURVE('',#1458,#1455,#133,.T.);
#1148=EDGE_CURVE('',#1459,#1482,#134,.T.);
#1149=EDGE_CURVE('',#1482,#1432,#135,.T.);
#1150=EDGE_CURVE('',#1356,#1491,#1688,.T.);
#1151=EDGE_CURVE('',#1492,#1491,#211,.T.);
#1152=EDGE_CURVE('',#1352,#1492,#1689,.T.);
#1153=EDGE_CURVE('',#1353,#1493,#1690,.T.);
#1154=EDGE_CURVE('',#1494,#1493,#212,.T.);
#1155=EDGE_CURVE('',#1391,#1494,#1691,.T.);
#1156=EDGE_CURVE('',#1390,#1495,#1692,.T.);
#1157=EDGE_CURVE('',#1496,#1495,#213,.T.);
#1158=EDGE_CURVE('',#1387,#1496,#1693,.T.);
#1159=EDGE_CURVE('',#1386,#1497,#1694,.T.);
#1160=EDGE_CURVE('',#1498,#1497,#214,.T.);
#1161=EDGE_CURVE('',#1383,#1498,#1695,.T.);
#1162=EDGE_CURVE('',#1382,#1499,#1696,.T.);
#1163=EDGE_CURVE('',#1500,#1499,#215,.T.);
#1164=EDGE_CURVE('',#1379,#1500,#1697,.T.);
#1165=EDGE_CURVE('',#1378,#1501,#1698,.T.);
#1166=EDGE_CURVE('',#1502,#1501,#216,.T.);
#1167=EDGE_CURVE('',#1375,#1502,#1699,.T.);
#1168=EDGE_CURVE('',#1374,#1503,#1700,.T.);
#1169=EDGE_CURVE('',#1504,#1503,#217,.T.);
#1170=EDGE_CURVE('',#1371,#1504,#1701,.T.);
#1171=EDGE_CURVE('',#1370,#1505,#1702,.T.);
#1172=EDGE_CURVE('',#1506,#1505,#218,.T.);
#1173=EDGE_CURVE('',#1367,#1506,#1703,.T.);
#1174=EDGE_CURVE('',#1366,#1507,#1704,.T.);
#1175=EDGE_CURVE('',#1508,#1507,#219,.T.);
#1176=EDGE_CURVE('',#1362,#1508,#1705,.T.);
#1177=EDGE_CURVE('',#1361,#1509,#1706,.T.);
#1178=EDGE_CURVE('',#1510,#1509,#220,.T.);
#1179=EDGE_CURVE('',#1357,#1510,#1707,.T.);
#1180=EDGE_CURVE('',#1511,#1512,#1708,.T.);
#1181=EDGE_CURVE('',#1513,#1511,#1709,.T.);
#1182=EDGE_CURVE('',#1514,#1513,#1710,.T.);
#1183=EDGE_CURVE('',#1512,#1514,#1711,.T.);
#1184=EDGE_CURVE('',#1515,#1516,#1712,.T.);
#1185=EDGE_CURVE('',#1516,#1517,#1713,.T.);
#1186=EDGE_CURVE('',#1517,#1518,#1714,.T.);
#1187=EDGE_CURVE('',#1518,#1519,#1715,.T.);
#1188=EDGE_CURVE('',#1519,#1520,#1716,.T.);
#1189=EDGE_CURVE('',#1520,#1521,#1717,.T.);
#1190=EDGE_CURVE('',#1521,#1515,#1718,.T.);
#1191=EDGE_CURVE('',#1522,#1523,#1719,.T.);
#1192=EDGE_CURVE('',#1522,#1524,#1720,.T.);
#1193=EDGE_CURVE('',#1524,#1525,#1721,.T.);
#1194=EDGE_CURVE('',#1523,#1525,#1722,.T.);
#1195=EDGE_CURVE('',#1525,#1462,#1723,.T.);
#1196=EDGE_CURVE('',#1460,#1523,#1724,.T.);
#1197=EDGE_CURVE('',#1524,#1463,#1725,.T.);
#1198=EDGE_CURVE('',#1522,#1461,#1726,.T.);
#1199=EDGE_CURVE('',#1526,#1516,#1727,.T.);
#1200=EDGE_CURVE('',#1526,#1527,#1728,.T.);
#1201=EDGE_CURVE('',#1527,#1517,#1729,.T.);
#1202=EDGE_CURVE('',#1528,#1515,#1730,.T.);
#1203=EDGE_CURVE('',#1528,#1526,#1731,.T.);
#1204=EDGE_CURVE('',#1529,#1521,#1732,.T.);
#1205=EDGE_CURVE('',#1529,#1528,#1733,.T.);
#1206=EDGE_CURVE('',#1530,#1520,#1734,.T.);
#1207=EDGE_CURVE('',#1530,#1529,#1735,.T.);
#1208=EDGE_CURVE('',#1531,#1519,#1736,.T.);
#1209=EDGE_CURVE('',#1531,#1530,#1737,.T.);
#1210=EDGE_CURVE('',#1532,#1518,#1738,.T.);
#1211=EDGE_CURVE('',#1532,#1531,#1739,.T.);
#1212=EDGE_CURVE('',#1527,#1532,#1740,.T.);
#1213=EDGE_CURVE('',#1465,#1513,#1741,.T.);
#1214=EDGE_CURVE('',#1464,#1511,#1742,.T.);
#1215=EDGE_CURVE('',#1467,#1514,#1743,.T.);
#1216=EDGE_CURVE('',#1466,#1512,#1744,.T.);
#1217=EDGE_CURVE('',#1452,#1533,#136,.T.);
#1218=EDGE_CURVE('',#1400,#1533,#137,.T.);
#1219=EDGE_CURVE('',#1534,#1399,#138,.T.);
#1220=EDGE_CURVE('',#1433,#1534,#139,.T.);
#1221=EDGE_CURVE('',#1346,#1535,#140,.F.);
#1222=EDGE_CURVE('',#1536,#1535,#1745,.T.);
#1223=EDGE_CURVE('',#1347,#1536,#1746,.T.);
#1224=EDGE_CURVE('',#1348,#1537,#141,.T.);
#1225=EDGE_CURVE('',#1535,#1537,#142,.T.);
#1226=EDGE_CURVE('',#1537,#1536,#221,.F.);
#1227=EDGE_CURVE('',#1350,#1538,#1747,.T.);
#1228=EDGE_CURVE('',#1539,#1538,#1748,.F.);
#1229=EDGE_CURVE('',#1351,#1539,#143,.T.);
#1230=EDGE_CURVE('',#1349,#1540,#144,.F.);
#1231=EDGE_CURVE('',#1540,#1539,#145,.T.);
#1232=EDGE_CURVE('',#1538,#1540,#222,.F.);
#1233=EDGE_CURVE('',#1541,#1508,#1749,.T.);
#1234=EDGE_CURVE('',#1363,#1541,#146,.T.);
#1235=EDGE_CURVE('',#1365,#1542,#1750,.T.);
#1236=EDGE_CURVE('',#1507,#1542,#1751,.F.);
#1237=EDGE_CURVE('',#1364,#1543,#147,.F.);
#1238=EDGE_CURVE('',#1543,#1541,#148,.T.);
#1239=EDGE_CURVE('',#1542,#1543,#223,.F.);
#1240=EDGE_CURVE('',#1544,#1510,#1752,.T.);
#1241=EDGE_CURVE('',#1358,#1544,#1753,.T.);
#1242=EDGE_CURVE('',#1360,#1545,#149,.F.);
#1243=EDGE_CURVE('',#1509,#1545,#1754,.F.);
#1244=EDGE_CURVE('',#1359,#1546,#150,.T.);
#1245=EDGE_CURVE('',#1545,#1546,#151,.T.);
#1246=EDGE_CURVE('',#1546,#1544,#224,.F.);
#1247=EDGE_CURVE('',#1401,#1547,#152,.F.);
#1248=EDGE_CURVE('',#1548,#1547,#1755,.T.);
#1249=EDGE_CURVE('',#1402,#1548,#1756,.T.);
#1250=EDGE_CURVE('',#1403,#1549,#1757,.T.);
#1251=EDGE_CURVE('',#1550,#1549,#1758,.F.);
#1252=EDGE_CURVE('',#1450,#1550,#1759,.T.);
#1253=EDGE_CURVE('',#1533,#1551,#153,.F.);
#1254=EDGE_CURVE('',#1552,#1551,#154,.T.);
#1255=EDGE_CURVE('',#1547,#1552,#155,.T.);
#1256=EDGE_CURVE('',#1549,#1548,#225,.F.);
#1257=EDGE_CURVE('',#1551,#1550,#226,.F.);
#1258=EDGE_CURVE('',#1553,#1443,#1760,.T.);
#1259=EDGE_CURVE('',#1554,#1553,#1761,.T.);
#1260=EDGE_CURVE('',#1418,#1554,#1762,.T.);
#1261=EDGE_CURVE('',#1469,#1554,#227,.F.);
#1262=EDGE_CURVE('',#1553,#1468,#228,.F.);
#1263=EDGE_CURVE('',#1435,#1555,#1763,.T.);
#1264=EDGE_CURVE('',#1556,#1555,#1764,.T.);
#1265=EDGE_CURVE('',#1396,#1556,#1765,.T.);
#1266=EDGE_CURVE('',#1397,#1557,#1766,.T.);
#1267=EDGE_CURVE('',#1558,#1557,#1767,.F.);
#1268=EDGE_CURVE('',#1398,#1558,#156,.T.);
#1269=EDGE_CURVE('',#1559,#1558,#157,.T.);
#1270=EDGE_CURVE('',#1560,#1559,#158,.T.);
#1271=EDGE_CURVE('',#1534,#1560,#159,.T.);
#1272=EDGE_CURVE('',#1557,#1556,#229,.F.);
#1273=EDGE_CURVE('',#1555,#1560,#230,.F.);
#1274=EDGE_CURVE('',#1561,#1447,#1768,.T.);
#1275=EDGE_CURVE('',#1562,#1561,#1769,.T.);
#1276=EDGE_CURVE('',#1410,#1562,#1770,.T.);
#1277=EDGE_CURVE('',#1471,#1562,#231,.F.);
#1278=EDGE_CURVE('',#1561,#1470,#232,.F.);
#1279=EDGE_CURVE('',#1563,#1439,#1771,.T.);
#1280=EDGE_CURVE('',#1564,#1563,#1772,.T.);
#1281=EDGE_CURVE('',#1426,#1564,#1773,.T.);
#1282=EDGE_CURVE('',#1473,#1564,#233,.F.);
#1283=EDGE_CURVE('',#1563,#1472,#234,.F.);
#1284=EDGE_CURVE('',#1565,#1449,#1774,.T.);
#1285=EDGE_CURVE('',#1566,#1565,#1775,.T.);
#1286=EDGE_CURVE('',#1406,#1566,#1776,.T.);
#1287=EDGE_CURVE('',#1475,#1566,#235,.F.);
#1288=EDGE_CURVE('',#1565,#1474,#236,.F.);
#1289=EDGE_CURVE('',#1567,#1437,#1777,.T.);
#1290=EDGE_CURVE('',#1568,#1567,#1778,.T.);
#1291=EDGE_CURVE('',#1430,#1568,#1779,.T.);
#1292=EDGE_CURVE('',#1477,#1568,#237,.F.);
#1293=EDGE_CURVE('',#1567,#1476,#238,.F.);
#1294=EDGE_CURVE('',#1569,#1441,#1780,.T.);
#1295=EDGE_CURVE('',#1570,#1569,#1781,.T.);
#1296=EDGE_CURVE('',#1422,#1570,#1782,.T.);
#1297=EDGE_CURVE('',#1479,#1570,#239,.F.);
#1298=EDGE_CURVE('',#1569,#1478,#240,.F.);
#1299=EDGE_CURVE('',#1571,#1445,#1783,.T.);
#1300=EDGE_CURVE('',#1572,#1571,#1784,.T.);
#1301=EDGE_CURVE('',#1414,#1572,#1785,.T.);
#1302=EDGE_CURVE('',#1481,#1572,#241,.F.);
#1303=EDGE_CURVE('',#1571,#1480,#242,.F.);
#1304=EDGE_CURVE('',#1573,#1504,#1786,.T.);
#1305=EDGE_CURVE('',#1372,#1573,#1787,.T.);
#1306=EDGE_CURVE('',#1373,#1574,#1788,.T.);
#1307=EDGE_CURVE('',#1503,#1574,#1789,.F.);
#1308=EDGE_CURVE('',#1574,#1573,#243,.F.);
#1309=EDGE_CURVE('',#1575,#1494,#1790,.T.);
#1310=EDGE_CURVE('',#1392,#1575,#1791,.T.);
#1311=EDGE_CURVE('',#1393,#1576,#1792,.T.);
#1312=EDGE_CURVE('',#1493,#1576,#1793,.F.);
#1313=EDGE_CURVE('',#1576,#1575,#244,.F.);
#1314=EDGE_CURVE('',#1381,#1577,#1794,.T.);
#1315=EDGE_CURVE('',#1499,#1577,#1795,.F.);
#1316=EDGE_CURVE('',#1578,#1500,#1796,.T.);
#1317=EDGE_CURVE('',#1380,#1578,#1797,.T.);
#1318=EDGE_CURVE('',#1577,#1578,#245,.F.);
#1319=EDGE_CURVE('',#1579,#1498,#1798,.T.);
#1320=EDGE_CURVE('',#1384,#1579,#1799,.T.);
#1321=EDGE_CURVE('',#1385,#1580,#1800,.T.);
#1322=EDGE_CURVE('',#1497,#1580,#1801,.F.);
#1323=EDGE_CURVE('',#1580,#1579,#246,.F.);
#1324=EDGE_CURVE('',#1581,#1496,#1802,.T.);
#1325=EDGE_CURVE('',#1388,#1581,#1803,.T.);
#1326=EDGE_CURVE('',#1389,#1582,#1804,.T.);
#1327=EDGE_CURVE('',#1495,#1582,#1805,.F.);
#1328=EDGE_CURVE('',#1582,#1581,#247,.F.);
#1329=EDGE_CURVE('',#1583,#1506,#1806,.T.);
#1330=EDGE_CURVE('',#1368,#1583,#1807,.T.);
#1331=EDGE_CURVE('',#1369,#1584,#1808,.T.);
#1332=EDGE_CURVE('',#1505,#1584,#1809,.F.);
#1333=EDGE_CURVE('',#1584,#1583,#248,.F.);
#1334=EDGE_CURVE('',#1585,#1502,#1810,.T.);
#1335=EDGE_CURVE('',#1376,#1585,#1811,.T.);
#1336=EDGE_CURVE('',#1377,#1586,#1812,.T.);
#1337=EDGE_CURVE('',#1501,#1586,#1813,.F.);
#1338=EDGE_CURVE('',#1586,#1585,#249,.F.);
#1339=EDGE_CURVE('',#1587,#1492,#1814,.T.);
#1340=EDGE_CURVE('',#1354,#1587,#1815,.T.);
#1341=EDGE_CURVE('',#1355,#1588,#1816,.T.);
#1342=EDGE_CURVE('',#1491,#1588,#1817,.F.);
#1343=EDGE_CURVE('',#1588,#1587,#250,.F.);
#1344=EDGE_CURVE('',#1451,#1551,#1818,.T.);
#1345=EDGE_CURVE('',#1434,#1560,#1819,.T.);
#1346=VERTEX_POINT('',#3359);
#1347=VERTEX_POINT('',#3360);
#1348=VERTEX_POINT('',#3362);
#1349=VERTEX_POINT('',#3368);
#1350=VERTEX_POINT('',#3369);
#1351=VERTEX_POINT('',#3371);
#1352=VERTEX_POINT('',#3377);
#1353=VERTEX_POINT('',#3378);
#1354=VERTEX_POINT('',#3380);
#1355=VERTEX_POINT('',#3382);
#1356=VERTEX_POINT('',#3384);
#1357=VERTEX_POINT('',#3386);
#1358=VERTEX_POINT('',#3388);
#1359=VERTEX_POINT('',#3390);
#1360=VERTEX_POINT('',#3399);
#1361=VERTEX_POINT('',#3401);
#1362=VERTEX_POINT('',#3403);
#1363=VERTEX_POINT('',#3405);
#1364=VERTEX_POINT('',#3414);
#1365=VERTEX_POINT('',#3416);
#1366=VERTEX_POINT('',#3418);
#1367=VERTEX_POINT('',#3420);
#1368=VERTEX_POINT('',#3422);
#1369=VERTEX_POINT('',#3424);
#1370=VERTEX_POINT('',#3426);
#1371=VERTEX_POINT('',#3428);
#1372=VERTEX_POINT('',#3430);
#1373=VERTEX_POINT('',#3432);
#1374=VERTEX_POINT('',#3434);
#1375=VERTEX_POINT('',#3436);
#1376=VERTEX_POINT('',#3438);
#1377=VERTEX_POINT('',#3440);
#1378=VERTEX_POINT('',#3442);
#1379=VERTEX_POINT('',#3444);
#1380=VERTEX_POINT('',#3446);
#1381=VERTEX_POINT('',#3448);
#1382=VERTEX_POINT('',#3450);
#1383=VERTEX_POINT('',#3452);
#1384=VERTEX_POINT('',#3454);
#1385=VERTEX_POINT('',#3456);
#1386=VERTEX_POINT('',#3458);
#1387=VERTEX_POINT('',#3460);
#1388=VERTEX_POINT('',#3462);
#1389=VERTEX_POINT('',#3464);
#1390=VERTEX_POINT('',#3466);
#1391=VERTEX_POINT('',#3468);
#1392=VERTEX_POINT('',#3470);
#1393=VERTEX_POINT('',#3472);
#1394=VERTEX_POINT('',#3475);
#1395=VERTEX_POINT('',#3476);
#1396=VERTEX_POINT('',#3478);
#1397=VERTEX_POINT('',#3480);
#1398=VERTEX_POINT('',#3482);
#1399=VERTEX_POINT('',#3487);
#1400=VERTEX_POINT('',#3506);
#1401=VERTEX_POINT('',#3511);
#1402=VERTEX_POINT('',#3513);
#1403=VERTEX_POINT('',#3515);
#1404=VERTEX_POINT('',#3517);
#1405=VERTEX_POINT('',#3519);
#1406=VERTEX_POINT('',#3521);
#1407=VERTEX_POINT('',#3523);
#1408=VERTEX_POINT('',#3525);
#1409=VERTEX_POINT('',#3527);
#1410=VERTEX_POINT('',#3529);
#1411=VERTEX_POINT('',#3531);
#1412=VERTEX_POINT('',#3533);
#1413=VERTEX_POINT('',#3535);
#1414=VERTEX_POINT('',#3537);
#1415=VERTEX_POINT('',#3539);
#1416=VERTEX_POINT('',#3541);
#1417=VERTEX_POINT('',#3543);
#1418=VERTEX_POINT('',#3545);
#1419=VERTEX_POINT('',#3547);
#1420=VERTEX_POINT('',#3549);
#1421=VERTEX_POINT('',#3551);
#1422=VERTEX_POINT('',#3553);
#1423=VERTEX_POINT('',#3555);
#1424=VERTEX_POINT('',#3557);
#1425=VERTEX_POINT('',#3559);
#1426=VERTEX_POINT('',#3561);
#1427=VERTEX_POINT('',#3563);
#1428=VERTEX_POINT('',#3565);
#1429=VERTEX_POINT('',#3567);
#1430=VERTEX_POINT('',#3569);
#1431=VERTEX_POINT('',#3571);
#1432=VERTEX_POINT('',#3578);
#1433=VERTEX_POINT('',#3579);
#1434=VERTEX_POINT('',#3581);
#1435=VERTEX_POINT('',#3583);
#1436=VERTEX_POINT('',#3586);
#1437=VERTEX_POINT('',#3588);
#1438=VERTEX_POINT('',#3591);
#1439=VERTEX_POINT('',#3593);
#1440=VERTEX_POINT('',#3596);
#1441=VERTEX_POINT('',#3598);
#1442=VERTEX_POINT('',#3601);
#1443=VERTEX_POINT('',#3603);
#1444=VERTEX_POINT('',#3606);
#1445=VERTEX_POINT('',#3608);
#1446=VERTEX_POINT('',#3611);
#1447=VERTEX_POINT('',#3613);
#1448=VERTEX_POINT('',#3616);
#1449=VERTEX_POINT('',#3618);
#1450=VERTEX_POINT('',#3621);
#1451=VERTEX_POINT('',#3623);
#1452=VERTEX_POINT('',#3625);
#1453=VERTEX_POINT('',#3630);
#1454=VERTEX_POINT('',#3635);
#1455=VERTEX_POINT('',#3637);
#1456=VERTEX_POINT('',#3642);
#1457=VERTEX_POINT('',#3644);
#1458=VERTEX_POINT('',#3649);
#1459=VERTEX_POINT('',#3651);
#1460=VERTEX_POINT('',#3657);
#1461=VERTEX_POINT('',#3658);
#1462=VERTEX_POINT('',#3660);
#1463=VERTEX_POINT('',#3662);
#1464=VERTEX_POINT('',#3665);
#1465=VERTEX_POINT('',#3666);
#1466=VERTEX_POINT('',#3668);
#1467=VERTEX_POINT('',#3670);
#1468=VERTEX_POINT('',#3674);
#1469=VERTEX_POINT('',#3675);
#1470=VERTEX_POINT('',#3680);
#1471=VERTEX_POINT('',#3681);
#1472=VERTEX_POINT('',#3686);
#1473=VERTEX_POINT('',#3687);
#1474=VERTEX_POINT('',#3692);
#1475=VERTEX_POINT('',#3693);
#1476=VERTEX_POINT('',#3698);
#1477=VERTEX_POINT('',#3699);
#1478=VERTEX_POINT('',#3704);
#1479=VERTEX_POINT('',#3705);
#1480=VERTEX_POINT('',#3710);
#1481=VERTEX_POINT('',#3711);
#1482=VERTEX_POINT('',#3792);
#1483=VERTEX_POINT('',#3802);
#1484=VERTEX_POINT('',#3803);
#1485=VERTEX_POINT('',#3805);
#1486=VERTEX_POINT('',#3807);
#1487=VERTEX_POINT('',#3811);
#1488=VERTEX_POINT('',#3813);
#1489=VERTEX_POINT('',#3817);
#1490=VERTEX_POINT('',#3819);
#1491=VERTEX_POINT('',#3980);
#1492=VERTEX_POINT('',#3982);
#1493=VERTEX_POINT('',#3985);
#1494=VERTEX_POINT('',#3987);
#1495=VERTEX_POINT('',#3990);
#1496=VERTEX_POINT('',#3992);
#1497=VERTEX_POINT('',#3995);
#1498=VERTEX_POINT('',#3997);
#1499=VERTEX_POINT('',#4000);
#1500=VERTEX_POINT('',#4002);
#1501=VERTEX_POINT('',#4005);
#1502=VERTEX_POINT('',#4007);
#1503=VERTEX_POINT('',#4010);
#1504=VERTEX_POINT('',#4012);
#1505=VERTEX_POINT('',#4015);
#1506=VERTEX_POINT('',#4017);
#1507=VERTEX_POINT('',#4020);
#1508=VERTEX_POINT('',#4022);
#1509=VERTEX_POINT('',#4025);
#1510=VERTEX_POINT('',#4027);
#1511=VERTEX_POINT('',#4030);
#1512=VERTEX_POINT('',#4031);
#1513=VERTEX_POINT('',#4033);
#1514=VERTEX_POINT('',#4035);
#1515=VERTEX_POINT('',#4038);
#1516=VERTEX_POINT('',#4039);
#1517=VERTEX_POINT('',#4041);
#1518=VERTEX_POINT('',#4043);
#1519=VERTEX_POINT('',#4045);
#1520=VERTEX_POINT('',#4047);
#1521=VERTEX_POINT('',#4049);
#1522=VERTEX_POINT('',#4052);
#1523=VERTEX_POINT('',#4053);
#1524=VERTEX_POINT('',#4055);
#1525=VERTEX_POINT('',#4057);
#1526=VERTEX_POINT('',#4067);
#1527=VERTEX_POINT('',#4069);
#1528=VERTEX_POINT('',#4073);
#1529=VERTEX_POINT('',#4077);
#1530=VERTEX_POINT('',#4081);
#1531=VERTEX_POINT('',#4085);
#1532=VERTEX_POINT('',#4089);
#1533=VERTEX_POINT('',#4193);
#1534=VERTEX_POINT('',#4202);
#1535=VERTEX_POINT('',#4212);
#1536=VERTEX_POINT('',#4214);
#1537=VERTEX_POINT('',#4228);
#1538=VERTEX_POINT('',#4238);
#1539=VERTEX_POINT('',#4240);
#1540=VERTEX_POINT('',#4257);
#1541=VERTEX_POINT('',#4267);
#1542=VERTEX_POINT('',#4274);
#1543=VERTEX_POINT('',#4320);
#1544=VERTEX_POINT('',#4334);
#1545=VERTEX_POINT('',#4341);
#1546=VERTEX_POINT('',#4383);
#1547=VERTEX_POINT('',#4400);
#1548=VERTEX_POINT('',#4402);
#1549=VERTEX_POINT('',#4406);
#1550=VERTEX_POINT('',#4408);
#1551=VERTEX_POINT('',#4426);
#1552=VERTEX_POINT('',#4431);
#1553=VERTEX_POINT('',#4442);
#1554=VERTEX_POINT('',#4444);
#1555=VERTEX_POINT('',#4452);
#1556=VERTEX_POINT('',#4454);
#1557=VERTEX_POINT('',#4458);
#1558=VERTEX_POINT('',#4460);
#1559=VERTEX_POINT('',#4481);
#1560=VERTEX_POINT('',#4486);
#1561=VERTEX_POINT('',#4497);
#1562=VERTEX_POINT('',#4499);
#1563=VERTEX_POINT('',#4507);
#1564=VERTEX_POINT('',#4509);
#1565=VERTEX_POINT('',#4517);
#1566=VERTEX_POINT('',#4519);
#1567=VERTEX_POINT('',#4527);
#1568=VERTEX_POINT('',#4529);
#1569=VERTEX_POINT('',#4537);
#1570=VERTEX_POINT('',#4539);
#1571=VERTEX_POINT('',#4547);
#1572=VERTEX_POINT('',#4549);
#1573=VERTEX_POINT('',#4557);
#1574=VERTEX_POINT('',#4561);
#1575=VERTEX_POINT('',#4568);
#1576=VERTEX_POINT('',#4572);
#1577=VERTEX_POINT('',#4579);
#1578=VERTEX_POINT('',#4583);
#1579=VERTEX_POINT('',#4590);
#1580=VERTEX_POINT('',#4594);
#1581=VERTEX_POINT('',#4601);
#1582=VERTEX_POINT('',#4605);
#1583=VERTEX_POINT('',#4612);
#1584=VERTEX_POINT('',#4616);
#1585=VERTEX_POINT('',#4623);
#1586=VERTEX_POINT('',#4627);
#1587=VERTEX_POINT('',#4634);
#1588=VERTEX_POINT('',#4638);
#1589=LINE('',#3358,#1820);
#1590=LINE('',#3370,#1821);
#1591=LINE('',#3379,#1822);
#1592=LINE('',#3383,#1823);
#1593=LINE('',#3387,#1824);
#1594=LINE('',#3400,#1825);
#1595=LINE('',#3404,#1826);
#1596=LINE('',#3417,#1827);
#1597=LINE('',#3421,#1828);
#1598=LINE('',#3425,#1829);
#1599=LINE('',#3429,#1830);
#1600=LINE('',#3433,#1831);
#1601=LINE('',#3437,#1832);
#1602=LINE('',#3441,#1833);
#1603=LINE('',#3445,#1834);
#1604=LINE('',#3449,#1835);
#1605=LINE('',#3453,#1836);
#1606=LINE('',#3457,#1837);
#1607=LINE('',#3461,#1838);
#1608=LINE('',#3465,#1839);
#1609=LINE('',#3469,#1840);
#1610=LINE('',#3473,#1841);
#1611=LINE('',#3477,#1842);
#1612=LINE('',#3481,#1843);
#1613=LINE('',#3512,#1844);
#1614=LINE('',#3516,#1845);
#1615=LINE('',#3520,#1846);
#1616=LINE('',#3524,#1847);
#1617=LINE('',#3528,#1848);
#1618=LINE('',#3532,#1849);
#1619=LINE('',#3536,#1850);
#1620=LINE('',#3540,#1851);
#1621=LINE('',#3544,#1852);
#1622=LINE('',#3548,#1853);
#1623=LINE('',#3552,#1854);
#1624=LINE('',#3556,#1855);
#1625=LINE('',#3560,#1856);
#1626=LINE('',#3564,#1857);
#1627=LINE('',#3568,#1858);
#1628=LINE('',#3572,#1859);
#1629=LINE('',#3580,#1860);
#1630=LINE('',#3584,#1861);
#1631=LINE('',#3585,#1862);
#1632=LINE('',#3589,#1863);
#1633=LINE('',#3590,#1864);
#1634=LINE('',#3594,#1865);
#1635=LINE('',#3595,#1866);
#1636=LINE('',#3599,#1867);
#1637=LINE('',#3600,#1868);
#1638=LINE('',#3604,#1869);
#1639=LINE('',#3605,#1870);
#1640=LINE('',#3609,#1871);
#1641=LINE('',#3610,#1872);
#1642=LINE('',#3614,#1873);
#1643=LINE('',#3615,#1874);
#1644=LINE('',#3619,#1875);
#1645=LINE('',#3620,#1876);
#1646=LINE('',#3624,#1877);
#1647=LINE('',#3656,#1878);
#1648=LINE('',#3659,#1879);
#1649=LINE('',#3661,#1880);
#1650=LINE('',#3663,#1881);
#1651=LINE('',#3664,#1882);
#1652=LINE('',#3667,#1883);
#1653=LINE('',#3669,#1884);
#1654=LINE('',#3671,#1885);
#1655=LINE('',#3673,#1886);
#1656=LINE('',#3676,#1887);
#1657=LINE('',#3677,#1888);
#1658=LINE('',#3679,#1889);
#1659=LINE('',#3682,#1890);
#1660=LINE('',#3683,#1891);
#1661=LINE('',#3685,#1892);
#1662=LINE('',#3688,#1893);
#1663=LINE('',#3689,#1894);
#1664=LINE('',#3691,#1895);
#1665=LINE('',#3694,#1896);
#1666=LINE('',#3695,#1897);
#1667=LINE('',#3697,#1898);
#1668=LINE('',#3700,#1899);
#1669=LINE('',#3701,#1900);
#1670=LINE('',#3703,#1901);
#1671=LINE('',#3706,#1902);
#1672=LINE('',#3707,#1903);
#1673=LINE('',#3709,#1904);
#1674=LINE('',#3712,#1905);
#1675=LINE('',#3713,#1906);
#1676=LINE('',#3801,#1907);
#1677=LINE('',#3804,#1908);
#1678=LINE('',#3806,#1909);
#1679=LINE('',#3808,#1910);
#1680=LINE('',#3810,#1911);
#1681=LINE('',#3812,#1912);
#1682=LINE('',#3814,#1913);
#1683=LINE('',#3816,#1914);
#1684=LINE('',#3818,#1915);
#1685=LINE('',#3820,#1916);
#1686=LINE('',#3822,#1917);
#1687=LINE('',#3823,#1918);
#1688=LINE('',#3979,#1919);
#1689=LINE('',#3983,#1920);
#1690=LINE('',#3984,#1921);
#1691=LINE('',#3988,#1922);
#1692=LINE('',#3989,#1923);
#1693=LINE('',#3993,#1924);
#1694=LINE('',#3994,#1925);
#1695=LINE('',#3998,#1926);
#1696=LINE('',#3999,#1927);
#1697=LINE('',#4003,#1928);
#1698=LINE('',#4004,#1929);
#1699=LINE('',#4008,#1930);
#1700=LINE('',#4009,#1931);
#1701=LINE('',#4013,#1932);
#1702=LINE('',#4014,#1933);
#1703=LINE('',#4018,#1934);
#1704=LINE('',#4019,#1935);
#1705=LINE('',#4023,#1936);
#1706=LINE('',#4024,#1937);
#1707=LINE('',#4028,#1938);
#1708=LINE('',#4029,#1939);
#1709=LINE('',#4032,#1940);
#1710=LINE('',#4034,#1941);
#1711=LINE('',#4036,#1942);
#1712=LINE('',#4037,#1943);
#1713=LINE('',#4040,#1944);
#1714=LINE('',#4042,#1945);
#1715=LINE('',#4044,#1946);
#1716=LINE('',#4046,#1947);
#1717=LINE('',#4048,#1948);
#1718=LINE('',#4050,#1949);
#1719=LINE('',#4051,#1950);
#1720=LINE('',#4054,#1951);
#1721=LINE('',#4056,#1952);
#1722=LINE('',#4058,#1953);
#1723=LINE('',#4060,#1954);
#1724=LINE('',#4061,#1955);
#1725=LINE('',#4063,#1956);
#1726=LINE('',#4064,#1957);
#1727=LINE('',#4066,#1958);
#1728=LINE('',#4068,#1959);
#1729=LINE('',#4070,#1960);
#1730=LINE('',#4072,#1961);
#1731=LINE('',#4074,#1962);
#1732=LINE('',#4076,#1963);
#1733=LINE('',#4078,#1964);
#1734=LINE('',#4080,#1965);
#1735=LINE('',#4082,#1966);
#1736=LINE('',#4084,#1967);
#1737=LINE('',#4086,#1968);
#1738=LINE('',#4088,#1969);
#1739=LINE('',#4090,#1970);
#1740=LINE('',#4092,#1971);
#1741=LINE('',#4097,#1972);
#1742=LINE('',#4098,#1973);
#1743=LINE('',#4100,#1974);
#1744=LINE('',#4102,#1975);
#1745=LINE('',#4213,#1976);
#1746=LINE('',#4215,#1977);
#1747=LINE('',#4237,#1978);
#1748=LINE('',#4239,#1979);
#1749=LINE('',#4266,#1980);
#1750=LINE('',#4273,#1981);
#1751=LINE('',#4275,#1982);
#1752=LINE('',#4333,#1983);
#1753=LINE('',#4335,#1984);
#1754=LINE('',#4342,#1985);
#1755=LINE('',#4401,#1986);
#1756=LINE('',#4403,#1987);
#1757=LINE('',#4405,#1988);
#1758=LINE('',#4407,#1989);
#1759=LINE('',#4409,#1990);
#1760=LINE('',#4441,#1991);
#1761=LINE('',#4443,#1992);
#1762=LINE('',#4445,#1993);
#1763=LINE('',#4451,#1994);
#1764=LINE('',#4453,#1995);
#1765=LINE('',#4455,#1996);
#1766=LINE('',#4457,#1997);
#1767=LINE('',#4459,#1998);
#1768=LINE('',#4496,#1999);
#1769=LINE('',#4498,#2000);
#1770=LINE('',#4500,#2001);
#1771=LINE('',#4506,#2002);
#1772=LINE('',#4508,#2003);
#1773=LINE('',#4510,#2004);
#1774=LINE('',#4516,#2005);
#1775=LINE('',#4518,#2006);
#1776=LINE('',#4520,#2007);
#1777=LINE('',#4526,#2008);
#1778=LINE('',#4528,#2009);
#1779=LINE('',#4530,#2010);
#1780=LINE('',#4536,#2011);
#1781=LINE('',#4538,#2012);
#1782=LINE('',#4540,#2013);
#1783=LINE('',#4546,#2014);
#1784=LINE('',#4548,#2015);
#1785=LINE('',#4550,#2016);
#1786=LINE('',#4556,#2017);
#1787=LINE('',#4558,#2018);
#1788=LINE('',#4560,#2019);
#1789=LINE('',#4562,#2020);
#1790=LINE('',#4567,#2021);
#1791=LINE('',#4569,#2022);
#1792=LINE('',#4571,#2023);
#1793=LINE('',#4573,#2024);
#1794=LINE('',#4578,#2025);
#1795=LINE('',#4580,#2026);
#1796=LINE('',#4582,#2027);
#1797=LINE('',#4584,#2028);
#1798=LINE('',#4589,#2029);
#1799=LINE('',#4591,#2030);
#1800=LINE('',#4593,#2031);
#1801=LINE('',#4595,#2032);
#1802=LINE('',#4600,#2033);
#1803=LINE('',#4602,#2034);
#1804=LINE('',#4604,#2035);
#1805=LINE('',#4606,#2036);
#1806=LINE('',#4611,#2037);
#1807=LINE('',#4613,#2038);
#1808=LINE('',#4615,#2039);
#1809=LINE('',#4617,#2040);
#1810=LINE('',#4622,#2041);
#1811=LINE('',#4624,#2042);
#1812=LINE('',#4626,#2043);
#1813=LINE('',#4628,#2044);
#1814=LINE('',#4633,#2045);
#1815=LINE('',#4635,#2046);
#1816=LINE('',#4637,#2047);
#1817=LINE('',#4639,#2048);
#1818=LINE('',#4651,#2049);
#1819=LINE('',#4654,#2050);
#1820=VECTOR('',#2707,1.);
#1821=VECTOR('',#2712,1.);
#1822=VECTOR('',#2715,1.);
#1823=VECTOR('',#2718,1.);
#1824=VECTOR('',#2721,1.);
#1825=VECTOR('',#2724,1.);
#1826=VECTOR('',#2727,1.);
#1827=VECTOR('',#2730,1.);
#1828=VECTOR('',#2733,1.);
#1829=VECTOR('',#2736,1.);
#1830=VECTOR('',#2739,1.);
#1831=VECTOR('',#2742,1.);
#1832=VECTOR('',#2745,1.);
#1833=VECTOR('',#2748,1.);
#1834=VECTOR('',#2751,1.);
#1835=VECTOR('',#2754,1.);
#1836=VECTOR('',#2757,1.);
#1837=VECTOR('',#2760,1.);
#1838=VECTOR('',#2763,1.);
#1839=VECTOR('',#2766,1.);
#1840=VECTOR('',#2769,1.);
#1841=VECTOR('',#2772,1.);
#1842=VECTOR('',#2775,1.);
#1843=VECTOR('',#2778,1.);
#1844=VECTOR('',#2779,1.);
#1845=VECTOR('',#2782,1.);
#1846=VECTOR('',#2785,1.);
#1847=VECTOR('',#2788,1.);
#1848=VECTOR('',#2791,1.);
#1849=VECTOR('',#2794,1.);
#1850=VECTOR('',#2797,1.);
#1851=VECTOR('',#2800,1.);
#1852=VECTOR('',#2803,1.);
#1853=VECTOR('',#2806,1.);
#1854=VECTOR('',#2809,1.);
#1855=VECTOR('',#2812,1.);
#1856=VECTOR('',#2815,1.);
#1857=VECTOR('',#2818,1.);
#1858=VECTOR('',#2821,1.);
#1859=VECTOR('',#2824,1.);
#1860=VECTOR('',#2827,1.);
#1861=VECTOR('',#2830,1.);
#1862=VECTOR('',#2831,1.);
#1863=VECTOR('',#2834,1.);
#1864=VECTOR('',#2835,1.);
#1865=VECTOR('',#2838,1.);
#1866=VECTOR('',#2839,1.);
#1867=VECTOR('',#2842,1.);
#1868=VECTOR('',#2843,1.);
#1869=VECTOR('',#2846,1.);
#1870=VECTOR('',#2847,1.);
#1871=VECTOR('',#2850,1.);
#1872=VECTOR('',#2851,1.);
#1873=VECTOR('',#2854,1.);
#1874=VECTOR('',#2855,1.);
#1875=VECTOR('',#2858,1.);
#1876=VECTOR('',#2859,1.);
#1877=VECTOR('',#2862,1.);
#1878=VECTOR('',#2869,1.);
#1879=VECTOR('',#2870,1.);
#1880=VECTOR('',#2871,1.);
#1881=VECTOR('',#2872,1.);
#1882=VECTOR('',#2873,1.);
#1883=VECTOR('',#2874,1.);
#1884=VECTOR('',#2875,1.);
#1885=VECTOR('',#2876,1.);
#1886=VECTOR('',#2879,1.);
#1887=VECTOR('',#2880,1.);
#1888=VECTOR('',#2881,1.);
#1889=VECTOR('',#2884,1.);
#1890=VECTOR('',#2885,1.);
#1891=VECTOR('',#2886,1.);
#1892=VECTOR('',#2889,1.);
#1893=VECTOR('',#2890,1.);
#1894=VECTOR('',#2891,1.);
#1895=VECTOR('',#2894,1.);
#1896=VECTOR('',#2895,1.);
#1897=VECTOR('',#2896,1.);
#1898=VECTOR('',#2899,1.);
#1899=VECTOR('',#2900,1.);
#1900=VECTOR('',#2901,1.);
#1901=VECTOR('',#2904,1.);
#1902=VECTOR('',#2905,1.);
#1903=VECTOR('',#2906,1.);
#1904=VECTOR('',#2909,1.);
#1905=VECTOR('',#2910,1.);
#1906=VECTOR('',#2911,1.);
#1907=VECTOR('',#2914,1.);
#1908=VECTOR('',#2915,1.);
#1909=VECTOR('',#2916,1.);
#1910=VECTOR('',#2917,1.);
#1911=VECTOR('',#2920,1.);
#1912=VECTOR('',#2921,1.);
#1913=VECTOR('',#2922,1.);
#1914=VECTOR('',#2925,1.);
#1915=VECTOR('',#2926,1.);
#1916=VECTOR('',#2927,1.);
#1917=VECTOR('',#2930,1.);
#1918=VECTOR('',#2931,1.);
#1919=VECTOR('',#2938,1.);
#1920=VECTOR('',#2941,1.);
#1921=VECTOR('',#2942,1.);
#1922=VECTOR('',#2945,1.);
#1923=VECTOR('',#2946,1.);
#1924=VECTOR('',#2949,1.);
#1925=VECTOR('',#2950,1.);
#1926=VECTOR('',#2953,1.);
#1927=VECTOR('',#2954,1.);
#1928=VECTOR('',#2957,1.);
#1929=VECTOR('',#2958,1.);
#1930=VECTOR('',#2961,1.);
#1931=VECTOR('',#2962,1.);
#1932=VECTOR('',#2965,1.);
#1933=VECTOR('',#2966,1.);
#1934=VECTOR('',#2969,1.);
#1935=VECTOR('',#2970,1.);
#1936=VECTOR('',#2973,1.);
#1937=VECTOR('',#2974,1.);
#1938=VECTOR('',#2977,1.);
#1939=VECTOR('',#2978,1.);
#1940=VECTOR('',#2979,1.);
#1941=VECTOR('',#2980,1.);
#1942=VECTOR('',#2981,1.);
#1943=VECTOR('',#2982,1.);
#1944=VECTOR('',#2983,1.);
#1945=VECTOR('',#2984,1.);
#1946=VECTOR('',#2985,1.);
#1947=VECTOR('',#2986,1.);
#1948=VECTOR('',#2987,1.);
#1949=VECTOR('',#2988,1.);
#1950=VECTOR('',#2989,1.);
#1951=VECTOR('',#2990,1.);
#1952=VECTOR('',#2991,1.);
#1953=VECTOR('',#2992,1.);
#1954=VECTOR('',#2995,1.);
#1955=VECTOR('',#2996,1.);
#1956=VECTOR('',#2999,1.);
#1957=VECTOR('',#3000,1.);
#1958=VECTOR('',#3003,1.);
#1959=VECTOR('',#3004,1.);
#1960=VECTOR('',#3005,1.);
#1961=VECTOR('',#3008,1.);
#1962=VECTOR('',#3009,1.);
#1963=VECTOR('',#3012,1.);
#1964=VECTOR('',#3013,1.);
#1965=VECTOR('',#3016,1.);
#1966=VECTOR('',#3017,1.);
#1967=VECTOR('',#3020,1.);
#1968=VECTOR('',#3021,1.);
#1969=VECTOR('',#3024,1.);
#1970=VECTOR('',#3025,1.);
#1971=VECTOR('',#3028,1.);
#1972=VECTOR('',#3037,1.);
#1973=VECTOR('',#3038,1.);
#1974=VECTOR('',#3041,1.);
#1975=VECTOR('',#3044,1.);
#1976=VECTOR('',#3051,1.);
#1977=VECTOR('',#3052,1.);
#1978=VECTOR('',#3061,1.);
#1979=VECTOR('',#3062,1.);
#1980=VECTOR('',#3071,1.);
#1981=VECTOR('',#3074,1.);
#1982=VECTOR('',#3075,1.);
#1983=VECTOR('',#3084,1.);
#1984=VECTOR('',#3085,1.);
#1985=VECTOR('',#3088,1.);
#1986=VECTOR('',#3097,1.);
#1987=VECTOR('',#3098,1.);
#1988=VECTOR('',#3101,1.);
#1989=VECTOR('',#3102,1.);
#1990=VECTOR('',#3103,1.);
#1991=VECTOR('',#3114,1.);
#1992=VECTOR('',#3115,1.);
#1993=VECTOR('',#3116,1.);
#1994=VECTOR('',#3127,1.);
#1995=VECTOR('',#3128,1.);
#1996=VECTOR('',#3129,1.);
#1997=VECTOR('',#3132,1.);
#1998=VECTOR('',#3133,1.);
#1999=VECTOR('',#3144,1.);
#2000=VECTOR('',#3145,1.);
#2001=VECTOR('',#3146,1.);
#2002=VECTOR('',#3157,1.);
#2003=VECTOR('',#3158,1.);
#2004=VECTOR('',#3159,1.);
#2005=VECTOR('',#3170,1.);
#2006=VECTOR('',#3171,1.);
#2007=VECTOR('',#3172,1.);
#2008=VECTOR('',#3183,1.);
#2009=VECTOR('',#3184,1.);
#2010=VECTOR('',#3185,1.);
#2011=VECTOR('',#3196,1.);
#2012=VECTOR('',#3197,1.);
#2013=VECTOR('',#3198,1.);
#2014=VECTOR('',#3209,1.);
#2015=VECTOR('',#3210,1.);
#2016=VECTOR('',#3211,1.);
#2017=VECTOR('',#3222,1.);
#2018=VECTOR('',#3223,1.);
#2019=VECTOR('',#3226,1.);
#2020=VECTOR('',#3227,1.);
#2021=VECTOR('',#3236,1.);
#2022=VECTOR('',#3237,1.);
#2023=VECTOR('',#3240,1.);
#2024=VECTOR('',#3241,1.);
#2025=VECTOR('',#3250,1.);
#2026=VECTOR('',#3251,1.);
#2027=VECTOR('',#3254,1.);
#2028=VECTOR('',#3255,1.);
#2029=VECTOR('',#3264,1.);
#2030=VECTOR('',#3265,1.);
#2031=VECTOR('',#3268,1.);
#2032=VECTOR('',#3269,1.);
#2033=VECTOR('',#3278,1.);
#2034=VECTOR('',#3279,1.);
#2035=VECTOR('',#3282,1.);
#2036=VECTOR('',#3283,1.);
#2037=VECTOR('',#3292,1.);
#2038=VECTOR('',#3293,1.);
#2039=VECTOR('',#3296,1.);
#2040=VECTOR('',#3297,1.);
#2041=VECTOR('',#3306,1.);
#2042=VECTOR('',#3307,1.);
#2043=VECTOR('',#3310,1.);
#2044=VECTOR('',#3311,1.);
#2045=VECTOR('',#3320,1.);
#2046=VECTOR('',#3321,1.);
#2047=VECTOR('',#3324,1.);
#2048=VECTOR('',#3325,1.);
#2049=VECTOR('',#3348,1.);
#2050=VECTOR('',#3353,1.);
#2051=EDGE_LOOP('',(#251,#252,#253));
#2052=EDGE_LOOP('',(#254,#255,#256));
#2053=EDGE_LOOP('',(#257,#258,#259,#260,#261,#262,#263,#264,#265,#266,#267,
#268,#269,#270,#271,#272,#273,#274,#275,#276,#277,#278,#279,#280,#281,#282,
#283,#284,#285,#286,#287,#288,#289,#290,#291,#292,#293,#294,#295,#296,#297,
#298));
#2054=EDGE_LOOP('',(#299,#300,#301,#302,#303,#304,#305,#306,#307,#308,#309,
#310,#311,#312,#313,#314,#315,#316,#317,#318,#319,#320,#321,#322,#323,#324,
#325,#326,#327,#328,#329,#330,#331,#332,#333,#334,#335,#336));
#2055=EDGE_LOOP('',(#337,#338,#339,#340,#341,#342,#343,#344,#345,#346,#347,
#348,#349,#350,#351,#352,#353,#354,#355,#356,#357,#358,#359,#360,#361,#362,
#363,#364,#365,#366,#367,#368,#369,#370,#371,#372,#373,#374,#375,#376,#377,
#378,#379,#380));
#2056=EDGE_LOOP('',(#381,#382,#383,#384));
#2057=EDGE_LOOP('',(#385,#386,#387,#388));
#2058=EDGE_LOOP('',(#389,#390,#391,#392,#393));
#2059=EDGE_LOOP('',(#394,#395,#396,#397,#398));
#2060=EDGE_LOOP('',(#399,#400,#401,#402,#403));
#2061=EDGE_LOOP('',(#404,#405,#406,#407,#408));
#2062=EDGE_LOOP('',(#409,#410,#411,#412,#413));
#2063=EDGE_LOOP('',(#414,#415,#416,#417,#418));
#2064=EDGE_LOOP('',(#419,#420,#421,#422,#423));
#2065=EDGE_LOOP('',(#424,#425,#426));
#2066=EDGE_LOOP('',(#427,#428,#429,#430));
#2067=EDGE_LOOP('',(#431,#432,#433,#434));
#2068=EDGE_LOOP('',(#435,#436,#437,#438));
#2069=EDGE_LOOP('',(#439,#440,#441,#442));
#2070=EDGE_LOOP('',(#443,#444,#445,#446));
#2071=EDGE_LOOP('',(#447,#448,#449));
#2072=EDGE_LOOP('',(#450,#451,#452,#453,#454));
#2073=EDGE_LOOP('',(#455,#456));
#2074=EDGE_LOOP('',(#457,#458,#459,#460,#461,#462,#463,#464,#465,#466,#467,
#468,#469,#470,#471,#472,#473,#474,#475,#476,#477,#478,#479,#480,#481,#482,
#483,#484,#485,#486,#487,#488,#489,#490,#491,#492,#493,#494,#495,#496));
#2075=EDGE_LOOP('',(#497,#498,#499,#500));
#2076=EDGE_LOOP('',(#501,#502,#503,#504));
#2077=EDGE_LOOP('',(#505,#506,#507,#508,#509,#510,#511));
#2078=EDGE_LOOP('',(#512,#513,#514,#515));
#2079=EDGE_LOOP('',(#516,#517,#518,#519));
#2080=EDGE_LOOP('',(#520,#521,#522,#523));
#2081=EDGE_LOOP('',(#524,#525,#526,#527));
#2082=EDGE_LOOP('',(#528,#529,#530,#531));
#2083=EDGE_LOOP('',(#532,#533,#534,#535));
#2084=EDGE_LOOP('',(#536,#537,#538,#539));
#2085=EDGE_LOOP('',(#540,#541,#542,#543));
#2086=EDGE_LOOP('',(#544,#545,#546,#547));
#2087=EDGE_LOOP('',(#548,#549,#550,#551));
#2088=EDGE_LOOP('',(#552,#553,#554,#555,#556,#557,#558));
#2089=EDGE_LOOP('',(#559,#560,#561,#562));
#2090=EDGE_LOOP('',(#563,#564,#565,#566));
#2091=EDGE_LOOP('',(#567,#568,#569,#570));
#2092=EDGE_LOOP('',(#571,#572,#573,#574));
#2093=EDGE_LOOP('',(#575,#576,#577,#578));
#2094=EDGE_LOOP('',(#579,#580,#581,#582));
#2095=EDGE_LOOP('',(#583,#584,#585,#586));
#2096=EDGE_LOOP('',(#587,#588,#589,#590,#591,#592,#593,#594,#595));
#2097=EDGE_LOOP('',(#596,#597,#598,#599));
#2098=EDGE_LOOP('',(#600,#601,#602,#603));
#2099=EDGE_LOOP('',(#604,#605,#606,#607));
#2100=EDGE_LOOP('',(#608,#609,#610));
#2101=EDGE_LOOP('',(#611,#612,#613,#614));
#2102=EDGE_LOOP('',(#615,#616,#617,#618));
#2103=EDGE_LOOP('',(#619,#620,#621));
#2104=EDGE_LOOP('',(#622,#623,#624,#625));
#2105=EDGE_LOOP('',(#626,#627,#628,#629));
#2106=EDGE_LOOP('',(#630,#631,#632,#633));
#2107=EDGE_LOOP('',(#634,#635,#636,#637));
#2108=EDGE_LOOP('',(#638,#639,#640,#641));
#2109=EDGE_LOOP('',(#642,#643,#644,#645,#646));
#2110=EDGE_LOOP('',(#647,#648,#649,#650));
#2111=EDGE_LOOP('',(#651,#652,#653,#654));
#2112=EDGE_LOOP('',(#655,#656,#657,#658));
#2113=EDGE_LOOP('',(#659,#660,#661,#662));
#2114=EDGE_LOOP('',(#663,#664,#665,#666,#667));
#2115=EDGE_LOOP('',(#668,#669,#670,#671));
#2116=EDGE_LOOP('',(#672,#673,#674,#675,#676));
#2117=EDGE_LOOP('',(#677,#678,#679,#680,#681,#682));
#2118=EDGE_LOOP('',(#683,#684,#685,#686));
#2119=EDGE_LOOP('',(#687,#688,#689,#690,#691,#692));
#2120=EDGE_LOOP('',(#693,#694,#695,#696,#697));
#2121=EDGE_LOOP('',(#698,#699,#700,#701));
#2122=EDGE_LOOP('',(#702,#703,#704,#705));
#2123=EDGE_LOOP('',(#706,#707,#708,#709,#710));
#2124=EDGE_LOOP('',(#711,#712,#713,#714));
#2125=EDGE_LOOP('',(#715,#716,#717,#718,#719,#720));
#2126=EDGE_LOOP('',(#721,#722,#723,#724));
#2127=EDGE_LOOP('',(#725,#726,#727,#728,#729,#730));
#2128=EDGE_LOOP('',(#731,#732,#733,#734,#735));
#2129=EDGE_LOOP('',(#736,#737,#738,#739));
#2130=EDGE_LOOP('',(#740,#741,#742,#743));
#2131=EDGE_LOOP('',(#744,#745,#746,#747,#748));
#2132=EDGE_LOOP('',(#749,#750,#751,#752));
#2133=EDGE_LOOP('',(#753,#754,#755,#756));
#2134=EDGE_LOOP('',(#757,#758,#759,#760,#761));
#2135=EDGE_LOOP('',(#762,#763,#764,#765));
#2136=EDGE_LOOP('',(#766,#767,#768,#769));
#2137=EDGE_LOOP('',(#770,#771,#772,#773,#774));
#2138=EDGE_LOOP('',(#775,#776,#777,#778));
#2139=EDGE_LOOP('',(#779,#780,#781,#782));
#2140=EDGE_LOOP('',(#783,#784,#785,#786,#787));
#2141=EDGE_LOOP('',(#788,#789,#790,#791));
#2142=EDGE_LOOP('',(#792,#793,#794,#795));
#2143=EDGE_LOOP('',(#796,#797,#798,#799,#800));
#2144=EDGE_LOOP('',(#801,#802,#803,#804));
#2145=EDGE_LOOP('',(#805,#806,#807,#808));
#2146=EDGE_LOOP('',(#809,#810,#811,#812));
#2147=EDGE_LOOP('',(#813,#814,#815,#816));
#2148=EDGE_LOOP('',(#817,#818,#819,#820));
#2149=EDGE_LOOP('',(#821,#822,#823,#824));
#2150=EDGE_LOOP('',(#825,#826,#827,#828));
#2151=EDGE_LOOP('',(#829,#830,#831,#832));
#2152=EDGE_LOOP('',(#833,#834,#835,#836));
#2153=EDGE_LOOP('',(#837,#838,#839,#840));
#2154=EDGE_LOOP('',(#841,#842,#843,#844));
#2155=EDGE_LOOP('',(#845,#846,#847,#848));
#2156=EDGE_LOOP('',(#849,#850,#851,#852));
#2157=EDGE_LOOP('',(#853,#854,#855,#856));
#2158=EDGE_LOOP('',(#857,#858,#859,#860));
#2159=EDGE_LOOP('',(#861,#862,#863,#864));
#2160=EDGE_LOOP('',(#865,#866,#867,#868));
#2161=EDGE_LOOP('',(#869,#870,#871,#872));
#2162=EDGE_LOOP('',(#873,#874,#875,#876));
#2163=EDGE_LOOP('',(#877,#878,#879,#880));
#2164=EDGE_LOOP('',(#881,#882,#883,#884));
#2165=EDGE_LOOP('',(#885,#886,#887,#888));
#2166=EDGE_LOOP('',(#889,#890,#891,#892));
#2167=EDGE_LOOP('',(#893,#894,#895,#896));
#2168=EDGE_LOOP('',(#897,#898,#899,#900));
#2169=EDGE_LOOP('',(#901,#902,#903,#904));
#2170=EDGE_LOOP('',(#905,#906,#907,#908));
#2171=EDGE_LOOP('',(#909,#910,#911,#912));
#2172=EDGE_LOOP('',(#913,#914,#915,#916));
#2173=EDGE_LOOP('',(#917,#918,#919,#920));
#2174=EDGE_LOOP('',(#921,#922,#923,#924));
#2175=EDGE_LOOP('',(#925,#926,#927,#928));
#2176=EDGE_LOOP('',(#929,#930,#931,#932));
#2177=EDGE_LOOP('',(#933,#934,#935,#936));
#2178=EDGE_LOOP('',(#937,#938,#939,#940));
#2179=EDGE_LOOP('',(#941,#942,#943,#944));
#2180=EDGE_LOOP('',(#945,#946,#947,#948));
#2181=EDGE_LOOP('',(#949,#950,#951,#952));
#2182=EDGE_LOOP('',(#953,#954,#955,#956));
#2183=EDGE_LOOP('',(#957,#958,#959,#960));
#2184=EDGE_LOOP('',(#961,#962,#963,#964));
#2185=EDGE_LOOP('',(#965,#966,#967,#968));
#2186=EDGE_LOOP('',(#969,#970,#971,#972));
#2187=EDGE_LOOP('',(#973,#974,#975,#976));
#2188=EDGE_LOOP('',(#977,#978,#979,#980));
#2189=FACE_BOUND('',#2051,.T.);
#2190=FACE_BOUND('',#2052,.T.);
#2191=FACE_BOUND('',#2053,.T.);
#2192=FACE_BOUND('',#2054,.T.);
#2193=FACE_BOUND('',#2055,.T.);
#2194=FACE_BOUND('',#2056,.T.);
#2195=FACE_BOUND('',#2057,.T.);
#2196=FACE_BOUND('',#2058,.T.);
#2197=FACE_BOUND('',#2059,.T.);
#2198=FACE_BOUND('',#2060,.T.);
#2199=FACE_BOUND('',#2061,.T.);
#2200=FACE_BOUND('',#2062,.T.);
#2201=FACE_BOUND('',#2063,.T.);
#2202=FACE_BOUND('',#2064,.T.);
#2203=FACE_BOUND('',#2065,.T.);
#2204=FACE_BOUND('',#2066,.T.);
#2205=FACE_BOUND('',#2067,.T.);
#2206=FACE_BOUND('',#2068,.T.);
#2207=FACE_BOUND('',#2069,.T.);
#2208=FACE_BOUND('',#2070,.T.);
#2209=FACE_BOUND('',#2071,.T.);
#2210=FACE_BOUND('',#2072,.T.);
#2211=FACE_BOUND('',#2073,.T.);
#2212=FACE_BOUND('',#2074,.T.);
#2213=FACE_BOUND('',#2075,.T.);
#2214=FACE_BOUND('',#2076,.T.);
#2215=FACE_BOUND('',#2077,.T.);
#2216=FACE_BOUND('',#2078,.T.);
#2217=FACE_BOUND('',#2079,.T.);
#2218=FACE_BOUND('',#2080,.T.);
#2219=FACE_BOUND('',#2081,.T.);
#2220=FACE_BOUND('',#2082,.T.);
#2221=FACE_BOUND('',#2083,.T.);
#2222=FACE_BOUND('',#2084,.T.);
#2223=FACE_BOUND('',#2085,.T.);
#2224=FACE_BOUND('',#2086,.T.);
#2225=FACE_BOUND('',#2087,.T.);
#2226=FACE_BOUND('',#2088,.T.);
#2227=FACE_BOUND('',#2089,.T.);
#2228=FACE_BOUND('',#2090,.T.);
#2229=FACE_BOUND('',#2091,.T.);
#2230=FACE_BOUND('',#2092,.T.);
#2231=FACE_BOUND('',#2093,.T.);
#2232=FACE_BOUND('',#2094,.T.);
#2233=FACE_BOUND('',#2095,.T.);
#2234=FACE_BOUND('',#2096,.T.);
#2235=FACE_BOUND('',#2097,.T.);
#2236=FACE_BOUND('',#2098,.T.);
#2237=FACE_BOUND('',#2099,.T.);
#2238=FACE_BOUND('',#2100,.T.);
#2239=FACE_BOUND('',#2101,.T.);
#2240=FACE_BOUND('',#2102,.T.);
#2241=FACE_BOUND('',#2103,.T.);
#2242=FACE_BOUND('',#2104,.T.);
#2243=FACE_BOUND('',#2105,.T.);
#2244=FACE_BOUND('',#2106,.T.);
#2245=FACE_BOUND('',#2107,.T.);
#2246=FACE_BOUND('',#2108,.T.);
#2247=FACE_BOUND('',#2109,.T.);
#2248=FACE_BOUND('',#2110,.T.);
#2249=FACE_BOUND('',#2111,.T.);
#2250=FACE_BOUND('',#2112,.T.);
#2251=FACE_BOUND('',#2113,.T.);
#2252=FACE_BOUND('',#2114,.T.);
#2253=FACE_BOUND('',#2115,.T.);
#2254=FACE_BOUND('',#2116,.T.);
#2255=FACE_BOUND('',#2117,.T.);
#2256=FACE_BOUND('',#2118,.T.);
#2257=FACE_BOUND('',#2119,.T.);
#2258=FACE_BOUND('',#2120,.T.);
#2259=FACE_BOUND('',#2121,.T.);
#2260=FACE_BOUND('',#2122,.T.);
#2261=FACE_BOUND('',#2123,.T.);
#2262=FACE_BOUND('',#2124,.T.);
#2263=FACE_BOUND('',#2125,.T.);
#2264=FACE_BOUND('',#2126,.T.);
#2265=FACE_BOUND('',#2127,.T.);
#2266=FACE_BOUND('',#2128,.T.);
#2267=FACE_BOUND('',#2129,.T.);
#2268=FACE_BOUND('',#2130,.T.);
#2269=FACE_BOUND('',#2131,.T.);
#2270=FACE_BOUND('',#2132,.T.);
#2271=FACE_BOUND('',#2133,.T.);
#2272=FACE_BOUND('',#2134,.T.);
#2273=FACE_BOUND('',#2135,.T.);
#2274=FACE_BOUND('',#2136,.T.);
#2275=FACE_BOUND('',#2137,.T.);
#2276=FACE_BOUND('',#2138,.T.);
#2277=FACE_BOUND('',#2139,.T.);
#2278=FACE_BOUND('',#2140,.T.);
#2279=FACE_BOUND('',#2141,.T.);
#2280=FACE_BOUND('',#2142,.T.);
#2281=FACE_BOUND('',#2143,.T.);
#2282=FACE_BOUND('',#2144,.T.);
#2283=FACE_BOUND('',#2145,.T.);
#2284=FACE_BOUND('',#2146,.T.);
#2285=FACE_BOUND('',#2147,.T.);
#2286=FACE_BOUND('',#2148,.T.);
#2287=FACE_BOUND('',#2149,.T.);
#2288=FACE_BOUND('',#2150,.T.);
#2289=FACE_BOUND('',#2151,.T.);
#2290=FACE_BOUND('',#2152,.T.);
#2291=FACE_BOUND('',#2153,.T.);
#2292=FACE_BOUND('',#2154,.T.);
#2293=FACE_BOUND('',#2155,.T.);
#2294=FACE_BOUND('',#2156,.T.);
#2295=FACE_BOUND('',#2157,.T.);
#2296=FACE_BOUND('',#2158,.T.);
#2297=FACE_BOUND('',#2159,.T.);
#2298=FACE_BOUND('',#2160,.T.);
#2299=FACE_BOUND('',#2161,.T.);
#2300=FACE_BOUND('',#2162,.T.);
#2301=FACE_BOUND('',#2163,.T.);
#2302=FACE_BOUND('',#2164,.T.);
#2303=FACE_BOUND('',#2165,.T.);
#2304=FACE_BOUND('',#2166,.T.);
#2305=FACE_BOUND('',#2167,.T.);
#2306=FACE_BOUND('',#2168,.T.);
#2307=FACE_BOUND('',#2169,.T.);
#2308=FACE_BOUND('',#2170,.T.);
#2309=FACE_BOUND('',#2171,.T.);
#2310=FACE_BOUND('',#2172,.T.);
#2311=FACE_BOUND('',#2173,.T.);
#2312=FACE_BOUND('',#2174,.T.);
#2313=FACE_BOUND('',#2175,.T.);
#2314=FACE_BOUND('',#2176,.T.);
#2315=FACE_BOUND('',#2177,.T.);
#2316=FACE_BOUND('',#2178,.T.);
#2317=FACE_BOUND('',#2179,.T.);
#2318=FACE_BOUND('',#2180,.T.);
#2319=FACE_BOUND('',#2181,.T.);
#2320=FACE_BOUND('',#2182,.T.);
#2321=FACE_BOUND('',#2183,.T.);
#2322=FACE_BOUND('',#2184,.T.);
#2323=FACE_BOUND('',#2185,.T.);
#2324=FACE_BOUND('',#2186,.T.);
#2325=FACE_BOUND('',#2187,.T.);
#2326=FACE_BOUND('',#2188,.T.);
#2327=CONICAL_SURFACE('',#2493,0.0734277666215088,0.0523598775598298);
#2328=CONICAL_SURFACE('',#2557,0.0756136936964369,0.0523598775598298);
#2329=CONICAL_SURFACE('',#2558,0.0734277666215088,0.0523598775598298);
#2330=CONICAL_SURFACE('',#2590,0.0754250256910179,0.0523598775598298);
#2331=CONICAL_SURFACE('',#2592,0.0754250256910179,0.0523598775598298);
#2332=CONICAL_SURFACE('',#2599,0.0754250256910179,0.0523598775598298);
#2333=CONICAL_SURFACE('',#2604,0.0754250256910179,0.0523598775598298);
#2334=CONICAL_SURFACE('',#2609,0.0754250256910179,0.0523598775598298);
#2335=CONICAL_SURFACE('',#2614,0.0754250256910179,0.0523598775598298);
#2336=CONICAL_SURFACE('',#2620,0.0754250256910179,0.0523598775598298);
#2337=CONICAL_SURFACE('',#2625,0.0754250256910179,0.0523598775598298);
#2338=CONICAL_SURFACE('',#2630,0.0754250256910179,0.0523598775598298);
#2339=CONICAL_SURFACE('',#2635,0.0754250256910179,0.0523598775598298);
#2340=CONICAL_SURFACE('',#2640,0.0754250256910179,0.0523598775598298);
#2341=CONICAL_SURFACE('',#2645,0.0754250256910179,0.0523598775598298);
#2342=CONICAL_SURFACE('',#2650,0.0754250256910179,0.0523598775598298);
#2343=CONICAL_SURFACE('',#2656,0.0754250256910179,0.0523598775598298);
#2344=CONICAL_SURFACE('',#2661,0.0754250256910179,0.0523598775598298);
#2345=CONICAL_SURFACE('',#2666,0.0754250256910179,0.0523598775598298);
#2346=CONICAL_SURFACE('',#2671,0.0754250256910179,0.0523598775598298);
#2347=CONICAL_SURFACE('',#2676,0.0754250256910179,0.0523598775598298);
#2348=CONICAL_SURFACE('',#2681,0.0754250256910179,0.0523598775598298);
#2349=CONICAL_SURFACE('',#2686,0.0754250256910179,0.0523598775598298);
#2350=CONICAL_SURFACE('',#2691,0.0754250256910179,0.0523598775598298);
#2351=ADVANCED_FACE('',(#2189,#2190,#2191,#2192),#2327,.T.);
#2352=ADVANCED_FACE('',(#2193,#2194,#2195),#31,.F.);
#2353=ADVANCED_FACE('',(#2196),#32,.T.);
#2354=ADVANCED_FACE('',(#2197),#33,.T.);
#2355=ADVANCED_FACE('',(#2198),#34,.T.);
#2356=ADVANCED_FACE('',(#2199),#35,.T.);
#2357=ADVANCED_FACE('',(#2200),#36,.T.);
#2358=ADVANCED_FACE('',(#2201),#37,.T.);
#2359=ADVANCED_FACE('',(#2202),#38,.T.);
#2360=ADVANCED_FACE('',(#2203),#21,.F.);
#2361=ADVANCED_FACE('',(#2204),#39,.F.);
#2362=ADVANCED_FACE('',(#2205),#40,.F.);
#2363=ADVANCED_FACE('',(#2206),#41,.F.);
#2364=ADVANCED_FACE('',(#2207),#42,.F.);
#2365=ADVANCED_FACE('',(#2208),#22,.T.);
#2366=ADVANCED_FACE('',(#2209),#23,.F.);
#2367=ADVANCED_FACE('',(#2210),#2328,.T.);
#2368=ADVANCED_FACE('',(#2211),#2329,.T.);
#2369=ADVANCED_FACE('',(#2212,#2213,#2214,#2215,#2216),#43,.T.);
#2370=ADVANCED_FACE('',(#2217),#44,.F.);
#2371=ADVANCED_FACE('',(#2218),#45,.T.);
#2372=ADVANCED_FACE('',(#2219),#46,.T.);
#2373=ADVANCED_FACE('',(#2220),#47,.T.);
#2374=ADVANCED_FACE('',(#2221),#48,.T.);
#2375=ADVANCED_FACE('',(#2222),#49,.T.);
#2376=ADVANCED_FACE('',(#2223),#50,.T.);
#2377=ADVANCED_FACE('',(#2224),#51,.T.);
#2378=ADVANCED_FACE('',(#2225),#52,.T.);
#2379=ADVANCED_FACE('',(#2226),#53,.T.);
#2380=ADVANCED_FACE('',(#2227),#54,.F.);
#2381=ADVANCED_FACE('',(#2228),#55,.T.);
#2382=ADVANCED_FACE('',(#2229),#56,.F.);
#2383=ADVANCED_FACE('',(#2230),#57,.F.);
#2384=ADVANCED_FACE('',(#2231),#58,.F.);
#2385=ADVANCED_FACE('',(#2232),#59,.F.);
#2386=ADVANCED_FACE('',(#2233),#60,.T.);
#2387=ADVANCED_FACE('',(#2234),#24,.T.);
#2388=ADVANCED_FACE('',(#2235),#61,.F.);
#2389=ADVANCED_FACE('',(#2236),#25,.T.);
#2390=ADVANCED_FACE('',(#2237),#62,.T.);
#2391=ADVANCED_FACE('',(#2238),#2330,.T.);
#2392=ADVANCED_FACE('',(#2239),#63,.T.);
#2393=ADVANCED_FACE('',(#2240),#26,.T.);
#2394=ADVANCED_FACE('',(#2241),#2331,.T.);
#2395=ADVANCED_FACE('',(#2242),#64,.T.);
#2396=ADVANCED_FACE('',(#2243),#65,.F.);
#2397=ADVANCED_FACE('',(#2244),#66,.T.);
#2398=ADVANCED_FACE('',(#2245),#27,.T.);
#2399=ADVANCED_FACE('',(#2246),#67,.T.);
#2400=ADVANCED_FACE('',(#2247),#2332,.T.);
#2401=ADVANCED_FACE('',(#2248),#68,.F.);
#2402=ADVANCED_FACE('',(#2249),#69,.T.);
#2403=ADVANCED_FACE('',(#2250),#28,.T.);
#2404=ADVANCED_FACE('',(#2251),#70,.T.);
#2405=ADVANCED_FACE('',(#2252),#2333,.T.);
#2406=ADVANCED_FACE('',(#2253),#71,.F.);
#2407=ADVANCED_FACE('',(#2254),#72,.T.);
#2408=ADVANCED_FACE('',(#2255),#29,.T.);
#2409=ADVANCED_FACE('',(#2256),#73,.T.);
#2410=ADVANCED_FACE('',(#2257),#2334,.T.);
#2411=ADVANCED_FACE('',(#2258),#74,.F.);
#2412=ADVANCED_FACE('',(#2259),#75,.T.);
#2413=ADVANCED_FACE('',(#2260),#2335,.T.);
#2414=ADVANCED_FACE('',(#2261),#76,.F.);
#2415=ADVANCED_FACE('',(#2262),#77,.T.);
#2416=ADVANCED_FACE('',(#2263),#30,.T.);
#2417=ADVANCED_FACE('',(#2264),#78,.T.);
#2418=ADVANCED_FACE('',(#2265),#2336,.T.);
#2419=ADVANCED_FACE('',(#2266),#79,.F.);
#2420=ADVANCED_FACE('',(#2267),#80,.T.);
#2421=ADVANCED_FACE('',(#2268),#2337,.T.);
#2422=ADVANCED_FACE('',(#2269),#81,.F.);
#2423=ADVANCED_FACE('',(#2270),#82,.T.);
#2424=ADVANCED_FACE('',(#2271),#2338,.T.);
#2425=ADVANCED_FACE('',(#2272),#83,.F.);
#2426=ADVANCED_FACE('',(#2273),#84,.T.);
#2427=ADVANCED_FACE('',(#2274),#2339,.T.);
#2428=ADVANCED_FACE('',(#2275),#85,.F.);
#2429=ADVANCED_FACE('',(#2276),#86,.T.);
#2430=ADVANCED_FACE('',(#2277),#2340,.T.);
#2431=ADVANCED_FACE('',(#2278),#87,.F.);
#2432=ADVANCED_FACE('',(#2279),#88,.T.);
#2433=ADVANCED_FACE('',(#2280),#2341,.T.);
#2434=ADVANCED_FACE('',(#2281),#89,.F.);
#2435=ADVANCED_FACE('',(#2282),#90,.T.);
#2436=ADVANCED_FACE('',(#2283),#2342,.T.);
#2437=ADVANCED_FACE('',(#2284),#91,.F.);
#2438=ADVANCED_FACE('',(#2285),#92,.T.);
#2439=ADVANCED_FACE('',(#2286),#93,.T.);
#2440=ADVANCED_FACE('',(#2287),#2343,.T.);
#2441=ADVANCED_FACE('',(#2288),#94,.F.);
#2442=ADVANCED_FACE('',(#2289),#95,.T.);
#2443=ADVANCED_FACE('',(#2290),#96,.T.);
#2444=ADVANCED_FACE('',(#2291),#2344,.T.);
#2445=ADVANCED_FACE('',(#2292),#97,.T.);
#2446=ADVANCED_FACE('',(#2293),#98,.F.);
#2447=ADVANCED_FACE('',(#2294),#99,.T.);
#2448=ADVANCED_FACE('',(#2295),#2345,.T.);
#2449=ADVANCED_FACE('',(#2296),#100,.F.);
#2450=ADVANCED_FACE('',(#2297),#101,.T.);
#2451=ADVANCED_FACE('',(#2298),#102,.T.);
#2452=ADVANCED_FACE('',(#2299),#2346,.T.);
#2453=ADVANCED_FACE('',(#2300),#103,.F.);
#2454=ADVANCED_FACE('',(#2301),#104,.T.);
#2455=ADVANCED_FACE('',(#2302),#105,.T.);
#2456=ADVANCED_FACE('',(#2303),#2347,.T.);
#2457=ADVANCED_FACE('',(#2304),#106,.F.);
#2458=ADVANCED_FACE('',(#2305),#107,.T.);
#2459=ADVANCED_FACE('',(#2306),#108,.T.);
#2460=ADVANCED_FACE('',(#2307),#2348,.T.);
#2461=ADVANCED_FACE('',(#2308),#109,.F.);
#2462=ADVANCED_FACE('',(#2309),#110,.T.);
#2463=ADVANCED_FACE('',(#2310),#111,.T.);
#2464=ADVANCED_FACE('',(#2311),#2349,.T.);
#2465=ADVANCED_FACE('',(#2312),#112,.F.);
#2466=ADVANCED_FACE('',(#2313),#113,.T.);
#2467=ADVANCED_FACE('',(#2314),#114,.T.);
#2468=ADVANCED_FACE('',(#2315),#2350,.T.);
#2469=ADVANCED_FACE('',(#2316),#12,.T.);
#2470=ADVANCED_FACE('',(#2317),#13,.T.);
#2471=ADVANCED_FACE('',(#2318),#14,.T.);
#2472=ADVANCED_FACE('',(#2319),#15,.T.);
#2473=ADVANCED_FACE('',(#2320),#16,.T.);
#2474=ADVANCED_FACE('',(#2321),#17,.T.);
#2475=ADVANCED_FACE('',(#2322),#18,.T.);
#2476=ADVANCED_FACE('',(#2323),#115,.T.);
#2477=ADVANCED_FACE('',(#2324),#19,.T.);
#2478=ADVANCED_FACE('',(#2325),#116,.F.);
#2479=ADVANCED_FACE('',(#2326),#20,.T.);
#2480=CLOSED_SHELL('',(#2351,#2352,#2353,#2354,#2355,#2356,#2357,#2358,
#2359,#2360,#2361,#2362,#2363,#2364,#2365,#2366,#2367,#2368,#2369,#2370,
#2371,#2372,#2373,#2374,#2375,#2376,#2377,#2378,#2379,#2380,#2381,#2382,
#2383,#2384,#2385,#2386,#2387,#2388,#2389,#2390,#2391,#2392,#2393,#2394,
#2395,#2396,#2397,#2398,#2399,#2400,#2401,#2402,#2403,#2404,#2405,#2406,
#2407,#2408,#2409,#2410,#2411,#2412,#2413,#2414,#2415,#2416,#2417,#2418,
#2419,#2420,#2421,#2422,#2423,#2424,#2425,#2426,#2427,#2428,#2429,#2430,
#2431,#2432,#2433,#2434,#2435,#2436,#2437,#2438,#2439,#2440,#2441,#2442,
#2443,#2444,#2445,#2446,#2447,#2448,#2449,#2450,#2451,#2452,#2453,#2454,
#2455,#2456,#2457,#2458,#2459,#2460,#2461,#2462,#2463,#2464,#2465,#2466,
#2467,#2468,#2469,#2470,#2471,#2472,#2473,#2474,#2475,#2476,#2477,#2478,
#2479));
#2481=STYLED_ITEM('',(#2482),#2489);
#2482=PRESENTATION_STYLE_ASSIGNMENT((#2483));
#2483=SURFACE_STYLE_USAGE(.BOTH.,#2484);
#2484=SURFACE_SIDE_STYLE('',(#2485));
#2485=SURFACE_STYLE_FILL_AREA(#2486);
#2486=FILL_AREA_STYLE('',(#2487));
#2487=FILL_AREA_STYLE_COLOUR('',#2488);
#2488=COLOUR_RGB('',0.647058823529412,0.647058823529412,0.647058823529412);
#2489=MANIFOLD_SOLID_BREP('stage_1',#2480);
#2490=SHAPE_DEFINITION_REPRESENTATION(#4662,#2491);
#2491=SHAPE_REPRESENTATION('stage_1',(#2492),#4657);
#2492=AXIS2_PLACEMENT_3D('',#3356,#2703,#2704);
#2493=AXIS2_PLACEMENT_3D('',#3357,#2705,#2706);
#2494=AXIS2_PLACEMENT_3D('',#3361,#2708,#2709);
#2495=AXIS2_PLACEMENT_3D('',#3367,#2710,#2711);
#2496=AXIS2_PLACEMENT_3D('',#3376,#2713,#2714);
#2497=AXIS2_PLACEMENT_3D('',#3381,#2716,#2717);
#2498=AXIS2_PLACEMENT_3D('',#3385,#2719,#2720);
#2499=AXIS2_PLACEMENT_3D('',#3389,#2722,#2723);
#2500=AXIS2_PLACEMENT_3D('',#3402,#2725,#2726);
#2501=AXIS2_PLACEMENT_3D('',#3415,#2728,#2729);
#2502=AXIS2_PLACEMENT_3D('',#3419,#2731,#2732);
#2503=AXIS2_PLACEMENT_3D('',#3423,#2734,#2735);
#2504=AXIS2_PLACEMENT_3D('',#3427,#2737,#2738);
#2505=AXIS2_PLACEMENT_3D('',#3431,#2740,#2741);
#2506=AXIS2_PLACEMENT_3D('',#3435,#2743,#2744);
#2507=AXIS2_PLACEMENT_3D('',#3439,#2746,#2747);
#2508=AXIS2_PLACEMENT_3D('',#3443,#2749,#2750);
#2509=AXIS2_PLACEMENT_3D('',#3447,#2752,#2753);
#2510=AXIS2_PLACEMENT_3D('',#3451,#2755,#2756);
#2511=AXIS2_PLACEMENT_3D('',#3455,#2758,#2759);
#2512=AXIS2_PLACEMENT_3D('',#3459,#2761,#2762);
#2513=AXIS2_PLACEMENT_3D('',#3463,#2764,#2765);
#2514=AXIS2_PLACEMENT_3D('',#3467,#2767,#2768);
#2515=AXIS2_PLACEMENT_3D('',#3471,#2770,#2771);
#2516=AXIS2_PLACEMENT_3D('',#3474,#2773,#2774);
#2517=AXIS2_PLACEMENT_3D('',#3479,#2776,#2777);
#2518=AXIS2_PLACEMENT_3D('',#3514,#2780,#2781);
#2519=AXIS2_PLACEMENT_3D('',#3518,#2783,#2784);
#2520=AXIS2_PLACEMENT_3D('',#3522,#2786,#2787);
#2521=AXIS2_PLACEMENT_3D('',#3526,#2789,#2790);
#2522=AXIS2_PLACEMENT_3D('',#3530,#2792,#2793);
#2523=AXIS2_PLACEMENT_3D('',#3534,#2795,#2796);
#2524=AXIS2_PLACEMENT_3D('',#3538,#2798,#2799);
#2525=AXIS2_PLACEMENT_3D('',#3542,#2801,#2802);
#2526=AXIS2_PLACEMENT_3D('',#3546,#2804,#2805);
#2527=AXIS2_PLACEMENT_3D('',#3550,#2807,#2808);
#2528=AXIS2_PLACEMENT_3D('',#3554,#2810,#2811);
#2529=AXIS2_PLACEMENT_3D('',#3558,#2813,#2814);
#2530=AXIS2_PLACEMENT_3D('',#3562,#2816,#2817);
#2531=AXIS2_PLACEMENT_3D('',#3566,#2819,#2820);
#2532=AXIS2_PLACEMENT_3D('',#3570,#2822,#2823);
#2533=AXIS2_PLACEMENT_3D('',#3573,#2825,#2826);
#2534=AXIS2_PLACEMENT_3D('',#3582,#2828,#2829);
#2535=AXIS2_PLACEMENT_3D('',#3587,#2832,#2833);
#2536=AXIS2_PLACEMENT_3D('',#3592,#2836,#2837);
#2537=AXIS2_PLACEMENT_3D('',#3597,#2840,#2841);
#2538=AXIS2_PLACEMENT_3D('',#3602,#2844,#2845);
#2539=AXIS2_PLACEMENT_3D('',#3607,#2848,#2849);
#2540=AXIS2_PLACEMENT_3D('',#3612,#2852,#2853);
#2541=AXIS2_PLACEMENT_3D('',#3617,#2856,#2857);
#2542=AXIS2_PLACEMENT_3D('',#3622,#2860,#2861);
#2543=AXIS2_PLACEMENT_3D('',#3636,#2863,#2864);
#2544=AXIS2_PLACEMENT_3D('',#3643,#2865,#2866);
#2545=AXIS2_PLACEMENT_3D('',#3650,#2867,#2868);
#2546=AXIS2_PLACEMENT_3D('',#3672,#2877,#2878);
#2547=AXIS2_PLACEMENT_3D('',#3678,#2882,#2883);
#2548=AXIS2_PLACEMENT_3D('',#3684,#2887,#2888);
#2549=AXIS2_PLACEMENT_3D('',#3690,#2892,#2893);
#2550=AXIS2_PLACEMENT_3D('',#3696,#2897,#2898);
#2551=AXIS2_PLACEMENT_3D('',#3702,#2902,#2903);
#2552=AXIS2_PLACEMENT_3D('',#3708,#2907,#2908);
#2553=AXIS2_PLACEMENT_3D('',#3800,#2912,#2913);
#2554=AXIS2_PLACEMENT_3D('',#3809,#2918,#2919);
#2555=AXIS2_PLACEMENT_3D('',#3815,#2923,#2924);
#2556=AXIS2_PLACEMENT_3D('',#3821,#2928,#2929);
#2557=AXIS2_PLACEMENT_3D('',#3976,#2932,#2933);
#2558=AXIS2_PLACEMENT_3D('',#3977,#2934,#2935);
#2559=AXIS2_PLACEMENT_3D('',#3978,#2936,#2937);
#2560=AXIS2_PLACEMENT_3D('',#3981,#2939,#2940);
#2561=AXIS2_PLACEMENT_3D('',#3986,#2943,#2944);
#2562=AXIS2_PLACEMENT_3D('',#3991,#2947,#2948);
#2563=AXIS2_PLACEMENT_3D('',#3996,#2951,#2952);
#2564=AXIS2_PLACEMENT_3D('',#4001,#2955,#2956);
#2565=AXIS2_PLACEMENT_3D('',#4006,#2959,#2960);
#2566=AXIS2_PLACEMENT_3D('',#4011,#2963,#2964);
#2567=AXIS2_PLACEMENT_3D('',#4016,#2967,#2968);
#2568=AXIS2_PLACEMENT_3D('',#4021,#2971,#2972);
#2569=AXIS2_PLACEMENT_3D('',#4026,#2975,#2976);
#2570=AXIS2_PLACEMENT_3D('',#4059,#2993,#2994);
#2571=AXIS2_PLACEMENT_3D('',#4062,#2997,#2998);
#2572=AXIS2_PLACEMENT_3D('',#4065,#3001,#3002);
#2573=AXIS2_PLACEMENT_3D('',#4071,#3006,#3007);
#2574=AXIS2_PLACEMENT_3D('',#4075,#3010,#3011);
#2575=AXIS2_PLACEMENT_3D('',#4079,#3014,#3015);
#2576=AXIS2_PLACEMENT_3D('',#4083,#3018,#3019);
#2577=AXIS2_PLACEMENT_3D('',#4087,#3022,#3023);
#2578=AXIS2_PLACEMENT_3D('',#4091,#3026,#3027);
#2579=AXIS2_PLACEMENT_3D('',#4093,#3029,#3030);
#2580=AXIS2_PLACEMENT_3D('',#4094,#3031,#3032);
#2581=AXIS2_PLACEMENT_3D('',#4095,#3033,#3034);
#2582=AXIS2_PLACEMENT_3D('',#4096,#3035,#3036);
#2583=AXIS2_PLACEMENT_3D('',#4099,#3039,#3040);
#2584=AXIS2_PLACEMENT_3D('',#4101,#3042,#3043);
#2585=AXIS2_PLACEMENT_3D('',#4103,#3045,#3046);
#2586=AXIS2_PLACEMENT_3D('',#4104,#3047,#3048);
#2587=AXIS2_PLACEMENT_3D('',#4207,#3049,#3050);
#2588=AXIS2_PLACEMENT_3D('',#4233,#3053,#3054);
#2589=AXIS2_PLACEMENT_3D('',#4234,#3055,#3056);
#2590=AXIS2_PLACEMENT_3D('',#4235,#3057,#3058);
#2591=AXIS2_PLACEMENT_3D('',#4236,#3059,#3060);
#2592=AXIS2_PLACEMENT_3D('',#4262,#3063,#3064);
#2593=AXIS2_PLACEMENT_3D('',#4263,#3065,#3066);
#2594=AXIS2_PLACEMENT_3D('',#4264,#3067,#3068);
#2595=AXIS2_PLACEMENT_3D('',#4265,#3069,#3070);
#2596=AXIS2_PLACEMENT_3D('',#4272,#3072,#3073);
#2597=AXIS2_PLACEMENT_3D('',#4329,#3076,#3077);
#2598=AXIS2_PLACEMENT_3D('',#4330,#3078,#3079);
#2599=AXIS2_PLACEMENT_3D('',#4331,#3080,#3081);
#2600=AXIS2_PLACEMENT_3D('',#4332,#3082,#3083);
#2601=AXIS2_PLACEMENT_3D('',#4336,#3086,#3087);
#2602=AXIS2_PLACEMENT_3D('',#4392,#3089,#3090);
#2603=AXIS2_PLACEMENT_3D('',#4393,#3091,#3092);
#2604=AXIS2_PLACEMENT_3D('',#4394,#3093,#3094);
#2605=AXIS2_PLACEMENT_3D('',#4395,#3095,#3096);
#2606=AXIS2_PLACEMENT_3D('',#4404,#3099,#3100);
#2607=AXIS2_PLACEMENT_3D('',#4436,#3104,#3105);
#2608=AXIS2_PLACEMENT_3D('',#4437,#3106,#3107);
#2609=AXIS2_PLACEMENT_3D('',#4438,#3108,#3109);
#2610=AXIS2_PLACEMENT_3D('',#4439,#3110,#3111);
#2611=AXIS2_PLACEMENT_3D('',#4440,#3112,#3113);
#2612=AXIS2_PLACEMENT_3D('',#4446,#3117,#3118);
#2613=AXIS2_PLACEMENT_3D('',#4447,#3119,#3120);
#2614=AXIS2_PLACEMENT_3D('',#4448,#3121,#3122);
#2615=AXIS2_PLACEMENT_3D('',#4449,#3123,#3124);
#2616=AXIS2_PLACEMENT_3D('',#4450,#3125,#3126);
#2617=AXIS2_PLACEMENT_3D('',#4456,#3130,#3131);
#2618=AXIS2_PLACEMENT_3D('',#4491,#3134,#3135);
#2619=AXIS2_PLACEMENT_3D('',#4492,#3136,#3137);
#2620=AXIS2_PLACEMENT_3D('',#4493,#3138,#3139);
#2621=AXIS2_PLACEMENT_3D('',#4494,#3140,#3141);
#2622=AXIS2_PLACEMENT_3D('',#4495,#3142,#3143);
#2623=AXIS2_PLACEMENT_3D('',#4501,#3147,#3148);
#2624=AXIS2_PLACEMENT_3D('',#4502,#3149,#3150);
#2625=AXIS2_PLACEMENT_3D('',#4503,#3151,#3152);
#2626=AXIS2_PLACEMENT_3D('',#4504,#3153,#3154);
#2627=AXIS2_PLACEMENT_3D('',#4505,#3155,#3156);
#2628=AXIS2_PLACEMENT_3D('',#4511,#3160,#3161);
#2629=AXIS2_PLACEMENT_3D('',#4512,#3162,#3163);
#2630=AXIS2_PLACEMENT_3D('',#4513,#3164,#3165);
#2631=AXIS2_PLACEMENT_3D('',#4514,#3166,#3167);
#2632=AXIS2_PLACEMENT_3D('',#4515,#3168,#3169);
#2633=AXIS2_PLACEMENT_3D('',#4521,#3173,#3174);
#2634=AXIS2_PLACEMENT_3D('',#4522,#3175,#3176);
#2635=AXIS2_PLACEMENT_3D('',#4523,#3177,#3178);
#2636=AXIS2_PLACEMENT_3D('',#4524,#3179,#3180);
#2637=AXIS2_PLACEMENT_3D('',#4525,#3181,#3182);
#2638=AXIS2_PLACEMENT_3D('',#4531,#3186,#3187);
#2639=AXIS2_PLACEMENT_3D('',#4532,#3188,#3189);
#2640=AXIS2_PLACEMENT_3D('',#4533,#3190,#3191);
#2641=AXIS2_PLACEMENT_3D('',#4534,#3192,#3193);
#2642=AXIS2_PLACEMENT_3D('',#4535,#3194,#3195);
#2643=AXIS2_PLACEMENT_3D('',#4541,#3199,#3200);
#2644=AXIS2_PLACEMENT_3D('',#4542,#3201,#3202);
#2645=AXIS2_PLACEMENT_3D('',#4543,#3203,#3204);
#2646=AXIS2_PLACEMENT_3D('',#4544,#3205,#3206);
#2647=AXIS2_PLACEMENT_3D('',#4545,#3207,#3208);
#2648=AXIS2_PLACEMENT_3D('',#4551,#3212,#3213);
#2649=AXIS2_PLACEMENT_3D('',#4552,#3214,#3215);
#2650=AXIS2_PLACEMENT_3D('',#4553,#3216,#3217);
#2651=AXIS2_PLACEMENT_3D('',#4554,#3218,#3219);
#2652=AXIS2_PLACEMENT_3D('',#4555,#3220,#3221);
#2653=AXIS2_PLACEMENT_3D('',#4559,#3224,#3225);
#2654=AXIS2_PLACEMENT_3D('',#4563,#3228,#3229);
#2655=AXIS2_PLACEMENT_3D('',#4564,#3230,#3231);
#2656=AXIS2_PLACEMENT_3D('',#4565,#3232,#3233);
#2657=AXIS2_PLACEMENT_3D('',#4566,#3234,#3235);
#2658=AXIS2_PLACEMENT_3D('',#4570,#3238,#3239);
#2659=AXIS2_PLACEMENT_3D('',#4574,#3242,#3243);
#2660=AXIS2_PLACEMENT_3D('',#4575,#3244,#3245);
#2661=AXIS2_PLACEMENT_3D('',#4576,#3246,#3247);
#2662=AXIS2_PLACEMENT_3D('',#4577,#3248,#3249);
#2663=AXIS2_PLACEMENT_3D('',#4581,#3252,#3253);
#2664=AXIS2_PLACEMENT_3D('',#4585,#3256,#3257);
#2665=AXIS2_PLACEMENT_3D('',#4586,#3258,#3259);
#2666=AXIS2_PLACEMENT_3D('',#4587,#3260,#3261);
#2667=AXIS2_PLACEMENT_3D('',#4588,#3262,#3263);
#2668=AXIS2_PLACEMENT_3D('',#4592,#3266,#3267);
#2669=AXIS2_PLACEMENT_3D('',#4596,#3270,#3271);
#2670=AXIS2_PLACEMENT_3D('',#4597,#3272,#3273);
#2671=AXIS2_PLACEMENT_3D('',#4598,#3274,#3275);
#2672=AXIS2_PLACEMENT_3D('',#4599,#3276,#3277);
#2673=AXIS2_PLACEMENT_3D('',#4603,#3280,#3281);
#2674=AXIS2_PLACEMENT_3D('',#4607,#3284,#3285);
#2675=AXIS2_PLACEMENT_3D('',#4608,#3286,#3287);
#2676=AXIS2_PLACEMENT_3D('',#4609,#3288,#3289);
#2677=AXIS2_PLACEMENT_3D('',#4610,#3290,#3291);
#2678=AXIS2_PLACEMENT_3D('',#4614,#3294,#3295);
#2679=AXIS2_PLACEMENT_3D('',#4618,#3298,#3299);
#2680=AXIS2_PLACEMENT_3D('',#4619,#3300,#3301);
#2681=AXIS2_PLACEMENT_3D('',#4620,#3302,#3303);
#2682=AXIS2_PLACEMENT_3D('',#4621,#3304,#3305);
#2683=AXIS2_PLACEMENT_3D('',#4625,#3308,#3309);
#2684=AXIS2_PLACEMENT_3D('',#4629,#3312,#3313);
#2685=AXIS2_PLACEMENT_3D('',#4630,#3314,#3315);
#2686=AXIS2_PLACEMENT_3D('',#4631,#3316,#3317);
#2687=AXIS2_PLACEMENT_3D('',#4632,#3318,#3319);
#2688=AXIS2_PLACEMENT_3D('',#4636,#3322,#3323);
#2689=AXIS2_PLACEMENT_3D('',#4640,#3326,#3327);
#2690=AXIS2_PLACEMENT_3D('',#4641,#3328,#3329);
#2691=AXIS2_PLACEMENT_3D('',#4642,#3330,#3331);
#2692=AXIS2_PLACEMENT_3D('',#4643,#3332,#3333);
#2693=AXIS2_PLACEMENT_3D('',#4644,#3334,#3335);
#2694=AXIS2_PLACEMENT_3D('',#4645,#3336,#3337);
#2695=AXIS2_PLACEMENT_3D('',#4646,#3338,#3339);
#2696=AXIS2_PLACEMENT_3D('',#4647,#3340,#3341);
#2697=AXIS2_PLACEMENT_3D('',#4648,#3342,#3343);
#2698=AXIS2_PLACEMENT_3D('',#4649,#3344,#3345);
#2699=AXIS2_PLACEMENT_3D('',#4650,#3346,#3347);
#2700=AXIS2_PLACEMENT_3D('',#4652,#3349,#3350);
#2701=AXIS2_PLACEMENT_3D('',#4653,#3351,#3352);
#2702=AXIS2_PLACEMENT_3D('',#4655,#3354,#3355);
#2703=DIRECTION('',(0.,0.,1.));
#2704=DIRECTION('',(1.,0.,0.));
#2705=DIRECTION('',(0.,0.,-1.));
#2706=DIRECTION('',(1.,0.,0.));
#2707=DIRECTION('',(-0.0498834239970988,0.0158333927567342,-0.998629534754574));
#2708=DIRECTION('',(0.,0.,1.));
#2709=DIRECTION('',(1.,0.,0.));
#2710=DIRECTION('',(0.,0.,1.));
#2711=DIRECTION('',(1.,0.,0.));
#2712=DIRECTION('',(-0.0498834239971005,-0.0158333927567288,-0.998629534754574));
#2713=DIRECTION('',(0.,0.,1.));
#2714=DIRECTION('',(1.,0.,0.));
#2715=DIRECTION('',(0.0168490487952102,0.0495495900140451,0.998629534754574));
#2716=DIRECTION('',(0.,0.,-1.));
#2717=DIRECTION('',(-1.,0.,0.));
#2718=DIRECTION('',(0.0423406780191812,0.0307623032417821,0.998629534754574));
#2719=DIRECTION('',(0.,0.,1.));
#2720=DIRECTION('',(1.,0.,0.));
#2721=DIRECTION('',(0.0427556850800309,0.0301828379911591,0.998629534754574));
#2722=DIRECTION('',(0.,0.,-1.));
#2723=DIRECTION('',(-1.,0.,0.));
#2724=DIRECTION('',(0.0523359562429438,-2.81171836504712E-15,0.998629534754574));
#2725=DIRECTION('',(0.,0.,1.));
#2726=DIRECTION('',(1.,0.,0.));
#2727=DIRECTION('',(0.0523311028794658,-0.000712732265371481,0.998629534754574));
#2728=DIRECTION('',(0.,0.,-1.));
#2729=DIRECTION('',(-1.,0.,0.));
#2730=DIRECTION('',(0.042340678019178,-0.0307623032417866,0.998629534754574));
#2731=DIRECTION('',(0.,0.,1.));
#2732=DIRECTION('',(1.,0.,0.));
#2733=DIRECTION('',(0.0419178180512607,-0.0313360630214572,0.998629534754574));
#2734=DIRECTION('',(0.,0.,-1.));
#2735=DIRECTION('',(-1.,0.,0.));
#2736=DIRECTION('',(0.0161726999016727,-0.0497744522195249,0.998629534754574));
#2737=DIRECTION('',(0.,0.,1.));
#2738=DIRECTION('',(1.,0.,0.));
#2739=DIRECTION('',(0.0154933514645503,-0.0499900827790798,0.998629534754574));
#2740=DIRECTION('',(0.,0.,-1.));
#2741=DIRECTION('',(-1.,0.,0.));
#2742=DIRECTION('',(-0.0161726998873228,-0.0497744522241875,0.998629534754574));
#2743=DIRECTION('',(0.,0.,1.));
#2744=DIRECTION('',(1.,0.,0.));
#2745=DIRECTION('',(-0.0168490487809198,-0.0495495900189045,0.998629534754574));
#2746=DIRECTION('',(0.,0.,-1.));
#2747=DIRECTION('',(-1.,0.,0.));
#2748=DIRECTION('',(-0.0423406780103092,-0.0307623032539934,0.998629534754574));
#2749=DIRECTION('',(0.,0.,1.));
#2750=DIRECTION('',(1.,0.,0.));
#2751=DIRECTION('',(-0.042755685071326,-0.0301828380034901,0.998629534754574));
#2752=DIRECTION('',(0.,0.,-1.));
#2753=DIRECTION('',(-1.,0.,0.));
#2754=DIRECTION('',(-0.0523359562429438,-1.50940072166647E-11,0.998629534754574));
#2755=DIRECTION('',(0.,0.,1.));
#2756=DIRECTION('',(1.,0.,0.));
#2757=DIRECTION('',(-0.0523311028792602,0.000712732280464112,0.998629534754574));
#2758=DIRECTION('',(0.,0.,-1.));
#2759=DIRECTION('',(-1.,0.,0.));
#2760=DIRECTION('',(-0.0423406780103059,0.0307623032539979,0.998629534754574));
#2761=DIRECTION('',(0.,0.,1.));
#2762=DIRECTION('',(1.,0.,0.));
#2763=DIRECTION('',(-0.0419178180422232,0.0313360630335465,0.998629534754574));
#2764=DIRECTION('',(0.,0.,-1.));
#2765=DIRECTION('',(-1.,0.,0.));
#2766=DIRECTION('',(-0.0161726998873174,0.0497744522241892,0.998629534754574));
#2767=DIRECTION('',(0.,0.,1.));
#2768=DIRECTION('',(1.,0.,0.));
#2769=DIRECTION('',(-0.0154933514501329,0.0499900827835482,0.998629534754574));
#2770=DIRECTION('',(0.,0.,-1.));
#2771=DIRECTION('',(-1.,0.,0.));
#2772=DIRECTION('',(0.0161726999016781,0.0497744522195232,0.998629534754574));
#2773=DIRECTION('',(0.,0.,1.));
#2774=DIRECTION('',(1.,0.,0.));
#2775=DIRECTION('',(-0.0310499029975313,0.0421302247763673,-0.998629534754574));
#2776=DIRECTION('',(0.,0.,1.));
#2777=DIRECTION('',(1.,0.,0.));
#2778=DIRECTION('',(-0.0496631725083774,0.0165112571376767,-0.998629534754574));
#2779=DIRECTION('',(-0.0496631725083792,-0.0165112571376713,-0.998629534754574));
#2780=DIRECTION('',(0.,0.,1.));
#2781=DIRECTION('',(1.,0.,0.));
#2782=DIRECTION('',(-0.0310499029975358,-0.042130224776364,-0.998629534754574));
#2783=DIRECTION('',(0.,0.,1.));
#2784=DIRECTION('',(1.,0.,0.));
#2785=DIRECTION('',(-0.0304732771139757,-0.0425491680035953,-0.998629534754574));
#2786=DIRECTION('',(0.,0.,1.));
#2787=DIRECTION('',(1.,0.,0.));
#2788=DIRECTION('',(-0.000356374402405214,-0.0523347428879578,-0.998629534754574));
#2789=DIRECTION('',(0.,0.,1.));
#2790=DIRECTION('',(1.,0.,0.));
#2791=DIRECTION('',(0.00035637438730585,-0.0523347428880606,-0.998629534754574));
#2792=DIRECTION('',(0.,0.,1.));
#2793=DIRECTION('',(1.,0.,0.));
#2794=DIRECTION('',(0.0304732771016997,-0.0425491680123872,-0.998629534754574));
#2795=DIRECTION('',(0.,0.,1.));
#2796=DIRECTION('',(1.,0.,0.));
#2797=DIRECTION('',(0.0310499029853806,-0.0421302247853223,-0.998629534754574));
#2798=DIRECTION('',(0.,0.,1.));
#2799=DIRECTION('',(1.,0.,0.));
#2800=DIRECTION('',(0.0496631725036154,-0.0165112571519999,-0.998629534754574));
#2801=DIRECTION('',(0.,0.,1.));
#2802=DIRECTION('',(1.,0.,0.));
#2803=DIRECTION('',(0.0498834239925323,-0.0158333927711209,-0.998629534754574));
#2804=DIRECTION('',(0.,0.,1.));
#2805=DIRECTION('',(1.,0.,0.));
#2806=DIRECTION('',(0.049883423992534,0.0158333927711155,-0.998629534754574));
#2807=DIRECTION('',(0.,0.,1.));
#2808=DIRECTION('',(1.,0.,0.));
#2809=DIRECTION('',(0.0496631725036172,0.0165112571519946,-0.998629534754574));
#2810=DIRECTION('',(0.,0.,1.));
#2811=DIRECTION('',(1.,0.,0.));
#2812=DIRECTION('',(0.0310499029853852,0.0421302247853189,-0.998629534754574));
#2813=DIRECTION('',(0.,0.,1.));
#2814=DIRECTION('',(1.,0.,0.));
#2815=DIRECTION('',(0.0304732771017043,0.0425491680123839,-0.998629534754574));
#2816=DIRECTION('',(0.,0.,1.));
#2817=DIRECTION('',(1.,0.,0.));
#2818=DIRECTION('',(0.000356374387311498,0.0523347428880605,-0.998629534754574));
#2819=DIRECTION('',(0.,0.,1.));
#2820=DIRECTION('',(1.,0.,0.));
#2821=DIRECTION('',(-0.000356374402399542,0.0523347428879578,-0.998629534754574));
#2822=DIRECTION('',(0.,0.,1.));
#2823=DIRECTION('',(1.,0.,0.));
#2824=DIRECTION('',(-0.0304732771139711,0.0425491680035986,-0.998629534754574));
#2825=DIRECTION('',(0.,0.,1.));
#2826=DIRECTION('',(1.,0.,0.));
#2827=DIRECTION('',(0.94283579540346,-0.333257652434157,0.));
#2828=DIRECTION('',(0.,0.,1.));
#2829=DIRECTION('',(1.,0.,0.));
#2830=DIRECTION('',(0.593280513561221,-0.804995796404263,0.));
#2831=DIRECTION('',(-0.582262736779165,0.813000679801952,0.));
#2832=DIRECTION('',(0.,0.,-1.));
#2833=DIRECTION('',(-1.,0.,0.));
#2834=DIRECTION('',(-0.00680936067634386,0.999976816034842,0.));
#2835=DIRECTION('',(0.00680936038805104,0.999976816036805,0.));
#2836=DIRECTION('',(0.,0.,-1.));
#2837=DIRECTION('',(-1.,0.,0.));
#2838=DIRECTION('',(0.582262736544778,0.813000679969818,0.));
#2839=DIRECTION('',(0.593280513329141,0.804995796575306,0.));
#2840=DIRECTION('',(0.,0.,-1.));
#2841=DIRECTION('',(-1.,0.,0.));
#2842=DIRECTION('',(0.948930258827802,0.315485917088228,0.));
#2843=DIRECTION('',(0.953138675081713,0.302533743677422,0.));
#2844=DIRECTION('',(0.,0.,-1.));
#2845=DIRECTION('',(-1.,0.,0.));
#2846=DIRECTION('',(0.953138675081681,-0.302533743677524,0.));
#2847=DIRECTION('',(0.948930258827768,-0.315485917088331,0.));
#2848=DIRECTION('',(0.,0.,-1.));
#2849=DIRECTION('',(-1.,0.,0.));
#2850=DIRECTION('',(0.593280513329054,-0.804995796575369,0.));
#2851=DIRECTION('',(0.58226273654469,-0.813000679969881,0.));
#2852=DIRECTION('',(0.,0.,-1.));
#2853=DIRECTION('',(-1.,0.,0.));
#2854=DIRECTION('',(0.00680936038794357,-0.999976816036805,0.));
#2855=DIRECTION('',(-0.00680936067645199,-0.999976816034841,0.));
#2856=DIRECTION('',(0.,0.,-1.));
#2857=DIRECTION('',(-1.,0.,0.));
#2858=DIRECTION('',(-0.582262736779253,-0.81300067980189,0.));
#2859=DIRECTION('',(0.593280513561307,0.8049957964042,0.));
#2860=DIRECTION('',(0.,0.,1.));
#2861=DIRECTION('',(1.,0.,0.));
#2862=DIRECTION('',(0.942835826091335,0.33325756561355,0.));
#2863=DIRECTION('',(0.,0.,-1.));
#2864=DIRECTION('',(-1.,0.,0.));
#2865=DIRECTION('',(0.,0.,1.));
#2866=DIRECTION('',(1.,0.,0.));
#2867=DIRECTION('',(0.,0.,-1.));
#2868=DIRECTION('',(-1.,0.,0.));
#2869=DIRECTION('',(-1.,0.,0.));
#2870=DIRECTION('',(1.55550253206497E-16,-1.,0.));
#2871=DIRECTION('',(1.,0.,0.));
#2872=DIRECTION('',(3.65204942310906E-16,-1.,0.));
#2873=DIRECTION('',(0.,-1.,0.));
#2874=DIRECTION('',(1.,0.,0.));
#2875=DIRECTION('',(0.,1.,0.));
#2876=DIRECTION('',(-1.,0.,0.));
#2877=DIRECTION('',(-0.302533743677422,0.953138675081713,0.));
#2878=DIRECTION('',(0.,0.,1.));
#2879=DIRECTION('',(0.049883423992534,0.0158333927711155,-0.998629534754574));
#2880=DIRECTION('',(0.,0.,-1.));
#2881=DIRECTION('',(0.953138675081713,0.302533743677422,0.));
#2882=DIRECTION('',(0.813000679969881,0.58226273654469,0.));
#2883=DIRECTION('',(0.,0.,1.));
#2884=DIRECTION('',(0.0304732771016997,-0.0425491680123872,-0.998629534754574));
#2885=DIRECTION('',(0.,0.,-1.));
#2886=DIRECTION('',(0.58226273654469,-0.813000679969881,0.));
#2887=DIRECTION('',(-0.999976816036805,0.0068093603880515,0.));
#2888=DIRECTION('',(0.,0.,1.));
#2889=DIRECTION('',(0.000356374387311498,0.0523347428880605,-0.998629534754574));
#2890=DIRECTION('',(0.,0.,-1.));
#2891=DIRECTION('',(0.00680936038805104,0.999976816036805,0.));
#2892=DIRECTION('',(0.999976816034841,-0.00680936067645199,0.));
#2893=DIRECTION('',(0.,0.,1.));
#2894=DIRECTION('',(-0.000356374402405214,-0.0523347428879578,-0.998629534754574));
#2895=DIRECTION('',(0.,0.,-1.));
#2896=DIRECTION('',(-0.00680936067645199,-0.999976816034841,0.));
#2897=DIRECTION('',(-0.813000679801952,-0.582262736779165,0.));
#2898=DIRECTION('',(0.,0.,1.));
#2899=DIRECTION('',(-0.0304732771139711,0.0425491680035986,-0.998629534754574));
#2900=DIRECTION('',(0.,0.,-1.));
#2901=DIRECTION('',(-0.582262736779165,0.813000679801952,0.));
#2902=DIRECTION('',(-0.804995796575305,0.593280513329142,0.));
#2903=DIRECTION('',(0.,0.,1.));
#2904=DIRECTION('',(0.0310499029853852,0.0421302247853189,-0.998629534754574));
#2905=DIRECTION('',(0.,0.,-1.));
#2906=DIRECTION('',(0.593280513329141,0.804995796575306,0.));
#2907=DIRECTION('',(0.315485917088331,0.948930258827768,0.));
#2908=DIRECTION('',(0.,0.,1.));
#2909=DIRECTION('',(0.0496631725036154,-0.0165112571519999,-0.998629534754574));
#2910=DIRECTION('',(0.,0.,-1.));
#2911=DIRECTION('',(0.948930258827768,-0.315485917088331,0.));
#2912=DIRECTION('',(0.70569236980218,-0.708518368994752,0.));
#2913=DIRECTION('',(0.708518368994752,0.70569236980218,0.));
#2914=DIRECTION('',(-0.708518368994752,-0.70569236980218,0.));
#2915=DIRECTION('',(0.,0.,-1.));
#2916=DIRECTION('',(-0.708518368994752,-0.70569236980218,0.));
#2917=DIRECTION('',(0.,0.,-1.));
#2918=DIRECTION('',(0.708518368994752,0.70569236980218,0.));
#2919=DIRECTION('',(-0.70569236980218,0.708518368994752,0.));
#2920=DIRECTION('',(0.70569236980218,-0.708518368994752,0.));
#2921=DIRECTION('',(0.70569236980218,-0.708518368994752,0.));
#2922=DIRECTION('',(0.,0.,-1.));
#2923=DIRECTION('',(-0.70569236980218,0.708518368994752,0.));
#2924=DIRECTION('',(-0.708518368994752,-0.70569236980218,0.));
#2925=DIRECTION('',(0.708518368994752,0.70569236980218,0.));
#2926=DIRECTION('',(0.708518368994752,0.70569236980218,0.));
#2927=DIRECTION('',(0.,0.,-1.));
#2928=DIRECTION('',(-0.708518368994752,-0.70569236980218,0.));
#2929=DIRECTION('',(0.70569236980218,-0.708518368994752,0.));
#2930=DIRECTION('',(-0.70569236980218,0.708518368994752,0.));
#2931=DIRECTION('',(-0.70569236980218,0.708518368994752,0.));
#2932=DIRECTION('',(0.,0.,-1.));
#2933=DIRECTION('',(-1.,0.,0.));
#2934=DIRECTION('',(0.,0.,-1.));
#2935=DIRECTION('',(1.,0.,0.));
#2936=DIRECTION('',(0.,0.,1.));
#2937=DIRECTION('',(1.,0.,0.));
#2938=DIRECTION('',(-0.809016994408883,-0.587785252245765,0.));
#2939=DIRECTION('',(0.,0.,-1.));
#2940=DIRECTION('',(-1.,0.,0.));
#2941=DIRECTION('',(-0.321940210989875,-0.94676000155678,0.));
#2942=DIRECTION('',(-0.309016994484715,-0.951056516259488,0.));
#2943=DIRECTION('',(0.,0.,-1.));
#2944=DIRECTION('',(-1.,0.,0.));
#2945=DIRECTION('',(0.296036464456914,-0.955176639010738,0.));
#2946=DIRECTION('',(0.309016994210322,-0.951056516348644,0.));
#2947=DIRECTION('',(0.,0.,-1.));
#2948=DIRECTION('',(-1.,0.,0.));
#2949=DIRECTION('',(0.800937272410585,-0.598748265687252,0.));
#2950=DIRECTION('',(0.809016994239299,-0.587785252479178,0.));
#2951=DIRECTION('',(0.,0.,-1.));
#2952=DIRECTION('',(-1.,0.,0.));
#2953=DIRECTION('',(0.999907265214357,-0.013618405616888,0.));
#2954=DIRECTION('',(1.,2.88406310285235E-10,0.));
#2955=DIRECTION('',(0.,0.,-1.));
#2956=DIRECTION('',(-1.,0.,0.));
#2957=DIRECTION('',(0.816946668039346,0.576713222996848,0.));
#2958=DIRECTION('',(0.809016994239362,0.587785252479091,0.));
#2959=DIRECTION('',(0.,0.,-1.));
#2960=DIRECTION('',(-1.,0.,0.));
#2961=DIRECTION('',(0.321940210716822,0.94676000164963,0.));
#2962=DIRECTION('',(0.309016994210424,0.95105651634861,0.));
#2963=DIRECTION('',(0.,0.,-1.));
#2964=DIRECTION('',(-1.,0.,0.));
#2965=DIRECTION('',(-0.296036464732393,0.955176638925359,0.));
#2966=DIRECTION('',(-0.309016994484613,0.951056516259521,0.));
#2967=DIRECTION('',(0.,0.,-1.));
#2968=DIRECTION('',(-1.,0.,0.));
#2969=DIRECTION('',(-0.800937272583268,0.598748265456256,0.));
#2970=DIRECTION('',(-0.80901699440882,0.587785252245851,0.));
#2971=DIRECTION('',(0.,0.,-1.));
#2972=DIRECTION('',(-1.,0.,0.));
#2973=DIRECTION('',(-0.999907265218284,0.0136184053285079,0.));
#2974=DIRECTION('',(-1.,5.37244098874415E-14,0.));
#2975=DIRECTION('',(0.,0.,-1.));
#2976=DIRECTION('',(-1.,0.,0.));
#2977=DIRECTION('',(-0.816946668205674,-0.576713222761234,0.));
#2978=DIRECTION('',(-1.,0.,0.));
#2979=DIRECTION('',(0.,1.,0.));
#2980=DIRECTION('',(1.,0.,0.));
#2981=DIRECTION('',(0.,-1.,0.));
#2982=DIRECTION('',(0.,-1.,0.));
#2983=DIRECTION('',(-1.,0.,0.));
#2984=DIRECTION('',(0.,1.,0.));
#2985=DIRECTION('',(-0.707106781186548,-0.707106781186548,0.));
#2986=DIRECTION('',(-0.707106781186548,0.707106781186548,0.));
#2987=DIRECTION('',(0.707409286719849,0.706804146183732,0.));
#2988=DIRECTION('',(1.,0.,0.));
#2989=DIRECTION('',(1.,1.55550253206497E-16,0.));
#2990=DIRECTION('',(-3.65204942310906E-16,1.,0.));
#2991=DIRECTION('',(1.,0.,0.));
#2992=DIRECTION('',(-1.55550253206497E-16,1.,0.));
#2993=DIRECTION('',(1.,1.55550253206497E-16,0.));
#2994=DIRECTION('',(-1.55550253206497E-16,1.,0.));
#2995=DIRECTION('',(0.,0.,-1.));
#2996=DIRECTION('',(1.0389485698889E-16,-0.667918276230425,0.744234624481674));
#2997=DIRECTION('',(1.,3.65204942310906E-16,0.));
#2998=DIRECTION('',(-3.65204942310906E-16,1.,0.));
#2999=DIRECTION('',(0.,0.,-1.));
#3000=DIRECTION('',(-2.43927055539132E-16,0.667918276230425,-0.744234624481674));
#3001=DIRECTION('',(0.,1.,0.));
#3002=DIRECTION('',(0.,0.,1.));
#3003=DIRECTION('',(0.,0.,1.));
#3004=DIRECTION('',(-1.,0.,0.));
#3005=DIRECTION('',(0.,0.,1.));
#3006=DIRECTION('',(-1.,0.,0.));
#3007=DIRECTION('',(0.,0.,1.));
#3008=DIRECTION('',(0.,0.,1.));
#3009=DIRECTION('',(0.,-1.,0.));
#3010=DIRECTION('',(0.,-1.,0.));
#3011=DIRECTION('',(0.,0.,-1.));
#3012=DIRECTION('',(0.,0.,1.));
#3013=DIRECTION('',(1.,0.,0.));
#3014=DIRECTION('',(0.706804146183732,-0.707409286719849,0.));
#3015=DIRECTION('',(0.707409286719849,0.706804146183732,0.));
#3016=DIRECTION('',(0.,0.,1.));
#3017=DIRECTION('',(0.707409286719849,0.706804146183732,0.));
#3018=DIRECTION('',(0.707106781186548,0.707106781186548,0.));
#3019=DIRECTION('',(-0.707106781186548,0.707106781186548,0.));
#3020=DIRECTION('',(0.,0.,1.));
#3021=DIRECTION('',(-0.707106781186548,0.707106781186548,0.));
#3022=DIRECTION('',(-0.707106781186548,0.707106781186548,0.));
#3023=DIRECTION('',(-0.707106781186548,-0.707106781186548,0.));
#3024=DIRECTION('',(0.,0.,1.));
#3025=DIRECTION('',(-0.707106781186548,-0.707106781186548,0.));
#3026=DIRECTION('',(1.,0.,0.));
#3027=DIRECTION('',(0.,0.,-1.));
#3028=DIRECTION('',(0.,1.,0.));
#3029=DIRECTION('',(0.,0.,1.));
#3030=DIRECTION('',(1.,0.,0.));
#3031=DIRECTION('',(0.,1.,0.));
#3032=DIRECTION('',(0.,0.,1.));
#3033=DIRECTION('',(-1.15765884283167E-16,0.744234624481674,0.667918276230425));
#3034=DIRECTION('',(0.,-0.667918276230425,0.744234624481674));
#3035=DIRECTION('',(1.,0.,0.));
#3036=DIRECTION('',(0.,0.,-1.));
#3037=DIRECTION('',(0.,0.,1.));
#3038=DIRECTION('',(0.,0.,1.));
#3039=DIRECTION('',(0.,-1.,0.));
#3040=DIRECTION('',(0.,0.,-1.));
#3041=DIRECTION('',(0.,0.,1.));
#3042=DIRECTION('',(-1.,0.,0.));
#3043=DIRECTION('',(0.,0.,1.));
#3044=DIRECTION('',(0.,0.,1.));
#3045=DIRECTION('',(0.,1.,0.));
#3046=DIRECTION('',(0.,0.,1.));
#3047=DIRECTION('',(0.,0.,1.));
#3048=DIRECTION('',(1.,0.,0.));
#3049=DIRECTION('',(-0.302533743402633,-0.953138675168933,0.));
#3050=DIRECTION('',(0.,0.,1.));
#3051=DIRECTION('',(-0.0498834239970988,0.0158333927567342,-0.998629534754574));
#3052=DIRECTION('',(-0.953138675168934,0.302533743402633,0.));
#3053=DIRECTION('',(0.,0.,1.));
#3054=DIRECTION('',(1.,0.,0.));
#3055=DIRECTION('',(0.,0.,1.));
#3056=DIRECTION('',(1.,0.,0.));
#3057=DIRECTION('',(0.,0.,-1.));
#3058=DIRECTION('',(1.,0.,0.));
#3059=DIRECTION('',(0.30253374340253,-0.953138675168966,0.));
#3060=DIRECTION('',(0.,0.,1.));
#3061=DIRECTION('',(-0.953138675168966,-0.30253374340253,0.));
#3062=DIRECTION('',(-0.0498834239971005,-0.0158333927567288,-0.998629534754574));
#3063=DIRECTION('',(0.,0.,-1.));
#3064=DIRECTION('',(1.,0.,0.));
#3065=DIRECTION('',(0.,0.,1.));
#3066=DIRECTION('',(1.,0.,0.));
#3067=DIRECTION('',(0.,0.,1.));
#3068=DIRECTION('',(1.,0.,0.));
#3069=DIRECTION('',(0.0136184053285082,0.999907265218284,0.));
#3070=DIRECTION('',(0.,0.,-1.));
#3071=DIRECTION('',(0.0523311028794658,-0.000712732265371481,0.998629534754574));
#3072=DIRECTION('',(0.587785252245851,0.80901699440882,0.));
#3073=DIRECTION('',(0.,0.,-1.));
#3074=DIRECTION('',(-0.80901699440882,0.587785252245851,0.));
#3075=DIRECTION('',(0.042340678019178,-0.0307623032417866,0.998629534754574));
#3076=DIRECTION('',(0.,0.,-1.));
#3077=DIRECTION('',(-1.,0.,0.));
#3078=DIRECTION('',(0.,0.,-1.));
#3079=DIRECTION('',(-1.,0.,0.));
#3080=DIRECTION('',(0.,0.,-1.));
#3081=DIRECTION('',(1.,0.,0.));
#3082=DIRECTION('',(-0.576713222761234,0.816946668205674,0.));
#3083=DIRECTION('',(0.,0.,-1.));
#3084=DIRECTION('',(0.0427556850800309,0.0301828379911591,0.998629534754574));
#3085=DIRECTION('',(-0.816946668205674,-0.576713222761234,0.));
#3086=DIRECTION('',(5.37244098874415E-14,1.,0.));
#3087=DIRECTION('',(0.,0.,-1.));
#3088=DIRECTION('',(0.0523359562429438,-2.81171836504712E-15,0.998629534754574));
#3089=DIRECTION('',(0.,0.,-1.));
#3090=DIRECTION('',(-1.,0.,0.));
#3091=DIRECTION('',(0.,0.,-1.));
#3092=DIRECTION('',(-1.,0.,0.));
#3093=DIRECTION('',(0.,0.,-1.));
#3094=DIRECTION('',(1.,0.,0.));
#3095=DIRECTION('',(0.31548591681455,-0.94893025891879,0.));
#3096=DIRECTION('',(0.,0.,1.));
#3097=DIRECTION('',(-0.0496631725083792,-0.0165112571376713,-0.998629534754574));
#3098=DIRECTION('',(-0.94893025891879,-0.31548591681455,0.));
#3099=DIRECTION('',(0.8049957964042,-0.593280513561307,0.));
#3100=DIRECTION('',(0.,0.,1.));
#3101=DIRECTION('',(-0.593280513561307,-0.8049957964042,0.));
#3102=DIRECTION('',(-0.0310499029975358,-0.042130224776364,-0.998629534754574));
#3103=DIRECTION('',(0.,0.,1.));
#3104=DIRECTION('',(0.,0.,1.));
#3105=DIRECTION('',(1.,0.,0.));
#3106=DIRECTION('',(0.,0.,1.));
#3107=DIRECTION('',(1.,0.,0.));
#3108=DIRECTION('',(0.,0.,-1.));
#3109=DIRECTION('',(1.,0.,0.));
#3110=DIRECTION('',(0.,0.,-1.));
#3111=DIRECTION('',(-1.,0.,0.));
#3112=DIRECTION('',(0.302533743677524,0.953138675081681,0.));
#3113=DIRECTION('',(0.,0.,1.));
#3114=DIRECTION('',(0.,0.,-1.));
#3115=DIRECTION('',(0.0498834239925323,-0.0158333927711209,-0.998629534754574));
#3116=DIRECTION('',(0.953138675081681,-0.302533743677524,0.));
#3117=DIRECTION('',(0.,0.,1.));
#3118=DIRECTION('',(1.,0.,0.));
#3119=DIRECTION('',(0.,0.,1.));
#3120=DIRECTION('',(1.,0.,0.));
#3121=DIRECTION('',(0.,0.,-1.));
#3122=DIRECTION('',(1.,0.,0.));
#3123=DIRECTION('',(0.,0.,-1.));
#3124=DIRECTION('',(-1.,0.,0.));
#3125=DIRECTION('',(-0.804995796404263,-0.593280513561221,0.));
#3126=DIRECTION('',(0.,0.,1.));
#3127=DIRECTION('',(0.,0.,1.));
#3128=DIRECTION('',(-0.0310499029975313,0.0421302247763673,-0.998629534754574));
#3129=DIRECTION('',(-0.593280513561221,0.804995796404263,0.));
#3130=DIRECTION('',(-0.315485916814653,-0.948930258918756,0.));
#3131=DIRECTION('',(0.,0.,1.));
#3132=DIRECTION('',(-0.948930258918756,0.315485916814652,0.));
#3133=DIRECTION('',(-0.0496631725083774,0.0165112571376767,-0.998629534754574));
#3134=DIRECTION('',(0.,0.,1.));
#3135=DIRECTION('',(1.,0.,0.));
#3136=DIRECTION('',(0.,0.,1.));
#3137=DIRECTION('',(1.,0.,0.));
#3138=DIRECTION('',(0.,0.,-1.));
#3139=DIRECTION('',(1.,0.,0.));
#3140=DIRECTION('',(0.,0.,-1.));
#3141=DIRECTION('',(-1.,0.,0.));
#3142=DIRECTION('',(0.999976816036805,0.00680936038794357,0.));
#3143=DIRECTION('',(0.,0.,1.));
#3144=DIRECTION('',(0.,0.,-1.));
#3145=DIRECTION('',(0.00035637438730585,-0.0523347428880606,-0.998629534754574));
#3146=DIRECTION('',(0.00680936038794357,-0.999976816036805,0.));
#3147=DIRECTION('',(0.,0.,1.));
#3148=DIRECTION('',(1.,0.,0.));
#3149=DIRECTION('',(0.,0.,1.));
#3150=DIRECTION('',(1.,0.,0.));
#3151=DIRECTION('',(0.,0.,-1.));
#3152=DIRECTION('',(1.,0.,0.));
#3153=DIRECTION('',(0.,0.,-1.));
#3154=DIRECTION('',(-1.,0.,0.));
#3155=DIRECTION('',(-0.813000679969818,0.582262736544778,0.));
#3156=DIRECTION('',(0.,0.,1.));
#3157=DIRECTION('',(0.,0.,-1.));
#3158=DIRECTION('',(0.0304732771017043,0.0425491680123839,-0.998629534754574));
#3159=DIRECTION('',(0.582262736544778,0.813000679969818,0.));
#3160=DIRECTION('',(0.,0.,1.));
#3161=DIRECTION('',(1.,0.,0.));
#3162=DIRECTION('',(0.,0.,1.));
#3163=DIRECTION('',(1.,0.,0.));
#3164=DIRECTION('',(0.,0.,-1.));
#3165=DIRECTION('',(1.,0.,0.));
#3166=DIRECTION('',(0.,0.,-1.));
#3167=DIRECTION('',(-1.,0.,0.));
#3168=DIRECTION('',(0.81300067980189,-0.582262736779253,0.));
#3169=DIRECTION('',(0.,0.,1.));
#3170=DIRECTION('',(0.,0.,-1.));
#3171=DIRECTION('',(-0.0304732771139757,-0.0425491680035953,-0.998629534754574));
#3172=DIRECTION('',(-0.582262736779253,-0.81300067980189,0.));
#3173=DIRECTION('',(0.,0.,1.));
#3174=DIRECTION('',(1.,0.,0.));
#3175=DIRECTION('',(0.,0.,1.));
#3176=DIRECTION('',(1.,0.,0.));
#3177=DIRECTION('',(0.,0.,-1.));
#3178=DIRECTION('',(1.,0.,0.));
#3179=DIRECTION('',(0.,0.,-1.));
#3180=DIRECTION('',(-1.,0.,0.));
#3181=DIRECTION('',(-0.999976816034842,-0.00680936067634361,0.));
#3182=DIRECTION('',(0.,0.,1.));
#3183=DIRECTION('',(0.,0.,-1.));
#3184=DIRECTION('',(-0.000356374402399542,0.0523347428879578,-0.998629534754574));
#3185=DIRECTION('',(-0.00680936067634386,0.999976816034842,0.));
#3186=DIRECTION('',(0.,0.,1.));
#3187=DIRECTION('',(1.,0.,0.));
#3188=DIRECTION('',(0.,0.,1.));
#3189=DIRECTION('',(1.,0.,0.));
#3190=DIRECTION('',(0.,0.,-1.));
#3191=DIRECTION('',(1.,0.,0.));
#3192=DIRECTION('',(0.,0.,-1.));
#3193=DIRECTION('',(-1.,0.,0.));
#3194=DIRECTION('',(-0.315485917088228,0.948930258827802,0.));
#3195=DIRECTION('',(0.,0.,1.));
#3196=DIRECTION('',(0.,0.,-1.));
#3197=DIRECTION('',(0.0496631725036172,0.0165112571519946,-0.998629534754574));
#3198=DIRECTION('',(0.948930258827802,0.315485917088228,0.));
#3199=DIRECTION('',(0.,0.,1.));
#3200=DIRECTION('',(1.,0.,0.));
#3201=DIRECTION('',(0.,0.,1.));
#3202=DIRECTION('',(1.,0.,0.));
#3203=DIRECTION('',(0.,0.,-1.));
#3204=DIRECTION('',(1.,0.,0.));
#3205=DIRECTION('',(0.,0.,-1.));
#3206=DIRECTION('',(-1.,0.,0.));
#3207=DIRECTION('',(0.804995796575369,0.593280513329054,0.));
#3208=DIRECTION('',(0.,0.,1.));
#3209=DIRECTION('',(0.,0.,-1.));
#3210=DIRECTION('',(0.0310499029853806,-0.0421302247853223,-0.998629534754574));
#3211=DIRECTION('',(0.593280513329054,-0.804995796575369,0.));
#3212=DIRECTION('',(0.,0.,1.));
#3213=DIRECTION('',(1.,0.,0.));
#3214=DIRECTION('',(0.,0.,1.));
#3215=DIRECTION('',(1.,0.,0.));
#3216=DIRECTION('',(0.,0.,-1.));
#3217=DIRECTION('',(1.,0.,0.));
#3218=DIRECTION('',(0.,0.,-1.));
#3219=DIRECTION('',(-1.,0.,0.));
#3220=DIRECTION('',(0.95517663892536,0.296036464732393,0.));
#3221=DIRECTION('',(0.,0.,-1.));
#3222=DIRECTION('',(0.0154933514645503,-0.0499900827790798,0.998629534754574));
#3223=DIRECTION('',(-0.296036464732393,0.955176638925359,0.));
#3224=DIRECTION('',(0.95105651634861,-0.309016994210424,0.));
#3225=DIRECTION('',(0.,0.,-1.));
#3226=DIRECTION('',(0.309016994210423,0.951056516348611,0.));
#3227=DIRECTION('',(-0.0161726998873228,-0.0497744522241875,0.998629534754574));
#3228=DIRECTION('',(0.,0.,-1.));
#3229=DIRECTION('',(-1.,0.,0.));
#3230=DIRECTION('',(0.,0.,-1.));
#3231=DIRECTION('',(-1.,0.,0.));
#3232=DIRECTION('',(0.,0.,-1.));
#3233=DIRECTION('',(1.,0.,0.));
#3234=DIRECTION('',(-0.955176639010738,-0.296036464456914,0.));
#3235=DIRECTION('',(0.,0.,-1.));
#3236=DIRECTION('',(-0.0154933514501329,0.0499900827835482,0.998629534754574));
#3237=DIRECTION('',(0.296036464456914,-0.955176639010738,0.));
#3238=DIRECTION('',(-0.951056516259488,0.309016994484715,0.));
#3239=DIRECTION('',(0.,0.,-1.));
#3240=DIRECTION('',(-0.309016994484715,-0.951056516259488,0.));
#3241=DIRECTION('',(0.0161726999016781,0.0497744522195232,0.998629534754574));
#3242=DIRECTION('',(0.,0.,-1.));
#3243=DIRECTION('',(-1.,0.,0.));
#3244=DIRECTION('',(0.,0.,-1.));
#3245=DIRECTION('',(-1.,0.,0.));
#3246=DIRECTION('',(0.,0.,-1.));
#3247=DIRECTION('',(1.,0.,0.));
#3248=DIRECTION('',(2.88406065355876E-10,-1.,0.));
#3249=DIRECTION('',(0.,0.,-1.));
#3250=DIRECTION('',(1.,2.88353019580053E-10,0.));
#3251=DIRECTION('',(-0.0523359562429438,-1.50940072166647E-11,0.998629534754574));
#3252=DIRECTION('',(0.576713222996847,-0.816946668039346,0.));
#3253=DIRECTION('',(0.,0.,-1.));
#3254=DIRECTION('',(-0.042755685071326,-0.0301828380034901,0.998629534754574));
#3255=DIRECTION('',(0.816946668039346,0.576713222996848,0.));
#3256=DIRECTION('',(0.,0.,-1.));
#3257=DIRECTION('',(-1.,0.,0.));
#3258=DIRECTION('',(0.,0.,-1.));
#3259=DIRECTION('',(-1.,0.,0.));
#3260=DIRECTION('',(0.,0.,-1.));
#3261=DIRECTION('',(1.,0.,0.));
#3262=DIRECTION('',(-0.013618405616888,-0.999907265214357,0.));
#3263=DIRECTION('',(0.,0.,-1.));
#3264=DIRECTION('',(-0.0523311028792602,0.000712732280464112,0.998629534754574));
#3265=DIRECTION('',(0.999907265214357,-0.013618405616888,0.));
#3266=DIRECTION('',(-0.587785252479178,-0.809016994239299,0.));
#3267=DIRECTION('',(0.,0.,-1.));
#3268=DIRECTION('',(0.809016994239299,-0.587785252479177,0.));
#3269=DIRECTION('',(-0.0423406780103059,0.0307623032539979,0.998629534754574));
#3270=DIRECTION('',(0.,0.,-1.));
#3271=DIRECTION('',(-1.,0.,0.));
#3272=DIRECTION('',(0.,0.,-1.));
#3273=DIRECTION('',(-1.,0.,0.));
#3274=DIRECTION('',(0.,0.,-1.));
#3275=DIRECTION('',(1.,0.,0.));
#3276=DIRECTION('',(-0.598748265687252,-0.800937272410585,0.));
#3277=DIRECTION('',(0.,0.,-1.));
#3278=DIRECTION('',(-0.0419178180422232,0.0313360630335465,0.998629534754574));
#3279=DIRECTION('',(0.800937272410585,-0.598748265687252,0.));
#3280=DIRECTION('',(-0.951056516348644,-0.309016994210322,0.));
#3281=DIRECTION('',(0.,0.,-1.));
#3282=DIRECTION('',(0.309016994210322,-0.951056516348644,0.));
#3283=DIRECTION('',(-0.0161726998873174,0.0497744522241892,0.998629534754574));
#3284=DIRECTION('',(0.,0.,-1.));
#3285=DIRECTION('',(-1.,0.,0.));
#3286=DIRECTION('',(0.,0.,-1.));
#3287=DIRECTION('',(-1.,0.,0.));
#3288=DIRECTION('',(0.,0.,-1.));
#3289=DIRECTION('',(1.,0.,0.));
#3290=DIRECTION('',(0.598748265456257,0.800937272583268,0.));
#3291=DIRECTION('',(0.,0.,-1.));
#3292=DIRECTION('',(0.0419178180512607,-0.0313360630214572,0.998629534754574));
#3293=DIRECTION('',(-0.800937272583268,0.598748265456256,0.));
#3294=DIRECTION('',(0.951056516259521,0.309016994484613,0.));
#3295=DIRECTION('',(0.,0.,-1.));
#3296=DIRECTION('',(-0.309016994484613,0.951056516259521,0.));
#3297=DIRECTION('',(0.0161726999016727,-0.0497744522195249,0.998629534754574));
#3298=DIRECTION('',(0.,0.,-1.));
#3299=DIRECTION('',(-1.,0.,0.));
#3300=DIRECTION('',(0.,0.,-1.));
#3301=DIRECTION('',(-1.,0.,0.));
#3302=DIRECTION('',(0.,0.,-1.));
#3303=DIRECTION('',(1.,0.,0.));
#3304=DIRECTION('',(0.94676000164963,-0.321940210716822,0.));
#3305=DIRECTION('',(0.,0.,-1.));
#3306=DIRECTION('',(-0.0168490487809198,-0.0495495900189045,0.998629534754574));
#3307=DIRECTION('',(0.321940210716822,0.94676000164963,0.));
#3308=DIRECTION('',(0.587785252479091,-0.809016994239362,0.));
#3309=DIRECTION('',(0.,0.,-1.));
#3310=DIRECTION('',(0.809016994239362,0.587785252479091,0.));
#3311=DIRECTION('',(-0.0423406780103092,-0.0307623032539934,0.998629534754574));
#3312=DIRECTION('',(0.,0.,-1.));
#3313=DIRECTION('',(-1.,0.,0.));
#3314=DIRECTION('',(0.,0.,-1.));
#3315=DIRECTION('',(-1.,0.,0.));
#3316=DIRECTION('',(0.,0.,-1.));
#3317=DIRECTION('',(1.,0.,0.));
#3318=DIRECTION('',(-0.94676000155678,0.321940210989875,0.));
#3319=DIRECTION('',(0.,0.,-1.));
#3320=DIRECTION('',(0.0168490487952102,0.0495495900140451,0.998629534754574));
#3321=DIRECTION('',(-0.321940210989875,-0.94676000155678,0.));
#3322=DIRECTION('',(-0.587785252245765,0.809016994408883,0.));
#3323=DIRECTION('',(0.,0.,-1.));
#3324=DIRECTION('',(-0.809016994408883,-0.587785252245765,0.));
#3325=DIRECTION('',(0.0423406780191812,0.0307623032417821,0.998629534754574));
#3326=DIRECTION('',(0.,0.,-1.));
#3327=DIRECTION('',(-1.,0.,0.));
#3328=DIRECTION('',(0.,0.,-1.));
#3329=DIRECTION('',(-1.,0.,0.));
#3330=DIRECTION('',(0.,0.,-1.));
#3331=DIRECTION('',(1.,0.,0.));
#3332=DIRECTION('',(0.,0.,-1.));
#3333=DIRECTION('',(-1.,0.,0.));
#3334=DIRECTION('',(0.,0.,-1.));
#3335=DIRECTION('',(-1.,0.,0.));
#3336=DIRECTION('',(0.,0.,-1.));
#3337=DIRECTION('',(-1.,0.,0.));
#3338=DIRECTION('',(0.,0.,-1.));
#3339=DIRECTION('',(-1.,0.,0.));
#3340=DIRECTION('',(0.,0.,-1.));
#3341=DIRECTION('',(-1.,0.,0.));
#3342=DIRECTION('',(0.,0.,-1.));
#3343=DIRECTION('',(-1.,0.,0.));
#3344=DIRECTION('',(0.,0.,-1.));
#3345=DIRECTION('',(-1.,0.,0.));
#3346=DIRECTION('',(-0.33325756561355,0.942835826091335,0.));
#3347=DIRECTION('',(-0.942835826091335,-0.33325756561355,0.));
#3348=DIRECTION('',(0.,0.,1.));
#3349=DIRECTION('',(0.,0.,1.));
#3350=DIRECTION('',(1.,0.,0.));
#3351=DIRECTION('',(0.333257652434157,0.94283579540346,0.));
#3352=DIRECTION('',(-0.94283579540346,0.333257652434157,0.));
#3353=DIRECTION('',(0.,0.,1.));
#3354=DIRECTION('',(0.,0.,1.));
#3355=DIRECTION('',(1.,0.,0.));
#3356=CARTESIAN_POINT('',(0.,0.,0.));
#3357=CARTESIAN_POINT('',(0.,4.59242549680257E-18,0.03));
#3358=CARTESIAN_POINT('',(-4.93323643738349E-17,-1.50830185856833E-16,1.43108525157962));
#3359=CARTESIAN_POINT('',(-0.0694319325630987,0.0220382437700057,0.0411089236388789));
#3360=CARTESIAN_POINT('',(-0.06926254191918,0.021984477841776,0.0445));
#3361=CARTESIAN_POINT('',(0.,4.59242549680257E-18,0.0445));
#3362=CARTESIAN_POINT('',(-0.0698214252165555,0.0201391548931589,0.0445));
#3363=CARTESIAN_POINT('',(-0.0694319325630987,0.0220382437700057,0.0411089236388789));
#3364=CARTESIAN_POINT('',(-0.0695403873904771,0.021492338559566,0.0422877993176321));
#3365=CARTESIAN_POINT('',(-0.0696731318501033,0.0208571284512167,0.0434220227107804));
#3366=CARTESIAN_POINT('',(-0.0698214252165556,0.0201391548931589,0.0445));
#3367=CARTESIAN_POINT('',(0.,4.59242549680257E-18,0.0445));
#3368=CARTESIAN_POINT('',(-0.069821198116103,-0.020139942222201,0.0445));
#3369=CARTESIAN_POINT('',(-0.0692625419191801,-0.0219844778417756,0.0445));
#3370=CARTESIAN_POINT('',(2.22625414546529E-15,-7.00926626984519E-15,1.43108525157962));
#3371=CARTESIAN_POINT('',(-0.0694319039801984,-0.0220382346975671,0.0411094958475652));
#3372=CARTESIAN_POINT('',(-0.069821198116103,-0.0201399422222011,0.0445));
#3373=CARTESIAN_POINT('',(-0.0696729027869814,-0.0208578350409539,0.043422328396609));
#3374=CARTESIAN_POINT('',(-0.0695402971084462,-0.0214925615688287,0.04228815391133));
#3375=CARTESIAN_POINT('',(-0.0694319039801985,-0.0220382346975671,0.0411094958475652));
#3376=CARTESIAN_POINT('',(0.,4.59242549680257E-18,0.06));
#3377=CARTESIAN_POINT('',(-0.0231331855330352,-0.0680299447650266,0.06));
#3378=CARTESIAN_POINT('',(-0.022204580919842,-0.0683386731200759,0.06));
#3379=CARTESIAN_POINT('',(1.18578883018943E-14,-4.02761326076895E-15,1.43108525157962));
#3380=CARTESIAN_POINT('',(-0.0233778320200737,-0.0687493998083628,0.0455));
#3381=CARTESIAN_POINT('',(0.,4.59242549680257E-18,0.0455));
#3382=CARTESIAN_POINT('',(-0.0587471299050562,-0.0426822882691093,0.0455));
#3383=CARTESIAN_POINT('',(5.98327613180278E-15,-8.2306806685031E-15,1.43108525157962));
#3384=CARTESIAN_POINT('',(-0.0581323475359076,-0.0422356227325092,0.06));
#3385=CARTESIAN_POINT('',(0.,4.59242549680257E-18,0.06));
#3386=CARTESIAN_POINT('',(-0.0587021384750194,-0.0414400361498159,0.06));
#3387=CARTESIAN_POINT('',(5.81854721275778E-15,-8.23770647047954E-15,1.43108525157962));
#3388=CARTESIAN_POINT('',(-0.0593229467047828,-0.0418782879094931,0.0455));
#3389=CARTESIAN_POINT('',(0.,4.59242549680257E-18,0.0455));
#3390=CARTESIAN_POINT('',(-0.069965562810827,-0.0194376702444791,0.0455));
#3391=CARTESIAN_POINT('',(-0.0721022987566834,-1.01025853106409E-16,0.0552914335039229));
#3392=CARTESIAN_POINT('',(-0.0721022768778444,-0.00190876916727588,0.055291850977042));
#3393=CARTESIAN_POINT('',(-0.0720057209739831,-0.00473501522703604,0.0549598769671239));
#3394=CARTESIAN_POINT('',(-0.0717057110497808,-0.00837816759199607,0.0538630780997923));
#3395=CARTESIAN_POINT('',(-0.071319916953497,-0.0118039040450588,0.0523765601285031));
#3396=CARTESIAN_POINT('',(-0.0706997232455325,-0.0157706239734561,0.0497434764096809));
#3397=CARTESIAN_POINT('',(-0.0701956537734986,-0.0183114310110525,0.0470222307689802));
#3398=CARTESIAN_POINT('',(-0.0699655628108271,-0.0194376702444791,0.0455));
#3399=CARTESIAN_POINT('',(-0.0721022987566834,-1.01025853106408E-16,0.0552914335039229));
#3400=CARTESIAN_POINT('',(-2.120834951319E-28,-3.94302646089465E-15,1.43108525157962));
#3401=CARTESIAN_POINT('',(-0.0718555332430175,-7.5994671451831E-17,0.06));
#3402=CARTESIAN_POINT('',(0.,4.59242549680257E-18,0.06));
#3403=CARTESIAN_POINT('',(-0.0718488697358272,0.000978557776795731,0.06));
#3404=CARTESIAN_POINT('',(-5.15508863504194E-17,-3.78044000280975E-15,1.43108525157962));
#3405=CARTESIAN_POINT('',(-0.0720966474909901,0.000981932427644439,0.0552716803058637));
#3406=CARTESIAN_POINT('',(-0.069965716335025,0.019437117628283,0.0455));
#3407=CARTESIAN_POINT('',(-0.0701856012656021,0.0183606140856452,0.0469556702059677));
#3408=CARTESIAN_POINT('',(-0.0706714328671424,0.0159110686818476,0.0496002831258836));
#3409=CARTESIAN_POINT('',(-0.0712644185988729,0.0121834654198184,0.0521488407151553));
#3410=CARTESIAN_POINT('',(-0.0716492207216919,0.00892736674638478,0.0536490376171842));
#3411=CARTESIAN_POINT('',(-0.0719580664114712,0.00546997589638158,0.0547914345483232));
#3412=CARTESIAN_POINT('',(-0.0720756484853485,0.00280496621978635,0.0551986042309408));
#3413=CARTESIAN_POINT('',(-0.0720966474909901,0.00098193242764444,0.0552716803058637));
#3414=CARTESIAN_POINT('',(-0.069965716335025,0.019437117628283,0.0455));
#3415=CARTESIAN_POINT('',(0.,4.59242549680257E-18,0.0455));
#3416=CARTESIAN_POINT('',(-0.0587471299050554,0.0426822882691104,0.0455));
#3417=CARTESIAN_POINT('',(2.23098298847758E-15,3.07527707608821E-15,1.43108525157962));
#3418=CARTESIAN_POINT('',(-0.0581323475359069,0.0422356227325103,0.06));
#3419=CARTESIAN_POINT('',(0.,4.59242549680257E-18,0.06));
#3420=CARTESIAN_POINT('',(-0.0575517748156765,0.0430233758926942,0.06));
#3421=CARTESIAN_POINT('',(2.36815089281519E-15,3.17243511763667E-15,1.43108525157962));
#3422=CARTESIAN_POINT('',(-0.0581604173007925,0.0434783723633553,0.0455));
#3423=CARTESIAN_POINT('',(0.,4.59242549680257E-18,0.0455));
#3424=CARTESIAN_POINT('',(-0.0224394068892409,0.0690613931399301,0.0455));
#3425=CARTESIAN_POINT('',(9.59865314245268E-15,3.12338389001122E-15,1.43108525157962));
#3426=CARTESIAN_POINT('',(-0.0222045809198369,0.0683386731200776,0.06));
#3427=CARTESIAN_POINT('',(0.,4.59242549680257E-18,0.06));
#3428=CARTESIAN_POINT('',(-0.0212718580327141,0.0686347267312579,0.06));
#3429=CARTESIAN_POINT('',(9.73634008542385E-15,3.02216172196114E-15,1.43108525157962));
#3430=CARTESIAN_POINT('',(-0.0214968199314138,0.0693605776850602,0.0455));
#3431=CARTESIAN_POINT('',(0.,4.59242549680257E-18,0.0455));
#3432=CARTESIAN_POINT('',(0.022439406869352,0.0690613931463924,0.0455));
#3433=CARTESIAN_POINT('',(1.19150005158623E-14,-3.86682592045332E-15,1.43108525157962));
#3434=CARTESIAN_POINT('',(0.0222045809001564,0.0683386731264722,0.06));
#3435=CARTESIAN_POINT('',(0.,4.59242549680257E-18,0.06));
#3436=CARTESIAN_POINT('',(0.0231331855134385,0.0680299447716903,0.06));
#3437=CARTESIAN_POINT('',(1.18611730366592E-14,-4.02873021183183E-15,1.43108525157962));
#3438=CARTESIAN_POINT('',(0.0233778320002695,0.0687493998150971,0.0455));
#3439=CARTESIAN_POINT('',(0.,4.59242549680257E-18,0.0455));
#3440=CARTESIAN_POINT('',(0.0587471298927583,0.0426822882860359,0.0455));
#3441=CARTESIAN_POINT('',(5.98735471368312E-15,-8.23629434986697E-15,1.43108525157962));
#3442=CARTESIAN_POINT('',(0.0581323475237386,0.0422356227492585,0.06));
#3443=CARTESIAN_POINT('',(0.,4.59242549680257E-18,0.06));
#3444=CARTESIAN_POINT('',(0.0587021384630794,0.0414400361667296,0.06));
#3445=CARTESIAN_POINT('',(5.81454546326756E-15,-8.23203776254675E-15,1.43108525157962));
#3446=CARTESIAN_POINT('',(0.0593229466927165,0.0418782879265857,0.0455));
#3447=CARTESIAN_POINT('',(0.,4.59242549680257E-18,0.0455));
#3448=CARTESIAN_POINT('',(0.0726154460426216,2.09368660794141E-11,0.0455));
#3449=CARTESIAN_POINT('',(1.13851723153764E-24,-3.94302646432362E-15,1.43108525157962));
#3450=CARTESIAN_POINT('',(0.0718555332430175,2.08292103204764E-11,0.06));
#3451=CARTESIAN_POINT('',(0.,4.59242549680257E-18,0.06));
#3452=CARTESIAN_POINT('',(0.0718488697355449,-0.000978557797524973,0.06));
#3453=CARTESIAN_POINT('',(-5.15479344210563E-17,-3.78022318246904E-15,1.43108525157962));
#3454=CARTESIAN_POINT('',(0.0726087120647985,-0.000988906598263447,0.0455));
#3455=CARTESIAN_POINT('',(0.,4.59242549680257E-18,0.0455));
#3456=CARTESIAN_POINT('',(0.05874712989275,-0.0426822882860474,0.0455));
#3457=CARTESIAN_POINT('',(2.23506156886842E-15,3.08089075853426E-15,1.43108525157962));
#3458=CARTESIAN_POINT('',(0.0581323475237303,-0.0422356227492699,0.06));
#3459=CARTESIAN_POINT('',(0.,4.59242549680257E-18,0.06));
#3460=CARTESIAN_POINT('',(0.057551774803273,-0.0430233759092863,0.06));
#3461=CARTESIAN_POINT('',(2.37230554441956E-15,3.17799273571062E-15,1.43108525157962));
#3462=CARTESIAN_POINT('',(0.0581604172882578,-0.0434783723801227,0.0455));
#3463=CARTESIAN_POINT('',(0.,4.59242549680257E-18,0.0455));
#3464=CARTESIAN_POINT('',(0.0224394068693424,-0.0690613931463955,0.0455));
#3465=CARTESIAN_POINT('',(9.59865314335216E-15,3.12338388724291E-15,1.43108525157962));
#3466=CARTESIAN_POINT('',(0.0222045809001468,-0.0683386731264753,0.06));
#3467=CARTESIAN_POINT('',(0.,4.59242549680257E-18,0.06));
#3468=CARTESIAN_POINT('',(0.0212718580129388,-0.0686347267373868,0.06));
#3469=CARTESIAN_POINT('',(9.73302615161535E-15,3.02113463634384E-15,1.43108525157962));
#3470=CARTESIAN_POINT('',(0.0214968199114292,-0.0693605776912539,0.0455));
#3471=CARTESIAN_POINT('',(0.,4.59242549680257E-18,0.0455));
#3472=CARTESIAN_POINT('',(-0.0224394068892461,-0.0690613931399284,0.0455));
#3473=CARTESIAN_POINT('',(1.19150005147458E-14,-3.86682592388969E-15,1.43108525157962));
#3474=CARTESIAN_POINT('',(0.,4.59242549680257E-18,0.03));
#3475=CARTESIAN_POINT('',(-0.0427542523486155,0.05969682417963,0.03));
#3476=CARTESIAN_POINT('',(-0.0435632630908563,0.0591090434696721,0.03));
#3477=CARTESIAN_POINT('',(5.82596898258713E-15,4.29832151752456E-15,1.43108525157962));
#3478=CARTESIAN_POINT('',(-0.0431124216348455,0.058497316860357,0.0445));
#3479=CARTESIAN_POINT('',(0.,4.59242549680257E-18,0.0445));
#3480=CARTESIAN_POINT('',(-0.0689567253422904,0.0229256844859568,0.0444999999999994));
#3481=CARTESIAN_POINT('',(2.18912330495378E-18,1.1176951885647E-17,1.43108525157962));
#3482=CARTESIAN_POINT('',(-0.0692469462801987,0.0230221727345022,0.038664222993395));
#3483=CARTESIAN_POINT('',(-0.0692114267345154,0.0244646821353919,0.030376156050127));
#3484=CARTESIAN_POINT('',(-0.0690667082112202,0.0244311635046052,0.0331928358109921));
#3485=CARTESIAN_POINT('',(-0.0690886141214438,0.0239406275887485,0.0360021488270989));
#3486=CARTESIAN_POINT('',(-0.0692469462801987,0.0230221727345022,0.038664222993395));
#3487=CARTESIAN_POINT('',(-0.0692114170093342,0.0244647135781812,0.030376135491231));
#3488=CARTESIAN_POINT('',(-0.0692113836870359,0.0244648070763474,0.0303761359646196));
#3489=CARTESIAN_POINT('',(-0.0691357941089894,0.0244298568446598,0.0319582695073424));
#3490=CARTESIAN_POINT('',(-0.0690873246578034,0.0240708183242907,0.0351336499764482));
#3491=CARTESIAN_POINT('',(-0.0693159652980503,0.0226416849729249,0.0398321384359058));
#3492=CARTESIAN_POINT('',(-0.0697888191296911,0.0203830491152686,0.0441213918408103));
#3493=CARTESIAN_POINT('',(-0.0704150986730276,0.0173309329384369,0.0479043334760533));
#3494=CARTESIAN_POINT('',(-0.0710651394504139,0.0136617547900441,0.0509513553634434));
#3495=CARTESIAN_POINT('',(-0.0718282408933454,0.00803697638907159,0.0539903726908762));
#3496=CARTESIAN_POINT('',(-0.0722119153364908,0.00168841191035506,0.0552734178334856));
#3497=CARTESIAN_POINT('',(-0.0720308667037221,-0.00474082757062527,0.0546560535805761));
#3498=CARTESIAN_POINT('',(-0.0716527773813444,-0.00929227085526122,0.0532922218634167));
#3499=CARTESIAN_POINT('',(-0.0710839647898286,-0.0135461444734477,0.0510311056317355));
#3500=CARTESIAN_POINT('',(-0.0704350019886612,-0.0172279472443057,0.0480050083162925));
#3501=CARTESIAN_POINT('',(-0.0698061260492794,-0.02030101140676,0.0442494144608063));
#3502=CARTESIAN_POINT('',(-0.0693273092689491,-0.0225853438967159,0.0399639848386932));
#3503=CARTESIAN_POINT('',(-0.0690888073510574,-0.0240414280966546,0.0352944503524166));
#3504=CARTESIAN_POINT('',(-0.0691334987750915,-0.0244288539383989,0.032005940932309));
#3505=CARTESIAN_POINT('',(-0.0692112941268968,-0.0244647923755453,0.0303778406623893));
#3506=CARTESIAN_POINT('',(-0.0692113283808635,-0.024464696224278,0.0303778401767148));
#3507=CARTESIAN_POINT('',(-0.0692469000066751,-0.0230221573501836,0.0386651534637045));
#3508=CARTESIAN_POINT('',(-0.069088615863505,-0.0239404312610564,0.0360032991434883));
#3509=CARTESIAN_POINT('',(-0.0690666247021248,-0.0244311742053501,0.0331942700636597));
#3510=CARTESIAN_POINT('',(-0.069211338455565,-0.0244646639050741,0.0303778601442658));
#3511=CARTESIAN_POINT('',(-0.0692469000066751,-0.0230221573501836,0.0386651534637045));
#3512=CARTESIAN_POINT('',(2.36425316934931E-15,-7.10669607445548E-15,1.43108525157962));
#3513=CARTESIAN_POINT('',(-0.0689567253422905,-0.0229256844859565,0.0445));
#3514=CARTESIAN_POINT('',(0.,4.59242549680257E-18,0.0445));
#3515=CARTESIAN_POINT('',(-0.043112421634848,-0.0584973168603552,0.0445));
#3516=CARTESIAN_POINT('',(9.5963707690162E-15,-7.06791628026039E-15,1.43108525157962));
#3517=CARTESIAN_POINT('',(-0.043563263090859,-0.0591090434696702,0.03));
#3518=CARTESIAN_POINT('',(0.,4.59242549680257E-18,0.03));
#3519=CARTESIAN_POINT('',(-0.0427542523486182,-0.0596968241796281,0.0299999999999996));
#3520=CARTESIAN_POINT('',(9.73128642013834E-15,-6.96485496137777E-15,1.43108525157962));
#3521=CARTESIAN_POINT('',(-0.0423117834422071,-0.0590790145569598,0.0445));
#3522=CARTESIAN_POINT('',(0.,4.59242549680257E-18,0.0445));
#3523=CARTESIAN_POINT('',(-0.00049482162624512,-0.0726661690929136,0.0445));
#3524=CARTESIAN_POINT('',(1.19195507556666E-14,-7.65739764588422E-17,1.43108525157962));
#3525=CARTESIAN_POINT('',(-0.000499996146580277,-0.0734260642747258,0.03));
#3526=CARTESIAN_POINT('',(0.,4.59242549680257E-18,0.03));
#3527=CARTESIAN_POINT('',(0.000499996125419533,-0.0734260642748699,0.0299999999999996));
#3528=CARTESIAN_POINT('',(1.18657755746854E-14,8.53926409365149E-17,1.43108525157962));
#3529=CARTESIAN_POINT('',(0.000494821605303617,-0.0726661690930562,0.0445));
#3530=CARTESIAN_POINT('',(0.,4.59242549680257E-18,0.0445));
#3531=CARTESIAN_POINT('',(0.0423117834251777,-0.0590790145691561,0.0445));
#3532=CARTESIAN_POINT('',(5.99108764076659E-15,4.2953478584702E-15,1.43108525157962));
#3533=CARTESIAN_POINT('',(0.0427542523314105,-0.059696824191952,0.03));
#3534=CARTESIAN_POINT('',(0.,4.59242549680257E-18,0.03));
#3535=CARTESIAN_POINT('',(0.0435632630738205,-0.0591090434822275,0.0299999999999996));
#3536=CARTESIAN_POINT('',(5.82038320339994E-15,4.29420480530706E-15,1.43108525157962));
#3537=CARTESIAN_POINT('',(0.0431124216179861,-0.0584973168727824,0.0445));
#3538=CARTESIAN_POINT('',(0.,4.59242549680257E-18,0.0445));
#3539=CARTESIAN_POINT('',(0.0689567253356784,-0.0229256845058444,0.0445));
#3540=CARTESIAN_POINT('',(2.1891233068528E-18,1.11769518850157E-17,1.43108525157962));
#3541=CARTESIAN_POINT('',(0.0696778295852933,-0.0231654262923346,0.03));
#3542=CARTESIAN_POINT('',(0.,4.59242549680257E-18,0.03));
#3543=CARTESIAN_POINT('',(0.0699868441918317,-0.0222143771258847,0.0299999999999996));
#3544=CARTESIAN_POINT('',(-4.93323644186598E-17,-1.50830185842606E-16,1.43108525157962));
#3545=CARTESIAN_POINT('',(0.0692625419128394,-0.0219844778617521,0.0445));
#3546=CARTESIAN_POINT('',(0.,4.59242549680257E-18,0.0445));
#3547=CARTESIAN_POINT('',(0.0692625419128441,0.0219844778617374,0.0445));
#3548=CARTESIAN_POINT('',(2.22625414748813E-15,-7.00926626920313E-15,1.43108525157962));
#3549=CARTESIAN_POINT('',(0.0699868441918363,0.02221437712587,0.03));
#3550=CARTESIAN_POINT('',(0.,4.59242549680257E-18,0.03));
#3551=CARTESIAN_POINT('',(0.0696778295852981,0.02316542629232,0.0299999999999996));
#3552=CARTESIAN_POINT('',(2.36425317140026E-15,-7.10669607377361E-15,1.43108525157962));
#3553=CARTESIAN_POINT('',(0.0689567253356833,0.0229256845058298,0.0445));
#3554=CARTESIAN_POINT('',(0.,4.59242549680257E-18,0.0445));
#3555=CARTESIAN_POINT('',(0.0431124216179962,0.058497316872775,0.0445));
#3556=CARTESIAN_POINT('',(9.59078499063042E-15,-7.06379956695549E-15,1.43108525157962));
#3557=CARTESIAN_POINT('',(0.0435632630738307,0.05910904348222,0.03));
#3558=CARTESIAN_POINT('',(0.,4.59242549680257E-18,0.03));
#3559=CARTESIAN_POINT('',(0.0427542523314207,0.0596968241919448,0.0299999999999996));
#3560=CARTESIAN_POINT('',(9.73128642214838E-15,-6.9648549585712E-15,1.43108525157962));
#3561=CARTESIAN_POINT('',(0.0423117834251878,0.0590790145691489,0.0445));
#3562=CARTESIAN_POINT('',(0.,4.59242549680257E-18,0.0445));
#3563=CARTESIAN_POINT('',(0.000494821605311498,0.0726661690930561,0.0445));
#3564=CARTESIAN_POINT('',(1.191955075569E-14,-7.65739730211582E-17,1.43108525157962));
#3565=CARTESIAN_POINT('',(0.000499996125427512,0.0734260642748698,0.03));
#3566=CARTESIAN_POINT('',(0.,4.59242549680257E-18,0.03));
#3567=CARTESIAN_POINT('',(-0.00049999614657239,0.0734260642747258,0.0299999999999996));
#3568=CARTESIAN_POINT('',(1.18658839923658E-14,8.53933826310483E-17,1.43108525157962));
#3569=CARTESIAN_POINT('',(-0.000494821626237307,0.0726661690929137,0.0445));
#3570=CARTESIAN_POINT('',(0.,4.59242549680257E-18,0.0445));
#3571=CARTESIAN_POINT('',(-0.0423117834422045,0.0590790145569617,0.0445));
#3572=CARTESIAN_POINT('',(5.99672896499006E-15,4.29938811955278E-15,1.43108525157962));
#3573=CARTESIAN_POINT('',(0.,0.,0.03));
#3574=CARTESIAN_POINT('',(-0.0717352804528544,0.0232337956915104,0.03));
#3575=CARTESIAN_POINT('',(-0.0709003202704913,0.0236460348983657,0.03));
#3576=CARTESIAN_POINT('',(-0.0700653359169184,0.0240582251473498,0.03));
#3577=CARTESIAN_POINT('',(-0.0692303267486438,0.0244703651222277,0.03));
#3578=CARTESIAN_POINT('',(-0.0717352929579723,0.0232338210197067,0.03));
#3579=CARTESIAN_POINT('',(-0.0692223008219121,0.0244675282591835,0.03));
#3580=CARTESIAN_POINT('',(-0.0711056382823436,0.0251332185353295,0.03));
#3581=CARTESIAN_POINT('',(-0.0711056010931727,0.0251333237533566,0.03));
#3582=CARTESIAN_POINT('',(0.,4.59242549680257E-18,0.03));
#3583=CARTESIAN_POINT('',(-0.0447433050421459,0.0607101896200264,0.03));
#3584=CARTESIAN_POINT('',(-0.0465296656586699,0.0631340224517035,0.03));
#3585=CARTESIAN_POINT('',(-0.0427542523486169,0.059696824179632,0.03));
#3586=CARTESIAN_POINT('',(-0.043917181880485,0.0613205971608816,0.03));
#3587=CARTESIAN_POINT('',(2.97071395261029E-17,-6.93889390390723E-18,0.03));
#3588=CARTESIAN_POINT('',(-0.000513596203940777,0.0754232770398503,0.03));
#3589=CARTESIAN_POINT('',(-0.000499996146572448,0.0734260642747343,0.0299999999999996));
#3590=CARTESIAN_POINT('',(0.000499996125427536,0.0734260642748785,0.03));
#3591=CARTESIAN_POINT('',(0.000513596182220069,0.0754232770399982,0.03));
#3592=CARTESIAN_POINT('',(-1.59919820441612E-17,-2.77555756156289E-17,0.03));
#3593=CARTESIAN_POINT('',(0.043917181862822,0.0613205971735316,0.03));
#3594=CARTESIAN_POINT('',(0.0427542523314301,0.059696824191958,0.0299999999999996));
#3595=CARTESIAN_POINT('',(0.0435632630738404,0.0591090434822332,0.03));
#3596=CARTESIAN_POINT('',(0.0447481979598403,0.0607168286378468,0.03));
#3597=CARTESIAN_POINT('',(6.93889390390723E-18,2.08166817117217E-17,0.03));
#3598=CARTESIAN_POINT('',(0.0715730891510736,0.0237955334015269,0.03));
#3599=CARTESIAN_POINT('',(0.0696778295853195,0.0231654262923271,0.0299999999999996));
#3600=CARTESIAN_POINT('',(0.0699868441918579,0.0222143771258769,0.03));
#3601=CARTESIAN_POINT('',(0.0718905090551432,0.0228186153892624,0.03));
#3602=CARTESIAN_POINT('',(9.0205620750794E-17,-2.42861286636753E-17,0.03));
#3603=CARTESIAN_POINT('',(0.0718905090551385,-0.0228186153892772,0.03));
#3604=CARTESIAN_POINT('',(0.0699868441918556,-0.0222143771258923,0.0299999999999996));
#3605=CARTESIAN_POINT('',(0.069677829585317,-0.0231654262923425,0.03));
#3606=CARTESIAN_POINT('',(0.0715730891510687,-0.0237955334015416,0.03));
#3607=CARTESIAN_POINT('',(-2.77555756156289E-17,2.25514051876985E-17,0.03));
#3608=CARTESIAN_POINT('',(0.0447481979598301,-0.0607168286378544,0.03));
#3609=CARTESIAN_POINT('',(0.043563263073834,-0.0591090434822458,0.0299999999999996));
#3610=CARTESIAN_POINT('',(0.0427542523314237,-0.0596968241919705,0.03));
#3611=CARTESIAN_POINT('',(0.0439171818628117,-0.061320597173539,0.03));
#3612=CARTESIAN_POINT('',(-3.18213337624495E-17,2.77555756156289E-17,0.03));
#3613=CARTESIAN_POINT('',(0.000513596182211909,-0.0754232770399983,0.03));
#3614=CARTESIAN_POINT('',(0.000499996125419645,-0.0734260642748864,0.0299999999999996));
#3615=CARTESIAN_POINT('',(-0.000499996146580388,-0.0734260642747421,0.03));
#3616=CARTESIAN_POINT('',(-0.000513596203948879,-0.0754232770398502,0.03));
#3617=CARTESIAN_POINT('',(2.87313575708658E-17,-4.5102810375397E-17,0.03));
#3618=CARTESIAN_POINT('',(-0.0439171818804878,-0.0613205971608795,0.03));
#3619=CARTESIAN_POINT('',(-0.0427542523486233,-0.0596968241796352,0.0299999999999996));
#3620=CARTESIAN_POINT('',(-0.0465296656586729,-0.0631340224517013,0.03));
#3621=CARTESIAN_POINT('',(-0.0447433050421486,-0.0607101896200244,0.03));
#3622=CARTESIAN_POINT('',(0.,4.59242549680257E-18,0.03));
#3623=CARTESIAN_POINT('',(-0.0711056030090951,-0.0251333183329152,0.03));
#3624=CARTESIAN_POINT('',(-0.0692179878648505,-0.0244659966180383,0.03));
#3625=CARTESIAN_POINT('',(-0.069222331394368,-0.0244675318949478,0.03));
#3626=CARTESIAN_POINT('',(-0.0692303290007517,-0.0244703587500863,0.03));
#3627=CARTESIAN_POINT('',(-0.0700653360920664,-0.0240582175226885,0.03));
#3628=CARTESIAN_POINT('',(-0.0709003206310194,-0.023646030604475,0.03));
#3629=CARTESIAN_POINT('',(-0.0717352803898392,-0.0232337934942881,0.03));
#3630=CARTESIAN_POINT('',(-0.0717352933403012,-0.0232338197246162,0.0300000004775863));
#3631=CARTESIAN_POINT('',(-0.0717605114789772,-0.0232420116451593,0.03));
#3632=CARTESIAN_POINT('',(-0.0717521012427071,-0.0232392939715165,0.03));
#3633=CARTESIAN_POINT('',(-0.0717436910114949,-0.0232365762822209,0.03));
#3634=CARTESIAN_POINT('',(-0.0717352807853362,-0.0232338585772871,0.03));
#3635=CARTESIAN_POINT('',(-0.0717605109654405,-0.023242012410192,0.0300000000245322));
#3636=CARTESIAN_POINT('',(0.,4.59242549680257E-18,0.03));
#3637=CARTESIAN_POINT('',(-0.0729195503814536,-0.0193002903911675,0.03));
#3638=CARTESIAN_POINT('',(-0.0709832265645453,-0.0187887896257279,0.0300000000095868));
#3639=CARTESIAN_POINT('',(-0.0716286409649396,-0.0189593916575485,0.0300000000095868));
#3640=CARTESIAN_POINT('',(-0.0722740816093372,-0.0191298943985339,0.03));
#3641=CARTESIAN_POINT('',(-0.0729195504926455,-0.0193002901797224,0.03));
#3642=CARTESIAN_POINT('',(-0.0709832255239113,-0.01878878935015,0.03));
#3643=CARTESIAN_POINT('',(0.,4.59242549680257E-18,0.03));
#3644=CARTESIAN_POINT('',(-0.0709832266209731,0.0187887894144723,0.03));
#3645=CARTESIAN_POINT('',(-0.0729195504954032,0.019300290169407,0.0300000000094259));
#3646=CARTESIAN_POINT('',(-0.0722740816187609,0.0191298943628066,0.0300000000094259));
#3647=CARTESIAN_POINT('',(-0.0716286409935731,0.0189593915515431,0.03));
#3648=CARTESIAN_POINT('',(-0.0709832266209731,0.0187887894144723,0.03));
#3649=CARTESIAN_POINT('',(-0.0729195504395219,0.0193002902774954,0.0300000000028867));
#3650=CARTESIAN_POINT('',(0.,4.59242549680257E-18,0.03));
#3651=CARTESIAN_POINT('',(-0.0717605104570308,0.0232420131650233,0.03));
#3652=CARTESIAN_POINT('',(-0.0717352808345504,0.0232338585075844,0.03));
#3653=CARTESIAN_POINT('',(-0.0717436908921928,0.0232365761589183,0.03));
#3654=CARTESIAN_POINT('',(-0.0717521009548901,0.0232392937946091,0.03));
#3655=CARTESIAN_POINT('',(-0.071760511022647,0.0232420114146423,0.03));
#3656=CARTESIAN_POINT('',(-0.027,-0.019,0.03));
#3657=CARTESIAN_POINT('',(-0.008,-0.019,0.03));
#3658=CARTESIAN_POINT('',(-0.046,-0.019,0.03));
#3659=CARTESIAN_POINT('',(-0.008,0.00784782608695653,0.03));
#3660=CARTESIAN_POINT('',(-0.008,0.019,0.03));
#3661=CARTESIAN_POINT('',(-0.0394634914772318,0.019,0.03));
#3662=CARTESIAN_POINT('',(-0.046,0.019,0.03));
#3663=CARTESIAN_POINT('',(-0.046,0.,0.03));
#3664=CARTESIAN_POINT('',(0.0586277666215088,2.60208521396521E-18,0.03));
#3665=CARTESIAN_POINT('',(0.0586277666215088,0.0052,0.03));
#3666=CARTESIAN_POINT('',(0.0586277666215088,-0.0052,0.03));
#3667=CARTESIAN_POINT('',(0.0534277666215088,0.0052,0.03));
#3668=CARTESIAN_POINT('',(0.0482277666215088,0.0052,0.03));
#3669=CARTESIAN_POINT('',(0.0482277666215088,2.60208521396521E-18,0.03));
#3670=CARTESIAN_POINT('',(0.0482277666215088,-0.0052,0.03));
#3671=CARTESIAN_POINT('',(0.0534277666215088,-0.0052,0.03));
#3672=CARTESIAN_POINT('',(0.0699868441918579,0.0222143771258769,0.03725));
#3673=CARTESIAN_POINT('',(2.22625414748813E-15,-7.00926626920313E-15,1.46929989679821));
#3674=CARTESIAN_POINT('',(0.0718905090551432,0.0228186153892624,0.0301046719124859));
#3675=CARTESIAN_POINT('',(0.0711714353350999,0.022590375711037,0.0445));
#3676=CARTESIAN_POINT('',(0.0718905090551432,0.0228186153892624,0.055));
#3677=CARTESIAN_POINT('',(0.0699868441918579,0.0222143771258769,0.0445));
#3678=CARTESIAN_POINT('',(0.0427542523314237,-0.0596968241919705,0.03725));
#3679=CARTESIAN_POINT('',(5.99108764076659E-15,4.2953478584702E-15,1.46929989679821));
#3680=CARTESIAN_POINT('',(0.0439171818628117,-0.061320597173539,0.0301046719124859));
#3681=CARTESIAN_POINT('',(0.0434779070301396,-0.0607072473655548,0.0445));
#3682=CARTESIAN_POINT('',(0.0439171818628117,-0.061320597173539,0.055));
#3683=CARTESIAN_POINT('',(0.0427542523314237,-0.0596968241919705,0.0445));
#3684=CARTESIAN_POINT('',(0.000499996125427571,0.0734260642748785,0.03725));
#3685=CARTESIAN_POINT('',(1.191955075569E-14,-7.65739730211582E-17,1.46929989679821));
#3686=CARTESIAN_POINT('',(0.000513596182220104,0.0754232770399982,0.0301046719124859));
#3687=CARTESIAN_POINT('',(0.000508459015684571,0.0746688673534927,0.0445));
#3688=CARTESIAN_POINT('',(0.000513596182220069,0.0754232770399982,0.055));
#3689=CARTESIAN_POINT('',(0.000499996125427536,0.0734260642748785,0.0445));
#3690=CARTESIAN_POINT('',(-0.000499996146580388,-0.0734260642747421,0.03725));
#3691=CARTESIAN_POINT('',(1.19195507556666E-14,-7.65739764588422E-17,1.46929989679821));
#3692=CARTESIAN_POINT('',(-0.000513596203948879,-0.0754232770398503,0.0301046719124859));
#3693=CARTESIAN_POINT('',(-0.000508459037195769,-0.0746688673533462,0.0445));
#3694=CARTESIAN_POINT('',(-0.000513596203948879,-0.0754232770398502,0.055));
#3695=CARTESIAN_POINT('',(-0.000499996146580388,-0.0734260642747421,0.0445));
#3696=CARTESIAN_POINT('',(-0.0427542523486169,0.059696824179632,0.03725));
#3697=CARTESIAN_POINT('',(5.99672896499006E-15,4.29938811955278E-15,1.46929989679821));
#3698=CARTESIAN_POINT('',(-0.043917181880485,0.0613205971608816,0.0301046719124859));
#3699=CARTESIAN_POINT('',(-0.043477907047636,0.0607072473530241,0.0445));
#3700=CARTESIAN_POINT('',(-0.043917181880485,0.0613205971608816,0.055));
#3701=CARTESIAN_POINT('',(-0.0427542523486169,0.059696824179632,0.0445));
#3702=CARTESIAN_POINT('',(0.0435632630738404,0.0591090434822332,0.03725));
#3703=CARTESIAN_POINT('',(9.59078499063042E-15,-7.06379956695549E-15,1.46929989679821));
#3704=CARTESIAN_POINT('',(0.0447481979598404,0.0607168286378468,0.0301046719124859));
#3705=CARTESIAN_POINT('',(0.0443006110169307,0.0601095179314451,0.0445));
#3706=CARTESIAN_POINT('',(0.0447481979598403,0.0607168286378468,0.055));
#3707=CARTESIAN_POINT('',(0.0435632630738404,0.0591090434822332,0.0445));
#3708=CARTESIAN_POINT('',(0.069677829585317,-0.0231654262923425,0.03725));
#3709=CARTESIAN_POINT('',(2.1891233068528E-18,1.11769518850157E-17,1.46929989679821));
#3710=CARTESIAN_POINT('',(0.0715730891510687,-0.0237955334015416,0.0301046719124859));
#3711=CARTESIAN_POINT('',(0.07085719037462,-0.0235575222516924,0.0445));
#3712=CARTESIAN_POINT('',(0.0715730891510687,-0.0237955334015416,0.055));
#3713=CARTESIAN_POINT('',(0.069677829585317,-0.0231654262923425,0.0445));
#3714=CARTESIAN_POINT('',(-0.0742210437604969,0.000299484612204138,0.0530663534476416));
#3715=CARTESIAN_POINT('',(-0.0742213851914361,0.000199663814640031,0.0530676067038712));
#3716=CARTESIAN_POINT('',(-0.0742215563911934,9.98336800587964E-5,0.0530682340472983));
#3717=CARTESIAN_POINT('',(-0.0742215558942599,-0.00154700251037883,0.0530682447603331));
#3718=CARTESIAN_POINT('',(-0.0741804402350481,-0.0030938358088832,0.0529177174915941));
#3719=CARTESIAN_POINT('',(-0.074023403611525,-0.0061224736527128,0.0523215456011268));
#3720=CARTESIAN_POINT('',(-0.0739075734894924,-0.00760398219807685,0.0518760260754778));
#3721=CARTESIAN_POINT('',(-0.073622231441461,-0.0104411208405889,0.0507077612068557));
#3722=CARTESIAN_POINT('',(-0.0734528894824955,-0.0117964996757065,0.0499851586553643));
#3723=CARTESIAN_POINT('',(-0.0730915850767362,-0.0143288171986236,0.0482917653403237));
#3724=CARTESIAN_POINT('',(-0.0728998467735208,-0.015505520551701,0.0473210787326274));
#3725=CARTESIAN_POINT('',(-0.072529401247934,-0.0176382409385508,0.0451702981812764));
#3726=CARTESIAN_POINT('',(-0.0723509140459708,-0.018594114832895,0.0439903653024256));
#3727=CARTESIAN_POINT('',(-0.0720413228467831,-0.0202536984138855,0.0414676882858933));
#3728=CARTESIAN_POINT('',(-0.0719103767517846,-0.0209574115945384,0.0401252449367945));
#3729=CARTESIAN_POINT('',(-0.0717234009027723,-0.0220914780314899,0.0373302233646057));
#3730=CARTESIAN_POINT('',(-0.0716674702551497,-0.0225218349700391,0.0358781597243206));
#3731=CARTESIAN_POINT('',(-0.0716470329302173,-0.0230971651132347,0.0329199452466149));
#3732=CARTESIAN_POINT('',(-0.0716825468100382,-0.0232420296761389,0.031415166679579));
#3733=CARTESIAN_POINT('',(-0.0717653298301544,-0.0232421880896547,0.0299114864005249));
#3734=CARTESIAN_POINT('',(-0.0741942968165465,0.000299376687353485,0.0530649516881605));
#3735=CARTESIAN_POINT('',(-0.0741946381007401,0.000199591861962753,0.0530662049443901));
#3736=CARTESIAN_POINT('',(-0.0741948092269323,9.97977030735324E-5,0.0530668322878172));
#3737=CARTESIAN_POINT('',(-0.0741948087299755,-0.00154644501829313,0.053066843000852));
#3738=CARTESIAN_POINT('',(-0.0741537107357209,-0.00309272088943326,0.052916315732113));
#3739=CARTESIAN_POINT('',(-0.0739967419195684,-0.00612026834963259,0.0523201438416457));
#3740=CARTESIAN_POINT('',(-0.0738809619027821,-0.00760124405193901,0.0518746243159967));
#3741=CARTESIAN_POINT('',(-0.0735957444277989,-0.0104373642332403,0.0507063594473746));
#3742=CARTESIAN_POINT('',(-0.0734264768694486,-0.0117922575449128,0.0499837568958832));
#3743=CARTESIAN_POINT('',(-0.0730653337045218,-0.014323670621266,0.0482903635808426));
#3744=CARTESIAN_POINT('',(-0.0728736821557576,-0.0154999551371852,0.0473196769731463));
#3745=CARTESIAN_POINT('',(-0.0725034089018955,-0.0176319196246964,0.0451688964217953));
#3746=CARTESIAN_POINT('',(-0.0723250071333775,-0.0185874565063873,0.0439889635429445));
#3747=CARTESIAN_POINT('',(-0.0720155723669175,-0.0202464586474053,0.0414662865264122));
#3748=CARTESIAN_POINT('',(-0.071884697209341,-0.0209499273946432,0.0401238431773134));
#3749=CARTESIAN_POINT('',(-0.0716978381233091,-0.0220836042487714,0.0373288216051246));
#3750=CARTESIAN_POINT('',(-0.0716419532588256,-0.0225138160289327,0.0358767579648394));
#3751=CARTESIAN_POINT('',(-0.0716215757476422,-0.0230889582640703,0.0329185434871338));
#3752=CARTESIAN_POINT('',(-0.0716571036305177,-0.0232337801026439,0.0314137649094141));
#3753=CARTESIAN_POINT('',(-0.0717398838800581,-0.0232339470690999,0.0299100846410438));
#3754=CARTESIAN_POINT('',(-0.0717352807850309,-0.0232338585761538,0.0299999999230143));
#3755=CARTESIAN_POINT('',(-0.0716810230095508,-0.0232298687211139,0.03100767959907));
#3756=CARTESIAN_POINT('',(-0.0716009908651077,-0.0230933493293169,0.0332784064353475));
#3757=CARTESIAN_POINT('',(-0.0716721209160402,-0.0221769637309671,0.0373627303113293));
#3758=CARTESIAN_POINT('',(-0.0719710416921073,-0.0205109755764943,0.0411437479627857));
#3759=CARTESIAN_POINT('',(-0.072314193748904,-0.0187039570633763,0.0438119493950947));
#3760=CARTESIAN_POINT('',(-0.0725123788708368,-0.0176294888592277,0.0451130381337115));
#3761=CARTESIAN_POINT('',(-0.0726335684975793,-0.0169553113444917,0.0458509569558413));
#3762=CARTESIAN_POINT('',(-0.0727235150014956,-0.0164457105148471,0.0463750775894859));
#3763=CARTESIAN_POINT('',(-0.0728307217925748,-0.0158226809336977,0.0469713695952685));
#3764=CARTESIAN_POINT('',(-0.07296134988196,-0.015039806297217,0.0476656877505584));
#3765=CARTESIAN_POINT('',(-0.073177618030309,-0.0136817380712255,0.0487515224496173));
#3766=CARTESIAN_POINT('',(-0.0733806217086832,-0.012254076115458,0.0496783236315414));
#3767=CARTESIAN_POINT('',(-0.0735394660024533,-0.0110072831834315,0.0503700398070774));
#3768=CARTESIAN_POINT('',(-0.0736213062631707,-0.0103146328112019,0.0507158700550833));
#3769=CARTESIAN_POINT('',(-0.0736771544294288,-0.00981648108192251,0.0509482157819107));
#3770=CARTESIAN_POINT('',(-0.0737143152146205,-0.00947322323093707,0.0511013032373027));
#3771=CARTESIAN_POINT('',(-0.0737420051232144,-0.00920841543008311,0.0512144103355013));
#3772=CARTESIAN_POINT('',(-0.073758834391924,-0.00904391247016378,0.05128282484378));
#3773=CARTESIAN_POINT('',(-0.0737690933138096,-0.00894222534596485,0.0513244119193057));
#3774=CARTESIAN_POINT('',(-0.0737733033246933,-0.00890050388347979,0.0513414795402159));
#3775=CARTESIAN_POINT('',(-0.0737896311659039,-0.00873616170496277,0.0514074682514676));
#3776=CARTESIAN_POINT('',(-0.0738068103627371,-0.00855987926165312,0.0514766295202023));
#3777=CARTESIAN_POINT('',(-0.0738381177051117,-0.00823164237769432,0.0516021477110354));
#3778=CARTESIAN_POINT('',(-0.0738796141961713,-0.00777382836226273,0.0517669636563087));
#3779=CARTESIAN_POINT('',(-0.0739263334895092,-0.0072219288526083,0.05195051760199));
#3780=CARTESIAN_POINT('',(-0.07398380922438,-0.00648967006067431,0.052173996618867));
#3781=CARTESIAN_POINT('',(-0.0740339904398227,-0.00576815918399018,0.0523662943143874));
#3782=CARTESIAN_POINT('',(-0.0740778462484417,-0.0050383797685115,0.0525325972083794));
#3783=CARTESIAN_POINT('',(-0.0741052402816737,-0.00453753140583841,0.0526359308601533));
#3784=CARTESIAN_POINT('',(-0.0741367165096545,-0.00388005381883962,0.0527540861701549));
#3785=CARTESIAN_POINT('',(-0.0741599388453027,-0.00330628472128853,0.052840739846503));
#3786=CARTESIAN_POINT('',(-0.074179274673397,-0.00273959821472816,0.05291256173873));
#3787=CARTESIAN_POINT('',(-0.0741932113969993,-0.00225121432846377,0.0529641059083879));
#3788=CARTESIAN_POINT('',(-0.074206918170218,-0.00163699633776083,0.0530145957936836));
#3789=CARTESIAN_POINT('',(-0.0742183094139694,-0.000897432683600118,0.0530563356978775));
#3790=CARTESIAN_POINT('',(-0.0742218612412204,-0.000308507328615428,0.0530693535737806));
#3791=CARTESIAN_POINT('',(-0.0742215226137273,7.68116948275041E-5,0.0530681105499301));
#3792=CARTESIAN_POINT('',(-0.0742215227647705,7.68116961272226E-5,0.0530681108956031));
#3793=CARTESIAN_POINT('',(-0.074221523066857,7.68116986009954E-5,0.0530681115869496));
#3794=CARTESIAN_POINT('',(-0.0742242052509181,-0.00301599905948571,0.0530780062826815));
#3795=CARTESIAN_POINT('',(-0.0738853296668933,-0.00920262849943717,0.0518821191906249));
#3796=CARTESIAN_POINT('',(-0.0726987743448126,-0.0169596693788369,0.0467282416166391));
#3797=CARTESIAN_POINT('',(-0.0716676276288263,-0.022042330169666,0.0390283777793438));
#3798=CARTESIAN_POINT('',(-0.0715985366322865,-0.0232304392192068,0.0330083197999793));
#3799=CARTESIAN_POINT('',(-0.0717605104537524,-0.0232420131751584,0.029999999999925));
#3800=CARTESIAN_POINT('',(0.033212135987685,0.0401366459865945,0.090002));
#3801=CARTESIAN_POINT('',(0.033212135987685,0.0401366459865945,0.0898));
#3802=CARTESIAN_POINT('',(0.0367547278326587,0.0436651078356054,0.0898));
#3803=CARTESIAN_POINT('',(0.0296695441427113,0.0366081841375837,0.0898));
#3804=CARTESIAN_POINT('',(0.0367547278326587,0.0436651078356054,0.090002));
#3805=CARTESIAN_POINT('',(0.0367547278326587,0.0436651078356054,0.06));
#3806=CARTESIAN_POINT('',(0.033212135987685,0.0401366459865945,0.06));
#3807=CARTESIAN_POINT('',(0.0296695441427113,0.0366081841375837,0.06));
#3808=CARTESIAN_POINT('',(0.0296695441427113,0.0366081841375837,0.090002));
#3809=CARTESIAN_POINT('',(0.0331980059917222,0.0330655922926099,0.090002));
#3810=CARTESIAN_POINT('',(0.0331980059917222,0.0330655922926099,0.0898));
#3811=CARTESIAN_POINT('',(0.0367264678407331,0.0295230004476361,0.0898));
#3812=CARTESIAN_POINT('',(0.0331980059917222,0.0330655922926099,0.06));
#3813=CARTESIAN_POINT('',(0.0367264678407331,0.0295230004476361,0.06));
#3814=CARTESIAN_POINT('',(0.0367264678407331,0.0295230004476361,0.090002));
#3815=CARTESIAN_POINT('',(0.0402690596857068,0.033051462296647,0.090002));
#3816=CARTESIAN_POINT('',(0.0402690596857068,0.033051462296647,0.0898));
#3817=CARTESIAN_POINT('',(0.0438116515306805,0.036579924145658,0.0898));
#3818=CARTESIAN_POINT('',(0.0402690596857068,0.033051462296647,0.06));
#3819=CARTESIAN_POINT('',(0.0438116515306805,0.036579924145658,0.06));
#3820=CARTESIAN_POINT('',(0.0438116515306805,0.036579924145658,0.090002));
#3821=CARTESIAN_POINT('',(0.0402831896816696,0.0401225159906317,0.090002));
#3822=CARTESIAN_POINT('',(0.0402831896816696,0.0401225159906317,0.0898));
#3823=CARTESIAN_POINT('',(0.0402831896816696,0.0401225159906317,0.06));
#3824=CARTESIAN_POINT('',(-0.0729211027250768,0.0193003102133453,0.0299712687423867));
#3825=CARTESIAN_POINT('',(-0.0728537512955405,0.0193003807218249,0.0312132876754143));
#3826=CARTESIAN_POINT('',(-0.0728188247055964,0.0191789310998073,0.0324562777320797));
#3827=CARTESIAN_POINT('',(-0.0728119979051615,0.0186966311426397,0.0348987523338019));
#3828=CARTESIAN_POINT('',(-0.0728400818003516,0.0183358753460615,0.0360972972447532));
#3829=CARTESIAN_POINT('',(-0.0729483015577068,0.0173862916854588,0.0384037980271501));
#3830=CARTESIAN_POINT('',(-0.0730283567460588,0.0167975452285732,0.0395112746852316));
#3831=CARTESIAN_POINT('',(-0.0732219918007948,0.0154113031491115,0.0415919807406324));
#3832=CARTESIAN_POINT('',(-0.0733354612302476,0.0146138421507939,0.0425649174584264));
#3833=CARTESIAN_POINT('',(-0.0735727978408479,0.0128378122588023,0.0443380968800726));
#3834=CARTESIAN_POINT('',(-0.0736965299187335,0.0118593262311754,0.0451381445922216));
#3835=CARTESIAN_POINT('',(-0.0739304443572012,0.00975701665297628,0.046533686515554));
#3836=CARTESIAN_POINT('',(-0.0740404772299856,0.00863339063485045,0.0471291228492637));
#3837=CARTESIAN_POINT('',(-0.0742261392568364,0.00628421835808926,0.0480916044691944));
#3838=CARTESIAN_POINT('',(-0.074301636600673,0.00505893961298646,0.0484588402942567));
#3839=CARTESIAN_POINT('',(-0.0744040713682033,0.00255557746082683,0.0489495478668496));
#3840=CARTESIAN_POINT('',(-0.0744309001051409,0.00127779293982599,0.0490737174889833));
#3841=CARTESIAN_POINT('',(-0.0744309006186022,-0.00127778920089764,0.0490737089163369));
#3842=CARTESIAN_POINT('',(-0.0744040728663545,-0.00255555687425719,0.0489495307215566));
#3843=CARTESIAN_POINT('',(-0.0743016385154254,-0.00505890620518115,0.0484588450889327));
#3844=CARTESIAN_POINT('',(-0.0742261402759151,-0.00628419693361738,0.0480916188694248));
#3845=CARTESIAN_POINT('',(-0.074040479965888,-0.00863336461821431,0.0471291277802769));
#3846=CARTESIAN_POINT('',(-0.0739304454246598,-0.00975699757185875,0.0465337152258955));
#3847=CARTESIAN_POINT('',(-0.0736965306359197,-0.0118593165226546,0.0451381617765868));
#3848=CARTESIAN_POINT('',(-0.0735728010104131,-0.0128377979400792,0.0443380870401546));
#3849=CARTESIAN_POINT('',(-0.0733354587014144,-0.0146138514641353,0.0425649328237486));
#3850=CARTESIAN_POINT('',(-0.0732219950278326,-0.0154112868032922,0.041591983574647));
#3851=CARTESIAN_POINT('',(-0.073028362241269,-0.0167975161187884,0.0395112958613944));
#3852=CARTESIAN_POINT('',(-0.0729483014464,-0.0173862904928919,0.0384038044978694));
#3853=CARTESIAN_POINT('',(-0.0728400843993275,-0.0183358599315297,0.0360973200843031));
#3854=CARTESIAN_POINT('',(-0.0728119963292132,-0.0186966373672749,0.0348987523172051));
#3855=CARTESIAN_POINT('',(-0.0728188200021453,-0.0191789504550269,0.0324562708532923));
#3856=CARTESIAN_POINT('',(-0.0728537400642906,-0.0193003807335827,0.0312134947894299));
#3857=CARTESIAN_POINT('',(-0.0729211027250768,-0.0193003102133453,0.0299712687423867));
#3858=CARTESIAN_POINT('',(-0.0709903266506382,0.0187892842442281,0.0298665968299008));
#3859=CARTESIAN_POINT('',(-0.0709230924594393,0.0187889119137686,0.0311086152013752));
#3860=CARTESIAN_POINT('',(-0.0708874234511634,0.0186702356244511,0.0323516058195938));
#3861=CARTESIAN_POINT('',(-0.0708774892707989,0.0181998834845178,0.0347940804213161));
#3862=CARTESIAN_POINT('',(-0.0709032097128936,0.0178483002814034,0.0359926253322672));
#3863=CARTESIAN_POINT('',(-0.0710054250866625,0.016923221555659,0.0382991261146642));
#3864=CARTESIAN_POINT('',(-0.0710818420523119,0.0163498056822552,0.0394066027727457));
#3865=CARTESIAN_POINT('',(-0.0712674715818639,0.014999914199211,0.0414873088281464));
#3866=CARTESIAN_POINT('',(-0.0713765770534494,0.0142234725424807,0.0424602455459406));
#3867=CARTESIAN_POINT('',(-0.0716051286250353,0.0124944560205473,0.0442334249675867));
#3868=CARTESIAN_POINT('',(-0.0717244435860088,0.011541961898599,0.0450334726797357));
#3869=CARTESIAN_POINT('',(-0.0719501580812425,0.00949565313493953,0.0464290146030681));
#3870=CARTESIAN_POINT('',(-0.0720564123474577,0.00840203065158812,0.0470244509367778));
#3871=CARTESIAN_POINT('',(-0.0722357521477088,0.00611569519720501,0.0479869325567085));
#3872=CARTESIAN_POINT('',(-0.072308709275797,0.00492324231804986,0.0483541683817708));
#3873=CARTESIAN_POINT('',(-0.0724077070527356,0.00248700196944796,0.0488448759543637));
#3874=CARTESIAN_POINT('',(-0.0724336410364929,0.00124350498246401,0.0489690455764975));
#3875=CARTESIAN_POINT('',(-0.0724336415482319,-0.00124350134386507,0.048969037003851));
#3876=CARTESIAN_POINT('',(-0.0724077085347708,-0.00248698193636114,0.0488448588090708));
#3877=CARTESIAN_POINT('',(-0.0723087111324495,-0.00492320980614357,0.0483541731764469));
#3878=CARTESIAN_POINT('',(-0.0722357531192984,-0.00611567434544318,0.0479869469569389));
#3879=CARTESIAN_POINT('',(-0.0720564150031718,-0.00840200533123506,0.047024455867791));
#3880=CARTESIAN_POINT('',(-0.0719501590801705,-0.00949563455947676,0.0464290433134096));
#3881=CARTESIAN_POINT('',(-0.0717244442602305,-0.0115419524458703,0.0450334898641009));
#3882=CARTESIAN_POINT('',(-0.0716051317234171,-0.0124944420871525,0.0442334151276687));
#3883=CARTESIAN_POINT('',(-0.071376574571066,-0.0142234816028558,0.0424602609112627));
#3884=CARTESIAN_POINT('',(-0.0712674747188255,-0.0149998982891343,0.0414873116621612));
#3885=CARTESIAN_POINT('',(-0.0710818473721653,-0.0163497773419772,0.0394066239489085));
#3886=CARTESIAN_POINT('',(-0.0710054249694792,-0.0169232203929806,0.0382991325853835));
#3887=CARTESIAN_POINT('',(-0.0709032122118397,-0.0178482852692058,0.0359926481718173));
#3888=CARTESIAN_POINT('',(-0.0708774877367866,-0.0181998895436177,0.0347940804047192));
#3889=CARTESIAN_POINT('',(-0.0708874188817531,-0.0186702544685787,0.0323515989408064));
#3890=CARTESIAN_POINT('',(-0.0709230812469932,-0.0187889118516761,0.0311088223290865));
#3891=CARTESIAN_POINT('',(-0.0709903266506382,-0.0187892842442281,0.0298665968299008));
#3892=CARTESIAN_POINT('',(-0.0709832243683789,0.0187887937336089,0.0299999999125607));
#3893=CARTESIAN_POINT('',(-0.0708537035533738,0.0187713361228161,0.0324743636929155));
#3894=CARTESIAN_POINT('',(-0.0708551972722399,0.0177909330974167,0.0374223573712333));
#3895=CARTESIAN_POINT('',(-0.0714771671371025,0.0136644506375712,0.0437419184771175));
#3896=CARTESIAN_POINT('',(-0.0722180807121337,0.0074261422141423,0.0479760025918432));
#3897=CARTESIAN_POINT('',(-0.0725414212184982,-2.07495211289212E-8,0.049465562643855));
#3898=CARTESIAN_POINT('',(-0.0722180821680583,-0.00742612619845133,0.0479759945734852));
#3899=CARTESIAN_POINT('',(-0.0714771608648757,-0.0136644783486169,0.0437419492755502));
#3900=CARTESIAN_POINT('',(-0.0708552093143508,-0.0177909286113765,0.0374221440769178));
#3901=CARTESIAN_POINT('',(-0.0708536795957668,-0.0187713369499329,0.0324748015734517));
#3902=CARTESIAN_POINT('',(-0.0709832243366824,-0.0187887938416875,0.0299999999695364));
#3903=CARTESIAN_POINT('',(-0.0729195503829369,0.0193002903855647,0.0299999999999959));
#3904=CARTESIAN_POINT('',(-0.0727858614686758,0.0192967215380596,0.032483443903954));
#3905=CARTESIAN_POINT('',(-0.0727877907856428,0.0183117135367938,0.037453482535958));
#3906=CARTESIAN_POINT('',(-0.0734347341626231,0.0140809639326751,0.0438108688753469));
#3907=CARTESIAN_POINT('',(-0.0742062812066515,0.00765778275804338,0.0480735504626316));
#3908=CARTESIAN_POINT('',(-0.0745432090992859,-1.09053568499087E-8,0.0495737950980763));
#3909=CARTESIAN_POINT('',(-0.0742062845674381,-0.00765774647583304,0.0480735483609601));
#3910=CARTESIAN_POINT('',(-0.0734347292605399,-0.0140809791257316,0.0438109214758579));
#3911=CARTESIAN_POINT('',(-0.0727878057053311,-0.0183116990209243,0.0374532642098407));
#3912=CARTESIAN_POINT('',(-0.0727858337519536,-0.0192967217687797,0.0324839540389176));
#3913=CARTESIAN_POINT('',(-0.0729195503814537,-0.0193002903911676,0.03));
#3914=CARTESIAN_POINT('',(-0.0717653298301544,0.0232421880896547,0.0299114864005249));
#3915=CARTESIAN_POINT('',(-0.0716825603589876,0.0232420297020662,0.0314149205749062));
#3916=CARTESIAN_POINT('',(-0.0716470389310085,0.0230971452639797,0.0329199521783257));
#3917=CARTESIAN_POINT('',(-0.0716674739099915,0.0225218233133274,0.0358781595773168));
#3918=CARTESIAN_POINT('',(-0.0717233966518887,0.0220914972221505,0.0373301944497251));
#3919=CARTESIAN_POINT('',(-0.0719103770208274,0.020957412559589,0.040125236215985));
#3920=CARTESIAN_POINT('',(-0.072041314391505,0.0202537340075161,0.0414676615044337));
#3921=CARTESIAN_POINT('',(-0.0723509092622775,0.0185941347579864,0.0439903607967067));
#3922=CARTESIAN_POINT('',(-0.0725294045473446,0.0176382307716117,0.0451702788242529));
#3923=CARTESIAN_POINT('',(-0.0728998421689219,0.0155055384440074,0.0473210896164798));
#3924=CARTESIAN_POINT('',(-0.0730915836093624,0.0143288299968556,0.0482917440042089));
#3925=CARTESIAN_POINT('',(-0.0734528874159119,0.0117965236958627,0.0499851230754859));
#3926=CARTESIAN_POINT('',(-0.0736222271531192,0.010441153514616,0.0507077557705634));
#3927=CARTESIAN_POINT('',(-0.0739075717745529,0.00760400914661789,0.0518760070893597));
#3928=CARTESIAN_POINT('',(-0.0740233998087989,0.00612251671695871,0.052321553773671));
#3929=CARTESIAN_POINT('',(-0.074180439069438,0.00309386055238653,0.0529177236323972));
#3930=CARTESIAN_POINT('',(-0.074221556827879,0.00154700832545811,0.0530682246331062));
#3931=CARTESIAN_POINT('',(-0.0742215563464897,-4.83145600968821E-5,0.0530682350110355));
#3932=CARTESIAN_POINT('',(-0.0742215162242811,-9.66318598319292E-5,0.0530680884770676));
#3933=CARTESIAN_POINT('',(-0.0742214361075556,-0.000144948006277394,0.0530677951855682));
#3934=CARTESIAN_POINT('',(-0.0717398754709065,0.0232339443456806,0.0299100841778028));
#3935=CARTESIAN_POINT('',(-0.0716571087707998,0.0232337774037259,0.0314135183410919));
#3936=CARTESIAN_POINT('',(-0.0716215733333135,0.0230889357097059,0.0329185499556035));
#3937=CARTESIAN_POINT('',(-0.0716419484797375,0.0225138017263468,0.0358767573545947));
#3938=CARTESIAN_POINT('',(-0.0716978254266984,0.0220836208306869,0.0373287922270029));
#3939=CARTESIAN_POINT('',(-0.0718846889920988,0.0209499258860784,0.0401238339932629));
#3940=CARTESIAN_POINT('',(-0.0720155554053573,0.0202464918359066,0.0414662592817115));
#3941=CARTESIAN_POINT('',(-0.0723249937899946,0.0185874742239734,0.0439889585739846));
#3942=CARTESIAN_POINT('',(-0.0725034036107571,0.0176319073724762,0.0451688766015308));
#3943=CARTESIAN_POINT('',(-0.0728736689059611,0.0154999711838163,0.0473196873937577));
#3944=CARTESIAN_POINT('',(-0.0730653235627486,0.0143236817141855,0.0482903417814868));
#3945=CARTESIAN_POINT('',(-0.0734264660756643,0.011792280154637,0.0499837208527638));
#3946=CARTESIAN_POINT('',(-0.0735957313879087,0.0104373956540746,0.0507063535478413));
#3947=CARTESIAN_POINT('',(-0.0738809513944559,0.00760127008593407,0.0518746048666376));
#3948=CARTESIAN_POINT('',(-0.0739967293071395,0.00612031066956052,0.0523201515509489));
#3949=CARTESIAN_POINT('',(-0.0741537007370875,0.00309274525556397,0.0529163214096751));
#3950=CARTESIAN_POINT('',(-0.074194800824473,0.00154645064704111,0.0530668224103841));
#3951=CARTESIAN_POINT('',(-0.0741948003430611,-4.82971432627581E-5,0.0530668327883134));
#3952=CARTESIAN_POINT('',(-0.0741947602380896,-9.65970251797258E-5,0.0530666862543454));
#3953=CARTESIAN_POINT('',(-0.0741946801557956,-0.000144895754242195,0.053066392962846));
#3954=CARTESIAN_POINT('',(-0.0717605104570309,0.0232420131650233,0.03));
#3955=CARTESIAN_POINT('',(-0.071599237595266,0.0232304886448262,0.0329953047944468));
#3956=CARTESIAN_POINT('',(-0.0716662168364999,0.0220521913040229,0.0389912009476946));
#3957=CARTESIAN_POINT('',(-0.0726885679475208,0.0170101639774113,0.0466699251350432));
#3958=CARTESIAN_POINT('',(-0.0738723537059684,0.00930908296126808,0.0518328218613799));
#3959=CARTESIAN_POINT('',(-0.074218851985889,0.0031568195448658,0.05305825785102));
#3960=CARTESIAN_POINT('',(-0.074221523066857,7.68116986009913E-5,0.0530681115869496));
#3961=CARTESIAN_POINT('',(-0.0742215226137273,7.6811694827504E-5,0.0530681105499301));
#3962=CARTESIAN_POINT('',(-0.0742204427805098,0.00123942975593995,0.0530643569453648));
#3963=CARTESIAN_POINT('',(-0.0741716222674116,0.00375278716992365,0.0528877631538755));
#3964=CARTESIAN_POINT('',(-0.0738970085542617,0.007961466072286,0.0518561957857744));
#3965=CARTESIAN_POINT('',(-0.0734781999234033,0.0116331287403801,0.0501494719251036));
#3966=CARTESIAN_POINT('',(-0.073052570717823,0.0145063319216272,0.0481517643785184));
#3967=CARTESIAN_POINT('',(-0.0727693163197427,0.016197009786698,0.0466615418339846));
#3968=CARTESIAN_POINT('',(-0.0725300154357468,0.0175344191940949,0.0452310741359508));
#3969=CARTESIAN_POINT('',(-0.0723122113024584,0.0187135925377265,0.0437946692622586));
#3970=CARTESIAN_POINT('',(-0.0720742495188121,0.0199683055615444,0.04194565055088));
#3971=CARTESIAN_POINT('',(-0.0718587164042723,0.0211323191523436,0.0397246427294143));
#3972=CARTESIAN_POINT('',(-0.0716666805810313,0.0222862629462873,0.0368210416587178));
#3973=CARTESIAN_POINT('',(-0.0715986908100048,0.0230775214000082,0.033410856522106));
#3974=CARTESIAN_POINT('',(-0.0716780485302126,0.0232296480274205,0.0310629284350243));
#3975=CARTESIAN_POINT('',(-0.0717352808591534,0.0232338585083874,0.0299999994681345));
#3976=CARTESIAN_POINT('',(0.,4.59242549680257E-18,0.0265046719124861));
#3977=CARTESIAN_POINT('',(0.,4.59242549680257E-18,0.03));
#3978=CARTESIAN_POINT('',(0.,0.,0.06));
#3979=CARTESIAN_POINT('',(-0.0594043110582882,-0.043159758325478,0.06));
#3980=CARTESIAN_POINT('',(-0.0597526020271945,-0.0434128065264778,0.06));
#3981=CARTESIAN_POINT('',(0.,4.59242549680257E-18,0.06));
#3982=CARTESIAN_POINT('',(-0.0237779495817351,-0.0699260633327384,0.06));
#3983=CARTESIAN_POINT('',(-0.0236393506786359,-0.0695184724409063,0.06));
#3984=CARTESIAN_POINT('',(-0.0226904277530958,-0.0698339559197827,0.06));
#3985=CARTESIAN_POINT('',(-0.0228234630652827,-0.0702433965098027,0.06));
#3986=CARTESIAN_POINT('',(0.,4.59242549680257E-18,0.06));
#3987=CARTESIAN_POINT('',(0.0218647434707672,-0.070547701681084,0.06));
#3988=CARTESIAN_POINT('',(0.0217372964236145,-0.0701364873316135,0.06));
#3989=CARTESIAN_POINT('',(0.0226904277329714,-0.0698339559263292,0.06));
#3990=CARTESIAN_POINT('',(0.0228234630450379,-0.0702433965163806,0.06));
#3991=CARTESIAN_POINT('',(0.,4.59242549680257E-18,0.06));
#3992=CARTESIAN_POINT('',(0.0591558476742149,-0.0442225158202331,0.06));
#3993=CARTESIAN_POINT('',(0.0588110351170542,-0.0439647479179281,0.06));
#3994=CARTESIAN_POINT('',(0.0594043110458597,-0.043159758342617,0.06));
#3995=CARTESIAN_POINT('',(0.0597526020146774,-0.0434128065437061,0.06));
#3996=CARTESIAN_POINT('',(0.,4.59242549680257E-18,0.06));
#3997=CARTESIAN_POINT('',(0.073851428703441,-0.00100583198708764,0.06));
#3998=CARTESIAN_POINT('',(0.0734209573133353,-0.00099996910939801,0.06));
#3999=CARTESIAN_POINT('',(0.0734277666215332,2.11730882173374E-11,0.06));
#4000=CARTESIAN_POINT('',(0.0738582779350133,2.12972323067336E-11,0.06));
#4001=CARTESIAN_POINT('',(0.,4.59242549680257E-18,0.06));
#4002=CARTESIAN_POINT('',(0.0603382740661389,0.0425950455128902,0.06));
#4003=CARTESIAN_POINT('',(0.0599865692830344,0.0423467639457539,0.06));
#4004=CARTESIAN_POINT('',(0.0594043110458644,0.0431597583426027,0.06));
#4005=CARTESIAN_POINT('',(0.0597526020146859,0.0434128065436944,0.06));
#4006=CARTESIAN_POINT('',(0.,4.59242549680257E-18,0.06));
#4007=CARTESIAN_POINT('',(0.0237779495615917,0.0699260633395881,0.06));
#4008=CARTESIAN_POINT('',(0.0236393506586101,0.0695184724477162,0.06));
#4009=CARTESIAN_POINT('',(0.0226904277329789,0.0698339559263189,0.06));
#4010=CARTESIAN_POINT('',(0.0228234630450478,0.0702433965163774,0.06));
#4011=CARTESIAN_POINT('',(0.,4.59242549680257E-18,0.06));
#4012=CARTESIAN_POINT('',(-0.0218647434910942,0.0705477016747841,0.06));
#4013=CARTESIAN_POINT('',(-0.0217372964438185,0.0701364873253364,0.06));
#4014=CARTESIAN_POINT('',(-0.0226904277530882,0.0698339559197772,0.06));
#4015=CARTESIAN_POINT('',(-0.0228234630652774,0.0702433965098044,0.06));
#4016=CARTESIAN_POINT('',(0.,4.59242549680257E-18,0.06));
#4017=CARTESIAN_POINT('',(-0.0591558476869642,0.0442225158031785,0.06));
#4018=CARTESIAN_POINT('',(-0.0588110351297101,0.0439647479009587,0.06));
#4019=CARTESIAN_POINT('',(-0.0594043110582835,0.0431597583254765,0.06));
#4020=CARTESIAN_POINT('',(-0.0597526020271935,0.0434128065264791,0.06));
#4021=CARTESIAN_POINT('',(0.,4.59242549680257E-18,0.06));
#4022=CARTESIAN_POINT('',(-0.0738514287037312,0.00100583196578082,0.06));
#4023=CARTESIAN_POINT('',(-0.0734209573135999,0.000999969088215015,0.06));
#4024=CARTESIAN_POINT('',(-0.0734277666215094,1.83697019872096E-18,0.06));
#4025=CARTESIAN_POINT('',(-0.0738582779350134,2.49659364665895E-17,0.06));
#4026=CARTESIAN_POINT('',(0.,4.59242549680257E-18,0.06));
#4027=CARTESIAN_POINT('',(-0.060338274078412,-0.0425950454955048,0.06));
#4028=CARTESIAN_POINT('',(-0.0599865692952237,-0.0423467639284612,0.06));
#4029=CARTESIAN_POINT('',(0.0534277666215088,0.0052,0.06));
#4030=CARTESIAN_POINT('',(0.0586277666215088,0.0052,0.06));
#4031=CARTESIAN_POINT('',(0.0482277666215088,0.0052,0.06));
#4032=CARTESIAN_POINT('',(0.0586277666215088,2.60208521396521E-18,0.06));
#4033=CARTESIAN_POINT('',(0.0586277666215088,-0.0052,0.06));
#4034=CARTESIAN_POINT('',(0.0534277666215088,-0.0052,0.06));
#4035=CARTESIAN_POINT('',(0.0482277666215088,-0.0052,0.06));
#4036=CARTESIAN_POINT('',(0.0482277666215088,2.60208521396521E-18,0.06));
#4037=CARTESIAN_POINT('',(0.0179702595062777,0.0165311685421383,0.06));
#4038=CARTESIAN_POINT('',(0.0179702595062777,0.0202795409379716,0.06));
#4039=CARTESIAN_POINT('',(0.0179702595062777,0.0127827961463049,0.06));
#4040=CARTESIAN_POINT('',(0.0173493285166944,0.0127827961463049,0.06));
#4041=CARTESIAN_POINT('',(0.0167283975271111,0.0127827961463049,0.06));
#4042=CARTESIAN_POINT('',(0.0167283975271111,0.0156563313025549,0.06));
#4043=CARTESIAN_POINT('',(0.0167283975271111,0.018529866458805,0.06));
#4044=CARTESIAN_POINT('',(0.0162148884125277,0.0180163573442216,0.06));
#4045=CARTESIAN_POINT('',(0.0157013792979444,0.0175028482296383,0.06));
#4046=CARTESIAN_POINT('',(0.0152635537771111,0.0179406737504716,0.06));
#4047=CARTESIAN_POINT('',(0.0148257282562777,0.018378499271305,0.06));
#4048=CARTESIAN_POINT('',(0.0157770628916944,0.0193290201046383,0.06));
#4049=CARTESIAN_POINT('',(0.0167283975271111,0.0202795409379716,0.06));
#4050=CARTESIAN_POINT('',(0.0173493285166944,0.0202795409379716,0.06));
#4051=CARTESIAN_POINT('',(-0.046002,-0.0459236980218006,0.06));
#4052=CARTESIAN_POINT('',(-0.046,-0.0459236980218006,0.06));
#4053=CARTESIAN_POINT('',(-0.008,-0.0459236980218006,0.06));
#4054=CARTESIAN_POINT('',(-0.046,0.,0.06));
#4055=CARTESIAN_POINT('',(-0.046,0.019,0.06));
#4056=CARTESIAN_POINT('',(-0.0394634914772318,0.019,0.06));
#4057=CARTESIAN_POINT('',(-0.008,0.019,0.06));
#4058=CARTESIAN_POINT('',(-0.008,0.00784782608695653,0.06));
#4059=CARTESIAN_POINT('',(-0.008,0.00784782608695653,0.029998));
#4060=CARTESIAN_POINT('',(-0.008,0.019,0.060002));
#4061=CARTESIAN_POINT('',(-0.008,-0.0324618490109003,0.045));
#4062=CARTESIAN_POINT('',(-0.046,0.,0.029998));
#4063=CARTESIAN_POINT('',(-0.046,0.019,0.060002));
#4064=CARTESIAN_POINT('',(-0.046,-0.0324618490109003,0.045));
#4065=CARTESIAN_POINT('',(0.0173493285166944,0.0127827961463049,0.059));
#4066=CARTESIAN_POINT('',(0.0179702595062777,0.0127827961463049,0.059));
#4067=CARTESIAN_POINT('',(0.0179702595062777,0.0127827961463049,0.059));
#4068=CARTESIAN_POINT('',(0.0173493285166944,0.0127827961463049,0.059));
#4069=CARTESIAN_POINT('',(0.0167283975271111,0.0127827961463049,0.059));
#4070=CARTESIAN_POINT('',(0.0167283975271111,0.0127827961463049,0.059));
#4071=CARTESIAN_POINT('',(0.0179702595062777,0.0165311685421383,0.059));
#4072=CARTESIAN_POINT('',(0.0179702595062777,0.0202795409379716,0.059));
#4073=CARTESIAN_POINT('',(0.0179702595062777,0.0202795409379716,0.059));
#4074=CARTESIAN_POINT('',(0.0179702595062777,0.0165311685421383,0.059));
#4075=CARTESIAN_POINT('',(0.0173493285166944,0.0202795409379716,0.059));
#4076=CARTESIAN_POINT('',(0.0167283975271111,0.0202795409379716,0.059));
#4077=CARTESIAN_POINT('',(0.0167283975271111,0.0202795409379716,0.059));
#4078=CARTESIAN_POINT('',(0.0173493285166944,0.0202795409379716,0.059));
#4079=CARTESIAN_POINT('',(0.0157770628916944,0.0193290201046383,0.059));
#4080=CARTESIAN_POINT('',(0.0148257282562777,0.018378499271305,0.059));
#4081=CARTESIAN_POINT('',(0.0148257282562777,0.018378499271305,0.059));
#4082=CARTESIAN_POINT('',(0.0157770628916944,0.0193290201046383,0.059));
#4083=CARTESIAN_POINT('',(0.0152635537771111,0.0179406737504716,0.059));
#4084=CARTESIAN_POINT('',(0.0157013792979444,0.0175028482296383,0.059));
#4085=CARTESIAN_POINT('',(0.0157013792979444,0.0175028482296383,0.059));
#4086=CARTESIAN_POINT('',(0.0152635537771111,0.0179406737504716,0.059));
#4087=CARTESIAN_POINT('',(0.0162148884125277,0.0180163573442216,0.059));
#4088=CARTESIAN_POINT('',(0.0167283975271111,0.018529866458805,0.059));
#4089=CARTESIAN_POINT('',(0.0167283975271111,0.018529866458805,0.059));
#4090=CARTESIAN_POINT('',(0.0162148884125277,0.0180163573442216,0.059));
#4091=CARTESIAN_POINT('',(0.0167283975271111,0.0156563313025549,0.059));
#4092=CARTESIAN_POINT('',(0.0167283975271111,0.0156563313025549,0.059));
#4093=CARTESIAN_POINT('',(-0.000348947672925357,0.,0.059));
#4094=CARTESIAN_POINT('',(-0.0394634914772318,0.019,0.060002));
#4095=CARTESIAN_POINT('',(-0.046002,-0.0324618490109003,0.045));
#4096=CARTESIAN_POINT('',(0.0586277666215088,2.60208521396521E-18,0.029998));
#4097=CARTESIAN_POINT('',(0.0586277666215088,-0.0052,0.029998));
#4098=CARTESIAN_POINT('',(0.0586277666215088,0.0052,0.029998));
#4099=CARTESIAN_POINT('',(0.0534277666215088,-0.0052,0.029998));
#4100=CARTESIAN_POINT('',(0.0482277666215088,-0.0052,0.029998));
#4101=CARTESIAN_POINT('',(0.0482277666215088,2.60208521396521E-18,0.029998));
#4102=CARTESIAN_POINT('',(0.0482277666215088,0.0052,0.029998));
#4103=CARTESIAN_POINT('',(0.0534277666215088,0.0052,0.029998));
#4104=CARTESIAN_POINT('',(0.,0.,0.0898));
#4105=CARTESIAN_POINT('',(-0.0692626382528153,0.0244723081345672,0.0294063385731289));
#4106=CARTESIAN_POINT('',(-0.0692518357874336,0.0244722281277709,0.0296011967246067));
#4107=CARTESIAN_POINT('',(-0.0692411531036974,0.0244718124024673,0.0297960294750547));
#4108=CARTESIAN_POINT('',(-0.0692072589269014,0.0244672870584918,0.0304345655631714));
#4109=CARTESIAN_POINT('',(-0.0691880013774944,0.0244521358924725,0.0308774261006291));
#4110=CARTESIAN_POINT('',(-0.0691429006697693,0.0243711622549193,0.0322033207056235));
#4111=CARTESIAN_POINT('',(-0.069127385670641,0.0242765037048332,0.0330841525159655));
#4112=CARTESIAN_POINT('',(-0.069128348677552,0.0239947759943109,0.0348387704017532));
#4113=CARTESIAN_POINT('',(-0.0691443409054868,0.0238091682520651,0.0357117802805011));
#4114=CARTESIAN_POINT('',(-0.0692372278059594,0.0231122501662585,0.0383253262880452));
#4115=CARTESIAN_POINT('',(-0.0693623094856547,0.022452030827535,0.0400535368924383));
#4116=CARTESIAN_POINT('',(-0.0696929917713589,0.0208277645045279,0.0432379656461038));
#4117=CARTESIAN_POINT('',(-0.0699016966607086,0.0198443254942606,0.0447518772637851));
#4118=CARTESIAN_POINT('',(-0.07035982197303,0.0175611150419769,0.0475328008646389));
#4119=CARTESIAN_POINT('',(-0.0706015784059183,0.016296228685164,0.0487642679801186));
#4120=CARTESIAN_POINT('',(-0.0710717548820209,0.0135083150436923,0.0509449800677816));
#4121=CARTESIAN_POINT('',(-0.0713007102920437,0.0119700257061705,0.0518909716102557));
#4122=CARTESIAN_POINT('',(-0.0716825073118668,0.00878961039087127,0.0533911677732366));
#4123=CARTESIAN_POINT('',(-0.0718410731642217,0.00711626679874141,0.0539700542394569));
#4124=CARTESIAN_POINT('',(-0.0720601159806374,0.00363004580706139,0.0547563605832312));
#4125=CARTESIAN_POINT('',(-0.0721178038507245,0.00186716375371805,0.0549544445027329));
#4126=CARTESIAN_POINT('',(-0.0721213702320588,-0.00170534104286539,0.0549669301703842));
#4127=CARTESIAN_POINT('',(-0.07206598736479,-0.00348821532287726,0.0547767647139421));
#4128=CARTESIAN_POINT('',(-0.0718533820349367,-0.00696476368798094,0.0540148282610998));
#4129=CARTESIAN_POINT('',(-0.0716992179941967,-0.00862830977736679,0.0534539436404518));
#4130=CARTESIAN_POINT('',(-0.0713188937408456,-0.0118389718004934,0.0519650921276285));
#4131=CARTESIAN_POINT('',(-0.0710915792257851,-0.0133793895581011,0.051029750787438));
#4132=CARTESIAN_POINT('',(-0.0706249211593535,-0.0161680324976645,0.0488790192525833));
#4133=CARTESIAN_POINT('',(-0.0703799645739682,-0.0174572286489603,0.0476415909756827));
#4134=CARTESIAN_POINT('',(-0.0699198143695355,-0.0197572116221551,0.0448743135206445));
#4135=CARTESIAN_POINT('',(-0.069711851542633,-0.0207376106139441,0.0433879449108996));
#4136=CARTESIAN_POINT('',(-0.0693743109393258,-0.0223907642450859,0.0401983808916863));
#4137=CARTESIAN_POINT('',(-0.0692463424089551,-0.0230598662858996,0.0384778403949283));
#4138=CARTESIAN_POINT('',(-0.069148207000018,-0.0237732524747791,0.035865374084092));
#4139=CARTESIAN_POINT('',(-0.0691300226431056,-0.0239672597104335,0.0349809446152629));
#4140=CARTESIAN_POINT('',(-0.0691260469975561,-0.0242633380912818,0.0331917198352339));
#4141=CARTESIAN_POINT('',(-0.069140715659801,-0.0243645738222016,0.0322844721507675));
#4142=CARTESIAN_POINT('',(-0.0691865853881275,-0.0244510684599475,0.0309096936032209));
#4143=CARTESIAN_POINT('',(-0.0692063424891676,-0.024467118379868,0.0304521242869837));
#4144=CARTESIAN_POINT('',(-0.0692412713090986,-0.0244718378885067,0.0297937412707706));
#4145=CARTESIAN_POINT('',(-0.0692522795972384,-0.0244722686392326,0.0295929550623604));
#4146=CARTESIAN_POINT('',(-0.0692634112443857,-0.0244723485065005,0.0293921751384297));
#4147=CARTESIAN_POINT('',(-0.0717599612007116,0.0232346122211944,0.0295477787329484));
#4148=CARTESIAN_POINT('',(-0.0717492401559741,0.0232346448065756,0.0297421356964015));
#4149=CARTESIAN_POINT('',(-0.0717388498973032,0.0232343582866058,0.0299323390329015));
#4150=CARTESIAN_POINT('',(-0.0717078149666762,0.0232304128801567,0.030518406662268));
#4151=CARTESIAN_POINT('',(-0.0716899540222942,0.0232162598447399,0.0309261178302958));
#4152=CARTESIAN_POINT('',(-0.0716478764369257,0.0231400317905971,0.032139959021837));
#4153=CARTESIAN_POINT('',(-0.0716323603874153,0.0230505266735639,0.0329509555224101));
#4154=CARTESIAN_POINT('',(-0.0716296850643022,0.0227837388015341,0.0345615071145505));
#4155=CARTESIAN_POINT('',(-0.0716419684302991,0.0226078583837691,0.0353627138839828));
#4156=CARTESIAN_POINT('',(-0.0717182955464958,0.0219467459629547,0.0377626060453788));
#4157=CARTESIAN_POINT('',(-0.0718246310792044,0.021320392887173,0.0393490871838783));
#4158=CARTESIAN_POINT('',(-0.072108824517375,0.0197779814599361,0.0422753773737611));
#4159=CARTESIAN_POINT('',(-0.0722891558497316,0.0188444830323778,0.0436663796601515));
#4160=CARTESIAN_POINT('',(-0.0726864971468656,0.0166758778440308,0.0462245261123848));
#4161=CARTESIAN_POINT('',(-0.0728966936127746,0.0154748390464543,0.0473575798474809));
#4162=CARTESIAN_POINT('',(-0.0733062137934048,0.012827146835934,0.0493657577688789));
#4163=CARTESIAN_POINT('',(-0.0735059698014235,0.0113662144087882,0.0502373975086267));
#4164=CARTESIAN_POINT('',(-0.073839331073246,0.00834628946269231,0.0516202417901826));
#4165=CARTESIAN_POINT('',(-0.0739779629883977,0.00675691676082944,0.0521542344326487));
#4166=CARTESIAN_POINT('',(-0.0741694750943442,0.00344707772272041,0.052879515749048));
#4167=CARTESIAN_POINT('',(-0.0742199630805375,0.00177259716056964,0.05306234837321));
#4168=CARTESIAN_POINT('',(-0.0742230826163485,-0.0016189934590363,0.0530738728138559));
#4169=CARTESIAN_POINT('',(-0.0741746104538852,-0.00331243754489366,0.052898334869003));
#4170=CARTESIAN_POINT('',(-0.0739887235736172,-0.00661304853183793,0.0521955343161293));
#4171=CARTESIAN_POINT('',(-0.073853927428685,-0.0081931714258891,0.0516781041233772));
#4172=CARTESIAN_POINT('',(-0.0735218417963899,-0.0112417218125067,0.0503057237710181));
#4173=CARTESIAN_POINT('',(-0.0733234935567426,-0.0127047637202157,0.0494438142041714));
#4174=CARTESIAN_POINT('',(-0.0729170169311299,-0.0153530082759421,0.047463276473538));
#4175=CARTESIAN_POINT('',(-0.0727039904434866,-0.0165772641744686,0.0463245794111743));
#4176=CARTESIAN_POINT('',(-0.0723048490610121,-0.0187616832107797,0.0437790298429675));
#4177=CARTESIAN_POINT('',(-0.0721250964363899,-0.0196923821348787,0.0424132100381887));
#4178=CARTESIAN_POINT('',(-0.0718348837265486,-0.0212622237440248,0.0394821386510154));
#4179=CARTESIAN_POINT('',(-0.0717259941401273,-0.0218970297021774,0.0379026790926951));
#4180=CARTESIAN_POINT('',(-0.0716450541027203,-0.0225738083342953,0.0355037088097431));
#4181=CARTESIAN_POINT('',(-0.0716308689095782,-0.0227576735546529,0.0346919746157092));
#4182=CARTESIAN_POINT('',(-0.0716309688947023,-0.0230380705649731,0.0330497125484579));
#4183=CARTESIAN_POINT('',(-0.0716458014800439,-0.0231338141231005,0.0322143416388181));
#4184=CARTESIAN_POINT('',(-0.0716886411996629,-0.0232152629331185,0.0309558292705777));
#4185=CARTESIAN_POINT('',(-0.0717069648577521,-0.0232302622318079,0.0305347134586617));
#4186=CARTESIAN_POINT('',(-0.0717389622595097,-0.0232343812419311,0.0299301654741333));
#4187=CARTESIAN_POINT('',(-0.0717496723379668,-0.0232346787320286,0.0297340942337462));
#4188=CARTESIAN_POINT('',(-0.0717607221704012,-0.0232346427119964,0.0295337906180051));
#4189=CARTESIAN_POINT('',(-0.0692303149114885,-0.0244703537727413,0.0300003557090059));
#4190=CARTESIAN_POINT('',(-0.0692268591764734,-0.0244691322983269,0.0300876061599873));
#4191=CARTESIAN_POINT('',(-0.0692229524952667,-0.0244677514311255,0.0301748338941067));
#4192=CARTESIAN_POINT('',(-0.0692185945711318,-0.0244662110662517,0.0302620388964158));
#4193=CARTESIAN_POINT('',(-0.0692177274500891,-0.0244664588945565,0.0302620341307327));
#4194=CARTESIAN_POINT('',(-0.0692113401164667,-0.0244646643240788,0.0303778333454335));
#4195=CARTESIAN_POINT('',(-0.0692137313590218,-0.0244652675539311,0.030339250478728));
#4196=CARTESIAN_POINT('',(-0.0692161485268152,-0.0244657829609199,0.0303006680631153));
#4197=CARTESIAN_POINT('',(-0.0692185915807664,-0.0244662105440019,0.0302620860961333));
#4198=CARTESIAN_POINT('',(-0.0692185711023181,0.0244662104633272,0.0302620853840421));
#4199=CARTESIAN_POINT('',(-0.0692161649758277,0.0244657864646395,0.0303000993066519));
#4200=CARTESIAN_POINT('',(-0.0692137840825633,0.0244652771640554,0.0303381136668993));
#4201=CARTESIAN_POINT('',(-0.0692114284437872,0.024464682566853,0.0303761284661867));
#4202=CARTESIAN_POINT('',(-0.0692177199944655,0.0244664550481736,0.0302620342404251));
#4203=CARTESIAN_POINT('',(-0.0692303125559219,0.0244703601116426,0.0300003575938472));
#4204=CARTESIAN_POINT('',(-0.0692268507687272,0.0244691364976482,0.030087607452151));
#4205=CARTESIAN_POINT('',(-0.069222938000584,0.0244677534785347,0.0301748345564723));
#4206=CARTESIAN_POINT('',(-0.069218574045458,0.0244662109814766,0.0302620388964158));
#4207=CARTESIAN_POINT('',(-0.0699868441982385,0.0222143771056998,0.03725));
#4208=CARTESIAN_POINT('',(-0.0713408259855292,0.022644141618755,0.0411089236388791));
#4209=CARTESIAN_POINT('',(-0.0707045281780524,0.0224421756691719,0.0411089236388791));
#4210=CARTESIAN_POINT('',(-0.0700682303705755,0.0222402097195888,0.0411089236388791));
#4211=CARTESIAN_POINT('',(-0.0694319325630987,0.0220382437700057,0.0411089236388791));
#4212=CARTESIAN_POINT('',(-0.0713408259855292,0.0226441416187549,0.0411089236388789));
#4213=CARTESIAN_POINT('',(-4.93323643738349E-17,-1.50830185856833E-16,1.46929989679821));
#4214=CARTESIAN_POINT('',(-0.0711714353416105,0.0225903756905253,0.0445));
#4215=CARTESIAN_POINT('',(-0.0699868441982385,0.0222143771056997,0.0445));
#4216=CARTESIAN_POINT('',(-0.0713532956899324,0.0226480996014184,0.0411089236388789));
#4217=CARTESIAN_POINT('',(-0.0715265691892513,0.0221021979385983,0.0422967164979119));
#4218=CARTESIAN_POINT('',(-0.0717211695799706,0.021467782618642,0.0434262065024582));
#4219=CARTESIAN_POINT('',(-0.0719290493955983,0.020747073876002,0.0445));
#4220=CARTESIAN_POINT('',(-0.0692500722147818,0.0219805198591141,0.0411089236388789));
#4221=CARTESIAN_POINT('',(-0.0694182383433601,0.021450709071072,0.0422967170152608));
#4222=CARTESIAN_POINT('',(-0.0696071019773396,0.0208349962275,0.0434262032341342));
#4223=CARTESIAN_POINT('',(-0.06980885489342,0.0201355291338178,0.0445));
#4224=CARTESIAN_POINT('',(-0.0698214252165555,0.0201391548931589,0.0445));
#4225=CARTESIAN_POINT('',(-0.0704628573463789,0.020324168318134,0.0445));
#4226=CARTESIAN_POINT('',(-0.0711042894762024,0.0205091817431092,0.0445));
#4227=CARTESIAN_POINT('',(-0.0717457216060258,0.0206941951680844,0.0445));
#4228=CARTESIAN_POINT('',(-0.0717457216060258,0.0206941951680844,0.0445));
#4229=CARTESIAN_POINT('',(-0.0713408259855244,0.0226441416187789,0.0411089236388787));
#4230=CARTESIAN_POINT('',(-0.0714540867941761,0.0220827243232708,0.0422899395063927));
#4231=CARTESIAN_POINT('',(-0.0715921378880261,0.0214301223910612,0.0434240730013262));
#4232=CARTESIAN_POINT('',(-0.0717457216060258,0.0206941951680844,0.0445));
#4233=CARTESIAN_POINT('',(1.1893264151297E-14,-3.94302646089529E-15,0.0445));
#4234=CARTESIAN_POINT('',(0.,4.59242549680257E-18,0.0445));
#4235=CARTESIAN_POINT('',(0.,4.59242549680257E-18,0.0301046719124859));
#4236=CARTESIAN_POINT('',(-0.0699868441982409,-0.0222143771057001,0.03725));
#4237=CARTESIAN_POINT('',(-0.0699868441982409,-0.0222143771057001,0.0445));
#4238=CARTESIAN_POINT('',(-0.0711714353416107,-0.0225903756905248,0.0445));
#4239=CARTESIAN_POINT('',(2.22625414546529E-15,-7.00926626984519E-15,1.46929989679821));
#4240=CARTESIAN_POINT('',(-0.071340797402629,-0.0226441325463161,0.041109495847565));
#4241=CARTESIAN_POINT('',(-0.0694319039801984,-0.022038234697567,0.0411094958475653));
#4242=CARTESIAN_POINT('',(-0.0700682017876753,-0.0222402006471501,0.0411094958475653));
#4243=CARTESIAN_POINT('',(-0.0707044995951521,-0.0224421665967331,0.0411094958475653));
#4244=CARTESIAN_POINT('',(-0.071340797402629,-0.0226441325463161,0.0411094958475653));
#4245=CARTESIAN_POINT('',(-0.0719287864535792,-0.0207478766101839,0.0445));
#4246=CARTESIAN_POINT('',(-0.0717209194368442,-0.0214685104629099,0.0434265045482562));
#4247=CARTESIAN_POINT('',(-0.0715264658261861,-0.0221024238678227,0.0422970730894292));
#4248=CARTESIAN_POINT('',(-0.0713532669355297,-0.0226480904745434,0.0411094958475652));
#4249=CARTESIAN_POINT('',(-0.0698086280067343,-0.0201363163709805,0.0445));
#4250=CARTESIAN_POINT('',(-0.069606887560572,-0.0208357106147241,0.0434265019821908));
#4251=CARTESIAN_POINT('',(-0.0694181661808074,-0.021450937015395,0.0422970736590113));
#4252=CARTESIAN_POINT('',(-0.0692500723862796,-0.0219805199135485,0.0411094958475652));
#4253=CARTESIAN_POINT('',(-0.0717454882466266,-0.0206950041961167,0.0445));
#4254=CARTESIAN_POINT('',(-0.0711040582031187,-0.0205099835381449,0.0445));
#4255=CARTESIAN_POINT('',(-0.0704626281596109,-0.020324962880173,0.0445));
#4256=CARTESIAN_POINT('',(-0.069821198116103,-0.0201399422222011,0.0445));
#4257=CARTESIAN_POINT('',(-0.0717454882466266,-0.0206950041961168,0.0445));
#4258=CARTESIAN_POINT('',(-0.0717454882466266,-0.0206950041961167,0.0445));
#4259=CARTESIAN_POINT('',(-0.0715919036497366,-0.0214308453381142,0.0434243830389941));
#4260=CARTESIAN_POINT('',(-0.0714539943387296,-0.0220829543651545,0.0422902930307532));
#4261=CARTESIAN_POINT('',(-0.071340797402629,-0.0226441325463161,0.0411094958475652));
#4262=CARTESIAN_POINT('',(0.,4.59242549680257E-18,0.0301046719124859));
#4263=CARTESIAN_POINT('',(0.,4.59242549680257E-18,0.0445));
#4264=CARTESIAN_POINT('',(1.1893264151297E-14,-3.94302646089529E-15,0.0445));
#4265=CARTESIAN_POINT('',(-0.0734209573135999,0.000999969088215042,0.05275));
#4266=CARTESIAN_POINT('',(-5.15508863504194E-17,-3.78044000280975E-15,1.46929989679821));
#4267=CARTESIAN_POINT('',(-0.0740992064588942,0.00100920661662956,0.0552716803058611));
#4268=CARTESIAN_POINT('',(-0.0720966474909901,0.000981932427644436,0.0552716803058638));
#4269=CARTESIAN_POINT('',(-0.0727641671469581,0.000991023823972809,0.0552716803058638));
#4270=CARTESIAN_POINT('',(-0.0734316868029262,0.00100011522030118,0.0552716803058638));
#4271=CARTESIAN_POINT('',(-0.0740992064588942,0.00100920661662955,0.0552716803058638));
#4272=CARTESIAN_POINT('',(-0.0594043110582835,0.0431597583254765,0.05275));
#4273=CARTESIAN_POINT('',(-0.0594043110582836,0.0431597583254765,0.0455));
#4274=CARTESIAN_POINT('',(-0.0603673843963421,0.0438594720630792,0.0455));
#4275=CARTESIAN_POINT('',(2.23098298847758E-15,3.07527707608821E-15,1.46929989679821));
#4276=CARTESIAN_POINT('',(-0.0719099196310505,0.0199772351335079,0.0455));
#4277=CARTESIAN_POINT('',(-0.0720659595421294,0.0194155549315213,0.0462532695825803));
#4278=CARTESIAN_POINT('',(-0.0722251233164973,0.0188171336632303,0.0469630020236645));
#4279=CARTESIAN_POINT('',(-0.0725433499966471,0.0175503654847151,0.0483012359074361));
#4280=CARTESIAN_POINT('',(-0.0727023625056859,0.0168822853377028,0.0489300647657455));
#4281=CARTESIAN_POINT('',(-0.0729365355163918,0.0158277573772084,0.0498135983033989));
#4282=CARTESIAN_POINT('',(-0.0730138696008905,0.0154674931569368,0.0500981341039218));
#4283=CARTESIAN_POINT('',(-0.0731663536760416,0.0147293308879972,0.0506473119807218));
#4284=CARTESIAN_POINT('',(-0.0732416563756407,0.0143506255521651,0.0509124468903609));
#4285=CARTESIAN_POINT('',(-0.0734620971694482,0.013193317029436,0.0516746733072377));
#4286=CARTESIAN_POINT('',(-0.0736004826074616,0.0124005454230478,0.0521343594233908));
#4287=CARTESIAN_POINT('',(-0.0738561752547528,0.0107735761741204,0.0529606713393975));
#4288=CARTESIAN_POINT('',(-0.0739734765734912,0.00993943342494057,0.0533274321013464));
#4289=CARTESIAN_POINT('',(-0.0741306657080266,0.00865772162130178,0.0538101802893871));
#4290=CARTESIAN_POINT('',(-0.074179939257129,0.00822536594282966,0.0539597768261817));
#4291=CARTESIAN_POINT('',(-0.0742717575976807,0.00735024193045215,0.0542360714229591));
#4292=CARTESIAN_POINT('',(-0.0743143933355951,0.00690636491350135,0.0543630368190275));
#4293=CARTESIAN_POINT('',(-0.0745081753766014,0.00467608369157158,0.0549360595492777));
#4294=CARTESIAN_POINT('',(-0.0746012300381774,0.00286141914739299,0.0552002274076885));
#4295=CARTESIAN_POINT('',(-0.0746263587742402,0.00101638625633212,0.0552716803058637));
#4296=CARTESIAN_POINT('',(-0.0694577526442795,0.0192960006566417,0.0455));
#4297=CARTESIAN_POINT('',(-0.0696084714531216,0.0187534742580537,0.0462532692958161));
#4298=CARTESIAN_POINT('',(-0.0697622077142984,0.0181754592712774,0.0469630020236645));
#4299=CARTESIAN_POINT('',(-0.070069582693273,0.0169518885698723,0.0483012359074361));
#4300=CARTESIAN_POINT('',(-0.0702231727901169,0.0163065903156701,0.0489300647657455));
#4301=CARTESIAN_POINT('',(-0.0704493603750429,0.0152880223265484,0.0498135983033989));
#4302=CARTESIAN_POINT('',(-0.0705240573256116,0.0149400433102097,0.0500981341039218));
#4303=CARTESIAN_POINT('',(-0.0706713416116792,0.0142270527721811,0.0506473119807218));
#4304=CARTESIAN_POINT('',(-0.0707440764486674,0.013861261492254,0.0509124468903609));
#4305=CARTESIAN_POINT('',(-0.070957000092687,0.0127434178134227,0.0516746733072377));
#4306=CARTESIAN_POINT('',(-0.0710906665127361,0.0119776801457624,0.0521343594233908));
#4307=CARTESIAN_POINT('',(-0.0713376399030504,0.0104061914244337,0.0529606713393975));
#4308=CARTESIAN_POINT('',(-0.0714509411836468,0.00960049339223153,0.0533274321013464));
#4309=CARTESIAN_POINT('',(-0.0716027700840397,0.00836248865136743,0.0538101802893871));
#4310=CARTESIAN_POINT('',(-0.0716503633785813,0.00794487653437794,0.0539597768261817));
#4311=CARTESIAN_POINT('',(-0.0717390506642711,0.00709959472212376,0.0542360714229591));
#4312=CARTESIAN_POINT('',(-0.0717802325005609,0.00667085415050258,0.0543630368190275));
#4313=CARTESIAN_POINT('',(-0.0719674064696069,0.00451662671936678,0.0549360595492777));
#4314=CARTESIAN_POINT('',(-0.0720572878967107,0.00276384471109736,0.0552002273474893));
#4315=CARTESIAN_POINT('',(-0.0720815597497381,0.000981726937612505,0.0552716803058637));
#4316=CARTESIAN_POINT('',(-0.0718953810916032,0.0199731961939217,0.0455));
#4317=CARTESIAN_POINT('',(-0.0712521595060771,0.0197945033387088,0.0455));
#4318=CARTESIAN_POINT('',(-0.070608937920551,0.0196158104834959,0.0455));
#4319=CARTESIAN_POINT('',(-0.069965716335025,0.019437117628283,0.0455));
#4320=CARTESIAN_POINT('',(-0.0718953810916032,0.0199731961939217,0.0455));
#4321=CARTESIAN_POINT('',(-0.0718953810916032,0.0199731961939217,0.0455));
#4322=CARTESIAN_POINT('',(-0.0721257926377863,0.0188557571188394,0.0469712173827604));
#4323=CARTESIAN_POINT('',(-0.0725049947384624,0.0169577489579316,0.0489625465502373));
#4324=CARTESIAN_POINT('',(-0.0730034518084284,0.013996732475862,0.0511674776180439));
#4325=CARTESIAN_POINT('',(-0.073457723911289,0.0108610677249861,0.0530037056000684));
#4326=CARTESIAN_POINT('',(-0.0739175045727768,0.00650951605921611,0.0546613484919601));
#4327=CARTESIAN_POINT('',(-0.0740776717546728,0.00286957716385625,0.0551991228912955));
#4328=CARTESIAN_POINT('',(-0.0740992064588941,0.00100920661662956,0.0552716803058637));
#4329=CARTESIAN_POINT('',(1.1893264151297E-14,-3.94302646089529E-15,0.0455));
#4330=CARTESIAN_POINT('',(0.,4.59242549680257E-18,0.0455));
#4331=CARTESIAN_POINT('',(0.,4.59242549680257E-18,0.0301046719124859));
#4332=CARTESIAN_POINT('',(-0.0599865692952237,-0.0423467639284612,0.05275));
#4333=CARTESIAN_POINT('',(5.81854721275778E-15,-8.23770647047954E-15,1.46929989679821));
#4334=CARTESIAN_POINT('',(-0.0609590823081754,-0.043033297255182,0.0455));
#4335=CARTESIAN_POINT('',(-0.0599865692952237,-0.0423467639284612,0.0455));
#4336=CARTESIAN_POINT('',(-0.0734277666215094,1.83697019872096E-18,0.05275));
#4337=CARTESIAN_POINT('',(-0.0741050434486793,3.82232680688622E-17,0.0552914335039229));
#4338=CARTESIAN_POINT('',(-0.0734374618846807,2.35784249130026E-18,0.0552914335039229));
#4339=CARTESIAN_POINT('',(-0.072769880320682,-3.35075830862616E-17,0.0552914335039229));
#4340=CARTESIAN_POINT('',(-0.0721022987566834,-6.93730086638235E-17,0.0552914335039229));
#4341=CARTESIAN_POINT('',(-0.0741050434486793,5.88739126636166E-18,0.0552914335039229));
#4342=CARTESIAN_POINT('',(-2.120834951319E-28,-3.94302646089465E-15,1.46929989679821));
#4343=CARTESIAN_POINT('',(-0.0746332862278407,3.38388539857405E-17,0.0552914335039229));
#4344=CARTESIAN_POINT('',(-0.0746332862278408,-0.00193330893600451,0.0552918420047218));
#4345=CARTESIAN_POINT('',(-0.0745583217777789,-0.00383009937955485,0.0550799769641539));
#4346=CARTESIAN_POINT('',(-0.0743447546900934,-0.00662240604606942,0.0544540165347372));
#4347=CARTESIAN_POINT('',(-0.0742566830635366,-0.00754425969245253,0.0541932305780637));
#4348=CARTESIAN_POINT('',(-0.0740485592636209,-0.00936918912647837,0.0535605116122664));
#4349=CARTESIAN_POINT('',(-0.0739303887756209,-0.0102557594410393,0.053194617101487));
#4350=CARTESIAN_POINT('',(-0.0736714739376469,-0.0119748450545947,0.0523670505072707));
#4351=CARTESIAN_POINT('',(-0.0735306692263228,-0.0128078439074474,0.0519047644172669));
#4352=CARTESIAN_POINT('',(-0.0732314248237064,-0.0144207697685761,0.0508815554891096));
#4353=CARTESIAN_POINT('',(-0.0730729549561367,-0.0152007490528778,0.0503207454342555));
#4354=CARTESIAN_POINT('',(-0.0728262457847891,-0.0163282994894218,0.0493990204338038));
#4355=CARTESIAN_POINT('',(-0.0727430040650467,-0.016694800572748,0.0490802058409977));
#4356=CARTESIAN_POINT('',(-0.0725759986363434,-0.0174064766253465,0.0484221630673737));
#4357=CARTESIAN_POINT('',(-0.0724921139501594,-0.0177521964642838,0.0480826035857244));
#4358=CARTESIAN_POINT('',(-0.0722406170957014,-0.0187589780960744,0.0470319454703445));
#4359=CARTESIAN_POINT('',(-0.0720732172910076,-0.0193894717303414,0.0462886481238745));
#4360=CARTESIAN_POINT('',(-0.0719097679615934,-0.0199778048062546,0.0455));
#4361=CARTESIAN_POINT('',(-0.0720871797039345,-1.01831478042816E-16,0.0552914335039229));
#4362=CARTESIAN_POINT('',(-0.0720871797039346,-0.00186735430344868,0.0552918420047204));
#4363=CARTESIAN_POINT('',(-0.0720147726580151,-0.00369943595160781,0.0550799769641539));
#4364=CARTESIAN_POINT('',(-0.0718084913885312,-0.00639648337684156,0.0544540165347372));
#4365=CARTESIAN_POINT('',(-0.0717234243160318,-0.00728688808533418,0.0541932305780637));
#4366=CARTESIAN_POINT('',(-0.0715224006371416,-0.00904956024820817,0.0535605116122664));
#4367=CARTESIAN_POINT('',(-0.0714082615226162,-0.00990588531194478,0.053194617101487));
#4368=CARTESIAN_POINT('',(-0.0711581795364624,-0.0115663245048874,0.0523670505072707));
#4369=CARTESIAN_POINT('',(-0.0710221783627047,-0.012370905691564,0.0519047644172669));
#4370=CARTESIAN_POINT('',(-0.070733142650664,-0.0139288067606038,0.0508815554891096));
#4371=CARTESIAN_POINT('',(-0.0705800789655639,-0.0146821771356018,0.0503207454342555));
#4372=CARTESIAN_POINT('',(-0.0703417862510337,-0.0157712613104063,0.0493990204338038));
#4373=CARTESIAN_POINT('',(-0.0702613843135978,-0.016125259248736,0.0490802058409977));
#4374=CARTESIAN_POINT('',(-0.0701000762571132,-0.0168126565494262,0.0484221630673737));
#4375=CARTESIAN_POINT('',(-0.0700190532879665,-0.0171465821932817,0.0480826035857244));
#4376=CARTESIAN_POINT('',(-0.0697761362216197,-0.0181190175781038,0.0470319454703445));
#4377=CARTESIAN_POINT('',(-0.0696144471479842,-0.0187280023327915,0.0462886476468393));
#4378=CARTESIAN_POINT('',(-0.0694565739700993,-0.0192962641462972,0.0455));
#4379=CARTESIAN_POINT('',(-0.069965562810827,-0.0194376702444792,0.0455));
#4380=CARTESIAN_POINT('',(-0.0706087829849465,-0.019616368180104,0.0455));
#4381=CARTESIAN_POINT('',(-0.0712520031590659,-0.0197950661157289,0.0455));
#4382=CARTESIAN_POINT('',(-0.0718952233331853,-0.0199737640513537,0.0455));
#4383=CARTESIAN_POINT('',(-0.0718952233331854,-0.0199737640513536,0.0455));
#4384=CARTESIAN_POINT('',(-0.0741050434486793,1.13750216934154E-17,0.0552914335039229));
#4385=CARTESIAN_POINT('',(-0.0741050217185433,-0.00194845435982126,0.0552918481396189));
#4386=CARTESIAN_POINT('',(-0.0740064721927846,-0.00483916515989524,0.0549636766244294));
#4387=CARTESIAN_POINT('',(-0.0736997425373993,-0.00856490306400655,0.0538788429661375));
#4388=CARTESIAN_POINT('',(-0.073303739387745,-0.0120799396043363,0.0524036748675558));
#4389=CARTESIAN_POINT('',(-0.0726628609303831,-0.0161690329161201,0.0497773602807078));
#4390=CARTESIAN_POINT('',(-0.0721364322077517,-0.0188041929112847,0.0470391532274382));
#4391=CARTESIAN_POINT('',(-0.0718952233331853,-0.0199737640513537,0.0455));
#4392=CARTESIAN_POINT('',(1.1893264151297E-14,-3.94302646089529E-15,0.0455));
#4393=CARTESIAN_POINT('',(0.,4.59242549680257E-18,0.0455));
#4394=CARTESIAN_POINT('',(0.,4.59242549680257E-18,0.0301046719124859));
#4395=CARTESIAN_POINT('',(-0.0696778295919768,-0.0231654262722394,0.03725));
#4396=CARTESIAN_POINT('',(-0.0711473650457989,-0.0236539950954834,0.0386651534637047));
#4397=CARTESIAN_POINT('',(-0.0705138766994243,-0.0234433825137168,0.0386651534637047));
#4398=CARTESIAN_POINT('',(-0.0698803883530497,-0.0232327699319502,0.0386651534637047));
#4399=CARTESIAN_POINT('',(-0.0692469000066751,-0.0230221573501836,0.0386651534637047));
#4400=CARTESIAN_POINT('',(-0.0711473650457989,-0.0236539950954834,0.0386651534637045));
#4401=CARTESIAN_POINT('',(2.36425316934931E-15,-7.10669607445548E-15,1.46929989679821));
#4402=CARTESIAN_POINT('',(-0.0708571903814143,-0.0235575222312562,0.0445));
#4403=CARTESIAN_POINT('',(-0.0696778295919768,-0.0231654262722394,0.0445));
#4404=CARTESIAN_POINT('',(-0.0435632630908641,-0.0591090434696772,0.03725));
#4405=CARTESIAN_POINT('',(-0.0435632630908641,-0.0591090434696772,0.0445));
#4406=CARTESIAN_POINT('',(-0.0443006110342474,-0.0601095179186827,0.0445));
#4407=CARTESIAN_POINT('',(9.5963707690162E-15,-7.06791628026039E-15,1.46929989679821));
#4408=CARTESIAN_POINT('',(-0.0447433050421486,-0.0607101896200244,0.0302620388964158));
#4409=CARTESIAN_POINT('',(-0.0447433050421486,-0.0607101896200244,0.029998));
#4410=CARTESIAN_POINT('',(-0.0715791740559685,-0.0237975563953594,0.0386651534637045));
#4411=CARTESIAN_POINT('',(-0.0714262082970241,-0.0242576524868315,0.0373099503894131));
#4412=CARTESIAN_POINT('',(-0.0713094001036332,-0.0245952759150452,0.0359315167901033));
#4413=CARTESIAN_POINT('',(-0.0711532690966268,-0.0250433711257146,0.0331308649740149));
#4414=CARTESIAN_POINT('',(-0.0711141848872089,-0.0251530278002337,0.0317084960669317));
#4415=CARTESIAN_POINT('',(-0.0711194622235879,-0.025138097421098,0.0302620387755953));
#4416=CARTESIAN_POINT('',(-0.0692329898234785,-0.0230175327037909,0.0386651534637045));
#4417=CARTESIAN_POINT('',(-0.0690850380757947,-0.0234625474659542,0.0373099520865829));
#4418=CARTESIAN_POINT('',(-0.0689720583787812,-0.0237891049958267,0.0359315167901033));
#4419=CARTESIAN_POINT('',(-0.0688210449511778,-0.0242225127791572,0.0331308649740149));
#4420=CARTESIAN_POINT('',(-0.0687832418231353,-0.0243285751856747,0.0317084961040248));
#4421=CARTESIAN_POINT('',(-0.0687883461819069,-0.0243141341862325,0.0302620387755953));
#4422=CARTESIAN_POINT('',(-0.0711056405966801,-0.0251332119875913,0.0302620388964159));
#4423=CARTESIAN_POINT('',(-0.0704764230194035,-0.024910806864407,0.0302620388964159));
#4424=CARTESIAN_POINT('',(-0.069847205442127,-0.0246884017412227,0.0302620388964159));
#4425=CARTESIAN_POINT('',(-0.0692179878648505,-0.0244659966180383,0.0302620388964159));
#4426=CARTESIAN_POINT('',(-0.0711053732860789,-0.025133970734546,0.0302620388911039));
#4427=CARTESIAN_POINT('',(-0.0710962798759091,-0.0251312728470942,0.0304427725072625));
#4428=CARTESIAN_POINT('',(-0.0710991895262691,-0.0251325146109593,0.0303825304346149));
#4429=CARTESIAN_POINT('',(-0.0711021761350267,-0.0251335391405316,0.0303222853096757));
#4430=CARTESIAN_POINT('',(-0.0711052397303653,-0.0251343463536509,0.030262037132445));
#4431=CARTESIAN_POINT('',(-0.0710962832258416,-0.0251312740295355,0.0304427726934355));
#4432=CARTESIAN_POINT('',(-0.0711473650457989,-0.0236539950954834,0.0386651534637045));
#4433=CARTESIAN_POINT('',(-0.0709827008866942,-0.0245872114252187,0.0360288691538331));
#4434=CARTESIAN_POINT('',(-0.0709549238723777,-0.0250912281646642,0.0332404590260041));
#4435=CARTESIAN_POINT('',(-0.0710962798758993,-0.0251312728470895,0.0304427725074705));
#4436=CARTESIAN_POINT('',(1.1893264151297E-14,-3.94302646089529E-15,0.0445));
#4437=CARTESIAN_POINT('',(0.,4.59242549680257E-18,0.0445));
#4438=CARTESIAN_POINT('',(0.,4.59242549680257E-18,0.0301046719124859));
#4439=CARTESIAN_POINT('',(0.,4.59242549680257E-18,0.0302620388964158));
#4440=CARTESIAN_POINT('',(0.0699868441918556,-0.0222143771258923,0.03725));
#4441=CARTESIAN_POINT('',(0.0718905090551385,-0.0228186153892772,0.055));
#4442=CARTESIAN_POINT('',(0.0718905090551385,-0.0228186153892772,0.0301046719124875));
#4443=CARTESIAN_POINT('',(-4.93323644186598E-17,-1.50830185842606E-16,1.46929989679821));
#4444=CARTESIAN_POINT('',(0.0711714353350952,-0.0225903757110518,0.0445));
#4445=CARTESIAN_POINT('',(0.0699868441918556,-0.0222143771258923,0.0445));
#4446=CARTESIAN_POINT('',(1.1893264151297E-14,-3.94302646089529E-15,0.0445));
#4447=CARTESIAN_POINT('',(0.,4.59242549680257E-18,0.0445));
#4448=CARTESIAN_POINT('',(0.,4.59242549680257E-18,0.0301046719124859));
#4449=CARTESIAN_POINT('',(0.,4.59242549680257E-18,0.0301046719124859));
#4450=CARTESIAN_POINT('',(-0.0435632630908577,0.059109043469674,0.03725));
#4451=CARTESIAN_POINT('',(-0.0447433050421459,0.0607101896200264,0.029998));
#4452=CARTESIAN_POINT('',(-0.0447433050421459,0.0607101896200264,0.0302620388964158));
#4453=CARTESIAN_POINT('',(5.82596898258713E-15,4.29832151752456E-15,1.46929989679821));
#4454=CARTESIAN_POINT('',(-0.0443006110342448,0.0601095179186846,0.0445));
#4455=CARTESIAN_POINT('',(-0.0435632630908577,0.059109043469674,0.0445));
#4456=CARTESIAN_POINT('',(-0.0696778295919743,0.0231654262722391,0.03725));
#4457=CARTESIAN_POINT('',(-0.0696778295919743,0.0231654262722391,0.0445));
#4458=CARTESIAN_POINT('',(-0.0708571903814141,0.0235575222312568,0.0445));
#4459=CARTESIAN_POINT('',(2.18912330495378E-18,1.1176951885647E-17,1.46929989679821));
#4460=CARTESIAN_POINT('',(-0.0711474113193224,0.0236540104798022,0.038664222993395));
#4461=CARTESIAN_POINT('',(-0.0692469462801987,0.0230221727345022,0.0386642229933951));
#4462=CARTESIAN_POINT('',(-0.0698804346265733,0.0232327853162689,0.0386642229933951));
#4463=CARTESIAN_POINT('',(-0.0705139229729479,0.0234433978980355,0.0386642229933951));
#4464=CARTESIAN_POINT('',(-0.0711474113193224,0.0236540104798022,0.0386642229933951));
#4465=CARTESIAN_POINT('',(-0.0711194589734185,0.0251381036394856,0.0302620388473837));
#4466=CARTESIAN_POINT('',(-0.0711142197298823,0.0251529262438898,0.0317083246722681));
#4467=CARTESIAN_POINT('',(-0.07115336816438,0.0250430840822584,0.0331305064704485));
#4468=CARTESIAN_POINT('',(-0.0713093195334433,0.0245955038404206,0.03593094793833));
#4469=CARTESIAN_POINT('',(-0.0714262046141711,0.0242576604197353,0.0373091575273896));
#4470=CARTESIAN_POINT('',(-0.0715791731145809,0.023797556082382,0.0386642229933949));
#4471=CARTESIAN_POINT('',(-0.0687883901990783,0.0243141568704018,0.0302620388473837));
#4472=CARTESIAN_POINT('',(-0.0687833226810778,0.0243284936375545,0.0317083247127029));
#4473=CARTESIAN_POINT('',(-0.0688211879550352,0.0242222517508546,0.0331305064704485));
#4474=CARTESIAN_POINT('',(-0.0689720277361874,0.0237893417601804,0.03593094793833));
#4475=CARTESIAN_POINT('',(-0.0690850821756384,0.0234625703289765,0.0373091620209743));
#4476=CARTESIAN_POINT('',(-0.069233036378602,0.0230175481817316,0.038664222993395));
#4477=CARTESIAN_POINT('',(-0.0710963869569916,0.0251312953212917,0.0304407031707668));
#4478=CARTESIAN_POINT('',(-0.0709550077190832,0.0250912540198956,0.0332387862157796));
#4479=CARTESIAN_POINT('',(-0.0709826905032861,0.0245874533761981,0.0360276006590154));
#4480=CARTESIAN_POINT('',(-0.0711474113193225,0.0236540104798022,0.038664222993395));
#4481=CARTESIAN_POINT('',(-0.0710963869569916,0.0251312953212917,0.0304407031707668));
#4482=CARTESIAN_POINT('',(-0.0711052416906056,0.0251343408836674,0.0302620366520024));
#4483=CARTESIAN_POINT('',(-0.0711022149296789,0.0251335382243195,0.0303215932098648));
#4484=CARTESIAN_POINT('',(-0.0710992633609111,0.0251325230103931,0.0303811487161196));
#4485=CARTESIAN_POINT('',(-0.0710963869569914,0.0251312953212921,0.0304407031707668));
#4486=CARTESIAN_POINT('',(-0.0711054178746671,0.0251338425001705,0.0302620388891172));
#4487=CARTESIAN_POINT('',(-0.0692179764737624,0.0244659997619394,0.0302620388964159));
#4488=CARTESIAN_POINT('',(-0.0698471970766228,0.0246884060197361,0.0302620388964159));
#4489=CARTESIAN_POINT('',(-0.0704764176794832,0.0249108122775328,0.0302620388964159));
#4490=CARTESIAN_POINT('',(-0.0711056382823436,0.0251332185353295,0.0302620388964159));
#4491=CARTESIAN_POINT('',(1.1893264151297E-14,-3.94302646089529E-15,0.0445));
#4492=CARTESIAN_POINT('',(0.,4.59242549680257E-18,0.0445));
#4493=CARTESIAN_POINT('',(0.,4.59242549680257E-18,0.0301046719124859));
#4494=CARTESIAN_POINT('',(0.,4.59242549680257E-18,0.0302620388964158));
#4495=CARTESIAN_POINT('',(0.000499996125419645,-0.0734260642748864,0.03725));
#4496=CARTESIAN_POINT('',(0.000513596182211909,-0.0754232770399983,0.055));
#4497=CARTESIAN_POINT('',(0.000513596182211909,-0.0754232770399983,0.0301046719124854));
#4498=CARTESIAN_POINT('',(1.18657755746854E-14,8.53926409365149E-17,1.46929989679821));
#4499=CARTESIAN_POINT('',(0.000508459015676458,-0.0746688673534927,0.0445));
#4500=CARTESIAN_POINT('',(0.000499996125419645,-0.0734260642748864,0.0445));
#4501=CARTESIAN_POINT('',(1.1893264151297E-14,-3.94302646089529E-15,0.0445));
#4502=CARTESIAN_POINT('',(0.,4.59242549680257E-18,0.0445));
#4503=CARTESIAN_POINT('',(0.,4.59242549680257E-18,0.0301046719124859));
#4504=CARTESIAN_POINT('',(0.,4.59242549680257E-18,0.0301046719124859));
#4505=CARTESIAN_POINT('',(0.0427542523314302,0.059696824191958,0.03725));
#4506=CARTESIAN_POINT('',(0.043917181862822,0.0613205971735316,0.055));
#4507=CARTESIAN_POINT('',(0.043917181862822,0.0613205971735316,0.0301046719124854));
#4508=CARTESIAN_POINT('',(9.73128642214838E-15,-6.9648549585712E-15,1.46929989679821));
#4509=CARTESIAN_POINT('',(0.0434779070301499,0.0607072473655475,0.0445));
#4510=CARTESIAN_POINT('',(0.0427542523314301,0.059696824191958,0.0445));
#4511=CARTESIAN_POINT('',(1.1893264151297E-14,-3.94302646089529E-15,0.0445));
#4512=CARTESIAN_POINT('',(0.,4.59242549680257E-18,0.0445));
#4513=CARTESIAN_POINT('',(0.,4.59242549680257E-18,0.0301046719124859));
#4514=CARTESIAN_POINT('',(0.,4.59242549680257E-18,0.0301046719124859));
#4515=CARTESIAN_POINT('',(-0.0427542523486233,-0.0596968241796352,0.03725));
#4516=CARTESIAN_POINT('',(-0.0439171818804878,-0.0613205971608795,0.055));
#4517=CARTESIAN_POINT('',(-0.0439171818804878,-0.0613205971608795,0.0301046719124867));
#4518=CARTESIAN_POINT('',(9.73128642013834E-15,-6.96485496137777E-15,1.46929989679821));
#4519=CARTESIAN_POINT('',(-0.0434779070476388,-0.0607072473530221,0.0445));
#4520=CARTESIAN_POINT('',(-0.0427542523486233,-0.0596968241796352,0.0445));
#4521=CARTESIAN_POINT('',(1.1893264151297E-14,-3.94302646089529E-15,0.0445));
#4522=CARTESIAN_POINT('',(0.,4.59242549680257E-18,0.0445));
#4523=CARTESIAN_POINT('',(0.,4.59242549680257E-18,0.0301046719124859));
#4524=CARTESIAN_POINT('',(0.,4.59242549680257E-18,0.0301046719124859));
#4525=CARTESIAN_POINT('',(-0.00049999614657243,0.0734260642747343,0.03725));
#4526=CARTESIAN_POINT('',(-0.000513596203940777,0.0754232770398503,0.055));
#4527=CARTESIAN_POINT('',(-0.000513596203940777,0.0754232770398503,0.0301046719124856));
#4528=CARTESIAN_POINT('',(1.18658839923658E-14,8.53933826310483E-17,1.46929989679821));
#4529=CARTESIAN_POINT('',(-0.000508459037187749,0.0746688673533463,0.0445));
#4530=CARTESIAN_POINT('',(-0.000499996146572448,0.0734260642747343,0.0445));
#4531=CARTESIAN_POINT('',(1.1893264151297E-14,-3.94302646089529E-15,0.0445));
#4532=CARTESIAN_POINT('',(0.,4.59242549680257E-18,0.0445));
#4533=CARTESIAN_POINT('',(0.,4.59242549680257E-18,0.0301046719124859));
#4534=CARTESIAN_POINT('',(0.,4.59242549680257E-18,0.0301046719124859));
#4535=CARTESIAN_POINT('',(0.0696778295853195,0.0231654262923271,0.03725));
#4536=CARTESIAN_POINT('',(0.0715730891510736,0.0237955334015269,0.055));
#4537=CARTESIAN_POINT('',(0.0715730891510736,0.0237955334015269,0.0301046719124862));
#4538=CARTESIAN_POINT('',(2.36425317140026E-15,-7.10669607377361E-15,1.46929989679821));
#4539=CARTESIAN_POINT('',(0.0708571903746249,0.0235575222516777,0.0445));
#4540=CARTESIAN_POINT('',(0.0696778295853195,0.0231654262923271,0.0445));
#4541=CARTESIAN_POINT('',(1.1893264151297E-14,-3.94302646089529E-15,0.0445));
#4542=CARTESIAN_POINT('',(0.,4.59242549680257E-18,0.0445));
#4543=CARTESIAN_POINT('',(0.,4.59242549680257E-18,0.0301046719124859));
#4544=CARTESIAN_POINT('',(0.,4.59242549680257E-18,0.0301046719124859));
#4545=CARTESIAN_POINT('',(0.043563263073834,-0.0591090434822458,0.03725));
#4546=CARTESIAN_POINT('',(0.0447481979598301,-0.0607168286378544,0.055));
#4547=CARTESIAN_POINT('',(0.0447481979598301,-0.0607168286378544,0.0301046719124851));
#4548=CARTESIAN_POINT('',(5.82038320339994E-15,4.29420480530706E-15,1.46929989679821));
#4549=CARTESIAN_POINT('',(0.0443006110169204,-0.0601095179314526,0.0445));
#4550=CARTESIAN_POINT('',(0.043563263073834,-0.0591090434822458,0.0445));
#4551=CARTESIAN_POINT('',(1.1893264151297E-14,-3.94302646089529E-15,0.0445));
#4552=CARTESIAN_POINT('',(0.,4.59242549680257E-18,0.0445));
#4553=CARTESIAN_POINT('',(0.,4.59242549680257E-18,0.0301046719124859));
#4554=CARTESIAN_POINT('',(0.,4.59242549680257E-18,0.0301046719124859));
#4555=CARTESIAN_POINT('',(-0.0217372964438185,0.0701364873253364,0.05275));
#4556=CARTESIAN_POINT('',(9.73634008542385E-15,3.02216172196114E-15,1.46929989679821));
#4557=CARTESIAN_POINT('',(-0.0220897053897939,0.0712735526285863,0.0455));
#4558=CARTESIAN_POINT('',(-0.0217372964438185,0.0701364873253364,0.0455));
#4559=CARTESIAN_POINT('',(0.0226904277329789,0.0698339559263189,0.05275));
#4560=CARTESIAN_POINT('',(0.0226904277329789,0.0698339559263189,0.0455));
#4561=CARTESIAN_POINT('',(0.0230582890142434,0.0709661165362976,0.0455));
#4562=CARTESIAN_POINT('',(1.19150005158623E-14,-3.86682592045332E-15,1.46929989679821));
#4563=CARTESIAN_POINT('',(1.1893264151297E-14,-3.94302646089529E-15,0.0455));
#4564=CARTESIAN_POINT('',(0.,4.59242549680257E-18,0.0455));
#4565=CARTESIAN_POINT('',(0.,4.59242549680257E-18,0.0301046719124859));
#4566=CARTESIAN_POINT('',(0.0217372964236145,-0.0701364873316135,0.05275));
#4567=CARTESIAN_POINT('',(9.73302615161535E-15,3.02113463634384E-15,1.46929989679821));
#4568=CARTESIAN_POINT('',(0.0220897053692576,-0.0712735526349511,0.0455));
#4569=CARTESIAN_POINT('',(0.0217372964236145,-0.0701364873316135,0.0455));
#4570=CARTESIAN_POINT('',(-0.0226904277530958,-0.0698339559197827,0.05275));
#4571=CARTESIAN_POINT('',(-0.0226904277530957,-0.0698339559197827,0.0455));
#4572=CARTESIAN_POINT('',(-0.0230582890346867,-0.0709661165296551,0.0455));
#4573=CARTESIAN_POINT('',(1.19150005147458E-14,-3.86682592388969E-15,1.46929989679821));
#4574=CARTESIAN_POINT('',(1.1893264151297E-14,-3.94302646089529E-15,0.0455));
#4575=CARTESIAN_POINT('',(0.,4.59242549680257E-18,0.0455));
#4576=CARTESIAN_POINT('',(0.,4.59242549680257E-18,0.0301046719124859));
#4577=CARTESIAN_POINT('',(0.0734277666215332,2.11730702327216E-11,0.05275));
#4578=CARTESIAN_POINT('',(0.0734277666215332,2.11691751998742E-11,0.0455));
#4579=CARTESIAN_POINT('',(0.0746181907346175,2.1512437587463E-11,0.0455));
#4580=CARTESIAN_POINT('',(1.13851723153764E-24,-3.94302646432362E-15,1.46929989679821));
#4581=CARTESIAN_POINT('',(0.0599865692830344,0.0423467639457539,0.05275));
#4582=CARTESIAN_POINT('',(5.81454546326756E-15,-8.23203776254675E-15,1.46929989679821));
#4583=CARTESIAN_POINT('',(0.0609590822957759,0.0430332972727465,0.0455));
#4584=CARTESIAN_POINT('',(0.0599865692830344,0.0423467639457539,0.0455));
#4585=CARTESIAN_POINT('',(1.1893264151297E-14,-3.94302646089529E-15,0.0455));
#4586=CARTESIAN_POINT('',(0.,4.59242549680257E-18,0.0455));
#4587=CARTESIAN_POINT('',(0.,4.59242549680257E-18,0.0301046719124859));
#4588=CARTESIAN_POINT('',(0.0734209573133353,-0.00099996910939801,0.05275));
#4589=CARTESIAN_POINT('',(-5.15479344210563E-17,-3.78022318246904E-15,1.46929989679821));
#4590=CARTESIAN_POINT('',(0.0746112710326945,-0.00101618078782611,0.0455));
#4591=CARTESIAN_POINT('',(0.0734209573133353,-0.00099996910939801,0.0455));
#4592=CARTESIAN_POINT('',(0.0594043110458597,-0.043159758342617,0.05275));
#4593=CARTESIAN_POINT('',(0.0594043110458598,-0.043159758342617,0.0455));
#4594=CARTESIAN_POINT('',(0.0603673843836972,-0.0438594720804834,0.0455));
#4595=CARTESIAN_POINT('',(2.23506156886842E-15,3.08089075853426E-15,1.46929989679821));
#4596=CARTESIAN_POINT('',(1.1893264151297E-14,-3.94302646089529E-15,0.0455));
#4597=CARTESIAN_POINT('',(0.,4.59242549680257E-18,0.0455));
#4598=CARTESIAN_POINT('',(0.,4.59242549680257E-18,0.0301046719124859));
#4599=CARTESIAN_POINT('',(0.0588110351170542,-0.0439647479179281,0.05275));
#4600=CARTESIAN_POINT('',(2.37230554441956E-15,3.17799273571062E-15,1.46929989679821));
#4601=CARTESIAN_POINT('',(0.0597644901591997,-0.0446775122910696,0.0455));
#4602=CARTESIAN_POINT('',(0.0588110351170542,-0.0439647479179281,0.0455));
#4603=CARTESIAN_POINT('',(0.0226904277329714,-0.0698339559263292,0.05275));
#4604=CARTESIAN_POINT('',(0.0226904277329714,-0.0698339559263292,0.0455));
#4605=CARTESIAN_POINT('',(0.0230582890142335,-0.0709661165363008,0.0455));
#4606=CARTESIAN_POINT('',(9.59865314335216E-15,3.12338388724291E-15,1.46929989679821));
#4607=CARTESIAN_POINT('',(1.1893264151297E-14,-3.94302646089529E-15,0.0455));
#4608=CARTESIAN_POINT('',(0.,4.59242549680257E-18,0.0455));
#4609=CARTESIAN_POINT('',(0.,4.59242549680257E-18,0.0301046719124859));
#4610=CARTESIAN_POINT('',(-0.0588110351297101,0.0439647479009587,0.05275));
#4611=CARTESIAN_POINT('',(2.36815089281519E-15,3.17243511763667E-15,1.46929989679821));
#4612=CARTESIAN_POINT('',(-0.0597644901720802,0.0446775122738394,0.0455));
#4613=CARTESIAN_POINT('',(-0.0588110351297101,0.0439647479009587,0.0455));
#4614=CARTESIAN_POINT('',(-0.0226904277530881,0.0698339559197772,0.05275));
#4615=CARTESIAN_POINT('',(-0.0226904277530882,0.0698339559197772,0.0455));
#4616=CARTESIAN_POINT('',(-0.0230582890346815,0.0709661165296569,0.0455));
#4617=CARTESIAN_POINT('',(9.59865314245268E-15,3.12338389001122E-15,1.46929989679821));
#4618=CARTESIAN_POINT('',(1.1893264151297E-14,-3.94302646089529E-15,0.0455));
#4619=CARTESIAN_POINT('',(0.,4.59242549680257E-18,0.0455));
#4620=CARTESIAN_POINT('',(0.,4.59242549680257E-18,0.0301046719124859));
#4621=CARTESIAN_POINT('',(0.0236393506586101,0.0695184724477162,0.05275));
#4622=CARTESIAN_POINT('',(1.18611730366592E-14,-4.02873021183183E-15,1.46929989679821));
#4623=CARTESIAN_POINT('',(0.0240225960484227,0.0706455183829948,0.0455));
#4624=CARTESIAN_POINT('',(0.0236393506586101,0.0695184724477162,0.0455));
#4625=CARTESIAN_POINT('',(0.0594043110458644,0.0431597583426027,0.05275));
#4626=CARTESIAN_POINT('',(0.0594043110458644,0.0431597583426027,0.0455));
#4627=CARTESIAN_POINT('',(0.0603673843837056,0.0438594720804718,0.0455));
#4628=CARTESIAN_POINT('',(5.98735471368312E-15,-8.23629434986697E-15,1.46929989679821));
#4629=CARTESIAN_POINT('',(1.1893264151297E-14,-3.94302646089529E-15,0.0455));
#4630=CARTESIAN_POINT('',(0.,4.59242549680257E-18,0.0455));
#4631=CARTESIAN_POINT('',(0.,4.59242549680257E-18,0.0301046719124859));
#4632=CARTESIAN_POINT('',(-0.0236393506786359,-0.0695184724409063,0.05275));
#4633=CARTESIAN_POINT('',(1.18578883018943E-14,-4.02761326076895E-15,1.46929989679821));
#4634=CARTESIAN_POINT('',(-0.0240225960687736,-0.0706455183760746,0.0455));
#4635=CARTESIAN_POINT('',(-0.0236393506786359,-0.0695184724409063,0.0455));
#4636=CARTESIAN_POINT('',(-0.0594043110582882,-0.043159758325478,0.05275));
#4637=CARTESIAN_POINT('',(-0.0594043110582882,-0.043159758325478,0.0455));
#4638=CARTESIAN_POINT('',(-0.060367384396343,-0.0438594720630779,0.0455));
#4639=CARTESIAN_POINT('',(5.98327613180278E-15,-8.2306806685031E-15,1.46929989679821));
#4640=CARTESIAN_POINT('',(1.1893264151297E-14,-3.94302646089529E-15,0.0455));
#4641=CARTESIAN_POINT('',(0.,4.59242549680257E-18,0.0455));
#4642=CARTESIAN_POINT('',(0.,4.59242549680257E-18,0.0301046719124859));
#4643=CARTESIAN_POINT('',(-2.77555756156289E-17,2.25514051876985E-17,0.055));
#4644=CARTESIAN_POINT('',(6.93889390390723E-18,2.08166817117217E-17,0.055));
#4645=CARTESIAN_POINT('',(2.97071395261029E-17,-6.93889390390723E-18,0.055));
#4646=CARTESIAN_POINT('',(2.87313575708658E-17,-4.5102810375397E-17,0.055));
#4647=CARTESIAN_POINT('',(-1.59919820441612E-17,-2.77555756156289E-17,0.055));
#4648=CARTESIAN_POINT('',(-3.18213337624495E-17,2.77555756156289E-17,0.055));
#4649=CARTESIAN_POINT('',(9.0205620750794E-17,-2.42861286636753E-17,0.055));
#4650=CARTESIAN_POINT('',(-0.0692179878648505,-0.0244659966180383,0.029998));
#4651=CARTESIAN_POINT('',(-0.0711055904780622,-0.0251333537807069,0.029998));
#4652=CARTESIAN_POINT('',(0.,4.59242549680257E-18,0.029998));
#4653=CARTESIAN_POINT('',(-0.0711056382823436,0.0251332185353295,0.029998));
#4654=CARTESIAN_POINT('',(-0.0711055886949832,0.0251333588253964,0.029998));
#4655=CARTESIAN_POINT('',(0.,4.59242549680257E-18,0.029998));
#4656=MECHANICAL_DESIGN_GEOMETRIC_PRESENTATION_REPRESENTATION('',(#2481),
#4657);
#4657=(
GEOMETRIC_REPRESENTATION_CONTEXT(3)
GLOBAL_UNCERTAINTY_ASSIGNED_CONTEXT((#4658))
GLOBAL_UNIT_ASSIGNED_CONTEXT((#4661,#4660,#4659))
REPRESENTATION_CONTEXT('stage_1','TOP_LEVEL_ASSEMBLY_PART')
);
#4658=UNCERTAINTY_MEASURE_WITH_UNIT(LENGTH_MEASURE(4.45452003392355E-5),
#4661,'DISTANCE_ACCURACY_VALUE','Maximum Tolerance applied to model');
#4659=(
NAMED_UNIT(*)
SI_UNIT($,.STERADIAN.)
SOLID_ANGLE_UNIT()
);
#4660=(
NAMED_UNIT(*)
PLANE_ANGLE_UNIT()
SI_UNIT($,.RADIAN.)
);
#4661=(
LENGTH_UNIT()
NAMED_UNIT(*)
SI_UNIT($,.METRE.)
);
#4662=PRODUCT_DEFINITION_SHAPE('','',#4663);
#4663=PRODUCT_DEFINITION('','',#4665,#4664);
#4664=PRODUCT_DEFINITION_CONTEXT('',#4671,'design');
#4665=PRODUCT_DEFINITION_FORMATION_WITH_SPECIFIED_SOURCE('','',#4667,
 .NOT_KNOWN.);
#4666=PRODUCT_RELATED_PRODUCT_CATEGORY('','',(#4667));
#4667=PRODUCT('stage_1','stage_1','stage_1',(#4669));
#4668=PRODUCT_CATEGORY('','');
#4669=PRODUCT_CONTEXT('',#4671,'mechanical');
#4670=APPLICATION_PROTOCOL_DEFINITION('international standard',
'ap242_managed_model_based_3d_engineering',2020,#4671);
#4671=APPLICATION_CONTEXT('managed model based 3d engineering');
ENDSEC;
END-ISO-10303-21;
