ISO-10303-21;
HEADER;
/* Generated by software containing ST-Developer
 * from STEP Tools, Inc. (www.steptools.com) 
 */
/* OPTION: using custom renumber hook */

FILE_DESCRIPTION(
/* description */ ('STEP AP242 Edition 2',
'CAx-IF Rec.Pracs.---Representation and Presentation of Product Manufa
cturing Information (PMI)---4.0---2014-10-13',
'CAx-IF Rec.Pracs.---3D Tessellated Geometry---0.4---2014-09-14','2;1',
'CAx-IF Rec.Pracs.---User Defined Attributes---1.5---2016-08-15'),
/* implementation_level */ '2;1');

FILE_NAME(
/* name */ 'Dice_Tower - stage_10',
/* time_stamp */ '2026-01-10T15:24:05Z',
/* author */ (''),
/* organization */ (''),
/* preprocessor_version */ 'ST-DEVELOPER v20',
/* originating_system */ 'ONSHAPE BY PTC INC, 1.209',
/* authorisation */ '  ');

FILE_SCHEMA (('AP242_MANAGED_MODEL_BASED_3D_ENGINEERING_MIM_LF { 1 0 10303 442 3 1 4 }'));
ENDSEC;

DATA;
#10=SHAPE_REPRESENTATION_RELATIONSHIP('','',#1258,#11);
#11=ADVANCED_BREP_SHAPE_REPRESENTATION('',(#1256),#2174);
#12=B_SPLINE_SURFACE_WITH_KNOTS('',3,1,((#1817,#1818),(#1819,#1820),(#1821,
#1822),(#1823,#1824)),.SURF_OF_LINEAR_EXTRUSION.,.F.,.F.,.F.,(4,4),(2,2),
(0.,1.),(0.,1.),.PIECEWISE_BEZIER_KNOTS.);
#13=B_SPLINE_SURFACE_WITH_KNOTS('',3,1,((#1830,#1831),(#1832,#1833),(#1834,
#1835),(#1836,#1837)),.SURF_OF_LINEAR_EXTRUSION.,.F.,.F.,.F.,(4,4),(2,2),
(0.,1.),(0.,1.),.PIECEWISE_BEZIER_KNOTS.);
#14=B_SPLINE_SURFACE_WITH_KNOTS('',3,1,((#1847,#1848),(#1849,#1850),(#1851,
#1852),(#1853,#1854)),.SURF_OF_LINEAR_EXTRUSION.,.F.,.F.,.F.,(4,4),(2,2),
(0.,1.),(0.,1.),.PIECEWISE_BEZIER_KNOTS.);
#15=B_SPLINE_SURFACE_WITH_KNOTS('',3,1,((#1860,#1861),(#1862,#1863),(#1864,
#1865),(#1866,#1867)),.SURF_OF_LINEAR_EXTRUSION.,.F.,.F.,.F.,(4,4),(2,2),
(0.,1.),(0.,1.),.PIECEWISE_BEZIER_KNOTS.);
#16=B_SPLINE_SURFACE_WITH_KNOTS('',3,1,((#1873,#1874),(#1875,#1876),(#1877,
#1878),(#1879,#1880)),.SURF_OF_LINEAR_EXTRUSION.,.F.,.F.,.F.,(4,4),(2,2),
(0.,1.),(0.,1.),.PIECEWISE_BEZIER_KNOTS.);
#17=B_SPLINE_SURFACE_WITH_KNOTS('',3,1,((#1886,#1887),(#1888,#1889),(#1890,
#1891),(#1892,#1893)),.SURF_OF_LINEAR_EXTRUSION.,.F.,.F.,.F.,(4,4),(2,2),
(0.,1.),(0.,1.),.PIECEWISE_BEZIER_KNOTS.);
#18=B_SPLINE_SURFACE_WITH_KNOTS('',3,1,((#1903,#1904),(#1905,#1906),(#1907,
#1908),(#1909,#1910)),.SURF_OF_LINEAR_EXTRUSION.,.F.,.F.,.F.,(4,4),(2,2),
(0.,1.),(0.,1.),.PIECEWISE_BEZIER_KNOTS.);
#19=B_SPLINE_SURFACE_WITH_KNOTS('',3,1,((#1920,#1921),(#1922,#1923),(#1924,
#1925),(#1926,#1927)),.SURF_OF_LINEAR_EXTRUSION.,.F.,.F.,.F.,(4,4),(2,2),
(0.,1.),(0.,1.),.PIECEWISE_BEZIER_KNOTS.);
#20=B_SPLINE_SURFACE_WITH_KNOTS('',3,1,((#1933,#1934),(#1935,#1936),(#1937,
#1938),(#1939,#1940)),.SURF_OF_LINEAR_EXTRUSION.,.F.,.F.,.F.,(4,4),(2,2),
(0.,1.),(0.,1.),.PIECEWISE_BEZIER_KNOTS.);
#21=B_SPLINE_SURFACE_WITH_KNOTS('',3,1,((#1946,#1947),(#1948,#1949),(#1950,
#1951),(#1952,#1953)),.SURF_OF_LINEAR_EXTRUSION.,.F.,.F.,.F.,(4,4),(2,2),
(0.,1.),(0.,1.),.PIECEWISE_BEZIER_KNOTS.);
#22=B_SPLINE_SURFACE_WITH_KNOTS('',3,1,((#1958,#1959),(#1960,#1961),(#1962,
#1963),(#1964,#1965)),.SURF_OF_LINEAR_EXTRUSION.,.F.,.F.,.F.,(4,4),(2,2),
(0.,1.),(0.,1.),.PIECEWISE_BEZIER_KNOTS.);
#23=B_SPLINE_SURFACE_WITH_KNOTS('',3,1,((#1981,#1982),(#1983,#1984),(#1985,
#1986),(#1987,#1988)),.SURF_OF_LINEAR_EXTRUSION.,.F.,.F.,.F.,(4,4),(2,2),
(0.,1.),(0.,1.),.PIECEWISE_BEZIER_KNOTS.);
#24=B_SPLINE_SURFACE_WITH_KNOTS('',3,1,((#1994,#1995),(#1996,#1997),(#1998,
#1999),(#2000,#2001)),.SURF_OF_LINEAR_EXTRUSION.,.F.,.F.,.F.,(4,4),(2,2),
(0.,1.),(0.,1.),.PIECEWISE_BEZIER_KNOTS.);
#25=B_SPLINE_SURFACE_WITH_KNOTS('',3,1,((#2007,#2008),(#2009,#2010),(#2011,
#2012),(#2013,#2014)),.SURF_OF_LINEAR_EXTRUSION.,.F.,.F.,.F.,(4,4),(2,2),
(0.,1.),(0.,1.),.PIECEWISE_BEZIER_KNOTS.);
#26=B_SPLINE_SURFACE_WITH_KNOTS('',3,1,((#2020,#2021),(#2022,#2023),(#2024,
#2025),(#2026,#2027)),.SURF_OF_LINEAR_EXTRUSION.,.F.,.F.,.F.,(4,4),(2,2),
(0.,1.),(0.,1.),.PIECEWISE_BEZIER_KNOTS.);
#27=B_SPLINE_SURFACE_WITH_KNOTS('',3,1,((#2033,#2034),(#2035,#2036),(#2037,
#2038),(#2039,#2040)),.SURF_OF_LINEAR_EXTRUSION.,.F.,.F.,.F.,(4,4),(2,2),
(0.,1.),(0.,1.),.PIECEWISE_BEZIER_KNOTS.);
#28=B_SPLINE_SURFACE_WITH_KNOTS('',3,1,((#2050,#2051),(#2052,#2053),(#2054,
#2055),(#2056,#2057)),.SURF_OF_LINEAR_EXTRUSION.,.F.,.F.,.F.,(4,4),(2,2),
(0.,1.),(0.,1.),.PIECEWISE_BEZIER_KNOTS.);
#29=B_SPLINE_SURFACE_WITH_KNOTS('',3,1,((#2067,#2068),(#2069,#2070),(#2071,
#2072),(#2073,#2074)),.SURF_OF_LINEAR_EXTRUSION.,.F.,.F.,.F.,(4,4),(2,2),
(0.,1.),(0.,1.),.PIECEWISE_BEZIER_KNOTS.);
#30=B_SPLINE_SURFACE_WITH_KNOTS('',3,1,((#2080,#2081),(#2082,#2083),(#2084,
#2085),(#2086,#2087)),.SURF_OF_LINEAR_EXTRUSION.,.F.,.F.,.F.,(4,4),(2,2),
(0.,1.),(0.,1.),.PIECEWISE_BEZIER_KNOTS.);
#31=B_SPLINE_SURFACE_WITH_KNOTS('',3,1,((#2097,#2098),(#2099,#2100),(#2101,
#2102),(#2103,#2104)),.SURF_OF_LINEAR_EXTRUSION.,.F.,.F.,.F.,(4,4),(2,2),
(0.,1.),(0.,1.),.PIECEWISE_BEZIER_KNOTS.);
#32=B_SPLINE_SURFACE_WITH_KNOTS('',3,1,((#2110,#2111),(#2112,#2113),(#2114,
#2115),(#2116,#2117)),.SURF_OF_LINEAR_EXTRUSION.,.F.,.F.,.F.,(4,4),(2,2),
(0.,1.),(0.,1.),.PIECEWISE_BEZIER_KNOTS.);
#33=B_SPLINE_SURFACE_WITH_KNOTS('',3,1,((#2123,#2124),(#2125,#2126),(#2127,
#2128),(#2129,#2130)),.SURF_OF_LINEAR_EXTRUSION.,.F.,.F.,.F.,(4,4),(2,2),
(0.,1.),(0.,1.),.PIECEWISE_BEZIER_KNOTS.);
#34=CYLINDRICAL_SURFACE('',#1288,0.00159232026676958);
#35=CYLINDRICAL_SURFACE('',#1290,0.00136267736657176);
#36=CYLINDRICAL_SURFACE('',#1293,0.00244344913787801);
#37=CYLINDRICAL_SURFACE('',#1296,0.00844365973704152);
#38=CYLINDRICAL_SURFACE('',#1300,2.84928463304715E-5);
#39=CYLINDRICAL_SURFACE('',#1302,0.00157520463966411);
#40=CYLINDRICAL_SURFACE('',#1305,0.00244290055281516);
#41=CYLINDRICAL_SURFACE('',#1321,0.0467110664862343);
#42=CONICAL_SURFACE('',#1278,0.0655665997290526,0.0523598775598298);
#43=B_SPLINE_CURVE_WITH_KNOTS('',2,(#1593,#1594,#1595),.UNSPECIFIED.,.F.,
 .F.,(3,3),(0.,1.),.PIECEWISE_BEZIER_KNOTS.);
#44=B_SPLINE_CURVE_WITH_KNOTS('',2,(#1597,#1598,#1599),.UNSPECIFIED.,.F.,
 .F.,(3,3),(0.,1.),.PIECEWISE_BEZIER_KNOTS.);
#45=B_SPLINE_CURVE_WITH_KNOTS('',2,(#1601,#1602,#1603),.UNSPECIFIED.,.F.,
 .F.,(3,3),(0.,1.),.PIECEWISE_BEZIER_KNOTS.);
#46=B_SPLINE_CURVE_WITH_KNOTS('',2,(#1607,#1608,#1609),.UNSPECIFIED.,.F.,
 .F.,(3,3),(0.,1.),.PIECEWISE_BEZIER_KNOTS.);
#47=B_SPLINE_CURVE_WITH_KNOTS('',2,(#1613,#1614,#1615),.UNSPECIFIED.,.F.,
 .F.,(3,3),(0.,1.),.PIECEWISE_BEZIER_KNOTS.);
#48=B_SPLINE_CURVE_WITH_KNOTS('',2,(#1617,#1618,#1619),.UNSPECIFIED.,.F.,
 .F.,(3,3),(0.,1.),.PIECEWISE_BEZIER_KNOTS.);
#49=B_SPLINE_CURVE_WITH_KNOTS('',2,(#1621,#1622,#1623),.UNSPECIFIED.,.F.,
 .F.,(3,3),(0.,1.),.PIECEWISE_BEZIER_KNOTS.);
#50=B_SPLINE_CURVE_WITH_KNOTS('',2,(#1625,#1626,#1627),.UNSPECIFIED.,.F.,
 .F.,(3,3),(0.,1.),.PIECEWISE_BEZIER_KNOTS.);
#51=B_SPLINE_CURVE_WITH_KNOTS('',2,(#1631,#1632,#1633),.UNSPECIFIED.,.F.,
 .F.,(3,3),(0.,1.),.PIECEWISE_BEZIER_KNOTS.);
#52=B_SPLINE_CURVE_WITH_KNOTS('',2,(#1635,#1636,#1637),.UNSPECIFIED.,.F.,
 .F.,(3,3),(0.,1.),.PIECEWISE_BEZIER_KNOTS.);
#53=B_SPLINE_CURVE_WITH_KNOTS('',2,(#1660,#1661,#1662),.UNSPECIFIED.,.F.,
 .F.,(3,3),(0.,1.),.PIECEWISE_BEZIER_KNOTS.);
#54=B_SPLINE_CURVE_WITH_KNOTS('',2,(#1665,#1666,#1667),.UNSPECIFIED.,.F.,
 .F.,(3,3),(0.,1.),.PIECEWISE_BEZIER_KNOTS.);
#55=B_SPLINE_CURVE_WITH_KNOTS('',2,(#1669,#1670,#1671),.UNSPECIFIED.,.F.,
 .F.,(3,3),(0.,1.),.PIECEWISE_BEZIER_KNOTS.);
#56=B_SPLINE_CURVE_WITH_KNOTS('',2,(#1673,#1674,#1675),.UNSPECIFIED.,.F.,
 .F.,(3,3),(0.,1.),.PIECEWISE_BEZIER_KNOTS.);
#57=B_SPLINE_CURVE_WITH_KNOTS('',2,(#1679,#1680,#1681),.UNSPECIFIED.,.F.,
 .F.,(3,3),(0.,1.),.PIECEWISE_BEZIER_KNOTS.);
#58=B_SPLINE_CURVE_WITH_KNOTS('',2,(#1683,#1684,#1685),.UNSPECIFIED.,.F.,
 .F.,(3,3),(0.,1.),.PIECEWISE_BEZIER_KNOTS.);
#59=B_SPLINE_CURVE_WITH_KNOTS('',2,(#1689,#1690,#1691),.UNSPECIFIED.,.F.,
 .F.,(3,3),(0.,1.),.PIECEWISE_BEZIER_KNOTS.);
#60=B_SPLINE_CURVE_WITH_KNOTS('',2,(#1695,#1696,#1697),.UNSPECIFIED.,.F.,
 .F.,(3,3),(0.,1.),.PIECEWISE_BEZIER_KNOTS.);
#61=B_SPLINE_CURVE_WITH_KNOTS('',2,(#1699,#1700,#1701),.UNSPECIFIED.,.F.,
 .F.,(3,3),(0.,1.),.PIECEWISE_BEZIER_KNOTS.);
#62=B_SPLINE_CURVE_WITH_KNOTS('',2,(#1703,#1704,#1705),.UNSPECIFIED.,.F.,
 .F.,(3,3),(0.,1.),.PIECEWISE_BEZIER_KNOTS.);
#63=B_SPLINE_CURVE_WITH_KNOTS('',2,(#1707,#1708,#1709),.UNSPECIFIED.,.F.,
 .F.,(3,3),(0.,1.),.PIECEWISE_BEZIER_KNOTS.);
#64=B_SPLINE_CURVE_WITH_KNOTS('',2,(#1711,#1712,#1713),.UNSPECIFIED.,.F.,
 .F.,(3,3),(0.,1.),.PIECEWISE_BEZIER_KNOTS.);
#65=B_SPLINE_CURVE_WITH_KNOTS('',2,(#1827,#1828,#1829),.UNSPECIFIED.,.F.,
 .F.,(3,3),(0.,1.),.PIECEWISE_BEZIER_KNOTS.);
#66=B_SPLINE_CURVE_WITH_KNOTS('',2,(#1840,#1841,#1842),.UNSPECIFIED.,.F.,
 .F.,(3,3),(0.,1.),.PIECEWISE_BEZIER_KNOTS.);
#67=B_SPLINE_CURVE_WITH_KNOTS('',2,(#1857,#1858,#1859),.UNSPECIFIED.,.F.,
 .F.,(3,3),(0.,1.),.PIECEWISE_BEZIER_KNOTS.);
#68=B_SPLINE_CURVE_WITH_KNOTS('',2,(#1870,#1871,#1872),.UNSPECIFIED.,.F.,
 .F.,(3,3),(0.,1.),.PIECEWISE_BEZIER_KNOTS.);
#69=B_SPLINE_CURVE_WITH_KNOTS('',2,(#1883,#1884,#1885),.UNSPECIFIED.,.F.,
 .F.,(3,3),(0.,1.),.PIECEWISE_BEZIER_KNOTS.);
#70=B_SPLINE_CURVE_WITH_KNOTS('',2,(#1896,#1897,#1898),.UNSPECIFIED.,.F.,
 .F.,(3,3),(0.,1.),.PIECEWISE_BEZIER_KNOTS.);
#71=B_SPLINE_CURVE_WITH_KNOTS('',2,(#1913,#1914,#1915),.UNSPECIFIED.,.F.,
 .F.,(3,3),(0.,1.),.PIECEWISE_BEZIER_KNOTS.);
#72=B_SPLINE_CURVE_WITH_KNOTS('',2,(#1930,#1931,#1932),.UNSPECIFIED.,.F.,
 .F.,(3,3),(0.,1.),.PIECEWISE_BEZIER_KNOTS.);
#73=B_SPLINE_CURVE_WITH_KNOTS('',2,(#1943,#1944,#1945),.UNSPECIFIED.,.F.,
 .F.,(3,3),(0.,1.),.PIECEWISE_BEZIER_KNOTS.);
#74=B_SPLINE_CURVE_WITH_KNOTS('',2,(#1954,#1955,#1956),.UNSPECIFIED.,.F.,
 .F.,(3,3),(0.,1.),.PIECEWISE_BEZIER_KNOTS.);
#75=B_SPLINE_CURVE_WITH_KNOTS('',2,(#1968,#1969,#1970),.UNSPECIFIED.,.F.,
 .F.,(3,3),(0.,1.),.PIECEWISE_BEZIER_KNOTS.);
#76=B_SPLINE_CURVE_WITH_KNOTS('',2,(#1991,#1992,#1993),.UNSPECIFIED.,.F.,
 .F.,(3,3),(0.,1.),.PIECEWISE_BEZIER_KNOTS.);
#77=B_SPLINE_CURVE_WITH_KNOTS('',2,(#2004,#2005,#2006),.UNSPECIFIED.,.F.,
 .F.,(3,3),(0.,1.),.PIECEWISE_BEZIER_KNOTS.);
#78=B_SPLINE_CURVE_WITH_KNOTS('',2,(#2017,#2018,#2019),.UNSPECIFIED.,.F.,
 .F.,(3,3),(0.,1.),.PIECEWISE_BEZIER_KNOTS.);
#79=B_SPLINE_CURVE_WITH_KNOTS('',2,(#2030,#2031,#2032),.UNSPECIFIED.,.F.,
 .F.,(3,3),(0.,1.),.PIECEWISE_BEZIER_KNOTS.);
#80=B_SPLINE_CURVE_WITH_KNOTS('',2,(#2043,#2044,#2045),.UNSPECIFIED.,.F.,
 .F.,(3,3),(0.,1.),.PIECEWISE_BEZIER_KNOTS.);
#81=B_SPLINE_CURVE_WITH_KNOTS('',2,(#2060,#2061,#2062),.UNSPECIFIED.,.F.,
 .F.,(3,3),(0.,1.),.PIECEWISE_BEZIER_KNOTS.);
#82=B_SPLINE_CURVE_WITH_KNOTS('',2,(#2077,#2078,#2079),.UNSPECIFIED.,.F.,
 .F.,(3,3),(0.,1.),.PIECEWISE_BEZIER_KNOTS.);
#83=B_SPLINE_CURVE_WITH_KNOTS('',2,(#2090,#2091,#2092),.UNSPECIFIED.,.F.,
 .F.,(3,3),(0.,1.),.PIECEWISE_BEZIER_KNOTS.);
#84=B_SPLINE_CURVE_WITH_KNOTS('',2,(#2107,#2108,#2109),.UNSPECIFIED.,.F.,
 .F.,(3,3),(0.,1.),.PIECEWISE_BEZIER_KNOTS.);
#85=B_SPLINE_CURVE_WITH_KNOTS('',2,(#2120,#2121,#2122),.UNSPECIFIED.,.F.,
 .F.,(3,3),(0.,1.),.PIECEWISE_BEZIER_KNOTS.);
#86=B_SPLINE_CURVE_WITH_KNOTS('',2,(#2131,#2132,#2133),.UNSPECIFIED.,.F.,
 .F.,(3,3),(0.,1.),.PIECEWISE_BEZIER_KNOTS.);
#87=CIRCLE('',#1262,0.00159232026676958);
#88=CIRCLE('',#1263,0.00844365973704152);
#89=CIRCLE('',#1264,0.00244344913787801);
#90=CIRCLE('',#1265,0.00136267736657176);
#91=CIRCLE('',#1266,0.0655665997290526);
#92=CIRCLE('',#1267,0.00244290055281516);
#93=CIRCLE('',#1268,0.00157520463966411);
#94=CIRCLE('',#1269,2.84928463304715E-5);
#95=CIRCLE('',#1270,0.0467110664862343);
#96=CIRCLE('',#1272,0.0671388331075438);
#97=CIRCLE('',#1273,0.0467110664862343);
#98=CIRCLE('',#1289,0.00159232026676958);
#99=CIRCLE('',#1291,0.00136267736657176);
#100=CIRCLE('',#1294,0.00244344913787801);
#101=CIRCLE('',#1297,0.00844365973704152);
#102=CIRCLE('',#1301,2.84928463304715E-5);
#103=CIRCLE('',#1303,0.00157520463966411);
#104=CIRCLE('',#1306,0.00244290055281516);
#105=ORIENTED_EDGE('',*,*,#463,.F.);
#106=ORIENTED_EDGE('',*,*,#464,.T.);
#107=ORIENTED_EDGE('',*,*,#465,.F.);
#108=ORIENTED_EDGE('',*,*,#466,.F.);
#109=ORIENTED_EDGE('',*,*,#467,.T.);
#110=ORIENTED_EDGE('',*,*,#468,.T.);
#111=ORIENTED_EDGE('',*,*,#469,.T.);
#112=ORIENTED_EDGE('',*,*,#470,.T.);
#113=ORIENTED_EDGE('',*,*,#471,.T.);
#114=ORIENTED_EDGE('',*,*,#472,.T.);
#115=ORIENTED_EDGE('',*,*,#473,.T.);
#116=ORIENTED_EDGE('',*,*,#474,.T.);
#117=ORIENTED_EDGE('',*,*,#475,.T.);
#118=ORIENTED_EDGE('',*,*,#476,.T.);
#119=ORIENTED_EDGE('',*,*,#477,.T.);
#120=ORIENTED_EDGE('',*,*,#478,.T.);
#121=ORIENTED_EDGE('',*,*,#479,.T.);
#122=ORIENTED_EDGE('',*,*,#480,.T.);
#123=ORIENTED_EDGE('',*,*,#481,.T.);
#124=ORIENTED_EDGE('',*,*,#482,.T.);
#125=ORIENTED_EDGE('',*,*,#483,.T.);
#126=ORIENTED_EDGE('',*,*,#484,.T.);
#127=ORIENTED_EDGE('',*,*,#485,.T.);
#128=ORIENTED_EDGE('',*,*,#486,.T.);
#129=ORIENTED_EDGE('',*,*,#487,.T.);
#130=ORIENTED_EDGE('',*,*,#488,.T.);
#131=ORIENTED_EDGE('',*,*,#489,.T.);
#132=ORIENTED_EDGE('',*,*,#490,.F.);
#133=ORIENTED_EDGE('',*,*,#491,.F.);
#134=ORIENTED_EDGE('',*,*,#492,.F.);
#135=ORIENTED_EDGE('',*,*,#493,.F.);
#136=ORIENTED_EDGE('',*,*,#494,.F.);
#137=ORIENTED_EDGE('',*,*,#495,.T.);
#138=ORIENTED_EDGE('',*,*,#496,.T.);
#139=ORIENTED_EDGE('',*,*,#497,.T.);
#140=ORIENTED_EDGE('',*,*,#498,.T.);
#141=ORIENTED_EDGE('',*,*,#499,.T.);
#142=ORIENTED_EDGE('',*,*,#500,.T.);
#143=ORIENTED_EDGE('',*,*,#501,.T.);
#144=ORIENTED_EDGE('',*,*,#502,.T.);
#145=ORIENTED_EDGE('',*,*,#503,.T.);
#146=ORIENTED_EDGE('',*,*,#504,.T.);
#147=ORIENTED_EDGE('',*,*,#505,.T.);
#148=ORIENTED_EDGE('',*,*,#506,.T.);
#149=ORIENTED_EDGE('',*,*,#507,.T.);
#150=ORIENTED_EDGE('',*,*,#508,.T.);
#151=ORIENTED_EDGE('',*,*,#509,.T.);
#152=ORIENTED_EDGE('',*,*,#510,.T.);
#153=ORIENTED_EDGE('',*,*,#511,.T.);
#154=ORIENTED_EDGE('',*,*,#512,.T.);
#155=ORIENTED_EDGE('',*,*,#513,.T.);
#156=ORIENTED_EDGE('',*,*,#514,.T.);
#157=ORIENTED_EDGE('',*,*,#515,.T.);
#158=ORIENTED_EDGE('',*,*,#464,.F.);
#159=ORIENTED_EDGE('',*,*,#516,.T.);
#160=ORIENTED_EDGE('',*,*,#517,.F.);
#161=ORIENTED_EDGE('',*,*,#518,.T.);
#162=ORIENTED_EDGE('',*,*,#519,.T.);
#163=ORIENTED_EDGE('',*,*,#520,.F.);
#164=ORIENTED_EDGE('',*,*,#521,.F.);
#165=ORIENTED_EDGE('',*,*,#522,.T.);
#166=ORIENTED_EDGE('',*,*,#523,.F.);
#167=ORIENTED_EDGE('',*,*,#524,.F.);
#168=ORIENTED_EDGE('',*,*,#525,.F.);
#169=ORIENTED_EDGE('',*,*,#526,.T.);
#170=ORIENTED_EDGE('',*,*,#527,.F.);
#171=ORIENTED_EDGE('',*,*,#528,.F.);
#172=ORIENTED_EDGE('',*,*,#529,.F.);
#173=ORIENTED_EDGE('',*,*,#530,.F.);
#174=ORIENTED_EDGE('',*,*,#531,.T.);
#175=ORIENTED_EDGE('',*,*,#532,.T.);
#176=ORIENTED_EDGE('',*,*,#466,.T.);
#177=ORIENTED_EDGE('',*,*,#533,.T.);
#178=ORIENTED_EDGE('',*,*,#534,.F.);
#179=ORIENTED_EDGE('',*,*,#535,.T.);
#180=ORIENTED_EDGE('',*,*,#536,.F.);
#181=ORIENTED_EDGE('',*,*,#537,.T.);
#182=ORIENTED_EDGE('',*,*,#538,.F.);
#183=ORIENTED_EDGE('',*,*,#539,.F.);
#184=ORIENTED_EDGE('',*,*,#522,.F.);
#185=ORIENTED_EDGE('',*,*,#540,.T.);
#186=ORIENTED_EDGE('',*,*,#536,.T.);
#187=ORIENTED_EDGE('',*,*,#541,.T.);
#188=ORIENTED_EDGE('',*,*,#542,.F.);
#189=ORIENTED_EDGE('',*,*,#543,.T.);
#190=ORIENTED_EDGE('',*,*,#518,.F.);
#191=ORIENTED_EDGE('',*,*,#517,.T.);
#192=ORIENTED_EDGE('',*,*,#544,.T.);
#193=ORIENTED_EDGE('',*,*,#531,.F.);
#194=ORIENTED_EDGE('',*,*,#545,.F.);
#195=ORIENTED_EDGE('',*,*,#542,.T.);
#196=ORIENTED_EDGE('',*,*,#541,.F.);
#197=ORIENTED_EDGE('',*,*,#535,.F.);
#198=ORIENTED_EDGE('',*,*,#546,.F.);
#199=ORIENTED_EDGE('',*,*,#523,.T.);
#200=ORIENTED_EDGE('',*,*,#526,.F.);
#201=ORIENTED_EDGE('',*,*,#494,.T.);
#202=ORIENTED_EDGE('',*,*,#547,.F.);
#203=ORIENTED_EDGE('',*,*,#548,.F.);
#204=ORIENTED_EDGE('',*,*,#549,.F.);
#205=ORIENTED_EDGE('',*,*,#550,.F.);
#206=ORIENTED_EDGE('',*,*,#551,.F.);
#207=ORIENTED_EDGE('',*,*,#549,.T.);
#208=ORIENTED_EDGE('',*,*,#552,.T.);
#209=ORIENTED_EDGE('',*,*,#491,.T.);
#210=ORIENTED_EDGE('',*,*,#553,.F.);
#211=ORIENTED_EDGE('',*,*,#550,.T.);
#212=ORIENTED_EDGE('',*,*,#551,.T.);
#213=ORIENTED_EDGE('',*,*,#490,.T.);
#214=ORIENTED_EDGE('',*,*,#552,.F.);
#215=ORIENTED_EDGE('',*,*,#548,.T.);
#216=ORIENTED_EDGE('',*,*,#554,.T.);
#217=ORIENTED_EDGE('',*,*,#492,.T.);
#218=ORIENTED_EDGE('',*,*,#554,.F.);
#219=ORIENTED_EDGE('',*,*,#547,.T.);
#220=ORIENTED_EDGE('',*,*,#553,.T.);
#221=ORIENTED_EDGE('',*,*,#493,.T.);
#222=ORIENTED_EDGE('',*,*,#528,.T.);
#223=ORIENTED_EDGE('',*,*,#555,.T.);
#224=ORIENTED_EDGE('',*,*,#495,.F.);
#225=ORIENTED_EDGE('',*,*,#556,.F.);
#226=ORIENTED_EDGE('',*,*,#529,.T.);
#227=ORIENTED_EDGE('',*,*,#556,.T.);
#228=ORIENTED_EDGE('',*,*,#498,.F.);
#229=ORIENTED_EDGE('',*,*,#557,.F.);
#230=ORIENTED_EDGE('',*,*,#530,.T.);
#231=ORIENTED_EDGE('',*,*,#557,.T.);
#232=ORIENTED_EDGE('',*,*,#497,.F.);
#233=ORIENTED_EDGE('',*,*,#558,.F.);
#234=ORIENTED_EDGE('',*,*,#527,.T.);
#235=ORIENTED_EDGE('',*,*,#558,.T.);
#236=ORIENTED_EDGE('',*,*,#496,.F.);
#237=ORIENTED_EDGE('',*,*,#555,.F.);
#238=ORIENTED_EDGE('',*,*,#474,.F.);
#239=ORIENTED_EDGE('',*,*,#559,.F.);
#240=ORIENTED_EDGE('',*,*,#560,.T.);
#241=ORIENTED_EDGE('',*,*,#561,.T.);
#242=ORIENTED_EDGE('',*,*,#489,.F.);
#243=ORIENTED_EDGE('',*,*,#562,.F.);
#244=ORIENTED_EDGE('',*,*,#563,.T.);
#245=ORIENTED_EDGE('',*,*,#559,.T.);
#246=ORIENTED_EDGE('',*,*,#488,.F.);
#247=ORIENTED_EDGE('',*,*,#564,.F.);
#248=ORIENTED_EDGE('',*,*,#565,.T.);
#249=ORIENTED_EDGE('',*,*,#562,.T.);
#250=ORIENTED_EDGE('',*,*,#487,.F.);
#251=ORIENTED_EDGE('',*,*,#566,.F.);
#252=ORIENTED_EDGE('',*,*,#567,.T.);
#253=ORIENTED_EDGE('',*,*,#564,.T.);
#254=ORIENTED_EDGE('',*,*,#486,.F.);
#255=ORIENTED_EDGE('',*,*,#568,.F.);
#256=ORIENTED_EDGE('',*,*,#569,.T.);
#257=ORIENTED_EDGE('',*,*,#566,.T.);
#258=ORIENTED_EDGE('',*,*,#485,.F.);
#259=ORIENTED_EDGE('',*,*,#570,.F.);
#260=ORIENTED_EDGE('',*,*,#571,.T.);
#261=ORIENTED_EDGE('',*,*,#568,.T.);
#262=ORIENTED_EDGE('',*,*,#484,.F.);
#263=ORIENTED_EDGE('',*,*,#572,.F.);
#264=ORIENTED_EDGE('',*,*,#573,.T.);
#265=ORIENTED_EDGE('',*,*,#570,.T.);
#266=ORIENTED_EDGE('',*,*,#483,.F.);
#267=ORIENTED_EDGE('',*,*,#574,.F.);
#268=ORIENTED_EDGE('',*,*,#575,.T.);
#269=ORIENTED_EDGE('',*,*,#572,.T.);
#270=ORIENTED_EDGE('',*,*,#482,.F.);
#271=ORIENTED_EDGE('',*,*,#576,.F.);
#272=ORIENTED_EDGE('',*,*,#577,.T.);
#273=ORIENTED_EDGE('',*,*,#574,.T.);
#274=ORIENTED_EDGE('',*,*,#481,.F.);
#275=ORIENTED_EDGE('',*,*,#578,.F.);
#276=ORIENTED_EDGE('',*,*,#579,.T.);
#277=ORIENTED_EDGE('',*,*,#576,.T.);
#278=ORIENTED_EDGE('',*,*,#480,.F.);
#279=ORIENTED_EDGE('',*,*,#580,.F.);
#280=ORIENTED_EDGE('',*,*,#581,.T.);
#281=ORIENTED_EDGE('',*,*,#578,.T.);
#282=ORIENTED_EDGE('',*,*,#479,.F.);
#283=ORIENTED_EDGE('',*,*,#582,.F.);
#284=ORIENTED_EDGE('',*,*,#583,.T.);
#285=ORIENTED_EDGE('',*,*,#580,.T.);
#286=ORIENTED_EDGE('',*,*,#478,.F.);
#287=ORIENTED_EDGE('',*,*,#584,.F.);
#288=ORIENTED_EDGE('',*,*,#585,.T.);
#289=ORIENTED_EDGE('',*,*,#582,.T.);
#290=ORIENTED_EDGE('',*,*,#477,.F.);
#291=ORIENTED_EDGE('',*,*,#586,.F.);
#292=ORIENTED_EDGE('',*,*,#587,.T.);
#293=ORIENTED_EDGE('',*,*,#584,.T.);
#294=ORIENTED_EDGE('',*,*,#476,.F.);
#295=ORIENTED_EDGE('',*,*,#588,.F.);
#296=ORIENTED_EDGE('',*,*,#589,.T.);
#297=ORIENTED_EDGE('',*,*,#586,.T.);
#298=ORIENTED_EDGE('',*,*,#475,.F.);
#299=ORIENTED_EDGE('',*,*,#561,.F.);
#300=ORIENTED_EDGE('',*,*,#590,.T.);
#301=ORIENTED_EDGE('',*,*,#588,.T.);
#302=ORIENTED_EDGE('',*,*,#560,.F.);
#303=ORIENTED_EDGE('',*,*,#563,.F.);
#304=ORIENTED_EDGE('',*,*,#565,.F.);
#305=ORIENTED_EDGE('',*,*,#567,.F.);
#306=ORIENTED_EDGE('',*,*,#569,.F.);
#307=ORIENTED_EDGE('',*,*,#571,.F.);
#308=ORIENTED_EDGE('',*,*,#573,.F.);
#309=ORIENTED_EDGE('',*,*,#575,.F.);
#310=ORIENTED_EDGE('',*,*,#577,.F.);
#311=ORIENTED_EDGE('',*,*,#579,.F.);
#312=ORIENTED_EDGE('',*,*,#581,.F.);
#313=ORIENTED_EDGE('',*,*,#583,.F.);
#314=ORIENTED_EDGE('',*,*,#585,.F.);
#315=ORIENTED_EDGE('',*,*,#587,.F.);
#316=ORIENTED_EDGE('',*,*,#589,.F.);
#317=ORIENTED_EDGE('',*,*,#590,.F.);
#318=ORIENTED_EDGE('',*,*,#499,.F.);
#319=ORIENTED_EDGE('',*,*,#591,.F.);
#320=ORIENTED_EDGE('',*,*,#592,.T.);
#321=ORIENTED_EDGE('',*,*,#593,.T.);
#322=ORIENTED_EDGE('',*,*,#515,.F.);
#323=ORIENTED_EDGE('',*,*,#594,.F.);
#324=ORIENTED_EDGE('',*,*,#595,.T.);
#325=ORIENTED_EDGE('',*,*,#591,.T.);
#326=ORIENTED_EDGE('',*,*,#514,.F.);
#327=ORIENTED_EDGE('',*,*,#596,.F.);
#328=ORIENTED_EDGE('',*,*,#597,.T.);
#329=ORIENTED_EDGE('',*,*,#594,.T.);
#330=ORIENTED_EDGE('',*,*,#513,.F.);
#331=ORIENTED_EDGE('',*,*,#598,.F.);
#332=ORIENTED_EDGE('',*,*,#599,.T.);
#333=ORIENTED_EDGE('',*,*,#596,.T.);
#334=ORIENTED_EDGE('',*,*,#512,.F.);
#335=ORIENTED_EDGE('',*,*,#600,.F.);
#336=ORIENTED_EDGE('',*,*,#601,.T.);
#337=ORIENTED_EDGE('',*,*,#598,.T.);
#338=ORIENTED_EDGE('',*,*,#511,.F.);
#339=ORIENTED_EDGE('',*,*,#602,.F.);
#340=ORIENTED_EDGE('',*,*,#603,.T.);
#341=ORIENTED_EDGE('',*,*,#600,.T.);
#342=ORIENTED_EDGE('',*,*,#510,.F.);
#343=ORIENTED_EDGE('',*,*,#604,.F.);
#344=ORIENTED_EDGE('',*,*,#605,.T.);
#345=ORIENTED_EDGE('',*,*,#602,.T.);
#346=ORIENTED_EDGE('',*,*,#509,.F.);
#347=ORIENTED_EDGE('',*,*,#606,.F.);
#348=ORIENTED_EDGE('',*,*,#607,.T.);
#349=ORIENTED_EDGE('',*,*,#604,.T.);
#350=ORIENTED_EDGE('',*,*,#508,.F.);
#351=ORIENTED_EDGE('',*,*,#608,.F.);
#352=ORIENTED_EDGE('',*,*,#609,.T.);
#353=ORIENTED_EDGE('',*,*,#606,.T.);
#354=ORIENTED_EDGE('',*,*,#507,.F.);
#355=ORIENTED_EDGE('',*,*,#610,.F.);
#356=ORIENTED_EDGE('',*,*,#611,.T.);
#357=ORIENTED_EDGE('',*,*,#608,.T.);
#358=ORIENTED_EDGE('',*,*,#506,.F.);
#359=ORIENTED_EDGE('',*,*,#612,.F.);
#360=ORIENTED_EDGE('',*,*,#613,.T.);
#361=ORIENTED_EDGE('',*,*,#610,.T.);
#362=ORIENTED_EDGE('',*,*,#505,.F.);
#363=ORIENTED_EDGE('',*,*,#614,.F.);
#364=ORIENTED_EDGE('',*,*,#615,.T.);
#365=ORIENTED_EDGE('',*,*,#612,.T.);
#366=ORIENTED_EDGE('',*,*,#504,.F.);
#367=ORIENTED_EDGE('',*,*,#616,.F.);
#368=ORIENTED_EDGE('',*,*,#617,.T.);
#369=ORIENTED_EDGE('',*,*,#614,.T.);
#370=ORIENTED_EDGE('',*,*,#503,.F.);
#371=ORIENTED_EDGE('',*,*,#618,.F.);
#372=ORIENTED_EDGE('',*,*,#619,.T.);
#373=ORIENTED_EDGE('',*,*,#616,.T.);
#374=ORIENTED_EDGE('',*,*,#502,.F.);
#375=ORIENTED_EDGE('',*,*,#620,.F.);
#376=ORIENTED_EDGE('',*,*,#621,.T.);
#377=ORIENTED_EDGE('',*,*,#618,.T.);
#378=ORIENTED_EDGE('',*,*,#501,.F.);
#379=ORIENTED_EDGE('',*,*,#622,.F.);
#380=ORIENTED_EDGE('',*,*,#623,.T.);
#381=ORIENTED_EDGE('',*,*,#620,.T.);
#382=ORIENTED_EDGE('',*,*,#500,.F.);
#383=ORIENTED_EDGE('',*,*,#593,.F.);
#384=ORIENTED_EDGE('',*,*,#624,.T.);
#385=ORIENTED_EDGE('',*,*,#622,.T.);
#386=ORIENTED_EDGE('',*,*,#592,.F.);
#387=ORIENTED_EDGE('',*,*,#595,.F.);
#388=ORIENTED_EDGE('',*,*,#597,.F.);
#389=ORIENTED_EDGE('',*,*,#599,.F.);
#390=ORIENTED_EDGE('',*,*,#601,.F.);
#391=ORIENTED_EDGE('',*,*,#603,.F.);
#392=ORIENTED_EDGE('',*,*,#605,.F.);
#393=ORIENTED_EDGE('',*,*,#607,.F.);
#394=ORIENTED_EDGE('',*,*,#609,.F.);
#395=ORIENTED_EDGE('',*,*,#611,.F.);
#396=ORIENTED_EDGE('',*,*,#613,.F.);
#397=ORIENTED_EDGE('',*,*,#615,.F.);
#398=ORIENTED_EDGE('',*,*,#617,.F.);
#399=ORIENTED_EDGE('',*,*,#619,.F.);
#400=ORIENTED_EDGE('',*,*,#621,.F.);
#401=ORIENTED_EDGE('',*,*,#623,.F.);
#402=ORIENTED_EDGE('',*,*,#624,.F.);
#403=ORIENTED_EDGE('',*,*,#467,.F.);
#404=ORIENTED_EDGE('',*,*,#625,.F.);
#405=ORIENTED_EDGE('',*,*,#626,.T.);
#406=ORIENTED_EDGE('',*,*,#627,.T.);
#407=ORIENTED_EDGE('',*,*,#473,.F.);
#408=ORIENTED_EDGE('',*,*,#628,.F.);
#409=ORIENTED_EDGE('',*,*,#629,.T.);
#410=ORIENTED_EDGE('',*,*,#625,.T.);
#411=ORIENTED_EDGE('',*,*,#472,.F.);
#412=ORIENTED_EDGE('',*,*,#630,.F.);
#413=ORIENTED_EDGE('',*,*,#631,.T.);
#414=ORIENTED_EDGE('',*,*,#628,.T.);
#415=ORIENTED_EDGE('',*,*,#471,.F.);
#416=ORIENTED_EDGE('',*,*,#632,.F.);
#417=ORIENTED_EDGE('',*,*,#633,.T.);
#418=ORIENTED_EDGE('',*,*,#630,.T.);
#419=ORIENTED_EDGE('',*,*,#470,.F.);
#420=ORIENTED_EDGE('',*,*,#634,.F.);
#421=ORIENTED_EDGE('',*,*,#635,.T.);
#422=ORIENTED_EDGE('',*,*,#632,.T.);
#423=ORIENTED_EDGE('',*,*,#469,.F.);
#424=ORIENTED_EDGE('',*,*,#636,.F.);
#425=ORIENTED_EDGE('',*,*,#637,.T.);
#426=ORIENTED_EDGE('',*,*,#634,.T.);
#427=ORIENTED_EDGE('',*,*,#468,.F.);
#428=ORIENTED_EDGE('',*,*,#627,.F.);
#429=ORIENTED_EDGE('',*,*,#638,.T.);
#430=ORIENTED_EDGE('',*,*,#636,.T.);
#431=ORIENTED_EDGE('',*,*,#626,.F.);
#432=ORIENTED_EDGE('',*,*,#629,.F.);
#433=ORIENTED_EDGE('',*,*,#631,.F.);
#434=ORIENTED_EDGE('',*,*,#633,.F.);
#435=ORIENTED_EDGE('',*,*,#635,.F.);
#436=ORIENTED_EDGE('',*,*,#637,.F.);
#437=ORIENTED_EDGE('',*,*,#638,.F.);
#438=ORIENTED_EDGE('',*,*,#534,.T.);
#439=ORIENTED_EDGE('',*,*,#639,.T.);
#440=ORIENTED_EDGE('',*,*,#524,.T.);
#441=ORIENTED_EDGE('',*,*,#546,.T.);
#442=ORIENTED_EDGE('',*,*,#533,.F.);
#443=ORIENTED_EDGE('',*,*,#465,.T.);
#444=ORIENTED_EDGE('',*,*,#525,.T.);
#445=ORIENTED_EDGE('',*,*,#639,.F.);
#446=ORIENTED_EDGE('',*,*,#521,.T.);
#447=ORIENTED_EDGE('',*,*,#640,.F.);
#448=ORIENTED_EDGE('',*,*,#537,.F.);
#449=ORIENTED_EDGE('',*,*,#540,.F.);
#450=ORIENTED_EDGE('',*,*,#545,.T.);
#451=ORIENTED_EDGE('',*,*,#539,.T.);
#452=ORIENTED_EDGE('',*,*,#641,.F.);
#453=ORIENTED_EDGE('',*,*,#519,.F.);
#454=ORIENTED_EDGE('',*,*,#543,.F.);
#455=ORIENTED_EDGE('',*,*,#538,.T.);
#456=ORIENTED_EDGE('',*,*,#640,.T.);
#457=ORIENTED_EDGE('',*,*,#520,.T.);
#458=ORIENTED_EDGE('',*,*,#641,.T.);
#459=ORIENTED_EDGE('',*,*,#463,.T.);
#460=ORIENTED_EDGE('',*,*,#532,.F.);
#461=ORIENTED_EDGE('',*,*,#544,.F.);
#462=ORIENTED_EDGE('',*,*,#516,.F.);
#463=EDGE_CURVE('',#642,#643,#762,.T.);
#464=EDGE_CURVE('',#642,#644,#763,.T.);
#465=EDGE_CURVE('',#645,#644,#764,.T.);
#466=EDGE_CURVE('',#643,#645,#765,.T.);
#467=EDGE_CURVE('',#646,#647,#766,.T.);
#468=EDGE_CURVE('',#647,#648,#767,.T.);
#469=EDGE_CURVE('',#648,#649,#768,.T.);
#470=EDGE_CURVE('',#649,#650,#769,.T.);
#471=EDGE_CURVE('',#650,#651,#770,.T.);
#472=EDGE_CURVE('',#651,#652,#771,.T.);
#473=EDGE_CURVE('',#652,#646,#772,.T.);
#474=EDGE_CURVE('',#653,#654,#87,.T.);
#475=EDGE_CURVE('',#654,#655,#43,.T.);
#476=EDGE_CURVE('',#655,#656,#44,.T.);
#477=EDGE_CURVE('',#656,#657,#45,.T.);
#478=EDGE_CURVE('',#657,#658,#88,.T.);
#479=EDGE_CURVE('',#658,#659,#46,.T.);
#480=EDGE_CURVE('',#659,#660,#773,.T.);
#481=EDGE_CURVE('',#660,#661,#47,.T.);
#482=EDGE_CURVE('',#661,#662,#48,.T.);
#483=EDGE_CURVE('',#662,#663,#49,.T.);
#484=EDGE_CURVE('',#663,#664,#50,.T.);
#485=EDGE_CURVE('',#664,#665,#89,.F.);
#486=EDGE_CURVE('',#665,#666,#51,.T.);
#487=EDGE_CURVE('',#666,#667,#52,.T.);
#488=EDGE_CURVE('',#667,#668,#774,.T.);
#489=EDGE_CURVE('',#668,#653,#90,.T.);
#490=EDGE_CURVE('',#669,#670,#775,.T.);
#491=EDGE_CURVE('',#671,#669,#776,.T.);
#492=EDGE_CURVE('',#672,#671,#777,.T.);
#493=EDGE_CURVE('',#670,#672,#778,.T.);
#494=EDGE_CURVE('',#673,#673,#91,.T.);
#495=EDGE_CURVE('',#674,#675,#779,.T.);
#496=EDGE_CURVE('',#675,#676,#780,.T.);
#497=EDGE_CURVE('',#676,#677,#781,.T.);
#498=EDGE_CURVE('',#677,#674,#782,.T.);
#499=EDGE_CURVE('',#678,#679,#53,.T.);
#500=EDGE_CURVE('',#679,#680,#54,.T.);
#501=EDGE_CURVE('',#680,#681,#55,.T.);
#502=EDGE_CURVE('',#681,#682,#56,.T.);
#503=EDGE_CURVE('',#682,#683,#92,.F.);
#504=EDGE_CURVE('',#683,#684,#57,.T.);
#505=EDGE_CURVE('',#684,#685,#58,.T.);
#506=EDGE_CURVE('',#685,#686,#783,.T.);
#507=EDGE_CURVE('',#686,#687,#59,.T.);
#508=EDGE_CURVE('',#687,#688,#93,.T.);
#509=EDGE_CURVE('',#688,#689,#60,.T.);
#510=EDGE_CURVE('',#689,#690,#61,.T.);
#511=EDGE_CURVE('',#690,#691,#62,.T.);
#512=EDGE_CURVE('',#691,#692,#63,.T.);
#513=EDGE_CURVE('',#692,#693,#64,.T.);
#514=EDGE_CURVE('',#693,#694,#94,.F.);
#515=EDGE_CURVE('',#694,#678,#784,.T.);
#516=EDGE_CURVE('',#642,#695,#95,.T.);
#517=EDGE_CURVE('',#696,#695,#785,.T.);
#518=EDGE_CURVE('',#696,#697,#786,.T.);
#519=EDGE_CURVE('',#697,#698,#787,.T.);
#520=EDGE_CURVE('',#699,#698,#788,.T.);
#521=EDGE_CURVE('',#700,#699,#789,.T.);
#522=EDGE_CURVE('',#700,#701,#790,.T.);
#523=EDGE_CURVE('',#702,#701,#791,.T.);
#524=EDGE_CURVE('',#703,#702,#792,.T.);
#525=EDGE_CURVE('',#644,#703,#793,.T.);
#526=EDGE_CURVE('',#704,#704,#96,.T.);
#527=EDGE_CURVE('',#705,#706,#794,.T.);
#528=EDGE_CURVE('',#707,#705,#795,.T.);
#529=EDGE_CURVE('',#708,#707,#796,.T.);
#530=EDGE_CURVE('',#706,#708,#797,.T.);
#531=EDGE_CURVE('',#709,#710,#798,.T.);
#532=EDGE_CURVE('',#710,#643,#97,.T.);
#533=EDGE_CURVE('',#645,#711,#799,.T.);
#534=EDGE_CURVE('',#712,#711,#800,.T.);
#535=EDGE_CURVE('',#712,#713,#801,.T.);
#536=EDGE_CURVE('',#714,#713,#802,.T.);
#537=EDGE_CURVE('',#714,#715,#803,.T.);
#538=EDGE_CURVE('',#716,#715,#804,.T.);
#539=EDGE_CURVE('',#709,#716,#805,.T.);
#540=EDGE_CURVE('',#700,#714,#806,.T.);
#541=EDGE_CURVE('',#713,#701,#807,.T.);
#542=EDGE_CURVE('',#717,#696,#808,.T.);
#543=EDGE_CURVE('',#717,#697,#809,.T.);
#544=EDGE_CURVE('',#695,#710,#810,.T.);
#545=EDGE_CURVE('',#717,#709,#811,.T.);
#546=EDGE_CURVE('',#702,#712,#812,.T.);
#547=EDGE_CURVE('',#718,#719,#813,.T.);
#548=EDGE_CURVE('',#720,#718,#814,.T.);
#549=EDGE_CURVE('',#721,#720,#815,.T.);
#550=EDGE_CURVE('',#719,#721,#816,.T.);
#551=EDGE_CURVE('',#721,#669,#817,.T.);
#552=EDGE_CURVE('',#720,#671,#818,.T.);
#553=EDGE_CURVE('',#719,#670,#819,.T.);
#554=EDGE_CURVE('',#718,#672,#820,.T.);
#555=EDGE_CURVE('',#705,#675,#821,.T.);
#556=EDGE_CURVE('',#707,#674,#822,.T.);
#557=EDGE_CURVE('',#708,#677,#823,.T.);
#558=EDGE_CURVE('',#706,#676,#824,.T.);
#559=EDGE_CURVE('',#722,#653,#825,.T.);
#560=EDGE_CURVE('',#722,#723,#98,.T.);
#561=EDGE_CURVE('',#723,#654,#826,.T.);
#562=EDGE_CURVE('',#724,#668,#827,.T.);
#563=EDGE_CURVE('',#724,#722,#99,.T.);
#564=EDGE_CURVE('',#725,#667,#828,.T.);
#565=EDGE_CURVE('',#725,#724,#829,.T.);
#566=EDGE_CURVE('',#726,#666,#830,.T.);
#567=EDGE_CURVE('',#726,#725,#65,.T.);
#568=EDGE_CURVE('',#727,#665,#831,.T.);
#569=EDGE_CURVE('',#727,#726,#66,.T.);
#570=EDGE_CURVE('',#728,#664,#832,.T.);
#571=EDGE_CURVE('',#728,#727,#100,.F.);
#572=EDGE_CURVE('',#729,#663,#833,.T.);
#573=EDGE_CURVE('',#729,#728,#67,.T.);
#574=EDGE_CURVE('',#730,#662,#834,.T.);
#575=EDGE_CURVE('',#730,#729,#68,.T.);
#576=EDGE_CURVE('',#731,#661,#835,.T.);
#577=EDGE_CURVE('',#731,#730,#69,.T.);
#578=EDGE_CURVE('',#732,#660,#836,.T.);
#579=EDGE_CURVE('',#732,#731,#70,.T.);
#580=EDGE_CURVE('',#733,#659,#837,.T.);
#581=EDGE_CURVE('',#733,#732,#838,.T.);
#582=EDGE_CURVE('',#734,#658,#839,.T.);
#583=EDGE_CURVE('',#734,#733,#71,.T.);
#584=EDGE_CURVE('',#735,#657,#840,.T.);
#585=EDGE_CURVE('',#735,#734,#101,.T.);
#586=EDGE_CURVE('',#736,#656,#841,.T.);
#587=EDGE_CURVE('',#736,#735,#72,.T.);
#588=EDGE_CURVE('',#737,#655,#842,.T.);
#589=EDGE_CURVE('',#737,#736,#73,.T.);
#590=EDGE_CURVE('',#723,#737,#74,.T.);
#591=EDGE_CURVE('',#738,#678,#843,.T.);
#592=EDGE_CURVE('',#738,#739,#75,.T.);
#593=EDGE_CURVE('',#739,#679,#844,.T.);
#594=EDGE_CURVE('',#740,#694,#845,.T.);
#595=EDGE_CURVE('',#740,#738,#846,.T.);
#596=EDGE_CURVE('',#741,#693,#847,.T.);
#597=EDGE_CURVE('',#741,#740,#102,.F.);
#598=EDGE_CURVE('',#742,#692,#848,.T.);
#599=EDGE_CURVE('',#742,#741,#76,.T.);
#600=EDGE_CURVE('',#743,#691,#849,.T.);
#601=EDGE_CURVE('',#743,#742,#77,.T.);
#602=EDGE_CURVE('',#744,#690,#850,.T.);
#603=EDGE_CURVE('',#744,#743,#78,.T.);
#604=EDGE_CURVE('',#745,#689,#851,.T.);
#605=EDGE_CURVE('',#745,#744,#79,.T.);
#606=EDGE_CURVE('',#746,#688,#852,.T.);
#607=EDGE_CURVE('',#746,#745,#80,.T.);
#608=EDGE_CURVE('',#747,#687,#853,.T.);
#609=EDGE_CURVE('',#747,#746,#103,.T.);
#610=EDGE_CURVE('',#748,#686,#854,.T.);
#611=EDGE_CURVE('',#748,#747,#81,.T.);
#612=EDGE_CURVE('',#749,#685,#855,.T.);
#613=EDGE_CURVE('',#749,#748,#856,.T.);
#614=EDGE_CURVE('',#750,#684,#857,.T.);
#615=EDGE_CURVE('',#750,#749,#82,.T.);
#616=EDGE_CURVE('',#751,#683,#858,.T.);
#617=EDGE_CURVE('',#751,#750,#83,.T.);
#618=EDGE_CURVE('',#752,#682,#859,.T.);
#619=EDGE_CURVE('',#752,#751,#104,.F.);
#620=EDGE_CURVE('',#753,#681,#860,.T.);
#621=EDGE_CURVE('',#753,#752,#84,.T.);
#622=EDGE_CURVE('',#754,#680,#861,.T.);
#623=EDGE_CURVE('',#754,#753,#85,.T.);
#624=EDGE_CURVE('',#739,#754,#86,.T.);
#625=EDGE_CURVE('',#755,#646,#862,.T.);
#626=EDGE_CURVE('',#755,#756,#863,.T.);
#627=EDGE_CURVE('',#756,#647,#864,.T.);
#628=EDGE_CURVE('',#757,#652,#865,.T.);
#629=EDGE_CURVE('',#757,#755,#866,.T.);
#630=EDGE_CURVE('',#758,#651,#867,.T.);
#631=EDGE_CURVE('',#758,#757,#868,.T.);
#632=EDGE_CURVE('',#759,#650,#869,.T.);
#633=EDGE_CURVE('',#759,#758,#870,.T.);
#634=EDGE_CURVE('',#760,#649,#871,.T.);
#635=EDGE_CURVE('',#760,#759,#872,.T.);
#636=EDGE_CURVE('',#761,#648,#873,.T.);
#637=EDGE_CURVE('',#761,#760,#874,.T.);
#638=EDGE_CURVE('',#756,#761,#875,.T.);
#639=EDGE_CURVE('',#711,#703,#876,.T.);
#640=EDGE_CURVE('',#715,#699,#877,.T.);
#641=EDGE_CURVE('',#698,#716,#878,.T.);
#642=VERTEX_POINT('',#1568);
#643=VERTEX_POINT('',#1569);
#644=VERTEX_POINT('',#1571);
#645=VERTEX_POINT('',#1573);
#646=VERTEX_POINT('',#1577);
#647=VERTEX_POINT('',#1578);
#648=VERTEX_POINT('',#1580);
#649=VERTEX_POINT('',#1582);
#650=VERTEX_POINT('',#1584);
#651=VERTEX_POINT('',#1586);
#652=VERTEX_POINT('',#1588);
#653=VERTEX_POINT('',#1591);
#654=VERTEX_POINT('',#1592);
#655=VERTEX_POINT('',#1596);
#656=VERTEX_POINT('',#1600);
#657=VERTEX_POINT('',#1604);
#658=VERTEX_POINT('',#1606);
#659=VERTEX_POINT('',#1610);
#660=VERTEX_POINT('',#1612);
#661=VERTEX_POINT('',#1616);
#662=VERTEX_POINT('',#1620);
#663=VERTEX_POINT('',#1624);
#664=VERTEX_POINT('',#1628);
#665=VERTEX_POINT('',#1630);
#666=VERTEX_POINT('',#1634);
#667=VERTEX_POINT('',#1638);
#668=VERTEX_POINT('',#1640);
#669=VERTEX_POINT('',#1643);
#670=VERTEX_POINT('',#1644);
#671=VERTEX_POINT('',#1646);
#672=VERTEX_POINT('',#1648);
#673=VERTEX_POINT('',#1651);
#674=VERTEX_POINT('',#1653);
#675=VERTEX_POINT('',#1654);
#676=VERTEX_POINT('',#1656);
#677=VERTEX_POINT('',#1658);
#678=VERTEX_POINT('',#1663);
#679=VERTEX_POINT('',#1664);
#680=VERTEX_POINT('',#1668);
#681=VERTEX_POINT('',#1672);
#682=VERTEX_POINT('',#1676);
#683=VERTEX_POINT('',#1678);
#684=VERTEX_POINT('',#1682);
#685=VERTEX_POINT('',#1686);
#686=VERTEX_POINT('',#1688);
#687=VERTEX_POINT('',#1692);
#688=VERTEX_POINT('',#1694);
#689=VERTEX_POINT('',#1698);
#690=VERTEX_POINT('',#1702);
#691=VERTEX_POINT('',#1706);
#692=VERTEX_POINT('',#1710);
#693=VERTEX_POINT('',#1714);
#694=VERTEX_POINT('',#1716);
#695=VERTEX_POINT('',#1719);
#696=VERTEX_POINT('',#1721);
#697=VERTEX_POINT('',#1723);
#698=VERTEX_POINT('',#1725);
#699=VERTEX_POINT('',#1727);
#700=VERTEX_POINT('',#1729);
#701=VERTEX_POINT('',#1731);
#702=VERTEX_POINT('',#1733);
#703=VERTEX_POINT('',#1735);
#704=VERTEX_POINT('',#1739);
#705=VERTEX_POINT('',#1741);
#706=VERTEX_POINT('',#1742);
#707=VERTEX_POINT('',#1744);
#708=VERTEX_POINT('',#1746);
#709=VERTEX_POINT('',#1749);
#710=VERTEX_POINT('',#1750);
#711=VERTEX_POINT('',#1753);
#712=VERTEX_POINT('',#1755);
#713=VERTEX_POINT('',#1757);
#714=VERTEX_POINT('',#1759);
#715=VERTEX_POINT('',#1761);
#716=VERTEX_POINT('',#1763);
#717=VERTEX_POINT('',#1770);
#718=VERTEX_POINT('',#1780);
#719=VERTEX_POINT('',#1781);
#720=VERTEX_POINT('',#1783);
#721=VERTEX_POINT('',#1785);
#722=VERTEX_POINT('',#1805);
#723=VERTEX_POINT('',#1807);
#724=VERTEX_POINT('',#1811);
#725=VERTEX_POINT('',#1815);
#726=VERTEX_POINT('',#1826);
#727=VERTEX_POINT('',#1839);
#728=VERTEX_POINT('',#1845);
#729=VERTEX_POINT('',#1856);
#730=VERTEX_POINT('',#1869);
#731=VERTEX_POINT('',#1882);
#732=VERTEX_POINT('',#1895);
#733=VERTEX_POINT('',#1901);
#734=VERTEX_POINT('',#1912);
#735=VERTEX_POINT('',#1918);
#736=VERTEX_POINT('',#1929);
#737=VERTEX_POINT('',#1942);
#738=VERTEX_POINT('',#1967);
#739=VERTEX_POINT('',#1971);
#740=VERTEX_POINT('',#1975);
#741=VERTEX_POINT('',#1979);
#742=VERTEX_POINT('',#1990);
#743=VERTEX_POINT('',#2003);
#744=VERTEX_POINT('',#2016);
#745=VERTEX_POINT('',#2029);
#746=VERTEX_POINT('',#2042);
#747=VERTEX_POINT('',#2048);
#748=VERTEX_POINT('',#2059);
#749=VERTEX_POINT('',#2065);
#750=VERTEX_POINT('',#2076);
#751=VERTEX_POINT('',#2089);
#752=VERTEX_POINT('',#2095);
#753=VERTEX_POINT('',#2106);
#754=VERTEX_POINT('',#2119);
#755=VERTEX_POINT('',#2137);
#756=VERTEX_POINT('',#2139);
#757=VERTEX_POINT('',#2143);
#758=VERTEX_POINT('',#2147);
#759=VERTEX_POINT('',#2151);
#760=VERTEX_POINT('',#2155);
#761=VERTEX_POINT('',#2159);
#762=LINE('',#1567,#879);
#763=LINE('',#1570,#880);
#764=LINE('',#1572,#881);
#765=LINE('',#1574,#882);
#766=LINE('',#1576,#883);
#767=LINE('',#1579,#884);
#768=LINE('',#1581,#885);
#769=LINE('',#1583,#886);
#770=LINE('',#1585,#887);
#771=LINE('',#1587,#888);
#772=LINE('',#1589,#889);
#773=LINE('',#1611,#890);
#774=LINE('',#1639,#891);
#775=LINE('',#1642,#892);
#776=LINE('',#1645,#893);
#777=LINE('',#1647,#894);
#778=LINE('',#1649,#895);
#779=LINE('',#1652,#896);
#780=LINE('',#1655,#897);
#781=LINE('',#1657,#898);
#782=LINE('',#1659,#899);
#783=LINE('',#1687,#900);
#784=LINE('',#1717,#901);
#785=LINE('',#1720,#902);
#786=LINE('',#1722,#903);
#787=LINE('',#1724,#904);
#788=LINE('',#1726,#905);
#789=LINE('',#1728,#906);
#790=LINE('',#1730,#907);
#791=LINE('',#1732,#908);
#792=LINE('',#1734,#909);
#793=LINE('',#1736,#910);
#794=LINE('',#1740,#911);
#795=LINE('',#1743,#912);
#796=LINE('',#1745,#913);
#797=LINE('',#1747,#914);
#798=LINE('',#1748,#915);
#799=LINE('',#1752,#916);
#800=LINE('',#1754,#917);
#801=LINE('',#1756,#918);
#802=LINE('',#1758,#919);
#803=LINE('',#1760,#920);
#804=LINE('',#1762,#921);
#805=LINE('',#1764,#922);
#806=LINE('',#1766,#923);
#807=LINE('',#1767,#924);
#808=LINE('',#1769,#925);
#809=LINE('',#1771,#926);
#810=LINE('',#1773,#927);
#811=LINE('',#1774,#928);
#812=LINE('',#1776,#929);
#813=LINE('',#1779,#930);
#814=LINE('',#1782,#931);
#815=LINE('',#1784,#932);
#816=LINE('',#1786,#933);
#817=LINE('',#1788,#934);
#818=LINE('',#1789,#935);
#819=LINE('',#1791,#936);
#820=LINE('',#1793,#937);
#821=LINE('',#1796,#938);
#822=LINE('',#1797,#939);
#823=LINE('',#1799,#940);
#824=LINE('',#1801,#941);
#825=LINE('',#1804,#942);
#826=LINE('',#1808,#943);
#827=LINE('',#1810,#944);
#828=LINE('',#1814,#945);
#829=LINE('',#1816,#946);
#830=LINE('',#1825,#947);
#831=LINE('',#1838,#948);
#832=LINE('',#1844,#949);
#833=LINE('',#1855,#950);
#834=LINE('',#1868,#951);
#835=LINE('',#1881,#952);
#836=LINE('',#1894,#953);
#837=LINE('',#1900,#954);
#838=LINE('',#1902,#955);
#839=LINE('',#1911,#956);
#840=LINE('',#1917,#957);
#841=LINE('',#1928,#958);
#842=LINE('',#1941,#959);
#843=LINE('',#1966,#960);
#844=LINE('',#1972,#961);
#845=LINE('',#1974,#962);
#846=LINE('',#1976,#963);
#847=LINE('',#1978,#964);
#848=LINE('',#1989,#965);
#849=LINE('',#2002,#966);
#850=LINE('',#2015,#967);
#851=LINE('',#2028,#968);
#852=LINE('',#2041,#969);
#853=LINE('',#2047,#970);
#854=LINE('',#2058,#971);
#855=LINE('',#2064,#972);
#856=LINE('',#2066,#973);
#857=LINE('',#2075,#974);
#858=LINE('',#2088,#975);
#859=LINE('',#2094,#976);
#860=LINE('',#2105,#977);
#861=LINE('',#2118,#978);
#862=LINE('',#2136,#979);
#863=LINE('',#2138,#980);
#864=LINE('',#2140,#981);
#865=LINE('',#2142,#982);
#866=LINE('',#2144,#983);
#867=LINE('',#2146,#984);
#868=LINE('',#2148,#985);
#869=LINE('',#2150,#986);
#870=LINE('',#2152,#987);
#871=LINE('',#2154,#988);
#872=LINE('',#2156,#989);
#873=LINE('',#2158,#990);
#874=LINE('',#2160,#991);
#875=LINE('',#2162,#992);
#876=LINE('',#2165,#993);
#877=LINE('',#2168,#994);
#878=LINE('',#2170,#995);
#879=VECTOR('',#1326,1.);
#880=VECTOR('',#1327,1.);
#881=VECTOR('',#1328,1.);
#882=VECTOR('',#1329,1.);
#883=VECTOR('',#1332,1.);
#884=VECTOR('',#1333,1.);
#885=VECTOR('',#1334,1.);
#886=VECTOR('',#1335,1.);
#887=VECTOR('',#1336,1.);
#888=VECTOR('',#1337,1.);
#889=VECTOR('',#1338,1.);
#890=VECTOR('',#1343,1.);
#891=VECTOR('',#1346,1.);
#892=VECTOR('',#1349,1.);
#893=VECTOR('',#1350,1.);
#894=VECTOR('',#1351,1.);
#895=VECTOR('',#1352,1.);
#896=VECTOR('',#1355,1.);
#897=VECTOR('',#1356,1.);
#898=VECTOR('',#1357,1.);
#899=VECTOR('',#1358,1.);
#900=VECTOR('',#1361,1.);
#901=VECTOR('',#1366,1.);
#902=VECTOR('',#1369,1.);
#903=VECTOR('',#1370,1.);
#904=VECTOR('',#1371,1.);
#905=VECTOR('',#1372,1.);
#906=VECTOR('',#1373,1.);
#907=VECTOR('',#1374,1.);
#908=VECTOR('',#1375,1.);
#909=VECTOR('',#1376,1.);
#910=VECTOR('',#1377,1.);
#911=VECTOR('',#1382,1.);
#912=VECTOR('',#1383,1.);
#913=VECTOR('',#1384,1.);
#914=VECTOR('',#1385,1.);
#915=VECTOR('',#1386,1.);
#916=VECTOR('',#1389,1.);
#917=VECTOR('',#1390,1.);
#918=VECTOR('',#1391,1.);
#919=VECTOR('',#1392,1.);
#920=VECTOR('',#1393,1.);
#921=VECTOR('',#1394,1.);
#922=VECTOR('',#1395,1.);
#923=VECTOR('',#1398,1.);
#924=VECTOR('',#1399,1.);
#925=VECTOR('',#1402,1.);
#926=VECTOR('',#1403,1.);
#927=VECTOR('',#1406,1.);
#928=VECTOR('',#1407,1.);
#929=VECTOR('',#1410,1.);
#930=VECTOR('',#1415,1.);
#931=VECTOR('',#1416,1.);
#932=VECTOR('',#1417,1.);
#933=VECTOR('',#1418,1.);
#934=VECTOR('',#1421,1.);
#935=VECTOR('',#1422,1.);
#936=VECTOR('',#1425,1.);
#937=VECTOR('',#1428,1.);
#938=VECTOR('',#1433,1.);
#939=VECTOR('',#1434,1.);
#940=VECTOR('',#1437,1.);
#941=VECTOR('',#1440,1.);
#942=VECTOR('',#1445,1.);
#943=VECTOR('',#1448,1.);
#944=VECTOR('',#1451,1.);
#945=VECTOR('',#1456,1.);
#946=VECTOR('',#1457,1.);
#947=VECTOR('',#1458,1.);
#948=VECTOR('',#1459,1.);
#949=VECTOR('',#1462,1.);
#950=VECTOR('',#1465,1.);
#951=VECTOR('',#1466,1.);
#952=VECTOR('',#1467,1.);
#953=VECTOR('',#1468,1.);
#954=VECTOR('',#1471,1.);
#955=VECTOR('',#1472,1.);
#956=VECTOR('',#1473,1.);
#957=VECTOR('',#1476,1.);
#958=VECTOR('',#1479,1.);
#959=VECTOR('',#1480,1.);
#960=VECTOR('',#1483,1.);
#961=VECTOR('',#1484,1.);
#962=VECTOR('',#1487,1.);
#963=VECTOR('',#1488,1.);
#964=VECTOR('',#1491,1.);
#965=VECTOR('',#1494,1.);
#966=VECTOR('',#1495,1.);
#967=VECTOR('',#1496,1.);
#968=VECTOR('',#1497,1.);
#969=VECTOR('',#1498,1.);
#970=VECTOR('',#1501,1.);
#971=VECTOR('',#1504,1.);
#972=VECTOR('',#1507,1.);
#973=VECTOR('',#1508,1.);
#974=VECTOR('',#1509,1.);
#975=VECTOR('',#1510,1.);
#976=VECTOR('',#1513,1.);
#977=VECTOR('',#1516,1.);
#978=VECTOR('',#1517,1.);
#979=VECTOR('',#1522,1.);
#980=VECTOR('',#1523,1.);
#981=VECTOR('',#1524,1.);
#982=VECTOR('',#1527,1.);
#983=VECTOR('',#1528,1.);
#984=VECTOR('',#1531,1.);
#985=VECTOR('',#1532,1.);
#986=VECTOR('',#1535,1.);
#987=VECTOR('',#1536,1.);
#988=VECTOR('',#1539,1.);
#989=VECTOR('',#1540,1.);
#990=VECTOR('',#1543,1.);
#991=VECTOR('',#1544,1.);
#992=VECTOR('',#1547,1.);
#993=VECTOR('',#1552,1.);
#994=VECTOR('',#1557,1.);
#995=VECTOR('',#1560,1.);
#996=EDGE_LOOP('',(#105,#106,#107,#108));
#997=EDGE_LOOP('',(#109,#110,#111,#112,#113,#114,#115));
#998=EDGE_LOOP('',(#116,#117,#118,#119,#120,#121,#122,#123,#124,#125,#126,
#127,#128,#129,#130,#131));
#999=EDGE_LOOP('',(#132,#133,#134,#135));
#1000=EDGE_LOOP('',(#136));
#1001=EDGE_LOOP('',(#137,#138,#139,#140));
#1002=EDGE_LOOP('',(#141,#142,#143,#144,#145,#146,#147,#148,#149,#150,#151,
#152,#153,#154,#155,#156,#157));
#1003=EDGE_LOOP('',(#158,#159,#160,#161,#162,#163,#164,#165,#166,#167,#168));
#1004=EDGE_LOOP('',(#169));
#1005=EDGE_LOOP('',(#170,#171,#172,#173));
#1006=EDGE_LOOP('',(#174,#175,#176,#177,#178,#179,#180,#181,#182,#183));
#1007=EDGE_LOOP('',(#184,#185,#186,#187));
#1008=EDGE_LOOP('',(#188,#189,#190));
#1009=EDGE_LOOP('',(#191,#192,#193,#194,#195));
#1010=EDGE_LOOP('',(#196,#197,#198,#199));
#1011=EDGE_LOOP('',(#200));
#1012=EDGE_LOOP('',(#201));
#1013=EDGE_LOOP('',(#202,#203,#204,#205));
#1014=EDGE_LOOP('',(#206,#207,#208,#209));
#1015=EDGE_LOOP('',(#210,#211,#212,#213));
#1016=EDGE_LOOP('',(#214,#215,#216,#217));
#1017=EDGE_LOOP('',(#218,#219,#220,#221));
#1018=EDGE_LOOP('',(#222,#223,#224,#225));
#1019=EDGE_LOOP('',(#226,#227,#228,#229));
#1020=EDGE_LOOP('',(#230,#231,#232,#233));
#1021=EDGE_LOOP('',(#234,#235,#236,#237));
#1022=EDGE_LOOP('',(#238,#239,#240,#241));
#1023=EDGE_LOOP('',(#242,#243,#244,#245));
#1024=EDGE_LOOP('',(#246,#247,#248,#249));
#1025=EDGE_LOOP('',(#250,#251,#252,#253));
#1026=EDGE_LOOP('',(#254,#255,#256,#257));
#1027=EDGE_LOOP('',(#258,#259,#260,#261));
#1028=EDGE_LOOP('',(#262,#263,#264,#265));
#1029=EDGE_LOOP('',(#266,#267,#268,#269));
#1030=EDGE_LOOP('',(#270,#271,#272,#273));
#1031=EDGE_LOOP('',(#274,#275,#276,#277));
#1032=EDGE_LOOP('',(#278,#279,#280,#281));
#1033=EDGE_LOOP('',(#282,#283,#284,#285));
#1034=EDGE_LOOP('',(#286,#287,#288,#289));
#1035=EDGE_LOOP('',(#290,#291,#292,#293));
#1036=EDGE_LOOP('',(#294,#295,#296,#297));
#1037=EDGE_LOOP('',(#298,#299,#300,#301));
#1038=EDGE_LOOP('',(#302,#303,#304,#305,#306,#307,#308,#309,#310,#311,#312,
#313,#314,#315,#316,#317));
#1039=EDGE_LOOP('',(#318,#319,#320,#321));
#1040=EDGE_LOOP('',(#322,#323,#324,#325));
#1041=EDGE_LOOP('',(#326,#327,#328,#329));
#1042=EDGE_LOOP('',(#330,#331,#332,#333));
#1043=EDGE_LOOP('',(#334,#335,#336,#337));
#1044=EDGE_LOOP('',(#338,#339,#340,#341));
#1045=EDGE_LOOP('',(#342,#343,#344,#345));
#1046=EDGE_LOOP('',(#346,#347,#348,#349));
#1047=EDGE_LOOP('',(#350,#351,#352,#353));
#1048=EDGE_LOOP('',(#354,#355,#356,#357));
#1049=EDGE_LOOP('',(#358,#359,#360,#361));
#1050=EDGE_LOOP('',(#362,#363,#364,#365));
#1051=EDGE_LOOP('',(#366,#367,#368,#369));
#1052=EDGE_LOOP('',(#370,#371,#372,#373));
#1053=EDGE_LOOP('',(#374,#375,#376,#377));
#1054=EDGE_LOOP('',(#378,#379,#380,#381));
#1055=EDGE_LOOP('',(#382,#383,#384,#385));
#1056=EDGE_LOOP('',(#386,#387,#388,#389,#390,#391,#392,#393,#394,#395,#396,
#397,#398,#399,#400,#401,#402));
#1057=EDGE_LOOP('',(#403,#404,#405,#406));
#1058=EDGE_LOOP('',(#407,#408,#409,#410));
#1059=EDGE_LOOP('',(#411,#412,#413,#414));
#1060=EDGE_LOOP('',(#415,#416,#417,#418));
#1061=EDGE_LOOP('',(#419,#420,#421,#422));
#1062=EDGE_LOOP('',(#423,#424,#425,#426));
#1063=EDGE_LOOP('',(#427,#428,#429,#430));
#1064=EDGE_LOOP('',(#431,#432,#433,#434,#435,#436,#437));
#1065=EDGE_LOOP('',(#438,#439,#440,#441));
#1066=EDGE_LOOP('',(#442,#443,#444,#445));
#1067=EDGE_LOOP('',(#446,#447,#448,#449));
#1068=EDGE_LOOP('',(#450,#451,#452,#453,#454));
#1069=EDGE_LOOP('',(#455,#456,#457,#458));
#1070=EDGE_LOOP('',(#459,#460,#461,#462));
#1071=FACE_BOUND('',#996,.T.);
#1072=FACE_BOUND('',#997,.T.);
#1073=FACE_BOUND('',#998,.T.);
#1074=FACE_BOUND('',#999,.T.);
#1075=FACE_BOUND('',#1000,.T.);
#1076=FACE_BOUND('',#1001,.T.);
#1077=FACE_BOUND('',#1002,.T.);
#1078=FACE_BOUND('',#1003,.T.);
#1079=FACE_BOUND('',#1004,.T.);
#1080=FACE_BOUND('',#1005,.T.);
#1081=FACE_BOUND('',#1006,.T.);
#1082=FACE_BOUND('',#1007,.T.);
#1083=FACE_BOUND('',#1008,.T.);
#1084=FACE_BOUND('',#1009,.T.);
#1085=FACE_BOUND('',#1010,.T.);
#1086=FACE_BOUND('',#1011,.T.);
#1087=FACE_BOUND('',#1012,.T.);
#1088=FACE_BOUND('',#1013,.T.);
#1089=FACE_BOUND('',#1014,.T.);
#1090=FACE_BOUND('',#1015,.T.);
#1091=FACE_BOUND('',#1016,.T.);
#1092=FACE_BOUND('',#1017,.T.);
#1093=FACE_BOUND('',#1018,.T.);
#1094=FACE_BOUND('',#1019,.T.);
#1095=FACE_BOUND('',#1020,.T.);
#1096=FACE_BOUND('',#1021,.T.);
#1097=FACE_BOUND('',#1022,.T.);
#1098=FACE_BOUND('',#1023,.T.);
#1099=FACE_BOUND('',#1024,.T.);
#1100=FACE_BOUND('',#1025,.T.);
#1101=FACE_BOUND('',#1026,.T.);
#1102=FACE_BOUND('',#1027,.T.);
#1103=FACE_BOUND('',#1028,.T.);
#1104=FACE_BOUND('',#1029,.T.);
#1105=FACE_BOUND('',#1030,.T.);
#1106=FACE_BOUND('',#1031,.T.);
#1107=FACE_BOUND('',#1032,.T.);
#1108=FACE_BOUND('',#1033,.T.);
#1109=FACE_BOUND('',#1034,.T.);
#1110=FACE_BOUND('',#1035,.T.);
#1111=FACE_BOUND('',#1036,.T.);
#1112=FACE_BOUND('',#1037,.T.);
#1113=FACE_BOUND('',#1038,.T.);
#1114=FACE_BOUND('',#1039,.T.);
#1115=FACE_BOUND('',#1040,.T.);
#1116=FACE_BOUND('',#1041,.T.);
#1117=FACE_BOUND('',#1042,.T.);
#1118=FACE_BOUND('',#1043,.T.);
#1119=FACE_BOUND('',#1044,.T.);
#1120=FACE_BOUND('',#1045,.T.);
#1121=FACE_BOUND('',#1046,.T.);
#1122=FACE_BOUND('',#1047,.T.);
#1123=FACE_BOUND('',#1048,.T.);
#1124=FACE_BOUND('',#1049,.T.);
#1125=FACE_BOUND('',#1050,.T.);
#1126=FACE_BOUND('',#1051,.T.);
#1127=FACE_BOUND('',#1052,.T.);
#1128=FACE_BOUND('',#1053,.T.);
#1129=FACE_BOUND('',#1054,.T.);
#1130=FACE_BOUND('',#1055,.T.);
#1131=FACE_BOUND('',#1056,.T.);
#1132=FACE_BOUND('',#1057,.T.);
#1133=FACE_BOUND('',#1058,.T.);
#1134=FACE_BOUND('',#1059,.T.);
#1135=FACE_BOUND('',#1060,.T.);
#1136=FACE_BOUND('',#1061,.T.);
#1137=FACE_BOUND('',#1062,.T.);
#1138=FACE_BOUND('',#1063,.T.);
#1139=FACE_BOUND('',#1064,.T.);
#1140=FACE_BOUND('',#1065,.T.);
#1141=FACE_BOUND('',#1066,.T.);
#1142=FACE_BOUND('',#1067,.T.);
#1143=FACE_BOUND('',#1068,.T.);
#1144=FACE_BOUND('',#1069,.T.);
#1145=FACE_BOUND('',#1070,.T.);
#1146=PLANE('',#1260);
#1147=PLANE('',#1261);
#1148=PLANE('',#1271);
#1149=PLANE('',#1274);
#1150=PLANE('',#1275);
#1151=PLANE('',#1276);
#1152=PLANE('',#1277);
#1153=PLANE('',#1279);
#1154=PLANE('',#1280);
#1155=PLANE('',#1281);
#1156=PLANE('',#1282);
#1157=PLANE('',#1283);
#1158=PLANE('',#1284);
#1159=PLANE('',#1285);
#1160=PLANE('',#1286);
#1161=PLANE('',#1287);
#1162=PLANE('',#1292);
#1163=PLANE('',#1295);
#1164=PLANE('',#1298);
#1165=PLANE('',#1299);
#1166=PLANE('',#1304);
#1167=PLANE('',#1307);
#1168=PLANE('',#1308);
#1169=PLANE('',#1309);
#1170=PLANE('',#1310);
#1171=PLANE('',#1311);
#1172=PLANE('',#1312);
#1173=PLANE('',#1313);
#1174=PLANE('',#1314);
#1175=PLANE('',#1315);
#1176=PLANE('',#1316);
#1177=PLANE('',#1317);
#1178=PLANE('',#1318);
#1179=PLANE('',#1319);
#1180=PLANE('',#1320);
#1181=ADVANCED_FACE('',(#1071),#1146,.F.);
#1182=ADVANCED_FACE('',(#1072,#1073,#1074,#1075,#1076,#1077,#1078),#1147,
 .F.);
#1183=ADVANCED_FACE('',(#1079,#1080,#1081),#1148,.T.);
#1184=ADVANCED_FACE('',(#1082),#1149,.T.);
#1185=ADVANCED_FACE('',(#1083),#1150,.T.);
#1186=ADVANCED_FACE('',(#1084),#1151,.F.);
#1187=ADVANCED_FACE('',(#1085),#1152,.F.);
#1188=ADVANCED_FACE('',(#1086,#1087),#42,.T.);
#1189=ADVANCED_FACE('',(#1088),#1153,.F.);
#1190=ADVANCED_FACE('',(#1089),#1154,.F.);
#1191=ADVANCED_FACE('',(#1090),#1155,.F.);
#1192=ADVANCED_FACE('',(#1091),#1156,.F.);
#1193=ADVANCED_FACE('',(#1092),#1157,.F.);
#1194=ADVANCED_FACE('',(#1093),#1158,.T.);
#1195=ADVANCED_FACE('',(#1094),#1159,.T.);
#1196=ADVANCED_FACE('',(#1095),#1160,.T.);
#1197=ADVANCED_FACE('',(#1096),#1161,.T.);
#1198=ADVANCED_FACE('',(#1097),#34,.T.);
#1199=ADVANCED_FACE('',(#1098),#35,.T.);
#1200=ADVANCED_FACE('',(#1099),#1162,.T.);
#1201=ADVANCED_FACE('',(#1100),#12,.T.);
#1202=ADVANCED_FACE('',(#1101),#13,.T.);
#1203=ADVANCED_FACE('',(#1102),#36,.F.);
#1204=ADVANCED_FACE('',(#1103),#14,.T.);
#1205=ADVANCED_FACE('',(#1104),#15,.T.);
#1206=ADVANCED_FACE('',(#1105),#16,.T.);
#1207=ADVANCED_FACE('',(#1106),#17,.T.);
#1208=ADVANCED_FACE('',(#1107),#1163,.T.);
#1209=ADVANCED_FACE('',(#1108),#18,.T.);
#1210=ADVANCED_FACE('',(#1109),#37,.T.);
#1211=ADVANCED_FACE('',(#1110),#19,.T.);
#1212=ADVANCED_FACE('',(#1111),#20,.T.);
#1213=ADVANCED_FACE('',(#1112),#21,.T.);
#1214=ADVANCED_FACE('',(#1113),#1164,.T.);
#1215=ADVANCED_FACE('',(#1114),#22,.T.);
#1216=ADVANCED_FACE('',(#1115),#1165,.T.);
#1217=ADVANCED_FACE('',(#1116),#38,.F.);
#1218=ADVANCED_FACE('',(#1117),#23,.T.);
#1219=ADVANCED_FACE('',(#1118),#24,.T.);
#1220=ADVANCED_FACE('',(#1119),#25,.T.);
#1221=ADVANCED_FACE('',(#1120),#26,.T.);
#1222=ADVANCED_FACE('',(#1121),#27,.T.);
#1223=ADVANCED_FACE('',(#1122),#39,.T.);
#1224=ADVANCED_FACE('',(#1123),#28,.T.);
#1225=ADVANCED_FACE('',(#1124),#1166,.T.);
#1226=ADVANCED_FACE('',(#1125),#29,.T.);
#1227=ADVANCED_FACE('',(#1126),#30,.T.);
#1228=ADVANCED_FACE('',(#1127),#40,.F.);
#1229=ADVANCED_FACE('',(#1128),#31,.T.);
#1230=ADVANCED_FACE('',(#1129),#32,.T.);
#1231=ADVANCED_FACE('',(#1130),#33,.T.);
#1232=ADVANCED_FACE('',(#1131),#1167,.T.);
#1233=ADVANCED_FACE('',(#1132),#1168,.T.);
#1234=ADVANCED_FACE('',(#1133),#1169,.T.);
#1235=ADVANCED_FACE('',(#1134),#1170,.T.);
#1236=ADVANCED_FACE('',(#1135),#1171,.T.);
#1237=ADVANCED_FACE('',(#1136),#1172,.T.);
#1238=ADVANCED_FACE('',(#1137),#1173,.T.);
#1239=ADVANCED_FACE('',(#1138),#1174,.T.);
#1240=ADVANCED_FACE('',(#1139),#1175,.T.);
#1241=ADVANCED_FACE('',(#1140),#1176,.F.);
#1242=ADVANCED_FACE('',(#1141),#1177,.F.);
#1243=ADVANCED_FACE('',(#1142),#1178,.T.);
#1244=ADVANCED_FACE('',(#1143),#1179,.T.);
#1245=ADVANCED_FACE('',(#1144),#1180,.T.);
#1246=ADVANCED_FACE('',(#1145),#41,.F.);
#1247=CLOSED_SHELL('',(#1181,#1182,#1183,#1184,#1185,#1186,#1187,#1188,
#1189,#1190,#1191,#1192,#1193,#1194,#1195,#1196,#1197,#1198,#1199,#1200,
#1201,#1202,#1203,#1204,#1205,#1206,#1207,#1208,#1209,#1210,#1211,#1212,
#1213,#1214,#1215,#1216,#1217,#1218,#1219,#1220,#1221,#1222,#1223,#1224,
#1225,#1226,#1227,#1228,#1229,#1230,#1231,#1232,#1233,#1234,#1235,#1236,
#1237,#1238,#1239,#1240,#1241,#1242,#1243,#1244,#1245,#1246));
#1248=STYLED_ITEM('',(#1249),#1256);
#1249=PRESENTATION_STYLE_ASSIGNMENT((#1250));
#1250=SURFACE_STYLE_USAGE(.BOTH.,#1251);
#1251=SURFACE_SIDE_STYLE('',(#1252));
#1252=SURFACE_STYLE_FILL_AREA(#1253);
#1253=FILL_AREA_STYLE('',(#1254));
#1254=FILL_AREA_STYLE_COLOUR('',#1255);
#1255=COLOUR_RGB('',0.647058823529412,0.647058823529412,0.647058823529412);
#1256=MANIFOLD_SOLID_BREP('stage_10',#1247);
#1257=SHAPE_DEFINITION_REPRESENTATION(#2179,#1258);
#1258=SHAPE_REPRESENTATION('stage_10',(#1259),#2174);
#1259=AXIS2_PLACEMENT_3D('',#1565,#1322,#1323);
#1260=AXIS2_PLACEMENT_3D('',#1566,#1324,#1325);
#1261=AXIS2_PLACEMENT_3D('',#1575,#1330,#1331);
#1262=AXIS2_PLACEMENT_3D('',#1590,#1339,#1340);
#1263=AXIS2_PLACEMENT_3D('',#1605,#1341,#1342);
#1264=AXIS2_PLACEMENT_3D('',#1629,#1344,#1345);
#1265=AXIS2_PLACEMENT_3D('',#1641,#1347,#1348);
#1266=AXIS2_PLACEMENT_3D('',#1650,#1353,#1354);
#1267=AXIS2_PLACEMENT_3D('',#1677,#1359,#1360);
#1268=AXIS2_PLACEMENT_3D('',#1693,#1362,#1363);
#1269=AXIS2_PLACEMENT_3D('',#1715,#1364,#1365);
#1270=AXIS2_PLACEMENT_3D('',#1718,#1367,#1368);
#1271=AXIS2_PLACEMENT_3D('',#1737,#1378,#1379);
#1272=AXIS2_PLACEMENT_3D('',#1738,#1380,#1381);
#1273=AXIS2_PLACEMENT_3D('',#1751,#1387,#1388);
#1274=AXIS2_PLACEMENT_3D('',#1765,#1396,#1397);
#1275=AXIS2_PLACEMENT_3D('',#1768,#1400,#1401);
#1276=AXIS2_PLACEMENT_3D('',#1772,#1404,#1405);
#1277=AXIS2_PLACEMENT_3D('',#1775,#1408,#1409);
#1278=AXIS2_PLACEMENT_3D('',#1777,#1411,#1412);
#1279=AXIS2_PLACEMENT_3D('',#1778,#1413,#1414);
#1280=AXIS2_PLACEMENT_3D('',#1787,#1419,#1420);
#1281=AXIS2_PLACEMENT_3D('',#1790,#1423,#1424);
#1282=AXIS2_PLACEMENT_3D('',#1792,#1426,#1427);
#1283=AXIS2_PLACEMENT_3D('',#1794,#1429,#1430);
#1284=AXIS2_PLACEMENT_3D('',#1795,#1431,#1432);
#1285=AXIS2_PLACEMENT_3D('',#1798,#1435,#1436);
#1286=AXIS2_PLACEMENT_3D('',#1800,#1438,#1439);
#1287=AXIS2_PLACEMENT_3D('',#1802,#1441,#1442);
#1288=AXIS2_PLACEMENT_3D('',#1803,#1443,#1444);
#1289=AXIS2_PLACEMENT_3D('',#1806,#1446,#1447);
#1290=AXIS2_PLACEMENT_3D('',#1809,#1449,#1450);
#1291=AXIS2_PLACEMENT_3D('',#1812,#1452,#1453);
#1292=AXIS2_PLACEMENT_3D('',#1813,#1454,#1455);
#1293=AXIS2_PLACEMENT_3D('',#1843,#1460,#1461);
#1294=AXIS2_PLACEMENT_3D('',#1846,#1463,#1464);
#1295=AXIS2_PLACEMENT_3D('',#1899,#1469,#1470);
#1296=AXIS2_PLACEMENT_3D('',#1916,#1474,#1475);
#1297=AXIS2_PLACEMENT_3D('',#1919,#1477,#1478);
#1298=AXIS2_PLACEMENT_3D('',#1957,#1481,#1482);
#1299=AXIS2_PLACEMENT_3D('',#1973,#1485,#1486);
#1300=AXIS2_PLACEMENT_3D('',#1977,#1489,#1490);
#1301=AXIS2_PLACEMENT_3D('',#1980,#1492,#1493);
#1302=AXIS2_PLACEMENT_3D('',#2046,#1499,#1500);
#1303=AXIS2_PLACEMENT_3D('',#2049,#1502,#1503);
#1304=AXIS2_PLACEMENT_3D('',#2063,#1505,#1506);
#1305=AXIS2_PLACEMENT_3D('',#2093,#1511,#1512);
#1306=AXIS2_PLACEMENT_3D('',#2096,#1514,#1515);
#1307=AXIS2_PLACEMENT_3D('',#2134,#1518,#1519);
#1308=AXIS2_PLACEMENT_3D('',#2135,#1520,#1521);
#1309=AXIS2_PLACEMENT_3D('',#2141,#1525,#1526);
#1310=AXIS2_PLACEMENT_3D('',#2145,#1529,#1530);
#1311=AXIS2_PLACEMENT_3D('',#2149,#1533,#1534);
#1312=AXIS2_PLACEMENT_3D('',#2153,#1537,#1538);
#1313=AXIS2_PLACEMENT_3D('',#2157,#1541,#1542);
#1314=AXIS2_PLACEMENT_3D('',#2161,#1545,#1546);
#1315=AXIS2_PLACEMENT_3D('',#2163,#1548,#1549);
#1316=AXIS2_PLACEMENT_3D('',#2164,#1550,#1551);
#1317=AXIS2_PLACEMENT_3D('',#2166,#1553,#1554);
#1318=AXIS2_PLACEMENT_3D('',#2167,#1555,#1556);
#1319=AXIS2_PLACEMENT_3D('',#2169,#1558,#1559);
#1320=AXIS2_PLACEMENT_3D('',#2171,#1561,#1562);
#1321=AXIS2_PLACEMENT_3D('',#2172,#1563,#1564);
#1322=DIRECTION('',(0.,0.,1.));
#1323=DIRECTION('',(1.,0.,0.));
#1324=DIRECTION('',(-0.719708748696541,-0.694276110095731,0.));
#1325=DIRECTION('',(0.694276110095731,-0.719708748696541,0.));
#1326=DIRECTION('',(0.,0.,1.));
#1327=DIRECTION('',(-0.694276110095731,0.719708748696541,0.));
#1328=DIRECTION('',(0.,0.,-1.));
#1329=DIRECTION('',(-0.694276110095731,0.719708748696541,0.));
#1330=DIRECTION('',(0.,0.,1.));
#1331=DIRECTION('',(1.,0.,0.));
#1332=DIRECTION('',(-1.,0.,0.));
#1333=DIRECTION('',(0.,-1.,0.));
#1334=DIRECTION('',(-0.707106781186547,0.707106781186548,0.));
#1335=DIRECTION('',(-0.707106781186548,-0.707106781186548,0.));
#1336=DIRECTION('',(0.707409286719849,-0.706804146183732,0.));
#1337=DIRECTION('',(1.,0.,0.));
#1338=DIRECTION('',(0.,1.,0.));
#1339=DIRECTION('',(0.,0.,-1.));
#1340=DIRECTION('',(-1.,0.,0.));
#1341=DIRECTION('',(0.,0.,-1.));
#1342=DIRECTION('',(-1.,0.,0.));
#1343=DIRECTION('',(-0.424782866935162,0.905295264517795,0.));
#1344=DIRECTION('',(0.,0.,-1.));
#1345=DIRECTION('',(-1.,0.,0.));
#1346=DIRECTION('',(-0.423644334708708,0.905828613849892,0.));
#1347=DIRECTION('',(0.,0.,-1.));
#1348=DIRECTION('',(-1.,0.,0.));
#1349=DIRECTION('',(0.719708748696541,0.694276110095731,0.));
#1350=DIRECTION('',(-0.694276110095731,0.719708748696541,0.));
#1351=DIRECTION('',(-0.719708748696541,-0.694276110095731,0.));
#1352=DIRECTION('',(0.694276110095731,-0.719708748696541,0.));
#1353=DIRECTION('',(0.,0.,1.));
#1354=DIRECTION('',(1.,0.,0.));
#1355=DIRECTION('',(0.999800349592072,-0.019981515347231,0.));
#1356=DIRECTION('',(0.0199815153472317,0.999800349592072,0.));
#1357=DIRECTION('',(-0.999800349592072,0.019981515347231,0.));
#1358=DIRECTION('',(-0.0199815153472315,-0.999800349592072,0.));
#1359=DIRECTION('',(0.,0.,-1.));
#1360=DIRECTION('',(-1.,0.,0.));
#1361=DIRECTION('',(0.427628369839067,-0.903954632328848,0.));
#1362=DIRECTION('',(0.,0.,-1.));
#1363=DIRECTION('',(-1.,0.,0.));
#1364=DIRECTION('',(0.,0.,-1.));
#1365=DIRECTION('',(-1.,0.,0.));
#1366=DIRECTION('',(0.428675496477684,-0.903458531820698,0.));
#1367=DIRECTION('',(0.,0.,1.));
#1368=DIRECTION('',(1.,0.,0.));
#1369=DIRECTION('',(-0.694276110095731,0.719708748696541,0.));
#1370=DIRECTION('',(0.0199815153472314,0.999800349592072,0.));
#1371=DIRECTION('',(0.722477715930983,0.691394207368814,0.));
#1372=DIRECTION('',(0.691394207368814,-0.722477715930983,0.));
#1373=DIRECTION('',(0.722477715930983,0.691394207368814,0.));
#1374=DIRECTION('',(0.0199815153472314,0.999800349592072,0.));
#1375=DIRECTION('',(0.694276110095731,-0.719708748696541,0.));
#1376=DIRECTION('',(0.719708748696539,0.694276110095733,0.));
#1377=DIRECTION('',(0.0159855952779754,0.999872222208222,0.));
#1378=DIRECTION('',(0.,0.,1.));
#1379=DIRECTION('',(1.,0.,0.));
#1380=DIRECTION('',(0.,0.,1.));
#1381=DIRECTION('',(1.,0.,0.));
#1382=DIRECTION('',(0.0199815153472317,0.999800349592072,0.));
#1383=DIRECTION('',(0.999800349592072,-0.019981515347231,0.));
#1384=DIRECTION('',(-0.0199815153472315,-0.999800349592072,0.));
#1385=DIRECTION('',(-0.999800349592072,0.019981515347231,0.));
#1386=DIRECTION('',(-0.694276110095731,0.719708748696541,0.));
#1387=DIRECTION('',(0.,0.,-1.));
#1388=DIRECTION('',(1.,0.,0.));
#1389=DIRECTION('',(0.0159855952779754,0.999872222208222,0.));
#1390=DIRECTION('',(-0.719708748696539,-0.694276110095733,0.));
#1391=DIRECTION('',(0.694276110095731,-0.719708748696541,0.));
#1392=DIRECTION('',(0.0199815153472314,0.999800349592072,0.));
#1393=DIRECTION('',(0.722477715930983,0.691394207368814,0.));
#1394=DIRECTION('',(-0.691394207368814,0.722477715930983,0.));
#1395=DIRECTION('',(0.722477715930983,0.691394207368814,0.));
#1396=DIRECTION('',(-0.999800349592072,0.0199815153472314,0.));
#1397=DIRECTION('',(-0.0199815153472314,-0.999800349592072,0.));
#1398=DIRECTION('',(0.,0.,1.));
#1399=DIRECTION('',(0.,0.,-1.));
#1400=DIRECTION('',(-0.999800349592072,0.0199815153472314,0.));
#1401=DIRECTION('',(-0.0199815153472314,-0.999800349592072,0.));
#1402=DIRECTION('',(0.,0.,-1.));
#1403=DIRECTION('',(0.016110435912854,0.80610600236503,-0.591551829348678));
#1404=DIRECTION('',(-0.719708748696541,-0.694276110095731,0.));
#1405=DIRECTION('',(0.694276110095731,-0.719708748696541,0.));
#1406=DIRECTION('',(0.,0.,1.));
#1407=DIRECTION('',(0.482286704330853,-0.49995377262668,0.71933702814608));
#1408=DIRECTION('',(0.719708748696541,0.694276110095731,0.));
#1409=DIRECTION('',(-0.694276110095731,0.719708748696541,0.));
#1410=DIRECTION('',(0.,0.,1.));
#1411=DIRECTION('',(0.,0.,1.));
#1412=DIRECTION('',(1.,0.,0.));
#1413=DIRECTION('',(0.,0.,1.));
#1414=DIRECTION('',(1.,0.,0.));
#1415=DIRECTION('',(-0.694276110095731,0.719708748696541,0.));
#1416=DIRECTION('',(0.719708748696541,0.694276110095731,0.));
#1417=DIRECTION('',(0.694276110095731,-0.719708748696541,0.));
#1418=DIRECTION('',(-0.719708748696541,-0.694276110095731,0.));
#1419=DIRECTION('',(0.719708748696541,0.694276110095731,0.));
#1420=DIRECTION('',(-0.694276110095731,0.719708748696541,0.));
#1421=DIRECTION('',(0.,0.,1.));
#1422=DIRECTION('',(0.,0.,1.));
#1423=DIRECTION('',(0.694276110095731,-0.719708748696541,0.));
#1424=DIRECTION('',(0.719708748696541,0.694276110095731,0.));
#1425=DIRECTION('',(0.,0.,1.));
#1426=DIRECTION('',(-0.694276110095731,0.719708748696541,0.));
#1427=DIRECTION('',(-0.719708748696541,-0.694276110095731,0.));
#1428=DIRECTION('',(0.,0.,1.));
#1429=DIRECTION('',(-0.719708748696541,-0.694276110095731,0.));
#1430=DIRECTION('',(0.694276110095731,-0.719708748696541,0.));
#1431=DIRECTION('',(0.019981515347231,0.999800349592072,0.));
#1432=DIRECTION('',(-0.999800349592072,0.019981515347231,0.));
#1433=DIRECTION('',(0.,0.,-1.));
#1434=DIRECTION('',(0.,0.,-1.));
#1435=DIRECTION('',(0.999800349592072,-0.0199815153472315,0.));
#1436=DIRECTION('',(0.0199815153472315,0.999800349592072,0.));
#1437=DIRECTION('',(0.,0.,-1.));
#1438=DIRECTION('',(-0.019981515347231,-0.999800349592072,0.));
#1439=DIRECTION('',(0.999800349592072,-0.019981515347231,0.));
#1440=DIRECTION('',(0.,0.,-1.));
#1441=DIRECTION('',(-0.999800349592072,0.0199815153472317,0.));
#1442=DIRECTION('',(-0.0199815153472317,-0.999800349592072,0.));
#1443=DIRECTION('',(0.,0.,-1.));
#1444=DIRECTION('',(-0.208730674455816,-0.977973161973896,0.));
#1445=DIRECTION('',(0.,0.,-1.));
#1446=DIRECTION('',(0.,0.,-1.));
#1447=DIRECTION('',(-1.,0.,0.));
#1448=DIRECTION('',(0.,0.,-1.));
#1449=DIRECTION('',(0.,0.,-1.));
#1450=DIRECTION('',(0.276961593323112,-0.960880989417484,0.));
#1451=DIRECTION('',(0.,0.,-1.));
#1452=DIRECTION('',(0.,0.,-1.));
#1453=DIRECTION('',(-1.,0.,0.));
#1454=DIRECTION('',(-0.905828613849892,-0.423644334708708,0.));
#1455=DIRECTION('',(0.423644334708708,-0.905828613849892,0.));
#1456=DIRECTION('',(0.,0.,-1.));
#1457=DIRECTION('',(-0.423644334708708,0.905828613849892,0.));
#1458=DIRECTION('',(0.,0.,-1.));
#1459=DIRECTION('',(0.,0.,-1.));
#1460=DIRECTION('',(0.,0.,-1.));
#1461=DIRECTION('',(-0.624919348305826,-0.780689315997741,0.));
#1462=DIRECTION('',(0.,0.,-1.));
#1463=DIRECTION('',(0.,0.,-1.));
#1464=DIRECTION('',(-1.,0.,0.));
#1465=DIRECTION('',(0.,0.,-1.));
#1466=DIRECTION('',(0.,0.,-1.));
#1467=DIRECTION('',(0.,0.,-1.));
#1468=DIRECTION('',(0.,0.,-1.));
#1469=DIRECTION('',(-0.905295264517795,-0.424782866935162,0.));
#1470=DIRECTION('',(0.424782866935162,-0.905295264517795,0.));
#1471=DIRECTION('',(0.,0.,-1.));
#1472=DIRECTION('',(-0.424782866935162,0.905295264517795,0.));
#1473=DIRECTION('',(0.,0.,-1.));
#1474=DIRECTION('',(0.,0.,-1.));
#1475=DIRECTION('',(-0.997066847122883,0.07653562809851,0.));
#1476=DIRECTION('',(0.,0.,-1.));
#1477=DIRECTION('',(0.,0.,-1.));
#1478=DIRECTION('',(-1.,0.,0.));
#1479=DIRECTION('',(0.,0.,-1.));
#1480=DIRECTION('',(0.,0.,-1.));
#1481=DIRECTION('',(0.,0.,-1.));
#1482=DIRECTION('',(1.,0.,0.));
#1483=DIRECTION('',(0.,0.,-1.));
#1484=DIRECTION('',(0.,0.,-1.));
#1485=DIRECTION('',(0.903458531820698,0.428675496477684,0.));
#1486=DIRECTION('',(-0.428675496477684,0.903458531820698,0.));
#1487=DIRECTION('',(0.,0.,-1.));
#1488=DIRECTION('',(0.428675496477684,-0.903458531820698,0.));
#1489=DIRECTION('',(0.,0.,-1.));
#1490=DIRECTION('',(-0.905434146421527,0.42448675655893,0.));
#1491=DIRECTION('',(0.,0.,-1.));
#1492=DIRECTION('',(0.,0.,-1.));
#1493=DIRECTION('',(-1.,0.,0.));
#1494=DIRECTION('',(0.,0.,-1.));
#1495=DIRECTION('',(0.,0.,-1.));
#1496=DIRECTION('',(0.,0.,-1.));
#1497=DIRECTION('',(0.,0.,-1.));
#1498=DIRECTION('',(0.,0.,-1.));
#1499=DIRECTION('',(0.,0.,-1.));
#1500=DIRECTION('',(0.21412715928682,0.976805794237399,0.));
#1501=DIRECTION('',(0.,0.,-1.));
#1502=DIRECTION('',(0.,0.,-1.));
#1503=DIRECTION('',(-1.,0.,0.));
#1504=DIRECTION('',(0.,0.,-1.));
#1505=DIRECTION('',(0.903954632328848,0.427628369839067,0.));
#1506=DIRECTION('',(-0.427628369839067,0.903954632328848,0.));
#1507=DIRECTION('',(0.,0.,-1.));
#1508=DIRECTION('',(0.427628369839067,-0.903954632328848,0.));
#1509=DIRECTION('',(0.,0.,-1.));
#1510=DIRECTION('',(0.,0.,-1.));
#1511=DIRECTION('',(0.,0.,-1.));
#1512=DIRECTION('',(0.622202186860848,0.782856588824274,0.));
#1513=DIRECTION('',(0.,0.,-1.));
#1514=DIRECTION('',(0.,0.,-1.));
#1515=DIRECTION('',(-1.,0.,0.));
#1516=DIRECTION('',(0.,0.,-1.));
#1517=DIRECTION('',(0.,0.,-1.));
#1518=DIRECTION('',(0.,0.,-1.));
#1519=DIRECTION('',(1.,0.,0.));
#1520=DIRECTION('',(0.,-1.,0.));
#1521=DIRECTION('',(0.,0.,-1.));
#1522=DIRECTION('',(0.,0.,-1.));
#1523=DIRECTION('',(-1.,0.,0.));
#1524=DIRECTION('',(0.,0.,-1.));
#1525=DIRECTION('',(-1.,0.,0.));
#1526=DIRECTION('',(0.,0.,1.));
#1527=DIRECTION('',(0.,0.,-1.));
#1528=DIRECTION('',(0.,1.,0.));
#1529=DIRECTION('',(0.,1.,0.));
#1530=DIRECTION('',(0.,0.,1.));
#1531=DIRECTION('',(0.,0.,-1.));
#1532=DIRECTION('',(1.,0.,0.));
#1533=DIRECTION('',(0.706804146183732,0.707409286719849,0.));
#1534=DIRECTION('',(-0.707409286719849,0.706804146183732,0.));
#1535=DIRECTION('',(0.,0.,-1.));
#1536=DIRECTION('',(0.707409286719849,-0.706804146183732,0.));
#1537=DIRECTION('',(0.707106781186548,-0.707106781186548,0.));
#1538=DIRECTION('',(0.707106781186548,0.707106781186548,0.));
#1539=DIRECTION('',(0.,0.,-1.));
#1540=DIRECTION('',(-0.707106781186548,-0.707106781186548,0.));
#1541=DIRECTION('',(-0.707106781186548,-0.707106781186547,0.));
#1542=DIRECTION('',(0.707106781186547,-0.707106781186548,0.));
#1543=DIRECTION('',(0.,0.,-1.));
#1544=DIRECTION('',(-0.707106781186547,0.707106781186548,0.));
#1545=DIRECTION('',(1.,0.,0.));
#1546=DIRECTION('',(0.,0.,-1.));
#1547=DIRECTION('',(0.,-1.,0.));
#1548=DIRECTION('',(0.,0.,-1.));
#1549=DIRECTION('',(1.,0.,0.));
#1550=DIRECTION('',(-0.694276110095733,0.719708748696539,0.));
#1551=DIRECTION('',(-0.719708748696539,-0.694276110095733,0.));
#1552=DIRECTION('',(0.,0.,-1.));
#1553=DIRECTION('',(-0.999872222208222,0.0159855952779754,0.));
#1554=DIRECTION('',(-0.0159855952779754,-0.999872222208222,0.));
#1555=DIRECTION('',(0.691394207368814,-0.722477715930983,0.));
#1556=DIRECTION('',(0.722477715930983,0.691394207368814,0.));
#1557=DIRECTION('',(0.,0.,-1.));
#1558=DIRECTION('',(-0.497347371083983,0.519706975926918,0.694658370458998));
#1559=DIRECTION('',(0.,-0.800711400197998,0.599050293041379));
#1560=DIRECTION('',(0.48028277343561,-0.501875192841555,0.719339800338651));
#1561=DIRECTION('',(-0.722477715930983,-0.691394207368814,0.));
#1562=DIRECTION('',(0.691394207368814,-0.722477715930983,0.));
#1563=DIRECTION('',(0.,0.,1.));
#1564=DIRECTION('',(1.,0.,0.));
#1565=CARTESIAN_POINT('',(0.,0.,0.));
#1566=CARTESIAN_POINT('',(-0.033106602440041,-0.0319367010644038,0.330002));
#1567=CARTESIAN_POINT('',(-0.0387436683792213,-0.0260931388066617,0.299998));
#1568=CARTESIAN_POINT('',(-0.0387436683792213,-0.0260931388066617,0.3));
#1569=CARTESIAN_POINT('',(-0.0387436683792213,-0.0260931388066617,0.33));
#1570=CARTESIAN_POINT('',(-0.033106602440041,-0.0319367010644038,0.3));
#1571=CARTESIAN_POINT('',(-0.04629784853186,-0.0182622348391694,0.3));
#1572=CARTESIAN_POINT('',(-0.04629784853186,-0.0182622348391694,0.330002));
#1573=CARTESIAN_POINT('',(-0.04629784853186,-0.0182622348391694,0.33));
#1574=CARTESIAN_POINT('',(-0.033106602440041,-0.0319367010644038,0.33));
#1575=CARTESIAN_POINT('',(0.,0.,0.3));
#1576=CARTESIAN_POINT('',(-0.00247204113898957,0.0265267546653351,0.3));
#1577=CARTESIAN_POINT('',(-0.00185111014940624,0.0265267546653351,0.3));
#1578=CARTESIAN_POINT('',(-0.00309297212857291,0.0265267546653351,0.3));
#1579=CARTESIAN_POINT('',(-0.00309297212857291,0.0236532195090851,0.3));
#1580=CARTESIAN_POINT('',(-0.00309297212857291,0.0207796843528351,0.3));
#1581=CARTESIAN_POINT('',(-0.00360648124315624,0.0212931934674184,0.3));
#1582=CARTESIAN_POINT('',(-0.00411999035773957,0.0218067025820017,0.3));
#1583=CARTESIAN_POINT('',(-0.00455781587857291,0.0213688770611685,0.3));
#1584=CARTESIAN_POINT('',(-0.00499564139940624,0.0209310515403351,0.3));
#1585=CARTESIAN_POINT('',(-0.00404430676398957,0.0199805307070017,0.3));
#1586=CARTESIAN_POINT('',(-0.00309297212857291,0.0190300098736685,0.3));
#1587=CARTESIAN_POINT('',(-0.00247204113898957,0.0190300098736685,0.3));
#1588=CARTESIAN_POINT('',(-0.00185111014940624,0.0190300098736685,0.3));
#1589=CARTESIAN_POINT('',(-0.00185111014940624,0.0227783822695018,0.3));
#1590=CARTESIAN_POINT('',(0.00262982882234299,0.0215067116637323,0.3));
#1591=CARTESIAN_POINT('',(0.00265571942751074,0.0199142004171792,0.3));
#1592=CARTESIAN_POINT('',(0.00197457344434376,0.0200562143007517,0.3));
#1593=CARTESIAN_POINT('',(0.00197457344434376,0.0200562143007517,0.3));
#1594=CARTESIAN_POINT('',(0.00166939766309376,0.0201986296653351,0.3));
#1595=CARTESIAN_POINT('',(0.00145536771517709,0.0205396127382518,0.3));
#1596=CARTESIAN_POINT('',(0.00145536771517709,0.0205396127382518,0.3));
#1597=CARTESIAN_POINT('',(0.00145536771517709,0.0205396127382518,0.3));
#1598=CARTESIAN_POINT('',(0.00124133776726043,0.0208805958111685,0.3));
#1599=CARTESIAN_POINT('',(0.00112415026726043,0.0214201465924185,0.3));
#1600=CARTESIAN_POINT('',(0.00112415026726043,0.0214201465924185,0.3));
#1601=CARTESIAN_POINT('',(0.00112415026726043,0.0214201465924185,0.3));
#1602=CARTESIAN_POINT('',(0.00100696276726043,0.0219596973736685,0.3));
#1603=CARTESIAN_POINT('',(0.000997197142260426,0.0227425749778351,0.3));
#1604=CARTESIAN_POINT('',(0.000997197142260426,0.0227425749778351,0.3));
#1605=CARTESIAN_POINT('',(0.00944135551532069,0.0226810481088583,0.3));
#1606=CARTESIAN_POINT('',(0.00107857735059376,0.0238412077903351,0.3));
#1607=CARTESIAN_POINT('',(0.00107857735059376,0.0238412077903351,0.3));
#1608=CARTESIAN_POINT('',(0.00115019193392709,0.0243197234153351,0.3));
#1609=CARTESIAN_POINT('',(0.00129179349642709,0.0246550098736684,0.3));
#1610=CARTESIAN_POINT('',(0.00129179349642709,0.0246550098736684,0.3));
#1611=CARTESIAN_POINT('',(0.00101265938184376,0.0252498991965851,0.3));
#1612=CARTESIAN_POINT('',(0.000733525267260426,0.0258447885195018,0.3));
#1613=CARTESIAN_POINT('',(0.000733525267260426,0.0258447885195018,0.3));
#1614=CARTESIAN_POINT('',(0.000264775267260426,0.0253662728945017,0.3));
#1615=CARTESIAN_POINT('',(1.08690172604259E-5,0.0245988575299185,0.3));
#1616=CARTESIAN_POINT('',(1.08690172604259E-5,0.0245988575299185,0.3));
#1617=CARTESIAN_POINT('',(1.08690172604259E-5,0.0245988575299185,0.3));
#1618=CARTESIAN_POINT('',(-0.000243037232739574,0.0238314421653351,0.3));
#1619=CARTESIAN_POINT('',(-0.000243037232739574,0.0227425749778351,0.3));
#1620=CARTESIAN_POINT('',(-0.000243037232739574,0.0227425749778351,0.3));
#1621=CARTESIAN_POINT('',(-0.000243037232739574,0.0227425749778351,0.3));
#1622=CARTESIAN_POINT('',(-0.000243037232739574,0.0217969369570018,0.3));
#1623=CARTESIAN_POINT('',(-4.52833264895742E-5,0.0210791635195017,0.3));
#1624=CARTESIAN_POINT('',(-4.52833264895742E-5,0.0210791635195017,0.3));
#1625=CARTESIAN_POINT('',(-4.52833264895742E-5,0.0210791635195017,0.3));
#1626=CARTESIAN_POINT('',(0.000152470579760426,0.0203613900820017,0.3));
#1627=CARTESIAN_POINT('',(0.00052437813184376,0.0198836882590851,0.3));
#1628=CARTESIAN_POINT('',(0.00052437813184376,0.0198836882590851,0.3));
#1629=CARTESIAN_POINT('',(0.00246379651895856,0.0213708125435746,0.3));
#1630=CARTESIAN_POINT('',(0.00143013985059376,0.0191569629986685,0.3));
#1631=CARTESIAN_POINT('',(0.00143013985059376,0.0191569629986685,0.3));
#1632=CARTESIAN_POINT('',(0.00196399401726043,0.0189079395611685,0.3));
#1633=CARTESIAN_POINT('',(0.00262480130892709,0.0189079395611685,0.3));
#1634=CARTESIAN_POINT('',(0.00262480130892709,0.0189079395611685,0.3));
#1635=CARTESIAN_POINT('',(0.00262480130892709,0.0189079395611685,0.3));
#1636=CARTESIAN_POINT('',(0.00332629870476043,0.0189079395611685,0.3));
#1637=CARTESIAN_POINT('',(0.0038552700589271,0.0191716114361685,0.3));
#1638=CARTESIAN_POINT('',(0.0038552700589271,0.0191716114361685,0.3));
#1639=CARTESIAN_POINT('',(0.00363147448601042,0.0196501270611685,0.3));
#1640=CARTESIAN_POINT('',(0.00340779734985324,0.0201283894542018,0.3));
#1641=CARTESIAN_POINT('',(0.00267460259314493,0.0212770038640884,0.3));
#1642=CARTESIAN_POINT('',(0.0293232999228739,0.0352343453536585,0.3));
#1643=CARTESIAN_POINT('',(0.0257247561793912,0.0317629648031799,0.3));
#1644=CARTESIAN_POINT('',(0.0329218436663566,0.0387057259041372,0.3));
#1645=CARTESIAN_POINT('',(0.0291961367298698,0.0281644210596971,0.3));
#1646=CARTESIAN_POINT('',(0.0326675172803485,0.0245658773162145,0.3));
#1647=CARTESIAN_POINT('',(0.0362660610238312,0.0280372578666932,0.3));
#1648=CARTESIAN_POINT('',(0.0398646047673139,0.0315086384171718,0.3));
#1649=CARTESIAN_POINT('',(0.0363932242168352,0.0351071821606545,0.3));
#1650=CARTESIAN_POINT('',(0.,4.59242549680257E-18,0.3));
#1651=CARTESIAN_POINT('',(0.0655665997290526,4.59242549680257E-18,0.3));
#1652=CARTESIAN_POINT('',(0.000810502332784718,0.0405545075827099,0.3));
#1653=CARTESIAN_POINT('',(-0.00418849941517564,0.040654415159446,0.3));
#1654=CARTESIAN_POINT('',(0.00580950408074502,0.0404546000059737,0.3));
#1655=CARTESIAN_POINT('',(0.00590941165748118,0.045453601753934,0.3));
#1656=CARTESIAN_POINT('',(0.00600931923421734,0.0504526035018944,0.3));
#1657=CARTESIAN_POINT('',(0.00101031748625703,0.0505525110786305,0.3));
#1658=CARTESIAN_POINT('',(-0.00398868426170332,0.0506524186553667,0.3));
#1659=CARTESIAN_POINT('',(-0.00408859183843948,0.0456534169074064,0.3));
#1660=CARTESIAN_POINT('',(0.00448678047559376,0.0196094369570017,0.3));
#1661=CARTESIAN_POINT('',(0.00498482735059376,0.0200765593528351,0.3));
#1662=CARTESIAN_POINT('',(0.00524443021517709,0.0208602507590851,0.3));
#1663=CARTESIAN_POINT('',(0.00448678047559376,0.0196094369570017,0.3));
#1664=CARTESIAN_POINT('',(0.00524443021517709,0.0208602507590851,0.3));
#1665=CARTESIAN_POINT('',(0.00524443021517709,0.0208602507590851,0.3));
#1666=CARTESIAN_POINT('',(0.00550403307976043,0.0216439421653351,0.3));
#1667=CARTESIAN_POINT('',(0.00550403307976043,0.0227425749778351,0.3));
#1668=CARTESIAN_POINT('',(0.00550403307976043,0.0227425749778351,0.3));
#1669=CARTESIAN_POINT('',(0.00550403307976043,0.0227425749778351,0.3));
#1670=CARTESIAN_POINT('',(0.00550403307976043,0.0236882129986684,0.3));
#1671=CARTESIAN_POINT('',(0.00530546537142709,0.0244108692486685,0.3));
#1672=CARTESIAN_POINT('',(0.00530546537142709,0.0244108692486685,0.3));
#1673=CARTESIAN_POINT('',(0.00530546537142709,0.0244108692486685,0.3));
#1674=CARTESIAN_POINT('',(0.00510689766309376,0.0251335254986684,0.3));
#1675=CARTESIAN_POINT('',(0.00473092110059376,0.0256112273215851,0.3));
#1676=CARTESIAN_POINT('',(0.00473092110059376,0.0256112273215851,0.3));
#1677=CARTESIAN_POINT('',(0.00279665170801636,0.024118014927083,0.3));
#1678=CARTESIAN_POINT('',(0.00382597318392709,0.0263330697695018,0.3));
#1679=CARTESIAN_POINT('',(0.00382597318392709,0.0263330697695018,0.3));
#1680=CARTESIAN_POINT('',(0.00329700182976043,0.0265772103945018,0.3));
#1681=CARTESIAN_POINT('',(0.00262480130892709,0.0265772103945018,0.3));
#1682=CARTESIAN_POINT('',(0.00262480130892709,0.0265772103945018,0.3));
#1683=CARTESIAN_POINT('',(0.00262480130892709,0.0265772103945018,0.3));
#1684=CARTESIAN_POINT('',(0.0019021450589271,0.0265772103945018,0.3));
#1685=CARTESIAN_POINT('',(0.00134387682976043,0.0262923796653351,0.3));
#1686=CARTESIAN_POINT('',(0.00134387682976043,0.0262923796653351,0.3));
#1687=CARTESIAN_POINT('',(0.0015725552151771,0.0258089812278351,0.3));
#1688=CARTESIAN_POINT('',(0.00180123360059376,0.0253255827903351,0.3));
#1689=CARTESIAN_POINT('',(0.00180123360059376,0.0253255827903351,0.3));
#1690=CARTESIAN_POINT('',(0.00211698880892709,0.0255811166445017,0.3));
#1691=CARTESIAN_POINT('',(0.00259387682976043,0.0255811166445017,0.3));
#1692=CARTESIAN_POINT('',(0.00259387682976043,0.0255811166445017,0.3));
#1693=CARTESIAN_POINT('',(0.00261728685056123,0.0240053573261633,0.3));
#1694=CARTESIAN_POINT('',(0.00328153959017709,0.0254330046653351,0.3));
#1695=CARTESIAN_POINT('',(0.00328153959017709,0.0254330046653351,0.3));
#1696=CARTESIAN_POINT('',(0.00359159818392709,0.0252848926861685,0.3));
#1697=CARTESIAN_POINT('',(0.00380481432976043,0.0249496062278351,0.3));
#1698=CARTESIAN_POINT('',(0.00380481432976043,0.0249496062278351,0.3));
#1699=CARTESIAN_POINT('',(0.00380481432976043,0.0249496062278351,0.3));
#1700=CARTESIAN_POINT('',(0.00401803047559376,0.0246143197695018,0.3));
#1701=CARTESIAN_POINT('',(0.00413521797559376,0.0240698861757517,0.3));
#1702=CARTESIAN_POINT('',(0.00413521797559376,0.0240698861757517,0.3));
#1703=CARTESIAN_POINT('',(0.00413521797559376,0.0240698861757517,0.3));
#1704=CARTESIAN_POINT('',(0.00425240547559376,0.0235254525820017,0.3));
#1705=CARTESIAN_POINT('',(0.00426217110059376,0.0227425749778351,0.3));
#1706=CARTESIAN_POINT('',(0.00426217110059376,0.0227425749778351,0.3));
#1707=CARTESIAN_POINT('',(0.00426217110059376,0.0227425749778351,0.3));
#1708=CARTESIAN_POINT('',(0.00425240547559376,0.0221012989361685,0.3));
#1709=CARTESIAN_POINT('',(0.00417102526726042,0.0216235971132517,0.3));
#1710=CARTESIAN_POINT('',(0.00417102526726042,0.0216235971132517,0.3));
#1711=CARTESIAN_POINT('',(0.00417102526726042,0.0216235971132517,0.3));
#1712=CARTESIAN_POINT('',(0.00408964505892709,0.0211458952903351,0.3));
#1713=CARTESIAN_POINT('',(0.00393665026726042,0.0208089812278351,0.3));
#1714=CARTESIAN_POINT('',(0.00393665026726042,0.0208089812278351,0.3));
#1715=CARTESIAN_POINT('',(0.00395514151978107,0.0207871127616599,0.3));
#1716=CARTESIAN_POINT('',(0.00392676632153785,0.0207896993456371,0.3));
#1717=CARTESIAN_POINT('',(0.0042068325589271,0.0201994434674185,0.3));
#1718=CARTESIAN_POINT('',(1.65260166662407E-13,1.11324144347336E-13,0.3));
#1719=CARTESIAN_POINT('',(-0.0274695365008606,-0.0377802633221458,0.3));
#1720=CARTESIAN_POINT('',(-0.033106602440041,-0.0319367010644038,0.3));
#1721=CARTESIAN_POINT('',(-0.0199153563482221,-0.0456111672896381,0.3));
#1722=CARTESIAN_POINT('',(-0.0195357075566247,-0.0266149606473886,0.3));
#1723=CARTESIAN_POINT('',(-0.0198545996434595,-0.0425711288538081,0.3));
#1724=CARTESIAN_POINT('',(-0.0214837405438605,-0.0441301784364979,0.3));
#1725=CARTESIAN_POINT('',(-0.0019530918144041,-0.0254398062631488,0.3));
#1726=CARTESIAN_POINT('',(-0.0104788069441341,-0.0165307944028284,0.3));
#1727=CARTESIAN_POINT('',(-0.0190045220738641,-0.00762178254250804,0.3));
#1728=CARTESIAN_POINT('',(-0.0385351708033205,-0.0263121547158571,0.3));
#1729=CARTESIAN_POINT('',(-0.0191590752227599,-0.00776968627645158,0.3));
#1730=CARTESIAN_POINT('',(-0.0195357075566247,-0.0266149606473886,0.3));
#1731=CARTESIAN_POINT('',(-0.0188436867678384,0.00801117328341254,0.3));
#1732=CARTESIAN_POINT('',(-0.0112062281579323,9.39402122657534E-5,0.3));
#1733=CARTESIAN_POINT('',(-0.0321401621732103,0.0217947235697028,0.3));
#1734=CARTESIAN_POINT('',(-0.0458146283984446,0.0086034774778838,0.3));
#1735=CARTESIAN_POINT('',(-0.0458691704289726,0.00855086282110732,0.3));
#1736=CARTESIAN_POINT('',(-0.0459941222215784,0.000735337382786881,0.3));
#1737=CARTESIAN_POINT('',(0.,0.,0.33));
#1738=CARTESIAN_POINT('',(0.,4.59242549680257E-18,0.33));
#1739=CARTESIAN_POINT('',(0.0671388331075438,4.59242549680257E-18,0.33));
#1740=CARTESIAN_POINT('',(0.00590941165748118,0.045453601753934,0.33));
#1741=CARTESIAN_POINT('',(0.00580950408074502,0.0404546000059737,0.33));
#1742=CARTESIAN_POINT('',(0.00600931923421738,0.0504526035018944,0.33));
#1743=CARTESIAN_POINT('',(0.000810502332784718,0.0405545075827099,0.33));
#1744=CARTESIAN_POINT('',(-0.00418849941517564,0.040654415159446,0.33));
#1745=CARTESIAN_POINT('',(-0.00408859183843948,0.0456534169074064,0.33));
#1746=CARTESIAN_POINT('',(-0.00398868426170332,0.0506524186553667,0.33));
#1747=CARTESIAN_POINT('',(0.00101031748625703,0.0505525110786305,0.33));
#1748=CARTESIAN_POINT('',(-0.033106602440041,-0.0319367010644038,0.33));
#1749=CARTESIAN_POINT('',(-0.00129728422888554,-0.0649112543779033,0.33));
#1750=CARTESIAN_POINT('',(-0.0274695365008126,-0.0377802633221956,0.33));
#1751=CARTESIAN_POINT('',(1.65260166662407E-13,1.11324144347336E-13,0.33));
#1752=CARTESIAN_POINT('',(-0.0459941222215784,0.000735337382786881,0.33));
#1753=CARTESIAN_POINT('',(-0.0458691704289726,0.00855086282110733,0.33));
#1754=CARTESIAN_POINT('',(-0.0458146283984446,0.0086034774778838,0.33));
#1755=CARTESIAN_POINT('',(-0.0321401621732103,0.0217947235697028,0.33));
#1756=CARTESIAN_POINT('',(-0.0112062281579323,9.39402122657534E-5,0.33));
#1757=CARTESIAN_POINT('',(-0.0188436867678384,0.00801117328341253,0.33));
#1758=CARTESIAN_POINT('',(-0.0195357075566247,-0.0266149606473886,0.33));
#1759=CARTESIAN_POINT('',(-0.0191590752227599,-0.00776968627645158,0.33));
#1760=CARTESIAN_POINT('',(-0.0385351708033205,-0.0263121547158571,0.33));
#1761=CARTESIAN_POINT('',(-0.0190045220738641,-0.00762178254250804,0.33));
#1762=CARTESIAN_POINT('',(0.00494056699626931,-0.0326433882701441,0.33));
#1763=CARTESIAN_POINT('',(0.0180770569362769,-0.0463704648728329,0.33));
#1764=CARTESIAN_POINT('',(-0.00145359179317957,-0.065060837046182,0.33));
#1765=CARTESIAN_POINT('',(-0.0195357075566247,-0.0266149606473886,0.330002));
#1766=CARTESIAN_POINT('',(-0.0191590752227599,-0.00776968627645158,0.330002));
#1767=CARTESIAN_POINT('',(-0.0188436867678384,0.00801117328341254,0.330002));
#1768=CARTESIAN_POINT('',(-0.0195357075566247,-0.0266149606473886,0.330002));
#1769=CARTESIAN_POINT('',(-0.0199153563482221,-0.0456111672896381,0.330002));
#1770=CARTESIAN_POINT('',(-0.0199153563482221,-0.045611167289638,0.302230898036647));
#1771=CARTESIAN_POINT('',(-0.0199332223973883,-0.046505117617814,0.302886913437137));
#1772=CARTESIAN_POINT('',(-0.033106602440041,-0.0319367010644038,0.330002));
#1773=CARTESIAN_POINT('',(-0.0274695365008606,-0.0377802633221458,0.299998));
#1774=CARTESIAN_POINT('',(-0.0113543964046577,-0.0544857312837446,0.314999683550702));
#1775=CARTESIAN_POINT('',(-0.0112062281579323,9.39402122657534E-5,0.330002));
#1776=CARTESIAN_POINT('',(-0.0321401621732103,0.0217947235697028,0.299998));
#1777=CARTESIAN_POINT('',(0.,4.59242549680257E-18,0.3));
#1778=CARTESIAN_POINT('',(0.,0.,0.27));
#1779=CARTESIAN_POINT('',(0.0363932242168352,0.0351071821606545,0.27));
#1780=CARTESIAN_POINT('',(0.0398646047673139,0.0315086384171718,0.27));
#1781=CARTESIAN_POINT('',(0.0329218436663566,0.0387057259041372,0.27));
#1782=CARTESIAN_POINT('',(0.0362660610238312,0.0280372578666932,0.27));
#1783=CARTESIAN_POINT('',(0.0326675172803485,0.0245658773162145,0.27));
#1784=CARTESIAN_POINT('',(0.0291961367298698,0.0281644210596971,0.27));
#1785=CARTESIAN_POINT('',(0.0257247561793912,0.0317629648031799,0.27));
#1786=CARTESIAN_POINT('',(0.0293232999228739,0.0352343453536585,0.27));
#1787=CARTESIAN_POINT('',(0.0291961367298698,0.0281644210596971,0.269998));
#1788=CARTESIAN_POINT('',(0.0257247561793912,0.0317629648031799,0.269998));
#1789=CARTESIAN_POINT('',(0.0326675172803485,0.0245658773162145,0.269998));
#1790=CARTESIAN_POINT('',(0.0293232999228739,0.0352343453536585,0.269998));
#1791=CARTESIAN_POINT('',(0.0329218436663566,0.0387057259041372,0.269998));
#1792=CARTESIAN_POINT('',(0.0362660610238312,0.0280372578666932,0.269998));
#1793=CARTESIAN_POINT('',(0.0398646047673139,0.0315086384171718,0.269998));
#1794=CARTESIAN_POINT('',(0.0363932242168352,0.0351071821606545,0.269998));
#1795=CARTESIAN_POINT('',(0.000810502332784718,0.0405545075827099,0.330002));
#1796=CARTESIAN_POINT('',(0.00580950408074502,0.0404546000059737,0.330002));
#1797=CARTESIAN_POINT('',(-0.00418849941517564,0.040654415159446,0.330002));
#1798=CARTESIAN_POINT('',(-0.00408859183843948,0.0456534169074064,0.330002));
#1799=CARTESIAN_POINT('',(-0.00398868426170332,0.0506524186553667,0.330002));
#1800=CARTESIAN_POINT('',(0.00101031748625703,0.0505525110786305,0.330002));
#1801=CARTESIAN_POINT('',(0.00600931923421738,0.0504526035018944,0.330002));
#1802=CARTESIAN_POINT('',(0.00590941165748118,0.045453601753934,0.330002));
#1803=CARTESIAN_POINT('',(0.00262982882234299,0.0215067116637323,0.301000000000001));
#1804=CARTESIAN_POINT('',(0.00265572578809376,0.0199137989361685,0.301));
#1805=CARTESIAN_POINT('',(0.00265571942751074,0.0199142004171792,0.301));
#1806=CARTESIAN_POINT('',(0.00262982882234299,0.0215067116637323,0.301));
#1807=CARTESIAN_POINT('',(0.00197457344434376,0.0200562143007517,0.301));
#1808=CARTESIAN_POINT('',(0.00197457344434376,0.0200562143007517,0.301));
#1809=CARTESIAN_POINT('',(0.00267460259314493,0.0212770038640884,0.301));
#1810=CARTESIAN_POINT('',(0.00340779735383587,0.0201283894530454,0.301));
#1811=CARTESIAN_POINT('',(0.00340779734985324,0.0201283894542018,0.301));
#1812=CARTESIAN_POINT('',(0.00267460259314493,0.0212770038640884,0.301));
#1813=CARTESIAN_POINT('',(0.00363147448601042,0.0196501270611685,0.301));
#1814=CARTESIAN_POINT('',(0.0038552700589271,0.0191716114361685,0.301));
#1815=CARTESIAN_POINT('',(0.0038552700589271,0.0191716114361685,0.301));
#1816=CARTESIAN_POINT('',(0.00363147448601042,0.0196501270611685,0.301));
#1817=CARTESIAN_POINT('',(0.00262480130892709,0.0189079395611685,0.301));
#1818=CARTESIAN_POINT('',(0.00262480130892709,0.0189079395611685,0.3));
#1819=CARTESIAN_POINT('',(0.00309246623948265,0.0189079395611685,0.301));
#1820=CARTESIAN_POINT('',(0.00309246623948265,0.0189079395611685,0.3));
#1821=CARTESIAN_POINT('',(0.00350262248948265,0.0189958301861685,0.301));
#1822=CARTESIAN_POINT('',(0.00350262248948265,0.0189958301861685,0.3));
#1823=CARTESIAN_POINT('',(0.0038552700589271,0.0191716114361685,0.301));
#1824=CARTESIAN_POINT('',(0.0038552700589271,0.0191716114361685,0.3));
#1825=CARTESIAN_POINT('',(0.00262480130892709,0.0189079395611685,0.301));
#1826=CARTESIAN_POINT('',(0.00262480130892709,0.0189079395611685,0.301));
#1827=CARTESIAN_POINT('',(0.00262480130892709,0.0189079395611685,0.301));
#1828=CARTESIAN_POINT('',(0.00332629870476043,0.0189079395611685,0.301));
#1829=CARTESIAN_POINT('',(0.0038552700589271,0.0191716114361685,0.301));
#1830=CARTESIAN_POINT('',(0.00143013985059376,0.0191569629986685,0.301));
#1831=CARTESIAN_POINT('',(0.00143013985059376,0.0191569629986685,0.3));
#1832=CARTESIAN_POINT('',(0.00178604262837154,0.0189909473736685,0.301));
#1833=CARTESIAN_POINT('',(0.00178604262837154,0.0189909473736685,0.3));
#1834=CARTESIAN_POINT('',(0.00218426311448265,0.0189079395611685,0.301));
#1835=CARTESIAN_POINT('',(0.00218426311448265,0.0189079395611685,0.3));
#1836=CARTESIAN_POINT('',(0.00262480130892709,0.0189079395611685,0.301));
#1837=CARTESIAN_POINT('',(0.00262480130892709,0.0189079395611685,0.3));
#1838=CARTESIAN_POINT('',(0.00143013985059376,0.0191569629986685,0.301));
#1839=CARTESIAN_POINT('',(0.00143013985059376,0.0191569629986685,0.301));
#1840=CARTESIAN_POINT('',(0.00143013985059376,0.0191569629986685,0.301));
#1841=CARTESIAN_POINT('',(0.00196399401726043,0.0189079395611685,0.301));
#1842=CARTESIAN_POINT('',(0.00262480130892709,0.0189079395611685,0.301));
#1843=CARTESIAN_POINT('',(0.00246379651895856,0.0213708125435746,0.301000000000001));
#1844=CARTESIAN_POINT('',(0.00052437813184376,0.0198836882590851,0.301));
#1845=CARTESIAN_POINT('',(0.00052437813184376,0.0198836882590851,0.301));
#1846=CARTESIAN_POINT('',(0.00246379651895856,0.0213708125435746,0.301));
#1847=CARTESIAN_POINT('',(-4.52833264895742E-5,0.0210791635195017,0.301));
#1848=CARTESIAN_POINT('',(-4.52833264895742E-5,0.0210791635195017,0.3));
#1849=CARTESIAN_POINT('',(8.65526110104263E-5,0.0206006478945018,0.301));
#1850=CARTESIAN_POINT('',(8.65526110104263E-5,0.0206006478945018,0.3));
#1851=CARTESIAN_POINT('',(0.000276439763788204,0.0202021561410295,0.301));
#1852=CARTESIAN_POINT('',(0.000276439763788204,0.0202021561410295,0.3));
#1853=CARTESIAN_POINT('',(0.00052437813184376,0.0198836882590851,0.301));
#1854=CARTESIAN_POINT('',(0.00052437813184376,0.0198836882590851,0.3));
#1855=CARTESIAN_POINT('',(-4.52833264895742E-5,0.0210791635195017,0.301));
#1856=CARTESIAN_POINT('',(-4.52833264895742E-5,0.0210791635195017,0.301));
#1857=CARTESIAN_POINT('',(-4.52833264895742E-5,0.0210791635195017,0.301));
#1858=CARTESIAN_POINT('',(0.000152470579760426,0.0203613900820017,0.301));
#1859=CARTESIAN_POINT('',(0.00052437813184376,0.0198836882590851,0.301));
#1860=CARTESIAN_POINT('',(-0.000243037232739574,0.0227425749778351,0.301));
#1861=CARTESIAN_POINT('',(-0.000243037232739574,0.0227425749778351,0.3));
#1862=CARTESIAN_POINT('',(-0.000243037232739574,0.0221121496306129,0.301));
#1863=CARTESIAN_POINT('',(-0.000243037232739574,0.0221121496306129,0.3));
#1864=CARTESIAN_POINT('',(-0.000177119263989574,0.0215576791445018,0.301));
#1865=CARTESIAN_POINT('',(-0.000177119263989574,0.0215576791445018,0.3));
#1866=CARTESIAN_POINT('',(-4.52833264895742E-5,0.0210791635195017,0.301));
#1867=CARTESIAN_POINT('',(-4.52833264895742E-5,0.0210791635195017,0.3));
#1868=CARTESIAN_POINT('',(-0.000243037232739574,0.0227425749778351,0.301));
#1869=CARTESIAN_POINT('',(-0.000243037232739574,0.0227425749778351,0.301));
#1870=CARTESIAN_POINT('',(-0.000243037232739574,0.0227425749778351,0.301));
#1871=CARTESIAN_POINT('',(-0.000243037232739574,0.0217969369570018,0.301));
#1872=CARTESIAN_POINT('',(-4.52833264895742E-5,0.0210791635195017,0.301));
#1873=CARTESIAN_POINT('',(1.08690172604259E-5,0.0245988575299185,0.301));
#1874=CARTESIAN_POINT('',(1.08690172604259E-5,0.0245988575299185,0.3));
#1875=CARTESIAN_POINT('',(-0.000158401816072907,0.0240872472868629,0.301));
#1876=CARTESIAN_POINT('',(-0.000158401816072907,0.0240872472868629,0.3));
#1877=CARTESIAN_POINT('',(-0.000243037232739574,0.0234684864361684,0.301));
#1878=CARTESIAN_POINT('',(-0.000243037232739574,0.0234684864361684,0.3));
#1879=CARTESIAN_POINT('',(-0.000243037232739574,0.0227425749778351,0.301));
#1880=CARTESIAN_POINT('',(-0.000243037232739574,0.0227425749778351,0.3));
#1881=CARTESIAN_POINT('',(1.08690172604259E-5,0.0245988575299185,0.301));
#1882=CARTESIAN_POINT('',(1.08690172604259E-5,0.0245988575299185,0.301));
#1883=CARTESIAN_POINT('',(1.08690172604259E-5,0.0245988575299185,0.301));
#1884=CARTESIAN_POINT('',(-0.000243037232739574,0.0238314421653351,0.301));
#1885=CARTESIAN_POINT('',(-0.000243037232739574,0.0227425749778351,0.301));
#1886=CARTESIAN_POINT('',(0.000733525267260426,0.0258447885195018,0.301));
#1887=CARTESIAN_POINT('',(0.000733525267260426,0.0258447885195018,0.3));
#1888=CARTESIAN_POINT('',(0.000421025267260426,0.0255257781028351,0.301));
#1889=CARTESIAN_POINT('',(0.000421025267260426,0.0255257781028351,0.3));
#1890=CARTESIAN_POINT('',(0.000180139850593759,0.025110467772974,0.301));
#1891=CARTESIAN_POINT('',(0.000180139850593759,0.025110467772974,0.3));
#1892=CARTESIAN_POINT('',(1.08690172604259E-5,0.0245988575299185,0.301));
#1893=CARTESIAN_POINT('',(1.08690172604259E-5,0.0245988575299185,0.3));
#1894=CARTESIAN_POINT('',(0.000733525267260426,0.0258447885195018,0.301));
#1895=CARTESIAN_POINT('',(0.000733525267260426,0.0258447885195018,0.301));
#1896=CARTESIAN_POINT('',(0.000733525267260426,0.0258447885195018,0.301));
#1897=CARTESIAN_POINT('',(0.000264775267260426,0.0253662728945017,0.301));
#1898=CARTESIAN_POINT('',(1.08690172604259E-5,0.0245988575299185,0.301));
#1899=CARTESIAN_POINT('',(0.00101265938184376,0.0252498991965851,0.301));
#1900=CARTESIAN_POINT('',(0.00129179349642709,0.0246550098736684,0.301));
#1901=CARTESIAN_POINT('',(0.00129179349642709,0.0246550098736684,0.301));
#1902=CARTESIAN_POINT('',(0.00101265938184376,0.0252498991965851,0.301));
#1903=CARTESIAN_POINT('',(0.00107857735059376,0.0238412077903351,0.301));
#1904=CARTESIAN_POINT('',(0.00107857735059376,0.0238412077903351,0.3));
#1905=CARTESIAN_POINT('',(0.00112632040614931,0.0241602182070018,0.301));
#1906=CARTESIAN_POINT('',(0.00112632040614931,0.0241602182070018,0.3));
#1907=CARTESIAN_POINT('',(0.00119739245476043,0.0244314855681129,0.301));
#1908=CARTESIAN_POINT('',(0.00119739245476043,0.0244314855681129,0.3));
#1909=CARTESIAN_POINT('',(0.00129179349642709,0.0246550098736684,0.301));
#1910=CARTESIAN_POINT('',(0.00129179349642709,0.0246550098736684,0.3));
#1911=CARTESIAN_POINT('',(0.00107857735059376,0.0238412077903351,0.301));
#1912=CARTESIAN_POINT('',(0.00107857735059376,0.0238412077903351,0.301));
#1913=CARTESIAN_POINT('',(0.00107857735059376,0.0238412077903351,0.301));
#1914=CARTESIAN_POINT('',(0.00115019193392709,0.0243197234153351,0.301));
#1915=CARTESIAN_POINT('',(0.00129179349642709,0.0246550098736684,0.301));
#1916=CARTESIAN_POINT('',(0.00944135551532069,0.0226810481088583,0.301000000000008));
#1917=CARTESIAN_POINT('',(0.000997197142260426,0.0227425749778351,0.301));
#1918=CARTESIAN_POINT('',(0.000997197142260426,0.0227425749778351,0.301));
#1919=CARTESIAN_POINT('',(0.00944135551532069,0.0226810481088583,0.301));
#1920=CARTESIAN_POINT('',(0.00112415026726043,0.0214201465924185,0.301));
#1921=CARTESIAN_POINT('',(0.00112415026726043,0.0214201465924185,0.3));
#1922=CARTESIAN_POINT('',(0.00104602526726043,0.0217798471132518,0.301));
#1923=CARTESIAN_POINT('',(0.00104602526726043,0.0217798471132518,0.3));
#1924=CARTESIAN_POINT('',(0.00100370755892709,0.0222206565750573,0.301));
#1925=CARTESIAN_POINT('',(0.00100370755892709,0.0222206565750573,0.3));
#1926=CARTESIAN_POINT('',(0.000997197142260426,0.0227425749778351,0.301));
#1927=CARTESIAN_POINT('',(0.000997197142260426,0.0227425749778351,0.3));
#1928=CARTESIAN_POINT('',(0.00112415026726043,0.0214201465924185,0.301));
#1929=CARTESIAN_POINT('',(0.00112415026726043,0.0214201465924185,0.301));
#1930=CARTESIAN_POINT('',(0.00112415026726043,0.0214201465924185,0.301));
#1931=CARTESIAN_POINT('',(0.00100696276726043,0.0219596973736685,0.301));
#1932=CARTESIAN_POINT('',(0.000997197142260426,0.0227425749778351,0.301));
#1933=CARTESIAN_POINT('',(0.00145536771517709,0.0205396127382518,0.301));
#1934=CARTESIAN_POINT('',(0.00145536771517709,0.0205396127382518,0.3));
#1935=CARTESIAN_POINT('',(0.00131268108323265,0.0207669347868629,0.301));
#1936=CARTESIAN_POINT('',(0.00131268108323265,0.0207669347868629,0.3));
#1937=CARTESIAN_POINT('',(0.00120227526726043,0.0210604460715851,0.301));
#1938=CARTESIAN_POINT('',(0.00120227526726043,0.0210604460715851,0.3));
#1939=CARTESIAN_POINT('',(0.00112415026726043,0.0214201465924185,0.301));
#1940=CARTESIAN_POINT('',(0.00112415026726043,0.0214201465924185,0.3));
#1941=CARTESIAN_POINT('',(0.00145536771517709,0.0205396127382518,0.301));
#1942=CARTESIAN_POINT('',(0.00145536771517709,0.0205396127382518,0.301));
#1943=CARTESIAN_POINT('',(0.00145536771517709,0.0205396127382518,0.301));
#1944=CARTESIAN_POINT('',(0.00124133776726043,0.0208805958111685,0.301));
#1945=CARTESIAN_POINT('',(0.00112415026726043,0.0214201465924185,0.301));
#1946=CARTESIAN_POINT('',(0.00197457344434376,0.0200562143007517,0.301));
#1947=CARTESIAN_POINT('',(0.00197457344434376,0.0200562143007517,0.3));
#1948=CARTESIAN_POINT('',(0.00177112292351043,0.0201511578771407,0.301));
#1949=CARTESIAN_POINT('',(0.00177112292351043,0.0201511578771407,0.3));
#1950=CARTESIAN_POINT('',(0.00159805434712154,0.0203122906896407,0.301));
#1951=CARTESIAN_POINT('',(0.00159805434712154,0.0203122906896407,0.3));
#1952=CARTESIAN_POINT('',(0.00145536771517709,0.0205396127382518,0.301));
#1953=CARTESIAN_POINT('',(0.00145536771517709,0.0205396127382518,0.3));
#1954=CARTESIAN_POINT('',(0.00197457344434376,0.0200562143007517,0.301));
#1955=CARTESIAN_POINT('',(0.00166939766309376,0.0201986296653351,0.301));
#1956=CARTESIAN_POINT('',(0.00145536771517709,0.0205396127382518,0.301));
#1957=CARTESIAN_POINT('',(0.,0.,0.301));
#1958=CARTESIAN_POINT('',(0.00448678047559376,0.0196094369570017,0.301));
#1959=CARTESIAN_POINT('',(0.00448678047559376,0.0196094369570017,0.3));
#1960=CARTESIAN_POINT('',(0.00481881172559376,0.0199208518875573,0.301));
#1961=CARTESIAN_POINT('',(0.00481881172559376,0.0199208518875573,0.3));
#1962=CARTESIAN_POINT('',(0.0050713616387882,0.0203377898215851,0.301));
#1963=CARTESIAN_POINT('',(0.0050713616387882,0.0203377898215851,0.3));
#1964=CARTESIAN_POINT('',(0.00524443021517709,0.0208602507590851,0.301));
#1965=CARTESIAN_POINT('',(0.00524443021517709,0.0208602507590851,0.3));
#1966=CARTESIAN_POINT('',(0.00448678047559376,0.0196094369570017,0.301));
#1967=CARTESIAN_POINT('',(0.00448678047559376,0.0196094369570017,0.301));
#1968=CARTESIAN_POINT('',(0.00448678047559376,0.0196094369570017,0.301));
#1969=CARTESIAN_POINT('',(0.00498482735059376,0.0200765593528351,0.301));
#1970=CARTESIAN_POINT('',(0.00524443021517709,0.0208602507590851,0.301));
#1971=CARTESIAN_POINT('',(0.00524443021517709,0.0208602507590851,0.301));
#1972=CARTESIAN_POINT('',(0.00524443021517709,0.0208602507590851,0.301));
#1973=CARTESIAN_POINT('',(0.0042068325589271,0.0201994434674185,0.301));
#1974=CARTESIAN_POINT('',(0.00392676632153783,0.0207896993456371,0.301));
#1975=CARTESIAN_POINT('',(0.00392676632153785,0.0207896993456371,0.301));
#1976=CARTESIAN_POINT('',(0.0042068325589271,0.0201994434674185,0.301));
#1977=CARTESIAN_POINT('',(0.00395514151978107,0.0207871127616599,0.301));
#1978=CARTESIAN_POINT('',(0.00393665026726042,0.0208089812278351,0.301));
#1979=CARTESIAN_POINT('',(0.00393665026726042,0.0208089812278351,0.301));
#1980=CARTESIAN_POINT('',(0.00395514151978107,0.0207871127616599,0.301));
#1981=CARTESIAN_POINT('',(0.00417102526726042,0.0216235971132517,0.301));
#1982=CARTESIAN_POINT('',(0.00417102526726042,0.0216235971132517,0.3));
#1983=CARTESIAN_POINT('',(0.0041167717950382,0.0213051292313073,0.301));
#1984=CARTESIAN_POINT('',(0.0041167717950382,0.0213051292313073,0.3));
#1985=CARTESIAN_POINT('',(0.0040386467950382,0.0210335906028351,0.301));
#1986=CARTESIAN_POINT('',(0.0040386467950382,0.0210335906028351,0.3));
#1987=CARTESIAN_POINT('',(0.00393665026726042,0.0208089812278351,0.301));
#1988=CARTESIAN_POINT('',(0.00393665026726042,0.0208089812278351,0.3));
#1989=CARTESIAN_POINT('',(0.00417102526726042,0.0216235971132517,0.301));
#1990=CARTESIAN_POINT('',(0.00417102526726042,0.0216235971132517,0.301));
#1991=CARTESIAN_POINT('',(0.00417102526726042,0.0216235971132517,0.301));
#1992=CARTESIAN_POINT('',(0.00408964505892709,0.0211458952903351,0.301));
#1993=CARTESIAN_POINT('',(0.00393665026726042,0.0208089812278351,0.301));
#1994=CARTESIAN_POINT('',(0.00426217110059376,0.0227425749778351,0.301));
#1995=CARTESIAN_POINT('',(0.00426217110059376,0.0227425749778351,0.3));
#1996=CARTESIAN_POINT('',(0.00425566068392709,0.022315057616724,0.301));
#1997=CARTESIAN_POINT('',(0.00425566068392709,0.022315057616724,0.3));
#1998=CARTESIAN_POINT('',(0.00422527873948265,0.0219420649951962,0.301));
#1999=CARTESIAN_POINT('',(0.00422527873948265,0.0219420649951962,0.3));
#2000=CARTESIAN_POINT('',(0.00417102526726042,0.0216235971132517,0.301));
#2001=CARTESIAN_POINT('',(0.00417102526726042,0.0216235971132517,0.3));
#2002=CARTESIAN_POINT('',(0.00426217110059376,0.0227425749778351,0.301));
#2003=CARTESIAN_POINT('',(0.00426217110059376,0.0227425749778351,0.301));
#2004=CARTESIAN_POINT('',(0.00426217110059376,0.0227425749778351,0.301));
#2005=CARTESIAN_POINT('',(0.00425240547559376,0.0221012989361685,0.301));
#2006=CARTESIAN_POINT('',(0.00417102526726042,0.0216235971132517,0.301));
#2007=CARTESIAN_POINT('',(0.00413521797559376,0.0240698861757517,0.301));
#2008=CARTESIAN_POINT('',(0.00413521797559376,0.0240698861757517,0.3));
#2009=CARTESIAN_POINT('',(0.00421334297559376,0.0237069304465851,0.301));
#2010=CARTESIAN_POINT('',(0.00421334297559376,0.0237069304465851,0.3));
#2011=CARTESIAN_POINT('',(0.00425566068392709,0.0232644933806129,0.301));
#2012=CARTESIAN_POINT('',(0.00425566068392709,0.0232644933806129,0.3));
#2013=CARTESIAN_POINT('',(0.00426217110059376,0.0227425749778351,0.301));
#2014=CARTESIAN_POINT('',(0.00426217110059376,0.0227425749778351,0.3));
#2015=CARTESIAN_POINT('',(0.00413521797559376,0.0240698861757517,0.301));
#2016=CARTESIAN_POINT('',(0.00413521797559376,0.0240698861757517,0.301));
#2017=CARTESIAN_POINT('',(0.00413521797559376,0.0240698861757517,0.301));
#2018=CARTESIAN_POINT('',(0.00425240547559376,0.0235254525820017,0.301));
#2019=CARTESIAN_POINT('',(0.00426217110059376,0.0227425749778351,0.301));
#2020=CARTESIAN_POINT('',(0.00380481432976043,0.0249496062278351,0.301));
#2021=CARTESIAN_POINT('',(0.00380481432976043,0.0249496062278351,0.3));
#2022=CARTESIAN_POINT('',(0.00394695842698265,0.0247260819222795,0.301));
#2023=CARTESIAN_POINT('',(0.00394695842698265,0.0247260819222795,0.3));
#2024=CARTESIAN_POINT('',(0.00405709297559376,0.0244328419049184,0.301));
#2025=CARTESIAN_POINT('',(0.00405709297559376,0.0244328419049184,0.3));
#2026=CARTESIAN_POINT('',(0.00413521797559376,0.0240698861757517,0.301));
#2027=CARTESIAN_POINT('',(0.00413521797559376,0.0240698861757517,0.3));
#2028=CARTESIAN_POINT('',(0.00380481432976043,0.0249496062278351,0.301));
#2029=CARTESIAN_POINT('',(0.00380481432976043,0.0249496062278351,0.301));
#2030=CARTESIAN_POINT('',(0.00380481432976043,0.0249496062278351,0.301));
#2031=CARTESIAN_POINT('',(0.00401803047559376,0.0246143197695018,0.301));
#2032=CARTESIAN_POINT('',(0.00413521797559376,0.0240698861757517,0.301));
#2033=CARTESIAN_POINT('',(0.00328153959017709,0.0254330046653351,0.301));
#2034=CARTESIAN_POINT('',(0.00328153959017709,0.0254330046653351,0.3));
#2035=CARTESIAN_POINT('',(0.00348824531934376,0.0253342633458907,0.301));
#2036=CARTESIAN_POINT('',(0.00348824531934376,0.0253342633458907,0.3));
#2037=CARTESIAN_POINT('',(0.0036626702325382,0.0251731305333907,0.301));
#2038=CARTESIAN_POINT('',(0.0036626702325382,0.0251731305333907,0.3));
#2039=CARTESIAN_POINT('',(0.00380481432976043,0.0249496062278351,0.301));
#2040=CARTESIAN_POINT('',(0.00380481432976043,0.0249496062278351,0.3));
#2041=CARTESIAN_POINT('',(0.00328153959017709,0.0254330046653351,0.301));
#2042=CARTESIAN_POINT('',(0.00328153959017709,0.0254330046653351,0.301));
#2043=CARTESIAN_POINT('',(0.00328153959017709,0.0254330046653351,0.301));
#2044=CARTESIAN_POINT('',(0.00359159818392709,0.0252848926861685,0.301));
#2045=CARTESIAN_POINT('',(0.00380481432976043,0.0249496062278351,0.301));
#2046=CARTESIAN_POINT('',(0.00261728685056123,0.0240053573261633,0.301000000000001));
#2047=CARTESIAN_POINT('',(0.00259387682976043,0.0255811166445017,0.301));
#2048=CARTESIAN_POINT('',(0.00259387682976043,0.0255811166445017,0.301));
#2049=CARTESIAN_POINT('',(0.00261728685056123,0.0240053573261633,0.301));
#2050=CARTESIAN_POINT('',(0.00180123360059376,0.0253255827903351,0.301));
#2051=CARTESIAN_POINT('',(0.00180123360059376,0.0253255827903351,0.3));
#2052=CARTESIAN_POINT('',(0.00201173707281598,0.0254959386931129,0.301));
#2053=CARTESIAN_POINT('',(0.00201173707281598,0.0254959386931129,0.3));
#2054=CARTESIAN_POINT('',(0.0022759514825382,0.0255811166445017,0.301));
#2055=CARTESIAN_POINT('',(0.0022759514825382,0.0255811166445017,0.3));
#2056=CARTESIAN_POINT('',(0.00259387682976043,0.0255811166445017,0.301));
#2057=CARTESIAN_POINT('',(0.00259387682976043,0.0255811166445017,0.3));
#2058=CARTESIAN_POINT('',(0.00180123360059376,0.0253255827903351,0.301));
#2059=CARTESIAN_POINT('',(0.00180123360059376,0.0253255827903351,0.301));
#2060=CARTESIAN_POINT('',(0.00180123360059376,0.0253255827903351,0.301));
#2061=CARTESIAN_POINT('',(0.00211698880892709,0.0255811166445017,0.301));
#2062=CARTESIAN_POINT('',(0.00259387682976043,0.0255811166445017,0.301));
#2063=CARTESIAN_POINT('',(0.0015725552151771,0.0258089812278351,0.301));
#2064=CARTESIAN_POINT('',(0.00134387682976043,0.0262923796653351,0.301));
#2065=CARTESIAN_POINT('',(0.00134387682976043,0.0262923796653351,0.301));
#2066=CARTESIAN_POINT('',(0.0015725552151771,0.0258089812278351,0.301));
#2067=CARTESIAN_POINT('',(0.00262480130892709,0.0265772103945018,0.301));
#2068=CARTESIAN_POINT('',(0.00262480130892709,0.0265772103945018,0.3));
#2069=CARTESIAN_POINT('',(0.00214303047559376,0.0265772103945018,0.301));
#2070=CARTESIAN_POINT('',(0.00214303047559376,0.0265772103945018,0.3));
#2071=CARTESIAN_POINT('',(0.00171605564920487,0.0264822668181129,0.301));
#2072=CARTESIAN_POINT('',(0.00171605564920487,0.0264822668181129,0.3));
#2073=CARTESIAN_POINT('',(0.00134387682976043,0.0262923796653351,0.301));
#2074=CARTESIAN_POINT('',(0.00134387682976043,0.0262923796653351,0.3));
#2075=CARTESIAN_POINT('',(0.00262480130892709,0.0265772103945018,0.301));
#2076=CARTESIAN_POINT('',(0.00262480130892709,0.0265772103945018,0.301));
#2077=CARTESIAN_POINT('',(0.00262480130892709,0.0265772103945018,0.301));
#2078=CARTESIAN_POINT('',(0.0019021450589271,0.0265772103945018,0.301));
#2079=CARTESIAN_POINT('',(0.00134387682976043,0.0262923796653351,0.301));
#2080=CARTESIAN_POINT('',(0.00382597318392709,0.0263330697695018,0.301));
#2081=CARTESIAN_POINT('',(0.00382597318392709,0.0263330697695018,0.3));
#2082=CARTESIAN_POINT('',(0.00347332561448265,0.0264958301861684,0.301));
#2083=CARTESIAN_POINT('',(0.00347332561448265,0.0264958301861684,0.3));
#2084=CARTESIAN_POINT('',(0.00307293498948265,0.0265772103945018,0.301));
#2085=CARTESIAN_POINT('',(0.00307293498948265,0.0265772103945018,0.3));
#2086=CARTESIAN_POINT('',(0.00262480130892709,0.0265772103945018,0.301));
#2087=CARTESIAN_POINT('',(0.00262480130892709,0.0265772103945018,0.3));
#2088=CARTESIAN_POINT('',(0.00382597318392709,0.0263330697695018,0.301));
#2089=CARTESIAN_POINT('',(0.00382597318392709,0.0263330697695018,0.301));
#2090=CARTESIAN_POINT('',(0.00382597318392709,0.0263330697695018,0.301));
#2091=CARTESIAN_POINT('',(0.00329700182976043,0.0265772103945018,0.301));
#2092=CARTESIAN_POINT('',(0.00262480130892709,0.0265772103945018,0.301));
#2093=CARTESIAN_POINT('',(0.00279665170801636,0.024118014927083,0.301000000000001));
#2094=CARTESIAN_POINT('',(0.00473092110059376,0.0256112273215851,0.301));
#2095=CARTESIAN_POINT('',(0.00473092110059376,0.0256112273215851,0.301));
#2096=CARTESIAN_POINT('',(0.00279665170801636,0.024118014927083,0.301));
#2097=CARTESIAN_POINT('',(0.00530546537142709,0.0244108692486685,0.301));
#2098=CARTESIAN_POINT('',(0.00530546537142709,0.0244108692486685,0.3));
#2099=CARTESIAN_POINT('',(0.00517308689920487,0.0248926400820018,0.301));
#2100=CARTESIAN_POINT('',(0.00517308689920487,0.0248926400820018,0.3));
#2101=CARTESIAN_POINT('',(0.00498157214226043,0.0252927594396407,0.301));
#2102=CARTESIAN_POINT('',(0.00498157214226043,0.0252927594396407,0.3));
#2103=CARTESIAN_POINT('',(0.00473092110059376,0.0256112273215851,0.301));
#2104=CARTESIAN_POINT('',(0.00473092110059376,0.0256112273215851,0.3));
#2105=CARTESIAN_POINT('',(0.00530546537142709,0.0244108692486685,0.301));
#2106=CARTESIAN_POINT('',(0.00530546537142709,0.0244108692486685,0.301));
#2107=CARTESIAN_POINT('',(0.00530546537142709,0.0244108692486685,0.301));
#2108=CARTESIAN_POINT('',(0.00510689766309376,0.0251335254986684,0.301));
#2109=CARTESIAN_POINT('',(0.00473092110059376,0.0256112273215851,0.301));
#2110=CARTESIAN_POINT('',(0.00550403307976043,0.0227425749778351,0.301));
#2111=CARTESIAN_POINT('',(0.00550403307976043,0.0227425749778351,0.3));
#2112=CARTESIAN_POINT('',(0.00550403307976043,0.0233730003250573,0.301));
#2113=CARTESIAN_POINT('',(0.00550403307976043,0.0233730003250573,0.3));
#2114=CARTESIAN_POINT('',(0.00543784384364932,0.0239290984153351,0.301));
#2115=CARTESIAN_POINT('',(0.00543784384364932,0.0239290984153351,0.3));
#2116=CARTESIAN_POINT('',(0.00530546537142709,0.0244108692486685,0.301));
#2117=CARTESIAN_POINT('',(0.00530546537142709,0.0244108692486685,0.3));
#2118=CARTESIAN_POINT('',(0.00550403307976043,0.0227425749778351,0.301));
#2119=CARTESIAN_POINT('',(0.00550403307976043,0.0227425749778351,0.301));
#2120=CARTESIAN_POINT('',(0.00550403307976043,0.0227425749778351,0.301));
#2121=CARTESIAN_POINT('',(0.00550403307976043,0.0236882129986684,0.301));
#2122=CARTESIAN_POINT('',(0.00530546537142709,0.0244108692486685,0.301));
#2123=CARTESIAN_POINT('',(0.00524443021517709,0.0208602507590851,0.301));
#2124=CARTESIAN_POINT('',(0.00524443021517709,0.0208602507590851,0.3));
#2125=CARTESIAN_POINT('',(0.00541749879156598,0.0213827116965851,0.301));
#2126=CARTESIAN_POINT('',(0.00541749879156598,0.0213827116965851,0.3));
#2127=CARTESIAN_POINT('',(0.00550403307976043,0.0220101531028351,0.301));
#2128=CARTESIAN_POINT('',(0.00550403307976043,0.0220101531028351,0.3));
#2129=CARTESIAN_POINT('',(0.00550403307976043,0.0227425749778351,0.301));
#2130=CARTESIAN_POINT('',(0.00550403307976043,0.0227425749778351,0.3));
#2131=CARTESIAN_POINT('',(0.00524443021517709,0.0208602507590851,0.301));
#2132=CARTESIAN_POINT('',(0.00550403307976043,0.0216439421653351,0.301));
#2133=CARTESIAN_POINT('',(0.00550403307976043,0.0227425749778351,0.301));
#2134=CARTESIAN_POINT('',(0.,0.,0.301));
#2135=CARTESIAN_POINT('',(-0.00247204113898957,0.0265267546653351,0.301));
#2136=CARTESIAN_POINT('',(-0.00185111014940624,0.0265267546653351,0.301));
#2137=CARTESIAN_POINT('',(-0.00185111014940624,0.0265267546653351,0.301));
#2138=CARTESIAN_POINT('',(-0.00247204113898957,0.0265267546653351,0.301));
#2139=CARTESIAN_POINT('',(-0.00309297212857291,0.0265267546653351,0.301));
#2140=CARTESIAN_POINT('',(-0.00309297212857291,0.0265267546653351,0.301));
#2141=CARTESIAN_POINT('',(-0.00185111014940624,0.0227783822695018,0.301));
#2142=CARTESIAN_POINT('',(-0.00185111014940624,0.0190300098736685,0.301));
#2143=CARTESIAN_POINT('',(-0.00185111014940624,0.0190300098736685,0.301));
#2144=CARTESIAN_POINT('',(-0.00185111014940624,0.0227783822695018,0.301));
#2145=CARTESIAN_POINT('',(-0.00247204113898957,0.0190300098736685,0.301));
#2146=CARTESIAN_POINT('',(-0.00309297212857291,0.0190300098736685,0.301));
#2147=CARTESIAN_POINT('',(-0.00309297212857291,0.0190300098736685,0.301));
#2148=CARTESIAN_POINT('',(-0.00247204113898957,0.0190300098736685,0.301));
#2149=CARTESIAN_POINT('',(-0.00404430676398957,0.0199805307070017,0.301));
#2150=CARTESIAN_POINT('',(-0.00499564139940624,0.0209310515403351,0.301));
#2151=CARTESIAN_POINT('',(-0.00499564139940624,0.0209310515403351,0.301));
#2152=CARTESIAN_POINT('',(-0.00404430676398957,0.0199805307070017,0.301));
#2153=CARTESIAN_POINT('',(-0.00455781587857291,0.0213688770611685,0.301));
#2154=CARTESIAN_POINT('',(-0.00411999035773957,0.0218067025820017,0.301));
#2155=CARTESIAN_POINT('',(-0.00411999035773957,0.0218067025820017,0.301));
#2156=CARTESIAN_POINT('',(-0.00455781587857291,0.0213688770611685,0.301));
#2157=CARTESIAN_POINT('',(-0.00360648124315624,0.0212931934674184,0.301));
#2158=CARTESIAN_POINT('',(-0.00309297212857291,0.0207796843528351,0.301));
#2159=CARTESIAN_POINT('',(-0.00309297212857291,0.0207796843528351,0.301));
#2160=CARTESIAN_POINT('',(-0.00360648124315624,0.0212931934674184,0.301));
#2161=CARTESIAN_POINT('',(-0.00309297212857291,0.0236532195090851,0.301));
#2162=CARTESIAN_POINT('',(-0.00309297212857291,0.0236532195090851,0.301));
#2163=CARTESIAN_POINT('',(0.,0.,0.301));
#2164=CARTESIAN_POINT('',(-0.0458146283984446,0.0086034774778838,0.299998));
#2165=CARTESIAN_POINT('',(-0.0458691704289726,0.00855086282110733,0.330002));
#2166=CARTESIAN_POINT('',(-0.0459941222215784,0.000735337382786881,0.330002));
#2167=CARTESIAN_POINT('',(-0.0385351708033205,-0.0263121547158571,0.315));
#2168=CARTESIAN_POINT('',(-0.0190045220738641,-0.00762178254250804,0.315));
#2169=CARTESIAN_POINT('',(-0.01146866616852,-0.0545955077413399,0.315));
#2170=CARTESIAN_POINT('',(0.00806198256093638,-0.0359051355679908,0.315));
#2171=CARTESIAN_POINT('',(-0.000463732568793642,-0.0269961237076705,0.31723067626329));
#2172=CARTESIAN_POINT('',(1.65260166662407E-13,1.11324144347336E-13,0.299998));
#2173=MECHANICAL_DESIGN_GEOMETRIC_PRESENTATION_REPRESENTATION('',(#1248),
#2174);
#2174=(
GEOMETRIC_REPRESENTATION_CONTEXT(3)
GLOBAL_UNCERTAINTY_ASSIGNED_CONTEXT((#2175))
GLOBAL_UNIT_ASSIGNED_CONTEXT((#2178,#2177,#2176))
REPRESENTATION_CONTEXT('stage_10','TOP_LEVEL_ASSEMBLY_PART')
);
#2175=UNCERTAINTY_MEASURE_WITH_UNIT(LENGTH_MEASURE(2.E-5),#2178,
'DISTANCE_ACCURACY_VALUE','Maximum Tolerance applied to model');
#2176=(
NAMED_UNIT(*)
SI_UNIT($,.STERADIAN.)
SOLID_ANGLE_UNIT()
);
#2177=(
NAMED_UNIT(*)
PLANE_ANGLE_UNIT()
SI_UNIT($,.RADIAN.)
);
#2178=(
LENGTH_UNIT()
NAMED_UNIT(*)
SI_UNIT($,.METRE.)
);
#2179=PRODUCT_DEFINITION_SHAPE('','',#2180);
#2180=PRODUCT_DEFINITION('','',#2182,#2181);
#2181=PRODUCT_DEFINITION_CONTEXT('',#2188,'design');
#2182=PRODUCT_DEFINITION_FORMATION_WITH_SPECIFIED_SOURCE('','',#2184,
 .NOT_KNOWN.);
#2183=PRODUCT_RELATED_PRODUCT_CATEGORY('','',(#2184));
#2184=PRODUCT('stage_10','stage_10','stage_10',(#2186));
#2185=PRODUCT_CATEGORY('','');
#2186=PRODUCT_CONTEXT('',#2188,'mechanical');
#2187=APPLICATION_PROTOCOL_DEFINITION('international standard',
'ap242_managed_model_based_3d_engineering',2020,#2188);
#2188=APPLICATION_CONTEXT('managed model based 3d engineering');
ENDSEC;
END-ISO-10303-21;
