ISO-10303-21;
HEADER;
/* Generated by software containing ST-Developer
 * from STEP Tools, Inc. (www.steptools.com) 
 */
/* OPTION: using custom renumber hook */

FILE_DESCRIPTION(
/* description */ ('STEP AP242 Edition 2',
'CAx-IF Rec.Pracs.---Representation and Presentation of Product Manufa
cturing Information (PMI)---4.0---2014-10-13',
'CAx-IF Rec.Pracs.---3D Tessellated Geometry---0.4---2014-09-14','2;1',
'CAx-IF Rec.Pracs.---User Defined Attributes---1.5---2016-08-15'),
/* implementation_level */ '2;1');

FILE_NAME(
/* name */ 'Dice_Tower - stage_5',
/* time_stamp */ '2026-01-17T20:47:06Z',
/* author */ (''),
/* organization */ (''),
/* preprocessor_version */ 'ST-DEVELOPER v20',
/* originating_system */ 'ONSHAPE BY PTC INC, 1.209',
/* authorisation */ '  ');

FILE_SCHEMA (('AP242_MANAGED_MODEL_BASED_3D_ENGINEERING_MIM_LF { 1 0 10303 442 3 1 4 }'));
ENDSEC;

DATA;
#10=SHAPE_REPRESENTATION_RELATIONSHIP('','',#3233,#11);
#11=ADVANCED_BREP_SHAPE_REPRESENTATION('',(#3231),#5483);
#12=B_SPLINE_SURFACE_WITH_KNOTS('',3,1,((#5034,#5035),(#5036,#5037),(#5038,
#5039),(#5040,#5041)),.SURF_OF_LINEAR_EXTRUSION.,.F.,.F.,.F.,(4,4),(2,2),
(0.,1.),(0.,1.),.PIECEWISE_BEZIER_KNOTS.);
#13=B_SPLINE_SURFACE_WITH_KNOTS('',3,1,((#5047,#5048),(#5049,#5050),(#5051,
#5052),(#5053,#5054)),.SURF_OF_LINEAR_EXTRUSION.,.F.,.F.,.F.,(4,4),(2,2),
(0.,1.),(0.,1.),.PIECEWISE_BEZIER_KNOTS.);
#14=B_SPLINE_SURFACE_WITH_KNOTS('',3,1,((#5060,#5061),(#5062,#5063),(#5064,
#5065),(#5066,#5067)),.SURF_OF_LINEAR_EXTRUSION.,.F.,.F.,.F.,(4,4),(2,2),
(0.,1.),(0.,1.),.PIECEWISE_BEZIER_KNOTS.);
#15=B_SPLINE_SURFACE_WITH_KNOTS('',3,1,((#5073,#5074),(#5075,#5076),(#5077,
#5078),(#5079,#5080)),.SURF_OF_LINEAR_EXTRUSION.,.F.,.F.,.F.,(4,4),(2,2),
(0.,1.),(0.,1.),.PIECEWISE_BEZIER_KNOTS.);
#16=B_SPLINE_SURFACE_WITH_KNOTS('',3,1,((#5130,#5131),(#5132,#5133),(#5134,
#5135),(#5136,#5137)),.SURF_OF_LINEAR_EXTRUSION.,.F.,.F.,.F.,(4,4),(2,2),
(0.,1.),(0.,1.),.PIECEWISE_BEZIER_KNOTS.);
#17=B_SPLINE_SURFACE_WITH_KNOTS('',3,1,((#5143,#5144),(#5145,#5146),(#5147,
#5148),(#5149,#5150)),.SURF_OF_LINEAR_EXTRUSION.,.F.,.F.,.F.,(4,4),(2,2),
(0.,1.),(0.,1.),.PIECEWISE_BEZIER_KNOTS.);
#18=CYLINDRICAL_SURFACE('',#3347,0.00173247033614848);
#19=CYLINDRICAL_SURFACE('',#3349,0.00437516801630391);
#20=CYLINDRICAL_SURFACE('',#3351,0.00252263843455395);
#21=CYLINDRICAL_SURFACE('',#3354,0.00186265531845887);
#22=CYLINDRICAL_SURFACE('',#3356,0.00217775818759345);
#23=CYLINDRICAL_SURFACE('',#3358,0.00171960631649247);
#24=CYLINDRICAL_SURFACE('',#3360,0.00260318611031321);
#25=CYLINDRICAL_SURFACE('',#3362,0.00502843244403859);
#26=CYLINDRICAL_SURFACE('',#3364,0.00270241786468447);
#27=CYLINDRICAL_SURFACE('',#3367,0.00612255409941985);
#28=CYLINDRICAL_SURFACE('',#3369,0.00377525632201674);
#29=CYLINDRICAL_SURFACE('',#3371,0.00309590427181717);
#30=CYLINDRICAL_SURFACE('',#3373,0.00282573941727605);
#31=CYLINDRICAL_SURFACE('',#3375,0.00365714698497265);
#32=CYLINDRICAL_SURFACE('',#3377,0.00163481226711154);
#33=CYLINDRICAL_SURFACE('',#3379,0.00171094114107738);
#34=CYLINDRICAL_SURFACE('',#3381,0.00162219575738341);
#35=CYLINDRICAL_SURFACE('',#3383,0.00165260769248862);
#36=CYLINDRICAL_SURFACE('',#3392,0.024686942364336);
#37=CYLINDRICAL_SURFACE('',#3394,0.0795090314501933);
#38=CYLINDRICAL_SURFACE('',#3399,0.167708420683783);
#39=CYLINDRICAL_SURFACE('',#3402,0.0371343655552346);
#40=CYLINDRICAL_SURFACE('',#3405,0.00337960512375646);
#41=CYLINDRICAL_SURFACE('',#3451,0.0466041248306579);
#42=CYLINDRICAL_SURFACE('',#3517,0.0518520691327897);
#43=CYLINDRICAL_SURFACE('',#3518,0.0518520691327897);
#44=CYLINDRICAL_SURFACE('',#3519,0.0518520691327897);
#45=CYLINDRICAL_SURFACE('',#3520,0.0518520691327896);
#46=CYLINDRICAL_SURFACE('',#3521,0.0518520691327897);
#47=CYLINDRICAL_SURFACE('',#3522,0.0518520691327897);
#48=CYLINDRICAL_SURFACE('',#3523,0.0518520691327898);
#49=CYLINDRICAL_SURFACE('',#3524,0.0518520691327897);
#50=CYLINDRICAL_SURFACE('',#3525,0.0518520691327896);
#51=CYLINDRICAL_SURFACE('',#3526,0.0518520691327898);
#52=CYLINDRICAL_SURFACE('',#3531,0.0421749497967895);
#53=CYLINDRICAL_SURFACE('',#3533,0.0421749497967895);
#54=CONICAL_SURFACE('',#3326,0.0503541248306579,0.0523598775598298);
#55=CONICAL_SURFACE('',#3419,0.0518520691327898,0.0523598775598298);
#56=CONICAL_SURFACE('',#3424,0.0518520691327898,0.0523598775598298);
#57=CONICAL_SURFACE('',#3429,0.0518520691327898,0.0523598775598298);
#58=CONICAL_SURFACE('',#3435,0.0518520691327898,0.0523598775598298);
#59=CONICAL_SURFACE('',#3440,0.0518520691327898,0.0523598775598298);
#60=CONICAL_SURFACE('',#3445,0.0518520691327898,0.0523598775598298);
#61=CONICAL_SURFACE('',#3450,0.0518520691327898,0.0523598775598298);
#62=CONICAL_SURFACE('',#3456,0.0518520691327898,0.0523598775598298);
#63=CONICAL_SURFACE('',#3460,0.0518520691327898,0.0523598775598298);
#64=CONICAL_SURFACE('',#3466,0.0518520691327898,0.0523598775598298);
#65=CONICAL_SURFACE('',#3471,0.0518520691327898,0.0523598775598298);
#66=CONICAL_SURFACE('',#3476,0.0518520691327898,0.0523598775598298);
#67=CONICAL_SURFACE('',#3481,0.0518520691327898,0.0523598775598298);
#68=CONICAL_SURFACE('',#3485,0.0518520691327898,0.0523598775598298);
#69=CONICAL_SURFACE('',#3490,0.0518520691327898,0.0523598775598298);
#70=CONICAL_SURFACE('',#3495,0.0518520691327898,0.0523598775598298);
#71=CONICAL_SURFACE('',#3500,0.0518520691327898,0.0523598775598298);
#72=CONICAL_SURFACE('',#3506,0.0518520691327898,0.0523598775598298);
#73=CONICAL_SURFACE('',#3510,0.0518520691327898,0.0523598775598298);
#74=CONICAL_SURFACE('',#3515,0.0518520691327898,0.0523598775598298);
#75=ELLIPSE('',#3318,0.0529806875431267,0.0466041248306579);
#76=B_SPLINE_CURVE_WITH_KNOTS('',2,(#4717,#4718,#4719),.UNSPECIFIED.,.F.,
 .F.,(3,3),(0.,1.),.PIECEWISE_BEZIER_KNOTS.);
#77=B_SPLINE_CURVE_WITH_KNOTS('',2,(#4721,#4722,#4723),.UNSPECIFIED.,.F.,
 .F.,(3,3),(0.,1.),.PIECEWISE_BEZIER_KNOTS.);
#78=B_SPLINE_CURVE_WITH_KNOTS('',2,(#4747,#4748,#4749),.UNSPECIFIED.,.F.,
 .F.,(3,3),(0.,1.),.PIECEWISE_BEZIER_KNOTS.);
#79=B_SPLINE_CURVE_WITH_KNOTS('',2,(#4751,#4752,#4753),.UNSPECIFIED.,.F.,
 .F.,(3,3),(0.,1.),.PIECEWISE_BEZIER_KNOTS.);
#80=B_SPLINE_CURVE_WITH_KNOTS('',2,(#4755,#4756,#4757),.UNSPECIFIED.,.F.,
 .F.,(3,3),(0.,1.),.PIECEWISE_BEZIER_KNOTS.);
#81=B_SPLINE_CURVE_WITH_KNOTS('',2,(#4759,#4760,#4761),.UNSPECIFIED.,.F.,
 .F.,(3,3),(0.,1.),.PIECEWISE_BEZIER_KNOTS.);
#82=B_SPLINE_CURVE_WITH_KNOTS('',2,(#5044,#5045,#5046),.UNSPECIFIED.,.F.,
 .F.,(3,3),(0.,1.),.PIECEWISE_BEZIER_KNOTS.);
#83=B_SPLINE_CURVE_WITH_KNOTS('',2,(#5057,#5058,#5059),.UNSPECIFIED.,.F.,
 .F.,(3,3),(0.,1.),.PIECEWISE_BEZIER_KNOTS.);
#84=B_SPLINE_CURVE_WITH_KNOTS('',2,(#5070,#5071,#5072),.UNSPECIFIED.,.F.,
 .F.,(3,3),(0.,1.),.PIECEWISE_BEZIER_KNOTS.);
#85=B_SPLINE_CURVE_WITH_KNOTS('',2,(#5083,#5084,#5085),.UNSPECIFIED.,.F.,
 .F.,(3,3),(0.,1.),.PIECEWISE_BEZIER_KNOTS.);
#86=B_SPLINE_CURVE_WITH_KNOTS('',2,(#5140,#5141,#5142),.UNSPECIFIED.,.F.,
 .F.,(3,3),(0.,1.),.PIECEWISE_BEZIER_KNOTS.);
#87=B_SPLINE_CURVE_WITH_KNOTS('',2,(#5153,#5154,#5155),.UNSPECIFIED.,.F.,
 .F.,(3,3),(0.,1.),.PIECEWISE_BEZIER_KNOTS.);
#88=CIRCLE('',#3236,0.0421749497967895);
#89=CIRCLE('',#3237,0.0518520691327897);
#90=CIRCLE('',#3238,0.0503541248306579);
#91=CIRCLE('',#3239,0.0518520691327896);
#92=CIRCLE('',#3240,0.0503541248306579);
#93=CIRCLE('',#3241,0.0518520691327896);
#94=CIRCLE('',#3242,0.0503541248306579);
#95=CIRCLE('',#3243,0.0518520691327897);
#96=CIRCLE('',#3244,0.0503541248306579);
#97=CIRCLE('',#3245,0.0518520691327898);
#98=CIRCLE('',#3246,0.0503541248306579);
#99=CIRCLE('',#3247,0.0518520691327897);
#100=CIRCLE('',#3248,0.0503541248306579);
#101=CIRCLE('',#3249,0.0518520691327898);
#102=CIRCLE('',#3250,0.0503541248306579);
#103=CIRCLE('',#3251,0.0518520691327897);
#104=CIRCLE('',#3252,0.0503541248306579);
#105=CIRCLE('',#3253,0.0518520691327897);
#106=CIRCLE('',#3254,0.0503541248306579);
#107=CIRCLE('',#3255,0.0518520691327897);
#108=CIRCLE('',#3256,0.0503541248306579);
#109=CIRCLE('',#3257,0.0421749497967895);
#110=CIRCLE('',#3259,0.0421749497967895);
#111=CIRCLE('',#3260,0.0491749497967895);
#112=CIRCLE('',#3261,0.0506770083157863);
#113=CIRCLE('',#3262,0.0491749497967895);
#114=CIRCLE('',#3263,0.0506770083157863);
#115=CIRCLE('',#3264,0.0491749497967895);
#116=CIRCLE('',#3265,0.0506770083157863);
#117=CIRCLE('',#3266,0.0491749497967895);
#118=CIRCLE('',#3267,0.0506770083157863);
#119=CIRCLE('',#3268,0.0491749497967895);
#120=CIRCLE('',#3269,0.0506770083157863);
#121=CIRCLE('',#3270,0.0491749497967895);
#122=CIRCLE('',#3271,0.0506770083157863);
#123=CIRCLE('',#3272,0.0491749497967895);
#124=CIRCLE('',#3273,0.0506770083157863);
#125=CIRCLE('',#3274,0.0491749497967895);
#126=CIRCLE('',#3275,0.0506770083157863);
#127=CIRCLE('',#3276,0.0491749497967895);
#128=CIRCLE('',#3277,0.0506770083157863);
#129=CIRCLE('',#3278,0.0491749497967895);
#130=CIRCLE('',#3279,0.0506770083157863);
#131=CIRCLE('',#3280,0.0466041248306579);
#132=CIRCLE('',#3281,0.00437516801630391);
#133=CIRCLE('',#3282,0.00173247033614848);
#134=CIRCLE('',#3283,0.00165260769248862);
#135=CIRCLE('',#3284,0.00162219575738341);
#136=CIRCLE('',#3285,0.00171094114107738);
#137=CIRCLE('',#3286,0.00163481226711154);
#138=CIRCLE('',#3287,0.00365714698497265);
#139=CIRCLE('',#3288,0.00282573941727605);
#140=CIRCLE('',#3289,0.00309590427181717);
#141=CIRCLE('',#3290,0.00377525632201674);
#142=CIRCLE('',#3291,0.00612255409941985);
#143=CIRCLE('',#3292,0.00270241786468447);
#144=CIRCLE('',#3293,0.00502843244403859);
#145=CIRCLE('',#3294,0.00260318611031321);
#146=CIRCLE('',#3295,0.00171960631649247);
#147=CIRCLE('',#3296,0.0021782420852767);
#148=CIRCLE('',#3297,0.00186265531845887);
#149=CIRCLE('',#3298,0.00252263843455395);
#150=CIRCLE('',#3299,0.00337960512375646);
#151=CIRCLE('',#3300,0.0371343655552346);
#152=CIRCLE('',#3301,0.167708420683783);
#153=CIRCLE('',#3302,0.0795090314501933);
#154=CIRCLE('',#3303,0.024686942364336);
#155=CIRCLE('',#3304,0.318143388641704);
#156=CIRCLE('',#3305,0.0421749497967895);
#157=CIRCLE('',#3327,0.0497448843964925);
#158=CIRCLE('',#3328,0.0497448843964925);
#159=CIRCLE('',#3329,0.0497448843964925);
#160=CIRCLE('',#3330,0.0497448843964925);
#161=CIRCLE('',#3331,0.0497448843964925);
#162=CIRCLE('',#3332,0.0497448843964925);
#163=CIRCLE('',#3333,0.0497448843964925);
#164=CIRCLE('',#3334,0.0497448843964925);
#165=CIRCLE('',#3335,0.0497448843964925);
#166=CIRCLE('',#3336,0.0497448843964925);
#167=CIRCLE('',#3337,0.0497841902309548);
#168=CIRCLE('',#3338,0.0497841902309548);
#169=CIRCLE('',#3339,0.0497841902309548);
#170=CIRCLE('',#3340,0.0497841902309548);
#171=CIRCLE('',#3341,0.0497841902309548);
#172=CIRCLE('',#3342,0.0497841902309548);
#173=CIRCLE('',#3343,0.0497841902309548);
#174=CIRCLE('',#3344,0.0497841902309548);
#175=CIRCLE('',#3345,0.0497841902309548);
#176=CIRCLE('',#3346,0.0497841902309548);
#177=CIRCLE('',#3348,0.00173247033614848);
#178=CIRCLE('',#3350,0.00437516801630391);
#179=CIRCLE('',#3352,0.00252263843455395);
#180=CIRCLE('',#3355,0.00186265531845887);
#181=CIRCLE('',#3357,0.0021782420852767);
#182=CIRCLE('',#3359,0.00171960631649247);
#183=CIRCLE('',#3361,0.00260318611031321);
#184=CIRCLE('',#3363,0.00502843244403859);
#185=CIRCLE('',#3365,0.00270241786468447);
#186=CIRCLE('',#3368,0.00612255409941985);
#187=CIRCLE('',#3370,0.00377525632201674);
#188=CIRCLE('',#3372,0.00309590427181717);
#189=CIRCLE('',#3374,0.00282573941727605);
#190=CIRCLE('',#3376,0.00365714698497265);
#191=CIRCLE('',#3378,0.00163481226711154);
#192=CIRCLE('',#3380,0.00171094114107738);
#193=CIRCLE('',#3382,0.00162219575738341);
#194=CIRCLE('',#3384,0.00165260769248862);
#195=CIRCLE('',#3391,0.318143388641704);
#196=CIRCLE('',#3393,0.024686942364336);
#197=CIRCLE('',#3395,0.0795090314501933);
#198=CIRCLE('',#3400,0.167708420683783);
#199=CIRCLE('',#3403,0.0371343655552346);
#200=CIRCLE('',#3406,0.00337960512375646);
#201=CIRCLE('',#3418,0.0512862487499517);
#202=CIRCLE('',#3420,0.0518520691327898);
#203=CIRCLE('',#3423,0.0512862487499517);
#204=CIRCLE('',#3425,0.0518520691327898);
#205=CIRCLE('',#3428,0.0512862487499517);
#206=CIRCLE('',#3430,0.0518520691327898);
#207=CIRCLE('',#3434,0.0512469429154894);
#208=CIRCLE('',#3439,0.0512469429154894);
#209=CIRCLE('',#3444,0.0512469429154894);
#210=CIRCLE('',#3449,0.0512469429154894);
#211=CIRCLE('',#3455,0.0512469429154894);
#212=CIRCLE('',#3459,0.0512862487499517);
#213=CIRCLE('',#3461,0.0518520691327898);
#214=CIRCLE('',#3465,0.0512469429154894);
#215=CIRCLE('',#3470,0.0512469429154894);
#216=CIRCLE('',#3475,0.0512469429154894);
#217=CIRCLE('',#3480,0.0512469429154894);
#218=CIRCLE('',#3484,0.0512862487499517);
#219=CIRCLE('',#3486,0.0518520691327898);
#220=CIRCLE('',#3489,0.0512862487499517);
#221=CIRCLE('',#3491,0.0518520691327898);
#222=CIRCLE('',#3494,0.0512862487499517);
#223=CIRCLE('',#3496,0.0518520691327898);
#224=CIRCLE('',#3499,0.0512862487499517);
#225=CIRCLE('',#3501,0.0518520691327898);
#226=CIRCLE('',#3505,0.0512469429154894);
#227=CIRCLE('',#3509,0.0512862487499517);
#228=CIRCLE('',#3511,0.0518520691327898);
#229=CIRCLE('',#3514,0.0512862487499517);
#230=CIRCLE('',#3516,0.0518520691327898);
#231=ORIENTED_EDGE('',*,*,#1179,.T.);
#232=ORIENTED_EDGE('',*,*,#1180,.F.);
#233=ORIENTED_EDGE('',*,*,#1181,.F.);
#234=ORIENTED_EDGE('',*,*,#1182,.F.);
#235=ORIENTED_EDGE('',*,*,#1183,.T.);
#236=ORIENTED_EDGE('',*,*,#1184,.T.);
#237=ORIENTED_EDGE('',*,*,#1185,.T.);
#238=ORIENTED_EDGE('',*,*,#1186,.F.);
#239=ORIENTED_EDGE('',*,*,#1187,.F.);
#240=ORIENTED_EDGE('',*,*,#1188,.T.);
#241=ORIENTED_EDGE('',*,*,#1189,.T.);
#242=ORIENTED_EDGE('',*,*,#1190,.F.);
#243=ORIENTED_EDGE('',*,*,#1191,.F.);
#244=ORIENTED_EDGE('',*,*,#1192,.T.);
#245=ORIENTED_EDGE('',*,*,#1193,.T.);
#246=ORIENTED_EDGE('',*,*,#1194,.F.);
#247=ORIENTED_EDGE('',*,*,#1195,.F.);
#248=ORIENTED_EDGE('',*,*,#1196,.T.);
#249=ORIENTED_EDGE('',*,*,#1197,.T.);
#250=ORIENTED_EDGE('',*,*,#1198,.F.);
#251=ORIENTED_EDGE('',*,*,#1199,.F.);
#252=ORIENTED_EDGE('',*,*,#1200,.T.);
#253=ORIENTED_EDGE('',*,*,#1201,.T.);
#254=ORIENTED_EDGE('',*,*,#1202,.F.);
#255=ORIENTED_EDGE('',*,*,#1203,.F.);
#256=ORIENTED_EDGE('',*,*,#1204,.T.);
#257=ORIENTED_EDGE('',*,*,#1205,.T.);
#258=ORIENTED_EDGE('',*,*,#1206,.F.);
#259=ORIENTED_EDGE('',*,*,#1207,.F.);
#260=ORIENTED_EDGE('',*,*,#1208,.T.);
#261=ORIENTED_EDGE('',*,*,#1209,.T.);
#262=ORIENTED_EDGE('',*,*,#1210,.F.);
#263=ORIENTED_EDGE('',*,*,#1211,.F.);
#264=ORIENTED_EDGE('',*,*,#1212,.T.);
#265=ORIENTED_EDGE('',*,*,#1213,.T.);
#266=ORIENTED_EDGE('',*,*,#1214,.F.);
#267=ORIENTED_EDGE('',*,*,#1215,.F.);
#268=ORIENTED_EDGE('',*,*,#1216,.T.);
#269=ORIENTED_EDGE('',*,*,#1217,.T.);
#270=ORIENTED_EDGE('',*,*,#1218,.F.);
#271=ORIENTED_EDGE('',*,*,#1219,.F.);
#272=ORIENTED_EDGE('',*,*,#1220,.T.);
#273=ORIENTED_EDGE('',*,*,#1221,.T.);
#274=ORIENTED_EDGE('',*,*,#1222,.F.);
#275=ORIENTED_EDGE('',*,*,#1223,.F.);
#276=ORIENTED_EDGE('',*,*,#1224,.T.);
#277=ORIENTED_EDGE('',*,*,#1225,.F.);
#278=ORIENTED_EDGE('',*,*,#1226,.F.);
#279=ORIENTED_EDGE('',*,*,#1227,.T.);
#280=ORIENTED_EDGE('',*,*,#1228,.F.);
#281=ORIENTED_EDGE('',*,*,#1229,.F.);
#282=ORIENTED_EDGE('',*,*,#1230,.F.);
#283=ORIENTED_EDGE('',*,*,#1231,.F.);
#284=ORIENTED_EDGE('',*,*,#1232,.F.);
#285=ORIENTED_EDGE('',*,*,#1233,.T.);
#286=ORIENTED_EDGE('',*,*,#1234,.F.);
#287=ORIENTED_EDGE('',*,*,#1235,.F.);
#288=ORIENTED_EDGE('',*,*,#1236,.F.);
#289=ORIENTED_EDGE('',*,*,#1237,.F.);
#290=ORIENTED_EDGE('',*,*,#1238,.F.);
#291=ORIENTED_EDGE('',*,*,#1239,.T.);
#292=ORIENTED_EDGE('',*,*,#1240,.T.);
#293=ORIENTED_EDGE('',*,*,#1241,.F.);
#294=ORIENTED_EDGE('',*,*,#1242,.F.);
#295=ORIENTED_EDGE('',*,*,#1243,.T.);
#296=ORIENTED_EDGE('',*,*,#1244,.T.);
#297=ORIENTED_EDGE('',*,*,#1245,.F.);
#298=ORIENTED_EDGE('',*,*,#1246,.F.);
#299=ORIENTED_EDGE('',*,*,#1247,.T.);
#300=ORIENTED_EDGE('',*,*,#1248,.T.);
#301=ORIENTED_EDGE('',*,*,#1249,.F.);
#302=ORIENTED_EDGE('',*,*,#1250,.F.);
#303=ORIENTED_EDGE('',*,*,#1251,.T.);
#304=ORIENTED_EDGE('',*,*,#1252,.T.);
#305=ORIENTED_EDGE('',*,*,#1253,.F.);
#306=ORIENTED_EDGE('',*,*,#1254,.F.);
#307=ORIENTED_EDGE('',*,*,#1255,.T.);
#308=ORIENTED_EDGE('',*,*,#1256,.T.);
#309=ORIENTED_EDGE('',*,*,#1257,.F.);
#310=ORIENTED_EDGE('',*,*,#1258,.F.);
#311=ORIENTED_EDGE('',*,*,#1259,.T.);
#312=ORIENTED_EDGE('',*,*,#1260,.T.);
#313=ORIENTED_EDGE('',*,*,#1261,.F.);
#314=ORIENTED_EDGE('',*,*,#1262,.F.);
#315=ORIENTED_EDGE('',*,*,#1263,.T.);
#316=ORIENTED_EDGE('',*,*,#1264,.T.);
#317=ORIENTED_EDGE('',*,*,#1265,.F.);
#318=ORIENTED_EDGE('',*,*,#1266,.F.);
#319=ORIENTED_EDGE('',*,*,#1267,.T.);
#320=ORIENTED_EDGE('',*,*,#1268,.T.);
#321=ORIENTED_EDGE('',*,*,#1269,.F.);
#322=ORIENTED_EDGE('',*,*,#1270,.F.);
#323=ORIENTED_EDGE('',*,*,#1271,.T.);
#324=ORIENTED_EDGE('',*,*,#1272,.T.);
#325=ORIENTED_EDGE('',*,*,#1273,.F.);
#326=ORIENTED_EDGE('',*,*,#1274,.F.);
#327=ORIENTED_EDGE('',*,*,#1275,.T.);
#328=ORIENTED_EDGE('',*,*,#1276,.T.);
#329=ORIENTED_EDGE('',*,*,#1277,.F.);
#330=ORIENTED_EDGE('',*,*,#1278,.F.);
#331=ORIENTED_EDGE('',*,*,#1279,.T.);
#332=ORIENTED_EDGE('',*,*,#1280,.T.);
#333=ORIENTED_EDGE('',*,*,#1281,.F.);
#334=ORIENTED_EDGE('',*,*,#1282,.F.);
#335=ORIENTED_EDGE('',*,*,#1283,.F.);
#336=ORIENTED_EDGE('',*,*,#1284,.F.);
#337=ORIENTED_EDGE('',*,*,#1285,.F.);
#338=ORIENTED_EDGE('',*,*,#1286,.T.);
#339=ORIENTED_EDGE('',*,*,#1287,.T.);
#340=ORIENTED_EDGE('',*,*,#1288,.F.);
#341=ORIENTED_EDGE('',*,*,#1289,.T.);
#342=ORIENTED_EDGE('',*,*,#1290,.T.);
#343=ORIENTED_EDGE('',*,*,#1291,.F.);
#344=ORIENTED_EDGE('',*,*,#1292,.F.);
#345=ORIENTED_EDGE('',*,*,#1293,.F.);
#346=ORIENTED_EDGE('',*,*,#1294,.F.);
#347=ORIENTED_EDGE('',*,*,#1295,.F.);
#348=ORIENTED_EDGE('',*,*,#1296,.T.);
#349=ORIENTED_EDGE('',*,*,#1297,.T.);
#350=ORIENTED_EDGE('',*,*,#1298,.T.);
#351=ORIENTED_EDGE('',*,*,#1299,.T.);
#352=ORIENTED_EDGE('',*,*,#1300,.T.);
#353=ORIENTED_EDGE('',*,*,#1301,.T.);
#354=ORIENTED_EDGE('',*,*,#1302,.T.);
#355=ORIENTED_EDGE('',*,*,#1303,.T.);
#356=ORIENTED_EDGE('',*,*,#1304,.T.);
#357=ORIENTED_EDGE('',*,*,#1305,.T.);
#358=ORIENTED_EDGE('',*,*,#1306,.T.);
#359=ORIENTED_EDGE('',*,*,#1307,.T.);
#360=ORIENTED_EDGE('',*,*,#1308,.T.);
#361=ORIENTED_EDGE('',*,*,#1309,.T.);
#362=ORIENTED_EDGE('',*,*,#1310,.T.);
#363=ORIENTED_EDGE('',*,*,#1311,.T.);
#364=ORIENTED_EDGE('',*,*,#1312,.T.);
#365=ORIENTED_EDGE('',*,*,#1313,.T.);
#366=ORIENTED_EDGE('',*,*,#1314,.T.);
#367=ORIENTED_EDGE('',*,*,#1315,.T.);
#368=ORIENTED_EDGE('',*,*,#1316,.T.);
#369=ORIENTED_EDGE('',*,*,#1317,.T.);
#370=ORIENTED_EDGE('',*,*,#1318,.T.);
#371=ORIENTED_EDGE('',*,*,#1319,.T.);
#372=ORIENTED_EDGE('',*,*,#1320,.T.);
#373=ORIENTED_EDGE('',*,*,#1321,.T.);
#374=ORIENTED_EDGE('',*,*,#1322,.T.);
#375=ORIENTED_EDGE('',*,*,#1323,.T.);
#376=ORIENTED_EDGE('',*,*,#1324,.T.);
#377=ORIENTED_EDGE('',*,*,#1325,.T.);
#378=ORIENTED_EDGE('',*,*,#1326,.T.);
#379=ORIENTED_EDGE('',*,*,#1327,.T.);
#380=ORIENTED_EDGE('',*,*,#1328,.T.);
#381=ORIENTED_EDGE('',*,*,#1329,.T.);
#382=ORIENTED_EDGE('',*,*,#1330,.T.);
#383=ORIENTED_EDGE('',*,*,#1331,.T.);
#384=ORIENTED_EDGE('',*,*,#1332,.T.);
#385=ORIENTED_EDGE('',*,*,#1333,.T.);
#386=ORIENTED_EDGE('',*,*,#1334,.T.);
#387=ORIENTED_EDGE('',*,*,#1335,.T.);
#388=ORIENTED_EDGE('',*,*,#1336,.T.);
#389=ORIENTED_EDGE('',*,*,#1337,.T.);
#390=ORIENTED_EDGE('',*,*,#1338,.T.);
#391=ORIENTED_EDGE('',*,*,#1339,.T.);
#392=ORIENTED_EDGE('',*,*,#1340,.T.);
#393=ORIENTED_EDGE('',*,*,#1341,.F.);
#394=ORIENTED_EDGE('',*,*,#1342,.T.);
#395=ORIENTED_EDGE('',*,*,#1343,.F.);
#396=ORIENTED_EDGE('',*,*,#1344,.F.);
#397=ORIENTED_EDGE('',*,*,#1345,.F.);
#398=ORIENTED_EDGE('',*,*,#1346,.F.);
#399=ORIENTED_EDGE('',*,*,#1347,.T.);
#400=ORIENTED_EDGE('',*,*,#1208,.F.);
#401=ORIENTED_EDGE('',*,*,#1348,.F.);
#402=ORIENTED_EDGE('',*,*,#1349,.T.);
#403=ORIENTED_EDGE('',*,*,#1350,.F.);
#404=ORIENTED_EDGE('',*,*,#1351,.T.);
#405=ORIENTED_EDGE('',*,*,#1188,.F.);
#406=ORIENTED_EDGE('',*,*,#1352,.F.);
#407=ORIENTED_EDGE('',*,*,#1353,.T.);
#408=ORIENTED_EDGE('',*,*,#1354,.F.);
#409=ORIENTED_EDGE('',*,*,#1355,.T.);
#410=ORIENTED_EDGE('',*,*,#1204,.F.);
#411=ORIENTED_EDGE('',*,*,#1356,.F.);
#412=ORIENTED_EDGE('',*,*,#1357,.T.);
#413=ORIENTED_EDGE('',*,*,#1358,.F.);
#414=ORIENTED_EDGE('',*,*,#1359,.T.);
#415=ORIENTED_EDGE('',*,*,#1200,.F.);
#416=ORIENTED_EDGE('',*,*,#1360,.F.);
#417=ORIENTED_EDGE('',*,*,#1361,.T.);
#418=ORIENTED_EDGE('',*,*,#1362,.F.);
#419=ORIENTED_EDGE('',*,*,#1363,.T.);
#420=ORIENTED_EDGE('',*,*,#1220,.F.);
#421=ORIENTED_EDGE('',*,*,#1364,.F.);
#422=ORIENTED_EDGE('',*,*,#1365,.T.);
#423=ORIENTED_EDGE('',*,*,#1366,.F.);
#424=ORIENTED_EDGE('',*,*,#1367,.T.);
#425=ORIENTED_EDGE('',*,*,#1184,.F.);
#426=ORIENTED_EDGE('',*,*,#1368,.F.);
#427=ORIENTED_EDGE('',*,*,#1369,.T.);
#428=ORIENTED_EDGE('',*,*,#1370,.F.);
#429=ORIENTED_EDGE('',*,*,#1371,.T.);
#430=ORIENTED_EDGE('',*,*,#1192,.F.);
#431=ORIENTED_EDGE('',*,*,#1372,.F.);
#432=ORIENTED_EDGE('',*,*,#1373,.T.);
#433=ORIENTED_EDGE('',*,*,#1374,.F.);
#434=ORIENTED_EDGE('',*,*,#1375,.T.);
#435=ORIENTED_EDGE('',*,*,#1196,.F.);
#436=ORIENTED_EDGE('',*,*,#1376,.F.);
#437=ORIENTED_EDGE('',*,*,#1377,.T.);
#438=ORIENTED_EDGE('',*,*,#1378,.F.);
#439=ORIENTED_EDGE('',*,*,#1379,.T.);
#440=ORIENTED_EDGE('',*,*,#1216,.F.);
#441=ORIENTED_EDGE('',*,*,#1380,.F.);
#442=ORIENTED_EDGE('',*,*,#1381,.T.);
#443=ORIENTED_EDGE('',*,*,#1382,.F.);
#444=ORIENTED_EDGE('',*,*,#1383,.T.);
#445=ORIENTED_EDGE('',*,*,#1212,.F.);
#446=ORIENTED_EDGE('',*,*,#1384,.F.);
#447=ORIENTED_EDGE('',*,*,#1385,.T.);
#448=ORIENTED_EDGE('',*,*,#1386,.F.);
#449=ORIENTED_EDGE('',*,*,#1387,.F.);
#450=ORIENTED_EDGE('',*,*,#1388,.F.);
#451=ORIENTED_EDGE('',*,*,#1226,.T.);
#452=ORIENTED_EDGE('',*,*,#1389,.F.);
#453=ORIENTED_EDGE('',*,*,#1285,.T.);
#454=ORIENTED_EDGE('',*,*,#1390,.F.);
#455=ORIENTED_EDGE('',*,*,#1283,.T.);
#456=ORIENTED_EDGE('',*,*,#1391,.T.);
#457=ORIENTED_EDGE('',*,*,#1392,.F.);
#458=ORIENTED_EDGE('',*,*,#1393,.T.);
#459=ORIENTED_EDGE('',*,*,#1387,.T.);
#460=ORIENTED_EDGE('',*,*,#1394,.F.);
#461=ORIENTED_EDGE('',*,*,#1395,.T.);
#462=ORIENTED_EDGE('',*,*,#1396,.T.);
#463=ORIENTED_EDGE('',*,*,#1296,.F.);
#464=ORIENTED_EDGE('',*,*,#1397,.F.);
#465=ORIENTED_EDGE('',*,*,#1398,.T.);
#466=ORIENTED_EDGE('',*,*,#1394,.T.);
#467=ORIENTED_EDGE('',*,*,#1299,.F.);
#468=ORIENTED_EDGE('',*,*,#1396,.F.);
#469=ORIENTED_EDGE('',*,*,#1399,.T.);
#470=ORIENTED_EDGE('',*,*,#1400,.T.);
#471=ORIENTED_EDGE('',*,*,#1297,.F.);
#472=ORIENTED_EDGE('',*,*,#1400,.F.);
#473=ORIENTED_EDGE('',*,*,#1401,.T.);
#474=ORIENTED_EDGE('',*,*,#1397,.T.);
#475=ORIENTED_EDGE('',*,*,#1298,.F.);
#476=ORIENTED_EDGE('',*,*,#1393,.F.);
#477=ORIENTED_EDGE('',*,*,#1402,.T.);
#478=ORIENTED_EDGE('',*,*,#1289,.F.);
#479=ORIENTED_EDGE('',*,*,#1403,.T.);
#480=ORIENTED_EDGE('',*,*,#1227,.F.);
#481=ORIENTED_EDGE('',*,*,#1388,.T.);
#482=ORIENTED_EDGE('',*,*,#1403,.F.);
#483=ORIENTED_EDGE('',*,*,#1288,.T.);
#484=ORIENTED_EDGE('',*,*,#1404,.F.);
#485=ORIENTED_EDGE('',*,*,#1228,.T.);
#486=ORIENTED_EDGE('',*,*,#1287,.F.);
#487=ORIENTED_EDGE('',*,*,#1405,.T.);
#488=ORIENTED_EDGE('',*,*,#1224,.F.);
#489=ORIENTED_EDGE('',*,*,#1404,.T.);
#490=ORIENTED_EDGE('',*,*,#1247,.F.);
#491=ORIENTED_EDGE('',*,*,#1406,.T.);
#492=ORIENTED_EDGE('',*,*,#1407,.T.);
#493=ORIENTED_EDGE('',*,*,#1408,.T.);
#494=ORIENTED_EDGE('',*,*,#1243,.F.);
#495=ORIENTED_EDGE('',*,*,#1409,.T.);
#496=ORIENTED_EDGE('',*,*,#1410,.T.);
#497=ORIENTED_EDGE('',*,*,#1411,.T.);
#498=ORIENTED_EDGE('',*,*,#1279,.F.);
#499=ORIENTED_EDGE('',*,*,#1412,.T.);
#500=ORIENTED_EDGE('',*,*,#1413,.T.);
#501=ORIENTED_EDGE('',*,*,#1414,.T.);
#502=ORIENTED_EDGE('',*,*,#1275,.F.);
#503=ORIENTED_EDGE('',*,*,#1415,.T.);
#504=ORIENTED_EDGE('',*,*,#1416,.T.);
#505=ORIENTED_EDGE('',*,*,#1417,.T.);
#506=ORIENTED_EDGE('',*,*,#1271,.F.);
#507=ORIENTED_EDGE('',*,*,#1418,.T.);
#508=ORIENTED_EDGE('',*,*,#1419,.T.);
#509=ORIENTED_EDGE('',*,*,#1420,.T.);
#510=ORIENTED_EDGE('',*,*,#1267,.F.);
#511=ORIENTED_EDGE('',*,*,#1421,.T.);
#512=ORIENTED_EDGE('',*,*,#1422,.T.);
#513=ORIENTED_EDGE('',*,*,#1423,.T.);
#514=ORIENTED_EDGE('',*,*,#1263,.F.);
#515=ORIENTED_EDGE('',*,*,#1424,.T.);
#516=ORIENTED_EDGE('',*,*,#1425,.T.);
#517=ORIENTED_EDGE('',*,*,#1426,.T.);
#518=ORIENTED_EDGE('',*,*,#1259,.F.);
#519=ORIENTED_EDGE('',*,*,#1427,.T.);
#520=ORIENTED_EDGE('',*,*,#1428,.T.);
#521=ORIENTED_EDGE('',*,*,#1429,.T.);
#522=ORIENTED_EDGE('',*,*,#1255,.F.);
#523=ORIENTED_EDGE('',*,*,#1430,.T.);
#524=ORIENTED_EDGE('',*,*,#1431,.T.);
#525=ORIENTED_EDGE('',*,*,#1432,.T.);
#526=ORIENTED_EDGE('',*,*,#1251,.F.);
#527=ORIENTED_EDGE('',*,*,#1433,.T.);
#528=ORIENTED_EDGE('',*,*,#1434,.T.);
#529=ORIENTED_EDGE('',*,*,#1435,.T.);
#530=ORIENTED_EDGE('',*,*,#1215,.T.);
#531=ORIENTED_EDGE('',*,*,#1436,.T.);
#532=ORIENTED_EDGE('',*,*,#1437,.T.);
#533=ORIENTED_EDGE('',*,*,#1384,.T.);
#534=ORIENTED_EDGE('',*,*,#1211,.T.);
#535=ORIENTED_EDGE('',*,*,#1438,.T.);
#536=ORIENTED_EDGE('',*,*,#1439,.T.);
#537=ORIENTED_EDGE('',*,*,#1348,.T.);
#538=ORIENTED_EDGE('',*,*,#1207,.T.);
#539=ORIENTED_EDGE('',*,*,#1440,.T.);
#540=ORIENTED_EDGE('',*,*,#1441,.T.);
#541=ORIENTED_EDGE('',*,*,#1356,.T.);
#542=ORIENTED_EDGE('',*,*,#1203,.T.);
#543=ORIENTED_EDGE('',*,*,#1442,.T.);
#544=ORIENTED_EDGE('',*,*,#1443,.T.);
#545=ORIENTED_EDGE('',*,*,#1360,.T.);
#546=ORIENTED_EDGE('',*,*,#1199,.T.);
#547=ORIENTED_EDGE('',*,*,#1444,.T.);
#548=ORIENTED_EDGE('',*,*,#1445,.T.);
#549=ORIENTED_EDGE('',*,*,#1376,.T.);
#550=ORIENTED_EDGE('',*,*,#1195,.T.);
#551=ORIENTED_EDGE('',*,*,#1446,.T.);
#552=ORIENTED_EDGE('',*,*,#1447,.T.);
#553=ORIENTED_EDGE('',*,*,#1372,.T.);
#554=ORIENTED_EDGE('',*,*,#1191,.T.);
#555=ORIENTED_EDGE('',*,*,#1448,.T.);
#556=ORIENTED_EDGE('',*,*,#1449,.T.);
#557=ORIENTED_EDGE('',*,*,#1352,.T.);
#558=ORIENTED_EDGE('',*,*,#1187,.T.);
#559=ORIENTED_EDGE('',*,*,#1450,.T.);
#560=ORIENTED_EDGE('',*,*,#1451,.T.);
#561=ORIENTED_EDGE('',*,*,#1368,.T.);
#562=ORIENTED_EDGE('',*,*,#1223,.T.);
#563=ORIENTED_EDGE('',*,*,#1452,.T.);
#564=ORIENTED_EDGE('',*,*,#1453,.T.);
#565=ORIENTED_EDGE('',*,*,#1364,.T.);
#566=ORIENTED_EDGE('',*,*,#1219,.T.);
#567=ORIENTED_EDGE('',*,*,#1454,.T.);
#568=ORIENTED_EDGE('',*,*,#1455,.T.);
#569=ORIENTED_EDGE('',*,*,#1380,.T.);
#570=ORIENTED_EDGE('',*,*,#1301,.F.);
#571=ORIENTED_EDGE('',*,*,#1456,.F.);
#572=ORIENTED_EDGE('',*,*,#1457,.T.);
#573=ORIENTED_EDGE('',*,*,#1458,.T.);
#574=ORIENTED_EDGE('',*,*,#1300,.F.);
#575=ORIENTED_EDGE('',*,*,#1459,.F.);
#576=ORIENTED_EDGE('',*,*,#1460,.T.);
#577=ORIENTED_EDGE('',*,*,#1456,.T.);
#578=ORIENTED_EDGE('',*,*,#1325,.F.);
#579=ORIENTED_EDGE('',*,*,#1461,.F.);
#580=ORIENTED_EDGE('',*,*,#1462,.T.);
#581=ORIENTED_EDGE('',*,*,#1459,.T.);
#582=ORIENTED_EDGE('',*,*,#1324,.F.);
#583=ORIENTED_EDGE('',*,*,#1463,.F.);
#584=ORIENTED_EDGE('',*,*,#1464,.T.);
#585=ORIENTED_EDGE('',*,*,#1461,.T.);
#586=ORIENTED_EDGE('',*,*,#1323,.F.);
#587=ORIENTED_EDGE('',*,*,#1465,.F.);
#588=ORIENTED_EDGE('',*,*,#1466,.T.);
#589=ORIENTED_EDGE('',*,*,#1463,.T.);
#590=ORIENTED_EDGE('',*,*,#1322,.F.);
#591=ORIENTED_EDGE('',*,*,#1467,.F.);
#592=ORIENTED_EDGE('',*,*,#1468,.T.);
#593=ORIENTED_EDGE('',*,*,#1465,.T.);
#594=ORIENTED_EDGE('',*,*,#1321,.F.);
#595=ORIENTED_EDGE('',*,*,#1469,.F.);
#596=ORIENTED_EDGE('',*,*,#1470,.T.);
#597=ORIENTED_EDGE('',*,*,#1467,.T.);
#598=ORIENTED_EDGE('',*,*,#1320,.F.);
#599=ORIENTED_EDGE('',*,*,#1471,.F.);
#600=ORIENTED_EDGE('',*,*,#1472,.T.);
#601=ORIENTED_EDGE('',*,*,#1469,.T.);
#602=ORIENTED_EDGE('',*,*,#1319,.F.);
#603=ORIENTED_EDGE('',*,*,#1473,.F.);
#604=ORIENTED_EDGE('',*,*,#1474,.T.);
#605=ORIENTED_EDGE('',*,*,#1471,.T.);
#606=ORIENTED_EDGE('',*,*,#1318,.F.);
#607=ORIENTED_EDGE('',*,*,#1475,.F.);
#608=ORIENTED_EDGE('',*,*,#1476,.T.);
#609=ORIENTED_EDGE('',*,*,#1473,.T.);
#610=ORIENTED_EDGE('',*,*,#1317,.F.);
#611=ORIENTED_EDGE('',*,*,#1477,.F.);
#612=ORIENTED_EDGE('',*,*,#1478,.T.);
#613=ORIENTED_EDGE('',*,*,#1475,.T.);
#614=ORIENTED_EDGE('',*,*,#1316,.F.);
#615=ORIENTED_EDGE('',*,*,#1479,.F.);
#616=ORIENTED_EDGE('',*,*,#1480,.T.);
#617=ORIENTED_EDGE('',*,*,#1477,.T.);
#618=ORIENTED_EDGE('',*,*,#1315,.F.);
#619=ORIENTED_EDGE('',*,*,#1481,.F.);
#620=ORIENTED_EDGE('',*,*,#1482,.T.);
#621=ORIENTED_EDGE('',*,*,#1479,.T.);
#622=ORIENTED_EDGE('',*,*,#1314,.F.);
#623=ORIENTED_EDGE('',*,*,#1483,.F.);
#624=ORIENTED_EDGE('',*,*,#1484,.T.);
#625=ORIENTED_EDGE('',*,*,#1481,.T.);
#626=ORIENTED_EDGE('',*,*,#1313,.F.);
#627=ORIENTED_EDGE('',*,*,#1485,.F.);
#628=ORIENTED_EDGE('',*,*,#1486,.T.);
#629=ORIENTED_EDGE('',*,*,#1483,.T.);
#630=ORIENTED_EDGE('',*,*,#1312,.F.);
#631=ORIENTED_EDGE('',*,*,#1487,.F.);
#632=ORIENTED_EDGE('',*,*,#1488,.T.);
#633=ORIENTED_EDGE('',*,*,#1485,.T.);
#634=ORIENTED_EDGE('',*,*,#1311,.F.);
#635=ORIENTED_EDGE('',*,*,#1489,.F.);
#636=ORIENTED_EDGE('',*,*,#1490,.T.);
#637=ORIENTED_EDGE('',*,*,#1487,.T.);
#638=ORIENTED_EDGE('',*,*,#1310,.F.);
#639=ORIENTED_EDGE('',*,*,#1491,.F.);
#640=ORIENTED_EDGE('',*,*,#1492,.T.);
#641=ORIENTED_EDGE('',*,*,#1489,.T.);
#642=ORIENTED_EDGE('',*,*,#1309,.F.);
#643=ORIENTED_EDGE('',*,*,#1493,.F.);
#644=ORIENTED_EDGE('',*,*,#1494,.T.);
#645=ORIENTED_EDGE('',*,*,#1491,.T.);
#646=ORIENTED_EDGE('',*,*,#1308,.F.);
#647=ORIENTED_EDGE('',*,*,#1495,.F.);
#648=ORIENTED_EDGE('',*,*,#1496,.T.);
#649=ORIENTED_EDGE('',*,*,#1493,.T.);
#650=ORIENTED_EDGE('',*,*,#1307,.F.);
#651=ORIENTED_EDGE('',*,*,#1497,.F.);
#652=ORIENTED_EDGE('',*,*,#1498,.T.);
#653=ORIENTED_EDGE('',*,*,#1495,.T.);
#654=ORIENTED_EDGE('',*,*,#1306,.F.);
#655=ORIENTED_EDGE('',*,*,#1499,.F.);
#656=ORIENTED_EDGE('',*,*,#1500,.T.);
#657=ORIENTED_EDGE('',*,*,#1497,.T.);
#658=ORIENTED_EDGE('',*,*,#1305,.F.);
#659=ORIENTED_EDGE('',*,*,#1501,.F.);
#660=ORIENTED_EDGE('',*,*,#1502,.T.);
#661=ORIENTED_EDGE('',*,*,#1499,.T.);
#662=ORIENTED_EDGE('',*,*,#1304,.F.);
#663=ORIENTED_EDGE('',*,*,#1503,.F.);
#664=ORIENTED_EDGE('',*,*,#1504,.T.);
#665=ORIENTED_EDGE('',*,*,#1501,.T.);
#666=ORIENTED_EDGE('',*,*,#1303,.F.);
#667=ORIENTED_EDGE('',*,*,#1505,.F.);
#668=ORIENTED_EDGE('',*,*,#1506,.T.);
#669=ORIENTED_EDGE('',*,*,#1503,.T.);
#670=ORIENTED_EDGE('',*,*,#1302,.F.);
#671=ORIENTED_EDGE('',*,*,#1458,.F.);
#672=ORIENTED_EDGE('',*,*,#1507,.T.);
#673=ORIENTED_EDGE('',*,*,#1505,.T.);
#674=ORIENTED_EDGE('',*,*,#1457,.F.);
#675=ORIENTED_EDGE('',*,*,#1460,.F.);
#676=ORIENTED_EDGE('',*,*,#1462,.F.);
#677=ORIENTED_EDGE('',*,*,#1464,.F.);
#678=ORIENTED_EDGE('',*,*,#1466,.F.);
#679=ORIENTED_EDGE('',*,*,#1468,.F.);
#680=ORIENTED_EDGE('',*,*,#1470,.F.);
#681=ORIENTED_EDGE('',*,*,#1472,.F.);
#682=ORIENTED_EDGE('',*,*,#1474,.F.);
#683=ORIENTED_EDGE('',*,*,#1476,.F.);
#684=ORIENTED_EDGE('',*,*,#1478,.F.);
#685=ORIENTED_EDGE('',*,*,#1480,.F.);
#686=ORIENTED_EDGE('',*,*,#1482,.F.);
#687=ORIENTED_EDGE('',*,*,#1484,.F.);
#688=ORIENTED_EDGE('',*,*,#1486,.F.);
#689=ORIENTED_EDGE('',*,*,#1488,.F.);
#690=ORIENTED_EDGE('',*,*,#1490,.F.);
#691=ORIENTED_EDGE('',*,*,#1492,.F.);
#692=ORIENTED_EDGE('',*,*,#1494,.F.);
#693=ORIENTED_EDGE('',*,*,#1496,.F.);
#694=ORIENTED_EDGE('',*,*,#1498,.F.);
#695=ORIENTED_EDGE('',*,*,#1500,.F.);
#696=ORIENTED_EDGE('',*,*,#1502,.F.);
#697=ORIENTED_EDGE('',*,*,#1504,.F.);
#698=ORIENTED_EDGE('',*,*,#1506,.F.);
#699=ORIENTED_EDGE('',*,*,#1507,.F.);
#700=ORIENTED_EDGE('',*,*,#1327,.F.);
#701=ORIENTED_EDGE('',*,*,#1508,.F.);
#702=ORIENTED_EDGE('',*,*,#1509,.T.);
#703=ORIENTED_EDGE('',*,*,#1510,.T.);
#704=ORIENTED_EDGE('',*,*,#1326,.F.);
#705=ORIENTED_EDGE('',*,*,#1511,.F.);
#706=ORIENTED_EDGE('',*,*,#1512,.T.);
#707=ORIENTED_EDGE('',*,*,#1508,.T.);
#708=ORIENTED_EDGE('',*,*,#1340,.F.);
#709=ORIENTED_EDGE('',*,*,#1513,.F.);
#710=ORIENTED_EDGE('',*,*,#1514,.T.);
#711=ORIENTED_EDGE('',*,*,#1511,.T.);
#712=ORIENTED_EDGE('',*,*,#1339,.F.);
#713=ORIENTED_EDGE('',*,*,#1515,.F.);
#714=ORIENTED_EDGE('',*,*,#1516,.T.);
#715=ORIENTED_EDGE('',*,*,#1513,.T.);
#716=ORIENTED_EDGE('',*,*,#1338,.F.);
#717=ORIENTED_EDGE('',*,*,#1517,.F.);
#718=ORIENTED_EDGE('',*,*,#1518,.T.);
#719=ORIENTED_EDGE('',*,*,#1515,.T.);
#720=ORIENTED_EDGE('',*,*,#1337,.F.);
#721=ORIENTED_EDGE('',*,*,#1519,.F.);
#722=ORIENTED_EDGE('',*,*,#1520,.T.);
#723=ORIENTED_EDGE('',*,*,#1517,.T.);
#724=ORIENTED_EDGE('',*,*,#1336,.F.);
#725=ORIENTED_EDGE('',*,*,#1521,.F.);
#726=ORIENTED_EDGE('',*,*,#1522,.T.);
#727=ORIENTED_EDGE('',*,*,#1519,.T.);
#728=ORIENTED_EDGE('',*,*,#1335,.F.);
#729=ORIENTED_EDGE('',*,*,#1523,.F.);
#730=ORIENTED_EDGE('',*,*,#1524,.T.);
#731=ORIENTED_EDGE('',*,*,#1521,.T.);
#732=ORIENTED_EDGE('',*,*,#1334,.F.);
#733=ORIENTED_EDGE('',*,*,#1525,.F.);
#734=ORIENTED_EDGE('',*,*,#1526,.T.);
#735=ORIENTED_EDGE('',*,*,#1523,.T.);
#736=ORIENTED_EDGE('',*,*,#1333,.F.);
#737=ORIENTED_EDGE('',*,*,#1527,.F.);
#738=ORIENTED_EDGE('',*,*,#1528,.T.);
#739=ORIENTED_EDGE('',*,*,#1525,.T.);
#740=ORIENTED_EDGE('',*,*,#1332,.F.);
#741=ORIENTED_EDGE('',*,*,#1529,.F.);
#742=ORIENTED_EDGE('',*,*,#1530,.T.);
#743=ORIENTED_EDGE('',*,*,#1527,.T.);
#744=ORIENTED_EDGE('',*,*,#1331,.F.);
#745=ORIENTED_EDGE('',*,*,#1531,.F.);
#746=ORIENTED_EDGE('',*,*,#1532,.T.);
#747=ORIENTED_EDGE('',*,*,#1529,.T.);
#748=ORIENTED_EDGE('',*,*,#1330,.F.);
#749=ORIENTED_EDGE('',*,*,#1533,.F.);
#750=ORIENTED_EDGE('',*,*,#1534,.T.);
#751=ORIENTED_EDGE('',*,*,#1531,.T.);
#752=ORIENTED_EDGE('',*,*,#1329,.F.);
#753=ORIENTED_EDGE('',*,*,#1535,.F.);
#754=ORIENTED_EDGE('',*,*,#1536,.T.);
#755=ORIENTED_EDGE('',*,*,#1533,.T.);
#756=ORIENTED_EDGE('',*,*,#1328,.F.);
#757=ORIENTED_EDGE('',*,*,#1510,.F.);
#758=ORIENTED_EDGE('',*,*,#1537,.T.);
#759=ORIENTED_EDGE('',*,*,#1535,.T.);
#760=ORIENTED_EDGE('',*,*,#1509,.F.);
#761=ORIENTED_EDGE('',*,*,#1512,.F.);
#762=ORIENTED_EDGE('',*,*,#1514,.F.);
#763=ORIENTED_EDGE('',*,*,#1516,.F.);
#764=ORIENTED_EDGE('',*,*,#1518,.F.);
#765=ORIENTED_EDGE('',*,*,#1520,.F.);
#766=ORIENTED_EDGE('',*,*,#1522,.F.);
#767=ORIENTED_EDGE('',*,*,#1524,.F.);
#768=ORIENTED_EDGE('',*,*,#1526,.F.);
#769=ORIENTED_EDGE('',*,*,#1528,.F.);
#770=ORIENTED_EDGE('',*,*,#1530,.F.);
#771=ORIENTED_EDGE('',*,*,#1532,.F.);
#772=ORIENTED_EDGE('',*,*,#1534,.F.);
#773=ORIENTED_EDGE('',*,*,#1536,.F.);
#774=ORIENTED_EDGE('',*,*,#1537,.F.);
#775=ORIENTED_EDGE('',*,*,#1286,.F.);
#776=ORIENTED_EDGE('',*,*,#1389,.T.);
#777=ORIENTED_EDGE('',*,*,#1225,.T.);
#778=ORIENTED_EDGE('',*,*,#1405,.F.);
#779=ORIENTED_EDGE('',*,*,#1291,.T.);
#780=ORIENTED_EDGE('',*,*,#1538,.T.);
#781=ORIENTED_EDGE('',*,*,#1391,.F.);
#782=ORIENTED_EDGE('',*,*,#1392,.T.);
#783=ORIENTED_EDGE('',*,*,#1538,.F.);
#784=ORIENTED_EDGE('',*,*,#1290,.F.);
#785=ORIENTED_EDGE('',*,*,#1402,.F.);
#786=ORIENTED_EDGE('',*,*,#1229,.T.);
#787=ORIENTED_EDGE('',*,*,#1539,.T.);
#788=ORIENTED_EDGE('',*,*,#1293,.T.);
#789=ORIENTED_EDGE('',*,*,#1540,.F.);
#790=ORIENTED_EDGE('',*,*,#1232,.T.);
#791=ORIENTED_EDGE('',*,*,#1541,.T.);
#792=ORIENTED_EDGE('',*,*,#1294,.T.);
#793=ORIENTED_EDGE('',*,*,#1539,.F.);
#794=ORIENTED_EDGE('',*,*,#1231,.T.);
#795=ORIENTED_EDGE('',*,*,#1542,.T.);
#796=ORIENTED_EDGE('',*,*,#1295,.T.);
#797=ORIENTED_EDGE('',*,*,#1541,.F.);
#798=ORIENTED_EDGE('',*,*,#1230,.T.);
#799=ORIENTED_EDGE('',*,*,#1540,.T.);
#800=ORIENTED_EDGE('',*,*,#1292,.T.);
#801=ORIENTED_EDGE('',*,*,#1542,.F.);
#802=ORIENTED_EDGE('',*,*,#1399,.F.);
#803=ORIENTED_EDGE('',*,*,#1395,.F.);
#804=ORIENTED_EDGE('',*,*,#1398,.F.);
#805=ORIENTED_EDGE('',*,*,#1401,.F.);
#806=ORIENTED_EDGE('',*,*,#1543,.F.);
#807=ORIENTED_EDGE('',*,*,#1544,.F.);
#808=ORIENTED_EDGE('',*,*,#1545,.F.);
#809=ORIENTED_EDGE('',*,*,#1438,.F.);
#810=ORIENTED_EDGE('',*,*,#1210,.T.);
#811=ORIENTED_EDGE('',*,*,#1439,.F.);
#812=ORIENTED_EDGE('',*,*,#1545,.T.);
#813=ORIENTED_EDGE('',*,*,#1546,.F.);
#814=ORIENTED_EDGE('',*,*,#1349,.F.);
#815=ORIENTED_EDGE('',*,*,#1544,.T.);
#816=ORIENTED_EDGE('',*,*,#1547,.T.);
#817=ORIENTED_EDGE('',*,*,#1346,.T.);
#818=ORIENTED_EDGE('',*,*,#1546,.T.);
#819=ORIENTED_EDGE('',*,*,#1548,.F.);
#820=ORIENTED_EDGE('',*,*,#1549,.F.);
#821=ORIENTED_EDGE('',*,*,#1550,.F.);
#822=ORIENTED_EDGE('',*,*,#1448,.F.);
#823=ORIENTED_EDGE('',*,*,#1190,.T.);
#824=ORIENTED_EDGE('',*,*,#1449,.F.);
#825=ORIENTED_EDGE('',*,*,#1550,.T.);
#826=ORIENTED_EDGE('',*,*,#1551,.F.);
#827=ORIENTED_EDGE('',*,*,#1353,.F.);
#828=ORIENTED_EDGE('',*,*,#1549,.T.);
#829=ORIENTED_EDGE('',*,*,#1552,.T.);
#830=ORIENTED_EDGE('',*,*,#1350,.T.);
#831=ORIENTED_EDGE('',*,*,#1551,.T.);
#832=ORIENTED_EDGE('',*,*,#1553,.F.);
#833=ORIENTED_EDGE('',*,*,#1554,.F.);
#834=ORIENTED_EDGE('',*,*,#1555,.F.);
#835=ORIENTED_EDGE('',*,*,#1440,.F.);
#836=ORIENTED_EDGE('',*,*,#1206,.T.);
#837=ORIENTED_EDGE('',*,*,#1441,.F.);
#838=ORIENTED_EDGE('',*,*,#1555,.T.);
#839=ORIENTED_EDGE('',*,*,#1556,.F.);
#840=ORIENTED_EDGE('',*,*,#1357,.F.);
#841=ORIENTED_EDGE('',*,*,#1554,.T.);
#842=ORIENTED_EDGE('',*,*,#1557,.T.);
#843=ORIENTED_EDGE('',*,*,#1354,.T.);
#844=ORIENTED_EDGE('',*,*,#1556,.T.);
#845=ORIENTED_EDGE('',*,*,#1421,.F.);
#846=ORIENTED_EDGE('',*,*,#1266,.T.);
#847=ORIENTED_EDGE('',*,*,#1558,.F.);
#848=ORIENTED_EDGE('',*,*,#1559,.F.);
#849=ORIENTED_EDGE('',*,*,#1423,.F.);
#850=ORIENTED_EDGE('',*,*,#1560,.T.);
#851=ORIENTED_EDGE('',*,*,#1561,.F.);
#852=ORIENTED_EDGE('',*,*,#1264,.F.);
#853=ORIENTED_EDGE('',*,*,#1422,.F.);
#854=ORIENTED_EDGE('',*,*,#1559,.T.);
#855=ORIENTED_EDGE('',*,*,#1562,.F.);
#856=ORIENTED_EDGE('',*,*,#1560,.F.);
#857=ORIENTED_EDGE('',*,*,#1558,.T.);
#858=ORIENTED_EDGE('',*,*,#1265,.T.);
#859=ORIENTED_EDGE('',*,*,#1561,.T.);
#860=ORIENTED_EDGE('',*,*,#1562,.T.);
#861=ORIENTED_EDGE('',*,*,#1412,.F.);
#862=ORIENTED_EDGE('',*,*,#1278,.T.);
#863=ORIENTED_EDGE('',*,*,#1563,.F.);
#864=ORIENTED_EDGE('',*,*,#1564,.F.);
#865=ORIENTED_EDGE('',*,*,#1414,.F.);
#866=ORIENTED_EDGE('',*,*,#1565,.T.);
#867=ORIENTED_EDGE('',*,*,#1566,.F.);
#868=ORIENTED_EDGE('',*,*,#1276,.F.);
#869=ORIENTED_EDGE('',*,*,#1413,.F.);
#870=ORIENTED_EDGE('',*,*,#1564,.T.);
#871=ORIENTED_EDGE('',*,*,#1567,.F.);
#872=ORIENTED_EDGE('',*,*,#1565,.F.);
#873=ORIENTED_EDGE('',*,*,#1563,.T.);
#874=ORIENTED_EDGE('',*,*,#1277,.T.);
#875=ORIENTED_EDGE('',*,*,#1566,.T.);
#876=ORIENTED_EDGE('',*,*,#1567,.T.);
#877=ORIENTED_EDGE('',*,*,#1415,.F.);
#878=ORIENTED_EDGE('',*,*,#1274,.T.);
#879=ORIENTED_EDGE('',*,*,#1568,.F.);
#880=ORIENTED_EDGE('',*,*,#1569,.F.);
#881=ORIENTED_EDGE('',*,*,#1417,.F.);
#882=ORIENTED_EDGE('',*,*,#1570,.T.);
#883=ORIENTED_EDGE('',*,*,#1571,.F.);
#884=ORIENTED_EDGE('',*,*,#1272,.F.);
#885=ORIENTED_EDGE('',*,*,#1416,.F.);
#886=ORIENTED_EDGE('',*,*,#1569,.T.);
#887=ORIENTED_EDGE('',*,*,#1572,.F.);
#888=ORIENTED_EDGE('',*,*,#1570,.F.);
#889=ORIENTED_EDGE('',*,*,#1568,.T.);
#890=ORIENTED_EDGE('',*,*,#1273,.T.);
#891=ORIENTED_EDGE('',*,*,#1571,.T.);
#892=ORIENTED_EDGE('',*,*,#1572,.T.);
#893=ORIENTED_EDGE('',*,*,#1418,.F.);
#894=ORIENTED_EDGE('',*,*,#1270,.T.);
#895=ORIENTED_EDGE('',*,*,#1573,.F.);
#896=ORIENTED_EDGE('',*,*,#1574,.F.);
#897=ORIENTED_EDGE('',*,*,#1420,.F.);
#898=ORIENTED_EDGE('',*,*,#1575,.T.);
#899=ORIENTED_EDGE('',*,*,#1576,.F.);
#900=ORIENTED_EDGE('',*,*,#1268,.F.);
#901=ORIENTED_EDGE('',*,*,#1419,.F.);
#902=ORIENTED_EDGE('',*,*,#1574,.T.);
#903=ORIENTED_EDGE('',*,*,#1577,.F.);
#904=ORIENTED_EDGE('',*,*,#1575,.F.);
#905=ORIENTED_EDGE('',*,*,#1573,.T.);
#906=ORIENTED_EDGE('',*,*,#1269,.T.);
#907=ORIENTED_EDGE('',*,*,#1576,.T.);
#908=ORIENTED_EDGE('',*,*,#1577,.T.);
#909=ORIENTED_EDGE('',*,*,#1390,.T.);
#910=ORIENTED_EDGE('',*,*,#1386,.T.);
#911=ORIENTED_EDGE('',*,*,#1284,.T.);
#912=ORIENTED_EDGE('',*,*,#1409,.F.);
#913=ORIENTED_EDGE('',*,*,#1282,.T.);
#914=ORIENTED_EDGE('',*,*,#1578,.F.);
#915=ORIENTED_EDGE('',*,*,#1579,.F.);
#916=ORIENTED_EDGE('',*,*,#1411,.F.);
#917=ORIENTED_EDGE('',*,*,#1580,.T.);
#918=ORIENTED_EDGE('',*,*,#1581,.F.);
#919=ORIENTED_EDGE('',*,*,#1280,.F.);
#920=ORIENTED_EDGE('',*,*,#1410,.F.);
#921=ORIENTED_EDGE('',*,*,#1579,.T.);
#922=ORIENTED_EDGE('',*,*,#1582,.F.);
#923=ORIENTED_EDGE('',*,*,#1580,.F.);
#924=ORIENTED_EDGE('',*,*,#1578,.T.);
#925=ORIENTED_EDGE('',*,*,#1281,.T.);
#926=ORIENTED_EDGE('',*,*,#1581,.T.);
#927=ORIENTED_EDGE('',*,*,#1582,.T.);
#928=ORIENTED_EDGE('',*,*,#1583,.F.);
#929=ORIENTED_EDGE('',*,*,#1584,.F.);
#930=ORIENTED_EDGE('',*,*,#1585,.F.);
#931=ORIENTED_EDGE('',*,*,#1442,.F.);
#932=ORIENTED_EDGE('',*,*,#1202,.T.);
#933=ORIENTED_EDGE('',*,*,#1443,.F.);
#934=ORIENTED_EDGE('',*,*,#1585,.T.);
#935=ORIENTED_EDGE('',*,*,#1586,.F.);
#936=ORIENTED_EDGE('',*,*,#1361,.F.);
#937=ORIENTED_EDGE('',*,*,#1584,.T.);
#938=ORIENTED_EDGE('',*,*,#1587,.T.);
#939=ORIENTED_EDGE('',*,*,#1358,.T.);
#940=ORIENTED_EDGE('',*,*,#1586,.T.);
#941=ORIENTED_EDGE('',*,*,#1424,.F.);
#942=ORIENTED_EDGE('',*,*,#1262,.T.);
#943=ORIENTED_EDGE('',*,*,#1588,.F.);
#944=ORIENTED_EDGE('',*,*,#1589,.F.);
#945=ORIENTED_EDGE('',*,*,#1426,.F.);
#946=ORIENTED_EDGE('',*,*,#1590,.T.);
#947=ORIENTED_EDGE('',*,*,#1591,.F.);
#948=ORIENTED_EDGE('',*,*,#1260,.F.);
#949=ORIENTED_EDGE('',*,*,#1425,.F.);
#950=ORIENTED_EDGE('',*,*,#1589,.T.);
#951=ORIENTED_EDGE('',*,*,#1592,.F.);
#952=ORIENTED_EDGE('',*,*,#1590,.F.);
#953=ORIENTED_EDGE('',*,*,#1592,.T.);
#954=ORIENTED_EDGE('',*,*,#1588,.T.);
#955=ORIENTED_EDGE('',*,*,#1261,.T.);
#956=ORIENTED_EDGE('',*,*,#1591,.T.);
#957=ORIENTED_EDGE('',*,*,#1427,.F.);
#958=ORIENTED_EDGE('',*,*,#1258,.T.);
#959=ORIENTED_EDGE('',*,*,#1593,.F.);
#960=ORIENTED_EDGE('',*,*,#1594,.F.);
#961=ORIENTED_EDGE('',*,*,#1429,.F.);
#962=ORIENTED_EDGE('',*,*,#1595,.T.);
#963=ORIENTED_EDGE('',*,*,#1596,.F.);
#964=ORIENTED_EDGE('',*,*,#1256,.F.);
#965=ORIENTED_EDGE('',*,*,#1428,.F.);
#966=ORIENTED_EDGE('',*,*,#1594,.T.);
#967=ORIENTED_EDGE('',*,*,#1597,.F.);
#968=ORIENTED_EDGE('',*,*,#1595,.F.);
#969=ORIENTED_EDGE('',*,*,#1597,.T.);
#970=ORIENTED_EDGE('',*,*,#1593,.T.);
#971=ORIENTED_EDGE('',*,*,#1257,.T.);
#972=ORIENTED_EDGE('',*,*,#1596,.T.);
#973=ORIENTED_EDGE('',*,*,#1430,.F.);
#974=ORIENTED_EDGE('',*,*,#1254,.T.);
#975=ORIENTED_EDGE('',*,*,#1598,.F.);
#976=ORIENTED_EDGE('',*,*,#1599,.F.);
#977=ORIENTED_EDGE('',*,*,#1432,.F.);
#978=ORIENTED_EDGE('',*,*,#1600,.T.);
#979=ORIENTED_EDGE('',*,*,#1601,.F.);
#980=ORIENTED_EDGE('',*,*,#1252,.F.);
#981=ORIENTED_EDGE('',*,*,#1431,.F.);
#982=ORIENTED_EDGE('',*,*,#1599,.T.);
#983=ORIENTED_EDGE('',*,*,#1602,.F.);
#984=ORIENTED_EDGE('',*,*,#1600,.F.);
#985=ORIENTED_EDGE('',*,*,#1602,.T.);
#986=ORIENTED_EDGE('',*,*,#1598,.T.);
#987=ORIENTED_EDGE('',*,*,#1253,.T.);
#988=ORIENTED_EDGE('',*,*,#1601,.T.);
#989=ORIENTED_EDGE('',*,*,#1435,.F.);
#990=ORIENTED_EDGE('',*,*,#1603,.T.);
#991=ORIENTED_EDGE('',*,*,#1604,.F.);
#992=ORIENTED_EDGE('',*,*,#1248,.F.);
#993=ORIENTED_EDGE('',*,*,#1433,.F.);
#994=ORIENTED_EDGE('',*,*,#1250,.T.);
#995=ORIENTED_EDGE('',*,*,#1605,.F.);
#996=ORIENTED_EDGE('',*,*,#1606,.F.);
#997=ORIENTED_EDGE('',*,*,#1434,.F.);
#998=ORIENTED_EDGE('',*,*,#1606,.T.);
#999=ORIENTED_EDGE('',*,*,#1607,.F.);
#1000=ORIENTED_EDGE('',*,*,#1603,.F.);
#1001=ORIENTED_EDGE('',*,*,#1604,.T.);
#1002=ORIENTED_EDGE('',*,*,#1607,.T.);
#1003=ORIENTED_EDGE('',*,*,#1605,.T.);
#1004=ORIENTED_EDGE('',*,*,#1249,.T.);
#1005=ORIENTED_EDGE('',*,*,#1608,.F.);
#1006=ORIENTED_EDGE('',*,*,#1609,.F.);
#1007=ORIENTED_EDGE('',*,*,#1610,.F.);
#1008=ORIENTED_EDGE('',*,*,#1452,.F.);
#1009=ORIENTED_EDGE('',*,*,#1222,.T.);
#1010=ORIENTED_EDGE('',*,*,#1453,.F.);
#1011=ORIENTED_EDGE('',*,*,#1610,.T.);
#1012=ORIENTED_EDGE('',*,*,#1611,.F.);
#1013=ORIENTED_EDGE('',*,*,#1365,.F.);
#1014=ORIENTED_EDGE('',*,*,#1609,.T.);
#1015=ORIENTED_EDGE('',*,*,#1612,.T.);
#1016=ORIENTED_EDGE('',*,*,#1362,.T.);
#1017=ORIENTED_EDGE('',*,*,#1611,.T.);
#1018=ORIENTED_EDGE('',*,*,#1613,.F.);
#1019=ORIENTED_EDGE('',*,*,#1614,.F.);
#1020=ORIENTED_EDGE('',*,*,#1615,.F.);
#1021=ORIENTED_EDGE('',*,*,#1450,.F.);
#1022=ORIENTED_EDGE('',*,*,#1186,.T.);
#1023=ORIENTED_EDGE('',*,*,#1451,.F.);
#1024=ORIENTED_EDGE('',*,*,#1615,.T.);
#1025=ORIENTED_EDGE('',*,*,#1616,.F.);
#1026=ORIENTED_EDGE('',*,*,#1369,.F.);
#1027=ORIENTED_EDGE('',*,*,#1614,.T.);
#1028=ORIENTED_EDGE('',*,*,#1617,.T.);
#1029=ORIENTED_EDGE('',*,*,#1366,.T.);
#1030=ORIENTED_EDGE('',*,*,#1616,.T.);
#1031=ORIENTED_EDGE('',*,*,#1618,.F.);
#1032=ORIENTED_EDGE('',*,*,#1619,.F.);
#1033=ORIENTED_EDGE('',*,*,#1620,.F.);
#1034=ORIENTED_EDGE('',*,*,#1446,.F.);
#1035=ORIENTED_EDGE('',*,*,#1194,.T.);
#1036=ORIENTED_EDGE('',*,*,#1447,.F.);
#1037=ORIENTED_EDGE('',*,*,#1620,.T.);
#1038=ORIENTED_EDGE('',*,*,#1621,.F.);
#1039=ORIENTED_EDGE('',*,*,#1373,.F.);
#1040=ORIENTED_EDGE('',*,*,#1619,.T.);
#1041=ORIENTED_EDGE('',*,*,#1622,.T.);
#1042=ORIENTED_EDGE('',*,*,#1370,.T.);
#1043=ORIENTED_EDGE('',*,*,#1621,.T.);
#1044=ORIENTED_EDGE('',*,*,#1623,.F.);
#1045=ORIENTED_EDGE('',*,*,#1624,.F.);
#1046=ORIENTED_EDGE('',*,*,#1625,.F.);
#1047=ORIENTED_EDGE('',*,*,#1444,.F.);
#1048=ORIENTED_EDGE('',*,*,#1198,.T.);
#1049=ORIENTED_EDGE('',*,*,#1445,.F.);
#1050=ORIENTED_EDGE('',*,*,#1625,.T.);
#1051=ORIENTED_EDGE('',*,*,#1626,.F.);
#1052=ORIENTED_EDGE('',*,*,#1377,.F.);
#1053=ORIENTED_EDGE('',*,*,#1624,.T.);
#1054=ORIENTED_EDGE('',*,*,#1627,.T.);
#1055=ORIENTED_EDGE('',*,*,#1374,.T.);
#1056=ORIENTED_EDGE('',*,*,#1626,.T.);
#1057=ORIENTED_EDGE('',*,*,#1406,.F.);
#1058=ORIENTED_EDGE('',*,*,#1246,.T.);
#1059=ORIENTED_EDGE('',*,*,#1628,.F.);
#1060=ORIENTED_EDGE('',*,*,#1629,.F.);
#1061=ORIENTED_EDGE('',*,*,#1408,.F.);
#1062=ORIENTED_EDGE('',*,*,#1630,.T.);
#1063=ORIENTED_EDGE('',*,*,#1631,.F.);
#1064=ORIENTED_EDGE('',*,*,#1244,.F.);
#1065=ORIENTED_EDGE('',*,*,#1407,.F.);
#1066=ORIENTED_EDGE('',*,*,#1629,.T.);
#1067=ORIENTED_EDGE('',*,*,#1632,.F.);
#1068=ORIENTED_EDGE('',*,*,#1630,.F.);
#1069=ORIENTED_EDGE('',*,*,#1628,.T.);
#1070=ORIENTED_EDGE('',*,*,#1245,.T.);
#1071=ORIENTED_EDGE('',*,*,#1631,.T.);
#1072=ORIENTED_EDGE('',*,*,#1632,.T.);
#1073=ORIENTED_EDGE('',*,*,#1633,.F.);
#1074=ORIENTED_EDGE('',*,*,#1634,.F.);
#1075=ORIENTED_EDGE('',*,*,#1635,.F.);
#1076=ORIENTED_EDGE('',*,*,#1454,.F.);
#1077=ORIENTED_EDGE('',*,*,#1218,.T.);
#1078=ORIENTED_EDGE('',*,*,#1455,.F.);
#1079=ORIENTED_EDGE('',*,*,#1635,.T.);
#1080=ORIENTED_EDGE('',*,*,#1636,.F.);
#1081=ORIENTED_EDGE('',*,*,#1381,.F.);
#1082=ORIENTED_EDGE('',*,*,#1634,.T.);
#1083=ORIENTED_EDGE('',*,*,#1637,.T.);
#1084=ORIENTED_EDGE('',*,*,#1378,.T.);
#1085=ORIENTED_EDGE('',*,*,#1636,.T.);
#1086=ORIENTED_EDGE('',*,*,#1638,.F.);
#1087=ORIENTED_EDGE('',*,*,#1639,.F.);
#1088=ORIENTED_EDGE('',*,*,#1640,.F.);
#1089=ORIENTED_EDGE('',*,*,#1436,.F.);
#1090=ORIENTED_EDGE('',*,*,#1214,.T.);
#1091=ORIENTED_EDGE('',*,*,#1437,.F.);
#1092=ORIENTED_EDGE('',*,*,#1640,.T.);
#1093=ORIENTED_EDGE('',*,*,#1641,.F.);
#1094=ORIENTED_EDGE('',*,*,#1385,.F.);
#1095=ORIENTED_EDGE('',*,*,#1639,.T.);
#1096=ORIENTED_EDGE('',*,*,#1642,.T.);
#1097=ORIENTED_EDGE('',*,*,#1382,.T.);
#1098=ORIENTED_EDGE('',*,*,#1641,.T.);
#1099=ORIENTED_EDGE('',*,*,#1642,.F.);
#1100=ORIENTED_EDGE('',*,*,#1638,.T.);
#1101=ORIENTED_EDGE('',*,*,#1213,.F.);
#1102=ORIENTED_EDGE('',*,*,#1383,.F.);
#1103=ORIENTED_EDGE('',*,*,#1637,.F.);
#1104=ORIENTED_EDGE('',*,*,#1633,.T.);
#1105=ORIENTED_EDGE('',*,*,#1217,.F.);
#1106=ORIENTED_EDGE('',*,*,#1379,.F.);
#1107=ORIENTED_EDGE('',*,*,#1627,.F.);
#1108=ORIENTED_EDGE('',*,*,#1623,.T.);
#1109=ORIENTED_EDGE('',*,*,#1197,.F.);
#1110=ORIENTED_EDGE('',*,*,#1375,.F.);
#1111=ORIENTED_EDGE('',*,*,#1622,.F.);
#1112=ORIENTED_EDGE('',*,*,#1618,.T.);
#1113=ORIENTED_EDGE('',*,*,#1193,.F.);
#1114=ORIENTED_EDGE('',*,*,#1371,.F.);
#1115=ORIENTED_EDGE('',*,*,#1617,.F.);
#1116=ORIENTED_EDGE('',*,*,#1613,.T.);
#1117=ORIENTED_EDGE('',*,*,#1185,.F.);
#1118=ORIENTED_EDGE('',*,*,#1367,.F.);
#1119=ORIENTED_EDGE('',*,*,#1612,.F.);
#1120=ORIENTED_EDGE('',*,*,#1608,.T.);
#1121=ORIENTED_EDGE('',*,*,#1221,.F.);
#1122=ORIENTED_EDGE('',*,*,#1363,.F.);
#1123=ORIENTED_EDGE('',*,*,#1587,.F.);
#1124=ORIENTED_EDGE('',*,*,#1583,.T.);
#1125=ORIENTED_EDGE('',*,*,#1201,.F.);
#1126=ORIENTED_EDGE('',*,*,#1359,.F.);
#1127=ORIENTED_EDGE('',*,*,#1557,.F.);
#1128=ORIENTED_EDGE('',*,*,#1553,.T.);
#1129=ORIENTED_EDGE('',*,*,#1205,.F.);
#1130=ORIENTED_EDGE('',*,*,#1355,.F.);
#1131=ORIENTED_EDGE('',*,*,#1552,.F.);
#1132=ORIENTED_EDGE('',*,*,#1548,.T.);
#1133=ORIENTED_EDGE('',*,*,#1189,.F.);
#1134=ORIENTED_EDGE('',*,*,#1351,.F.);
#1135=ORIENTED_EDGE('',*,*,#1547,.F.);
#1136=ORIENTED_EDGE('',*,*,#1543,.T.);
#1137=ORIENTED_EDGE('',*,*,#1209,.F.);
#1138=ORIENTED_EDGE('',*,*,#1347,.F.);
#1139=ORIENTED_EDGE('',*,*,#1237,.T.);
#1140=ORIENTED_EDGE('',*,*,#1643,.T.);
#1141=ORIENTED_EDGE('',*,*,#1343,.T.);
#1142=ORIENTED_EDGE('',*,*,#1644,.F.);
#1143=ORIENTED_EDGE('',*,*,#1236,.T.);
#1144=ORIENTED_EDGE('',*,*,#1645,.T.);
#1145=ORIENTED_EDGE('',*,*,#1344,.T.);
#1146=ORIENTED_EDGE('',*,*,#1643,.F.);
#1147=ORIENTED_EDGE('',*,*,#1235,.T.);
#1148=ORIENTED_EDGE('',*,*,#1646,.T.);
#1149=ORIENTED_EDGE('',*,*,#1345,.T.);
#1150=ORIENTED_EDGE('',*,*,#1645,.F.);
#1151=ORIENTED_EDGE('',*,*,#1234,.T.);
#1152=ORIENTED_EDGE('',*,*,#1647,.T.);
#1153=ORIENTED_EDGE('',*,*,#1341,.T.);
#1154=ORIENTED_EDGE('',*,*,#1646,.F.);
#1155=ORIENTED_EDGE('',*,*,#1644,.T.);
#1156=ORIENTED_EDGE('',*,*,#1342,.F.);
#1157=ORIENTED_EDGE('',*,*,#1647,.F.);
#1158=ORIENTED_EDGE('',*,*,#1233,.F.);
#1159=ORIENTED_EDGE('',*,*,#1648,.T.);
#1160=ORIENTED_EDGE('',*,*,#1240,.F.);
#1161=ORIENTED_EDGE('',*,*,#1649,.F.);
#1162=ORIENTED_EDGE('',*,*,#1183,.F.);
#1163=ORIENTED_EDGE('',*,*,#1182,.T.);
#1164=ORIENTED_EDGE('',*,*,#1650,.T.);
#1165=ORIENTED_EDGE('',*,*,#1241,.T.);
#1166=ORIENTED_EDGE('',*,*,#1648,.F.);
#1167=ORIENTED_EDGE('',*,*,#1649,.T.);
#1168=ORIENTED_EDGE('',*,*,#1239,.F.);
#1169=ORIENTED_EDGE('',*,*,#1651,.F.);
#1170=ORIENTED_EDGE('',*,*,#1179,.F.);
#1171=ORIENTED_EDGE('',*,*,#1181,.T.);
#1172=ORIENTED_EDGE('',*,*,#1652,.T.);
#1173=ORIENTED_EDGE('',*,*,#1242,.T.);
#1174=ORIENTED_EDGE('',*,*,#1650,.F.);
#1175=ORIENTED_EDGE('',*,*,#1180,.T.);
#1176=ORIENTED_EDGE('',*,*,#1651,.T.);
#1177=ORIENTED_EDGE('',*,*,#1238,.T.);
#1178=ORIENTED_EDGE('',*,*,#1652,.F.);
#1179=EDGE_CURVE('',#1653,#1654,#1969,.T.);
#1180=EDGE_CURVE('',#1655,#1654,#1970,.T.);
#1181=EDGE_CURVE('',#1656,#1655,#1971,.T.);
#1182=EDGE_CURVE('',#1657,#1656,#88,.F.);
#1183=EDGE_CURVE('',#1657,#1653,#1972,.T.);
#1184=EDGE_CURVE('',#1658,#1659,#1973,.T.);
#1185=EDGE_CURVE('',#1659,#1660,#89,.T.);
#1186=EDGE_CURVE('',#1661,#1660,#1974,.T.);
#1187=EDGE_CURVE('',#1662,#1661,#90,.T.);
#1188=EDGE_CURVE('',#1662,#1663,#1975,.T.);
#1189=EDGE_CURVE('',#1663,#1664,#91,.T.);
#1190=EDGE_CURVE('',#1665,#1664,#1976,.T.);
#1191=EDGE_CURVE('',#1666,#1665,#92,.T.);
#1192=EDGE_CURVE('',#1666,#1667,#1977,.T.);
#1193=EDGE_CURVE('',#1667,#1668,#93,.T.);
#1194=EDGE_CURVE('',#1669,#1668,#1978,.T.);
#1195=EDGE_CURVE('',#1670,#1669,#94,.T.);
#1196=EDGE_CURVE('',#1670,#1671,#1979,.T.);
#1197=EDGE_CURVE('',#1671,#1672,#95,.T.);
#1198=EDGE_CURVE('',#1673,#1672,#1980,.T.);
#1199=EDGE_CURVE('',#1674,#1673,#96,.T.);
#1200=EDGE_CURVE('',#1674,#1675,#1981,.T.);
#1201=EDGE_CURVE('',#1675,#1676,#97,.T.);
#1202=EDGE_CURVE('',#1677,#1676,#1982,.T.);
#1203=EDGE_CURVE('',#1678,#1677,#98,.T.);
#1204=EDGE_CURVE('',#1678,#1679,#1983,.T.);
#1205=EDGE_CURVE('',#1679,#1680,#99,.T.);
#1206=EDGE_CURVE('',#1681,#1680,#1984,.T.);
#1207=EDGE_CURVE('',#1682,#1681,#100,.T.);
#1208=EDGE_CURVE('',#1682,#1683,#1985,.T.);
#1209=EDGE_CURVE('',#1683,#1684,#101,.T.);
#1210=EDGE_CURVE('',#1685,#1684,#1986,.T.);
#1211=EDGE_CURVE('',#1686,#1685,#102,.T.);
#1212=EDGE_CURVE('',#1686,#1687,#1987,.T.);
#1213=EDGE_CURVE('',#1687,#1688,#103,.T.);
#1214=EDGE_CURVE('',#1689,#1688,#1988,.T.);
#1215=EDGE_CURVE('',#1690,#1689,#104,.T.);
#1216=EDGE_CURVE('',#1690,#1691,#1989,.T.);
#1217=EDGE_CURVE('',#1691,#1692,#105,.T.);
#1218=EDGE_CURVE('',#1693,#1692,#1990,.T.);
#1219=EDGE_CURVE('',#1694,#1693,#106,.T.);
#1220=EDGE_CURVE('',#1694,#1695,#1991,.T.);
#1221=EDGE_CURVE('',#1695,#1696,#107,.T.);
#1222=EDGE_CURVE('',#1697,#1696,#1992,.T.);
#1223=EDGE_CURVE('',#1658,#1697,#108,.T.);
#1224=EDGE_CURVE('',#1698,#1699,#1993,.T.);
#1225=EDGE_CURVE('',#1700,#1699,#1994,.T.);
#1226=EDGE_CURVE('',#1701,#1700,#1995,.T.);
#1227=EDGE_CURVE('',#1701,#1702,#1996,.T.);
#1228=EDGE_CURVE('',#1698,#1702,#1997,.T.);
#1229=EDGE_CURVE('',#1703,#1704,#1998,.T.);
#1230=EDGE_CURVE('',#1705,#1703,#1999,.T.);
#1231=EDGE_CURVE('',#1706,#1705,#2000,.T.);
#1232=EDGE_CURVE('',#1704,#1706,#2001,.T.);
#1233=EDGE_CURVE('',#1707,#1708,#109,.T.);
#1234=EDGE_CURVE('',#1709,#1708,#2002,.T.);
#1235=EDGE_CURVE('',#1710,#1709,#2003,.T.);
#1236=EDGE_CURVE('',#1711,#1710,#2004,.T.);
#1237=EDGE_CURVE('',#1707,#1711,#2005,.T.);
#1238=EDGE_CURVE('',#1712,#1713,#2006,.T.);
#1239=EDGE_CURVE('',#1712,#1714,#2007,.T.);
#1240=EDGE_CURVE('',#1714,#1715,#2008,.T.);
#1241=EDGE_CURVE('',#1716,#1715,#110,.T.);
#1242=EDGE_CURVE('',#1713,#1716,#2009,.T.);
#1243=EDGE_CURVE('',#1717,#1718,#111,.T.);
#1244=EDGE_CURVE('',#1718,#1719,#2010,.T.);
#1245=EDGE_CURVE('',#1720,#1719,#112,.T.);
#1246=EDGE_CURVE('',#1721,#1720,#2011,.T.);
#1247=EDGE_CURVE('',#1721,#1722,#113,.T.);
#1248=EDGE_CURVE('',#1722,#1723,#2012,.T.);
#1249=EDGE_CURVE('',#1724,#1723,#114,.T.);
#1250=EDGE_CURVE('',#1725,#1724,#2013,.T.);
#1251=EDGE_CURVE('',#1725,#1726,#115,.T.);
#1252=EDGE_CURVE('',#1726,#1727,#2014,.T.);
#1253=EDGE_CURVE('',#1728,#1727,#116,.F.);
#1254=EDGE_CURVE('',#1729,#1728,#2015,.T.);
#1255=EDGE_CURVE('',#1729,#1730,#117,.T.);
#1256=EDGE_CURVE('',#1730,#1731,#2016,.T.);
#1257=EDGE_CURVE('',#1732,#1731,#118,.F.);
#1258=EDGE_CURVE('',#1733,#1732,#2017,.T.);
#1259=EDGE_CURVE('',#1733,#1734,#119,.T.);
#1260=EDGE_CURVE('',#1734,#1735,#2018,.T.);
#1261=EDGE_CURVE('',#1736,#1735,#120,.F.);
#1262=EDGE_CURVE('',#1737,#1736,#2019,.T.);
#1263=EDGE_CURVE('',#1737,#1738,#121,.T.);
#1264=EDGE_CURVE('',#1738,#1739,#2020,.T.);
#1265=EDGE_CURVE('',#1740,#1739,#122,.T.);
#1266=EDGE_CURVE('',#1741,#1740,#2021,.T.);
#1267=EDGE_CURVE('',#1741,#1742,#123,.T.);
#1268=EDGE_CURVE('',#1742,#1743,#2022,.T.);
#1269=EDGE_CURVE('',#1744,#1743,#124,.T.);
#1270=EDGE_CURVE('',#1745,#1744,#2023,.T.);
#1271=EDGE_CURVE('',#1745,#1746,#125,.T.);
#1272=EDGE_CURVE('',#1746,#1747,#2024,.T.);
#1273=EDGE_CURVE('',#1748,#1747,#126,.T.);
#1274=EDGE_CURVE('',#1749,#1748,#2025,.T.);
#1275=EDGE_CURVE('',#1749,#1750,#127,.T.);
#1276=EDGE_CURVE('',#1750,#1751,#2026,.T.);
#1277=EDGE_CURVE('',#1752,#1751,#128,.T.);
#1278=EDGE_CURVE('',#1753,#1752,#2027,.T.);
#1279=EDGE_CURVE('',#1753,#1754,#129,.T.);
#1280=EDGE_CURVE('',#1754,#1755,#2028,.T.);
#1281=EDGE_CURVE('',#1756,#1755,#130,.T.);
#1282=EDGE_CURVE('',#1717,#1756,#2029,.T.);
#1283=EDGE_CURVE('',#1757,#1758,#2030,.T.);
#1284=EDGE_CURVE('',#1759,#1757,#131,.T.);
#1285=EDGE_CURVE('',#1760,#1759,#2031,.T.);
#1286=EDGE_CURVE('',#1760,#1761,#2032,.T.);
#1287=EDGE_CURVE('',#1761,#1762,#2033,.T.);
#1288=EDGE_CURVE('',#1763,#1762,#2034,.T.);
#1289=EDGE_CURVE('',#1763,#1764,#2035,.T.);
#1290=EDGE_CURVE('',#1764,#1765,#2036,.T.);
#1291=EDGE_CURVE('',#1758,#1765,#2037,.T.);
#1292=EDGE_CURVE('',#1766,#1767,#2038,.T.);
#1293=EDGE_CURVE('',#1768,#1766,#2039,.T.);
#1294=EDGE_CURVE('',#1769,#1768,#2040,.T.);
#1295=EDGE_CURVE('',#1767,#1769,#2041,.T.);
#1296=EDGE_CURVE('',#1770,#1771,#2042,.T.);
#1297=EDGE_CURVE('',#1771,#1772,#2043,.T.);
#1298=EDGE_CURVE('',#1772,#1773,#2044,.T.);
#1299=EDGE_CURVE('',#1773,#1770,#2045,.T.);
#1300=EDGE_CURVE('',#1774,#1775,#132,.F.);
#1301=EDGE_CURVE('',#1775,#1776,#133,.F.);
#1302=EDGE_CURVE('',#1776,#1777,#134,.F.);
#1303=EDGE_CURVE('',#1777,#1778,#135,.F.);
#1304=EDGE_CURVE('',#1778,#1779,#136,.F.);
#1305=EDGE_CURVE('',#1779,#1780,#76,.T.);
#1306=EDGE_CURVE('',#1780,#1781,#77,.T.);
#1307=EDGE_CURVE('',#1781,#1782,#137,.F.);
#1308=EDGE_CURVE('',#1782,#1783,#138,.F.);
#1309=EDGE_CURVE('',#1783,#1784,#139,.F.);
#1310=EDGE_CURVE('',#1784,#1785,#140,.F.);
#1311=EDGE_CURVE('',#1785,#1786,#141,.F.);
#1312=EDGE_CURVE('',#1786,#1787,#142,.F.);
#1313=EDGE_CURVE('',#1787,#1788,#2046,.T.);
#1314=EDGE_CURVE('',#1788,#1789,#143,.T.);
#1315=EDGE_CURVE('',#1789,#1790,#144,.T.);
#1316=EDGE_CURVE('',#1790,#1791,#145,.T.);
#1317=EDGE_CURVE('',#1791,#1792,#146,.T.);
#1318=EDGE_CURVE('',#1792,#1793,#78,.T.);
#1319=EDGE_CURVE('',#1793,#1794,#79,.T.);
#1320=EDGE_CURVE('',#1794,#1795,#80,.T.);
#1321=EDGE_CURVE('',#1795,#1796,#81,.T.);
#1322=EDGE_CURVE('',#1796,#1797,#147,.T.);
#1323=EDGE_CURVE('',#1797,#1798,#148,.T.);
#1324=EDGE_CURVE('',#1798,#1799,#2047,.T.);
#1325=EDGE_CURVE('',#1799,#1774,#149,.F.);
#1326=EDGE_CURVE('',#1800,#1801,#2048,.T.);
#1327=EDGE_CURVE('',#1801,#1802,#2049,.T.);
#1328=EDGE_CURVE('',#1802,#1803,#150,.F.);
#1329=EDGE_CURVE('',#1803,#1804,#2050,.T.);
#1330=EDGE_CURVE('',#1804,#1805,#151,.F.);
#1331=EDGE_CURVE('',#1805,#1806,#2051,.T.);
#1332=EDGE_CURVE('',#1806,#1807,#152,.F.);
#1333=EDGE_CURVE('',#1807,#1808,#2052,.T.);
#1334=EDGE_CURVE('',#1808,#1809,#2053,.T.);
#1335=EDGE_CURVE('',#1809,#1810,#2054,.T.);
#1336=EDGE_CURVE('',#1810,#1811,#153,.F.);
#1337=EDGE_CURVE('',#1811,#1812,#154,.T.);
#1338=EDGE_CURVE('',#1812,#1813,#155,.T.);
#1339=EDGE_CURVE('',#1813,#1814,#2055,.T.);
#1340=EDGE_CURVE('',#1814,#1800,#2056,.T.);
#1341=EDGE_CURVE('',#1815,#1816,#2057,.T.);
#1342=EDGE_CURVE('',#1815,#1817,#156,.T.);
#1343=EDGE_CURVE('',#1818,#1817,#2058,.T.);
#1344=EDGE_CURVE('',#1819,#1818,#2059,.T.);
#1345=EDGE_CURVE('',#1816,#1819,#2060,.T.);
#1346=EDGE_CURVE('',#1820,#1821,#2061,.F.);
#1347=EDGE_CURVE('',#1820,#1683,#2062,.T.);
#1348=EDGE_CURVE('',#1822,#1682,#2063,.T.);
#1349=EDGE_CURVE('',#1822,#1821,#2064,.T.);
#1350=EDGE_CURVE('',#1823,#1824,#2065,.F.);
#1351=EDGE_CURVE('',#1823,#1663,#2066,.T.);
#1352=EDGE_CURVE('',#1825,#1662,#2067,.T.);
#1353=EDGE_CURVE('',#1825,#1824,#2068,.T.);
#1354=EDGE_CURVE('',#1826,#1827,#2069,.F.);
#1355=EDGE_CURVE('',#1826,#1679,#2070,.T.);
#1356=EDGE_CURVE('',#1828,#1678,#2071,.T.);
#1357=EDGE_CURVE('',#1828,#1827,#2072,.T.);
#1358=EDGE_CURVE('',#1829,#1830,#2073,.F.);
#1359=EDGE_CURVE('',#1829,#1675,#2074,.T.);
#1360=EDGE_CURVE('',#1831,#1674,#2075,.T.);
#1361=EDGE_CURVE('',#1831,#1830,#2076,.T.);
#1362=EDGE_CURVE('',#1832,#1833,#2077,.F.);
#1363=EDGE_CURVE('',#1832,#1695,#2078,.T.);
#1364=EDGE_CURVE('',#1834,#1694,#2079,.T.);
#1365=EDGE_CURVE('',#1834,#1833,#2080,.T.);
#1366=EDGE_CURVE('',#1835,#1836,#2081,.F.);
#1367=EDGE_CURVE('',#1835,#1659,#2082,.T.);
#1368=EDGE_CURVE('',#1837,#1658,#2083,.T.);
#1369=EDGE_CURVE('',#1837,#1836,#2084,.T.);
#1370=EDGE_CURVE('',#1838,#1839,#2085,.F.);
#1371=EDGE_CURVE('',#1838,#1667,#2086,.T.);
#1372=EDGE_CURVE('',#1840,#1666,#2087,.T.);
#1373=EDGE_CURVE('',#1840,#1839,#2088,.T.);
#1374=EDGE_CURVE('',#1841,#1842,#2089,.F.);
#1375=EDGE_CURVE('',#1841,#1671,#2090,.T.);
#1376=EDGE_CURVE('',#1843,#1670,#2091,.T.);
#1377=EDGE_CURVE('',#1843,#1842,#2092,.T.);
#1378=EDGE_CURVE('',#1844,#1845,#2093,.F.);
#1379=EDGE_CURVE('',#1844,#1691,#2094,.T.);
#1380=EDGE_CURVE('',#1846,#1690,#2095,.T.);
#1381=EDGE_CURVE('',#1846,#1845,#2096,.T.);
#1382=EDGE_CURVE('',#1847,#1848,#2097,.F.);
#1383=EDGE_CURVE('',#1847,#1687,#2098,.T.);
#1384=EDGE_CURVE('',#1849,#1686,#2099,.T.);
#1385=EDGE_CURVE('',#1849,#1848,#2100,.T.);
#1386=EDGE_CURVE('',#1850,#1759,#2101,.T.);
#1387=EDGE_CURVE('',#1851,#1850,#2102,.T.);
#1388=EDGE_CURVE('',#1701,#1851,#2103,.T.);
#1389=EDGE_CURVE('',#1760,#1700,#2104,.T.);
#1390=EDGE_CURVE('',#1757,#1850,#75,.T.);
#1391=EDGE_CURVE('',#1758,#1852,#2105,.T.);
#1392=EDGE_CURVE('',#1853,#1852,#2106,.T.);
#1393=EDGE_CURVE('',#1853,#1851,#2107,.T.);
#1394=EDGE_CURVE('',#1854,#1770,#2108,.T.);
#1395=EDGE_CURVE('',#1854,#1855,#2109,.T.);
#1396=EDGE_CURVE('',#1855,#1771,#2110,.T.);
#1397=EDGE_CURVE('',#1856,#1773,#2111,.T.);
#1398=EDGE_CURVE('',#1856,#1854,#2112,.T.);
#1399=EDGE_CURVE('',#1855,#1857,#2113,.T.);
#1400=EDGE_CURVE('',#1857,#1772,#2114,.T.);
#1401=EDGE_CURVE('',#1857,#1856,#2115,.T.);
#1402=EDGE_CURVE('',#1853,#1764,#2116,.T.);
#1403=EDGE_CURVE('',#1763,#1702,#2117,.T.);
#1404=EDGE_CURVE('',#1698,#1762,#2118,.T.);
#1405=EDGE_CURVE('',#1761,#1699,#2119,.T.);
#1406=EDGE_CURVE('',#1721,#1858,#2120,.F.);
#1407=EDGE_CURVE('',#1858,#1859,#157,.T.);
#1408=EDGE_CURVE('',#1859,#1718,#2121,.T.);
#1409=EDGE_CURVE('',#1717,#1860,#2122,.F.);
#1410=EDGE_CURVE('',#1860,#1861,#158,.T.);
#1411=EDGE_CURVE('',#1861,#1754,#2123,.T.);
#1412=EDGE_CURVE('',#1753,#1862,#2124,.F.);
#1413=EDGE_CURVE('',#1862,#1863,#159,.T.);
#1414=EDGE_CURVE('',#1863,#1750,#2125,.T.);
#1415=EDGE_CURVE('',#1749,#1864,#2126,.F.);
#1416=EDGE_CURVE('',#1864,#1865,#160,.T.);
#1417=EDGE_CURVE('',#1865,#1746,#2127,.T.);
#1418=EDGE_CURVE('',#1745,#1866,#2128,.F.);
#1419=EDGE_CURVE('',#1866,#1867,#161,.T.);
#1420=EDGE_CURVE('',#1867,#1742,#2129,.T.);
#1421=EDGE_CURVE('',#1741,#1868,#2130,.F.);
#1422=EDGE_CURVE('',#1868,#1869,#162,.T.);
#1423=EDGE_CURVE('',#1869,#1738,#2131,.T.);
#1424=EDGE_CURVE('',#1737,#1870,#2132,.F.);
#1425=EDGE_CURVE('',#1870,#1871,#163,.T.);
#1426=EDGE_CURVE('',#1871,#1734,#2133,.T.);
#1427=EDGE_CURVE('',#1733,#1872,#2134,.F.);
#1428=EDGE_CURVE('',#1872,#1873,#164,.T.);
#1429=EDGE_CURVE('',#1873,#1730,#2135,.T.);
#1430=EDGE_CURVE('',#1729,#1874,#2136,.F.);
#1431=EDGE_CURVE('',#1874,#1875,#165,.T.);
#1432=EDGE_CURVE('',#1875,#1726,#2137,.T.);
#1433=EDGE_CURVE('',#1725,#1876,#2138,.F.);
#1434=EDGE_CURVE('',#1876,#1877,#166,.T.);
#1435=EDGE_CURVE('',#1877,#1722,#2139,.T.);
#1436=EDGE_CURVE('',#1689,#1878,#2140,.F.);
#1437=EDGE_CURVE('',#1878,#1849,#167,.T.);
#1438=EDGE_CURVE('',#1685,#1879,#2141,.F.);
#1439=EDGE_CURVE('',#1879,#1822,#168,.T.);
#1440=EDGE_CURVE('',#1681,#1880,#2142,.F.);
#1441=EDGE_CURVE('',#1880,#1828,#169,.T.);
#1442=EDGE_CURVE('',#1677,#1881,#2143,.F.);
#1443=EDGE_CURVE('',#1881,#1831,#170,.T.);
#1444=EDGE_CURVE('',#1673,#1882,#2144,.F.);
#1445=EDGE_CURVE('',#1882,#1843,#171,.T.);
#1446=EDGE_CURVE('',#1669,#1883,#2145,.F.);
#1447=EDGE_CURVE('',#1883,#1840,#172,.T.);
#1448=EDGE_CURVE('',#1665,#1884,#2146,.F.);
#1449=EDGE_CURVE('',#1884,#1825,#173,.T.);
#1450=EDGE_CURVE('',#1661,#1885,#2147,.F.);
#1451=EDGE_CURVE('',#1885,#1837,#174,.T.);
#1452=EDGE_CURVE('',#1697,#1886,#2148,.F.);
#1453=EDGE_CURVE('',#1886,#1834,#175,.T.);
#1454=EDGE_CURVE('',#1693,#1887,#2149,.F.);
#1455=EDGE_CURVE('',#1887,#1846,#176,.T.);
#1456=EDGE_CURVE('',#1888,#1775,#2150,.T.);
#1457=EDGE_CURVE('',#1888,#1889,#177,.F.);
#1458=EDGE_CURVE('',#1889,#1776,#2151,.T.);
#1459=EDGE_CURVE('',#1890,#1774,#2152,.T.);
#1460=EDGE_CURVE('',#1890,#1888,#178,.F.);
#1461=EDGE_CURVE('',#1891,#1799,#2153,.T.);
#1462=EDGE_CURVE('',#1891,#1890,#179,.F.);
#1463=EDGE_CURVE('',#1892,#1798,#2154,.T.);
#1464=EDGE_CURVE('',#1892,#1891,#2155,.T.);
#1465=EDGE_CURVE('',#1893,#1797,#2156,.T.);
#1466=EDGE_CURVE('',#1893,#1892,#180,.T.);
#1467=EDGE_CURVE('',#1894,#1796,#2157,.T.);
#1468=EDGE_CURVE('',#1894,#1893,#181,.T.);
#1469=EDGE_CURVE('',#1895,#1795,#2158,.T.);
#1470=EDGE_CURVE('',#1895,#1894,#82,.T.);
#1471=EDGE_CURVE('',#1896,#1794,#2159,.T.);
#1472=EDGE_CURVE('',#1896,#1895,#83,.T.);
#1473=EDGE_CURVE('',#1897,#1793,#2160,.T.);
#1474=EDGE_CURVE('',#1897,#1896,#84,.T.);
#1475=EDGE_CURVE('',#1898,#1792,#2161,.T.);
#1476=EDGE_CURVE('',#1898,#1897,#85,.T.);
#1477=EDGE_CURVE('',#1899,#1791,#2162,.T.);
#1478=EDGE_CURVE('',#1899,#1898,#182,.T.);
#1479=EDGE_CURVE('',#1900,#1790,#2163,.T.);
#1480=EDGE_CURVE('',#1900,#1899,#183,.T.);
#1481=EDGE_CURVE('',#1901,#1789,#2164,.T.);
#1482=EDGE_CURVE('',#1901,#1900,#184,.T.);
#1483=EDGE_CURVE('',#1902,#1788,#2165,.T.);
#1484=EDGE_CURVE('',#1902,#1901,#185,.T.);
#1485=EDGE_CURVE('',#1903,#1787,#2166,.T.);
#1486=EDGE_CURVE('',#1903,#1902,#2167,.T.);
#1487=EDGE_CURVE('',#1904,#1786,#2168,.T.);
#1488=EDGE_CURVE('',#1904,#1903,#186,.F.);
#1489=EDGE_CURVE('',#1905,#1785,#2169,.T.);
#1490=EDGE_CURVE('',#1905,#1904,#187,.F.);
#1491=EDGE_CURVE('',#1906,#1784,#2170,.T.);
#1492=EDGE_CURVE('',#1906,#1905,#188,.F.);
#1493=EDGE_CURVE('',#1907,#1783,#2171,.T.);
#1494=EDGE_CURVE('',#1907,#1906,#189,.F.);
#1495=EDGE_CURVE('',#1908,#1782,#2172,.T.);
#1496=EDGE_CURVE('',#1908,#1907,#190,.F.);
#1497=EDGE_CURVE('',#1909,#1781,#2173,.T.);
#1498=EDGE_CURVE('',#1909,#1908,#191,.F.);
#1499=EDGE_CURVE('',#1910,#1780,#2174,.T.);
#1500=EDGE_CURVE('',#1910,#1909,#86,.T.);
#1501=EDGE_CURVE('',#1911,#1779,#2175,.T.);
#1502=EDGE_CURVE('',#1911,#1910,#87,.T.);
#1503=EDGE_CURVE('',#1912,#1778,#2176,.T.);
#1504=EDGE_CURVE('',#1912,#1911,#192,.F.);
#1505=EDGE_CURVE('',#1913,#1777,#2177,.T.);
#1506=EDGE_CURVE('',#1913,#1912,#193,.F.);
#1507=EDGE_CURVE('',#1889,#1913,#194,.F.);
#1508=EDGE_CURVE('',#1914,#1801,#2178,.T.);
#1509=EDGE_CURVE('',#1914,#1915,#2179,.T.);
#1510=EDGE_CURVE('',#1915,#1802,#2180,.T.);
#1511=EDGE_CURVE('',#1916,#1800,#2181,.T.);
#1512=EDGE_CURVE('',#1916,#1914,#2182,.T.);
#1513=EDGE_CURVE('',#1917,#1814,#2183,.T.);
#1514=EDGE_CURVE('',#1917,#1916,#2184,.T.);
#1515=EDGE_CURVE('',#1918,#1813,#2185,.T.);
#1516=EDGE_CURVE('',#1918,#1917,#2186,.T.);
#1517=EDGE_CURVE('',#1919,#1812,#2187,.T.);
#1518=EDGE_CURVE('',#1919,#1918,#195,.T.);
#1519=EDGE_CURVE('',#1920,#1811,#2188,.T.);
#1520=EDGE_CURVE('',#1920,#1919,#196,.T.);
#1521=EDGE_CURVE('',#1921,#1810,#2189,.T.);
#1522=EDGE_CURVE('',#1921,#1920,#197,.F.);
#1523=EDGE_CURVE('',#1922,#1809,#2190,.T.);
#1524=EDGE_CURVE('',#1922,#1921,#2191,.T.);
#1525=EDGE_CURVE('',#1923,#1808,#2192,.T.);
#1526=EDGE_CURVE('',#1923,#1922,#2193,.T.);
#1527=EDGE_CURVE('',#1924,#1807,#2194,.T.);
#1528=EDGE_CURVE('',#1924,#1923,#2195,.T.);
#1529=EDGE_CURVE('',#1925,#1806,#2196,.T.);
#1530=EDGE_CURVE('',#1925,#1924,#198,.F.);
#1531=EDGE_CURVE('',#1926,#1805,#2197,.T.);
#1532=EDGE_CURVE('',#1926,#1925,#2198,.F.);
#1533=EDGE_CURVE('',#1927,#1804,#2199,.T.);
#1534=EDGE_CURVE('',#1927,#1926,#199,.F.);
#1535=EDGE_CURVE('',#1928,#1803,#2200,.T.);
#1536=EDGE_CURVE('',#1928,#1927,#2201,.F.);
#1537=EDGE_CURVE('',#1915,#1928,#200,.F.);
#1538=EDGE_CURVE('',#1765,#1852,#2202,.T.);
#1539=EDGE_CURVE('',#1704,#1768,#2203,.T.);
#1540=EDGE_CURVE('',#1703,#1766,#2204,.T.);
#1541=EDGE_CURVE('',#1706,#1769,#2205,.T.);
#1542=EDGE_CURVE('',#1705,#1767,#2206,.T.);
#1543=EDGE_CURVE('',#1929,#1684,#2207,.T.);
#1544=EDGE_CURVE('',#1930,#1929,#2208,.T.);
#1545=EDGE_CURVE('',#1879,#1930,#2209,.T.);
#1546=EDGE_CURVE('',#1821,#1930,#201,.F.);
#1547=EDGE_CURVE('',#1929,#1820,#202,.F.);
#1548=EDGE_CURVE('',#1931,#1664,#2210,.T.);
#1549=EDGE_CURVE('',#1932,#1931,#2211,.T.);
#1550=EDGE_CURVE('',#1884,#1932,#2212,.T.);
#1551=EDGE_CURVE('',#1824,#1932,#203,.F.);
#1552=EDGE_CURVE('',#1931,#1823,#204,.F.);
#1553=EDGE_CURVE('',#1933,#1680,#2213,.T.);
#1554=EDGE_CURVE('',#1934,#1933,#2214,.T.);
#1555=EDGE_CURVE('',#1880,#1934,#2215,.T.);
#1556=EDGE_CURVE('',#1827,#1934,#205,.F.);
#1557=EDGE_CURVE('',#1933,#1826,#206,.F.);
#1558=EDGE_CURVE('',#1935,#1740,#2216,.T.);
#1559=EDGE_CURVE('',#1868,#1935,#2217,.T.);
#1560=EDGE_CURVE('',#1869,#1936,#2218,.T.);
#1561=EDGE_CURVE('',#1739,#1936,#2219,.F.);
#1562=EDGE_CURVE('',#1936,#1935,#207,.F.);
#1563=EDGE_CURVE('',#1937,#1752,#2220,.T.);
#1564=EDGE_CURVE('',#1862,#1937,#2221,.T.);
#1565=EDGE_CURVE('',#1863,#1938,#2222,.T.);
#1566=EDGE_CURVE('',#1751,#1938,#2223,.F.);
#1567=EDGE_CURVE('',#1938,#1937,#208,.F.);
#1568=EDGE_CURVE('',#1939,#1748,#2224,.T.);
#1569=EDGE_CURVE('',#1864,#1939,#2225,.T.);
#1570=EDGE_CURVE('',#1865,#1940,#2226,.T.);
#1571=EDGE_CURVE('',#1747,#1940,#2227,.F.);
#1572=EDGE_CURVE('',#1940,#1939,#209,.F.);
#1573=EDGE_CURVE('',#1941,#1744,#2228,.T.);
#1574=EDGE_CURVE('',#1866,#1941,#2229,.T.);
#1575=EDGE_CURVE('',#1867,#1942,#2230,.T.);
#1576=EDGE_CURVE('',#1743,#1942,#2231,.F.);
#1577=EDGE_CURVE('',#1942,#1941,#210,.F.);
#1578=EDGE_CURVE('',#1943,#1756,#2232,.T.);
#1579=EDGE_CURVE('',#1860,#1943,#2233,.T.);
#1580=EDGE_CURVE('',#1861,#1944,#2234,.T.);
#1581=EDGE_CURVE('',#1755,#1944,#2235,.F.);
#1582=EDGE_CURVE('',#1944,#1943,#211,.F.);
#1583=EDGE_CURVE('',#1945,#1676,#2236,.T.);
#1584=EDGE_CURVE('',#1946,#1945,#2237,.T.);
#1585=EDGE_CURVE('',#1881,#1946,#2238,.T.);
#1586=EDGE_CURVE('',#1830,#1946,#212,.F.);
#1587=EDGE_CURVE('',#1945,#1829,#213,.F.);
#1588=EDGE_CURVE('',#1947,#1736,#2239,.T.);
#1589=EDGE_CURVE('',#1870,#1947,#2240,.T.);
#1590=EDGE_CURVE('',#1871,#1948,#2241,.T.);
#1591=EDGE_CURVE('',#1735,#1948,#2242,.F.);
#1592=EDGE_CURVE('',#1948,#1947,#214,.F.);
#1593=EDGE_CURVE('',#1949,#1732,#2243,.T.);
#1594=EDGE_CURVE('',#1872,#1949,#2244,.T.);
#1595=EDGE_CURVE('',#1873,#1950,#2245,.T.);
#1596=EDGE_CURVE('',#1731,#1950,#2246,.F.);
#1597=EDGE_CURVE('',#1950,#1949,#215,.F.);
#1598=EDGE_CURVE('',#1951,#1728,#2247,.T.);
#1599=EDGE_CURVE('',#1874,#1951,#2248,.T.);
#1600=EDGE_CURVE('',#1875,#1952,#2249,.T.);
#1601=EDGE_CURVE('',#1727,#1952,#2250,.F.);
#1602=EDGE_CURVE('',#1952,#1951,#216,.F.);
#1603=EDGE_CURVE('',#1877,#1953,#2251,.T.);
#1604=EDGE_CURVE('',#1723,#1953,#2252,.F.);
#1605=EDGE_CURVE('',#1954,#1724,#2253,.T.);
#1606=EDGE_CURVE('',#1876,#1954,#2254,.T.);
#1607=EDGE_CURVE('',#1953,#1954,#217,.F.);
#1608=EDGE_CURVE('',#1955,#1696,#2255,.T.);
#1609=EDGE_CURVE('',#1956,#1955,#2256,.T.);
#1610=EDGE_CURVE('',#1886,#1956,#2257,.T.);
#1611=EDGE_CURVE('',#1833,#1956,#218,.F.);
#1612=EDGE_CURVE('',#1955,#1832,#219,.F.);
#1613=EDGE_CURVE('',#1957,#1660,#2258,.T.);
#1614=EDGE_CURVE('',#1958,#1957,#2259,.T.);
#1615=EDGE_CURVE('',#1885,#1958,#2260,.T.);
#1616=EDGE_CURVE('',#1836,#1958,#220,.F.);
#1617=EDGE_CURVE('',#1957,#1835,#221,.F.);
#1618=EDGE_CURVE('',#1959,#1668,#2261,.T.);
#1619=EDGE_CURVE('',#1960,#1959,#2262,.T.);
#1620=EDGE_CURVE('',#1883,#1960,#2263,.T.);
#1621=EDGE_CURVE('',#1839,#1960,#222,.F.);
#1622=EDGE_CURVE('',#1959,#1838,#223,.F.);
#1623=EDGE_CURVE('',#1961,#1672,#2264,.T.);
#1624=EDGE_CURVE('',#1962,#1961,#2265,.T.);
#1625=EDGE_CURVE('',#1882,#1962,#2266,.T.);
#1626=EDGE_CURVE('',#1842,#1962,#224,.F.);
#1627=EDGE_CURVE('',#1961,#1841,#225,.F.);
#1628=EDGE_CURVE('',#1963,#1720,#2267,.T.);
#1629=EDGE_CURVE('',#1858,#1963,#2268,.T.);
#1630=EDGE_CURVE('',#1859,#1964,#2269,.T.);
#1631=EDGE_CURVE('',#1719,#1964,#2270,.F.);
#1632=EDGE_CURVE('',#1964,#1963,#226,.F.);
#1633=EDGE_CURVE('',#1965,#1692,#2271,.T.);
#1634=EDGE_CURVE('',#1966,#1965,#2272,.T.);
#1635=EDGE_CURVE('',#1887,#1966,#2273,.T.);
#1636=EDGE_CURVE('',#1845,#1966,#227,.F.);
#1637=EDGE_CURVE('',#1965,#1844,#228,.F.);
#1638=EDGE_CURVE('',#1967,#1688,#2274,.T.);
#1639=EDGE_CURVE('',#1968,#1967,#2275,.T.);
#1640=EDGE_CURVE('',#1878,#1968,#2276,.T.);
#1641=EDGE_CURVE('',#1848,#1968,#229,.F.);
#1642=EDGE_CURVE('',#1967,#1847,#230,.F.);
#1643=EDGE_CURVE('',#1711,#1818,#2277,.T.);
#1644=EDGE_CURVE('',#1707,#1817,#2278,.T.);
#1645=EDGE_CURVE('',#1710,#1819,#2279,.T.);
#1646=EDGE_CURVE('',#1709,#1816,#2280,.T.);
#1647=EDGE_CURVE('',#1708,#1815,#2281,.T.);
#1648=EDGE_CURVE('',#1657,#1715,#2282,.T.);
#1649=EDGE_CURVE('',#1653,#1714,#2283,.T.);
#1650=EDGE_CURVE('',#1656,#1716,#2284,.T.);
#1651=EDGE_CURVE('',#1654,#1712,#2285,.T.);
#1652=EDGE_CURVE('',#1655,#1713,#2286,.T.);
#1653=VERTEX_POINT('',#4464);
#1654=VERTEX_POINT('',#4465);
#1655=VERTEX_POINT('',#4467);
#1656=VERTEX_POINT('',#4469);
#1657=VERTEX_POINT('',#4471);
#1658=VERTEX_POINT('',#4474);
#1659=VERTEX_POINT('',#4475);
#1660=VERTEX_POINT('',#4477);
#1661=VERTEX_POINT('',#4479);
#1662=VERTEX_POINT('',#4481);
#1663=VERTEX_POINT('',#4483);
#1664=VERTEX_POINT('',#4485);
#1665=VERTEX_POINT('',#4487);
#1666=VERTEX_POINT('',#4489);
#1667=VERTEX_POINT('',#4491);
#1668=VERTEX_POINT('',#4493);
#1669=VERTEX_POINT('',#4495);
#1670=VERTEX_POINT('',#4497);
#1671=VERTEX_POINT('',#4499);
#1672=VERTEX_POINT('',#4501);
#1673=VERTEX_POINT('',#4503);
#1674=VERTEX_POINT('',#4505);
#1675=VERTEX_POINT('',#4507);
#1676=VERTEX_POINT('',#4509);
#1677=VERTEX_POINT('',#4511);
#1678=VERTEX_POINT('',#4513);
#1679=VERTEX_POINT('',#4515);
#1680=VERTEX_POINT('',#4517);
#1681=VERTEX_POINT('',#4519);
#1682=VERTEX_POINT('',#4521);
#1683=VERTEX_POINT('',#4523);
#1684=VERTEX_POINT('',#4525);
#1685=VERTEX_POINT('',#4527);
#1686=VERTEX_POINT('',#4529);
#1687=VERTEX_POINT('',#4531);
#1688=VERTEX_POINT('',#4533);
#1689=VERTEX_POINT('',#4535);
#1690=VERTEX_POINT('',#4537);
#1691=VERTEX_POINT('',#4539);
#1692=VERTEX_POINT('',#4541);
#1693=VERTEX_POINT('',#4543);
#1694=VERTEX_POINT('',#4545);
#1695=VERTEX_POINT('',#4547);
#1696=VERTEX_POINT('',#4549);
#1697=VERTEX_POINT('',#4551);
#1698=VERTEX_POINT('',#4554);
#1699=VERTEX_POINT('',#4555);
#1700=VERTEX_POINT('',#4557);
#1701=VERTEX_POINT('',#4559);
#1702=VERTEX_POINT('',#4561);
#1703=VERTEX_POINT('',#4564);
#1704=VERTEX_POINT('',#4565);
#1705=VERTEX_POINT('',#4567);
#1706=VERTEX_POINT('',#4569);
#1707=VERTEX_POINT('',#4572);
#1708=VERTEX_POINT('',#4573);
#1709=VERTEX_POINT('',#4575);
#1710=VERTEX_POINT('',#4577);
#1711=VERTEX_POINT('',#4579);
#1712=VERTEX_POINT('',#4583);
#1713=VERTEX_POINT('',#4584);
#1714=VERTEX_POINT('',#4586);
#1715=VERTEX_POINT('',#4588);
#1716=VERTEX_POINT('',#4590);
#1717=VERTEX_POINT('',#4593);
#1718=VERTEX_POINT('',#4594);
#1719=VERTEX_POINT('',#4596);
#1720=VERTEX_POINT('',#4598);
#1721=VERTEX_POINT('',#4600);
#1722=VERTEX_POINT('',#4602);
#1723=VERTEX_POINT('',#4604);
#1724=VERTEX_POINT('',#4606);
#1725=VERTEX_POINT('',#4608);
#1726=VERTEX_POINT('',#4610);
#1727=VERTEX_POINT('',#4612);
#1728=VERTEX_POINT('',#4614);
#1729=VERTEX_POINT('',#4616);
#1730=VERTEX_POINT('',#4618);
#1731=VERTEX_POINT('',#4620);
#1732=VERTEX_POINT('',#4622);
#1733=VERTEX_POINT('',#4624);
#1734=VERTEX_POINT('',#4626);
#1735=VERTEX_POINT('',#4628);
#1736=VERTEX_POINT('',#4630);
#1737=VERTEX_POINT('',#4632);
#1738=VERTEX_POINT('',#4634);
#1739=VERTEX_POINT('',#4636);
#1740=VERTEX_POINT('',#4638);
#1741=VERTEX_POINT('',#4640);
#1742=VERTEX_POINT('',#4642);
#1743=VERTEX_POINT('',#4644);
#1744=VERTEX_POINT('',#4646);
#1745=VERTEX_POINT('',#4648);
#1746=VERTEX_POINT('',#4650);
#1747=VERTEX_POINT('',#4652);
#1748=VERTEX_POINT('',#4654);
#1749=VERTEX_POINT('',#4656);
#1750=VERTEX_POINT('',#4658);
#1751=VERTEX_POINT('',#4660);
#1752=VERTEX_POINT('',#4662);
#1753=VERTEX_POINT('',#4664);
#1754=VERTEX_POINT('',#4666);
#1755=VERTEX_POINT('',#4668);
#1756=VERTEX_POINT('',#4670);
#1757=VERTEX_POINT('',#4673);
#1758=VERTEX_POINT('',#4674);
#1759=VERTEX_POINT('',#4676);
#1760=VERTEX_POINT('',#4678);
#1761=VERTEX_POINT('',#4680);
#1762=VERTEX_POINT('',#4682);
#1763=VERTEX_POINT('',#4684);
#1764=VERTEX_POINT('',#4686);
#1765=VERTEX_POINT('',#4688);
#1766=VERTEX_POINT('',#4691);
#1767=VERTEX_POINT('',#4692);
#1768=VERTEX_POINT('',#4694);
#1769=VERTEX_POINT('',#4696);
#1770=VERTEX_POINT('',#4699);
#1771=VERTEX_POINT('',#4700);
#1772=VERTEX_POINT('',#4702);
#1773=VERTEX_POINT('',#4704);
#1774=VERTEX_POINT('',#4707);
#1775=VERTEX_POINT('',#4708);
#1776=VERTEX_POINT('',#4710);
#1777=VERTEX_POINT('',#4712);
#1778=VERTEX_POINT('',#4714);
#1779=VERTEX_POINT('',#4716);
#1780=VERTEX_POINT('',#4720);
#1781=VERTEX_POINT('',#4724);
#1782=VERTEX_POINT('',#4726);
#1783=VERTEX_POINT('',#4728);
#1784=VERTEX_POINT('',#4730);
#1785=VERTEX_POINT('',#4732);
#1786=VERTEX_POINT('',#4734);
#1787=VERTEX_POINT('',#4736);
#1788=VERTEX_POINT('',#4738);
#1789=VERTEX_POINT('',#4740);
#1790=VERTEX_POINT('',#4742);
#1791=VERTEX_POINT('',#4744);
#1792=VERTEX_POINT('',#4746);
#1793=VERTEX_POINT('',#4750);
#1794=VERTEX_POINT('',#4754);
#1795=VERTEX_POINT('',#4758);
#1796=VERTEX_POINT('',#4762);
#1797=VERTEX_POINT('',#4764);
#1798=VERTEX_POINT('',#4766);
#1799=VERTEX_POINT('',#4768);
#1800=VERTEX_POINT('',#4771);
#1801=VERTEX_POINT('',#4772);
#1802=VERTEX_POINT('',#4774);
#1803=VERTEX_POINT('',#4776);
#1804=VERTEX_POINT('',#4778);
#1805=VERTEX_POINT('',#4780);
#1806=VERTEX_POINT('',#4782);
#1807=VERTEX_POINT('',#4784);
#1808=VERTEX_POINT('',#4786);
#1809=VERTEX_POINT('',#4788);
#1810=VERTEX_POINT('',#4790);
#1811=VERTEX_POINT('',#4792);
#1812=VERTEX_POINT('',#4794);
#1813=VERTEX_POINT('',#4796);
#1814=VERTEX_POINT('',#4798);
#1815=VERTEX_POINT('',#4801);
#1816=VERTEX_POINT('',#4802);
#1817=VERTEX_POINT('',#4804);
#1818=VERTEX_POINT('',#4806);
#1819=VERTEX_POINT('',#4808);
#1820=VERTEX_POINT('',#4812);
#1821=VERTEX_POINT('',#4813);
#1822=VERTEX_POINT('',#4816);
#1823=VERTEX_POINT('',#4820);
#1824=VERTEX_POINT('',#4821);
#1825=VERTEX_POINT('',#4824);
#1826=VERTEX_POINT('',#4828);
#1827=VERTEX_POINT('',#4829);
#1828=VERTEX_POINT('',#4832);
#1829=VERTEX_POINT('',#4836);
#1830=VERTEX_POINT('',#4837);
#1831=VERTEX_POINT('',#4840);
#1832=VERTEX_POINT('',#4844);
#1833=VERTEX_POINT('',#4845);
#1834=VERTEX_POINT('',#4848);
#1835=VERTEX_POINT('',#4852);
#1836=VERTEX_POINT('',#4853);
#1837=VERTEX_POINT('',#4856);
#1838=VERTEX_POINT('',#4860);
#1839=VERTEX_POINT('',#4861);
#1840=VERTEX_POINT('',#4864);
#1841=VERTEX_POINT('',#4868);
#1842=VERTEX_POINT('',#4869);
#1843=VERTEX_POINT('',#4872);
#1844=VERTEX_POINT('',#4876);
#1845=VERTEX_POINT('',#4877);
#1846=VERTEX_POINT('',#4880);
#1847=VERTEX_POINT('',#4884);
#1848=VERTEX_POINT('',#4885);
#1849=VERTEX_POINT('',#4888);
#1850=VERTEX_POINT('',#4892);
#1851=VERTEX_POINT('',#4894);
#1852=VERTEX_POINT('',#4900);
#1853=VERTEX_POINT('',#4902);
#1854=VERTEX_POINT('',#4906);
#1855=VERTEX_POINT('',#4908);
#1856=VERTEX_POINT('',#4912);
#1857=VERTEX_POINT('',#4916);
#1858=VERTEX_POINT('',#4929);
#1859=VERTEX_POINT('',#4931);
#1860=VERTEX_POINT('',#4934);
#1861=VERTEX_POINT('',#4936);
#1862=VERTEX_POINT('',#4939);
#1863=VERTEX_POINT('',#4941);
#1864=VERTEX_POINT('',#4944);
#1865=VERTEX_POINT('',#4946);
#1866=VERTEX_POINT('',#4949);
#1867=VERTEX_POINT('',#4951);
#1868=VERTEX_POINT('',#4954);
#1869=VERTEX_POINT('',#4956);
#1870=VERTEX_POINT('',#4959);
#1871=VERTEX_POINT('',#4961);
#1872=VERTEX_POINT('',#4964);
#1873=VERTEX_POINT('',#4966);
#1874=VERTEX_POINT('',#4969);
#1875=VERTEX_POINT('',#4971);
#1876=VERTEX_POINT('',#4974);
#1877=VERTEX_POINT('',#4976);
#1878=VERTEX_POINT('',#4979);
#1879=VERTEX_POINT('',#4982);
#1880=VERTEX_POINT('',#4985);
#1881=VERTEX_POINT('',#4988);
#1882=VERTEX_POINT('',#4991);
#1883=VERTEX_POINT('',#4994);
#1884=VERTEX_POINT('',#4997);
#1885=VERTEX_POINT('',#5000);
#1886=VERTEX_POINT('',#5003);
#1887=VERTEX_POINT('',#5006);
#1888=VERTEX_POINT('',#5010);
#1889=VERTEX_POINT('',#5012);
#1890=VERTEX_POINT('',#5016);
#1891=VERTEX_POINT('',#5020);
#1892=VERTEX_POINT('',#5024);
#1893=VERTEX_POINT('',#5028);
#1894=VERTEX_POINT('',#5032);
#1895=VERTEX_POINT('',#5043);
#1896=VERTEX_POINT('',#5056);
#1897=VERTEX_POINT('',#5069);
#1898=VERTEX_POINT('',#5082);
#1899=VERTEX_POINT('',#5088);
#1900=VERTEX_POINT('',#5092);
#1901=VERTEX_POINT('',#5096);
#1902=VERTEX_POINT('',#5100);
#1903=VERTEX_POINT('',#5104);
#1904=VERTEX_POINT('',#5108);
#1905=VERTEX_POINT('',#5112);
#1906=VERTEX_POINT('',#5116);
#1907=VERTEX_POINT('',#5120);
#1908=VERTEX_POINT('',#5124);
#1909=VERTEX_POINT('',#5128);
#1910=VERTEX_POINT('',#5139);
#1911=VERTEX_POINT('',#5152);
#1912=VERTEX_POINT('',#5158);
#1913=VERTEX_POINT('',#5162);
#1914=VERTEX_POINT('',#5169);
#1915=VERTEX_POINT('',#5171);
#1916=VERTEX_POINT('',#5175);
#1917=VERTEX_POINT('',#5179);
#1918=VERTEX_POINT('',#5183);
#1919=VERTEX_POINT('',#5187);
#1920=VERTEX_POINT('',#5191);
#1921=VERTEX_POINT('',#5195);
#1922=VERTEX_POINT('',#5199);
#1923=VERTEX_POINT('',#5203);
#1924=VERTEX_POINT('',#5207);
#1925=VERTEX_POINT('',#5211);
#1926=VERTEX_POINT('',#5215);
#1927=VERTEX_POINT('',#5219);
#1928=VERTEX_POINT('',#5223);
#1929=VERTEX_POINT('',#5243);
#1930=VERTEX_POINT('',#5245);
#1931=VERTEX_POINT('',#5253);
#1932=VERTEX_POINT('',#5255);
#1933=VERTEX_POINT('',#5263);
#1934=VERTEX_POINT('',#5265);
#1935=VERTEX_POINT('',#5273);
#1936=VERTEX_POINT('',#5277);
#1937=VERTEX_POINT('',#5284);
#1938=VERTEX_POINT('',#5288);
#1939=VERTEX_POINT('',#5295);
#1940=VERTEX_POINT('',#5299);
#1941=VERTEX_POINT('',#5306);
#1942=VERTEX_POINT('',#5310);
#1943=VERTEX_POINT('',#5318);
#1944=VERTEX_POINT('',#5322);
#1945=VERTEX_POINT('',#5329);
#1946=VERTEX_POINT('',#5331);
#1947=VERTEX_POINT('',#5339);
#1948=VERTEX_POINT('',#5343);
#1949=VERTEX_POINT('',#5350);
#1950=VERTEX_POINT('',#5354);
#1951=VERTEX_POINT('',#5361);
#1952=VERTEX_POINT('',#5365);
#1953=VERTEX_POINT('',#5372);
#1954=VERTEX_POINT('',#5376);
#1955=VERTEX_POINT('',#5383);
#1956=VERTEX_POINT('',#5385);
#1957=VERTEX_POINT('',#5393);
#1958=VERTEX_POINT('',#5395);
#1959=VERTEX_POINT('',#5403);
#1960=VERTEX_POINT('',#5405);
#1961=VERTEX_POINT('',#5413);
#1962=VERTEX_POINT('',#5415);
#1963=VERTEX_POINT('',#5423);
#1964=VERTEX_POINT('',#5427);
#1965=VERTEX_POINT('',#5434);
#1966=VERTEX_POINT('',#5436);
#1967=VERTEX_POINT('',#5444);
#1968=VERTEX_POINT('',#5446);
#1969=LINE('',#4463,#2287);
#1970=LINE('',#4466,#2288);
#1971=LINE('',#4468,#2289);
#1972=LINE('',#4472,#2290);
#1973=LINE('',#4473,#2291);
#1974=LINE('',#4478,#2292);
#1975=LINE('',#4482,#2293);
#1976=LINE('',#4486,#2294);
#1977=LINE('',#4490,#2295);
#1978=LINE('',#4494,#2296);
#1979=LINE('',#4498,#2297);
#1980=LINE('',#4502,#2298);
#1981=LINE('',#4506,#2299);
#1982=LINE('',#4510,#2300);
#1983=LINE('',#4514,#2301);
#1984=LINE('',#4518,#2302);
#1985=LINE('',#4522,#2303);
#1986=LINE('',#4526,#2304);
#1987=LINE('',#4530,#2305);
#1988=LINE('',#4534,#2306);
#1989=LINE('',#4538,#2307);
#1990=LINE('',#4542,#2308);
#1991=LINE('',#4546,#2309);
#1992=LINE('',#4550,#2310);
#1993=LINE('',#4553,#2311);
#1994=LINE('',#4556,#2312);
#1995=LINE('',#4558,#2313);
#1996=LINE('',#4560,#2314);
#1997=LINE('',#4562,#2315);
#1998=LINE('',#4563,#2316);
#1999=LINE('',#4566,#2317);
#2000=LINE('',#4568,#2318);
#2001=LINE('',#4570,#2319);
#2002=LINE('',#4574,#2320);
#2003=LINE('',#4576,#2321);
#2004=LINE('',#4578,#2322);
#2005=LINE('',#4580,#2323);
#2006=LINE('',#4582,#2324);
#2007=LINE('',#4585,#2325);
#2008=LINE('',#4587,#2326);
#2009=LINE('',#4591,#2327);
#2010=LINE('',#4595,#2328);
#2011=LINE('',#4599,#2329);
#2012=LINE('',#4603,#2330);
#2013=LINE('',#4607,#2331);
#2014=LINE('',#4611,#2332);
#2015=LINE('',#4615,#2333);
#2016=LINE('',#4619,#2334);
#2017=LINE('',#4623,#2335);
#2018=LINE('',#4627,#2336);
#2019=LINE('',#4631,#2337);
#2020=LINE('',#4635,#2338);
#2021=LINE('',#4639,#2339);
#2022=LINE('',#4643,#2340);
#2023=LINE('',#4647,#2341);
#2024=LINE('',#4651,#2342);
#2025=LINE('',#4655,#2343);
#2026=LINE('',#4659,#2344);
#2027=LINE('',#4663,#2345);
#2028=LINE('',#4667,#2346);
#2029=LINE('',#4671,#2347);
#2030=LINE('',#4672,#2348);
#2031=LINE('',#4677,#2349);
#2032=LINE('',#4679,#2350);
#2033=LINE('',#4681,#2351);
#2034=LINE('',#4683,#2352);
#2035=LINE('',#4685,#2353);
#2036=LINE('',#4687,#2354);
#2037=LINE('',#4689,#2355);
#2038=LINE('',#4690,#2356);
#2039=LINE('',#4693,#2357);
#2040=LINE('',#4695,#2358);
#2041=LINE('',#4697,#2359);
#2042=LINE('',#4698,#2360);
#2043=LINE('',#4701,#2361);
#2044=LINE('',#4703,#2362);
#2045=LINE('',#4705,#2363);
#2046=LINE('',#4737,#2364);
#2047=LINE('',#4767,#2365);
#2048=LINE('',#4770,#2366);
#2049=LINE('',#4773,#2367);
#2050=LINE('',#4777,#2368);
#2051=LINE('',#4781,#2369);
#2052=LINE('',#4785,#2370);
#2053=LINE('',#4787,#2371);
#2054=LINE('',#4789,#2372);
#2055=LINE('',#4797,#2373);
#2056=LINE('',#4799,#2374);
#2057=LINE('',#4800,#2375);
#2058=LINE('',#4805,#2376);
#2059=LINE('',#4807,#2377);
#2060=LINE('',#4809,#2378);
#2061=LINE('',#4811,#2379);
#2062=LINE('',#4814,#2380);
#2063=LINE('',#4815,#2381);
#2064=LINE('',#4817,#2382);
#2065=LINE('',#4819,#2383);
#2066=LINE('',#4822,#2384);
#2067=LINE('',#4823,#2385);
#2068=LINE('',#4825,#2386);
#2069=LINE('',#4827,#2387);
#2070=LINE('',#4830,#2388);
#2071=LINE('',#4831,#2389);
#2072=LINE('',#4833,#2390);
#2073=LINE('',#4835,#2391);
#2074=LINE('',#4838,#2392);
#2075=LINE('',#4839,#2393);
#2076=LINE('',#4841,#2394);
#2077=LINE('',#4843,#2395);
#2078=LINE('',#4846,#2396);
#2079=LINE('',#4847,#2397);
#2080=LINE('',#4849,#2398);
#2081=LINE('',#4851,#2399);
#2082=LINE('',#4854,#2400);
#2083=LINE('',#4855,#2401);
#2084=LINE('',#4857,#2402);
#2085=LINE('',#4859,#2403);
#2086=LINE('',#4862,#2404);
#2087=LINE('',#4863,#2405);
#2088=LINE('',#4865,#2406);
#2089=LINE('',#4867,#2407);
#2090=LINE('',#4870,#2408);
#2091=LINE('',#4871,#2409);
#2092=LINE('',#4873,#2410);
#2093=LINE('',#4875,#2411);
#2094=LINE('',#4878,#2412);
#2095=LINE('',#4879,#2413);
#2096=LINE('',#4881,#2414);
#2097=LINE('',#4883,#2415);
#2098=LINE('',#4886,#2416);
#2099=LINE('',#4887,#2417);
#2100=LINE('',#4889,#2418);
#2101=LINE('',#4891,#2419);
#2102=LINE('',#4893,#2420);
#2103=LINE('',#4895,#2421);
#2104=LINE('',#4896,#2422);
#2105=LINE('',#4899,#2423);
#2106=LINE('',#4901,#2424);
#2107=LINE('',#4903,#2425);
#2108=LINE('',#4905,#2426);
#2109=LINE('',#4907,#2427);
#2110=LINE('',#4909,#2428);
#2111=LINE('',#4911,#2429);
#2112=LINE('',#4913,#2430);
#2113=LINE('',#4915,#2431);
#2114=LINE('',#4917,#2432);
#2115=LINE('',#4919,#2433);
#2116=LINE('',#4921,#2434);
#2117=LINE('',#4922,#2435);
#2118=LINE('',#4924,#2436);
#2119=LINE('',#4926,#2437);
#2120=LINE('',#4928,#2438);
#2121=LINE('',#4932,#2439);
#2122=LINE('',#4933,#2440);
#2123=LINE('',#4937,#2441);
#2124=LINE('',#4938,#2442);
#2125=LINE('',#4942,#2443);
#2126=LINE('',#4943,#2444);
#2127=LINE('',#4947,#2445);
#2128=LINE('',#4948,#2446);
#2129=LINE('',#4952,#2447);
#2130=LINE('',#4953,#2448);
#2131=LINE('',#4957,#2449);
#2132=LINE('',#4958,#2450);
#2133=LINE('',#4962,#2451);
#2134=LINE('',#4963,#2452);
#2135=LINE('',#4967,#2453);
#2136=LINE('',#4968,#2454);
#2137=LINE('',#4972,#2455);
#2138=LINE('',#4973,#2456);
#2139=LINE('',#4977,#2457);
#2140=LINE('',#4978,#2458);
#2141=LINE('',#4981,#2459);
#2142=LINE('',#4984,#2460);
#2143=LINE('',#4987,#2461);
#2144=LINE('',#4990,#2462);
#2145=LINE('',#4993,#2463);
#2146=LINE('',#4996,#2464);
#2147=LINE('',#4999,#2465);
#2148=LINE('',#5002,#2466);
#2149=LINE('',#5005,#2467);
#2150=LINE('',#5009,#2468);
#2151=LINE('',#5013,#2469);
#2152=LINE('',#5015,#2470);
#2153=LINE('',#5019,#2471);
#2154=LINE('',#5023,#2472);
#2155=LINE('',#5025,#2473);
#2156=LINE('',#5027,#2474);
#2157=LINE('',#5031,#2475);
#2158=LINE('',#5042,#2476);
#2159=LINE('',#5055,#2477);
#2160=LINE('',#5068,#2478);
#2161=LINE('',#5081,#2479);
#2162=LINE('',#5087,#2480);
#2163=LINE('',#5091,#2481);
#2164=LINE('',#5095,#2482);
#2165=LINE('',#5099,#2483);
#2166=LINE('',#5103,#2484);
#2167=LINE('',#5105,#2485);
#2168=LINE('',#5107,#2486);
#2169=LINE('',#5111,#2487);
#2170=LINE('',#5115,#2488);
#2171=LINE('',#5119,#2489);
#2172=LINE('',#5123,#2490);
#2173=LINE('',#5127,#2491);
#2174=LINE('',#5138,#2492);
#2175=LINE('',#5151,#2493);
#2176=LINE('',#5157,#2494);
#2177=LINE('',#5161,#2495);
#2178=LINE('',#5168,#2496);
#2179=LINE('',#5170,#2497);
#2180=LINE('',#5172,#2498);
#2181=LINE('',#5174,#2499);
#2182=LINE('',#5176,#2500);
#2183=LINE('',#5178,#2501);
#2184=LINE('',#5180,#2502);
#2185=LINE('',#5182,#2503);
#2186=LINE('',#5184,#2504);
#2187=LINE('',#5186,#2505);
#2188=LINE('',#5190,#2506);
#2189=LINE('',#5194,#2507);
#2190=LINE('',#5198,#2508);
#2191=LINE('',#5200,#2509);
#2192=LINE('',#5202,#2510);
#2193=LINE('',#5204,#2511);
#2194=LINE('',#5206,#2512);
#2195=LINE('',#5208,#2513);
#2196=LINE('',#5210,#2514);
#2197=LINE('',#5214,#2515);
#2198=LINE('',#5216,#2516);
#2199=LINE('',#5218,#2517);
#2200=LINE('',#5222,#2518);
#2201=LINE('',#5224,#2519);
#2202=LINE('',#5230,#2520);
#2203=LINE('',#5233,#2521);
#2204=LINE('',#5234,#2522);
#2205=LINE('',#5236,#2523);
#2206=LINE('',#5238,#2524);
#2207=LINE('',#5242,#2525);
#2208=LINE('',#5244,#2526);
#2209=LINE('',#5246,#2527);
#2210=LINE('',#5252,#2528);
#2211=LINE('',#5254,#2529);
#2212=LINE('',#5256,#2530);
#2213=LINE('',#5262,#2531);
#2214=LINE('',#5264,#2532);
#2215=LINE('',#5266,#2533);
#2216=LINE('',#5272,#2534);
#2217=LINE('',#5274,#2535);
#2218=LINE('',#5276,#2536);
#2219=LINE('',#5278,#2537);
#2220=LINE('',#5283,#2538);
#2221=LINE('',#5285,#2539);
#2222=LINE('',#5287,#2540);
#2223=LINE('',#5289,#2541);
#2224=LINE('',#5294,#2542);
#2225=LINE('',#5296,#2543);
#2226=LINE('',#5298,#2544);
#2227=LINE('',#5300,#2545);
#2228=LINE('',#5305,#2546);
#2229=LINE('',#5307,#2547);
#2230=LINE('',#5309,#2548);
#2231=LINE('',#5311,#2549);
#2232=LINE('',#5317,#2550);
#2233=LINE('',#5319,#2551);
#2234=LINE('',#5321,#2552);
#2235=LINE('',#5323,#2553);
#2236=LINE('',#5328,#2554);
#2237=LINE('',#5330,#2555);
#2238=LINE('',#5332,#2556);
#2239=LINE('',#5338,#2557);
#2240=LINE('',#5340,#2558);
#2241=LINE('',#5342,#2559);
#2242=LINE('',#5344,#2560);
#2243=LINE('',#5349,#2561);
#2244=LINE('',#5351,#2562);
#2245=LINE('',#5353,#2563);
#2246=LINE('',#5355,#2564);
#2247=LINE('',#5360,#2565);
#2248=LINE('',#5362,#2566);
#2249=LINE('',#5364,#2567);
#2250=LINE('',#5366,#2568);
#2251=LINE('',#5371,#2569);
#2252=LINE('',#5373,#2570);
#2253=LINE('',#5375,#2571);
#2254=LINE('',#5377,#2572);
#2255=LINE('',#5382,#2573);
#2256=LINE('',#5384,#2574);
#2257=LINE('',#5386,#2575);
#2258=LINE('',#5392,#2576);
#2259=LINE('',#5394,#2577);
#2260=LINE('',#5396,#2578);
#2261=LINE('',#5402,#2579);
#2262=LINE('',#5404,#2580);
#2263=LINE('',#5406,#2581);
#2264=LINE('',#5412,#2582);
#2265=LINE('',#5414,#2583);
#2266=LINE('',#5416,#2584);
#2267=LINE('',#5422,#2585);
#2268=LINE('',#5424,#2586);
#2269=LINE('',#5426,#2587);
#2270=LINE('',#5428,#2588);
#2271=LINE('',#5433,#2589);
#2272=LINE('',#5435,#2590);
#2273=LINE('',#5437,#2591);
#2274=LINE('',#5443,#2592);
#2275=LINE('',#5445,#2593);
#2276=LINE('',#5447,#2594);
#2277=LINE('',#5463,#2595);
#2278=LINE('',#5464,#2596);
#2279=LINE('',#5466,#2597);
#2280=LINE('',#5468,#2598);
#2281=LINE('',#5470,#2599);
#2282=LINE('',#5473,#2600);
#2283=LINE('',#5474,#2601);
#2284=LINE('',#5476,#2602);
#2285=LINE('',#5478,#2603);
#2286=LINE('',#5480,#2604);
#2287=VECTOR('',#3541,1.);
#2288=VECTOR('',#3542,1.);
#2289=VECTOR('',#3543,1.);
#2290=VECTOR('',#3546,1.);
#2291=VECTOR('',#3547,1.);
#2292=VECTOR('',#3550,1.);
#2293=VECTOR('',#3553,1.);
#2294=VECTOR('',#3556,1.);
#2295=VECTOR('',#3559,1.);
#2296=VECTOR('',#3562,1.);
#2297=VECTOR('',#3565,1.);
#2298=VECTOR('',#3568,1.);
#2299=VECTOR('',#3571,1.);
#2300=VECTOR('',#3574,1.);
#2301=VECTOR('',#3577,1.);
#2302=VECTOR('',#3580,1.);
#2303=VECTOR('',#3583,1.);
#2304=VECTOR('',#3586,1.);
#2305=VECTOR('',#3589,1.);
#2306=VECTOR('',#3592,1.);
#2307=VECTOR('',#3595,1.);
#2308=VECTOR('',#3598,1.);
#2309=VECTOR('',#3601,1.);
#2310=VECTOR('',#3604,1.);
#2311=VECTOR('',#3607,1.);
#2312=VECTOR('',#3608,1.);
#2313=VECTOR('',#3609,1.);
#2314=VECTOR('',#3610,1.);
#2315=VECTOR('',#3611,1.);
#2316=VECTOR('',#3612,1.);
#2317=VECTOR('',#3613,1.);
#2318=VECTOR('',#3614,1.);
#2319=VECTOR('',#3615,1.);
#2320=VECTOR('',#3618,1.);
#2321=VECTOR('',#3619,1.);
#2322=VECTOR('',#3620,1.);
#2323=VECTOR('',#3621,1.);
#2324=VECTOR('',#3624,1.);
#2325=VECTOR('',#3625,1.);
#2326=VECTOR('',#3626,1.);
#2327=VECTOR('',#3629,1.);
#2328=VECTOR('',#3632,1.);
#2329=VECTOR('',#3635,1.);
#2330=VECTOR('',#3638,1.);
#2331=VECTOR('',#3641,1.);
#2332=VECTOR('',#3644,1.);
#2333=VECTOR('',#3647,1.);
#2334=VECTOR('',#3650,1.);
#2335=VECTOR('',#3653,1.);
#2336=VECTOR('',#3656,1.);
#2337=VECTOR('',#3659,1.);
#2338=VECTOR('',#3662,1.);
#2339=VECTOR('',#3665,1.);
#2340=VECTOR('',#3668,1.);
#2341=VECTOR('',#3671,1.);
#2342=VECTOR('',#3674,1.);
#2343=VECTOR('',#3677,1.);
#2344=VECTOR('',#3680,1.);
#2345=VECTOR('',#3683,1.);
#2346=VECTOR('',#3686,1.);
#2347=VECTOR('',#3689,1.);
#2348=VECTOR('',#3690,1.);
#2349=VECTOR('',#3693,1.);
#2350=VECTOR('',#3694,1.);
#2351=VECTOR('',#3695,1.);
#2352=VECTOR('',#3696,1.);
#2353=VECTOR('',#3697,1.);
#2354=VECTOR('',#3698,1.);
#2355=VECTOR('',#3699,1.);
#2356=VECTOR('',#3700,1.);
#2357=VECTOR('',#3701,1.);
#2358=VECTOR('',#3702,1.);
#2359=VECTOR('',#3703,1.);
#2360=VECTOR('',#3704,1.);
#2361=VECTOR('',#3705,1.);
#2362=VECTOR('',#3706,1.);
#2363=VECTOR('',#3707,1.);
#2364=VECTOR('',#3730,1.);
#2365=VECTOR('',#3743,1.);
#2366=VECTOR('',#3746,1.);
#2367=VECTOR('',#3747,1.);
#2368=VECTOR('',#3750,1.);
#2369=VECTOR('',#3753,1.);
#2370=VECTOR('',#3756,1.);
#2371=VECTOR('',#3757,1.);
#2372=VECTOR('',#3758,1.);
#2373=VECTOR('',#3765,1.);
#2374=VECTOR('',#3766,1.);
#2375=VECTOR('',#3767,1.);
#2376=VECTOR('',#3770,1.);
#2377=VECTOR('',#3771,1.);
#2378=VECTOR('',#3772,1.);
#2379=VECTOR('',#3775,1.);
#2380=VECTOR('',#3776,1.);
#2381=VECTOR('',#3777,1.);
#2382=VECTOR('',#3778,1.);
#2383=VECTOR('',#3781,1.);
#2384=VECTOR('',#3782,1.);
#2385=VECTOR('',#3783,1.);
#2386=VECTOR('',#3784,1.);
#2387=VECTOR('',#3787,1.);
#2388=VECTOR('',#3788,1.);
#2389=VECTOR('',#3789,1.);
#2390=VECTOR('',#3790,1.);
#2391=VECTOR('',#3793,1.);
#2392=VECTOR('',#3794,1.);
#2393=VECTOR('',#3795,1.);
#2394=VECTOR('',#3796,1.);
#2395=VECTOR('',#3799,1.);
#2396=VECTOR('',#3800,1.);
#2397=VECTOR('',#3801,1.);
#2398=VECTOR('',#3802,1.);
#2399=VECTOR('',#3805,1.);
#2400=VECTOR('',#3806,1.);
#2401=VECTOR('',#3807,1.);
#2402=VECTOR('',#3808,1.);
#2403=VECTOR('',#3811,1.);
#2404=VECTOR('',#3812,1.);
#2405=VECTOR('',#3813,1.);
#2406=VECTOR('',#3814,1.);
#2407=VECTOR('',#3817,1.);
#2408=VECTOR('',#3818,1.);
#2409=VECTOR('',#3819,1.);
#2410=VECTOR('',#3820,1.);
#2411=VECTOR('',#3823,1.);
#2412=VECTOR('',#3824,1.);
#2413=VECTOR('',#3825,1.);
#2414=VECTOR('',#3826,1.);
#2415=VECTOR('',#3829,1.);
#2416=VECTOR('',#3830,1.);
#2417=VECTOR('',#3831,1.);
#2418=VECTOR('',#3832,1.);
#2419=VECTOR('',#3835,1.);
#2420=VECTOR('',#3836,1.);
#2421=VECTOR('',#3837,1.);
#2422=VECTOR('',#3838,1.);
#2423=VECTOR('',#3843,1.);
#2424=VECTOR('',#3844,1.);
#2425=VECTOR('',#3845,1.);
#2426=VECTOR('',#3848,1.);
#2427=VECTOR('',#3849,1.);
#2428=VECTOR('',#3850,1.);
#2429=VECTOR('',#3853,1.);
#2430=VECTOR('',#3854,1.);
#2431=VECTOR('',#3857,1.);
#2432=VECTOR('',#3858,1.);
#2433=VECTOR('',#3861,1.);
#2434=VECTOR('',#3864,1.);
#2435=VECTOR('',#3865,1.);
#2436=VECTOR('',#3868,1.);
#2437=VECTOR('',#3871,1.);
#2438=VECTOR('',#3874,1.);
#2439=VECTOR('',#3877,1.);
#2440=VECTOR('',#3878,1.);
#2441=VECTOR('',#3881,1.);
#2442=VECTOR('',#3882,1.);
#2443=VECTOR('',#3885,1.);
#2444=VECTOR('',#3886,1.);
#2445=VECTOR('',#3889,1.);
#2446=VECTOR('',#3890,1.);
#2447=VECTOR('',#3893,1.);
#2448=VECTOR('',#3894,1.);
#2449=VECTOR('',#3897,1.);
#2450=VECTOR('',#3898,1.);
#2451=VECTOR('',#3901,1.);
#2452=VECTOR('',#3902,1.);
#2453=VECTOR('',#3905,1.);
#2454=VECTOR('',#3906,1.);
#2455=VECTOR('',#3909,1.);
#2456=VECTOR('',#3910,1.);
#2457=VECTOR('',#3913,1.);
#2458=VECTOR('',#3914,1.);
#2459=VECTOR('',#3917,1.);
#2460=VECTOR('',#3920,1.);
#2461=VECTOR('',#3923,1.);
#2462=VECTOR('',#3926,1.);
#2463=VECTOR('',#3929,1.);
#2464=VECTOR('',#3932,1.);
#2465=VECTOR('',#3935,1.);
#2466=VECTOR('',#3938,1.);
#2467=VECTOR('',#3941,1.);
#2468=VECTOR('',#3946,1.);
#2469=VECTOR('',#3949,1.);
#2470=VECTOR('',#3952,1.);
#2471=VECTOR('',#3957,1.);
#2472=VECTOR('',#3962,1.);
#2473=VECTOR('',#3963,1.);
#2474=VECTOR('',#3966,1.);
#2475=VECTOR('',#3971,1.);
#2476=VECTOR('',#3974,1.);
#2477=VECTOR('',#3975,1.);
#2478=VECTOR('',#3976,1.);
#2479=VECTOR('',#3977,1.);
#2480=VECTOR('',#3980,1.);
#2481=VECTOR('',#3985,1.);
#2482=VECTOR('',#3990,1.);
#2483=VECTOR('',#3995,1.);
#2484=VECTOR('',#4000,1.);
#2485=VECTOR('',#4001,1.);
#2486=VECTOR('',#4004,1.);
#2487=VECTOR('',#4009,1.);
#2488=VECTOR('',#4014,1.);
#2489=VECTOR('',#4019,1.);
#2490=VECTOR('',#4024,1.);
#2491=VECTOR('',#4029,1.);
#2492=VECTOR('',#4032,1.);
#2493=VECTOR('',#4033,1.);
#2494=VECTOR('',#4036,1.);
#2495=VECTOR('',#4041,1.);
#2496=VECTOR('',#4052,1.);
#2497=VECTOR('',#4053,1.);
#2498=VECTOR('',#4054,1.);
#2499=VECTOR('',#4057,1.);
#2500=VECTOR('',#4058,1.);
#2501=VECTOR('',#4061,1.);
#2502=VECTOR('',#4062,1.);
#2503=VECTOR('',#4065,1.);
#2504=VECTOR('',#4066,1.);
#2505=VECTOR('',#4069,1.);
#2506=VECTOR('',#4074,1.);
#2507=VECTOR('',#4079,1.);
#2508=VECTOR('',#4084,1.);
#2509=VECTOR('',#4085,1.);
#2510=VECTOR('',#4088,1.);
#2511=VECTOR('',#4089,1.);
#2512=VECTOR('',#4092,1.);
#2513=VECTOR('',#4093,1.);
#2514=VECTOR('',#4096,1.);
#2515=VECTOR('',#4101,1.);
#2516=VECTOR('',#4102,1.);
#2517=VECTOR('',#4105,1.);
#2518=VECTOR('',#4110,1.);
#2519=VECTOR('',#4111,1.);
#2520=VECTOR('',#4122,1.);
#2521=VECTOR('',#4127,1.);
#2522=VECTOR('',#4128,1.);
#2523=VECTOR('',#4131,1.);
#2524=VECTOR('',#4134,1.);
#2525=VECTOR('',#4141,1.);
#2526=VECTOR('',#4142,1.);
#2527=VECTOR('',#4143,1.);
#2528=VECTOR('',#4154,1.);
#2529=VECTOR('',#4155,1.);
#2530=VECTOR('',#4156,1.);
#2531=VECTOR('',#4167,1.);
#2532=VECTOR('',#4168,1.);
#2533=VECTOR('',#4169,1.);
#2534=VECTOR('',#4180,1.);
#2535=VECTOR('',#4181,1.);
#2536=VECTOR('',#4184,1.);
#2537=VECTOR('',#4185,1.);
#2538=VECTOR('',#4194,1.);
#2539=VECTOR('',#4195,1.);
#2540=VECTOR('',#4198,1.);
#2541=VECTOR('',#4199,1.);
#2542=VECTOR('',#4208,1.);
#2543=VECTOR('',#4209,1.);
#2544=VECTOR('',#4212,1.);
#2545=VECTOR('',#4213,1.);
#2546=VECTOR('',#4222,1.);
#2547=VECTOR('',#4223,1.);
#2548=VECTOR('',#4226,1.);
#2549=VECTOR('',#4227,1.);
#2550=VECTOR('',#4238,1.);
#2551=VECTOR('',#4239,1.);
#2552=VECTOR('',#4242,1.);
#2553=VECTOR('',#4243,1.);
#2554=VECTOR('',#4252,1.);
#2555=VECTOR('',#4253,1.);
#2556=VECTOR('',#4254,1.);
#2557=VECTOR('',#4265,1.);
#2558=VECTOR('',#4266,1.);
#2559=VECTOR('',#4269,1.);
#2560=VECTOR('',#4270,1.);
#2561=VECTOR('',#4279,1.);
#2562=VECTOR('',#4280,1.);
#2563=VECTOR('',#4283,1.);
#2564=VECTOR('',#4284,1.);
#2565=VECTOR('',#4293,1.);
#2566=VECTOR('',#4294,1.);
#2567=VECTOR('',#4297,1.);
#2568=VECTOR('',#4298,1.);
#2569=VECTOR('',#4307,1.);
#2570=VECTOR('',#4308,1.);
#2571=VECTOR('',#4311,1.);
#2572=VECTOR('',#4312,1.);
#2573=VECTOR('',#4321,1.);
#2574=VECTOR('',#4322,1.);
#2575=VECTOR('',#4323,1.);
#2576=VECTOR('',#4334,1.);
#2577=VECTOR('',#4335,1.);
#2578=VECTOR('',#4336,1.);
#2579=VECTOR('',#4347,1.);
#2580=VECTOR('',#4348,1.);
#2581=VECTOR('',#4349,1.);
#2582=VECTOR('',#4360,1.);
#2583=VECTOR('',#4361,1.);
#2584=VECTOR('',#4362,1.);
#2585=VECTOR('',#4373,1.);
#2586=VECTOR('',#4374,1.);
#2587=VECTOR('',#4377,1.);
#2588=VECTOR('',#4378,1.);
#2589=VECTOR('',#4387,1.);
#2590=VECTOR('',#4388,1.);
#2591=VECTOR('',#4389,1.);
#2592=VECTOR('',#4400,1.);
#2593=VECTOR('',#4401,1.);
#2594=VECTOR('',#4402,1.);
#2595=VECTOR('',#4433,1.);
#2596=VECTOR('',#4434,1.);
#2597=VECTOR('',#4437,1.);
#2598=VECTOR('',#4440,1.);
#2599=VECTOR('',#4443,1.);
#2600=VECTOR('',#4448,1.);
#2601=VECTOR('',#4449,1.);
#2602=VECTOR('',#4452,1.);
#2603=VECTOR('',#4455,1.);
#2604=VECTOR('',#4458,1.);
#2605=EDGE_LOOP('',(#231,#232,#233,#234,#235));
#2606=EDGE_LOOP('',(#236,#237,#238,#239,#240,#241,#242,#243,#244,#245,#246,
#247,#248,#249,#250,#251,#252,#253,#254,#255,#256,#257,#258,#259,#260,#261,
#262,#263,#264,#265,#266,#267,#268,#269,#270,#271,#272,#273,#274,#275));
#2607=EDGE_LOOP('',(#276,#277,#278,#279,#280));
#2608=EDGE_LOOP('',(#281,#282,#283,#284));
#2609=EDGE_LOOP('',(#285,#286,#287,#288,#289));
#2610=EDGE_LOOP('',(#290,#291,#292,#293,#294));
#2611=EDGE_LOOP('',(#295,#296,#297,#298,#299,#300,#301,#302,#303,#304,#305,
#306,#307,#308,#309,#310,#311,#312,#313,#314,#315,#316,#317,#318,#319,#320,
#321,#322,#323,#324,#325,#326,#327,#328,#329,#330,#331,#332,#333,#334));
#2612=EDGE_LOOP('',(#335,#336,#337,#338,#339,#340,#341,#342,#343));
#2613=EDGE_LOOP('',(#344,#345,#346,#347));
#2614=EDGE_LOOP('',(#348,#349,#350,#351));
#2615=EDGE_LOOP('',(#352,#353,#354,#355,#356,#357,#358,#359,#360,#361,#362,
#363,#364,#365,#366,#367,#368,#369,#370,#371,#372,#373,#374,#375,#376,#377));
#2616=EDGE_LOOP('',(#378,#379,#380,#381,#382,#383,#384,#385,#386,#387,#388,
#389,#390,#391,#392));
#2617=EDGE_LOOP('',(#393,#394,#395,#396,#397));
#2618=EDGE_LOOP('',(#398,#399,#400,#401,#402));
#2619=EDGE_LOOP('',(#403,#404,#405,#406,#407));
#2620=EDGE_LOOP('',(#408,#409,#410,#411,#412));
#2621=EDGE_LOOP('',(#413,#414,#415,#416,#417));
#2622=EDGE_LOOP('',(#418,#419,#420,#421,#422));
#2623=EDGE_LOOP('',(#423,#424,#425,#426,#427));
#2624=EDGE_LOOP('',(#428,#429,#430,#431,#432));
#2625=EDGE_LOOP('',(#433,#434,#435,#436,#437));
#2626=EDGE_LOOP('',(#438,#439,#440,#441,#442));
#2627=EDGE_LOOP('',(#443,#444,#445,#446,#447));
#2628=EDGE_LOOP('',(#448,#449,#450,#451,#452,#453));
#2629=EDGE_LOOP('',(#454,#455,#456,#457,#458,#459));
#2630=EDGE_LOOP('',(#460,#461,#462,#463));
#2631=EDGE_LOOP('',(#464,#465,#466,#467));
#2632=EDGE_LOOP('',(#468,#469,#470,#471));
#2633=EDGE_LOOP('',(#472,#473,#474,#475));
#2634=EDGE_LOOP('',(#476,#477,#478,#479,#480,#481));
#2635=EDGE_LOOP('',(#482,#483,#484,#485));
#2636=EDGE_LOOP('',(#486,#487,#488,#489));
#2637=EDGE_LOOP('',(#490,#491,#492,#493,#494,#495,#496,#497,#498,#499,#500,
#501,#502,#503,#504,#505,#506,#507,#508,#509,#510,#511,#512,#513,#514,#515,
#516,#517,#518,#519,#520,#521,#522,#523,#524,#525,#526,#527,#528,#529));
#2638=EDGE_LOOP('',(#530,#531,#532,#533,#534,#535,#536,#537,#538,#539,#540,
#541,#542,#543,#544,#545,#546,#547,#548,#549,#550,#551,#552,#553,#554,#555,
#556,#557,#558,#559,#560,#561,#562,#563,#564,#565,#566,#567,#568,#569));
#2639=EDGE_LOOP('',(#570,#571,#572,#573));
#2640=EDGE_LOOP('',(#574,#575,#576,#577));
#2641=EDGE_LOOP('',(#578,#579,#580,#581));
#2642=EDGE_LOOP('',(#582,#583,#584,#585));
#2643=EDGE_LOOP('',(#586,#587,#588,#589));
#2644=EDGE_LOOP('',(#590,#591,#592,#593));
#2645=EDGE_LOOP('',(#594,#595,#596,#597));
#2646=EDGE_LOOP('',(#598,#599,#600,#601));
#2647=EDGE_LOOP('',(#602,#603,#604,#605));
#2648=EDGE_LOOP('',(#606,#607,#608,#609));
#2649=EDGE_LOOP('',(#610,#611,#612,#613));
#2650=EDGE_LOOP('',(#614,#615,#616,#617));
#2651=EDGE_LOOP('',(#618,#619,#620,#621));
#2652=EDGE_LOOP('',(#622,#623,#624,#625));
#2653=EDGE_LOOP('',(#626,#627,#628,#629));
#2654=EDGE_LOOP('',(#630,#631,#632,#633));
#2655=EDGE_LOOP('',(#634,#635,#636,#637));
#2656=EDGE_LOOP('',(#638,#639,#640,#641));
#2657=EDGE_LOOP('',(#642,#643,#644,#645));
#2658=EDGE_LOOP('',(#646,#647,#648,#649));
#2659=EDGE_LOOP('',(#650,#651,#652,#653));
#2660=EDGE_LOOP('',(#654,#655,#656,#657));
#2661=EDGE_LOOP('',(#658,#659,#660,#661));
#2662=EDGE_LOOP('',(#662,#663,#664,#665));
#2663=EDGE_LOOP('',(#666,#667,#668,#669));
#2664=EDGE_LOOP('',(#670,#671,#672,#673));
#2665=EDGE_LOOP('',(#674,#675,#676,#677,#678,#679,#680,#681,#682,#683,#684,
#685,#686,#687,#688,#689,#690,#691,#692,#693,#694,#695,#696,#697,#698,#699));
#2666=EDGE_LOOP('',(#700,#701,#702,#703));
#2667=EDGE_LOOP('',(#704,#705,#706,#707));
#2668=EDGE_LOOP('',(#708,#709,#710,#711));
#2669=EDGE_LOOP('',(#712,#713,#714,#715));
#2670=EDGE_LOOP('',(#716,#717,#718,#719));
#2671=EDGE_LOOP('',(#720,#721,#722,#723));
#2672=EDGE_LOOP('',(#724,#725,#726,#727));
#2673=EDGE_LOOP('',(#728,#729,#730,#731));
#2674=EDGE_LOOP('',(#732,#733,#734,#735));
#2675=EDGE_LOOP('',(#736,#737,#738,#739));
#2676=EDGE_LOOP('',(#740,#741,#742,#743));
#2677=EDGE_LOOP('',(#744,#745,#746,#747));
#2678=EDGE_LOOP('',(#748,#749,#750,#751));
#2679=EDGE_LOOP('',(#752,#753,#754,#755));
#2680=EDGE_LOOP('',(#756,#757,#758,#759));
#2681=EDGE_LOOP('',(#760,#761,#762,#763,#764,#765,#766,#767,#768,#769,#770,
#771,#772,#773,#774));
#2682=EDGE_LOOP('',(#775,#776,#777,#778));
#2683=EDGE_LOOP('',(#779,#780,#781));
#2684=EDGE_LOOP('',(#782,#783,#784,#785));
#2685=EDGE_LOOP('',(#786,#787,#788,#789));
#2686=EDGE_LOOP('',(#790,#791,#792,#793));
#2687=EDGE_LOOP('',(#794,#795,#796,#797));
#2688=EDGE_LOOP('',(#798,#799,#800,#801));
#2689=EDGE_LOOP('',(#802,#803,#804,#805));
#2690=EDGE_LOOP('',(#806,#807,#808,#809,#810));
#2691=EDGE_LOOP('',(#811,#812,#813,#814));
#2692=EDGE_LOOP('',(#815,#816,#817,#818));
#2693=EDGE_LOOP('',(#819,#820,#821,#822,#823));
#2694=EDGE_LOOP('',(#824,#825,#826,#827));
#2695=EDGE_LOOP('',(#828,#829,#830,#831));
#2696=EDGE_LOOP('',(#832,#833,#834,#835,#836));
#2697=EDGE_LOOP('',(#837,#838,#839,#840));
#2698=EDGE_LOOP('',(#841,#842,#843,#844));
#2699=EDGE_LOOP('',(#845,#846,#847,#848));
#2700=EDGE_LOOP('',(#849,#850,#851,#852));
#2701=EDGE_LOOP('',(#853,#854,#855,#856));
#2702=EDGE_LOOP('',(#857,#858,#859,#860));
#2703=EDGE_LOOP('',(#861,#862,#863,#864));
#2704=EDGE_LOOP('',(#865,#866,#867,#868));
#2705=EDGE_LOOP('',(#869,#870,#871,#872));
#2706=EDGE_LOOP('',(#873,#874,#875,#876));
#2707=EDGE_LOOP('',(#877,#878,#879,#880));
#2708=EDGE_LOOP('',(#881,#882,#883,#884));
#2709=EDGE_LOOP('',(#885,#886,#887,#888));
#2710=EDGE_LOOP('',(#889,#890,#891,#892));
#2711=EDGE_LOOP('',(#893,#894,#895,#896));
#2712=EDGE_LOOP('',(#897,#898,#899,#900));
#2713=EDGE_LOOP('',(#901,#902,#903,#904));
#2714=EDGE_LOOP('',(#905,#906,#907,#908));
#2715=EDGE_LOOP('',(#909,#910,#911));
#2716=EDGE_LOOP('',(#912,#913,#914,#915));
#2717=EDGE_LOOP('',(#916,#917,#918,#919));
#2718=EDGE_LOOP('',(#920,#921,#922,#923));
#2719=EDGE_LOOP('',(#924,#925,#926,#927));
#2720=EDGE_LOOP('',(#928,#929,#930,#931,#932));
#2721=EDGE_LOOP('',(#933,#934,#935,#936));
#2722=EDGE_LOOP('',(#937,#938,#939,#940));
#2723=EDGE_LOOP('',(#941,#942,#943,#944));
#2724=EDGE_LOOP('',(#945,#946,#947,#948));
#2725=EDGE_LOOP('',(#949,#950,#951,#952));
#2726=EDGE_LOOP('',(#953,#954,#955,#956));
#2727=EDGE_LOOP('',(#957,#958,#959,#960));
#2728=EDGE_LOOP('',(#961,#962,#963,#964));
#2729=EDGE_LOOP('',(#965,#966,#967,#968));
#2730=EDGE_LOOP('',(#969,#970,#971,#972));
#2731=EDGE_LOOP('',(#973,#974,#975,#976));
#2732=EDGE_LOOP('',(#977,#978,#979,#980));
#2733=EDGE_LOOP('',(#981,#982,#983,#984));
#2734=EDGE_LOOP('',(#985,#986,#987,#988));
#2735=EDGE_LOOP('',(#989,#990,#991,#992));
#2736=EDGE_LOOP('',(#993,#994,#995,#996));
#2737=EDGE_LOOP('',(#997,#998,#999,#1000));
#2738=EDGE_LOOP('',(#1001,#1002,#1003,#1004));
#2739=EDGE_LOOP('',(#1005,#1006,#1007,#1008,#1009));
#2740=EDGE_LOOP('',(#1010,#1011,#1012,#1013));
#2741=EDGE_LOOP('',(#1014,#1015,#1016,#1017));
#2742=EDGE_LOOP('',(#1018,#1019,#1020,#1021,#1022));
#2743=EDGE_LOOP('',(#1023,#1024,#1025,#1026));
#2744=EDGE_LOOP('',(#1027,#1028,#1029,#1030));
#2745=EDGE_LOOP('',(#1031,#1032,#1033,#1034,#1035));
#2746=EDGE_LOOP('',(#1036,#1037,#1038,#1039));
#2747=EDGE_LOOP('',(#1040,#1041,#1042,#1043));
#2748=EDGE_LOOP('',(#1044,#1045,#1046,#1047,#1048));
#2749=EDGE_LOOP('',(#1049,#1050,#1051,#1052));
#2750=EDGE_LOOP('',(#1053,#1054,#1055,#1056));
#2751=EDGE_LOOP('',(#1057,#1058,#1059,#1060));
#2752=EDGE_LOOP('',(#1061,#1062,#1063,#1064));
#2753=EDGE_LOOP('',(#1065,#1066,#1067,#1068));
#2754=EDGE_LOOP('',(#1069,#1070,#1071,#1072));
#2755=EDGE_LOOP('',(#1073,#1074,#1075,#1076,#1077));
#2756=EDGE_LOOP('',(#1078,#1079,#1080,#1081));
#2757=EDGE_LOOP('',(#1082,#1083,#1084,#1085));
#2758=EDGE_LOOP('',(#1086,#1087,#1088,#1089,#1090));
#2759=EDGE_LOOP('',(#1091,#1092,#1093,#1094));
#2760=EDGE_LOOP('',(#1095,#1096,#1097,#1098));
#2761=EDGE_LOOP('',(#1099,#1100,#1101,#1102));
#2762=EDGE_LOOP('',(#1103,#1104,#1105,#1106));
#2763=EDGE_LOOP('',(#1107,#1108,#1109,#1110));
#2764=EDGE_LOOP('',(#1111,#1112,#1113,#1114));
#2765=EDGE_LOOP('',(#1115,#1116,#1117,#1118));
#2766=EDGE_LOOP('',(#1119,#1120,#1121,#1122));
#2767=EDGE_LOOP('',(#1123,#1124,#1125,#1126));
#2768=EDGE_LOOP('',(#1127,#1128,#1129,#1130));
#2769=EDGE_LOOP('',(#1131,#1132,#1133,#1134));
#2770=EDGE_LOOP('',(#1135,#1136,#1137,#1138));
#2771=EDGE_LOOP('',(#1139,#1140,#1141,#1142));
#2772=EDGE_LOOP('',(#1143,#1144,#1145,#1146));
#2773=EDGE_LOOP('',(#1147,#1148,#1149,#1150));
#2774=EDGE_LOOP('',(#1151,#1152,#1153,#1154));
#2775=EDGE_LOOP('',(#1155,#1156,#1157,#1158));
#2776=EDGE_LOOP('',(#1159,#1160,#1161,#1162));
#2777=EDGE_LOOP('',(#1163,#1164,#1165,#1166));
#2778=EDGE_LOOP('',(#1167,#1168,#1169,#1170));
#2779=EDGE_LOOP('',(#1171,#1172,#1173,#1174));
#2780=EDGE_LOOP('',(#1175,#1176,#1177,#1178));
#2781=FACE_BOUND('',#2605,.T.);
#2782=FACE_BOUND('',#2606,.T.);
#2783=FACE_BOUND('',#2607,.T.);
#2784=FACE_BOUND('',#2608,.T.);
#2785=FACE_BOUND('',#2609,.T.);
#2786=FACE_BOUND('',#2610,.T.);
#2787=FACE_BOUND('',#2611,.T.);
#2788=FACE_BOUND('',#2612,.T.);
#2789=FACE_BOUND('',#2613,.T.);
#2790=FACE_BOUND('',#2614,.T.);
#2791=FACE_BOUND('',#2615,.T.);
#2792=FACE_BOUND('',#2616,.T.);
#2793=FACE_BOUND('',#2617,.T.);
#2794=FACE_BOUND('',#2618,.T.);
#2795=FACE_BOUND('',#2619,.T.);
#2796=FACE_BOUND('',#2620,.T.);
#2797=FACE_BOUND('',#2621,.T.);
#2798=FACE_BOUND('',#2622,.T.);
#2799=FACE_BOUND('',#2623,.T.);
#2800=FACE_BOUND('',#2624,.T.);
#2801=FACE_BOUND('',#2625,.T.);
#2802=FACE_BOUND('',#2626,.T.);
#2803=FACE_BOUND('',#2627,.T.);
#2804=FACE_BOUND('',#2628,.T.);
#2805=FACE_BOUND('',#2629,.T.);
#2806=FACE_BOUND('',#2630,.T.);
#2807=FACE_BOUND('',#2631,.T.);
#2808=FACE_BOUND('',#2632,.T.);
#2809=FACE_BOUND('',#2633,.T.);
#2810=FACE_BOUND('',#2634,.T.);
#2811=FACE_BOUND('',#2635,.T.);
#2812=FACE_BOUND('',#2636,.T.);
#2813=FACE_BOUND('',#2637,.T.);
#2814=FACE_BOUND('',#2638,.T.);
#2815=FACE_BOUND('',#2639,.T.);
#2816=FACE_BOUND('',#2640,.T.);
#2817=FACE_BOUND('',#2641,.T.);
#2818=FACE_BOUND('',#2642,.T.);
#2819=FACE_BOUND('',#2643,.T.);
#2820=FACE_BOUND('',#2644,.T.);
#2821=FACE_BOUND('',#2645,.T.);
#2822=FACE_BOUND('',#2646,.T.);
#2823=FACE_BOUND('',#2647,.T.);
#2824=FACE_BOUND('',#2648,.T.);
#2825=FACE_BOUND('',#2649,.T.);
#2826=FACE_BOUND('',#2650,.T.);
#2827=FACE_BOUND('',#2651,.T.);
#2828=FACE_BOUND('',#2652,.T.);
#2829=FACE_BOUND('',#2653,.T.);
#2830=FACE_BOUND('',#2654,.T.);
#2831=FACE_BOUND('',#2655,.T.);
#2832=FACE_BOUND('',#2656,.T.);
#2833=FACE_BOUND('',#2657,.T.);
#2834=FACE_BOUND('',#2658,.T.);
#2835=FACE_BOUND('',#2659,.T.);
#2836=FACE_BOUND('',#2660,.T.);
#2837=FACE_BOUND('',#2661,.T.);
#2838=FACE_BOUND('',#2662,.T.);
#2839=FACE_BOUND('',#2663,.T.);
#2840=FACE_BOUND('',#2664,.T.);
#2841=FACE_BOUND('',#2665,.T.);
#2842=FACE_BOUND('',#2666,.T.);
#2843=FACE_BOUND('',#2667,.T.);
#2844=FACE_BOUND('',#2668,.T.);
#2845=FACE_BOUND('',#2669,.T.);
#2846=FACE_BOUND('',#2670,.T.);
#2847=FACE_BOUND('',#2671,.T.);
#2848=FACE_BOUND('',#2672,.T.);
#2849=FACE_BOUND('',#2673,.T.);
#2850=FACE_BOUND('',#2674,.T.);
#2851=FACE_BOUND('',#2675,.T.);
#2852=FACE_BOUND('',#2676,.T.);
#2853=FACE_BOUND('',#2677,.T.);
#2854=FACE_BOUND('',#2678,.T.);
#2855=FACE_BOUND('',#2679,.T.);
#2856=FACE_BOUND('',#2680,.T.);
#2857=FACE_BOUND('',#2681,.T.);
#2858=FACE_BOUND('',#2682,.T.);
#2859=FACE_BOUND('',#2683,.T.);
#2860=FACE_BOUND('',#2684,.T.);
#2861=FACE_BOUND('',#2685,.T.);
#2862=FACE_BOUND('',#2686,.T.);
#2863=FACE_BOUND('',#2687,.T.);
#2864=FACE_BOUND('',#2688,.T.);
#2865=FACE_BOUND('',#2689,.T.);
#2866=FACE_BOUND('',#2690,.T.);
#2867=FACE_BOUND('',#2691,.T.);
#2868=FACE_BOUND('',#2692,.T.);
#2869=FACE_BOUND('',#2693,.T.);
#2870=FACE_BOUND('',#2694,.T.);
#2871=FACE_BOUND('',#2695,.T.);
#2872=FACE_BOUND('',#2696,.T.);
#2873=FACE_BOUND('',#2697,.T.);
#2874=FACE_BOUND('',#2698,.T.);
#2875=FACE_BOUND('',#2699,.T.);
#2876=FACE_BOUND('',#2700,.T.);
#2877=FACE_BOUND('',#2701,.T.);
#2878=FACE_BOUND('',#2702,.T.);
#2879=FACE_BOUND('',#2703,.T.);
#2880=FACE_BOUND('',#2704,.T.);
#2881=FACE_BOUND('',#2705,.T.);
#2882=FACE_BOUND('',#2706,.T.);
#2883=FACE_BOUND('',#2707,.T.);
#2884=FACE_BOUND('',#2708,.T.);
#2885=FACE_BOUND('',#2709,.T.);
#2886=FACE_BOUND('',#2710,.T.);
#2887=FACE_BOUND('',#2711,.T.);
#2888=FACE_BOUND('',#2712,.T.);
#2889=FACE_BOUND('',#2713,.T.);
#2890=FACE_BOUND('',#2714,.T.);
#2891=FACE_BOUND('',#2715,.T.);
#2892=FACE_BOUND('',#2716,.T.);
#2893=FACE_BOUND('',#2717,.T.);
#2894=FACE_BOUND('',#2718,.T.);
#2895=FACE_BOUND('',#2719,.T.);
#2896=FACE_BOUND('',#2720,.T.);
#2897=FACE_BOUND('',#2721,.T.);
#2898=FACE_BOUND('',#2722,.T.);
#2899=FACE_BOUND('',#2723,.T.);
#2900=FACE_BOUND('',#2724,.T.);
#2901=FACE_BOUND('',#2725,.T.);
#2902=FACE_BOUND('',#2726,.T.);
#2903=FACE_BOUND('',#2727,.T.);
#2904=FACE_BOUND('',#2728,.T.);
#2905=FACE_BOUND('',#2729,.T.);
#2906=FACE_BOUND('',#2730,.T.);
#2907=FACE_BOUND('',#2731,.T.);
#2908=FACE_BOUND('',#2732,.T.);
#2909=FACE_BOUND('',#2733,.T.);
#2910=FACE_BOUND('',#2734,.T.);
#2911=FACE_BOUND('',#2735,.T.);
#2912=FACE_BOUND('',#2736,.T.);
#2913=FACE_BOUND('',#2737,.T.);
#2914=FACE_BOUND('',#2738,.T.);
#2915=FACE_BOUND('',#2739,.T.);
#2916=FACE_BOUND('',#2740,.T.);
#2917=FACE_BOUND('',#2741,.T.);
#2918=FACE_BOUND('',#2742,.T.);
#2919=FACE_BOUND('',#2743,.T.);
#2920=FACE_BOUND('',#2744,.T.);
#2921=FACE_BOUND('',#2745,.T.);
#2922=FACE_BOUND('',#2746,.T.);
#2923=FACE_BOUND('',#2747,.T.);
#2924=FACE_BOUND('',#2748,.T.);
#2925=FACE_BOUND('',#2749,.T.);
#2926=FACE_BOUND('',#2750,.T.);
#2927=FACE_BOUND('',#2751,.T.);
#2928=FACE_BOUND('',#2752,.T.);
#2929=FACE_BOUND('',#2753,.T.);
#2930=FACE_BOUND('',#2754,.T.);
#2931=FACE_BOUND('',#2755,.T.);
#2932=FACE_BOUND('',#2756,.T.);
#2933=FACE_BOUND('',#2757,.T.);
#2934=FACE_BOUND('',#2758,.T.);
#2935=FACE_BOUND('',#2759,.T.);
#2936=FACE_BOUND('',#2760,.T.);
#2937=FACE_BOUND('',#2761,.T.);
#2938=FACE_BOUND('',#2762,.T.);
#2939=FACE_BOUND('',#2763,.T.);
#2940=FACE_BOUND('',#2764,.T.);
#2941=FACE_BOUND('',#2765,.T.);
#2942=FACE_BOUND('',#2766,.T.);
#2943=FACE_BOUND('',#2767,.T.);
#2944=FACE_BOUND('',#2768,.T.);
#2945=FACE_BOUND('',#2769,.T.);
#2946=FACE_BOUND('',#2770,.T.);
#2947=FACE_BOUND('',#2771,.T.);
#2948=FACE_BOUND('',#2772,.T.);
#2949=FACE_BOUND('',#2773,.T.);
#2950=FACE_BOUND('',#2774,.T.);
#2951=FACE_BOUND('',#2775,.T.);
#2952=FACE_BOUND('',#2776,.T.);
#2953=FACE_BOUND('',#2777,.T.);
#2954=FACE_BOUND('',#2778,.T.);
#2955=FACE_BOUND('',#2779,.T.);
#2956=FACE_BOUND('',#2780,.T.);
#2957=PLANE('',#3235);
#2958=PLANE('',#3258);
#2959=PLANE('',#3306);
#2960=PLANE('',#3307);
#2961=PLANE('',#3308);
#2962=PLANE('',#3309);
#2963=PLANE('',#3310);
#2964=PLANE('',#3311);
#2965=PLANE('',#3312);
#2966=PLANE('',#3313);
#2967=PLANE('',#3314);
#2968=PLANE('',#3315);
#2969=PLANE('',#3316);
#2970=PLANE('',#3317);
#2971=PLANE('',#3319);
#2972=PLANE('',#3320);
#2973=PLANE('',#3321);
#2974=PLANE('',#3322);
#2975=PLANE('',#3323);
#2976=PLANE('',#3324);
#2977=PLANE('',#3325);
#2978=PLANE('',#3353);
#2979=PLANE('',#3366);
#2980=PLANE('',#3385);
#2981=PLANE('',#3386);
#2982=PLANE('',#3387);
#2983=PLANE('',#3388);
#2984=PLANE('',#3389);
#2985=PLANE('',#3390);
#2986=PLANE('',#3396);
#2987=PLANE('',#3397);
#2988=PLANE('',#3398);
#2989=PLANE('',#3401);
#2990=PLANE('',#3404);
#2991=PLANE('',#3407);
#2992=PLANE('',#3408);
#2993=PLANE('',#3409);
#2994=PLANE('',#3410);
#2995=PLANE('',#3411);
#2996=PLANE('',#3412);
#2997=PLANE('',#3413);
#2998=PLANE('',#3414);
#2999=PLANE('',#3415);
#3000=PLANE('',#3416);
#3001=PLANE('',#3417);
#3002=PLANE('',#3421);
#3003=PLANE('',#3422);
#3004=PLANE('',#3426);
#3005=PLANE('',#3427);
#3006=PLANE('',#3431);
#3007=PLANE('',#3432);
#3008=PLANE('',#3433);
#3009=PLANE('',#3436);
#3010=PLANE('',#3437);
#3011=PLANE('',#3438);
#3012=PLANE('',#3441);
#3013=PLANE('',#3442);
#3014=PLANE('',#3443);
#3015=PLANE('',#3446);
#3016=PLANE('',#3447);
#3017=PLANE('',#3448);
#3018=PLANE('',#3452);
#3019=PLANE('',#3453);
#3020=PLANE('',#3454);
#3021=PLANE('',#3457);
#3022=PLANE('',#3458);
#3023=PLANE('',#3462);
#3024=PLANE('',#3463);
#3025=PLANE('',#3464);
#3026=PLANE('',#3467);
#3027=PLANE('',#3468);
#3028=PLANE('',#3469);
#3029=PLANE('',#3472);
#3030=PLANE('',#3473);
#3031=PLANE('',#3474);
#3032=PLANE('',#3477);
#3033=PLANE('',#3478);
#3034=PLANE('',#3479);
#3035=PLANE('',#3482);
#3036=PLANE('',#3483);
#3037=PLANE('',#3487);
#3038=PLANE('',#3488);
#3039=PLANE('',#3492);
#3040=PLANE('',#3493);
#3041=PLANE('',#3497);
#3042=PLANE('',#3498);
#3043=PLANE('',#3502);
#3044=PLANE('',#3503);
#3045=PLANE('',#3504);
#3046=PLANE('',#3507);
#3047=PLANE('',#3508);
#3048=PLANE('',#3512);
#3049=PLANE('',#3513);
#3050=PLANE('',#3527);
#3051=PLANE('',#3528);
#3052=PLANE('',#3529);
#3053=PLANE('',#3530);
#3054=PLANE('',#3532);
#3055=PLANE('',#3534);
#3056=PLANE('',#3535);
#3057=PLANE('',#3536);
#3058=ADVANCED_FACE('',(#2781,#2782,#2783,#2784,#2785),#2957,.F.);
#3059=ADVANCED_FACE('',(#2786,#2787,#2788,#2789,#2790,#2791,#2792,#2793),
#2958,.T.);
#3060=ADVANCED_FACE('',(#2794),#2959,.T.);
#3061=ADVANCED_FACE('',(#2795),#2960,.T.);
#3062=ADVANCED_FACE('',(#2796),#2961,.T.);
#3063=ADVANCED_FACE('',(#2797),#2962,.T.);
#3064=ADVANCED_FACE('',(#2798),#2963,.T.);
#3065=ADVANCED_FACE('',(#2799),#2964,.T.);
#3066=ADVANCED_FACE('',(#2800),#2965,.T.);
#3067=ADVANCED_FACE('',(#2801),#2966,.T.);
#3068=ADVANCED_FACE('',(#2802),#2967,.T.);
#3069=ADVANCED_FACE('',(#2803),#2968,.T.);
#3070=ADVANCED_FACE('',(#2804),#2969,.F.);
#3071=ADVANCED_FACE('',(#2805),#2970,.F.);
#3072=ADVANCED_FACE('',(#2806),#2971,.T.);
#3073=ADVANCED_FACE('',(#2807),#2972,.T.);
#3074=ADVANCED_FACE('',(#2808),#2973,.T.);
#3075=ADVANCED_FACE('',(#2809),#2974,.T.);
#3076=ADVANCED_FACE('',(#2810),#2975,.T.);
#3077=ADVANCED_FACE('',(#2811),#2976,.F.);
#3078=ADVANCED_FACE('',(#2812),#2977,.T.);
#3079=ADVANCED_FACE('',(#2813,#2814),#54,.T.);
#3080=ADVANCED_FACE('',(#2815),#18,.F.);
#3081=ADVANCED_FACE('',(#2816),#19,.F.);
#3082=ADVANCED_FACE('',(#2817),#20,.F.);
#3083=ADVANCED_FACE('',(#2818),#2978,.T.);
#3084=ADVANCED_FACE('',(#2819),#21,.T.);
#3085=ADVANCED_FACE('',(#2820),#22,.T.);
#3086=ADVANCED_FACE('',(#2821),#12,.T.);
#3087=ADVANCED_FACE('',(#2822),#13,.T.);
#3088=ADVANCED_FACE('',(#2823),#14,.T.);
#3089=ADVANCED_FACE('',(#2824),#15,.T.);
#3090=ADVANCED_FACE('',(#2825),#23,.T.);
#3091=ADVANCED_FACE('',(#2826),#24,.T.);
#3092=ADVANCED_FACE('',(#2827),#25,.T.);
#3093=ADVANCED_FACE('',(#2828),#26,.T.);
#3094=ADVANCED_FACE('',(#2829),#2979,.T.);
#3095=ADVANCED_FACE('',(#2830),#27,.F.);
#3096=ADVANCED_FACE('',(#2831),#28,.F.);
#3097=ADVANCED_FACE('',(#2832),#29,.F.);
#3098=ADVANCED_FACE('',(#2833),#30,.F.);
#3099=ADVANCED_FACE('',(#2834),#31,.F.);
#3100=ADVANCED_FACE('',(#2835),#32,.F.);
#3101=ADVANCED_FACE('',(#2836),#16,.T.);
#3102=ADVANCED_FACE('',(#2837),#17,.T.);
#3103=ADVANCED_FACE('',(#2838),#33,.F.);
#3104=ADVANCED_FACE('',(#2839),#34,.F.);
#3105=ADVANCED_FACE('',(#2840),#35,.F.);
#3106=ADVANCED_FACE('',(#2841),#2980,.T.);
#3107=ADVANCED_FACE('',(#2842),#2981,.T.);
#3108=ADVANCED_FACE('',(#2843),#2982,.T.);
#3109=ADVANCED_FACE('',(#2844),#2983,.T.);
#3110=ADVANCED_FACE('',(#2845),#2984,.T.);
#3111=ADVANCED_FACE('',(#2846),#2985,.T.);
#3112=ADVANCED_FACE('',(#2847),#36,.T.);
#3113=ADVANCED_FACE('',(#2848),#37,.F.);
#3114=ADVANCED_FACE('',(#2849),#2986,.T.);
#3115=ADVANCED_FACE('',(#2850),#2987,.T.);
#3116=ADVANCED_FACE('',(#2851),#2988,.T.);
#3117=ADVANCED_FACE('',(#2852),#38,.F.);
#3118=ADVANCED_FACE('',(#2853),#2989,.T.);
#3119=ADVANCED_FACE('',(#2854),#39,.F.);
#3120=ADVANCED_FACE('',(#2855),#2990,.T.);
#3121=ADVANCED_FACE('',(#2856),#40,.F.);
#3122=ADVANCED_FACE('',(#2857),#2991,.T.);
#3123=ADVANCED_FACE('',(#2858),#2992,.F.);
#3124=ADVANCED_FACE('',(#2859),#2993,.T.);
#3125=ADVANCED_FACE('',(#2860),#2994,.T.);
#3126=ADVANCED_FACE('',(#2861),#2995,.F.);
#3127=ADVANCED_FACE('',(#2862),#2996,.F.);
#3128=ADVANCED_FACE('',(#2863),#2997,.F.);
#3129=ADVANCED_FACE('',(#2864),#2998,.F.);
#3130=ADVANCED_FACE('',(#2865),#2999,.T.);
#3131=ADVANCED_FACE('',(#2866),#3000,.F.);
#3132=ADVANCED_FACE('',(#2867),#3001,.T.);
#3133=ADVANCED_FACE('',(#2868),#55,.T.);
#3134=ADVANCED_FACE('',(#2869),#3002,.F.);
#3135=ADVANCED_FACE('',(#2870),#3003,.T.);
#3136=ADVANCED_FACE('',(#2871),#56,.T.);
#3137=ADVANCED_FACE('',(#2872),#3004,.F.);
#3138=ADVANCED_FACE('',(#2873),#3005,.T.);
#3139=ADVANCED_FACE('',(#2874),#57,.T.);
#3140=ADVANCED_FACE('',(#2875),#3006,.F.);
#3141=ADVANCED_FACE('',(#2876),#3007,.T.);
#3142=ADVANCED_FACE('',(#2877),#3008,.T.);
#3143=ADVANCED_FACE('',(#2878),#58,.T.);
#3144=ADVANCED_FACE('',(#2879),#3009,.F.);
#3145=ADVANCED_FACE('',(#2880),#3010,.T.);
#3146=ADVANCED_FACE('',(#2881),#3011,.T.);
#3147=ADVANCED_FACE('',(#2882),#59,.T.);
#3148=ADVANCED_FACE('',(#2883),#3012,.F.);
#3149=ADVANCED_FACE('',(#2884),#3013,.T.);
#3150=ADVANCED_FACE('',(#2885),#3014,.T.);
#3151=ADVANCED_FACE('',(#2886),#60,.T.);
#3152=ADVANCED_FACE('',(#2887),#3015,.F.);
#3153=ADVANCED_FACE('',(#2888),#3016,.T.);
#3154=ADVANCED_FACE('',(#2889),#3017,.T.);
#3155=ADVANCED_FACE('',(#2890),#61,.T.);
#3156=ADVANCED_FACE('',(#2891),#41,.F.);
#3157=ADVANCED_FACE('',(#2892),#3018,.F.);
#3158=ADVANCED_FACE('',(#2893),#3019,.T.);
#3159=ADVANCED_FACE('',(#2894),#3020,.T.);
#3160=ADVANCED_FACE('',(#2895),#62,.T.);
#3161=ADVANCED_FACE('',(#2896),#3021,.F.);
#3162=ADVANCED_FACE('',(#2897),#3022,.T.);
#3163=ADVANCED_FACE('',(#2898),#63,.T.);
#3164=ADVANCED_FACE('',(#2899),#3023,.F.);
#3165=ADVANCED_FACE('',(#2900),#3024,.T.);
#3166=ADVANCED_FACE('',(#2901),#3025,.T.);
#3167=ADVANCED_FACE('',(#2902),#64,.T.);
#3168=ADVANCED_FACE('',(#2903),#3026,.F.);
#3169=ADVANCED_FACE('',(#2904),#3027,.T.);
#3170=ADVANCED_FACE('',(#2905),#3028,.T.);
#3171=ADVANCED_FACE('',(#2906),#65,.T.);
#3172=ADVANCED_FACE('',(#2907),#3029,.F.);
#3173=ADVANCED_FACE('',(#2908),#3030,.T.);
#3174=ADVANCED_FACE('',(#2909),#3031,.T.);
#3175=ADVANCED_FACE('',(#2910),#66,.T.);
#3176=ADVANCED_FACE('',(#2911),#3032,.T.);
#3177=ADVANCED_FACE('',(#2912),#3033,.F.);
#3178=ADVANCED_FACE('',(#2913),#3034,.T.);
#3179=ADVANCED_FACE('',(#2914),#67,.T.);
#3180=ADVANCED_FACE('',(#2915),#3035,.F.);
#3181=ADVANCED_FACE('',(#2916),#3036,.T.);
#3182=ADVANCED_FACE('',(#2917),#68,.T.);
#3183=ADVANCED_FACE('',(#2918),#3037,.F.);
#3184=ADVANCED_FACE('',(#2919),#3038,.T.);
#3185=ADVANCED_FACE('',(#2920),#69,.T.);
#3186=ADVANCED_FACE('',(#2921),#3039,.F.);
#3187=ADVANCED_FACE('',(#2922),#3040,.T.);
#3188=ADVANCED_FACE('',(#2923),#70,.T.);
#3189=ADVANCED_FACE('',(#2924),#3041,.F.);
#3190=ADVANCED_FACE('',(#2925),#3042,.T.);
#3191=ADVANCED_FACE('',(#2926),#71,.T.);
#3192=ADVANCED_FACE('',(#2927),#3043,.F.);
#3193=ADVANCED_FACE('',(#2928),#3044,.T.);
#3194=ADVANCED_FACE('',(#2929),#3045,.T.);
#3195=ADVANCED_FACE('',(#2930),#72,.T.);
#3196=ADVANCED_FACE('',(#2931),#3046,.F.);
#3197=ADVANCED_FACE('',(#2932),#3047,.T.);
#3198=ADVANCED_FACE('',(#2933),#73,.T.);
#3199=ADVANCED_FACE('',(#2934),#3048,.F.);
#3200=ADVANCED_FACE('',(#2935),#3049,.T.);
#3201=ADVANCED_FACE('',(#2936),#74,.T.);
#3202=ADVANCED_FACE('',(#2937),#42,.T.);
#3203=ADVANCED_FACE('',(#2938),#43,.T.);
#3204=ADVANCED_FACE('',(#2939),#44,.T.);
#3205=ADVANCED_FACE('',(#2940),#45,.T.);
#3206=ADVANCED_FACE('',(#2941),#46,.T.);
#3207=ADVANCED_FACE('',(#2942),#47,.T.);
#3208=ADVANCED_FACE('',(#2943),#48,.T.);
#3209=ADVANCED_FACE('',(#2944),#49,.T.);
#3210=ADVANCED_FACE('',(#2945),#50,.T.);
#3211=ADVANCED_FACE('',(#2946),#51,.T.);
#3212=ADVANCED_FACE('',(#2947),#3050,.F.);
#3213=ADVANCED_FACE('',(#2948),#3051,.F.);
#3214=ADVANCED_FACE('',(#2949),#3052,.F.);
#3215=ADVANCED_FACE('',(#2950),#3053,.F.);
#3216=ADVANCED_FACE('',(#2951),#52,.F.);
#3217=ADVANCED_FACE('',(#2952),#3054,.T.);
#3218=ADVANCED_FACE('',(#2953),#53,.F.);
#3219=ADVANCED_FACE('',(#2954),#3055,.T.);
#3220=ADVANCED_FACE('',(#2955),#3056,.F.);
#3221=ADVANCED_FACE('',(#2956),#3057,.F.);
#3222=CLOSED_SHELL('',(#3058,#3059,#3060,#3061,#3062,#3063,#3064,#3065,
#3066,#3067,#3068,#3069,#3070,#3071,#3072,#3073,#3074,#3075,#3076,#3077,
#3078,#3079,#3080,#3081,#3082,#3083,#3084,#3085,#3086,#3087,#3088,#3089,
#3090,#3091,#3092,#3093,#3094,#3095,#3096,#3097,#3098,#3099,#3100,#3101,
#3102,#3103,#3104,#3105,#3106,#3107,#3108,#3109,#3110,#3111,#3112,#3113,
#3114,#3115,#3116,#3117,#3118,#3119,#3120,#3121,#3122,#3123,#3124,#3125,
#3126,#3127,#3128,#3129,#3130,#3131,#3132,#3133,#3134,#3135,#3136,#3137,
#3138,#3139,#3140,#3141,#3142,#3143,#3144,#3145,#3146,#3147,#3148,#3149,
#3150,#3151,#3152,#3153,#3154,#3155,#3156,#3157,#3158,#3159,#3160,#3161,
#3162,#3163,#3164,#3165,#3166,#3167,#3168,#3169,#3170,#3171,#3172,#3173,
#3174,#3175,#3176,#3177,#3178,#3179,#3180,#3181,#3182,#3183,#3184,#3185,
#3186,#3187,#3188,#3189,#3190,#3191,#3192,#3193,#3194,#3195,#3196,#3197,
#3198,#3199,#3200,#3201,#3202,#3203,#3204,#3205,#3206,#3207,#3208,#3209,
#3210,#3211,#3212,#3213,#3214,#3215,#3216,#3217,#3218,#3219,#3220,#3221));
#3223=STYLED_ITEM('',(#3224),#3231);
#3224=PRESENTATION_STYLE_ASSIGNMENT((#3225));
#3225=SURFACE_STYLE_USAGE(.BOTH.,#3226);
#3226=SURFACE_SIDE_STYLE('',(#3227));
#3227=SURFACE_STYLE_FILL_AREA(#3228);
#3228=FILL_AREA_STYLE('',(#3229));
#3229=FILL_AREA_STYLE_COLOUR('',#3230);
#3230=COLOUR_RGB('',0.647058823529412,0.647058823529412,0.647058823529412);
#3231=MANIFOLD_SOLID_BREP('stage_5',#3222);
#3232=SHAPE_DEFINITION_REPRESENTATION(#5488,#3233);
#3233=SHAPE_REPRESENTATION('stage_5',(#3234),#5483);
#3234=AXIS2_PLACEMENT_3D('',#4461,#3537,#3538);
#3235=AXIS2_PLACEMENT_3D('',#4462,#3539,#3540);
#3236=AXIS2_PLACEMENT_3D('',#4470,#3544,#3545);
#3237=AXIS2_PLACEMENT_3D('',#4476,#3548,#3549);
#3238=AXIS2_PLACEMENT_3D('',#4480,#3551,#3552);
#3239=AXIS2_PLACEMENT_3D('',#4484,#3554,#3555);
#3240=AXIS2_PLACEMENT_3D('',#4488,#3557,#3558);
#3241=AXIS2_PLACEMENT_3D('',#4492,#3560,#3561);
#3242=AXIS2_PLACEMENT_3D('',#4496,#3563,#3564);
#3243=AXIS2_PLACEMENT_3D('',#4500,#3566,#3567);
#3244=AXIS2_PLACEMENT_3D('',#4504,#3569,#3570);
#3245=AXIS2_PLACEMENT_3D('',#4508,#3572,#3573);
#3246=AXIS2_PLACEMENT_3D('',#4512,#3575,#3576);
#3247=AXIS2_PLACEMENT_3D('',#4516,#3578,#3579);
#3248=AXIS2_PLACEMENT_3D('',#4520,#3581,#3582);
#3249=AXIS2_PLACEMENT_3D('',#4524,#3584,#3585);
#3250=AXIS2_PLACEMENT_3D('',#4528,#3587,#3588);
#3251=AXIS2_PLACEMENT_3D('',#4532,#3590,#3591);
#3252=AXIS2_PLACEMENT_3D('',#4536,#3593,#3594);
#3253=AXIS2_PLACEMENT_3D('',#4540,#3596,#3597);
#3254=AXIS2_PLACEMENT_3D('',#4544,#3599,#3600);
#3255=AXIS2_PLACEMENT_3D('',#4548,#3602,#3603);
#3256=AXIS2_PLACEMENT_3D('',#4552,#3605,#3606);
#3257=AXIS2_PLACEMENT_3D('',#4571,#3616,#3617);
#3258=AXIS2_PLACEMENT_3D('',#4581,#3622,#3623);
#3259=AXIS2_PLACEMENT_3D('',#4589,#3627,#3628);
#3260=AXIS2_PLACEMENT_3D('',#4592,#3630,#3631);
#3261=AXIS2_PLACEMENT_3D('',#4597,#3633,#3634);
#3262=AXIS2_PLACEMENT_3D('',#4601,#3636,#3637);
#3263=AXIS2_PLACEMENT_3D('',#4605,#3639,#3640);
#3264=AXIS2_PLACEMENT_3D('',#4609,#3642,#3643);
#3265=AXIS2_PLACEMENT_3D('',#4613,#3645,#3646);
#3266=AXIS2_PLACEMENT_3D('',#4617,#3648,#3649);
#3267=AXIS2_PLACEMENT_3D('',#4621,#3651,#3652);
#3268=AXIS2_PLACEMENT_3D('',#4625,#3654,#3655);
#3269=AXIS2_PLACEMENT_3D('',#4629,#3657,#3658);
#3270=AXIS2_PLACEMENT_3D('',#4633,#3660,#3661);
#3271=AXIS2_PLACEMENT_3D('',#4637,#3663,#3664);
#3272=AXIS2_PLACEMENT_3D('',#4641,#3666,#3667);
#3273=AXIS2_PLACEMENT_3D('',#4645,#3669,#3670);
#3274=AXIS2_PLACEMENT_3D('',#4649,#3672,#3673);
#3275=AXIS2_PLACEMENT_3D('',#4653,#3675,#3676);
#3276=AXIS2_PLACEMENT_3D('',#4657,#3678,#3679);
#3277=AXIS2_PLACEMENT_3D('',#4661,#3681,#3682);
#3278=AXIS2_PLACEMENT_3D('',#4665,#3684,#3685);
#3279=AXIS2_PLACEMENT_3D('',#4669,#3687,#3688);
#3280=AXIS2_PLACEMENT_3D('',#4675,#3691,#3692);
#3281=AXIS2_PLACEMENT_3D('',#4706,#3708,#3709);
#3282=AXIS2_PLACEMENT_3D('',#4709,#3710,#3711);
#3283=AXIS2_PLACEMENT_3D('',#4711,#3712,#3713);
#3284=AXIS2_PLACEMENT_3D('',#4713,#3714,#3715);
#3285=AXIS2_PLACEMENT_3D('',#4715,#3716,#3717);
#3286=AXIS2_PLACEMENT_3D('',#4725,#3718,#3719);
#3287=AXIS2_PLACEMENT_3D('',#4727,#3720,#3721);
#3288=AXIS2_PLACEMENT_3D('',#4729,#3722,#3723);
#3289=AXIS2_PLACEMENT_3D('',#4731,#3724,#3725);
#3290=AXIS2_PLACEMENT_3D('',#4733,#3726,#3727);
#3291=AXIS2_PLACEMENT_3D('',#4735,#3728,#3729);
#3292=AXIS2_PLACEMENT_3D('',#4739,#3731,#3732);
#3293=AXIS2_PLACEMENT_3D('',#4741,#3733,#3734);
#3294=AXIS2_PLACEMENT_3D('',#4743,#3735,#3736);
#3295=AXIS2_PLACEMENT_3D('',#4745,#3737,#3738);
#3296=AXIS2_PLACEMENT_3D('',#4763,#3739,#3740);
#3297=AXIS2_PLACEMENT_3D('',#4765,#3741,#3742);
#3298=AXIS2_PLACEMENT_3D('',#4769,#3744,#3745);
#3299=AXIS2_PLACEMENT_3D('',#4775,#3748,#3749);
#3300=AXIS2_PLACEMENT_3D('',#4779,#3751,#3752);
#3301=AXIS2_PLACEMENT_3D('',#4783,#3754,#3755);
#3302=AXIS2_PLACEMENT_3D('',#4791,#3759,#3760);
#3303=AXIS2_PLACEMENT_3D('',#4793,#3761,#3762);
#3304=AXIS2_PLACEMENT_3D('',#4795,#3763,#3764);
#3305=AXIS2_PLACEMENT_3D('',#4803,#3768,#3769);
#3306=AXIS2_PLACEMENT_3D('',#4810,#3773,#3774);
#3307=AXIS2_PLACEMENT_3D('',#4818,#3779,#3780);
#3308=AXIS2_PLACEMENT_3D('',#4826,#3785,#3786);
#3309=AXIS2_PLACEMENT_3D('',#4834,#3791,#3792);
#3310=AXIS2_PLACEMENT_3D('',#4842,#3797,#3798);
#3311=AXIS2_PLACEMENT_3D('',#4850,#3803,#3804);
#3312=AXIS2_PLACEMENT_3D('',#4858,#3809,#3810);
#3313=AXIS2_PLACEMENT_3D('',#4866,#3815,#3816);
#3314=AXIS2_PLACEMENT_3D('',#4874,#3821,#3822);
#3315=AXIS2_PLACEMENT_3D('',#4882,#3827,#3828);
#3316=AXIS2_PLACEMENT_3D('',#4890,#3833,#3834);
#3317=AXIS2_PLACEMENT_3D('',#4897,#3839,#3840);
#3318=AXIS2_PLACEMENT_3D('',#4898,#3841,#3842);
#3319=AXIS2_PLACEMENT_3D('',#4904,#3846,#3847);
#3320=AXIS2_PLACEMENT_3D('',#4910,#3851,#3852);
#3321=AXIS2_PLACEMENT_3D('',#4914,#3855,#3856);
#3322=AXIS2_PLACEMENT_3D('',#4918,#3859,#3860);
#3323=AXIS2_PLACEMENT_3D('',#4920,#3862,#3863);
#3324=AXIS2_PLACEMENT_3D('',#4923,#3866,#3867);
#3325=AXIS2_PLACEMENT_3D('',#4925,#3869,#3870);
#3326=AXIS2_PLACEMENT_3D('',#4927,#3872,#3873);
#3327=AXIS2_PLACEMENT_3D('',#4930,#3875,#3876);
#3328=AXIS2_PLACEMENT_3D('',#4935,#3879,#3880);
#3329=AXIS2_PLACEMENT_3D('',#4940,#3883,#3884);
#3330=AXIS2_PLACEMENT_3D('',#4945,#3887,#3888);
#3331=AXIS2_PLACEMENT_3D('',#4950,#3891,#3892);
#3332=AXIS2_PLACEMENT_3D('',#4955,#3895,#3896);
#3333=AXIS2_PLACEMENT_3D('',#4960,#3899,#3900);
#3334=AXIS2_PLACEMENT_3D('',#4965,#3903,#3904);
#3335=AXIS2_PLACEMENT_3D('',#4970,#3907,#3908);
#3336=AXIS2_PLACEMENT_3D('',#4975,#3911,#3912);
#3337=AXIS2_PLACEMENT_3D('',#4980,#3915,#3916);
#3338=AXIS2_PLACEMENT_3D('',#4983,#3918,#3919);
#3339=AXIS2_PLACEMENT_3D('',#4986,#3921,#3922);
#3340=AXIS2_PLACEMENT_3D('',#4989,#3924,#3925);
#3341=AXIS2_PLACEMENT_3D('',#4992,#3927,#3928);
#3342=AXIS2_PLACEMENT_3D('',#4995,#3930,#3931);
#3343=AXIS2_PLACEMENT_3D('',#4998,#3933,#3934);
#3344=AXIS2_PLACEMENT_3D('',#5001,#3936,#3937);
#3345=AXIS2_PLACEMENT_3D('',#5004,#3939,#3940);
#3346=AXIS2_PLACEMENT_3D('',#5007,#3942,#3943);
#3347=AXIS2_PLACEMENT_3D('',#5008,#3944,#3945);
#3348=AXIS2_PLACEMENT_3D('',#5011,#3947,#3948);
#3349=AXIS2_PLACEMENT_3D('',#5014,#3950,#3951);
#3350=AXIS2_PLACEMENT_3D('',#5017,#3953,#3954);
#3351=AXIS2_PLACEMENT_3D('',#5018,#3955,#3956);
#3352=AXIS2_PLACEMENT_3D('',#5021,#3958,#3959);
#3353=AXIS2_PLACEMENT_3D('',#5022,#3960,#3961);
#3354=AXIS2_PLACEMENT_3D('',#5026,#3964,#3965);
#3355=AXIS2_PLACEMENT_3D('',#5029,#3967,#3968);
#3356=AXIS2_PLACEMENT_3D('',#5030,#3969,#3970);
#3357=AXIS2_PLACEMENT_3D('',#5033,#3972,#3973);
#3358=AXIS2_PLACEMENT_3D('',#5086,#3978,#3979);
#3359=AXIS2_PLACEMENT_3D('',#5089,#3981,#3982);
#3360=AXIS2_PLACEMENT_3D('',#5090,#3983,#3984);
#3361=AXIS2_PLACEMENT_3D('',#5093,#3986,#3987);
#3362=AXIS2_PLACEMENT_3D('',#5094,#3988,#3989);
#3363=AXIS2_PLACEMENT_3D('',#5097,#3991,#3992);
#3364=AXIS2_PLACEMENT_3D('',#5098,#3993,#3994);
#3365=AXIS2_PLACEMENT_3D('',#5101,#3996,#3997);
#3366=AXIS2_PLACEMENT_3D('',#5102,#3998,#3999);
#3367=AXIS2_PLACEMENT_3D('',#5106,#4002,#4003);
#3368=AXIS2_PLACEMENT_3D('',#5109,#4005,#4006);
#3369=AXIS2_PLACEMENT_3D('',#5110,#4007,#4008);
#3370=AXIS2_PLACEMENT_3D('',#5113,#4010,#4011);
#3371=AXIS2_PLACEMENT_3D('',#5114,#4012,#4013);
#3372=AXIS2_PLACEMENT_3D('',#5117,#4015,#4016);
#3373=AXIS2_PLACEMENT_3D('',#5118,#4017,#4018);
#3374=AXIS2_PLACEMENT_3D('',#5121,#4020,#4021);
#3375=AXIS2_PLACEMENT_3D('',#5122,#4022,#4023);
#3376=AXIS2_PLACEMENT_3D('',#5125,#4025,#4026);
#3377=AXIS2_PLACEMENT_3D('',#5126,#4027,#4028);
#3378=AXIS2_PLACEMENT_3D('',#5129,#4030,#4031);
#3379=AXIS2_PLACEMENT_3D('',#5156,#4034,#4035);
#3380=AXIS2_PLACEMENT_3D('',#5159,#4037,#4038);
#3381=AXIS2_PLACEMENT_3D('',#5160,#4039,#4040);
#3382=AXIS2_PLACEMENT_3D('',#5163,#4042,#4043);
#3383=AXIS2_PLACEMENT_3D('',#5164,#4044,#4045);
#3384=AXIS2_PLACEMENT_3D('',#5165,#4046,#4047);
#3385=AXIS2_PLACEMENT_3D('',#5166,#4048,#4049);
#3386=AXIS2_PLACEMENT_3D('',#5167,#4050,#4051);
#3387=AXIS2_PLACEMENT_3D('',#5173,#4055,#4056);
#3388=AXIS2_PLACEMENT_3D('',#5177,#4059,#4060);
#3389=AXIS2_PLACEMENT_3D('',#5181,#4063,#4064);
#3390=AXIS2_PLACEMENT_3D('',#5185,#4067,#4068);
#3391=AXIS2_PLACEMENT_3D('',#5188,#4070,#4071);
#3392=AXIS2_PLACEMENT_3D('',#5189,#4072,#4073);
#3393=AXIS2_PLACEMENT_3D('',#5192,#4075,#4076);
#3394=AXIS2_PLACEMENT_3D('',#5193,#4077,#4078);
#3395=AXIS2_PLACEMENT_3D('',#5196,#4080,#4081);
#3396=AXIS2_PLACEMENT_3D('',#5197,#4082,#4083);
#3397=AXIS2_PLACEMENT_3D('',#5201,#4086,#4087);
#3398=AXIS2_PLACEMENT_3D('',#5205,#4090,#4091);
#3399=AXIS2_PLACEMENT_3D('',#5209,#4094,#4095);
#3400=AXIS2_PLACEMENT_3D('',#5212,#4097,#4098);
#3401=AXIS2_PLACEMENT_3D('',#5213,#4099,#4100);
#3402=AXIS2_PLACEMENT_3D('',#5217,#4103,#4104);
#3403=AXIS2_PLACEMENT_3D('',#5220,#4106,#4107);
#3404=AXIS2_PLACEMENT_3D('',#5221,#4108,#4109);
#3405=AXIS2_PLACEMENT_3D('',#5225,#4112,#4113);
#3406=AXIS2_PLACEMENT_3D('',#5226,#4114,#4115);
#3407=AXIS2_PLACEMENT_3D('',#5227,#4116,#4117);
#3408=AXIS2_PLACEMENT_3D('',#5228,#4118,#4119);
#3409=AXIS2_PLACEMENT_3D('',#5229,#4120,#4121);
#3410=AXIS2_PLACEMENT_3D('',#5231,#4123,#4124);
#3411=AXIS2_PLACEMENT_3D('',#5232,#4125,#4126);
#3412=AXIS2_PLACEMENT_3D('',#5235,#4129,#4130);
#3413=AXIS2_PLACEMENT_3D('',#5237,#4132,#4133);
#3414=AXIS2_PLACEMENT_3D('',#5239,#4135,#4136);
#3415=AXIS2_PLACEMENT_3D('',#5240,#4137,#4138);
#3416=AXIS2_PLACEMENT_3D('',#5241,#4139,#4140);
#3417=AXIS2_PLACEMENT_3D('',#5247,#4144,#4145);
#3418=AXIS2_PLACEMENT_3D('',#5248,#4146,#4147);
#3419=AXIS2_PLACEMENT_3D('',#5249,#4148,#4149);
#3420=AXIS2_PLACEMENT_3D('',#5250,#4150,#4151);
#3421=AXIS2_PLACEMENT_3D('',#5251,#4152,#4153);
#3422=AXIS2_PLACEMENT_3D('',#5257,#4157,#4158);
#3423=AXIS2_PLACEMENT_3D('',#5258,#4159,#4160);
#3424=AXIS2_PLACEMENT_3D('',#5259,#4161,#4162);
#3425=AXIS2_PLACEMENT_3D('',#5260,#4163,#4164);
#3426=AXIS2_PLACEMENT_3D('',#5261,#4165,#4166);
#3427=AXIS2_PLACEMENT_3D('',#5267,#4170,#4171);
#3428=AXIS2_PLACEMENT_3D('',#5268,#4172,#4173);
#3429=AXIS2_PLACEMENT_3D('',#5269,#4174,#4175);
#3430=AXIS2_PLACEMENT_3D('',#5270,#4176,#4177);
#3431=AXIS2_PLACEMENT_3D('',#5271,#4178,#4179);
#3432=AXIS2_PLACEMENT_3D('',#5275,#4182,#4183);
#3433=AXIS2_PLACEMENT_3D('',#5279,#4186,#4187);
#3434=AXIS2_PLACEMENT_3D('',#5280,#4188,#4189);
#3435=AXIS2_PLACEMENT_3D('',#5281,#4190,#4191);
#3436=AXIS2_PLACEMENT_3D('',#5282,#4192,#4193);
#3437=AXIS2_PLACEMENT_3D('',#5286,#4196,#4197);
#3438=AXIS2_PLACEMENT_3D('',#5290,#4200,#4201);
#3439=AXIS2_PLACEMENT_3D('',#5291,#4202,#4203);
#3440=AXIS2_PLACEMENT_3D('',#5292,#4204,#4205);
#3441=AXIS2_PLACEMENT_3D('',#5293,#4206,#4207);
#3442=AXIS2_PLACEMENT_3D('',#5297,#4210,#4211);
#3443=AXIS2_PLACEMENT_3D('',#5301,#4214,#4215);
#3444=AXIS2_PLACEMENT_3D('',#5302,#4216,#4217);
#3445=AXIS2_PLACEMENT_3D('',#5303,#4218,#4219);
#3446=AXIS2_PLACEMENT_3D('',#5304,#4220,#4221);
#3447=AXIS2_PLACEMENT_3D('',#5308,#4224,#4225);
#3448=AXIS2_PLACEMENT_3D('',#5312,#4228,#4229);
#3449=AXIS2_PLACEMENT_3D('',#5313,#4230,#4231);
#3450=AXIS2_PLACEMENT_3D('',#5314,#4232,#4233);
#3451=AXIS2_PLACEMENT_3D('',#5315,#4234,#4235);
#3452=AXIS2_PLACEMENT_3D('',#5316,#4236,#4237);
#3453=AXIS2_PLACEMENT_3D('',#5320,#4240,#4241);
#3454=AXIS2_PLACEMENT_3D('',#5324,#4244,#4245);
#3455=AXIS2_PLACEMENT_3D('',#5325,#4246,#4247);
#3456=AXIS2_PLACEMENT_3D('',#5326,#4248,#4249);
#3457=AXIS2_PLACEMENT_3D('',#5327,#4250,#4251);
#3458=AXIS2_PLACEMENT_3D('',#5333,#4255,#4256);
#3459=AXIS2_PLACEMENT_3D('',#5334,#4257,#4258);
#3460=AXIS2_PLACEMENT_3D('',#5335,#4259,#4260);
#3461=AXIS2_PLACEMENT_3D('',#5336,#4261,#4262);
#3462=AXIS2_PLACEMENT_3D('',#5337,#4263,#4264);
#3463=AXIS2_PLACEMENT_3D('',#5341,#4267,#4268);
#3464=AXIS2_PLACEMENT_3D('',#5345,#4271,#4272);
#3465=AXIS2_PLACEMENT_3D('',#5346,#4273,#4274);
#3466=AXIS2_PLACEMENT_3D('',#5347,#4275,#4276);
#3467=AXIS2_PLACEMENT_3D('',#5348,#4277,#4278);
#3468=AXIS2_PLACEMENT_3D('',#5352,#4281,#4282);
#3469=AXIS2_PLACEMENT_3D('',#5356,#4285,#4286);
#3470=AXIS2_PLACEMENT_3D('',#5357,#4287,#4288);
#3471=AXIS2_PLACEMENT_3D('',#5358,#4289,#4290);
#3472=AXIS2_PLACEMENT_3D('',#5359,#4291,#4292);
#3473=AXIS2_PLACEMENT_3D('',#5363,#4295,#4296);
#3474=AXIS2_PLACEMENT_3D('',#5367,#4299,#4300);
#3475=AXIS2_PLACEMENT_3D('',#5368,#4301,#4302);
#3476=AXIS2_PLACEMENT_3D('',#5369,#4303,#4304);
#3477=AXIS2_PLACEMENT_3D('',#5370,#4305,#4306);
#3478=AXIS2_PLACEMENT_3D('',#5374,#4309,#4310);
#3479=AXIS2_PLACEMENT_3D('',#5378,#4313,#4314);
#3480=AXIS2_PLACEMENT_3D('',#5379,#4315,#4316);
#3481=AXIS2_PLACEMENT_3D('',#5380,#4317,#4318);
#3482=AXIS2_PLACEMENT_3D('',#5381,#4319,#4320);
#3483=AXIS2_PLACEMENT_3D('',#5387,#4324,#4325);
#3484=AXIS2_PLACEMENT_3D('',#5388,#4326,#4327);
#3485=AXIS2_PLACEMENT_3D('',#5389,#4328,#4329);
#3486=AXIS2_PLACEMENT_3D('',#5390,#4330,#4331);
#3487=AXIS2_PLACEMENT_3D('',#5391,#4332,#4333);
#3488=AXIS2_PLACEMENT_3D('',#5397,#4337,#4338);
#3489=AXIS2_PLACEMENT_3D('',#5398,#4339,#4340);
#3490=AXIS2_PLACEMENT_3D('',#5399,#4341,#4342);
#3491=AXIS2_PLACEMENT_3D('',#5400,#4343,#4344);
#3492=AXIS2_PLACEMENT_3D('',#5401,#4345,#4346);
#3493=AXIS2_PLACEMENT_3D('',#5407,#4350,#4351);
#3494=AXIS2_PLACEMENT_3D('',#5408,#4352,#4353);
#3495=AXIS2_PLACEMENT_3D('',#5409,#4354,#4355);
#3496=AXIS2_PLACEMENT_3D('',#5410,#4356,#4357);
#3497=AXIS2_PLACEMENT_3D('',#5411,#4358,#4359);
#3498=AXIS2_PLACEMENT_3D('',#5417,#4363,#4364);
#3499=AXIS2_PLACEMENT_3D('',#5418,#4365,#4366);
#3500=AXIS2_PLACEMENT_3D('',#5419,#4367,#4368);
#3501=AXIS2_PLACEMENT_3D('',#5420,#4369,#4370);
#3502=AXIS2_PLACEMENT_3D('',#5421,#4371,#4372);
#3503=AXIS2_PLACEMENT_3D('',#5425,#4375,#4376);
#3504=AXIS2_PLACEMENT_3D('',#5429,#4379,#4380);
#3505=AXIS2_PLACEMENT_3D('',#5430,#4381,#4382);
#3506=AXIS2_PLACEMENT_3D('',#5431,#4383,#4384);
#3507=AXIS2_PLACEMENT_3D('',#5432,#4385,#4386);
#3508=AXIS2_PLACEMENT_3D('',#5438,#4390,#4391);
#3509=AXIS2_PLACEMENT_3D('',#5439,#4392,#4393);
#3510=AXIS2_PLACEMENT_3D('',#5440,#4394,#4395);
#3511=AXIS2_PLACEMENT_3D('',#5441,#4396,#4397);
#3512=AXIS2_PLACEMENT_3D('',#5442,#4398,#4399);
#3513=AXIS2_PLACEMENT_3D('',#5448,#4403,#4404);
#3514=AXIS2_PLACEMENT_3D('',#5449,#4405,#4406);
#3515=AXIS2_PLACEMENT_3D('',#5450,#4407,#4408);
#3516=AXIS2_PLACEMENT_3D('',#5451,#4409,#4410);
#3517=AXIS2_PLACEMENT_3D('',#5452,#4411,#4412);
#3518=AXIS2_PLACEMENT_3D('',#5453,#4413,#4414);
#3519=AXIS2_PLACEMENT_3D('',#5454,#4415,#4416);
#3520=AXIS2_PLACEMENT_3D('',#5455,#4417,#4418);
#3521=AXIS2_PLACEMENT_3D('',#5456,#4419,#4420);
#3522=AXIS2_PLACEMENT_3D('',#5457,#4421,#4422);
#3523=AXIS2_PLACEMENT_3D('',#5458,#4423,#4424);
#3524=AXIS2_PLACEMENT_3D('',#5459,#4425,#4426);
#3525=AXIS2_PLACEMENT_3D('',#5460,#4427,#4428);
#3526=AXIS2_PLACEMENT_3D('',#5461,#4429,#4430);
#3527=AXIS2_PLACEMENT_3D('',#5462,#4431,#4432);
#3528=AXIS2_PLACEMENT_3D('',#5465,#4435,#4436);
#3529=AXIS2_PLACEMENT_3D('',#5467,#4438,#4439);
#3530=AXIS2_PLACEMENT_3D('',#5469,#4441,#4442);
#3531=AXIS2_PLACEMENT_3D('',#5471,#4444,#4445);
#3532=AXIS2_PLACEMENT_3D('',#5472,#4446,#4447);
#3533=AXIS2_PLACEMENT_3D('',#5475,#4450,#4451);
#3534=AXIS2_PLACEMENT_3D('',#5477,#4453,#4454);
#3535=AXIS2_PLACEMENT_3D('',#5479,#4456,#4457);
#3536=AXIS2_PLACEMENT_3D('',#5481,#4459,#4460);
#3537=DIRECTION('',(0.,0.,1.));
#3538=DIRECTION('',(1.,0.,0.));
#3539=DIRECTION('',(0.,0.,1.));
#3540=DIRECTION('',(1.,0.,0.));
#3541=DIRECTION('',(0.,-1.,0.));
#3542=DIRECTION('',(-0.999928124322437,0.0119894198781134,0.));
#3543=DIRECTION('',(-0.0119894198781135,-0.999928124322437,0.));
#3544=DIRECTION('',(0.,0.,1.));
#3545=DIRECTION('',(1.,0.,0.));
#3546=DIRECTION('',(0.999968055041816,-0.0079930529767294,0.));
#3547=DIRECTION('',(-0.59379385274806,-0.80461721361068,0.));
#3548=DIRECTION('',(0.,0.,-1.));
#3549=DIRECTION('',(-1.,0.,0.));
#3550=DIRECTION('',(-0.948728835834472,-0.316091119862876,0.));
#3551=DIRECTION('',(0.,0.,1.));
#3552=DIRECTION('',(1.,0.,0.));
#3553=DIRECTION('',(-0.953331449904617,-0.301925730309228,0.));
#3554=DIRECTION('',(0.,0.,-1.));
#3555=DIRECTION('',(-1.,0.,0.));
#3556=DIRECTION('',(-0.953331449904618,0.301925730309225,0.));
#3557=DIRECTION('',(0.,0.,1.));
#3558=DIRECTION('',(1.,0.,0.));
#3559=DIRECTION('',(-0.948728835834473,0.316091119862873,0.));
#3560=DIRECTION('',(0.,0.,-1.));
#3561=DIRECTION('',(-1.,0.,0.));
#3562=DIRECTION('',(-0.593793852748063,0.804617213610678,0.));
#3563=DIRECTION('',(0.,0.,1.));
#3564=DIRECTION('',(1.,0.,0.));
#3565=DIRECTION('',(-0.581744052674878,0.813371905820092,0.));
#3566=DIRECTION('',(0.,0.,-1.));
#3567=DIRECTION('',(-1.,0.,0.));
#3568=DIRECTION('',(-0.00744718621020362,0.99997226932428,0.));
#3569=DIRECTION('',(0.,0.,1.));
#3570=DIRECTION('',(1.,0.,0.));
#3571=DIRECTION('',(0.00744718579687648,0.999972269327358,0.));
#3572=DIRECTION('',(0.,0.,-1.));
#3573=DIRECTION('',(-1.,0.,0.));
#3574=DIRECTION('',(0.58174405233868,0.813371906060549,0.));
#3575=DIRECTION('',(0.,0.,1.));
#3576=DIRECTION('',(1.,0.,0.));
#3577=DIRECTION('',(0.593793852415484,0.804617213856116,0.));
#3578=DIRECTION('',(0.,0.,-1.));
#3579=DIRECTION('',(-1.,0.,0.));
#3580=DIRECTION('',(0.948728835703821,0.316091120255019,0.));
#3581=DIRECTION('',(0.,0.,1.));
#3582=DIRECTION('',(1.,0.,0.));
#3583=DIRECTION('',(0.95333144977982,0.301925730703274,0.));
#3584=DIRECTION('',(0.,0.,-1.));
#3585=DIRECTION('',(-1.,0.,0.));
#3586=DIRECTION('',(0.953331449779821,-0.301925730703272,0.));
#3587=DIRECTION('',(0.,0.,1.));
#3588=DIRECTION('',(1.,0.,0.));
#3589=DIRECTION('',(0.948728835703821,-0.316091120255017,0.));
#3590=DIRECTION('',(0.,0.,-1.));
#3591=DIRECTION('',(-1.,0.,0.));
#3592=DIRECTION('',(0.593793852415486,-0.804617213856114,0.));
#3593=DIRECTION('',(0.,0.,1.));
#3594=DIRECTION('',(1.,0.,0.));
#3595=DIRECTION('',(0.581744052338682,-0.813371906060548,0.));
#3596=DIRECTION('',(0.,0.,-1.));
#3597=DIRECTION('',(-1.,0.,0.));
#3598=DIRECTION('',(0.00744718579687915,-0.999972269327358,0.));
#3599=DIRECTION('',(0.,0.,1.));
#3600=DIRECTION('',(1.,0.,0.));
#3601=DIRECTION('',(-0.00744718621020118,-0.99997226932428,0.));
#3602=DIRECTION('',(0.,0.,-1.));
#3603=DIRECTION('',(-1.,0.,0.));
#3604=DIRECTION('',(-0.581744052674876,-0.813371905820093,0.));
#3605=DIRECTION('',(0.,0.,1.));
#3606=DIRECTION('',(1.,0.,0.));
#3607=DIRECTION('',(0.999968055041815,-0.00799305297672936,0.));
#3608=DIRECTION('',(-0.711333051347298,-0.702855098907977,0.));
#3609=DIRECTION('',(-0.00799305297672916,-0.999968055041815,0.));
#3610=DIRECTION('',(-0.714136371902184,-0.700006601630575,0.));
#3611=DIRECTION('',(0.00799305297672913,0.999968055041815,0.));
#3612=DIRECTION('',(-0.00799305297672873,-0.999968055041815,0.));
#3613=DIRECTION('',(0.999968055041815,-0.00799305297672939,0.));
#3614=DIRECTION('',(0.00799305297672873,0.999968055041815,0.));
#3615=DIRECTION('',(-0.999968055041815,0.00799305297672914,0.));
#3616=DIRECTION('',(0.,0.,1.));
#3617=DIRECTION('',(1.,0.,0.));
#3618=DIRECTION('',(0.999968055041816,-0.00799305297672938,0.));
#3619=DIRECTION('',(-0.00799305297672903,-0.999968055041816,0.));
#3620=DIRECTION('',(0.999928124322437,-0.0119894198781135,0.));
#3621=DIRECTION('',(0.714136371902184,0.700006601630575,0.));
#3622=DIRECTION('',(0.,0.,1.));
#3623=DIRECTION('',(1.,0.,0.));
#3624=DIRECTION('',(0.999928124322437,-0.0119894198781134,0.));
#3625=DIRECTION('',(0.,1.,0.));
#3626=DIRECTION('',(-0.999968055041815,0.0079930529767294,0.));
#3627=DIRECTION('',(0.,0.,1.));
#3628=DIRECTION('',(1.,0.,0.));
#3629=DIRECTION('',(0.0119894198781135,0.999928124322437,0.));
#3630=DIRECTION('',(0.,0.,1.));
#3631=DIRECTION('',(1.,0.,0.));
#3632=DIRECTION('',(0.309016994139083,0.951056516371791,0.));
#3633=DIRECTION('',(0.,0.,-1.));
#3634=DIRECTION('',(-1.,0.,0.));
#3635=DIRECTION('',(-0.294817721272193,0.955553510392731,0.));
#3636=DIRECTION('',(0.,0.,1.));
#3637=DIRECTION('',(1.,0.,0.));
#3638=DIRECTION('',(-0.309016994532191,0.951056516244062,0.));
#3639=DIRECTION('',(0.,0.,-1.));
#3640=DIRECTION('',(-1.,0.,0.));
#3641=DIRECTION('',(-0.800172807887669,0.599769520330238,0.));
#3642=DIRECTION('',(0.,0.,1.));
#3643=DIRECTION('',(1.,0.,0.));
#3644=DIRECTION('',(-0.809016994423539,0.587785252225593,0.));
#3645=DIRECTION('',(0.,0.,1.));
#3646=DIRECTION('',(1.,0.,0.));
#3647=DIRECTION('',(-0.999889078841257,0.0148939589761006,0.));
#3648=DIRECTION('',(0.,0.,1.));
#3649=DIRECTION('',(1.,0.,0.));
#3650=DIRECTION('',(-1.,-9.29084875255488E-16,0.));
#3651=DIRECTION('',(0.,0.,1.));
#3652=DIRECTION('',(1.,0.,0.));
#3653=DIRECTION('',(-0.817681706754479,-0.575670588478413,0.));
#3654=DIRECTION('',(0.,0.,1.));
#3655=DIRECTION('',(1.,0.,0.));
#3656=DIRECTION('',(-0.809016994423538,-0.587785252225595,0.));
#3657=DIRECTION('',(0.,0.,1.));
#3658=DIRECTION('',(1.,0.,0.));
#3659=DIRECTION('',(-0.323147714745977,-0.946348537513771,0.));
#3660=DIRECTION('',(0.,0.,1.));
#3661=DIRECTION('',(1.,0.,0.));
#3662=DIRECTION('',(-0.30901699453219,-0.951056516244063,0.));
#3663=DIRECTION('',(0.,0.,-1.));
#3664=DIRECTION('',(-1.,0.,0.));
#3665=DIRECTION('',(0.294817720877228,-0.95555351051459,0.));
#3666=DIRECTION('',(0.,0.,1.));
#3667=DIRECTION('',(1.,0.,0.));
#3668=DIRECTION('',(0.309016994139085,-0.95105651637179,0.));
#3669=DIRECTION('',(0.,0.,-1.));
#3670=DIRECTION('',(-1.,0.,0.));
#3671=DIRECTION('',(0.800172807639763,-0.599769520660978,0.));
#3672=DIRECTION('',(0.,0.,1.));
#3673=DIRECTION('',(1.,0.,0.));
#3674=DIRECTION('',(0.809016994180586,-0.587785252559989,0.));
#3675=DIRECTION('',(0.,0.,-1.));
#3676=DIRECTION('',(-1.,0.,0.));
#3677=DIRECTION('',(0.999889078835101,-0.0148939593893903,0.));
#3678=DIRECTION('',(0.,0.,1.));
#3679=DIRECTION('',(1.,0.,0.));
#3680=DIRECTION('',(1.,4.13335710443416E-10,0.));
#3681=DIRECTION('',(0.,0.,-1.));
#3682=DIRECTION('',(-1.,0.,0.));
#3683=DIRECTION('',(0.817681706516534,0.57567058881639,0.));
#3684=DIRECTION('',(0.,0.,1.));
#3685=DIRECTION('',(1.,0.,0.));
#3686=DIRECTION('',(0.809016994180585,0.58778525255999,0.));
#3687=DIRECTION('',(0.,0.,-1.));
#3688=DIRECTION('',(-1.,0.,0.));
#3689=DIRECTION('',(0.323147714354818,0.946348537647339,0.));
#3690=DIRECTION('',(-0.999928124322437,0.0119894198781136,0.));
#3691=DIRECTION('',(0.,0.,1.));
#3692=DIRECTION('',(1.,0.,0.));
#3693=DIRECTION('',(0.00799305297672916,0.999968055041815,0.));
#3694=DIRECTION('',(-0.711333051347298,-0.702855098907977,0.));
#3695=DIRECTION('',(-0.999968055041816,0.00799305297672936,0.));
#3696=DIRECTION('',(-0.00799305297672913,-0.999968055041815,0.));
#3697=DIRECTION('',(0.714136371902184,0.700006601630575,0.));
#3698=DIRECTION('',(-0.999928124322437,0.0119894198781136,0.));
#3699=DIRECTION('',(-0.0119894198781136,-0.999928124322437,0.));
#3700=DIRECTION('',(-0.999968055041815,0.00799305297672939,0.));
#3701=DIRECTION('',(0.00799305297672873,0.999968055041815,0.));
#3702=DIRECTION('',(0.999968055041815,-0.00799305297672914,0.));
#3703=DIRECTION('',(-0.00799305297672873,-0.999968055041815,0.));
#3704=DIRECTION('',(-0.714136371902184,-0.700006601630575,0.));
#3705=DIRECTION('',(-0.700006601630575,0.714136371902184,0.));
#3706=DIRECTION('',(0.714136371902184,0.700006601630575,0.));
#3707=DIRECTION('',(0.700006601630575,-0.714136371902183,0.));
#3708=DIRECTION('',(0.,0.,1.));
#3709=DIRECTION('',(1.,0.,0.));
#3710=DIRECTION('',(0.,0.,1.));
#3711=DIRECTION('',(1.,0.,0.));
#3712=DIRECTION('',(0.,0.,1.));
#3713=DIRECTION('',(1.,0.,0.));
#3714=DIRECTION('',(0.,0.,1.));
#3715=DIRECTION('',(1.,0.,0.));
#3716=DIRECTION('',(0.,0.,1.));
#3717=DIRECTION('',(1.,0.,0.));
#3718=DIRECTION('',(0.,0.,1.));
#3719=DIRECTION('',(1.,0.,0.));
#3720=DIRECTION('',(0.,0.,1.));
#3721=DIRECTION('',(1.,0.,0.));
#3722=DIRECTION('',(0.,0.,1.));
#3723=DIRECTION('',(1.,0.,0.));
#3724=DIRECTION('',(0.,0.,1.));
#3725=DIRECTION('',(1.,0.,0.));
#3726=DIRECTION('',(0.,0.,1.));
#3727=DIRECTION('',(1.,0.,0.));
#3728=DIRECTION('',(0.,0.,1.));
#3729=DIRECTION('',(1.,0.,0.));
#3730=DIRECTION('',(0.,1.,0.));
#3731=DIRECTION('',(0.,0.,1.));
#3732=DIRECTION('',(1.,0.,0.));
#3733=DIRECTION('',(0.,0.,1.));
#3734=DIRECTION('',(1.,0.,0.));
#3735=DIRECTION('',(0.,0.,1.));
#3736=DIRECTION('',(1.,0.,0.));
#3737=DIRECTION('',(0.,0.,1.));
#3738=DIRECTION('',(1.,0.,0.));
#3739=DIRECTION('',(4.1071891638723E-18,-6.10944388126024E-17,1.));
#3740=DIRECTION('',(-0.000237004930881228,0.999999971914331,0.));
#3741=DIRECTION('',(0.,0.,1.));
#3742=DIRECTION('',(1.,0.,0.));
#3743=DIRECTION('',(0.120283471698152,0.99273958641541,0.));
#3744=DIRECTION('',(0.,0.,1.));
#3745=DIRECTION('',(1.,0.,0.));
#3746=DIRECTION('',(-0.123057542598737,-0.992399537086531,0.));
#3747=DIRECTION('',(-1.,0.,0.));
#3748=DIRECTION('',(0.,0.,1.));
#3749=DIRECTION('',(1.,0.,0.));
#3750=DIRECTION('',(0.0941281028612831,0.995560093742078,0.));
#3751=DIRECTION('',(0.,0.,1.));
#3752=DIRECTION('',(1.,0.,0.));
#3753=DIRECTION('',(0.10899450831686,0.9940423517923,0.));
#3754=DIRECTION('',(0.,0.,1.));
#3755=DIRECTION('',(1.,0.,0.));
#3756=DIRECTION('',(1.,0.,0.));
#3757=DIRECTION('',(0.,-1.,0.));
#3758=DIRECTION('',(-1.,0.,0.));
#3759=DIRECTION('',(0.,0.,1.));
#3760=DIRECTION('',(1.,0.,0.));
#3761=DIRECTION('',(0.,0.,1.));
#3762=DIRECTION('',(1.,0.,0.));
#3763=DIRECTION('',(6.07656086458221E-17,-7.54587718939494E-18,-1.));
#3764=DIRECTION('',(0.992414700235999,-0.12293519738257,8.72423460821544E-17));
#3765=DIRECTION('',(-0.101199069603157,-0.994866196184922,-3.46866431516313E-14));
#3766=DIRECTION('',(-0.118770541656916,-0.992921728251791,0.));
#3767=DIRECTION('',(-0.999968055041815,0.00799305297672938,0.));
#3768=DIRECTION('',(0.,0.,-1.));
#3769=DIRECTION('',(1.,0.,0.));
#3770=DIRECTION('',(-0.714136371902184,-0.700006601630575,0.));
#3771=DIRECTION('',(-0.999928124322437,0.0119894198781135,0.));
#3772=DIRECTION('',(0.00799305297672903,0.999968055041815,0.));
#3773=DIRECTION('',(-0.301925730703273,0.953331449779821,0.));
#3774=DIRECTION('',(0.,0.,1.));
#3775=DIRECTION('',(0.0498935130406989,0.0158015718307054,-0.998629534754574));
#3776=DIRECTION('',(0.,0.,-1.));
#3777=DIRECTION('',(0.0498935130406989,0.0158015718307054,-0.998629534754574));
#3778=DIRECTION('',(0.95333144977982,0.301925730703274,0.));
#3779=DIRECTION('',(0.301925730309228,-0.953331449904617,0.));
#3780=DIRECTION('',(0.,0.,1.));
#3781=DIRECTION('',(-0.0498935130472303,-0.0158015718100826,-0.998629534754574));
#3782=DIRECTION('',(0.,0.,-1.));
#3783=DIRECTION('',(-0.0498935130472303,-0.0158015718100826,-0.998629534754574));
#3784=DIRECTION('',(-0.953331449904617,-0.301925730309228,0.));
#3785=DIRECTION('',(-0.804617213856116,0.593793852415484,0.));
#3786=DIRECTION('',(0.,0.,1.));
#3787=DIRECTION('',(0.0310767690773458,0.0421104112966931,-0.998629534754574));
#3788=DIRECTION('',(0.,0.,-1.));
#3789=DIRECTION('',(0.0310767690773458,0.0421104112966931,-0.998629534754574));
#3790=DIRECTION('',(0.593793852415484,0.804617213856116,0.));
#3791=DIRECTION('',(-0.999972269327358,0.00744718579687695,0.));
#3792=DIRECTION('',(0.,0.,1.));
#3793=DIRECTION('',(0.000389755589998425,0.0523345049316739,-0.998629534754574));
#3794=DIRECTION('',(0.,0.,-1.));
#3795=DIRECTION('',(0.000389755589998425,0.0523345049316739,-0.998629534754574));
#3796=DIRECTION('',(0.00744718579687648,0.999972269327358,0.));
#3797=DIRECTION('',(0.99997226932428,-0.00744718621020073,0.));
#3798=DIRECTION('',(0.,0.,1.));
#3799=DIRECTION('',(-0.000389755611630121,-0.0523345049315128,-0.998629534754574));
#3800=DIRECTION('',(0.,0.,-1.));
#3801=DIRECTION('',(-0.000389755611630121,-0.0523345049315128,-0.998629534754574));
#3802=DIRECTION('',(-0.00744718621020073,-0.99997226932428,0.));
#3803=DIRECTION('',(0.80461721361068,-0.59379385274806,0.));
#3804=DIRECTION('',(0.,0.,1.));
#3805=DIRECTION('',(-0.0310767690947515,-0.042110411283848,-0.998629534754574));
#3806=DIRECTION('',(0.,0.,-1.));
#3807=DIRECTION('',(-0.0310767690947515,-0.042110411283848,-0.998629534754574));
#3808=DIRECTION('',(-0.59379385274806,-0.80461721361068,0.));
#3809=DIRECTION('',(-0.316091119862874,-0.948728835834473,0.));
#3810=DIRECTION('',(0.,0.,1.));
#3811=DIRECTION('',(-0.049652630838652,0.0165429310179265,-0.998629534754574));
#3812=DIRECTION('',(0.,0.,-1.));
#3813=DIRECTION('',(-0.049652630838652,0.0165429310179265,-0.998629534754574));
#3814=DIRECTION('',(-0.948728835834473,0.316091119862873,0.));
#3815=DIRECTION('',(-0.813371905820092,-0.581744052674878,0.));
#3816=DIRECTION('',(0.,0.,1.));
#3817=DIRECTION('',(-0.0304461312853852,0.0425685964722402,-0.998629534754574));
#3818=DIRECTION('',(0.,0.,-1.));
#3819=DIRECTION('',(-0.0304461312853852,0.0425685964722402,-0.998629534754574));
#3820=DIRECTION('',(-0.581744052674878,0.813371905820092,0.));
#3821=DIRECTION('',(0.813371906060547,0.581744052338683,0.));
#3822=DIRECTION('',(0.,0.,1.));
#3823=DIRECTION('',(0.0304461312677901,-0.0425685964848246,-0.998629534754574));
#3824=DIRECTION('',(0.,0.,-1.));
#3825=DIRECTION('',(0.0304461312677901,-0.0425685964848246,-0.998629534754574));
#3826=DIRECTION('',(0.581744052338683,-0.813371906060547,0.));
#3827=DIRECTION('',(0.316091120255017,0.948728835703821,0.));
#3828=DIRECTION('',(0.,0.,1.));
#3829=DIRECTION('',(0.0496526308318143,-0.0165429310384497,-0.998629534754574));
#3830=DIRECTION('',(0.,0.,-1.));
#3831=DIRECTION('',(0.0496526308318143,-0.0165429310384497,-0.998629534754574));
#3832=DIRECTION('',(0.948728835703821,-0.316091120255017,0.));
#3833=DIRECTION('',(0.999968055041815,-0.00799305297672916,0.));
#3834=DIRECTION('',(0.00799305297672916,0.999968055041815,0.));
#3835=DIRECTION('',(0.,0.,1.));
#3836=DIRECTION('',(0.00703105091676866,0.879617128850585,0.475630393221101));
#3837=DIRECTION('',(0.,0.,1.));
#3838=DIRECTION('',(0.,0.,-1.));
#3839=DIRECTION('',(0.00570256773057884,0.475599145966062,-0.879643639821053));
#3840=DIRECTION('',(0.,0.879657942858247,0.475606879225266));
#3841=DIRECTION('',(0.00570256773057884,0.475599145966062,-0.879643639821053));
#3842=DIRECTION('',(0.0105464169409267,0.879580414838427,0.475633332434103));
#3843=DIRECTION('',(-0.0105464169409267,-0.879580414838427,-0.475633332434103));
#3844=DIRECTION('',(-0.999928124322437,0.0119894198781136,0.));
#3845=DIRECTION('',(0.666873176873569,0.653678547443867,0.35774924539156));
#3846=DIRECTION('',(0.700006601630575,-0.714136371902184,0.));
#3847=DIRECTION('',(0.714136371902184,0.700006601630575,0.));
#3848=DIRECTION('',(0.,0.,-1.));
#3849=DIRECTION('',(-0.714136371902184,-0.700006601630575,0.));
#3850=DIRECTION('',(0.,0.,-1.));
#3851=DIRECTION('',(0.714136371902183,0.700006601630575,0.));
#3852=DIRECTION('',(-0.700006601630575,0.714136371902183,0.));
#3853=DIRECTION('',(0.,0.,-1.));
#3854=DIRECTION('',(0.700006601630575,-0.714136371902183,0.));
#3855=DIRECTION('',(-0.714136371902183,-0.700006601630575,0.));
#3856=DIRECTION('',(0.700006601630575,-0.714136371902184,0.));
#3857=DIRECTION('',(-0.700006601630575,0.714136371902184,0.));
#3858=DIRECTION('',(0.,0.,-1.));
#3859=DIRECTION('',(-0.700006601630575,0.714136371902184,0.));
#3860=DIRECTION('',(-0.714136371902184,-0.700006601630575,0.));
#3861=DIRECTION('',(0.714136371902184,0.700006601630575,0.));
#3862=DIRECTION('',(0.700006601630575,-0.714136371902183,0.));
#3863=DIRECTION('',(0.714136371902184,0.700006601630575,0.));
#3864=DIRECTION('',(0.,0.,1.));
#3865=DIRECTION('',(0.,0.,-1.));
#3866=DIRECTION('',(-0.999968055041815,0.00799305297672913,0.));
#3867=DIRECTION('',(-0.00799305297672913,-0.999968055041815,0.));
#3868=DIRECTION('',(0.,0.,1.));
#3869=DIRECTION('',(0.00799305297672936,0.999968055041815,0.));
#3870=DIRECTION('',(-0.999968055041815,0.00799305297672936,0.));
#3871=DIRECTION('',(0.,0.,-1.));
#3872=DIRECTION('',(0.,0.,-1.));
#3873=DIRECTION('',(1.,0.,0.));
#3874=DIRECTION('',(0.0154295673601459,-0.0500098067077054,0.998629534754574));
#3875=DIRECTION('',(0.,0.,-1.));
#3876=DIRECTION('',(-1.,0.,0.));
#3877=DIRECTION('',(-0.0161726998835891,-0.0497744522254006,0.998629534754574));
#3878=DIRECTION('',(-0.016912244638481,-0.049528055656885,0.998629534754574));
#3879=DIRECTION('',(0.,0.,-1.));
#3880=DIRECTION('',(-1.,0.,0.));
#3881=DIRECTION('',(-0.042340678007233,-0.0307623032582274,0.998629534754574));
#3882=DIRECTION('',(-0.0427941540129049,-0.0301282707466443,0.998629534754574));
#3883=DIRECTION('',(0.,0.,-1.));
#3884=DIRECTION('',(-1.,0.,0.));
#3885=DIRECTION('',(-0.0523359562429438,-2.16323300786339E-11,0.998629534754574));
#3886=DIRECTION('',(-0.0523301510777113,0.000779489606887311,0.998629534754574));
#3887=DIRECTION('',(0.,0.,-1.));
#3888=DIRECTION('',(-1.,0.,0.));
#3889=DIRECTION('',(-0.0423406780072331,0.0307623032582273,0.998629534754574));
#3890=DIRECTION('',(-0.0418778090474282,0.0313895113891643,0.998629534754574));
#3891=DIRECTION('',(0.,0.,-1.));
#3892=DIRECTION('',(-1.,0.,0.));
#3893=DIRECTION('',(-0.0161726998835891,0.0497744522254006,0.998629534754574));
#3894=DIRECTION('',(-0.015429567339475,0.050009806714083,0.998629534754574));
#3895=DIRECTION('',(0.,0.,-1.));
#3896=DIRECTION('',(-1.,0.,0.));
#3897=DIRECTION('',(0.0161726999041627,0.0497744522187159,0.998629534754574));
#3898=DIRECTION('',(0.0169122446589528,0.0495280556498946,0.998629534754574));
#3899=DIRECTION('',(0.,0.,-1.));
#3900=DIRECTION('',(-1.,0.,0.));
#3901=DIRECTION('',(0.0423406780199482,0.0307623032407265,0.998629534754574));
#3902=DIRECTION('',(0.042794154025358,0.0301282707289559,0.998629534754574));
#3903=DIRECTION('',(0.,0.,-1.));
#3904=DIRECTION('',(-1.,0.,0.));
#3905=DIRECTION('',(0.0523359562429438,4.86245453773522E-17,0.998629534754574));
#3906=DIRECTION('',(0.0523301510780335,-0.000779489585257427,0.998629534754574));
#3907=DIRECTION('',(0.,0.,-1.));
#3908=DIRECTION('',(-1.,0.,0.));
#3909=DIRECTION('',(0.0423406780199483,-0.0307623032407263,0.998629534754574));
#3910=DIRECTION('',(0.0418778090604026,-0.0313895113718548,0.998629534754574));
#3911=DIRECTION('',(0.,0.,-1.));
#3912=DIRECTION('',(-1.,0.,0.));
#3913=DIRECTION('',(0.0161726999041628,-0.0497744522187159,0.998629534754574));
#3914=DIRECTION('',(0.0310767690773459,-0.042110411296693,-0.998629534754574));
#3915=DIRECTION('',(0.,0.,1.));
#3916=DIRECTION('',(1.,0.,0.));
#3917=DIRECTION('',(0.0498935130406989,-0.0158015718307053,-0.998629534754574));
#3918=DIRECTION('',(0.,0.,1.));
#3919=DIRECTION('',(1.,0.,0.));
#3920=DIRECTION('',(0.0496526308318142,0.0165429310384498,-0.998629534754574));
#3921=DIRECTION('',(0.,0.,1.));
#3922=DIRECTION('',(1.,0.,0.));
#3923=DIRECTION('',(0.03044613126779,0.0425685964848248,-0.998629534754574));
#3924=DIRECTION('',(0.,0.,1.));
#3925=DIRECTION('',(1.,0.,0.));
#3926=DIRECTION('',(-0.000389755611630235,0.0523345049315128,-0.998629534754574));
#3927=DIRECTION('',(0.,0.,1.));
#3928=DIRECTION('',(1.,0.,0.));
#3929=DIRECTION('',(-0.0310767690947517,0.0421104112838479,-0.998629534754574));
#3930=DIRECTION('',(0.,0.,1.));
#3931=DIRECTION('',(1.,0.,0.));
#3932=DIRECTION('',(-0.0498935130472303,0.0158015718100825,-0.998629534754574));
#3933=DIRECTION('',(0.,0.,1.));
#3934=DIRECTION('',(1.,0.,0.));
#3935=DIRECTION('',(-0.049652630838652,-0.0165429310179266,-0.998629534754574));
#3936=DIRECTION('',(0.,0.,1.));
#3937=DIRECTION('',(1.,0.,0.));
#3938=DIRECTION('',(-0.0304461312853852,-0.0425685964722402,-0.998629534754574));
#3939=DIRECTION('',(0.,0.,1.));
#3940=DIRECTION('',(1.,0.,0.));
#3941=DIRECTION('',(0.00038975558999854,-0.0523345049316739,-0.998629534754574));
#3942=DIRECTION('',(0.,0.,1.));
#3943=DIRECTION('',(1.,0.,0.));
#3944=DIRECTION('',(0.,0.,1.));
#3945=DIRECTION('',(0.199417902511695,0.979914537170378,0.));
#3946=DIRECTION('',(0.,0.,1.));
#3947=DIRECTION('',(0.,0.,1.));
#3948=DIRECTION('',(1.,0.,0.));
#3949=DIRECTION('',(0.,0.,1.));
#3950=DIRECTION('',(0.,0.,1.));
#3951=DIRECTION('',(-0.0410250731188803,0.999158117304559,0.));
#3952=DIRECTION('',(0.,0.,1.));
#3953=DIRECTION('',(0.,0.,1.));
#3954=DIRECTION('',(1.,0.,0.));
#3955=DIRECTION('',(0.,0.,1.));
#3956=DIRECTION('',(-0.12992028748033,0.991524441908029,0.));
#3957=DIRECTION('',(0.,0.,1.));
#3958=DIRECTION('',(0.,0.,1.));
#3959=DIRECTION('',(1.,0.,0.));
#3960=DIRECTION('',(0.99273958641541,-0.120283471698152,0.));
#3961=DIRECTION('',(0.120283471698152,0.99273958641541,0.));
#3962=DIRECTION('',(0.,0.,1.));
#3963=DIRECTION('',(0.120283471698152,0.99273958641541,0.));
#3964=DIRECTION('',(0.,0.,1.));
#3965=DIRECTION('',(-0.205498968391131,0.978657332262003,0.));
#3966=DIRECTION('',(0.,0.,1.));
#3967=DIRECTION('',(0.,0.,1.));
#3968=DIRECTION('',(1.,0.,0.));
#3969=DIRECTION('',(0.,0.,1.));
#3970=DIRECTION('',(-0.0669763127570116,0.997754565777313,0.));
#3971=DIRECTION('',(0.,0.,1.));
#3972=DIRECTION('',(6.68621532854326E-14,-9.94574530120841E-13,1.));
#3973=DIRECTION('',(-0.000237004930881228,0.999999971914331,9.93890859355079E-13));
#3974=DIRECTION('',(0.,0.,1.));
#3975=DIRECTION('',(0.,0.,1.));
#3976=DIRECTION('',(0.,0.,1.));
#3977=DIRECTION('',(0.,0.,1.));
#3978=DIRECTION('',(0.,0.,1.));
#3979=DIRECTION('',(-0.11727358380389,-0.99309964582704,0.));
#3980=DIRECTION('',(0.,0.,1.));
#3981=DIRECTION('',(0.,0.,1.));
#3982=DIRECTION('',(1.,0.,0.));
#3983=DIRECTION('',(0.,0.,1.));
#3984=DIRECTION('',(-0.29449130902738,-0.955654157583872,0.));
#3985=DIRECTION('',(0.,0.,1.));
#3986=DIRECTION('',(0.,0.,1.));
#3987=DIRECTION('',(1.,0.,0.));
#3988=DIRECTION('',(0.,0.,1.));
#3989=DIRECTION('',(-0.402685689689767,-0.915338317410058,0.));
#3990=DIRECTION('',(0.,0.,1.));
#3991=DIRECTION('',(0.,0.,1.));
#3992=DIRECTION('',(1.,0.,0.));
#3993=DIRECTION('',(0.,0.,1.));
#3994=DIRECTION('',(-0.483945949254444,-0.87509789063865,0.));
#3995=DIRECTION('',(0.,0.,1.));
#3996=DIRECTION('',(0.,0.,1.));
#3997=DIRECTION('',(1.,0.,0.));
#3998=DIRECTION('',(1.,0.,0.));
#3999=DIRECTION('',(0.,0.,-1.));
#4000=DIRECTION('',(0.,0.,1.));
#4001=DIRECTION('',(0.,1.,0.));
#4002=DIRECTION('',(0.,0.,1.));
#4003=DIRECTION('',(-0.422774437626573,-0.906234944641584,0.));
#4004=DIRECTION('',(0.,0.,1.));
#4005=DIRECTION('',(0.,0.,1.));
#4006=DIRECTION('',(1.,0.,0.));
#4007=DIRECTION('',(0.,0.,1.));
#4008=DIRECTION('',(-0.357603632292822,-0.93387346154122,0.));
#4009=DIRECTION('',(0.,0.,1.));
#4010=DIRECTION('',(0.,0.,1.));
#4011=DIRECTION('',(1.,0.,0.));
#4012=DIRECTION('',(0.,0.,1.));
#4013=DIRECTION('',(-0.242398569285493,-0.970176753797135,0.));
#4014=DIRECTION('',(0.,0.,1.));
#4015=DIRECTION('',(0.,0.,1.));
#4016=DIRECTION('',(1.,0.,0.));
#4017=DIRECTION('',(0.,0.,1.));
#4018=DIRECTION('',(-0.0857411052642042,-0.996317450849915,0.));
#4019=DIRECTION('',(0.,0.,1.));
#4020=DIRECTION('',(0.,0.,1.));
#4021=DIRECTION('',(1.,0.,0.));
#4022=DIRECTION('',(0.,0.,1.));
#4023=DIRECTION('',(0.089369606729275,-0.995998530818723,0.));
#4024=DIRECTION('',(0.,0.,1.));
#4025=DIRECTION('',(0.,0.,1.));
#4026=DIRECTION('',(1.,0.,0.));
#4027=DIRECTION('',(0.,0.,1.));
#4028=DIRECTION('',(0.363572405401499,-0.931565942931883,0.));
#4029=DIRECTION('',(0.,0.,1.));
#4030=DIRECTION('',(0.,0.,1.));
#4031=DIRECTION('',(1.,0.,0.));
#4032=DIRECTION('',(0.,0.,1.));
#4033=DIRECTION('',(0.,0.,1.));
#4034=DIRECTION('',(0.,0.,1.));
#4035=DIRECTION('',(0.983337580717596,0.181788895008647,0.));
#4036=DIRECTION('',(0.,0.,1.));
#4037=DIRECTION('',(0.,0.,1.));
#4038=DIRECTION('',(1.,0.,0.));
#4039=DIRECTION('',(0.,0.,1.));
#4040=DIRECTION('',(0.846906135095426,0.531742417282774,0.));
#4041=DIRECTION('',(0.,0.,1.));
#4042=DIRECTION('',(0.,0.,1.));
#4043=DIRECTION('',(1.,0.,0.));
#4044=DIRECTION('',(0.,0.,1.));
#4045=DIRECTION('',(0.576387287245114,0.81717666088932,0.));
#4046=DIRECTION('',(0.,0.,1.));
#4047=DIRECTION('',(1.,0.,0.));
#4048=DIRECTION('',(0.,0.,1.));
#4049=DIRECTION('',(1.,0.,0.));
#4050=DIRECTION('',(0.,1.,0.));
#4051=DIRECTION('',(0.,0.,1.));
#4052=DIRECTION('',(0.,0.,1.));
#4053=DIRECTION('',(-1.,0.,0.));
#4054=DIRECTION('',(0.,0.,1.));
#4055=DIRECTION('',(-0.992399537086531,0.123057542598737,0.));
#4056=DIRECTION('',(-0.123057542598737,-0.992399537086531,0.));
#4057=DIRECTION('',(0.,0.,1.));
#4058=DIRECTION('',(-0.123057542598737,-0.992399537086531,0.));
#4059=DIRECTION('',(-0.992921728251791,0.118770541656916,0.));
#4060=DIRECTION('',(-0.118770541656916,-0.992921728251791,0.));
#4061=DIRECTION('',(0.,0.,1.));
#4062=DIRECTION('',(-0.118770541656916,-0.992921728251791,0.));
#4063=DIRECTION('',(-0.994866196184922,0.101199069603157,-1.62816101029803E-27));
#4064=DIRECTION('',(-0.101199069603157,-0.994866196184922,-3.46866431516313E-14));
#4065=DIRECTION('',(0.,0.,1.));
#4066=DIRECTION('',(-0.101199069603157,-0.994866196184922,-3.46866431516313E-14));
#4067=DIRECTION('',(-0.992378976551773,0.123223240089102,1.96561790628258E-26));
#4068=DIRECTION('',(-0.123223240089102,-0.992378976551773,-7.91515931056345E-15));
#4069=DIRECTION('',(0.,0.,1.));
#4070=DIRECTION('',(6.07656086458221E-17,-7.54587718939494E-18,-1.));
#4071=DIRECTION('',(0.992414700235999,-0.12293519738257,8.72423460821544E-17));
#4072=DIRECTION('',(0.,0.,1.));
#4073=DIRECTION('',(-0.990610521301633,0.136714282671957,0.));
#4074=DIRECTION('',(0.,0.,1.));
#4075=DIRECTION('',(0.,0.,1.));
#4076=DIRECTION('',(1.,0.,0.));
#4077=DIRECTION('',(0.,0.,1.));
#4078=DIRECTION('',(0.990487703654378,-0.137601267833827,0.));
#4079=DIRECTION('',(0.,0.,1.));
#4080=DIRECTION('',(0.,0.,1.));
#4081=DIRECTION('',(1.,0.,0.));
#4082=DIRECTION('',(0.,1.,0.));
#4083=DIRECTION('',(0.,0.,1.));
#4084=DIRECTION('',(0.,0.,1.));
#4085=DIRECTION('',(-1.,0.,0.));
#4086=DIRECTION('',(-1.,0.,0.));
#4087=DIRECTION('',(0.,0.,1.));
#4088=DIRECTION('',(0.,0.,1.));
#4089=DIRECTION('',(0.,-1.,0.));
#4090=DIRECTION('',(0.,-1.,0.));
#4091=DIRECTION('',(0.,0.,-1.));
#4092=DIRECTION('',(0.,0.,1.));
#4093=DIRECTION('',(1.,0.,0.));
#4094=DIRECTION('',(0.,0.,1.));
#4095=DIRECTION('',(-0.992663814418459,0.120907202201501,0.));
#4096=DIRECTION('',(0.,0.,1.));
#4097=DIRECTION('',(0.,0.,1.));
#4098=DIRECTION('',(1.,0.,0.));
#4099=DIRECTION('',(0.9940423517923,-0.10899450831686,-4.92022671885978E-26));
#4100=DIRECTION('',(-0.10899450831686,-0.9940423517923,2.57145579843859E-15));
#4101=DIRECTION('',(0.,0.,1.));
#4102=DIRECTION('',(-0.10899450831686,-0.9940423517923,2.57145579843859E-15));
#4103=DIRECTION('',(0.,0.,1.));
#4104=DIRECTION('',(-0.994584078995978,0.103935123070699,0.));
#4105=DIRECTION('',(0.,0.,1.));
#4106=DIRECTION('',(0.,0.,1.));
#4107=DIRECTION('',(1.,0.,0.));
#4108=DIRECTION('',(0.995560093742078,-0.0941281028612831,-5.47116261052337E-26));
#4109=DIRECTION('',(-0.0941281028612831,-0.995560093742078,3.52037698153199E-15));
#4110=DIRECTION('',(0.,0.,1.));
#4111=DIRECTION('',(-0.0941281028612831,-0.995560093742078,3.52037698153199E-15));
#4112=DIRECTION('',(0.,0.,1.));
#4113=DIRECTION('',(-0.998116779927878,0.061342429250915,0.));
#4114=DIRECTION('',(0.,0.,1.));
#4115=DIRECTION('',(1.,0.,0.));
#4116=DIRECTION('',(0.,0.,1.));
#4117=DIRECTION('',(1.,0.,0.));
#4118=DIRECTION('',(0.702855098907977,-0.711333051347298,0.));
#4119=DIRECTION('',(0.711333051347298,0.702855098907977,0.));
#4120=DIRECTION('',(0.999928124322437,-0.0119894198781136,0.));
#4121=DIRECTION('',(0.0119894198781136,0.999928124322437,0.));
#4122=DIRECTION('',(0.,0.,-1.));
#4123=DIRECTION('',(0.0119894198781136,0.999928124322437,0.));
#4124=DIRECTION('',(-0.999928124322437,0.0119894198781136,0.));
#4125=DIRECTION('',(0.999968055041815,-0.00799305297672873,0.));
#4126=DIRECTION('',(0.00799305297672873,0.999968055041815,0.));
#4127=DIRECTION('',(0.,0.,1.));
#4128=DIRECTION('',(0.,0.,1.));
#4129=DIRECTION('',(-0.00799305297672914,-0.999968055041815,0.));
#4130=DIRECTION('',(0.999968055041815,-0.00799305297672914,0.));
#4131=DIRECTION('',(0.,0.,1.));
#4132=DIRECTION('',(-0.999968055041815,0.00799305297672873,0.));
#4133=DIRECTION('',(-0.00799305297672873,-0.999968055041815,0.));
#4134=DIRECTION('',(0.,0.,1.));
#4135=DIRECTION('',(0.00799305297672939,0.999968055041815,0.));
#4136=DIRECTION('',(-0.999968055041815,0.00799305297672939,0.));
#4137=DIRECTION('',(0.,0.,1.));
#4138=DIRECTION('',(1.,0.,0.));
#4139=DIRECTION('',(0.301925730703272,0.953331449779821,0.));
#4140=DIRECTION('',(0.,0.,1.));
#4141=DIRECTION('',(0.,0.,-1.));
#4142=DIRECTION('',(0.0498935130406989,-0.0158015718307053,-0.998629534754574));
#4143=DIRECTION('',(0.953331449779821,-0.301925730703272,0.));
#4144=DIRECTION('',(0.,0.,1.));
#4145=DIRECTION('',(1.,0.,0.));
#4146=DIRECTION('',(0.,0.,1.));
#4147=DIRECTION('',(1.,0.,0.));
#4148=DIRECTION('',(0.,0.,-1.));
#4149=DIRECTION('',(1.,0.,0.));
#4150=DIRECTION('',(0.,0.,-1.));
#4151=DIRECTION('',(-1.,0.,0.));
#4152=DIRECTION('',(-0.301925730309226,-0.953331449904618,0.));
#4153=DIRECTION('',(0.,0.,1.));
#4154=DIRECTION('',(0.,0.,-1.));
#4155=DIRECTION('',(-0.0498935130472303,0.0158015718100825,-0.998629534754574));
#4156=DIRECTION('',(-0.953331449904618,0.301925730309225,0.));
#4157=DIRECTION('',(0.,0.,1.));
#4158=DIRECTION('',(1.,0.,0.));
#4159=DIRECTION('',(0.,0.,1.));
#4160=DIRECTION('',(1.,0.,0.));
#4161=DIRECTION('',(0.,0.,-1.));
#4162=DIRECTION('',(1.,0.,0.));
#4163=DIRECTION('',(0.,0.,-1.));
#4164=DIRECTION('',(-1.,0.,0.));
#4165=DIRECTION('',(-0.316091120255019,0.948728835703821,0.));
#4166=DIRECTION('',(0.,0.,1.));
#4167=DIRECTION('',(0.,0.,-1.));
#4168=DIRECTION('',(0.0496526308318142,0.0165429310384498,-0.998629534754574));
#4169=DIRECTION('',(0.948728835703821,0.316091120255019,0.));
#4170=DIRECTION('',(0.,0.,1.));
#4171=DIRECTION('',(1.,0.,0.));
#4172=DIRECTION('',(0.,0.,1.));
#4173=DIRECTION('',(1.,0.,0.));
#4174=DIRECTION('',(0.,0.,-1.));
#4175=DIRECTION('',(1.,0.,0.));
#4176=DIRECTION('',(0.,0.,-1.));
#4177=DIRECTION('',(-1.,0.,0.));
#4178=DIRECTION('',(-0.95555351051459,-0.294817720877228,0.));
#4179=DIRECTION('',(0.,0.,-1.));
#4180=DIRECTION('',(-0.015429567339475,0.050009806714083,0.998629534754574));
#4181=DIRECTION('',(0.294817720877228,-0.95555351051459,0.));
#4182=DIRECTION('',(-0.951056516244063,0.30901699453219,0.));
#4183=DIRECTION('',(0.,0.,-1.));
#4184=DIRECTION('',(-0.30901699453219,-0.951056516244062,0.));
#4185=DIRECTION('',(0.0161726999041627,0.0497744522187159,0.998629534754574));
#4186=DIRECTION('',(0.,0.,-1.));
#4187=DIRECTION('',(-1.,0.,0.));
#4188=DIRECTION('',(0.,0.,-1.));
#4189=DIRECTION('',(-1.,0.,0.));
#4190=DIRECTION('',(0.,0.,-1.));
#4191=DIRECTION('',(1.,0.,0.));
#4192=DIRECTION('',(0.57567058881639,-0.817681706516534,0.));
#4193=DIRECTION('',(0.,0.,-1.));
#4194=DIRECTION('',(-0.0427941540129049,-0.0301282707466443,0.998629534754574));
#4195=DIRECTION('',(0.817681706516534,0.57567058881639,0.));
#4196=DIRECTION('',(4.13335909603266E-10,-1.,0.));
#4197=DIRECTION('',(0.,0.,-1.));
#4198=DIRECTION('',(1.,4.13336154532626E-10,0.));
#4199=DIRECTION('',(-0.0523359562429438,-2.16323300786339E-11,0.998629534754574));
#4200=DIRECTION('',(0.,0.,-1.));
#4201=DIRECTION('',(-1.,0.,0.));
#4202=DIRECTION('',(0.,0.,-1.));
#4203=DIRECTION('',(-1.,0.,0.));
#4204=DIRECTION('',(0.,0.,-1.));
#4205=DIRECTION('',(1.,0.,0.));
#4206=DIRECTION('',(-0.0148939593893903,-0.999889078835101,0.));
#4207=DIRECTION('',(0.,0.,-1.));
#4208=DIRECTION('',(-0.0523301510777113,0.000779489606887311,0.998629534754574));
#4209=DIRECTION('',(0.999889078835101,-0.0148939593893903,0.));
#4210=DIRECTION('',(-0.587785252559989,-0.809016994180586,0.));
#4211=DIRECTION('',(0.,0.,-1.));
#4212=DIRECTION('',(0.809016994180586,-0.587785252559989,0.));
#4213=DIRECTION('',(-0.0423406780072331,0.0307623032582273,0.998629534754574));
#4214=DIRECTION('',(0.,0.,-1.));
#4215=DIRECTION('',(-1.,0.,0.));
#4216=DIRECTION('',(0.,0.,-1.));
#4217=DIRECTION('',(-1.,0.,0.));
#4218=DIRECTION('',(0.,0.,-1.));
#4219=DIRECTION('',(1.,0.,0.));
#4220=DIRECTION('',(-0.599769520660978,-0.800172807639763,0.));
#4221=DIRECTION('',(0.,0.,-1.));
#4222=DIRECTION('',(-0.0418778090474282,0.0313895113891643,0.998629534754574));
#4223=DIRECTION('',(0.800172807639763,-0.599769520660978,0.));
#4224=DIRECTION('',(-0.95105651637179,-0.309016994139085,0.));
#4225=DIRECTION('',(0.,0.,-1.));
#4226=DIRECTION('',(0.309016994139084,-0.95105651637179,0.));
#4227=DIRECTION('',(-0.0161726998835891,0.0497744522254006,0.998629534754574));
#4228=DIRECTION('',(0.,0.,-1.));
#4229=DIRECTION('',(-1.,0.,0.));
#4230=DIRECTION('',(0.,0.,-1.));
#4231=DIRECTION('',(-1.,0.,0.));
#4232=DIRECTION('',(0.,0.,-1.));
#4233=DIRECTION('',(1.,0.,0.));
#4234=DIRECTION('',(0.,0.,1.));
#4235=DIRECTION('',(-1.,0.,0.));
#4236=DIRECTION('',(0.946348537647339,-0.323147714354818,0.));
#4237=DIRECTION('',(0.,0.,-1.));
#4238=DIRECTION('',(-0.016912244638481,-0.049528055656885,0.998629534754574));
#4239=DIRECTION('',(0.323147714354818,0.946348537647339,0.));
#4240=DIRECTION('',(0.58778525255999,-0.809016994180585,0.));
#4241=DIRECTION('',(0.,0.,-1.));
#4242=DIRECTION('',(0.809016994180585,0.58778525255999,0.));
#4243=DIRECTION('',(-0.042340678007233,-0.0307623032582274,0.998629534754574));
#4244=DIRECTION('',(0.,0.,-1.));
#4245=DIRECTION('',(-1.,0.,0.));
#4246=DIRECTION('',(0.,0.,-1.));
#4247=DIRECTION('',(-1.,0.,0.));
#4248=DIRECTION('',(0.,0.,-1.));
#4249=DIRECTION('',(1.,0.,0.));
#4250=DIRECTION('',(-0.813371906060549,0.58174405233868,0.));
#4251=DIRECTION('',(0.,0.,1.));
#4252=DIRECTION('',(0.,0.,-1.));
#4253=DIRECTION('',(0.03044613126779,0.0425685964848248,-0.998629534754574));
#4254=DIRECTION('',(0.58174405233868,0.813371906060549,0.));
#4255=DIRECTION('',(0.,0.,1.));
#4256=DIRECTION('',(1.,0.,0.));
#4257=DIRECTION('',(0.,0.,1.));
#4258=DIRECTION('',(1.,0.,0.));
#4259=DIRECTION('',(0.,0.,-1.));
#4260=DIRECTION('',(1.,0.,0.));
#4261=DIRECTION('',(0.,0.,-1.));
#4262=DIRECTION('',(-1.,0.,0.));
#4263=DIRECTION('',(-0.946348537513771,0.323147714745977,0.));
#4264=DIRECTION('',(0.,0.,-1.));
#4265=DIRECTION('',(0.0169122446589528,0.0495280556498946,0.998629534754574));
#4266=DIRECTION('',(-0.323147714745977,-0.946348537513771,0.));
#4267=DIRECTION('',(-0.587785252225595,0.809016994423538,0.));
#4268=DIRECTION('',(0.,0.,-1.));
#4269=DIRECTION('',(-0.809016994423538,-0.587785252225594,0.));
#4270=DIRECTION('',(0.0423406780199482,0.0307623032407265,0.998629534754574));
#4271=DIRECTION('',(0.,0.,-1.));
#4272=DIRECTION('',(-1.,0.,0.));
#4273=DIRECTION('',(0.,0.,-1.));
#4274=DIRECTION('',(-1.,0.,0.));
#4275=DIRECTION('',(0.,0.,-1.));
#4276=DIRECTION('',(1.,0.,0.));
#4277=DIRECTION('',(-0.575670588478413,0.817681706754479,0.));
#4278=DIRECTION('',(0.,0.,-1.));
#4279=DIRECTION('',(0.042794154025358,0.0301282707289559,0.998629534754574));
#4280=DIRECTION('',(-0.817681706754479,-0.575670588478413,0.));
#4281=DIRECTION('',(-9.29084875255488E-16,1.,0.));
#4282=DIRECTION('',(0.,0.,-1.));
#4283=DIRECTION('',(-1.,-9.55533619991926E-16,0.));
#4284=DIRECTION('',(0.0523359562429438,4.86245453773522E-17,0.998629534754574));
#4285=DIRECTION('',(0.,0.,-1.));
#4286=DIRECTION('',(-1.,0.,0.));
#4287=DIRECTION('',(0.,0.,-1.));
#4288=DIRECTION('',(-1.,0.,0.));
#4289=DIRECTION('',(0.,0.,-1.));
#4290=DIRECTION('',(1.,0.,0.));
#4291=DIRECTION('',(0.0148939589761011,0.999889078841257,0.));
#4292=DIRECTION('',(0.,0.,-1.));
#4293=DIRECTION('',(0.0523301510780335,-0.000779489585257427,0.998629534754574));
#4294=DIRECTION('',(-0.999889078841257,0.0148939589761006,0.));
#4295=DIRECTION('',(0.587785252225594,0.809016994423539,0.));
#4296=DIRECTION('',(0.,0.,-1.));
#4297=DIRECTION('',(-0.809016994423539,0.587785252225593,0.));
#4298=DIRECTION('',(0.0423406780199483,-0.0307623032407263,0.998629534754574));
#4299=DIRECTION('',(0.,0.,-1.));
#4300=DIRECTION('',(-1.,0.,0.));
#4301=DIRECTION('',(0.,0.,-1.));
#4302=DIRECTION('',(-1.,0.,0.));
#4303=DIRECTION('',(0.,0.,-1.));
#4304=DIRECTION('',(1.,0.,0.));
#4305=DIRECTION('',(0.951056516244062,0.309016994532191,0.));
#4306=DIRECTION('',(0.,0.,-1.));
#4307=DIRECTION('',(-0.309016994532191,0.951056516244062,0.));
#4308=DIRECTION('',(0.0161726999041628,-0.0497744522187159,0.998629534754574));
#4309=DIRECTION('',(0.599769520330238,0.800172807887669,0.));
#4310=DIRECTION('',(0.,0.,-1.));
#4311=DIRECTION('',(0.0418778090604026,-0.0313895113718548,0.998629534754574));
#4312=DIRECTION('',(-0.800172807887669,0.599769520330238,0.));
#4313=DIRECTION('',(0.,0.,-1.));
#4314=DIRECTION('',(-1.,0.,0.));
#4315=DIRECTION('',(0.,0.,-1.));
#4316=DIRECTION('',(-1.,0.,0.));
#4317=DIRECTION('',(0.,0.,-1.));
#4318=DIRECTION('',(1.,0.,0.));
#4319=DIRECTION('',(0.813371905820093,-0.581744052674876,0.));
#4320=DIRECTION('',(0.,0.,1.));
#4321=DIRECTION('',(0.,0.,-1.));
#4322=DIRECTION('',(-0.0304461312853852,-0.0425685964722402,-0.998629534754574));
#4323=DIRECTION('',(-0.581744052674876,-0.813371905820093,0.));
#4324=DIRECTION('',(0.,0.,1.));
#4325=DIRECTION('',(1.,0.,0.));
#4326=DIRECTION('',(0.,0.,1.));
#4327=DIRECTION('',(1.,0.,0.));
#4328=DIRECTION('',(0.,0.,-1.));
#4329=DIRECTION('',(1.,0.,0.));
#4330=DIRECTION('',(0.,0.,-1.));
#4331=DIRECTION('',(-1.,0.,0.));
#4332=DIRECTION('',(0.316091119862876,-0.948728835834472,0.));
#4333=DIRECTION('',(0.,0.,1.));
#4334=DIRECTION('',(0.,0.,-1.));
#4335=DIRECTION('',(-0.049652630838652,-0.0165429310179266,-0.998629534754574));
#4336=DIRECTION('',(-0.948728835834472,-0.316091119862876,0.));
#4337=DIRECTION('',(0.,0.,1.));
#4338=DIRECTION('',(1.,0.,0.));
#4339=DIRECTION('',(0.,0.,1.));
#4340=DIRECTION('',(1.,0.,0.));
#4341=DIRECTION('',(0.,0.,-1.));
#4342=DIRECTION('',(1.,0.,0.));
#4343=DIRECTION('',(0.,0.,-1.));
#4344=DIRECTION('',(-1.,0.,0.));
#4345=DIRECTION('',(-0.804617213610678,-0.593793852748063,0.));
#4346=DIRECTION('',(0.,0.,1.));
#4347=DIRECTION('',(0.,0.,-1.));
#4348=DIRECTION('',(-0.0310767690947517,0.0421104112838479,-0.998629534754574));
#4349=DIRECTION('',(-0.593793852748063,0.804617213610678,0.));
#4350=DIRECTION('',(0.,0.,1.));
#4351=DIRECTION('',(1.,0.,0.));
#4352=DIRECTION('',(0.,0.,1.));
#4353=DIRECTION('',(1.,0.,0.));
#4354=DIRECTION('',(0.,0.,-1.));
#4355=DIRECTION('',(1.,0.,0.));
#4356=DIRECTION('',(0.,0.,-1.));
#4357=DIRECTION('',(-1.,0.,0.));
#4358=DIRECTION('',(-0.99997226932428,-0.00744718621020293,0.));
#4359=DIRECTION('',(0.,0.,1.));
#4360=DIRECTION('',(0.,0.,-1.));
#4361=DIRECTION('',(-0.000389755611630235,0.0523345049315128,-0.998629534754574));
#4362=DIRECTION('',(-0.00744718621020362,0.99997226932428,0.));
#4363=DIRECTION('',(0.,0.,1.));
#4364=DIRECTION('',(1.,0.,0.));
#4365=DIRECTION('',(0.,0.,1.));
#4366=DIRECTION('',(1.,0.,0.));
#4367=DIRECTION('',(0.,0.,-1.));
#4368=DIRECTION('',(1.,0.,0.));
#4369=DIRECTION('',(0.,0.,-1.));
#4370=DIRECTION('',(-1.,0.,0.));
#4371=DIRECTION('',(0.955553510392732,0.294817721272192,0.));
#4372=DIRECTION('',(0.,0.,-1.));
#4373=DIRECTION('',(0.0154295673601459,-0.0500098067077054,0.998629534754574));
#4374=DIRECTION('',(-0.294817721272193,0.955553510392731,0.));
#4375=DIRECTION('',(0.951056516371791,-0.309016994139083,0.));
#4376=DIRECTION('',(0.,0.,-1.));
#4377=DIRECTION('',(0.309016994139084,0.95105651637179,0.));
#4378=DIRECTION('',(-0.0161726998835891,-0.0497744522254006,0.998629534754574));
#4379=DIRECTION('',(0.,0.,-1.));
#4380=DIRECTION('',(-1.,0.,0.));
#4381=DIRECTION('',(0.,0.,-1.));
#4382=DIRECTION('',(-1.,0.,0.));
#4383=DIRECTION('',(0.,0.,-1.));
#4384=DIRECTION('',(1.,0.,0.));
#4385=DIRECTION('',(0.999972269327358,0.00744718579687915,0.));
#4386=DIRECTION('',(0.,0.,1.));
#4387=DIRECTION('',(0.,0.,-1.));
#4388=DIRECTION('',(0.00038975558999854,-0.0523345049316739,-0.998629534754574));
#4389=DIRECTION('',(0.00744718579687915,-0.999972269327358,0.));
#4390=DIRECTION('',(0.,0.,1.));
#4391=DIRECTION('',(1.,0.,0.));
#4392=DIRECTION('',(0.,0.,1.));
#4393=DIRECTION('',(1.,0.,0.));
#4394=DIRECTION('',(0.,0.,-1.));
#4395=DIRECTION('',(1.,0.,0.));
#4396=DIRECTION('',(0.,0.,-1.));
#4397=DIRECTION('',(-1.,0.,0.));
#4398=DIRECTION('',(0.804617213856114,0.593793852415486,0.));
#4399=DIRECTION('',(0.,0.,1.));
#4400=DIRECTION('',(0.,0.,-1.));
#4401=DIRECTION('',(0.0310767690773459,-0.042110411296693,-0.998629534754574));
#4402=DIRECTION('',(0.593793852415486,-0.804617213856114,0.));
#4403=DIRECTION('',(0.,0.,1.));
#4404=DIRECTION('',(1.,0.,0.));
#4405=DIRECTION('',(0.,0.,1.));
#4406=DIRECTION('',(1.,0.,0.));
#4407=DIRECTION('',(0.,0.,-1.));
#4408=DIRECTION('',(1.,0.,0.));
#4409=DIRECTION('',(0.,0.,-1.));
#4410=DIRECTION('',(-1.,0.,0.));
#4411=DIRECTION('',(0.,0.,-1.));
#4412=DIRECTION('',(-1.,0.,0.));
#4413=DIRECTION('',(0.,0.,-1.));
#4414=DIRECTION('',(-1.,0.,0.));
#4415=DIRECTION('',(0.,0.,-1.));
#4416=DIRECTION('',(-1.,0.,0.));
#4417=DIRECTION('',(0.,0.,-1.));
#4418=DIRECTION('',(-1.,0.,0.));
#4419=DIRECTION('',(0.,0.,-1.));
#4420=DIRECTION('',(-1.,0.,0.));
#4421=DIRECTION('',(0.,0.,-1.));
#4422=DIRECTION('',(-1.,0.,0.));
#4423=DIRECTION('',(0.,0.,-1.));
#4424=DIRECTION('',(-1.,0.,0.));
#4425=DIRECTION('',(0.,0.,-1.));
#4426=DIRECTION('',(-1.,0.,0.));
#4427=DIRECTION('',(0.,0.,-1.));
#4428=DIRECTION('',(-1.,0.,0.));
#4429=DIRECTION('',(0.,0.,-1.));
#4430=DIRECTION('',(-1.,0.,0.));
#4431=DIRECTION('',(-0.700006601630575,0.714136371902184,0.));
#4432=DIRECTION('',(-0.714136371902184,-0.700006601630575,0.));
#4433=DIRECTION('',(0.,0.,1.));
#4434=DIRECTION('',(0.,0.,1.));
#4435=DIRECTION('',(0.0119894198781135,0.999928124322437,0.));
#4436=DIRECTION('',(-0.999928124322437,0.0119894198781135,0.));
#4437=DIRECTION('',(0.,0.,1.));
#4438=DIRECTION('',(0.999968055041815,-0.00799305297672903,0.));
#4439=DIRECTION('',(0.00799305297672903,0.999968055041816,0.));
#4440=DIRECTION('',(0.,0.,1.));
#4441=DIRECTION('',(0.00799305297672938,0.999968055041815,0.));
#4442=DIRECTION('',(-0.999968055041816,0.00799305297672938,0.));
#4443=DIRECTION('',(0.,0.,1.));
#4444=DIRECTION('',(0.,0.,1.));
#4445=DIRECTION('',(1.,0.,0.));
#4446=DIRECTION('',(0.0079930529767294,0.999968055041815,0.));
#4447=DIRECTION('',(-0.999968055041816,0.0079930529767294,0.));
#4448=DIRECTION('',(0.,0.,1.));
#4449=DIRECTION('',(0.,0.,1.));
#4450=DIRECTION('',(0.,0.,1.));
#4451=DIRECTION('',(1.,0.,0.));
#4452=DIRECTION('',(0.,0.,1.));
#4453=DIRECTION('',(1.,0.,0.));
#4454=DIRECTION('',(0.,0.,-1.));
#4455=DIRECTION('',(0.,0.,1.));
#4456=DIRECTION('',(0.999928124322437,-0.0119894198781135,0.));
#4457=DIRECTION('',(0.0119894198781135,0.999928124322437,0.));
#4458=DIRECTION('',(0.,0.,1.));
#4459=DIRECTION('',(-0.0119894198781134,-0.999928124322437,0.));
#4460=DIRECTION('',(0.999928124322437,-0.0119894198781134,0.));
#4461=CARTESIAN_POINT('',(0.,0.,0.));
#4462=CARTESIAN_POINT('',(-0.0075,-1.6073489238809E-18,0.11095));
#4463=CARTESIAN_POINT('',(-0.0319830939786182,0.00455493448435416,0.11095));
#4464=CARTESIAN_POINT('',(-0.0319830939786182,0.0110960491300308,0.11095));
#4465=CARTESIAN_POINT('',(-0.0319830939786182,-0.0019861801613225,0.11095));
#4466=CARTESIAN_POINT('',(-0.0161304729325283,-0.00217625755315401,0.11095));
#4467=CARTESIAN_POINT('',(-0.000277851886438524,-0.00236633494498554,0.11095));
#4468=CARTESIAN_POINT('',(-1.51235081204877E-5,0.0195454420391038,0.11095));
#4469=CARTESIAN_POINT('',(0.000247604870197549,0.0414572190231931,0.11095));
#4470=CARTESIAN_POINT('',(-0.0075,-8.67361737988404E-19,0.11095));
#4471=CARTESIAN_POINT('',(-0.0481536457218586,0.0112253053358616,0.11095));
#4472=CARTESIAN_POINT('',(-0.0400683698502384,0.0111606772329462,0.11095));
#4473=CARTESIAN_POINT('',(-0.0373999697849531,-0.0405157956150483,0.11095));
#4474=CARTESIAN_POINT('',(-0.0373999697849531,-0.0405157956150483,0.11095));
#4475=CARTESIAN_POINT('',(-0.038289439903318,-0.0417210673855736,0.11095));
#4476=CARTESIAN_POINT('',(-0.0075,-6.4057394059046E-17,0.11095));
#4477=CARTESIAN_POINT('',(-0.0566935531839602,-0.0163899785993908,0.11095));
#4478=CARTESIAN_POINT('',(-0.0552724102300538,-0.0159164917074377,0.11095));
#4479=CARTESIAN_POINT('',(-0.0552724102300538,-0.0159164917074377,0.11095));
#4480=CARTESIAN_POINT('',(-0.0075,1.83697019872103E-18,0.11095));
#4481=CARTESIAN_POINT('',(-0.0555041708334892,-0.0152032059135784,0.11095));
#4482=CARTESIAN_POINT('',(-0.0555041708334892,-0.0152032059135784,0.11095));
#4483=CARTESIAN_POINT('',(-0.0569322082469169,-0.0156554738409621,0.11095));
#4484=CARTESIAN_POINT('',(-0.00750000000000013,1.79082901808582E-17,0.11095));
#4485=CARTESIAN_POINT('',(-0.0569322082469169,0.015655473840962,0.11095));
#4486=CARTESIAN_POINT('',(-0.0555041708334892,0.0152032059135783,0.11095));
#4487=CARTESIAN_POINT('',(-0.0555041708334892,0.0152032059135783,0.11095));
#4488=CARTESIAN_POINT('',(-0.0075,1.83697019872103E-18,0.11095));
#4489=CARTESIAN_POINT('',(-0.0552724102300538,0.0159164917074376,0.11095));
#4490=CARTESIAN_POINT('',(-0.0552724102300538,0.0159164917074376,0.11095));
#4491=CARTESIAN_POINT('',(-0.0566935531839602,0.0163899785993907,0.11095));
#4492=CARTESIAN_POINT('',(-0.00750000000000009,6.21437388182668E-17,0.11095));
#4493=CARTESIAN_POINT('',(-0.0382894399033182,0.0417210673855735,0.11095));
#4494=CARTESIAN_POINT('',(-0.0373999697849533,0.0405157956150482,0.11095));
#4495=CARTESIAN_POINT('',(-0.0373999697849533,0.0405157956150482,0.11095));
#4496=CARTESIAN_POINT('',(-0.0075,1.83697019872103E-18,0.11095));
#4497=CARTESIAN_POINT('',(-0.0367932126478836,0.0409566304794151,0.11095));
#4498=CARTESIAN_POINT('',(-0.0367932126478836,0.040956630479415,0.11095));
#4499=CARTESIAN_POINT('',(-0.037664632836887,0.0421750162912524,0.11095));
#4500=CARTESIAN_POINT('',(-0.0075,7.38531222811102E-17,0.11095));
#4501=CARTESIAN_POINT('',(-0.00788615201421624,0.0518506312398752,0.11095));
#4502=CARTESIAN_POINT('',(-0.00787499654406575,0.0503527284767511,0.11095));
#4503=CARTESIAN_POINT('',(-0.00787499654406575,0.0503527284767511,0.11095));
#4504=CARTESIAN_POINT('',(-0.0075,1.83697019872103E-18,0.11095));
#4505=CARTESIAN_POINT('',(-0.00712500347674696,0.0503527284769061,0.11095));
#4506=CARTESIAN_POINT('',(-0.00712500347674698,0.0503527284769061,0.11095));
#4507=CARTESIAN_POINT('',(-0.00711384800721563,0.0518506312400349,0.11095));
#4508=CARTESIAN_POINT('',(-0.0075,-7.18636497009416E-17,0.11095));
#4509=CARTESIAN_POINT('',(0.0226646328194545,0.0421750163037206,0.11095));
#4510=CARTESIAN_POINT('',(0.0217932126309547,0.0409566304915231,0.11095));
#4511=CARTESIAN_POINT('',(0.0217932126309547,0.0409566304915231,0.11095));
#4512=CARTESIAN_POINT('',(-0.0075,1.83697019872103E-18,0.11095));
#4513=CARTESIAN_POINT('',(0.0223999697682066,0.040515795627407,0.11095));
#4514=CARTESIAN_POINT('',(0.0223999697682065,0.040515795627407,0.11095));
#4515=CARTESIAN_POINT('',(0.0232894398860732,0.0417210673983,0.11095));
#4516=CARTESIAN_POINT('',(-0.0075,2.57145458227538E-17,0.11095));
#4517=CARTESIAN_POINT('',(0.0416935531771856,0.0163899786197242,0.11095));
#4518=CARTESIAN_POINT('',(0.0402724102234749,0.0159164917271837,0.11095));
#4519=CARTESIAN_POINT('',(0.0402724102234749,0.0159164917271837,0.11095));
#4520=CARTESIAN_POINT('',(-0.0075,1.83697019872103E-18,0.11095));
#4521=CARTESIAN_POINT('',(0.0405041708272052,0.0152032059334202,0.11095));
#4522=CARTESIAN_POINT('',(0.0405041708272052,0.0152032059334202,0.11095));
#4523=CARTESIAN_POINT('',(0.0419322082404459,0.0156554738613942,0.11095));
#4524=CARTESIAN_POINT('',(-0.0075,3.59682150404952E-18,0.11095));
#4525=CARTESIAN_POINT('',(0.041932208240446,-0.0156554738613941,0.11095));
#4526=CARTESIAN_POINT('',(0.0405041708272052,-0.0152032059334201,0.11095));
#4527=CARTESIAN_POINT('',(0.0405041708272052,-0.0152032059334201,0.11095));
#4528=CARTESIAN_POINT('',(-0.0075,1.83697019872103E-18,0.11095));
#4529=CARTESIAN_POINT('',(0.0402724102234749,-0.0159164917271836,0.11095));
#4530=CARTESIAN_POINT('',(0.0402724102234749,-0.0159164917271836,0.11095));
#4531=CARTESIAN_POINT('',(0.0416935531771857,-0.0163899786197241,0.11095));
#4532=CARTESIAN_POINT('',(-0.0075,-2.37250732425852E-17,0.11095));
#4533=CARTESIAN_POINT('',(0.0232894398860733,-0.0417210673982999,0.11095));
#4534=CARTESIAN_POINT('',(0.0223999697682066,-0.040515795627407,0.11095));
#4535=CARTESIAN_POINT('',(0.0223999697682066,-0.040515795627407,0.11095));
#4536=CARTESIAN_POINT('',(-0.0075,1.83697019872103E-18,0.11095));
#4537=CARTESIAN_POINT('',(0.0217932126309548,-0.0409566304915229,0.11095));
#4538=CARTESIAN_POINT('',(0.0217932126309548,-0.0409566304915229,0.11095));
#4539=CARTESIAN_POINT('',(0.0226646328194546,-0.0421750163037205,0.11095));
#4540=CARTESIAN_POINT('',(-0.0075,-2.24240306356026E-17,0.11095));
#4541=CARTESIAN_POINT('',(-0.0071138480072155,-0.0518506312400348,0.11095));
#4542=CARTESIAN_POINT('',(-0.00712500347674685,-0.050352728476906,0.11095));
#4543=CARTESIAN_POINT('',(-0.00712500347674685,-0.0503527284769061,0.11095));
#4544=CARTESIAN_POINT('',(-0.0075,1.83697019872103E-18,0.11095));
#4545=CARTESIAN_POINT('',(-0.0078749965440656,-0.0503527284767511,0.11095));
#4546=CARTESIAN_POINT('',(-0.00787499654406563,-0.050352728476751,0.11095));
#4547=CARTESIAN_POINT('',(-0.00788615201421611,-0.0518506312398752,0.11095));
#4548=CARTESIAN_POINT('',(-0.0075,-7.7067820128872E-17,0.11095));
#4549=CARTESIAN_POINT('',(-0.037664632836887,-0.0421750162912524,0.11095));
#4550=CARTESIAN_POINT('',(-0.0367932126478836,-0.0409566304794151,0.11095));
#4551=CARTESIAN_POINT('',(-0.0367932126478836,-0.0409566304794151,0.11095));
#4552=CARTESIAN_POINT('',(-0.0075,1.83697019872103E-18,0.11095));
#4553=CARTESIAN_POINT('',(0.01252155110476,-0.0286609488914705,0.11095));
#4554=CARTESIAN_POINT('',(-0.00172799367958589,-0.0285470478865522,0.11095));
#4555=CARTESIAN_POINT('',(0.0125783868959226,-0.0286614031974731,0.11095));
#4556=CARTESIAN_POINT('',(0.0167485009123252,-0.0245409902714818,0.11095));
#4557=CARTESIAN_POINT('',(0.0268849968940243,-0.014525305112043,0.11095));
#4558=CARTESIAN_POINT('',(0.0269988978989427,-0.00027576032769714,0.11095));
#4559=CARTESIAN_POINT('',(0.027112798903861,0.0139737844566487,0.11095));
#4560=CARTESIAN_POINT('',(0.016936355604255,0.00399869038341303,0.11095));
#4561=CARTESIAN_POINT('',(-0.00161318406266245,-0.014183831519881,0.11095));
#4562=CARTESIAN_POINT('',(-0.00154723773699801,-0.00593363985922063,0.11095));
#4563=CARTESIAN_POINT('',(-0.0389830939786182,0.000251654077121418,0.11095));
#4564=CARTESIAN_POINT('',(-0.0389519210720089,0.00415152949178449,0.11095));
#4565=CARTESIAN_POINT('',(-0.0390142668852274,-0.00364822133754165,0.11095));
#4566=CARTESIAN_POINT('',(-0.042851796486672,0.00418270239839374,0.11095));
#4567=CARTESIAN_POINT('',(-0.0467516719013351,0.00421387530500298,0.11095));
#4568=CARTESIAN_POINT('',(-0.0467828448079443,0.000313999890339906,0.11095));
#4569=CARTESIAN_POINT('',(-0.0468140177145536,-0.00358587552432317,0.11095));
#4570=CARTESIAN_POINT('',(-0.0429141422998905,-0.00361704843093241,0.11095));
#4571=CARTESIAN_POINT('',(-0.0075,-2.08166817117217E-17,0.11095));
#4572=CARTESIAN_POINT('',(-0.0290987717147302,-0.0362245697114084,0.11095));
#4573=CARTESIAN_POINT('',(0.014985595873918,-0.035680868382882,0.11095));
#4574=CARTESIAN_POINT('',(0.00310093721910115,-0.0355858706419449,0.11095));
#4575=CARTESIAN_POINT('',(-0.0087837214357157,-0.0354908729010077,0.11095));
#4576=CARTESIAN_POINT('',(-0.00872934905560147,-0.0286886355895433,0.11095));
#4577=CARTESIAN_POINT('',(-0.00867497667548725,-0.0218863982780789,0.11095));
#4578=CARTESIAN_POINT('',(-0.011538057000005,-0.0218520691384934,0.11095));
#4579=CARTESIAN_POINT('',(-0.0144011373245228,-0.0218177399989078,0.11095));
#4580=CARTESIAN_POINT('',(-0.0217499545196265,-0.029021154855158,0.11095));
#4581=CARTESIAN_POINT('',(-0.0075,-1.6073489238809E-18,0.13345));
#4582=CARTESIAN_POINT('',(-0.0161304729325283,-0.00217625755315401,0.13345));
#4583=CARTESIAN_POINT('',(-0.0319830939786182,-0.0019861801613225,0.13345));
#4584=CARTESIAN_POINT('',(-0.000277851886438524,-0.00236633494498554,0.13345));
#4585=CARTESIAN_POINT('',(-0.0319830939786182,0.00455493448435416,0.13345));
#4586=CARTESIAN_POINT('',(-0.0319830939786182,0.0110960491300308,0.13345));
#4587=CARTESIAN_POINT('',(-0.0400683698502384,0.0111606772329462,0.13345));
#4588=CARTESIAN_POINT('',(-0.0481536457218586,0.0112253053358616,0.13345));
#4589=CARTESIAN_POINT('',(-0.0075,-8.67361737988404E-19,0.13345));
#4590=CARTESIAN_POINT('',(0.000247604870197549,0.0414572190231931,0.13345));
#4591=CARTESIAN_POINT('',(-1.51235081204877E-5,0.0195454420391038,0.13345));
#4592=CARTESIAN_POINT('',(-0.0075,1.83697019872103E-18,0.13345));
#4593=CARTESIAN_POINT('',(0.00839077263034541,0.046536641829073,0.13345));
#4594=CARTESIAN_POINT('',(0.00769589517314419,0.0467681564464923,0.13345));
#4595=CARTESIAN_POINT('',(0.00806028029767407,0.0478896185463958,0.13345));
#4596=CARTESIAN_POINT('',(0.00816005678170561,0.048196698988956,0.13345));
#4597=CARTESIAN_POINT('',(-0.0075,1.83697019872103E-18,0.13345));
#4598=CARTESIAN_POINT('',(-0.0224404801125521,0.0484245931923513,0.13345));
#4599=CARTESIAN_POINT('',(-0.0223452883392301,0.0481160607446889,0.13345));
#4600=CARTESIAN_POINT('',(-0.0219976466427639,0.0469892959017085,0.13345));
#4601=CARTESIAN_POINT('',(-0.0075,1.83697019872103E-18,0.13345));
#4602=CARTESIAN_POINT('',(-0.0226958951924752,0.0467681564402112,0.13345));
#4603=CARTESIAN_POINT('',(-0.0230602803174687,0.0478896185399641,0.13345));
#4604=CARTESIAN_POINT('',(-0.0231600568016271,0.0481966989824831,0.13345));
#4605=CARTESIAN_POINT('',(-0.0075,1.83697019872103E-18,0.13345));
#4606=CARTESIAN_POINT('',(-0.0480503640393895,0.0303945249693306,0.13345));
#4607=CARTESIAN_POINT('',(-0.0477920014544737,0.0302008692963326,0.13345));
#4608=CARTESIAN_POINT('',(-0.0468484576566322,0.0294936360518839,0.13345));
#4609=CARTESIAN_POINT('',(-0.0075,1.83697019872103E-18,0.13345));
#4610=CARTESIAN_POINT('',(-0.047283370085527,0.0289043102694868,0.13345));
#4611=CARTESIAN_POINT('',(-0.0482373427273265,0.0295974119641872,0.13345));
#4612=CARTESIAN_POINT('',(-0.0484985609540141,0.0297871981149329,0.13345));
#4613=CARTESIAN_POINT('',(-0.0075,1.83697019872103E-18,0.13345));
#4614=CARTESIAN_POINT('',(-0.0581713871633023,0.000754781282886835,0.13345));
#4615=CARTESIAN_POINT('',(-0.0578485394927842,0.000749972269505272,0.13345));
#4616=CARTESIAN_POINT('',(-0.0566694952543769,0.000732409684925206,0.13345));
#4617=CARTESIAN_POINT('',(-0.0075,1.83697019872103E-18,0.13345));
#4618=CARTESIAN_POINT('',(-0.0566749497967895,-4.10321898172719E-17,0.13345));
#4619=CARTESIAN_POINT('',(-0.0578541248306579,-4.18629846982834E-17,0.13345));
#4620=CARTESIAN_POINT('',(-0.0581770083157863,-4.21629708607861E-17,0.13345));
#4621=CARTESIAN_POINT('',(-0.0075,1.83697019872103E-18,0.13345));
#4622=CARTESIAN_POINT('',(-0.0489376626528631,-0.0291732631994742,0.13345));
#4623=CARTESIAN_POINT('',(-0.0486736467336604,-0.0289873886735803,0.13345));
#4624=CARTESIAN_POINT('',(-0.0477094568794046,-0.0283085722879142,0.13345));
#4625=CARTESIAN_POINT('',(-0.0075,1.83697019872103E-18,0.13345));
#4626=CARTESIAN_POINT('',(-0.0472833700855269,-0.0289043102694869,0.13345));
#4627=CARTESIAN_POINT('',(-0.0482373427273265,-0.0295974119641873,0.13345));
#4628=CARTESIAN_POINT('',(-0.0484985609540141,-0.029787198114933,0.13345));
#4629=CARTESIAN_POINT('',(-0.0075,1.83697019872103E-18,0.13345));
#4630=CARTESIAN_POINT('',(-0.0238761594274092,-0.0479581127052176,0.13345));
#4631=CARTESIAN_POINT('',(-0.0237718203670607,-0.0476525523912789,0.13345));
#4632=CARTESIAN_POINT('',(-0.0233907726495807,-0.0465366418225048,0.13345));
#4633=CARTESIAN_POINT('',(-0.0075,1.83697019872103E-18,0.13345));
#4634=CARTESIAN_POINT('',(-0.0226958951924752,-0.0467681564402112,0.13345));
#4635=CARTESIAN_POINT('',(-0.0230602803174686,-0.0478896185399641,0.13345));
#4636=CARTESIAN_POINT('',(-0.023160056801627,-0.0481966989824831,0.13345));
#4637=CARTESIAN_POINT('',(-0.0075,1.83697019872103E-18,0.13345));
#4638=CARTESIAN_POINT('',(0.00744048009253646,-0.0484245931985267,0.13345));
#4639=CARTESIAN_POINT('',(0.00734528831934199,-0.048116060750825,0.13345));
#4640=CARTESIAN_POINT('',(0.00699764662334157,-0.0469892959077009,0.13345));
#4641=CARTESIAN_POINT('',(-0.0075,1.83697019872103E-18,0.13345));
#4642=CARTESIAN_POINT('',(0.00769589517314426,-0.0467681564464922,0.13345));
#4643=CARTESIAN_POINT('',(0.00806028029767413,-0.0478896185463957,0.13345));
#4644=CARTESIAN_POINT('',(0.00816005678170568,-0.048196698988956,0.13345));
#4645=CARTESIAN_POINT('',(-0.0075,1.83697019872103E-18,0.13345));
#4646=CARTESIAN_POINT('',(0.0330503640268263,-0.0303945249860916,0.13345));
#4647=CARTESIAN_POINT('',(0.0327920014419906,-0.0302008693129867,0.13345));
#4648=CARTESIAN_POINT('',(0.0318484576444414,-0.029493636068148,0.13345));
#4649=CARTESIAN_POINT('',(-0.0075,1.83697019872103E-18,0.13345));
#4650=CARTESIAN_POINT('',(0.0322833700735798,-0.0289043102859307,0.13345));
#4651=CARTESIAN_POINT('',(0.0332373427150928,-0.0295974119810254,0.13345));
#4652=CARTESIAN_POINT('',(0.033498560941702,-0.0297871981318791,0.13345));
#4653=CARTESIAN_POINT('',(-0.0075,1.83697019872103E-18,0.13345));
#4654=CARTESIAN_POINT('',(0.0431713871629903,-0.000754781303831109,0.13345));
#4655=CARTESIAN_POINT('',(0.0428485394924742,-0.000749972290316102,0.13345));
#4656=CARTESIAN_POINT('',(0.0416694952540741,-0.000732409705248682,0.13345));
#4657=CARTESIAN_POINT('',(-0.0075,1.83697019872103E-18,0.13345));
#4658=CARTESIAN_POINT('',(0.0416749497967894,2.04435647423133E-11,0.13345));
#4659=CARTESIAN_POINT('',(0.0428541248306579,2.08131628809075E-11,0.13345));
#4660=CARTESIAN_POINT('',(0.0431770083157864,2.09466322484489E-11,0.13345));
#4661=CARTESIAN_POINT('',(-0.0075,1.83697019872103E-18,0.13345));
#4662=CARTESIAN_POINT('',(0.0339376626408047,0.0291732632166018,0.13345));
#4663=CARTESIAN_POINT('',(0.0336736467216789,0.0289873886905989,0.13345));
#4664=CARTESIAN_POINT('',(0.0327094568677036,0.0283085723045342,0.13345));
#4665=CARTESIAN_POINT('',(-0.0075,1.83697019872103E-18,0.13345));
#4666=CARTESIAN_POINT('',(0.0322833700735798,0.0289043102859307,0.13345));
#4667=CARTESIAN_POINT('',(0.0332373427150928,0.0295974119810255,0.13345));
#4668=CARTESIAN_POINT('',(0.0334985609417019,0.0297871981318792,0.13345));
#4669=CARTESIAN_POINT('',(-0.0075,1.83697019872103E-18,0.13345));
#4670=CARTESIAN_POINT('',(0.00887615940758644,0.0479581127119864,0.13345));
#4671=CARTESIAN_POINT('',(0.00877182034736427,0.0476525523980047,0.13345));
#4672=CARTESIAN_POINT('',(0.0274358086570097,0.0340835897023334,0.13345));
#4673=CARTESIAN_POINT('',(0.0242433866029941,0.0341218677420272,0.13345));
#4674=CARTESIAN_POINT('',(0.00716261075738969,0.034326671055861,0.13345));
#4675=CARTESIAN_POINT('',(-0.0075,4.9202710886076E-18,0.13345));
#4676=CARTESIAN_POINT('',(0.0272493362637939,0.0310552423989465,0.13345));
#4677=CARTESIAN_POINT('',(0.0269988978989427,-0.00027576032769714,0.13345));
#4678=CARTESIAN_POINT('',(0.0268849968940243,-0.014525305112043,0.13345));
#4679=CARTESIAN_POINT('',(0.0167485009123252,-0.0245409902714818,0.13345));
#4680=CARTESIAN_POINT('',(0.0125783868959226,-0.0286614031974731,0.13345));
#4681=CARTESIAN_POINT('',(0.01252155110476,-0.0286609488914705,0.13345));
#4682=CARTESIAN_POINT('',(-0.00172799367958589,-0.0285470478865522,0.13345));
#4683=CARTESIAN_POINT('',(-0.00154723773699801,-0.00593363985922063,0.13345));
#4684=CARTESIAN_POINT('',(-0.00161318406266245,-0.014183831519881,0.13345));
#4685=CARTESIAN_POINT('',(0.016936355604255,0.00399869038341303,0.13345));
#4686=CARTESIAN_POINT('',(0.00684076811602299,-0.00589714767658897,0.13345));
#4687=CARTESIAN_POINT('',(0.0269535368042544,-0.0061383054386811,0.13345));
#4688=CARTESIAN_POINT('',(0.00668033890463441,-0.00589522408515348,0.13345));
#4689=CARTESIAN_POINT('',(0.00699176152412656,0.0200776952842662,0.13345));
#4690=CARTESIAN_POINT('',(-0.042851796486672,0.00418270239839374,0.13345));
#4691=CARTESIAN_POINT('',(-0.0389519210720089,0.0041515294917845,0.13345));
#4692=CARTESIAN_POINT('',(-0.0467516719013351,0.00421387530500298,0.13345));
#4693=CARTESIAN_POINT('',(-0.0389830939786182,0.000251654077121418,0.13345));
#4694=CARTESIAN_POINT('',(-0.0390142668852274,-0.00364822133754165,0.13345));
#4695=CARTESIAN_POINT('',(-0.0429141422998905,-0.00361704843093241,0.13345));
#4696=CARTESIAN_POINT('',(-0.0468140177145536,-0.00358587552432317,0.13345));
#4697=CARTESIAN_POINT('',(-0.0467828448079443,0.000313999890339906,0.13345));
#4698=CARTESIAN_POINT('',(-0.0292805499017038,-0.0266007018627793,0.13345));
#4699=CARTESIAN_POINT('',(-0.0266025385070707,-0.0239756771066646,0.13345));
#4700=CARTESIAN_POINT('',(-0.031958561296337,-0.029225726618894,0.13345));
#4701=CARTESIAN_POINT('',(-0.0345835860524516,-0.0265477152242607,0.13345));
#4702=CARTESIAN_POINT('',(-0.0372086108085663,-0.0238697038296275,0.13345));
#4703=CARTESIAN_POINT('',(-0.0345305994139332,-0.0212446790735129,0.13345));
#4704=CARTESIAN_POINT('',(-0.0318525880193,-0.0186196543173982,0.13345));
#4705=CARTESIAN_POINT('',(-0.0292275632631853,-0.0212976657120315,0.13345));
#4706=CARTESIAN_POINT('',(-0.0195835669765465,-0.0156533798965938,0.13345));
#4707=CARTESIAN_POINT('',(-0.0199145724200937,-0.0112906597026762,0.13345));
#4708=CARTESIAN_POINT('',(-0.019651511034603,-0.0112793313130351,0.13345));
#4709=CARTESIAN_POINT('',(-0.019620277428303,-0.0130121119399727,0.13345));
#4710=CARTESIAN_POINT('',(-0.0189379363406347,-0.0114203829182751,0.13345));
#4711=CARTESIAN_POINT('',(-0.0195976127817193,-0.0129363309774739,0.13345));
#4712=CARTESIAN_POINT('',(-0.0183996071457692,-0.0117983054003373,0.13345));
#4713=CARTESIAN_POINT('',(-0.0195788580413931,-0.0129126053583323,0.13345));
#4714=CARTESIAN_POINT('',(-0.0180639898236078,-0.0123324376535091,0.13345));
#4715=CARTESIAN_POINT('',(-0.0196608492587053,-0.0129468184243102,0.13345));
#4716=CARTESIAN_POINT('',(-0.0179498576414093,-0.012950114765323,0.13345));
#4717=CARTESIAN_POINT('',(-0.0179498576414093,-0.012950114765323,0.13345));
#4718=CARTESIAN_POINT('',(-0.0179498576414093,-0.013576335468448,0.13345));
#4719=CARTESIAN_POINT('',(-0.0181555461179718,-0.013946208515323,0.13345));
#4720=CARTESIAN_POINT('',(-0.0181555461179718,-0.013946208515323,0.13345));
#4721=CARTESIAN_POINT('',(-0.0181555461179718,-0.013946208515323,0.13345));
#4722=CARTESIAN_POINT('',(-0.0183612345945343,-0.014316081562198,0.13345));
#4723=CARTESIAN_POINT('',(-0.0186627482664093,-0.0145107837106355,0.13345));
#4724=CARTESIAN_POINT('',(-0.0186627482664093,-0.0145107837106355,0.13345));
#4725=CARTESIAN_POINT('',(-0.0195653653051001,-0.0131471068087264,0.13345));
#4726=CARTESIAN_POINT('',(-0.0192926482080594,-0.0147584960336102,0.13345));
#4727=CARTESIAN_POINT('',(-0.019924648515164,-0.0111558557615395,0.13345));
#4728=CARTESIAN_POINT('',(-0.019856589888599,-0.0148119523328559,0.13345));
#4729=CARTESIAN_POINT('',(-0.0198683723543243,-0.0119858204951382,0.13345));
#4730=CARTESIAN_POINT('',(-0.0203528071242308,-0.014769544390194,0.13345));
#4731=CARTESIAN_POINT('',(-0.0198281972765496,-0.011718231288943,0.13345));
#4732=CARTESIAN_POINT('',(-0.0207837255715865,-0.0146627788737631,0.13345));
#4733=CARTESIAN_POINT('',(-0.0196160137636512,-0.0110724435769184,0.13345));
#4734=CARTESIAN_POINT('',(-0.0211237028810024,-0.0145334065781304,0.13345));
#4735=CARTESIAN_POINT('',(-0.0186630888646779,-0.00892689758072872,0.13345));
#4736=CARTESIAN_POINT('',(-0.0213446330320343,-0.0144309860228633,0.13345));
#4737=CARTESIAN_POINT('',(-0.0213446330320343,-0.0140493579293855,0.13345));
#4738=CARTESIAN_POINT('',(-0.0213446330320343,-0.0136682337459374,0.13345));
#4739=CARTESIAN_POINT('',(-0.0199161024969545,-0.0113742496950534,0.13345));
#4740=CARTESIAN_POINT('',(-0.0210742029665756,-0.0138161094766197,0.13345));
#4741=CARTESIAN_POINT('',(-0.0188804543902377,-0.00929161101735822,0.13345));
#4742=CARTESIAN_POINT('',(-0.0207269609230899,-0.0139688009046486,0.13345));
#4743=CARTESIAN_POINT('',(-0.0197725053301585,-0.0115469621037607,0.13345));
#4744=CARTESIAN_POINT('',(-0.020341791333149,-0.0140870578252874,0.13345));
#4745=CARTESIAN_POINT('',(-0.0199446944551274,-0.0124137790756096,0.13345));
#4746=CARTESIAN_POINT('',(-0.0199640177976593,-0.014132976093448,0.13345));
#4747=CARTESIAN_POINT('',(-0.0199640177976593,-0.014132976093448,0.13345));
#4748=CARTESIAN_POINT('',(-0.0193988322507843,-0.014132976093448,0.13345));
#4749=CARTESIAN_POINT('',(-0.0190783976804718,-0.0138430591012605,0.13345));
#4750=CARTESIAN_POINT('',(-0.0190783976804718,-0.0138430591012605,0.13345));
#4751=CARTESIAN_POINT('',(-0.0190783976804718,-0.0138430591012605,0.13345));
#4752=CARTESIAN_POINT('',(-0.0187579631101593,-0.013553142109073,0.13345));
#4753=CARTESIAN_POINT('',(-0.0187579631101593,-0.012950114765323,0.13345));
#4754=CARTESIAN_POINT('',(-0.0187579631101593,-0.012950114765323,0.13345));
#4755=CARTESIAN_POINT('',(-0.0187579631101593,-0.012950114765323,0.13345));
#4756=CARTESIAN_POINT('',(-0.0187579631101593,-0.012515544452823,0.13345));
#4757=CARTESIAN_POINT('',(-0.0190368937742218,-0.0122634692575105,0.13345));
#4758=CARTESIAN_POINT('',(-0.0190368937742218,-0.0122634692575105,0.13345));
#4759=CARTESIAN_POINT('',(-0.0190368937742218,-0.0122634692575105,0.13345));
#4760=CARTESIAN_POINT('',(-0.0193158244382842,-0.012011394062198,0.13345));
#4761=CARTESIAN_POINT('',(-0.0197650431882842,-0.012011394062198,0.13345));
#4762=CARTESIAN_POINT('',(-0.0197650431882842,-0.012011394062198,0.13345));
#4763=CARTESIAN_POINT('',(-0.0197645269341694,-0.0141896360862973,0.13345));
#4764=CARTESIAN_POINT('',(-0.0200555656541015,-0.0120309626224687,0.13345));
#4765=CARTESIAN_POINT('',(-0.019814092768351,-0.0138779374077459,0.13345));
#4766=CARTESIAN_POINT('',(-0.0203302188936762,-0.0120882171340327,0.13345));
#4767=CARTESIAN_POINT('',(-0.0202844523679718,-0.0117104907418855,0.13345));
#4768=CARTESIAN_POINT('',(-0.0202386645505021,-0.0113325886217029,0.13345));
#4769=CARTESIAN_POINT('',(-0.0197536156808954,-0.013808155681102,0.13345));
#4770=CARTESIAN_POINT('',(-0.0206470011960968,-0.012133464374698,0.13345));
#4771=CARTESIAN_POINT('',(-0.0206280802976593,-0.011980876484073,0.13345));
#4772=CARTESIAN_POINT('',(-0.0206659220945343,-0.012286052265323,0.13345));
#4773=CARTESIAN_POINT('',(-0.0210241984617218,-0.012286052265323,0.13345));
#4774=CARTESIAN_POINT('',(-0.0213824748289092,-0.012286052265323,0.13345));
#4775=CARTESIAN_POINT('',(-0.0180053635914212,-0.0124056308554082,0.13345));
#4776=CARTESIAN_POINT('',(-0.0213671856433464,-0.0120571749182226,0.13345));
#4777=CARTESIAN_POINT('',(-0.0201146674844088,0.00119269015099849,0.13345));
#4778=CARTESIAN_POINT('',(-0.0213294651599029,-0.0116567711527536,0.13345));
#4779=CARTESIAN_POINT('',(0.015628441957174,-0.0152732722307787,0.13345));
#4780=CARTESIAN_POINT('',(-0.0212762108163516,-0.0111495845120979,0.13345));
#4781=CARTESIAN_POINT('',(-0.019904485822606,0.00136012397331024,0.13345));
#4782=CARTESIAN_POINT('',(-0.0212152005708958,-0.0105929408969593,0.13345));
#4783=CARTESIAN_POINT('',(0.145345241149191,-0.0301813114184193,0.13345));
#4784=CARTESIAN_POINT('',(-0.0210394108655948,-0.00915128664032304,0.13345));
#4785=CARTESIAN_POINT('',(-0.0196472453367218,-0.00915128664032304,0.13345));
#4786=CARTESIAN_POINT('',(-0.0182550334226593,-0.00915128664032304,0.13345));
#4787=CARTESIAN_POINT('',(-0.0182550334226593,-0.00952482179657304,0.13345));
#4788=CARTESIAN_POINT('',(-0.0182550334226593,-0.00989835695282304,0.13345));
#4789=CARTESIAN_POINT('',(-0.0193042277585967,-0.00989835695282304,0.13345));
#4790=CARTESIAN_POINT('',(-0.020353530476031,-0.00989835695282304,0.13345));
#4791=CARTESIAN_POINT('',(-0.0991743598863616,0.000540174228113409,0.13345));
#4792=CARTESIAN_POINT('',(-0.0204748151403984,-0.0107760523788703,0.13345));
#4793=CARTESIAN_POINT('',(0.0039412173769642,-0.0144236244473144,0.13345));
#4794=CARTESIAN_POINT('',(-0.0205396505165579,-0.0112411211139587,0.13345));
#4795=CARTESIAN_POINT('',(-0.33626937657405,0.0278729416461169,0.13345));
#4796=CARTESIAN_POINT('',(-0.0205628800433128,-0.011427889660866,0.13345));
#4797=CARTESIAN_POINT('',(-0.0205655835100358,-0.0114533078677079,0.13345));
#4798=CARTESIAN_POINT('',(-0.0205671934286579,-0.0114706074938533,0.13345));
#4799=CARTESIAN_POINT('',(-0.0205975627195342,-0.011725749530948,0.13345));
#4800=CARTESIAN_POINT('',(0.00310093721910115,-0.0355858706419449,0.13345));
#4801=CARTESIAN_POINT('',(0.014985595873918,-0.035680868382882,0.13345));
#4802=CARTESIAN_POINT('',(-0.0087837214357157,-0.0354908729010077,0.13345));
#4803=CARTESIAN_POINT('',(-0.0075,-2.08166817117217E-17,0.13345));
#4804=CARTESIAN_POINT('',(-0.0290987717147302,-0.0362245697114084,0.13345));
#4805=CARTESIAN_POINT('',(-0.0217499545196265,-0.029021154855158,0.13345));
#4806=CARTESIAN_POINT('',(-0.0144011373245228,-0.0218177399989078,0.13345));
#4807=CARTESIAN_POINT('',(-0.011538057000005,-0.0218520691384934,0.13345));
#4808=CARTESIAN_POINT('',(-0.00867497667548725,-0.0218863982780789,0.13345));
#4809=CARTESIAN_POINT('',(-0.00872934905560147,-0.0286886355895433,0.13345));
#4810=CARTESIAN_POINT('',(0.0405041708272052,0.0152032059334202,0.1163875));
#4811=CARTESIAN_POINT('',(-0.0075,6.79826953768121E-18,1.10042492259866));
#4812=CARTESIAN_POINT('',(0.0419322082404459,0.0156554738613942,0.111028503934364));
#4813=CARTESIAN_POINT('',(0.0413927938745599,0.015484638128859,0.121825));
#4814=CARTESIAN_POINT('',(0.0419322082404459,0.0156554738613942,0.1297));
#4815=CARTESIAN_POINT('',(-0.0075,6.79826953768121E-18,1.07176393868471));
#4816=CARTESIAN_POINT('',(0.0399608342489906,0.0150311280129519,0.121825));
#4817=CARTESIAN_POINT('',(0.0405041708272052,0.0152032059334202,0.121825));
#4818=CARTESIAN_POINT('',(-0.0555041708334892,-0.0152032059135784,0.1163875));
#4819=CARTESIAN_POINT('',(-0.0075,6.79826953833067E-18,1.10042492259866));
#4820=CARTESIAN_POINT('',(-0.0569322082469169,-0.0156554738409621,0.111028503934364));
#4821=CARTESIAN_POINT('',(-0.0563927938809603,-0.0154846381086499,0.121825));
#4822=CARTESIAN_POINT('',(-0.0569322082469169,-0.0156554738409621,0.1297));
#4823=CARTESIAN_POINT('',(-0.0075,6.79826953833067E-18,1.07176393868471));
#4824=CARTESIAN_POINT('',(-0.0549608342552035,-0.0150311279933346,0.121825));
#4825=CARTESIAN_POINT('',(-0.0555041708334892,-0.0152032059135784,0.121825));
#4826=CARTESIAN_POINT('',(0.0223999697682065,0.040515795627407,0.1163875));
#4827=CARTESIAN_POINT('',(-0.0075,1.83697019872103E-18,1.10042492259866));
#4828=CARTESIAN_POINT('',(0.0232894398860732,0.0417210673983,0.111028503934364));
#4829=CARTESIAN_POINT('',(0.0229534592211726,0.0412657985783179,0.121825));
#4830=CARTESIAN_POINT('',(0.0232894398860732,0.0417210673983,0.1297));
#4831=CARTESIAN_POINT('',(-0.0075,1.83697019872103E-18,1.07176393868471));
#4832=CARTESIAN_POINT('',(0.022061546106624,0.0400572164377137,0.121825));
#4833=CARTESIAN_POINT('',(0.0223999697682065,0.040515795627407,0.121825));
#4834=CARTESIAN_POINT('',(-0.00712500347674696,0.0503527284769061,0.1163875));
#4835=CARTESIAN_POINT('',(-0.0075,1.83757576784752E-18,1.10042492259866));
#4836=CARTESIAN_POINT('',(-0.00711384800721561,0.0518506312400348,0.111028503934364));
#4837=CARTESIAN_POINT('',(-0.00711806177673426,0.0512848265477766,0.121825));
#4838=CARTESIAN_POINT('',(-0.00711384800721563,0.0518506312400349,0.1297));
#4839=CARTESIAN_POINT('',(-0.0075,1.83757576784752E-18,1.07176393868471));
#4840=CARTESIAN_POINT('',(-0.00712924788560303,0.0497828096818728,0.121825));
#4841=CARTESIAN_POINT('',(-0.00712500347674698,0.0503527284769061,0.121825));
#4842=CARTESIAN_POINT('',(-0.0078749965440656,-0.050352728476751,0.1163875));
#4843=CARTESIAN_POINT('',(-0.0075,1.83818133704123E-18,1.10042492259866));
#4844=CARTESIAN_POINT('',(-0.00788615201421609,-0.0518506312398752,0.111028503934364));
#4845=CARTESIAN_POINT('',(-0.00788193824446357,-0.0512848265476187,0.121825));
#4846=CARTESIAN_POINT('',(-0.00788615201421611,-0.0518506312398752,0.1297));
#4847=CARTESIAN_POINT('',(-0.0075,1.83818133704123E-18,1.07176393868471));
#4848=CARTESIAN_POINT('',(-0.00787075213497398,-0.0497828096817196,0.121825));
#4849=CARTESIAN_POINT('',(-0.0078749965440656,-0.050352728476751,0.121825));
#4850=CARTESIAN_POINT('',(-0.0373999697849531,-0.0405157956150483,0.1163875));
#4851=CARTESIAN_POINT('',(-0.0075,1.83697019872103E-18,1.10042492259866));
#4852=CARTESIAN_POINT('',(-0.038289439903318,-0.0417210673855736,0.111028503934364));
#4853=CARTESIAN_POINT('',(-0.0379534592382292,-0.0412657985657304,0.121825));
#4854=CARTESIAN_POINT('',(-0.038289439903318,-0.0417210673855736,0.1297));
#4855=CARTESIAN_POINT('',(-0.0075,1.83697019872103E-18,1.07176393868471));
#4856=CARTESIAN_POINT('',(-0.037061546123181,-0.0400572164254949,0.121825));
#4857=CARTESIAN_POINT('',(-0.0373999697849531,-0.0405157956150483,0.121825));
#4858=CARTESIAN_POINT('',(-0.0552724102300538,0.0159164917074376,0.1163875));
#4859=CARTESIAN_POINT('',(-0.0075,4.30564347450834E-18,1.10042492259866));
#4860=CARTESIAN_POINT('',(-0.0566935531839602,0.0163899785993907,0.111028503934364));
#4861=CARTESIAN_POINT('',(-0.0561567430708589,0.0162111278009381,0.121825));
#4862=CARTESIAN_POINT('',(-0.0566935531839602,0.0163899785993907,0.1297));
#4863=CARTESIAN_POINT('',(-0.0075,4.30564347450834E-18,1.07176393868471));
#4864=CARTESIAN_POINT('',(-0.0547316968407757,0.0157363404415688,0.121825));
#4865=CARTESIAN_POINT('',(-0.0552724102300538,0.0159164917074376,0.121825));
#4866=CARTESIAN_POINT('',(-0.0367932126478836,0.0409566304794151,0.1163875));
#4867=CARTESIAN_POINT('',(-0.0075,1.83697019872103E-18,1.10042492259866));
#4868=CARTESIAN_POINT('',(-0.037664632836887,0.0421750162912524,0.111028503934364));
#4869=CARTESIAN_POINT('',(-0.0373354701942888,0.0417147938881115,0.121825));
#4870=CARTESIAN_POINT('',(-0.037664632836887,0.0421750162912524,0.1297));
#4871=CARTESIAN_POINT('',(-0.0075,1.83697019872103E-18,1.07176393868471));
#4872=CARTESIAN_POINT('',(-0.0364616565840927,0.0404930616878618,0.121825));
#4873=CARTESIAN_POINT('',(-0.0367932126478836,0.040956630479415,0.121825));
#4874=CARTESIAN_POINT('',(0.0217932126309548,-0.0409566304915229,0.1163875));
#4875=CARTESIAN_POINT('',(-0.0075,1.83697019872103E-18,1.10042492259866));
#4876=CARTESIAN_POINT('',(0.0226646328194547,-0.0421750163037204,0.111028503934364));
#4877=CARTESIAN_POINT('',(0.0223354701770466,-0.0417147939004436,0.121825));
#4878=CARTESIAN_POINT('',(0.0226646328194546,-0.0421750163037205,0.1297));
#4879=CARTESIAN_POINT('',(-0.0075,1.83697019872103E-18,1.07176393868471));
#4880=CARTESIAN_POINT('',(0.0214616565673555,-0.0404930616998326,0.121825));
#4881=CARTESIAN_POINT('',(0.0217932126309548,-0.0409566304915229,0.121825));
#4882=CARTESIAN_POINT('',(0.0402724102234749,-0.0159164917271836,0.1163875));
#4883=CARTESIAN_POINT('',(-0.0075,6.77431674961572E-18,1.10042492259866));
#4884=CARTESIAN_POINT('',(0.0416935531771856,-0.0163899786197241,0.111028503934364));
#4885=CARTESIAN_POINT('',(0.0411567430641583,-0.0162111278210497,0.121825));
#4886=CARTESIAN_POINT('',(0.0416935531771857,-0.0163899786197241,0.1297));
#4887=CARTESIAN_POINT('',(-0.0075,6.77431674961572E-18,1.07176393868471));
#4888=CARTESIAN_POINT('',(0.0397316968342714,-0.0157363404610914,0.121825));
#4889=CARTESIAN_POINT('',(0.0402724102234749,-0.0159164917271836,0.121825));
#4890=CARTESIAN_POINT('',(0.0269988978989427,-0.00027576032769714,0.1109485));
#4891=CARTESIAN_POINT('',(0.0272493362637939,0.0310552423989465,0.1222));
#4892=CARTESIAN_POINT('',(0.0272493362637939,0.0310552423989465,0.131811446957174));
#4893=CARTESIAN_POINT('',(0.027112795596045,0.0139733706334966,0.12257486308645));
#4894=CARTESIAN_POINT('',(0.027112798903861,0.0139737844566487,0.122575086850702));
#4895=CARTESIAN_POINT('',(0.027112798903861,0.0139737844566487,0.1109485));
#4896=CARTESIAN_POINT('',(0.0268849968940243,-0.014525305112043,0.1334515));
#4897=CARTESIAN_POINT('',(0.027194672730632,0.0139726421318261,0.122575));
#4898=CARTESIAN_POINT('',(-0.0075,4.9202710886076E-18,0.114795457153178));
#4899=CARTESIAN_POINT('',(0.00692147483101205,0.0142157234853538,0.122575));
#4900=CARTESIAN_POINT('',(0.00668033890463442,-0.0058952240851535,0.1117));
#4901=CARTESIAN_POINT('',(0.0269535368042545,-0.00613830543868113,0.1117));
#4902=CARTESIAN_POINT('',(0.00684076811602301,-0.00589714767658898,0.1117));
#4903=CARTESIAN_POINT('',(0.0154649887675143,0.00255643573897405,0.116326529506893));
#4904=CARTESIAN_POINT('',(-0.0292805499017038,-0.0266007018627793,0.1559515));
#4905=CARTESIAN_POINT('',(-0.0266025385070706,-0.0239756771066646,0.1559515));
#4906=CARTESIAN_POINT('',(-0.0266025385070706,-0.0239756771066646,0.1558));
#4907=CARTESIAN_POINT('',(-0.0292805499017038,-0.0266007018627793,0.1558));
#4908=CARTESIAN_POINT('',(-0.031958561296337,-0.029225726618894,0.1558));
#4909=CARTESIAN_POINT('',(-0.031958561296337,-0.029225726618894,0.1559515));
#4910=CARTESIAN_POINT('',(-0.0292275632631853,-0.0212976657120315,0.1559515));
#4911=CARTESIAN_POINT('',(-0.0318525880193,-0.0186196543173982,0.1559515));
#4912=CARTESIAN_POINT('',(-0.0318525880193,-0.0186196543173982,0.1558));
#4913=CARTESIAN_POINT('',(-0.0292275632631853,-0.0212976657120315,0.1558));
#4914=CARTESIAN_POINT('',(-0.0345835860524516,-0.0265477152242607,0.1559515));
#4915=CARTESIAN_POINT('',(-0.0345835860524516,-0.0265477152242607,0.1558));
#4916=CARTESIAN_POINT('',(-0.0372086108085663,-0.0238697038296275,0.1558));
#4917=CARTESIAN_POINT('',(-0.0372086108085663,-0.0238697038296275,0.1559515));
#4918=CARTESIAN_POINT('',(-0.0345305994139332,-0.0212446790735129,0.1559515));
#4919=CARTESIAN_POINT('',(-0.0345305994139332,-0.0212446790735129,0.1558));
#4920=CARTESIAN_POINT('',(0.016936355604255,0.00399869038341303,0.1109485));
#4921=CARTESIAN_POINT('',(0.00684076811602299,-0.005897147676589,0.1109485));
#4922=CARTESIAN_POINT('',(-0.00161318406266245,-0.014183831519881,0.1334515));
#4923=CARTESIAN_POINT('',(-0.00154723773699801,-0.00593363985922063,0.1109485));
#4924=CARTESIAN_POINT('',(-0.00172799367958589,-0.0285470478865522,0.1109485));
#4925=CARTESIAN_POINT('',(0.01252155110476,-0.0286609488914705,0.1109485));
#4926=CARTESIAN_POINT('',(0.0125783868959226,-0.0286614031974731,0.1334515));
#4927=CARTESIAN_POINT('',(-0.0075,1.83697019872103E-18,0.11095));
#4928=CARTESIAN_POINT('',(-0.0075,2.60411103205832E-18,1.07176393868471));
#4929=CARTESIAN_POINT('',(-0.0221656734627226,0.0475338989091491,0.122575));
#4930=CARTESIAN_POINT('',(-0.0075,1.83697019872103E-18,0.122575));
#4931=CARTESIAN_POINT('',(0.00787201465000032,0.0473101964614456,0.122575));
#4932=CARTESIAN_POINT('',(-0.0075,3.44514730134759E-18,1.07176393868471));
#4933=CARTESIAN_POINT('',(-0.0075,3.51868597761968E-18,1.07176393868471));
#4934=CARTESIAN_POINT('',(0.00857494569357119,0.0470759986040566,0.122575));
#4935=CARTESIAN_POINT('',(-0.0075,1.83697019872103E-18,0.122575));
#4936=CARTESIAN_POINT('',(0.032744456850311,0.0292393094385598,0.122575));
#4937=CARTESIAN_POINT('',(-0.0075,-2.37329211808673E-18,1.07176393868471));
#4938=CARTESIAN_POINT('',(-0.0075,1.83697019872103E-18,1.07176393868471));
#4939=CARTESIAN_POINT('',(0.0331754819637917,0.0286366668911321,0.122575));
#4940=CARTESIAN_POINT('',(-0.0075,1.83697019872103E-18,0.122575));
#4941=CARTESIAN_POINT('',(0.0422448843964925,2.05613580523959E-11,0.122575));
#4942=CARTESIAN_POINT('',(-0.0075,4.92027108880565E-18,1.07176393868471));
#4943=CARTESIAN_POINT('',(-0.0075,4.92660364654604E-18,1.07176393868471));
#4944=CARTESIAN_POINT('',(0.0422393666359675,-0.000740898288031268,0.122575));
#4945=CARTESIAN_POINT('',(-0.0075,1.83697019872103E-18,0.122575));
#4946=CARTESIAN_POINT('',(0.0327444568503111,-0.0292393094385598,0.122575));
#4947=CARTESIAN_POINT('',(-0.0075,1.83697019872103E-18,1.07176393868471));
#4948=CARTESIAN_POINT('',(-0.0075,1.83697019872103E-18,1.07176393868471));
#4949=CARTESIAN_POINT('',(0.0323045038132568,-0.02983546546982,0.122575));
#4950=CARTESIAN_POINT('',(-0.0075,1.83697019872103E-18,0.122575));
#4951=CARTESIAN_POINT('',(0.00787201465000036,-0.0473101964614456,0.122575));
#4952=CARTESIAN_POINT('',(-0.0075,3.4451473013476E-18,1.07176393868471));
#4953=CARTESIAN_POINT('',(-0.0075,2.60411103103059E-18,1.07176393868471));
#4954=CARTESIAN_POINT('',(0.00716567344307511,-0.0475338989152109,0.122575));
#4955=CARTESIAN_POINT('',(-0.0075,1.83697019872103E-18,0.122575));
#4956=CARTESIAN_POINT('',(-0.0228720146695554,-0.0473101964550918,0.122575));
#4957=CARTESIAN_POINT('',(-0.0075,2.6410587510572E-18,1.07176393868471));
#4958=CARTESIAN_POINT('',(-0.0075,3.51868597965534E-18,1.07176393868471));
#4959=CARTESIAN_POINT('',(-0.0235749457130294,-0.0470759985974123,0.122575));
#4960=CARTESIAN_POINT('',(-0.0075,1.83697019872103E-18,0.122575));
#4961=CARTESIAN_POINT('',(-0.0477444568623967,-0.0292393094219254,0.122575));
#4962=CARTESIAN_POINT('',(-0.0075,1.83697019872103E-18,1.07176393868471));
#4963=CARTESIAN_POINT('',(-0.0075,1.83697019872103E-18,1.07176393868471));
#4964=CARTESIAN_POINT('',(-0.0481754819756283,-0.0286366668743194,0.122575));
#4965=CARTESIAN_POINT('',(-0.0075,1.83697019872103E-18,0.122575));
#4966=CARTESIAN_POINT('',(-0.0572448843964925,-4.19547935001795E-17,0.122575));
#4967=CARTESIAN_POINT('',(-0.0075,4.9202710886076E-18,1.07176393868471));
#4968=CARTESIAN_POINT('',(-0.0075,4.92660364656506E-18,1.07176393868471));
#4969=CARTESIAN_POINT('',(-0.0572393666362737,0.000740898267472243,0.122575));
#4970=CARTESIAN_POINT('',(-0.0075,1.83697019872103E-18,0.122575));
#4971=CARTESIAN_POINT('',(-0.0477444568623967,0.0292393094219254,0.122575));
#4972=CARTESIAN_POINT('',(-0.0075,1.83697019872103E-18,1.07176393868471));
#4973=CARTESIAN_POINT('',(-0.0075,1.83697019872103E-18,1.07176393868471));
#4974=CARTESIAN_POINT('',(-0.0473045038255889,0.0298354654533675,0.122575));
#4975=CARTESIAN_POINT('',(-0.0075,1.83697019872103E-18,0.122575));
#4976=CARTESIAN_POINT('',(-0.0228720146695554,0.0473101964550918,0.122575));
#4977=CARTESIAN_POINT('',(-0.0075,1.83697019872103E-18,1.07176393868471));
#4978=CARTESIAN_POINT('',(-0.0075,1.83697019872103E-18,1.07176393868471));
#4979=CARTESIAN_POINT('',(0.022061546106624,-0.0400572164377136,0.121825));
#4980=CARTESIAN_POINT('',(-0.0075,1.83697019872103E-18,0.121825));
#4981=CARTESIAN_POINT('',(-0.0075,9.2789192071613E-18,1.07176393868471));
#4982=CARTESIAN_POINT('',(0.0399608342489906,-0.0150311280129517,0.121825));
#4983=CARTESIAN_POINT('',(-0.0075,1.83697019872103E-18,0.121825));
#4984=CARTESIAN_POINT('',(-0.0075,9.24299002506305E-18,1.07176393868471));
#4985=CARTESIAN_POINT('',(0.0397316968342713,0.0157363404610915,0.121825));
#4986=CARTESIAN_POINT('',(-0.0075,1.83697019872103E-18,0.121825));
#4987=CARTESIAN_POINT('',(-0.0075,1.83697019872103E-18,1.07176393868471));
#4988=CARTESIAN_POINT('',(0.0214616565673554,0.0404930616998327,0.121825));
#4989=CARTESIAN_POINT('',(-0.0075,1.83697019872103E-18,0.121825));
#4990=CARTESIAN_POINT('',(-0.0075,1.83697019872103E-18,1.07176393868471));
#4991=CARTESIAN_POINT('',(-0.00787075213497411,0.0497828096817195,0.121825));
#4992=CARTESIAN_POINT('',(-0.0075,1.83697019872103E-18,0.121825));
#4993=CARTESIAN_POINT('',(-0.0075,1.83697019872103E-18,1.07176393868471));
#4994=CARTESIAN_POINT('',(-0.0370615461231812,0.0400572164254948,0.121825));
#4995=CARTESIAN_POINT('',(-0.0075,1.83697019872103E-18,0.121825));
#4996=CARTESIAN_POINT('',(-0.0075,9.27891920813549E-18,1.07176393868471));
#4997=CARTESIAN_POINT('',(-0.0549608342552035,0.0150311279933345,0.121825));
#4998=CARTESIAN_POINT('',(-0.0075,1.83697019872103E-18,0.121825));
#4999=CARTESIAN_POINT('',(-0.0075,4.30564347450833E-18,1.07176393868471));
#5000=CARTESIAN_POINT('',(-0.0547316968407756,-0.0157363404415689,0.121825));
#5001=CARTESIAN_POINT('',(-0.0075,1.83697019872103E-18,0.121825));
#5002=CARTESIAN_POINT('',(-0.0075,1.83697019872103E-18,1.07176393868471));
#5003=CARTESIAN_POINT('',(-0.0364616565840927,-0.0404930616878618,0.121825));
#5004=CARTESIAN_POINT('',(-0.0075,1.83697019872103E-18,0.121825));
#5005=CARTESIAN_POINT('',(-0.0075,1.83757576784752E-18,1.07176393868471));
#5006=CARTESIAN_POINT('',(-0.0071292478856029,-0.0497828096818728,0.121825));
#5007=CARTESIAN_POINT('',(-0.0075,1.83697019872103E-18,0.121825));
#5008=CARTESIAN_POINT('',(-0.019620277428303,-0.0130121119399727,0.1327));
#5009=CARTESIAN_POINT('',(-0.0196515177976593,-0.011278972187198,0.1327));
#5010=CARTESIAN_POINT('',(-0.019651511034603,-0.0112793313130351,0.1327));
#5011=CARTESIAN_POINT('',(-0.019620277428303,-0.0130121119399727,0.1327));
#5012=CARTESIAN_POINT('',(-0.0189379363406353,-0.0114203829182765,0.13270000025));
#5013=CARTESIAN_POINT('',(-0.0189380168210968,-0.011420573749698,0.1327));
#5014=CARTESIAN_POINT('',(-0.0195835669765465,-0.0156533798965938,0.1327));
#5015=CARTESIAN_POINT('',(-0.0199145793210968,-0.0112905688668855,0.1327));
#5016=CARTESIAN_POINT('',(-0.0199145724200937,-0.0112906597026762,0.1327));
#5017=CARTESIAN_POINT('',(-0.0195835669765465,-0.0156533798965938,0.1327));
#5018=CARTESIAN_POINT('',(-0.0197536156808954,-0.013808155681102,0.1327));
#5019=CARTESIAN_POINT('',(-0.0202386645505021,-0.0113325886217029,0.1327));
#5020=CARTESIAN_POINT('',(-0.0202386645505021,-0.0113325886217029,0.1327));
#5021=CARTESIAN_POINT('',(-0.0197536156808954,-0.013808155681102,0.1327));
#5022=CARTESIAN_POINT('',(-0.0202844523679718,-0.0117104907418855,0.1327));
#5023=CARTESIAN_POINT('',(-0.0203302188936762,-0.0120882171340327,0.1327));
#5024=CARTESIAN_POINT('',(-0.0203302188936762,-0.0120882171340327,0.1327));
#5025=CARTESIAN_POINT('',(-0.0202844523679718,-0.0117104907418855,0.1327));
#5026=CARTESIAN_POINT('',(-0.019814092768351,-0.0138779374077459,0.1327));
#5027=CARTESIAN_POINT('',(-0.0200555705320343,-0.012030925312198,0.1327));
#5028=CARTESIAN_POINT('',(-0.0200555656541015,-0.0120309626224687,0.1327));
#5029=CARTESIAN_POINT('',(-0.019814092768351,-0.0138779374077459,0.1327));
#5030=CARTESIAN_POINT('',(-0.0197644486083716,-0.0141891456201808,0.1327));
#5031=CARTESIAN_POINT('',(-0.0197650431882842,-0.012011394062198,0.1327));
#5032=CARTESIAN_POINT('',(-0.0197650431882842,-0.012011394062198,0.1327));
#5033=CARTESIAN_POINT('',(-0.0197645269341694,-0.0141896360862973,0.132699999999998));
#5034=CARTESIAN_POINT('',(-0.0190368937742218,-0.0122634692575105,0.1327));
#5035=CARTESIAN_POINT('',(-0.0190368937742218,-0.0122634692575105,0.13345));
#5036=CARTESIAN_POINT('',(-0.0192228475502634,-0.0120954191273022,0.1327));
#5037=CARTESIAN_POINT('',(-0.0192228475502634,-0.0120954191273022,0.13345));
#5038=CARTESIAN_POINT('',(-0.0194655640216176,-0.012011394062198,0.1327));
#5039=CARTESIAN_POINT('',(-0.0194655640216176,-0.012011394062198,0.13345));
#5040=CARTESIAN_POINT('',(-0.0197650431882842,-0.012011394062198,0.1327));
#5041=CARTESIAN_POINT('',(-0.0197650431882842,-0.012011394062198,0.13345));
#5042=CARTESIAN_POINT('',(-0.0190368937742218,-0.0122634692575105,0.1327));
#5043=CARTESIAN_POINT('',(-0.0190368937742218,-0.0122634692575105,0.1327));
#5044=CARTESIAN_POINT('',(-0.0190368937742218,-0.0122634692575105,0.1327));
#5045=CARTESIAN_POINT('',(-0.0193158244382842,-0.012011394062198,0.1327));
#5046=CARTESIAN_POINT('',(-0.0197650431882842,-0.012011394062198,0.1327));
#5047=CARTESIAN_POINT('',(-0.0187579631101593,-0.012950114765323,0.1327));
#5048=CARTESIAN_POINT('',(-0.0187579631101593,-0.012950114765323,0.13345));
#5049=CARTESIAN_POINT('',(-0.0187579631101593,-0.0126604012236564,0.1327));
#5050=CARTESIAN_POINT('',(-0.0187579631101593,-0.0126604012236564,0.13345));
#5051=CARTESIAN_POINT('',(-0.0188509399981801,-0.0124315193877189,0.1327));
#5052=CARTESIAN_POINT('',(-0.0188509399981801,-0.0124315193877189,0.13345));
#5053=CARTESIAN_POINT('',(-0.0190368937742218,-0.0122634692575105,0.1327));
#5054=CARTESIAN_POINT('',(-0.0190368937742218,-0.0122634692575105,0.13345));
#5055=CARTESIAN_POINT('',(-0.0187579631101593,-0.012950114765323,0.1327));
#5056=CARTESIAN_POINT('',(-0.0187579631101593,-0.012950114765323,0.1327));
#5057=CARTESIAN_POINT('',(-0.0187579631101593,-0.012950114765323,0.1327));
#5058=CARTESIAN_POINT('',(-0.0187579631101593,-0.012515544452823,0.1327));
#5059=CARTESIAN_POINT('',(-0.0190368937742218,-0.0122634692575105,0.1327));
#5060=CARTESIAN_POINT('',(-0.0190783976804718,-0.0138430591012605,0.1327));
#5061=CARTESIAN_POINT('',(-0.0190783976804718,-0.0138430591012605,0.13345));
#5062=CARTESIAN_POINT('',(-0.0188647746335968,-0.0136497811064689,0.1327));
#5063=CARTESIAN_POINT('',(-0.0188647746335968,-0.0136497811064689,0.13345));
#5064=CARTESIAN_POINT('',(-0.0187579631101593,-0.0133521329944897,0.1327));
#5065=CARTESIAN_POINT('',(-0.0187579631101593,-0.0133521329944897,0.13345));
#5066=CARTESIAN_POINT('',(-0.0187579631101593,-0.012950114765323,0.1327));
#5067=CARTESIAN_POINT('',(-0.0187579631101593,-0.012950114765323,0.13345));
#5068=CARTESIAN_POINT('',(-0.0190783976804718,-0.0138430591012605,0.1327));
#5069=CARTESIAN_POINT('',(-0.0190783976804718,-0.0138430591012605,0.1327));
#5070=CARTESIAN_POINT('',(-0.0190783976804718,-0.0138430591012605,0.1327));
#5071=CARTESIAN_POINT('',(-0.0187579631101593,-0.013553142109073,0.1327));
#5072=CARTESIAN_POINT('',(-0.0187579631101593,-0.012950114765323,0.1327));
#5073=CARTESIAN_POINT('',(-0.0199640177976593,-0.014132976093448,0.1327));
#5074=CARTESIAN_POINT('',(-0.0199640177976593,-0.014132976093448,0.13345));
#5075=CARTESIAN_POINT('',(-0.0195872274330759,-0.014132976093448,0.1327));
#5076=CARTESIAN_POINT('',(-0.0195872274330759,-0.014132976093448,0.13345));
#5077=CARTESIAN_POINT('',(-0.0192920207273468,-0.0140363370960522,0.1327));
#5078=CARTESIAN_POINT('',(-0.0192920207273468,-0.0140363370960522,0.13345));
#5079=CARTESIAN_POINT('',(-0.0190783976804718,-0.0138430591012605,0.1327));
#5080=CARTESIAN_POINT('',(-0.0190783976804718,-0.0138430591012605,0.13345));
#5081=CARTESIAN_POINT('',(-0.0199640177976593,-0.014132976093448,0.1327));
#5082=CARTESIAN_POINT('',(-0.0199640177976593,-0.014132976093448,0.1327));
#5083=CARTESIAN_POINT('',(-0.0199640177976593,-0.014132976093448,0.1327));
#5084=CARTESIAN_POINT('',(-0.0193988322507843,-0.014132976093448,0.1327));
#5085=CARTESIAN_POINT('',(-0.0190783976804718,-0.0138430591012605,0.1327));
#5086=CARTESIAN_POINT('',(-0.0199446944551274,-0.0124137790756096,0.1327));
#5087=CARTESIAN_POINT('',(-0.0203418254148468,-0.0140871997262605,0.1327));
#5088=CARTESIAN_POINT('',(-0.020341791333149,-0.0140870578252874,0.1327));
#5089=CARTESIAN_POINT('',(-0.0199446944551274,-0.0124137790756096,0.1327));
#5090=CARTESIAN_POINT('',(-0.0197725053301585,-0.0115469621037607,0.1327));
#5091=CARTESIAN_POINT('',(-0.0207269572507843,-0.0139687915231355,0.1327));
#5092=CARTESIAN_POINT('',(-0.0207269609230899,-0.0139688009046486,0.1327));
#5093=CARTESIAN_POINT('',(-0.0197725053301585,-0.0115469621037607,0.1327));
#5094=CARTESIAN_POINT('',(-0.0188804543902377,-0.00929161101735822,0.1327));
#5095=CARTESIAN_POINT('',(-0.0210742472898467,-0.0138162036325105,0.1327));
#5096=CARTESIAN_POINT('',(-0.0210742029665756,-0.0138161094766197,0.1327));
#5097=CARTESIAN_POINT('',(-0.0188804543902377,-0.00929161101735822,0.1327));
#5098=CARTESIAN_POINT('',(-0.0199161024969545,-0.0113742496950534,0.1327));
#5099=CARTESIAN_POINT('',(-0.0213446330320343,-0.0136682337459374,0.1327));
#5100=CARTESIAN_POINT('',(-0.0213446330320343,-0.0136682337459374,0.1327));
#5101=CARTESIAN_POINT('',(-0.0199161024969545,-0.0113742496950534,0.1327));
#5102=CARTESIAN_POINT('',(-0.0213446330320343,-0.0140493579293855,0.1327));
#5103=CARTESIAN_POINT('',(-0.0213446330320343,-0.0144309860228633,0.1327));
#5104=CARTESIAN_POINT('',(-0.0213446330320343,-0.0144309860228633,0.1327));
#5105=CARTESIAN_POINT('',(-0.0213446330320343,-0.0140493579293855,0.1327));
#5106=CARTESIAN_POINT('',(-0.0186630888646779,-0.00892689758072872,0.1327));
#5107=CARTESIAN_POINT('',(-0.0211236857664093,-0.014533366718448,0.1327));
#5108=CARTESIAN_POINT('',(-0.0211237028810024,-0.0145334065781304,0.1327));
#5109=CARTESIAN_POINT('',(-0.0186630888646779,-0.00892689758072872,0.1327));
#5110=CARTESIAN_POINT('',(-0.0196160137636512,-0.0110724435769184,0.1327));
#5111=CARTESIAN_POINT('',(-0.0207837199460968,-0.014662761249698,0.1327));
#5112=CARTESIAN_POINT('',(-0.0207837255715865,-0.0146627788737631,0.1327));
#5113=CARTESIAN_POINT('',(-0.0196160137636512,-0.0110724435769184,0.1327));
#5114=CARTESIAN_POINT('',(-0.0198281972765496,-0.011718231288943,0.1327));
#5115=CARTESIAN_POINT('',(-0.0203528117429718,-0.0147695727731355,0.1327));
#5116=CARTESIAN_POINT('',(-0.0203528071242308,-0.014769544390194,0.1327));
#5117=CARTESIAN_POINT('',(-0.0198281972765496,-0.011718231288943,0.1327));
#5118=CARTESIAN_POINT('',(-0.0198683723543243,-0.0119858204951382,0.1327));
#5119=CARTESIAN_POINT('',(-0.0198565959226593,-0.014811687030948,0.1327));
#5120=CARTESIAN_POINT('',(-0.019856589888599,-0.0148119523328559,0.1327));
#5121=CARTESIAN_POINT('',(-0.0198683723543243,-0.0119858204951382,0.1327));
#5122=CARTESIAN_POINT('',(-0.019924648515164,-0.0111558557615395,0.1327));
#5123=CARTESIAN_POINT('',(-0.0192926310789092,-0.0147585864450105,0.1327));
#5124=CARTESIAN_POINT('',(-0.0192926482080594,-0.0147584960336102,0.1327));
#5125=CARTESIAN_POINT('',(-0.019924648515164,-0.0111558557615395,0.1327));
#5126=CARTESIAN_POINT('',(-0.0195653653051001,-0.0131471068087264,0.1327));
#5127=CARTESIAN_POINT('',(-0.0186627482664093,-0.0145107837106355,0.1327));
#5128=CARTESIAN_POINT('',(-0.0186627482664093,-0.0145107837106355,0.1327));
#5129=CARTESIAN_POINT('',(-0.0195653653051001,-0.0131471068087264,0.1327));
#5130=CARTESIAN_POINT('',(-0.0181555461179718,-0.013946208515323,0.1327));
#5131=CARTESIAN_POINT('',(-0.0181555461179718,-0.013946208515323,0.13345));
#5132=CARTESIAN_POINT('',(-0.0182926717690134,-0.014192790546573,0.1327));
#5133=CARTESIAN_POINT('',(-0.0182926717690134,-0.014192790546573,0.13345));
#5134=CARTESIAN_POINT('',(-0.0184617391518259,-0.0143809822783439,0.1327));
#5135=CARTESIAN_POINT('',(-0.0184617391518259,-0.0143809822783439,0.13345));
#5136=CARTESIAN_POINT('',(-0.0186627482664093,-0.0145107837106355,0.1327));
#5137=CARTESIAN_POINT('',(-0.0186627482664093,-0.0145107837106355,0.13345));
#5138=CARTESIAN_POINT('',(-0.0181555461179718,-0.013946208515323,0.1327));
#5139=CARTESIAN_POINT('',(-0.0181555461179718,-0.013946208515323,0.1327));
#5140=CARTESIAN_POINT('',(-0.0181555461179718,-0.013946208515323,0.1327));
#5141=CARTESIAN_POINT('',(-0.0183612345945343,-0.014316081562198,0.1327));
#5142=CARTESIAN_POINT('',(-0.0186627482664093,-0.0145107837106355,0.1327));
#5143=CARTESIAN_POINT('',(-0.0179498576414093,-0.012950114765323,0.1327));
#5144=CARTESIAN_POINT('',(-0.0179498576414093,-0.012950114765323,0.13345));
#5145=CARTESIAN_POINT('',(-0.0179498576414093,-0.013367595234073,0.1327));
#5146=CARTESIAN_POINT('',(-0.0179498576414093,-0.013367595234073,0.13345));
#5147=CARTESIAN_POINT('',(-0.0180184204669301,-0.013699626484073,0.1327));
#5148=CARTESIAN_POINT('',(-0.0180184204669301,-0.013699626484073,0.13345));
#5149=CARTESIAN_POINT('',(-0.0181555461179718,-0.013946208515323,0.1327));
#5150=CARTESIAN_POINT('',(-0.0181555461179718,-0.013946208515323,0.13345));
#5151=CARTESIAN_POINT('',(-0.0179498576414093,-0.012950114765323,0.1327));
#5152=CARTESIAN_POINT('',(-0.0179498576414093,-0.012950114765323,0.1327));
#5153=CARTESIAN_POINT('',(-0.0179498576414093,-0.012950114765323,0.1327));
#5154=CARTESIAN_POINT('',(-0.0179498576414093,-0.013576335468448,0.1327));
#5155=CARTESIAN_POINT('',(-0.0181555461179718,-0.013946208515323,0.1327));
#5156=CARTESIAN_POINT('',(-0.0196608492587053,-0.0129468184243102,0.1327));
#5157=CARTESIAN_POINT('',(-0.0180639933835968,-0.012332438984073,0.1327));
#5158=CARTESIAN_POINT('',(-0.0180639898236078,-0.0123324376535091,0.1327));
#5159=CARTESIAN_POINT('',(-0.0196608492587053,-0.0129468184243102,0.1327));
#5160=CARTESIAN_POINT('',(-0.0195788580413931,-0.0129126053583323,0.1327));
#5161=CARTESIAN_POINT('',(-0.0183996867429718,-0.0117983813668855,0.1327));
#5162=CARTESIAN_POINT('',(-0.0183996071457692,-0.0117983054003373,0.1327));
#5163=CARTESIAN_POINT('',(-0.0195788580413931,-0.0129126053583323,0.1327));
#5164=CARTESIAN_POINT('',(-0.0195976127817193,-0.0129363309774739,0.1327));
#5165=CARTESIAN_POINT('',(-0.0195976127817193,-0.0129363309774739,0.1327));
#5166=CARTESIAN_POINT('',(-0.0075,-1.6073489238809E-18,0.1327));
#5167=CARTESIAN_POINT('',(-0.0210241984617218,-0.012286052265323,0.1327));
#5168=CARTESIAN_POINT('',(-0.0206659220945343,-0.012286052265323,0.1327));
#5169=CARTESIAN_POINT('',(-0.0206659220945343,-0.012286052265323,0.1327));
#5170=CARTESIAN_POINT('',(-0.0210241984617218,-0.012286052265323,0.1327));
#5171=CARTESIAN_POINT('',(-0.0213824748289092,-0.012286052265323,0.1327));
#5172=CARTESIAN_POINT('',(-0.0213828525630264,-0.012286052265323,0.1327));
#5173=CARTESIAN_POINT('',(-0.0206470011960968,-0.012133464374698,0.1327));
#5174=CARTESIAN_POINT('',(-0.0206280802976593,-0.011980876484073,0.1327));
#5175=CARTESIAN_POINT('',(-0.0206280802976593,-0.011980876484073,0.1327));
#5176=CARTESIAN_POINT('',(-0.0206470011960968,-0.012133464374698,0.1327));
#5177=CARTESIAN_POINT('',(-0.0205975627195342,-0.011725749530948,0.1327));
#5178=CARTESIAN_POINT('',(-0.0205670451414093,-0.011470622577823,0.1327));
#5179=CARTESIAN_POINT('',(-0.0205671934286579,-0.0114706074938533,0.1327));
#5180=CARTESIAN_POINT('',(-0.0205975627195342,-0.011725749530948,0.1327));
#5181=CARTESIAN_POINT('',(-0.0205655835100358,-0.0114533078677079,0.132699999996948));
#5182=CARTESIAN_POINT('',(-0.0205627726804718,-0.011427897968448,0.1327));
#5183=CARTESIAN_POINT('',(-0.0205628800433128,-0.011427889660866,0.1327));
#5184=CARTESIAN_POINT('',(-0.0205655835100358,-0.0114533078677079,0.1327));
#5185=CARTESIAN_POINT('',(-0.0205534889119684,-0.0113532102114579,0.132699999996948));
#5186=CARTESIAN_POINT('',(-0.0205395793210968,-0.011241130390323,0.1327));
#5187=CARTESIAN_POINT('',(-0.0205396505165579,-0.0112411211139587,0.1327));
#5188=CARTESIAN_POINT('',(-0.33626937657405,0.0278729416461169,0.1327));
#5189=CARTESIAN_POINT('',(0.0039412173769642,-0.0144236244473144,0.1327));
#5190=CARTESIAN_POINT('',(-0.0204748820554718,-0.010776042499698,0.1327));
#5191=CARTESIAN_POINT('',(-0.0204748151403984,-0.0107760523788703,0.1327));
#5192=CARTESIAN_POINT('',(0.0039412173769642,-0.0144236244473144,0.1327));
#5193=CARTESIAN_POINT('',(-0.0991743598863616,0.000540174228113409,0.1327));
#5194=CARTESIAN_POINT('',(-0.020353530476031,-0.00989835695282304,0.1327));
#5195=CARTESIAN_POINT('',(-0.020353530476031,-0.00989835695282304,0.1327));
#5196=CARTESIAN_POINT('',(-0.0991743598863616,0.000540174228113409,0.1327));
#5197=CARTESIAN_POINT('',(-0.0193042277585967,-0.00989835695282304,0.1327));
#5198=CARTESIAN_POINT('',(-0.0182550334226593,-0.00989835695282304,0.1327));
#5199=CARTESIAN_POINT('',(-0.0182550334226593,-0.00989835695282304,0.1327));
#5200=CARTESIAN_POINT('',(-0.0193042277585967,-0.00989835695282304,0.1327));
#5201=CARTESIAN_POINT('',(-0.0182550334226593,-0.00952482179657304,0.1327));
#5202=CARTESIAN_POINT('',(-0.0182550334226593,-0.00915128664032304,0.1327));
#5203=CARTESIAN_POINT('',(-0.0182550334226593,-0.00915128664032304,0.1327));
#5204=CARTESIAN_POINT('',(-0.0182550334226593,-0.00952482179657304,0.1327));
#5205=CARTESIAN_POINT('',(-0.0196472453367218,-0.00915128664032304,0.1327));
#5206=CARTESIAN_POINT('',(-0.0210394108655948,-0.00915128664032304,0.1327));
#5207=CARTESIAN_POINT('',(-0.0210394108655948,-0.00915128664032304,0.1327));
#5208=CARTESIAN_POINT('',(-0.0196472453367218,-0.00915128664032304,0.1327));
#5209=CARTESIAN_POINT('',(0.145345241149191,-0.0301813114184193,0.1327));
#5210=CARTESIAN_POINT('',(-0.0212152385007843,-0.010592937030948,0.1327));
#5211=CARTESIAN_POINT('',(-0.0212152005708958,-0.0105929408969593,0.1327));
#5212=CARTESIAN_POINT('',(0.145345241149191,-0.0301813114184193,0.1327));
#5213=CARTESIAN_POINT('',(-0.0212457560789093,-0.0108724137990402,0.132699999996948));
#5214=CARTESIAN_POINT('',(-0.0212762736570343,-0.011149577655948,0.1327));
#5215=CARTESIAN_POINT('',(-0.0212762108163516,-0.0111495845120979,0.1327));
#5216=CARTESIAN_POINT('',(-0.0212457560789093,-0.0108724137990402,0.1327));
#5217=CARTESIAN_POINT('',(0.015628441957174,-0.0152732722307787,0.1327));
#5218=CARTESIAN_POINT('',(-0.0213293742429718,-0.0116567798043855,0.1327));
#5219=CARTESIAN_POINT('',(-0.0213294651599029,-0.0116567711527536,0.1327));
#5220=CARTESIAN_POINT('',(0.015628441957174,-0.0152732722307787,0.1327));
#5221=CARTESIAN_POINT('',(-0.0213494515970014,-0.0118671904746158,0.132699999996948));
#5222=CARTESIAN_POINT('',(-0.0213672160398467,-0.0120571704293855,0.1327));
#5223=CARTESIAN_POINT('',(-0.0213671856433464,-0.0120571749182226,0.1327));
#5224=CARTESIAN_POINT('',(-0.0213494515970014,-0.0118671904746158,0.1327));
#5225=CARTESIAN_POINT('',(-0.0180053635914212,-0.0124056308554082,0.1327));
#5226=CARTESIAN_POINT('',(-0.0180053635914212,-0.0124056308554082,0.1327));
#5227=CARTESIAN_POINT('',(-0.0075,-1.6073489238809E-18,0.1327));
#5228=CARTESIAN_POINT('',(0.0167485009123252,-0.0245409902714818,0.1334515));
#5229=CARTESIAN_POINT('',(0.00692147483101205,0.0142157234853538,0.13345));
#5230=CARTESIAN_POINT('',(0.00668033890463442,-0.00589522408515351,0.122575));
#5231=CARTESIAN_POINT('',(0.0269535368042545,-0.00613830543868113,0.122575));
#5232=CARTESIAN_POINT('',(-0.0389830939786182,0.000251654077121418,0.1109485));
#5233=CARTESIAN_POINT('',(-0.0390142668852274,-0.00364822133754165,0.1109485));
#5234=CARTESIAN_POINT('',(-0.0389519210720089,0.0041515294917845,0.1109485));
#5235=CARTESIAN_POINT('',(-0.0429141422998905,-0.00361704843093241,0.1109485));
#5236=CARTESIAN_POINT('',(-0.0468140177145536,-0.00358587552432317,0.1109485));
#5237=CARTESIAN_POINT('',(-0.0467828448079443,0.000313999890339906,0.1109485));
#5238=CARTESIAN_POINT('',(-0.0467516719013351,0.00421387530500298,0.1109485));
#5239=CARTESIAN_POINT('',(-0.042851796486672,0.00418270239839374,0.1109485));
#5240=CARTESIAN_POINT('',(-0.0075,-1.6073489238809E-18,0.1558));
#5241=CARTESIAN_POINT('',(0.0405041708272052,-0.0152032059334201,0.1163875));
#5242=CARTESIAN_POINT('',(0.041932208240446,-0.0156554738613941,0.1297));
#5243=CARTESIAN_POINT('',(0.041932208240446,-0.0156554738613941,0.111028503934364));
#5244=CARTESIAN_POINT('',(-0.0075,9.2789192071613E-18,1.10042492259866));
#5245=CARTESIAN_POINT('',(0.04139279387456,-0.0154846381288589,0.121825));
#5246=CARTESIAN_POINT('',(0.0405041708272052,-0.0152032059334201,0.121825));
#5247=CARTESIAN_POINT('',(-0.0075,4.9202710886076E-18,0.121825));
#5248=CARTESIAN_POINT('',(-0.0075,1.83697019872103E-18,0.121825));
#5249=CARTESIAN_POINT('',(-0.0075,1.83697019872103E-18,0.111028503934364));
#5250=CARTESIAN_POINT('',(-0.0075,1.83697019872103E-18,0.111028503934364));
#5251=CARTESIAN_POINT('',(-0.0555041708334892,0.0152032059135783,0.1163875));
#5252=CARTESIAN_POINT('',(-0.0569322082469169,0.015655473840962,0.1297));
#5253=CARTESIAN_POINT('',(-0.0569322082469169,0.015655473840962,0.111028503934367));
#5254=CARTESIAN_POINT('',(-0.0075,9.27891920813549E-18,1.10042492259866));
#5255=CARTESIAN_POINT('',(-0.0563927938809603,0.0154846381086498,0.121825));
#5256=CARTESIAN_POINT('',(-0.0555041708334892,0.0152032059135783,0.121825));
#5257=CARTESIAN_POINT('',(-0.0075,4.9202710886076E-18,0.121825));
#5258=CARTESIAN_POINT('',(-0.0075,1.83697019872103E-18,0.121825));
#5259=CARTESIAN_POINT('',(-0.0075,1.83697019872103E-18,0.111028503934364));
#5260=CARTESIAN_POINT('',(-0.0075,1.83697019872103E-18,0.111028503934364));
#5261=CARTESIAN_POINT('',(0.0402724102234749,0.0159164917271837,0.1163875));
#5262=CARTESIAN_POINT('',(0.0416935531771856,0.0163899786197242,0.1297));
#5263=CARTESIAN_POINT('',(0.0416935531771856,0.0163899786197242,0.111028503934365));
#5264=CARTESIAN_POINT('',(-0.0075,9.24299002506305E-18,1.10042492259866));
#5265=CARTESIAN_POINT('',(0.0411567430641582,0.0162111278210498,0.121825));
#5266=CARTESIAN_POINT('',(0.0402724102234749,0.0159164917271837,0.121825));
#5267=CARTESIAN_POINT('',(-0.0075,4.9202710886076E-18,0.121825));
#5268=CARTESIAN_POINT('',(-0.0075,1.83697019872103E-18,0.121825));
#5269=CARTESIAN_POINT('',(-0.0075,1.83697019872103E-18,0.111028503934364));
#5270=CARTESIAN_POINT('',(-0.0075,1.83697019872103E-18,0.111028503934364));
#5271=CARTESIAN_POINT('',(0.00734528831934199,-0.048116060750825,0.1280125));
#5272=CARTESIAN_POINT('',(-0.0075,2.60411103103059E-18,1.10042492259866));
#5273=CARTESIAN_POINT('',(0.00760850691226999,-0.0489691962060367,0.122575));
#5274=CARTESIAN_POINT('',(0.00734528831934199,-0.048116060750825,0.122575));
#5275=CARTESIAN_POINT('',(-0.0230602803174686,-0.0478896185399641,0.1280125));
#5276=CARTESIAN_POINT('',(-0.0230602803174686,-0.0478896185399641,0.122575));
#5277=CARTESIAN_POINT('',(-0.0233361762787072,-0.0487387389973637,0.122575));
#5278=CARTESIAN_POINT('',(-0.0075,2.6410587510572E-18,1.10042492259866));
#5279=CARTESIAN_POINT('',(-0.0075,4.9202710886076E-18,0.122575));
#5280=CARTESIAN_POINT('',(-0.0075,1.83697019872103E-18,0.122575));
#5281=CARTESIAN_POINT('',(-0.0075,1.83697019872103E-18,0.111028503934364));
#5282=CARTESIAN_POINT('',(0.0336736467216789,0.0289873886905989,0.1280125));
#5283=CARTESIAN_POINT('',(-0.0075,1.83697019872103E-18,1.10042492259866));
#5284=CARTESIAN_POINT('',(0.0344036877368928,0.0295013578031997,0.122575));
#5285=CARTESIAN_POINT('',(0.0336736467216789,0.0289873886905989,0.122575));
#5286=CARTESIAN_POINT('',(0.0428541248306579,2.08131729094274E-11,0.1280125));
#5287=CARTESIAN_POINT('',(0.0428541248306579,2.0813185242631E-11,0.122575));
#5288=CARTESIAN_POINT('',(0.0437469429154894,2.11822192365124E-11,0.122575));
#5289=CARTESIAN_POINT('',(-0.0075,4.92027108880565E-18,1.10042492259866));
#5290=CARTESIAN_POINT('',(-0.0075,4.9202710886076E-18,0.122575));
#5291=CARTESIAN_POINT('',(-0.0075,1.83697019872103E-18,0.122575));
#5292=CARTESIAN_POINT('',(-0.0075,1.83697019872103E-18,0.111028503934364));
#5293=CARTESIAN_POINT('',(0.0428485394924742,-0.000749972290316102,0.1280125));
#5294=CARTESIAN_POINT('',(-0.0075,4.92660364654604E-18,1.10042492259866));
#5295=CARTESIAN_POINT('',(0.0437412585448837,-0.000763269886613695,0.122575));
#5296=CARTESIAN_POINT('',(0.0428485394924742,-0.000749972290316102,0.122575));
#5297=CARTESIAN_POINT('',(0.0332373427150928,-0.0295974119810254,0.1280125));
#5298=CARTESIAN_POINT('',(0.0332373427150928,-0.0295974119810254,0.122575));
#5299=CARTESIAN_POINT('',(0.0339596477184333,-0.0301221972845083,0.122575));
#5300=CARTESIAN_POINT('',(-0.0075,1.83697019872103E-18,1.10042492259866));
#5301=CARTESIAN_POINT('',(-0.0075,4.9202710886076E-18,0.122575));
#5302=CARTESIAN_POINT('',(-0.0075,1.83697019872103E-18,0.122575));
#5303=CARTESIAN_POINT('',(-0.0075,1.83697019872103E-18,0.111028503934364));
#5304=CARTESIAN_POINT('',(0.0327920014419906,-0.0302008693129867,0.1280125));
#5305=CARTESIAN_POINT('',(-0.0075,1.83697019872103E-18,1.10042492259866));
#5306=CARTESIAN_POINT('',(0.0335064101956418,-0.0307363543877636,0.122575));
#5307=CARTESIAN_POINT('',(0.0327920014419906,-0.0302008693129867,0.122575));
#5308=CARTESIAN_POINT('',(0.00806028029767413,-0.0478896185463957,0.1280125));
#5309=CARTESIAN_POINT('',(0.00806028029767411,-0.0478896185463957,0.122575));
#5310=CARTESIAN_POINT('',(0.00833617625856177,-0.0487387390039094,0.122575));
#5311=CARTESIAN_POINT('',(-0.0075,3.4451473013476E-18,1.10042492259866));
#5312=CARTESIAN_POINT('',(-0.0075,4.9202710886076E-18,0.122575));
#5313=CARTESIAN_POINT('',(-0.0075,1.83697019872103E-18,0.122575));
#5314=CARTESIAN_POINT('',(-0.0075,1.83697019872103E-18,0.111028503934364));
#5315=CARTESIAN_POINT('',(-0.0075,4.9202710886076E-18,0.1222));
#5316=CARTESIAN_POINT('',(0.00877182034736427,0.0476525523980047,0.1280125));
#5317=CARTESIAN_POINT('',(-0.0075,3.51868597761968E-18,1.10042492259866));
#5318=CARTESIAN_POINT('',(0.00906033247081222,0.0484974694869701,0.122575));
#5319=CARTESIAN_POINT('',(0.00877182034736427,0.0476525523980047,0.122575));
#5320=CARTESIAN_POINT('',(0.0332373427150928,0.0295974119810255,0.1280125));
#5321=CARTESIAN_POINT('',(0.0332373427150928,0.0295974119810255,0.122575));
#5322=CARTESIAN_POINT('',(0.0339596477184332,0.0301221972845084,0.122575));
#5323=CARTESIAN_POINT('',(-0.0075,-2.37329211808673E-18,1.10042492259866));
#5324=CARTESIAN_POINT('',(-0.0075,4.9202710886076E-18,0.122575));
#5325=CARTESIAN_POINT('',(-0.0075,1.83697019872103E-18,0.122575));
#5326=CARTESIAN_POINT('',(-0.0075,1.83697019872103E-18,0.111028503934364));
#5327=CARTESIAN_POINT('',(0.0217932126309546,0.0409566304915231,0.1163875));
#5328=CARTESIAN_POINT('',(0.0226646328194545,0.0421750163037206,0.1297));
#5329=CARTESIAN_POINT('',(0.0226646328194545,0.0421750163037206,0.111028503934363));
#5330=CARTESIAN_POINT('',(-0.0075,1.83697019872103E-18,1.10042492259866));
#5331=CARTESIAN_POINT('',(0.0223354701770465,0.0417147939004437,0.121825));
#5332=CARTESIAN_POINT('',(0.0217932126309547,0.0409566304915231,0.121825));
#5333=CARTESIAN_POINT('',(-0.0075,4.9202710886076E-18,0.121825));
#5334=CARTESIAN_POINT('',(-0.0075,1.83697019872103E-18,0.121825));
#5335=CARTESIAN_POINT('',(-0.0075,1.83697019872103E-18,0.111028503934364));
#5336=CARTESIAN_POINT('',(-0.0075,1.83697019872103E-18,0.111028503934364));
#5337=CARTESIAN_POINT('',(-0.0237718203670607,-0.0476525523912789,0.1280125));
#5338=CARTESIAN_POINT('',(-0.0075,3.51868597965534E-18,1.10042492259866));
#5339=CARTESIAN_POINT('',(-0.0240603324908579,-0.0484974694801251,0.122575));
#5340=CARTESIAN_POINT('',(-0.0237718203670607,-0.0476525523912789,0.122575));
#5341=CARTESIAN_POINT('',(-0.0482373427273265,-0.0295974119641873,0.1280125));
#5342=CARTESIAN_POINT('',(-0.0482373427273265,-0.0295974119641873,0.122575));
#5343=CARTESIAN_POINT('',(-0.0489596477308839,-0.0301221972673716,0.122575));
#5344=CARTESIAN_POINT('',(-0.0075,1.83697019872103E-18,1.10042492259866));
#5345=CARTESIAN_POINT('',(-0.0075,4.9202710886076E-18,0.122575));
#5346=CARTESIAN_POINT('',(-0.0075,1.83697019872103E-18,0.122575));
#5347=CARTESIAN_POINT('',(-0.0075,1.83697019872103E-18,0.111028503934364));
#5348=CARTESIAN_POINT('',(-0.0486736467336604,-0.0289873886735803,0.1280125));
#5349=CARTESIAN_POINT('',(-0.0075,1.83697019872103E-18,1.10042492259866));
#5350=CARTESIAN_POINT('',(-0.0494036877490868,-0.0295013577858795,0.122575));
#5351=CARTESIAN_POINT('',(-0.0486736467336604,-0.0289873886735803,0.122575));
#5352=CARTESIAN_POINT('',(-0.0578541248306579,-4.18629846982834E-17,0.1280125));
#5353=CARTESIAN_POINT('',(-0.0578541248306579,-4.31947880923562E-17,0.122575));
#5354=CARTESIAN_POINT('',(-0.0587469429154894,-4.26924884772551E-17,0.122575));
#5355=CARTESIAN_POINT('',(-0.0075,4.9202710886076E-18,1.10042492259866));
#5356=CARTESIAN_POINT('',(-0.0075,4.9202710886076E-18,0.122575));
#5357=CARTESIAN_POINT('',(-0.0075,1.83697019872103E-18,0.122575));
#5358=CARTESIAN_POINT('',(-0.0075,1.83697019872103E-18,0.111028503934364));
#5359=CARTESIAN_POINT('',(-0.0578485394927842,0.000749972269505297,0.1280125));
#5360=CARTESIAN_POINT('',(-0.0075,4.92660364656506E-18,1.10042492259866));
#5361=CARTESIAN_POINT('',(-0.0587412585451992,0.000763269865433899,0.122575));
#5362=CARTESIAN_POINT('',(-0.0578485394927842,0.00074997226950527,0.122575));
#5363=CARTESIAN_POINT('',(-0.0482373427273265,0.0295974119641872,0.1280125));
#5364=CARTESIAN_POINT('',(-0.0482373427273265,0.0295974119641872,0.122575));
#5365=CARTESIAN_POINT('',(-0.0489596477308839,0.0301221972673715,0.122575));
#5366=CARTESIAN_POINT('',(-0.0075,1.83697019872103E-18,1.10042492259866));
#5367=CARTESIAN_POINT('',(-0.0075,4.9202710886076E-18,0.122575));
#5368=CARTESIAN_POINT('',(-0.0075,1.83697019872103E-18,0.122575));
#5369=CARTESIAN_POINT('',(-0.0075,1.83697019872103E-18,0.111028503934364));
#5370=CARTESIAN_POINT('',(-0.0230602803174687,0.0478896185399641,0.1280125));
#5371=CARTESIAN_POINT('',(-0.0230602803174687,0.0478896185399641,0.122575));
#5372=CARTESIAN_POINT('',(-0.0233361762787073,0.0487387389973637,0.122575));
#5373=CARTESIAN_POINT('',(-0.0075,1.83697019872103E-18,1.10042492259866));
#5374=CARTESIAN_POINT('',(-0.0477920014544737,0.0302008692963326,0.1280125));
#5375=CARTESIAN_POINT('',(-0.0075,1.83697019872103E-18,1.10042492259866));
#5376=CARTESIAN_POINT('',(-0.0485064102083463,0.0307363543708142,0.122575));
#5377=CARTESIAN_POINT('',(-0.0477920014544737,0.0302008692963326,0.122575));
#5378=CARTESIAN_POINT('',(-0.0075,4.9202710886076E-18,0.122575));
#5379=CARTESIAN_POINT('',(-0.0075,1.83697019872103E-18,0.122575));
#5380=CARTESIAN_POINT('',(-0.0075,1.83697019872103E-18,0.111028503934364));
#5381=CARTESIAN_POINT('',(-0.0367932126478836,-0.0409566304794151,0.1163875));
#5382=CARTESIAN_POINT('',(-0.037664632836887,-0.0421750162912524,0.1297));
#5383=CARTESIAN_POINT('',(-0.037664632836887,-0.0421750162912524,0.111028503934366));
#5384=CARTESIAN_POINT('',(-0.0075,1.83697019872103E-18,1.10042492259866));
#5385=CARTESIAN_POINT('',(-0.0373354701942887,-0.0417147938881116,0.121825));
#5386=CARTESIAN_POINT('',(-0.0367932126478836,-0.0409566304794151,0.121825));
#5387=CARTESIAN_POINT('',(-0.0075,4.9202710886076E-18,0.121825));
#5388=CARTESIAN_POINT('',(-0.0075,1.83697019872103E-18,0.121825));
#5389=CARTESIAN_POINT('',(-0.0075,1.83697019872103E-18,0.111028503934364));
#5390=CARTESIAN_POINT('',(-0.0075,1.83697019872103E-18,0.111028503934364));
#5391=CARTESIAN_POINT('',(-0.0552724102300538,-0.0159164917074377,0.1163875));
#5392=CARTESIAN_POINT('',(-0.0566935531839602,-0.0163899785993908,0.1297));
#5393=CARTESIAN_POINT('',(-0.0566935531839602,-0.0163899785993908,0.111028503934366));
#5394=CARTESIAN_POINT('',(-0.0075,4.30564347450833E-18,1.10042492259866));
#5395=CARTESIAN_POINT('',(-0.0561567430708589,-0.0162111278009382,0.121825));
#5396=CARTESIAN_POINT('',(-0.0552724102300538,-0.0159164917074377,0.121825));
#5397=CARTESIAN_POINT('',(-0.0075,4.9202710886076E-18,0.121825));
#5398=CARTESIAN_POINT('',(-0.0075,1.83697019872103E-18,0.121825));
#5399=CARTESIAN_POINT('',(-0.0075,1.83697019872103E-18,0.111028503934364));
#5400=CARTESIAN_POINT('',(-0.0075,1.83697019872103E-18,0.111028503934364));
#5401=CARTESIAN_POINT('',(-0.0373999697849533,0.0405157956150482,0.1163875));
#5402=CARTESIAN_POINT('',(-0.0382894399033182,0.0417210673855735,0.1297));
#5403=CARTESIAN_POINT('',(-0.0382894399033182,0.0417210673855735,0.111028503934366));
#5404=CARTESIAN_POINT('',(-0.0075,1.83697019872103E-18,1.10042492259866));
#5405=CARTESIAN_POINT('',(-0.0379534592382293,0.0412657985657303,0.121825));
#5406=CARTESIAN_POINT('',(-0.0373999697849533,0.0405157956150482,0.121825));
#5407=CARTESIAN_POINT('',(-0.0075,4.9202710886076E-18,0.121825));
#5408=CARTESIAN_POINT('',(-0.0075,1.83697019872103E-18,0.121825));
#5409=CARTESIAN_POINT('',(-0.0075,1.83697019872103E-18,0.111028503934364));
#5410=CARTESIAN_POINT('',(-0.0075,1.83697019872103E-18,0.111028503934364));
#5411=CARTESIAN_POINT('',(-0.00787499654406572,0.0503527284767511,0.1163875));
#5412=CARTESIAN_POINT('',(-0.00788615201421624,0.0518506312398752,0.1297));
#5413=CARTESIAN_POINT('',(-0.00788615201421624,0.0518506312398752,0.111028503934366));
#5414=CARTESIAN_POINT('',(-0.0075,1.83697019872103E-18,1.10042492259866));
#5415=CARTESIAN_POINT('',(-0.00788193824446372,0.0512848265476187,0.121825));
#5416=CARTESIAN_POINT('',(-0.00787499654406575,0.0503527284767511,0.121825));
#5417=CARTESIAN_POINT('',(-0.0075,4.9202710886076E-18,0.121825));
#5418=CARTESIAN_POINT('',(-0.0075,1.83697019872103E-18,0.121825));
#5419=CARTESIAN_POINT('',(-0.0075,1.83697019872103E-18,0.111028503934364));
#5420=CARTESIAN_POINT('',(-0.0075,1.83697019872103E-18,0.111028503934364));
#5421=CARTESIAN_POINT('',(-0.0223452883392301,0.048116060744689,0.1280125));
#5422=CARTESIAN_POINT('',(-0.0075,2.60411103205832E-18,1.10042492259866));
#5423=CARTESIAN_POINT('',(-0.0226085069325107,0.0489691961997918,0.122575));
#5424=CARTESIAN_POINT('',(-0.0223452883392301,0.0481160607446889,0.122575));
#5425=CARTESIAN_POINT('',(0.00806028029767407,0.0478896185463958,0.1280125));
#5426=CARTESIAN_POINT('',(0.00806028029767411,0.0478896185463958,0.122575));
#5427=CARTESIAN_POINT('',(0.00833617625856176,0.0487387390039094,0.122575));
#5428=CARTESIAN_POINT('',(-0.0075,3.44514730134759E-18,1.10042492259866));
#5429=CARTESIAN_POINT('',(-0.0075,4.9202710886076E-18,0.122575));
#5430=CARTESIAN_POINT('',(-0.0075,1.83697019872103E-18,0.122575));
#5431=CARTESIAN_POINT('',(-0.0075,1.83697019872103E-18,0.111028503934364));
#5432=CARTESIAN_POINT('',(-0.00712500347674685,-0.050352728476906,0.1163875));
#5433=CARTESIAN_POINT('',(-0.0071138480072155,-0.0518506312400348,0.1297));
#5434=CARTESIAN_POINT('',(-0.0071138480072155,-0.0518506312400348,0.111028503934365));
#5435=CARTESIAN_POINT('',(-0.0075,1.83757576784752E-18,1.10042492259866));
#5436=CARTESIAN_POINT('',(-0.00711806177673415,-0.0512848265477766,0.121825));
#5437=CARTESIAN_POINT('',(-0.00712500347674685,-0.050352728476906,0.121825));
#5438=CARTESIAN_POINT('',(-0.0075,4.9202710886076E-18,0.121825));
#5439=CARTESIAN_POINT('',(-0.0075,1.83697019872103E-18,0.121825));
#5440=CARTESIAN_POINT('',(-0.0075,1.83697019872103E-18,0.111028503934364));
#5441=CARTESIAN_POINT('',(-0.0075,1.83697019872103E-18,0.111028503934364));
#5442=CARTESIAN_POINT('',(0.0223999697682066,-0.040515795627407,0.1163875));
#5443=CARTESIAN_POINT('',(0.0232894398860733,-0.0417210673982999,0.1297));
#5444=CARTESIAN_POINT('',(0.0232894398860733,-0.0417210673982999,0.111028503934365));
#5445=CARTESIAN_POINT('',(-0.0075,1.83697019872103E-18,1.10042492259866));
#5446=CARTESIAN_POINT('',(0.0229534592211727,-0.0412657985783177,0.121825));
#5447=CARTESIAN_POINT('',(0.0223999697682066,-0.040515795627407,0.121825));
#5448=CARTESIAN_POINT('',(-0.0075,4.9202710886076E-18,0.121825));
#5449=CARTESIAN_POINT('',(-0.0075,1.83697019872103E-18,0.121825));
#5450=CARTESIAN_POINT('',(-0.0075,1.83697019872103E-18,0.111028503934364));
#5451=CARTESIAN_POINT('',(-0.0075,1.83697019872103E-18,0.111028503934364));
#5452=CARTESIAN_POINT('',(-0.0075,-2.37250732425852E-17,0.1297));
#5453=CARTESIAN_POINT('',(-0.0075,-2.24240306356026E-17,0.1297));
#5454=CARTESIAN_POINT('',(-0.0075,7.38531222811102E-17,0.1297));
#5455=CARTESIAN_POINT('',(-0.00750000000000009,6.21437388182668E-17,0.1297));
#5456=CARTESIAN_POINT('',(-0.0075,-6.4057394059046E-17,0.1297));
#5457=CARTESIAN_POINT('',(-0.0075,-7.7067820128872E-17,0.1297));
#5458=CARTESIAN_POINT('',(-0.0075,-7.18636497009416E-17,0.1297));
#5459=CARTESIAN_POINT('',(-0.0075,2.57145458227538E-17,0.1297));
#5460=CARTESIAN_POINT('',(-0.00750000000000013,1.79082901808582E-17,0.1297));
#5461=CARTESIAN_POINT('',(-0.0075,3.59682150404952E-18,0.1297));
#5462=CARTESIAN_POINT('',(-0.0217499545196265,-0.029021154855158,0.110948));
#5463=CARTESIAN_POINT('',(-0.0144011373245228,-0.0218177399989078,0.110948));
#5464=CARTESIAN_POINT('',(-0.0290987717147302,-0.0362245697114084,0.110948));
#5465=CARTESIAN_POINT('',(-0.011538057000005,-0.0218520691384934,0.110948));
#5466=CARTESIAN_POINT('',(-0.00867497667548725,-0.0218863982780789,0.110948));
#5467=CARTESIAN_POINT('',(-0.00872934905560147,-0.0286886355895433,0.110948));
#5468=CARTESIAN_POINT('',(-0.0087837214357157,-0.0354908729010077,0.110948));
#5469=CARTESIAN_POINT('',(0.00310093721910115,-0.0355858706419449,0.110948));
#5470=CARTESIAN_POINT('',(0.014985595873918,-0.035680868382882,0.110948));
#5471=CARTESIAN_POINT('',(-0.0075,-2.08166817117217E-17,0.110948));
#5472=CARTESIAN_POINT('',(-0.0400683698502384,0.0111606772329462,0.110948));
#5473=CARTESIAN_POINT('',(-0.0481536457218586,0.0112253053358616,0.110948));
#5474=CARTESIAN_POINT('',(-0.0319830939786182,0.0110960491300308,0.110948));
#5475=CARTESIAN_POINT('',(-0.0075,-8.67361737988404E-19,0.110948));
#5476=CARTESIAN_POINT('',(0.000247604870197549,0.0414572190231931,0.110948));
#5477=CARTESIAN_POINT('',(-0.0319830939786182,0.00455493448435416,0.110948));
#5478=CARTESIAN_POINT('',(-0.0319830939786182,-0.0019861801613225,0.110948));
#5479=CARTESIAN_POINT('',(-1.51235081204877E-5,0.0195454420391038,0.110948));
#5480=CARTESIAN_POINT('',(-0.000277851886438524,-0.00236633494498554,0.110948));
#5481=CARTESIAN_POINT('',(-0.0161304729325283,-0.00217625755315401,0.110948));
#5482=MECHANICAL_DESIGN_GEOMETRIC_PRESENTATION_REPRESENTATION('',(#3223),
#5483);
#5483=(
GEOMETRIC_REPRESENTATION_CONTEXT(3)
GLOBAL_UNCERTAINTY_ASSIGNED_CONTEXT((#5484))
GLOBAL_UNIT_ASSIGNED_CONTEXT((#5487,#5486,#5485))
REPRESENTATION_CONTEXT('stage_5','TOP_LEVEL_ASSEMBLY_PART')
);
#5484=UNCERTAINTY_MEASURE_WITH_UNIT(LENGTH_MEASURE(2.E-5),#5487,
'DISTANCE_ACCURACY_VALUE','Maximum Tolerance applied to model');
#5485=(
NAMED_UNIT(*)
SI_UNIT($,.STERADIAN.)
SOLID_ANGLE_UNIT()
);
#5486=(
NAMED_UNIT(*)
PLANE_ANGLE_UNIT()
SI_UNIT($,.RADIAN.)
);
#5487=(
LENGTH_UNIT()
NAMED_UNIT(*)
SI_UNIT($,.METRE.)
);
#5488=PRODUCT_DEFINITION_SHAPE('','',#5489);
#5489=PRODUCT_DEFINITION('','',#5491,#5490);
#5490=PRODUCT_DEFINITION_CONTEXT('',#5497,'design');
#5491=PRODUCT_DEFINITION_FORMATION_WITH_SPECIFIED_SOURCE('','',#5493,
 .NOT_KNOWN.);
#5492=PRODUCT_RELATED_PRODUCT_CATEGORY('','',(#5493));
#5493=PRODUCT('stage_5','stage_5','stage_5',(#5495));
#5494=PRODUCT_CATEGORY('','');
#5495=PRODUCT_CONTEXT('',#5497,'mechanical');
#5496=APPLICATION_PROTOCOL_DEFINITION('international standard',
'ap242_managed_model_based_3d_engineering',2020,#5497);
#5497=APPLICATION_CONTEXT('managed model based 3d engineering');
ENDSEC;
END-ISO-10303-21;
