ISO-10303-21;
HEADER;
/* Generated by software containing ST-Developer
 * from STEP Tools, Inc. (www.steptools.com) 
 */
/* OPTION: using custom renumber hook */

FILE_DESCRIPTION(
/* description */ ('STEP AP242 Edition 2',
'CAx-IF Rec.Pracs.---Representation and Presentation of Product Manufa
cturing Information (PMI)---4.0---2014-10-13',
'CAx-IF Rec.Pracs.---3D Tessellated Geometry---0.4---2014-09-14','2;1',
'CAx-IF Rec.Pracs.---User Defined Attributes---1.5---2016-08-15'),
/* implementation_level */ '2;1');

FILE_NAME(
/* name */ '696aa71d772b79d835a62db2',
/* time_stamp */ '2026-01-16T21:01:18Z',
/* author */ (''),
/* organization */ (''),
/* preprocessor_version */ 'ST-DEVELOPER v20',
/* originating_system */ 'ONSHAPE BY PTC INC, 1.209',
/* authorisation */ '  ');

FILE_SCHEMA (('AP242_MANAGED_MODEL_BASED_3D_ENGINEERING_MIM_LF { 1 0 10303 442 3 1 4 }'));
ENDSEC;

DATA;
#10=SHAPE_REPRESENTATION_RELATIONSHIP('','',#3067,#11);
#11=ADVANCED_BREP_SHAPE_REPRESENTATION('',(#3065),#5289);
#12=B_SPLINE_SURFACE_WITH_KNOTS('',3,1,((#4703,#4704),(#4705,#4706),(#4707,
#4708),(#4709,#4710)),.SURF_OF_LINEAR_EXTRUSION.,.F.,.F.,.F.,(4,4),(2,2),
(0.,1.),(0.,1.),.PIECEWISE_BEZIER_KNOTS.);
#13=B_SPLINE_SURFACE_WITH_KNOTS('',3,1,((#4728,#4729),(#4730,#4731),(#4732,
#4733),(#4734,#4735)),.SURF_OF_LINEAR_EXTRUSION.,.F.,.F.,.F.,(4,4),(2,2),
(0.,1.),(0.,1.),.PIECEWISE_BEZIER_KNOTS.);
#14=B_SPLINE_SURFACE_WITH_KNOTS('',3,1,((#4753,#4754),(#4755,#4756),(#4757,
#4758),(#4759,#4760)),.SURF_OF_LINEAR_EXTRUSION.,.F.,.F.,.F.,(4,4),(2,2),
(0.,1.),(0.,1.),.PIECEWISE_BEZIER_KNOTS.);
#15=B_SPLINE_SURFACE_WITH_KNOTS('',3,1,((#4778,#4779),(#4780,#4781),(#4782,
#4783),(#4784,#4785)),.SURF_OF_LINEAR_EXTRUSION.,.F.,.F.,.F.,(4,4),(2,2),
(0.,1.),(0.,1.),.PIECEWISE_BEZIER_KNOTS.);
#16=B_SPLINE_SURFACE_WITH_KNOTS('',3,1,((#4791,#4792),(#4793,#4794),(#4795,
#4796),(#4797,#4798)),.SURF_OF_LINEAR_EXTRUSION.,.F.,.F.,.F.,(4,4),(2,2),
(0.,1.),(0.,1.),.PIECEWISE_BEZIER_KNOTS.);
#17=B_SPLINE_SURFACE_WITH_KNOTS('',3,1,((#4804,#4805),(#4806,#4807),(#4808,
#4809),(#4810,#4811)),.SURF_OF_LINEAR_EXTRUSION.,.F.,.F.,.F.,(4,4),(2,2),
(0.,1.),(0.,1.),.PIECEWISE_BEZIER_KNOTS.);
#18=B_SPLINE_SURFACE_WITH_KNOTS('',3,1,((#4825,#4826),(#4827,#4828),(#4829,
#4830),(#4831,#4832)),.SURF_OF_LINEAR_EXTRUSION.,.F.,.F.,.F.,(4,4),(2,2),
(0.,1.),(0.,1.),.PIECEWISE_BEZIER_KNOTS.);
#19=B_SPLINE_SURFACE_WITH_KNOTS('',3,1,((#4838,#4839),(#4840,#4841),(#4842,
#4843),(#4844,#4845)),.SURF_OF_LINEAR_EXTRUSION.,.F.,.F.,.F.,(4,4),(2,2),
(0.,1.),(0.,1.),.PIECEWISE_BEZIER_KNOTS.);
#20=B_SPLINE_SURFACE_WITH_KNOTS('',3,1,((#4871,#4872),(#4873,#4874),(#4875,
#4876),(#4877,#4878)),.SURF_OF_LINEAR_EXTRUSION.,.F.,.F.,.F.,(4,4),(2,2),
(0.,1.),(0.,1.),.PIECEWISE_BEZIER_KNOTS.);
#21=B_SPLINE_SURFACE_WITH_KNOTS('',3,1,((#4884,#4885),(#4886,#4887),(#4888,
#4889),(#4890,#4891)),.SURF_OF_LINEAR_EXTRUSION.,.F.,.F.,.F.,(4,4),(2,2),
(0.,1.),(0.,1.),.PIECEWISE_BEZIER_KNOTS.);
#22=B_SPLINE_SURFACE_WITH_KNOTS('',3,1,((#4897,#4898),(#4899,#4900),(#4901,
#4902),(#4903,#4904)),.SURF_OF_LINEAR_EXTRUSION.,.F.,.F.,.F.,(4,4),(2,2),
(0.,1.),(0.,1.),.PIECEWISE_BEZIER_KNOTS.);
#23=B_SPLINE_SURFACE_WITH_KNOTS('',3,1,((#4910,#4911),(#4912,#4913),(#4914,
#4915),(#4916,#4917)),.SURF_OF_LINEAR_EXTRUSION.,.F.,.F.,.F.,(4,4),(2,2),
(0.,1.),(0.,1.),.PIECEWISE_BEZIER_KNOTS.);
#24=B_SPLINE_SURFACE_WITH_KNOTS('',3,1,((#4923,#4924),(#4925,#4926),(#4927,
#4928),(#4929,#4930)),.SURF_OF_LINEAR_EXTRUSION.,.F.,.F.,.F.,(4,4),(2,2),
(0.,1.),(0.,1.),.PIECEWISE_BEZIER_KNOTS.);
#25=B_SPLINE_SURFACE_WITH_KNOTS('',3,1,((#4936,#4937),(#4938,#4939),(#4940,
#4941),(#4942,#4943)),.SURF_OF_LINEAR_EXTRUSION.,.F.,.F.,.F.,(4,4),(2,2),
(0.,1.),(0.,1.),.PIECEWISE_BEZIER_KNOTS.);
#26=B_SPLINE_SURFACE_WITH_KNOTS('',3,1,((#4961,#4962),(#4963,#4964),(#4965,
#4966),(#4967,#4968)),.SURF_OF_LINEAR_EXTRUSION.,.F.,.F.,.F.,(4,4),(2,2),
(0.,1.),(0.,1.),.PIECEWISE_BEZIER_KNOTS.);
#27=B_SPLINE_SURFACE_WITH_KNOTS('',3,1,((#4974,#4975),(#4976,#4977),(#4978,
#4979),(#4980,#4981)),.SURF_OF_LINEAR_EXTRUSION.,.F.,.F.,.F.,(4,4),(2,2),
(0.,1.),(0.,1.),.PIECEWISE_BEZIER_KNOTS.);
#28=B_SPLINE_SURFACE_WITH_KNOTS('',3,1,((#5003,#5004),(#5005,#5006),(#5007,
#5008),(#5009,#5010)),.SURF_OF_LINEAR_EXTRUSION.,.F.,.F.,.F.,(4,4),(2,2),
(0.,1.),(0.,1.),.PIECEWISE_BEZIER_KNOTS.);
#29=B_SPLINE_SURFACE_WITH_KNOTS('',3,1,((#5016,#5017),(#5018,#5019),(#5020,
#5021),(#5022,#5023)),.SURF_OF_LINEAR_EXTRUSION.,.F.,.F.,.F.,(4,4),(2,2),
(0.,1.),(0.,1.),.PIECEWISE_BEZIER_KNOTS.);
#30=B_SPLINE_SURFACE_WITH_KNOTS('',3,1,((#5029,#5030),(#5031,#5032),(#5033,
#5034),(#5035,#5036)),.SURF_OF_LINEAR_EXTRUSION.,.F.,.F.,.F.,(4,4),(2,2),
(0.,1.),(0.,1.),.PIECEWISE_BEZIER_KNOTS.);
#31=CYLINDRICAL_SURFACE('',#3171,0.00157004362427024);
#32=CYLINDRICAL_SURFACE('',#3173,0.00162907153712968);
#33=CYLINDRICAL_SURFACE('',#3175,0.00167575875499475);
#34=CYLINDRICAL_SURFACE('',#3177,0.00143086797626634);
#35=CYLINDRICAL_SURFACE('',#3179,0.00180308147990711);
#36=CYLINDRICAL_SURFACE('',#3181,0.00205507692491884);
#37=CYLINDRICAL_SURFACE('',#3183,0.00343425395053803);
#38=CYLINDRICAL_SURFACE('',#3185,0.0113624615014933);
#39=CYLINDRICAL_SURFACE('',#3188,0.0135778426569327);
#40=CYLINDRICAL_SURFACE('',#3190,0.000788769195926103);
#41=CYLINDRICAL_SURFACE('',#3192,0.0025843779828239);
#42=CYLINDRICAL_SURFACE('',#3194,0.00105561443234664);
#43=CYLINDRICAL_SURFACE('',#3196,0.0105869395830988);
#44=CYLINDRICAL_SURFACE('',#3201,0.000959035209991601);
#45=CYLINDRICAL_SURFACE('',#3203,0.00142218050130861);
#46=CYLINDRICAL_SURFACE('',#3206,0.0040457704892509);
#47=CYLINDRICAL_SURFACE('',#3208,0.00295507238489775);
#48=CYLINDRICAL_SURFACE('',#3210,0.00262039919150268);
#49=CYLINDRICAL_SURFACE('',#3212,0.00186144956564885);
#50=CYLINDRICAL_SURFACE('',#3214,0.00190144788991563);
#51=CYLINDRICAL_SURFACE('',#3216,0.00163243456544715);
#52=CYLINDRICAL_SURFACE('',#3329,0.0722805589340355);
#53=CYLINDRICAL_SURFACE('',#3330,0.0722805589340354);
#54=CYLINDRICAL_SURFACE('',#3331,0.0722805589340355);
#55=CYLINDRICAL_SURFACE('',#3332,0.0722805589340355);
#56=CYLINDRICAL_SURFACE('',#3333,0.0722805589340354);
#57=CYLINDRICAL_SURFACE('',#3334,0.0722805589340354);
#58=CYLINDRICAL_SURFACE('',#3335,0.0722805589340355);
#59=CYLINDRICAL_SURFACE('',#3336,0.0722805589340355);
#60=CYLINDRICAL_SURFACE('',#3337,0.0722805589340355);
#61=CYLINDRICAL_SURFACE('',#3338,0.0722805589340355);
#62=CONICAL_SURFACE('',#3147,0.0702832998645263,0.0523598775598298);
#63=CONICAL_SURFACE('',#3232,0.0722805589340355,0.0523598775598298);
#64=CONICAL_SURFACE('',#3238,0.0722805589340355,0.0523598775598298);
#65=CONICAL_SURFACE('',#3243,0.0722805589340355,0.0523598775598298);
#66=CONICAL_SURFACE('',#3248,0.0722805589340355,0.0523598775598298);
#67=CONICAL_SURFACE('',#3253,0.0722805589340355,0.0523598775598298);
#68=CONICAL_SURFACE('',#3257,0.0722805589340355,0.0523598775598298);
#69=CONICAL_SURFACE('',#3263,0.0722805589340355,0.0523598775598298);
#70=CONICAL_SURFACE('',#3268,0.0722805589340355,0.0523598775598298);
#71=CONICAL_SURFACE('',#3273,0.0722805589340355,0.0523598775598298);
#72=CONICAL_SURFACE('',#3278,0.0722805589340355,0.0523598775598298);
#73=CONICAL_SURFACE('',#3283,0.0722805589340355,0.0523598775598298);
#74=CONICAL_SURFACE('',#3288,0.0722805589340355,0.0523598775598298);
#75=CONICAL_SURFACE('',#3292,0.0722805589340355,0.0523598775598298);
#76=CONICAL_SURFACE('',#3297,0.0722805589340355,0.0523598775598298);
#77=CONICAL_SURFACE('',#3302,0.0722805589340355,0.0523598775598298);
#78=CONICAL_SURFACE('',#3307,0.0722805589340355,0.0523598775598298);
#79=CONICAL_SURFACE('',#3312,0.0722805589340355,0.0523598775598298);
#80=CONICAL_SURFACE('',#3317,0.0722805589340355,0.0523598775598298);
#81=CONICAL_SURFACE('',#3322,0.0722805589340355,0.0523598775598298);
#82=CONICAL_SURFACE('',#3327,0.0722805589340355,0.0523598775598298);
#83=B_SPLINE_CURVE_WITH_KNOTS('',2,(#4478,#4479,#4480),.UNSPECIFIED.,.F.,
 .F.,(3,3),(0.,1.),.PIECEWISE_BEZIER_KNOTS.);
#84=B_SPLINE_CURVE_WITH_KNOTS('',2,(#4489,#4490,#4491),.UNSPECIFIED.,.F.,
 .F.,(3,3),(0.,1.),.PIECEWISE_BEZIER_KNOTS.);
#85=B_SPLINE_CURVE_WITH_KNOTS('',2,(#4493,#4494,#4495),.UNSPECIFIED.,.F.,
 .F.,(3,3),(0.,1.),.PIECEWISE_BEZIER_KNOTS.);
#86=B_SPLINE_CURVE_WITH_KNOTS('',2,(#4497,#4498,#4499),.UNSPECIFIED.,.F.,
 .F.,(3,3),(0.,1.),.PIECEWISE_BEZIER_KNOTS.);
#87=B_SPLINE_CURVE_WITH_KNOTS('',2,(#4509,#4510,#4511),.UNSPECIFIED.,.F.,
 .F.,(3,3),(0.,1.),.PIECEWISE_BEZIER_KNOTS.);
#88=B_SPLINE_CURVE_WITH_KNOTS('',2,(#4513,#4514,#4515),.UNSPECIFIED.,.F.,
 .F.,(3,3),(0.,1.),.PIECEWISE_BEZIER_KNOTS.);
#89=B_SPLINE_CURVE_WITH_KNOTS('',2,(#4523,#4524,#4525),.UNSPECIFIED.,.F.,
 .F.,(3,3),(0.,1.),.PIECEWISE_BEZIER_KNOTS.);
#90=B_SPLINE_CURVE_WITH_KNOTS('',2,(#4527,#4528,#4529),.UNSPECIFIED.,.F.,
 .F.,(3,3),(0.,1.),.PIECEWISE_BEZIER_KNOTS.);
#91=B_SPLINE_CURVE_WITH_KNOTS('',2,(#4531,#4532,#4533),.UNSPECIFIED.,.F.,
 .F.,(3,3),(0.,1.),.PIECEWISE_BEZIER_KNOTS.);
#92=B_SPLINE_CURVE_WITH_KNOTS('',2,(#4535,#4536,#4537),.UNSPECIFIED.,.F.,
 .F.,(3,3),(0.,1.),.PIECEWISE_BEZIER_KNOTS.);
#93=B_SPLINE_CURVE_WITH_KNOTS('',2,(#4539,#4540,#4541),.UNSPECIFIED.,.F.,
 .F.,(3,3),(0.,1.),.PIECEWISE_BEZIER_KNOTS.);
#94=B_SPLINE_CURVE_WITH_KNOTS('',2,(#4543,#4544,#4545),.UNSPECIFIED.,.F.,
 .F.,(3,3),(0.,1.),.PIECEWISE_BEZIER_KNOTS.);
#95=B_SPLINE_CURVE_WITH_KNOTS('',2,(#4557,#4558,#4559),.UNSPECIFIED.,.F.,
 .F.,(3,3),(0.,1.),.PIECEWISE_BEZIER_KNOTS.);
#96=B_SPLINE_CURVE_WITH_KNOTS('',2,(#4561,#4562,#4563),.UNSPECIFIED.,.F.,
 .F.,(3,3),(0.,1.),.PIECEWISE_BEZIER_KNOTS.);
#97=B_SPLINE_CURVE_WITH_KNOTS('',2,(#4569,#4570,#4571),.UNSPECIFIED.,.F.,
 .F.,(3,3),(0.,1.),.PIECEWISE_BEZIER_KNOTS.);
#98=B_SPLINE_CURVE_WITH_KNOTS('',2,(#4573,#4574,#4575),.UNSPECIFIED.,.F.,
 .F.,(3,3),(0.,1.),.PIECEWISE_BEZIER_KNOTS.);
#99=B_SPLINE_CURVE_WITH_KNOTS('',2,(#4577,#4578,#4579),.UNSPECIFIED.,.F.,
 .F.,(3,3),(0.,1.),.PIECEWISE_BEZIER_KNOTS.);
#100=B_SPLINE_CURVE_WITH_KNOTS('',2,(#4587,#4588,#4589),.UNSPECIFIED.,.F.,
 .F.,(3,3),(0.,1.),.PIECEWISE_BEZIER_KNOTS.);
#101=B_SPLINE_CURVE_WITH_KNOTS('',2,(#4597,#4598,#4599),.UNSPECIFIED.,.F.,
 .F.,(3,3),(0.,1.),.PIECEWISE_BEZIER_KNOTS.);
#102=B_SPLINE_CURVE_WITH_KNOTS('',2,(#4713,#4714,#4715),.UNSPECIFIED.,.F.,
 .F.,(3,3),(0.,1.),.PIECEWISE_BEZIER_KNOTS.);
#103=B_SPLINE_CURVE_WITH_KNOTS('',2,(#4738,#4739,#4740),.UNSPECIFIED.,.F.,
 .F.,(3,3),(0.,1.),.PIECEWISE_BEZIER_KNOTS.);
#104=B_SPLINE_CURVE_WITH_KNOTS('',2,(#4763,#4764,#4765),.UNSPECIFIED.,.F.,
 .F.,(3,3),(0.,1.),.PIECEWISE_BEZIER_KNOTS.);
#105=B_SPLINE_CURVE_WITH_KNOTS('',2,(#4788,#4789,#4790),.UNSPECIFIED.,.F.,
 .F.,(3,3),(0.,1.),.PIECEWISE_BEZIER_KNOTS.);
#106=B_SPLINE_CURVE_WITH_KNOTS('',2,(#4801,#4802,#4803),.UNSPECIFIED.,.F.,
 .F.,(3,3),(0.,1.),.PIECEWISE_BEZIER_KNOTS.);
#107=B_SPLINE_CURVE_WITH_KNOTS('',2,(#4814,#4815,#4816),.UNSPECIFIED.,.F.,
 .F.,(3,3),(0.,1.),.PIECEWISE_BEZIER_KNOTS.);
#108=B_SPLINE_CURVE_WITH_KNOTS('',2,(#4835,#4836,#4837),.UNSPECIFIED.,.F.,
 .F.,(3,3),(0.,1.),.PIECEWISE_BEZIER_KNOTS.);
#109=B_SPLINE_CURVE_WITH_KNOTS('',2,(#4848,#4849,#4850),.UNSPECIFIED.,.F.,
 .F.,(3,3),(0.,1.),.PIECEWISE_BEZIER_KNOTS.);
#110=B_SPLINE_CURVE_WITH_KNOTS('',2,(#4881,#4882,#4883),.UNSPECIFIED.,.F.,
 .F.,(3,3),(0.,1.),.PIECEWISE_BEZIER_KNOTS.);
#111=B_SPLINE_CURVE_WITH_KNOTS('',2,(#4894,#4895,#4896),.UNSPECIFIED.,.F.,
 .F.,(3,3),(0.,1.),.PIECEWISE_BEZIER_KNOTS.);
#112=B_SPLINE_CURVE_WITH_KNOTS('',2,(#4907,#4908,#4909),.UNSPECIFIED.,.F.,
 .F.,(3,3),(0.,1.),.PIECEWISE_BEZIER_KNOTS.);
#113=B_SPLINE_CURVE_WITH_KNOTS('',2,(#4920,#4921,#4922),.UNSPECIFIED.,.F.,
 .F.,(3,3),(0.,1.),.PIECEWISE_BEZIER_KNOTS.);
#114=B_SPLINE_CURVE_WITH_KNOTS('',2,(#4933,#4934,#4935),.UNSPECIFIED.,.F.,
 .F.,(3,3),(0.,1.),.PIECEWISE_BEZIER_KNOTS.);
#115=B_SPLINE_CURVE_WITH_KNOTS('',2,(#4946,#4947,#4948),.UNSPECIFIED.,.F.,
 .F.,(3,3),(0.,1.),.PIECEWISE_BEZIER_KNOTS.);
#116=B_SPLINE_CURVE_WITH_KNOTS('',2,(#4971,#4972,#4973),.UNSPECIFIED.,.F.,
 .F.,(3,3),(0.,1.),.PIECEWISE_BEZIER_KNOTS.);
#117=B_SPLINE_CURVE_WITH_KNOTS('',2,(#4984,#4985,#4986),.UNSPECIFIED.,.F.,
 .F.,(3,3),(0.,1.),.PIECEWISE_BEZIER_KNOTS.);
#118=B_SPLINE_CURVE_WITH_KNOTS('',2,(#5013,#5014,#5015),.UNSPECIFIED.,.F.,
 .F.,(3,3),(0.,1.),.PIECEWISE_BEZIER_KNOTS.);
#119=B_SPLINE_CURVE_WITH_KNOTS('',2,(#5026,#5027,#5028),.UNSPECIFIED.,.F.,
 .F.,(3,3),(0.,1.),.PIECEWISE_BEZIER_KNOTS.);
#120=B_SPLINE_CURVE_WITH_KNOTS('',2,(#5039,#5040,#5041),.UNSPECIFIED.,.F.,
 .F.,(3,3),(0.,1.),.PIECEWISE_BEZIER_KNOTS.);
#121=CIRCLE('',#3070,0.0722805589340355);
#122=CIRCLE('',#3071,0.0702832998645263);
#123=CIRCLE('',#3072,0.0722805589340355);
#124=CIRCLE('',#3073,0.0702832998645263);
#125=CIRCLE('',#3074,0.0722805589340355);
#126=CIRCLE('',#3075,0.0702832998645263);
#127=CIRCLE('',#3076,0.0722805589340354);
#128=CIRCLE('',#3077,0.0702832998645263);
#129=CIRCLE('',#3078,0.0722805589340354);
#130=CIRCLE('',#3079,0.0702832998645263);
#131=CIRCLE('',#3080,0.0722805589340355);
#132=CIRCLE('',#3081,0.0702832998645263);
#133=CIRCLE('',#3082,0.0722805589340355);
#134=CIRCLE('',#3083,0.0702832998645263);
#135=CIRCLE('',#3084,0.0722805589340354);
#136=CIRCLE('',#3085,0.0702832998645263);
#137=CIRCLE('',#3086,0.0722805589340355);
#138=CIRCLE('',#3087,0.0702832998645263);
#139=CIRCLE('',#3088,0.0722805589340355);
#140=CIRCLE('',#3089,0.0702832998645263);
#141=CIRCLE('',#3106,0.0687110664860351);
#142=CIRCLE('',#3107,0.0707138111780309);
#143=CIRCLE('',#3108,0.0687110664860351);
#144=CIRCLE('',#3109,0.0707138111780309);
#145=CIRCLE('',#3110,0.0687110664860351);
#146=CIRCLE('',#3111,0.0707138111780309);
#147=CIRCLE('',#3112,0.0687110664860351);
#148=CIRCLE('',#3113,0.0707138111780309);
#149=CIRCLE('',#3114,0.0687110664860351);
#150=CIRCLE('',#3115,0.0707138111780309);
#151=CIRCLE('',#3116,0.0687110664860351);
#152=CIRCLE('',#3117,0.0707138111780309);
#153=CIRCLE('',#3118,0.0687110664860351);
#154=CIRCLE('',#3119,0.0707138111780309);
#155=CIRCLE('',#3120,0.0687110664860351);
#156=CIRCLE('',#3121,0.0707138111780309);
#157=CIRCLE('',#3122,0.0687110664860351);
#158=CIRCLE('',#3123,0.0707138111780309);
#159=CIRCLE('',#3124,0.0687110664860351);
#160=CIRCLE('',#3125,0.0707138111780309);
#161=CIRCLE('',#3126,0.00157004362427024);
#162=CIRCLE('',#3127,0.00163243456544715);
#163=CIRCLE('',#3128,0.00190144788991563);
#164=CIRCLE('',#3129,0.00186144956564885);
#165=CIRCLE('',#3130,0.00262039919150268);
#166=CIRCLE('',#3131,0.00295507238489775);
#167=CIRCLE('',#3132,0.0040457704892509);
#168=CIRCLE('',#3133,0.00142218050130861);
#169=CIRCLE('',#3134,0.000959035209991601);
#170=CIRCLE('',#3135,0.0105869395830988);
#171=CIRCLE('',#3136,0.00105561443234664);
#172=CIRCLE('',#3137,0.0025843779828239);
#173=CIRCLE('',#3138,0.000788769195926103);
#174=CIRCLE('',#3139,0.0135778426569327);
#175=CIRCLE('',#3140,0.0113624615014933);
#176=CIRCLE('',#3141,0.00343425395053803);
#177=CIRCLE('',#3142,0.00205507692491884);
#178=CIRCLE('',#3143,0.00180308147990711);
#179=CIRCLE('',#3144,0.00143086797626634);
#180=CIRCLE('',#3145,0.00167575875499475);
#181=CIRCLE('',#3146,0.00162907153712968);
#182=CIRCLE('',#3148,0.0694709792856392);
#183=CIRCLE('',#3149,0.0694709792856392);
#184=CIRCLE('',#3150,0.0694709792856392);
#185=CIRCLE('',#3151,0.0694709792856392);
#186=CIRCLE('',#3152,0.0694709792856392);
#187=CIRCLE('',#3153,0.0694709792856392);
#188=CIRCLE('',#3154,0.0694709792856392);
#189=CIRCLE('',#3155,0.0694709792856392);
#190=CIRCLE('',#3156,0.0694709792856392);
#191=CIRCLE('',#3157,0.0694709792856392);
#192=CIRCLE('',#3158,0.0695233870649222);
#193=CIRCLE('',#3159,0.0695233870649222);
#194=CIRCLE('',#3160,0.0695233870649222);
#195=CIRCLE('',#3161,0.0695233870649222);
#196=CIRCLE('',#3162,0.0695233870649222);
#197=CIRCLE('',#3163,0.0695233870649222);
#198=CIRCLE('',#3164,0.0695233870649222);
#199=CIRCLE('',#3165,0.0695233870649222);
#200=CIRCLE('',#3166,0.0695233870649222);
#201=CIRCLE('',#3167,0.0695233870649222);
#202=CIRCLE('',#3172,0.00157004362427024);
#203=CIRCLE('',#3174,0.00162907153712968);
#204=CIRCLE('',#3176,0.00167575875499475);
#205=CIRCLE('',#3178,0.00143086797626634);
#206=CIRCLE('',#3180,0.00180308147990711);
#207=CIRCLE('',#3182,0.00205507692491884);
#208=CIRCLE('',#3184,0.00343425395053803);
#209=CIRCLE('',#3186,0.0113624615014933);
#210=CIRCLE('',#3189,0.0135778426569327);
#211=CIRCLE('',#3191,0.000788769195926103);
#212=CIRCLE('',#3193,0.0025843779828239);
#213=CIRCLE('',#3195,0.00105561443234664);
#214=CIRCLE('',#3197,0.0105869395830988);
#215=CIRCLE('',#3202,0.000959035209991601);
#216=CIRCLE('',#3204,0.00142218050130861);
#217=CIRCLE('',#3207,0.0040457704892509);
#218=CIRCLE('',#3209,0.00295507238489775);
#219=CIRCLE('',#3211,0.00262039919150268);
#220=CIRCLE('',#3213,0.00186144956564885);
#221=CIRCLE('',#3215,0.00190144788991563);
#222=CIRCLE('',#3217,0.00163243456544715);
#223=CIRCLE('',#3231,0.0715261317569181);
#224=CIRCLE('',#3233,0.0722805589340355);
#225=CIRCLE('',#3237,0.071473723977635);
#226=CIRCLE('',#3242,0.071473723977635);
#227=CIRCLE('',#3247,0.071473723977635);
#228=CIRCLE('',#3252,0.071473723977635);
#229=CIRCLE('',#3256,0.0715261317569181);
#230=CIRCLE('',#3258,0.0722805589340355);
#231=CIRCLE('',#3262,0.071473723977635);
#232=CIRCLE('',#3267,0.071473723977635);
#233=CIRCLE('',#3272,0.071473723977635);
#234=CIRCLE('',#3277,0.071473723977635);
#235=CIRCLE('',#3282,0.071473723977635);
#236=CIRCLE('',#3287,0.071473723977635);
#237=CIRCLE('',#3291,0.0715261317569181);
#238=CIRCLE('',#3293,0.0722805589340355);
#239=CIRCLE('',#3296,0.0715261317569181);
#240=CIRCLE('',#3298,0.0722805589340355);
#241=CIRCLE('',#3301,0.0715261317569181);
#242=CIRCLE('',#3303,0.0722805589340355);
#243=CIRCLE('',#3306,0.0715261317569181);
#244=CIRCLE('',#3308,0.0722805589340355);
#245=CIRCLE('',#3311,0.0715261317569181);
#246=CIRCLE('',#3313,0.0722805589340355);
#247=CIRCLE('',#3316,0.0715261317569181);
#248=CIRCLE('',#3318,0.0722805589340355);
#249=CIRCLE('',#3321,0.0715261317569181);
#250=CIRCLE('',#3323,0.0722805589340355);
#251=CIRCLE('',#3326,0.0715261317569181);
#252=CIRCLE('',#3328,0.0722805589340355);
#253=ORIENTED_EDGE('',*,*,#1161,.F.);
#254=ORIENTED_EDGE('',*,*,#1162,.F.);
#255=ORIENTED_EDGE('',*,*,#1163,.T.);
#256=ORIENTED_EDGE('',*,*,#1164,.T.);
#257=ORIENTED_EDGE('',*,*,#1165,.T.);
#258=ORIENTED_EDGE('',*,*,#1166,.F.);
#259=ORIENTED_EDGE('',*,*,#1167,.T.);
#260=ORIENTED_EDGE('',*,*,#1168,.F.);
#261=ORIENTED_EDGE('',*,*,#1169,.F.);
#262=ORIENTED_EDGE('',*,*,#1170,.T.);
#263=ORIENTED_EDGE('',*,*,#1171,.T.);
#264=ORIENTED_EDGE('',*,*,#1172,.F.);
#265=ORIENTED_EDGE('',*,*,#1173,.F.);
#266=ORIENTED_EDGE('',*,*,#1174,.T.);
#267=ORIENTED_EDGE('',*,*,#1175,.T.);
#268=ORIENTED_EDGE('',*,*,#1176,.F.);
#269=ORIENTED_EDGE('',*,*,#1177,.F.);
#270=ORIENTED_EDGE('',*,*,#1178,.T.);
#271=ORIENTED_EDGE('',*,*,#1179,.T.);
#272=ORIENTED_EDGE('',*,*,#1180,.F.);
#273=ORIENTED_EDGE('',*,*,#1181,.F.);
#274=ORIENTED_EDGE('',*,*,#1182,.T.);
#275=ORIENTED_EDGE('',*,*,#1183,.T.);
#276=ORIENTED_EDGE('',*,*,#1184,.F.);
#277=ORIENTED_EDGE('',*,*,#1185,.F.);
#278=ORIENTED_EDGE('',*,*,#1186,.T.);
#279=ORIENTED_EDGE('',*,*,#1187,.T.);
#280=ORIENTED_EDGE('',*,*,#1188,.F.);
#281=ORIENTED_EDGE('',*,*,#1189,.F.);
#282=ORIENTED_EDGE('',*,*,#1190,.T.);
#283=ORIENTED_EDGE('',*,*,#1191,.T.);
#284=ORIENTED_EDGE('',*,*,#1192,.F.);
#285=ORIENTED_EDGE('',*,*,#1193,.F.);
#286=ORIENTED_EDGE('',*,*,#1194,.T.);
#287=ORIENTED_EDGE('',*,*,#1195,.T.);
#288=ORIENTED_EDGE('',*,*,#1196,.F.);
#289=ORIENTED_EDGE('',*,*,#1197,.F.);
#290=ORIENTED_EDGE('',*,*,#1198,.T.);
#291=ORIENTED_EDGE('',*,*,#1199,.T.);
#292=ORIENTED_EDGE('',*,*,#1200,.F.);
#293=ORIENTED_EDGE('',*,*,#1201,.F.);
#294=ORIENTED_EDGE('',*,*,#1202,.T.);
#295=ORIENTED_EDGE('',*,*,#1203,.T.);
#296=ORIENTED_EDGE('',*,*,#1204,.F.);
#297=ORIENTED_EDGE('',*,*,#1205,.F.);
#298=ORIENTED_EDGE('',*,*,#1206,.T.);
#299=ORIENTED_EDGE('',*,*,#1207,.T.);
#300=ORIENTED_EDGE('',*,*,#1208,.F.);
#301=ORIENTED_EDGE('',*,*,#1209,.F.);
#302=ORIENTED_EDGE('',*,*,#1210,.F.);
#303=ORIENTED_EDGE('',*,*,#1211,.T.);
#304=ORIENTED_EDGE('',*,*,#1170,.F.);
#305=ORIENTED_EDGE('',*,*,#1212,.F.);
#306=ORIENTED_EDGE('',*,*,#1213,.T.);
#307=ORIENTED_EDGE('',*,*,#1214,.F.);
#308=ORIENTED_EDGE('',*,*,#1215,.T.);
#309=ORIENTED_EDGE('',*,*,#1202,.F.);
#310=ORIENTED_EDGE('',*,*,#1216,.F.);
#311=ORIENTED_EDGE('',*,*,#1217,.T.);
#312=ORIENTED_EDGE('',*,*,#1218,.F.);
#313=ORIENTED_EDGE('',*,*,#1219,.T.);
#314=ORIENTED_EDGE('',*,*,#1206,.F.);
#315=ORIENTED_EDGE('',*,*,#1220,.F.);
#316=ORIENTED_EDGE('',*,*,#1221,.T.);
#317=ORIENTED_EDGE('',*,*,#1222,.F.);
#318=ORIENTED_EDGE('',*,*,#1223,.T.);
#319=ORIENTED_EDGE('',*,*,#1190,.F.);
#320=ORIENTED_EDGE('',*,*,#1224,.F.);
#321=ORIENTED_EDGE('',*,*,#1225,.T.);
#322=ORIENTED_EDGE('',*,*,#1226,.F.);
#323=ORIENTED_EDGE('',*,*,#1227,.T.);
#324=ORIENTED_EDGE('',*,*,#1186,.F.);
#325=ORIENTED_EDGE('',*,*,#1228,.F.);
#326=ORIENTED_EDGE('',*,*,#1229,.T.);
#327=ORIENTED_EDGE('',*,*,#1230,.F.);
#328=ORIENTED_EDGE('',*,*,#1231,.T.);
#329=ORIENTED_EDGE('',*,*,#1182,.F.);
#330=ORIENTED_EDGE('',*,*,#1232,.F.);
#331=ORIENTED_EDGE('',*,*,#1233,.T.);
#332=ORIENTED_EDGE('',*,*,#1234,.F.);
#333=ORIENTED_EDGE('',*,*,#1235,.T.);
#334=ORIENTED_EDGE('',*,*,#1178,.F.);
#335=ORIENTED_EDGE('',*,*,#1236,.F.);
#336=ORIENTED_EDGE('',*,*,#1237,.T.);
#337=ORIENTED_EDGE('',*,*,#1238,.F.);
#338=ORIENTED_EDGE('',*,*,#1239,.T.);
#339=ORIENTED_EDGE('',*,*,#1174,.F.);
#340=ORIENTED_EDGE('',*,*,#1240,.F.);
#341=ORIENTED_EDGE('',*,*,#1241,.T.);
#342=ORIENTED_EDGE('',*,*,#1242,.F.);
#343=ORIENTED_EDGE('',*,*,#1243,.T.);
#344=ORIENTED_EDGE('',*,*,#1198,.F.);
#345=ORIENTED_EDGE('',*,*,#1244,.F.);
#346=ORIENTED_EDGE('',*,*,#1245,.T.);
#347=ORIENTED_EDGE('',*,*,#1246,.F.);
#348=ORIENTED_EDGE('',*,*,#1247,.T.);
#349=ORIENTED_EDGE('',*,*,#1194,.F.);
#350=ORIENTED_EDGE('',*,*,#1248,.F.);
#351=ORIENTED_EDGE('',*,*,#1249,.T.);
#352=ORIENTED_EDGE('',*,*,#1250,.F.);
#353=ORIENTED_EDGE('',*,*,#1251,.T.);
#354=ORIENTED_EDGE('',*,*,#1252,.T.);
#355=ORIENTED_EDGE('',*,*,#1253,.F.);
#356=ORIENTED_EDGE('',*,*,#1254,.F.);
#357=ORIENTED_EDGE('',*,*,#1253,.T.);
#358=ORIENTED_EDGE('',*,*,#1255,.T.);
#359=ORIENTED_EDGE('',*,*,#1256,.F.);
#360=ORIENTED_EDGE('',*,*,#1257,.F.);
#361=ORIENTED_EDGE('',*,*,#1256,.T.);
#362=ORIENTED_EDGE('',*,*,#1258,.T.);
#363=ORIENTED_EDGE('',*,*,#1259,.F.);
#364=ORIENTED_EDGE('',*,*,#1260,.F.);
#365=ORIENTED_EDGE('',*,*,#1259,.T.);
#366=ORIENTED_EDGE('',*,*,#1261,.T.);
#367=ORIENTED_EDGE('',*,*,#1251,.F.);
#368=ORIENTED_EDGE('',*,*,#1262,.T.);
#369=ORIENTED_EDGE('',*,*,#1263,.T.);
#370=ORIENTED_EDGE('',*,*,#1264,.T.);
#371=ORIENTED_EDGE('',*,*,#1265,.T.);
#372=ORIENTED_EDGE('',*,*,#1266,.T.);
#373=ORIENTED_EDGE('',*,*,#1267,.F.);
#374=ORIENTED_EDGE('',*,*,#1268,.F.);
#375=ORIENTED_EDGE('',*,*,#1269,.T.);
#376=ORIENTED_EDGE('',*,*,#1270,.T.);
#377=ORIENTED_EDGE('',*,*,#1271,.F.);
#378=ORIENTED_EDGE('',*,*,#1272,.F.);
#379=ORIENTED_EDGE('',*,*,#1273,.T.);
#380=ORIENTED_EDGE('',*,*,#1274,.T.);
#381=ORIENTED_EDGE('',*,*,#1275,.F.);
#382=ORIENTED_EDGE('',*,*,#1276,.F.);
#383=ORIENTED_EDGE('',*,*,#1277,.T.);
#384=ORIENTED_EDGE('',*,*,#1278,.T.);
#385=ORIENTED_EDGE('',*,*,#1279,.F.);
#386=ORIENTED_EDGE('',*,*,#1280,.F.);
#387=ORIENTED_EDGE('',*,*,#1281,.T.);
#388=ORIENTED_EDGE('',*,*,#1282,.T.);
#389=ORIENTED_EDGE('',*,*,#1283,.F.);
#390=ORIENTED_EDGE('',*,*,#1284,.F.);
#391=ORIENTED_EDGE('',*,*,#1285,.T.);
#392=ORIENTED_EDGE('',*,*,#1286,.T.);
#393=ORIENTED_EDGE('',*,*,#1287,.F.);
#394=ORIENTED_EDGE('',*,*,#1288,.F.);
#395=ORIENTED_EDGE('',*,*,#1289,.T.);
#396=ORIENTED_EDGE('',*,*,#1290,.T.);
#397=ORIENTED_EDGE('',*,*,#1291,.F.);
#398=ORIENTED_EDGE('',*,*,#1292,.F.);
#399=ORIENTED_EDGE('',*,*,#1293,.T.);
#400=ORIENTED_EDGE('',*,*,#1294,.T.);
#401=ORIENTED_EDGE('',*,*,#1295,.F.);
#402=ORIENTED_EDGE('',*,*,#1296,.F.);
#403=ORIENTED_EDGE('',*,*,#1297,.T.);
#404=ORIENTED_EDGE('',*,*,#1298,.T.);
#405=ORIENTED_EDGE('',*,*,#1299,.F.);
#406=ORIENTED_EDGE('',*,*,#1300,.F.);
#407=ORIENTED_EDGE('',*,*,#1301,.T.);
#408=ORIENTED_EDGE('',*,*,#1302,.T.);
#409=ORIENTED_EDGE('',*,*,#1303,.F.);
#410=ORIENTED_EDGE('',*,*,#1304,.F.);
#411=ORIENTED_EDGE('',*,*,#1305,.F.);
#412=ORIENTED_EDGE('',*,*,#1306,.F.);
#413=ORIENTED_EDGE('',*,*,#1307,.T.);
#414=ORIENTED_EDGE('',*,*,#1308,.T.);
#415=ORIENTED_EDGE('',*,*,#1264,.F.);
#416=ORIENTED_EDGE('',*,*,#1309,.T.);
#417=ORIENTED_EDGE('',*,*,#1310,.T.);
#418=ORIENTED_EDGE('',*,*,#1311,.F.);
#419=ORIENTED_EDGE('',*,*,#1312,.T.);
#420=ORIENTED_EDGE('',*,*,#1313,.F.);
#421=ORIENTED_EDGE('',*,*,#1314,.T.);
#422=ORIENTED_EDGE('',*,*,#1315,.F.);
#423=ORIENTED_EDGE('',*,*,#1252,.F.);
#424=ORIENTED_EDGE('',*,*,#1261,.F.);
#425=ORIENTED_EDGE('',*,*,#1258,.F.);
#426=ORIENTED_EDGE('',*,*,#1255,.F.);
#427=ORIENTED_EDGE('',*,*,#1316,.T.);
#428=ORIENTED_EDGE('',*,*,#1317,.T.);
#429=ORIENTED_EDGE('',*,*,#1318,.T.);
#430=ORIENTED_EDGE('',*,*,#1319,.T.);
#431=ORIENTED_EDGE('',*,*,#1320,.T.);
#432=ORIENTED_EDGE('',*,*,#1321,.T.);
#433=ORIENTED_EDGE('',*,*,#1322,.T.);
#434=ORIENTED_EDGE('',*,*,#1323,.T.);
#435=ORIENTED_EDGE('',*,*,#1324,.T.);
#436=ORIENTED_EDGE('',*,*,#1325,.T.);
#437=ORIENTED_EDGE('',*,*,#1326,.T.);
#438=ORIENTED_EDGE('',*,*,#1327,.T.);
#439=ORIENTED_EDGE('',*,*,#1328,.T.);
#440=ORIENTED_EDGE('',*,*,#1329,.T.);
#441=ORIENTED_EDGE('',*,*,#1330,.T.);
#442=ORIENTED_EDGE('',*,*,#1331,.T.);
#443=ORIENTED_EDGE('',*,*,#1332,.T.);
#444=ORIENTED_EDGE('',*,*,#1333,.T.);
#445=ORIENTED_EDGE('',*,*,#1334,.T.);
#446=ORIENTED_EDGE('',*,*,#1335,.T.);
#447=ORIENTED_EDGE('',*,*,#1336,.T.);
#448=ORIENTED_EDGE('',*,*,#1337,.T.);
#449=ORIENTED_EDGE('',*,*,#1338,.T.);
#450=ORIENTED_EDGE('',*,*,#1339,.T.);
#451=ORIENTED_EDGE('',*,*,#1340,.T.);
#452=ORIENTED_EDGE('',*,*,#1341,.T.);
#453=ORIENTED_EDGE('',*,*,#1342,.T.);
#454=ORIENTED_EDGE('',*,*,#1343,.T.);
#455=ORIENTED_EDGE('',*,*,#1344,.T.);
#456=ORIENTED_EDGE('',*,*,#1345,.T.);
#457=ORIENTED_EDGE('',*,*,#1346,.T.);
#458=ORIENTED_EDGE('',*,*,#1347,.T.);
#459=ORIENTED_EDGE('',*,*,#1348,.T.);
#460=ORIENTED_EDGE('',*,*,#1349,.T.);
#461=ORIENTED_EDGE('',*,*,#1350,.T.);
#462=ORIENTED_EDGE('',*,*,#1351,.T.);
#463=ORIENTED_EDGE('',*,*,#1352,.T.);
#464=ORIENTED_EDGE('',*,*,#1353,.T.);
#465=ORIENTED_EDGE('',*,*,#1354,.T.);
#466=ORIENTED_EDGE('',*,*,#1355,.T.);
#467=ORIENTED_EDGE('',*,*,#1356,.T.);
#468=ORIENTED_EDGE('',*,*,#1357,.T.);
#469=ORIENTED_EDGE('',*,*,#1358,.T.);
#470=ORIENTED_EDGE('',*,*,#1359,.T.);
#471=ORIENTED_EDGE('',*,*,#1360,.T.);
#472=ORIENTED_EDGE('',*,*,#1269,.F.);
#473=ORIENTED_EDGE('',*,*,#1361,.T.);
#474=ORIENTED_EDGE('',*,*,#1362,.T.);
#475=ORIENTED_EDGE('',*,*,#1363,.T.);
#476=ORIENTED_EDGE('',*,*,#1265,.F.);
#477=ORIENTED_EDGE('',*,*,#1364,.T.);
#478=ORIENTED_EDGE('',*,*,#1365,.T.);
#479=ORIENTED_EDGE('',*,*,#1366,.T.);
#480=ORIENTED_EDGE('',*,*,#1301,.F.);
#481=ORIENTED_EDGE('',*,*,#1367,.T.);
#482=ORIENTED_EDGE('',*,*,#1368,.T.);
#483=ORIENTED_EDGE('',*,*,#1369,.T.);
#484=ORIENTED_EDGE('',*,*,#1297,.F.);
#485=ORIENTED_EDGE('',*,*,#1370,.T.);
#486=ORIENTED_EDGE('',*,*,#1371,.T.);
#487=ORIENTED_EDGE('',*,*,#1372,.T.);
#488=ORIENTED_EDGE('',*,*,#1293,.F.);
#489=ORIENTED_EDGE('',*,*,#1373,.T.);
#490=ORIENTED_EDGE('',*,*,#1374,.T.);
#491=ORIENTED_EDGE('',*,*,#1375,.T.);
#492=ORIENTED_EDGE('',*,*,#1289,.F.);
#493=ORIENTED_EDGE('',*,*,#1376,.T.);
#494=ORIENTED_EDGE('',*,*,#1377,.T.);
#495=ORIENTED_EDGE('',*,*,#1378,.T.);
#496=ORIENTED_EDGE('',*,*,#1285,.F.);
#497=ORIENTED_EDGE('',*,*,#1379,.T.);
#498=ORIENTED_EDGE('',*,*,#1380,.T.);
#499=ORIENTED_EDGE('',*,*,#1381,.T.);
#500=ORIENTED_EDGE('',*,*,#1281,.F.);
#501=ORIENTED_EDGE('',*,*,#1382,.T.);
#502=ORIENTED_EDGE('',*,*,#1383,.T.);
#503=ORIENTED_EDGE('',*,*,#1384,.T.);
#504=ORIENTED_EDGE('',*,*,#1277,.F.);
#505=ORIENTED_EDGE('',*,*,#1385,.T.);
#506=ORIENTED_EDGE('',*,*,#1386,.T.);
#507=ORIENTED_EDGE('',*,*,#1387,.T.);
#508=ORIENTED_EDGE('',*,*,#1273,.F.);
#509=ORIENTED_EDGE('',*,*,#1388,.T.);
#510=ORIENTED_EDGE('',*,*,#1389,.T.);
#511=ORIENTED_EDGE('',*,*,#1390,.T.);
#512=ORIENTED_EDGE('',*,*,#1197,.T.);
#513=ORIENTED_EDGE('',*,*,#1391,.T.);
#514=ORIENTED_EDGE('',*,*,#1392,.T.);
#515=ORIENTED_EDGE('',*,*,#1248,.T.);
#516=ORIENTED_EDGE('',*,*,#1193,.T.);
#517=ORIENTED_EDGE('',*,*,#1393,.T.);
#518=ORIENTED_EDGE('',*,*,#1394,.T.);
#519=ORIENTED_EDGE('',*,*,#1224,.T.);
#520=ORIENTED_EDGE('',*,*,#1189,.T.);
#521=ORIENTED_EDGE('',*,*,#1395,.T.);
#522=ORIENTED_EDGE('',*,*,#1396,.T.);
#523=ORIENTED_EDGE('',*,*,#1228,.T.);
#524=ORIENTED_EDGE('',*,*,#1185,.T.);
#525=ORIENTED_EDGE('',*,*,#1397,.T.);
#526=ORIENTED_EDGE('',*,*,#1398,.T.);
#527=ORIENTED_EDGE('',*,*,#1232,.T.);
#528=ORIENTED_EDGE('',*,*,#1181,.T.);
#529=ORIENTED_EDGE('',*,*,#1399,.T.);
#530=ORIENTED_EDGE('',*,*,#1400,.T.);
#531=ORIENTED_EDGE('',*,*,#1236,.T.);
#532=ORIENTED_EDGE('',*,*,#1177,.T.);
#533=ORIENTED_EDGE('',*,*,#1401,.T.);
#534=ORIENTED_EDGE('',*,*,#1402,.T.);
#535=ORIENTED_EDGE('',*,*,#1240,.T.);
#536=ORIENTED_EDGE('',*,*,#1173,.T.);
#537=ORIENTED_EDGE('',*,*,#1403,.T.);
#538=ORIENTED_EDGE('',*,*,#1404,.T.);
#539=ORIENTED_EDGE('',*,*,#1212,.T.);
#540=ORIENTED_EDGE('',*,*,#1209,.T.);
#541=ORIENTED_EDGE('',*,*,#1405,.T.);
#542=ORIENTED_EDGE('',*,*,#1406,.T.);
#543=ORIENTED_EDGE('',*,*,#1220,.T.);
#544=ORIENTED_EDGE('',*,*,#1205,.T.);
#545=ORIENTED_EDGE('',*,*,#1407,.T.);
#546=ORIENTED_EDGE('',*,*,#1408,.T.);
#547=ORIENTED_EDGE('',*,*,#1216,.T.);
#548=ORIENTED_EDGE('',*,*,#1201,.T.);
#549=ORIENTED_EDGE('',*,*,#1409,.T.);
#550=ORIENTED_EDGE('',*,*,#1410,.T.);
#551=ORIENTED_EDGE('',*,*,#1244,.T.);
#552=ORIENTED_EDGE('',*,*,#1411,.F.);
#553=ORIENTED_EDGE('',*,*,#1313,.T.);
#554=ORIENTED_EDGE('',*,*,#1412,.T.);
#555=ORIENTED_EDGE('',*,*,#1166,.T.);
#556=ORIENTED_EDGE('',*,*,#1413,.T.);
#557=ORIENTED_EDGE('',*,*,#1414,.F.);
#558=ORIENTED_EDGE('',*,*,#1263,.F.);
#559=ORIENTED_EDGE('',*,*,#1413,.F.);
#560=ORIENTED_EDGE('',*,*,#1165,.F.);
#561=ORIENTED_EDGE('',*,*,#1415,.F.);
#562=ORIENTED_EDGE('',*,*,#1309,.F.);
#563=ORIENTED_EDGE('',*,*,#1412,.F.);
#564=ORIENTED_EDGE('',*,*,#1312,.F.);
#565=ORIENTED_EDGE('',*,*,#1416,.F.);
#566=ORIENTED_EDGE('',*,*,#1167,.F.);
#567=ORIENTED_EDGE('',*,*,#1317,.F.);
#568=ORIENTED_EDGE('',*,*,#1417,.F.);
#569=ORIENTED_EDGE('',*,*,#1418,.T.);
#570=ORIENTED_EDGE('',*,*,#1419,.T.);
#571=ORIENTED_EDGE('',*,*,#1316,.F.);
#572=ORIENTED_EDGE('',*,*,#1420,.F.);
#573=ORIENTED_EDGE('',*,*,#1421,.T.);
#574=ORIENTED_EDGE('',*,*,#1417,.T.);
#575=ORIENTED_EDGE('',*,*,#1360,.F.);
#576=ORIENTED_EDGE('',*,*,#1422,.F.);
#577=ORIENTED_EDGE('',*,*,#1423,.T.);
#578=ORIENTED_EDGE('',*,*,#1420,.T.);
#579=ORIENTED_EDGE('',*,*,#1359,.F.);
#580=ORIENTED_EDGE('',*,*,#1424,.F.);
#581=ORIENTED_EDGE('',*,*,#1425,.T.);
#582=ORIENTED_EDGE('',*,*,#1422,.T.);
#583=ORIENTED_EDGE('',*,*,#1358,.F.);
#584=ORIENTED_EDGE('',*,*,#1426,.F.);
#585=ORIENTED_EDGE('',*,*,#1427,.T.);
#586=ORIENTED_EDGE('',*,*,#1424,.T.);
#587=ORIENTED_EDGE('',*,*,#1357,.F.);
#588=ORIENTED_EDGE('',*,*,#1428,.F.);
#589=ORIENTED_EDGE('',*,*,#1429,.T.);
#590=ORIENTED_EDGE('',*,*,#1426,.T.);
#591=ORIENTED_EDGE('',*,*,#1356,.F.);
#592=ORIENTED_EDGE('',*,*,#1430,.F.);
#593=ORIENTED_EDGE('',*,*,#1431,.T.);
#594=ORIENTED_EDGE('',*,*,#1428,.T.);
#595=ORIENTED_EDGE('',*,*,#1355,.F.);
#596=ORIENTED_EDGE('',*,*,#1432,.F.);
#597=ORIENTED_EDGE('',*,*,#1433,.T.);
#598=ORIENTED_EDGE('',*,*,#1430,.T.);
#599=ORIENTED_EDGE('',*,*,#1354,.F.);
#600=ORIENTED_EDGE('',*,*,#1434,.F.);
#601=ORIENTED_EDGE('',*,*,#1435,.T.);
#602=ORIENTED_EDGE('',*,*,#1432,.T.);
#603=ORIENTED_EDGE('',*,*,#1353,.F.);
#604=ORIENTED_EDGE('',*,*,#1436,.F.);
#605=ORIENTED_EDGE('',*,*,#1437,.T.);
#606=ORIENTED_EDGE('',*,*,#1434,.T.);
#607=ORIENTED_EDGE('',*,*,#1352,.F.);
#608=ORIENTED_EDGE('',*,*,#1438,.F.);
#609=ORIENTED_EDGE('',*,*,#1439,.T.);
#610=ORIENTED_EDGE('',*,*,#1436,.T.);
#611=ORIENTED_EDGE('',*,*,#1351,.F.);
#612=ORIENTED_EDGE('',*,*,#1440,.F.);
#613=ORIENTED_EDGE('',*,*,#1441,.T.);
#614=ORIENTED_EDGE('',*,*,#1438,.T.);
#615=ORIENTED_EDGE('',*,*,#1350,.F.);
#616=ORIENTED_EDGE('',*,*,#1442,.F.);
#617=ORIENTED_EDGE('',*,*,#1443,.T.);
#618=ORIENTED_EDGE('',*,*,#1440,.T.);
#619=ORIENTED_EDGE('',*,*,#1349,.F.);
#620=ORIENTED_EDGE('',*,*,#1444,.F.);
#621=ORIENTED_EDGE('',*,*,#1445,.T.);
#622=ORIENTED_EDGE('',*,*,#1442,.T.);
#623=ORIENTED_EDGE('',*,*,#1348,.F.);
#624=ORIENTED_EDGE('',*,*,#1446,.F.);
#625=ORIENTED_EDGE('',*,*,#1447,.T.);
#626=ORIENTED_EDGE('',*,*,#1444,.T.);
#627=ORIENTED_EDGE('',*,*,#1347,.F.);
#628=ORIENTED_EDGE('',*,*,#1448,.F.);
#629=ORIENTED_EDGE('',*,*,#1449,.T.);
#630=ORIENTED_EDGE('',*,*,#1446,.T.);
#631=ORIENTED_EDGE('',*,*,#1346,.F.);
#632=ORIENTED_EDGE('',*,*,#1450,.F.);
#633=ORIENTED_EDGE('',*,*,#1451,.T.);
#634=ORIENTED_EDGE('',*,*,#1448,.T.);
#635=ORIENTED_EDGE('',*,*,#1345,.F.);
#636=ORIENTED_EDGE('',*,*,#1452,.F.);
#637=ORIENTED_EDGE('',*,*,#1453,.T.);
#638=ORIENTED_EDGE('',*,*,#1450,.T.);
#639=ORIENTED_EDGE('',*,*,#1344,.F.);
#640=ORIENTED_EDGE('',*,*,#1454,.F.);
#641=ORIENTED_EDGE('',*,*,#1455,.T.);
#642=ORIENTED_EDGE('',*,*,#1452,.T.);
#643=ORIENTED_EDGE('',*,*,#1343,.F.);
#644=ORIENTED_EDGE('',*,*,#1456,.F.);
#645=ORIENTED_EDGE('',*,*,#1457,.T.);
#646=ORIENTED_EDGE('',*,*,#1454,.T.);
#647=ORIENTED_EDGE('',*,*,#1342,.F.);
#648=ORIENTED_EDGE('',*,*,#1458,.F.);
#649=ORIENTED_EDGE('',*,*,#1459,.T.);
#650=ORIENTED_EDGE('',*,*,#1456,.T.);
#651=ORIENTED_EDGE('',*,*,#1341,.F.);
#652=ORIENTED_EDGE('',*,*,#1460,.F.);
#653=ORIENTED_EDGE('',*,*,#1461,.T.);
#654=ORIENTED_EDGE('',*,*,#1458,.T.);
#655=ORIENTED_EDGE('',*,*,#1340,.F.);
#656=ORIENTED_EDGE('',*,*,#1462,.F.);
#657=ORIENTED_EDGE('',*,*,#1463,.T.);
#658=ORIENTED_EDGE('',*,*,#1460,.T.);
#659=ORIENTED_EDGE('',*,*,#1339,.F.);
#660=ORIENTED_EDGE('',*,*,#1464,.F.);
#661=ORIENTED_EDGE('',*,*,#1465,.T.);
#662=ORIENTED_EDGE('',*,*,#1462,.T.);
#663=ORIENTED_EDGE('',*,*,#1338,.F.);
#664=ORIENTED_EDGE('',*,*,#1466,.F.);
#665=ORIENTED_EDGE('',*,*,#1467,.T.);
#666=ORIENTED_EDGE('',*,*,#1464,.T.);
#667=ORIENTED_EDGE('',*,*,#1337,.F.);
#668=ORIENTED_EDGE('',*,*,#1468,.F.);
#669=ORIENTED_EDGE('',*,*,#1469,.T.);
#670=ORIENTED_EDGE('',*,*,#1466,.T.);
#671=ORIENTED_EDGE('',*,*,#1336,.F.);
#672=ORIENTED_EDGE('',*,*,#1470,.F.);
#673=ORIENTED_EDGE('',*,*,#1471,.T.);
#674=ORIENTED_EDGE('',*,*,#1468,.T.);
#675=ORIENTED_EDGE('',*,*,#1335,.F.);
#676=ORIENTED_EDGE('',*,*,#1472,.F.);
#677=ORIENTED_EDGE('',*,*,#1473,.T.);
#678=ORIENTED_EDGE('',*,*,#1470,.T.);
#679=ORIENTED_EDGE('',*,*,#1334,.F.);
#680=ORIENTED_EDGE('',*,*,#1474,.F.);
#681=ORIENTED_EDGE('',*,*,#1475,.T.);
#682=ORIENTED_EDGE('',*,*,#1472,.T.);
#683=ORIENTED_EDGE('',*,*,#1333,.F.);
#684=ORIENTED_EDGE('',*,*,#1476,.F.);
#685=ORIENTED_EDGE('',*,*,#1477,.T.);
#686=ORIENTED_EDGE('',*,*,#1474,.T.);
#687=ORIENTED_EDGE('',*,*,#1332,.F.);
#688=ORIENTED_EDGE('',*,*,#1478,.F.);
#689=ORIENTED_EDGE('',*,*,#1479,.T.);
#690=ORIENTED_EDGE('',*,*,#1476,.T.);
#691=ORIENTED_EDGE('',*,*,#1331,.F.);
#692=ORIENTED_EDGE('',*,*,#1480,.F.);
#693=ORIENTED_EDGE('',*,*,#1481,.T.);
#694=ORIENTED_EDGE('',*,*,#1478,.T.);
#695=ORIENTED_EDGE('',*,*,#1330,.F.);
#696=ORIENTED_EDGE('',*,*,#1482,.F.);
#697=ORIENTED_EDGE('',*,*,#1483,.T.);
#698=ORIENTED_EDGE('',*,*,#1480,.T.);
#699=ORIENTED_EDGE('',*,*,#1329,.F.);
#700=ORIENTED_EDGE('',*,*,#1484,.F.);
#701=ORIENTED_EDGE('',*,*,#1485,.T.);
#702=ORIENTED_EDGE('',*,*,#1482,.T.);
#703=ORIENTED_EDGE('',*,*,#1328,.F.);
#704=ORIENTED_EDGE('',*,*,#1486,.F.);
#705=ORIENTED_EDGE('',*,*,#1487,.T.);
#706=ORIENTED_EDGE('',*,*,#1484,.T.);
#707=ORIENTED_EDGE('',*,*,#1327,.F.);
#708=ORIENTED_EDGE('',*,*,#1488,.F.);
#709=ORIENTED_EDGE('',*,*,#1489,.T.);
#710=ORIENTED_EDGE('',*,*,#1486,.T.);
#711=ORIENTED_EDGE('',*,*,#1326,.F.);
#712=ORIENTED_EDGE('',*,*,#1490,.F.);
#713=ORIENTED_EDGE('',*,*,#1491,.T.);
#714=ORIENTED_EDGE('',*,*,#1488,.T.);
#715=ORIENTED_EDGE('',*,*,#1325,.F.);
#716=ORIENTED_EDGE('',*,*,#1492,.F.);
#717=ORIENTED_EDGE('',*,*,#1493,.T.);
#718=ORIENTED_EDGE('',*,*,#1490,.T.);
#719=ORIENTED_EDGE('',*,*,#1324,.F.);
#720=ORIENTED_EDGE('',*,*,#1494,.F.);
#721=ORIENTED_EDGE('',*,*,#1495,.T.);
#722=ORIENTED_EDGE('',*,*,#1492,.T.);
#723=ORIENTED_EDGE('',*,*,#1323,.F.);
#724=ORIENTED_EDGE('',*,*,#1496,.F.);
#725=ORIENTED_EDGE('',*,*,#1497,.T.);
#726=ORIENTED_EDGE('',*,*,#1494,.T.);
#727=ORIENTED_EDGE('',*,*,#1322,.F.);
#728=ORIENTED_EDGE('',*,*,#1498,.F.);
#729=ORIENTED_EDGE('',*,*,#1499,.T.);
#730=ORIENTED_EDGE('',*,*,#1496,.T.);
#731=ORIENTED_EDGE('',*,*,#1321,.F.);
#732=ORIENTED_EDGE('',*,*,#1500,.F.);
#733=ORIENTED_EDGE('',*,*,#1501,.T.);
#734=ORIENTED_EDGE('',*,*,#1498,.T.);
#735=ORIENTED_EDGE('',*,*,#1320,.F.);
#736=ORIENTED_EDGE('',*,*,#1502,.F.);
#737=ORIENTED_EDGE('',*,*,#1503,.T.);
#738=ORIENTED_EDGE('',*,*,#1500,.T.);
#739=ORIENTED_EDGE('',*,*,#1319,.F.);
#740=ORIENTED_EDGE('',*,*,#1504,.F.);
#741=ORIENTED_EDGE('',*,*,#1505,.T.);
#742=ORIENTED_EDGE('',*,*,#1502,.T.);
#743=ORIENTED_EDGE('',*,*,#1318,.F.);
#744=ORIENTED_EDGE('',*,*,#1419,.F.);
#745=ORIENTED_EDGE('',*,*,#1506,.T.);
#746=ORIENTED_EDGE('',*,*,#1504,.T.);
#747=ORIENTED_EDGE('',*,*,#1418,.F.);
#748=ORIENTED_EDGE('',*,*,#1421,.F.);
#749=ORIENTED_EDGE('',*,*,#1423,.F.);
#750=ORIENTED_EDGE('',*,*,#1425,.F.);
#751=ORIENTED_EDGE('',*,*,#1427,.F.);
#752=ORIENTED_EDGE('',*,*,#1429,.F.);
#753=ORIENTED_EDGE('',*,*,#1431,.F.);
#754=ORIENTED_EDGE('',*,*,#1433,.F.);
#755=ORIENTED_EDGE('',*,*,#1435,.F.);
#756=ORIENTED_EDGE('',*,*,#1437,.F.);
#757=ORIENTED_EDGE('',*,*,#1439,.F.);
#758=ORIENTED_EDGE('',*,*,#1441,.F.);
#759=ORIENTED_EDGE('',*,*,#1443,.F.);
#760=ORIENTED_EDGE('',*,*,#1445,.F.);
#761=ORIENTED_EDGE('',*,*,#1447,.F.);
#762=ORIENTED_EDGE('',*,*,#1449,.F.);
#763=ORIENTED_EDGE('',*,*,#1451,.F.);
#764=ORIENTED_EDGE('',*,*,#1453,.F.);
#765=ORIENTED_EDGE('',*,*,#1455,.F.);
#766=ORIENTED_EDGE('',*,*,#1457,.F.);
#767=ORIENTED_EDGE('',*,*,#1459,.F.);
#768=ORIENTED_EDGE('',*,*,#1461,.F.);
#769=ORIENTED_EDGE('',*,*,#1463,.F.);
#770=ORIENTED_EDGE('',*,*,#1465,.F.);
#771=ORIENTED_EDGE('',*,*,#1467,.F.);
#772=ORIENTED_EDGE('',*,*,#1469,.F.);
#773=ORIENTED_EDGE('',*,*,#1471,.F.);
#774=ORIENTED_EDGE('',*,*,#1473,.F.);
#775=ORIENTED_EDGE('',*,*,#1475,.F.);
#776=ORIENTED_EDGE('',*,*,#1477,.F.);
#777=ORIENTED_EDGE('',*,*,#1479,.F.);
#778=ORIENTED_EDGE('',*,*,#1481,.F.);
#779=ORIENTED_EDGE('',*,*,#1483,.F.);
#780=ORIENTED_EDGE('',*,*,#1485,.F.);
#781=ORIENTED_EDGE('',*,*,#1487,.F.);
#782=ORIENTED_EDGE('',*,*,#1489,.F.);
#783=ORIENTED_EDGE('',*,*,#1491,.F.);
#784=ORIENTED_EDGE('',*,*,#1493,.F.);
#785=ORIENTED_EDGE('',*,*,#1495,.F.);
#786=ORIENTED_EDGE('',*,*,#1497,.F.);
#787=ORIENTED_EDGE('',*,*,#1499,.F.);
#788=ORIENTED_EDGE('',*,*,#1501,.F.);
#789=ORIENTED_EDGE('',*,*,#1503,.F.);
#790=ORIENTED_EDGE('',*,*,#1505,.F.);
#791=ORIENTED_EDGE('',*,*,#1506,.F.);
#792=ORIENTED_EDGE('',*,*,#1311,.T.);
#793=ORIENTED_EDGE('',*,*,#1507,.T.);
#794=ORIENTED_EDGE('',*,*,#1168,.T.);
#795=ORIENTED_EDGE('',*,*,#1416,.T.);
#796=ORIENTED_EDGE('',*,*,#1310,.F.);
#797=ORIENTED_EDGE('',*,*,#1415,.T.);
#798=ORIENTED_EDGE('',*,*,#1169,.T.);
#799=ORIENTED_EDGE('',*,*,#1507,.F.);
#800=ORIENTED_EDGE('',*,*,#1411,.T.);
#801=ORIENTED_EDGE('',*,*,#1508,.T.);
#802=ORIENTED_EDGE('',*,*,#1509,.F.);
#803=ORIENTED_EDGE('',*,*,#1314,.F.);
#804=ORIENTED_EDGE('',*,*,#1414,.T.);
#805=ORIENTED_EDGE('',*,*,#1262,.F.);
#806=ORIENTED_EDGE('',*,*,#1510,.F.);
#807=ORIENTED_EDGE('',*,*,#1508,.F.);
#808=ORIENTED_EDGE('',*,*,#1315,.T.);
#809=ORIENTED_EDGE('',*,*,#1509,.T.);
#810=ORIENTED_EDGE('',*,*,#1510,.T.);
#811=ORIENTED_EDGE('',*,*,#1511,.T.);
#812=ORIENTED_EDGE('',*,*,#1307,.F.);
#813=ORIENTED_EDGE('',*,*,#1512,.F.);
#814=ORIENTED_EDGE('',*,*,#1164,.F.);
#815=ORIENTED_EDGE('',*,*,#1513,.T.);
#816=ORIENTED_EDGE('',*,*,#1308,.F.);
#817=ORIENTED_EDGE('',*,*,#1511,.F.);
#818=ORIENTED_EDGE('',*,*,#1163,.F.);
#819=ORIENTED_EDGE('',*,*,#1161,.T.);
#820=ORIENTED_EDGE('',*,*,#1512,.T.);
#821=ORIENTED_EDGE('',*,*,#1306,.T.);
#822=ORIENTED_EDGE('',*,*,#1514,.F.);
#823=ORIENTED_EDGE('',*,*,#1162,.T.);
#824=ORIENTED_EDGE('',*,*,#1514,.T.);
#825=ORIENTED_EDGE('',*,*,#1305,.T.);
#826=ORIENTED_EDGE('',*,*,#1513,.F.);
#827=ORIENTED_EDGE('',*,*,#1260,.T.);
#828=ORIENTED_EDGE('',*,*,#1250,.T.);
#829=ORIENTED_EDGE('',*,*,#1254,.T.);
#830=ORIENTED_EDGE('',*,*,#1257,.T.);
#831=ORIENTED_EDGE('',*,*,#1515,.F.);
#832=ORIENTED_EDGE('',*,*,#1516,.F.);
#833=ORIENTED_EDGE('',*,*,#1517,.F.);
#834=ORIENTED_EDGE('',*,*,#1403,.F.);
#835=ORIENTED_EDGE('',*,*,#1172,.T.);
#836=ORIENTED_EDGE('',*,*,#1404,.F.);
#837=ORIENTED_EDGE('',*,*,#1517,.T.);
#838=ORIENTED_EDGE('',*,*,#1518,.F.);
#839=ORIENTED_EDGE('',*,*,#1213,.F.);
#840=ORIENTED_EDGE('',*,*,#1518,.T.);
#841=ORIENTED_EDGE('',*,*,#1516,.T.);
#842=ORIENTED_EDGE('',*,*,#1519,.T.);
#843=ORIENTED_EDGE('',*,*,#1210,.T.);
#844=ORIENTED_EDGE('',*,*,#1364,.F.);
#845=ORIENTED_EDGE('',*,*,#1304,.T.);
#846=ORIENTED_EDGE('',*,*,#1520,.F.);
#847=ORIENTED_EDGE('',*,*,#1521,.F.);
#848=ORIENTED_EDGE('',*,*,#1366,.F.);
#849=ORIENTED_EDGE('',*,*,#1522,.T.);
#850=ORIENTED_EDGE('',*,*,#1523,.F.);
#851=ORIENTED_EDGE('',*,*,#1302,.F.);
#852=ORIENTED_EDGE('',*,*,#1365,.F.);
#853=ORIENTED_EDGE('',*,*,#1521,.T.);
#854=ORIENTED_EDGE('',*,*,#1524,.F.);
#855=ORIENTED_EDGE('',*,*,#1522,.F.);
#856=ORIENTED_EDGE('',*,*,#1520,.T.);
#857=ORIENTED_EDGE('',*,*,#1303,.T.);
#858=ORIENTED_EDGE('',*,*,#1523,.T.);
#859=ORIENTED_EDGE('',*,*,#1524,.T.);
#860=ORIENTED_EDGE('',*,*,#1385,.F.);
#861=ORIENTED_EDGE('',*,*,#1276,.T.);
#862=ORIENTED_EDGE('',*,*,#1525,.F.);
#863=ORIENTED_EDGE('',*,*,#1526,.F.);
#864=ORIENTED_EDGE('',*,*,#1387,.F.);
#865=ORIENTED_EDGE('',*,*,#1527,.T.);
#866=ORIENTED_EDGE('',*,*,#1528,.F.);
#867=ORIENTED_EDGE('',*,*,#1274,.F.);
#868=ORIENTED_EDGE('',*,*,#1386,.F.);
#869=ORIENTED_EDGE('',*,*,#1526,.T.);
#870=ORIENTED_EDGE('',*,*,#1529,.F.);
#871=ORIENTED_EDGE('',*,*,#1527,.F.);
#872=ORIENTED_EDGE('',*,*,#1525,.T.);
#873=ORIENTED_EDGE('',*,*,#1275,.T.);
#874=ORIENTED_EDGE('',*,*,#1528,.T.);
#875=ORIENTED_EDGE('',*,*,#1529,.T.);
#876=ORIENTED_EDGE('',*,*,#1388,.F.);
#877=ORIENTED_EDGE('',*,*,#1272,.T.);
#878=ORIENTED_EDGE('',*,*,#1530,.F.);
#879=ORIENTED_EDGE('',*,*,#1531,.F.);
#880=ORIENTED_EDGE('',*,*,#1390,.F.);
#881=ORIENTED_EDGE('',*,*,#1532,.T.);
#882=ORIENTED_EDGE('',*,*,#1533,.F.);
#883=ORIENTED_EDGE('',*,*,#1270,.F.);
#884=ORIENTED_EDGE('',*,*,#1389,.F.);
#885=ORIENTED_EDGE('',*,*,#1531,.T.);
#886=ORIENTED_EDGE('',*,*,#1534,.F.);
#887=ORIENTED_EDGE('',*,*,#1532,.F.);
#888=ORIENTED_EDGE('',*,*,#1530,.T.);
#889=ORIENTED_EDGE('',*,*,#1271,.T.);
#890=ORIENTED_EDGE('',*,*,#1533,.T.);
#891=ORIENTED_EDGE('',*,*,#1534,.T.);
#892=ORIENTED_EDGE('',*,*,#1382,.F.);
#893=ORIENTED_EDGE('',*,*,#1280,.T.);
#894=ORIENTED_EDGE('',*,*,#1535,.F.);
#895=ORIENTED_EDGE('',*,*,#1536,.F.);
#896=ORIENTED_EDGE('',*,*,#1384,.F.);
#897=ORIENTED_EDGE('',*,*,#1537,.T.);
#898=ORIENTED_EDGE('',*,*,#1538,.F.);
#899=ORIENTED_EDGE('',*,*,#1278,.F.);
#900=ORIENTED_EDGE('',*,*,#1383,.F.);
#901=ORIENTED_EDGE('',*,*,#1536,.T.);
#902=ORIENTED_EDGE('',*,*,#1539,.F.);
#903=ORIENTED_EDGE('',*,*,#1537,.F.);
#904=ORIENTED_EDGE('',*,*,#1535,.T.);
#905=ORIENTED_EDGE('',*,*,#1279,.T.);
#906=ORIENTED_EDGE('',*,*,#1538,.T.);
#907=ORIENTED_EDGE('',*,*,#1539,.T.);
#908=ORIENTED_EDGE('',*,*,#1540,.F.);
#909=ORIENTED_EDGE('',*,*,#1541,.F.);
#910=ORIENTED_EDGE('',*,*,#1542,.F.);
#911=ORIENTED_EDGE('',*,*,#1407,.F.);
#912=ORIENTED_EDGE('',*,*,#1204,.T.);
#913=ORIENTED_EDGE('',*,*,#1408,.F.);
#914=ORIENTED_EDGE('',*,*,#1542,.T.);
#915=ORIENTED_EDGE('',*,*,#1543,.F.);
#916=ORIENTED_EDGE('',*,*,#1217,.F.);
#917=ORIENTED_EDGE('',*,*,#1541,.T.);
#918=ORIENTED_EDGE('',*,*,#1544,.T.);
#919=ORIENTED_EDGE('',*,*,#1214,.T.);
#920=ORIENTED_EDGE('',*,*,#1543,.T.);
#921=ORIENTED_EDGE('',*,*,#1379,.F.);
#922=ORIENTED_EDGE('',*,*,#1284,.T.);
#923=ORIENTED_EDGE('',*,*,#1545,.F.);
#924=ORIENTED_EDGE('',*,*,#1546,.F.);
#925=ORIENTED_EDGE('',*,*,#1381,.F.);
#926=ORIENTED_EDGE('',*,*,#1547,.T.);
#927=ORIENTED_EDGE('',*,*,#1548,.F.);
#928=ORIENTED_EDGE('',*,*,#1282,.F.);
#929=ORIENTED_EDGE('',*,*,#1380,.F.);
#930=ORIENTED_EDGE('',*,*,#1546,.T.);
#931=ORIENTED_EDGE('',*,*,#1549,.F.);
#932=ORIENTED_EDGE('',*,*,#1547,.F.);
#933=ORIENTED_EDGE('',*,*,#1545,.T.);
#934=ORIENTED_EDGE('',*,*,#1283,.T.);
#935=ORIENTED_EDGE('',*,*,#1548,.T.);
#936=ORIENTED_EDGE('',*,*,#1549,.T.);
#937=ORIENTED_EDGE('',*,*,#1376,.F.);
#938=ORIENTED_EDGE('',*,*,#1288,.T.);
#939=ORIENTED_EDGE('',*,*,#1550,.F.);
#940=ORIENTED_EDGE('',*,*,#1551,.F.);
#941=ORIENTED_EDGE('',*,*,#1378,.F.);
#942=ORIENTED_EDGE('',*,*,#1552,.T.);
#943=ORIENTED_EDGE('',*,*,#1553,.F.);
#944=ORIENTED_EDGE('',*,*,#1286,.F.);
#945=ORIENTED_EDGE('',*,*,#1377,.F.);
#946=ORIENTED_EDGE('',*,*,#1551,.T.);
#947=ORIENTED_EDGE('',*,*,#1554,.F.);
#948=ORIENTED_EDGE('',*,*,#1552,.F.);
#949=ORIENTED_EDGE('',*,*,#1550,.T.);
#950=ORIENTED_EDGE('',*,*,#1287,.T.);
#951=ORIENTED_EDGE('',*,*,#1553,.T.);
#952=ORIENTED_EDGE('',*,*,#1554,.T.);
#953=ORIENTED_EDGE('',*,*,#1373,.F.);
#954=ORIENTED_EDGE('',*,*,#1292,.T.);
#955=ORIENTED_EDGE('',*,*,#1555,.F.);
#956=ORIENTED_EDGE('',*,*,#1556,.F.);
#957=ORIENTED_EDGE('',*,*,#1375,.F.);
#958=ORIENTED_EDGE('',*,*,#1557,.T.);
#959=ORIENTED_EDGE('',*,*,#1558,.F.);
#960=ORIENTED_EDGE('',*,*,#1290,.F.);
#961=ORIENTED_EDGE('',*,*,#1374,.F.);
#962=ORIENTED_EDGE('',*,*,#1556,.T.);
#963=ORIENTED_EDGE('',*,*,#1559,.F.);
#964=ORIENTED_EDGE('',*,*,#1557,.F.);
#965=ORIENTED_EDGE('',*,*,#1555,.T.);
#966=ORIENTED_EDGE('',*,*,#1291,.T.);
#967=ORIENTED_EDGE('',*,*,#1558,.T.);
#968=ORIENTED_EDGE('',*,*,#1559,.T.);
#969=ORIENTED_EDGE('',*,*,#1370,.F.);
#970=ORIENTED_EDGE('',*,*,#1296,.T.);
#971=ORIENTED_EDGE('',*,*,#1560,.F.);
#972=ORIENTED_EDGE('',*,*,#1561,.F.);
#973=ORIENTED_EDGE('',*,*,#1372,.F.);
#974=ORIENTED_EDGE('',*,*,#1562,.T.);
#975=ORIENTED_EDGE('',*,*,#1563,.F.);
#976=ORIENTED_EDGE('',*,*,#1294,.F.);
#977=ORIENTED_EDGE('',*,*,#1371,.F.);
#978=ORIENTED_EDGE('',*,*,#1561,.T.);
#979=ORIENTED_EDGE('',*,*,#1564,.F.);
#980=ORIENTED_EDGE('',*,*,#1562,.F.);
#981=ORIENTED_EDGE('',*,*,#1560,.T.);
#982=ORIENTED_EDGE('',*,*,#1295,.T.);
#983=ORIENTED_EDGE('',*,*,#1563,.T.);
#984=ORIENTED_EDGE('',*,*,#1564,.T.);
#985=ORIENTED_EDGE('',*,*,#1367,.F.);
#986=ORIENTED_EDGE('',*,*,#1300,.T.);
#987=ORIENTED_EDGE('',*,*,#1565,.F.);
#988=ORIENTED_EDGE('',*,*,#1566,.F.);
#989=ORIENTED_EDGE('',*,*,#1369,.F.);
#990=ORIENTED_EDGE('',*,*,#1567,.T.);
#991=ORIENTED_EDGE('',*,*,#1568,.F.);
#992=ORIENTED_EDGE('',*,*,#1298,.F.);
#993=ORIENTED_EDGE('',*,*,#1368,.F.);
#994=ORIENTED_EDGE('',*,*,#1566,.T.);
#995=ORIENTED_EDGE('',*,*,#1569,.F.);
#996=ORIENTED_EDGE('',*,*,#1567,.F.);
#997=ORIENTED_EDGE('',*,*,#1565,.T.);
#998=ORIENTED_EDGE('',*,*,#1299,.T.);
#999=ORIENTED_EDGE('',*,*,#1568,.T.);
#1000=ORIENTED_EDGE('',*,*,#1569,.T.);
#1001=ORIENTED_EDGE('',*,*,#1361,.F.);
#1002=ORIENTED_EDGE('',*,*,#1268,.T.);
#1003=ORIENTED_EDGE('',*,*,#1570,.F.);
#1004=ORIENTED_EDGE('',*,*,#1571,.F.);
#1005=ORIENTED_EDGE('',*,*,#1363,.F.);
#1006=ORIENTED_EDGE('',*,*,#1572,.T.);
#1007=ORIENTED_EDGE('',*,*,#1573,.F.);
#1008=ORIENTED_EDGE('',*,*,#1266,.F.);
#1009=ORIENTED_EDGE('',*,*,#1362,.F.);
#1010=ORIENTED_EDGE('',*,*,#1571,.T.);
#1011=ORIENTED_EDGE('',*,*,#1574,.F.);
#1012=ORIENTED_EDGE('',*,*,#1572,.F.);
#1013=ORIENTED_EDGE('',*,*,#1570,.T.);
#1014=ORIENTED_EDGE('',*,*,#1267,.T.);
#1015=ORIENTED_EDGE('',*,*,#1573,.T.);
#1016=ORIENTED_EDGE('',*,*,#1574,.T.);
#1017=ORIENTED_EDGE('',*,*,#1575,.F.);
#1018=ORIENTED_EDGE('',*,*,#1576,.F.);
#1019=ORIENTED_EDGE('',*,*,#1577,.F.);
#1020=ORIENTED_EDGE('',*,*,#1405,.F.);
#1021=ORIENTED_EDGE('',*,*,#1208,.T.);
#1022=ORIENTED_EDGE('',*,*,#1406,.F.);
#1023=ORIENTED_EDGE('',*,*,#1577,.T.);
#1024=ORIENTED_EDGE('',*,*,#1578,.F.);
#1025=ORIENTED_EDGE('',*,*,#1221,.F.);
#1026=ORIENTED_EDGE('',*,*,#1576,.T.);
#1027=ORIENTED_EDGE('',*,*,#1579,.T.);
#1028=ORIENTED_EDGE('',*,*,#1218,.T.);
#1029=ORIENTED_EDGE('',*,*,#1578,.T.);
#1030=ORIENTED_EDGE('',*,*,#1580,.F.);
#1031=ORIENTED_EDGE('',*,*,#1581,.F.);
#1032=ORIENTED_EDGE('',*,*,#1582,.F.);
#1033=ORIENTED_EDGE('',*,*,#1393,.F.);
#1034=ORIENTED_EDGE('',*,*,#1192,.T.);
#1035=ORIENTED_EDGE('',*,*,#1394,.F.);
#1036=ORIENTED_EDGE('',*,*,#1582,.T.);
#1037=ORIENTED_EDGE('',*,*,#1583,.F.);
#1038=ORIENTED_EDGE('',*,*,#1225,.F.);
#1039=ORIENTED_EDGE('',*,*,#1581,.T.);
#1040=ORIENTED_EDGE('',*,*,#1584,.T.);
#1041=ORIENTED_EDGE('',*,*,#1222,.T.);
#1042=ORIENTED_EDGE('',*,*,#1583,.T.);
#1043=ORIENTED_EDGE('',*,*,#1585,.F.);
#1044=ORIENTED_EDGE('',*,*,#1586,.F.);
#1045=ORIENTED_EDGE('',*,*,#1587,.F.);
#1046=ORIENTED_EDGE('',*,*,#1395,.F.);
#1047=ORIENTED_EDGE('',*,*,#1188,.T.);
#1048=ORIENTED_EDGE('',*,*,#1396,.F.);
#1049=ORIENTED_EDGE('',*,*,#1587,.T.);
#1050=ORIENTED_EDGE('',*,*,#1588,.F.);
#1051=ORIENTED_EDGE('',*,*,#1229,.F.);
#1052=ORIENTED_EDGE('',*,*,#1586,.T.);
#1053=ORIENTED_EDGE('',*,*,#1589,.T.);
#1054=ORIENTED_EDGE('',*,*,#1226,.T.);
#1055=ORIENTED_EDGE('',*,*,#1588,.T.);
#1056=ORIENTED_EDGE('',*,*,#1590,.F.);
#1057=ORIENTED_EDGE('',*,*,#1591,.F.);
#1058=ORIENTED_EDGE('',*,*,#1592,.F.);
#1059=ORIENTED_EDGE('',*,*,#1397,.F.);
#1060=ORIENTED_EDGE('',*,*,#1184,.T.);
#1061=ORIENTED_EDGE('',*,*,#1398,.F.);
#1062=ORIENTED_EDGE('',*,*,#1592,.T.);
#1063=ORIENTED_EDGE('',*,*,#1593,.F.);
#1064=ORIENTED_EDGE('',*,*,#1233,.F.);
#1065=ORIENTED_EDGE('',*,*,#1591,.T.);
#1066=ORIENTED_EDGE('',*,*,#1594,.T.);
#1067=ORIENTED_EDGE('',*,*,#1230,.T.);
#1068=ORIENTED_EDGE('',*,*,#1593,.T.);
#1069=ORIENTED_EDGE('',*,*,#1595,.F.);
#1070=ORIENTED_EDGE('',*,*,#1596,.F.);
#1071=ORIENTED_EDGE('',*,*,#1597,.F.);
#1072=ORIENTED_EDGE('',*,*,#1399,.F.);
#1073=ORIENTED_EDGE('',*,*,#1180,.T.);
#1074=ORIENTED_EDGE('',*,*,#1400,.F.);
#1075=ORIENTED_EDGE('',*,*,#1597,.T.);
#1076=ORIENTED_EDGE('',*,*,#1598,.F.);
#1077=ORIENTED_EDGE('',*,*,#1237,.F.);
#1078=ORIENTED_EDGE('',*,*,#1596,.T.);
#1079=ORIENTED_EDGE('',*,*,#1599,.T.);
#1080=ORIENTED_EDGE('',*,*,#1234,.T.);
#1081=ORIENTED_EDGE('',*,*,#1598,.T.);
#1082=ORIENTED_EDGE('',*,*,#1600,.F.);
#1083=ORIENTED_EDGE('',*,*,#1601,.F.);
#1084=ORIENTED_EDGE('',*,*,#1602,.F.);
#1085=ORIENTED_EDGE('',*,*,#1401,.F.);
#1086=ORIENTED_EDGE('',*,*,#1176,.T.);
#1087=ORIENTED_EDGE('',*,*,#1402,.F.);
#1088=ORIENTED_EDGE('',*,*,#1602,.T.);
#1089=ORIENTED_EDGE('',*,*,#1603,.F.);
#1090=ORIENTED_EDGE('',*,*,#1241,.F.);
#1091=ORIENTED_EDGE('',*,*,#1601,.T.);
#1092=ORIENTED_EDGE('',*,*,#1604,.T.);
#1093=ORIENTED_EDGE('',*,*,#1238,.T.);
#1094=ORIENTED_EDGE('',*,*,#1603,.T.);
#1095=ORIENTED_EDGE('',*,*,#1605,.F.);
#1096=ORIENTED_EDGE('',*,*,#1606,.F.);
#1097=ORIENTED_EDGE('',*,*,#1607,.F.);
#1098=ORIENTED_EDGE('',*,*,#1409,.F.);
#1099=ORIENTED_EDGE('',*,*,#1200,.T.);
#1100=ORIENTED_EDGE('',*,*,#1410,.F.);
#1101=ORIENTED_EDGE('',*,*,#1607,.T.);
#1102=ORIENTED_EDGE('',*,*,#1608,.F.);
#1103=ORIENTED_EDGE('',*,*,#1245,.F.);
#1104=ORIENTED_EDGE('',*,*,#1606,.T.);
#1105=ORIENTED_EDGE('',*,*,#1609,.T.);
#1106=ORIENTED_EDGE('',*,*,#1242,.T.);
#1107=ORIENTED_EDGE('',*,*,#1608,.T.);
#1108=ORIENTED_EDGE('',*,*,#1610,.F.);
#1109=ORIENTED_EDGE('',*,*,#1611,.F.);
#1110=ORIENTED_EDGE('',*,*,#1612,.F.);
#1111=ORIENTED_EDGE('',*,*,#1391,.F.);
#1112=ORIENTED_EDGE('',*,*,#1196,.T.);
#1113=ORIENTED_EDGE('',*,*,#1392,.F.);
#1114=ORIENTED_EDGE('',*,*,#1612,.T.);
#1115=ORIENTED_EDGE('',*,*,#1613,.F.);
#1116=ORIENTED_EDGE('',*,*,#1249,.F.);
#1117=ORIENTED_EDGE('',*,*,#1611,.T.);
#1118=ORIENTED_EDGE('',*,*,#1614,.T.);
#1119=ORIENTED_EDGE('',*,*,#1246,.T.);
#1120=ORIENTED_EDGE('',*,*,#1613,.T.);
#1121=ORIENTED_EDGE('',*,*,#1614,.F.);
#1122=ORIENTED_EDGE('',*,*,#1610,.T.);
#1123=ORIENTED_EDGE('',*,*,#1195,.F.);
#1124=ORIENTED_EDGE('',*,*,#1247,.F.);
#1125=ORIENTED_EDGE('',*,*,#1609,.F.);
#1126=ORIENTED_EDGE('',*,*,#1605,.T.);
#1127=ORIENTED_EDGE('',*,*,#1199,.F.);
#1128=ORIENTED_EDGE('',*,*,#1243,.F.);
#1129=ORIENTED_EDGE('',*,*,#1604,.F.);
#1130=ORIENTED_EDGE('',*,*,#1600,.T.);
#1131=ORIENTED_EDGE('',*,*,#1175,.F.);
#1132=ORIENTED_EDGE('',*,*,#1239,.F.);
#1133=ORIENTED_EDGE('',*,*,#1599,.F.);
#1134=ORIENTED_EDGE('',*,*,#1595,.T.);
#1135=ORIENTED_EDGE('',*,*,#1179,.F.);
#1136=ORIENTED_EDGE('',*,*,#1235,.F.);
#1137=ORIENTED_EDGE('',*,*,#1594,.F.);
#1138=ORIENTED_EDGE('',*,*,#1590,.T.);
#1139=ORIENTED_EDGE('',*,*,#1183,.F.);
#1140=ORIENTED_EDGE('',*,*,#1231,.F.);
#1141=ORIENTED_EDGE('',*,*,#1589,.F.);
#1142=ORIENTED_EDGE('',*,*,#1585,.T.);
#1143=ORIENTED_EDGE('',*,*,#1187,.F.);
#1144=ORIENTED_EDGE('',*,*,#1227,.F.);
#1145=ORIENTED_EDGE('',*,*,#1584,.F.);
#1146=ORIENTED_EDGE('',*,*,#1580,.T.);
#1147=ORIENTED_EDGE('',*,*,#1191,.F.);
#1148=ORIENTED_EDGE('',*,*,#1223,.F.);
#1149=ORIENTED_EDGE('',*,*,#1579,.F.);
#1150=ORIENTED_EDGE('',*,*,#1575,.T.);
#1151=ORIENTED_EDGE('',*,*,#1207,.F.);
#1152=ORIENTED_EDGE('',*,*,#1219,.F.);
#1153=ORIENTED_EDGE('',*,*,#1544,.F.);
#1154=ORIENTED_EDGE('',*,*,#1540,.T.);
#1155=ORIENTED_EDGE('',*,*,#1203,.F.);
#1156=ORIENTED_EDGE('',*,*,#1215,.F.);
#1157=ORIENTED_EDGE('',*,*,#1519,.F.);
#1158=ORIENTED_EDGE('',*,*,#1515,.T.);
#1159=ORIENTED_EDGE('',*,*,#1171,.F.);
#1160=ORIENTED_EDGE('',*,*,#1211,.F.);
#1161=EDGE_CURVE('',#1615,#1616,#1917,.T.);
#1162=EDGE_CURVE('',#1617,#1615,#1918,.T.);
#1163=EDGE_CURVE('',#1617,#1618,#1919,.T.);
#1164=EDGE_CURVE('',#1618,#1616,#1920,.T.);
#1165=EDGE_CURVE('',#1619,#1620,#1921,.T.);
#1166=EDGE_CURVE('',#1621,#1620,#1922,.T.);
#1167=EDGE_CURVE('',#1621,#1622,#1923,.T.);
#1168=EDGE_CURVE('',#1623,#1622,#1924,.T.);
#1169=EDGE_CURVE('',#1619,#1623,#1925,.T.);
#1170=EDGE_CURVE('',#1624,#1625,#1926,.T.);
#1171=EDGE_CURVE('',#1625,#1626,#121,.T.);
#1172=EDGE_CURVE('',#1627,#1626,#1927,.T.);
#1173=EDGE_CURVE('',#1628,#1627,#122,.T.);
#1174=EDGE_CURVE('',#1628,#1629,#1928,.T.);
#1175=EDGE_CURVE('',#1629,#1630,#123,.T.);
#1176=EDGE_CURVE('',#1631,#1630,#1929,.T.);
#1177=EDGE_CURVE('',#1632,#1631,#124,.T.);
#1178=EDGE_CURVE('',#1632,#1633,#1930,.T.);
#1179=EDGE_CURVE('',#1633,#1634,#125,.T.);
#1180=EDGE_CURVE('',#1635,#1634,#1931,.T.);
#1181=EDGE_CURVE('',#1636,#1635,#126,.T.);
#1182=EDGE_CURVE('',#1636,#1637,#1932,.T.);
#1183=EDGE_CURVE('',#1637,#1638,#127,.T.);
#1184=EDGE_CURVE('',#1639,#1638,#1933,.T.);
#1185=EDGE_CURVE('',#1640,#1639,#128,.T.);
#1186=EDGE_CURVE('',#1640,#1641,#1934,.T.);
#1187=EDGE_CURVE('',#1641,#1642,#129,.T.);
#1188=EDGE_CURVE('',#1643,#1642,#1935,.T.);
#1189=EDGE_CURVE('',#1644,#1643,#130,.T.);
#1190=EDGE_CURVE('',#1644,#1645,#1936,.T.);
#1191=EDGE_CURVE('',#1645,#1646,#131,.T.);
#1192=EDGE_CURVE('',#1647,#1646,#1937,.T.);
#1193=EDGE_CURVE('',#1648,#1647,#132,.T.);
#1194=EDGE_CURVE('',#1648,#1649,#1938,.T.);
#1195=EDGE_CURVE('',#1649,#1650,#133,.T.);
#1196=EDGE_CURVE('',#1651,#1650,#1939,.T.);
#1197=EDGE_CURVE('',#1652,#1651,#134,.T.);
#1198=EDGE_CURVE('',#1652,#1653,#1940,.T.);
#1199=EDGE_CURVE('',#1653,#1654,#135,.T.);
#1200=EDGE_CURVE('',#1655,#1654,#1941,.T.);
#1201=EDGE_CURVE('',#1656,#1655,#136,.T.);
#1202=EDGE_CURVE('',#1656,#1657,#1942,.T.);
#1203=EDGE_CURVE('',#1657,#1658,#137,.T.);
#1204=EDGE_CURVE('',#1659,#1658,#1943,.T.);
#1205=EDGE_CURVE('',#1660,#1659,#138,.T.);
#1206=EDGE_CURVE('',#1660,#1661,#1944,.T.);
#1207=EDGE_CURVE('',#1661,#1662,#139,.T.);
#1208=EDGE_CURVE('',#1663,#1662,#1945,.T.);
#1209=EDGE_CURVE('',#1624,#1663,#140,.T.);
#1210=EDGE_CURVE('',#1664,#1665,#1946,.F.);
#1211=EDGE_CURVE('',#1664,#1625,#1947,.T.);
#1212=EDGE_CURVE('',#1666,#1624,#1948,.T.);
#1213=EDGE_CURVE('',#1666,#1665,#1949,.T.);
#1214=EDGE_CURVE('',#1667,#1668,#1950,.F.);
#1215=EDGE_CURVE('',#1667,#1657,#1951,.T.);
#1216=EDGE_CURVE('',#1669,#1656,#1952,.T.);
#1217=EDGE_CURVE('',#1669,#1668,#1953,.T.);
#1218=EDGE_CURVE('',#1670,#1671,#1954,.F.);
#1219=EDGE_CURVE('',#1670,#1661,#1955,.T.);
#1220=EDGE_CURVE('',#1672,#1660,#1956,.T.);
#1221=EDGE_CURVE('',#1672,#1671,#1957,.T.);
#1222=EDGE_CURVE('',#1673,#1674,#1958,.F.);
#1223=EDGE_CURVE('',#1673,#1645,#1959,.T.);
#1224=EDGE_CURVE('',#1675,#1644,#1960,.T.);
#1225=EDGE_CURVE('',#1675,#1674,#1961,.T.);
#1226=EDGE_CURVE('',#1676,#1677,#1962,.F.);
#1227=EDGE_CURVE('',#1676,#1641,#1963,.T.);
#1228=EDGE_CURVE('',#1678,#1640,#1964,.T.);
#1229=EDGE_CURVE('',#1678,#1677,#1965,.T.);
#1230=EDGE_CURVE('',#1679,#1680,#1966,.F.);
#1231=EDGE_CURVE('',#1679,#1637,#1967,.T.);
#1232=EDGE_CURVE('',#1681,#1636,#1968,.T.);
#1233=EDGE_CURVE('',#1681,#1680,#1969,.T.);
#1234=EDGE_CURVE('',#1682,#1683,#1970,.F.);
#1235=EDGE_CURVE('',#1682,#1633,#1971,.T.);
#1236=EDGE_CURVE('',#1684,#1632,#1972,.T.);
#1237=EDGE_CURVE('',#1684,#1683,#1973,.T.);
#1238=EDGE_CURVE('',#1685,#1686,#1974,.F.);
#1239=EDGE_CURVE('',#1685,#1629,#1975,.T.);
#1240=EDGE_CURVE('',#1687,#1628,#1976,.T.);
#1241=EDGE_CURVE('',#1687,#1686,#1977,.T.);
#1242=EDGE_CURVE('',#1688,#1689,#1978,.F.);
#1243=EDGE_CURVE('',#1688,#1653,#1979,.T.);
#1244=EDGE_CURVE('',#1690,#1652,#1980,.T.);
#1245=EDGE_CURVE('',#1690,#1689,#1981,.T.);
#1246=EDGE_CURVE('',#1691,#1692,#1982,.F.);
#1247=EDGE_CURVE('',#1691,#1649,#1983,.T.);
#1248=EDGE_CURVE('',#1693,#1648,#1984,.T.);
#1249=EDGE_CURVE('',#1693,#1692,#1985,.T.);
#1250=EDGE_CURVE('',#1694,#1695,#1986,.T.);
#1251=EDGE_CURVE('',#1694,#1696,#1987,.T.);
#1252=EDGE_CURVE('',#1696,#1697,#1988,.T.);
#1253=EDGE_CURVE('',#1695,#1697,#1989,.T.);
#1254=EDGE_CURVE('',#1695,#1698,#1990,.T.);
#1255=EDGE_CURVE('',#1697,#1699,#1991,.T.);
#1256=EDGE_CURVE('',#1698,#1699,#1992,.T.);
#1257=EDGE_CURVE('',#1698,#1700,#1993,.T.);
#1258=EDGE_CURVE('',#1699,#1701,#1994,.T.);
#1259=EDGE_CURVE('',#1700,#1701,#1995,.T.);
#1260=EDGE_CURVE('',#1700,#1694,#1996,.T.);
#1261=EDGE_CURVE('',#1701,#1696,#1997,.T.);
#1262=EDGE_CURVE('',#1702,#1703,#1998,.T.);
#1263=EDGE_CURVE('',#1703,#1704,#1999,.T.);
#1264=EDGE_CURVE('',#1704,#1702,#2000,.T.);
#1265=EDGE_CURVE('',#1705,#1706,#141,.T.);
#1266=EDGE_CURVE('',#1706,#1707,#2001,.T.);
#1267=EDGE_CURVE('',#1708,#1707,#142,.T.);
#1268=EDGE_CURVE('',#1709,#1708,#2002,.T.);
#1269=EDGE_CURVE('',#1709,#1710,#143,.T.);
#1270=EDGE_CURVE('',#1710,#1711,#2003,.T.);
#1271=EDGE_CURVE('',#1712,#1711,#144,.T.);
#1272=EDGE_CURVE('',#1713,#1712,#2004,.T.);
#1273=EDGE_CURVE('',#1713,#1714,#145,.T.);
#1274=EDGE_CURVE('',#1714,#1715,#2005,.T.);
#1275=EDGE_CURVE('',#1716,#1715,#146,.T.);
#1276=EDGE_CURVE('',#1717,#1716,#2006,.T.);
#1277=EDGE_CURVE('',#1717,#1718,#147,.T.);
#1278=EDGE_CURVE('',#1718,#1719,#2007,.T.);
#1279=EDGE_CURVE('',#1720,#1719,#148,.T.);
#1280=EDGE_CURVE('',#1721,#1720,#2008,.T.);
#1281=EDGE_CURVE('',#1721,#1722,#149,.T.);
#1282=EDGE_CURVE('',#1722,#1723,#2009,.T.);
#1283=EDGE_CURVE('',#1724,#1723,#150,.T.);
#1284=EDGE_CURVE('',#1725,#1724,#2010,.T.);
#1285=EDGE_CURVE('',#1725,#1726,#151,.T.);
#1286=EDGE_CURVE('',#1726,#1727,#2011,.T.);
#1287=EDGE_CURVE('',#1728,#1727,#152,.T.);
#1288=EDGE_CURVE('',#1729,#1728,#2012,.T.);
#1289=EDGE_CURVE('',#1729,#1730,#153,.T.);
#1290=EDGE_CURVE('',#1730,#1731,#2013,.T.);
#1291=EDGE_CURVE('',#1732,#1731,#154,.T.);
#1292=EDGE_CURVE('',#1733,#1732,#2014,.T.);
#1293=EDGE_CURVE('',#1733,#1734,#155,.T.);
#1294=EDGE_CURVE('',#1734,#1735,#2015,.T.);
#1295=EDGE_CURVE('',#1736,#1735,#156,.T.);
#1296=EDGE_CURVE('',#1737,#1736,#2016,.T.);
#1297=EDGE_CURVE('',#1737,#1738,#157,.T.);
#1298=EDGE_CURVE('',#1738,#1739,#2017,.T.);
#1299=EDGE_CURVE('',#1740,#1739,#158,.T.);
#1300=EDGE_CURVE('',#1741,#1740,#2018,.T.);
#1301=EDGE_CURVE('',#1741,#1742,#159,.T.);
#1302=EDGE_CURVE('',#1742,#1743,#2019,.T.);
#1303=EDGE_CURVE('',#1744,#1743,#160,.T.);
#1304=EDGE_CURVE('',#1705,#1744,#2020,.T.);
#1305=EDGE_CURVE('',#1745,#1746,#2021,.T.);
#1306=EDGE_CURVE('',#1747,#1745,#2022,.T.);
#1307=EDGE_CURVE('',#1747,#1748,#2023,.T.);
#1308=EDGE_CURVE('',#1748,#1746,#2024,.T.);
#1309=EDGE_CURVE('',#1704,#1749,#2025,.T.);
#1310=EDGE_CURVE('',#1749,#1750,#2026,.T.);
#1311=EDGE_CURVE('',#1751,#1750,#2027,.T.);
#1312=EDGE_CURVE('',#1751,#1752,#2028,.T.);
#1313=EDGE_CURVE('',#1753,#1752,#2029,.T.);
#1314=EDGE_CURVE('',#1753,#1754,#2030,.T.);
#1315=EDGE_CURVE('',#1702,#1754,#2031,.T.);
#1316=EDGE_CURVE('',#1755,#1756,#83,.T.);
#1317=EDGE_CURVE('',#1756,#1757,#161,.F.);
#1318=EDGE_CURVE('',#1757,#1758,#162,.F.);
#1319=EDGE_CURVE('',#1758,#1759,#163,.F.);
#1320=EDGE_CURVE('',#1759,#1760,#84,.T.);
#1321=EDGE_CURVE('',#1760,#1761,#85,.T.);
#1322=EDGE_CURVE('',#1761,#1762,#86,.T.);
#1323=EDGE_CURVE('',#1762,#1763,#164,.F.);
#1324=EDGE_CURVE('',#1763,#1764,#165,.F.);
#1325=EDGE_CURVE('',#1764,#1765,#166,.F.);
#1326=EDGE_CURVE('',#1765,#1766,#167,.F.);
#1327=EDGE_CURVE('',#1766,#1767,#87,.T.);
#1328=EDGE_CURVE('',#1767,#1768,#88,.T.);
#1329=EDGE_CURVE('',#1768,#1769,#2032,.T.);
#1330=EDGE_CURVE('',#1769,#1770,#168,.F.);
#1331=EDGE_CURVE('',#1770,#1771,#169,.T.);
#1332=EDGE_CURVE('',#1771,#1772,#89,.T.);
#1333=EDGE_CURVE('',#1772,#1773,#90,.T.);
#1334=EDGE_CURVE('',#1773,#1774,#91,.T.);
#1335=EDGE_CURVE('',#1774,#1775,#92,.T.);
#1336=EDGE_CURVE('',#1775,#1776,#93,.T.);
#1337=EDGE_CURVE('',#1776,#1777,#94,.T.);
#1338=EDGE_CURVE('',#1777,#1778,#2033,.T.);
#1339=EDGE_CURVE('',#1778,#1779,#2034,.T.);
#1340=EDGE_CURVE('',#1779,#1780,#2035,.T.);
#1341=EDGE_CURVE('',#1780,#1781,#170,.T.);
#1342=EDGE_CURVE('',#1781,#1782,#171,.T.);
#1343=EDGE_CURVE('',#1782,#1783,#95,.T.);
#1344=EDGE_CURVE('',#1783,#1784,#96,.T.);
#1345=EDGE_CURVE('',#1784,#1785,#172,.T.);
#1346=EDGE_CURVE('',#1785,#1786,#173,.T.);
#1347=EDGE_CURVE('',#1786,#1787,#97,.T.);
#1348=EDGE_CURVE('',#1787,#1788,#98,.T.);
#1349=EDGE_CURVE('',#1788,#1789,#99,.T.);
#1350=EDGE_CURVE('',#1789,#1790,#174,.T.);
#1351=EDGE_CURVE('',#1790,#1791,#2036,.T.);
#1352=EDGE_CURVE('',#1791,#1792,#175,.F.);
#1353=EDGE_CURVE('',#1792,#1793,#100,.T.);
#1354=EDGE_CURVE('',#1793,#1794,#176,.F.);
#1355=EDGE_CURVE('',#1794,#1795,#177,.F.);
#1356=EDGE_CURVE('',#1795,#1796,#178,.F.);
#1357=EDGE_CURVE('',#1796,#1797,#101,.T.);
#1358=EDGE_CURVE('',#1797,#1798,#179,.F.);
#1359=EDGE_CURVE('',#1798,#1799,#180,.F.);
#1360=EDGE_CURVE('',#1799,#1755,#181,.F.);
#1361=EDGE_CURVE('',#1709,#1800,#2037,.F.);
#1362=EDGE_CURVE('',#1800,#1801,#182,.T.);
#1363=EDGE_CURVE('',#1801,#1706,#2038,.T.);
#1364=EDGE_CURVE('',#1705,#1802,#2039,.F.);
#1365=EDGE_CURVE('',#1802,#1803,#183,.T.);
#1366=EDGE_CURVE('',#1803,#1742,#2040,.T.);
#1367=EDGE_CURVE('',#1741,#1804,#2041,.F.);
#1368=EDGE_CURVE('',#1804,#1805,#184,.T.);
#1369=EDGE_CURVE('',#1805,#1738,#2042,.T.);
#1370=EDGE_CURVE('',#1737,#1806,#2043,.F.);
#1371=EDGE_CURVE('',#1806,#1807,#185,.T.);
#1372=EDGE_CURVE('',#1807,#1734,#2044,.T.);
#1373=EDGE_CURVE('',#1733,#1808,#2045,.F.);
#1374=EDGE_CURVE('',#1808,#1809,#186,.T.);
#1375=EDGE_CURVE('',#1809,#1730,#2046,.T.);
#1376=EDGE_CURVE('',#1729,#1810,#2047,.F.);
#1377=EDGE_CURVE('',#1810,#1811,#187,.T.);
#1378=EDGE_CURVE('',#1811,#1726,#2048,.T.);
#1379=EDGE_CURVE('',#1725,#1812,#2049,.F.);
#1380=EDGE_CURVE('',#1812,#1813,#188,.T.);
#1381=EDGE_CURVE('',#1813,#1722,#2050,.T.);
#1382=EDGE_CURVE('',#1721,#1814,#2051,.F.);
#1383=EDGE_CURVE('',#1814,#1815,#189,.T.);
#1384=EDGE_CURVE('',#1815,#1718,#2052,.T.);
#1385=EDGE_CURVE('',#1717,#1816,#2053,.F.);
#1386=EDGE_CURVE('',#1816,#1817,#190,.T.);
#1387=EDGE_CURVE('',#1817,#1714,#2054,.T.);
#1388=EDGE_CURVE('',#1713,#1818,#2055,.F.);
#1389=EDGE_CURVE('',#1818,#1819,#191,.T.);
#1390=EDGE_CURVE('',#1819,#1710,#2056,.T.);
#1391=EDGE_CURVE('',#1651,#1820,#2057,.F.);
#1392=EDGE_CURVE('',#1820,#1693,#192,.T.);
#1393=EDGE_CURVE('',#1647,#1821,#2058,.F.);
#1394=EDGE_CURVE('',#1821,#1675,#193,.T.);
#1395=EDGE_CURVE('',#1643,#1822,#2059,.F.);
#1396=EDGE_CURVE('',#1822,#1678,#194,.T.);
#1397=EDGE_CURVE('',#1639,#1823,#2060,.F.);
#1398=EDGE_CURVE('',#1823,#1681,#195,.T.);
#1399=EDGE_CURVE('',#1635,#1824,#2061,.F.);
#1400=EDGE_CURVE('',#1824,#1684,#196,.T.);
#1401=EDGE_CURVE('',#1631,#1825,#2062,.F.);
#1402=EDGE_CURVE('',#1825,#1687,#197,.T.);
#1403=EDGE_CURVE('',#1627,#1826,#2063,.F.);
#1404=EDGE_CURVE('',#1826,#1666,#198,.T.);
#1405=EDGE_CURVE('',#1663,#1827,#2064,.F.);
#1406=EDGE_CURVE('',#1827,#1672,#199,.T.);
#1407=EDGE_CURVE('',#1659,#1828,#2065,.F.);
#1408=EDGE_CURVE('',#1828,#1669,#200,.T.);
#1409=EDGE_CURVE('',#1655,#1829,#2066,.F.);
#1410=EDGE_CURVE('',#1829,#1690,#201,.T.);
#1411=EDGE_CURVE('',#1753,#1830,#2067,.T.);
#1412=EDGE_CURVE('',#1752,#1621,#2068,.T.);
#1413=EDGE_CURVE('',#1620,#1703,#2069,.T.);
#1414=EDGE_CURVE('',#1830,#1703,#2070,.T.);
#1415=EDGE_CURVE('',#1749,#1619,#2071,.T.);
#1416=EDGE_CURVE('',#1622,#1751,#2072,.T.);
#1417=EDGE_CURVE('',#1831,#1756,#2073,.T.);
#1418=EDGE_CURVE('',#1831,#1832,#202,.F.);
#1419=EDGE_CURVE('',#1832,#1757,#2074,.T.);
#1420=EDGE_CURVE('',#1833,#1755,#2075,.T.);
#1421=EDGE_CURVE('',#1833,#1831,#102,.T.);
#1422=EDGE_CURVE('',#1834,#1799,#2076,.T.);
#1423=EDGE_CURVE('',#1834,#1833,#203,.F.);
#1424=EDGE_CURVE('',#1835,#1798,#2077,.T.);
#1425=EDGE_CURVE('',#1835,#1834,#204,.F.);
#1426=EDGE_CURVE('',#1836,#1797,#2078,.T.);
#1427=EDGE_CURVE('',#1836,#1835,#205,.F.);
#1428=EDGE_CURVE('',#1837,#1796,#2079,.T.);
#1429=EDGE_CURVE('',#1837,#1836,#103,.T.);
#1430=EDGE_CURVE('',#1838,#1795,#2080,.T.);
#1431=EDGE_CURVE('',#1838,#1837,#206,.F.);
#1432=EDGE_CURVE('',#1839,#1794,#2081,.T.);
#1433=EDGE_CURVE('',#1839,#1838,#207,.F.);
#1434=EDGE_CURVE('',#1840,#1793,#2082,.T.);
#1435=EDGE_CURVE('',#1840,#1839,#208,.F.);
#1436=EDGE_CURVE('',#1841,#1792,#2083,.T.);
#1437=EDGE_CURVE('',#1841,#1840,#104,.T.);
#1438=EDGE_CURVE('',#1842,#1791,#2084,.T.);
#1439=EDGE_CURVE('',#1842,#1841,#209,.F.);
#1440=EDGE_CURVE('',#1843,#1790,#2085,.T.);
#1441=EDGE_CURVE('',#1843,#1842,#2086,.T.);
#1442=EDGE_CURVE('',#1844,#1789,#2087,.T.);
#1443=EDGE_CURVE('',#1844,#1843,#210,.T.);
#1444=EDGE_CURVE('',#1845,#1788,#2088,.T.);
#1445=EDGE_CURVE('',#1845,#1844,#105,.T.);
#1446=EDGE_CURVE('',#1846,#1787,#2089,.T.);
#1447=EDGE_CURVE('',#1846,#1845,#106,.T.);
#1448=EDGE_CURVE('',#1847,#1786,#2090,.T.);
#1449=EDGE_CURVE('',#1847,#1846,#107,.T.);
#1450=EDGE_CURVE('',#1848,#1785,#2091,.T.);
#1451=EDGE_CURVE('',#1848,#1847,#211,.T.);
#1452=EDGE_CURVE('',#1849,#1784,#2092,.T.);
#1453=EDGE_CURVE('',#1849,#1848,#212,.T.);
#1454=EDGE_CURVE('',#1850,#1783,#2093,.T.);
#1455=EDGE_CURVE('',#1850,#1849,#108,.T.);
#1456=EDGE_CURVE('',#1851,#1782,#2094,.T.);
#1457=EDGE_CURVE('',#1851,#1850,#109,.T.);
#1458=EDGE_CURVE('',#1852,#1781,#2095,.T.);
#1459=EDGE_CURVE('',#1852,#1851,#213,.T.);
#1460=EDGE_CURVE('',#1853,#1780,#2096,.T.);
#1461=EDGE_CURVE('',#1853,#1852,#214,.T.);
#1462=EDGE_CURVE('',#1854,#1779,#2097,.T.);
#1463=EDGE_CURVE('',#1854,#1853,#2098,.T.);
#1464=EDGE_CURVE('',#1855,#1778,#2099,.T.);
#1465=EDGE_CURVE('',#1855,#1854,#2100,.T.);
#1466=EDGE_CURVE('',#1856,#1777,#2101,.T.);
#1467=EDGE_CURVE('',#1856,#1855,#2102,.T.);
#1468=EDGE_CURVE('',#1857,#1776,#2103,.T.);
#1469=EDGE_CURVE('',#1857,#1856,#110,.T.);
#1470=EDGE_CURVE('',#1858,#1775,#2104,.T.);
#1471=EDGE_CURVE('',#1858,#1857,#111,.T.);
#1472=EDGE_CURVE('',#1859,#1774,#2105,.T.);
#1473=EDGE_CURVE('',#1859,#1858,#112,.T.);
#1474=EDGE_CURVE('',#1860,#1773,#2106,.T.);
#1475=EDGE_CURVE('',#1860,#1859,#113,.T.);
#1476=EDGE_CURVE('',#1861,#1772,#2107,.T.);
#1477=EDGE_CURVE('',#1861,#1860,#114,.T.);
#1478=EDGE_CURVE('',#1862,#1771,#2108,.T.);
#1479=EDGE_CURVE('',#1862,#1861,#115,.T.);
#1480=EDGE_CURVE('',#1863,#1770,#2109,.T.);
#1481=EDGE_CURVE('',#1863,#1862,#215,.T.);
#1482=EDGE_CURVE('',#1864,#1769,#2110,.T.);
#1483=EDGE_CURVE('',#1864,#1863,#216,.F.);
#1484=EDGE_CURVE('',#1865,#1768,#2111,.T.);
#1485=EDGE_CURVE('',#1865,#1864,#2112,.T.);
#1486=EDGE_CURVE('',#1866,#1767,#2113,.T.);
#1487=EDGE_CURVE('',#1866,#1865,#116,.T.);
#1488=EDGE_CURVE('',#1867,#1766,#2114,.T.);
#1489=EDGE_CURVE('',#1867,#1866,#117,.T.);
#1490=EDGE_CURVE('',#1868,#1765,#2115,.T.);
#1491=EDGE_CURVE('',#1868,#1867,#217,.F.);
#1492=EDGE_CURVE('',#1869,#1764,#2116,.T.);
#1493=EDGE_CURVE('',#1869,#1868,#218,.F.);
#1494=EDGE_CURVE('',#1870,#1763,#2117,.T.);
#1495=EDGE_CURVE('',#1870,#1869,#219,.F.);
#1496=EDGE_CURVE('',#1871,#1762,#2118,.T.);
#1497=EDGE_CURVE('',#1871,#1870,#220,.F.);
#1498=EDGE_CURVE('',#1872,#1761,#2119,.T.);
#1499=EDGE_CURVE('',#1872,#1871,#118,.T.);
#1500=EDGE_CURVE('',#1873,#1760,#2120,.T.);
#1501=EDGE_CURVE('',#1873,#1872,#119,.T.);
#1502=EDGE_CURVE('',#1874,#1759,#2121,.T.);
#1503=EDGE_CURVE('',#1874,#1873,#120,.T.);
#1504=EDGE_CURVE('',#1875,#1758,#2122,.T.);
#1505=EDGE_CURVE('',#1875,#1874,#221,.F.);
#1506=EDGE_CURVE('',#1832,#1875,#222,.F.);
#1507=EDGE_CURVE('',#1750,#1623,#2123,.T.);
#1508=EDGE_CURVE('',#1830,#1876,#2124,.T.);
#1509=EDGE_CURVE('',#1754,#1876,#2125,.T.);
#1510=EDGE_CURVE('',#1876,#1702,#2126,.T.);
#1511=EDGE_CURVE('',#1618,#1748,#2127,.T.);
#1512=EDGE_CURVE('',#1616,#1747,#2128,.T.);
#1513=EDGE_CURVE('',#1617,#1746,#2129,.T.);
#1514=EDGE_CURVE('',#1615,#1745,#2130,.T.);
#1515=EDGE_CURVE('',#1877,#1626,#2131,.T.);
#1516=EDGE_CURVE('',#1878,#1877,#2132,.T.);
#1517=EDGE_CURVE('',#1826,#1878,#2133,.T.);
#1518=EDGE_CURVE('',#1665,#1878,#223,.F.);
#1519=EDGE_CURVE('',#1877,#1664,#224,.F.);
#1520=EDGE_CURVE('',#1879,#1744,#2134,.T.);
#1521=EDGE_CURVE('',#1802,#1879,#2135,.T.);
#1522=EDGE_CURVE('',#1803,#1880,#2136,.T.);
#1523=EDGE_CURVE('',#1743,#1880,#2137,.F.);
#1524=EDGE_CURVE('',#1880,#1879,#225,.F.);
#1525=EDGE_CURVE('',#1881,#1716,#2138,.T.);
#1526=EDGE_CURVE('',#1816,#1881,#2139,.T.);
#1527=EDGE_CURVE('',#1817,#1882,#2140,.T.);
#1528=EDGE_CURVE('',#1715,#1882,#2141,.F.);
#1529=EDGE_CURVE('',#1882,#1881,#226,.F.);
#1530=EDGE_CURVE('',#1883,#1712,#2142,.T.);
#1531=EDGE_CURVE('',#1818,#1883,#2143,.T.);
#1532=EDGE_CURVE('',#1819,#1884,#2144,.T.);
#1533=EDGE_CURVE('',#1711,#1884,#2145,.F.);
#1534=EDGE_CURVE('',#1884,#1883,#227,.F.);
#1535=EDGE_CURVE('',#1885,#1720,#2146,.T.);
#1536=EDGE_CURVE('',#1814,#1885,#2147,.T.);
#1537=EDGE_CURVE('',#1815,#1886,#2148,.T.);
#1538=EDGE_CURVE('',#1719,#1886,#2149,.F.);
#1539=EDGE_CURVE('',#1886,#1885,#228,.F.);
#1540=EDGE_CURVE('',#1887,#1658,#2150,.T.);
#1541=EDGE_CURVE('',#1888,#1887,#2151,.T.);
#1542=EDGE_CURVE('',#1828,#1888,#2152,.T.);
#1543=EDGE_CURVE('',#1668,#1888,#229,.F.);
#1544=EDGE_CURVE('',#1887,#1667,#230,.F.);
#1545=EDGE_CURVE('',#1889,#1724,#2153,.T.);
#1546=EDGE_CURVE('',#1812,#1889,#2154,.T.);
#1547=EDGE_CURVE('',#1813,#1890,#2155,.T.);
#1548=EDGE_CURVE('',#1723,#1890,#2156,.F.);
#1549=EDGE_CURVE('',#1890,#1889,#231,.F.);
#1550=EDGE_CURVE('',#1891,#1728,#2157,.T.);
#1551=EDGE_CURVE('',#1810,#1891,#2158,.T.);
#1552=EDGE_CURVE('',#1811,#1892,#2159,.T.);
#1553=EDGE_CURVE('',#1727,#1892,#2160,.F.);
#1554=EDGE_CURVE('',#1892,#1891,#232,.F.);
#1555=EDGE_CURVE('',#1893,#1732,#2161,.T.);
#1556=EDGE_CURVE('',#1808,#1893,#2162,.T.);
#1557=EDGE_CURVE('',#1809,#1894,#2163,.T.);
#1558=EDGE_CURVE('',#1731,#1894,#2164,.F.);
#1559=EDGE_CURVE('',#1894,#1893,#233,.F.);
#1560=EDGE_CURVE('',#1895,#1736,#2165,.T.);
#1561=EDGE_CURVE('',#1806,#1895,#2166,.T.);
#1562=EDGE_CURVE('',#1807,#1896,#2167,.T.);
#1563=EDGE_CURVE('',#1735,#1896,#2168,.F.);
#1564=EDGE_CURVE('',#1896,#1895,#234,.F.);
#1565=EDGE_CURVE('',#1897,#1740,#2169,.T.);
#1566=EDGE_CURVE('',#1804,#1897,#2170,.T.);
#1567=EDGE_CURVE('',#1805,#1898,#2171,.T.);
#1568=EDGE_CURVE('',#1739,#1898,#2172,.F.);
#1569=EDGE_CURVE('',#1898,#1897,#235,.F.);
#1570=EDGE_CURVE('',#1899,#1708,#2173,.T.);
#1571=EDGE_CURVE('',#1800,#1899,#2174,.T.);
#1572=EDGE_CURVE('',#1801,#1900,#2175,.T.);
#1573=EDGE_CURVE('',#1707,#1900,#2176,.F.);
#1574=EDGE_CURVE('',#1900,#1899,#236,.F.);
#1575=EDGE_CURVE('',#1901,#1662,#2177,.T.);
#1576=EDGE_CURVE('',#1902,#1901,#2178,.T.);
#1577=EDGE_CURVE('',#1827,#1902,#2179,.T.);
#1578=EDGE_CURVE('',#1671,#1902,#237,.F.);
#1579=EDGE_CURVE('',#1901,#1670,#238,.F.);
#1580=EDGE_CURVE('',#1903,#1646,#2180,.T.);
#1581=EDGE_CURVE('',#1904,#1903,#2181,.T.);
#1582=EDGE_CURVE('',#1821,#1904,#2182,.T.);
#1583=EDGE_CURVE('',#1674,#1904,#239,.F.);
#1584=EDGE_CURVE('',#1903,#1673,#240,.F.);
#1585=EDGE_CURVE('',#1905,#1642,#2183,.T.);
#1586=EDGE_CURVE('',#1906,#1905,#2184,.T.);
#1587=EDGE_CURVE('',#1822,#1906,#2185,.T.);
#1588=EDGE_CURVE('',#1677,#1906,#241,.F.);
#1589=EDGE_CURVE('',#1905,#1676,#242,.F.);
#1590=EDGE_CURVE('',#1907,#1638,#2186,.T.);
#1591=EDGE_CURVE('',#1908,#1907,#2187,.T.);
#1592=EDGE_CURVE('',#1823,#1908,#2188,.T.);
#1593=EDGE_CURVE('',#1680,#1908,#243,.F.);
#1594=EDGE_CURVE('',#1907,#1679,#244,.F.);
#1595=EDGE_CURVE('',#1909,#1634,#2189,.T.);
#1596=EDGE_CURVE('',#1910,#1909,#2190,.T.);
#1597=EDGE_CURVE('',#1824,#1910,#2191,.T.);
#1598=EDGE_CURVE('',#1683,#1910,#245,.F.);
#1599=EDGE_CURVE('',#1909,#1682,#246,.F.);
#1600=EDGE_CURVE('',#1911,#1630,#2192,.T.);
#1601=EDGE_CURVE('',#1912,#1911,#2193,.T.);
#1602=EDGE_CURVE('',#1825,#1912,#2194,.T.);
#1603=EDGE_CURVE('',#1686,#1912,#247,.F.);
#1604=EDGE_CURVE('',#1911,#1685,#248,.F.);
#1605=EDGE_CURVE('',#1913,#1654,#2195,.T.);
#1606=EDGE_CURVE('',#1914,#1913,#2196,.T.);
#1607=EDGE_CURVE('',#1829,#1914,#2197,.T.);
#1608=EDGE_CURVE('',#1689,#1914,#249,.F.);
#1609=EDGE_CURVE('',#1913,#1688,#250,.F.);
#1610=EDGE_CURVE('',#1915,#1650,#2198,.T.);
#1611=EDGE_CURVE('',#1916,#1915,#2199,.T.);
#1612=EDGE_CURVE('',#1820,#1916,#2200,.T.);
#1613=EDGE_CURVE('',#1692,#1916,#251,.F.);
#1614=EDGE_CURVE('',#1915,#1691,#252,.F.);
#1615=VERTEX_POINT('',#4168);
#1616=VERTEX_POINT('',#4169);
#1617=VERTEX_POINT('',#4171);
#1618=VERTEX_POINT('',#4173);
#1619=VERTEX_POINT('',#4176);
#1620=VERTEX_POINT('',#4177);
#1621=VERTEX_POINT('',#4179);
#1622=VERTEX_POINT('',#4181);
#1623=VERTEX_POINT('',#4183);
#1624=VERTEX_POINT('',#4186);
#1625=VERTEX_POINT('',#4187);
#1626=VERTEX_POINT('',#4189);
#1627=VERTEX_POINT('',#4191);
#1628=VERTEX_POINT('',#4193);
#1629=VERTEX_POINT('',#4195);
#1630=VERTEX_POINT('',#4197);
#1631=VERTEX_POINT('',#4199);
#1632=VERTEX_POINT('',#4201);
#1633=VERTEX_POINT('',#4203);
#1634=VERTEX_POINT('',#4205);
#1635=VERTEX_POINT('',#4207);
#1636=VERTEX_POINT('',#4209);
#1637=VERTEX_POINT('',#4211);
#1638=VERTEX_POINT('',#4213);
#1639=VERTEX_POINT('',#4215);
#1640=VERTEX_POINT('',#4217);
#1641=VERTEX_POINT('',#4219);
#1642=VERTEX_POINT('',#4221);
#1643=VERTEX_POINT('',#4223);
#1644=VERTEX_POINT('',#4225);
#1645=VERTEX_POINT('',#4227);
#1646=VERTEX_POINT('',#4229);
#1647=VERTEX_POINT('',#4231);
#1648=VERTEX_POINT('',#4233);
#1649=VERTEX_POINT('',#4235);
#1650=VERTEX_POINT('',#4237);
#1651=VERTEX_POINT('',#4239);
#1652=VERTEX_POINT('',#4241);
#1653=VERTEX_POINT('',#4243);
#1654=VERTEX_POINT('',#4245);
#1655=VERTEX_POINT('',#4247);
#1656=VERTEX_POINT('',#4249);
#1657=VERTEX_POINT('',#4251);
#1658=VERTEX_POINT('',#4253);
#1659=VERTEX_POINT('',#4255);
#1660=VERTEX_POINT('',#4257);
#1661=VERTEX_POINT('',#4259);
#1662=VERTEX_POINT('',#4261);
#1663=VERTEX_POINT('',#4263);
#1664=VERTEX_POINT('',#4267);
#1665=VERTEX_POINT('',#4268);
#1666=VERTEX_POINT('',#4271);
#1667=VERTEX_POINT('',#4275);
#1668=VERTEX_POINT('',#4276);
#1669=VERTEX_POINT('',#4279);
#1670=VERTEX_POINT('',#4283);
#1671=VERTEX_POINT('',#4284);
#1672=VERTEX_POINT('',#4287);
#1673=VERTEX_POINT('',#4291);
#1674=VERTEX_POINT('',#4292);
#1675=VERTEX_POINT('',#4295);
#1676=VERTEX_POINT('',#4299);
#1677=VERTEX_POINT('',#4300);
#1678=VERTEX_POINT('',#4303);
#1679=VERTEX_POINT('',#4307);
#1680=VERTEX_POINT('',#4308);
#1681=VERTEX_POINT('',#4311);
#1682=VERTEX_POINT('',#4315);
#1683=VERTEX_POINT('',#4316);
#1684=VERTEX_POINT('',#4319);
#1685=VERTEX_POINT('',#4323);
#1686=VERTEX_POINT('',#4324);
#1687=VERTEX_POINT('',#4327);
#1688=VERTEX_POINT('',#4331);
#1689=VERTEX_POINT('',#4332);
#1690=VERTEX_POINT('',#4335);
#1691=VERTEX_POINT('',#4339);
#1692=VERTEX_POINT('',#4340);
#1693=VERTEX_POINT('',#4343);
#1694=VERTEX_POINT('',#4347);
#1695=VERTEX_POINT('',#4348);
#1696=VERTEX_POINT('',#4350);
#1697=VERTEX_POINT('',#4352);
#1698=VERTEX_POINT('',#4356);
#1699=VERTEX_POINT('',#4358);
#1700=VERTEX_POINT('',#4362);
#1701=VERTEX_POINT('',#4364);
#1702=VERTEX_POINT('',#4371);
#1703=VERTEX_POINT('',#4372);
#1704=VERTEX_POINT('',#4374);
#1705=VERTEX_POINT('',#4378);
#1706=VERTEX_POINT('',#4379);
#1707=VERTEX_POINT('',#4381);
#1708=VERTEX_POINT('',#4383);
#1709=VERTEX_POINT('',#4385);
#1710=VERTEX_POINT('',#4387);
#1711=VERTEX_POINT('',#4389);
#1712=VERTEX_POINT('',#4391);
#1713=VERTEX_POINT('',#4393);
#1714=VERTEX_POINT('',#4395);
#1715=VERTEX_POINT('',#4397);
#1716=VERTEX_POINT('',#4399);
#1717=VERTEX_POINT('',#4401);
#1718=VERTEX_POINT('',#4403);
#1719=VERTEX_POINT('',#4405);
#1720=VERTEX_POINT('',#4407);
#1721=VERTEX_POINT('',#4409);
#1722=VERTEX_POINT('',#4411);
#1723=VERTEX_POINT('',#4413);
#1724=VERTEX_POINT('',#4415);
#1725=VERTEX_POINT('',#4417);
#1726=VERTEX_POINT('',#4419);
#1727=VERTEX_POINT('',#4421);
#1728=VERTEX_POINT('',#4423);
#1729=VERTEX_POINT('',#4425);
#1730=VERTEX_POINT('',#4427);
#1731=VERTEX_POINT('',#4429);
#1732=VERTEX_POINT('',#4431);
#1733=VERTEX_POINT('',#4433);
#1734=VERTEX_POINT('',#4435);
#1735=VERTEX_POINT('',#4437);
#1736=VERTEX_POINT('',#4439);
#1737=VERTEX_POINT('',#4441);
#1738=VERTEX_POINT('',#4443);
#1739=VERTEX_POINT('',#4445);
#1740=VERTEX_POINT('',#4447);
#1741=VERTEX_POINT('',#4449);
#1742=VERTEX_POINT('',#4451);
#1743=VERTEX_POINT('',#4453);
#1744=VERTEX_POINT('',#4455);
#1745=VERTEX_POINT('',#4458);
#1746=VERTEX_POINT('',#4459);
#1747=VERTEX_POINT('',#4461);
#1748=VERTEX_POINT('',#4463);
#1749=VERTEX_POINT('',#4466);
#1750=VERTEX_POINT('',#4468);
#1751=VERTEX_POINT('',#4470);
#1752=VERTEX_POINT('',#4472);
#1753=VERTEX_POINT('',#4474);
#1754=VERTEX_POINT('',#4476);
#1755=VERTEX_POINT('',#4481);
#1756=VERTEX_POINT('',#4482);
#1757=VERTEX_POINT('',#4484);
#1758=VERTEX_POINT('',#4486);
#1759=VERTEX_POINT('',#4488);
#1760=VERTEX_POINT('',#4492);
#1761=VERTEX_POINT('',#4496);
#1762=VERTEX_POINT('',#4500);
#1763=VERTEX_POINT('',#4502);
#1764=VERTEX_POINT('',#4504);
#1765=VERTEX_POINT('',#4506);
#1766=VERTEX_POINT('',#4508);
#1767=VERTEX_POINT('',#4512);
#1768=VERTEX_POINT('',#4516);
#1769=VERTEX_POINT('',#4518);
#1770=VERTEX_POINT('',#4520);
#1771=VERTEX_POINT('',#4522);
#1772=VERTEX_POINT('',#4526);
#1773=VERTEX_POINT('',#4530);
#1774=VERTEX_POINT('',#4534);
#1775=VERTEX_POINT('',#4538);
#1776=VERTEX_POINT('',#4542);
#1777=VERTEX_POINT('',#4546);
#1778=VERTEX_POINT('',#4548);
#1779=VERTEX_POINT('',#4550);
#1780=VERTEX_POINT('',#4552);
#1781=VERTEX_POINT('',#4554);
#1782=VERTEX_POINT('',#4556);
#1783=VERTEX_POINT('',#4560);
#1784=VERTEX_POINT('',#4564);
#1785=VERTEX_POINT('',#4566);
#1786=VERTEX_POINT('',#4568);
#1787=VERTEX_POINT('',#4572);
#1788=VERTEX_POINT('',#4576);
#1789=VERTEX_POINT('',#4580);
#1790=VERTEX_POINT('',#4582);
#1791=VERTEX_POINT('',#4584);
#1792=VERTEX_POINT('',#4586);
#1793=VERTEX_POINT('',#4590);
#1794=VERTEX_POINT('',#4592);
#1795=VERTEX_POINT('',#4594);
#1796=VERTEX_POINT('',#4596);
#1797=VERTEX_POINT('',#4600);
#1798=VERTEX_POINT('',#4602);
#1799=VERTEX_POINT('',#4604);
#1800=VERTEX_POINT('',#4608);
#1801=VERTEX_POINT('',#4610);
#1802=VERTEX_POINT('',#4613);
#1803=VERTEX_POINT('',#4615);
#1804=VERTEX_POINT('',#4618);
#1805=VERTEX_POINT('',#4620);
#1806=VERTEX_POINT('',#4623);
#1807=VERTEX_POINT('',#4625);
#1808=VERTEX_POINT('',#4628);
#1809=VERTEX_POINT('',#4630);
#1810=VERTEX_POINT('',#4633);
#1811=VERTEX_POINT('',#4635);
#1812=VERTEX_POINT('',#4638);
#1813=VERTEX_POINT('',#4640);
#1814=VERTEX_POINT('',#4643);
#1815=VERTEX_POINT('',#4645);
#1816=VERTEX_POINT('',#4648);
#1817=VERTEX_POINT('',#4650);
#1818=VERTEX_POINT('',#4653);
#1819=VERTEX_POINT('',#4655);
#1820=VERTEX_POINT('',#4658);
#1821=VERTEX_POINT('',#4661);
#1822=VERTEX_POINT('',#4664);
#1823=VERTEX_POINT('',#4667);
#1824=VERTEX_POINT('',#4670);
#1825=VERTEX_POINT('',#4673);
#1826=VERTEX_POINT('',#4676);
#1827=VERTEX_POINT('',#4679);
#1828=VERTEX_POINT('',#4682);
#1829=VERTEX_POINT('',#4685);
#1830=VERTEX_POINT('',#4689);
#1831=VERTEX_POINT('',#4699);
#1832=VERTEX_POINT('',#4701);
#1833=VERTEX_POINT('',#4712);
#1834=VERTEX_POINT('',#4718);
#1835=VERTEX_POINT('',#4722);
#1836=VERTEX_POINT('',#4726);
#1837=VERTEX_POINT('',#4737);
#1838=VERTEX_POINT('',#4743);
#1839=VERTEX_POINT('',#4747);
#1840=VERTEX_POINT('',#4751);
#1841=VERTEX_POINT('',#4762);
#1842=VERTEX_POINT('',#4768);
#1843=VERTEX_POINT('',#4772);
#1844=VERTEX_POINT('',#4776);
#1845=VERTEX_POINT('',#4787);
#1846=VERTEX_POINT('',#4800);
#1847=VERTEX_POINT('',#4813);
#1848=VERTEX_POINT('',#4819);
#1849=VERTEX_POINT('',#4823);
#1850=VERTEX_POINT('',#4834);
#1851=VERTEX_POINT('',#4847);
#1852=VERTEX_POINT('',#4853);
#1853=VERTEX_POINT('',#4857);
#1854=VERTEX_POINT('',#4861);
#1855=VERTEX_POINT('',#4865);
#1856=VERTEX_POINT('',#4869);
#1857=VERTEX_POINT('',#4880);
#1858=VERTEX_POINT('',#4893);
#1859=VERTEX_POINT('',#4906);
#1860=VERTEX_POINT('',#4919);
#1861=VERTEX_POINT('',#4932);
#1862=VERTEX_POINT('',#4945);
#1863=VERTEX_POINT('',#4951);
#1864=VERTEX_POINT('',#4955);
#1865=VERTEX_POINT('',#4959);
#1866=VERTEX_POINT('',#4970);
#1867=VERTEX_POINT('',#4983);
#1868=VERTEX_POINT('',#4989);
#1869=VERTEX_POINT('',#4993);
#1870=VERTEX_POINT('',#4997);
#1871=VERTEX_POINT('',#5001);
#1872=VERTEX_POINT('',#5012);
#1873=VERTEX_POINT('',#5025);
#1874=VERTEX_POINT('',#5038);
#1875=VERTEX_POINT('',#5044);
#1876=VERTEX_POINT('',#5054);
#1877=VERTEX_POINT('',#5070);
#1878=VERTEX_POINT('',#5072);
#1879=VERTEX_POINT('',#5080);
#1880=VERTEX_POINT('',#5084);
#1881=VERTEX_POINT('',#5091);
#1882=VERTEX_POINT('',#5095);
#1883=VERTEX_POINT('',#5102);
#1884=VERTEX_POINT('',#5106);
#1885=VERTEX_POINT('',#5113);
#1886=VERTEX_POINT('',#5117);
#1887=VERTEX_POINT('',#5124);
#1888=VERTEX_POINT('',#5126);
#1889=VERTEX_POINT('',#5134);
#1890=VERTEX_POINT('',#5138);
#1891=VERTEX_POINT('',#5145);
#1892=VERTEX_POINT('',#5149);
#1893=VERTEX_POINT('',#5156);
#1894=VERTEX_POINT('',#5160);
#1895=VERTEX_POINT('',#5167);
#1896=VERTEX_POINT('',#5171);
#1897=VERTEX_POINT('',#5178);
#1898=VERTEX_POINT('',#5182);
#1899=VERTEX_POINT('',#5189);
#1900=VERTEX_POINT('',#5193);
#1901=VERTEX_POINT('',#5200);
#1902=VERTEX_POINT('',#5202);
#1903=VERTEX_POINT('',#5210);
#1904=VERTEX_POINT('',#5212);
#1905=VERTEX_POINT('',#5220);
#1906=VERTEX_POINT('',#5222);
#1907=VERTEX_POINT('',#5230);
#1908=VERTEX_POINT('',#5232);
#1909=VERTEX_POINT('',#5240);
#1910=VERTEX_POINT('',#5242);
#1911=VERTEX_POINT('',#5250);
#1912=VERTEX_POINT('',#5252);
#1913=VERTEX_POINT('',#5260);
#1914=VERTEX_POINT('',#5262);
#1915=VERTEX_POINT('',#5270);
#1916=VERTEX_POINT('',#5272);
#1917=LINE('',#4167,#2201);
#1918=LINE('',#4170,#2202);
#1919=LINE('',#4172,#2203);
#1920=LINE('',#4174,#2204);
#1921=LINE('',#4175,#2205);
#1922=LINE('',#4178,#2206);
#1923=LINE('',#4180,#2207);
#1924=LINE('',#4182,#2208);
#1925=LINE('',#4184,#2209);
#1926=LINE('',#4185,#2210);
#1927=LINE('',#4190,#2211);
#1928=LINE('',#4194,#2212);
#1929=LINE('',#4198,#2213);
#1930=LINE('',#4202,#2214);
#1931=LINE('',#4206,#2215);
#1932=LINE('',#4210,#2216);
#1933=LINE('',#4214,#2217);
#1934=LINE('',#4218,#2218);
#1935=LINE('',#4222,#2219);
#1936=LINE('',#4226,#2220);
#1937=LINE('',#4230,#2221);
#1938=LINE('',#4234,#2222);
#1939=LINE('',#4238,#2223);
#1940=LINE('',#4242,#2224);
#1941=LINE('',#4246,#2225);
#1942=LINE('',#4250,#2226);
#1943=LINE('',#4254,#2227);
#1944=LINE('',#4258,#2228);
#1945=LINE('',#4262,#2229);
#1946=LINE('',#4266,#2230);
#1947=LINE('',#4269,#2231);
#1948=LINE('',#4270,#2232);
#1949=LINE('',#4272,#2233);
#1950=LINE('',#4274,#2234);
#1951=LINE('',#4277,#2235);
#1952=LINE('',#4278,#2236);
#1953=LINE('',#4280,#2237);
#1954=LINE('',#4282,#2238);
#1955=LINE('',#4285,#2239);
#1956=LINE('',#4286,#2240);
#1957=LINE('',#4288,#2241);
#1958=LINE('',#4290,#2242);
#1959=LINE('',#4293,#2243);
#1960=LINE('',#4294,#2244);
#1961=LINE('',#4296,#2245);
#1962=LINE('',#4298,#2246);
#1963=LINE('',#4301,#2247);
#1964=LINE('',#4302,#2248);
#1965=LINE('',#4304,#2249);
#1966=LINE('',#4306,#2250);
#1967=LINE('',#4309,#2251);
#1968=LINE('',#4310,#2252);
#1969=LINE('',#4312,#2253);
#1970=LINE('',#4314,#2254);
#1971=LINE('',#4317,#2255);
#1972=LINE('',#4318,#2256);
#1973=LINE('',#4320,#2257);
#1974=LINE('',#4322,#2258);
#1975=LINE('',#4325,#2259);
#1976=LINE('',#4326,#2260);
#1977=LINE('',#4328,#2261);
#1978=LINE('',#4330,#2262);
#1979=LINE('',#4333,#2263);
#1980=LINE('',#4334,#2264);
#1981=LINE('',#4336,#2265);
#1982=LINE('',#4338,#2266);
#1983=LINE('',#4341,#2267);
#1984=LINE('',#4342,#2268);
#1985=LINE('',#4344,#2269);
#1986=LINE('',#4346,#2270);
#1987=LINE('',#4349,#2271);
#1988=LINE('',#4351,#2272);
#1989=LINE('',#4353,#2273);
#1990=LINE('',#4355,#2274);
#1991=LINE('',#4357,#2275);
#1992=LINE('',#4359,#2276);
#1993=LINE('',#4361,#2277);
#1994=LINE('',#4363,#2278);
#1995=LINE('',#4365,#2279);
#1996=LINE('',#4367,#2280);
#1997=LINE('',#4368,#2281);
#1998=LINE('',#4370,#2282);
#1999=LINE('',#4373,#2283);
#2000=LINE('',#4375,#2284);
#2001=LINE('',#4380,#2285);
#2002=LINE('',#4384,#2286);
#2003=LINE('',#4388,#2287);
#2004=LINE('',#4392,#2288);
#2005=LINE('',#4396,#2289);
#2006=LINE('',#4400,#2290);
#2007=LINE('',#4404,#2291);
#2008=LINE('',#4408,#2292);
#2009=LINE('',#4412,#2293);
#2010=LINE('',#4416,#2294);
#2011=LINE('',#4420,#2295);
#2012=LINE('',#4424,#2296);
#2013=LINE('',#4428,#2297);
#2014=LINE('',#4432,#2298);
#2015=LINE('',#4436,#2299);
#2016=LINE('',#4440,#2300);
#2017=LINE('',#4444,#2301);
#2018=LINE('',#4448,#2302);
#2019=LINE('',#4452,#2303);
#2020=LINE('',#4456,#2304);
#2021=LINE('',#4457,#2305);
#2022=LINE('',#4460,#2306);
#2023=LINE('',#4462,#2307);
#2024=LINE('',#4464,#2308);
#2025=LINE('',#4465,#2309);
#2026=LINE('',#4467,#2310);
#2027=LINE('',#4469,#2311);
#2028=LINE('',#4471,#2312);
#2029=LINE('',#4473,#2313);
#2030=LINE('',#4475,#2314);
#2031=LINE('',#4477,#2315);
#2032=LINE('',#4517,#2316);
#2033=LINE('',#4547,#2317);
#2034=LINE('',#4549,#2318);
#2035=LINE('',#4551,#2319);
#2036=LINE('',#4583,#2320);
#2037=LINE('',#4607,#2321);
#2038=LINE('',#4611,#2322);
#2039=LINE('',#4612,#2323);
#2040=LINE('',#4616,#2324);
#2041=LINE('',#4617,#2325);
#2042=LINE('',#4621,#2326);
#2043=LINE('',#4622,#2327);
#2044=LINE('',#4626,#2328);
#2045=LINE('',#4627,#2329);
#2046=LINE('',#4631,#2330);
#2047=LINE('',#4632,#2331);
#2048=LINE('',#4636,#2332);
#2049=LINE('',#4637,#2333);
#2050=LINE('',#4641,#2334);
#2051=LINE('',#4642,#2335);
#2052=LINE('',#4646,#2336);
#2053=LINE('',#4647,#2337);
#2054=LINE('',#4651,#2338);
#2055=LINE('',#4652,#2339);
#2056=LINE('',#4656,#2340);
#2057=LINE('',#4657,#2341);
#2058=LINE('',#4660,#2342);
#2059=LINE('',#4663,#2343);
#2060=LINE('',#4666,#2344);
#2061=LINE('',#4669,#2345);
#2062=LINE('',#4672,#2346);
#2063=LINE('',#4675,#2347);
#2064=LINE('',#4678,#2348);
#2065=LINE('',#4681,#2349);
#2066=LINE('',#4684,#2350);
#2067=LINE('',#4688,#2351);
#2068=LINE('',#4690,#2352);
#2069=LINE('',#4691,#2353);
#2070=LINE('',#4692,#2354);
#2071=LINE('',#4694,#2355);
#2072=LINE('',#4696,#2356);
#2073=LINE('',#4698,#2357);
#2074=LINE('',#4702,#2358);
#2075=LINE('',#4711,#2359);
#2076=LINE('',#4717,#2360);
#2077=LINE('',#4721,#2361);
#2078=LINE('',#4725,#2362);
#2079=LINE('',#4736,#2363);
#2080=LINE('',#4742,#2364);
#2081=LINE('',#4746,#2365);
#2082=LINE('',#4750,#2366);
#2083=LINE('',#4761,#2367);
#2084=LINE('',#4767,#2368);
#2085=LINE('',#4771,#2369);
#2086=LINE('',#4773,#2370);
#2087=LINE('',#4775,#2371);
#2088=LINE('',#4786,#2372);
#2089=LINE('',#4799,#2373);
#2090=LINE('',#4812,#2374);
#2091=LINE('',#4818,#2375);
#2092=LINE('',#4822,#2376);
#2093=LINE('',#4833,#2377);
#2094=LINE('',#4846,#2378);
#2095=LINE('',#4852,#2379);
#2096=LINE('',#4856,#2380);
#2097=LINE('',#4860,#2381);
#2098=LINE('',#4862,#2382);
#2099=LINE('',#4864,#2383);
#2100=LINE('',#4866,#2384);
#2101=LINE('',#4868,#2385);
#2102=LINE('',#4870,#2386);
#2103=LINE('',#4879,#2387);
#2104=LINE('',#4892,#2388);
#2105=LINE('',#4905,#2389);
#2106=LINE('',#4918,#2390);
#2107=LINE('',#4931,#2391);
#2108=LINE('',#4944,#2392);
#2109=LINE('',#4950,#2393);
#2110=LINE('',#4954,#2394);
#2111=LINE('',#4958,#2395);
#2112=LINE('',#4960,#2396);
#2113=LINE('',#4969,#2397);
#2114=LINE('',#4982,#2398);
#2115=LINE('',#4988,#2399);
#2116=LINE('',#4992,#2400);
#2117=LINE('',#4996,#2401);
#2118=LINE('',#5000,#2402);
#2119=LINE('',#5011,#2403);
#2120=LINE('',#5024,#2404);
#2121=LINE('',#5037,#2405);
#2122=LINE('',#5043,#2406);
#2123=LINE('',#5050,#2407);
#2124=LINE('',#5053,#2408);
#2125=LINE('',#5055,#2409);
#2126=LINE('',#5057,#2410);
#2127=LINE('',#5060,#2411);
#2128=LINE('',#5061,#2412);
#2129=LINE('',#5063,#2413);
#2130=LINE('',#5065,#2414);
#2131=LINE('',#5069,#2415);
#2132=LINE('',#5071,#2416);
#2133=LINE('',#5073,#2417);
#2134=LINE('',#5079,#2418);
#2135=LINE('',#5081,#2419);
#2136=LINE('',#5083,#2420);
#2137=LINE('',#5085,#2421);
#2138=LINE('',#5090,#2422);
#2139=LINE('',#5092,#2423);
#2140=LINE('',#5094,#2424);
#2141=LINE('',#5096,#2425);
#2142=LINE('',#5101,#2426);
#2143=LINE('',#5103,#2427);
#2144=LINE('',#5105,#2428);
#2145=LINE('',#5107,#2429);
#2146=LINE('',#5112,#2430);
#2147=LINE('',#5114,#2431);
#2148=LINE('',#5116,#2432);
#2149=LINE('',#5118,#2433);
#2150=LINE('',#5123,#2434);
#2151=LINE('',#5125,#2435);
#2152=LINE('',#5127,#2436);
#2153=LINE('',#5133,#2437);
#2154=LINE('',#5135,#2438);
#2155=LINE('',#5137,#2439);
#2156=LINE('',#5139,#2440);
#2157=LINE('',#5144,#2441);
#2158=LINE('',#5146,#2442);
#2159=LINE('',#5148,#2443);
#2160=LINE('',#5150,#2444);
#2161=LINE('',#5155,#2445);
#2162=LINE('',#5157,#2446);
#2163=LINE('',#5159,#2447);
#2164=LINE('',#5161,#2448);
#2165=LINE('',#5166,#2449);
#2166=LINE('',#5168,#2450);
#2167=LINE('',#5170,#2451);
#2168=LINE('',#5172,#2452);
#2169=LINE('',#5177,#2453);
#2170=LINE('',#5179,#2454);
#2171=LINE('',#5181,#2455);
#2172=LINE('',#5183,#2456);
#2173=LINE('',#5188,#2457);
#2174=LINE('',#5190,#2458);
#2175=LINE('',#5192,#2459);
#2176=LINE('',#5194,#2460);
#2177=LINE('',#5199,#2461);
#2178=LINE('',#5201,#2462);
#2179=LINE('',#5203,#2463);
#2180=LINE('',#5209,#2464);
#2181=LINE('',#5211,#2465);
#2182=LINE('',#5213,#2466);
#2183=LINE('',#5219,#2467);
#2184=LINE('',#5221,#2468);
#2185=LINE('',#5223,#2469);
#2186=LINE('',#5229,#2470);
#2187=LINE('',#5231,#2471);
#2188=LINE('',#5233,#2472);
#2189=LINE('',#5239,#2473);
#2190=LINE('',#5241,#2474);
#2191=LINE('',#5243,#2475);
#2192=LINE('',#5249,#2476);
#2193=LINE('',#5251,#2477);
#2194=LINE('',#5253,#2478);
#2195=LINE('',#5259,#2479);
#2196=LINE('',#5261,#2480);
#2197=LINE('',#5263,#2481);
#2198=LINE('',#5269,#2482);
#2199=LINE('',#5271,#2483);
#2200=LINE('',#5273,#2484);
#2201=VECTOR('',#3343,1.);
#2202=VECTOR('',#3344,1.);
#2203=VECTOR('',#3345,1.);
#2204=VECTOR('',#3346,1.);
#2205=VECTOR('',#3347,1.);
#2206=VECTOR('',#3348,1.);
#2207=VECTOR('',#3349,1.);
#2208=VECTOR('',#3350,1.);
#2209=VECTOR('',#3351,1.);
#2210=VECTOR('',#3352,1.);
#2211=VECTOR('',#3355,1.);
#2212=VECTOR('',#3358,1.);
#2213=VECTOR('',#3361,1.);
#2214=VECTOR('',#3364,1.);
#2215=VECTOR('',#3367,1.);
#2216=VECTOR('',#3370,1.);
#2217=VECTOR('',#3373,1.);
#2218=VECTOR('',#3376,1.);
#2219=VECTOR('',#3379,1.);
#2220=VECTOR('',#3382,1.);
#2221=VECTOR('',#3385,1.);
#2222=VECTOR('',#3388,1.);
#2223=VECTOR('',#3391,1.);
#2224=VECTOR('',#3394,1.);
#2225=VECTOR('',#3397,1.);
#2226=VECTOR('',#3400,1.);
#2227=VECTOR('',#3403,1.);
#2228=VECTOR('',#3406,1.);
#2229=VECTOR('',#3409,1.);
#2230=VECTOR('',#3414,1.);
#2231=VECTOR('',#3415,1.);
#2232=VECTOR('',#3416,1.);
#2233=VECTOR('',#3417,1.);
#2234=VECTOR('',#3420,1.);
#2235=VECTOR('',#3421,1.);
#2236=VECTOR('',#3422,1.);
#2237=VECTOR('',#3423,1.);
#2238=VECTOR('',#3426,1.);
#2239=VECTOR('',#3427,1.);
#2240=VECTOR('',#3428,1.);
#2241=VECTOR('',#3429,1.);
#2242=VECTOR('',#3432,1.);
#2243=VECTOR('',#3433,1.);
#2244=VECTOR('',#3434,1.);
#2245=VECTOR('',#3435,1.);
#2246=VECTOR('',#3438,1.);
#2247=VECTOR('',#3439,1.);
#2248=VECTOR('',#3440,1.);
#2249=VECTOR('',#3441,1.);
#2250=VECTOR('',#3444,1.);
#2251=VECTOR('',#3445,1.);
#2252=VECTOR('',#3446,1.);
#2253=VECTOR('',#3447,1.);
#2254=VECTOR('',#3450,1.);
#2255=VECTOR('',#3451,1.);
#2256=VECTOR('',#3452,1.);
#2257=VECTOR('',#3453,1.);
#2258=VECTOR('',#3456,1.);
#2259=VECTOR('',#3457,1.);
#2260=VECTOR('',#3458,1.);
#2261=VECTOR('',#3459,1.);
#2262=VECTOR('',#3462,1.);
#2263=VECTOR('',#3463,1.);
#2264=VECTOR('',#3464,1.);
#2265=VECTOR('',#3465,1.);
#2266=VECTOR('',#3468,1.);
#2267=VECTOR('',#3469,1.);
#2268=VECTOR('',#3470,1.);
#2269=VECTOR('',#3471,1.);
#2270=VECTOR('',#3474,1.);
#2271=VECTOR('',#3475,1.);
#2272=VECTOR('',#3476,1.);
#2273=VECTOR('',#3477,1.);
#2274=VECTOR('',#3480,1.);
#2275=VECTOR('',#3481,1.);
#2276=VECTOR('',#3482,1.);
#2277=VECTOR('',#3485,1.);
#2278=VECTOR('',#3486,1.);
#2279=VECTOR('',#3487,1.);
#2280=VECTOR('',#3490,1.);
#2281=VECTOR('',#3491,1.);
#2282=VECTOR('',#3494,1.);
#2283=VECTOR('',#3495,1.);
#2284=VECTOR('',#3496,1.);
#2285=VECTOR('',#3501,1.);
#2286=VECTOR('',#3504,1.);
#2287=VECTOR('',#3507,1.);
#2288=VECTOR('',#3510,1.);
#2289=VECTOR('',#3513,1.);
#2290=VECTOR('',#3516,1.);
#2291=VECTOR('',#3519,1.);
#2292=VECTOR('',#3522,1.);
#2293=VECTOR('',#3525,1.);
#2294=VECTOR('',#3528,1.);
#2295=VECTOR('',#3531,1.);
#2296=VECTOR('',#3534,1.);
#2297=VECTOR('',#3537,1.);
#2298=VECTOR('',#3540,1.);
#2299=VECTOR('',#3543,1.);
#2300=VECTOR('',#3546,1.);
#2301=VECTOR('',#3549,1.);
#2302=VECTOR('',#3552,1.);
#2303=VECTOR('',#3555,1.);
#2304=VECTOR('',#3558,1.);
#2305=VECTOR('',#3559,1.);
#2306=VECTOR('',#3560,1.);
#2307=VECTOR('',#3561,1.);
#2308=VECTOR('',#3562,1.);
#2309=VECTOR('',#3563,1.);
#2310=VECTOR('',#3564,1.);
#2311=VECTOR('',#3565,1.);
#2312=VECTOR('',#3566,1.);
#2313=VECTOR('',#3567,1.);
#2314=VECTOR('',#3568,1.);
#2315=VECTOR('',#3569,1.);
#2316=VECTOR('',#3584,1.);
#2317=VECTOR('',#3589,1.);
#2318=VECTOR('',#3590,1.);
#2319=VECTOR('',#3591,1.);
#2320=VECTOR('',#3602,1.);
#2321=VECTOR('',#3619,1.);
#2322=VECTOR('',#3622,1.);
#2323=VECTOR('',#3623,1.);
#2324=VECTOR('',#3626,1.);
#2325=VECTOR('',#3627,1.);
#2326=VECTOR('',#3630,1.);
#2327=VECTOR('',#3631,1.);
#2328=VECTOR('',#3634,1.);
#2329=VECTOR('',#3635,1.);
#2330=VECTOR('',#3638,1.);
#2331=VECTOR('',#3639,1.);
#2332=VECTOR('',#3642,1.);
#2333=VECTOR('',#3643,1.);
#2334=VECTOR('',#3646,1.);
#2335=VECTOR('',#3647,1.);
#2336=VECTOR('',#3650,1.);
#2337=VECTOR('',#3651,1.);
#2338=VECTOR('',#3654,1.);
#2339=VECTOR('',#3655,1.);
#2340=VECTOR('',#3658,1.);
#2341=VECTOR('',#3659,1.);
#2342=VECTOR('',#3662,1.);
#2343=VECTOR('',#3665,1.);
#2344=VECTOR('',#3668,1.);
#2345=VECTOR('',#3671,1.);
#2346=VECTOR('',#3674,1.);
#2347=VECTOR('',#3677,1.);
#2348=VECTOR('',#3680,1.);
#2349=VECTOR('',#3683,1.);
#2350=VECTOR('',#3686,1.);
#2351=VECTOR('',#3691,1.);
#2352=VECTOR('',#3692,1.);
#2353=VECTOR('',#3693,1.);
#2354=VECTOR('',#3694,1.);
#2355=VECTOR('',#3697,1.);
#2356=VECTOR('',#3700,1.);
#2357=VECTOR('',#3703,1.);
#2358=VECTOR('',#3706,1.);
#2359=VECTOR('',#3707,1.);
#2360=VECTOR('',#3710,1.);
#2361=VECTOR('',#3715,1.);
#2362=VECTOR('',#3720,1.);
#2363=VECTOR('',#3723,1.);
#2364=VECTOR('',#3726,1.);
#2365=VECTOR('',#3731,1.);
#2366=VECTOR('',#3736,1.);
#2367=VECTOR('',#3739,1.);
#2368=VECTOR('',#3742,1.);
#2369=VECTOR('',#3747,1.);
#2370=VECTOR('',#3748,1.);
#2371=VECTOR('',#3751,1.);
#2372=VECTOR('',#3754,1.);
#2373=VECTOR('',#3755,1.);
#2374=VECTOR('',#3756,1.);
#2375=VECTOR('',#3759,1.);
#2376=VECTOR('',#3764,1.);
#2377=VECTOR('',#3767,1.);
#2378=VECTOR('',#3768,1.);
#2379=VECTOR('',#3771,1.);
#2380=VECTOR('',#3776,1.);
#2381=VECTOR('',#3781,1.);
#2382=VECTOR('',#3782,1.);
#2383=VECTOR('',#3785,1.);
#2384=VECTOR('',#3786,1.);
#2385=VECTOR('',#3789,1.);
#2386=VECTOR('',#3790,1.);
#2387=VECTOR('',#3791,1.);
#2388=VECTOR('',#3792,1.);
#2389=VECTOR('',#3793,1.);
#2390=VECTOR('',#3794,1.);
#2391=VECTOR('',#3795,1.);
#2392=VECTOR('',#3796,1.);
#2393=VECTOR('',#3799,1.);
#2394=VECTOR('',#3804,1.);
#2395=VECTOR('',#3809,1.);
#2396=VECTOR('',#3810,1.);
#2397=VECTOR('',#3811,1.);
#2398=VECTOR('',#3812,1.);
#2399=VECTOR('',#3815,1.);
#2400=VECTOR('',#3820,1.);
#2401=VECTOR('',#3825,1.);
#2402=VECTOR('',#3830,1.);
#2403=VECTOR('',#3833,1.);
#2404=VECTOR('',#3834,1.);
#2405=VECTOR('',#3835,1.);
#2406=VECTOR('',#3838,1.);
#2407=VECTOR('',#3849,1.);
#2408=VECTOR('',#3854,1.);
#2409=VECTOR('',#3855,1.);
#2410=VECTOR('',#3858,1.);
#2411=VECTOR('',#3863,1.);
#2412=VECTOR('',#3864,1.);
#2413=VECTOR('',#3867,1.);
#2414=VECTOR('',#3870,1.);
#2415=VECTOR('',#3877,1.);
#2416=VECTOR('',#3878,1.);
#2417=VECTOR('',#3879,1.);
#2418=VECTOR('',#3890,1.);
#2419=VECTOR('',#3891,1.);
#2420=VECTOR('',#3894,1.);
#2421=VECTOR('',#3895,1.);
#2422=VECTOR('',#3904,1.);
#2423=VECTOR('',#3905,1.);
#2424=VECTOR('',#3908,1.);
#2425=VECTOR('',#3909,1.);
#2426=VECTOR('',#3918,1.);
#2427=VECTOR('',#3919,1.);
#2428=VECTOR('',#3922,1.);
#2429=VECTOR('',#3923,1.);
#2430=VECTOR('',#3932,1.);
#2431=VECTOR('',#3933,1.);
#2432=VECTOR('',#3936,1.);
#2433=VECTOR('',#3937,1.);
#2434=VECTOR('',#3946,1.);
#2435=VECTOR('',#3947,1.);
#2436=VECTOR('',#3948,1.);
#2437=VECTOR('',#3959,1.);
#2438=VECTOR('',#3960,1.);
#2439=VECTOR('',#3963,1.);
#2440=VECTOR('',#3964,1.);
#2441=VECTOR('',#3973,1.);
#2442=VECTOR('',#3974,1.);
#2443=VECTOR('',#3977,1.);
#2444=VECTOR('',#3978,1.);
#2445=VECTOR('',#3987,1.);
#2446=VECTOR('',#3988,1.);
#2447=VECTOR('',#3991,1.);
#2448=VECTOR('',#3992,1.);
#2449=VECTOR('',#4001,1.);
#2450=VECTOR('',#4002,1.);
#2451=VECTOR('',#4005,1.);
#2452=VECTOR('',#4006,1.);
#2453=VECTOR('',#4015,1.);
#2454=VECTOR('',#4016,1.);
#2455=VECTOR('',#4019,1.);
#2456=VECTOR('',#4020,1.);
#2457=VECTOR('',#4029,1.);
#2458=VECTOR('',#4030,1.);
#2459=VECTOR('',#4033,1.);
#2460=VECTOR('',#4034,1.);
#2461=VECTOR('',#4043,1.);
#2462=VECTOR('',#4044,1.);
#2463=VECTOR('',#4045,1.);
#2464=VECTOR('',#4056,1.);
#2465=VECTOR('',#4057,1.);
#2466=VECTOR('',#4058,1.);
#2467=VECTOR('',#4069,1.);
#2468=VECTOR('',#4070,1.);
#2469=VECTOR('',#4071,1.);
#2470=VECTOR('',#4082,1.);
#2471=VECTOR('',#4083,1.);
#2472=VECTOR('',#4084,1.);
#2473=VECTOR('',#4095,1.);
#2474=VECTOR('',#4096,1.);
#2475=VECTOR('',#4097,1.);
#2476=VECTOR('',#4108,1.);
#2477=VECTOR('',#4109,1.);
#2478=VECTOR('',#4110,1.);
#2479=VECTOR('',#4121,1.);
#2480=VECTOR('',#4122,1.);
#2481=VECTOR('',#4123,1.);
#2482=VECTOR('',#4134,1.);
#2483=VECTOR('',#4135,1.);
#2484=VECTOR('',#4136,1.);
#2485=EDGE_LOOP('',(#253,#254,#255,#256));
#2486=EDGE_LOOP('',(#257,#258,#259,#260,#261));
#2487=EDGE_LOOP('',(#262,#263,#264,#265,#266,#267,#268,#269,#270,#271,#272,
#273,#274,#275,#276,#277,#278,#279,#280,#281,#282,#283,#284,#285,#286,#287,
#288,#289,#290,#291,#292,#293,#294,#295,#296,#297,#298,#299,#300,#301));
#2488=EDGE_LOOP('',(#302,#303,#304,#305,#306));
#2489=EDGE_LOOP('',(#307,#308,#309,#310,#311));
#2490=EDGE_LOOP('',(#312,#313,#314,#315,#316));
#2491=EDGE_LOOP('',(#317,#318,#319,#320,#321));
#2492=EDGE_LOOP('',(#322,#323,#324,#325,#326));
#2493=EDGE_LOOP('',(#327,#328,#329,#330,#331));
#2494=EDGE_LOOP('',(#332,#333,#334,#335,#336));
#2495=EDGE_LOOP('',(#337,#338,#339,#340,#341));
#2496=EDGE_LOOP('',(#342,#343,#344,#345,#346));
#2497=EDGE_LOOP('',(#347,#348,#349,#350,#351));
#2498=EDGE_LOOP('',(#352,#353,#354,#355));
#2499=EDGE_LOOP('',(#356,#357,#358,#359));
#2500=EDGE_LOOP('',(#360,#361,#362,#363));
#2501=EDGE_LOOP('',(#364,#365,#366,#367));
#2502=EDGE_LOOP('',(#368,#369,#370));
#2503=EDGE_LOOP('',(#371,#372,#373,#374,#375,#376,#377,#378,#379,#380,#381,
#382,#383,#384,#385,#386,#387,#388,#389,#390,#391,#392,#393,#394,#395,#396,
#397,#398,#399,#400,#401,#402,#403,#404,#405,#406,#407,#408,#409,#410));
#2504=EDGE_LOOP('',(#411,#412,#413,#414));
#2505=EDGE_LOOP('',(#415,#416,#417,#418,#419,#420,#421,#422));
#2506=EDGE_LOOP('',(#423,#424,#425,#426));
#2507=EDGE_LOOP('',(#427,#428,#429,#430,#431,#432,#433,#434,#435,#436,#437,
#438,#439,#440,#441,#442,#443,#444,#445,#446,#447,#448,#449,#450,#451,#452,
#453,#454,#455,#456,#457,#458,#459,#460,#461,#462,#463,#464,#465,#466,#467,
#468,#469,#470,#471));
#2508=EDGE_LOOP('',(#472,#473,#474,#475,#476,#477,#478,#479,#480,#481,#482,
#483,#484,#485,#486,#487,#488,#489,#490,#491,#492,#493,#494,#495,#496,#497,
#498,#499,#500,#501,#502,#503,#504,#505,#506,#507,#508,#509,#510,#511));
#2509=EDGE_LOOP('',(#512,#513,#514,#515,#516,#517,#518,#519,#520,#521,#522,
#523,#524,#525,#526,#527,#528,#529,#530,#531,#532,#533,#534,#535,#536,#537,
#538,#539,#540,#541,#542,#543,#544,#545,#546,#547,#548,#549,#550,#551));
#2510=EDGE_LOOP('',(#552,#553,#554,#555,#556,#557));
#2511=EDGE_LOOP('',(#558,#559,#560,#561,#562));
#2512=EDGE_LOOP('',(#563,#564,#565,#566));
#2513=EDGE_LOOP('',(#567,#568,#569,#570));
#2514=EDGE_LOOP('',(#571,#572,#573,#574));
#2515=EDGE_LOOP('',(#575,#576,#577,#578));
#2516=EDGE_LOOP('',(#579,#580,#581,#582));
#2517=EDGE_LOOP('',(#583,#584,#585,#586));
#2518=EDGE_LOOP('',(#587,#588,#589,#590));
#2519=EDGE_LOOP('',(#591,#592,#593,#594));
#2520=EDGE_LOOP('',(#595,#596,#597,#598));
#2521=EDGE_LOOP('',(#599,#600,#601,#602));
#2522=EDGE_LOOP('',(#603,#604,#605,#606));
#2523=EDGE_LOOP('',(#607,#608,#609,#610));
#2524=EDGE_LOOP('',(#611,#612,#613,#614));
#2525=EDGE_LOOP('',(#615,#616,#617,#618));
#2526=EDGE_LOOP('',(#619,#620,#621,#622));
#2527=EDGE_LOOP('',(#623,#624,#625,#626));
#2528=EDGE_LOOP('',(#627,#628,#629,#630));
#2529=EDGE_LOOP('',(#631,#632,#633,#634));
#2530=EDGE_LOOP('',(#635,#636,#637,#638));
#2531=EDGE_LOOP('',(#639,#640,#641,#642));
#2532=EDGE_LOOP('',(#643,#644,#645,#646));
#2533=EDGE_LOOP('',(#647,#648,#649,#650));
#2534=EDGE_LOOP('',(#651,#652,#653,#654));
#2535=EDGE_LOOP('',(#655,#656,#657,#658));
#2536=EDGE_LOOP('',(#659,#660,#661,#662));
#2537=EDGE_LOOP('',(#663,#664,#665,#666));
#2538=EDGE_LOOP('',(#667,#668,#669,#670));
#2539=EDGE_LOOP('',(#671,#672,#673,#674));
#2540=EDGE_LOOP('',(#675,#676,#677,#678));
#2541=EDGE_LOOP('',(#679,#680,#681,#682));
#2542=EDGE_LOOP('',(#683,#684,#685,#686));
#2543=EDGE_LOOP('',(#687,#688,#689,#690));
#2544=EDGE_LOOP('',(#691,#692,#693,#694));
#2545=EDGE_LOOP('',(#695,#696,#697,#698));
#2546=EDGE_LOOP('',(#699,#700,#701,#702));
#2547=EDGE_LOOP('',(#703,#704,#705,#706));
#2548=EDGE_LOOP('',(#707,#708,#709,#710));
#2549=EDGE_LOOP('',(#711,#712,#713,#714));
#2550=EDGE_LOOP('',(#715,#716,#717,#718));
#2551=EDGE_LOOP('',(#719,#720,#721,#722));
#2552=EDGE_LOOP('',(#723,#724,#725,#726));
#2553=EDGE_LOOP('',(#727,#728,#729,#730));
#2554=EDGE_LOOP('',(#731,#732,#733,#734));
#2555=EDGE_LOOP('',(#735,#736,#737,#738));
#2556=EDGE_LOOP('',(#739,#740,#741,#742));
#2557=EDGE_LOOP('',(#743,#744,#745,#746));
#2558=EDGE_LOOP('',(#747,#748,#749,#750,#751,#752,#753,#754,#755,#756,#757,
#758,#759,#760,#761,#762,#763,#764,#765,#766,#767,#768,#769,#770,#771,#772,
#773,#774,#775,#776,#777,#778,#779,#780,#781,#782,#783,#784,#785,#786,#787,
#788,#789,#790,#791));
#2559=EDGE_LOOP('',(#792,#793,#794,#795));
#2560=EDGE_LOOP('',(#796,#797,#798,#799));
#2561=EDGE_LOOP('',(#800,#801,#802,#803));
#2562=EDGE_LOOP('',(#804,#805,#806,#807));
#2563=EDGE_LOOP('',(#808,#809,#810));
#2564=EDGE_LOOP('',(#811,#812,#813,#814));
#2565=EDGE_LOOP('',(#815,#816,#817,#818));
#2566=EDGE_LOOP('',(#819,#820,#821,#822));
#2567=EDGE_LOOP('',(#823,#824,#825,#826));
#2568=EDGE_LOOP('',(#827,#828,#829,#830));
#2569=EDGE_LOOP('',(#831,#832,#833,#834,#835));
#2570=EDGE_LOOP('',(#836,#837,#838,#839));
#2571=EDGE_LOOP('',(#840,#841,#842,#843));
#2572=EDGE_LOOP('',(#844,#845,#846,#847));
#2573=EDGE_LOOP('',(#848,#849,#850,#851));
#2574=EDGE_LOOP('',(#852,#853,#854,#855));
#2575=EDGE_LOOP('',(#856,#857,#858,#859));
#2576=EDGE_LOOP('',(#860,#861,#862,#863));
#2577=EDGE_LOOP('',(#864,#865,#866,#867));
#2578=EDGE_LOOP('',(#868,#869,#870,#871));
#2579=EDGE_LOOP('',(#872,#873,#874,#875));
#2580=EDGE_LOOP('',(#876,#877,#878,#879));
#2581=EDGE_LOOP('',(#880,#881,#882,#883));
#2582=EDGE_LOOP('',(#884,#885,#886,#887));
#2583=EDGE_LOOP('',(#888,#889,#890,#891));
#2584=EDGE_LOOP('',(#892,#893,#894,#895));
#2585=EDGE_LOOP('',(#896,#897,#898,#899));
#2586=EDGE_LOOP('',(#900,#901,#902,#903));
#2587=EDGE_LOOP('',(#904,#905,#906,#907));
#2588=EDGE_LOOP('',(#908,#909,#910,#911,#912));
#2589=EDGE_LOOP('',(#913,#914,#915,#916));
#2590=EDGE_LOOP('',(#917,#918,#919,#920));
#2591=EDGE_LOOP('',(#921,#922,#923,#924));
#2592=EDGE_LOOP('',(#925,#926,#927,#928));
#2593=EDGE_LOOP('',(#929,#930,#931,#932));
#2594=EDGE_LOOP('',(#933,#934,#935,#936));
#2595=EDGE_LOOP('',(#937,#938,#939,#940));
#2596=EDGE_LOOP('',(#941,#942,#943,#944));
#2597=EDGE_LOOP('',(#945,#946,#947,#948));
#2598=EDGE_LOOP('',(#949,#950,#951,#952));
#2599=EDGE_LOOP('',(#953,#954,#955,#956));
#2600=EDGE_LOOP('',(#957,#958,#959,#960));
#2601=EDGE_LOOP('',(#961,#962,#963,#964));
#2602=EDGE_LOOP('',(#965,#966,#967,#968));
#2603=EDGE_LOOP('',(#969,#970,#971,#972));
#2604=EDGE_LOOP('',(#973,#974,#975,#976));
#2605=EDGE_LOOP('',(#977,#978,#979,#980));
#2606=EDGE_LOOP('',(#981,#982,#983,#984));
#2607=EDGE_LOOP('',(#985,#986,#987,#988));
#2608=EDGE_LOOP('',(#989,#990,#991,#992));
#2609=EDGE_LOOP('',(#993,#994,#995,#996));
#2610=EDGE_LOOP('',(#997,#998,#999,#1000));
#2611=EDGE_LOOP('',(#1001,#1002,#1003,#1004));
#2612=EDGE_LOOP('',(#1005,#1006,#1007,#1008));
#2613=EDGE_LOOP('',(#1009,#1010,#1011,#1012));
#2614=EDGE_LOOP('',(#1013,#1014,#1015,#1016));
#2615=EDGE_LOOP('',(#1017,#1018,#1019,#1020,#1021));
#2616=EDGE_LOOP('',(#1022,#1023,#1024,#1025));
#2617=EDGE_LOOP('',(#1026,#1027,#1028,#1029));
#2618=EDGE_LOOP('',(#1030,#1031,#1032,#1033,#1034));
#2619=EDGE_LOOP('',(#1035,#1036,#1037,#1038));
#2620=EDGE_LOOP('',(#1039,#1040,#1041,#1042));
#2621=EDGE_LOOP('',(#1043,#1044,#1045,#1046,#1047));
#2622=EDGE_LOOP('',(#1048,#1049,#1050,#1051));
#2623=EDGE_LOOP('',(#1052,#1053,#1054,#1055));
#2624=EDGE_LOOP('',(#1056,#1057,#1058,#1059,#1060));
#2625=EDGE_LOOP('',(#1061,#1062,#1063,#1064));
#2626=EDGE_LOOP('',(#1065,#1066,#1067,#1068));
#2627=EDGE_LOOP('',(#1069,#1070,#1071,#1072,#1073));
#2628=EDGE_LOOP('',(#1074,#1075,#1076,#1077));
#2629=EDGE_LOOP('',(#1078,#1079,#1080,#1081));
#2630=EDGE_LOOP('',(#1082,#1083,#1084,#1085,#1086));
#2631=EDGE_LOOP('',(#1087,#1088,#1089,#1090));
#2632=EDGE_LOOP('',(#1091,#1092,#1093,#1094));
#2633=EDGE_LOOP('',(#1095,#1096,#1097,#1098,#1099));
#2634=EDGE_LOOP('',(#1100,#1101,#1102,#1103));
#2635=EDGE_LOOP('',(#1104,#1105,#1106,#1107));
#2636=EDGE_LOOP('',(#1108,#1109,#1110,#1111,#1112));
#2637=EDGE_LOOP('',(#1113,#1114,#1115,#1116));
#2638=EDGE_LOOP('',(#1117,#1118,#1119,#1120));
#2639=EDGE_LOOP('',(#1121,#1122,#1123,#1124));
#2640=EDGE_LOOP('',(#1125,#1126,#1127,#1128));
#2641=EDGE_LOOP('',(#1129,#1130,#1131,#1132));
#2642=EDGE_LOOP('',(#1133,#1134,#1135,#1136));
#2643=EDGE_LOOP('',(#1137,#1138,#1139,#1140));
#2644=EDGE_LOOP('',(#1141,#1142,#1143,#1144));
#2645=EDGE_LOOP('',(#1145,#1146,#1147,#1148));
#2646=EDGE_LOOP('',(#1149,#1150,#1151,#1152));
#2647=EDGE_LOOP('',(#1153,#1154,#1155,#1156));
#2648=EDGE_LOOP('',(#1157,#1158,#1159,#1160));
#2649=FACE_BOUND('',#2485,.T.);
#2650=FACE_BOUND('',#2486,.T.);
#2651=FACE_BOUND('',#2487,.T.);
#2652=FACE_BOUND('',#2488,.T.);
#2653=FACE_BOUND('',#2489,.T.);
#2654=FACE_BOUND('',#2490,.T.);
#2655=FACE_BOUND('',#2491,.T.);
#2656=FACE_BOUND('',#2492,.T.);
#2657=FACE_BOUND('',#2493,.T.);
#2658=FACE_BOUND('',#2494,.T.);
#2659=FACE_BOUND('',#2495,.T.);
#2660=FACE_BOUND('',#2496,.T.);
#2661=FACE_BOUND('',#2497,.T.);
#2662=FACE_BOUND('',#2498,.T.);
#2663=FACE_BOUND('',#2499,.T.);
#2664=FACE_BOUND('',#2500,.T.);
#2665=FACE_BOUND('',#2501,.T.);
#2666=FACE_BOUND('',#2502,.T.);
#2667=FACE_BOUND('',#2503,.T.);
#2668=FACE_BOUND('',#2504,.T.);
#2669=FACE_BOUND('',#2505,.T.);
#2670=FACE_BOUND('',#2506,.T.);
#2671=FACE_BOUND('',#2507,.T.);
#2672=FACE_BOUND('',#2508,.T.);
#2673=FACE_BOUND('',#2509,.T.);
#2674=FACE_BOUND('',#2510,.T.);
#2675=FACE_BOUND('',#2511,.T.);
#2676=FACE_BOUND('',#2512,.T.);
#2677=FACE_BOUND('',#2513,.T.);
#2678=FACE_BOUND('',#2514,.T.);
#2679=FACE_BOUND('',#2515,.T.);
#2680=FACE_BOUND('',#2516,.T.);
#2681=FACE_BOUND('',#2517,.T.);
#2682=FACE_BOUND('',#2518,.T.);
#2683=FACE_BOUND('',#2519,.T.);
#2684=FACE_BOUND('',#2520,.T.);
#2685=FACE_BOUND('',#2521,.T.);
#2686=FACE_BOUND('',#2522,.T.);
#2687=FACE_BOUND('',#2523,.T.);
#2688=FACE_BOUND('',#2524,.T.);
#2689=FACE_BOUND('',#2525,.T.);
#2690=FACE_BOUND('',#2526,.T.);
#2691=FACE_BOUND('',#2527,.T.);
#2692=FACE_BOUND('',#2528,.T.);
#2693=FACE_BOUND('',#2529,.T.);
#2694=FACE_BOUND('',#2530,.T.);
#2695=FACE_BOUND('',#2531,.T.);
#2696=FACE_BOUND('',#2532,.T.);
#2697=FACE_BOUND('',#2533,.T.);
#2698=FACE_BOUND('',#2534,.T.);
#2699=FACE_BOUND('',#2535,.T.);
#2700=FACE_BOUND('',#2536,.T.);
#2701=FACE_BOUND('',#2537,.T.);
#2702=FACE_BOUND('',#2538,.T.);
#2703=FACE_BOUND('',#2539,.T.);
#2704=FACE_BOUND('',#2540,.T.);
#2705=FACE_BOUND('',#2541,.T.);
#2706=FACE_BOUND('',#2542,.T.);
#2707=FACE_BOUND('',#2543,.T.);
#2708=FACE_BOUND('',#2544,.T.);
#2709=FACE_BOUND('',#2545,.T.);
#2710=FACE_BOUND('',#2546,.T.);
#2711=FACE_BOUND('',#2547,.T.);
#2712=FACE_BOUND('',#2548,.T.);
#2713=FACE_BOUND('',#2549,.T.);
#2714=FACE_BOUND('',#2550,.T.);
#2715=FACE_BOUND('',#2551,.T.);
#2716=FACE_BOUND('',#2552,.T.);
#2717=FACE_BOUND('',#2553,.T.);
#2718=FACE_BOUND('',#2554,.T.);
#2719=FACE_BOUND('',#2555,.T.);
#2720=FACE_BOUND('',#2556,.T.);
#2721=FACE_BOUND('',#2557,.T.);
#2722=FACE_BOUND('',#2558,.T.);
#2723=FACE_BOUND('',#2559,.T.);
#2724=FACE_BOUND('',#2560,.T.);
#2725=FACE_BOUND('',#2561,.T.);
#2726=FACE_BOUND('',#2562,.T.);
#2727=FACE_BOUND('',#2563,.T.);
#2728=FACE_BOUND('',#2564,.T.);
#2729=FACE_BOUND('',#2565,.T.);
#2730=FACE_BOUND('',#2566,.T.);
#2731=FACE_BOUND('',#2567,.T.);
#2732=FACE_BOUND('',#2568,.T.);
#2733=FACE_BOUND('',#2569,.T.);
#2734=FACE_BOUND('',#2570,.T.);
#2735=FACE_BOUND('',#2571,.T.);
#2736=FACE_BOUND('',#2572,.T.);
#2737=FACE_BOUND('',#2573,.T.);
#2738=FACE_BOUND('',#2574,.T.);
#2739=FACE_BOUND('',#2575,.T.);
#2740=FACE_BOUND('',#2576,.T.);
#2741=FACE_BOUND('',#2577,.T.);
#2742=FACE_BOUND('',#2578,.T.);
#2743=FACE_BOUND('',#2579,.T.);
#2744=FACE_BOUND('',#2580,.T.);
#2745=FACE_BOUND('',#2581,.T.);
#2746=FACE_BOUND('',#2582,.T.);
#2747=FACE_BOUND('',#2583,.T.);
#2748=FACE_BOUND('',#2584,.T.);
#2749=FACE_BOUND('',#2585,.T.);
#2750=FACE_BOUND('',#2586,.T.);
#2751=FACE_BOUND('',#2587,.T.);
#2752=FACE_BOUND('',#2588,.T.);
#2753=FACE_BOUND('',#2589,.T.);
#2754=FACE_BOUND('',#2590,.T.);
#2755=FACE_BOUND('',#2591,.T.);
#2756=FACE_BOUND('',#2592,.T.);
#2757=FACE_BOUND('',#2593,.T.);
#2758=FACE_BOUND('',#2594,.T.);
#2759=FACE_BOUND('',#2595,.T.);
#2760=FACE_BOUND('',#2596,.T.);
#2761=FACE_BOUND('',#2597,.T.);
#2762=FACE_BOUND('',#2598,.T.);
#2763=FACE_BOUND('',#2599,.T.);
#2764=FACE_BOUND('',#2600,.T.);
#2765=FACE_BOUND('',#2601,.T.);
#2766=FACE_BOUND('',#2602,.T.);
#2767=FACE_BOUND('',#2603,.T.);
#2768=FACE_BOUND('',#2604,.T.);
#2769=FACE_BOUND('',#2605,.T.);
#2770=FACE_BOUND('',#2606,.T.);
#2771=FACE_BOUND('',#2607,.T.);
#2772=FACE_BOUND('',#2608,.T.);
#2773=FACE_BOUND('',#2609,.T.);
#2774=FACE_BOUND('',#2610,.T.);
#2775=FACE_BOUND('',#2611,.T.);
#2776=FACE_BOUND('',#2612,.T.);
#2777=FACE_BOUND('',#2613,.T.);
#2778=FACE_BOUND('',#2614,.T.);
#2779=FACE_BOUND('',#2615,.T.);
#2780=FACE_BOUND('',#2616,.T.);
#2781=FACE_BOUND('',#2617,.T.);
#2782=FACE_BOUND('',#2618,.T.);
#2783=FACE_BOUND('',#2619,.T.);
#2784=FACE_BOUND('',#2620,.T.);
#2785=FACE_BOUND('',#2621,.T.);
#2786=FACE_BOUND('',#2622,.T.);
#2787=FACE_BOUND('',#2623,.T.);
#2788=FACE_BOUND('',#2624,.T.);
#2789=FACE_BOUND('',#2625,.T.);
#2790=FACE_BOUND('',#2626,.T.);
#2791=FACE_BOUND('',#2627,.T.);
#2792=FACE_BOUND('',#2628,.T.);
#2793=FACE_BOUND('',#2629,.T.);
#2794=FACE_BOUND('',#2630,.T.);
#2795=FACE_BOUND('',#2631,.T.);
#2796=FACE_BOUND('',#2632,.T.);
#2797=FACE_BOUND('',#2633,.T.);
#2798=FACE_BOUND('',#2634,.T.);
#2799=FACE_BOUND('',#2635,.T.);
#2800=FACE_BOUND('',#2636,.T.);
#2801=FACE_BOUND('',#2637,.T.);
#2802=FACE_BOUND('',#2638,.T.);
#2803=FACE_BOUND('',#2639,.T.);
#2804=FACE_BOUND('',#2640,.T.);
#2805=FACE_BOUND('',#2641,.T.);
#2806=FACE_BOUND('',#2642,.T.);
#2807=FACE_BOUND('',#2643,.T.);
#2808=FACE_BOUND('',#2644,.T.);
#2809=FACE_BOUND('',#2645,.T.);
#2810=FACE_BOUND('',#2646,.T.);
#2811=FACE_BOUND('',#2647,.T.);
#2812=FACE_BOUND('',#2648,.T.);
#2813=PLANE('',#3069);
#2814=PLANE('',#3090);
#2815=PLANE('',#3091);
#2816=PLANE('',#3092);
#2817=PLANE('',#3093);
#2818=PLANE('',#3094);
#2819=PLANE('',#3095);
#2820=PLANE('',#3096);
#2821=PLANE('',#3097);
#2822=PLANE('',#3098);
#2823=PLANE('',#3099);
#2824=PLANE('',#3100);
#2825=PLANE('',#3101);
#2826=PLANE('',#3102);
#2827=PLANE('',#3103);
#2828=PLANE('',#3104);
#2829=PLANE('',#3105);
#2830=PLANE('',#3168);
#2831=PLANE('',#3169);
#2832=PLANE('',#3170);
#2833=PLANE('',#3187);
#2834=PLANE('',#3198);
#2835=PLANE('',#3199);
#2836=PLANE('',#3200);
#2837=PLANE('',#3205);
#2838=PLANE('',#3218);
#2839=PLANE('',#3219);
#2840=PLANE('',#3220);
#2841=PLANE('',#3221);
#2842=PLANE('',#3222);
#2843=PLANE('',#3223);
#2844=PLANE('',#3224);
#2845=PLANE('',#3225);
#2846=PLANE('',#3226);
#2847=PLANE('',#3227);
#2848=PLANE('',#3228);
#2849=PLANE('',#3229);
#2850=PLANE('',#3230);
#2851=PLANE('',#3234);
#2852=PLANE('',#3235);
#2853=PLANE('',#3236);
#2854=PLANE('',#3239);
#2855=PLANE('',#3240);
#2856=PLANE('',#3241);
#2857=PLANE('',#3244);
#2858=PLANE('',#3245);
#2859=PLANE('',#3246);
#2860=PLANE('',#3249);
#2861=PLANE('',#3250);
#2862=PLANE('',#3251);
#2863=PLANE('',#3254);
#2864=PLANE('',#3255);
#2865=PLANE('',#3259);
#2866=PLANE('',#3260);
#2867=PLANE('',#3261);
#2868=PLANE('',#3264);
#2869=PLANE('',#3265);
#2870=PLANE('',#3266);
#2871=PLANE('',#3269);
#2872=PLANE('',#3270);
#2873=PLANE('',#3271);
#2874=PLANE('',#3274);
#2875=PLANE('',#3275);
#2876=PLANE('',#3276);
#2877=PLANE('',#3279);
#2878=PLANE('',#3280);
#2879=PLANE('',#3281);
#2880=PLANE('',#3284);
#2881=PLANE('',#3285);
#2882=PLANE('',#3286);
#2883=PLANE('',#3289);
#2884=PLANE('',#3290);
#2885=PLANE('',#3294);
#2886=PLANE('',#3295);
#2887=PLANE('',#3299);
#2888=PLANE('',#3300);
#2889=PLANE('',#3304);
#2890=PLANE('',#3305);
#2891=PLANE('',#3309);
#2892=PLANE('',#3310);
#2893=PLANE('',#3314);
#2894=PLANE('',#3315);
#2895=PLANE('',#3319);
#2896=PLANE('',#3320);
#2897=PLANE('',#3324);
#2898=PLANE('',#3325);
#2899=ADVANCED_FACE('',(#2649,#2650,#2651),#2813,.F.);
#2900=ADVANCED_FACE('',(#2652),#2814,.T.);
#2901=ADVANCED_FACE('',(#2653),#2815,.T.);
#2902=ADVANCED_FACE('',(#2654),#2816,.T.);
#2903=ADVANCED_FACE('',(#2655),#2817,.T.);
#2904=ADVANCED_FACE('',(#2656),#2818,.T.);
#2905=ADVANCED_FACE('',(#2657),#2819,.T.);
#2906=ADVANCED_FACE('',(#2658),#2820,.T.);
#2907=ADVANCED_FACE('',(#2659),#2821,.T.);
#2908=ADVANCED_FACE('',(#2660),#2822,.T.);
#2909=ADVANCED_FACE('',(#2661),#2823,.T.);
#2910=ADVANCED_FACE('',(#2662),#2824,.F.);
#2911=ADVANCED_FACE('',(#2663),#2825,.F.);
#2912=ADVANCED_FACE('',(#2664),#2826,.F.);
#2913=ADVANCED_FACE('',(#2665),#2827,.F.);
#2914=ADVANCED_FACE('',(#2666),#2828,.T.);
#2915=ADVANCED_FACE('',(#2667,#2668,#2669,#2670,#2671),#2829,.T.);
#2916=ADVANCED_FACE('',(#2672,#2673),#62,.T.);
#2917=ADVANCED_FACE('',(#2674),#2830,.F.);
#2918=ADVANCED_FACE('',(#2675),#2831,.T.);
#2919=ADVANCED_FACE('',(#2676),#2832,.T.);
#2920=ADVANCED_FACE('',(#2677),#31,.F.);
#2921=ADVANCED_FACE('',(#2678),#12,.T.);
#2922=ADVANCED_FACE('',(#2679),#32,.F.);
#2923=ADVANCED_FACE('',(#2680),#33,.F.);
#2924=ADVANCED_FACE('',(#2681),#34,.F.);
#2925=ADVANCED_FACE('',(#2682),#13,.T.);
#2926=ADVANCED_FACE('',(#2683),#35,.F.);
#2927=ADVANCED_FACE('',(#2684),#36,.F.);
#2928=ADVANCED_FACE('',(#2685),#37,.F.);
#2929=ADVANCED_FACE('',(#2686),#14,.T.);
#2930=ADVANCED_FACE('',(#2687),#38,.F.);
#2931=ADVANCED_FACE('',(#2688),#2833,.T.);
#2932=ADVANCED_FACE('',(#2689),#39,.T.);
#2933=ADVANCED_FACE('',(#2690),#15,.T.);
#2934=ADVANCED_FACE('',(#2691),#16,.T.);
#2935=ADVANCED_FACE('',(#2692),#17,.T.);
#2936=ADVANCED_FACE('',(#2693),#40,.T.);
#2937=ADVANCED_FACE('',(#2694),#41,.T.);
#2938=ADVANCED_FACE('',(#2695),#18,.T.);
#2939=ADVANCED_FACE('',(#2696),#19,.T.);
#2940=ADVANCED_FACE('',(#2697),#42,.T.);
#2941=ADVANCED_FACE('',(#2698),#43,.T.);
#2942=ADVANCED_FACE('',(#2699),#2834,.T.);
#2943=ADVANCED_FACE('',(#2700),#2835,.T.);
#2944=ADVANCED_FACE('',(#2701),#2836,.T.);
#2945=ADVANCED_FACE('',(#2702),#20,.T.);
#2946=ADVANCED_FACE('',(#2703),#21,.T.);
#2947=ADVANCED_FACE('',(#2704),#22,.T.);
#2948=ADVANCED_FACE('',(#2705),#23,.T.);
#2949=ADVANCED_FACE('',(#2706),#24,.T.);
#2950=ADVANCED_FACE('',(#2707),#25,.T.);
#2951=ADVANCED_FACE('',(#2708),#44,.T.);
#2952=ADVANCED_FACE('',(#2709),#45,.F.);
#2953=ADVANCED_FACE('',(#2710),#2837,.T.);
#2954=ADVANCED_FACE('',(#2711),#26,.T.);
#2955=ADVANCED_FACE('',(#2712),#27,.T.);
#2956=ADVANCED_FACE('',(#2713),#46,.F.);
#2957=ADVANCED_FACE('',(#2714),#47,.F.);
#2958=ADVANCED_FACE('',(#2715),#48,.F.);
#2959=ADVANCED_FACE('',(#2716),#49,.F.);
#2960=ADVANCED_FACE('',(#2717),#28,.T.);
#2961=ADVANCED_FACE('',(#2718),#29,.T.);
#2962=ADVANCED_FACE('',(#2719),#30,.T.);
#2963=ADVANCED_FACE('',(#2720),#50,.F.);
#2964=ADVANCED_FACE('',(#2721),#51,.F.);
#2965=ADVANCED_FACE('',(#2722),#2838,.T.);
#2966=ADVANCED_FACE('',(#2723),#2839,.F.);
#2967=ADVANCED_FACE('',(#2724),#2840,.F.);
#2968=ADVANCED_FACE('',(#2725),#2841,.T.);
#2969=ADVANCED_FACE('',(#2726),#2842,.T.);
#2970=ADVANCED_FACE('',(#2727),#2843,.T.);
#2971=ADVANCED_FACE('',(#2728),#2844,.T.);
#2972=ADVANCED_FACE('',(#2729),#2845,.T.);
#2973=ADVANCED_FACE('',(#2730),#2846,.F.);
#2974=ADVANCED_FACE('',(#2731),#2847,.F.);
#2975=ADVANCED_FACE('',(#2732),#2848,.T.);
#2976=ADVANCED_FACE('',(#2733),#2849,.F.);
#2977=ADVANCED_FACE('',(#2734),#2850,.T.);
#2978=ADVANCED_FACE('',(#2735),#63,.T.);
#2979=ADVANCED_FACE('',(#2736),#2851,.F.);
#2980=ADVANCED_FACE('',(#2737),#2852,.T.);
#2981=ADVANCED_FACE('',(#2738),#2853,.T.);
#2982=ADVANCED_FACE('',(#2739),#64,.T.);
#2983=ADVANCED_FACE('',(#2740),#2854,.F.);
#2984=ADVANCED_FACE('',(#2741),#2855,.T.);
#2985=ADVANCED_FACE('',(#2742),#2856,.T.);
#2986=ADVANCED_FACE('',(#2743),#65,.T.);
#2987=ADVANCED_FACE('',(#2744),#2857,.F.);
#2988=ADVANCED_FACE('',(#2745),#2858,.T.);
#2989=ADVANCED_FACE('',(#2746),#2859,.T.);
#2990=ADVANCED_FACE('',(#2747),#66,.T.);
#2991=ADVANCED_FACE('',(#2748),#2860,.F.);
#2992=ADVANCED_FACE('',(#2749),#2861,.T.);
#2993=ADVANCED_FACE('',(#2750),#2862,.T.);
#2994=ADVANCED_FACE('',(#2751),#67,.T.);
#2995=ADVANCED_FACE('',(#2752),#2863,.F.);
#2996=ADVANCED_FACE('',(#2753),#2864,.T.);
#2997=ADVANCED_FACE('',(#2754),#68,.T.);
#2998=ADVANCED_FACE('',(#2755),#2865,.F.);
#2999=ADVANCED_FACE('',(#2756),#2866,.T.);
#3000=ADVANCED_FACE('',(#2757),#2867,.T.);
#3001=ADVANCED_FACE('',(#2758),#69,.T.);
#3002=ADVANCED_FACE('',(#2759),#2868,.F.);
#3003=ADVANCED_FACE('',(#2760),#2869,.T.);
#3004=ADVANCED_FACE('',(#2761),#2870,.T.);
#3005=ADVANCED_FACE('',(#2762),#70,.T.);
#3006=ADVANCED_FACE('',(#2763),#2871,.F.);
#3007=ADVANCED_FACE('',(#2764),#2872,.T.);
#3008=ADVANCED_FACE('',(#2765),#2873,.T.);
#3009=ADVANCED_FACE('',(#2766),#71,.T.);
#3010=ADVANCED_FACE('',(#2767),#2874,.F.);
#3011=ADVANCED_FACE('',(#2768),#2875,.T.);
#3012=ADVANCED_FACE('',(#2769),#2876,.T.);
#3013=ADVANCED_FACE('',(#2770),#72,.T.);
#3014=ADVANCED_FACE('',(#2771),#2877,.F.);
#3015=ADVANCED_FACE('',(#2772),#2878,.T.);
#3016=ADVANCED_FACE('',(#2773),#2879,.T.);
#3017=ADVANCED_FACE('',(#2774),#73,.T.);
#3018=ADVANCED_FACE('',(#2775),#2880,.F.);
#3019=ADVANCED_FACE('',(#2776),#2881,.T.);
#3020=ADVANCED_FACE('',(#2777),#2882,.T.);
#3021=ADVANCED_FACE('',(#2778),#74,.T.);
#3022=ADVANCED_FACE('',(#2779),#2883,.F.);
#3023=ADVANCED_FACE('',(#2780),#2884,.T.);
#3024=ADVANCED_FACE('',(#2781),#75,.T.);
#3025=ADVANCED_FACE('',(#2782),#2885,.F.);
#3026=ADVANCED_FACE('',(#2783),#2886,.T.);
#3027=ADVANCED_FACE('',(#2784),#76,.T.);
#3028=ADVANCED_FACE('',(#2785),#2887,.F.);
#3029=ADVANCED_FACE('',(#2786),#2888,.T.);
#3030=ADVANCED_FACE('',(#2787),#77,.T.);
#3031=ADVANCED_FACE('',(#2788),#2889,.F.);
#3032=ADVANCED_FACE('',(#2789),#2890,.T.);
#3033=ADVANCED_FACE('',(#2790),#78,.T.);
#3034=ADVANCED_FACE('',(#2791),#2891,.F.);
#3035=ADVANCED_FACE('',(#2792),#2892,.T.);
#3036=ADVANCED_FACE('',(#2793),#79,.T.);
#3037=ADVANCED_FACE('',(#2794),#2893,.F.);
#3038=ADVANCED_FACE('',(#2795),#2894,.T.);
#3039=ADVANCED_FACE('',(#2796),#80,.T.);
#3040=ADVANCED_FACE('',(#2797),#2895,.F.);
#3041=ADVANCED_FACE('',(#2798),#2896,.T.);
#3042=ADVANCED_FACE('',(#2799),#81,.T.);
#3043=ADVANCED_FACE('',(#2800),#2897,.F.);
#3044=ADVANCED_FACE('',(#2801),#2898,.T.);
#3045=ADVANCED_FACE('',(#2802),#82,.T.);
#3046=ADVANCED_FACE('',(#2803),#52,.T.);
#3047=ADVANCED_FACE('',(#2804),#53,.T.);
#3048=ADVANCED_FACE('',(#2805),#54,.T.);
#3049=ADVANCED_FACE('',(#2806),#55,.T.);
#3050=ADVANCED_FACE('',(#2807),#56,.T.);
#3051=ADVANCED_FACE('',(#2808),#57,.T.);
#3052=ADVANCED_FACE('',(#2809),#58,.T.);
#3053=ADVANCED_FACE('',(#2810),#59,.T.);
#3054=ADVANCED_FACE('',(#2811),#60,.T.);
#3055=ADVANCED_FACE('',(#2812),#61,.T.);
#3056=CLOSED_SHELL('',(#2899,#2900,#2901,#2902,#2903,#2904,#2905,#2906,
#2907,#2908,#2909,#2910,#2911,#2912,#2913,#2914,#2915,#2916,#2917,#2918,
#2919,#2920,#2921,#2922,#2923,#2924,#2925,#2926,#2927,#2928,#2929,#2930,
#2931,#2932,#2933,#2934,#2935,#2936,#2937,#2938,#2939,#2940,#2941,#2942,
#2943,#2944,#2945,#2946,#2947,#2948,#2949,#2950,#2951,#2952,#2953,#2954,
#2955,#2956,#2957,#2958,#2959,#2960,#2961,#2962,#2963,#2964,#2965,#2966,
#2967,#2968,#2969,#2970,#2971,#2972,#2973,#2974,#2975,#2976,#2977,#2978,
#2979,#2980,#2981,#2982,#2983,#2984,#2985,#2986,#2987,#2988,#2989,#2990,
#2991,#2992,#2993,#2994,#2995,#2996,#2997,#2998,#2999,#3000,#3001,#3002,
#3003,#3004,#3005,#3006,#3007,#3008,#3009,#3010,#3011,#3012,#3013,#3014,
#3015,#3016,#3017,#3018,#3019,#3020,#3021,#3022,#3023,#3024,#3025,#3026,
#3027,#3028,#3029,#3030,#3031,#3032,#3033,#3034,#3035,#3036,#3037,#3038,
#3039,#3040,#3041,#3042,#3043,#3044,#3045,#3046,#3047,#3048,#3049,#3050,
#3051,#3052,#3053,#3054,#3055));
#3057=STYLED_ITEM('',(#3058),#3065);
#3058=PRESENTATION_STYLE_ASSIGNMENT((#3059));
#3059=SURFACE_STYLE_USAGE(.BOTH.,#3060);
#3060=SURFACE_SIDE_STYLE('',(#3061));
#3061=SURFACE_STYLE_FILL_AREA(#3062);
#3062=FILL_AREA_STYLE('',(#3063));
#3063=FILL_AREA_STYLE_COLOUR('',#3064);
#3064=COLOUR_RGB('',0.647058823529412,0.647058823529412,0.647058823529412);
#3065=MANIFOLD_SOLID_BREP('stage_3',#3056);
#3066=SHAPE_DEFINITION_REPRESENTATION(#5294,#3067);
#3067=SHAPE_REPRESENTATION('stage_3',(#3068),#5289);
#3068=AXIS2_PLACEMENT_3D('',#4165,#3339,#3340);
#3069=AXIS2_PLACEMENT_3D('',#4166,#3341,#3342);
#3070=AXIS2_PLACEMENT_3D('',#4188,#3353,#3354);
#3071=AXIS2_PLACEMENT_3D('',#4192,#3356,#3357);
#3072=AXIS2_PLACEMENT_3D('',#4196,#3359,#3360);
#3073=AXIS2_PLACEMENT_3D('',#4200,#3362,#3363);
#3074=AXIS2_PLACEMENT_3D('',#4204,#3365,#3366);
#3075=AXIS2_PLACEMENT_3D('',#4208,#3368,#3369);
#3076=AXIS2_PLACEMENT_3D('',#4212,#3371,#3372);
#3077=AXIS2_PLACEMENT_3D('',#4216,#3374,#3375);
#3078=AXIS2_PLACEMENT_3D('',#4220,#3377,#3378);
#3079=AXIS2_PLACEMENT_3D('',#4224,#3380,#3381);
#3080=AXIS2_PLACEMENT_3D('',#4228,#3383,#3384);
#3081=AXIS2_PLACEMENT_3D('',#4232,#3386,#3387);
#3082=AXIS2_PLACEMENT_3D('',#4236,#3389,#3390);
#3083=AXIS2_PLACEMENT_3D('',#4240,#3392,#3393);
#3084=AXIS2_PLACEMENT_3D('',#4244,#3395,#3396);
#3085=AXIS2_PLACEMENT_3D('',#4248,#3398,#3399);
#3086=AXIS2_PLACEMENT_3D('',#4252,#3401,#3402);
#3087=AXIS2_PLACEMENT_3D('',#4256,#3404,#3405);
#3088=AXIS2_PLACEMENT_3D('',#4260,#3407,#3408);
#3089=AXIS2_PLACEMENT_3D('',#4264,#3410,#3411);
#3090=AXIS2_PLACEMENT_3D('',#4265,#3412,#3413);
#3091=AXIS2_PLACEMENT_3D('',#4273,#3418,#3419);
#3092=AXIS2_PLACEMENT_3D('',#4281,#3424,#3425);
#3093=AXIS2_PLACEMENT_3D('',#4289,#3430,#3431);
#3094=AXIS2_PLACEMENT_3D('',#4297,#3436,#3437);
#3095=AXIS2_PLACEMENT_3D('',#4305,#3442,#3443);
#3096=AXIS2_PLACEMENT_3D('',#4313,#3448,#3449);
#3097=AXIS2_PLACEMENT_3D('',#4321,#3454,#3455);
#3098=AXIS2_PLACEMENT_3D('',#4329,#3460,#3461);
#3099=AXIS2_PLACEMENT_3D('',#4337,#3466,#3467);
#3100=AXIS2_PLACEMENT_3D('',#4345,#3472,#3473);
#3101=AXIS2_PLACEMENT_3D('',#4354,#3478,#3479);
#3102=AXIS2_PLACEMENT_3D('',#4360,#3483,#3484);
#3103=AXIS2_PLACEMENT_3D('',#4366,#3488,#3489);
#3104=AXIS2_PLACEMENT_3D('',#4369,#3492,#3493);
#3105=AXIS2_PLACEMENT_3D('',#4376,#3497,#3498);
#3106=AXIS2_PLACEMENT_3D('',#4377,#3499,#3500);
#3107=AXIS2_PLACEMENT_3D('',#4382,#3502,#3503);
#3108=AXIS2_PLACEMENT_3D('',#4386,#3505,#3506);
#3109=AXIS2_PLACEMENT_3D('',#4390,#3508,#3509);
#3110=AXIS2_PLACEMENT_3D('',#4394,#3511,#3512);
#3111=AXIS2_PLACEMENT_3D('',#4398,#3514,#3515);
#3112=AXIS2_PLACEMENT_3D('',#4402,#3517,#3518);
#3113=AXIS2_PLACEMENT_3D('',#4406,#3520,#3521);
#3114=AXIS2_PLACEMENT_3D('',#4410,#3523,#3524);
#3115=AXIS2_PLACEMENT_3D('',#4414,#3526,#3527);
#3116=AXIS2_PLACEMENT_3D('',#4418,#3529,#3530);
#3117=AXIS2_PLACEMENT_3D('',#4422,#3532,#3533);
#3118=AXIS2_PLACEMENT_3D('',#4426,#3535,#3536);
#3119=AXIS2_PLACEMENT_3D('',#4430,#3538,#3539);
#3120=AXIS2_PLACEMENT_3D('',#4434,#3541,#3542);
#3121=AXIS2_PLACEMENT_3D('',#4438,#3544,#3545);
#3122=AXIS2_PLACEMENT_3D('',#4442,#3547,#3548);
#3123=AXIS2_PLACEMENT_3D('',#4446,#3550,#3551);
#3124=AXIS2_PLACEMENT_3D('',#4450,#3553,#3554);
#3125=AXIS2_PLACEMENT_3D('',#4454,#3556,#3557);
#3126=AXIS2_PLACEMENT_3D('',#4483,#3570,#3571);
#3127=AXIS2_PLACEMENT_3D('',#4485,#3572,#3573);
#3128=AXIS2_PLACEMENT_3D('',#4487,#3574,#3575);
#3129=AXIS2_PLACEMENT_3D('',#4501,#3576,#3577);
#3130=AXIS2_PLACEMENT_3D('',#4503,#3578,#3579);
#3131=AXIS2_PLACEMENT_3D('',#4505,#3580,#3581);
#3132=AXIS2_PLACEMENT_3D('',#4507,#3582,#3583);
#3133=AXIS2_PLACEMENT_3D('',#4519,#3585,#3586);
#3134=AXIS2_PLACEMENT_3D('',#4521,#3587,#3588);
#3135=AXIS2_PLACEMENT_3D('',#4553,#3592,#3593);
#3136=AXIS2_PLACEMENT_3D('',#4555,#3594,#3595);
#3137=AXIS2_PLACEMENT_3D('',#4565,#3596,#3597);
#3138=AXIS2_PLACEMENT_3D('',#4567,#3598,#3599);
#3139=AXIS2_PLACEMENT_3D('',#4581,#3600,#3601);
#3140=AXIS2_PLACEMENT_3D('',#4585,#3603,#3604);
#3141=AXIS2_PLACEMENT_3D('',#4591,#3605,#3606);
#3142=AXIS2_PLACEMENT_3D('',#4593,#3607,#3608);
#3143=AXIS2_PLACEMENT_3D('',#4595,#3609,#3610);
#3144=AXIS2_PLACEMENT_3D('',#4601,#3611,#3612);
#3145=AXIS2_PLACEMENT_3D('',#4603,#3613,#3614);
#3146=AXIS2_PLACEMENT_3D('',#4605,#3615,#3616);
#3147=AXIS2_PLACEMENT_3D('',#4606,#3617,#3618);
#3148=AXIS2_PLACEMENT_3D('',#4609,#3620,#3621);
#3149=AXIS2_PLACEMENT_3D('',#4614,#3624,#3625);
#3150=AXIS2_PLACEMENT_3D('',#4619,#3628,#3629);
#3151=AXIS2_PLACEMENT_3D('',#4624,#3632,#3633);
#3152=AXIS2_PLACEMENT_3D('',#4629,#3636,#3637);
#3153=AXIS2_PLACEMENT_3D('',#4634,#3640,#3641);
#3154=AXIS2_PLACEMENT_3D('',#4639,#3644,#3645);
#3155=AXIS2_PLACEMENT_3D('',#4644,#3648,#3649);
#3156=AXIS2_PLACEMENT_3D('',#4649,#3652,#3653);
#3157=AXIS2_PLACEMENT_3D('',#4654,#3656,#3657);
#3158=AXIS2_PLACEMENT_3D('',#4659,#3660,#3661);
#3159=AXIS2_PLACEMENT_3D('',#4662,#3663,#3664);
#3160=AXIS2_PLACEMENT_3D('',#4665,#3666,#3667);
#3161=AXIS2_PLACEMENT_3D('',#4668,#3669,#3670);
#3162=AXIS2_PLACEMENT_3D('',#4671,#3672,#3673);
#3163=AXIS2_PLACEMENT_3D('',#4674,#3675,#3676);
#3164=AXIS2_PLACEMENT_3D('',#4677,#3678,#3679);
#3165=AXIS2_PLACEMENT_3D('',#4680,#3681,#3682);
#3166=AXIS2_PLACEMENT_3D('',#4683,#3684,#3685);
#3167=AXIS2_PLACEMENT_3D('',#4686,#3687,#3688);
#3168=AXIS2_PLACEMENT_3D('',#4687,#3689,#3690);
#3169=AXIS2_PLACEMENT_3D('',#4693,#3695,#3696);
#3170=AXIS2_PLACEMENT_3D('',#4695,#3698,#3699);
#3171=AXIS2_PLACEMENT_3D('',#4697,#3701,#3702);
#3172=AXIS2_PLACEMENT_3D('',#4700,#3704,#3705);
#3173=AXIS2_PLACEMENT_3D('',#4716,#3708,#3709);
#3174=AXIS2_PLACEMENT_3D('',#4719,#3711,#3712);
#3175=AXIS2_PLACEMENT_3D('',#4720,#3713,#3714);
#3176=AXIS2_PLACEMENT_3D('',#4723,#3716,#3717);
#3177=AXIS2_PLACEMENT_3D('',#4724,#3718,#3719);
#3178=AXIS2_PLACEMENT_3D('',#4727,#3721,#3722);
#3179=AXIS2_PLACEMENT_3D('',#4741,#3724,#3725);
#3180=AXIS2_PLACEMENT_3D('',#4744,#3727,#3728);
#3181=AXIS2_PLACEMENT_3D('',#4745,#3729,#3730);
#3182=AXIS2_PLACEMENT_3D('',#4748,#3732,#3733);
#3183=AXIS2_PLACEMENT_3D('',#4749,#3734,#3735);
#3184=AXIS2_PLACEMENT_3D('',#4752,#3737,#3738);
#3185=AXIS2_PLACEMENT_3D('',#4766,#3740,#3741);
#3186=AXIS2_PLACEMENT_3D('',#4769,#3743,#3744);
#3187=AXIS2_PLACEMENT_3D('',#4770,#3745,#3746);
#3188=AXIS2_PLACEMENT_3D('',#4774,#3749,#3750);
#3189=AXIS2_PLACEMENT_3D('',#4777,#3752,#3753);
#3190=AXIS2_PLACEMENT_3D('',#4817,#3757,#3758);
#3191=AXIS2_PLACEMENT_3D('',#4820,#3760,#3761);
#3192=AXIS2_PLACEMENT_3D('',#4821,#3762,#3763);
#3193=AXIS2_PLACEMENT_3D('',#4824,#3765,#3766);
#3194=AXIS2_PLACEMENT_3D('',#4851,#3769,#3770);
#3195=AXIS2_PLACEMENT_3D('',#4854,#3772,#3773);
#3196=AXIS2_PLACEMENT_3D('',#4855,#3774,#3775);
#3197=AXIS2_PLACEMENT_3D('',#4858,#3777,#3778);
#3198=AXIS2_PLACEMENT_3D('',#4859,#3779,#3780);
#3199=AXIS2_PLACEMENT_3D('',#4863,#3783,#3784);
#3200=AXIS2_PLACEMENT_3D('',#4867,#3787,#3788);
#3201=AXIS2_PLACEMENT_3D('',#4949,#3797,#3798);
#3202=AXIS2_PLACEMENT_3D('',#4952,#3800,#3801);
#3203=AXIS2_PLACEMENT_3D('',#4953,#3802,#3803);
#3204=AXIS2_PLACEMENT_3D('',#4956,#3805,#3806);
#3205=AXIS2_PLACEMENT_3D('',#4957,#3807,#3808);
#3206=AXIS2_PLACEMENT_3D('',#4987,#3813,#3814);
#3207=AXIS2_PLACEMENT_3D('',#4990,#3816,#3817);
#3208=AXIS2_PLACEMENT_3D('',#4991,#3818,#3819);
#3209=AXIS2_PLACEMENT_3D('',#4994,#3821,#3822);
#3210=AXIS2_PLACEMENT_3D('',#4995,#3823,#3824);
#3211=AXIS2_PLACEMENT_3D('',#4998,#3826,#3827);
#3212=AXIS2_PLACEMENT_3D('',#4999,#3828,#3829);
#3213=AXIS2_PLACEMENT_3D('',#5002,#3831,#3832);
#3214=AXIS2_PLACEMENT_3D('',#5042,#3836,#3837);
#3215=AXIS2_PLACEMENT_3D('',#5045,#3839,#3840);
#3216=AXIS2_PLACEMENT_3D('',#5046,#3841,#3842);
#3217=AXIS2_PLACEMENT_3D('',#5047,#3843,#3844);
#3218=AXIS2_PLACEMENT_3D('',#5048,#3845,#3846);
#3219=AXIS2_PLACEMENT_3D('',#5049,#3847,#3848);
#3220=AXIS2_PLACEMENT_3D('',#5051,#3850,#3851);
#3221=AXIS2_PLACEMENT_3D('',#5052,#3852,#3853);
#3222=AXIS2_PLACEMENT_3D('',#5056,#3856,#3857);
#3223=AXIS2_PLACEMENT_3D('',#5058,#3859,#3860);
#3224=AXIS2_PLACEMENT_3D('',#5059,#3861,#3862);
#3225=AXIS2_PLACEMENT_3D('',#5062,#3865,#3866);
#3226=AXIS2_PLACEMENT_3D('',#5064,#3868,#3869);
#3227=AXIS2_PLACEMENT_3D('',#5066,#3871,#3872);
#3228=AXIS2_PLACEMENT_3D('',#5067,#3873,#3874);
#3229=AXIS2_PLACEMENT_3D('',#5068,#3875,#3876);
#3230=AXIS2_PLACEMENT_3D('',#5074,#3880,#3881);
#3231=AXIS2_PLACEMENT_3D('',#5075,#3882,#3883);
#3232=AXIS2_PLACEMENT_3D('',#5076,#3884,#3885);
#3233=AXIS2_PLACEMENT_3D('',#5077,#3886,#3887);
#3234=AXIS2_PLACEMENT_3D('',#5078,#3888,#3889);
#3235=AXIS2_PLACEMENT_3D('',#5082,#3892,#3893);
#3236=AXIS2_PLACEMENT_3D('',#5086,#3896,#3897);
#3237=AXIS2_PLACEMENT_3D('',#5087,#3898,#3899);
#3238=AXIS2_PLACEMENT_3D('',#5088,#3900,#3901);
#3239=AXIS2_PLACEMENT_3D('',#5089,#3902,#3903);
#3240=AXIS2_PLACEMENT_3D('',#5093,#3906,#3907);
#3241=AXIS2_PLACEMENT_3D('',#5097,#3910,#3911);
#3242=AXIS2_PLACEMENT_3D('',#5098,#3912,#3913);
#3243=AXIS2_PLACEMENT_3D('',#5099,#3914,#3915);
#3244=AXIS2_PLACEMENT_3D('',#5100,#3916,#3917);
#3245=AXIS2_PLACEMENT_3D('',#5104,#3920,#3921);
#3246=AXIS2_PLACEMENT_3D('',#5108,#3924,#3925);
#3247=AXIS2_PLACEMENT_3D('',#5109,#3926,#3927);
#3248=AXIS2_PLACEMENT_3D('',#5110,#3928,#3929);
#3249=AXIS2_PLACEMENT_3D('',#5111,#3930,#3931);
#3250=AXIS2_PLACEMENT_3D('',#5115,#3934,#3935);
#3251=AXIS2_PLACEMENT_3D('',#5119,#3938,#3939);
#3252=AXIS2_PLACEMENT_3D('',#5120,#3940,#3941);
#3253=AXIS2_PLACEMENT_3D('',#5121,#3942,#3943);
#3254=AXIS2_PLACEMENT_3D('',#5122,#3944,#3945);
#3255=AXIS2_PLACEMENT_3D('',#5128,#3949,#3950);
#3256=AXIS2_PLACEMENT_3D('',#5129,#3951,#3952);
#3257=AXIS2_PLACEMENT_3D('',#5130,#3953,#3954);
#3258=AXIS2_PLACEMENT_3D('',#5131,#3955,#3956);
#3259=AXIS2_PLACEMENT_3D('',#5132,#3957,#3958);
#3260=AXIS2_PLACEMENT_3D('',#5136,#3961,#3962);
#3261=AXIS2_PLACEMENT_3D('',#5140,#3965,#3966);
#3262=AXIS2_PLACEMENT_3D('',#5141,#3967,#3968);
#3263=AXIS2_PLACEMENT_3D('',#5142,#3969,#3970);
#3264=AXIS2_PLACEMENT_3D('',#5143,#3971,#3972);
#3265=AXIS2_PLACEMENT_3D('',#5147,#3975,#3976);
#3266=AXIS2_PLACEMENT_3D('',#5151,#3979,#3980);
#3267=AXIS2_PLACEMENT_3D('',#5152,#3981,#3982);
#3268=AXIS2_PLACEMENT_3D('',#5153,#3983,#3984);
#3269=AXIS2_PLACEMENT_3D('',#5154,#3985,#3986);
#3270=AXIS2_PLACEMENT_3D('',#5158,#3989,#3990);
#3271=AXIS2_PLACEMENT_3D('',#5162,#3993,#3994);
#3272=AXIS2_PLACEMENT_3D('',#5163,#3995,#3996);
#3273=AXIS2_PLACEMENT_3D('',#5164,#3997,#3998);
#3274=AXIS2_PLACEMENT_3D('',#5165,#3999,#4000);
#3275=AXIS2_PLACEMENT_3D('',#5169,#4003,#4004);
#3276=AXIS2_PLACEMENT_3D('',#5173,#4007,#4008);
#3277=AXIS2_PLACEMENT_3D('',#5174,#4009,#4010);
#3278=AXIS2_PLACEMENT_3D('',#5175,#4011,#4012);
#3279=AXIS2_PLACEMENT_3D('',#5176,#4013,#4014);
#3280=AXIS2_PLACEMENT_3D('',#5180,#4017,#4018);
#3281=AXIS2_PLACEMENT_3D('',#5184,#4021,#4022);
#3282=AXIS2_PLACEMENT_3D('',#5185,#4023,#4024);
#3283=AXIS2_PLACEMENT_3D('',#5186,#4025,#4026);
#3284=AXIS2_PLACEMENT_3D('',#5187,#4027,#4028);
#3285=AXIS2_PLACEMENT_3D('',#5191,#4031,#4032);
#3286=AXIS2_PLACEMENT_3D('',#5195,#4035,#4036);
#3287=AXIS2_PLACEMENT_3D('',#5196,#4037,#4038);
#3288=AXIS2_PLACEMENT_3D('',#5197,#4039,#4040);
#3289=AXIS2_PLACEMENT_3D('',#5198,#4041,#4042);
#3290=AXIS2_PLACEMENT_3D('',#5204,#4046,#4047);
#3291=AXIS2_PLACEMENT_3D('',#5205,#4048,#4049);
#3292=AXIS2_PLACEMENT_3D('',#5206,#4050,#4051);
#3293=AXIS2_PLACEMENT_3D('',#5207,#4052,#4053);
#3294=AXIS2_PLACEMENT_3D('',#5208,#4054,#4055);
#3295=AXIS2_PLACEMENT_3D('',#5214,#4059,#4060);
#3296=AXIS2_PLACEMENT_3D('',#5215,#4061,#4062);
#3297=AXIS2_PLACEMENT_3D('',#5216,#4063,#4064);
#3298=AXIS2_PLACEMENT_3D('',#5217,#4065,#4066);
#3299=AXIS2_PLACEMENT_3D('',#5218,#4067,#4068);
#3300=AXIS2_PLACEMENT_3D('',#5224,#4072,#4073);
#3301=AXIS2_PLACEMENT_3D('',#5225,#4074,#4075);
#3302=AXIS2_PLACEMENT_3D('',#5226,#4076,#4077);
#3303=AXIS2_PLACEMENT_3D('',#5227,#4078,#4079);
#3304=AXIS2_PLACEMENT_3D('',#5228,#4080,#4081);
#3305=AXIS2_PLACEMENT_3D('',#5234,#4085,#4086);
#3306=AXIS2_PLACEMENT_3D('',#5235,#4087,#4088);
#3307=AXIS2_PLACEMENT_3D('',#5236,#4089,#4090);
#3308=AXIS2_PLACEMENT_3D('',#5237,#4091,#4092);
#3309=AXIS2_PLACEMENT_3D('',#5238,#4093,#4094);
#3310=AXIS2_PLACEMENT_3D('',#5244,#4098,#4099);
#3311=AXIS2_PLACEMENT_3D('',#5245,#4100,#4101);
#3312=AXIS2_PLACEMENT_3D('',#5246,#4102,#4103);
#3313=AXIS2_PLACEMENT_3D('',#5247,#4104,#4105);
#3314=AXIS2_PLACEMENT_3D('',#5248,#4106,#4107);
#3315=AXIS2_PLACEMENT_3D('',#5254,#4111,#4112);
#3316=AXIS2_PLACEMENT_3D('',#5255,#4113,#4114);
#3317=AXIS2_PLACEMENT_3D('',#5256,#4115,#4116);
#3318=AXIS2_PLACEMENT_3D('',#5257,#4117,#4118);
#3319=AXIS2_PLACEMENT_3D('',#5258,#4119,#4120);
#3320=AXIS2_PLACEMENT_3D('',#5264,#4124,#4125);
#3321=AXIS2_PLACEMENT_3D('',#5265,#4126,#4127);
#3322=AXIS2_PLACEMENT_3D('',#5266,#4128,#4129);
#3323=AXIS2_PLACEMENT_3D('',#5267,#4130,#4131);
#3324=AXIS2_PLACEMENT_3D('',#5268,#4132,#4133);
#3325=AXIS2_PLACEMENT_3D('',#5274,#4137,#4138);
#3326=AXIS2_PLACEMENT_3D('',#5275,#4139,#4140);
#3327=AXIS2_PLACEMENT_3D('',#5276,#4141,#4142);
#3328=AXIS2_PLACEMENT_3D('',#5277,#4143,#4144);
#3329=AXIS2_PLACEMENT_3D('',#5278,#4145,#4146);
#3330=AXIS2_PLACEMENT_3D('',#5279,#4147,#4148);
#3331=AXIS2_PLACEMENT_3D('',#5280,#4149,#4150);
#3332=AXIS2_PLACEMENT_3D('',#5281,#4151,#4152);
#3333=AXIS2_PLACEMENT_3D('',#5282,#4153,#4154);
#3334=AXIS2_PLACEMENT_3D('',#5283,#4155,#4156);
#3335=AXIS2_PLACEMENT_3D('',#5284,#4157,#4158);
#3336=AXIS2_PLACEMENT_3D('',#5285,#4159,#4160);
#3337=AXIS2_PLACEMENT_3D('',#5286,#4161,#4162);
#3338=AXIS2_PLACEMENT_3D('',#5287,#4163,#4164);
#3339=DIRECTION('',(0.,0.,1.));
#3340=DIRECTION('',(1.,0.,0.));
#3341=DIRECTION('',(0.,0.,1.));
#3342=DIRECTION('',(1.,0.,0.));
#3343=DIRECTION('',(1.6680033422854E-16,1.,0.));
#3344=DIRECTION('',(-1.,0.,0.));
#3345=DIRECTION('',(1.6680033422854E-16,1.,0.));
#3346=DIRECTION('',(-1.,0.,0.));
#3347=DIRECTION('',(0.999992013728564,-0.00399655840596628,0.));
#3348=DIRECTION('',(0.702855098907977,-0.711333051347298,0.));
#3349=DIRECTION('',(-0.999992013728564,0.0039965584059662,0.));
#3350=DIRECTION('',(0.00399655840596647,0.999992013728564,0.));
#3351=DIRECTION('',(-0.70569236980218,0.708518368994752,0.));
#3352=DIRECTION('',(0.953230798451805,0.30224335374485,0.));
#3353=DIRECTION('',(0.,0.,-1.));
#3354=DIRECTION('',(-1.,0.,0.));
#3355=DIRECTION('',(0.953230798451805,-0.30224335374485,0.));
#3356=DIRECTION('',(0.,0.,1.));
#3357=DIRECTION('',(1.,0.,0.));
#3358=DIRECTION('',(0.948834101246064,-0.31577499633849,0.));
#3359=DIRECTION('',(0.,0.,-1.));
#3360=DIRECTION('',(-1.,0.,0.));
#3361=DIRECTION('',(0.593525729630454,-0.804815014936127,0.));
#3362=DIRECTION('',(0.,0.,1.));
#3363=DIRECTION('',(1.,0.,0.));
#3364=DIRECTION('',(0.582015026916635,-0.813178029980661,0.));
#3365=DIRECTION('',(0.,0.,-1.));
#3366=DIRECTION('',(-1.,0.,0.));
#3367=DIRECTION('',(0.00711400533638266,-0.999974695143869,0.));
#3368=DIRECTION('',(0.,0.,1.));
#3369=DIRECTION('',(1.,0.,0.));
#3370=DIRECTION('',(-0.00711400568417089,-0.999974695141395,0.));
#3371=DIRECTION('',(0.,0.,-1.));
#3372=DIRECTION('',(-1.,0.,0.));
#3373=DIRECTION('',(-0.582015027199456,-0.813178029778238,0.));
#3374=DIRECTION('',(0.,0.,1.));
#3375=DIRECTION('',(1.,0.,0.));
#3376=DIRECTION('',(-0.593525729910365,-0.804815014729701,0.));
#3377=DIRECTION('',(0.,0.,-1.));
#3378=DIRECTION('',(-1.,0.,0.));
#3379=DIRECTION('',(-0.94883410135589,-0.315774996008488,0.));
#3380=DIRECTION('',(0.,0.,1.));
#3381=DIRECTION('',(1.,0.,0.));
#3382=DIRECTION('',(-0.953230798556924,-0.302243353413319,0.));
#3383=DIRECTION('',(0.,0.,-1.));
#3384=DIRECTION('',(-1.,0.,0.));
#3385=DIRECTION('',(-0.953230798556924,0.302243353413319,0.));
#3386=DIRECTION('',(0.,0.,1.));
#3387=DIRECTION('',(1.,0.,0.));
#3388=DIRECTION('',(-0.94883410135589,0.315774996008488,0.));
#3389=DIRECTION('',(0.,0.,-1.));
#3390=DIRECTION('',(-1.,0.,0.));
#3391=DIRECTION('',(-0.593525729910366,0.8048150147297,0.));
#3392=DIRECTION('',(0.,0.,1.));
#3393=DIRECTION('',(1.,0.,0.));
#3394=DIRECTION('',(-0.582015027199456,0.813178029778238,0.));
#3395=DIRECTION('',(0.,0.,-1.));
#3396=DIRECTION('',(-1.,0.,0.));
#3397=DIRECTION('',(-0.00711400568417089,0.999974695141395,0.));
#3398=DIRECTION('',(0.,0.,1.));
#3399=DIRECTION('',(1.,0.,0.));
#3400=DIRECTION('',(0.00711400533638244,0.999974695143869,0.));
#3401=DIRECTION('',(0.,0.,-1.));
#3402=DIRECTION('',(-1.,0.,0.));
#3403=DIRECTION('',(0.582015026916635,0.813178029980661,0.));
#3404=DIRECTION('',(0.,0.,1.));
#3405=DIRECTION('',(1.,0.,0.));
#3406=DIRECTION('',(0.593525729630453,0.804815014936127,0.));
#3407=DIRECTION('',(0.,0.,-1.));
#3408=DIRECTION('',(-1.,0.,0.));
#3409=DIRECTION('',(0.948834101246064,0.31577499633849,0.));
#3410=DIRECTION('',(0.,0.,1.));
#3411=DIRECTION('',(1.,0.,0.));
#3412=DIRECTION('',(-0.30224335374485,0.953230798451805,0.));
#3413=DIRECTION('',(0.,0.,1.));
#3414=DIRECTION('',(0.0498882453572001,0.0158181949363111,-0.998629534754574));
#3415=DIRECTION('',(0.,0.,-1.));
#3416=DIRECTION('',(0.0498882453572001,0.0158181949363111,-0.998629534754574));
#3417=DIRECTION('',(0.953230798451805,0.30224335374485,0.));
#3418=DIRECTION('',(-0.999974695143869,0.00711400533638313,0.));
#3419=DIRECTION('',(0.,0.,1.));
#3420=DIRECTION('',(0.000372318271997016,0.0523346318891006,-0.998629534754574));
#3421=DIRECTION('',(0.,0.,-1.));
#3422=DIRECTION('',(0.000372318271997016,0.0523346318891006,-0.998629534754574));
#3423=DIRECTION('',(0.00711400533638244,0.999974695143869,0.));
#3424=DIRECTION('',(-0.804815014936127,0.593525729630453,0.));
#3425=DIRECTION('',(0.,0.,1.));
#3426=DIRECTION('',(0.0310627366150007,0.0421207634053613,-0.998629534754574));
#3427=DIRECTION('',(0.,0.,-1.));
#3428=DIRECTION('',(0.0310627366150007,0.0421207634053613,-0.998629534754574));
#3429=DIRECTION('',(0.593525729630453,0.804815014936127,0.));
#3430=DIRECTION('',(0.302243353413319,-0.953230798556924,0.));
#3431=DIRECTION('',(0.,0.,1.));
#3432=DIRECTION('',(-0.0498882453627016,-0.0158181949189601,-0.998629534754574));
#3433=DIRECTION('',(0.,0.,-1.));
#3434=DIRECTION('',(-0.0498882453627016,-0.0158181949189601,-0.998629534754574));
#3435=DIRECTION('',(-0.953230798556924,-0.302243353413319,0.));
#3436=DIRECTION('',(0.804815014729701,-0.593525729910365,0.));
#3437=DIRECTION('',(0.,0.,1.));
#3438=DIRECTION('',(-0.0310627366296502,-0.0421207633945578,-0.998629534754574));
#3439=DIRECTION('',(0.,0.,-1.));
#3440=DIRECTION('',(-0.0310627366296502,-0.0421207633945578,-0.998629534754574));
#3441=DIRECTION('',(-0.593525729910365,-0.804815014729701,0.));
#3442=DIRECTION('',(0.999974695141395,-0.00711400568417089,0.));
#3443=DIRECTION('',(0.,0.,1.));
#3444=DIRECTION('',(-0.000372318290198821,-0.0523346318889712,-0.998629534754574));
#3445=DIRECTION('',(0.,0.,-1.));
#3446=DIRECTION('',(-0.000372318290198821,-0.0523346318889712,-0.998629534754574));
#3447=DIRECTION('',(-0.00711400568417089,-0.999974695141395,0.));
#3448=DIRECTION('',(0.813178029980661,0.582015026916635,0.));
#3449=DIRECTION('',(0.,0.,1.));
#3450=DIRECTION('',(0.0304603129814448,-0.0425584497947911,-0.998629534754574));
#3451=DIRECTION('',(0.,0.,-1.));
#3452=DIRECTION('',(0.0304603129814448,-0.0425584497947911,-0.998629534754574));
#3453=DIRECTION('',(0.582015026916635,-0.813178029980661,0.));
#3454=DIRECTION('',(0.31577499633849,0.948834101246064,0.));
#3455=DIRECTION('',(0.,0.,1.));
#3456=DIRECTION('',(0.049658140004627,-0.016526386390987,-0.998629534754574));
#3457=DIRECTION('',(0.,0.,-1.));
#3458=DIRECTION('',(0.049658140004627,-0.016526386390987,-0.998629534754574));
#3459=DIRECTION('',(0.948834101246064,-0.31577499633849,0.));
#3460=DIRECTION('',(-0.813178029778237,-0.582015027199456,0.));
#3461=DIRECTION('',(0.,0.,1.));
#3462=DIRECTION('',(-0.0304603129962465,0.0425584497841971,-0.998629534754574));
#3463=DIRECTION('',(0.,0.,-1.));
#3464=DIRECTION('',(-0.0304603129962465,0.0425584497841971,-0.998629534754574));
#3465=DIRECTION('',(-0.582015027199456,0.813178029778238,0.));
#3466=DIRECTION('',(-0.315774996008488,-0.94883410135589,0.));
#3467=DIRECTION('',(0.,0.,1.));
#3468=DIRECTION('',(-0.0496581400103748,0.016526386373716,-0.998629534754574));
#3469=DIRECTION('',(0.,0.,-1.));
#3470=DIRECTION('',(-0.0496581400103748,0.016526386373716,-0.998629534754574));
#3471=DIRECTION('',(-0.94883410135589,0.315774996008488,0.));
#3472=DIRECTION('',(0.711333051347298,0.702855098907977,0.));
#3473=DIRECTION('',(-0.702855098907977,0.711333051347298,0.));
#3474=DIRECTION('',(0.702855098907977,-0.711333051347298,0.));
#3475=DIRECTION('',(0.,0.,-1.));
#3476=DIRECTION('',(0.702855098907977,-0.711333051347298,0.));
#3477=DIRECTION('',(0.,0.,-1.));
#3478=DIRECTION('',(-0.702855098907977,0.711333051347298,0.));
#3479=DIRECTION('',(-0.711333051347298,-0.702855098907977,0.));
#3480=DIRECTION('',(0.711333051347298,0.702855098907977,0.));
#3481=DIRECTION('',(0.711333051347298,0.702855098907977,0.));
#3482=DIRECTION('',(0.,0.,-1.));
#3483=DIRECTION('',(-0.711333051347298,-0.702855098907977,0.));
#3484=DIRECTION('',(0.702855098907977,-0.711333051347298,0.));
#3485=DIRECTION('',(-0.702855098907977,0.711333051347298,0.));
#3486=DIRECTION('',(-0.702855098907977,0.711333051347298,0.));
#3487=DIRECTION('',(0.,0.,-1.));
#3488=DIRECTION('',(0.702855098907977,-0.711333051347298,0.));
#3489=DIRECTION('',(0.711333051347298,0.702855098907977,0.));
#3490=DIRECTION('',(-0.711333051347298,-0.702855098907977,0.));
#3491=DIRECTION('',(-0.711333051347298,-0.702855098907977,0.));
#3492=DIRECTION('',(-0.702855098907977,0.711333051347298,0.));
#3493=DIRECTION('',(-0.711333051347298,-0.702855098907977,0.));
#3494=DIRECTION('',(-0.66459405794525,-0.656673159564325,-0.35650399668401));
#3495=DIRECTION('',(0.,0.,1.));
#3496=DIRECTION('',(0.711333051347298,0.702855098907977,0.));
#3497=DIRECTION('',(0.,0.,1.));
#3498=DIRECTION('',(1.,0.,0.));
#3499=DIRECTION('',(0.,0.,1.));
#3500=DIRECTION('',(1.,0.,0.));
#3501=DIRECTION('',(0.309016994176483,-0.951056516359639,0.));
#3502=DIRECTION('',(0.,0.,-1.));
#3503=DIRECTION('',(-1.,0.,0.));
#3504=DIRECTION('',(0.800572303583266,-0.599236169415185,0.));
#3505=DIRECTION('',(0.,0.,1.));
#3506=DIRECTION('',(1.,0.,0.));
#3507=DIRECTION('',(0.809016994211404,-0.587785252517572,0.));
#3508=DIRECTION('',(0.,0.,-1.));
#3509=DIRECTION('',(-1.,0.,0.));
#3510=DIRECTION('',(0.999898781846251,-0.0142276513305254,0.));
#3511=DIRECTION('',(0.,0.,1.));
#3512=DIRECTION('',(1.,0.,0.));
#3513=DIRECTION('',(1.,3.47797024853744E-10,0.));
#3514=DIRECTION('',(0.,0.,-1.));
#3515=DIRECTION('',(-1.,0.,0.));
#3516=DIRECTION('',(0.817297910434537,0.576215346549655,0.));
#3517=DIRECTION('',(0.,0.,1.));
#3518=DIRECTION('',(1.,0.,0.));
#3519=DIRECTION('',(0.809016994211403,0.587785252517572,0.));
#3520=DIRECTION('',(0.,0.,-1.));
#3521=DIRECTION('',(-1.,0.,0.));
#3522=DIRECTION('',(0.322517016228032,0.946563666238762,0.));
#3523=DIRECTION('',(0.,0.,1.));
#3524=DIRECTION('',(1.,0.,0.));
#3525=DIRECTION('',(0.309016994176482,0.951056516359639,0.));
#3526=DIRECTION('',(0.,0.,-1.));
#3527=DIRECTION('',(-1.,0.,0.));
#3528=DIRECTION('',(-0.295454416201006,0.955356838017776,0.));
#3529=DIRECTION('',(0.,0.,1.));
#3530=DIRECTION('',(1.,0.,0.));
#3531=DIRECTION('',(-0.309016994507258,0.951056516252163,0.));
#3532=DIRECTION('',(0.,0.,-1.));
#3533=DIRECTION('',(-1.,0.,0.));
#3534=DIRECTION('',(-0.800572303791678,0.599236169136748,0.));
#3535=DIRECTION('',(0.,0.,1.));
#3536=DIRECTION('',(1.,0.,0.));
#3537=DIRECTION('',(-0.809016994415834,0.587785252236198,0.));
#3538=DIRECTION('',(0.,0.,-1.));
#3539=DIRECTION('',(-1.,0.,0.));
#3540=DIRECTION('',(-0.9998987818512,0.0142276509827638,0.));
#3541=DIRECTION('',(0.,0.,1.));
#3542=DIRECTION('',(1.,0.,0.));
#3543=DIRECTION('',(-1.,-4.9534728579118E-16,0.));
#3544=DIRECTION('',(0.,0.,-1.));
#3545=DIRECTION('',(-1.,0.,0.));
#3546=DIRECTION('',(-0.817297910634943,-0.576215346265402,0.));
#3547=DIRECTION('',(0.,0.,1.));
#3548=DIRECTION('',(1.,0.,0.));
#3549=DIRECTION('',(-0.809016994415833,-0.587785252236199,0.));
#3550=DIRECTION('',(0.,0.,-1.));
#3551=DIRECTION('',(-1.,0.,0.));
#3552=DIRECTION('',(-0.322517016557244,-0.946563666126592,0.));
#3553=DIRECTION('',(0.,0.,1.));
#3554=DIRECTION('',(1.,0.,0.));
#3555=DIRECTION('',(-0.309016994507257,-0.951056516252164,0.));
#3556=DIRECTION('',(0.,0.,-1.));
#3557=DIRECTION('',(-1.,0.,0.));
#3558=DIRECTION('',(0.295454415868736,-0.955356838120534,0.));
#3559=DIRECTION('',(1.,0.,0.));
#3560=DIRECTION('',(-1.6680033422854E-16,-1.,0.));
#3561=DIRECTION('',(1.,0.,0.));
#3562=DIRECTION('',(-1.6680033422854E-16,-1.,0.));
#3563=DIRECTION('',(-0.999992013728564,0.00399655840596628,0.));
#3564=DIRECTION('',(-0.70569236980218,0.708518368994752,0.));
#3565=DIRECTION('',(-0.00399655840596647,-0.999992013728564,0.));
#3566=DIRECTION('',(0.999992013728564,-0.0039965584059662,0.));
#3567=DIRECTION('',(-0.702855098907977,0.711333051347298,0.));
#3568=DIRECTION('',(0.00799305297672936,0.999968055041816,0.));
#3569=DIRECTION('',(-0.999968055041815,0.00799305297672936,0.));
#3570=DIRECTION('',(0.,0.,1.));
#3571=DIRECTION('',(1.,0.,0.));
#3572=DIRECTION('',(0.,0.,1.));
#3573=DIRECTION('',(1.,0.,0.));
#3574=DIRECTION('',(0.,0.,1.));
#3575=DIRECTION('',(1.,0.,0.));
#3576=DIRECTION('',(0.,0.,1.));
#3577=DIRECTION('',(1.,0.,0.));
#3578=DIRECTION('',(0.,0.,1.));
#3579=DIRECTION('',(1.,0.,0.));
#3580=DIRECTION('',(0.,0.,1.));
#3581=DIRECTION('',(1.,0.,0.));
#3582=DIRECTION('',(0.,0.,1.));
#3583=DIRECTION('',(1.,0.,0.));
#3584=DIRECTION('',(0.29857856581221,0.95438505857831,0.));
#3585=DIRECTION('',(0.,0.,1.));
#3586=DIRECTION('',(1.,0.,0.));
#3587=DIRECTION('',(0.,0.,1.));
#3588=DIRECTION('',(1.,0.,0.));
#3589=DIRECTION('',(-1.,0.,0.));
#3590=DIRECTION('',(-0.0118334909088164,0.999929981795181,0.));
#3591=DIRECTION('',(1.,0.,0.));
#3592=DIRECTION('',(0.,0.,1.));
#3593=DIRECTION('',(1.,0.,0.));
#3594=DIRECTION('',(0.,0.,1.));
#3595=DIRECTION('',(1.,0.,0.));
#3596=DIRECTION('',(0.,0.,1.));
#3597=DIRECTION('',(1.,0.,0.));
#3598=DIRECTION('',(0.,0.,1.));
#3599=DIRECTION('',(1.,0.,0.));
#3600=DIRECTION('',(0.,0.,1.));
#3601=DIRECTION('',(1.,0.,0.));
#3602=DIRECTION('',(-0.361087036944677,0.932532118347949,0.));
#3603=DIRECTION('',(0.,0.,1.));
#3604=DIRECTION('',(1.,0.,0.));
#3605=DIRECTION('',(0.,0.,1.));
#3606=DIRECTION('',(1.,0.,0.));
#3607=DIRECTION('',(0.,0.,1.));
#3608=DIRECTION('',(1.,0.,0.));
#3609=DIRECTION('',(0.,0.,1.));
#3610=DIRECTION('',(1.,0.,0.));
#3611=DIRECTION('',(0.,0.,1.));
#3612=DIRECTION('',(1.,0.,0.));
#3613=DIRECTION('',(0.,0.,1.));
#3614=DIRECTION('',(1.,0.,0.));
#3615=DIRECTION('',(0.,0.,1.));
#3616=DIRECTION('',(1.,0.,0.));
#3617=DIRECTION('',(0.,0.,-1.));
#3618=DIRECTION('',(1.,0.,0.));
#3619=DIRECTION('',(-0.0418987170496466,0.0313615979417024,0.998629534754574));
#3620=DIRECTION('',(0.,0.,-1.));
#3621=DIRECTION('',(-1.,0.,0.));
#3622=DIRECTION('',(-0.0161726998855464,0.0497744522247646,0.998629534754574));
#3623=DIRECTION('',(-0.0154628893806907,0.0499995136762734,0.998629534754574));
#3624=DIRECTION('',(0.,0.,-1.));
#3625=DIRECTION('',(-1.,0.,0.));
#3626=DIRECTION('',(0.0161726999028578,0.0497744522191398,0.998629534754574));
#3627=DIRECTION('',(0.0168792364661448,0.0495393146115618,0.998629534754574));
#3628=DIRECTION('',(0.,0.,-1.));
#3629=DIRECTION('',(-1.,0.,0.));
#3630=DIRECTION('',(0.042340678019545,0.0307623032412814,0.998629534754574));
#3631=DIRECTION('',(0.0427740676884398,0.0301567811486588,0.998629534754574));
#3632=DIRECTION('',(0.,0.,-1.));
#3633=DIRECTION('',(-1.,0.,0.));
#3634=DIRECTION('',(0.0523359562429438,2.59244738742282E-17,0.998629534754574));
#3635=DIRECTION('',(0.0523306588943372,-0.000744617719273828,0.998629534754574));
#3636=DIRECTION('',(0.,0.,-1.));
#3637=DIRECTION('',(-1.,0.,0.));
#3638=DIRECTION('',(0.042340678019545,-0.0307623032412814,0.998629534754574));
#3639=DIRECTION('',(0.041898717060554,-0.0313615979271302,0.998629534754574));
#3640=DIRECTION('',(0.,0.,-1.));
#3641=DIRECTION('',(-1.,0.,0.));
#3642=DIRECTION('',(0.0161726999028578,-0.0497744522191399,0.998629534754574));
#3643=DIRECTION('',(0.0154628893980804,-0.0499995136708955,0.998629534754574));
#3644=DIRECTION('',(0.,0.,-1.));
#3645=DIRECTION('',(-1.,0.,0.));
#3646=DIRECTION('',(-0.0161726998855464,-0.0497744522247647,0.998629534754574));
#3647=DIRECTION('',(-0.0168792364489151,-0.0495393146174324,0.998629534754574));
#3648=DIRECTION('',(0.,0.,-1.));
#3649=DIRECTION('',(-1.,0.,0.));
#3650=DIRECTION('',(-0.042340678008846,-0.0307623032560074,0.998629534754574));
#3651=DIRECTION('',(-0.0427740676779514,-0.0301567811635354,0.998629534754574));
#3652=DIRECTION('',(0.,0.,-1.));
#3653=DIRECTION('',(-1.,0.,0.));
#3654=DIRECTION('',(-0.0523359562429438,-1.82022770555593E-11,0.998629534754574));
#3655=DIRECTION('',(-0.0523306588940783,0.00074461773747424,0.998629534754574));
#3656=DIRECTION('',(0.,0.,-1.));
#3657=DIRECTION('',(-1.,0.,0.));
#3658=DIRECTION('',(-0.042340678008846,0.0307623032560073,0.998629534754574));
#3659=DIRECTION('',(-0.0310627366296502,0.0421207633945578,-0.998629534754574));
#3660=DIRECTION('',(0.,0.,1.));
#3661=DIRECTION('',(1.,0.,0.));
#3662=DIRECTION('',(-0.0498882453627016,0.0158181949189601,-0.998629534754574));
#3663=DIRECTION('',(0.,0.,1.));
#3664=DIRECTION('',(1.,0.,0.));
#3665=DIRECTION('',(-0.0496581400103748,-0.016526386373716,-0.998629534754574));
#3666=DIRECTION('',(0.,0.,1.));
#3667=DIRECTION('',(1.,0.,0.));
#3668=DIRECTION('',(-0.0304603129962465,-0.0425584497841971,-0.998629534754574));
#3669=DIRECTION('',(0.,0.,1.));
#3670=DIRECTION('',(1.,0.,0.));
#3671=DIRECTION('',(0.000372318271996992,-0.0523346318891006,-0.998629534754574));
#3672=DIRECTION('',(0.,0.,1.));
#3673=DIRECTION('',(1.,0.,0.));
#3674=DIRECTION('',(0.0310627366150008,-0.0421207634053613,-0.998629534754574));
#3675=DIRECTION('',(0.,0.,1.));
#3676=DIRECTION('',(1.,0.,0.));
#3677=DIRECTION('',(0.0498882453572001,-0.0158181949363111,-0.998629534754574));
#3678=DIRECTION('',(0.,0.,1.));
#3679=DIRECTION('',(1.,0.,0.));
#3680=DIRECTION('',(0.049658140004627,0.016526386390987,-0.998629534754574));
#3681=DIRECTION('',(0.,0.,1.));
#3682=DIRECTION('',(1.,0.,0.));
#3683=DIRECTION('',(0.0304603129814448,0.0425584497947911,-0.998629534754574));
#3684=DIRECTION('',(0.,0.,1.));
#3685=DIRECTION('',(1.,0.,0.));
#3686=DIRECTION('',(-0.000372318290198797,0.0523346318889712,-0.998629534754574));
#3687=DIRECTION('',(0.,0.,1.));
#3688=DIRECTION('',(1.,0.,0.));
#3689=DIRECTION('',(0.711333051347298,0.702855098907977,0.));
#3690=DIRECTION('',(-0.702855098907977,0.711333051347298,0.));
#3691=DIRECTION('',(0.,0.,-1.));
#3692=DIRECTION('',(0.,0.,-1.));
#3693=DIRECTION('',(0.,0.,1.));
#3694=DIRECTION('',(0.6563385245903,-0.66425538654978,0.35774924539156));
#3695=DIRECTION('',(0.00399655840596628,0.999992013728564,0.));
#3696=DIRECTION('',(-0.999992013728564,0.00399655840596628,0.));
#3697=DIRECTION('',(0.,0.,-1.));
#3698=DIRECTION('',(-0.0039965584059662,-0.999992013728564,0.));
#3699=DIRECTION('',(0.999992013728564,-0.0039965584059662,0.));
#3700=DIRECTION('',(0.,0.,1.));
#3701=DIRECTION('',(0.,0.,1.));
#3702=DIRECTION('',(0.297583911293404,0.954695666555222,0.));
#3703=DIRECTION('',(0.,0.,1.));
#3704=DIRECTION('',(0.,0.,1.));
#3705=DIRECTION('',(1.,0.,0.));
#3706=DIRECTION('',(0.,0.,1.));
#3707=DIRECTION('',(0.,0.,1.));
#3708=DIRECTION('',(0.,0.,1.));
#3709=DIRECTION('',(0.637597085919401,-0.770370012414222,0.));
#3710=DIRECTION('',(0.,0.,1.));
#3711=DIRECTION('',(0.,0.,1.));
#3712=DIRECTION('',(1.,0.,0.));
#3713=DIRECTION('',(0.,0.,1.));
#3714=DIRECTION('',(0.845465485061484,-0.53403006803901,0.));
#3715=DIRECTION('',(0.,0.,1.));
#3716=DIRECTION('',(0.,0.,1.));
#3717=DIRECTION('',(1.,0.,0.));
#3718=DIRECTION('',(0.,0.,1.));
#3719=DIRECTION('',(0.980660593994288,-0.195716119384096,0.));
#3720=DIRECTION('',(0.,0.,1.));
#3721=DIRECTION('',(0.,0.,1.));
#3722=DIRECTION('',(1.,0.,0.));
#3723=DIRECTION('',(0.,0.,1.));
#3724=DIRECTION('',(0.,0.,1.));
#3725=DIRECTION('',(0.786333621494478,0.617802100763164,0.));
#3726=DIRECTION('',(0.,0.,1.));
#3727=DIRECTION('',(0.,0.,1.));
#3728=DIRECTION('',(1.,0.,0.));
#3729=DIRECTION('',(0.,0.,1.));
#3730=DIRECTION('',(0.446929457843678,0.894569203422271,0.));
#3731=DIRECTION('',(0.,0.,1.));
#3732=DIRECTION('',(0.,0.,1.));
#3733=DIRECTION('',(1.,0.,0.));
#3734=DIRECTION('',(0.,0.,1.));
#3735=DIRECTION('',(0.129152714886085,0.991624715422903,0.));
#3736=DIRECTION('',(0.,0.,1.));
#3737=DIRECTION('',(0.,0.,1.));
#3738=DIRECTION('',(1.,0.,0.));
#3739=DIRECTION('',(0.,0.,1.));
#3740=DIRECTION('',(0.,0.,1.));
#3741=DIRECTION('',(-0.244470558708239,0.969656715505483,0.));
#3742=DIRECTION('',(0.,0.,1.));
#3743=DIRECTION('',(0.,0.,1.));
#3744=DIRECTION('',(1.,0.,0.));
#3745=DIRECTION('',(0.932532118347949,0.361087036944677,0.));
#3746=DIRECTION('',(-0.361087036944677,0.932532118347949,0.));
#3747=DIRECTION('',(0.,0.,1.));
#3748=DIRECTION('',(-0.361087036944677,0.932532118347949,0.));
#3749=DIRECTION('',(0.,0.,1.));
#3750=DIRECTION('',(-0.310711182309268,0.95050437199835,0.));
#3751=DIRECTION('',(0.,0.,1.));
#3752=DIRECTION('',(0.,0.,1.));
#3753=DIRECTION('',(1.,0.,0.));
#3754=DIRECTION('',(0.,0.,1.));
#3755=DIRECTION('',(0.,0.,1.));
#3756=DIRECTION('',(0.,0.,1.));
#3757=DIRECTION('',(0.,0.,1.));
#3758=DIRECTION('',(0.914583054323474,0.404398116642927,0.));
#3759=DIRECTION('',(0.,0.,1.));
#3760=DIRECTION('',(0.,0.,1.));
#3761=DIRECTION('',(1.,0.,0.));
#3762=DIRECTION('',(0.,0.,1.));
#3763=DIRECTION('',(0.996939161011334,0.0781812588925074,0.));
#3764=DIRECTION('',(0.,0.,1.));
#3765=DIRECTION('',(0.,0.,1.));
#3766=DIRECTION('',(1.,0.,0.));
#3767=DIRECTION('',(0.,0.,1.));
#3768=DIRECTION('',(0.,0.,1.));
#3769=DIRECTION('',(0.,0.,1.));
#3770=DIRECTION('',(0.250043274512087,-0.968234662089348,0.));
#3771=DIRECTION('',(0.,0.,1.));
#3772=DIRECTION('',(0.,0.,1.));
#3773=DIRECTION('',(1.,0.,0.));
#3774=DIRECTION('',(0.,0.,1.));
#3775=DIRECTION('',(0.0215244080613443,-0.999768323091709,0.));
#3776=DIRECTION('',(0.,0.,1.));
#3777=DIRECTION('',(0.,0.,1.));
#3778=DIRECTION('',(1.,0.,0.));
#3779=DIRECTION('',(0.,-1.,0.));
#3780=DIRECTION('',(0.,0.,-1.));
#3781=DIRECTION('',(0.,0.,1.));
#3782=DIRECTION('',(1.,0.,0.));
#3783=DIRECTION('',(0.999929981795181,0.0118334909088164,0.));
#3784=DIRECTION('',(-0.0118334909088164,0.999929981795181,0.));
#3785=DIRECTION('',(0.,0.,1.));
#3786=DIRECTION('',(-0.0118334909088164,0.999929981795181,0.));
#3787=DIRECTION('',(0.,1.,0.));
#3788=DIRECTION('',(0.,0.,1.));
#3789=DIRECTION('',(0.,0.,1.));
#3790=DIRECTION('',(-1.,0.,0.));
#3791=DIRECTION('',(0.,0.,1.));
#3792=DIRECTION('',(0.,0.,1.));
#3793=DIRECTION('',(0.,0.,1.));
#3794=DIRECTION('',(0.,0.,1.));
#3795=DIRECTION('',(0.,0.,1.));
#3796=DIRECTION('',(0.,0.,1.));
#3797=DIRECTION('',(0.,0.,1.));
#3798=DIRECTION('',(-0.457810302871343,-0.889049901065654,0.));
#3799=DIRECTION('',(0.,0.,1.));
#3800=DIRECTION('',(0.,0.,1.));
#3801=DIRECTION('',(1.,0.,0.));
#3802=DIRECTION('',(0.,0.,1.));
#3803=DIRECTION('',(0.539546073259905,0.841956076544268,0.));
#3804=DIRECTION('',(0.,0.,1.));
#3805=DIRECTION('',(0.,0.,1.));
#3806=DIRECTION('',(1.,0.,0.));
#3807=DIRECTION('',(0.95438505857831,-0.29857856581221,0.));
#3808=DIRECTION('',(0.29857856581221,0.95438505857831,0.));
#3809=DIRECTION('',(0.,0.,1.));
#3810=DIRECTION('',(0.29857856581221,0.95438505857831,0.));
#3811=DIRECTION('',(0.,0.,1.));
#3812=DIRECTION('',(0.,0.,1.));
#3813=DIRECTION('',(0.,0.,1.));
#3814=DIRECTION('',(0.0557639357744655,-0.998443981136118,0.));
#3815=DIRECTION('',(0.,0.,1.));
#3816=DIRECTION('',(0.,0.,1.));
#3817=DIRECTION('',(1.,0.,0.));
#3818=DIRECTION('',(0.,0.,1.));
#3819=DIRECTION('',(0.182571538592637,-0.983192571827065,0.));
#3820=DIRECTION('',(0.,0.,1.));
#3821=DIRECTION('',(0.,0.,1.));
#3822=DIRECTION('',(1.,0.,0.));
#3823=DIRECTION('',(0.,0.,1.));
#3824=DIRECTION('',(0.370536622559826,-0.928817856924573,0.));
#3825=DIRECTION('',(0.,0.,1.));
#3826=DIRECTION('',(0.,0.,1.));
#3827=DIRECTION('',(1.,0.,0.));
#3828=DIRECTION('',(0.,0.,1.));
#3829=DIRECTION('',(0.613352170661367,-0.789809543336233,0.));
#3830=DIRECTION('',(0.,0.,1.));
#3831=DIRECTION('',(0.,0.,1.));
#3832=DIRECTION('',(1.,0.,0.));
#3833=DIRECTION('',(0.,0.,1.));
#3834=DIRECTION('',(0.,0.,1.));
#3835=DIRECTION('',(0.,0.,1.));
#3836=DIRECTION('',(0.,0.,1.));
#3837=DIRECTION('',(0.834853181596082,0.550472674325347,0.));
#3838=DIRECTION('',(0.,0.,1.));
#3839=DIRECTION('',(0.,0.,1.));
#3840=DIRECTION('',(1.,0.,0.));
#3841=DIRECTION('',(0.,0.,1.));
#3842=DIRECTION('',(0.596479245094669,0.80262850072203,0.));
#3843=DIRECTION('',(0.,0.,1.));
#3844=DIRECTION('',(1.,0.,0.));
#3845=DIRECTION('',(0.,0.,1.));
#3846=DIRECTION('',(1.,0.,0.));
#3847=DIRECTION('',(-0.999992013728564,0.00399655840596647,0.));
#3848=DIRECTION('',(-0.00399655840596647,-0.999992013728564,0.));
#3849=DIRECTION('',(0.,0.,-1.));
#3850=DIRECTION('',(-0.708518368994752,-0.70569236980218,0.));
#3851=DIRECTION('',(0.70569236980218,-0.708518368994752,0.));
#3852=DIRECTION('',(0.999968055041816,-0.00799305297672936,0.));
#3853=DIRECTION('',(0.00799305297672936,0.999968055041816,0.));
#3854=DIRECTION('',(0.00799305297672936,0.999968055041816,0.));
#3855=DIRECTION('',(0.,0.,-1.));
#3856=DIRECTION('',(-0.475618138347187,0.00380176242364411,0.879643639821053));
#3857=DIRECTION('',(0.879649996809567,0.,0.475621575533458));
#3858=DIRECTION('',(0.879615539641762,-0.00703103821373271,0.475633332434103));
#3859=DIRECTION('',(-0.00799305297672936,-0.999968055041815,0.));
#3860=DIRECTION('',(0.999968055041815,-0.00799305297672936,0.));
#3861=DIRECTION('',(0.,-1.,0.));
#3862=DIRECTION('',(0.,0.,-1.));
#3863=DIRECTION('',(0.,0.,1.));
#3864=DIRECTION('',(0.,0.,1.));
#3865=DIRECTION('',(-1.,1.6680033422854E-16,0.));
#3866=DIRECTION('',(-1.6680033422854E-16,-1.,0.));
#3867=DIRECTION('',(0.,0.,1.));
#3868=DIRECTION('',(-1.,1.6680033422854E-16,0.));
#3869=DIRECTION('',(-1.6680033422854E-16,-1.,0.));
#3870=DIRECTION('',(0.,0.,1.));
#3871=DIRECTION('',(0.,-1.,0.));
#3872=DIRECTION('',(0.,0.,-1.));
#3873=DIRECTION('',(0.,0.,1.));
#3874=DIRECTION('',(1.,0.,0.));
#3875=DIRECTION('',(0.30224335374485,0.953230798451805,0.));
#3876=DIRECTION('',(0.,0.,1.));
#3877=DIRECTION('',(0.,0.,-1.));
#3878=DIRECTION('',(0.0498882453572001,-0.0158181949363111,-0.998629534754574));
#3879=DIRECTION('',(0.953230798451805,-0.30224335374485,0.));
#3880=DIRECTION('',(0.,0.,1.));
#3881=DIRECTION('',(1.,0.,0.));
#3882=DIRECTION('',(0.,0.,1.));
#3883=DIRECTION('',(1.,0.,0.));
#3884=DIRECTION('',(0.,0.,-1.));
#3885=DIRECTION('',(1.,0.,0.));
#3886=DIRECTION('',(0.,0.,-1.));
#3887=DIRECTION('',(-1.,0.,0.));
#3888=DIRECTION('',(-0.955356838120534,-0.295454415868736,0.));
#3889=DIRECTION('',(0.,0.,-1.));
#3890=DIRECTION('',(-0.0154628893806907,0.0499995136762734,0.998629534754574));
#3891=DIRECTION('',(0.295454415868736,-0.955356838120534,0.));
#3892=DIRECTION('',(-0.951056516252164,0.309016994507257,0.));
#3893=DIRECTION('',(0.,0.,-1.));
#3894=DIRECTION('',(-0.309016994507257,-0.951056516252164,0.));
#3895=DIRECTION('',(0.0161726999028578,0.0497744522191398,0.998629534754574));
#3896=DIRECTION('',(0.,0.,-1.));
#3897=DIRECTION('',(-1.,0.,0.));
#3898=DIRECTION('',(0.,0.,-1.));
#3899=DIRECTION('',(-1.,0.,0.));
#3900=DIRECTION('',(0.,0.,-1.));
#3901=DIRECTION('',(1.,0.,0.));
#3902=DIRECTION('',(0.576215346549655,-0.817297910434537,0.));
#3903=DIRECTION('',(0.,0.,-1.));
#3904=DIRECTION('',(-0.0427740676779514,-0.0301567811635354,0.998629534754574));
#3905=DIRECTION('',(0.817297910434537,0.576215346549655,0.));
#3906=DIRECTION('',(3.47796779924384E-10,-1.,0.));
#3907=DIRECTION('',(0.,0.,-1.));
#3908=DIRECTION('',(1.,3.47797024853744E-10,0.));
#3909=DIRECTION('',(-0.0523359562429438,-1.82022770555593E-11,0.998629534754574));
#3910=DIRECTION('',(0.,0.,-1.));
#3911=DIRECTION('',(-1.,0.,0.));
#3912=DIRECTION('',(0.,0.,-1.));
#3913=DIRECTION('',(-1.,0.,0.));
#3914=DIRECTION('',(0.,0.,-1.));
#3915=DIRECTION('',(1.,0.,0.));
#3916=DIRECTION('',(-0.0142276513305254,-0.999898781846251,0.));
#3917=DIRECTION('',(0.,0.,-1.));
#3918=DIRECTION('',(-0.0523306588940783,0.00074461773747424,0.998629534754574));
#3919=DIRECTION('',(0.999898781846251,-0.0142276513305254,0.));
#3920=DIRECTION('',(-0.587785252517572,-0.809016994211404,0.));
#3921=DIRECTION('',(0.,0.,-1.));
#3922=DIRECTION('',(0.809016994211404,-0.587785252517572,0.));
#3923=DIRECTION('',(-0.042340678008846,0.0307623032560073,0.998629534754574));
#3924=DIRECTION('',(0.,0.,-1.));
#3925=DIRECTION('',(-1.,0.,0.));
#3926=DIRECTION('',(0.,0.,-1.));
#3927=DIRECTION('',(-1.,0.,0.));
#3928=DIRECTION('',(0.,0.,-1.));
#3929=DIRECTION('',(1.,0.,0.));
#3930=DIRECTION('',(0.946563666238762,-0.322517016228032,0.));
#3931=DIRECTION('',(0.,0.,-1.));
#3932=DIRECTION('',(-0.0168792364489151,-0.0495393146174324,0.998629534754574));
#3933=DIRECTION('',(0.322517016228032,0.946563666238762,0.));
#3934=DIRECTION('',(0.587785252517572,-0.809016994211403,0.));
#3935=DIRECTION('',(0.,0.,-1.));
#3936=DIRECTION('',(0.809016994211403,0.587785252517572,0.));
#3937=DIRECTION('',(-0.042340678008846,-0.0307623032560074,0.998629534754574));
#3938=DIRECTION('',(0.,0.,-1.));
#3939=DIRECTION('',(-1.,0.,0.));
#3940=DIRECTION('',(0.,0.,-1.));
#3941=DIRECTION('',(-1.,0.,0.));
#3942=DIRECTION('',(0.,0.,-1.));
#3943=DIRECTION('',(1.,0.,0.));
#3944=DIRECTION('',(-0.813178029980661,0.582015026916636,0.));
#3945=DIRECTION('',(0.,0.,1.));
#3946=DIRECTION('',(0.,0.,-1.));
#3947=DIRECTION('',(0.0304603129814448,0.0425584497947911,-0.998629534754574));
#3948=DIRECTION('',(0.582015026916635,0.813178029980661,0.));
#3949=DIRECTION('',(0.,0.,1.));
#3950=DIRECTION('',(1.,0.,0.));
#3951=DIRECTION('',(0.,0.,1.));
#3952=DIRECTION('',(1.,0.,0.));
#3953=DIRECTION('',(0.,0.,-1.));
#3954=DIRECTION('',(1.,0.,0.));
#3955=DIRECTION('',(0.,0.,-1.));
#3956=DIRECTION('',(-1.,0.,0.));
#3957=DIRECTION('',(0.955356838017776,0.295454416201006,0.));
#3958=DIRECTION('',(0.,0.,-1.));
#3959=DIRECTION('',(0.0154628893980804,-0.0499995136708955,0.998629534754574));
#3960=DIRECTION('',(-0.295454416201006,0.955356838017776,0.));
#3961=DIRECTION('',(0.951056516359639,-0.309016994176482,0.));
#3962=DIRECTION('',(0.,0.,-1.));
#3963=DIRECTION('',(0.309016994176482,0.951056516359639,0.));
#3964=DIRECTION('',(-0.0161726998855464,-0.0497744522247647,0.998629534754574));
#3965=DIRECTION('',(0.,0.,-1.));
#3966=DIRECTION('',(-1.,0.,0.));
#3967=DIRECTION('',(0.,0.,-1.));
#3968=DIRECTION('',(-1.,0.,0.));
#3969=DIRECTION('',(0.,0.,-1.));
#3970=DIRECTION('',(1.,0.,0.));
#3971=DIRECTION('',(0.599236169136748,0.800572303791678,0.));
#3972=DIRECTION('',(0.,0.,-1.));
#3973=DIRECTION('',(0.041898717060554,-0.0313615979271302,0.998629534754574));
#3974=DIRECTION('',(-0.800572303791678,0.599236169136748,0.));
#3975=DIRECTION('',(0.951056516252163,0.309016994507258,0.));
#3976=DIRECTION('',(0.,0.,-1.));
#3977=DIRECTION('',(-0.309016994507258,0.951056516252163,0.));
#3978=DIRECTION('',(0.0161726999028578,-0.0497744522191399,0.998629534754574));
#3979=DIRECTION('',(0.,0.,-1.));
#3980=DIRECTION('',(-1.,0.,0.));
#3981=DIRECTION('',(0.,0.,-1.));
#3982=DIRECTION('',(-1.,0.,0.));
#3983=DIRECTION('',(0.,0.,-1.));
#3984=DIRECTION('',(1.,0.,0.));
#3985=DIRECTION('',(0.0142276509827643,0.9998987818512,0.));
#3986=DIRECTION('',(0.,0.,-1.));
#3987=DIRECTION('',(0.0523306588943372,-0.000744617719273828,0.998629534754574));
#3988=DIRECTION('',(-0.9998987818512,0.0142276509827638,0.));
#3989=DIRECTION('',(0.587785252236199,0.809016994415833,0.));
#3990=DIRECTION('',(0.,0.,-1.));
#3991=DIRECTION('',(-0.809016994415834,0.587785252236198,0.));
#3992=DIRECTION('',(0.042340678019545,-0.0307623032412814,0.998629534754574));
#3993=DIRECTION('',(0.,0.,-1.));
#3994=DIRECTION('',(-1.,0.,0.));
#3995=DIRECTION('',(0.,0.,-1.));
#3996=DIRECTION('',(-1.,0.,0.));
#3997=DIRECTION('',(0.,0.,-1.));
#3998=DIRECTION('',(1.,0.,0.));
#3999=DIRECTION('',(-0.576215346265402,0.817297910634943,0.));
#4000=DIRECTION('',(0.,0.,-1.));
#4001=DIRECTION('',(0.0427740676884398,0.0301567811486588,0.998629534754574));
#4002=DIRECTION('',(-0.817297910634943,-0.576215346265402,0.));
#4003=DIRECTION('',(-4.9534728579118E-16,1.,0.));
#4004=DIRECTION('',(0.,0.,-1.));
#4005=DIRECTION('',(-1.,-5.20612716728351E-16,0.));
#4006=DIRECTION('',(0.0523359562429438,2.59244738742282E-17,0.998629534754574));
#4007=DIRECTION('',(0.,0.,-1.));
#4008=DIRECTION('',(-1.,0.,0.));
#4009=DIRECTION('',(0.,0.,-1.));
#4010=DIRECTION('',(-1.,0.,0.));
#4011=DIRECTION('',(0.,0.,-1.));
#4012=DIRECTION('',(1.,0.,0.));
#4013=DIRECTION('',(-0.946563666126592,0.322517016557244,0.));
#4014=DIRECTION('',(0.,0.,-1.));
#4015=DIRECTION('',(0.0168792364661448,0.0495393146115618,0.998629534754574));
#4016=DIRECTION('',(-0.322517016557244,-0.946563666126592,0.));
#4017=DIRECTION('',(-0.587785252236199,0.809016994415833,0.));
#4018=DIRECTION('',(0.,0.,-1.));
#4019=DIRECTION('',(-0.809016994415833,-0.587785252236199,0.));
#4020=DIRECTION('',(0.042340678019545,0.0307623032412814,0.998629534754574));
#4021=DIRECTION('',(0.,0.,-1.));
#4022=DIRECTION('',(-1.,0.,0.));
#4023=DIRECTION('',(0.,0.,-1.));
#4024=DIRECTION('',(-1.,0.,0.));
#4025=DIRECTION('',(0.,0.,-1.));
#4026=DIRECTION('',(1.,0.,0.));
#4027=DIRECTION('',(-0.599236169415185,-0.800572303583266,0.));
#4028=DIRECTION('',(0.,0.,-1.));
#4029=DIRECTION('',(-0.0418987170496466,0.0313615979417024,0.998629534754574));
#4030=DIRECTION('',(0.800572303583266,-0.599236169415185,0.));
#4031=DIRECTION('',(-0.951056516359639,-0.309016994176483,0.));
#4032=DIRECTION('',(0.,0.,-1.));
#4033=DIRECTION('',(0.309016994176483,-0.951056516359639,0.));
#4034=DIRECTION('',(-0.0161726998855464,0.0497744522247646,0.998629534754574));
#4035=DIRECTION('',(0.,0.,-1.));
#4036=DIRECTION('',(-1.,0.,0.));
#4037=DIRECTION('',(0.,0.,-1.));
#4038=DIRECTION('',(-1.,0.,0.));
#4039=DIRECTION('',(0.,0.,-1.));
#4040=DIRECTION('',(1.,0.,0.));
#4041=DIRECTION('',(-0.31577499633849,0.948834101246064,0.));
#4042=DIRECTION('',(0.,0.,1.));
#4043=DIRECTION('',(0.,0.,-1.));
#4044=DIRECTION('',(0.049658140004627,0.016526386390987,-0.998629534754574));
#4045=DIRECTION('',(0.948834101246064,0.31577499633849,0.));
#4046=DIRECTION('',(0.,0.,1.));
#4047=DIRECTION('',(1.,0.,0.));
#4048=DIRECTION('',(0.,0.,1.));
#4049=DIRECTION('',(1.,0.,0.));
#4050=DIRECTION('',(0.,0.,-1.));
#4051=DIRECTION('',(1.,0.,0.));
#4052=DIRECTION('',(0.,0.,-1.));
#4053=DIRECTION('',(-1.,0.,0.));
#4054=DIRECTION('',(-0.302243353413319,-0.953230798556924,0.));
#4055=DIRECTION('',(0.,0.,1.));
#4056=DIRECTION('',(0.,0.,-1.));
#4057=DIRECTION('',(-0.0498882453627016,0.0158181949189601,-0.998629534754574));
#4058=DIRECTION('',(-0.953230798556924,0.302243353413319,0.));
#4059=DIRECTION('',(0.,0.,1.));
#4060=DIRECTION('',(1.,0.,0.));
#4061=DIRECTION('',(0.,0.,1.));
#4062=DIRECTION('',(1.,0.,0.));
#4063=DIRECTION('',(0.,0.,-1.));
#4064=DIRECTION('',(1.,0.,0.));
#4065=DIRECTION('',(0.,0.,-1.));
#4066=DIRECTION('',(-1.,0.,0.));
#4067=DIRECTION('',(0.315774996008488,-0.94883410135589,0.));
#4068=DIRECTION('',(0.,0.,1.));
#4069=DIRECTION('',(0.,0.,-1.));
#4070=DIRECTION('',(-0.0496581400103748,-0.016526386373716,-0.998629534754574));
#4071=DIRECTION('',(-0.94883410135589,-0.315774996008488,0.));
#4072=DIRECTION('',(0.,0.,1.));
#4073=DIRECTION('',(1.,0.,0.));
#4074=DIRECTION('',(0.,0.,1.));
#4075=DIRECTION('',(1.,0.,0.));
#4076=DIRECTION('',(0.,0.,-1.));
#4077=DIRECTION('',(1.,0.,0.));
#4078=DIRECTION('',(0.,0.,-1.));
#4079=DIRECTION('',(-1.,0.,0.));
#4080=DIRECTION('',(0.813178029778238,-0.582015027199456,0.));
#4081=DIRECTION('',(0.,0.,1.));
#4082=DIRECTION('',(0.,0.,-1.));
#4083=DIRECTION('',(-0.0304603129962465,-0.0425584497841971,-0.998629534754574));
#4084=DIRECTION('',(-0.582015027199456,-0.813178029778238,0.));
#4085=DIRECTION('',(0.,0.,1.));
#4086=DIRECTION('',(1.,0.,0.));
#4087=DIRECTION('',(0.,0.,1.));
#4088=DIRECTION('',(1.,0.,0.));
#4089=DIRECTION('',(0.,0.,-1.));
#4090=DIRECTION('',(1.,0.,0.));
#4091=DIRECTION('',(0.,0.,-1.));
#4092=DIRECTION('',(-1.,0.,0.));
#4093=DIRECTION('',(0.999974695143869,0.00711400533638266,0.));
#4094=DIRECTION('',(0.,0.,1.));
#4095=DIRECTION('',(0.,0.,-1.));
#4096=DIRECTION('',(0.000372318271996992,-0.0523346318891006,-0.998629534754574));
#4097=DIRECTION('',(0.00711400533638288,-0.999974695143869,0.));
#4098=DIRECTION('',(0.,0.,1.));
#4099=DIRECTION('',(1.,0.,0.));
#4100=DIRECTION('',(0.,0.,1.));
#4101=DIRECTION('',(1.,0.,0.));
#4102=DIRECTION('',(0.,0.,-1.));
#4103=DIRECTION('',(1.,0.,0.));
#4104=DIRECTION('',(0.,0.,-1.));
#4105=DIRECTION('',(-1.,0.,0.));
#4106=DIRECTION('',(0.804815014936127,0.593525729630454,0.));
#4107=DIRECTION('',(0.,0.,1.));
#4108=DIRECTION('',(0.,0.,-1.));
#4109=DIRECTION('',(0.0310627366150008,-0.0421207634053613,-0.998629534754574));
#4110=DIRECTION('',(0.593525729630453,-0.804815014936127,0.));
#4111=DIRECTION('',(0.,0.,1.));
#4112=DIRECTION('',(1.,0.,0.));
#4113=DIRECTION('',(0.,0.,1.));
#4114=DIRECTION('',(1.,0.,0.));
#4115=DIRECTION('',(0.,0.,-1.));
#4116=DIRECTION('',(1.,0.,0.));
#4117=DIRECTION('',(0.,0.,-1.));
#4118=DIRECTION('',(-1.,0.,0.));
#4119=DIRECTION('',(-0.999974695141395,-0.00711400568417042,0.));
#4120=DIRECTION('',(0.,0.,1.));
#4121=DIRECTION('',(0.,0.,-1.));
#4122=DIRECTION('',(-0.000372318290198797,0.0523346318889712,-0.998629534754574));
#4123=DIRECTION('',(-0.00711400568417089,0.999974695141395,0.));
#4124=DIRECTION('',(0.,0.,1.));
#4125=DIRECTION('',(1.,0.,0.));
#4126=DIRECTION('',(0.,0.,1.));
#4127=DIRECTION('',(1.,0.,0.));
#4128=DIRECTION('',(0.,0.,-1.));
#4129=DIRECTION('',(1.,0.,0.));
#4130=DIRECTION('',(0.,0.,-1.));
#4131=DIRECTION('',(-1.,0.,0.));
#4132=DIRECTION('',(-0.8048150147297,-0.593525729910366,0.));
#4133=DIRECTION('',(0.,0.,1.));
#4134=DIRECTION('',(0.,0.,-1.));
#4135=DIRECTION('',(-0.0310627366296502,0.0421207633945578,-0.998629534754574));
#4136=DIRECTION('',(-0.593525729910366,0.8048150147297,0.));
#4137=DIRECTION('',(0.,0.,1.));
#4138=DIRECTION('',(1.,0.,0.));
#4139=DIRECTION('',(0.,0.,1.));
#4140=DIRECTION('',(1.,0.,0.));
#4141=DIRECTION('',(0.,0.,-1.));
#4142=DIRECTION('',(1.,0.,0.));
#4143=DIRECTION('',(0.,0.,-1.));
#4144=DIRECTION('',(-1.,0.,0.));
#4145=DIRECTION('',(0.,0.,-1.));
#4146=DIRECTION('',(-1.,0.,0.));
#4147=DIRECTION('',(0.,0.,-1.));
#4148=DIRECTION('',(-1.,0.,0.));
#4149=DIRECTION('',(0.,0.,-1.));
#4150=DIRECTION('',(-1.,0.,0.));
#4151=DIRECTION('',(0.,0.,-1.));
#4152=DIRECTION('',(-1.,0.,0.));
#4153=DIRECTION('',(0.,0.,-1.));
#4154=DIRECTION('',(-1.,0.,0.));
#4155=DIRECTION('',(0.,0.,-1.));
#4156=DIRECTION('',(-1.,0.,0.));
#4157=DIRECTION('',(0.,0.,-1.));
#4158=DIRECTION('',(-1.,0.,0.));
#4159=DIRECTION('',(0.,0.,-1.));
#4160=DIRECTION('',(-1.,0.,0.));
#4161=DIRECTION('',(0.,0.,-1.));
#4162=DIRECTION('',(-1.,0.,0.));
#4163=DIRECTION('',(0.,0.,-1.));
#4164=DIRECTION('',(-1.,0.,0.));
#4165=CARTESIAN_POINT('',(0.,0.,0.));
#4166=CARTESIAN_POINT('',(0.,0.,0.09));
#4167=CARTESIAN_POINT('',(-0.00499903985524669,0.0502828982884449,0.09));
#4168=CARTESIAN_POINT('',(-0.00499903985524669,0.0450828982884449,0.09));
#4169=CARTESIAN_POINT('',(-0.00499903985524669,0.0554828982884449,0.09));
#4170=CARTESIAN_POINT('',(0.000200960144753309,0.0450828982884449,0.09));
#4171=CARTESIAN_POINT('',(0.00540096014475331,0.0450828982884449,0.09));
#4172=CARTESIAN_POINT('',(0.00540096014475331,0.0502828982884449,0.09));
#4173=CARTESIAN_POINT('',(0.00540096014475331,0.0554828982884449,0.09));
#4174=CARTESIAN_POINT('',(0.000200960144753311,0.0554828982884449,0.09));
#4175=CARTESIAN_POINT('',(-0.000183841686674455,-0.0459996326315139,0.09));
#4176=CARTESIAN_POINT('',(-0.0191836899475171,-0.0459236980218006,0.09));
#4177=CARTESIAN_POINT('',(0.0188160065741682,-0.0460755672412273,0.09));
#4178=CARTESIAN_POINT('',(0.00546175969491671,-0.0325602392656286,0.09));
#4179=CARTESIAN_POINT('',(-0.0188802549869783,-0.0079246072462895,0.09));
#4180=CARTESIAN_POINT('',(-0.00787973587933496,-0.00796857181451212,0.09));
#4181=CARTESIAN_POINT('',(-0.0380316689889331,-0.00784806689040178,0.09));
#4182=CARTESIAN_POINT('',(-0.0381076035986465,-0.0268479151512445,0.09));
#4183=CARTESIAN_POINT('',(-0.0381079064717336,-0.0269236980218006,0.09));
#4184=CARTESIAN_POINT('',(-0.0325918449737585,-0.0324618490109003,0.09));
#4185=CARTESIAN_POINT('',(0.0669962060476901,0.0212426602633094,0.09));
#4186=CARTESIAN_POINT('',(0.0669962060476901,0.0212426602633094,0.09));
#4187=CARTESIAN_POINT('',(0.0689000549052334,0.0218463185427752,0.09));
#4188=CARTESIAN_POINT('',(-4.16333634234433E-17,1.04083408558608E-17,0.09));
#4189=CARTESIAN_POINT('',(0.0689000549052334,-0.0218463185427752,0.09));
#4190=CARTESIAN_POINT('',(0.0669962060476901,-0.0212426602633094,0.09));
#4191=CARTESIAN_POINT('',(0.0669962060476901,-0.0212426602633094,0.09));
#4192=CARTESIAN_POINT('',(0.,4.59242549680257E-18,0.09));
#4193=CARTESIAN_POINT('',(0.0666871916595655,-0.0221937087573778,0.09));
#4194=CARTESIAN_POINT('',(0.0666871916595655,-0.0221937087573778,0.09));
#4195=CARTESIAN_POINT('',(0.0685822591737387,-0.0228243932327391,0.09));
#4196=CARTESIAN_POINT('',(-7.63278329429795E-17,5.3776427755281E-17,0.09));
#4197=CARTESIAN_POINT('',(0.0429003714794204,-0.0581724791180873,0.09));
#4198=CARTESIAN_POINT('',(0.041714946832929,-0.056565055030229,0.09));
#4199=CARTESIAN_POINT('',(0.041714946832929,-0.056565055030229,0.09));
#4200=CARTESIAN_POINT('',(0.,4.59242549680257E-18,0.09));
#4201=CARTESIAN_POINT('',(0.0409059366624423,-0.0571528353243755,0.09));
#4202=CARTESIAN_POINT('',(0.0409059366624423,-0.0571528353243755,0.09));
#4203=CARTESIAN_POINT('',(0.0420683714535421,-0.05877696251988,0.09));
#4204=CARTESIAN_POINT('',(-2.88939878967387E-17,5.20417042793042E-17,0.09));
#4205=CARTESIAN_POINT('',(0.00051420428197345,-0.0722787298848906,0.09));
#4206=CARTESIAN_POINT('',(0.000499995770294823,-0.0702815213557348,0.09));
#4207=CARTESIAN_POINT('',(0.000499995770294823,-0.0702815213557348,0.09));
#4208=CARTESIAN_POINT('',(0.,4.59242549680257E-18,0.09));
#4209=CARTESIAN_POINT('',(-0.000499995794738527,-0.0702815213555609,0.09));
#4210=CARTESIAN_POINT('',(-0.000499995794738527,-0.0702815213555609,0.09));
#4211=CARTESIAN_POINT('',(-0.000514204307111777,-0.0722787298847117,0.09));
#4212=CARTESIAN_POINT('',(-2.44487589895481E-17,-4.5102810375397E-17,0.09));
#4213=CARTESIAN_POINT('',(-0.0420683714739845,-0.0587769625052488,0.09));
#4214=CARTESIAN_POINT('',(-0.0409059366823198,-0.0571528353101486,0.09));
#4215=CARTESIAN_POINT('',(-0.0409059366823198,-0.0571528353101486,0.09));
#4216=CARTESIAN_POINT('',(0.,4.59242549680257E-18,0.09));
#4217=CARTESIAN_POINT('',(-0.041714946852602,-0.0565650550157207,0.09));
#4218=CARTESIAN_POINT('',(-0.041714946852602,-0.0565650550157207,0.09));
#4219=CARTESIAN_POINT('',(-0.0429003714996525,-0.0581724791031668,0.09));
#4220=CARTESIAN_POINT('',(-1.04083408558608E-17,-1.56125112837912E-17,0.09));
#4221=CARTESIAN_POINT('',(-0.068582259181677,-0.0228243932088864,0.09));
#4222=CARTESIAN_POINT('',(-0.0666871916672844,-0.0221937087341841,0.09));
#4223=CARTESIAN_POINT('',(-0.0666871916672844,-0.0221937087341841,0.09));
#4224=CARTESIAN_POINT('',(0.,4.59242549680257E-18,0.09));
#4225=CARTESIAN_POINT('',(-0.0669962060550782,-0.0212426602400084,0.09));
#4226=CARTESIAN_POINT('',(-0.0669962060550782,-0.0212426602400084,0.09));
#4227=CARTESIAN_POINT('',(-0.0689000549128314,-0.0218463185188119,0.09));
#4228=CARTESIAN_POINT('',(7.63278329429795E-17,0.,0.09));
#4229=CARTESIAN_POINT('',(-0.0689000549128315,0.0218463185188119,0.09));
#4230=CARTESIAN_POINT('',(-0.0669962060550782,0.0212426602400083,0.09));
#4231=CARTESIAN_POINT('',(-0.0669962060550782,0.0212426602400083,0.09));
#4232=CARTESIAN_POINT('',(0.,4.59242549680257E-18,0.09));
#4233=CARTESIAN_POINT('',(-0.0666871916672844,0.0221937087341842,0.09));
#4234=CARTESIAN_POINT('',(-0.0666871916672844,0.0221937087341842,0.09));
#4235=CARTESIAN_POINT('',(-0.068582259181677,0.0228243932088864,0.09));
#4236=CARTESIAN_POINT('',(4.5102810375397E-17,-2.94902990916057E-17,0.09));
#4237=CARTESIAN_POINT('',(-0.0429003714996526,0.0581724791031667,0.09));
#4238=CARTESIAN_POINT('',(-0.0417149468526021,0.0565650550157207,0.09));
#4239=CARTESIAN_POINT('',(-0.0417149468526021,0.0565650550157207,0.09));
#4240=CARTESIAN_POINT('',(0.,4.59242549680257E-18,0.09));
#4241=CARTESIAN_POINT('',(-0.0409059366823199,0.0571528353101486,0.09));
#4242=CARTESIAN_POINT('',(-0.0409059366823199,0.0571528353101486,0.09));
#4243=CARTESIAN_POINT('',(-0.0420683714739845,0.0587769625052488,0.09));
#4244=CARTESIAN_POINT('',(-3.6049722235143E-17,3.12250225675825E-17,0.09));
#4245=CARTESIAN_POINT('',(-0.000514204307111777,0.0722787298847117,0.09));
#4246=CARTESIAN_POINT('',(-0.000499995794738527,0.0702815213555609,0.09));
#4247=CARTESIAN_POINT('',(-0.000499995794738527,0.0702815213555609,0.09));
#4248=CARTESIAN_POINT('',(0.,4.59242549680257E-18,0.09));
#4249=CARTESIAN_POINT('',(0.000499995770294856,0.0702815213557348,0.09));
#4250=CARTESIAN_POINT('',(0.000499995770294807,0.0702815213557348,0.09));
#4251=CARTESIAN_POINT('',(0.000514204281973433,0.0722787298848906,0.09));
#4252=CARTESIAN_POINT('',(-2.43945488809238E-17,-3.46944695195361E-18,0.09));
#4253=CARTESIAN_POINT('',(0.0420683714535421,0.05877696251988,0.09));
#4254=CARTESIAN_POINT('',(0.0409059366624423,0.0571528353243755,0.09));
#4255=CARTESIAN_POINT('',(0.0409059366624423,0.0571528353243756,0.09));
#4256=CARTESIAN_POINT('',(0.,4.59242549680257E-18,0.09));
#4257=CARTESIAN_POINT('',(0.0417149468329289,0.0565650550302291,0.09));
#4258=CARTESIAN_POINT('',(0.0417149468329289,0.056565055030229,0.09));
#4259=CARTESIAN_POINT('',(0.0429003714794204,0.0581724791180874,0.09));
#4260=CARTESIAN_POINT('',(-6.93889390390723E-18,-1.7347234759768E-18,0.09));
#4261=CARTESIAN_POINT('',(0.0685822591737387,0.0228243932327391,0.09));
#4262=CARTESIAN_POINT('',(0.0666871916595655,0.0221937087573778,0.09));
#4263=CARTESIAN_POINT('',(0.0666871916595655,0.0221937087573778,0.09));
#4264=CARTESIAN_POINT('',(0.,4.59242549680257E-18,0.09));
#4265=CARTESIAN_POINT('',(0.0669962060476901,0.0212426602633094,0.09725));
#4266=CARTESIAN_POINT('',(-1.04861728239831E-18,7.8996091849995E-18,1.46929989679821));
#4267=CARTESIAN_POINT('',(0.0689000549052334,0.0218463185427752,0.0901046719124859));
#4268=CARTESIAN_POINT('',(0.068180911684816,0.0216182979426069,0.1045));
#4269=CARTESIAN_POINT('',(0.0689000549052334,0.0218463185427752,0.115));
#4270=CARTESIAN_POINT('',(-1.04861728239831E-18,7.8996091849995E-18,1.43108525157962));
#4271=CARTESIAN_POINT('',(0.0662718337629697,0.0210129816702034,0.1045));
#4272=CARTESIAN_POINT('',(0.0669962060476901,0.0212426602633094,0.1045));
#4273=CARTESIAN_POINT('',(0.000499995770294856,0.0702815213557348,0.09725));
#4274=CARTESIAN_POINT('',(-1.08417473690551E-19,4.59319679880665E-18,1.46929989679821));
#4275=CARTESIAN_POINT('',(0.000514204281973483,0.0722787298848906,0.0901046719124859));
#4276=CARTESIAN_POINT('',(0.000508837283009558,0.0715243217984444,0.1045));
#4277=CARTESIAN_POINT('',(0.000514204281973433,0.0722787298848906,0.115));
#4278=CARTESIAN_POINT('',(-1.08417473690551E-19,4.59319679880665E-18,1.43108525157962));
#4279=CARTESIAN_POINT('',(0.000494589746583262,0.0695216277856148,0.1045));
#4280=CARTESIAN_POINT('',(0.000499995770294807,0.0702815213557348,0.1045));
#4281=CARTESIAN_POINT('',(0.0417149468329289,0.0565650550302291,0.09725));
#4282=CARTESIAN_POINT('',(0.,4.59242549680257E-18,1.46929989679821));
#4283=CARTESIAN_POINT('',(0.0429003714794204,0.0581724791180874,0.0901046719124859));
#4284=CARTESIAN_POINT('',(0.0424525995386687,0.0575653047982674,0.1045));
#4285=CARTESIAN_POINT('',(0.0429003714794204,0.0581724791180874,0.115));
#4286=CARTESIAN_POINT('',(0.,4.59242549680257E-18,1.43108525157962));
#4287=CARTESIAN_POINT('',(0.0412639190340884,0.0559534657990655,0.1045));
#4288=CARTESIAN_POINT('',(0.0417149468329289,0.056565055030229,0.1045));
#4289=CARTESIAN_POINT('',(-0.0669962060550782,-0.0212426602400084,0.09725));
#4290=CARTESIAN_POINT('',(-2.09723456249616E-18,1.12067928739258E-17,1.46929989679821));
#4291=CARTESIAN_POINT('',(-0.0689000549128314,-0.0218463185188119,0.0901046719124859));
#4292=CARTESIAN_POINT('',(-0.0681809116923348,-0.0216182979188938,0.1045));
#4293=CARTESIAN_POINT('',(-0.0689000549128314,-0.0218463185188119,0.115));
#4294=CARTESIAN_POINT('',(-2.09723456249616E-18,1.12067928739258E-17,1.43108525157962));
#4295=CARTESIAN_POINT('',(-0.0662718337702779,-0.0210129816471543,0.1045));
#4296=CARTESIAN_POINT('',(-0.0669962060550782,-0.0212426602400083,0.1045));
#4297=CARTESIAN_POINT('',(-0.041714946852602,-0.0565650550157207,0.09725));
#4298=CARTESIAN_POINT('',(0.,4.59242549680257E-18,1.46929989679821));
#4299=CARTESIAN_POINT('',(-0.0429003714996525,-0.0581724791031668,0.0901046719124859));
#4300=CARTESIAN_POINT('',(-0.0424525995586897,-0.0575653047835025,0.1045));
#4301=CARTESIAN_POINT('',(-0.0429003714996525,-0.0581724791031668,0.115));
#4302=CARTESIAN_POINT('',(0.,4.59242549680257E-18,1.43108525157962));
#4303=CARTESIAN_POINT('',(-0.0412639190535488,-0.0559534657847141,0.1045));
#4304=CARTESIAN_POINT('',(-0.041714946852602,-0.0565650550157207,0.1045));
#4305=CARTESIAN_POINT('',(-0.000499995794738527,-0.0702815213555609,0.09725));
#4306=CARTESIAN_POINT('',(-1.08417473690283E-19,4.59319679884436E-18,1.46929989679821));
#4307=CARTESIAN_POINT('',(-0.000514204307111777,-0.0722787298847117,0.0901046719124859));
#4308=CARTESIAN_POINT('',(-0.000508837307885471,-0.0715243217982674,0.1045));
#4309=CARTESIAN_POINT('',(-0.000514204307111777,-0.0722787298847117,0.115));
#4310=CARTESIAN_POINT('',(-1.08417473690283E-19,4.59319679884436E-18,1.43108525157962));
#4311=CARTESIAN_POINT('',(-0.00049458977076267,-0.0695216277854428,0.1045));
#4312=CARTESIAN_POINT('',(-0.000499995794738527,-0.0702815213555609,0.1045));
#4313=CARTESIAN_POINT('',(0.0409059366624423,-0.0571528353243755,0.09725));
#4314=CARTESIAN_POINT('',(0.,4.59242549680257E-18,1.46929989679821));
#4315=CARTESIAN_POINT('',(0.0420683714535421,-0.05877696251988,0.0901046719124859));
#4316=CARTESIAN_POINT('',(0.0416292834997455,-0.0581634789142278,0.1045));
#4317=CARTESIAN_POINT('',(0.0420683714535421,-0.05877696251988,0.115));
#4318=CARTESIAN_POINT('',(0.,4.59242549680257E-18,1.43108525157962));
#4319=CARTESIAN_POINT('',(0.0404636559939264,-0.0565348909310364,0.1045));
#4320=CARTESIAN_POINT('',(0.0409059366624423,-0.0571528353243755,0.1045));
#4321=CARTESIAN_POINT('',(0.0666871916595655,-0.0221937087573778,0.09725));
#4322=CARTESIAN_POINT('',(3.28669379564922E-18,1.4468214238236E-17,1.46929989679821));
#4323=CARTESIAN_POINT('',(0.0685822591737387,-0.0228243932327391,0.0901046719124859));
#4324=CARTESIAN_POINT('',(0.0678664329411829,-0.0225861639936472,0.1045));
#4325=CARTESIAN_POINT('',(0.0685822591737387,-0.0228243932327391,0.115));
#4326=CARTESIAN_POINT('',(3.28669379564922E-18,1.4468214238236E-17,1.43108525157962));
#4327=CARTESIAN_POINT('',(0.0659661604813277,-0.0219537472958652,0.1045));
#4328=CARTESIAN_POINT('',(0.0666871916595655,-0.0221937087573778,0.1045));
#4329=CARTESIAN_POINT('',(-0.0409059366823199,0.0571528353101486,0.09725));
#4330=CARTESIAN_POINT('',(-5.6425560736195E-18,5.53884972585867E-19,1.46929989679821));
#4331=CARTESIAN_POINT('',(-0.0420683714739845,0.0587769625052487,0.0901046719124859));
#4332=CARTESIAN_POINT('',(-0.0416292835199746,0.0581634788997492,0.1045));
#4333=CARTESIAN_POINT('',(-0.0420683714739845,0.0587769625052488,0.115));
#4334=CARTESIAN_POINT('',(-5.6425560736195E-18,5.53884972585867E-19,1.43108525157962));
#4335=CARTESIAN_POINT('',(-0.040463656013589,0.0565348909169633,0.1045));
#4336=CARTESIAN_POINT('',(-0.0409059366823199,0.0571528353101486,0.1045));
#4337=CARTESIAN_POINT('',(-0.0666871916672844,0.0221937087341842,0.09725));
#4338=CARTESIAN_POINT('',(1.09556459740481E-18,7.88435507766141E-18,1.46929989679821));
#4339=CARTESIAN_POINT('',(-0.068582259181677,0.0228243932088864,0.0901046719124859));
#4340=CARTESIAN_POINT('',(-0.0678664329490383,0.0225861639700435,0.1045));
#4341=CARTESIAN_POINT('',(-0.068582259181677,0.0228243932088864,0.115));
#4342=CARTESIAN_POINT('',(1.09556459740481E-18,7.88435507766141E-18,1.43108525157962));
#4343=CARTESIAN_POINT('',(-0.0659661604889632,0.0219537472729224,0.1045));
#4344=CARTESIAN_POINT('',(-0.0666871916672844,0.0221937087341842,0.1045));
#4345=CARTESIAN_POINT('',(-0.0377934867096917,0.0311355160633525,0.150002));
#4346=CARTESIAN_POINT('',(-0.0377934867096917,0.0311355160633525,0.1498));
#4347=CARTESIAN_POINT('',(-0.0413077622042316,0.034692181320089,0.1498));
#4348=CARTESIAN_POINT('',(-0.0342792112151519,0.0275788508066161,0.1498));
#4349=CARTESIAN_POINT('',(-0.0413077622042316,0.034692181320089,0.150002));
#4350=CARTESIAN_POINT('',(-0.0413077622042316,0.034692181320089,0.12));
#4351=CARTESIAN_POINT('',(-0.0377934867096917,0.0311355160633525,0.12));
#4352=CARTESIAN_POINT('',(-0.0342792112151519,0.0275788508066161,0.12));
#4353=CARTESIAN_POINT('',(-0.0342792112151519,0.0275788508066161,0.150002));
#4354=CARTESIAN_POINT('',(-0.0307225459584153,0.0310931263011559,0.150002));
#4355=CARTESIAN_POINT('',(-0.0307225459584153,0.0310931263011559,0.1498));
#4356=CARTESIAN_POINT('',(-0.0271658807016789,0.0346074017956958,0.1498));
#4357=CARTESIAN_POINT('',(-0.0307225459584153,0.0310931263011559,0.12));
#4358=CARTESIAN_POINT('',(-0.0271658807016789,0.0346074017956958,0.12));
#4359=CARTESIAN_POINT('',(-0.0271658807016789,0.0346074017956958,0.150002));
#4360=CARTESIAN_POINT('',(-0.0306801561962187,0.0381640670524324,0.150002));
#4361=CARTESIAN_POINT('',(-0.0306801561962187,0.0381640670524324,0.1498));
#4362=CARTESIAN_POINT('',(-0.0341944316907586,0.0417207323091688,0.1498));
#4363=CARTESIAN_POINT('',(-0.0306801561962187,0.0381640670524324,0.12));
#4364=CARTESIAN_POINT('',(-0.0341944316907586,0.0417207323091688,0.12));
#4365=CARTESIAN_POINT('',(-0.0341944316907586,0.0417207323091688,0.150002));
#4366=CARTESIAN_POINT('',(-0.0377510969474951,0.0382064568146289,0.150002));
#4367=CARTESIAN_POINT('',(-0.0377510969474951,0.0382064568146289,0.1498));
#4368=CARTESIAN_POINT('',(-0.0377510969474951,0.0382064568146289,0.12));
#4369=CARTESIAN_POINT('',(0.0323313345497669,-0.0327213203619757,0.119998));
#4370=CARTESIAN_POINT('',(0.0069700704258164,-0.0577803187741943,0.0991456750248509));
#4371=CARTESIAN_POINT('',(0.0458466625253657,-0.0193670734827241,0.12));
#4372=CARTESIAN_POINT('',(0.0188160065741682,-0.0460755672412273,0.105500115800936));
#4373=CARTESIAN_POINT('',(0.0188160065741682,-0.0460755672412273,0.089998));
#4374=CARTESIAN_POINT('',(0.0188160065741682,-0.0460755672412273,0.12));
#4375=CARTESIAN_POINT('',(0.00916908842744714,-0.0556075095505695,0.12));
#4376=CARTESIAN_POINT('',(0.,0.,0.12));
#4377=CARTESIAN_POINT('',(0.,4.59242549680257E-18,0.12));
#4378=CARTESIAN_POINT('',(0.0203009880123494,-0.0656435872219883,0.12));
#4379=CARTESIAN_POINT('',(0.021232887232175,-0.065348107527564,0.12));
#4380=CARTESIAN_POINT('',(0.0217187340649404,-0.0668433903274162,0.12));
#4381=CARTESIAN_POINT('',(0.0218517693769985,-0.0672528309174914,0.12));
#4382=CARTESIAN_POINT('',(0.,4.59242549680257E-18,0.12));
#4383=CARTESIAN_POINT('',(0.0566115187099483,-0.0423742733350719,0.12));
#4384=CARTESIAN_POINT('',(0.0562668632759772,-0.0421162953846775,0.12));
#4385=CARTESIAN_POINT('',(0.055008176778388,-0.0411741562775237,0.12));
#4386=CARTESIAN_POINT('',(0.,4.59242549680257E-18,0.12));
#4387=CARTESIAN_POINT('',(0.055588420477592,-0.0403873515652458,0.12));
#4388=CARTESIAN_POINT('',(0.0568603839996578,-0.0413114871586388,0.12));
#4389=CARTESIAN_POINT('',(0.0572086749684833,-0.0415645353597587,0.12));
#4390=CARTESIAN_POINT('',(0.,4.59242549680257E-18,0.12));
#4391=CARTESIAN_POINT('',(0.0707066536566189,-0.00100609144969363,0.12));
#4392=CARTESIAN_POINT('',(0.0702761859186746,-0.000999966284831236,0.12));
#4393=CARTESIAN_POINT('',(0.0687041116787433,-0.000977597096511849,0.12));
#4394=CARTESIAN_POINT('',(0.,4.59242549680257E-18,0.12));
#4395=CARTESIAN_POINT('',(0.0687110664860351,2.40296441774125E-11,0.12));
#4396=CARTESIAN_POINT('',(0.0702832998645263,2.44443314858222E-11,0.12));
#4397=CARTESIAN_POINT('',(0.0707138111780309,2.45940447199364E-11,0.12));
#4398=CARTESIAN_POINT('',(0.,4.59242549680257E-18,0.12));
#4399=CARTESIAN_POINT('',(0.0577942501146671,0.040746383213796,0.12));
#4400=CARTESIAN_POINT('',(0.0574423941177213,0.0404983159880913,0.12));
#4401=CARTESIAN_POINT('',(0.056157411062765,0.0395923709870471,0.12));
#4402=CARTESIAN_POINT('',(0.,4.59242549680257E-18,0.12));
#4403=CARTESIAN_POINT('',(0.055588420477592,0.0403873515652459,0.12));
#4404=CARTESIAN_POINT('',(0.0568603839996578,0.0413114871586389,0.12));
#4405=CARTESIAN_POINT('',(0.0572086749684833,0.0415645353597588,0.12));
#4406=CARTESIAN_POINT('',(0.,4.59242549680257E-18,0.12));
#4407=CARTESIAN_POINT('',(0.0228064073872511,0.0669351243623925,0.12));
#4408=CARTESIAN_POINT('',(0.0226675601629671,0.0665276179951243,0.12));
#4409=CARTESIAN_POINT('',(0.022160488144922,0.0650393990041967,0.12));
#4410=CARTESIAN_POINT('',(0.,4.59242549680257E-18,0.12));
#4411=CARTESIAN_POINT('',(0.021232887232175,0.0653481075275641,0.12));
#4412=CARTESIAN_POINT('',(0.0217187340649403,0.0668433903274163,0.12));
#4413=CARTESIAN_POINT('',(0.0218517693769984,0.0672528309174914,0.12));
#4414=CARTESIAN_POINT('',(0.,4.59242549680257E-18,0.12));
#4415=CARTESIAN_POINT('',(-0.0208927077989533,0.0675569230512297,0.12));
#4416=CARTESIAN_POINT('',(-0.0207655113301539,0.067145631124029,0.12));
#4417=CARTESIAN_POINT('',(-0.02030098803518,0.0656435872149276,0.12));
#4418=CARTESIAN_POINT('',(0.,4.59242549680257E-18,0.12));
#4419=CARTESIAN_POINT('',(-0.0212328872549029,0.0653481075201793,0.12));
#4420=CARTESIAN_POINT('',(-0.0217187340881882,0.0668433903198625,0.12));
#4421=CARTESIAN_POINT('',(-0.0218517694003888,0.0672528309098914,0.12));
#4422=CARTESIAN_POINT('',(0.,4.59242549680257E-18,0.12));
#4423=CARTESIAN_POINT('',(-0.0566115187246859,0.0423742733153826,0.12));
#4424=CARTESIAN_POINT('',(-0.0562668632906252,0.0421162953651081,0.12));
#4425=CARTESIAN_POINT('',(-0.0550081767927083,0.041174156258392,0.12));
#4426=CARTESIAN_POINT('',(0.,4.59242549680257E-18,0.12));
#4427=CARTESIAN_POINT('',(-0.0555884204916386,0.0403873515459124,0.12));
#4428=CARTESIAN_POINT('',(-0.0568603840140258,0.0413114871388629,0.12));
#4429=CARTESIAN_POINT('',(-0.0572086749829393,0.0415645353398618,0.12));
#4430=CARTESIAN_POINT('',(0.,4.59242549680257E-18,0.12));
#4431=CARTESIAN_POINT('',(-0.0707066536569689,0.0010060914251021,0.12));
#4432=CARTESIAN_POINT('',(-0.0702761859190224,0.000999966260389422,0.12));
#4433=CARTESIAN_POINT('',(-0.0687041116790833,0.000977597072616812,0.12));
#4434=CARTESIAN_POINT('',(0.,4.59242549680257E-18,0.12));
#4435=CARTESIAN_POINT('',(-0.0687110664860351,-2.53280142516028E-17,0.12));
#4436=CARTESIAN_POINT('',(-0.0702832998645263,-2.59186054169078E-17,0.12));
#4437=CARTESIAN_POINT('',(-0.0707138111780309,-2.61318580275547E-17,0.12));
#4438=CARTESIAN_POINT('',(0.,4.59242549680257E-18,0.12));
#4439=CARTESIAN_POINT('',(-0.0577942501288385,-0.0407463831936953,0.12));
#4440=CARTESIAN_POINT('',(-0.0574423941318065,-0.0404983159681131,0.12));
#4441=CARTESIAN_POINT('',(-0.0561574110765351,-0.0395923709675157,0.12));
#4442=CARTESIAN_POINT('',(0.,4.59242549680257E-18,0.12));
#4443=CARTESIAN_POINT('',(-0.0555884204916386,-0.0403873515459124,0.12));
#4444=CARTESIAN_POINT('',(-0.0568603840140258,-0.0413114871388629,0.12));
#4445=CARTESIAN_POINT('',(-0.0572086749829393,-0.0415645353398618,0.12));
#4446=CARTESIAN_POINT('',(0.,4.59242549680257E-18,0.12));
#4447=CARTESIAN_POINT('',(-0.0228064074105308,-0.0669351243544605,0.12));
#4448=CARTESIAN_POINT('',(-0.0226675601861052,-0.0665276179872406,0.12));
#4449=CARTESIAN_POINT('',(-0.0221604881675425,-0.0650393989964894,0.12));
#4450=CARTESIAN_POINT('',(0.,4.59242549680257E-18,0.12));
#4451=CARTESIAN_POINT('',(-0.0212328872549028,-0.0653481075201793,0.12));
#4452=CARTESIAN_POINT('',(-0.0217187340881882,-0.0668433903198625,0.12));
#4453=CARTESIAN_POINT('',(-0.0218517694003888,-0.0672528309098914,0.12));
#4454=CARTESIAN_POINT('',(0.,4.59242549680257E-18,0.12));
#4455=CARTESIAN_POINT('',(0.0208927077754572,-0.0675569230584961,0.12));
#4456=CARTESIAN_POINT('',(0.0207655113068009,-0.0671456311312512,0.12));
#4457=CARTESIAN_POINT('',(0.000200960144753309,0.0450828982884449,0.12));
#4458=CARTESIAN_POINT('',(-0.00499903985524669,0.0450828982884449,0.12));
#4459=CARTESIAN_POINT('',(0.00540096014475331,0.0450828982884449,0.12));
#4460=CARTESIAN_POINT('',(-0.00499903985524669,0.0502828982884449,0.12));
#4461=CARTESIAN_POINT('',(-0.00499903985524669,0.0554828982884449,0.12));
#4462=CARTESIAN_POINT('',(0.000200960144753311,0.0554828982884449,0.12));
#4463=CARTESIAN_POINT('',(0.00540096014475331,0.0554828982884449,0.12));
#4464=CARTESIAN_POINT('',(0.00540096014475331,0.0502828982884449,0.12));
#4465=CARTESIAN_POINT('',(-0.000183841686674455,-0.0459996326315139,0.12));
#4466=CARTESIAN_POINT('',(-0.0191836899475171,-0.0459236980218006,0.12));
#4467=CARTESIAN_POINT('',(-0.0325918449737585,-0.0324618490109003,0.12));
#4468=CARTESIAN_POINT('',(-0.0381079064717336,-0.0269236980218006,0.12));
#4469=CARTESIAN_POINT('',(-0.0381076035986465,-0.0268479151512445,0.12));
#4470=CARTESIAN_POINT('',(-0.0380316689889331,-0.00784806689040178,0.12));
#4471=CARTESIAN_POINT('',(-0.00787973587933496,-0.00796857181451212,0.12));
#4472=CARTESIAN_POINT('',(-0.0188802549869783,-0.00792460724628951,0.12));
#4473=CARTESIAN_POINT('',(0.00546175969491671,-0.0325602392656286,0.12));
#4474=CARTESIAN_POINT('',(-0.00778638248400647,-0.019152295842499,0.12));
#4475=CARTESIAN_POINT('',(-0.00821509711489406,-0.072786487541809,0.12));
#4476=CARTESIAN_POINT('',(-0.00778467260219336,-0.0189383816852952,0.12));
#4477=CARTESIAN_POINT('',(0.0268472694795712,-0.0192152054761662,0.12));
#4478=CARTESIAN_POINT('',(-0.015925376872311,0.0176894791122796,0.12));
#4479=CARTESIAN_POINT('',(-0.0161394068202277,0.0175625259872795,0.12));
#4480=CARTESIAN_POINT('',(-0.0163216984868943,0.0175218358831129,0.12));
#4481=CARTESIAN_POINT('',(-0.015925376872311,0.0176894791122796,0.12));
#4482=CARTESIAN_POINT('',(-0.0163216984868943,0.0175218358831129,0.12));
#4483=CARTESIAN_POINT('',(-0.0165508904215201,0.0159691811967471,0.12));
#4484=CARTESIAN_POINT('',(-0.0158383260273211,0.0173687924301693,0.12));
#4485=CARTESIAN_POINT('',(-0.0165719602392581,0.0159110761064226,0.12));
#4486=CARTESIAN_POINT('',(-0.0153760319174753,0.0170230018023362,0.12));
#4487=CARTESIAN_POINT('',(-0.0167680040332108,0.0157284577853611,0.12));
#4488=CARTESIAN_POINT('',(-0.0150204289556443,0.0164793554143629,0.12));
#4489=CARTESIAN_POINT('',(-0.0150204289556443,0.0164793554143629,0.12));
#4490=CARTESIAN_POINT('',(-0.014878013591061,0.0161595311956129,0.12));
#4491=CARTESIAN_POINT('',(-0.014878013591061,0.0157412369247795,0.12));
#4492=CARTESIAN_POINT('',(-0.014878013591061,0.0157412369247795,0.12));
#4493=CARTESIAN_POINT('',(-0.014878013591061,0.0157412369247795,0.12));
#4494=CARTESIAN_POINT('',(-0.014878013591061,0.0152334244247796,0.12));
#4495=CARTESIAN_POINT('',(-0.0150253117681443,0.0148623306747795,0.12));
#4496=CARTESIAN_POINT('',(-0.0150253117681443,0.0148623306747795,0.12));
#4497=CARTESIAN_POINT('',(-0.0150253117681443,0.0148623306747795,0.12));
#4498=CARTESIAN_POINT('',(-0.0151726099452276,0.0144912369247795,0.12));
#4499=CARTESIAN_POINT('',(-0.0153964055181443,0.0142470962997795,0.12));
#4500=CARTESIAN_POINT('',(-0.0153964055181443,0.0142470962997795,0.12));
#4501=CARTESIAN_POINT('',(-0.0167759773091602,0.0154971714959706,0.12));
#4502=CARTESIAN_POINT('',(-0.0159002034018141,0.0138549418166435,0.12));
#4503=CARTESIAN_POINT('',(-0.0171471914167665,0.0161599485838309,0.12));
#4504=CARTESIAN_POINT('',(-0.0164445771709613,0.0136359114876181,0.12));
#4505=CARTESIAN_POINT('',(-0.0172369870298548,0.0164831671780073,0.12));
#4506=CARTESIAN_POINT('',(-0.0169271621779373,0.0135447396385593,0.12));
#4507=CARTESIAN_POINT('',(-0.0173468692251552,0.0175690392084342,0.12));
#4508=CARTESIAN_POINT('',(-0.0172673365077276,0.0135244400497795,0.12));
#4509=CARTESIAN_POINT('',(-0.0172673365077276,0.0135244400497795,0.12));
#4510=CARTESIAN_POINT('',(-0.0181218286952276,0.0135244400497795,0.12));
#4511=CARTESIAN_POINT('',(-0.0186158065598109,0.0136416275497795,0.12));
#4512=CARTESIAN_POINT('',(-0.0186158065598109,0.0136416275497795,0.12));
#4513=CARTESIAN_POINT('',(-0.0186158065598109,0.0136416275497795,0.12));
#4514=CARTESIAN_POINT('',(-0.0191097844243943,0.0137588150497795,0.12));
#4515=CARTESIAN_POINT('',(-0.019301841716061,0.0138808853622795,0.12));
#4516=CARTESIAN_POINT('',(-0.019301841716061,0.0138808853622795,0.12));
#4517=CARTESIAN_POINT('',(-0.0191651229660609,0.0143178970810295,0.12));
#4518=CARTESIAN_POINT('',(-0.0190284117044837,0.0147548848635711,0.12));
#4519=CARTESIAN_POINT('',(-0.0197058113584747,0.0135043941250707,0.12));
#4520=CARTESIAN_POINT('',(-0.0188544524285012,0.0146431039592867,0.12));
#4521=CARTESIAN_POINT('',(-0.0183160834566919,0.0154362928689215,0.12));
#4522=CARTESIAN_POINT('',(-0.0186206893723109,0.0145262304143629,0.12));
#4523=CARTESIAN_POINT('',(-0.0186206893723109,0.0145262304143629,0.12));
#4524=CARTESIAN_POINT('',(-0.0184685083827276,0.0144700780706129,0.12));
#4525=CARTESIAN_POINT('',(-0.018193443278561,0.0144342707789462,0.12));
#4526=CARTESIAN_POINT('',(-0.018193443278561,0.0144342707789462,0.12));
#4527=CARTESIAN_POINT('',(-0.018193443278561,0.0144342707789462,0.12));
#4528=CARTESIAN_POINT('',(-0.0179183781743943,0.0143984634872795,0.12));
#4529=CARTESIAN_POINT('',(-0.0174414901535609,0.0143984634872795,0.12));
#4530=CARTESIAN_POINT('',(-0.0174414901535609,0.0143984634872795,0.12));
#4531=CARTESIAN_POINT('',(-0.0174414901535609,0.0143984634872795,0.12));
#4532=CARTESIAN_POINT('',(-0.016738365153561,0.0143984634872795,0.12));
#4533=CARTESIAN_POINT('',(-0.0163924992681443,0.0147801366643629,0.12));
#4534=CARTESIAN_POINT('',(-0.0163924992681443,0.0147801366643629,0.12));
#4535=CARTESIAN_POINT('',(-0.0163924992681443,0.0147801366643629,0.12));
#4536=CARTESIAN_POINT('',(-0.0160466333827276,0.0151618098414462,0.12));
#4537=CARTESIAN_POINT('',(-0.0160466333827276,0.0157412369247795,0.12));
#4538=CARTESIAN_POINT('',(-0.0160466333827276,0.0157412369247795,0.12));
#4539=CARTESIAN_POINT('',(-0.0160466333827276,0.0157412369247795,0.12));
#4540=CARTESIAN_POINT('',(-0.0160466333827276,0.0162913671331129,0.12));
#4541=CARTESIAN_POINT('',(-0.0163623885910609,0.0166673436956129,0.12));
#4542=CARTESIAN_POINT('',(-0.0163623885910609,0.0166673436956129,0.12));
#4543=CARTESIAN_POINT('',(-0.0163623885910609,0.0166673436956129,0.12));
#4544=CARTESIAN_POINT('',(-0.0166781437993943,0.0170433202581129,0.12));
#4545=CARTESIAN_POINT('',(-0.0172884953618943,0.0170433202581129,0.12));
#4546=CARTESIAN_POINT('',(-0.0172884953618943,0.0170433202581129,0.12));
#4547=CARTESIAN_POINT('',(-0.0178020044764776,0.0170433202581129,0.12));
#4548=CARTESIAN_POINT('',(-0.0183161244554461,0.0170433310917445,0.12));
#4549=CARTESIAN_POINT('',(-0.018320396403561,0.0174559179143629,0.12));
#4550=CARTESIAN_POINT('',(-0.018325279216061,0.0178685155706129,0.12));
#4551=CARTESIAN_POINT('',(-0.0179794133306443,0.0178685155706129,0.12));
#4552=CARTESIAN_POINT('',(-0.0176335474434744,0.017868510224109,0.12));
#4553=CARTESIAN_POINT('',(-0.0176370191301987,0.0284554438914827,0.12));
#4554=CARTESIAN_POINT('',(-0.0171818886257685,0.0178783160660171,0.12));
#4555=CARTESIAN_POINT('',(-0.0172234720925137,0.0189331460611197,0.12));
#4556=CARTESIAN_POINT('',(-0.0167497583827277,0.0179897720810296,0.12));
#4557=CARTESIAN_POINT('',(-0.0167497583827277,0.0179897720810296,0.12));
#4558=CARTESIAN_POINT('',(-0.0165463078618943,0.0180914973414462,0.12));
#4559=CARTESIAN_POINT('',(-0.016413658122311,0.0183356379664462,0.12));
#4560=CARTESIAN_POINT('',(-0.016413658122311,0.0183356379664462,0.12));
#4561=CARTESIAN_POINT('',(-0.016413658122311,0.0183356379664462,0.12));
#4562=CARTESIAN_POINT('',(-0.0162810083827276,0.0185797785914462,0.12));
#4563=CARTESIAN_POINT('',(-0.0162810083827276,0.0190371353622796,0.12));
#4564=CARTESIAN_POINT('',(-0.0162810083827276,0.0190371353622796,0.12));
#4565=CARTESIAN_POINT('',(-0.0188652111500253,0.0190238872054573,0.12));
#4566=CARTESIAN_POINT('',(-0.0163118747356421,0.019424514537217,0.12));
#4567=CARTESIAN_POINT('',(-0.0170907493960901,0.0193012263118456,0.12));
#4568=CARTESIAN_POINT('',(-0.0164795760910609,0.0198004817164462,0.12));
#4569=CARTESIAN_POINT('',(-0.0164795760910609,0.0198004817164462,0.12));
#4570=CARTESIAN_POINT('',(-0.016616294841061,0.0199730077581129,0.12));
#4571=CARTESIAN_POINT('',(-0.0168807805181443,0.0200804296331129,0.12));
#4572=CARTESIAN_POINT('',(-0.0168807805181443,0.0200804296331129,0.12));
#4573=CARTESIAN_POINT('',(-0.0168807805181443,0.0200804296331129,0.12));
#4574=CARTESIAN_POINT('',(-0.0171452661952276,0.0201878515081129,0.12));
#4575=CARTESIAN_POINT('',(-0.0176140161952276,0.0201878515081129,0.12));
#4576=CARTESIAN_POINT('',(-0.0176140161952276,0.0201878515081129,0.12));
#4577=CARTESIAN_POINT('',(-0.0176140161952276,0.0201878515081129,0.12));
#4578=CARTESIAN_POINT('',(-0.018081138591061,0.0201878515081129,0.12));
#4579=CARTESIAN_POINT('',(-0.0183610865077276,0.0201007746851962,0.12));
#4580=CARTESIAN_POINT('',(-0.0183610865077276,0.0201007746851962,0.12));
#4581=CARTESIAN_POINT('',(-0.0143880597915569,0.00711703168988184,0.12));
#4582=CARTESIAN_POINT('',(-0.0187843445090142,0.0199634511092949,0.12));
#4583=CARTESIAN_POINT('',(-0.0189616724452277,0.0204214127060295,0.12));
#4584=CARTESIAN_POINT('',(-0.0191390812993943,0.0208795832789462,0.12));
#4585=CARTESIAN_POINT('',(-0.0160880552905342,0.00993471303095051,0.12));
#4586=CARTESIAN_POINT('',(-0.0185344263514776,0.0210309504664462,0.12));
#4587=CARTESIAN_POINT('',(-0.0185344263514776,0.0210309504664462,0.12));
#4588=CARTESIAN_POINT('',(-0.0181739120285609,0.0211123306747795,0.12));
#4589=CARTESIAN_POINT('',(-0.0174919458827276,0.0211123306747795,0.12));
#4590=CARTESIAN_POINT('',(-0.0174919458827276,0.0211123306747795,0.12));
#4591=CARTESIAN_POINT('',(-0.0174697934351335,0.0176777263965126,0.12));
#4592=CARTESIAN_POINT('',(-0.0165862156898325,0.0209958315602159,0.12));
#4593=CARTESIAN_POINT('',(-0.0171040890001423,0.0190065391321692,0.12));
#4594=CARTESIAN_POINT('',(-0.0158381368366113,0.020625067583679,0.12));
#4595=CARTESIAN_POINT('',(-0.0169687057700809,0.0192207499115106,0.12));
#4596=CARTESIAN_POINT('',(-0.015329673747311,0.0199738215601962,0.12));
#4597=CARTESIAN_POINT('',(-0.015329673747311,0.0199738215601962,0.12));
#4598=CARTESIAN_POINT('',(-0.015141685466061,0.0195774999456129,0.12));
#4599=CARTESIAN_POINT('',(-0.015141685466061,0.0190371353622796,0.12));
#4600=CARTESIAN_POINT('',(-0.015141685466061,0.0190371353622796,0.12));
#4601=CARTESIAN_POINT('',(-0.0165730006183996,0.0190166914805602,0.12));
#4602=CARTESIAN_POINT('',(-0.0152539095871059,0.0184633715083107,0.12));
#4603=CARTESIAN_POINT('',(-0.0167981629017304,0.0191151975262991,0.12));
#4604=CARTESIAN_POINT('',(-0.0155387650324605,0.018010068560375,0.12));
#4605=CARTESIAN_POINT('',(-0.0167604224927659,0.0190881131012578,0.12));
#4606=CARTESIAN_POINT('',(0.,4.59242549680257E-18,0.09));
#4607=CARTESIAN_POINT('',(0.,4.59242549680257E-18,1.43108525157962));
#4608=CARTESIAN_POINT('',(0.0556165419188895,-0.0416295235126481,0.1055));
#4609=CARTESIAN_POINT('',(0.,4.59242549680257E-18,0.1055));
#4610=CARTESIAN_POINT('',(0.0214677132013449,-0.0660708275474926,0.1055));
#4611=CARTESIAN_POINT('',(6.59928026363914E-18,6.73666163389751E-18,1.43108525157962));
#4612=CARTESIAN_POINT('',(3.31455987004533E-18,5.6174889193796E-18,1.43108525157962));
#4613=CARTESIAN_POINT('',(0.0205255076046676,-0.0663695751114654,0.1055));
#4614=CARTESIAN_POINT('',(0.,4.59242549680257E-18,0.1055));
#4615=CARTESIAN_POINT('',(-0.0214677132243241,-0.0660708275400262,0.1055));
#4616=CARTESIAN_POINT('',(-3.29964013144669E-18,5.66454356649764E-18,1.43108525157962));
#4617=CARTESIAN_POINT('',(-3.28405242627294E-18,5.71138117685028E-18,1.43108525157962));
#4618=CARTESIAN_POINT('',(-0.0224055729765145,-0.0657587048420191,0.1055));
#4619=CARTESIAN_POINT('',(0.,4.59242549680257E-18,0.1055));
#4620=CARTESIAN_POINT('',(-0.0562032028607924,-0.0408340170825051,0.1055));
#4621=CARTESIAN_POINT('',(0.,4.59242549680257E-18,1.43108525157962));
#4622=CARTESIAN_POINT('',(0.,4.59242549680257E-18,1.43108525157962));
#4623=CARTESIAN_POINT('',(-0.0567784862199163,-0.0400302443844711,0.1055));
#4624=CARTESIAN_POINT('',(0.,4.59242549680257E-18,0.1055));
#4625=CARTESIAN_POINT('',(-0.0694709792856392,-2.63938317376032E-17,0.1055));
#4626=CARTESIAN_POINT('',(-2.13178198368202E-33,8.89603640743286E-18,1.43108525157962));
#4627=CARTESIAN_POINT('',(6.17026004195142E-20,8.9287952229973E-18,1.43108525157962));
#4628=CARTESIAN_POINT('',(-0.0694639475617205,0.000988408846706914,0.1055));
#4629=CARTESIAN_POINT('',(0.,4.59242549680257E-18,0.1055));
#4630=CARTESIAN_POINT('',(-0.0562032028607924,0.0408340170825051,0.1055));
#4631=CARTESIAN_POINT('',(0.,4.59242549680257E-18,1.43108525157962));
#4632=CARTESIAN_POINT('',(0.,4.59242549680257E-18,1.43108525157962));
#4633=CARTESIAN_POINT('',(-0.0556165419333681,0.0416295234933048,0.1055));
#4634=CARTESIAN_POINT('',(0.,4.59242549680257E-18,0.1055));
#4635=CARTESIAN_POINT('',(-0.0214677132243241,0.0660708275400262,0.1055));
#4636=CARTESIAN_POINT('',(6.59928026289338E-18,6.73666163619272E-18,1.43108525157962));
#4637=CARTESIAN_POINT('',(3.31455986968882E-18,5.61748892053239E-18,1.43108525157962));
#4638=CARTESIAN_POINT('',(-0.0205255076277507,0.0663695751043266,0.1055));
#4639=CARTESIAN_POINT('',(0.,4.59242549680257E-18,0.1055));
#4640=CARTESIAN_POINT('',(0.0214677132013449,0.0660708275474926,0.1055));
#4641=CARTESIAN_POINT('',(-3.29964013181957E-18,5.66454356535004E-18,1.43108525157962));
#4642=CARTESIAN_POINT('',(0.,4.59242549680257E-18,1.43108525157962));
#4643=CARTESIAN_POINT('',(0.0224055729536438,0.0657587048498117,0.1055));
#4644=CARTESIAN_POINT('',(0.,4.59242549680257E-18,0.1055));
#4645=CARTESIAN_POINT('',(0.0562032028465905,0.0408340171020525,0.1055));
#4646=CARTESIAN_POINT('',(0.,4.59242549680257E-18,1.43108525157962));
#4647=CARTESIAN_POINT('',(3.99829715551119E-18,-1.07871799158775E-18,1.43108525157962));
#4648=CARTESIAN_POINT('',(0.0567784862059939,0.0400302444042185,0.1055));
#4649=CARTESIAN_POINT('',(0.,4.59242549680257E-18,0.1055));
#4650=CARTESIAN_POINT('',(0.0694709792856392,2.41618002975165E-11,0.1055));
#4651=CARTESIAN_POINT('',(-1.49678201682797E-27,8.8960364076149E-18,1.43108525157962));
#4652=CARTESIAN_POINT('',(6.17026019276877E-20,8.92879522297583E-18,1.43108525157962));
#4653=CARTESIAN_POINT('',(0.0694639475613768,-0.000988408870866219,0.1055));
#4654=CARTESIAN_POINT('',(0.,4.59242549680257E-18,0.1055));
#4655=CARTESIAN_POINT('',(0.0562032028465905,-0.0408340171020524,0.1055));
#4656=CARTESIAN_POINT('',(0.,4.59242549680257E-18,1.43108525157962));
#4657=CARTESIAN_POINT('',(5.58452599948092E-18,8.7108375658897E-18,1.43108525157962));
#4658=CARTESIAN_POINT('',(-0.0412639190535489,0.0559534657847141,0.1045));
#4659=CARTESIAN_POINT('',(0.,4.59242549680257E-18,0.1045));
#4660=CARTESIAN_POINT('',(2.09723456249616E-18,1.12067928739258E-17,1.43108525157962));
#4661=CARTESIAN_POINT('',(-0.066271833770278,0.0210129816471543,0.1045));
#4662=CARTESIAN_POINT('',(0.,4.59242549680257E-18,0.1045));
#4663=CARTESIAN_POINT('',(-1.09556459740481E-18,7.88435507766141E-18,1.43108525157962));
#4664=CARTESIAN_POINT('',(-0.0659661604889632,-0.0219537472729224,0.1045));
#4665=CARTESIAN_POINT('',(0.,4.59242549680257E-18,0.1045));
#4666=CARTESIAN_POINT('',(0.,4.59242549680257E-18,1.43108525157962));
#4667=CARTESIAN_POINT('',(-0.040463656013589,-0.0565348909169633,0.1045));
#4668=CARTESIAN_POINT('',(0.,4.59242549680257E-18,0.1045));
#4669=CARTESIAN_POINT('',(1.08417473690551E-19,4.59319679880665E-18,1.43108525157962));
#4670=CARTESIAN_POINT('',(0.000494589746583262,-0.0695216277856148,0.1045));
#4671=CARTESIAN_POINT('',(0.,4.59242549680257E-18,0.1045));
#4672=CARTESIAN_POINT('',(0.,4.59242549680257E-18,1.43108525157962));
#4673=CARTESIAN_POINT('',(0.0412639190340884,-0.0559534657990655,0.1045));
#4674=CARTESIAN_POINT('',(0.,4.59242549680257E-18,0.1045));
#4675=CARTESIAN_POINT('',(2.09723456479661E-18,1.12067928731964E-17,1.43108525157962));
#4676=CARTESIAN_POINT('',(0.0662718337629697,-0.0210129816702034,0.1045));
#4677=CARTESIAN_POINT('',(0.,4.59242549680257E-18,0.1045));
#4678=CARTESIAN_POINT('',(-2.19112919709947E-18,1.11762846577582E-17,1.43108525157962));
#4679=CARTESIAN_POINT('',(0.0659661604813277,0.0219537472958652,0.1045));
#4680=CARTESIAN_POINT('',(0.,4.59242549680257E-18,0.1045));
#4681=CARTESIAN_POINT('',(0.,4.59242549680257E-18,1.43108525157962));
#4682=CARTESIAN_POINT('',(0.0404636559939264,0.0565348909310364,0.1045));
#4683=CARTESIAN_POINT('',(0.,4.59242549680257E-18,0.1045));
#4684=CARTESIAN_POINT('',(1.08417473690283E-19,4.59319679884436E-18,1.43108525157962));
#4685=CARTESIAN_POINT('',(-0.000494589770762653,0.0695216277854428,0.1045));
#4686=CARTESIAN_POINT('',(0.,4.59242549680257E-18,0.1045));
#4687=CARTESIAN_POINT('',(0.00546175969491671,-0.0325602392656286,0.089998));
#4688=CARTESIAN_POINT('',(-0.00778638248400646,-0.019152295842499,0.089998));
#4689=CARTESIAN_POINT('',(-0.00778638248400647,-0.019152295842499,0.091));
#4690=CARTESIAN_POINT('',(-0.0188802549869783,-0.0079246072462895,0.120002));
#4691=CARTESIAN_POINT('',(0.0188160065741682,-0.0460755672412273,0.089998));
#4692=CARTESIAN_POINT('',(0.00353092832198133,-0.0306061178908514,0.0971687060091912));
#4693=CARTESIAN_POINT('',(-0.000183841686674455,-0.0459996326315139,0.089998));
#4694=CARTESIAN_POINT('',(-0.0191836899475171,-0.0459236980218006,0.120002));
#4695=CARTESIAN_POINT('',(-0.00787973587933496,-0.00796857181451212,0.089998));
#4696=CARTESIAN_POINT('',(-0.0380316689889331,-0.00784806689040178,0.089998));
#4697=CARTESIAN_POINT('',(-0.0165508904215201,0.0159691811967471,0.119));
#4698=CARTESIAN_POINT('',(-0.0163216984868943,0.0175218358831129,0.119));
#4699=CARTESIAN_POINT('',(-0.0163216984868943,0.0175218358831129,0.119));
#4700=CARTESIAN_POINT('',(-0.0165508904215201,0.0159691811967471,0.119));
#4701=CARTESIAN_POINT('',(-0.0158383260273206,0.0173687924301702,0.11900000025));
#4702=CARTESIAN_POINT('',(-0.0158383000493943,0.0173688410914462,0.119));
#4703=CARTESIAN_POINT('',(-0.015925376872311,0.0176894791122796,0.119));
#4704=CARTESIAN_POINT('',(-0.015925376872311,0.0176894791122796,0.12));
#4705=CARTESIAN_POINT('',(-0.0160680635042554,0.0176048436956129,0.119));
#4706=CARTESIAN_POINT('',(-0.0160680635042554,0.0176048436956129,0.12));
#4707=CARTESIAN_POINT('',(-0.0162001707091165,0.017548962619224,0.119));
#4708=CARTESIAN_POINT('',(-0.0162001707091165,0.017548962619224,0.12));
#4709=CARTESIAN_POINT('',(-0.0163216984868943,0.0175218358831129,0.119));
#4710=CARTESIAN_POINT('',(-0.0163216984868943,0.0175218358831129,0.12));
#4711=CARTESIAN_POINT('',(-0.015925376872311,0.0176894791122796,0.119));
#4712=CARTESIAN_POINT('',(-0.015925376872311,0.0176894791122796,0.119));
#4713=CARTESIAN_POINT('',(-0.015925376872311,0.0176894791122796,0.119));
#4714=CARTESIAN_POINT('',(-0.0161394068202277,0.0175625259872795,0.119));
#4715=CARTESIAN_POINT('',(-0.0163216984868943,0.0175218358831129,0.119));
#4716=CARTESIAN_POINT('',(-0.0167604224927659,0.0190881131012578,0.119));
#4717=CARTESIAN_POINT('',(-0.0155388208827276,0.0180101171331129,0.119));
#4718=CARTESIAN_POINT('',(-0.0155387650324605,0.018010068560375,0.119));
#4719=CARTESIAN_POINT('',(-0.0167604224927659,0.0190881131012578,0.119));
#4720=CARTESIAN_POINT('',(-0.0167981629017304,0.0191151975262991,0.119));
#4721=CARTESIAN_POINT('',(-0.015253990153561,0.0184634048935296,0.119));
#4722=CARTESIAN_POINT('',(-0.0152539095871059,0.0184633715083107,0.119));
#4723=CARTESIAN_POINT('',(-0.0167981629017304,0.0191151975262991,0.119));
#4724=CARTESIAN_POINT('',(-0.0165730006183996,0.0190166914805602,0.119));
#4725=CARTESIAN_POINT('',(-0.015141685466061,0.0190371353622796,0.119));
#4726=CARTESIAN_POINT('',(-0.015141685466061,0.0190371353622796,0.119));
#4727=CARTESIAN_POINT('',(-0.0165730006183996,0.0190166914805602,0.119));
#4728=CARTESIAN_POINT('',(-0.015329673747311,0.0199738215601962,0.119));
#4729=CARTESIAN_POINT('',(-0.015329673747311,0.0199738215601962,0.12));
#4730=CARTESIAN_POINT('',(-0.0152043482264776,0.019709607150474,0.119));
#4731=CARTESIAN_POINT('',(-0.0152043482264776,0.019709607150474,0.12));
#4732=CARTESIAN_POINT('',(-0.015141685466061,0.0193973784178351,0.119));
#4733=CARTESIAN_POINT('',(-0.015141685466061,0.0193973784178351,0.12));
#4734=CARTESIAN_POINT('',(-0.015141685466061,0.0190371353622796,0.119));
#4735=CARTESIAN_POINT('',(-0.015141685466061,0.0190371353622796,0.12));
#4736=CARTESIAN_POINT('',(-0.015329673747311,0.0199738215601962,0.119));
#4737=CARTESIAN_POINT('',(-0.015329673747311,0.0199738215601962,0.119));
#4738=CARTESIAN_POINT('',(-0.015329673747311,0.0199738215601962,0.119));
#4739=CARTESIAN_POINT('',(-0.015141685466061,0.0195774999456129,0.119));
#4740=CARTESIAN_POINT('',(-0.015141685466061,0.0190371353622796,0.119));
#4741=CARTESIAN_POINT('',(-0.0169687057700809,0.0192207499115106,0.119));
#4742=CARTESIAN_POINT('',(-0.0158383000493943,0.0206248632268629,0.119));
#4743=CARTESIAN_POINT('',(-0.0158381368366113,0.020625067583679,0.119));
#4744=CARTESIAN_POINT('',(-0.0169687057700809,0.0192207499115106,0.119));
#4745=CARTESIAN_POINT('',(-0.0171040890001423,0.0190065391321692,0.119));
#4746=CARTESIAN_POINT('',(-0.0165861841639776,0.0209959569768629,0.119));
#4747=CARTESIAN_POINT('',(-0.0165862156898325,0.0209958315602159,0.119));
#4748=CARTESIAN_POINT('',(-0.0171040890001423,0.0190065391321692,0.119));
#4749=CARTESIAN_POINT('',(-0.0174697934351335,0.0176777263965126,0.118999999999999));
#4750=CARTESIAN_POINT('',(-0.0174919458827276,0.0211123306747795,0.119));
#4751=CARTESIAN_POINT('',(-0.0174919458827276,0.0211123306747795,0.119));
#4752=CARTESIAN_POINT('',(-0.0174697934351335,0.0176777263965126,0.119));
#4753=CARTESIAN_POINT('',(-0.0185344263514776,0.0210309504664462,0.119));
#4754=CARTESIAN_POINT('',(-0.0185344263514776,0.0210309504664462,0.12));
#4755=CARTESIAN_POINT('',(-0.0182940834695332,0.0210852039386684,0.119));
#4756=CARTESIAN_POINT('',(-0.0182940834695332,0.0210852039386684,0.12));
#4757=CARTESIAN_POINT('',(-0.0179465899799498,0.0211123306747795,0.119));
#4758=CARTESIAN_POINT('',(-0.0179465899799498,0.0211123306747795,0.12));
#4759=CARTESIAN_POINT('',(-0.0174919458827276,0.0211123306747795,0.119));
#4760=CARTESIAN_POINT('',(-0.0174919458827276,0.0211123306747795,0.12));
#4761=CARTESIAN_POINT('',(-0.0185344263514776,0.0210309504664462,0.119));
#4762=CARTESIAN_POINT('',(-0.0185344263514776,0.0210309504664462,0.119));
#4763=CARTESIAN_POINT('',(-0.0185344263514776,0.0210309504664462,0.119));
#4764=CARTESIAN_POINT('',(-0.0181739120285609,0.0211123306747795,0.119));
#4765=CARTESIAN_POINT('',(-0.0174919458827276,0.0211123306747795,0.119));
#4766=CARTESIAN_POINT('',(-0.0160880552905342,0.00993471303095051,0.118999999999988));
#4767=CARTESIAN_POINT('',(-0.0191391864636111,0.0208798548727722,0.119));
#4768=CARTESIAN_POINT('',(-0.0191390812993943,0.0208795832789462,0.119));
#4769=CARTESIAN_POINT('',(-0.0160880552905342,0.00993471303095051,0.119));
#4770=CARTESIAN_POINT('',(-0.0189616724452277,0.0204214127060295,0.119));
#4771=CARTESIAN_POINT('',(-0.0187843445090142,0.0199634511092949,0.119));
#4772=CARTESIAN_POINT('',(-0.0187843445090142,0.0199634511092949,0.119));
#4773=CARTESIAN_POINT('',(-0.0189616724452277,0.0204214127060295,0.119));
#4774=CARTESIAN_POINT('',(-0.0143880597915569,0.00711703168988184,0.118999999999972));
#4775=CARTESIAN_POINT('',(-0.0183610865077276,0.0201007746851962,0.119));
#4776=CARTESIAN_POINT('',(-0.0183610865077276,0.0201007746851962,0.119));
#4777=CARTESIAN_POINT('',(-0.0143880597915569,0.00711703168988184,0.119));
#4778=CARTESIAN_POINT('',(-0.0176140161952276,0.0201878515081129,0.119));
#4779=CARTESIAN_POINT('',(-0.0176140161952276,0.0201878515081129,0.12));
#4780=CARTESIAN_POINT('',(-0.0179254311257832,0.0201878515081129,0.119));
#4781=CARTESIAN_POINT('',(-0.0179254311257832,0.0201878515081129,0.12));
#4782=CARTESIAN_POINT('',(-0.0181744545632832,0.020158825900474,0.119));
#4783=CARTESIAN_POINT('',(-0.0181744545632832,0.020158825900474,0.12));
#4784=CARTESIAN_POINT('',(-0.0183610865077276,0.0201007746851962,0.119));
#4785=CARTESIAN_POINT('',(-0.0183610865077276,0.0201007746851962,0.12));
#4786=CARTESIAN_POINT('',(-0.0176140161952276,0.0201878515081129,0.119));
#4787=CARTESIAN_POINT('',(-0.0176140161952276,0.0201878515081129,0.119));
#4788=CARTESIAN_POINT('',(-0.0176140161952276,0.0201878515081129,0.119));
#4789=CARTESIAN_POINT('',(-0.018081138591061,0.0201878515081129,0.119));
#4790=CARTESIAN_POINT('',(-0.0183610865077276,0.0201007746851962,0.119));
#4791=CARTESIAN_POINT('',(-0.0168807805181443,0.0200804296331129,0.119));
#4792=CARTESIAN_POINT('',(-0.0168807805181443,0.0200804296331129,0.12));
#4793=CARTESIAN_POINT('',(-0.0170571043028665,0.0201520442164462,0.119));
#4794=CARTESIAN_POINT('',(-0.0170571043028665,0.0201520442164462,0.12));
#4795=CARTESIAN_POINT('',(-0.0173015161952276,0.0201878515081129,0.119));
#4796=CARTESIAN_POINT('',(-0.0173015161952276,0.0201878515081129,0.12));
#4797=CARTESIAN_POINT('',(-0.0176140161952276,0.0201878515081129,0.119));
#4798=CARTESIAN_POINT('',(-0.0176140161952276,0.0201878515081129,0.12));
#4799=CARTESIAN_POINT('',(-0.0168807805181443,0.0200804296331129,0.119));
#4800=CARTESIAN_POINT('',(-0.0168807805181443,0.0200804296331129,0.119));
#4801=CARTESIAN_POINT('',(-0.0168807805181443,0.0200804296331129,0.119));
#4802=CARTESIAN_POINT('',(-0.0171452661952276,0.0201878515081129,0.119));
#4803=CARTESIAN_POINT('',(-0.0176140161952276,0.0201878515081129,0.119));
#4804=CARTESIAN_POINT('',(-0.0164795760910609,0.0198004817164462,0.119));
#4805=CARTESIAN_POINT('',(-0.0164795760910609,0.0198004817164462,0.12));
#4806=CARTESIAN_POINT('',(-0.0165707219243943,0.0199154990775573,0.119));
#4807=CARTESIAN_POINT('',(-0.0165707219243943,0.0199154990775573,0.12));
#4808=CARTESIAN_POINT('',(-0.0167044567334221,0.0200088150497796,0.119));
#4809=CARTESIAN_POINT('',(-0.0167044567334221,0.0200088150497796,0.12));
#4810=CARTESIAN_POINT('',(-0.0168807805181443,0.0200804296331129,0.119));
#4811=CARTESIAN_POINT('',(-0.0168807805181443,0.0200804296331129,0.12));
#4812=CARTESIAN_POINT('',(-0.0164795760910609,0.0198004817164462,0.119));
#4813=CARTESIAN_POINT('',(-0.0164795760910609,0.0198004817164462,0.119));
#4814=CARTESIAN_POINT('',(-0.0164795760910609,0.0198004817164462,0.119));
#4815=CARTESIAN_POINT('',(-0.016616294841061,0.0199730077581129,0.119));
#4816=CARTESIAN_POINT('',(-0.0168807805181443,0.0200804296331129,0.119));
#4817=CARTESIAN_POINT('',(-0.0170907493960901,0.0193012263118456,0.119));
#4818=CARTESIAN_POINT('',(-0.0163119328618943,0.0194245051539462,0.119));
#4819=CARTESIAN_POINT('',(-0.0163118747356421,0.019424514537217,0.119));
#4820=CARTESIAN_POINT('',(-0.0170907493960901,0.0193012263118456,0.119));
#4821=CARTESIAN_POINT('',(-0.0188652111500253,0.0190238872054573,0.118999999999998));
#4822=CARTESIAN_POINT('',(-0.0162810083827276,0.0190371353622796,0.119));
#4823=CARTESIAN_POINT('',(-0.0162810083827276,0.0190371353622796,0.119));
#4824=CARTESIAN_POINT('',(-0.0188652111500253,0.0190238872054573,0.119));
#4825=CARTESIAN_POINT('',(-0.016413658122311,0.0183356379664462,0.119));
#4826=CARTESIAN_POINT('',(-0.016413658122311,0.0183356379664462,0.12));
#4827=CARTESIAN_POINT('',(-0.0163252249625887,0.0184983983831129,0.119));
#4828=CARTESIAN_POINT('',(-0.0163252249625887,0.0184983983831129,0.12));
#4829=CARTESIAN_POINT('',(-0.0162810083827276,0.0187322308483906,0.119));
#4830=CARTESIAN_POINT('',(-0.0162810083827276,0.0187322308483906,0.12));
#4831=CARTESIAN_POINT('',(-0.0162810083827276,0.0190371353622796,0.119));
#4832=CARTESIAN_POINT('',(-0.0162810083827276,0.0190371353622796,0.12));
#4833=CARTESIAN_POINT('',(-0.016413658122311,0.0183356379664462,0.119));
#4834=CARTESIAN_POINT('',(-0.016413658122311,0.0183356379664462,0.119));
#4835=CARTESIAN_POINT('',(-0.016413658122311,0.0183356379664462,0.119));
#4836=CARTESIAN_POINT('',(-0.0162810083827276,0.0185797785914462,0.119));
#4837=CARTESIAN_POINT('',(-0.0162810083827276,0.0190371353622796,0.119));
#4838=CARTESIAN_POINT('',(-0.0167497583827277,0.0179897720810296,0.119));
#4839=CARTESIAN_POINT('',(-0.0167497583827277,0.0179897720810296,0.12));
#4840=CARTESIAN_POINT('',(-0.0166141247021721,0.0180575889213073,0.119));
#4841=CARTESIAN_POINT('',(-0.0166141247021721,0.0180575889213073,0.12));
#4842=CARTESIAN_POINT('',(-0.0165020912820332,0.0181728775497795,0.119));
#4843=CARTESIAN_POINT('',(-0.0165020912820332,0.0181728775497795,0.12));
#4844=CARTESIAN_POINT('',(-0.016413658122311,0.0183356379664462,0.119));
#4845=CARTESIAN_POINT('',(-0.016413658122311,0.0183356379664462,0.12));
#4846=CARTESIAN_POINT('',(-0.0167497583827277,0.0179897720810296,0.119));
#4847=CARTESIAN_POINT('',(-0.0167497583827277,0.0179897720810296,0.119));
#4848=CARTESIAN_POINT('',(-0.0167497583827277,0.0179897720810296,0.119));
#4849=CARTESIAN_POINT('',(-0.0165463078618943,0.0180914973414462,0.119));
#4850=CARTESIAN_POINT('',(-0.016413658122311,0.0183356379664462,0.119));
#4851=CARTESIAN_POINT('',(-0.0172234720925137,0.0189331460611197,0.119));
#4852=CARTESIAN_POINT('',(-0.0171818872889776,0.0178782811956129,0.119));
#4853=CARTESIAN_POINT('',(-0.0171818886257685,0.0178783160660171,0.119));
#4854=CARTESIAN_POINT('',(-0.0172234720925137,0.0189331460611197,0.119));
#4855=CARTESIAN_POINT('',(-0.0176370191301987,0.0284554438914827,0.118999999999981));
#4856=CARTESIAN_POINT('',(-0.0176335474452276,0.0178685155706129,0.119));
#4857=CARTESIAN_POINT('',(-0.0176335474434744,0.0178685102241077,0.11900000025));
#4858=CARTESIAN_POINT('',(-0.0176370191301987,0.0284554438914827,0.119));
#4859=CARTESIAN_POINT('',(-0.0179794133306443,0.0178685155706129,0.119));
#4860=CARTESIAN_POINT('',(-0.018325279216061,0.0178685155706129,0.119));
#4861=CARTESIAN_POINT('',(-0.018325279216061,0.0178685155706129,0.119));
#4862=CARTESIAN_POINT('',(-0.0179794133306443,0.0178685155706129,0.119));
#4863=CARTESIAN_POINT('',(-0.018320396403561,0.0174559179143629,0.119));
#4864=CARTESIAN_POINT('',(-0.0183161244554461,0.0170433419253761,0.119));
#4865=CARTESIAN_POINT('',(-0.0183161244554461,0.0170433419253761,0.119));
#4866=CARTESIAN_POINT('',(-0.018320396403561,0.0174559179143629,0.119));
#4867=CARTESIAN_POINT('',(-0.0178020044764776,0.0170433202581129,0.119));
#4868=CARTESIAN_POINT('',(-0.0172884953618943,0.0170433202581129,0.119));
#4869=CARTESIAN_POINT('',(-0.0172884953618943,0.0170433202581129,0.119));
#4870=CARTESIAN_POINT('',(-0.0178020044764776,0.0170433202581129,0.119));
#4871=CARTESIAN_POINT('',(-0.0163623885910609,0.0166673436956129,0.119));
#4872=CARTESIAN_POINT('',(-0.0163623885910609,0.0166673436956129,0.12));
#4873=CARTESIAN_POINT('',(-0.0165728920632832,0.0169179947372796,0.119));
#4874=CARTESIAN_POINT('',(-0.0165728920632832,0.0169179947372796,0.12));
#4875=CARTESIAN_POINT('',(-0.0168815943202276,0.0170433202581129,0.119));
#4876=CARTESIAN_POINT('',(-0.0168815943202276,0.0170433202581129,0.12));
#4877=CARTESIAN_POINT('',(-0.0172884953618943,0.0170433202581129,0.119));
#4878=CARTESIAN_POINT('',(-0.0172884953618943,0.0170433202581129,0.12));
#4879=CARTESIAN_POINT('',(-0.0163623885910609,0.0166673436956129,0.119));
#4880=CARTESIAN_POINT('',(-0.0163623885910609,0.0166673436956129,0.119));
#4881=CARTESIAN_POINT('',(-0.0163623885910609,0.0166673436956129,0.119));
#4882=CARTESIAN_POINT('',(-0.0166781437993943,0.0170433202581129,0.119));
#4883=CARTESIAN_POINT('',(-0.0172884953618943,0.0170433202581129,0.119));
#4884=CARTESIAN_POINT('',(-0.0160466333827276,0.0157412369247795,0.119));
#4885=CARTESIAN_POINT('',(-0.0160466333827276,0.0157412369247795,0.12));
#4886=CARTESIAN_POINT('',(-0.0160466333827276,0.0161079903970018,0.119));
#4887=CARTESIAN_POINT('',(-0.0160466333827276,0.0161079903970018,0.12));
#4888=CARTESIAN_POINT('',(-0.0161518851188387,0.0164166926539462,0.119));
#4889=CARTESIAN_POINT('',(-0.0161518851188387,0.0164166926539462,0.12));
#4890=CARTESIAN_POINT('',(-0.0163623885910609,0.0166673436956129,0.119));
#4891=CARTESIAN_POINT('',(-0.0163623885910609,0.0166673436956129,0.12));
#4892=CARTESIAN_POINT('',(-0.0160466333827276,0.0157412369247795,0.119));
#4893=CARTESIAN_POINT('',(-0.0160466333827276,0.0157412369247795,0.119));
#4894=CARTESIAN_POINT('',(-0.0160466333827276,0.0157412369247795,0.119));
#4895=CARTESIAN_POINT('',(-0.0160466333827276,0.0162913671331129,0.119));
#4896=CARTESIAN_POINT('',(-0.0163623885910609,0.0166673436956129,0.119));
#4897=CARTESIAN_POINT('',(-0.0163924992681443,0.0147801366643629,0.119));
#4898=CARTESIAN_POINT('',(-0.0163924992681443,0.0147801366643629,0.12));
#4899=CARTESIAN_POINT('',(-0.0161619220111998,0.0150345854490851,0.119));
#4900=CARTESIAN_POINT('',(-0.0161619220111998,0.0150345854490851,0.12));
#4901=CARTESIAN_POINT('',(-0.0160466333827276,0.0153549522025573,0.119));
#4902=CARTESIAN_POINT('',(-0.0160466333827276,0.0153549522025573,0.12));
#4903=CARTESIAN_POINT('',(-0.0160466333827276,0.0157412369247795,0.119));
#4904=CARTESIAN_POINT('',(-0.0160466333827276,0.0157412369247795,0.12));
#4905=CARTESIAN_POINT('',(-0.0163924992681443,0.0147801366643629,0.119));
#4906=CARTESIAN_POINT('',(-0.0163924992681443,0.0147801366643629,0.119));
#4907=CARTESIAN_POINT('',(-0.0163924992681443,0.0147801366643629,0.119));
#4908=CARTESIAN_POINT('',(-0.0160466333827276,0.0151618098414462,0.119));
#4909=CARTESIAN_POINT('',(-0.0160466333827276,0.0157412369247795,0.119));
#4910=CARTESIAN_POINT('',(-0.0174414901535609,0.0143984634872795,0.119));
#4911=CARTESIAN_POINT('',(-0.0174414901535609,0.0143984634872795,0.12));
#4912=CARTESIAN_POINT('',(-0.016972740153561,0.0143984634872795,0.119));
#4913=CARTESIAN_POINT('',(-0.016972740153561,0.0143984634872795,0.12));
#4914=CARTESIAN_POINT('',(-0.0166230765250887,0.0145256878796407,0.119));
#4915=CARTESIAN_POINT('',(-0.0166230765250887,0.0145256878796407,0.12));
#4916=CARTESIAN_POINT('',(-0.0163924992681443,0.0147801366643629,0.119));
#4917=CARTESIAN_POINT('',(-0.0163924992681443,0.0147801366643629,0.12));
#4918=CARTESIAN_POINT('',(-0.0174414901535609,0.0143984634872795,0.119));
#4919=CARTESIAN_POINT('',(-0.0174414901535609,0.0143984634872795,0.119));
#4920=CARTESIAN_POINT('',(-0.0174414901535609,0.0143984634872795,0.119));
#4921=CARTESIAN_POINT('',(-0.016738365153561,0.0143984634872795,0.119));
#4922=CARTESIAN_POINT('',(-0.0163924992681443,0.0147801366643629,0.119));
#4923=CARTESIAN_POINT('',(-0.018193443278561,0.0144342707789462,0.119));
#4924=CARTESIAN_POINT('',(-0.018193443278561,0.0144342707789462,0.12));
#4925=CARTESIAN_POINT('',(-0.0180100665424499,0.0144103992511684,0.119));
#4926=CARTESIAN_POINT('',(-0.0180100665424499,0.0144103992511684,0.12));
#4927=CARTESIAN_POINT('',(-0.0177594155007832,0.0143984634872795,0.119));
#4928=CARTESIAN_POINT('',(-0.0177594155007832,0.0143984634872795,0.12));
#4929=CARTESIAN_POINT('',(-0.0174414901535609,0.0143984634872795,0.119));
#4930=CARTESIAN_POINT('',(-0.0174414901535609,0.0143984634872795,0.12));
#4931=CARTESIAN_POINT('',(-0.018193443278561,0.0144342707789462,0.119));
#4932=CARTESIAN_POINT('',(-0.018193443278561,0.0144342707789462,0.119));
#4933=CARTESIAN_POINT('',(-0.018193443278561,0.0144342707789462,0.119));
#4934=CARTESIAN_POINT('',(-0.0179183781743943,0.0143984634872795,0.119));
#4935=CARTESIAN_POINT('',(-0.0174414901535609,0.0143984634872795,0.119));
#4936=CARTESIAN_POINT('',(-0.0186206893723109,0.0145262304143629,0.119));
#4937=CARTESIAN_POINT('',(-0.0186206893723109,0.0145262304143629,0.12));
#4938=CARTESIAN_POINT('',(-0.0185192353792554,0.0144887955185295,0.119));
#4939=CARTESIAN_POINT('',(-0.0185192353792554,0.0144887955185295,0.12));
#4940=CARTESIAN_POINT('',(-0.018376820014672,0.014458142306724,0.119));
#4941=CARTESIAN_POINT('',(-0.018376820014672,0.014458142306724,0.12));
#4942=CARTESIAN_POINT('',(-0.018193443278561,0.0144342707789462,0.119));
#4943=CARTESIAN_POINT('',(-0.018193443278561,0.0144342707789462,0.12));
#4944=CARTESIAN_POINT('',(-0.0186206893723109,0.0145262304143629,0.119));
#4945=CARTESIAN_POINT('',(-0.0186206893723109,0.0145262304143629,0.119));
#4946=CARTESIAN_POINT('',(-0.0186206893723109,0.0145262304143629,0.119));
#4947=CARTESIAN_POINT('',(-0.0184685083827276,0.0144700780706129,0.119));
#4948=CARTESIAN_POINT('',(-0.018193443278561,0.0144342707789462,0.119));
#4949=CARTESIAN_POINT('',(-0.0183160834566919,0.0154362928689215,0.118999999999999));
#4950=CARTESIAN_POINT('',(-0.0188542505702276,0.0146434179143629,0.119));
#4951=CARTESIAN_POINT('',(-0.0188544524285012,0.0146431039592867,0.119));
#4952=CARTESIAN_POINT('',(-0.0183160834566919,0.0154362928689215,0.119));
#4953=CARTESIAN_POINT('',(-0.0197058113584747,0.0135043941250707,0.118999999999998));
#4954=CARTESIAN_POINT('',(-0.0190284117044837,0.0147548848635711,0.119));
#4955=CARTESIAN_POINT('',(-0.0190284117044837,0.0147548848635711,0.119));
#4956=CARTESIAN_POINT('',(-0.0197058113584747,0.0135043941250707,0.119));
#4957=CARTESIAN_POINT('',(-0.0191651229660609,0.0143178970810295,0.119));
#4958=CARTESIAN_POINT('',(-0.019301841716061,0.0138808853622795,0.119));
#4959=CARTESIAN_POINT('',(-0.019301841716061,0.0138808853622795,0.119));
#4960=CARTESIAN_POINT('',(-0.0191651229660609,0.0143178970810295,0.119));
#4961=CARTESIAN_POINT('',(-0.0186158065598109,0.0136416275497795,0.119));
#4962=CARTESIAN_POINT('',(-0.0186158065598109,0.0136416275497795,0.12));
#4963=CARTESIAN_POINT('',(-0.0189451251361999,0.0137197525497795,0.119));
#4964=CARTESIAN_POINT('',(-0.0189451251361999,0.0137197525497795,0.12));
#4965=CARTESIAN_POINT('',(-0.0191738035216165,0.0137995051539462,0.119));
#4966=CARTESIAN_POINT('',(-0.0191738035216165,0.0137995051539462,0.12));
#4967=CARTESIAN_POINT('',(-0.019301841716061,0.0138808853622795,0.119));
#4968=CARTESIAN_POINT('',(-0.019301841716061,0.0138808853622795,0.12));
#4969=CARTESIAN_POINT('',(-0.0186158065598109,0.0136416275497795,0.119));
#4970=CARTESIAN_POINT('',(-0.0186158065598109,0.0136416275497795,0.119));
#4971=CARTESIAN_POINT('',(-0.0186158065598109,0.0136416275497795,0.119));
#4972=CARTESIAN_POINT('',(-0.0191097844243943,0.0137588150497795,0.119));
#4973=CARTESIAN_POINT('',(-0.019301841716061,0.0138808853622795,0.119));
#4974=CARTESIAN_POINT('',(-0.0172673365077276,0.0135244400497795,0.119));
#4975=CARTESIAN_POINT('',(-0.0172673365077276,0.0135244400497795,0.12));
#4976=CARTESIAN_POINT('',(-0.0178369979660609,0.0135244400497795,0.119));
#4977=CARTESIAN_POINT('',(-0.0178369979660609,0.0135244400497795,0.12));
#4978=CARTESIAN_POINT('',(-0.0182864879834221,0.0135635025497795,0.119));
#4979=CARTESIAN_POINT('',(-0.0182864879834221,0.0135635025497795,0.12));
#4980=CARTESIAN_POINT('',(-0.0186158065598109,0.0136416275497795,0.119));
#4981=CARTESIAN_POINT('',(-0.0186158065598109,0.0136416275497795,0.12));
#4982=CARTESIAN_POINT('',(-0.0172673365077276,0.0135244400497795,0.119));
#4983=CARTESIAN_POINT('',(-0.0172673365077276,0.0135244400497795,0.119));
#4984=CARTESIAN_POINT('',(-0.0172673365077276,0.0135244400497795,0.119));
#4985=CARTESIAN_POINT('',(-0.0181218286952276,0.0135244400497795,0.119));
#4986=CARTESIAN_POINT('',(-0.0186158065598109,0.0136416275497795,0.119));
#4987=CARTESIAN_POINT('',(-0.0173468692251552,0.0175690392084342,0.118999999999996));
#4988=CARTESIAN_POINT('',(-0.0169271672368943,0.0135447851018629,0.119));
#4989=CARTESIAN_POINT('',(-0.0169271621779373,0.0135447396385593,0.119));
#4990=CARTESIAN_POINT('',(-0.0173468692251552,0.0175690392084342,0.119));
#4991=CARTESIAN_POINT('',(-0.0172369870298548,0.0164831671780073,0.118999999999999));
#4992=CARTESIAN_POINT('',(-0.0164445826014777,0.0136359309351962,0.119));
#4993=CARTESIAN_POINT('',(-0.0164445771709613,0.0136359114876181,0.119));
#4994=CARTESIAN_POINT('',(-0.0172369870298548,0.0164831671780073,0.119));
#4995=CARTESIAN_POINT('',(-0.0171471914167665,0.0161599485838309,0.118999999999999));
#4996=CARTESIAN_POINT('',(-0.0159001490077276,0.0138548436956129,0.119));
#4997=CARTESIAN_POINT('',(-0.0159002034018141,0.0138549418166435,0.119));
#4998=CARTESIAN_POINT('',(-0.0171471914167665,0.0161599485838309,0.119));
#4999=CARTESIAN_POINT('',(-0.0167759773091602,0.0154971714959706,0.119));
#5000=CARTESIAN_POINT('',(-0.0153964055181443,0.0142470962997795,0.119));
#5001=CARTESIAN_POINT('',(-0.0153964055181443,0.0142470962997795,0.119));
#5002=CARTESIAN_POINT('',(-0.0167759773091602,0.0154971714959706,0.119));
#5003=CARTESIAN_POINT('',(-0.0150253117681443,0.0148623306747795,0.119));
#5004=CARTESIAN_POINT('',(-0.0150253117681443,0.0148623306747795,0.12));
#5005=CARTESIAN_POINT('',(-0.0151235105528665,0.0146149348414462,0.119));
#5006=CARTESIAN_POINT('',(-0.0151235105528665,0.0146149348414462,0.12));
#5007=CARTESIAN_POINT('',(-0.0152472084695332,0.0144098567164462,0.119));
#5008=CARTESIAN_POINT('',(-0.0152472084695332,0.0144098567164462,0.12));
#5009=CARTESIAN_POINT('',(-0.0153964055181443,0.0142470962997795,0.119));
#5010=CARTESIAN_POINT('',(-0.0153964055181443,0.0142470962997795,0.12));
#5011=CARTESIAN_POINT('',(-0.0150253117681443,0.0148623306747795,0.119));
#5012=CARTESIAN_POINT('',(-0.0150253117681443,0.0148623306747795,0.119));
#5013=CARTESIAN_POINT('',(-0.0150253117681443,0.0148623306747795,0.119));
#5014=CARTESIAN_POINT('',(-0.0151726099452276,0.0144912369247795,0.119));
#5015=CARTESIAN_POINT('',(-0.0153964055181443,0.0142470962997795,0.119));
#5016=CARTESIAN_POINT('',(-0.014878013591061,0.0157412369247795,0.119));
#5017=CARTESIAN_POINT('',(-0.014878013591061,0.0157412369247795,0.12));
#5018=CARTESIAN_POINT('',(-0.014878013591061,0.0154026952581129,0.119));
#5019=CARTESIAN_POINT('',(-0.014878013591061,0.0154026952581129,0.12));
#5020=CARTESIAN_POINT('',(-0.0149271129834221,0.0151097265081129,0.119));
#5021=CARTESIAN_POINT('',(-0.0149271129834221,0.0151097265081129,0.12));
#5022=CARTESIAN_POINT('',(-0.0150253117681443,0.0148623306747795,0.119));
#5023=CARTESIAN_POINT('',(-0.0150253117681443,0.0148623306747795,0.12));
#5024=CARTESIAN_POINT('',(-0.014878013591061,0.0157412369247795,0.119));
#5025=CARTESIAN_POINT('',(-0.014878013591061,0.0157412369247795,0.119));
#5026=CARTESIAN_POINT('',(-0.014878013591061,0.0157412369247795,0.119));
#5027=CARTESIAN_POINT('',(-0.014878013591061,0.0152334244247796,0.119));
#5028=CARTESIAN_POINT('',(-0.0150253117681443,0.0148623306747795,0.119));
#5029=CARTESIAN_POINT('',(-0.0150204289556443,0.0164793554143629,0.119));
#5030=CARTESIAN_POINT('',(-0.0150204289556443,0.0164793554143629,0.12));
#5031=CARTESIAN_POINT('',(-0.0149254853792554,0.0162661392685296,0.119));
#5032=CARTESIAN_POINT('',(-0.0149254853792554,0.0162661392685296,0.12));
#5033=CARTESIAN_POINT('',(-0.014878013591061,0.0160200997720018,0.119));
#5034=CARTESIAN_POINT('',(-0.014878013591061,0.0160200997720018,0.12));
#5035=CARTESIAN_POINT('',(-0.014878013591061,0.0157412369247795,0.119));
#5036=CARTESIAN_POINT('',(-0.014878013591061,0.0157412369247795,0.12));
#5037=CARTESIAN_POINT('',(-0.0150204289556443,0.0164793554143629,0.119));
#5038=CARTESIAN_POINT('',(-0.0150204289556443,0.0164793554143629,0.119));
#5039=CARTESIAN_POINT('',(-0.0150204289556443,0.0164793554143629,0.119));
#5040=CARTESIAN_POINT('',(-0.014878013591061,0.0161595311956129,0.119));
#5041=CARTESIAN_POINT('',(-0.014878013591061,0.0157412369247795,0.119));
#5042=CARTESIAN_POINT('',(-0.0167680040332108,0.0157284577853611,0.119));
#5043=CARTESIAN_POINT('',(-0.015376060466061,0.0170229752060295,0.119));
#5044=CARTESIAN_POINT('',(-0.0153760319174753,0.0170230018023362,0.119));
#5045=CARTESIAN_POINT('',(-0.0167680040332108,0.0157284577853611,0.119));
#5046=CARTESIAN_POINT('',(-0.0165719602392581,0.0159110761064226,0.119));
#5047=CARTESIAN_POINT('',(-0.0165719602392581,0.0159110761064226,0.119));
#5048=CARTESIAN_POINT('',(0.,0.,0.119));
#5049=CARTESIAN_POINT('',(-0.0381076035986465,-0.0268479151512445,0.089998));
#5050=CARTESIAN_POINT('',(-0.0381079064717336,-0.0269236980218006,0.120002));
#5051=CARTESIAN_POINT('',(-0.0325918449737585,-0.0324618490109003,0.120002));
#5052=CARTESIAN_POINT('',(-0.00821509711489406,-0.072786487541809,0.1055));
#5053=CARTESIAN_POINT('',(-0.00821509711489407,-0.072786487541809,0.091));
#5054=CARTESIAN_POINT('',(-0.00778467260219336,-0.0189383816852952,0.091));
#5055=CARTESIAN_POINT('',(-0.00778467260219336,-0.0189383816852952,0.1055));
#5056=CARTESIAN_POINT('',(0.0186005704488854,-0.0730008334405234,0.1055));
#5057=CARTESIAN_POINT('',(0.0190309949615861,-0.0191527275840097,0.1055));
#5058=CARTESIAN_POINT('',(0.0190309949615861,-0.0191527275840097,0.12));
#5059=CARTESIAN_POINT('',(0.000200960144753311,0.0554828982884449,0.089998));
#5060=CARTESIAN_POINT('',(0.00540096014475331,0.0554828982884449,0.089998));
#5061=CARTESIAN_POINT('',(-0.00499903985524669,0.0554828982884449,0.089998));
#5062=CARTESIAN_POINT('',(0.00540096014475331,0.0502828982884449,0.089998));
#5063=CARTESIAN_POINT('',(0.00540096014475331,0.0450828982884449,0.089998));
#5064=CARTESIAN_POINT('',(-0.00499903985524669,0.0502828982884449,0.089998));
#5065=CARTESIAN_POINT('',(-0.00499903985524669,0.0450828982884449,0.089998));
#5066=CARTESIAN_POINT('',(0.000200960144753309,0.0450828982884449,0.089998));
#5067=CARTESIAN_POINT('',(0.,0.,0.1498));
#5068=CARTESIAN_POINT('',(0.0669962060476901,-0.0212426602633094,0.09725));
#5069=CARTESIAN_POINT('',(0.0689000549052334,-0.0218463185427752,0.115));
#5070=CARTESIAN_POINT('',(0.0689000549052334,-0.0218463185427752,0.0901046719124851));
#5071=CARTESIAN_POINT('',(2.09723456479661E-18,1.12067928731964E-17,1.46929989679821));
#5072=CARTESIAN_POINT('',(0.068180911684816,-0.0216182979426069,0.1045));
#5073=CARTESIAN_POINT('',(0.0669962060476901,-0.0212426602633094,0.1045));
#5074=CARTESIAN_POINT('',(0.,8.89603640743286E-18,0.1045));
#5075=CARTESIAN_POINT('',(0.,4.59242549680257E-18,0.1045));
#5076=CARTESIAN_POINT('',(0.,4.59242549680257E-18,0.0901046719124859));
#5077=CARTESIAN_POINT('',(0.,4.59242549680257E-18,0.0901046719124859));
#5078=CARTESIAN_POINT('',(0.0207655113068009,-0.0671456311312512,0.11275));
#5079=CARTESIAN_POINT('',(3.31455987004533E-18,5.6174889193796E-18,1.46929989679821));
#5080=CARTESIAN_POINT('',(0.0211172273677755,-0.0682829109479732,0.1055));
#5081=CARTESIAN_POINT('',(0.0207655113068009,-0.0671456311312512,0.1055));
#5082=CARTESIAN_POINT('',(-0.0217187340881882,-0.0668433903198625,0.11275));
#5083=CARTESIAN_POINT('',(-0.0217187340881882,-0.0668433903198625,0.1055));
#5084=CARTESIAN_POINT('',(-0.0220865953698101,-0.0679755509297383,0.1055));
#5085=CARTESIAN_POINT('',(-3.29964013144669E-18,5.66454356649764E-18,1.46929989679821));
#5086=CARTESIAN_POINT('',(0.,8.89603640743286E-18,0.1055));
#5087=CARTESIAN_POINT('',(0.,4.59242549680257E-18,0.1055));
#5088=CARTESIAN_POINT('',(0.,4.59242549680257E-18,0.0901046719124859));
#5089=CARTESIAN_POINT('',(0.0574423941177214,0.0404983159880913,0.11275));
#5090=CARTESIAN_POINT('',(3.99829715551119E-18,-1.07871799158775E-18,1.46929989679821));
#5091=CARTESIAN_POINT('',(0.058415325257896,0.0411842566309674,0.1055));
#5092=CARTESIAN_POINT('',(0.0574423941177213,0.0404983159880913,0.1055));
#5093=CARTESIAN_POINT('',(0.0702832998645263,2.44443142713786E-11,0.11275));
#5094=CARTESIAN_POINT('',(0.0702832998645263,2.44443314858222E-11,0.1055));
#5095=CARTESIAN_POINT('',(0.071473723977635,2.48583574506756E-11,0.1055));
#5096=CARTESIAN_POINT('',(-1.49678201682797E-27,8.8960364076149E-18,1.46929989679821));
#5097=CARTESIAN_POINT('',(0.,8.89603640743286E-18,0.1055));
#5098=CARTESIAN_POINT('',(0.,4.59242549680257E-18,0.1055));
#5099=CARTESIAN_POINT('',(0.,4.59242549680257E-18,0.0901046719124859));
#5100=CARTESIAN_POINT('',(0.0702761859186746,-0.000999966284831236,0.11275));
#5101=CARTESIAN_POINT('',(6.17026019276877E-20,8.92879522297583E-18,1.46929989679821));
#5102=CARTESIAN_POINT('',(0.0714664895392524,-0.001016903224048,0.1055));
#5103=CARTESIAN_POINT('',(0.0702761859186746,-0.000999966284831236,0.1055));
#5104=CARTESIAN_POINT('',(0.0568603839996578,-0.0413114871586388,0.11275));
#5105=CARTESIAN_POINT('',(0.0568603839996578,-0.0413114871586388,0.1055));
#5106=CARTESIAN_POINT('',(0.0578234573374818,-0.0420112008965655,0.1055));
#5107=CARTESIAN_POINT('',(0.,4.59242549680257E-18,1.46929989679821));
#5108=CARTESIAN_POINT('',(0.,8.89603640743286E-18,0.1055));
#5109=CARTESIAN_POINT('',(0.,4.59242549680257E-18,0.1055));
#5110=CARTESIAN_POINT('',(0.,4.59242549680257E-18,0.0901046719124859));
#5111=CARTESIAN_POINT('',(0.0226675601629671,0.0665276179951243,0.11275));
#5112=CARTESIAN_POINT('',(0.,4.59242549680257E-18,1.46929989679821));
#5113=CARTESIAN_POINT('',(0.0230514921959729,0.0676544302080075,0.1055));
#5114=CARTESIAN_POINT('',(0.0226675601629671,0.0665276179951243,0.1055));
#5115=CARTESIAN_POINT('',(0.0568603839996578,0.0413114871586389,0.11275));
#5116=CARTESIAN_POINT('',(0.0568603839996578,0.0413114871586389,0.1055));
#5117=CARTESIAN_POINT('',(0.0578234573374818,0.0420112008965655,0.1055));
#5118=CARTESIAN_POINT('',(0.,4.59242549680257E-18,1.46929989679821));
#5119=CARTESIAN_POINT('',(0.,8.89603640743286E-18,0.1055));
#5120=CARTESIAN_POINT('',(0.,4.59242549680257E-18,0.1055));
#5121=CARTESIAN_POINT('',(0.,4.59242549680257E-18,0.0901046719124859));
#5122=CARTESIAN_POINT('',(0.0409059366624423,0.0571528353243755,0.09725));
#5123=CARTESIAN_POINT('',(0.0420683714535421,0.05877696251988,0.115));
#5124=CARTESIAN_POINT('',(0.0420683714535421,0.05877696251988,0.0901046719124856));
#5125=CARTESIAN_POINT('',(0.,4.59242549680257E-18,1.46929989679821));
#5126=CARTESIAN_POINT('',(0.0416292834997455,0.0581634789142278,0.1045));
#5127=CARTESIAN_POINT('',(0.0409059366624423,0.0571528353243755,0.1045));
#5128=CARTESIAN_POINT('',(0.,8.89603640743286E-18,0.1045));
#5129=CARTESIAN_POINT('',(0.,4.59242549680257E-18,0.1045));
#5130=CARTESIAN_POINT('',(0.,4.59242549680257E-18,0.0901046719124859));
#5131=CARTESIAN_POINT('',(0.,4.59242549680257E-18,0.0901046719124859));
#5132=CARTESIAN_POINT('',(-0.0207655113301538,0.067145631124029,0.11275));
#5133=CARTESIAN_POINT('',(3.31455986968882E-18,5.61748892053239E-18,1.46929989679821));
#5134=CARTESIAN_POINT('',(-0.021117227391524,0.0682829109406287,0.1055));
#5135=CARTESIAN_POINT('',(-0.0207655113301539,0.067145631124029,0.1055));
#5136=CARTESIAN_POINT('',(0.0217187340649403,0.0668433903274163,0.11275));
#5137=CARTESIAN_POINT('',(0.0217187340649403,0.0668433903274163,0.1055));
#5138=CARTESIAN_POINT('',(0.0220865953461684,0.0679755509374199,0.1055));
#5139=CARTESIAN_POINT('',(-3.29964013181957E-18,5.66454356535004E-18,1.46929989679821));
#5140=CARTESIAN_POINT('',(0.,8.89603640743286E-18,0.1055));
#5141=CARTESIAN_POINT('',(0.,4.59242549680257E-18,0.1055));
#5142=CARTESIAN_POINT('',(0.,4.59242549680257E-18,0.0901046719124859));
#5143=CARTESIAN_POINT('',(-0.0562668632906251,0.0421162953651081,0.11275));
#5144=CARTESIAN_POINT('',(0.,4.59242549680257E-18,1.46929989679821));
#5145=CARTESIAN_POINT('',(-0.0572198838653458,0.0428296405502954,0.1055));
#5146=CARTESIAN_POINT('',(-0.0562668632906252,0.0421162953651081,0.1055));
#5147=CARTESIAN_POINT('',(-0.0217187340881882,0.0668433903198626,0.11275));
#5148=CARTESIAN_POINT('',(-0.0217187340881882,0.0668433903198625,0.1055));
#5149=CARTESIAN_POINT('',(-0.0220865953698101,0.0679755509297383,0.1055));
#5150=CARTESIAN_POINT('',(6.59928026289338E-18,6.73666163619272E-18,1.46929989679821));
#5151=CARTESIAN_POINT('',(0.,8.89603640743286E-18,0.1055));
#5152=CARTESIAN_POINT('',(0.,4.59242549680257E-18,0.1055));
#5153=CARTESIAN_POINT('',(0.,4.59242549680257E-18,0.0901046719124859));
#5154=CARTESIAN_POINT('',(-0.0702761859190224,0.000999966260389453,0.11275));
#5155=CARTESIAN_POINT('',(6.17026004195142E-20,8.9287952229973E-18,1.46929989679821));
#5156=CARTESIAN_POINT('',(-0.0714664895396061,0.0010169031991922,0.1055));
#5157=CARTESIAN_POINT('',(-0.0702761859190224,0.00099996626038942,0.1055));
#5158=CARTESIAN_POINT('',(-0.0568603840140258,0.041311487138863,0.11275));
#5159=CARTESIAN_POINT('',(-0.0568603840140258,0.0413114871388629,0.1055));
#5160=CARTESIAN_POINT('',(-0.0578234573520932,0.0420112008764546,0.1055));
#5161=CARTESIAN_POINT('',(0.,4.59242549680257E-18,1.46929989679821));
#5162=CARTESIAN_POINT('',(0.,8.89603640743286E-18,0.1055));
#5163=CARTESIAN_POINT('',(0.,4.59242549680257E-18,0.1055));
#5164=CARTESIAN_POINT('',(0.,4.59242549680257E-18,0.0901046719124859));
#5165=CARTESIAN_POINT('',(-0.0574423941318065,-0.0404983159681131,0.11275));
#5166=CARTESIAN_POINT('',(0.,4.59242549680257E-18,1.46929989679821));
#5167=CARTESIAN_POINT('',(-0.0584153252722197,-0.0411842566106507,0.1055));
#5168=CARTESIAN_POINT('',(-0.0574423941318065,-0.0404983159681131,0.1055));
#5169=CARTESIAN_POINT('',(-0.0702832998645263,-2.59186054169078E-17,0.11275));
#5170=CARTESIAN_POINT('',(-0.0702832998645263,-2.76943432756715E-17,0.1055));
#5171=CARTESIAN_POINT('',(-0.071473723977635,-2.8314093207256E-17,0.1055));
#5172=CARTESIAN_POINT('',(-2.13178198368202E-33,8.89603640743286E-18,1.46929989679821));
#5173=CARTESIAN_POINT('',(0.,8.89603640743286E-18,0.1055));
#5174=CARTESIAN_POINT('',(0.,4.59242549680257E-18,0.1055));
#5175=CARTESIAN_POINT('',(0.,4.59242549680257E-18,0.0901046719124859));
#5176=CARTESIAN_POINT('',(-0.0226675601861052,-0.0665276179872406,0.11275));
#5177=CARTESIAN_POINT('',(-3.28405242627294E-18,5.71138117685028E-18,1.46929989679821));
#5178=CARTESIAN_POINT('',(-0.0230514922195028,-0.0676544301999903,0.1055));
#5179=CARTESIAN_POINT('',(-0.0226675601861052,-0.0665276179872406,0.1055));
#5180=CARTESIAN_POINT('',(-0.0568603840140258,-0.0413114871388629,0.11275));
#5181=CARTESIAN_POINT('',(-0.0568603840140258,-0.0413114871388629,0.1055));
#5182=CARTESIAN_POINT('',(-0.0578234573520932,-0.0420112008764547,0.1055));
#5183=CARTESIAN_POINT('',(0.,4.59242549680257E-18,1.46929989679821));
#5184=CARTESIAN_POINT('',(0.,8.89603640743286E-18,0.1055));
#5185=CARTESIAN_POINT('',(0.,4.59242549680257E-18,0.1055));
#5186=CARTESIAN_POINT('',(0.,4.59242549680257E-18,0.0901046719124859));
#5187=CARTESIAN_POINT('',(0.0562668632759772,-0.0421162953846775,0.11275));
#5188=CARTESIAN_POINT('',(0.,4.59242549680257E-18,1.46929989679821));
#5189=CARTESIAN_POINT('',(0.0572198838504497,-0.0428296405701963,0.1055));
#5190=CARTESIAN_POINT('',(0.0562668632759772,-0.0421162953846775,0.1055));
#5191=CARTESIAN_POINT('',(0.0217187340649404,-0.0668433903274162,0.11275));
#5192=CARTESIAN_POINT('',(0.0217187340649404,-0.0668433903274162,0.1055));
#5193=CARTESIAN_POINT('',(0.0220865953461684,-0.0679755509374199,0.1055));
#5194=CARTESIAN_POINT('',(6.59928026363914E-18,6.73666163389751E-18,1.46929989679821));
#5195=CARTESIAN_POINT('',(0.,8.89603640743286E-18,0.1055));
#5196=CARTESIAN_POINT('',(0.,4.59242549680257E-18,0.1055));
#5197=CARTESIAN_POINT('',(0.,4.59242549680257E-18,0.0901046719124859));
#5198=CARTESIAN_POINT('',(0.0666871916595655,0.0221937087573778,0.09725));
#5199=CARTESIAN_POINT('',(0.0685822591737387,0.0228243932327391,0.115));
#5200=CARTESIAN_POINT('',(0.0685822591737387,0.0228243932327391,0.0901046719124856));
#5201=CARTESIAN_POINT('',(-2.19112919709947E-18,1.11762846577582E-17,1.46929989679821));
#5202=CARTESIAN_POINT('',(0.0678664329411829,0.0225861639936472,0.1045));
#5203=CARTESIAN_POINT('',(0.0666871916595655,0.0221937087573778,0.1045));
#5204=CARTESIAN_POINT('',(0.,8.89603640743286E-18,0.1045));
#5205=CARTESIAN_POINT('',(0.,4.59242549680257E-18,0.1045));
#5206=CARTESIAN_POINT('',(0.,4.59242549680257E-18,0.0901046719124859));
#5207=CARTESIAN_POINT('',(0.,4.59242549680257E-18,0.0901046719124859));
#5208=CARTESIAN_POINT('',(-0.0669962060550782,0.0212426602400083,0.09725));
#5209=CARTESIAN_POINT('',(-0.0689000549128315,0.0218463185188119,0.115));
#5210=CARTESIAN_POINT('',(-0.0689000549128315,0.0218463185188119,0.0901046719124843));
#5211=CARTESIAN_POINT('',(2.09723456249616E-18,1.12067928739258E-17,1.46929989679821));
#5212=CARTESIAN_POINT('',(-0.0681809116923348,0.0216182979188938,0.1045));
#5213=CARTESIAN_POINT('',(-0.0669962060550782,0.0212426602400083,0.1045));
#5214=CARTESIAN_POINT('',(0.,8.89603640743286E-18,0.1045));
#5215=CARTESIAN_POINT('',(0.,4.59242549680257E-18,0.1045));
#5216=CARTESIAN_POINT('',(0.,4.59242549680257E-18,0.0901046719124859));
#5217=CARTESIAN_POINT('',(0.,4.59242549680257E-18,0.0901046719124859));
#5218=CARTESIAN_POINT('',(-0.0666871916672844,-0.0221937087341841,0.09725));
#5219=CARTESIAN_POINT('',(-0.068582259181677,-0.0228243932088864,0.115));
#5220=CARTESIAN_POINT('',(-0.068582259181677,-0.0228243932088864,0.0901046719124864));
#5221=CARTESIAN_POINT('',(-1.09556459740481E-18,7.88435507766141E-18,1.46929989679821));
#5222=CARTESIAN_POINT('',(-0.0678664329490383,-0.0225861639700435,0.1045));
#5223=CARTESIAN_POINT('',(-0.0666871916672844,-0.0221937087341842,0.1045));
#5224=CARTESIAN_POINT('',(0.,8.89603640743286E-18,0.1045));
#5225=CARTESIAN_POINT('',(0.,4.59242549680257E-18,0.1045));
#5226=CARTESIAN_POINT('',(0.,4.59242549680257E-18,0.0901046719124859));
#5227=CARTESIAN_POINT('',(0.,4.59242549680257E-18,0.0901046719124859));
#5228=CARTESIAN_POINT('',(-0.0409059366823198,-0.0571528353101486,0.09725));
#5229=CARTESIAN_POINT('',(-0.0420683714739845,-0.0587769625052488,0.115));
#5230=CARTESIAN_POINT('',(-0.0420683714739845,-0.0587769625052488,0.0901046719124869));
#5231=CARTESIAN_POINT('',(0.,4.59242549680257E-18,1.46929989679821));
#5232=CARTESIAN_POINT('',(-0.0416292835199746,-0.0581634788997492,0.1045));
#5233=CARTESIAN_POINT('',(-0.0409059366823199,-0.0571528353101486,0.1045));
#5234=CARTESIAN_POINT('',(0.,8.89603640743286E-18,0.1045));
#5235=CARTESIAN_POINT('',(0.,4.59242549680257E-18,0.1045));
#5236=CARTESIAN_POINT('',(0.,4.59242549680257E-18,0.0901046719124859));
#5237=CARTESIAN_POINT('',(0.,4.59242549680257E-18,0.0901046719124859));
#5238=CARTESIAN_POINT('',(0.000499995770294823,-0.0702815213557348,0.09725));
#5239=CARTESIAN_POINT('',(0.00051420428197345,-0.0722787298848906,0.115));
#5240=CARTESIAN_POINT('',(0.00051420428197345,-0.0722787298848906,0.0901046719124848));
#5241=CARTESIAN_POINT('',(1.08417473690551E-19,4.59319679880665E-18,1.46929989679821));
#5242=CARTESIAN_POINT('',(0.00050883728300954,-0.0715243217984444,0.1045));
#5243=CARTESIAN_POINT('',(0.000499995770294839,-0.0702815213557348,0.1045));
#5244=CARTESIAN_POINT('',(0.,8.89603640743286E-18,0.1045));
#5245=CARTESIAN_POINT('',(0.,4.59242549680257E-18,0.1045));
#5246=CARTESIAN_POINT('',(0.,4.59242549680257E-18,0.0901046719124859));
#5247=CARTESIAN_POINT('',(0.,4.59242549680257E-18,0.0901046719124859));
#5248=CARTESIAN_POINT('',(0.041714946832929,-0.056565055030229,0.09725));
#5249=CARTESIAN_POINT('',(0.0429003714794204,-0.0581724791180873,0.115));
#5250=CARTESIAN_POINT('',(0.0429003714794204,-0.0581724791180873,0.0901046719124843));
#5251=CARTESIAN_POINT('',(0.,4.59242549680257E-18,1.46929989679821));
#5252=CARTESIAN_POINT('',(0.0424525995386687,-0.0575653047982674,0.1045));
#5253=CARTESIAN_POINT('',(0.0417149468329289,-0.056565055030229,0.1045));
#5254=CARTESIAN_POINT('',(0.,8.89603640743286E-18,0.1045));
#5255=CARTESIAN_POINT('',(0.,4.59242549680257E-18,0.1045));
#5256=CARTESIAN_POINT('',(0.,4.59242549680257E-18,0.0901046719124859));
#5257=CARTESIAN_POINT('',(0.,4.59242549680257E-18,0.0901046719124859));
#5258=CARTESIAN_POINT('',(-0.000499995794738494,0.0702815213555609,0.09725));
#5259=CARTESIAN_POINT('',(-0.000514204307111777,0.0722787298847117,0.115));
#5260=CARTESIAN_POINT('',(-0.000514204307111777,0.0722787298847117,0.0901046719124867));
#5261=CARTESIAN_POINT('',(1.08417473690283E-19,4.59319679884436E-18,1.46929989679821));
#5262=CARTESIAN_POINT('',(-0.000508837307885471,0.0715243217982674,0.1045));
#5263=CARTESIAN_POINT('',(-0.000499995794738527,0.0702815213555609,0.1045));
#5264=CARTESIAN_POINT('',(0.,8.89603640743286E-18,0.1045));
#5265=CARTESIAN_POINT('',(0.,4.59242549680257E-18,0.1045));
#5266=CARTESIAN_POINT('',(0.,4.59242549680257E-18,0.0901046719124859));
#5267=CARTESIAN_POINT('',(0.,4.59242549680257E-18,0.0901046719124859));
#5268=CARTESIAN_POINT('',(-0.0417149468526021,0.0565650550157207,0.09725));
#5269=CARTESIAN_POINT('',(-0.0429003714996526,0.0581724791031667,0.115));
#5270=CARTESIAN_POINT('',(-0.0429003714996526,0.0581724791031667,0.0901046719124848));
#5271=CARTESIAN_POINT('',(5.58452599948092E-18,8.7108375658897E-18,1.46929989679821));
#5272=CARTESIAN_POINT('',(-0.0424525995586897,0.0575653047835025,0.1045));
#5273=CARTESIAN_POINT('',(-0.0417149468526021,0.0565650550157207,0.1045));
#5274=CARTESIAN_POINT('',(0.,8.89603640743286E-18,0.1045));
#5275=CARTESIAN_POINT('',(0.,4.59242549680257E-18,0.1045));
#5276=CARTESIAN_POINT('',(0.,4.59242549680257E-18,0.0901046719124859));
#5277=CARTESIAN_POINT('',(0.,4.59242549680257E-18,0.0901046719124859));
#5278=CARTESIAN_POINT('',(4.5102810375397E-17,-2.94902990916057E-17,0.115));
#5279=CARTESIAN_POINT('',(-3.6049722235143E-17,3.12250225675825E-17,0.115));
#5280=CARTESIAN_POINT('',(-7.63278329429795E-17,5.3776427755281E-17,0.115));
#5281=CARTESIAN_POINT('',(-2.88939878967387E-17,5.20417042793042E-17,0.115));
#5282=CARTESIAN_POINT('',(-2.44487589895481E-17,-4.5102810375397E-17,0.115));
#5283=CARTESIAN_POINT('',(-1.04083408558608E-17,-1.56125112837912E-17,0.115));
#5284=CARTESIAN_POINT('',(7.63278329429795E-17,0.,0.115));
#5285=CARTESIAN_POINT('',(-6.93889390390723E-18,-1.7347234759768E-18,0.115));
#5286=CARTESIAN_POINT('',(-2.43945488809238E-17,-3.46944695195361E-18,0.115));
#5287=CARTESIAN_POINT('',(-4.16333634234433E-17,1.04083408558608E-17,0.115));
#5288=MECHANICAL_DESIGN_GEOMETRIC_PRESENTATION_REPRESENTATION('',(#3057),
#5289);
#5289=(
GEOMETRIC_REPRESENTATION_CONTEXT(3)
GLOBAL_UNCERTAINTY_ASSIGNED_CONTEXT((#5290))
GLOBAL_UNIT_ASSIGNED_CONTEXT((#5293,#5292,#5291))
REPRESENTATION_CONTEXT('stage_3','TOP_LEVEL_ASSEMBLY_PART')
);
#5290=UNCERTAINTY_MEASURE_WITH_UNIT(LENGTH_MEASURE(2.E-5),#5293,
'DISTANCE_ACCURACY_VALUE','Maximum Tolerance applied to model');
#5291=(
NAMED_UNIT(*)
SI_UNIT($,.STERADIAN.)
SOLID_ANGLE_UNIT()
);
#5292=(
NAMED_UNIT(*)
PLANE_ANGLE_UNIT()
SI_UNIT($,.RADIAN.)
);
#5293=(
LENGTH_UNIT()
NAMED_UNIT(*)
SI_UNIT($,.METRE.)
);
#5294=PRODUCT_DEFINITION_SHAPE('','',#5295);
#5295=PRODUCT_DEFINITION('','',#5297,#5296);
#5296=PRODUCT_DEFINITION_CONTEXT('',#5303,'design');
#5297=PRODUCT_DEFINITION_FORMATION_WITH_SPECIFIED_SOURCE('','',#5299,
 .NOT_KNOWN.);
#5298=PRODUCT_RELATED_PRODUCT_CATEGORY('','',(#5299));
#5299=PRODUCT('stage_3','stage_3','stage_3',(#5301));
#5300=PRODUCT_CATEGORY('','');
#5301=PRODUCT_CONTEXT('',#5303,'mechanical');
#5302=APPLICATION_PROTOCOL_DEFINITION('international standard',
'ap242_managed_model_based_3d_engineering',2020,#5303);
#5303=APPLICATION_CONTEXT('managed model based 3d engineering');
ENDSEC;
END-ISO-10303-21;
