ISO-10303-21;
HEADER;
/* Generated by software containing ST-Developer
 * from STEP Tools, Inc. (www.steptools.com) 
 */
/* OPTION: using custom renumber hook */

FILE_DESCRIPTION(
/* description */ ('STEP AP242 Edition 2',
'CAx-IF Rec.Pracs.---Representation and Presentation of Product Manufa
cturing Information (PMI)---4.0---2014-10-13',
'CAx-IF Rec.Pracs.---3D Tessellated Geometry---0.4---2014-09-14','2;1',
'CAx-IF Rec.Pracs.---User Defined Attributes---1.5---2016-08-15'),
/* implementation_level */ '2;1');

FILE_NAME(
/* name */ '69695306921b1754beb844ae',
/* time_stamp */ '2026-01-15T20:50:15Z',
/* author */ (''),
/* organization */ (''),
/* preprocessor_version */ 'ST-DEVELOPER v20',
/* originating_system */ 'ONSHAPE BY PTC INC, 1.209',
/* authorisation */ '  ');

FILE_SCHEMA (('AP242_MANAGED_MODEL_BASED_3D_ENGINEERING_MIM_LF { 1 0 10303 442 3 1 4 }'));
ENDSEC;

DATA;
#10=SHAPE_REPRESENTATION_RELATIONSHIP('','',#2719,#11);
#11=ADVANCED_BREP_SHAPE_REPRESENTATION('',(#2717),#4703);
#12=B_SPLINE_SURFACE_WITH_KNOTS('',3,1,((#4156,#4157),(#4158,#4159),(#4160,
#4161),(#4162,#4163)),.SURF_OF_LINEAR_EXTRUSION.,.F.,.F.,.F.,(4,4),(2,2),
(0.,1.),(0.,1.),.PIECEWISE_BEZIER_KNOTS.);
#13=B_SPLINE_SURFACE_WITH_KNOTS('',3,1,((#4171,#4172),(#4173,#4174),(#4175,
#4176),(#4177,#4178)),.SURF_OF_LINEAR_EXTRUSION.,.F.,.F.,.F.,(4,4),(2,2),
(0.,1.),(0.,1.),.PIECEWISE_BEZIER_KNOTS.);
#14=B_SPLINE_SURFACE_WITH_KNOTS('',3,1,((#4192,#4193),(#4194,#4195),(#4196,
#4197),(#4198,#4199)),.SURF_OF_LINEAR_EXTRUSION.,.F.,.F.,.F.,(4,4),(2,2),
(0.,1.),(0.,1.),.PIECEWISE_BEZIER_KNOTS.);
#15=B_SPLINE_SURFACE_WITH_KNOTS('',3,1,((#4205,#4206),(#4207,#4208),(#4209,
#4210),(#4211,#4212)),.SURF_OF_LINEAR_EXTRUSION.,.F.,.F.,.F.,(4,4),(2,2),
(0.,1.),(0.,1.),.PIECEWISE_BEZIER_KNOTS.);
#16=B_SPLINE_SURFACE_WITH_KNOTS('',3,1,((#4218,#4219),(#4220,#4221),(#4222,
#4223),(#4224,#4225)),.SURF_OF_LINEAR_EXTRUSION.,.F.,.F.,.F.,(4,4),(2,2),
(0.,1.),(0.,1.),.PIECEWISE_BEZIER_KNOTS.);
#17=B_SPLINE_SURFACE_WITH_KNOTS('',3,1,((#4235,#4236),(#4237,#4238),(#4239,
#4240),(#4241,#4242)),.SURF_OF_LINEAR_EXTRUSION.,.F.,.F.,.F.,(4,4),(2,2),
(0.,1.),(0.,1.),.PIECEWISE_BEZIER_KNOTS.);
#18=B_SPLINE_SURFACE_WITH_KNOTS('',3,1,((#4280,#4281),(#4282,#4283),(#4284,
#4285),(#4286,#4287)),.SURF_OF_LINEAR_EXTRUSION.,.F.,.F.,.F.,(4,4),(2,2),
(0.,1.),(0.,1.),.PIECEWISE_BEZIER_KNOTS.);
#19=B_SPLINE_SURFACE_WITH_KNOTS('',3,1,((#4293,#4294),(#4295,#4296),(#4297,
#4298),(#4299,#4300)),.SURF_OF_LINEAR_EXTRUSION.,.F.,.F.,.F.,(4,4),(2,2),
(0.,1.),(0.,1.),.PIECEWISE_BEZIER_KNOTS.);
#20=B_SPLINE_SURFACE_WITH_KNOTS('',3,1,((#4306,#4307),(#4308,#4309),(#4310,
#4311),(#4312,#4313)),.SURF_OF_LINEAR_EXTRUSION.,.F.,.F.,.F.,(4,4),(2,2),
(0.,1.),(0.,1.),.PIECEWISE_BEZIER_KNOTS.);
#21=B_SPLINE_SURFACE_WITH_KNOTS('',3,1,((#4368,#4369),(#4370,#4371),(#4372,
#4373),(#4374,#4375)),.SURF_OF_LINEAR_EXTRUSION.,.F.,.F.,.F.,(4,4),(2,2),
(0.,1.),(0.,1.),.PIECEWISE_BEZIER_KNOTS.);
#22=B_SPLINE_SURFACE_WITH_KNOTS('',3,1,((#4385,#4386),(#4387,#4388),(#4389,
#4390),(#4391,#4392)),.SURF_OF_LINEAR_EXTRUSION.,.F.,.F.,.F.,(4,4),(2,2),
(0.,1.),(0.,1.),.PIECEWISE_BEZIER_KNOTS.);
#23=B_SPLINE_SURFACE_WITH_KNOTS('',3,1,((#4398,#4399),(#4400,#4401),(#4402,
#4403),(#4404,#4405)),.SURF_OF_LINEAR_EXTRUSION.,.F.,.F.,.F.,(4,4),(2,2),
(0.,1.),(0.,1.),.PIECEWISE_BEZIER_KNOTS.);
#24=B_SPLINE_SURFACE_WITH_KNOTS('',3,1,((#4411,#4412),(#4413,#4414),(#4415,
#4416),(#4417,#4418)),.SURF_OF_LINEAR_EXTRUSION.,.F.,.F.,.F.,(4,4),(2,2),
(0.,1.),(0.,1.),.PIECEWISE_BEZIER_KNOTS.);
#25=B_SPLINE_SURFACE_WITH_KNOTS('',3,1,((#4440,#4441),(#4442,#4443),(#4444,
#4445),(#4446,#4447)),.SURF_OF_LINEAR_EXTRUSION.,.F.,.F.,.F.,(4,4),(2,2),
(0.,1.),(0.,1.),.PIECEWISE_BEZIER_KNOTS.);
#26=B_SPLINE_SURFACE_WITH_KNOTS('',3,1,((#4485,#4486),(#4487,#4488),(#4489,
#4490),(#4491,#4492)),.SURF_OF_LINEAR_EXTRUSION.,.F.,.F.,.F.,(4,4),(2,2),
(0.,1.),(0.,1.),.PIECEWISE_BEZIER_KNOTS.);
#27=B_SPLINE_CURVE_WITH_KNOTS('',2,(#3929,#3930,#3931),.UNSPECIFIED.,.F.,
 .F.,(3,3),(0.,1.),.PIECEWISE_BEZIER_KNOTS.);
#28=B_SPLINE_CURVE_WITH_KNOTS('',2,(#3934,#3935,#3936),.UNSPECIFIED.,.F.,
 .F.,(3,3),(0.,1.),.PIECEWISE_BEZIER_KNOTS.);
#29=B_SPLINE_CURVE_WITH_KNOTS('',2,(#3946,#3947,#3948),.UNSPECIFIED.,.F.,
 .F.,(3,3),(0.,1.),.PIECEWISE_BEZIER_KNOTS.);
#30=B_SPLINE_CURVE_WITH_KNOTS('',2,(#3950,#3951,#3952),.UNSPECIFIED.,.F.,
 .F.,(3,3),(0.,1.),.PIECEWISE_BEZIER_KNOTS.);
#31=B_SPLINE_CURVE_WITH_KNOTS('',2,(#3954,#3955,#3956),.UNSPECIFIED.,.F.,
 .F.,(3,3),(0.,1.),.PIECEWISE_BEZIER_KNOTS.);
#32=B_SPLINE_CURVE_WITH_KNOTS('',2,(#3974,#3975,#3976),.UNSPECIFIED.,.F.,
 .F.,(3,3),(0.,1.),.PIECEWISE_BEZIER_KNOTS.);
#33=B_SPLINE_CURVE_WITH_KNOTS('',2,(#3980,#3981,#3982),.UNSPECIFIED.,.F.,
 .F.,(3,3),(0.,1.),.PIECEWISE_BEZIER_KNOTS.);
#34=B_SPLINE_CURVE_WITH_KNOTS('',2,(#3984,#3985,#3986),.UNSPECIFIED.,.F.,
 .F.,(3,3),(0.,1.),.PIECEWISE_BEZIER_KNOTS.);
#35=B_SPLINE_CURVE_WITH_KNOTS('',2,(#3988,#3989,#3990),.UNSPECIFIED.,.F.,
 .F.,(3,3),(0.,1.),.PIECEWISE_BEZIER_KNOTS.);
#36=B_SPLINE_CURVE_WITH_KNOTS('',2,(#4006,#4007,#4008),.UNSPECIFIED.,.F.,
 .F.,(3,3),(0.,1.),.PIECEWISE_BEZIER_KNOTS.);
#37=B_SPLINE_CURVE_WITH_KNOTS('',2,(#4026,#4027,#4028),.UNSPECIFIED.,.F.,
 .F.,(3,3),(0.,1.),.PIECEWISE_BEZIER_KNOTS.);
#38=B_SPLINE_CURVE_WITH_KNOTS('',2,(#4038,#4039,#4040),.UNSPECIFIED.,.F.,
 .F.,(3,3),(0.,1.),.PIECEWISE_BEZIER_KNOTS.);
#39=B_SPLINE_CURVE_WITH_KNOTS('',2,(#4042,#4043,#4044),.UNSPECIFIED.,.F.,
 .F.,(3,3),(0.,1.),.PIECEWISE_BEZIER_KNOTS.);
#40=B_SPLINE_CURVE_WITH_KNOTS('',2,(#4046,#4047,#4048),.UNSPECIFIED.,.F.,
 .F.,(3,3),(0.,1.),.PIECEWISE_BEZIER_KNOTS.);
#41=B_SPLINE_CURVE_WITH_KNOTS('',2,(#4052,#4053,#4054),.UNSPECIFIED.,.F.,
 .F.,(3,3),(0.,1.),.PIECEWISE_BEZIER_KNOTS.);
#42=B_SPLINE_CURVE_WITH_KNOTS('',2,(#4166,#4167,#4168),.UNSPECIFIED.,.F.,
 .F.,(3,3),(0.,1.),.PIECEWISE_BEZIER_KNOTS.);
#43=B_SPLINE_CURVE_WITH_KNOTS('',2,(#4181,#4182,#4183),.UNSPECIFIED.,.F.,
 .F.,(3,3),(0.,1.),.PIECEWISE_BEZIER_KNOTS.);
#44=B_SPLINE_CURVE_WITH_KNOTS('',2,(#4202,#4203,#4204),.UNSPECIFIED.,.F.,
 .F.,(3,3),(0.,1.),.PIECEWISE_BEZIER_KNOTS.);
#45=B_SPLINE_CURVE_WITH_KNOTS('',2,(#4215,#4216,#4217),.UNSPECIFIED.,.F.,
 .F.,(3,3),(0.,1.),.PIECEWISE_BEZIER_KNOTS.);
#46=B_SPLINE_CURVE_WITH_KNOTS('',2,(#4228,#4229,#4230),.UNSPECIFIED.,.F.,
 .F.,(3,3),(0.,1.),.PIECEWISE_BEZIER_KNOTS.);
#47=B_SPLINE_CURVE_WITH_KNOTS('',2,(#4245,#4246,#4247),.UNSPECIFIED.,.F.,
 .F.,(3,3),(0.,1.),.PIECEWISE_BEZIER_KNOTS.);
#48=B_SPLINE_CURVE_WITH_KNOTS('',2,(#4290,#4291,#4292),.UNSPECIFIED.,.F.,
 .F.,(3,3),(0.,1.),.PIECEWISE_BEZIER_KNOTS.);
#49=B_SPLINE_CURVE_WITH_KNOTS('',2,(#4303,#4304,#4305),.UNSPECIFIED.,.F.,
 .F.,(3,3),(0.,1.),.PIECEWISE_BEZIER_KNOTS.);
#50=B_SPLINE_CURVE_WITH_KNOTS('',2,(#4316,#4317,#4318),.UNSPECIFIED.,.F.,
 .F.,(3,3),(0.,1.),.PIECEWISE_BEZIER_KNOTS.);
#51=B_SPLINE_CURVE_WITH_KNOTS('',2,(#4378,#4379,#4380),.UNSPECIFIED.,.F.,
 .F.,(3,3),(0.,1.),.PIECEWISE_BEZIER_KNOTS.);
#52=B_SPLINE_CURVE_WITH_KNOTS('',2,(#4395,#4396,#4397),.UNSPECIFIED.,.F.,
 .F.,(3,3),(0.,1.),.PIECEWISE_BEZIER_KNOTS.);
#53=B_SPLINE_CURVE_WITH_KNOTS('',2,(#4408,#4409,#4410),.UNSPECIFIED.,.F.,
 .F.,(3,3),(0.,1.),.PIECEWISE_BEZIER_KNOTS.);
#54=B_SPLINE_CURVE_WITH_KNOTS('',2,(#4421,#4422,#4423),.UNSPECIFIED.,.F.,
 .F.,(3,3),(0.,1.),.PIECEWISE_BEZIER_KNOTS.);
#55=B_SPLINE_CURVE_WITH_KNOTS('',2,(#4450,#4451,#4452),.UNSPECIFIED.,.F.,
 .F.,(3,3),(0.,1.),.PIECEWISE_BEZIER_KNOTS.);
#56=B_SPLINE_CURVE_WITH_KNOTS('',2,(#4495,#4496,#4497),.UNSPECIFIED.,.F.,
 .F.,(3,3),(0.,1.),.PIECEWISE_BEZIER_KNOTS.);
#57=PLANE('',#2754);
#58=PLANE('',#2755);
#59=PLANE('',#2756);
#60=PLANE('',#2757);
#61=PLANE('',#2758);
#62=PLANE('',#2799);
#63=PLANE('',#2800);
#64=PLANE('',#2801);
#65=PLANE('',#2802);
#66=PLANE('',#2803);
#67=PLANE('',#2816);
#68=PLANE('',#2827);
#69=PLANE('',#2828);
#70=PLANE('',#2831);
#71=PLANE('',#2838);
#72=PLANE('',#2855);
#73=PLANE('',#2860);
#74=PLANE('',#2871);
#75=PLANE('',#2884);
#76=PLANE('',#2885);
#77=PLANE('',#2886);
#78=PLANE('',#2887);
#79=PLANE('',#2888);
#80=PLANE('',#2889);
#81=PLANE('',#2890);
#82=PLANE('',#2891);
#83=PLANE('',#2892);
#84=PLANE('',#2893);
#85=PLANE('',#2894);
#86=PLANE('',#2895);
#87=PLANE('',#2898);
#88=PLANE('',#2899);
#89=PLANE('',#2900);
#90=PLANE('',#2902);
#91=PLANE('',#2904);
#92=PLANE('',#2906);
#93=PLANE('',#2907);
#94=PLANE('',#2909);
#95=PLANE('',#2911);
#96=PLANE('',#2912);
#97=PLANE('',#2914);
#98=PLANE('',#2915);
#99=PLANE('',#2917);
#100=PLANE('',#2919);
#101=PLANE('',#2921);
#102=PLANE('',#2922);
#103=PLANE('',#2924);
#104=PLANE('',#2925);
#105=PLANE('',#2926);
#106=PLANE('',#2929);
#107=PLANE('',#2931);
#108=PLANE('',#2932);
#109=PLANE('',#2934);
#110=PLANE('',#2936);
#111=PLANE('',#2937);
#112=PLANE('',#2939);
#113=PLANE('',#2941);
#114=PLANE('',#2942);
#115=PLANE('',#2944);
#116=PLANE('',#2945);
#117=PLANE('',#2947);
#118=PLANE('',#2949);
#119=PLANE('',#2951);
#120=PLANE('',#2952);
#121=PLANE('',#2954);
#122=PLANE('',#2956);
#123=PLANE('',#2957);
#124=PLANE('',#2959);
#125=PLANE('',#2961);
#126=PLANE('',#2962);
#127=PLANE('',#2964);
#128=PLANE('',#2966);
#129=PLANE('',#2967);
#130=PLANE('',#2969);
#131=PLANE('',#2971);
#132=PLANE('',#2972);
#133=LINE('',#3731,#377);
#134=LINE('',#3735,#378);
#135=LINE('',#3739,#379);
#136=LINE('',#3743,#380);
#137=LINE('',#3747,#381);
#138=LINE('',#3751,#382);
#139=LINE('',#3755,#383);
#140=LINE('',#3759,#384);
#141=LINE('',#3763,#385);
#142=LINE('',#3767,#386);
#143=LINE('',#3771,#387);
#144=LINE('',#3775,#388);
#145=LINE('',#3779,#389);
#146=LINE('',#3783,#390);
#147=LINE('',#3787,#391);
#148=LINE('',#3791,#392);
#149=LINE('',#3792,#393);
#150=LINE('',#3797,#394);
#151=LINE('',#3801,#395);
#152=LINE('',#3805,#396);
#153=LINE('',#3809,#397);
#154=LINE('',#3813,#398);
#155=LINE('',#3817,#399);
#156=LINE('',#3821,#400);
#157=LINE('',#3825,#401);
#158=LINE('',#3829,#402);
#159=LINE('',#3833,#403);
#160=LINE('',#3837,#404);
#161=LINE('',#3841,#405);
#162=LINE('',#3845,#406);
#163=LINE('',#3849,#407);
#164=LINE('',#3853,#408);
#165=LINE('',#3857,#409);
#166=LINE('',#3860,#410);
#167=LINE('',#3862,#411);
#168=LINE('',#3864,#412);
#169=LINE('',#3866,#413);
#170=LINE('',#3869,#414);
#171=LINE('',#3870,#415);
#172=LINE('',#3872,#416);
#173=LINE('',#3874,#417);
#174=LINE('',#3876,#418);
#175=LINE('',#3878,#419);
#176=LINE('',#3879,#420);
#177=LINE('',#3881,#421);
#178=LINE('',#3884,#422);
#179=LINE('',#3886,#423);
#180=LINE('',#3888,#424);
#181=LINE('',#3889,#425);
#182=LINE('',#3893,#426);
#183=LINE('',#3894,#427);
#184=LINE('',#3898,#428);
#185=LINE('',#3899,#429);
#186=LINE('',#3903,#430);
#187=LINE('',#3904,#431);
#188=LINE('',#3908,#432);
#189=LINE('',#3909,#433);
#190=LINE('',#3913,#434);
#191=LINE('',#3914,#435);
#192=LINE('',#3918,#436);
#193=LINE('',#3919,#437);
#194=LINE('',#3923,#438);
#195=LINE('',#3924,#439);
#196=LINE('',#3928,#440);
#197=LINE('',#3944,#441);
#198=LINE('',#3960,#442);
#199=LINE('',#3962,#443);
#200=LINE('',#3978,#444);
#201=LINE('',#4016,#445);
#202=LINE('',#4032,#446);
#203=LINE('',#4050,#447);
#204=LINE('',#4067,#448);
#205=LINE('',#4070,#449);
#206=LINE('',#4072,#450);
#207=LINE('',#4074,#451);
#208=LINE('',#4076,#452);
#209=LINE('',#4078,#453);
#210=LINE('',#4080,#454);
#211=LINE('',#4082,#455);
#212=LINE('',#4084,#456);
#213=LINE('',#4086,#457);
#214=LINE('',#4088,#458);
#215=LINE('',#4090,#459);
#216=LINE('',#4092,#460);
#217=LINE('',#4094,#461);
#218=LINE('',#4096,#462);
#219=LINE('',#4098,#463);
#220=LINE('',#4099,#464);
#221=LINE('',#4101,#465);
#222=LINE('',#4103,#466);
#223=LINE('',#4105,#467);
#224=LINE('',#4107,#468);
#225=LINE('',#4110,#469);
#226=LINE('',#4112,#470);
#227=LINE('',#4114,#471);
#228=LINE('',#4115,#472);
#229=LINE('',#4116,#473);
#230=LINE('',#4120,#474);
#231=LINE('',#4121,#475);
#232=LINE('',#4125,#476);
#233=LINE('',#4126,#477);
#234=LINE('',#4130,#478);
#235=LINE('',#4131,#479);
#236=LINE('',#4135,#480);
#237=LINE('',#4136,#481);
#238=LINE('',#4140,#482);
#239=LINE('',#4141,#483);
#240=LINE('',#4145,#484);
#241=LINE('',#4146,#485);
#242=LINE('',#4150,#486);
#243=LINE('',#4151,#487);
#244=LINE('',#4155,#488);
#245=LINE('',#4164,#489);
#246=LINE('',#4170,#490);
#247=LINE('',#4179,#491);
#248=LINE('',#4185,#492);
#249=LINE('',#4189,#493);
#250=LINE('',#4200,#494);
#251=LINE('',#4213,#495);
#252=LINE('',#4226,#496);
#253=LINE('',#4232,#497);
#254=LINE('',#4234,#498);
#255=LINE('',#4243,#499);
#256=LINE('',#4249,#500);
#257=LINE('',#4253,#501);
#258=LINE('',#4257,#502);
#259=LINE('',#4261,#503);
#260=LINE('',#4265,#504);
#261=LINE('',#4269,#505);
#262=LINE('',#4271,#506);
#263=LINE('',#4273,#507);
#264=LINE('',#4275,#508);
#265=LINE('',#4277,#509);
#266=LINE('',#4288,#510);
#267=LINE('',#4301,#511);
#268=LINE('',#4314,#512);
#269=LINE('',#4320,#513);
#270=LINE('',#4322,#514);
#271=LINE('',#4324,#515);
#272=LINE('',#4328,#516);
#273=LINE('',#4335,#517);
#274=LINE('',#4339,#518);
#275=LINE('',#4341,#519);
#276=LINE('',#4345,#520);
#277=LINE('',#4349,#521);
#278=LINE('',#4353,#522);
#279=LINE('',#4357,#523);
#280=LINE('',#4361,#524);
#281=LINE('',#4365,#525);
#282=LINE('',#4376,#526);
#283=LINE('',#4382,#527);
#284=LINE('',#4384,#528);
#285=LINE('',#4393,#529);
#286=LINE('',#4406,#530);
#287=LINE('',#4419,#531);
#288=LINE('',#4425,#532);
#289=LINE('',#4429,#533);
#290=LINE('',#4433,#534);
#291=LINE('',#4435,#535);
#292=LINE('',#4437,#536);
#293=LINE('',#4448,#537);
#294=LINE('',#4454,#538);
#295=LINE('',#4458,#539);
#296=LINE('',#4462,#540);
#297=LINE('',#4466,#541);
#298=LINE('',#4470,#542);
#299=LINE('',#4472,#543);
#300=LINE('',#4474,#544);
#301=LINE('',#4478,#545);
#302=LINE('',#4482,#546);
#303=LINE('',#4493,#547);
#304=LINE('',#4499,#548);
#305=LINE('',#4503,#549);
#306=LINE('',#4511,#550);
#307=LINE('',#4513,#551);
#308=LINE('',#4515,#552);
#309=LINE('',#4518,#553);
#310=LINE('',#4519,#554);
#311=LINE('',#4521,#555);
#312=LINE('',#4523,#556);
#313=LINE('',#4527,#557);
#314=LINE('',#4529,#558);
#315=LINE('',#4531,#559);
#316=LINE('',#4535,#560);
#317=LINE('',#4538,#561);
#318=LINE('',#4540,#562);
#319=LINE('',#4542,#563);
#320=LINE('',#4546,#564);
#321=LINE('',#4549,#565);
#322=LINE('',#4551,#566);
#323=LINE('',#4555,#567);
#324=LINE('',#4557,#568);
#325=LINE('',#4560,#569);
#326=LINE('',#4562,#570);
#327=LINE('',#4566,#571);
#328=LINE('',#4568,#572);
#329=LINE('',#4571,#573);
#330=LINE('',#4573,#574);
#331=LINE('',#4575,#575);
#332=LINE('',#4579,#576);
#333=LINE('',#4582,#577);
#334=LINE('',#4584,#578);
#335=LINE('',#4588,#579);
#336=LINE('',#4590,#580);
#337=LINE('',#4593,#581);
#338=LINE('',#4595,#582);
#339=LINE('',#4597,#583);
#340=LINE('',#4599,#584);
#341=LINE('',#4604,#585);
#342=LINE('',#4606,#586);
#343=LINE('',#4610,#587);
#344=LINE('',#4612,#588);
#345=LINE('',#4615,#589);
#346=LINE('',#4617,#590);
#347=LINE('',#4621,#591);
#348=LINE('',#4623,#592);
#349=LINE('',#4629,#593);
#350=LINE('',#4630,#594);
#351=LINE('',#4632,#595);
#352=LINE('',#4634,#596);
#353=LINE('',#4637,#597);
#354=LINE('',#4639,#598);
#355=LINE('',#4643,#599);
#356=LINE('',#4645,#600);
#357=LINE('',#4651,#601);
#358=LINE('',#4652,#602);
#359=LINE('',#4654,#603);
#360=LINE('',#4656,#604);
#361=LINE('',#4662,#605);
#362=LINE('',#4663,#606);
#363=LINE('',#4665,#607);
#364=LINE('',#4667,#608);
#365=LINE('',#4673,#609);
#366=LINE('',#4674,#610);
#367=LINE('',#4676,#611);
#368=LINE('',#4678,#612);
#369=LINE('',#4684,#613);
#370=LINE('',#4685,#614);
#371=LINE('',#4687,#615);
#372=LINE('',#4689,#616);
#373=LINE('',#4695,#617);
#374=LINE('',#4696,#618);
#375=LINE('',#4698,#619);
#376=LINE('',#4700,#620);
#377=VECTOR('',#2980,1.);
#378=VECTOR('',#2983,1.);
#379=VECTOR('',#2986,1.);
#380=VECTOR('',#2989,1.);
#381=VECTOR('',#2992,1.);
#382=VECTOR('',#2995,1.);
#383=VECTOR('',#2998,1.);
#384=VECTOR('',#3001,1.);
#385=VECTOR('',#3004,1.);
#386=VECTOR('',#3007,1.);
#387=VECTOR('',#3010,1.);
#388=VECTOR('',#3013,1.);
#389=VECTOR('',#3016,1.);
#390=VECTOR('',#3019,1.);
#391=VECTOR('',#3022,1.);
#392=VECTOR('',#3025,1.);
#393=VECTOR('',#3026,1.);
#394=VECTOR('',#3029,1.);
#395=VECTOR('',#3032,1.);
#396=VECTOR('',#3035,1.);
#397=VECTOR('',#3038,1.);
#398=VECTOR('',#3041,1.);
#399=VECTOR('',#3044,1.);
#400=VECTOR('',#3047,1.);
#401=VECTOR('',#3050,1.);
#402=VECTOR('',#3053,1.);
#403=VECTOR('',#3056,1.);
#404=VECTOR('',#3059,1.);
#405=VECTOR('',#3062,1.);
#406=VECTOR('',#3065,1.);
#407=VECTOR('',#3068,1.);
#408=VECTOR('',#3071,1.);
#409=VECTOR('',#3076,1.);
#410=VECTOR('',#3077,1.);
#411=VECTOR('',#3078,1.);
#412=VECTOR('',#3079,1.);
#413=VECTOR('',#3082,1.);
#414=VECTOR('',#3083,1.);
#415=VECTOR('',#3084,1.);
#416=VECTOR('',#3087,1.);
#417=VECTOR('',#3088,1.);
#418=VECTOR('',#3089,1.);
#419=VECTOR('',#3092,1.);
#420=VECTOR('',#3093,1.);
#421=VECTOR('',#3096,1.);
#422=VECTOR('',#3097,1.);
#423=VECTOR('',#3098,1.);
#424=VECTOR('',#3099,1.);
#425=VECTOR('',#3100,1.);
#426=VECTOR('',#3103,1.);
#427=VECTOR('',#3104,1.);
#428=VECTOR('',#3107,1.);
#429=VECTOR('',#3108,1.);
#430=VECTOR('',#3111,1.);
#431=VECTOR('',#3112,1.);
#432=VECTOR('',#3115,1.);
#433=VECTOR('',#3116,1.);
#434=VECTOR('',#3119,1.);
#435=VECTOR('',#3120,1.);
#436=VECTOR('',#3123,1.);
#437=VECTOR('',#3124,1.);
#438=VECTOR('',#3127,1.);
#439=VECTOR('',#3128,1.);
#440=VECTOR('',#3131,1.);
#441=VECTOR('',#3138,1.);
#442=VECTOR('',#3141,1.);
#443=VECTOR('',#3142,1.);
#444=VECTOR('',#3153,1.);
#445=VECTOR('',#3174,1.);
#446=VECTOR('',#3185,1.);
#447=VECTOR('',#3190,1.);
#448=VECTOR('',#3203,1.);
#449=VECTOR('',#3204,1.);
#450=VECTOR('',#3205,1.);
#451=VECTOR('',#3206,1.);
#452=VECTOR('',#3207,1.);
#453=VECTOR('',#3208,1.);
#454=VECTOR('',#3209,1.);
#455=VECTOR('',#3210,1.);
#456=VECTOR('',#3213,1.);
#457=VECTOR('',#3214,1.);
#458=VECTOR('',#3215,1.);
#459=VECTOR('',#3216,1.);
#460=VECTOR('',#3217,1.);
#461=VECTOR('',#3220,1.);
#462=VECTOR('',#3221,1.);
#463=VECTOR('',#3224,1.);
#464=VECTOR('',#3225,1.);
#465=VECTOR('',#3226,1.);
#466=VECTOR('',#3229,1.);
#467=VECTOR('',#3230,1.);
#468=VECTOR('',#3233,1.);
#469=VECTOR('',#3234,1.);
#470=VECTOR('',#3235,1.);
#471=VECTOR('',#3236,1.);
#472=VECTOR('',#3237,1.);
#473=VECTOR('',#3238,1.);
#474=VECTOR('',#3241,1.);
#475=VECTOR('',#3242,1.);
#476=VECTOR('',#3245,1.);
#477=VECTOR('',#3246,1.);
#478=VECTOR('',#3249,1.);
#479=VECTOR('',#3250,1.);
#480=VECTOR('',#3253,1.);
#481=VECTOR('',#3254,1.);
#482=VECTOR('',#3257,1.);
#483=VECTOR('',#3258,1.);
#484=VECTOR('',#3261,1.);
#485=VECTOR('',#3262,1.);
#486=VECTOR('',#3265,1.);
#487=VECTOR('',#3266,1.);
#488=VECTOR('',#3269,1.);
#489=VECTOR('',#3270,1.);
#490=VECTOR('',#3271,1.);
#491=VECTOR('',#3272,1.);
#492=VECTOR('',#3275,1.);
#493=VECTOR('',#3280,1.);
#494=VECTOR('',#3283,1.);
#495=VECTOR('',#3284,1.);
#496=VECTOR('',#3285,1.);
#497=VECTOR('',#3288,1.);
#498=VECTOR('',#3289,1.);
#499=VECTOR('',#3290,1.);
#500=VECTOR('',#3293,1.);
#501=VECTOR('',#3298,1.);
#502=VECTOR('',#3303,1.);
#503=VECTOR('',#3308,1.);
#504=VECTOR('',#3313,1.);
#505=VECTOR('',#3318,1.);
#506=VECTOR('',#3319,1.);
#507=VECTOR('',#3322,1.);
#508=VECTOR('',#3323,1.);
#509=VECTOR('',#3326,1.);
#510=VECTOR('',#3329,1.);
#511=VECTOR('',#3330,1.);
#512=VECTOR('',#3331,1.);
#513=VECTOR('',#3334,1.);
#514=VECTOR('',#3335,1.);
#515=VECTOR('',#3338,1.);
#516=VECTOR('',#3343,1.);
#517=VECTOR('',#3354,1.);
#518=VECTOR('',#3357,1.);
#519=VECTOR('',#3360,1.);
#520=VECTOR('',#3365,1.);
#521=VECTOR('',#3370,1.);
#522=VECTOR('',#3375,1.);
#523=VECTOR('',#3380,1.);
#524=VECTOR('',#3385,1.);
#525=VECTOR('',#3390,1.);
#526=VECTOR('',#3393,1.);
#527=VECTOR('',#3396,1.);
#528=VECTOR('',#3397,1.);
#529=VECTOR('',#3398,1.);
#530=VECTOR('',#3399,1.);
#531=VECTOR('',#3400,1.);
#532=VECTOR('',#3403,1.);
#533=VECTOR('',#3408,1.);
#534=VECTOR('',#3413,1.);
#535=VECTOR('',#3414,1.);
#536=VECTOR('',#3417,1.);
#537=VECTOR('',#3420,1.);
#538=VECTOR('',#3423,1.);
#539=VECTOR('',#3428,1.);
#540=VECTOR('',#3433,1.);
#541=VECTOR('',#3438,1.);
#542=VECTOR('',#3443,1.);
#543=VECTOR('',#3444,1.);
#544=VECTOR('',#3447,1.);
#545=VECTOR('',#3452,1.);
#546=VECTOR('',#3457,1.);
#547=VECTOR('',#3460,1.);
#548=VECTOR('',#3463,1.);
#549=VECTOR('',#3468,1.);
#550=VECTOR('',#3481,1.);
#551=VECTOR('',#3482,1.);
#552=VECTOR('',#3485,1.);
#553=VECTOR('',#3490,1.);
#554=VECTOR('',#3491,1.);
#555=VECTOR('',#3494,1.);
#556=VECTOR('',#3497,1.);
#557=VECTOR('',#3504,1.);
#558=VECTOR('',#3505,1.);
#559=VECTOR('',#3508,1.);
#560=VECTOR('',#3513,1.);
#561=VECTOR('',#3518,1.);
#562=VECTOR('',#3519,1.);
#563=VECTOR('',#3522,1.);
#564=VECTOR('',#3527,1.);
#565=VECTOR('',#3532,1.);
#566=VECTOR('',#3533,1.);
#567=VECTOR('',#3538,1.);
#568=VECTOR('',#3541,1.);
#569=VECTOR('',#3546,1.);
#570=VECTOR('',#3547,1.);
#571=VECTOR('',#3552,1.);
#572=VECTOR('',#3555,1.);
#573=VECTOR('',#3560,1.);
#574=VECTOR('',#3561,1.);
#575=VECTOR('',#3564,1.);
#576=VECTOR('',#3569,1.);
#577=VECTOR('',#3574,1.);
#578=VECTOR('',#3575,1.);
#579=VECTOR('',#3580,1.);
#580=VECTOR('',#3583,1.);
#581=VECTOR('',#3588,1.);
#582=VECTOR('',#3589,1.);
#583=VECTOR('',#3592,1.);
#584=VECTOR('',#3593,1.);
#585=VECTOR('',#3602,1.);
#586=VECTOR('',#3603,1.);
#587=VECTOR('',#3608,1.);
#588=VECTOR('',#3611,1.);
#589=VECTOR('',#3616,1.);
#590=VECTOR('',#3617,1.);
#591=VECTOR('',#3622,1.);
#592=VECTOR('',#3625,1.);
#593=VECTOR('',#3632,1.);
#594=VECTOR('',#3633,1.);
#595=VECTOR('',#3636,1.);
#596=VECTOR('',#3639,1.);
#597=VECTOR('',#3644,1.);
#598=VECTOR('',#3645,1.);
#599=VECTOR('',#3650,1.);
#600=VECTOR('',#3653,1.);
#601=VECTOR('',#3660,1.);
#602=VECTOR('',#3661,1.);
#603=VECTOR('',#3664,1.);
#604=VECTOR('',#3667,1.);
#605=VECTOR('',#3674,1.);
#606=VECTOR('',#3675,1.);
#607=VECTOR('',#3678,1.);
#608=VECTOR('',#3681,1.);
#609=VECTOR('',#3688,1.);
#610=VECTOR('',#3689,1.);
#611=VECTOR('',#3692,1.);
#612=VECTOR('',#3695,1.);
#613=VECTOR('',#3702,1.);
#614=VECTOR('',#3703,1.);
#615=VECTOR('',#3706,1.);
#616=VECTOR('',#3709,1.);
#617=VECTOR('',#3716,1.);
#618=VECTOR('',#3717,1.);
#619=VECTOR('',#3720,1.);
#620=VECTOR('',#3723,1.);
#621=ORIENTED_EDGE('',*,*,#1425,.F.);
#622=ORIENTED_EDGE('',*,*,#1426,.T.);
#623=ORIENTED_EDGE('',*,*,#1427,.F.);
#624=ORIENTED_EDGE('',*,*,#1428,.F.);
#625=ORIENTED_EDGE('',*,*,#1429,.F.);
#626=ORIENTED_EDGE('',*,*,#1430,.T.);
#627=ORIENTED_EDGE('',*,*,#1431,.F.);
#628=ORIENTED_EDGE('',*,*,#1432,.F.);
#629=ORIENTED_EDGE('',*,*,#1433,.F.);
#630=ORIENTED_EDGE('',*,*,#1434,.T.);
#631=ORIENTED_EDGE('',*,*,#1435,.F.);
#632=ORIENTED_EDGE('',*,*,#1436,.F.);
#633=ORIENTED_EDGE('',*,*,#1437,.F.);
#634=ORIENTED_EDGE('',*,*,#1438,.T.);
#635=ORIENTED_EDGE('',*,*,#1439,.F.);
#636=ORIENTED_EDGE('',*,*,#1440,.F.);
#637=ORIENTED_EDGE('',*,*,#1441,.F.);
#638=ORIENTED_EDGE('',*,*,#1442,.T.);
#639=ORIENTED_EDGE('',*,*,#1443,.F.);
#640=ORIENTED_EDGE('',*,*,#1444,.F.);
#641=ORIENTED_EDGE('',*,*,#1445,.F.);
#642=ORIENTED_EDGE('',*,*,#1446,.T.);
#643=ORIENTED_EDGE('',*,*,#1447,.F.);
#644=ORIENTED_EDGE('',*,*,#1448,.F.);
#645=ORIENTED_EDGE('',*,*,#1449,.F.);
#646=ORIENTED_EDGE('',*,*,#1450,.T.);
#647=ORIENTED_EDGE('',*,*,#1451,.F.);
#648=ORIENTED_EDGE('',*,*,#1452,.F.);
#649=ORIENTED_EDGE('',*,*,#1453,.F.);
#650=ORIENTED_EDGE('',*,*,#1454,.T.);
#651=ORIENTED_EDGE('',*,*,#1455,.F.);
#652=ORIENTED_EDGE('',*,*,#1456,.F.);
#653=ORIENTED_EDGE('',*,*,#1457,.F.);
#654=ORIENTED_EDGE('',*,*,#1458,.T.);
#655=ORIENTED_EDGE('',*,*,#1459,.F.);
#656=ORIENTED_EDGE('',*,*,#1460,.T.);
#657=ORIENTED_EDGE('',*,*,#1461,.F.);
#658=ORIENTED_EDGE('',*,*,#1462,.T.);
#659=ORIENTED_EDGE('',*,*,#1463,.F.);
#660=ORIENTED_EDGE('',*,*,#1464,.T.);
#661=ORIENTED_EDGE('',*,*,#1465,.F.);
#662=ORIENTED_EDGE('',*,*,#1466,.T.);
#663=ORIENTED_EDGE('',*,*,#1467,.F.);
#664=ORIENTED_EDGE('',*,*,#1468,.T.);
#665=ORIENTED_EDGE('',*,*,#1469,.F.);
#666=ORIENTED_EDGE('',*,*,#1470,.T.);
#667=ORIENTED_EDGE('',*,*,#1471,.F.);
#668=ORIENTED_EDGE('',*,*,#1472,.T.);
#669=ORIENTED_EDGE('',*,*,#1473,.F.);
#670=ORIENTED_EDGE('',*,*,#1474,.T.);
#671=ORIENTED_EDGE('',*,*,#1475,.F.);
#672=ORIENTED_EDGE('',*,*,#1476,.T.);
#673=ORIENTED_EDGE('',*,*,#1477,.F.);
#674=ORIENTED_EDGE('',*,*,#1478,.T.);
#675=ORIENTED_EDGE('',*,*,#1479,.F.);
#676=ORIENTED_EDGE('',*,*,#1480,.T.);
#677=ORIENTED_EDGE('',*,*,#1481,.F.);
#678=ORIENTED_EDGE('',*,*,#1482,.T.);
#679=ORIENTED_EDGE('',*,*,#1483,.F.);
#680=ORIENTED_EDGE('',*,*,#1484,.T.);
#681=ORIENTED_EDGE('',*,*,#1485,.F.);
#682=ORIENTED_EDGE('',*,*,#1486,.T.);
#683=ORIENTED_EDGE('',*,*,#1487,.F.);
#684=ORIENTED_EDGE('',*,*,#1488,.T.);
#685=ORIENTED_EDGE('',*,*,#1489,.F.);
#686=ORIENTED_EDGE('',*,*,#1490,.T.);
#687=ORIENTED_EDGE('',*,*,#1491,.T.);
#688=ORIENTED_EDGE('',*,*,#1492,.F.);
#689=ORIENTED_EDGE('',*,*,#1493,.F.);
#690=ORIENTED_EDGE('',*,*,#1494,.T.);
#691=ORIENTED_EDGE('',*,*,#1489,.T.);
#692=ORIENTED_EDGE('',*,*,#1495,.F.);
#693=ORIENTED_EDGE('',*,*,#1491,.F.);
#694=ORIENTED_EDGE('',*,*,#1496,.T.);
#695=ORIENTED_EDGE('',*,*,#1497,.T.);
#696=ORIENTED_EDGE('',*,*,#1498,.F.);
#697=ORIENTED_EDGE('',*,*,#1497,.F.);
#698=ORIENTED_EDGE('',*,*,#1499,.T.);
#699=ORIENTED_EDGE('',*,*,#1493,.T.);
#700=ORIENTED_EDGE('',*,*,#1500,.F.);
#701=ORIENTED_EDGE('',*,*,#1501,.F.);
#702=ORIENTED_EDGE('',*,*,#1502,.F.);
#703=ORIENTED_EDGE('',*,*,#1503,.F.);
#704=ORIENTED_EDGE('',*,*,#1504,.F.);
#705=ORIENTED_EDGE('',*,*,#1492,.T.);
#706=ORIENTED_EDGE('',*,*,#1498,.T.);
#707=ORIENTED_EDGE('',*,*,#1500,.T.);
#708=ORIENTED_EDGE('',*,*,#1495,.T.);
#709=ORIENTED_EDGE('',*,*,#1433,.T.);
#710=ORIENTED_EDGE('',*,*,#1505,.T.);
#711=ORIENTED_EDGE('',*,*,#1506,.T.);
#712=ORIENTED_EDGE('',*,*,#1507,.F.);
#713=ORIENTED_EDGE('',*,*,#1429,.T.);
#714=ORIENTED_EDGE('',*,*,#1508,.T.);
#715=ORIENTED_EDGE('',*,*,#1509,.T.);
#716=ORIENTED_EDGE('',*,*,#1510,.F.);
#717=ORIENTED_EDGE('',*,*,#1425,.T.);
#718=ORIENTED_EDGE('',*,*,#1511,.T.);
#719=ORIENTED_EDGE('',*,*,#1512,.T.);
#720=ORIENTED_EDGE('',*,*,#1513,.F.);
#721=ORIENTED_EDGE('',*,*,#1453,.T.);
#722=ORIENTED_EDGE('',*,*,#1514,.T.);
#723=ORIENTED_EDGE('',*,*,#1515,.T.);
#724=ORIENTED_EDGE('',*,*,#1516,.F.);
#725=ORIENTED_EDGE('',*,*,#1449,.T.);
#726=ORIENTED_EDGE('',*,*,#1517,.T.);
#727=ORIENTED_EDGE('',*,*,#1518,.F.);
#728=ORIENTED_EDGE('',*,*,#1519,.F.);
#729=ORIENTED_EDGE('',*,*,#1445,.T.);
#730=ORIENTED_EDGE('',*,*,#1520,.T.);
#731=ORIENTED_EDGE('',*,*,#1521,.F.);
#732=ORIENTED_EDGE('',*,*,#1522,.F.);
#733=ORIENTED_EDGE('',*,*,#1441,.T.);
#734=ORIENTED_EDGE('',*,*,#1523,.T.);
#735=ORIENTED_EDGE('',*,*,#1524,.F.);
#736=ORIENTED_EDGE('',*,*,#1525,.F.);
#737=ORIENTED_EDGE('',*,*,#1437,.T.);
#738=ORIENTED_EDGE('',*,*,#1526,.T.);
#739=ORIENTED_EDGE('',*,*,#1527,.T.);
#740=ORIENTED_EDGE('',*,*,#1528,.F.);
#741=ORIENTED_EDGE('',*,*,#1529,.T.);
#742=ORIENTED_EDGE('',*,*,#1530,.T.);
#743=ORIENTED_EDGE('',*,*,#1531,.T.);
#744=ORIENTED_EDGE('',*,*,#1532,.T.);
#745=ORIENTED_EDGE('',*,*,#1533,.T.);
#746=ORIENTED_EDGE('',*,*,#1534,.T.);
#747=ORIENTED_EDGE('',*,*,#1535,.T.);
#748=ORIENTED_EDGE('',*,*,#1536,.T.);
#749=ORIENTED_EDGE('',*,*,#1537,.T.);
#750=ORIENTED_EDGE('',*,*,#1538,.T.);
#751=ORIENTED_EDGE('',*,*,#1539,.T.);
#752=ORIENTED_EDGE('',*,*,#1540,.T.);
#753=ORIENTED_EDGE('',*,*,#1541,.T.);
#754=ORIENTED_EDGE('',*,*,#1542,.T.);
#755=ORIENTED_EDGE('',*,*,#1543,.T.);
#756=ORIENTED_EDGE('',*,*,#1544,.T.);
#757=ORIENTED_EDGE('',*,*,#1545,.T.);
#758=ORIENTED_EDGE('',*,*,#1546,.T.);
#759=ORIENTED_EDGE('',*,*,#1547,.T.);
#760=ORIENTED_EDGE('',*,*,#1548,.T.);
#761=ORIENTED_EDGE('',*,*,#1549,.T.);
#762=ORIENTED_EDGE('',*,*,#1550,.T.);
#763=ORIENTED_EDGE('',*,*,#1551,.T.);
#764=ORIENTED_EDGE('',*,*,#1552,.T.);
#765=ORIENTED_EDGE('',*,*,#1553,.T.);
#766=ORIENTED_EDGE('',*,*,#1554,.T.);
#767=ORIENTED_EDGE('',*,*,#1555,.T.);
#768=ORIENTED_EDGE('',*,*,#1556,.T.);
#769=ORIENTED_EDGE('',*,*,#1557,.T.);
#770=ORIENTED_EDGE('',*,*,#1558,.T.);
#771=ORIENTED_EDGE('',*,*,#1559,.T.);
#772=ORIENTED_EDGE('',*,*,#1560,.T.);
#773=ORIENTED_EDGE('',*,*,#1561,.T.);
#774=ORIENTED_EDGE('',*,*,#1562,.T.);
#775=ORIENTED_EDGE('',*,*,#1563,.T.);
#776=ORIENTED_EDGE('',*,*,#1564,.T.);
#777=ORIENTED_EDGE('',*,*,#1565,.T.);
#778=ORIENTED_EDGE('',*,*,#1566,.T.);
#779=ORIENTED_EDGE('',*,*,#1567,.T.);
#780=ORIENTED_EDGE('',*,*,#1568,.T.);
#781=ORIENTED_EDGE('',*,*,#1569,.T.);
#782=ORIENTED_EDGE('',*,*,#1570,.T.);
#783=ORIENTED_EDGE('',*,*,#1571,.T.);
#784=ORIENTED_EDGE('',*,*,#1572,.T.);
#785=ORIENTED_EDGE('',*,*,#1573,.T.);
#786=ORIENTED_EDGE('',*,*,#1574,.T.);
#787=ORIENTED_EDGE('',*,*,#1575,.T.);
#788=ORIENTED_EDGE('',*,*,#1576,.T.);
#789=ORIENTED_EDGE('',*,*,#1577,.T.);
#790=ORIENTED_EDGE('',*,*,#1578,.T.);
#791=ORIENTED_EDGE('',*,*,#1579,.T.);
#792=ORIENTED_EDGE('',*,*,#1580,.T.);
#793=ORIENTED_EDGE('',*,*,#1581,.T.);
#794=ORIENTED_EDGE('',*,*,#1582,.T.);
#795=ORIENTED_EDGE('',*,*,#1583,.F.);
#796=ORIENTED_EDGE('',*,*,#1584,.F.);
#797=ORIENTED_EDGE('',*,*,#1585,.F.);
#798=ORIENTED_EDGE('',*,*,#1586,.T.);
#799=ORIENTED_EDGE('',*,*,#1587,.F.);
#800=ORIENTED_EDGE('',*,*,#1588,.F.);
#801=ORIENTED_EDGE('',*,*,#1589,.T.);
#802=ORIENTED_EDGE('',*,*,#1590,.T.);
#803=ORIENTED_EDGE('',*,*,#1591,.F.);
#804=ORIENTED_EDGE('',*,*,#1588,.T.);
#805=ORIENTED_EDGE('',*,*,#1592,.T.);
#806=ORIENTED_EDGE('',*,*,#1593,.T.);
#807=ORIENTED_EDGE('',*,*,#1594,.T.);
#808=ORIENTED_EDGE('',*,*,#1595,.F.);
#809=ORIENTED_EDGE('',*,*,#1592,.F.);
#810=ORIENTED_EDGE('',*,*,#1587,.T.);
#811=ORIENTED_EDGE('',*,*,#1596,.F.);
#812=ORIENTED_EDGE('',*,*,#1597,.T.);
#813=ORIENTED_EDGE('',*,*,#1584,.T.);
#814=ORIENTED_EDGE('',*,*,#1598,.T.);
#815=ORIENTED_EDGE('',*,*,#1594,.F.);
#816=ORIENTED_EDGE('',*,*,#1599,.T.);
#817=ORIENTED_EDGE('',*,*,#1600,.F.);
#818=ORIENTED_EDGE('',*,*,#1586,.F.);
#819=ORIENTED_EDGE('',*,*,#1601,.T.);
#820=ORIENTED_EDGE('',*,*,#1602,.F.);
#821=ORIENTED_EDGE('',*,*,#1596,.T.);
#822=ORIENTED_EDGE('',*,*,#1603,.F.);
#823=ORIENTED_EDGE('',*,*,#1604,.F.);
#824=ORIENTED_EDGE('',*,*,#1605,.F.);
#825=ORIENTED_EDGE('',*,*,#1606,.F.);
#826=ORIENTED_EDGE('',*,*,#1602,.T.);
#827=ORIENTED_EDGE('',*,*,#1607,.T.);
#828=ORIENTED_EDGE('',*,*,#1599,.F.);
#829=ORIENTED_EDGE('',*,*,#1593,.F.);
#830=ORIENTED_EDGE('',*,*,#1597,.F.);
#831=ORIENTED_EDGE('',*,*,#1468,.F.);
#832=ORIENTED_EDGE('',*,*,#1608,.T.);
#833=ORIENTED_EDGE('',*,*,#1609,.F.);
#834=ORIENTED_EDGE('',*,*,#1610,.F.);
#835=ORIENTED_EDGE('',*,*,#1464,.F.);
#836=ORIENTED_EDGE('',*,*,#1611,.T.);
#837=ORIENTED_EDGE('',*,*,#1612,.F.);
#838=ORIENTED_EDGE('',*,*,#1613,.F.);
#839=ORIENTED_EDGE('',*,*,#1460,.F.);
#840=ORIENTED_EDGE('',*,*,#1614,.T.);
#841=ORIENTED_EDGE('',*,*,#1615,.F.);
#842=ORIENTED_EDGE('',*,*,#1616,.F.);
#843=ORIENTED_EDGE('',*,*,#1488,.F.);
#844=ORIENTED_EDGE('',*,*,#1617,.T.);
#845=ORIENTED_EDGE('',*,*,#1618,.F.);
#846=ORIENTED_EDGE('',*,*,#1619,.F.);
#847=ORIENTED_EDGE('',*,*,#1484,.F.);
#848=ORIENTED_EDGE('',*,*,#1620,.T.);
#849=ORIENTED_EDGE('',*,*,#1621,.F.);
#850=ORIENTED_EDGE('',*,*,#1622,.F.);
#851=ORIENTED_EDGE('',*,*,#1480,.F.);
#852=ORIENTED_EDGE('',*,*,#1623,.T.);
#853=ORIENTED_EDGE('',*,*,#1624,.F.);
#854=ORIENTED_EDGE('',*,*,#1625,.F.);
#855=ORIENTED_EDGE('',*,*,#1476,.F.);
#856=ORIENTED_EDGE('',*,*,#1626,.T.);
#857=ORIENTED_EDGE('',*,*,#1627,.F.);
#858=ORIENTED_EDGE('',*,*,#1628,.F.);
#859=ORIENTED_EDGE('',*,*,#1472,.F.);
#860=ORIENTED_EDGE('',*,*,#1629,.T.);
#861=ORIENTED_EDGE('',*,*,#1630,.F.);
#862=ORIENTED_EDGE('',*,*,#1631,.F.);
#863=ORIENTED_EDGE('',*,*,#1530,.F.);
#864=ORIENTED_EDGE('',*,*,#1632,.F.);
#865=ORIENTED_EDGE('',*,*,#1633,.T.);
#866=ORIENTED_EDGE('',*,*,#1634,.T.);
#867=ORIENTED_EDGE('',*,*,#1529,.F.);
#868=ORIENTED_EDGE('',*,*,#1635,.F.);
#869=ORIENTED_EDGE('',*,*,#1636,.T.);
#870=ORIENTED_EDGE('',*,*,#1632,.T.);
#871=ORIENTED_EDGE('',*,*,#1552,.F.);
#872=ORIENTED_EDGE('',*,*,#1637,.F.);
#873=ORIENTED_EDGE('',*,*,#1638,.T.);
#874=ORIENTED_EDGE('',*,*,#1635,.T.);
#875=ORIENTED_EDGE('',*,*,#1551,.F.);
#876=ORIENTED_EDGE('',*,*,#1639,.F.);
#877=ORIENTED_EDGE('',*,*,#1640,.T.);
#878=ORIENTED_EDGE('',*,*,#1637,.T.);
#879=ORIENTED_EDGE('',*,*,#1550,.F.);
#880=ORIENTED_EDGE('',*,*,#1641,.F.);
#881=ORIENTED_EDGE('',*,*,#1642,.T.);
#882=ORIENTED_EDGE('',*,*,#1639,.T.);
#883=ORIENTED_EDGE('',*,*,#1549,.F.);
#884=ORIENTED_EDGE('',*,*,#1643,.F.);
#885=ORIENTED_EDGE('',*,*,#1644,.T.);
#886=ORIENTED_EDGE('',*,*,#1641,.T.);
#887=ORIENTED_EDGE('',*,*,#1548,.F.);
#888=ORIENTED_EDGE('',*,*,#1645,.F.);
#889=ORIENTED_EDGE('',*,*,#1646,.T.);
#890=ORIENTED_EDGE('',*,*,#1643,.T.);
#891=ORIENTED_EDGE('',*,*,#1547,.F.);
#892=ORIENTED_EDGE('',*,*,#1647,.F.);
#893=ORIENTED_EDGE('',*,*,#1648,.T.);
#894=ORIENTED_EDGE('',*,*,#1645,.T.);
#895=ORIENTED_EDGE('',*,*,#1546,.F.);
#896=ORIENTED_EDGE('',*,*,#1649,.F.);
#897=ORIENTED_EDGE('',*,*,#1650,.T.);
#898=ORIENTED_EDGE('',*,*,#1647,.T.);
#899=ORIENTED_EDGE('',*,*,#1545,.F.);
#900=ORIENTED_EDGE('',*,*,#1651,.F.);
#901=ORIENTED_EDGE('',*,*,#1652,.T.);
#902=ORIENTED_EDGE('',*,*,#1649,.T.);
#903=ORIENTED_EDGE('',*,*,#1544,.F.);
#904=ORIENTED_EDGE('',*,*,#1653,.F.);
#905=ORIENTED_EDGE('',*,*,#1654,.T.);
#906=ORIENTED_EDGE('',*,*,#1651,.T.);
#907=ORIENTED_EDGE('',*,*,#1543,.F.);
#908=ORIENTED_EDGE('',*,*,#1655,.F.);
#909=ORIENTED_EDGE('',*,*,#1656,.T.);
#910=ORIENTED_EDGE('',*,*,#1653,.T.);
#911=ORIENTED_EDGE('',*,*,#1542,.F.);
#912=ORIENTED_EDGE('',*,*,#1657,.F.);
#913=ORIENTED_EDGE('',*,*,#1658,.T.);
#914=ORIENTED_EDGE('',*,*,#1655,.T.);
#915=ORIENTED_EDGE('',*,*,#1541,.F.);
#916=ORIENTED_EDGE('',*,*,#1659,.F.);
#917=ORIENTED_EDGE('',*,*,#1660,.T.);
#918=ORIENTED_EDGE('',*,*,#1657,.T.);
#919=ORIENTED_EDGE('',*,*,#1540,.F.);
#920=ORIENTED_EDGE('',*,*,#1661,.F.);
#921=ORIENTED_EDGE('',*,*,#1662,.T.);
#922=ORIENTED_EDGE('',*,*,#1659,.T.);
#923=ORIENTED_EDGE('',*,*,#1539,.F.);
#924=ORIENTED_EDGE('',*,*,#1663,.F.);
#925=ORIENTED_EDGE('',*,*,#1664,.T.);
#926=ORIENTED_EDGE('',*,*,#1661,.T.);
#927=ORIENTED_EDGE('',*,*,#1538,.F.);
#928=ORIENTED_EDGE('',*,*,#1665,.F.);
#929=ORIENTED_EDGE('',*,*,#1666,.T.);
#930=ORIENTED_EDGE('',*,*,#1663,.T.);
#931=ORIENTED_EDGE('',*,*,#1537,.F.);
#932=ORIENTED_EDGE('',*,*,#1667,.F.);
#933=ORIENTED_EDGE('',*,*,#1668,.T.);
#934=ORIENTED_EDGE('',*,*,#1665,.T.);
#935=ORIENTED_EDGE('',*,*,#1536,.F.);
#936=ORIENTED_EDGE('',*,*,#1669,.F.);
#937=ORIENTED_EDGE('',*,*,#1670,.T.);
#938=ORIENTED_EDGE('',*,*,#1667,.T.);
#939=ORIENTED_EDGE('',*,*,#1535,.F.);
#940=ORIENTED_EDGE('',*,*,#1671,.F.);
#941=ORIENTED_EDGE('',*,*,#1672,.T.);
#942=ORIENTED_EDGE('',*,*,#1669,.T.);
#943=ORIENTED_EDGE('',*,*,#1534,.F.);
#944=ORIENTED_EDGE('',*,*,#1673,.F.);
#945=ORIENTED_EDGE('',*,*,#1674,.T.);
#946=ORIENTED_EDGE('',*,*,#1671,.T.);
#947=ORIENTED_EDGE('',*,*,#1533,.F.);
#948=ORIENTED_EDGE('',*,*,#1675,.F.);
#949=ORIENTED_EDGE('',*,*,#1676,.T.);
#950=ORIENTED_EDGE('',*,*,#1673,.T.);
#951=ORIENTED_EDGE('',*,*,#1532,.F.);
#952=ORIENTED_EDGE('',*,*,#1677,.F.);
#953=ORIENTED_EDGE('',*,*,#1678,.T.);
#954=ORIENTED_EDGE('',*,*,#1675,.T.);
#955=ORIENTED_EDGE('',*,*,#1531,.F.);
#956=ORIENTED_EDGE('',*,*,#1634,.F.);
#957=ORIENTED_EDGE('',*,*,#1679,.T.);
#958=ORIENTED_EDGE('',*,*,#1677,.T.);
#959=ORIENTED_EDGE('',*,*,#1633,.F.);
#960=ORIENTED_EDGE('',*,*,#1636,.F.);
#961=ORIENTED_EDGE('',*,*,#1638,.F.);
#962=ORIENTED_EDGE('',*,*,#1640,.F.);
#963=ORIENTED_EDGE('',*,*,#1642,.F.);
#964=ORIENTED_EDGE('',*,*,#1644,.F.);
#965=ORIENTED_EDGE('',*,*,#1646,.F.);
#966=ORIENTED_EDGE('',*,*,#1648,.F.);
#967=ORIENTED_EDGE('',*,*,#1650,.F.);
#968=ORIENTED_EDGE('',*,*,#1652,.F.);
#969=ORIENTED_EDGE('',*,*,#1654,.F.);
#970=ORIENTED_EDGE('',*,*,#1656,.F.);
#971=ORIENTED_EDGE('',*,*,#1658,.F.);
#972=ORIENTED_EDGE('',*,*,#1660,.F.);
#973=ORIENTED_EDGE('',*,*,#1662,.F.);
#974=ORIENTED_EDGE('',*,*,#1664,.F.);
#975=ORIENTED_EDGE('',*,*,#1666,.F.);
#976=ORIENTED_EDGE('',*,*,#1668,.F.);
#977=ORIENTED_EDGE('',*,*,#1670,.F.);
#978=ORIENTED_EDGE('',*,*,#1672,.F.);
#979=ORIENTED_EDGE('',*,*,#1674,.F.);
#980=ORIENTED_EDGE('',*,*,#1676,.F.);
#981=ORIENTED_EDGE('',*,*,#1678,.F.);
#982=ORIENTED_EDGE('',*,*,#1679,.F.);
#983=ORIENTED_EDGE('',*,*,#1554,.F.);
#984=ORIENTED_EDGE('',*,*,#1680,.F.);
#985=ORIENTED_EDGE('',*,*,#1681,.T.);
#986=ORIENTED_EDGE('',*,*,#1682,.T.);
#987=ORIENTED_EDGE('',*,*,#1553,.F.);
#988=ORIENTED_EDGE('',*,*,#1683,.F.);
#989=ORIENTED_EDGE('',*,*,#1684,.T.);
#990=ORIENTED_EDGE('',*,*,#1680,.T.);
#991=ORIENTED_EDGE('',*,*,#1582,.F.);
#992=ORIENTED_EDGE('',*,*,#1685,.F.);
#993=ORIENTED_EDGE('',*,*,#1686,.T.);
#994=ORIENTED_EDGE('',*,*,#1683,.T.);
#995=ORIENTED_EDGE('',*,*,#1581,.F.);
#996=ORIENTED_EDGE('',*,*,#1687,.F.);
#997=ORIENTED_EDGE('',*,*,#1688,.T.);
#998=ORIENTED_EDGE('',*,*,#1685,.T.);
#999=ORIENTED_EDGE('',*,*,#1580,.F.);
#1000=ORIENTED_EDGE('',*,*,#1689,.F.);
#1001=ORIENTED_EDGE('',*,*,#1690,.T.);
#1002=ORIENTED_EDGE('',*,*,#1687,.T.);
#1003=ORIENTED_EDGE('',*,*,#1579,.F.);
#1004=ORIENTED_EDGE('',*,*,#1691,.F.);
#1005=ORIENTED_EDGE('',*,*,#1692,.T.);
#1006=ORIENTED_EDGE('',*,*,#1689,.T.);
#1007=ORIENTED_EDGE('',*,*,#1578,.F.);
#1008=ORIENTED_EDGE('',*,*,#1693,.F.);
#1009=ORIENTED_EDGE('',*,*,#1694,.T.);
#1010=ORIENTED_EDGE('',*,*,#1691,.T.);
#1011=ORIENTED_EDGE('',*,*,#1577,.F.);
#1012=ORIENTED_EDGE('',*,*,#1695,.F.);
#1013=ORIENTED_EDGE('',*,*,#1696,.T.);
#1014=ORIENTED_EDGE('',*,*,#1693,.T.);
#1015=ORIENTED_EDGE('',*,*,#1576,.F.);
#1016=ORIENTED_EDGE('',*,*,#1697,.F.);
#1017=ORIENTED_EDGE('',*,*,#1698,.T.);
#1018=ORIENTED_EDGE('',*,*,#1695,.T.);
#1019=ORIENTED_EDGE('',*,*,#1575,.F.);
#1020=ORIENTED_EDGE('',*,*,#1699,.F.);
#1021=ORIENTED_EDGE('',*,*,#1700,.T.);
#1022=ORIENTED_EDGE('',*,*,#1697,.T.);
#1023=ORIENTED_EDGE('',*,*,#1574,.F.);
#1024=ORIENTED_EDGE('',*,*,#1701,.F.);
#1025=ORIENTED_EDGE('',*,*,#1702,.T.);
#1026=ORIENTED_EDGE('',*,*,#1699,.T.);
#1027=ORIENTED_EDGE('',*,*,#1573,.F.);
#1028=ORIENTED_EDGE('',*,*,#1703,.F.);
#1029=ORIENTED_EDGE('',*,*,#1704,.T.);
#1030=ORIENTED_EDGE('',*,*,#1701,.T.);
#1031=ORIENTED_EDGE('',*,*,#1572,.F.);
#1032=ORIENTED_EDGE('',*,*,#1705,.F.);
#1033=ORIENTED_EDGE('',*,*,#1706,.T.);
#1034=ORIENTED_EDGE('',*,*,#1703,.T.);
#1035=ORIENTED_EDGE('',*,*,#1571,.F.);
#1036=ORIENTED_EDGE('',*,*,#1707,.F.);
#1037=ORIENTED_EDGE('',*,*,#1708,.T.);
#1038=ORIENTED_EDGE('',*,*,#1705,.T.);
#1039=ORIENTED_EDGE('',*,*,#1570,.F.);
#1040=ORIENTED_EDGE('',*,*,#1709,.F.);
#1041=ORIENTED_EDGE('',*,*,#1710,.T.);
#1042=ORIENTED_EDGE('',*,*,#1707,.T.);
#1043=ORIENTED_EDGE('',*,*,#1569,.F.);
#1044=ORIENTED_EDGE('',*,*,#1711,.F.);
#1045=ORIENTED_EDGE('',*,*,#1712,.T.);
#1046=ORIENTED_EDGE('',*,*,#1709,.T.);
#1047=ORIENTED_EDGE('',*,*,#1568,.F.);
#1048=ORIENTED_EDGE('',*,*,#1713,.F.);
#1049=ORIENTED_EDGE('',*,*,#1714,.T.);
#1050=ORIENTED_EDGE('',*,*,#1711,.T.);
#1051=ORIENTED_EDGE('',*,*,#1567,.F.);
#1052=ORIENTED_EDGE('',*,*,#1715,.F.);
#1053=ORIENTED_EDGE('',*,*,#1716,.T.);
#1054=ORIENTED_EDGE('',*,*,#1713,.T.);
#1055=ORIENTED_EDGE('',*,*,#1566,.F.);
#1056=ORIENTED_EDGE('',*,*,#1717,.F.);
#1057=ORIENTED_EDGE('',*,*,#1718,.T.);
#1058=ORIENTED_EDGE('',*,*,#1715,.T.);
#1059=ORIENTED_EDGE('',*,*,#1565,.F.);
#1060=ORIENTED_EDGE('',*,*,#1719,.F.);
#1061=ORIENTED_EDGE('',*,*,#1720,.T.);
#1062=ORIENTED_EDGE('',*,*,#1717,.T.);
#1063=ORIENTED_EDGE('',*,*,#1564,.F.);
#1064=ORIENTED_EDGE('',*,*,#1721,.F.);
#1065=ORIENTED_EDGE('',*,*,#1722,.T.);
#1066=ORIENTED_EDGE('',*,*,#1719,.T.);
#1067=ORIENTED_EDGE('',*,*,#1563,.F.);
#1068=ORIENTED_EDGE('',*,*,#1723,.F.);
#1069=ORIENTED_EDGE('',*,*,#1724,.T.);
#1070=ORIENTED_EDGE('',*,*,#1721,.T.);
#1071=ORIENTED_EDGE('',*,*,#1562,.F.);
#1072=ORIENTED_EDGE('',*,*,#1725,.F.);
#1073=ORIENTED_EDGE('',*,*,#1726,.T.);
#1074=ORIENTED_EDGE('',*,*,#1723,.T.);
#1075=ORIENTED_EDGE('',*,*,#1561,.F.);
#1076=ORIENTED_EDGE('',*,*,#1727,.F.);
#1077=ORIENTED_EDGE('',*,*,#1728,.T.);
#1078=ORIENTED_EDGE('',*,*,#1725,.T.);
#1079=ORIENTED_EDGE('',*,*,#1560,.F.);
#1080=ORIENTED_EDGE('',*,*,#1729,.F.);
#1081=ORIENTED_EDGE('',*,*,#1730,.T.);
#1082=ORIENTED_EDGE('',*,*,#1727,.T.);
#1083=ORIENTED_EDGE('',*,*,#1559,.F.);
#1084=ORIENTED_EDGE('',*,*,#1731,.F.);
#1085=ORIENTED_EDGE('',*,*,#1732,.T.);
#1086=ORIENTED_EDGE('',*,*,#1729,.T.);
#1087=ORIENTED_EDGE('',*,*,#1558,.F.);
#1088=ORIENTED_EDGE('',*,*,#1733,.F.);
#1089=ORIENTED_EDGE('',*,*,#1734,.T.);
#1090=ORIENTED_EDGE('',*,*,#1731,.T.);
#1091=ORIENTED_EDGE('',*,*,#1557,.F.);
#1092=ORIENTED_EDGE('',*,*,#1735,.F.);
#1093=ORIENTED_EDGE('',*,*,#1736,.T.);
#1094=ORIENTED_EDGE('',*,*,#1733,.T.);
#1095=ORIENTED_EDGE('',*,*,#1556,.F.);
#1096=ORIENTED_EDGE('',*,*,#1737,.F.);
#1097=ORIENTED_EDGE('',*,*,#1738,.T.);
#1098=ORIENTED_EDGE('',*,*,#1735,.T.);
#1099=ORIENTED_EDGE('',*,*,#1555,.F.);
#1100=ORIENTED_EDGE('',*,*,#1682,.F.);
#1101=ORIENTED_EDGE('',*,*,#1739,.T.);
#1102=ORIENTED_EDGE('',*,*,#1737,.T.);
#1103=ORIENTED_EDGE('',*,*,#1681,.F.);
#1104=ORIENTED_EDGE('',*,*,#1684,.F.);
#1105=ORIENTED_EDGE('',*,*,#1686,.F.);
#1106=ORIENTED_EDGE('',*,*,#1688,.F.);
#1107=ORIENTED_EDGE('',*,*,#1690,.F.);
#1108=ORIENTED_EDGE('',*,*,#1692,.F.);
#1109=ORIENTED_EDGE('',*,*,#1694,.F.);
#1110=ORIENTED_EDGE('',*,*,#1696,.F.);
#1111=ORIENTED_EDGE('',*,*,#1698,.F.);
#1112=ORIENTED_EDGE('',*,*,#1700,.F.);
#1113=ORIENTED_EDGE('',*,*,#1702,.F.);
#1114=ORIENTED_EDGE('',*,*,#1704,.F.);
#1115=ORIENTED_EDGE('',*,*,#1706,.F.);
#1116=ORIENTED_EDGE('',*,*,#1708,.F.);
#1117=ORIENTED_EDGE('',*,*,#1710,.F.);
#1118=ORIENTED_EDGE('',*,*,#1712,.F.);
#1119=ORIENTED_EDGE('',*,*,#1714,.F.);
#1120=ORIENTED_EDGE('',*,*,#1716,.F.);
#1121=ORIENTED_EDGE('',*,*,#1718,.F.);
#1122=ORIENTED_EDGE('',*,*,#1720,.F.);
#1123=ORIENTED_EDGE('',*,*,#1722,.F.);
#1124=ORIENTED_EDGE('',*,*,#1724,.F.);
#1125=ORIENTED_EDGE('',*,*,#1726,.F.);
#1126=ORIENTED_EDGE('',*,*,#1728,.F.);
#1127=ORIENTED_EDGE('',*,*,#1730,.F.);
#1128=ORIENTED_EDGE('',*,*,#1732,.F.);
#1129=ORIENTED_EDGE('',*,*,#1734,.F.);
#1130=ORIENTED_EDGE('',*,*,#1736,.F.);
#1131=ORIENTED_EDGE('',*,*,#1738,.F.);
#1132=ORIENTED_EDGE('',*,*,#1739,.F.);
#1133=ORIENTED_EDGE('',*,*,#1601,.F.);
#1134=ORIENTED_EDGE('',*,*,#1585,.T.);
#1135=ORIENTED_EDGE('',*,*,#1600,.T.);
#1136=ORIENTED_EDGE('',*,*,#1607,.F.);
#1137=ORIENTED_EDGE('',*,*,#1591,.T.);
#1138=ORIENTED_EDGE('',*,*,#1740,.T.);
#1139=ORIENTED_EDGE('',*,*,#1741,.F.);
#1140=ORIENTED_EDGE('',*,*,#1589,.F.);
#1141=ORIENTED_EDGE('',*,*,#1595,.T.);
#1142=ORIENTED_EDGE('',*,*,#1598,.F.);
#1143=ORIENTED_EDGE('',*,*,#1583,.T.);
#1144=ORIENTED_EDGE('',*,*,#1742,.F.);
#1145=ORIENTED_EDGE('',*,*,#1740,.F.);
#1146=ORIENTED_EDGE('',*,*,#1590,.F.);
#1147=ORIENTED_EDGE('',*,*,#1741,.T.);
#1148=ORIENTED_EDGE('',*,*,#1742,.T.);
#1149=ORIENTED_EDGE('',*,*,#1603,.T.);
#1150=ORIENTED_EDGE('',*,*,#1743,.T.);
#1151=ORIENTED_EDGE('',*,*,#1502,.T.);
#1152=ORIENTED_EDGE('',*,*,#1744,.F.);
#1153=ORIENTED_EDGE('',*,*,#1606,.T.);
#1154=ORIENTED_EDGE('',*,*,#1745,.T.);
#1155=ORIENTED_EDGE('',*,*,#1503,.T.);
#1156=ORIENTED_EDGE('',*,*,#1743,.F.);
#1157=ORIENTED_EDGE('',*,*,#1605,.T.);
#1158=ORIENTED_EDGE('',*,*,#1746,.T.);
#1159=ORIENTED_EDGE('',*,*,#1504,.T.);
#1160=ORIENTED_EDGE('',*,*,#1745,.F.);
#1161=ORIENTED_EDGE('',*,*,#1604,.T.);
#1162=ORIENTED_EDGE('',*,*,#1744,.T.);
#1163=ORIENTED_EDGE('',*,*,#1501,.T.);
#1164=ORIENTED_EDGE('',*,*,#1746,.F.);
#1165=ORIENTED_EDGE('',*,*,#1496,.F.);
#1166=ORIENTED_EDGE('',*,*,#1490,.F.);
#1167=ORIENTED_EDGE('',*,*,#1494,.F.);
#1168=ORIENTED_EDGE('',*,*,#1499,.F.);
#1169=ORIENTED_EDGE('',*,*,#1608,.F.);
#1170=ORIENTED_EDGE('',*,*,#1467,.T.);
#1171=ORIENTED_EDGE('',*,*,#1747,.T.);
#1172=ORIENTED_EDGE('',*,*,#1748,.F.);
#1173=ORIENTED_EDGE('',*,*,#1466,.F.);
#1174=ORIENTED_EDGE('',*,*,#1749,.T.);
#1175=ORIENTED_EDGE('',*,*,#1750,.T.);
#1176=ORIENTED_EDGE('',*,*,#1747,.F.);
#1177=ORIENTED_EDGE('',*,*,#1748,.T.);
#1178=ORIENTED_EDGE('',*,*,#1750,.F.);
#1179=ORIENTED_EDGE('',*,*,#1751,.T.);
#1180=ORIENTED_EDGE('',*,*,#1609,.T.);
#1181=ORIENTED_EDGE('',*,*,#1749,.F.);
#1182=ORIENTED_EDGE('',*,*,#1465,.T.);
#1183=ORIENTED_EDGE('',*,*,#1610,.T.);
#1184=ORIENTED_EDGE('',*,*,#1751,.F.);
#1185=ORIENTED_EDGE('',*,*,#1526,.F.);
#1186=ORIENTED_EDGE('',*,*,#1436,.T.);
#1187=ORIENTED_EDGE('',*,*,#1752,.T.);
#1188=ORIENTED_EDGE('',*,*,#1753,.F.);
#1189=ORIENTED_EDGE('',*,*,#1752,.F.);
#1190=ORIENTED_EDGE('',*,*,#1435,.T.);
#1191=ORIENTED_EDGE('',*,*,#1754,.T.);
#1192=ORIENTED_EDGE('',*,*,#1755,.F.);
#1193=ORIENTED_EDGE('',*,*,#1754,.F.);
#1194=ORIENTED_EDGE('',*,*,#1434,.F.);
#1195=ORIENTED_EDGE('',*,*,#1528,.T.);
#1196=ORIENTED_EDGE('',*,*,#1756,.T.);
#1197=ORIENTED_EDGE('',*,*,#1527,.F.);
#1198=ORIENTED_EDGE('',*,*,#1753,.T.);
#1199=ORIENTED_EDGE('',*,*,#1755,.T.);
#1200=ORIENTED_EDGE('',*,*,#1756,.F.);
#1201=ORIENTED_EDGE('',*,*,#1757,.F.);
#1202=ORIENTED_EDGE('',*,*,#1439,.T.);
#1203=ORIENTED_EDGE('',*,*,#1758,.T.);
#1204=ORIENTED_EDGE('',*,*,#1759,.F.);
#1205=ORIENTED_EDGE('',*,*,#1758,.F.);
#1206=ORIENTED_EDGE('',*,*,#1438,.F.);
#1207=ORIENTED_EDGE('',*,*,#1525,.T.);
#1208=ORIENTED_EDGE('',*,*,#1760,.T.);
#1209=ORIENTED_EDGE('',*,*,#1440,.T.);
#1210=ORIENTED_EDGE('',*,*,#1757,.T.);
#1211=ORIENTED_EDGE('',*,*,#1761,.F.);
#1212=ORIENTED_EDGE('',*,*,#1523,.F.);
#1213=ORIENTED_EDGE('',*,*,#1524,.T.);
#1214=ORIENTED_EDGE('',*,*,#1761,.T.);
#1215=ORIENTED_EDGE('',*,*,#1759,.T.);
#1216=ORIENTED_EDGE('',*,*,#1760,.F.);
#1217=ORIENTED_EDGE('',*,*,#1762,.F.);
#1218=ORIENTED_EDGE('',*,*,#1443,.T.);
#1219=ORIENTED_EDGE('',*,*,#1763,.T.);
#1220=ORIENTED_EDGE('',*,*,#1764,.F.);
#1221=ORIENTED_EDGE('',*,*,#1763,.F.);
#1222=ORIENTED_EDGE('',*,*,#1442,.F.);
#1223=ORIENTED_EDGE('',*,*,#1522,.T.);
#1224=ORIENTED_EDGE('',*,*,#1765,.T.);
#1225=ORIENTED_EDGE('',*,*,#1444,.T.);
#1226=ORIENTED_EDGE('',*,*,#1762,.T.);
#1227=ORIENTED_EDGE('',*,*,#1766,.F.);
#1228=ORIENTED_EDGE('',*,*,#1520,.F.);
#1229=ORIENTED_EDGE('',*,*,#1521,.T.);
#1230=ORIENTED_EDGE('',*,*,#1766,.T.);
#1231=ORIENTED_EDGE('',*,*,#1764,.T.);
#1232=ORIENTED_EDGE('',*,*,#1765,.F.);
#1233=ORIENTED_EDGE('',*,*,#1517,.F.);
#1234=ORIENTED_EDGE('',*,*,#1448,.T.);
#1235=ORIENTED_EDGE('',*,*,#1767,.T.);
#1236=ORIENTED_EDGE('',*,*,#1768,.F.);
#1237=ORIENTED_EDGE('',*,*,#1767,.F.);
#1238=ORIENTED_EDGE('',*,*,#1447,.T.);
#1239=ORIENTED_EDGE('',*,*,#1769,.T.);
#1240=ORIENTED_EDGE('',*,*,#1770,.F.);
#1241=ORIENTED_EDGE('',*,*,#1769,.F.);
#1242=ORIENTED_EDGE('',*,*,#1446,.F.);
#1243=ORIENTED_EDGE('',*,*,#1519,.T.);
#1244=ORIENTED_EDGE('',*,*,#1771,.T.);
#1245=ORIENTED_EDGE('',*,*,#1518,.T.);
#1246=ORIENTED_EDGE('',*,*,#1768,.T.);
#1247=ORIENTED_EDGE('',*,*,#1770,.T.);
#1248=ORIENTED_EDGE('',*,*,#1771,.F.);
#1249=ORIENTED_EDGE('',*,*,#1772,.F.);
#1250=ORIENTED_EDGE('',*,*,#1455,.T.);
#1251=ORIENTED_EDGE('',*,*,#1773,.T.);
#1252=ORIENTED_EDGE('',*,*,#1774,.F.);
#1253=ORIENTED_EDGE('',*,*,#1773,.F.);
#1254=ORIENTED_EDGE('',*,*,#1454,.F.);
#1255=ORIENTED_EDGE('',*,*,#1513,.T.);
#1256=ORIENTED_EDGE('',*,*,#1775,.T.);
#1257=ORIENTED_EDGE('',*,*,#1456,.T.);
#1258=ORIENTED_EDGE('',*,*,#1772,.T.);
#1259=ORIENTED_EDGE('',*,*,#1776,.F.);
#1260=ORIENTED_EDGE('',*,*,#1511,.F.);
#1261=ORIENTED_EDGE('',*,*,#1512,.F.);
#1262=ORIENTED_EDGE('',*,*,#1776,.T.);
#1263=ORIENTED_EDGE('',*,*,#1774,.T.);
#1264=ORIENTED_EDGE('',*,*,#1775,.F.);
#1265=ORIENTED_EDGE('',*,*,#1777,.F.);
#1266=ORIENTED_EDGE('',*,*,#1450,.F.);
#1267=ORIENTED_EDGE('',*,*,#1516,.T.);
#1268=ORIENTED_EDGE('',*,*,#1778,.T.);
#1269=ORIENTED_EDGE('',*,*,#1514,.F.);
#1270=ORIENTED_EDGE('',*,*,#1452,.T.);
#1271=ORIENTED_EDGE('',*,*,#1779,.T.);
#1272=ORIENTED_EDGE('',*,*,#1780,.F.);
#1273=ORIENTED_EDGE('',*,*,#1451,.T.);
#1274=ORIENTED_EDGE('',*,*,#1777,.T.);
#1275=ORIENTED_EDGE('',*,*,#1781,.F.);
#1276=ORIENTED_EDGE('',*,*,#1779,.F.);
#1277=ORIENTED_EDGE('',*,*,#1780,.T.);
#1278=ORIENTED_EDGE('',*,*,#1781,.T.);
#1279=ORIENTED_EDGE('',*,*,#1778,.F.);
#1280=ORIENTED_EDGE('',*,*,#1515,.F.);
#1281=ORIENTED_EDGE('',*,*,#1782,.F.);
#1282=ORIENTED_EDGE('',*,*,#1431,.T.);
#1283=ORIENTED_EDGE('',*,*,#1783,.T.);
#1284=ORIENTED_EDGE('',*,*,#1784,.F.);
#1285=ORIENTED_EDGE('',*,*,#1783,.F.);
#1286=ORIENTED_EDGE('',*,*,#1430,.F.);
#1287=ORIENTED_EDGE('',*,*,#1507,.T.);
#1288=ORIENTED_EDGE('',*,*,#1785,.T.);
#1289=ORIENTED_EDGE('',*,*,#1432,.T.);
#1290=ORIENTED_EDGE('',*,*,#1782,.T.);
#1291=ORIENTED_EDGE('',*,*,#1786,.F.);
#1292=ORIENTED_EDGE('',*,*,#1505,.F.);
#1293=ORIENTED_EDGE('',*,*,#1506,.F.);
#1294=ORIENTED_EDGE('',*,*,#1786,.T.);
#1295=ORIENTED_EDGE('',*,*,#1784,.T.);
#1296=ORIENTED_EDGE('',*,*,#1785,.F.);
#1297=ORIENTED_EDGE('',*,*,#1787,.F.);
#1298=ORIENTED_EDGE('',*,*,#1427,.T.);
#1299=ORIENTED_EDGE('',*,*,#1788,.T.);
#1300=ORIENTED_EDGE('',*,*,#1789,.F.);
#1301=ORIENTED_EDGE('',*,*,#1788,.F.);
#1302=ORIENTED_EDGE('',*,*,#1426,.F.);
#1303=ORIENTED_EDGE('',*,*,#1510,.T.);
#1304=ORIENTED_EDGE('',*,*,#1790,.T.);
#1305=ORIENTED_EDGE('',*,*,#1428,.T.);
#1306=ORIENTED_EDGE('',*,*,#1787,.T.);
#1307=ORIENTED_EDGE('',*,*,#1791,.F.);
#1308=ORIENTED_EDGE('',*,*,#1508,.F.);
#1309=ORIENTED_EDGE('',*,*,#1509,.F.);
#1310=ORIENTED_EDGE('',*,*,#1791,.T.);
#1311=ORIENTED_EDGE('',*,*,#1789,.T.);
#1312=ORIENTED_EDGE('',*,*,#1790,.F.);
#1313=ORIENTED_EDGE('',*,*,#1792,.F.);
#1314=ORIENTED_EDGE('',*,*,#1793,.F.);
#1315=ORIENTED_EDGE('',*,*,#1462,.F.);
#1316=ORIENTED_EDGE('',*,*,#1794,.T.);
#1317=ORIENTED_EDGE('',*,*,#1794,.F.);
#1318=ORIENTED_EDGE('',*,*,#1461,.T.);
#1319=ORIENTED_EDGE('',*,*,#1613,.T.);
#1320=ORIENTED_EDGE('',*,*,#1795,.F.);
#1321=ORIENTED_EDGE('',*,*,#1463,.T.);
#1322=ORIENTED_EDGE('',*,*,#1793,.T.);
#1323=ORIENTED_EDGE('',*,*,#1796,.F.);
#1324=ORIENTED_EDGE('',*,*,#1611,.F.);
#1325=ORIENTED_EDGE('',*,*,#1612,.T.);
#1326=ORIENTED_EDGE('',*,*,#1796,.T.);
#1327=ORIENTED_EDGE('',*,*,#1792,.T.);
#1328=ORIENTED_EDGE('',*,*,#1795,.T.);
#1329=ORIENTED_EDGE('',*,*,#1617,.F.);
#1330=ORIENTED_EDGE('',*,*,#1487,.T.);
#1331=ORIENTED_EDGE('',*,*,#1797,.T.);
#1332=ORIENTED_EDGE('',*,*,#1798,.F.);
#1333=ORIENTED_EDGE('',*,*,#1799,.F.);
#1334=ORIENTED_EDGE('',*,*,#1797,.F.);
#1335=ORIENTED_EDGE('',*,*,#1486,.F.);
#1336=ORIENTED_EDGE('',*,*,#1800,.T.);
#1337=ORIENTED_EDGE('',*,*,#1800,.F.);
#1338=ORIENTED_EDGE('',*,*,#1485,.T.);
#1339=ORIENTED_EDGE('',*,*,#1619,.T.);
#1340=ORIENTED_EDGE('',*,*,#1801,.F.);
#1341=ORIENTED_EDGE('',*,*,#1618,.T.);
#1342=ORIENTED_EDGE('',*,*,#1798,.T.);
#1343=ORIENTED_EDGE('',*,*,#1799,.T.);
#1344=ORIENTED_EDGE('',*,*,#1801,.T.);
#1345=ORIENTED_EDGE('',*,*,#1802,.F.);
#1346=ORIENTED_EDGE('',*,*,#1803,.F.);
#1347=ORIENTED_EDGE('',*,*,#1478,.F.);
#1348=ORIENTED_EDGE('',*,*,#1804,.T.);
#1349=ORIENTED_EDGE('',*,*,#1804,.F.);
#1350=ORIENTED_EDGE('',*,*,#1477,.T.);
#1351=ORIENTED_EDGE('',*,*,#1625,.T.);
#1352=ORIENTED_EDGE('',*,*,#1805,.F.);
#1353=ORIENTED_EDGE('',*,*,#1479,.T.);
#1354=ORIENTED_EDGE('',*,*,#1803,.T.);
#1355=ORIENTED_EDGE('',*,*,#1806,.F.);
#1356=ORIENTED_EDGE('',*,*,#1623,.F.);
#1357=ORIENTED_EDGE('',*,*,#1624,.T.);
#1358=ORIENTED_EDGE('',*,*,#1806,.T.);
#1359=ORIENTED_EDGE('',*,*,#1802,.T.);
#1360=ORIENTED_EDGE('',*,*,#1805,.T.);
#1361=ORIENTED_EDGE('',*,*,#1807,.F.);
#1362=ORIENTED_EDGE('',*,*,#1808,.F.);
#1363=ORIENTED_EDGE('',*,*,#1470,.F.);
#1364=ORIENTED_EDGE('',*,*,#1809,.T.);
#1365=ORIENTED_EDGE('',*,*,#1809,.F.);
#1366=ORIENTED_EDGE('',*,*,#1469,.T.);
#1367=ORIENTED_EDGE('',*,*,#1631,.T.);
#1368=ORIENTED_EDGE('',*,*,#1810,.F.);
#1369=ORIENTED_EDGE('',*,*,#1471,.T.);
#1370=ORIENTED_EDGE('',*,*,#1808,.T.);
#1371=ORIENTED_EDGE('',*,*,#1811,.F.);
#1372=ORIENTED_EDGE('',*,*,#1629,.F.);
#1373=ORIENTED_EDGE('',*,*,#1630,.T.);
#1374=ORIENTED_EDGE('',*,*,#1811,.T.);
#1375=ORIENTED_EDGE('',*,*,#1807,.T.);
#1376=ORIENTED_EDGE('',*,*,#1810,.T.);
#1377=ORIENTED_EDGE('',*,*,#1812,.F.);
#1378=ORIENTED_EDGE('',*,*,#1813,.F.);
#1379=ORIENTED_EDGE('',*,*,#1474,.F.);
#1380=ORIENTED_EDGE('',*,*,#1814,.T.);
#1381=ORIENTED_EDGE('',*,*,#1814,.F.);
#1382=ORIENTED_EDGE('',*,*,#1473,.T.);
#1383=ORIENTED_EDGE('',*,*,#1628,.T.);
#1384=ORIENTED_EDGE('',*,*,#1815,.F.);
#1385=ORIENTED_EDGE('',*,*,#1475,.T.);
#1386=ORIENTED_EDGE('',*,*,#1813,.T.);
#1387=ORIENTED_EDGE('',*,*,#1816,.F.);
#1388=ORIENTED_EDGE('',*,*,#1626,.F.);
#1389=ORIENTED_EDGE('',*,*,#1627,.T.);
#1390=ORIENTED_EDGE('',*,*,#1816,.T.);
#1391=ORIENTED_EDGE('',*,*,#1812,.T.);
#1392=ORIENTED_EDGE('',*,*,#1815,.T.);
#1393=ORIENTED_EDGE('',*,*,#1817,.F.);
#1394=ORIENTED_EDGE('',*,*,#1818,.F.);
#1395=ORIENTED_EDGE('',*,*,#1482,.F.);
#1396=ORIENTED_EDGE('',*,*,#1819,.T.);
#1397=ORIENTED_EDGE('',*,*,#1819,.F.);
#1398=ORIENTED_EDGE('',*,*,#1481,.T.);
#1399=ORIENTED_EDGE('',*,*,#1622,.T.);
#1400=ORIENTED_EDGE('',*,*,#1820,.F.);
#1401=ORIENTED_EDGE('',*,*,#1483,.T.);
#1402=ORIENTED_EDGE('',*,*,#1818,.T.);
#1403=ORIENTED_EDGE('',*,*,#1821,.F.);
#1404=ORIENTED_EDGE('',*,*,#1620,.F.);
#1405=ORIENTED_EDGE('',*,*,#1621,.T.);
#1406=ORIENTED_EDGE('',*,*,#1821,.T.);
#1407=ORIENTED_EDGE('',*,*,#1817,.T.);
#1408=ORIENTED_EDGE('',*,*,#1820,.T.);
#1409=ORIENTED_EDGE('',*,*,#1822,.F.);
#1410=ORIENTED_EDGE('',*,*,#1823,.F.);
#1411=ORIENTED_EDGE('',*,*,#1458,.F.);
#1412=ORIENTED_EDGE('',*,*,#1824,.T.);
#1413=ORIENTED_EDGE('',*,*,#1824,.F.);
#1414=ORIENTED_EDGE('',*,*,#1457,.T.);
#1415=ORIENTED_EDGE('',*,*,#1616,.T.);
#1416=ORIENTED_EDGE('',*,*,#1825,.F.);
#1417=ORIENTED_EDGE('',*,*,#1459,.T.);
#1418=ORIENTED_EDGE('',*,*,#1823,.T.);
#1419=ORIENTED_EDGE('',*,*,#1826,.F.);
#1420=ORIENTED_EDGE('',*,*,#1614,.F.);
#1421=ORIENTED_EDGE('',*,*,#1615,.T.);
#1422=ORIENTED_EDGE('',*,*,#1826,.T.);
#1423=ORIENTED_EDGE('',*,*,#1822,.T.);
#1424=ORIENTED_EDGE('',*,*,#1825,.T.);
#1425=EDGE_CURVE('',#1827,#1828,#2095,.T.);
#1426=EDGE_CURVE('',#1827,#1829,#133,.T.);
#1427=EDGE_CURVE('',#1830,#1829,#2096,.T.);
#1428=EDGE_CURVE('',#1831,#1830,#134,.T.);
#1429=EDGE_CURVE('',#1832,#1831,#2097,.T.);
#1430=EDGE_CURVE('',#1832,#1833,#135,.T.);
#1431=EDGE_CURVE('',#1834,#1833,#2098,.T.);
#1432=EDGE_CURVE('',#1835,#1834,#136,.T.);
#1433=EDGE_CURVE('',#1836,#1835,#2099,.T.);
#1434=EDGE_CURVE('',#1836,#1837,#137,.T.);
#1435=EDGE_CURVE('',#1838,#1837,#2100,.T.);
#1436=EDGE_CURVE('',#1839,#1838,#138,.T.);
#1437=EDGE_CURVE('',#1840,#1839,#2101,.T.);
#1438=EDGE_CURVE('',#1840,#1841,#139,.T.);
#1439=EDGE_CURVE('',#1842,#1841,#2102,.T.);
#1440=EDGE_CURVE('',#1843,#1842,#140,.T.);
#1441=EDGE_CURVE('',#1844,#1843,#2103,.T.);
#1442=EDGE_CURVE('',#1844,#1845,#141,.T.);
#1443=EDGE_CURVE('',#1846,#1845,#2104,.T.);
#1444=EDGE_CURVE('',#1847,#1846,#142,.T.);
#1445=EDGE_CURVE('',#1848,#1847,#2105,.T.);
#1446=EDGE_CURVE('',#1848,#1849,#143,.T.);
#1447=EDGE_CURVE('',#1850,#1849,#2106,.T.);
#1448=EDGE_CURVE('',#1851,#1850,#144,.T.);
#1449=EDGE_CURVE('',#1852,#1851,#2107,.T.);
#1450=EDGE_CURVE('',#1852,#1853,#145,.T.);
#1451=EDGE_CURVE('',#1854,#1853,#2108,.T.);
#1452=EDGE_CURVE('',#1855,#1854,#146,.T.);
#1453=EDGE_CURVE('',#1856,#1855,#2109,.T.);
#1454=EDGE_CURVE('',#1856,#1857,#147,.T.);
#1455=EDGE_CURVE('',#1858,#1857,#2110,.T.);
#1456=EDGE_CURVE('',#1828,#1858,#148,.T.);
#1457=EDGE_CURVE('',#1859,#1860,#149,.T.);
#1458=EDGE_CURVE('',#1859,#1861,#2111,.T.);
#1459=EDGE_CURVE('',#1862,#1861,#150,.T.);
#1460=EDGE_CURVE('',#1862,#1863,#2112,.T.);
#1461=EDGE_CURVE('',#1864,#1863,#151,.T.);
#1462=EDGE_CURVE('',#1864,#1865,#2113,.T.);
#1463=EDGE_CURVE('',#1866,#1865,#152,.T.);
#1464=EDGE_CURVE('',#1866,#1867,#2114,.T.);
#1465=EDGE_CURVE('',#1868,#1867,#153,.T.);
#1466=EDGE_CURVE('',#1868,#1869,#2115,.T.);
#1467=EDGE_CURVE('',#1870,#1869,#154,.T.);
#1468=EDGE_CURVE('',#1870,#1871,#2116,.T.);
#1469=EDGE_CURVE('',#1872,#1871,#155,.T.);
#1470=EDGE_CURVE('',#1872,#1873,#2117,.T.);
#1471=EDGE_CURVE('',#1874,#1873,#156,.T.);
#1472=EDGE_CURVE('',#1874,#1875,#2118,.T.);
#1473=EDGE_CURVE('',#1876,#1875,#157,.T.);
#1474=EDGE_CURVE('',#1876,#1877,#2119,.T.);
#1475=EDGE_CURVE('',#1878,#1877,#158,.T.);
#1476=EDGE_CURVE('',#1878,#1879,#2120,.T.);
#1477=EDGE_CURVE('',#1880,#1879,#159,.T.);
#1478=EDGE_CURVE('',#1880,#1881,#2121,.T.);
#1479=EDGE_CURVE('',#1882,#1881,#160,.T.);
#1480=EDGE_CURVE('',#1882,#1883,#2122,.T.);
#1481=EDGE_CURVE('',#1884,#1883,#161,.T.);
#1482=EDGE_CURVE('',#1884,#1885,#2123,.T.);
#1483=EDGE_CURVE('',#1886,#1885,#162,.T.);
#1484=EDGE_CURVE('',#1886,#1887,#2124,.T.);
#1485=EDGE_CURVE('',#1888,#1887,#163,.T.);
#1486=EDGE_CURVE('',#1888,#1889,#2125,.T.);
#1487=EDGE_CURVE('',#1890,#1889,#164,.T.);
#1488=EDGE_CURVE('',#1890,#1860,#2126,.T.);
#1489=EDGE_CURVE('',#1891,#1892,#165,.T.);
#1490=EDGE_CURVE('',#1891,#1893,#166,.T.);
#1491=EDGE_CURVE('',#1893,#1894,#167,.T.);
#1492=EDGE_CURVE('',#1892,#1894,#168,.T.);
#1493=EDGE_CURVE('',#1895,#1896,#169,.T.);
#1494=EDGE_CURVE('',#1895,#1891,#170,.T.);
#1495=EDGE_CURVE('',#1896,#1892,#171,.T.);
#1496=EDGE_CURVE('',#1893,#1897,#172,.T.);
#1497=EDGE_CURVE('',#1897,#1898,#173,.T.);
#1498=EDGE_CURVE('',#1894,#1898,#174,.T.);
#1499=EDGE_CURVE('',#1897,#1895,#175,.T.);
#1500=EDGE_CURVE('',#1898,#1896,#176,.T.);
#1501=EDGE_CURVE('',#1899,#1900,#177,.T.);
#1502=EDGE_CURVE('',#1901,#1899,#178,.T.);
#1503=EDGE_CURVE('',#1902,#1901,#179,.T.);
#1504=EDGE_CURVE('',#1900,#1902,#180,.T.);
#1505=EDGE_CURVE('',#1835,#1903,#181,.T.);
#1506=EDGE_CURVE('',#1903,#1904,#2127,.F.);
#1507=EDGE_CURVE('',#1832,#1904,#182,.T.);
#1508=EDGE_CURVE('',#1831,#1905,#183,.T.);
#1509=EDGE_CURVE('',#1905,#1906,#2128,.F.);
#1510=EDGE_CURVE('',#1827,#1906,#184,.T.);
#1511=EDGE_CURVE('',#1828,#1907,#185,.T.);
#1512=EDGE_CURVE('',#1907,#1908,#2129,.F.);
#1513=EDGE_CURVE('',#1856,#1908,#186,.T.);
#1514=EDGE_CURVE('',#1855,#1909,#187,.T.);
#1515=EDGE_CURVE('',#1909,#1910,#2130,.F.);
#1516=EDGE_CURVE('',#1852,#1910,#188,.T.);
#1517=EDGE_CURVE('',#1851,#1911,#189,.T.);
#1518=EDGE_CURVE('',#1912,#1911,#2131,.T.);
#1519=EDGE_CURVE('',#1848,#1912,#190,.T.);
#1520=EDGE_CURVE('',#1847,#1913,#191,.T.);
#1521=EDGE_CURVE('',#1914,#1913,#2132,.T.);
#1522=EDGE_CURVE('',#1844,#1914,#192,.T.);
#1523=EDGE_CURVE('',#1843,#1915,#193,.T.);
#1524=EDGE_CURVE('',#1916,#1915,#2133,.T.);
#1525=EDGE_CURVE('',#1840,#1916,#194,.T.);
#1526=EDGE_CURVE('',#1839,#1917,#195,.T.);
#1527=EDGE_CURVE('',#1917,#1918,#2134,.F.);
#1528=EDGE_CURVE('',#1836,#1918,#196,.T.);
#1529=EDGE_CURVE('',#1919,#1920,#27,.T.);
#1530=EDGE_CURVE('',#1920,#1921,#28,.T.);
#1531=EDGE_CURVE('',#1921,#1922,#2135,.F.);
#1532=EDGE_CURVE('',#1922,#1923,#2136,.F.);
#1533=EDGE_CURVE('',#1923,#1924,#2137,.F.);
#1534=EDGE_CURVE('',#1924,#1925,#197,.T.);
#1535=EDGE_CURVE('',#1925,#1926,#29,.T.);
#1536=EDGE_CURVE('',#1926,#1927,#30,.T.);
#1537=EDGE_CURVE('',#1927,#1928,#31,.T.);
#1538=EDGE_CURVE('',#1928,#1929,#2138,.T.);
#1539=EDGE_CURVE('',#1929,#1930,#198,.T.);
#1540=EDGE_CURVE('',#1930,#1931,#199,.T.);
#1541=EDGE_CURVE('',#1931,#1932,#2139,.T.);
#1542=EDGE_CURVE('',#1932,#1933,#2140,.T.);
#1543=EDGE_CURVE('',#1933,#1934,#2141,.T.);
#1544=EDGE_CURVE('',#1934,#1935,#2142,.T.);
#1545=EDGE_CURVE('',#1935,#1936,#2143,.T.);
#1546=EDGE_CURVE('',#1936,#1937,#32,.T.);
#1547=EDGE_CURVE('',#1937,#1938,#200,.T.);
#1548=EDGE_CURVE('',#1938,#1939,#33,.T.);
#1549=EDGE_CURVE('',#1939,#1940,#34,.T.);
#1550=EDGE_CURVE('',#1940,#1941,#35,.T.);
#1551=EDGE_CURVE('',#1941,#1942,#2144,.F.);
#1552=EDGE_CURVE('',#1942,#1919,#2145,.F.);
#1553=EDGE_CURVE('',#1943,#1944,#2146,.F.);
#1554=EDGE_CURVE('',#1944,#1945,#2147,.F.);
#1555=EDGE_CURVE('',#1945,#1946,#2148,.F.);
#1556=EDGE_CURVE('',#1946,#1947,#2149,.F.);
#1557=EDGE_CURVE('',#1947,#1948,#2150,.F.);
#1558=EDGE_CURVE('',#1948,#1949,#36,.T.);
#1559=EDGE_CURVE('',#1949,#1950,#2151,.F.);
#1560=EDGE_CURVE('',#1950,#1951,#2152,.F.);
#1561=EDGE_CURVE('',#1951,#1952,#2153,.F.);
#1562=EDGE_CURVE('',#1952,#1953,#201,.T.);
#1563=EDGE_CURVE('',#1953,#1954,#2154,.T.);
#1564=EDGE_CURVE('',#1954,#1955,#2155,.T.);
#1565=EDGE_CURVE('',#1955,#1956,#2156,.T.);
#1566=EDGE_CURVE('',#1956,#1957,#2157,.T.);
#1567=EDGE_CURVE('',#1957,#1958,#37,.T.);
#1568=EDGE_CURVE('',#1958,#1959,#2158,.T.);
#1569=EDGE_CURVE('',#1959,#1960,#202,.T.);
#1570=EDGE_CURVE('',#1960,#1961,#2159,.T.);
#1571=EDGE_CURVE('',#1961,#1962,#2160,.T.);
#1572=EDGE_CURVE('',#1962,#1963,#38,.T.);
#1573=EDGE_CURVE('',#1963,#1964,#39,.T.);
#1574=EDGE_CURVE('',#1964,#1965,#40,.T.);
#1575=EDGE_CURVE('',#1965,#1966,#203,.T.);
#1576=EDGE_CURVE('',#1966,#1967,#41,.T.);
#1577=EDGE_CURVE('',#1967,#1968,#2161,.F.);
#1578=EDGE_CURVE('',#1968,#1969,#2162,.F.);
#1579=EDGE_CURVE('',#1969,#1970,#2163,.F.);
#1580=EDGE_CURVE('',#1970,#1971,#2164,.F.);
#1581=EDGE_CURVE('',#1971,#1972,#2165,.F.);
#1582=EDGE_CURVE('',#1972,#1943,#2166,.F.);
#1583=EDGE_CURVE('',#1973,#1974,#204,.T.);
#1584=EDGE_CURVE('',#1975,#1973,#205,.T.);
#1585=EDGE_CURVE('',#1976,#1975,#206,.T.);
#1586=EDGE_CURVE('',#1976,#1977,#207,.T.);
#1587=EDGE_CURVE('',#1978,#1977,#208,.T.);
#1588=EDGE_CURVE('',#1979,#1978,#209,.T.);
#1589=EDGE_CURVE('',#1979,#1980,#210,.T.);
#1590=EDGE_CURVE('',#1980,#1974,#211,.T.);
#1591=EDGE_CURVE('',#1979,#1981,#212,.T.);
#1592=EDGE_CURVE('',#1978,#1982,#213,.T.);
#1593=EDGE_CURVE('',#1982,#1983,#214,.T.);
#1594=EDGE_CURVE('',#1983,#1984,#215,.T.);
#1595=EDGE_CURVE('',#1981,#1984,#216,.T.);
#1596=EDGE_CURVE('',#1985,#1977,#217,.T.);
#1597=EDGE_CURVE('',#1985,#1982,#218,.T.);
#1598=EDGE_CURVE('',#1973,#1984,#219,.T.);
#1599=EDGE_CURVE('',#1983,#1986,#220,.T.);
#1600=EDGE_CURVE('',#1975,#1986,#221,.T.);
#1601=EDGE_CURVE('',#1976,#1987,#222,.T.);
#1602=EDGE_CURVE('',#1985,#1987,#223,.T.);
#1603=EDGE_CURVE('',#1988,#1989,#224,.T.);
#1604=EDGE_CURVE('',#1990,#1988,#225,.T.);
#1605=EDGE_CURVE('',#1991,#1990,#226,.T.);
#1606=EDGE_CURVE('',#1989,#1991,#227,.T.);
#1607=EDGE_CURVE('',#1987,#1986,#228,.T.);
#1608=EDGE_CURVE('',#1870,#1992,#229,.T.);
#1609=EDGE_CURVE('',#1993,#1992,#2167,.F.);
#1610=EDGE_CURVE('',#1867,#1993,#230,.T.);
#1611=EDGE_CURVE('',#1866,#1994,#231,.T.);
#1612=EDGE_CURVE('',#1995,#1994,#2168,.F.);
#1613=EDGE_CURVE('',#1863,#1995,#232,.T.);
#1614=EDGE_CURVE('',#1862,#1996,#233,.T.);
#1615=EDGE_CURVE('',#1997,#1996,#2169,.F.);
#1616=EDGE_CURVE('',#1860,#1997,#234,.T.);
#1617=EDGE_CURVE('',#1890,#1998,#235,.T.);
#1618=EDGE_CURVE('',#1999,#1998,#2170,.F.);
#1619=EDGE_CURVE('',#1887,#1999,#236,.T.);
#1620=EDGE_CURVE('',#1886,#2000,#237,.T.);
#1621=EDGE_CURVE('',#2001,#2000,#2171,.F.);
#1622=EDGE_CURVE('',#1883,#2001,#238,.T.);
#1623=EDGE_CURVE('',#1882,#2002,#239,.T.);
#1624=EDGE_CURVE('',#2003,#2002,#2172,.F.);
#1625=EDGE_CURVE('',#1879,#2003,#240,.T.);
#1626=EDGE_CURVE('',#1878,#2004,#241,.T.);
#1627=EDGE_CURVE('',#2005,#2004,#2173,.F.);
#1628=EDGE_CURVE('',#1875,#2005,#242,.T.);
#1629=EDGE_CURVE('',#1874,#2006,#243,.T.);
#1630=EDGE_CURVE('',#2007,#2006,#2174,.F.);
#1631=EDGE_CURVE('',#1871,#2007,#244,.T.);
#1632=EDGE_CURVE('',#2008,#1920,#245,.T.);
#1633=EDGE_CURVE('',#2008,#2009,#42,.T.);
#1634=EDGE_CURVE('',#2009,#1921,#246,.T.);
#1635=EDGE_CURVE('',#2010,#1919,#247,.T.);
#1636=EDGE_CURVE('',#2010,#2008,#43,.T.);
#1637=EDGE_CURVE('',#2011,#1942,#248,.T.);
#1638=EDGE_CURVE('',#2011,#2010,#2175,.F.);
#1639=EDGE_CURVE('',#2012,#1941,#249,.T.);
#1640=EDGE_CURVE('',#2012,#2011,#2176,.F.);
#1641=EDGE_CURVE('',#2013,#1940,#250,.T.);
#1642=EDGE_CURVE('',#2013,#2012,#44,.T.);
#1643=EDGE_CURVE('',#2014,#1939,#251,.T.);
#1644=EDGE_CURVE('',#2014,#2013,#45,.T.);
#1645=EDGE_CURVE('',#2015,#1938,#252,.T.);
#1646=EDGE_CURVE('',#2015,#2014,#46,.T.);
#1647=EDGE_CURVE('',#2016,#1937,#253,.T.);
#1648=EDGE_CURVE('',#2016,#2015,#254,.T.);
#1649=EDGE_CURVE('',#2017,#1936,#255,.T.);
#1650=EDGE_CURVE('',#2017,#2016,#47,.T.);
#1651=EDGE_CURVE('',#2018,#1935,#256,.T.);
#1652=EDGE_CURVE('',#2018,#2017,#2177,.T.);
#1653=EDGE_CURVE('',#2019,#1934,#257,.T.);
#1654=EDGE_CURVE('',#2019,#2018,#2178,.T.);
#1655=EDGE_CURVE('',#2020,#1933,#258,.T.);
#1656=EDGE_CURVE('',#2020,#2019,#2179,.T.);
#1657=EDGE_CURVE('',#2021,#1932,#259,.T.);
#1658=EDGE_CURVE('',#2021,#2020,#2180,.T.);
#1659=EDGE_CURVE('',#2022,#1931,#260,.T.);
#1660=EDGE_CURVE('',#2022,#2021,#2181,.T.);
#1661=EDGE_CURVE('',#2023,#1930,#261,.T.);
#1662=EDGE_CURVE('',#2023,#2022,#262,.T.);
#1663=EDGE_CURVE('',#2024,#1929,#263,.T.);
#1664=EDGE_CURVE('',#2024,#2023,#264,.T.);
#1665=EDGE_CURVE('',#2025,#1928,#265,.T.);
#1666=EDGE_CURVE('',#2025,#2024,#2182,.T.);
#1667=EDGE_CURVE('',#2026,#1927,#266,.T.);
#1668=EDGE_CURVE('',#2026,#2025,#48,.T.);
#1669=EDGE_CURVE('',#2027,#1926,#267,.T.);
#1670=EDGE_CURVE('',#2027,#2026,#49,.T.);
#1671=EDGE_CURVE('',#2028,#1925,#268,.T.);
#1672=EDGE_CURVE('',#2028,#2027,#50,.T.);
#1673=EDGE_CURVE('',#2029,#1924,#269,.T.);
#1674=EDGE_CURVE('',#2029,#2028,#270,.T.);
#1675=EDGE_CURVE('',#2030,#1923,#271,.T.);
#1676=EDGE_CURVE('',#2030,#2029,#2183,.F.);
#1677=EDGE_CURVE('',#2031,#1922,#272,.T.);
#1678=EDGE_CURVE('',#2031,#2030,#2184,.F.);
#1679=EDGE_CURVE('',#2009,#2031,#2185,.F.);
#1680=EDGE_CURVE('',#2032,#1944,#273,.T.);
#1681=EDGE_CURVE('',#2032,#2033,#2186,.F.);
#1682=EDGE_CURVE('',#2033,#1945,#274,.T.);
#1683=EDGE_CURVE('',#2034,#1943,#275,.T.);
#1684=EDGE_CURVE('',#2034,#2032,#2187,.F.);
#1685=EDGE_CURVE('',#2035,#1972,#276,.T.);
#1686=EDGE_CURVE('',#2035,#2034,#2188,.F.);
#1687=EDGE_CURVE('',#2036,#1971,#277,.T.);
#1688=EDGE_CURVE('',#2036,#2035,#2189,.F.);
#1689=EDGE_CURVE('',#2037,#1970,#278,.T.);
#1690=EDGE_CURVE('',#2037,#2036,#2190,.F.);
#1691=EDGE_CURVE('',#2038,#1969,#279,.T.);
#1692=EDGE_CURVE('',#2038,#2037,#2191,.F.);
#1693=EDGE_CURVE('',#2039,#1968,#280,.T.);
#1694=EDGE_CURVE('',#2039,#2038,#2192,.F.);
#1695=EDGE_CURVE('',#2040,#1967,#281,.T.);
#1696=EDGE_CURVE('',#2040,#2039,#2193,.F.);
#1697=EDGE_CURVE('',#2041,#1966,#282,.T.);
#1698=EDGE_CURVE('',#2041,#2040,#51,.T.);
#1699=EDGE_CURVE('',#2042,#1965,#283,.T.);
#1700=EDGE_CURVE('',#2042,#2041,#284,.T.);
#1701=EDGE_CURVE('',#2043,#1964,#285,.T.);
#1702=EDGE_CURVE('',#2043,#2042,#52,.T.);
#1703=EDGE_CURVE('',#2044,#1963,#286,.T.);
#1704=EDGE_CURVE('',#2044,#2043,#53,.T.);
#1705=EDGE_CURVE('',#2045,#1962,#287,.T.);
#1706=EDGE_CURVE('',#2045,#2044,#54,.T.);
#1707=EDGE_CURVE('',#2046,#1961,#288,.T.);
#1708=EDGE_CURVE('',#2046,#2045,#2194,.T.);
#1709=EDGE_CURVE('',#2047,#1960,#289,.T.);
#1710=EDGE_CURVE('',#2047,#2046,#2195,.T.);
#1711=EDGE_CURVE('',#2048,#1959,#290,.T.);
#1712=EDGE_CURVE('',#2048,#2047,#291,.T.);
#1713=EDGE_CURVE('',#2049,#1958,#292,.T.);
#1714=EDGE_CURVE('',#2049,#2048,#2196,.T.);
#1715=EDGE_CURVE('',#2050,#1957,#293,.T.);
#1716=EDGE_CURVE('',#2050,#2049,#55,.T.);
#1717=EDGE_CURVE('',#2051,#1956,#294,.T.);
#1718=EDGE_CURVE('',#2051,#2050,#2197,.T.);
#1719=EDGE_CURVE('',#2052,#1955,#295,.T.);
#1720=EDGE_CURVE('',#2052,#2051,#2198,.T.);
#1721=EDGE_CURVE('',#2053,#1954,#296,.T.);
#1722=EDGE_CURVE('',#2053,#2052,#2199,.T.);
#1723=EDGE_CURVE('',#2054,#1953,#297,.T.);
#1724=EDGE_CURVE('',#2054,#2053,#2200,.T.);
#1725=EDGE_CURVE('',#2055,#1952,#298,.T.);
#1726=EDGE_CURVE('',#2055,#2054,#299,.T.);
#1727=EDGE_CURVE('',#2056,#1951,#300,.T.);
#1728=EDGE_CURVE('',#2056,#2055,#2201,.F.);
#1729=EDGE_CURVE('',#2057,#1950,#301,.T.);
#1730=EDGE_CURVE('',#2057,#2056,#2202,.F.);
#1731=EDGE_CURVE('',#2058,#1949,#302,.T.);
#1732=EDGE_CURVE('',#2058,#2057,#2203,.F.);
#1733=EDGE_CURVE('',#2059,#1948,#303,.T.);
#1734=EDGE_CURVE('',#2059,#2058,#56,.T.);
#1735=EDGE_CURVE('',#2060,#1947,#304,.T.);
#1736=EDGE_CURVE('',#2060,#2059,#2204,.F.);
#1737=EDGE_CURVE('',#2061,#1946,#305,.T.);
#1738=EDGE_CURVE('',#2061,#2060,#2205,.F.);
#1739=EDGE_CURVE('',#2033,#2061,#2206,.F.);
#1740=EDGE_CURVE('',#1981,#2062,#306,.T.);
#1741=EDGE_CURVE('',#1980,#2062,#307,.T.);
#1742=EDGE_CURVE('',#2062,#1974,#308,.T.);
#1743=EDGE_CURVE('',#1989,#1901,#309,.T.);
#1744=EDGE_CURVE('',#1988,#1899,#310,.T.);
#1745=EDGE_CURVE('',#1991,#1902,#311,.T.);
#1746=EDGE_CURVE('',#1990,#1900,#312,.T.);
#1747=EDGE_CURVE('',#1869,#2063,#313,.T.);
#1748=EDGE_CURVE('',#1992,#2063,#314,.F.);
#1749=EDGE_CURVE('',#1868,#2064,#315,.T.);
#1750=EDGE_CURVE('',#2064,#2063,#2207,.F.);
#1751=EDGE_CURVE('',#2064,#1993,#316,.T.);
#1752=EDGE_CURVE('',#1838,#2065,#317,.T.);
#1753=EDGE_CURVE('',#1917,#2065,#318,.T.);
#1754=EDGE_CURVE('',#1837,#2066,#319,.T.);
#1755=EDGE_CURVE('',#2065,#2066,#2208,.F.);
#1756=EDGE_CURVE('',#1918,#2066,#320,.T.);
#1757=EDGE_CURVE('',#1842,#2067,#321,.T.);
#1758=EDGE_CURVE('',#1841,#2068,#322,.T.);
#1759=EDGE_CURVE('',#2067,#2068,#2209,.F.);
#1760=EDGE_CURVE('',#1916,#2068,#323,.T.);
#1761=EDGE_CURVE('',#1915,#2067,#324,.T.);
#1762=EDGE_CURVE('',#1846,#2069,#325,.T.);
#1763=EDGE_CURVE('',#1845,#2070,#326,.T.);
#1764=EDGE_CURVE('',#2069,#2070,#2210,.F.);
#1765=EDGE_CURVE('',#1914,#2070,#327,.T.);
#1766=EDGE_CURVE('',#1913,#2069,#328,.T.);
#1767=EDGE_CURVE('',#1850,#2071,#329,.T.);
#1768=EDGE_CURVE('',#1911,#2071,#330,.T.);
#1769=EDGE_CURVE('',#1849,#2072,#331,.T.);
#1770=EDGE_CURVE('',#2071,#2072,#2211,.F.);
#1771=EDGE_CURVE('',#1912,#2072,#332,.T.);
#1772=EDGE_CURVE('',#1858,#2073,#333,.T.);
#1773=EDGE_CURVE('',#1857,#2074,#334,.T.);
#1774=EDGE_CURVE('',#2073,#2074,#2212,.F.);
#1775=EDGE_CURVE('',#1908,#2074,#335,.T.);
#1776=EDGE_CURVE('',#1907,#2073,#336,.T.);
#1777=EDGE_CURVE('',#1853,#2075,#337,.T.);
#1778=EDGE_CURVE('',#1910,#2075,#338,.T.);
#1779=EDGE_CURVE('',#1854,#2076,#339,.T.);
#1780=EDGE_CURVE('',#1909,#2076,#340,.T.);
#1781=EDGE_CURVE('',#2076,#2075,#2213,.F.);
#1782=EDGE_CURVE('',#1834,#2077,#341,.T.);
#1783=EDGE_CURVE('',#1833,#2078,#342,.T.);
#1784=EDGE_CURVE('',#2077,#2078,#2214,.F.);
#1785=EDGE_CURVE('',#1904,#2078,#343,.T.);
#1786=EDGE_CURVE('',#1903,#2077,#344,.T.);
#1787=EDGE_CURVE('',#1830,#2079,#345,.T.);
#1788=EDGE_CURVE('',#1829,#2080,#346,.T.);
#1789=EDGE_CURVE('',#2079,#2080,#2215,.F.);
#1790=EDGE_CURVE('',#1906,#2080,#347,.T.);
#1791=EDGE_CURVE('',#1905,#2079,#348,.T.);
#1792=EDGE_CURVE('',#2081,#2082,#2216,.T.);
#1793=EDGE_CURVE('',#1865,#2081,#349,.T.);
#1794=EDGE_CURVE('',#1864,#2082,#350,.T.);
#1795=EDGE_CURVE('',#2082,#1995,#351,.T.);
#1796=EDGE_CURVE('',#1994,#2081,#352,.F.);
#1797=EDGE_CURVE('',#1889,#2083,#353,.T.);
#1798=EDGE_CURVE('',#1998,#2083,#354,.F.);
#1799=EDGE_CURVE('',#2083,#2084,#2217,.T.);
#1800=EDGE_CURVE('',#1888,#2084,#355,.T.);
#1801=EDGE_CURVE('',#2084,#1999,#356,.T.);
#1802=EDGE_CURVE('',#2085,#2086,#2218,.T.);
#1803=EDGE_CURVE('',#1881,#2085,#357,.T.);
#1804=EDGE_CURVE('',#1880,#2086,#358,.T.);
#1805=EDGE_CURVE('',#2086,#2003,#359,.T.);
#1806=EDGE_CURVE('',#2002,#2085,#360,.F.);
#1807=EDGE_CURVE('',#2087,#2088,#2219,.T.);
#1808=EDGE_CURVE('',#1873,#2087,#361,.T.);
#1809=EDGE_CURVE('',#1872,#2088,#362,.T.);
#1810=EDGE_CURVE('',#2088,#2007,#363,.T.);
#1811=EDGE_CURVE('',#2006,#2087,#364,.F.);
#1812=EDGE_CURVE('',#2089,#2090,#2220,.T.);
#1813=EDGE_CURVE('',#1877,#2089,#365,.T.);
#1814=EDGE_CURVE('',#1876,#2090,#366,.T.);
#1815=EDGE_CURVE('',#2090,#2005,#367,.T.);
#1816=EDGE_CURVE('',#2004,#2089,#368,.F.);
#1817=EDGE_CURVE('',#2091,#2092,#2221,.T.);
#1818=EDGE_CURVE('',#1885,#2091,#369,.T.);
#1819=EDGE_CURVE('',#1884,#2092,#370,.T.);
#1820=EDGE_CURVE('',#2092,#2001,#371,.T.);
#1821=EDGE_CURVE('',#2000,#2091,#372,.F.);
#1822=EDGE_CURVE('',#2093,#2094,#2222,.T.);
#1823=EDGE_CURVE('',#1861,#2093,#373,.T.);
#1824=EDGE_CURVE('',#1859,#2094,#374,.T.);
#1825=EDGE_CURVE('',#2094,#1997,#375,.T.);
#1826=EDGE_CURVE('',#1996,#2093,#376,.F.);
#1827=VERTEX_POINT('',#3729);
#1828=VERTEX_POINT('',#3730);
#1829=VERTEX_POINT('',#3732);
#1830=VERTEX_POINT('',#3734);
#1831=VERTEX_POINT('',#3736);
#1832=VERTEX_POINT('',#3738);
#1833=VERTEX_POINT('',#3740);
#1834=VERTEX_POINT('',#3742);
#1835=VERTEX_POINT('',#3744);
#1836=VERTEX_POINT('',#3746);
#1837=VERTEX_POINT('',#3748);
#1838=VERTEX_POINT('',#3750);
#1839=VERTEX_POINT('',#3752);
#1840=VERTEX_POINT('',#3754);
#1841=VERTEX_POINT('',#3756);
#1842=VERTEX_POINT('',#3758);
#1843=VERTEX_POINT('',#3760);
#1844=VERTEX_POINT('',#3762);
#1845=VERTEX_POINT('',#3764);
#1846=VERTEX_POINT('',#3766);
#1847=VERTEX_POINT('',#3768);
#1848=VERTEX_POINT('',#3770);
#1849=VERTEX_POINT('',#3772);
#1850=VERTEX_POINT('',#3774);
#1851=VERTEX_POINT('',#3776);
#1852=VERTEX_POINT('',#3778);
#1853=VERTEX_POINT('',#3780);
#1854=VERTEX_POINT('',#3782);
#1855=VERTEX_POINT('',#3784);
#1856=VERTEX_POINT('',#3786);
#1857=VERTEX_POINT('',#3788);
#1858=VERTEX_POINT('',#3790);
#1859=VERTEX_POINT('',#3793);
#1860=VERTEX_POINT('',#3794);
#1861=VERTEX_POINT('',#3796);
#1862=VERTEX_POINT('',#3798);
#1863=VERTEX_POINT('',#3800);
#1864=VERTEX_POINT('',#3802);
#1865=VERTEX_POINT('',#3804);
#1866=VERTEX_POINT('',#3806);
#1867=VERTEX_POINT('',#3808);
#1868=VERTEX_POINT('',#3810);
#1869=VERTEX_POINT('',#3812);
#1870=VERTEX_POINT('',#3814);
#1871=VERTEX_POINT('',#3816);
#1872=VERTEX_POINT('',#3818);
#1873=VERTEX_POINT('',#3820);
#1874=VERTEX_POINT('',#3822);
#1875=VERTEX_POINT('',#3824);
#1876=VERTEX_POINT('',#3826);
#1877=VERTEX_POINT('',#3828);
#1878=VERTEX_POINT('',#3830);
#1879=VERTEX_POINT('',#3832);
#1880=VERTEX_POINT('',#3834);
#1881=VERTEX_POINT('',#3836);
#1882=VERTEX_POINT('',#3838);
#1883=VERTEX_POINT('',#3840);
#1884=VERTEX_POINT('',#3842);
#1885=VERTEX_POINT('',#3844);
#1886=VERTEX_POINT('',#3846);
#1887=VERTEX_POINT('',#3848);
#1888=VERTEX_POINT('',#3850);
#1889=VERTEX_POINT('',#3852);
#1890=VERTEX_POINT('',#3854);
#1891=VERTEX_POINT('',#3858);
#1892=VERTEX_POINT('',#3859);
#1893=VERTEX_POINT('',#3861);
#1894=VERTEX_POINT('',#3863);
#1895=VERTEX_POINT('',#3867);
#1896=VERTEX_POINT('',#3868);
#1897=VERTEX_POINT('',#3873);
#1898=VERTEX_POINT('',#3875);
#1899=VERTEX_POINT('',#3882);
#1900=VERTEX_POINT('',#3883);
#1901=VERTEX_POINT('',#3885);
#1902=VERTEX_POINT('',#3887);
#1903=VERTEX_POINT('',#3890);
#1904=VERTEX_POINT('',#3892);
#1905=VERTEX_POINT('',#3895);
#1906=VERTEX_POINT('',#3897);
#1907=VERTEX_POINT('',#3900);
#1908=VERTEX_POINT('',#3902);
#1909=VERTEX_POINT('',#3905);
#1910=VERTEX_POINT('',#3907);
#1911=VERTEX_POINT('',#3910);
#1912=VERTEX_POINT('',#3912);
#1913=VERTEX_POINT('',#3915);
#1914=VERTEX_POINT('',#3917);
#1915=VERTEX_POINT('',#3920);
#1916=VERTEX_POINT('',#3922);
#1917=VERTEX_POINT('',#3925);
#1918=VERTEX_POINT('',#3927);
#1919=VERTEX_POINT('',#3932);
#1920=VERTEX_POINT('',#3933);
#1921=VERTEX_POINT('',#3937);
#1922=VERTEX_POINT('',#3939);
#1923=VERTEX_POINT('',#3941);
#1924=VERTEX_POINT('',#3943);
#1925=VERTEX_POINT('',#3945);
#1926=VERTEX_POINT('',#3949);
#1927=VERTEX_POINT('',#3953);
#1928=VERTEX_POINT('',#3957);
#1929=VERTEX_POINT('',#3959);
#1930=VERTEX_POINT('',#3961);
#1931=VERTEX_POINT('',#3963);
#1932=VERTEX_POINT('',#3965);
#1933=VERTEX_POINT('',#3967);
#1934=VERTEX_POINT('',#3969);
#1935=VERTEX_POINT('',#3971);
#1936=VERTEX_POINT('',#3973);
#1937=VERTEX_POINT('',#3977);
#1938=VERTEX_POINT('',#3979);
#1939=VERTEX_POINT('',#3983);
#1940=VERTEX_POINT('',#3987);
#1941=VERTEX_POINT('',#3991);
#1942=VERTEX_POINT('',#3993);
#1943=VERTEX_POINT('',#3996);
#1944=VERTEX_POINT('',#3997);
#1945=VERTEX_POINT('',#3999);
#1946=VERTEX_POINT('',#4001);
#1947=VERTEX_POINT('',#4003);
#1948=VERTEX_POINT('',#4005);
#1949=VERTEX_POINT('',#4009);
#1950=VERTEX_POINT('',#4011);
#1951=VERTEX_POINT('',#4013);
#1952=VERTEX_POINT('',#4015);
#1953=VERTEX_POINT('',#4017);
#1954=VERTEX_POINT('',#4019);
#1955=VERTEX_POINT('',#4021);
#1956=VERTEX_POINT('',#4023);
#1957=VERTEX_POINT('',#4025);
#1958=VERTEX_POINT('',#4029);
#1959=VERTEX_POINT('',#4031);
#1960=VERTEX_POINT('',#4033);
#1961=VERTEX_POINT('',#4035);
#1962=VERTEX_POINT('',#4037);
#1963=VERTEX_POINT('',#4041);
#1964=VERTEX_POINT('',#4045);
#1965=VERTEX_POINT('',#4049);
#1966=VERTEX_POINT('',#4051);
#1967=VERTEX_POINT('',#4055);
#1968=VERTEX_POINT('',#4057);
#1969=VERTEX_POINT('',#4059);
#1970=VERTEX_POINT('',#4061);
#1971=VERTEX_POINT('',#4063);
#1972=VERTEX_POINT('',#4065);
#1973=VERTEX_POINT('',#4068);
#1974=VERTEX_POINT('',#4069);
#1975=VERTEX_POINT('',#4071);
#1976=VERTEX_POINT('',#4073);
#1977=VERTEX_POINT('',#4075);
#1978=VERTEX_POINT('',#4077);
#1979=VERTEX_POINT('',#4079);
#1980=VERTEX_POINT('',#4081);
#1981=VERTEX_POINT('',#4085);
#1982=VERTEX_POINT('',#4087);
#1983=VERTEX_POINT('',#4089);
#1984=VERTEX_POINT('',#4091);
#1985=VERTEX_POINT('',#4095);
#1986=VERTEX_POINT('',#4100);
#1987=VERTEX_POINT('',#4104);
#1988=VERTEX_POINT('',#4108);
#1989=VERTEX_POINT('',#4109);
#1990=VERTEX_POINT('',#4111);
#1991=VERTEX_POINT('',#4113);
#1992=VERTEX_POINT('',#4117);
#1993=VERTEX_POINT('',#4119);
#1994=VERTEX_POINT('',#4122);
#1995=VERTEX_POINT('',#4124);
#1996=VERTEX_POINT('',#4127);
#1997=VERTEX_POINT('',#4129);
#1998=VERTEX_POINT('',#4132);
#1999=VERTEX_POINT('',#4134);
#2000=VERTEX_POINT('',#4137);
#2001=VERTEX_POINT('',#4139);
#2002=VERTEX_POINT('',#4142);
#2003=VERTEX_POINT('',#4144);
#2004=VERTEX_POINT('',#4147);
#2005=VERTEX_POINT('',#4149);
#2006=VERTEX_POINT('',#4152);
#2007=VERTEX_POINT('',#4154);
#2008=VERTEX_POINT('',#4165);
#2009=VERTEX_POINT('',#4169);
#2010=VERTEX_POINT('',#4180);
#2011=VERTEX_POINT('',#4186);
#2012=VERTEX_POINT('',#4190);
#2013=VERTEX_POINT('',#4201);
#2014=VERTEX_POINT('',#4214);
#2015=VERTEX_POINT('',#4227);
#2016=VERTEX_POINT('',#4233);
#2017=VERTEX_POINT('',#4244);
#2018=VERTEX_POINT('',#4250);
#2019=VERTEX_POINT('',#4254);
#2020=VERTEX_POINT('',#4258);
#2021=VERTEX_POINT('',#4262);
#2022=VERTEX_POINT('',#4266);
#2023=VERTEX_POINT('',#4270);
#2024=VERTEX_POINT('',#4274);
#2025=VERTEX_POINT('',#4278);
#2026=VERTEX_POINT('',#4289);
#2027=VERTEX_POINT('',#4302);
#2028=VERTEX_POINT('',#4315);
#2029=VERTEX_POINT('',#4321);
#2030=VERTEX_POINT('',#4325);
#2031=VERTEX_POINT('',#4329);
#2032=VERTEX_POINT('',#4336);
#2033=VERTEX_POINT('',#4338);
#2034=VERTEX_POINT('',#4342);
#2035=VERTEX_POINT('',#4346);
#2036=VERTEX_POINT('',#4350);
#2037=VERTEX_POINT('',#4354);
#2038=VERTEX_POINT('',#4358);
#2039=VERTEX_POINT('',#4362);
#2040=VERTEX_POINT('',#4366);
#2041=VERTEX_POINT('',#4377);
#2042=VERTEX_POINT('',#4383);
#2043=VERTEX_POINT('',#4394);
#2044=VERTEX_POINT('',#4407);
#2045=VERTEX_POINT('',#4420);
#2046=VERTEX_POINT('',#4426);
#2047=VERTEX_POINT('',#4430);
#2048=VERTEX_POINT('',#4434);
#2049=VERTEX_POINT('',#4438);
#2050=VERTEX_POINT('',#4449);
#2051=VERTEX_POINT('',#4455);
#2052=VERTEX_POINT('',#4459);
#2053=VERTEX_POINT('',#4463);
#2054=VERTEX_POINT('',#4467);
#2055=VERTEX_POINT('',#4471);
#2056=VERTEX_POINT('',#4475);
#2057=VERTEX_POINT('',#4479);
#2058=VERTEX_POINT('',#4483);
#2059=VERTEX_POINT('',#4494);
#2060=VERTEX_POINT('',#4500);
#2061=VERTEX_POINT('',#4504);
#2062=VERTEX_POINT('',#4512);
#2063=VERTEX_POINT('',#4528);
#2064=VERTEX_POINT('',#4532);
#2065=VERTEX_POINT('',#4539);
#2066=VERTEX_POINT('',#4543);
#2067=VERTEX_POINT('',#4550);
#2068=VERTEX_POINT('',#4552);
#2069=VERTEX_POINT('',#4561);
#2070=VERTEX_POINT('',#4563);
#2071=VERTEX_POINT('',#4572);
#2072=VERTEX_POINT('',#4576);
#2073=VERTEX_POINT('',#4583);
#2074=VERTEX_POINT('',#4585);
#2075=VERTEX_POINT('',#4594);
#2076=VERTEX_POINT('',#4598);
#2077=VERTEX_POINT('',#4605);
#2078=VERTEX_POINT('',#4607);
#2079=VERTEX_POINT('',#4616);
#2080=VERTEX_POINT('',#4618);
#2081=VERTEX_POINT('',#4627);
#2082=VERTEX_POINT('',#4628);
#2083=VERTEX_POINT('',#4638);
#2084=VERTEX_POINT('',#4642);
#2085=VERTEX_POINT('',#4649);
#2086=VERTEX_POINT('',#4650);
#2087=VERTEX_POINT('',#4660);
#2088=VERTEX_POINT('',#4661);
#2089=VERTEX_POINT('',#4671);
#2090=VERTEX_POINT('',#4672);
#2091=VERTEX_POINT('',#4682);
#2092=VERTEX_POINT('',#4683);
#2093=VERTEX_POINT('',#4693);
#2094=VERTEX_POINT('',#4694);
#2095=CIRCLE('',#2722,0.0655665997290526);
#2096=CIRCLE('',#2723,0.0655665997290526);
#2097=CIRCLE('',#2724,0.0655665997290526);
#2098=CIRCLE('',#2725,0.0655665997290526);
#2099=CIRCLE('',#2726,0.0655665997290526);
#2100=CIRCLE('',#2727,0.0655665997290526);
#2101=CIRCLE('',#2728,0.0655665997290526);
#2102=CIRCLE('',#2729,0.0655665997290526);
#2103=CIRCLE('',#2730,0.0655665997290526);
#2104=CIRCLE('',#2731,0.0655665997290526);
#2105=CIRCLE('',#2732,0.0655665997290526);
#2106=CIRCLE('',#2733,0.0655665997290526);
#2107=CIRCLE('',#2734,0.0655665997290526);
#2108=CIRCLE('',#2735,0.0655665997290526);
#2109=CIRCLE('',#2736,0.0655665997290526);
#2110=CIRCLE('',#2737,0.0655665997290526);
#2111=CIRCLE('',#2738,0.0655665997290526);
#2112=CIRCLE('',#2739,0.0655665997290526);
#2113=CIRCLE('',#2740,0.0655665997290526);
#2114=CIRCLE('',#2741,0.0655665997290526);
#2115=CIRCLE('',#2742,0.0655665997290526);
#2116=CIRCLE('',#2743,0.0655665997290526);
#2117=CIRCLE('',#2744,0.0655665997290526);
#2118=CIRCLE('',#2745,0.0655665997290526);
#2119=CIRCLE('',#2746,0.0655665997290526);
#2120=CIRCLE('',#2747,0.0655665997290526);
#2121=CIRCLE('',#2748,0.0655665997290526);
#2122=CIRCLE('',#2749,0.0655665997290526);
#2123=CIRCLE('',#2750,0.0655665997290526);
#2124=CIRCLE('',#2751,0.0655665997290526);
#2125=CIRCLE('',#2752,0.0655665997290526);
#2126=CIRCLE('',#2753,0.0655665997290526);
#2127=CIRCLE('',#2759,0.0675665997290526);
#2128=CIRCLE('',#2760,0.0675665997290526);
#2129=CIRCLE('',#2761,0.0675665997290526);
#2130=CIRCLE('',#2762,0.0675665997290526);
#2131=CIRCLE('',#2763,0.0675665997290526);
#2132=CIRCLE('',#2764,0.0675665997290526);
#2133=CIRCLE('',#2765,0.0675665997290526);
#2134=CIRCLE('',#2766,0.0675665997290526);
#2135=CIRCLE('',#2767,0.00182370663412806);
#2136=CIRCLE('',#2768,0.00181784454619088);
#2137=CIRCLE('',#2769,0.00286144311560508);
#2138=CIRCLE('',#2770,0.00365274115386723);
#2139=CIRCLE('',#2771,0.0109541703108164);
#2140=CIRCLE('',#2772,0.00204748669259646);
#2141=CIRCLE('',#2773,0.00205568352358314);
#2142=CIRCLE('',#2774,0.00132117155071668);
#2143=CIRCLE('',#2775,0.00100343473008987);
#2144=CIRCLE('',#2776,0.00215229882532885);
#2145=CIRCLE('',#2777,0.00352373741980262);
#2146=CIRCLE('',#2778,0.00758167930632027);
#2147=CIRCLE('',#2779,0.00590090034685514);
#2148=CIRCLE('',#2780,0.00265258476487639);
#2149=CIRCLE('',#2781,0.00205673355508929);
#2150=CIRCLE('',#2782,0.00168733491529749);
#2151=CIRCLE('',#2783,0.00192391452785125);
#2152=CIRCLE('',#2784,0.00232063023191145);
#2153=CIRCLE('',#2785,0.00249719718687316);
#2154=CIRCLE('',#2786,0.0011757643478361);
#2155=CIRCLE('',#2787,0.00129431686341589);
#2156=CIRCLE('',#2788,0.00109173731747724);
#2157=CIRCLE('',#2789,0.000744145140985475);
#2158=CIRCLE('',#2790,0.00425951768179061);
#2159=CIRCLE('',#2791,0.000836817322715289);
#2160=CIRCLE('',#2792,0.00301334877172918);
#2161=CIRCLE('',#2793,0.0016104262165513);
#2162=CIRCLE('',#2794,0.00171473544254448);
#2163=CIRCLE('',#2795,0.00241076714783645);
#2164=CIRCLE('',#2796,0.00120902169959906);
#2165=CIRCLE('',#2797,0.0022552654983246);
#2166=CIRCLE('',#2798,0.00306569669561773);
#2167=CIRCLE('',#2804,0.0675665997290526);
#2168=CIRCLE('',#2805,0.0675665997290526);
#2169=CIRCLE('',#2806,0.0675665997290526);
#2170=CIRCLE('',#2807,0.0675665997290526);
#2171=CIRCLE('',#2808,0.0675665997290526);
#2172=CIRCLE('',#2809,0.0675665997290526);
#2173=CIRCLE('',#2810,0.0675665997290526);
#2174=CIRCLE('',#2811,0.0675665997290526);
#2175=CIRCLE('',#2813,0.00352373741980262);
#2176=CIRCLE('',#2815,0.00215229882532885);
#2177=CIRCLE('',#2818,0.00100343473008987);
#2178=CIRCLE('',#2820,0.00132117155071668);
#2179=CIRCLE('',#2822,0.00205568352358314);
#2180=CIRCLE('',#2824,0.00204748669259646);
#2181=CIRCLE('',#2826,0.0109541703108164);
#2182=CIRCLE('',#2830,0.00365274115386723);
#2183=CIRCLE('',#2833,0.00286144311560508);
#2184=CIRCLE('',#2835,0.00181784454619088);
#2185=CIRCLE('',#2837,0.00182370663412806);
#2186=CIRCLE('',#2840,0.00590090034685514);
#2187=CIRCLE('',#2842,0.00758167930632027);
#2188=CIRCLE('',#2844,0.00306569669561773);
#2189=CIRCLE('',#2846,0.0022552654983246);
#2190=CIRCLE('',#2848,0.00120902169959906);
#2191=CIRCLE('',#2850,0.00241076714783645);
#2192=CIRCLE('',#2852,0.00171473544254448);
#2193=CIRCLE('',#2854,0.0016104262165513);
#2194=CIRCLE('',#2857,0.00301334877172918);
#2195=CIRCLE('',#2859,0.000836817322715289);
#2196=CIRCLE('',#2862,0.00425951768179061);
#2197=CIRCLE('',#2864,0.000744145140985475);
#2198=CIRCLE('',#2866,0.00109173731747724);
#2199=CIRCLE('',#2868,0.00129431686341589);
#2200=CIRCLE('',#2870,0.0011757643478361);
#2201=CIRCLE('',#2873,0.00249719718687316);
#2202=CIRCLE('',#2875,0.00232063023191145);
#2203=CIRCLE('',#2877,0.00192391452785125);
#2204=CIRCLE('',#2879,0.00168733491529749);
#2205=CIRCLE('',#2881,0.00205673355508929);
#2206=CIRCLE('',#2883,0.00265258476487639);
#2207=CIRCLE('',#2896,0.0675665997290526);
#2208=CIRCLE('',#2901,0.0675665997290526);
#2209=CIRCLE('',#2905,0.0675665997290526);
#2210=CIRCLE('',#2910,0.0675665997290526);
#2211=CIRCLE('',#2916,0.0675665997290526);
#2212=CIRCLE('',#2920,0.0675665997290526);
#2213=CIRCLE('',#2927,0.0675665997290526);
#2214=CIRCLE('',#2930,0.0675665997290526);
#2215=CIRCLE('',#2935,0.0675665997290526);
#2216=CIRCLE('',#2940,0.0675665997290526);
#2217=CIRCLE('',#2946,0.0675665997290526);
#2218=CIRCLE('',#2950,0.0675665997290526);
#2219=CIRCLE('',#2955,0.0675665997290526);
#2220=CIRCLE('',#2960,0.0675665997290526);
#2221=CIRCLE('',#2965,0.0675665997290526);
#2222=CIRCLE('',#2970,0.0675665997290526);
#2223=EDGE_LOOP('',(#621,#622,#623,#624,#625,#626,#627,#628,#629,#630,#631,
#632,#633,#634,#635,#636,#637,#638,#639,#640,#641,#642,#643,#644,#645,#646,
#647,#648,#649,#650,#651,#652));
#2224=EDGE_LOOP('',(#653,#654,#655,#656,#657,#658,#659,#660,#661,#662,#663,
#664,#665,#666,#667,#668,#669,#670,#671,#672,#673,#674,#675,#676,#677,#678,
#679,#680,#681,#682,#683,#684));
#2225=EDGE_LOOP('',(#685,#686,#687,#688));
#2226=EDGE_LOOP('',(#689,#690,#691,#692));
#2227=EDGE_LOOP('',(#693,#694,#695,#696));
#2228=EDGE_LOOP('',(#697,#698,#699,#700));
#2229=EDGE_LOOP('',(#701,#702,#703,#704));
#2230=EDGE_LOOP('',(#705,#706,#707,#708));
#2231=EDGE_LOOP('',(#709,#710,#711,#712,#713,#714,#715,#716,#717,#718,#719,
#720,#721,#722,#723,#724,#725,#726,#727,#728,#729,#730,#731,#732,#733,#734,
#735,#736,#737,#738,#739,#740));
#2232=EDGE_LOOP('',(#741,#742,#743,#744,#745,#746,#747,#748,#749,#750,#751,
#752,#753,#754,#755,#756,#757,#758,#759,#760,#761,#762,#763,#764));
#2233=EDGE_LOOP('',(#765,#766,#767,#768,#769,#770,#771,#772,#773,#774,#775,
#776,#777,#778,#779,#780,#781,#782,#783,#784,#785,#786,#787,#788,#789,#790,
#791,#792,#793,#794));
#2234=EDGE_LOOP('',(#795,#796,#797,#798,#799,#800,#801,#802));
#2235=EDGE_LOOP('',(#803,#804,#805,#806,#807,#808));
#2236=EDGE_LOOP('',(#809,#810,#811,#812));
#2237=EDGE_LOOP('',(#813,#814,#815,#816,#817));
#2238=EDGE_LOOP('',(#818,#819,#820,#821));
#2239=EDGE_LOOP('',(#822,#823,#824,#825));
#2240=EDGE_LOOP('',(#826,#827,#828,#829,#830));
#2241=EDGE_LOOP('',(#831,#832,#833,#834,#835,#836,#837,#838,#839,#840,#841,
#842,#843,#844,#845,#846,#847,#848,#849,#850,#851,#852,#853,#854,#855,#856,
#857,#858,#859,#860,#861,#862));
#2242=EDGE_LOOP('',(#863,#864,#865,#866));
#2243=EDGE_LOOP('',(#867,#868,#869,#870));
#2244=EDGE_LOOP('',(#871,#872,#873,#874));
#2245=EDGE_LOOP('',(#875,#876,#877,#878));
#2246=EDGE_LOOP('',(#879,#880,#881,#882));
#2247=EDGE_LOOP('',(#883,#884,#885,#886));
#2248=EDGE_LOOP('',(#887,#888,#889,#890));
#2249=EDGE_LOOP('',(#891,#892,#893,#894));
#2250=EDGE_LOOP('',(#895,#896,#897,#898));
#2251=EDGE_LOOP('',(#899,#900,#901,#902));
#2252=EDGE_LOOP('',(#903,#904,#905,#906));
#2253=EDGE_LOOP('',(#907,#908,#909,#910));
#2254=EDGE_LOOP('',(#911,#912,#913,#914));
#2255=EDGE_LOOP('',(#915,#916,#917,#918));
#2256=EDGE_LOOP('',(#919,#920,#921,#922));
#2257=EDGE_LOOP('',(#923,#924,#925,#926));
#2258=EDGE_LOOP('',(#927,#928,#929,#930));
#2259=EDGE_LOOP('',(#931,#932,#933,#934));
#2260=EDGE_LOOP('',(#935,#936,#937,#938));
#2261=EDGE_LOOP('',(#939,#940,#941,#942));
#2262=EDGE_LOOP('',(#943,#944,#945,#946));
#2263=EDGE_LOOP('',(#947,#948,#949,#950));
#2264=EDGE_LOOP('',(#951,#952,#953,#954));
#2265=EDGE_LOOP('',(#955,#956,#957,#958));
#2266=EDGE_LOOP('',(#959,#960,#961,#962,#963,#964,#965,#966,#967,#968,#969,
#970,#971,#972,#973,#974,#975,#976,#977,#978,#979,#980,#981,#982));
#2267=EDGE_LOOP('',(#983,#984,#985,#986));
#2268=EDGE_LOOP('',(#987,#988,#989,#990));
#2269=EDGE_LOOP('',(#991,#992,#993,#994));
#2270=EDGE_LOOP('',(#995,#996,#997,#998));
#2271=EDGE_LOOP('',(#999,#1000,#1001,#1002));
#2272=EDGE_LOOP('',(#1003,#1004,#1005,#1006));
#2273=EDGE_LOOP('',(#1007,#1008,#1009,#1010));
#2274=EDGE_LOOP('',(#1011,#1012,#1013,#1014));
#2275=EDGE_LOOP('',(#1015,#1016,#1017,#1018));
#2276=EDGE_LOOP('',(#1019,#1020,#1021,#1022));
#2277=EDGE_LOOP('',(#1023,#1024,#1025,#1026));
#2278=EDGE_LOOP('',(#1027,#1028,#1029,#1030));
#2279=EDGE_LOOP('',(#1031,#1032,#1033,#1034));
#2280=EDGE_LOOP('',(#1035,#1036,#1037,#1038));
#2281=EDGE_LOOP('',(#1039,#1040,#1041,#1042));
#2282=EDGE_LOOP('',(#1043,#1044,#1045,#1046));
#2283=EDGE_LOOP('',(#1047,#1048,#1049,#1050));
#2284=EDGE_LOOP('',(#1051,#1052,#1053,#1054));
#2285=EDGE_LOOP('',(#1055,#1056,#1057,#1058));
#2286=EDGE_LOOP('',(#1059,#1060,#1061,#1062));
#2287=EDGE_LOOP('',(#1063,#1064,#1065,#1066));
#2288=EDGE_LOOP('',(#1067,#1068,#1069,#1070));
#2289=EDGE_LOOP('',(#1071,#1072,#1073,#1074));
#2290=EDGE_LOOP('',(#1075,#1076,#1077,#1078));
#2291=EDGE_LOOP('',(#1079,#1080,#1081,#1082));
#2292=EDGE_LOOP('',(#1083,#1084,#1085,#1086));
#2293=EDGE_LOOP('',(#1087,#1088,#1089,#1090));
#2294=EDGE_LOOP('',(#1091,#1092,#1093,#1094));
#2295=EDGE_LOOP('',(#1095,#1096,#1097,#1098));
#2296=EDGE_LOOP('',(#1099,#1100,#1101,#1102));
#2297=EDGE_LOOP('',(#1103,#1104,#1105,#1106,#1107,#1108,#1109,#1110,#1111,
#1112,#1113,#1114,#1115,#1116,#1117,#1118,#1119,#1120,#1121,#1122,#1123,
#1124,#1125,#1126,#1127,#1128,#1129,#1130,#1131,#1132));
#2298=EDGE_LOOP('',(#1133,#1134,#1135,#1136));
#2299=EDGE_LOOP('',(#1137,#1138,#1139,#1140));
#2300=EDGE_LOOP('',(#1141,#1142,#1143,#1144,#1145));
#2301=EDGE_LOOP('',(#1146,#1147,#1148));
#2302=EDGE_LOOP('',(#1149,#1150,#1151,#1152));
#2303=EDGE_LOOP('',(#1153,#1154,#1155,#1156));
#2304=EDGE_LOOP('',(#1157,#1158,#1159,#1160));
#2305=EDGE_LOOP('',(#1161,#1162,#1163,#1164));
#2306=EDGE_LOOP('',(#1165,#1166,#1167,#1168));
#2307=EDGE_LOOP('',(#1169,#1170,#1171,#1172));
#2308=EDGE_LOOP('',(#1173,#1174,#1175,#1176));
#2309=EDGE_LOOP('',(#1177,#1178,#1179,#1180));
#2310=EDGE_LOOP('',(#1181,#1182,#1183,#1184));
#2311=EDGE_LOOP('',(#1185,#1186,#1187,#1188));
#2312=EDGE_LOOP('',(#1189,#1190,#1191,#1192));
#2313=EDGE_LOOP('',(#1193,#1194,#1195,#1196));
#2314=EDGE_LOOP('',(#1197,#1198,#1199,#1200));
#2315=EDGE_LOOP('',(#1201,#1202,#1203,#1204));
#2316=EDGE_LOOP('',(#1205,#1206,#1207,#1208));
#2317=EDGE_LOOP('',(#1209,#1210,#1211,#1212));
#2318=EDGE_LOOP('',(#1213,#1214,#1215,#1216));
#2319=EDGE_LOOP('',(#1217,#1218,#1219,#1220));
#2320=EDGE_LOOP('',(#1221,#1222,#1223,#1224));
#2321=EDGE_LOOP('',(#1225,#1226,#1227,#1228));
#2322=EDGE_LOOP('',(#1229,#1230,#1231,#1232));
#2323=EDGE_LOOP('',(#1233,#1234,#1235,#1236));
#2324=EDGE_LOOP('',(#1237,#1238,#1239,#1240));
#2325=EDGE_LOOP('',(#1241,#1242,#1243,#1244));
#2326=EDGE_LOOP('',(#1245,#1246,#1247,#1248));
#2327=EDGE_LOOP('',(#1249,#1250,#1251,#1252));
#2328=EDGE_LOOP('',(#1253,#1254,#1255,#1256));
#2329=EDGE_LOOP('',(#1257,#1258,#1259,#1260));
#2330=EDGE_LOOP('',(#1261,#1262,#1263,#1264));
#2331=EDGE_LOOP('',(#1265,#1266,#1267,#1268));
#2332=EDGE_LOOP('',(#1269,#1270,#1271,#1272));
#2333=EDGE_LOOP('',(#1273,#1274,#1275,#1276));
#2334=EDGE_LOOP('',(#1277,#1278,#1279,#1280));
#2335=EDGE_LOOP('',(#1281,#1282,#1283,#1284));
#2336=EDGE_LOOP('',(#1285,#1286,#1287,#1288));
#2337=EDGE_LOOP('',(#1289,#1290,#1291,#1292));
#2338=EDGE_LOOP('',(#1293,#1294,#1295,#1296));
#2339=EDGE_LOOP('',(#1297,#1298,#1299,#1300));
#2340=EDGE_LOOP('',(#1301,#1302,#1303,#1304));
#2341=EDGE_LOOP('',(#1305,#1306,#1307,#1308));
#2342=EDGE_LOOP('',(#1309,#1310,#1311,#1312));
#2343=EDGE_LOOP('',(#1313,#1314,#1315,#1316));
#2344=EDGE_LOOP('',(#1317,#1318,#1319,#1320));
#2345=EDGE_LOOP('',(#1321,#1322,#1323,#1324));
#2346=EDGE_LOOP('',(#1325,#1326,#1327,#1328));
#2347=EDGE_LOOP('',(#1329,#1330,#1331,#1332));
#2348=EDGE_LOOP('',(#1333,#1334,#1335,#1336));
#2349=EDGE_LOOP('',(#1337,#1338,#1339,#1340));
#2350=EDGE_LOOP('',(#1341,#1342,#1343,#1344));
#2351=EDGE_LOOP('',(#1345,#1346,#1347,#1348));
#2352=EDGE_LOOP('',(#1349,#1350,#1351,#1352));
#2353=EDGE_LOOP('',(#1353,#1354,#1355,#1356));
#2354=EDGE_LOOP('',(#1357,#1358,#1359,#1360));
#2355=EDGE_LOOP('',(#1361,#1362,#1363,#1364));
#2356=EDGE_LOOP('',(#1365,#1366,#1367,#1368));
#2357=EDGE_LOOP('',(#1369,#1370,#1371,#1372));
#2358=EDGE_LOOP('',(#1373,#1374,#1375,#1376));
#2359=EDGE_LOOP('',(#1377,#1378,#1379,#1380));
#2360=EDGE_LOOP('',(#1381,#1382,#1383,#1384));
#2361=EDGE_LOOP('',(#1385,#1386,#1387,#1388));
#2362=EDGE_LOOP('',(#1389,#1390,#1391,#1392));
#2363=EDGE_LOOP('',(#1393,#1394,#1395,#1396));
#2364=EDGE_LOOP('',(#1397,#1398,#1399,#1400));
#2365=EDGE_LOOP('',(#1401,#1402,#1403,#1404));
#2366=EDGE_LOOP('',(#1405,#1406,#1407,#1408));
#2367=EDGE_LOOP('',(#1409,#1410,#1411,#1412));
#2368=EDGE_LOOP('',(#1413,#1414,#1415,#1416));
#2369=EDGE_LOOP('',(#1417,#1418,#1419,#1420));
#2370=EDGE_LOOP('',(#1421,#1422,#1423,#1424));
#2371=FACE_BOUND('',#2223,.T.);
#2372=FACE_BOUND('',#2224,.T.);
#2373=FACE_BOUND('',#2225,.T.);
#2374=FACE_BOUND('',#2226,.T.);
#2375=FACE_BOUND('',#2227,.T.);
#2376=FACE_BOUND('',#2228,.T.);
#2377=FACE_BOUND('',#2229,.T.);
#2378=FACE_BOUND('',#2230,.T.);
#2379=FACE_BOUND('',#2231,.T.);
#2380=FACE_BOUND('',#2232,.T.);
#2381=FACE_BOUND('',#2233,.T.);
#2382=FACE_BOUND('',#2234,.T.);
#2383=FACE_BOUND('',#2235,.T.);
#2384=FACE_BOUND('',#2236,.T.);
#2385=FACE_BOUND('',#2237,.T.);
#2386=FACE_BOUND('',#2238,.T.);
#2387=FACE_BOUND('',#2239,.T.);
#2388=FACE_BOUND('',#2240,.T.);
#2389=FACE_BOUND('',#2241,.T.);
#2390=FACE_BOUND('',#2242,.T.);
#2391=FACE_BOUND('',#2243,.T.);
#2392=FACE_BOUND('',#2244,.T.);
#2393=FACE_BOUND('',#2245,.T.);
#2394=FACE_BOUND('',#2246,.T.);
#2395=FACE_BOUND('',#2247,.T.);
#2396=FACE_BOUND('',#2248,.T.);
#2397=FACE_BOUND('',#2249,.T.);
#2398=FACE_BOUND('',#2250,.T.);
#2399=FACE_BOUND('',#2251,.T.);
#2400=FACE_BOUND('',#2252,.T.);
#2401=FACE_BOUND('',#2253,.T.);
#2402=FACE_BOUND('',#2254,.T.);
#2403=FACE_BOUND('',#2255,.T.);
#2404=FACE_BOUND('',#2256,.T.);
#2405=FACE_BOUND('',#2257,.T.);
#2406=FACE_BOUND('',#2258,.T.);
#2407=FACE_BOUND('',#2259,.T.);
#2408=FACE_BOUND('',#2260,.T.);
#2409=FACE_BOUND('',#2261,.T.);
#2410=FACE_BOUND('',#2262,.T.);
#2411=FACE_BOUND('',#2263,.T.);
#2412=FACE_BOUND('',#2264,.T.);
#2413=FACE_BOUND('',#2265,.T.);
#2414=FACE_BOUND('',#2266,.T.);
#2415=FACE_BOUND('',#2267,.T.);
#2416=FACE_BOUND('',#2268,.T.);
#2417=FACE_BOUND('',#2269,.T.);
#2418=FACE_BOUND('',#2270,.T.);
#2419=FACE_BOUND('',#2271,.T.);
#2420=FACE_BOUND('',#2272,.T.);
#2421=FACE_BOUND('',#2273,.T.);
#2422=FACE_BOUND('',#2274,.T.);
#2423=FACE_BOUND('',#2275,.T.);
#2424=FACE_BOUND('',#2276,.T.);
#2425=FACE_BOUND('',#2277,.T.);
#2426=FACE_BOUND('',#2278,.T.);
#2427=FACE_BOUND('',#2279,.T.);
#2428=FACE_BOUND('',#2280,.T.);
#2429=FACE_BOUND('',#2281,.T.);
#2430=FACE_BOUND('',#2282,.T.);
#2431=FACE_BOUND('',#2283,.T.);
#2432=FACE_BOUND('',#2284,.T.);
#2433=FACE_BOUND('',#2285,.T.);
#2434=FACE_BOUND('',#2286,.T.);
#2435=FACE_BOUND('',#2287,.T.);
#2436=FACE_BOUND('',#2288,.T.);
#2437=FACE_BOUND('',#2289,.T.);
#2438=FACE_BOUND('',#2290,.T.);
#2439=FACE_BOUND('',#2291,.T.);
#2440=FACE_BOUND('',#2292,.T.);
#2441=FACE_BOUND('',#2293,.T.);
#2442=FACE_BOUND('',#2294,.T.);
#2443=FACE_BOUND('',#2295,.T.);
#2444=FACE_BOUND('',#2296,.T.);
#2445=FACE_BOUND('',#2297,.T.);
#2446=FACE_BOUND('',#2298,.T.);
#2447=FACE_BOUND('',#2299,.T.);
#2448=FACE_BOUND('',#2300,.T.);
#2449=FACE_BOUND('',#2301,.T.);
#2450=FACE_BOUND('',#2302,.T.);
#2451=FACE_BOUND('',#2303,.T.);
#2452=FACE_BOUND('',#2304,.T.);
#2453=FACE_BOUND('',#2305,.T.);
#2454=FACE_BOUND('',#2306,.T.);
#2455=FACE_BOUND('',#2307,.T.);
#2456=FACE_BOUND('',#2308,.T.);
#2457=FACE_BOUND('',#2309,.T.);
#2458=FACE_BOUND('',#2310,.T.);
#2459=FACE_BOUND('',#2311,.T.);
#2460=FACE_BOUND('',#2312,.T.);
#2461=FACE_BOUND('',#2313,.T.);
#2462=FACE_BOUND('',#2314,.T.);
#2463=FACE_BOUND('',#2315,.T.);
#2464=FACE_BOUND('',#2316,.T.);
#2465=FACE_BOUND('',#2317,.T.);
#2466=FACE_BOUND('',#2318,.T.);
#2467=FACE_BOUND('',#2319,.T.);
#2468=FACE_BOUND('',#2320,.T.);
#2469=FACE_BOUND('',#2321,.T.);
#2470=FACE_BOUND('',#2322,.T.);
#2471=FACE_BOUND('',#2323,.T.);
#2472=FACE_BOUND('',#2324,.T.);
#2473=FACE_BOUND('',#2325,.T.);
#2474=FACE_BOUND('',#2326,.T.);
#2475=FACE_BOUND('',#2327,.T.);
#2476=FACE_BOUND('',#2328,.T.);
#2477=FACE_BOUND('',#2329,.T.);
#2478=FACE_BOUND('',#2330,.T.);
#2479=FACE_BOUND('',#2331,.T.);
#2480=FACE_BOUND('',#2332,.T.);
#2481=FACE_BOUND('',#2333,.T.);
#2482=FACE_BOUND('',#2334,.T.);
#2483=FACE_BOUND('',#2335,.T.);
#2484=FACE_BOUND('',#2336,.T.);
#2485=FACE_BOUND('',#2337,.T.);
#2486=FACE_BOUND('',#2338,.T.);
#2487=FACE_BOUND('',#2339,.T.);
#2488=FACE_BOUND('',#2340,.T.);
#2489=FACE_BOUND('',#2341,.T.);
#2490=FACE_BOUND('',#2342,.T.);
#2491=FACE_BOUND('',#2343,.T.);
#2492=FACE_BOUND('',#2344,.T.);
#2493=FACE_BOUND('',#2345,.T.);
#2494=FACE_BOUND('',#2346,.T.);
#2495=FACE_BOUND('',#2347,.T.);
#2496=FACE_BOUND('',#2348,.T.);
#2497=FACE_BOUND('',#2349,.T.);
#2498=FACE_BOUND('',#2350,.T.);
#2499=FACE_BOUND('',#2351,.T.);
#2500=FACE_BOUND('',#2352,.T.);
#2501=FACE_BOUND('',#2353,.T.);
#2502=FACE_BOUND('',#2354,.T.);
#2503=FACE_BOUND('',#2355,.T.);
#2504=FACE_BOUND('',#2356,.T.);
#2505=FACE_BOUND('',#2357,.T.);
#2506=FACE_BOUND('',#2358,.T.);
#2507=FACE_BOUND('',#2359,.T.);
#2508=FACE_BOUND('',#2360,.T.);
#2509=FACE_BOUND('',#2361,.T.);
#2510=FACE_BOUND('',#2362,.T.);
#2511=FACE_BOUND('',#2363,.T.);
#2512=FACE_BOUND('',#2364,.T.);
#2513=FACE_BOUND('',#2365,.T.);
#2514=FACE_BOUND('',#2366,.T.);
#2515=FACE_BOUND('',#2367,.T.);
#2516=FACE_BOUND('',#2368,.T.);
#2517=FACE_BOUND('',#2369,.T.);
#2518=FACE_BOUND('',#2370,.T.);
#2519=CYLINDRICAL_SURFACE('',#2721,0.0655665997290526);
#2520=CYLINDRICAL_SURFACE('',#2812,0.00352373741980262);
#2521=CYLINDRICAL_SURFACE('',#2814,0.00215229882532885);
#2522=CYLINDRICAL_SURFACE('',#2817,0.00100343473008987);
#2523=CYLINDRICAL_SURFACE('',#2819,0.00132117155071668);
#2524=CYLINDRICAL_SURFACE('',#2821,0.00205568352358314);
#2525=CYLINDRICAL_SURFACE('',#2823,0.00204748669259646);
#2526=CYLINDRICAL_SURFACE('',#2825,0.0109541703108164);
#2527=CYLINDRICAL_SURFACE('',#2829,0.00365274115386723);
#2528=CYLINDRICAL_SURFACE('',#2832,0.00286144311560508);
#2529=CYLINDRICAL_SURFACE('',#2834,0.00181784454619088);
#2530=CYLINDRICAL_SURFACE('',#2836,0.00182370663412806);
#2531=CYLINDRICAL_SURFACE('',#2839,0.00590090034685514);
#2532=CYLINDRICAL_SURFACE('',#2841,0.00758167930632027);
#2533=CYLINDRICAL_SURFACE('',#2843,0.00306569669561773);
#2534=CYLINDRICAL_SURFACE('',#2845,0.0022552654983246);
#2535=CYLINDRICAL_SURFACE('',#2847,0.00120902169959906);
#2536=CYLINDRICAL_SURFACE('',#2849,0.00241076714783645);
#2537=CYLINDRICAL_SURFACE('',#2851,0.00171473544254448);
#2538=CYLINDRICAL_SURFACE('',#2853,0.0016104262165513);
#2539=CYLINDRICAL_SURFACE('',#2856,0.00301334877172918);
#2540=CYLINDRICAL_SURFACE('',#2858,0.000836817322715289);
#2541=CYLINDRICAL_SURFACE('',#2861,0.00425951768179061);
#2542=CYLINDRICAL_SURFACE('',#2863,0.000744145140985475);
#2543=CYLINDRICAL_SURFACE('',#2865,0.00109173731747724);
#2544=CYLINDRICAL_SURFACE('',#2867,0.00129431686341589);
#2545=CYLINDRICAL_SURFACE('',#2869,0.0011757643478361);
#2546=CYLINDRICAL_SURFACE('',#2872,0.00249719718687316);
#2547=CYLINDRICAL_SURFACE('',#2874,0.00232063023191145);
#2548=CYLINDRICAL_SURFACE('',#2876,0.00192391452785125);
#2549=CYLINDRICAL_SURFACE('',#2878,0.00168733491529749);
#2550=CYLINDRICAL_SURFACE('',#2880,0.00205673355508929);
#2551=CYLINDRICAL_SURFACE('',#2882,0.00265258476487639);
#2552=CYLINDRICAL_SURFACE('',#2897,0.0675665997290526);
#2553=CYLINDRICAL_SURFACE('',#2903,0.0675665997290526);
#2554=CYLINDRICAL_SURFACE('',#2908,0.0675665997290526);
#2555=CYLINDRICAL_SURFACE('',#2913,0.0675665997290526);
#2556=CYLINDRICAL_SURFACE('',#2918,0.0675665997290526);
#2557=CYLINDRICAL_SURFACE('',#2923,0.0675665997290526);
#2558=CYLINDRICAL_SURFACE('',#2928,0.0675665997290526);
#2559=CYLINDRICAL_SURFACE('',#2933,0.0675665997290526);
#2560=CYLINDRICAL_SURFACE('',#2938,0.0675665997290526);
#2561=CYLINDRICAL_SURFACE('',#2943,0.0675665997290526);
#2562=CYLINDRICAL_SURFACE('',#2948,0.0675665997290526);
#2563=CYLINDRICAL_SURFACE('',#2953,0.0675665997290526);
#2564=CYLINDRICAL_SURFACE('',#2958,0.0675665997290526);
#2565=CYLINDRICAL_SURFACE('',#2963,0.0675665997290526);
#2566=CYLINDRICAL_SURFACE('',#2968,0.0675665997290526);
#2567=CYLINDRICAL_SURFACE('',#2973,0.0675665997290526);
#2568=ADVANCED_FACE('',(#2371,#2372),#2519,.T.);
#2569=ADVANCED_FACE('',(#2373),#57,.T.);
#2570=ADVANCED_FACE('',(#2374),#58,.T.);
#2571=ADVANCED_FACE('',(#2375),#59,.T.);
#2572=ADVANCED_FACE('',(#2376),#60,.T.);
#2573=ADVANCED_FACE('',(#2377,#2378,#2379,#2380,#2381,#2382),#61,.T.);
#2574=ADVANCED_FACE('',(#2383),#62,.F.);
#2575=ADVANCED_FACE('',(#2384),#63,.F.);
#2576=ADVANCED_FACE('',(#2385),#64,.F.);
#2577=ADVANCED_FACE('',(#2386),#65,.T.);
#2578=ADVANCED_FACE('',(#2387,#2388,#2389),#66,.F.);
#2579=ADVANCED_FACE('',(#2390),#12,.T.);
#2580=ADVANCED_FACE('',(#2391),#13,.T.);
#2581=ADVANCED_FACE('',(#2392),#2520,.F.);
#2582=ADVANCED_FACE('',(#2393),#2521,.F.);
#2583=ADVANCED_FACE('',(#2394),#14,.T.);
#2584=ADVANCED_FACE('',(#2395),#15,.T.);
#2585=ADVANCED_FACE('',(#2396),#16,.T.);
#2586=ADVANCED_FACE('',(#2397),#67,.T.);
#2587=ADVANCED_FACE('',(#2398),#17,.T.);
#2588=ADVANCED_FACE('',(#2399),#2522,.T.);
#2589=ADVANCED_FACE('',(#2400),#2523,.T.);
#2590=ADVANCED_FACE('',(#2401),#2524,.T.);
#2591=ADVANCED_FACE('',(#2402),#2525,.T.);
#2592=ADVANCED_FACE('',(#2403),#2526,.T.);
#2593=ADVANCED_FACE('',(#2404),#68,.T.);
#2594=ADVANCED_FACE('',(#2405),#69,.T.);
#2595=ADVANCED_FACE('',(#2406),#2527,.T.);
#2596=ADVANCED_FACE('',(#2407),#18,.T.);
#2597=ADVANCED_FACE('',(#2408),#19,.T.);
#2598=ADVANCED_FACE('',(#2409),#20,.T.);
#2599=ADVANCED_FACE('',(#2410),#70,.T.);
#2600=ADVANCED_FACE('',(#2411),#2528,.F.);
#2601=ADVANCED_FACE('',(#2412),#2529,.F.);
#2602=ADVANCED_FACE('',(#2413),#2530,.F.);
#2603=ADVANCED_FACE('',(#2414),#71,.T.);
#2604=ADVANCED_FACE('',(#2415),#2531,.F.);
#2605=ADVANCED_FACE('',(#2416),#2532,.F.);
#2606=ADVANCED_FACE('',(#2417),#2533,.F.);
#2607=ADVANCED_FACE('',(#2418),#2534,.F.);
#2608=ADVANCED_FACE('',(#2419),#2535,.F.);
#2609=ADVANCED_FACE('',(#2420),#2536,.F.);
#2610=ADVANCED_FACE('',(#2421),#2537,.F.);
#2611=ADVANCED_FACE('',(#2422),#2538,.F.);
#2612=ADVANCED_FACE('',(#2423),#21,.T.);
#2613=ADVANCED_FACE('',(#2424),#72,.T.);
#2614=ADVANCED_FACE('',(#2425),#22,.T.);
#2615=ADVANCED_FACE('',(#2426),#23,.T.);
#2616=ADVANCED_FACE('',(#2427),#24,.T.);
#2617=ADVANCED_FACE('',(#2428),#2539,.T.);
#2618=ADVANCED_FACE('',(#2429),#2540,.T.);
#2619=ADVANCED_FACE('',(#2430),#73,.T.);
#2620=ADVANCED_FACE('',(#2431),#2541,.T.);
#2621=ADVANCED_FACE('',(#2432),#25,.T.);
#2622=ADVANCED_FACE('',(#2433),#2542,.T.);
#2623=ADVANCED_FACE('',(#2434),#2543,.T.);
#2624=ADVANCED_FACE('',(#2435),#2544,.T.);
#2625=ADVANCED_FACE('',(#2436),#2545,.T.);
#2626=ADVANCED_FACE('',(#2437),#74,.T.);
#2627=ADVANCED_FACE('',(#2438),#2546,.F.);
#2628=ADVANCED_FACE('',(#2439),#2547,.F.);
#2629=ADVANCED_FACE('',(#2440),#2548,.F.);
#2630=ADVANCED_FACE('',(#2441),#26,.T.);
#2631=ADVANCED_FACE('',(#2442),#2549,.F.);
#2632=ADVANCED_FACE('',(#2443),#2550,.F.);
#2633=ADVANCED_FACE('',(#2444),#2551,.F.);
#2634=ADVANCED_FACE('',(#2445),#75,.T.);
#2635=ADVANCED_FACE('',(#2446),#76,.T.);
#2636=ADVANCED_FACE('',(#2447),#77,.T.);
#2637=ADVANCED_FACE('',(#2448),#78,.T.);
#2638=ADVANCED_FACE('',(#2449),#79,.T.);
#2639=ADVANCED_FACE('',(#2450),#80,.F.);
#2640=ADVANCED_FACE('',(#2451),#81,.F.);
#2641=ADVANCED_FACE('',(#2452),#82,.F.);
#2642=ADVANCED_FACE('',(#2453),#83,.F.);
#2643=ADVANCED_FACE('',(#2454),#84,.T.);
#2644=ADVANCED_FACE('',(#2455),#85,.T.);
#2645=ADVANCED_FACE('',(#2456),#86,.F.);
#2646=ADVANCED_FACE('',(#2457),#2552,.T.);
#2647=ADVANCED_FACE('',(#2458),#87,.T.);
#2648=ADVANCED_FACE('',(#2459),#88,.T.);
#2649=ADVANCED_FACE('',(#2460),#89,.T.);
#2650=ADVANCED_FACE('',(#2461),#90,.F.);
#2651=ADVANCED_FACE('',(#2462),#2553,.T.);
#2652=ADVANCED_FACE('',(#2463),#91,.T.);
#2653=ADVANCED_FACE('',(#2464),#92,.F.);
#2654=ADVANCED_FACE('',(#2465),#93,.T.);
#2655=ADVANCED_FACE('',(#2466),#2554,.T.);
#2656=ADVANCED_FACE('',(#2467),#94,.T.);
#2657=ADVANCED_FACE('',(#2468),#95,.F.);
#2658=ADVANCED_FACE('',(#2469),#96,.T.);
#2659=ADVANCED_FACE('',(#2470),#2555,.T.);
#2660=ADVANCED_FACE('',(#2471),#97,.T.);
#2661=ADVANCED_FACE('',(#2472),#98,.T.);
#2662=ADVANCED_FACE('',(#2473),#99,.F.);
#2663=ADVANCED_FACE('',(#2474),#2556,.T.);
#2664=ADVANCED_FACE('',(#2475),#100,.T.);
#2665=ADVANCED_FACE('',(#2476),#101,.F.);
#2666=ADVANCED_FACE('',(#2477),#102,.T.);
#2667=ADVANCED_FACE('',(#2478),#2557,.T.);
#2668=ADVANCED_FACE('',(#2479),#103,.F.);
#2669=ADVANCED_FACE('',(#2480),#104,.T.);
#2670=ADVANCED_FACE('',(#2481),#105,.T.);
#2671=ADVANCED_FACE('',(#2482),#2558,.T.);
#2672=ADVANCED_FACE('',(#2483),#106,.T.);
#2673=ADVANCED_FACE('',(#2484),#107,.F.);
#2674=ADVANCED_FACE('',(#2485),#108,.T.);
#2675=ADVANCED_FACE('',(#2486),#2559,.T.);
#2676=ADVANCED_FACE('',(#2487),#109,.T.);
#2677=ADVANCED_FACE('',(#2488),#110,.F.);
#2678=ADVANCED_FACE('',(#2489),#111,.T.);
#2679=ADVANCED_FACE('',(#2490),#2560,.T.);
#2680=ADVANCED_FACE('',(#2491),#112,.T.);
#2681=ADVANCED_FACE('',(#2492),#113,.T.);
#2682=ADVANCED_FACE('',(#2493),#114,.T.);
#2683=ADVANCED_FACE('',(#2494),#2561,.T.);
#2684=ADVANCED_FACE('',(#2495),#115,.T.);
#2685=ADVANCED_FACE('',(#2496),#116,.T.);
#2686=ADVANCED_FACE('',(#2497),#117,.T.);
#2687=ADVANCED_FACE('',(#2498),#2562,.T.);
#2688=ADVANCED_FACE('',(#2499),#118,.T.);
#2689=ADVANCED_FACE('',(#2500),#119,.T.);
#2690=ADVANCED_FACE('',(#2501),#120,.T.);
#2691=ADVANCED_FACE('',(#2502),#2563,.T.);
#2692=ADVANCED_FACE('',(#2503),#121,.T.);
#2693=ADVANCED_FACE('',(#2504),#122,.T.);
#2694=ADVANCED_FACE('',(#2505),#123,.T.);
#2695=ADVANCED_FACE('',(#2506),#2564,.T.);
#2696=ADVANCED_FACE('',(#2507),#124,.T.);
#2697=ADVANCED_FACE('',(#2508),#125,.T.);
#2698=ADVANCED_FACE('',(#2509),#126,.T.);
#2699=ADVANCED_FACE('',(#2510),#2565,.T.);
#2700=ADVANCED_FACE('',(#2511),#127,.T.);
#2701=ADVANCED_FACE('',(#2512),#128,.T.);
#2702=ADVANCED_FACE('',(#2513),#129,.T.);
#2703=ADVANCED_FACE('',(#2514),#2566,.T.);
#2704=ADVANCED_FACE('',(#2515),#130,.T.);
#2705=ADVANCED_FACE('',(#2516),#131,.T.);
#2706=ADVANCED_FACE('',(#2517),#132,.T.);
#2707=ADVANCED_FACE('',(#2518),#2567,.T.);
#2708=CLOSED_SHELL('',(#2568,#2569,#2570,#2571,#2572,#2573,#2574,#2575,
#2576,#2577,#2578,#2579,#2580,#2581,#2582,#2583,#2584,#2585,#2586,#2587,
#2588,#2589,#2590,#2591,#2592,#2593,#2594,#2595,#2596,#2597,#2598,#2599,
#2600,#2601,#2602,#2603,#2604,#2605,#2606,#2607,#2608,#2609,#2610,#2611,
#2612,#2613,#2614,#2615,#2616,#2617,#2618,#2619,#2620,#2621,#2622,#2623,
#2624,#2625,#2626,#2627,#2628,#2629,#2630,#2631,#2632,#2633,#2634,#2635,
#2636,#2637,#2638,#2639,#2640,#2641,#2642,#2643,#2644,#2645,#2646,#2647,
#2648,#2649,#2650,#2651,#2652,#2653,#2654,#2655,#2656,#2657,#2658,#2659,
#2660,#2661,#2662,#2663,#2664,#2665,#2666,#2667,#2668,#2669,#2670,#2671,
#2672,#2673,#2674,#2675,#2676,#2677,#2678,#2679,#2680,#2681,#2682,#2683,
#2684,#2685,#2686,#2687,#2688,#2689,#2690,#2691,#2692,#2693,#2694,#2695,
#2696,#2697,#2698,#2699,#2700,#2701,#2702,#2703,#2704,#2705,#2706,#2707));
#2709=STYLED_ITEM('',(#2710),#2717);
#2710=PRESENTATION_STYLE_ASSIGNMENT((#2711));
#2711=SURFACE_STYLE_USAGE(.BOTH.,#2712);
#2712=SURFACE_SIDE_STYLE('',(#2713));
#2713=SURFACE_STYLE_FILL_AREA(#2714);
#2714=FILL_AREA_STYLE('',(#2715));
#2715=FILL_AREA_STYLE_COLOUR('',#2716);
#2716=COLOUR_RGB('',0.647058823529412,0.647058823529412,0.647058823529412);
#2717=MANIFOLD_SOLID_BREP('stage_8',#2708);
#2718=SHAPE_DEFINITION_REPRESENTATION(#4708,#2719);
#2719=SHAPE_REPRESENTATION('stage_8',(#2720),#4703);
#2720=AXIS2_PLACEMENT_3D('',#3726,#2974,#2975);
#2721=AXIS2_PLACEMENT_3D('',#3727,#2976,#2977);
#2722=AXIS2_PLACEMENT_3D('',#3728,#2978,#2979);
#2723=AXIS2_PLACEMENT_3D('',#3733,#2981,#2982);
#2724=AXIS2_PLACEMENT_3D('',#3737,#2984,#2985);
#2725=AXIS2_PLACEMENT_3D('',#3741,#2987,#2988);
#2726=AXIS2_PLACEMENT_3D('',#3745,#2990,#2991);
#2727=AXIS2_PLACEMENT_3D('',#3749,#2993,#2994);
#2728=AXIS2_PLACEMENT_3D('',#3753,#2996,#2997);
#2729=AXIS2_PLACEMENT_3D('',#3757,#2999,#3000);
#2730=AXIS2_PLACEMENT_3D('',#3761,#3002,#3003);
#2731=AXIS2_PLACEMENT_3D('',#3765,#3005,#3006);
#2732=AXIS2_PLACEMENT_3D('',#3769,#3008,#3009);
#2733=AXIS2_PLACEMENT_3D('',#3773,#3011,#3012);
#2734=AXIS2_PLACEMENT_3D('',#3777,#3014,#3015);
#2735=AXIS2_PLACEMENT_3D('',#3781,#3017,#3018);
#2736=AXIS2_PLACEMENT_3D('',#3785,#3020,#3021);
#2737=AXIS2_PLACEMENT_3D('',#3789,#3023,#3024);
#2738=AXIS2_PLACEMENT_3D('',#3795,#3027,#3028);
#2739=AXIS2_PLACEMENT_3D('',#3799,#3030,#3031);
#2740=AXIS2_PLACEMENT_3D('',#3803,#3033,#3034);
#2741=AXIS2_PLACEMENT_3D('',#3807,#3036,#3037);
#2742=AXIS2_PLACEMENT_3D('',#3811,#3039,#3040);
#2743=AXIS2_PLACEMENT_3D('',#3815,#3042,#3043);
#2744=AXIS2_PLACEMENT_3D('',#3819,#3045,#3046);
#2745=AXIS2_PLACEMENT_3D('',#3823,#3048,#3049);
#2746=AXIS2_PLACEMENT_3D('',#3827,#3051,#3052);
#2747=AXIS2_PLACEMENT_3D('',#3831,#3054,#3055);
#2748=AXIS2_PLACEMENT_3D('',#3835,#3057,#3058);
#2749=AXIS2_PLACEMENT_3D('',#3839,#3060,#3061);
#2750=AXIS2_PLACEMENT_3D('',#3843,#3063,#3064);
#2751=AXIS2_PLACEMENT_3D('',#3847,#3066,#3067);
#2752=AXIS2_PLACEMENT_3D('',#3851,#3069,#3070);
#2753=AXIS2_PLACEMENT_3D('',#3855,#3072,#3073);
#2754=AXIS2_PLACEMENT_3D('',#3856,#3074,#3075);
#2755=AXIS2_PLACEMENT_3D('',#3865,#3080,#3081);
#2756=AXIS2_PLACEMENT_3D('',#3871,#3085,#3086);
#2757=AXIS2_PLACEMENT_3D('',#3877,#3090,#3091);
#2758=AXIS2_PLACEMENT_3D('',#3880,#3094,#3095);
#2759=AXIS2_PLACEMENT_3D('',#3891,#3101,#3102);
#2760=AXIS2_PLACEMENT_3D('',#3896,#3105,#3106);
#2761=AXIS2_PLACEMENT_3D('',#3901,#3109,#3110);
#2762=AXIS2_PLACEMENT_3D('',#3906,#3113,#3114);
#2763=AXIS2_PLACEMENT_3D('',#3911,#3117,#3118);
#2764=AXIS2_PLACEMENT_3D('',#3916,#3121,#3122);
#2765=AXIS2_PLACEMENT_3D('',#3921,#3125,#3126);
#2766=AXIS2_PLACEMENT_3D('',#3926,#3129,#3130);
#2767=AXIS2_PLACEMENT_3D('',#3938,#3132,#3133);
#2768=AXIS2_PLACEMENT_3D('',#3940,#3134,#3135);
#2769=AXIS2_PLACEMENT_3D('',#3942,#3136,#3137);
#2770=AXIS2_PLACEMENT_3D('',#3958,#3139,#3140);
#2771=AXIS2_PLACEMENT_3D('',#3964,#3143,#3144);
#2772=AXIS2_PLACEMENT_3D('',#3966,#3145,#3146);
#2773=AXIS2_PLACEMENT_3D('',#3968,#3147,#3148);
#2774=AXIS2_PLACEMENT_3D('',#3970,#3149,#3150);
#2775=AXIS2_PLACEMENT_3D('',#3972,#3151,#3152);
#2776=AXIS2_PLACEMENT_3D('',#3992,#3154,#3155);
#2777=AXIS2_PLACEMENT_3D('',#3994,#3156,#3157);
#2778=AXIS2_PLACEMENT_3D('',#3995,#3158,#3159);
#2779=AXIS2_PLACEMENT_3D('',#3998,#3160,#3161);
#2780=AXIS2_PLACEMENT_3D('',#4000,#3162,#3163);
#2781=AXIS2_PLACEMENT_3D('',#4002,#3164,#3165);
#2782=AXIS2_PLACEMENT_3D('',#4004,#3166,#3167);
#2783=AXIS2_PLACEMENT_3D('',#4010,#3168,#3169);
#2784=AXIS2_PLACEMENT_3D('',#4012,#3170,#3171);
#2785=AXIS2_PLACEMENT_3D('',#4014,#3172,#3173);
#2786=AXIS2_PLACEMENT_3D('',#4018,#3175,#3176);
#2787=AXIS2_PLACEMENT_3D('',#4020,#3177,#3178);
#2788=AXIS2_PLACEMENT_3D('',#4022,#3179,#3180);
#2789=AXIS2_PLACEMENT_3D('',#4024,#3181,#3182);
#2790=AXIS2_PLACEMENT_3D('',#4030,#3183,#3184);
#2791=AXIS2_PLACEMENT_3D('',#4034,#3186,#3187);
#2792=AXIS2_PLACEMENT_3D('',#4036,#3188,#3189);
#2793=AXIS2_PLACEMENT_3D('',#4056,#3191,#3192);
#2794=AXIS2_PLACEMENT_3D('',#4058,#3193,#3194);
#2795=AXIS2_PLACEMENT_3D('',#4060,#3195,#3196);
#2796=AXIS2_PLACEMENT_3D('',#4062,#3197,#3198);
#2797=AXIS2_PLACEMENT_3D('',#4064,#3199,#3200);
#2798=AXIS2_PLACEMENT_3D('',#4066,#3201,#3202);
#2799=AXIS2_PLACEMENT_3D('',#4083,#3211,#3212);
#2800=AXIS2_PLACEMENT_3D('',#4093,#3218,#3219);
#2801=AXIS2_PLACEMENT_3D('',#4097,#3222,#3223);
#2802=AXIS2_PLACEMENT_3D('',#4102,#3227,#3228);
#2803=AXIS2_PLACEMENT_3D('',#4106,#3231,#3232);
#2804=AXIS2_PLACEMENT_3D('',#4118,#3239,#3240);
#2805=AXIS2_PLACEMENT_3D('',#4123,#3243,#3244);
#2806=AXIS2_PLACEMENT_3D('',#4128,#3247,#3248);
#2807=AXIS2_PLACEMENT_3D('',#4133,#3251,#3252);
#2808=AXIS2_PLACEMENT_3D('',#4138,#3255,#3256);
#2809=AXIS2_PLACEMENT_3D('',#4143,#3259,#3260);
#2810=AXIS2_PLACEMENT_3D('',#4148,#3263,#3264);
#2811=AXIS2_PLACEMENT_3D('',#4153,#3267,#3268);
#2812=AXIS2_PLACEMENT_3D('',#4184,#3273,#3274);
#2813=AXIS2_PLACEMENT_3D('',#4187,#3276,#3277);
#2814=AXIS2_PLACEMENT_3D('',#4188,#3278,#3279);
#2815=AXIS2_PLACEMENT_3D('',#4191,#3281,#3282);
#2816=AXIS2_PLACEMENT_3D('',#4231,#3286,#3287);
#2817=AXIS2_PLACEMENT_3D('',#4248,#3291,#3292);
#2818=AXIS2_PLACEMENT_3D('',#4251,#3294,#3295);
#2819=AXIS2_PLACEMENT_3D('',#4252,#3296,#3297);
#2820=AXIS2_PLACEMENT_3D('',#4255,#3299,#3300);
#2821=AXIS2_PLACEMENT_3D('',#4256,#3301,#3302);
#2822=AXIS2_PLACEMENT_3D('',#4259,#3304,#3305);
#2823=AXIS2_PLACEMENT_3D('',#4260,#3306,#3307);
#2824=AXIS2_PLACEMENT_3D('',#4263,#3309,#3310);
#2825=AXIS2_PLACEMENT_3D('',#4264,#3311,#3312);
#2826=AXIS2_PLACEMENT_3D('',#4267,#3314,#3315);
#2827=AXIS2_PLACEMENT_3D('',#4268,#3316,#3317);
#2828=AXIS2_PLACEMENT_3D('',#4272,#3320,#3321);
#2829=AXIS2_PLACEMENT_3D('',#4276,#3324,#3325);
#2830=AXIS2_PLACEMENT_3D('',#4279,#3327,#3328);
#2831=AXIS2_PLACEMENT_3D('',#4319,#3332,#3333);
#2832=AXIS2_PLACEMENT_3D('',#4323,#3336,#3337);
#2833=AXIS2_PLACEMENT_3D('',#4326,#3339,#3340);
#2834=AXIS2_PLACEMENT_3D('',#4327,#3341,#3342);
#2835=AXIS2_PLACEMENT_3D('',#4330,#3344,#3345);
#2836=AXIS2_PLACEMENT_3D('',#4331,#3346,#3347);
#2837=AXIS2_PLACEMENT_3D('',#4332,#3348,#3349);
#2838=AXIS2_PLACEMENT_3D('',#4333,#3350,#3351);
#2839=AXIS2_PLACEMENT_3D('',#4334,#3352,#3353);
#2840=AXIS2_PLACEMENT_3D('',#4337,#3355,#3356);
#2841=AXIS2_PLACEMENT_3D('',#4340,#3358,#3359);
#2842=AXIS2_PLACEMENT_3D('',#4343,#3361,#3362);
#2843=AXIS2_PLACEMENT_3D('',#4344,#3363,#3364);
#2844=AXIS2_PLACEMENT_3D('',#4347,#3366,#3367);
#2845=AXIS2_PLACEMENT_3D('',#4348,#3368,#3369);
#2846=AXIS2_PLACEMENT_3D('',#4351,#3371,#3372);
#2847=AXIS2_PLACEMENT_3D('',#4352,#3373,#3374);
#2848=AXIS2_PLACEMENT_3D('',#4355,#3376,#3377);
#2849=AXIS2_PLACEMENT_3D('',#4356,#3378,#3379);
#2850=AXIS2_PLACEMENT_3D('',#4359,#3381,#3382);
#2851=AXIS2_PLACEMENT_3D('',#4360,#3383,#3384);
#2852=AXIS2_PLACEMENT_3D('',#4363,#3386,#3387);
#2853=AXIS2_PLACEMENT_3D('',#4364,#3388,#3389);
#2854=AXIS2_PLACEMENT_3D('',#4367,#3391,#3392);
#2855=AXIS2_PLACEMENT_3D('',#4381,#3394,#3395);
#2856=AXIS2_PLACEMENT_3D('',#4424,#3401,#3402);
#2857=AXIS2_PLACEMENT_3D('',#4427,#3404,#3405);
#2858=AXIS2_PLACEMENT_3D('',#4428,#3406,#3407);
#2859=AXIS2_PLACEMENT_3D('',#4431,#3409,#3410);
#2860=AXIS2_PLACEMENT_3D('',#4432,#3411,#3412);
#2861=AXIS2_PLACEMENT_3D('',#4436,#3415,#3416);
#2862=AXIS2_PLACEMENT_3D('',#4439,#3418,#3419);
#2863=AXIS2_PLACEMENT_3D('',#4453,#3421,#3422);
#2864=AXIS2_PLACEMENT_3D('',#4456,#3424,#3425);
#2865=AXIS2_PLACEMENT_3D('',#4457,#3426,#3427);
#2866=AXIS2_PLACEMENT_3D('',#4460,#3429,#3430);
#2867=AXIS2_PLACEMENT_3D('',#4461,#3431,#3432);
#2868=AXIS2_PLACEMENT_3D('',#4464,#3434,#3435);
#2869=AXIS2_PLACEMENT_3D('',#4465,#3436,#3437);
#2870=AXIS2_PLACEMENT_3D('',#4468,#3439,#3440);
#2871=AXIS2_PLACEMENT_3D('',#4469,#3441,#3442);
#2872=AXIS2_PLACEMENT_3D('',#4473,#3445,#3446);
#2873=AXIS2_PLACEMENT_3D('',#4476,#3448,#3449);
#2874=AXIS2_PLACEMENT_3D('',#4477,#3450,#3451);
#2875=AXIS2_PLACEMENT_3D('',#4480,#3453,#3454);
#2876=AXIS2_PLACEMENT_3D('',#4481,#3455,#3456);
#2877=AXIS2_PLACEMENT_3D('',#4484,#3458,#3459);
#2878=AXIS2_PLACEMENT_3D('',#4498,#3461,#3462);
#2879=AXIS2_PLACEMENT_3D('',#4501,#3464,#3465);
#2880=AXIS2_PLACEMENT_3D('',#4502,#3466,#3467);
#2881=AXIS2_PLACEMENT_3D('',#4505,#3469,#3470);
#2882=AXIS2_PLACEMENT_3D('',#4506,#3471,#3472);
#2883=AXIS2_PLACEMENT_3D('',#4507,#3473,#3474);
#2884=AXIS2_PLACEMENT_3D('',#4508,#3475,#3476);
#2885=AXIS2_PLACEMENT_3D('',#4509,#3477,#3478);
#2886=AXIS2_PLACEMENT_3D('',#4510,#3479,#3480);
#2887=AXIS2_PLACEMENT_3D('',#4514,#3483,#3484);
#2888=AXIS2_PLACEMENT_3D('',#4516,#3486,#3487);
#2889=AXIS2_PLACEMENT_3D('',#4517,#3488,#3489);
#2890=AXIS2_PLACEMENT_3D('',#4520,#3492,#3493);
#2891=AXIS2_PLACEMENT_3D('',#4522,#3495,#3496);
#2892=AXIS2_PLACEMENT_3D('',#4524,#3498,#3499);
#2893=AXIS2_PLACEMENT_3D('',#4525,#3500,#3501);
#2894=AXIS2_PLACEMENT_3D('',#4526,#3502,#3503);
#2895=AXIS2_PLACEMENT_3D('',#4530,#3506,#3507);
#2896=AXIS2_PLACEMENT_3D('',#4533,#3509,#3510);
#2897=AXIS2_PLACEMENT_3D('',#4534,#3511,#3512);
#2898=AXIS2_PLACEMENT_3D('',#4536,#3514,#3515);
#2899=AXIS2_PLACEMENT_3D('',#4537,#3516,#3517);
#2900=AXIS2_PLACEMENT_3D('',#4541,#3520,#3521);
#2901=AXIS2_PLACEMENT_3D('',#4544,#3523,#3524);
#2902=AXIS2_PLACEMENT_3D('',#4545,#3525,#3526);
#2903=AXIS2_PLACEMENT_3D('',#4547,#3528,#3529);
#2904=AXIS2_PLACEMENT_3D('',#4548,#3530,#3531);
#2905=AXIS2_PLACEMENT_3D('',#4553,#3534,#3535);
#2906=AXIS2_PLACEMENT_3D('',#4554,#3536,#3537);
#2907=AXIS2_PLACEMENT_3D('',#4556,#3539,#3540);
#2908=AXIS2_PLACEMENT_3D('',#4558,#3542,#3543);
#2909=AXIS2_PLACEMENT_3D('',#4559,#3544,#3545);
#2910=AXIS2_PLACEMENT_3D('',#4564,#3548,#3549);
#2911=AXIS2_PLACEMENT_3D('',#4565,#3550,#3551);
#2912=AXIS2_PLACEMENT_3D('',#4567,#3553,#3554);
#2913=AXIS2_PLACEMENT_3D('',#4569,#3556,#3557);
#2914=AXIS2_PLACEMENT_3D('',#4570,#3558,#3559);
#2915=AXIS2_PLACEMENT_3D('',#4574,#3562,#3563);
#2916=AXIS2_PLACEMENT_3D('',#4577,#3565,#3566);
#2917=AXIS2_PLACEMENT_3D('',#4578,#3567,#3568);
#2918=AXIS2_PLACEMENT_3D('',#4580,#3570,#3571);
#2919=AXIS2_PLACEMENT_3D('',#4581,#3572,#3573);
#2920=AXIS2_PLACEMENT_3D('',#4586,#3576,#3577);
#2921=AXIS2_PLACEMENT_3D('',#4587,#3578,#3579);
#2922=AXIS2_PLACEMENT_3D('',#4589,#3581,#3582);
#2923=AXIS2_PLACEMENT_3D('',#4591,#3584,#3585);
#2924=AXIS2_PLACEMENT_3D('',#4592,#3586,#3587);
#2925=AXIS2_PLACEMENT_3D('',#4596,#3590,#3591);
#2926=AXIS2_PLACEMENT_3D('',#4600,#3594,#3595);
#2927=AXIS2_PLACEMENT_3D('',#4601,#3596,#3597);
#2928=AXIS2_PLACEMENT_3D('',#4602,#3598,#3599);
#2929=AXIS2_PLACEMENT_3D('',#4603,#3600,#3601);
#2930=AXIS2_PLACEMENT_3D('',#4608,#3604,#3605);
#2931=AXIS2_PLACEMENT_3D('',#4609,#3606,#3607);
#2932=AXIS2_PLACEMENT_3D('',#4611,#3609,#3610);
#2933=AXIS2_PLACEMENT_3D('',#4613,#3612,#3613);
#2934=AXIS2_PLACEMENT_3D('',#4614,#3614,#3615);
#2935=AXIS2_PLACEMENT_3D('',#4619,#3618,#3619);
#2936=AXIS2_PLACEMENT_3D('',#4620,#3620,#3621);
#2937=AXIS2_PLACEMENT_3D('',#4622,#3623,#3624);
#2938=AXIS2_PLACEMENT_3D('',#4624,#3626,#3627);
#2939=AXIS2_PLACEMENT_3D('',#4625,#3628,#3629);
#2940=AXIS2_PLACEMENT_3D('',#4626,#3630,#3631);
#2941=AXIS2_PLACEMENT_3D('',#4631,#3634,#3635);
#2942=AXIS2_PLACEMENT_3D('',#4633,#3637,#3638);
#2943=AXIS2_PLACEMENT_3D('',#4635,#3640,#3641);
#2944=AXIS2_PLACEMENT_3D('',#4636,#3642,#3643);
#2945=AXIS2_PLACEMENT_3D('',#4640,#3646,#3647);
#2946=AXIS2_PLACEMENT_3D('',#4641,#3648,#3649);
#2947=AXIS2_PLACEMENT_3D('',#4644,#3651,#3652);
#2948=AXIS2_PLACEMENT_3D('',#4646,#3654,#3655);
#2949=AXIS2_PLACEMENT_3D('',#4647,#3656,#3657);
#2950=AXIS2_PLACEMENT_3D('',#4648,#3658,#3659);
#2951=AXIS2_PLACEMENT_3D('',#4653,#3662,#3663);
#2952=AXIS2_PLACEMENT_3D('',#4655,#3665,#3666);
#2953=AXIS2_PLACEMENT_3D('',#4657,#3668,#3669);
#2954=AXIS2_PLACEMENT_3D('',#4658,#3670,#3671);
#2955=AXIS2_PLACEMENT_3D('',#4659,#3672,#3673);
#2956=AXIS2_PLACEMENT_3D('',#4664,#3676,#3677);
#2957=AXIS2_PLACEMENT_3D('',#4666,#3679,#3680);
#2958=AXIS2_PLACEMENT_3D('',#4668,#3682,#3683);
#2959=AXIS2_PLACEMENT_3D('',#4669,#3684,#3685);
#2960=AXIS2_PLACEMENT_3D('',#4670,#3686,#3687);
#2961=AXIS2_PLACEMENT_3D('',#4675,#3690,#3691);
#2962=AXIS2_PLACEMENT_3D('',#4677,#3693,#3694);
#2963=AXIS2_PLACEMENT_3D('',#4679,#3696,#3697);
#2964=AXIS2_PLACEMENT_3D('',#4680,#3698,#3699);
#2965=AXIS2_PLACEMENT_3D('',#4681,#3700,#3701);
#2966=AXIS2_PLACEMENT_3D('',#4686,#3704,#3705);
#2967=AXIS2_PLACEMENT_3D('',#4688,#3707,#3708);
#2968=AXIS2_PLACEMENT_3D('',#4690,#3710,#3711);
#2969=AXIS2_PLACEMENT_3D('',#4691,#3712,#3713);
#2970=AXIS2_PLACEMENT_3D('',#4692,#3714,#3715);
#2971=AXIS2_PLACEMENT_3D('',#4697,#3718,#3719);
#2972=AXIS2_PLACEMENT_3D('',#4699,#3721,#3722);
#2973=AXIS2_PLACEMENT_3D('',#4701,#3724,#3725);
#2974=DIRECTION('',(0.,0.,1.));
#2975=DIRECTION('',(1.,0.,0.));
#2976=DIRECTION('',(0.,0.,-1.));
#2977=DIRECTION('',(-1.,0.,0.));
#2978=DIRECTION('',(0.,0.,1.));
#2979=DIRECTION('',(1.,0.,0.));
#2980=DIRECTION('',(0.,0.,-1.));
#2981=DIRECTION('',(0.,0.,1.));
#2982=DIRECTION('',(-1.,0.,0.));
#2983=DIRECTION('',(0.,0.,-1.));
#2984=DIRECTION('',(0.,0.,1.));
#2985=DIRECTION('',(1.,0.,0.));
#2986=DIRECTION('',(0.,0.,-1.));
#2987=DIRECTION('',(0.,0.,1.));
#2988=DIRECTION('',(-1.,0.,0.));
#2989=DIRECTION('',(0.,0.,-1.));
#2990=DIRECTION('',(0.,0.,1.));
#2991=DIRECTION('',(1.,0.,0.));
#2992=DIRECTION('',(0.,0.,-1.));
#2993=DIRECTION('',(0.,0.,1.));
#2994=DIRECTION('',(-1.,0.,0.));
#2995=DIRECTION('',(0.,0.,-1.));
#2996=DIRECTION('',(0.,0.,1.));
#2997=DIRECTION('',(1.,0.,0.));
#2998=DIRECTION('',(0.,0.,-1.));
#2999=DIRECTION('',(0.,0.,1.));
#3000=DIRECTION('',(-1.,0.,0.));
#3001=DIRECTION('',(0.,0.,-1.));
#3002=DIRECTION('',(0.,0.,1.));
#3003=DIRECTION('',(1.,0.,0.));
#3004=DIRECTION('',(0.,0.,-1.));
#3005=DIRECTION('',(0.,0.,1.));
#3006=DIRECTION('',(-1.,0.,0.));
#3007=DIRECTION('',(0.,0.,-1.));
#3008=DIRECTION('',(0.,0.,1.));
#3009=DIRECTION('',(1.,0.,0.));
#3010=DIRECTION('',(0.,0.,-1.));
#3011=DIRECTION('',(0.,0.,1.));
#3012=DIRECTION('',(-1.,0.,0.));
#3013=DIRECTION('',(0.,0.,-1.));
#3014=DIRECTION('',(0.,0.,1.));
#3015=DIRECTION('',(1.,0.,0.));
#3016=DIRECTION('',(0.,0.,-1.));
#3017=DIRECTION('',(0.,0.,1.));
#3018=DIRECTION('',(-1.,0.,0.));
#3019=DIRECTION('',(0.,0.,-1.));
#3020=DIRECTION('',(0.,0.,1.));
#3021=DIRECTION('',(1.,0.,0.));
#3022=DIRECTION('',(0.,0.,-1.));
#3023=DIRECTION('',(0.,0.,1.));
#3024=DIRECTION('',(-1.,0.,0.));
#3025=DIRECTION('',(0.,0.,-1.));
#3026=DIRECTION('',(0.,0.,-1.));
#3027=DIRECTION('',(0.,0.,1.));
#3028=DIRECTION('',(-1.,0.,0.));
#3029=DIRECTION('',(0.,0.,1.));
#3030=DIRECTION('',(0.,0.,1.));
#3031=DIRECTION('',(1.,0.,0.));
#3032=DIRECTION('',(0.,0.,-1.));
#3033=DIRECTION('',(0.,0.,1.));
#3034=DIRECTION('',(-1.,0.,0.));
#3035=DIRECTION('',(0.,0.,1.));
#3036=DIRECTION('',(0.,0.,1.));
#3037=DIRECTION('',(1.,0.,0.));
#3038=DIRECTION('',(0.,0.,-1.));
#3039=DIRECTION('',(0.,0.,1.));
#3040=DIRECTION('',(-1.,0.,0.));
#3041=DIRECTION('',(0.,0.,1.));
#3042=DIRECTION('',(0.,0.,1.));
#3043=DIRECTION('',(1.,0.,0.));
#3044=DIRECTION('',(0.,0.,-1.));
#3045=DIRECTION('',(0.,0.,1.));
#3046=DIRECTION('',(-1.,0.,0.));
#3047=DIRECTION('',(0.,0.,1.));
#3048=DIRECTION('',(0.,0.,1.));
#3049=DIRECTION('',(1.,0.,0.));
#3050=DIRECTION('',(0.,0.,-1.));
#3051=DIRECTION('',(0.,0.,1.));
#3052=DIRECTION('',(-1.,0.,0.));
#3053=DIRECTION('',(0.,0.,1.));
#3054=DIRECTION('',(0.,0.,1.));
#3055=DIRECTION('',(1.,0.,0.));
#3056=DIRECTION('',(0.,0.,-1.));
#3057=DIRECTION('',(0.,0.,1.));
#3058=DIRECTION('',(-1.,0.,0.));
#3059=DIRECTION('',(0.,0.,1.));
#3060=DIRECTION('',(0.,0.,1.));
#3061=DIRECTION('',(1.,0.,0.));
#3062=DIRECTION('',(0.,0.,-1.));
#3063=DIRECTION('',(0.,0.,1.));
#3064=DIRECTION('',(-1.,0.,0.));
#3065=DIRECTION('',(0.,0.,1.));
#3066=DIRECTION('',(0.,0.,1.));
#3067=DIRECTION('',(1.,0.,0.));
#3068=DIRECTION('',(0.,0.,-1.));
#3069=DIRECTION('',(0.,0.,1.));
#3070=DIRECTION('',(-1.,0.,0.));
#3071=DIRECTION('',(0.,0.,1.));
#3072=DIRECTION('',(0.,0.,1.));
#3073=DIRECTION('',(1.,0.,0.));
#3074=DIRECTION('',(-0.0159855952779758,-0.999872222208222,0.));
#3075=DIRECTION('',(0.999872222208222,-0.0159855952779758,0.));
#3076=DIRECTION('',(0.,0.,-1.));
#3077=DIRECTION('',(-0.999872222208222,0.0159855952779758,0.));
#3078=DIRECTION('',(0.,0.,-1.));
#3079=DIRECTION('',(-0.999872222208222,0.0159855952779758,0.));
#3080=DIRECTION('',(0.999872222208222,-0.0159855952779758,0.));
#3081=DIRECTION('',(0.0159855952779758,0.999872222208222,0.));
#3082=DIRECTION('',(0.,0.,-1.));
#3083=DIRECTION('',(-0.0159855952779758,-0.999872222208222,0.));
#3084=DIRECTION('',(-0.0159855952779758,-0.999872222208222,0.));
#3085=DIRECTION('',(-0.999872222208222,0.0159855952779758,0.));
#3086=DIRECTION('',(-0.0159855952779758,-0.999872222208222,0.));
#3087=DIRECTION('',(0.0159855952779758,0.999872222208222,0.));
#3088=DIRECTION('',(0.,0.,-1.));
#3089=DIRECTION('',(0.0159855952779758,0.999872222208222,0.));
#3090=DIRECTION('',(0.015985595277976,0.999872222208222,0.));
#3091=DIRECTION('',(-0.999872222208222,0.015985595277976,0.));
#3092=DIRECTION('',(0.999872222208222,-0.015985595277976,0.));
#3093=DIRECTION('',(0.999872222208222,-0.015985595277976,0.));
#3094=DIRECTION('',(0.,0.,1.));
#3095=DIRECTION('',(1.,0.,0.));
#3096=DIRECTION('',(-0.716928285883253,-0.697146923467715,0.));
#3097=DIRECTION('',(-0.697146923467715,0.716928285883253,0.));
#3098=DIRECTION('',(0.716928285883254,0.697146923467715,0.));
#3099=DIRECTION('',(0.697146923467716,-0.716928285883253,0.));
#3100=DIRECTION('',(-2.26137170270745E-10,-1.,0.));
#3101=DIRECTION('',(0.,0.,-1.));
#3102=DIRECTION('',(-1.,0.,0.));
#3103=DIRECTION('',(0.696240401642476,-0.717808681419167,0.));
#3104=DIRECTION('',(0.707106780946693,-0.707106781426402,0.));
#3105=DIRECTION('',(0.,0.,-1.));
#3106=DIRECTION('',(-1.,0.,0.));
#3107=DIRECTION('',(0.999883695561783,-0.0152510770016833,0.));
#3108=DIRECTION('',(1.,4.52275228719909E-10,0.));
#3109=DIRECTION('',(0.,0.,-1.));
#3110=DIRECTION('',(-1.,0.,0.));
#3111=DIRECTION('',(0.717808680946829,0.696240402129446,0.));
#3112=DIRECTION('',(0.707106780946692,0.707106781426403,0.));
#3113=DIRECTION('',(0.,0.,-1.));
#3114=DIRECTION('',(-1.,0.,0.));
#3115=DIRECTION('',(0.0152510763233489,0.99988369557213,0.));
#3116=DIRECTION('',(-2.2613783640456E-10,1.,0.));
#3117=DIRECTION('',(0.,0.,-1.));
#3118=DIRECTION('',(-1.,0.,0.));
#3119=DIRECTION('',(-0.696240401967123,0.717808681104275,0.));
#3120=DIRECTION('',(-0.7071067812665,0.707106781106596,0.));
#3121=DIRECTION('',(0.,0.,-1.));
#3122=DIRECTION('',(-1.,0.,0.));
#3123=DIRECTION('',(-0.999883695568681,0.0152510765494601,0.));
#3124=DIRECTION('',(-1.,-4.93360968024976E-16,0.));
#3125=DIRECTION('',(0.,0.,-1.));
#3126=DIRECTION('',(-1.,0.,0.));
#3127=DIRECTION('',(-0.717808681261721,-0.6962404018048,0.));
#3128=DIRECTION('',(-0.707106781266499,-0.707106781106596,0.));
#3129=DIRECTION('',(0.,0.,-1.));
#3130=DIRECTION('',(-1.,0.,0.));
#3131=DIRECTION('',(-0.0152510767755719,-0.999883695565232,0.));
#3132=DIRECTION('',(0.,0.,1.));
#3133=DIRECTION('',(1.,0.,0.));
#3134=DIRECTION('',(0.,0.,1.));
#3135=DIRECTION('',(1.,0.,0.));
#3136=DIRECTION('',(0.,0.,1.));
#3137=DIRECTION('',(1.,0.,0.));
#3138=DIRECTION('',(0.,-1.,0.));
#3139=DIRECTION('',(0.,0.,1.));
#3140=DIRECTION('',(1.,0.,0.));
#3141=DIRECTION('',(0.,-1.,0.));
#3142=DIRECTION('',(-0.872506015949719,0.488603368931846,0.));
#3143=DIRECTION('',(0.,0.,1.));
#3144=DIRECTION('',(1.,0.,0.));
#3145=DIRECTION('',(0.,0.,1.));
#3146=DIRECTION('',(1.,0.,0.));
#3147=DIRECTION('',(0.,0.,1.));
#3148=DIRECTION('',(1.,0.,0.));
#3149=DIRECTION('',(0.,0.,1.));
#3150=DIRECTION('',(1.,0.,0.));
#3151=DIRECTION('',(0.,0.,1.));
#3152=DIRECTION('',(1.,0.,0.));
#3153=DIRECTION('',(0.,-1.,0.));
#3154=DIRECTION('',(0.,0.,1.));
#3155=DIRECTION('',(1.,0.,0.));
#3156=DIRECTION('',(0.,0.,1.));
#3157=DIRECTION('',(1.,0.,0.));
#3158=DIRECTION('',(0.,0.,1.));
#3159=DIRECTION('',(1.,0.,0.));
#3160=DIRECTION('',(0.,0.,1.));
#3161=DIRECTION('',(1.,0.,0.));
#3162=DIRECTION('',(0.,0.,1.));
#3163=DIRECTION('',(1.,0.,0.));
#3164=DIRECTION('',(0.,0.,1.));
#3165=DIRECTION('',(1.,0.,0.));
#3166=DIRECTION('',(0.,0.,1.));
#3167=DIRECTION('',(1.,0.,0.));
#3168=DIRECTION('',(0.,0.,1.));
#3169=DIRECTION('',(1.,0.,0.));
#3170=DIRECTION('',(0.,0.,1.));
#3171=DIRECTION('',(1.,0.,0.));
#3172=DIRECTION('',(0.,0.,1.));
#3173=DIRECTION('',(1.,0.,0.));
#3174=DIRECTION('',(0.,1.,0.));
#3175=DIRECTION('',(0.,0.,1.));
#3176=DIRECTION('',(1.,0.,0.));
#3177=DIRECTION('',(0.,0.,1.));
#3178=DIRECTION('',(1.,0.,0.));
#3179=DIRECTION('',(0.,0.,1.));
#3180=DIRECTION('',(1.,0.,0.));
#3181=DIRECTION('',(0.,0.,1.));
#3182=DIRECTION('',(1.,0.,0.));
#3183=DIRECTION('',(0.,0.,1.));
#3184=DIRECTION('',(1.,0.,0.));
#3185=DIRECTION('',(0.,1.,0.));
#3186=DIRECTION('',(0.,0.,1.));
#3187=DIRECTION('',(1.,0.,0.));
#3188=DIRECTION('',(0.,0.,1.));
#3189=DIRECTION('',(1.,0.,0.));
#3190=DIRECTION('',(0.,1.,0.));
#3191=DIRECTION('',(0.,0.,1.));
#3192=DIRECTION('',(1.,0.,0.));
#3193=DIRECTION('',(0.,0.,1.));
#3194=DIRECTION('',(1.,0.,0.));
#3195=DIRECTION('',(0.,0.,1.));
#3196=DIRECTION('',(1.,0.,0.));
#3197=DIRECTION('',(0.,0.,1.));
#3198=DIRECTION('',(1.,0.,0.));
#3199=DIRECTION('',(0.,0.,1.));
#3200=DIRECTION('',(1.,0.,0.));
#3201=DIRECTION('',(0.,0.,1.));
#3202=DIRECTION('',(1.,0.,0.));
#3203=DIRECTION('',(0.694276110095731,-0.719708748696541,0.));
#3204=DIRECTION('',(-0.716928285883254,-0.697146923467715,0.));
#3205=DIRECTION('',(-0.999928124322437,0.0119894198781135,0.));
#3206=DIRECTION('',(0.697146923467715,-0.716928285883254,0.));
#3207=DIRECTION('',(0.716928285883254,0.697146923467715,0.));
#3208=DIRECTION('',(0.999872222208222,-0.0159855952779755,0.));
#3209=DIRECTION('',(0.694276110095731,-0.719708748696541,0.));
#3210=DIRECTION('',(-0.719708748696541,-0.694276110095731,0.));
#3211=DIRECTION('',(-0.0159855952779755,-0.999872222208222,0.));
#3212=DIRECTION('',(0.999872222208222,-0.0159855952779755,0.));
#3213=DIRECTION('',(0.,0.,-1.));
#3214=DIRECTION('',(0.,0.,-1.));
#3215=DIRECTION('',(-0.999872222208222,0.0159855952779755,0.));
#3216=DIRECTION('',(0.,0.,1.));
#3217=DIRECTION('',(-0.933698368444064,0.0149276316494615,0.357749245391559));
#3218=DIRECTION('',(0.697146923467715,-0.716928285883254,0.));
#3219=DIRECTION('',(0.716928285883254,0.697146923467715,0.));
#3220=DIRECTION('',(0.,0.,1.));
#3221=DIRECTION('',(-0.716928285883254,-0.697146923467715,0.));
#3222=DIRECTION('',(-0.697146923467715,0.716928285883254,0.));
#3223=DIRECTION('',(-0.716928285883254,-0.697146923467715,0.));
#3224=DIRECTION('',(0.630642546270169,0.613241965196625,-0.4756303932211));
#3225=DIRECTION('',(0.716928285883254,0.697146923467715,0.));
#3226=DIRECTION('',(0.,0.,-1.));
#3227=DIRECTION('',(-0.716928285883254,-0.697146923467715,0.));
#3228=DIRECTION('',(0.697146923467715,-0.716928285883254,0.));
#3229=DIRECTION('',(0.,0.,-1.));
#3230=DIRECTION('',(-0.697146923467715,0.716928285883254,0.));
#3231=DIRECTION('',(0.,0.,1.));
#3232=DIRECTION('',(1.,0.,0.));
#3233=DIRECTION('',(0.697146923467715,-0.716928285883253,0.));
#3234=DIRECTION('',(0.716928285883253,0.697146923467715,0.));
#3235=DIRECTION('',(-0.697146923467716,0.716928285883253,0.));
#3236=DIRECTION('',(-0.716928285883254,-0.697146923467715,0.));
#3237=DIRECTION('',(-0.999928124322437,0.0119894198781135,0.));
#3238=DIRECTION('',(0.926770921164431,0.375627022036529,0.));
#3239=DIRECTION('',(0.,0.,-1.));
#3240=DIRECTION('',(-1.,0.,0.));
#3241=DIRECTION('',(0.926770921164432,-0.375627022036528,0.));
#3242=DIRECTION('',(0.920934417132357,-0.389717589211836,0.));
#3243=DIRECTION('',(0.,0.,-1.));
#3244=DIRECTION('',(-1.,0.,0.));
#3245=DIRECTION('',(0.389717588587064,-0.920934417396746,0.));
#3246=DIRECTION('',(0.375627021407797,-0.926770921419261,0.));
#3247=DIRECTION('',(0.,0.,-1.));
#3248=DIRECTION('',(-1.,0.,0.));
#3249=DIRECTION('',(-0.375627021826952,-0.926770921249375,0.));
#3250=DIRECTION('',(-0.389717589003578,-0.920934417220487,0.));
#3251=DIRECTION('',(0.,0.,-1.));
#3252=DIRECTION('',(-1.,0.,0.));
#3253=DIRECTION('',(-0.920934417308617,-0.38971758879532,0.));
#3254=DIRECTION('',(-0.926770921334318,-0.375627021617374,0.));
#3255=DIRECTION('',(0.,0.,-1.));
#3256=DIRECTION('',(-1.,0.,0.));
#3257=DIRECTION('',(-0.926770921334318,0.375627021617373,0.));
#3258=DIRECTION('',(-0.920934417308617,0.38971758879532,0.));
#3259=DIRECTION('',(0.,0.,-1.));
#3260=DIRECTION('',(-1.,0.,0.));
#3261=DIRECTION('',(-0.389717589003579,0.920934417220487,0.));
#3262=DIRECTION('',(-0.375627021826952,0.926770921249375,0.));
#3263=DIRECTION('',(0.,0.,-1.));
#3264=DIRECTION('',(-1.,0.,0.));
#3265=DIRECTION('',(0.375627021407797,0.926770921419261,0.));
#3266=DIRECTION('',(0.389717588587063,0.920934417396747,0.));
#3267=DIRECTION('',(0.,0.,-1.));
#3268=DIRECTION('',(-1.,0.,0.));
#3269=DIRECTION('',(0.920934417132357,0.389717589211836,0.));
#3270=DIRECTION('',(0.,0.,1.));
#3271=DIRECTION('',(0.,0.,1.));
#3272=DIRECTION('',(0.,0.,1.));
#3273=DIRECTION('',(0.,0.,1.));
#3274=DIRECTION('',(-0.69415567295454,-0.719824910450472,0.));
#3275=DIRECTION('',(0.,0.,1.));
#3276=DIRECTION('',(0.,0.,1.));
#3277=DIRECTION('',(1.,0.,0.));
#3278=DIRECTION('',(0.,0.,1.));
#3279=DIRECTION('',(-0.640855386082154,0.76766162736553,0.));
#3280=DIRECTION('',(0.,0.,1.));
#3281=DIRECTION('',(0.,0.,1.));
#3282=DIRECTION('',(1.,0.,0.));
#3283=DIRECTION('',(0.,0.,1.));
#3284=DIRECTION('',(0.,0.,1.));
#3285=DIRECTION('',(0.,0.,1.));
#3286=DIRECTION('',(-1.,0.,0.));
#3287=DIRECTION('',(0.,0.,1.));
#3288=DIRECTION('',(0.,0.,1.));
#3289=DIRECTION('',(0.,-1.,0.));
#3290=DIRECTION('',(0.,0.,1.));
#3291=DIRECTION('',(0.,0.,1.));
#3292=DIRECTION('',(-0.925219346177734,-0.379432683698236,0.));
#3293=DIRECTION('',(0.,0.,1.));
#3294=DIRECTION('',(0.,0.,1.));
#3295=DIRECTION('',(1.,0.,0.));
#3296=DIRECTION('',(0.,0.,1.));
#3297=DIRECTION('',(-0.981892330770939,0.18943983417754,0.));
#3298=DIRECTION('',(0.,0.,1.));
#3299=DIRECTION('',(0.,0.,1.));
#3300=DIRECTION('',(1.,0.,0.));
#3301=DIRECTION('',(0.,0.,1.));
#3302=DIRECTION('',(-0.875955621058889,0.482391697622727,0.));
#3303=DIRECTION('',(0.,0.,1.));
#3304=DIRECTION('',(0.,0.,1.));
#3305=DIRECTION('',(1.,0.,0.));
#3306=DIRECTION('',(0.,0.,1.));
#3307=DIRECTION('',(-0.74629477051054,0.665615591395379,0.));
#3308=DIRECTION('',(0.,0.,1.));
#3309=DIRECTION('',(0.,0.,1.));
#3310=DIRECTION('',(1.,0.,0.));
#3311=DIRECTION('',(0.,0.,1.));
#3312=DIRECTION('',(-0.657445529004063,0.753502074577482,0.));
#3313=DIRECTION('',(0.,0.,1.));
#3314=DIRECTION('',(0.,0.,1.));
#3315=DIRECTION('',(1.,0.,0.));
#3316=DIRECTION('',(0.488603368931846,0.872506015949719,0.));
#3317=DIRECTION('',(-0.872506015949719,0.488603368931846,0.));
#3318=DIRECTION('',(0.,0.,1.));
#3319=DIRECTION('',(-0.872506015949719,0.488603368931846,0.));
#3320=DIRECTION('',(-1.,0.,0.));
#3321=DIRECTION('',(0.,0.,1.));
#3322=DIRECTION('',(0.,0.,1.));
#3323=DIRECTION('',(0.,-1.,0.));
#3324=DIRECTION('',(0.,0.,1.));
#3325=DIRECTION('',(-0.578111080137503,-0.815958074304219,0.));
#3326=DIRECTION('',(0.,0.,1.));
#3327=DIRECTION('',(0.,0.,1.));
#3328=DIRECTION('',(1.,0.,0.));
#3329=DIRECTION('',(0.,0.,1.));
#3330=DIRECTION('',(0.,0.,1.));
#3331=DIRECTION('',(0.,0.,1.));
#3332=DIRECTION('',(-1.,0.,0.));
#3333=DIRECTION('',(0.,0.,1.));
#3334=DIRECTION('',(0.,0.,1.));
#3335=DIRECTION('',(0.,-1.,0.));
#3336=DIRECTION('',(0.,0.,1.));
#3337=DIRECTION('',(-0.229832360689866,0.973230232771117,0.));
#3338=DIRECTION('',(0.,0.,1.));
#3339=DIRECTION('',(0.,0.,1.));
#3340=DIRECTION('',(1.,0.,0.));
#3341=DIRECTION('',(0.,0.,1.));
#3342=DIRECTION('',(-0.534302942821382,0.845293064736965,0.));
#3343=DIRECTION('',(0.,0.,1.));
#3344=DIRECTION('',(0.,0.,1.));
#3345=DIRECTION('',(1.,0.,0.));
#3346=DIRECTION('',(0.,0.,1.));
#3347=DIRECTION('',(-0.82189767037112,0.569635163449841,0.));
#3348=DIRECTION('',(0.,0.,1.));
#3349=DIRECTION('',(1.,0.,0.));
#3350=DIRECTION('',(0.,0.,1.));
#3351=DIRECTION('',(1.,0.,0.));
#3352=DIRECTION('',(0.,0.,1.));
#3353=DIRECTION('',(0.578570435393178,0.815632424128019,0.));
#3354=DIRECTION('',(0.,0.,1.));
#3355=DIRECTION('',(0.,0.,1.));
#3356=DIRECTION('',(1.,0.,0.));
#3357=DIRECTION('',(0.,0.,1.));
#3358=DIRECTION('',(0.,0.,1.));
#3359=DIRECTION('',(0.673637349602418,-0.739062055053992,0.));
#3360=DIRECTION('',(0.,0.,1.));
#3361=DIRECTION('',(0.,0.,1.));
#3362=DIRECTION('',(1.,0.,0.));
#3363=DIRECTION('',(0.,0.,1.));
#3364=DIRECTION('',(0.757215710799195,-0.653164885246345,0.));
#3365=DIRECTION('',(0.,0.,1.));
#3366=DIRECTION('',(0.,0.,1.));
#3367=DIRECTION('',(1.,0.,0.));
#3368=DIRECTION('',(0.,0.,1.));
#3369=DIRECTION('',(0.871710569282735,-0.490021105056476,0.));
#3370=DIRECTION('',(0.,0.,1.));
#3371=DIRECTION('',(0.,0.,1.));
#3372=DIRECTION('',(1.,0.,0.));
#3373=DIRECTION('',(0.,0.,1.));
#3374=DIRECTION('',(0.980100035114193,-0.198504209449464,0.));
#3375=DIRECTION('',(0.,0.,1.));
#3376=DIRECTION('',(0.,0.,1.));
#3377=DIRECTION('',(1.,0.,0.));
#3378=DIRECTION('',(0.,0.,1.));
#3379=DIRECTION('',(0.989522343924617,0.144379814634634,0.));
#3380=DIRECTION('',(0.,0.,1.));
#3381=DIRECTION('',(0.,0.,1.));
#3382=DIRECTION('',(1.,0.,0.));
#3383=DIRECTION('',(0.,0.,1.));
#3384=DIRECTION('',(0.880730709044621,0.473617375257453,0.));
#3385=DIRECTION('',(0.,0.,1.));
#3386=DIRECTION('',(0.,0.,1.));
#3387=DIRECTION('',(1.,0.,0.));
#3388=DIRECTION('',(0.,0.,1.));
#3389=DIRECTION('',(0.601279831734202,0.799038524696832,0.));
#3390=DIRECTION('',(0.,0.,1.));
#3391=DIRECTION('',(0.,0.,1.));
#3392=DIRECTION('',(1.,0.,0.));
#3393=DIRECTION('',(0.,0.,1.));
#3394=DIRECTION('',(1.,0.,0.));
#3395=DIRECTION('',(0.,0.,-1.));
#3396=DIRECTION('',(0.,0.,1.));
#3397=DIRECTION('',(0.,1.,0.));
#3398=DIRECTION('',(0.,0.,1.));
#3399=DIRECTION('',(0.,0.,1.));
#3400=DIRECTION('',(0.,0.,1.));
#3401=DIRECTION('',(0.,0.,1.));
#3402=DIRECTION('',(0.73252170232747,-0.680743678354243,0.));
#3403=DIRECTION('',(0.,0.,1.));
#3404=DIRECTION('',(0.,0.,1.));
#3405=DIRECTION('',(1.,0.,0.));
#3406=DIRECTION('',(0.,0.,1.));
#3407=DIRECTION('',(-0.512783940183142,-0.858517693871391,0.));
#3408=DIRECTION('',(0.,0.,1.));
#3409=DIRECTION('',(0.,0.,1.));
#3410=DIRECTION('',(1.,0.,0.));
#3411=DIRECTION('',(1.,0.,0.));
#3412=DIRECTION('',(0.,0.,-1.));
#3413=DIRECTION('',(0.,0.,1.));
#3414=DIRECTION('',(0.,1.,0.));
#3415=DIRECTION('',(0.,0.,1.));
#3416=DIRECTION('',(0.618604433921288,0.785702586436447,0.));
#3417=DIRECTION('',(0.,0.,1.));
#3418=DIRECTION('',(0.,0.,1.));
#3419=DIRECTION('',(1.,0.,0.));
#3420=DIRECTION('',(0.,0.,1.));
#3421=DIRECTION('',(0.,0.,1.));
#3422=DIRECTION('',(0.972462462699427,-0.233059560285703,0.));
#3423=DIRECTION('',(0.,0.,1.));
#3424=DIRECTION('',(0.,0.,1.));
#3425=DIRECTION('',(1.,0.,0.));
#3426=DIRECTION('',(0.,0.,1.));
#3427=DIRECTION('',(0.802461380062894,-0.596704058564676,0.));
#3428=DIRECTION('',(0.,0.,1.));
#3429=DIRECTION('',(0.,0.,1.));
#3430=DIRECTION('',(1.,0.,0.));
#3431=DIRECTION('',(0.,0.,1.));
#3432=DIRECTION('',(0.570363611858393,-0.821392324208017,0.));
#3433=DIRECTION('',(0.,0.,1.));
#3434=DIRECTION('',(0.,0.,1.));
#3435=DIRECTION('',(1.,0.,0.));
#3436=DIRECTION('',(0.,0.,1.));
#3437=DIRECTION('',(0.25880661484588,-0.965929156880574,0.));
#3438=DIRECTION('',(0.,0.,1.));
#3439=DIRECTION('',(0.,0.,1.));
#3440=DIRECTION('',(1.,0.,0.));
#3441=DIRECTION('',(1.,0.,0.));
#3442=DIRECTION('',(0.,0.,-1.));
#3443=DIRECTION('',(0.,0.,1.));
#3444=DIRECTION('',(0.,1.,0.));
#3445=DIRECTION('',(0.,0.,1.));
#3446=DIRECTION('',(0.210263541013462,-0.977644742900242,0.));
#3447=DIRECTION('',(0.,0.,1.));
#3448=DIRECTION('',(0.,0.,1.));
#3449=DIRECTION('',(1.,0.,0.));
#3450=DIRECTION('',(0.,0.,1.));
#3451=DIRECTION('',(0.525389184819624,-0.85086203609902,0.));
#3452=DIRECTION('',(0.,0.,1.));
#3453=DIRECTION('',(0.,0.,1.));
#3454=DIRECTION('',(1.,0.,0.));
#3455=DIRECTION('',(0.,0.,1.));
#3456=DIRECTION('',(0.806877489173814,-0.590718814212449,0.));
#3457=DIRECTION('',(0.,0.,1.));
#3458=DIRECTION('',(0.,0.,1.));
#3459=DIRECTION('',(1.,0.,0.));
#3460=DIRECTION('',(0.,0.,1.));
#3461=DIRECTION('',(0.,0.,1.));
#3462=DIRECTION('',(0.98369654211395,0.179836350699899,0.));
#3463=DIRECTION('',(0.,0.,1.));
#3464=DIRECTION('',(0.,0.,1.));
#3465=DIRECTION('',(1.,0.,0.));
#3466=DIRECTION('',(0.,0.,1.));
#3467=DIRECTION('',(0.868178761619551,0.496251587274783,0.));
#3468=DIRECTION('',(0.,0.,1.));
#3469=DIRECTION('',(0.,0.,1.));
#3470=DIRECTION('',(1.,0.,0.));
#3471=DIRECTION('',(0.,0.,1.));
#3472=DIRECTION('',(0.707765463445302,0.706447484781465,0.));
#3473=DIRECTION('',(0.,0.,1.));
#3474=DIRECTION('',(1.,0.,0.));
#3475=DIRECTION('',(0.,0.,1.));
#3476=DIRECTION('',(1.,0.,0.));
#3477=DIRECTION('',(-0.0119894198781135,-0.999928124322437,0.));
#3478=DIRECTION('',(0.999928124322437,-0.0119894198781135,0.));
#3479=DIRECTION('',(-0.719708748696541,-0.694276110095731,0.));
#3480=DIRECTION('',(0.694276110095731,-0.719708748696541,0.));
#3481=DIRECTION('',(0.694276110095731,-0.719708748696541,0.));
#3482=DIRECTION('',(0.,0.,-1.));
#3483=DIRECTION('',(0.342317470524514,0.330220859874218,0.879643639821053));
#3484=DIRECTION('',(0.931920963266733,0.,-0.362661437464759));
#3485=DIRECTION('',(-0.633087223314481,-0.610715564525411,0.475633332434102));
#3486=DIRECTION('',(-0.694276110095731,0.719708748696541,0.));
#3487=DIRECTION('',(-0.719708748696541,-0.694276110095731,0.));
#3488=DIRECTION('',(0.716928285883253,0.697146923467715,0.));
#3489=DIRECTION('',(-0.697146923467715,0.716928285883253,0.));
#3490=DIRECTION('',(0.,0.,1.));
#3491=DIRECTION('',(0.,0.,1.));
#3492=DIRECTION('',(0.697146923467715,-0.716928285883254,0.));
#3493=DIRECTION('',(0.716928285883254,0.697146923467715,0.));
#3494=DIRECTION('',(0.,0.,1.));
#3495=DIRECTION('',(-0.716928285883253,-0.697146923467716,0.));
#3496=DIRECTION('',(0.697146923467716,-0.716928285883253,0.));
#3497=DIRECTION('',(0.,0.,1.));
#3498=DIRECTION('',(-0.697146923467715,0.716928285883253,0.));
#3499=DIRECTION('',(-0.716928285883253,-0.697146923467715,0.));
#3500=DIRECTION('',(0.,0.,1.));
#3501=DIRECTION('',(1.,0.,0.));
#3502=DIRECTION('',(-0.375627022036529,0.926770921164431,0.));
#3503=DIRECTION('',(0.,0.,1.));
#3504=DIRECTION('',(0.926770921164431,0.375627022036529,0.));
#3505=DIRECTION('',(0.,0.,-1.));
#3506=DIRECTION('',(0.,0.,-1.));
#3507=DIRECTION('',(-1.,0.,0.));
#3508=DIRECTION('',(0.926770921164432,-0.375627022036528,0.));
#3509=DIRECTION('',(0.,0.,-1.));
#3510=DIRECTION('',(-1.,0.,0.));
#3511=DIRECTION('',(0.,0.,-1.));
#3512=DIRECTION('',(-1.,0.,0.));
#3513=DIRECTION('',(0.,0.,-1.));
#3514=DIRECTION('',(-0.375627022036528,-0.926770921164432,0.));
#3515=DIRECTION('',(0.,0.,-1.));
#3516=DIRECTION('',(-0.707106781106596,0.707106781266499,0.));
#3517=DIRECTION('',(0.,0.,-1.));
#3518=DIRECTION('',(-0.707106781266499,-0.707106781106596,0.));
#3519=DIRECTION('',(0.,0.,-1.));
#3520=DIRECTION('',(0.,0.,-1.));
#3521=DIRECTION('',(-1.,0.,0.));
#3522=DIRECTION('',(-0.0152510767755719,-0.999883695565232,0.));
#3523=DIRECTION('',(0.,0.,-1.));
#3524=DIRECTION('',(-1.,0.,0.));
#3525=DIRECTION('',(-0.999883695565232,0.0152510767755715,0.));
#3526=DIRECTION('',(0.,0.,-1.));
#3527=DIRECTION('',(0.,0.,-1.));
#3528=DIRECTION('',(0.,0.,-1.));
#3529=DIRECTION('',(-1.,0.,0.));
#3530=DIRECTION('',(0.,0.,-1.));
#3531=DIRECTION('',(-1.,0.,0.));
#3532=DIRECTION('',(-1.,-4.93360968024976E-16,0.));
#3533=DIRECTION('',(-0.717808681261721,-0.6962404018048,0.));
#3534=DIRECTION('',(0.,0.,-1.));
#3535=DIRECTION('',(-1.,0.,0.));
#3536=DIRECTION('',(-0.6962404018048,0.717808681261721,0.));
#3537=DIRECTION('',(0.,0.,-1.));
#3538=DIRECTION('',(0.,0.,-1.));
#3539=DIRECTION('',(-4.93360968024976E-16,1.,0.));
#3540=DIRECTION('',(0.,0.,-1.));
#3541=DIRECTION('',(0.,0.,-1.));
#3542=DIRECTION('',(0.,0.,-1.));
#3543=DIRECTION('',(-1.,0.,0.));
#3544=DIRECTION('',(0.,0.,-1.));
#3545=DIRECTION('',(-1.,0.,0.));
#3546=DIRECTION('',(-0.7071067812665,0.707106781106596,0.));
#3547=DIRECTION('',(-0.999883695568681,0.0152510765494601,0.));
#3548=DIRECTION('',(0.,0.,-1.));
#3549=DIRECTION('',(-1.,0.,0.));
#3550=DIRECTION('',(0.0152510765494601,0.999883695568681,0.));
#3551=DIRECTION('',(0.,0.,-1.));
#3552=DIRECTION('',(0.,0.,-1.));
#3553=DIRECTION('',(0.707106781106596,0.7071067812665,0.));
#3554=DIRECTION('',(0.,0.,-1.));
#3555=DIRECTION('',(0.,0.,-1.));
#3556=DIRECTION('',(0.,0.,-1.));
#3557=DIRECTION('',(-1.,0.,0.));
#3558=DIRECTION('',(1.,2.2613783640456E-10,0.));
#3559=DIRECTION('',(0.,0.,-1.));
#3560=DIRECTION('',(-2.2613783640456E-10,1.,0.));
#3561=DIRECTION('',(0.,0.,-1.));
#3562=DIRECTION('',(0.,0.,-1.));
#3563=DIRECTION('',(-1.,0.,0.));
#3564=DIRECTION('',(-0.696240401967123,0.717808681104275,0.));
#3565=DIRECTION('',(0.,0.,-1.));
#3566=DIRECTION('',(-1.,0.,0.));
#3567=DIRECTION('',(0.717808681104275,0.696240401967123,0.));
#3568=DIRECTION('',(0.,0.,-1.));
#3569=DIRECTION('',(0.,0.,-1.));
#3570=DIRECTION('',(0.,0.,-1.));
#3571=DIRECTION('',(-1.,0.,0.));
#3572=DIRECTION('',(0.,0.,-1.));
#3573=DIRECTION('',(-1.,0.,0.));
#3574=DIRECTION('',(1.,4.52275672809119E-10,0.));
#3575=DIRECTION('',(0.717808680946829,0.696240402129446,0.));
#3576=DIRECTION('',(0.,0.,-1.));
#3577=DIRECTION('',(-1.,0.,0.));
#3578=DIRECTION('',(0.696240402129446,-0.717808680946829,0.));
#3579=DIRECTION('',(0.,0.,-1.));
#3580=DIRECTION('',(0.,0.,-1.));
#3581=DIRECTION('',(4.52275228719909E-10,-1.,0.));
#3582=DIRECTION('',(0.,0.,-1.));
#3583=DIRECTION('',(0.,0.,-1.));
#3584=DIRECTION('',(0.,0.,-1.));
#3585=DIRECTION('',(-1.,0.,0.));
#3586=DIRECTION('',(0.99988369557213,-0.0152510763233489,0.));
#3587=DIRECTION('',(0.,0.,-1.));
#3588=DIRECTION('',(0.0152510763233489,0.99988369557213,0.));
#3589=DIRECTION('',(0.,0.,-1.));
#3590=DIRECTION('',(0.707106781426403,-0.707106780946692,0.));
#3591=DIRECTION('',(0.,0.,-1.));
#3592=DIRECTION('',(0.707106780946692,0.707106781426403,0.));
#3593=DIRECTION('',(0.,0.,-1.));
#3594=DIRECTION('',(0.,0.,-1.));
#3595=DIRECTION('',(-1.,0.,0.));
#3596=DIRECTION('',(0.,0.,-1.));
#3597=DIRECTION('',(-1.,0.,0.));
#3598=DIRECTION('',(0.,0.,-1.));
#3599=DIRECTION('',(-1.,0.,0.));
#3600=DIRECTION('',(0.,0.,-1.));
#3601=DIRECTION('',(-1.,0.,0.));
#3602=DIRECTION('',(-2.26137170270745E-10,-1.,0.));
#3603=DIRECTION('',(0.696240401642476,-0.717808681419167,0.));
#3604=DIRECTION('',(0.,0.,-1.));
#3605=DIRECTION('',(-1.,0.,0.));
#3606=DIRECTION('',(-0.717808681419167,-0.696240401642477,0.));
#3607=DIRECTION('',(0.,0.,-1.));
#3608=DIRECTION('',(0.,0.,-1.));
#3609=DIRECTION('',(-1.,2.2613714738599E-10,0.));
#3610=DIRECTION('',(0.,0.,-1.));
#3611=DIRECTION('',(0.,0.,-1.));
#3612=DIRECTION('',(0.,0.,-1.));
#3613=DIRECTION('',(-1.,0.,0.));
#3614=DIRECTION('',(0.,0.,-1.));
#3615=DIRECTION('',(-1.,0.,0.));
#3616=DIRECTION('',(0.707106780946693,-0.707106781426402,0.));
#3617=DIRECTION('',(0.999883695561783,-0.0152510770016833,0.));
#3618=DIRECTION('',(0.,0.,-1.));
#3619=DIRECTION('',(-1.,0.,0.));
#3620=DIRECTION('',(-0.015251077001683,-0.999883695561783,0.));
#3621=DIRECTION('',(0.,0.,-1.));
#3622=DIRECTION('',(0.,0.,-1.));
#3623=DIRECTION('',(-0.707106781426402,-0.707106780946693,0.));
#3624=DIRECTION('',(0.,0.,-1.));
#3625=DIRECTION('',(0.,0.,-1.));
#3626=DIRECTION('',(0.,0.,-1.));
#3627=DIRECTION('',(-1.,0.,0.));
#3628=DIRECTION('',(0.,0.,1.));
#3629=DIRECTION('',(1.,0.,0.));
#3630=DIRECTION('',(0.,0.,-1.));
#3631=DIRECTION('',(-1.,0.,0.));
#3632=DIRECTION('',(0.920934417132357,-0.389717589211835,0.));
#3633=DIRECTION('',(0.389717588587064,-0.920934417396746,0.));
#3634=DIRECTION('',(-0.920934417396746,-0.389717588587064,0.));
#3635=DIRECTION('',(0.,0.,-1.));
#3636=DIRECTION('',(0.,0.,-1.));
#3637=DIRECTION('',(0.389717589211836,0.920934417132357,0.));
#3638=DIRECTION('',(0.,0.,1.));
#3639=DIRECTION('',(0.,0.,-1.));
#3640=DIRECTION('',(0.,0.,-1.));
#3641=DIRECTION('',(-1.,0.,0.));
#3642=DIRECTION('',(0.920934417220487,-0.389717589003578,0.));
#3643=DIRECTION('',(0.,0.,1.));
#3644=DIRECTION('',(-0.389717589003578,-0.920934417220487,0.));
#3645=DIRECTION('',(0.,0.,-1.));
#3646=DIRECTION('',(0.,0.,1.));
#3647=DIRECTION('',(1.,0.,0.));
#3648=DIRECTION('',(0.,0.,-1.));
#3649=DIRECTION('',(-1.,0.,0.));
#3650=DIRECTION('',(-0.920934417308617,-0.389717588795321,0.));
#3651=DIRECTION('',(-0.389717588795321,0.920934417308617,0.));
#3652=DIRECTION('',(0.,0.,-1.));
#3653=DIRECTION('',(0.,0.,-1.));
#3654=DIRECTION('',(0.,0.,-1.));
#3655=DIRECTION('',(-1.,0.,0.));
#3656=DIRECTION('',(0.,0.,1.));
#3657=DIRECTION('',(1.,0.,0.));
#3658=DIRECTION('',(0.,0.,-1.));
#3659=DIRECTION('',(-1.,0.,0.));
#3660=DIRECTION('',(-0.920934417308617,0.38971758879532,0.));
#3661=DIRECTION('',(-0.389717589003579,0.920934417220487,0.));
#3662=DIRECTION('',(0.920934417220487,0.389717589003579,0.));
#3663=DIRECTION('',(0.,0.,-1.));
#3664=DIRECTION('',(0.,0.,-1.));
#3665=DIRECTION('',(-0.38971758879532,-0.920934417308617,0.));
#3666=DIRECTION('',(0.,0.,1.));
#3667=DIRECTION('',(0.,0.,-1.));
#3668=DIRECTION('',(0.,0.,-1.));
#3669=DIRECTION('',(-1.,0.,0.));
#3670=DIRECTION('',(0.,0.,1.));
#3671=DIRECTION('',(1.,0.,0.));
#3672=DIRECTION('',(0.,0.,-1.));
#3673=DIRECTION('',(-1.,0.,0.));
#3674=DIRECTION('',(0.389717588587063,0.920934417396747,0.));
#3675=DIRECTION('',(0.920934417132357,0.389717589211836,0.));
#3676=DIRECTION('',(0.389717589211836,-0.920934417132357,0.));
#3677=DIRECTION('',(0.,0.,-1.));
#3678=DIRECTION('',(0.,0.,-1.));
#3679=DIRECTION('',(-0.920934417396747,0.389717588587063,0.));
#3680=DIRECTION('',(0.,0.,1.));
#3681=DIRECTION('',(0.,0.,-1.));
#3682=DIRECTION('',(0.,0.,-1.));
#3683=DIRECTION('',(-1.,0.,0.));
#3684=DIRECTION('',(0.,0.,1.));
#3685=DIRECTION('',(1.,0.,0.));
#3686=DIRECTION('',(0.,0.,-1.));
#3687=DIRECTION('',(-1.,0.,0.));
#3688=DIRECTION('',(-0.375627021826952,0.926770921249375,0.));
#3689=DIRECTION('',(0.375627021407797,0.926770921419261,0.));
#3690=DIRECTION('',(0.926770921419261,-0.375627021407797,0.));
#3691=DIRECTION('',(0.,0.,-1.));
#3692=DIRECTION('',(0.,0.,-1.));
#3693=DIRECTION('',(-0.926770921249375,-0.375627021826952,0.));
#3694=DIRECTION('',(0.,0.,1.));
#3695=DIRECTION('',(0.,0.,-1.));
#3696=DIRECTION('',(0.,0.,-1.));
#3697=DIRECTION('',(-1.,0.,0.));
#3698=DIRECTION('',(0.,0.,1.));
#3699=DIRECTION('',(1.,0.,0.));
#3700=DIRECTION('',(0.,0.,-1.));
#3701=DIRECTION('',(-1.,0.,0.));
#3702=DIRECTION('',(-0.926770921334318,-0.375627021617374,0.));
#3703=DIRECTION('',(-0.926770921334318,0.375627021617373,0.));
#3704=DIRECTION('',(0.375627021617373,0.926770921334318,0.));
#3705=DIRECTION('',(0.,0.,-1.));
#3706=DIRECTION('',(0.,0.,-1.));
#3707=DIRECTION('',(0.375627021617375,-0.926770921334318,0.));
#3708=DIRECTION('',(0.,0.,1.));
#3709=DIRECTION('',(0.,0.,-1.));
#3710=DIRECTION('',(0.,0.,-1.));
#3711=DIRECTION('',(-1.,0.,0.));
#3712=DIRECTION('',(0.,0.,1.));
#3713=DIRECTION('',(1.,0.,0.));
#3714=DIRECTION('',(0.,0.,-1.));
#3715=DIRECTION('',(-1.,0.,0.));
#3716=DIRECTION('',(0.375627021407797,-0.926770921419261,0.));
#3717=DIRECTION('',(-0.375627021826952,-0.926770921249375,0.));
#3718=DIRECTION('',(-0.926770921249375,0.375627021826951,0.));
#3719=DIRECTION('',(0.,0.,-1.));
#3720=DIRECTION('',(0.,0.,-1.));
#3721=DIRECTION('',(0.926770921419261,0.375627021407797,0.));
#3722=DIRECTION('',(0.,0.,1.));
#3723=DIRECTION('',(0.,0.,-1.));
#3724=DIRECTION('',(0.,0.,-1.));
#3725=DIRECTION('',(-1.,0.,0.));
#3726=CARTESIAN_POINT('',(0.,0.,0.));
#3727=CARTESIAN_POINT('',(0.,4.59242549680257E-18,0.27));
#3728=CARTESIAN_POINT('',(0.,4.59242549680257E-18,0.27));
#3729=CARTESIAN_POINT('',(0.0655589740425053,-0.000999961261206323,0.27));
#3730=CARTESIAN_POINT('',(0.0655665997290526,2.96541534812695E-11,0.27));
#3731=CARTESIAN_POINT('',(0.0655589740425053,-0.000999961261206307,0.255));
#3732=CARTESIAN_POINT('',(0.0655589740425053,-0.000999961261206323,0.2555));
#3733=CARTESIAN_POINT('',(0.,4.59242549680257E-18,0.2555));
#3734=CARTESIAN_POINT('',(0.0463625872720307,-0.0463625873034836,0.2555));
#3735=CARTESIAN_POINT('',(0.0463625872720307,-0.0463625873034836,0.255));
#3736=CARTESIAN_POINT('',(0.0463625872720307,-0.0463625873034836,0.27));
#3737=CARTESIAN_POINT('',(0.,4.59242549680257E-18,0.27));
#3738=CARTESIAN_POINT('',(0.0456501157296871,-0.0470642744966496,0.27));
#3739=CARTESIAN_POINT('',(0.0456501157296871,-0.0470642744966496,0.255));
#3740=CARTESIAN_POINT('',(0.0456501157296871,-0.0470642744966496,0.2555));
#3741=CARTESIAN_POINT('',(0.,4.59242549680257E-18,0.2555));
#3742=CARTESIAN_POINT('',(-1.50531817241508E-11,-0.0655665997290526,0.2555));
#3743=CARTESIAN_POINT('',(-1.4827043826527E-11,-0.0655665997290526,0.255));
#3744=CARTESIAN_POINT('',(-1.48270453270025E-11,-0.0655665997290526,0.27));
#3745=CARTESIAN_POINT('',(0.,4.59242549680257E-18,0.27));
#3746=CARTESIAN_POINT('',(-0.000999961246380977,-0.0655589740427315,0.27));
#3747=CARTESIAN_POINT('',(-0.000999961246380947,-0.0655589740427315,0.255));
#3748=CARTESIAN_POINT('',(-0.000999961246380977,-0.0655589740427315,0.2555));
#3749=CARTESIAN_POINT('',(0.,4.59242549680257E-18,0.2555));
#3750=CARTESIAN_POINT('',(-0.0463625872929993,-0.046362587282515,0.2555));
#3751=CARTESIAN_POINT('',(-0.0463625872929993,-0.046362587282515,0.255));
#3752=CARTESIAN_POINT('',(-0.0463625872929993,-0.046362587282515,0.27));
#3753=CARTESIAN_POINT('',(0.,4.59242549680257E-18,0.27));
#3754=CARTESIAN_POINT('',(-0.0470642744863264,-0.0456501157403301,0.27));
#3755=CARTESIAN_POINT('',(-0.0470642744863263,-0.0456501157403301,0.255));
#3756=CARTESIAN_POINT('',(-0.0470642744863264,-0.0456501157403301,0.2555));
#3757=CARTESIAN_POINT('',(0.,4.59242549680257E-18,0.2555));
#3758=CARTESIAN_POINT('',(-0.0655665997290526,4.59242549680257E-18,0.2555));
#3759=CARTESIAN_POINT('',(-0.0655665997290526,-2.77555756156289E-17,0.255));
#3760=CARTESIAN_POINT('',(-0.0655665997290526,-2.77555756156289E-17,0.27));
#3761=CARTESIAN_POINT('',(0.,4.59242549680257E-18,0.27));
#3762=CARTESIAN_POINT('',(-0.0655589740429576,0.000999961231555598,0.27));
#3763=CARTESIAN_POINT('',(-0.0655589740429576,0.000999961231555598,0.255));
#3764=CARTESIAN_POINT('',(-0.0655589740429576,0.000999961231555598,0.2555));
#3765=CARTESIAN_POINT('',(0.,4.59242549680257E-18,0.2555));
#3766=CARTESIAN_POINT('',(-0.0463625872929993,0.046362587282515,0.2555));
#3767=CARTESIAN_POINT('',(-0.0463625872929993,0.046362587282515,0.255));
#3768=CARTESIAN_POINT('',(-0.0463625872929993,0.046362587282515,0.27));
#3769=CARTESIAN_POINT('',(0.,4.59242549680257E-18,0.27));
#3770=CARTESIAN_POINT('',(-0.0456501157509731,0.0470642744760032,0.27));
#3771=CARTESIAN_POINT('',(-0.0456501157509731,0.0470642744760032,0.255));
#3772=CARTESIAN_POINT('',(-0.0456501157509731,0.0470642744760032,0.2555));
#3773=CARTESIAN_POINT('',(0.,4.59242549680257E-18,0.2555));
#3774=CARTESIAN_POINT('',(-1.50532268395363E-11,0.0655665997290526,0.2555));
#3775=CARTESIAN_POINT('',(-1.48270890031317E-11,0.0655665997290526,0.255));
#3776=CARTESIAN_POINT('',(-1.48270890031317E-11,0.0655665997290526,0.27));
#3777=CARTESIAN_POINT('',(0.,4.59242549680257E-18,0.27));
#3778=CARTESIAN_POINT('',(0.000999961216730248,0.0655589740431837,0.27));
#3779=CARTESIAN_POINT('',(0.000999961216730248,0.0655589740431837,0.255));
#3780=CARTESIAN_POINT('',(0.000999961216730248,0.0655589740431837,0.2555));
#3781=CARTESIAN_POINT('',(0.,4.59242549680257E-18,0.2555));
#3782=CARTESIAN_POINT('',(0.0463625872720307,0.0463625873034836,0.2555));
#3783=CARTESIAN_POINT('',(0.0463625872720307,0.0463625873034836,0.255));
#3784=CARTESIAN_POINT('',(0.0463625872720307,0.0463625873034836,0.27));
#3785=CARTESIAN_POINT('',(0.,4.59242549680257E-18,0.27));
#3786=CARTESIAN_POINT('',(0.04706427446568,0.045650115761616,0.27));
#3787=CARTESIAN_POINT('',(0.04706427446568,0.045650115761616,0.255));
#3788=CARTESIAN_POINT('',(0.04706427446568,0.045650115761616,0.2555));
#3789=CARTESIAN_POINT('',(0.,4.59242549680257E-18,0.2555));
#3790=CARTESIAN_POINT('',(0.0655665997290526,3.01064432686991E-11,0.2555));
#3791=CARTESIAN_POINT('',(0.0655665997290526,2.96541534812695E-11,0.255));
#3792=CARTESIAN_POINT('',(-0.0246285865875438,-0.0607652180340831,0.255));
#3793=CARTESIAN_POINT('',(-0.0246285865875439,-0.0607652180340831,0.2545));
#3794=CARTESIAN_POINT('',(-0.0246285865875438,-0.0607652180340831,0.24));
#3795=CARTESIAN_POINT('',(0.,4.59242549680257E-18,0.2545));
#3796=CARTESIAN_POINT('',(0.0246285865600613,-0.060765218045222,0.2545));
#3797=CARTESIAN_POINT('',(0.0246285865600613,-0.060765218045222,0.255));
#3798=CARTESIAN_POINT('',(0.0246285865600613,-0.060765218045222,0.24));
#3799=CARTESIAN_POINT('',(0.,4.59242549680257E-18,0.24));
#3800=CARTESIAN_POINT('',(0.0255524571382596,-0.0603825383221607,0.24));
#3801=CARTESIAN_POINT('',(0.0255524571382596,-0.0603825383221607,0.255));
#3802=CARTESIAN_POINT('',(0.0255524571382596,-0.0603825383221607,0.2545));
#3803=CARTESIAN_POINT('',(0.,4.59242549680257E-18,0.2545));
#3804=CARTESIAN_POINT('',(0.0603825383048256,-0.0255524571792237,0.2545));
#3805=CARTESIAN_POINT('',(0.0603825383048256,-0.0255524571792238,0.255));
#3806=CARTESIAN_POINT('',(0.0603825383048256,-0.0255524571792238,0.24));
#3807=CARTESIAN_POINT('',(0.,4.59242549680257E-18,0.24));
#3808=CARTESIAN_POINT('',(0.0607652180285137,-0.0246285866012851,0.24));
#3809=CARTESIAN_POINT('',(0.0607652180285137,-0.024628586601285,0.255));
#3810=CARTESIAN_POINT('',(0.0607652180285137,-0.0246285866012851,0.2545));
#3811=CARTESIAN_POINT('',(0.,4.59242549680257E-18,0.2545));
#3812=CARTESIAN_POINT('',(0.0607652180285136,0.0246285866012851,0.2545));
#3813=CARTESIAN_POINT('',(0.0607652180285136,0.0246285866012851,0.255));
#3814=CARTESIAN_POINT('',(0.0607652180285136,0.0246285866012851,0.24));
#3815=CARTESIAN_POINT('',(0.,4.59242549680257E-18,0.24));
#3816=CARTESIAN_POINT('',(0.0603825383048256,0.0255524571792238,0.24));
#3817=CARTESIAN_POINT('',(0.0603825383048256,0.0255524571792238,0.255));
#3818=CARTESIAN_POINT('',(0.0603825383048256,0.0255524571792238,0.2545));
#3819=CARTESIAN_POINT('',(0.,4.59242549680257E-18,0.2545));
#3820=CARTESIAN_POINT('',(0.0255524571382595,0.0603825383221608,0.2545));
#3821=CARTESIAN_POINT('',(0.0255524571382595,0.0603825383221608,0.255));
#3822=CARTESIAN_POINT('',(0.0255524571382595,0.0603825383221608,0.24));
#3823=CARTESIAN_POINT('',(0.,4.59242549680257E-18,0.24));
#3824=CARTESIAN_POINT('',(0.0246285865600613,0.060765218045222,0.24));
#3825=CARTESIAN_POINT('',(0.0246285865600613,0.060765218045222,0.255));
#3826=CARTESIAN_POINT('',(0.0246285865600613,0.060765218045222,0.2545));
#3827=CARTESIAN_POINT('',(0.,4.59242549680257E-18,0.2545));
#3828=CARTESIAN_POINT('',(-0.0246285865875439,0.0607652180340831,0.2545));
#3829=CARTESIAN_POINT('',(-0.0246285865875439,0.0607652180340831,0.255));
#3830=CARTESIAN_POINT('',(-0.0246285865875439,0.0607652180340831,0.24));
#3831=CARTESIAN_POINT('',(0.,4.59242549680257E-18,0.24));
#3832=CARTESIAN_POINT('',(-0.025552457165569,0.060382538310604,0.24));
#3833=CARTESIAN_POINT('',(-0.025552457165569,0.060382538310604,0.255));
#3834=CARTESIAN_POINT('',(-0.025552457165569,0.060382538310604,0.2545));
#3835=CARTESIAN_POINT('',(0.,4.59242549680257E-18,0.2545));
#3836=CARTESIAN_POINT('',(-0.0603825383163824,0.0255524571519143,0.2545));
#3837=CARTESIAN_POINT('',(-0.0603825383163824,0.0255524571519143,0.255));
#3838=CARTESIAN_POINT('',(-0.0603825383163824,0.0255524571519143,0.24));
#3839=CARTESIAN_POINT('',(0.,4.59242549680257E-18,0.24));
#3840=CARTESIAN_POINT('',(-0.0607652180396525,0.0246285865738026,0.24));
#3841=CARTESIAN_POINT('',(-0.0607652180396525,0.0246285865738026,0.255));
#3842=CARTESIAN_POINT('',(-0.0607652180396525,0.0246285865738026,0.2545));
#3843=CARTESIAN_POINT('',(0.,4.59242549680257E-18,0.2545));
#3844=CARTESIAN_POINT('',(-0.0607652180396525,-0.0246285865738026,0.2545));
#3845=CARTESIAN_POINT('',(-0.0607652180396525,-0.0246285865738027,0.255));
#3846=CARTESIAN_POINT('',(-0.0607652180396525,-0.0246285865738026,0.24));
#3847=CARTESIAN_POINT('',(0.,4.59242549680257E-18,0.24));
#3848=CARTESIAN_POINT('',(-0.0603825383163824,-0.0255524571519143,0.24));
#3849=CARTESIAN_POINT('',(-0.0603825383163824,-0.0255524571519143,0.255));
#3850=CARTESIAN_POINT('',(-0.0603825383163824,-0.0255524571519143,0.2545));
#3851=CARTESIAN_POINT('',(0.,4.59242549680257E-18,0.2545));
#3852=CARTESIAN_POINT('',(-0.025552457165569,-0.060382538310604,0.2545));
#3853=CARTESIAN_POINT('',(-0.025552457165569,-0.060382538310604,0.255));
#3854=CARTESIAN_POINT('',(-0.025552457165569,-0.060382538310604,0.24));
#3855=CARTESIAN_POINT('',(0.,4.59242549680257E-18,0.24));
#3856=CARTESIAN_POINT('',(0.0454808493531705,-0.00572777033250325,0.300002));
#3857=CARTESIAN_POINT('',(0.0504802104642116,-0.00580769830889313,0.300002));
#3858=CARTESIAN_POINT('',(0.0504802104642116,-0.00580769830889313,0.2998));
#3859=CARTESIAN_POINT('',(0.0504802104642116,-0.00580769830889313,0.27));
#3860=CARTESIAN_POINT('',(0.0454808493531705,-0.00572777033250325,0.2998));
#3861=CARTESIAN_POINT('',(0.0404814882421294,-0.00564784235611337,0.2998));
#3862=CARTESIAN_POINT('',(0.0404814882421294,-0.00564784235611337,0.300002));
#3863=CARTESIAN_POINT('',(0.0404814882421294,-0.00564784235611337,0.27));
#3864=CARTESIAN_POINT('',(0.0454808493531705,-0.00572777033250325,0.27));
#3865=CARTESIAN_POINT('',(0.0505601384406015,-0.000808337197852017,0.300002));
#3866=CARTESIAN_POINT('',(0.0506400664169914,0.00419102391318909,0.300002));
#3867=CARTESIAN_POINT('',(0.0506400664169914,0.00419102391318909,0.2998));
#3868=CARTESIAN_POINT('',(0.0506400664169914,0.00419102391318909,0.27));
#3869=CARTESIAN_POINT('',(0.0505601384406015,-0.000808337197852017,0.2998));
#3870=CARTESIAN_POINT('',(0.0505601384406015,-0.000808337197852017,0.27));
#3871=CARTESIAN_POINT('',(0.0405614162185193,-0.000648481245072264,0.300002));
#3872=CARTESIAN_POINT('',(0.0405614162185193,-0.000648481245072264,0.2998));
#3873=CARTESIAN_POINT('',(0.0406413441949092,0.00435087986596885,0.2998));
#3874=CARTESIAN_POINT('',(0.0406413441949092,0.00435087986596885,0.300002));
#3875=CARTESIAN_POINT('',(0.0406413441949092,0.00435087986596885,0.27));
#3876=CARTESIAN_POINT('',(0.0405614162185193,-0.000648481245072264,0.27));
#3877=CARTESIAN_POINT('',(0.0456407053059503,0.00427095188957897,0.300002));
#3878=CARTESIAN_POINT('',(0.0456407053059503,0.00427095188957897,0.2998));
#3879=CARTESIAN_POINT('',(0.0456407053059503,0.00427095188957897,0.27));
#3880=CARTESIAN_POINT('',(0.,0.,0.27));
#3881=CARTESIAN_POINT('',(0.0281414508119617,-0.0289399571506851,0.27));
#3882=CARTESIAN_POINT('',(0.0318694778985546,-0.025314793148653,0.27));
#3883=CARTESIAN_POINT('',(0.0244134237253688,-0.0325651211527172,0.27));
#3884=CARTESIAN_POINT('',(0.0354946419005868,-0.0290428202352459,0.27));
#3885=CARTESIAN_POINT('',(0.0391198059026188,-0.0327708473218388,0.27));
#3886=CARTESIAN_POINT('',(0.035391778816026,-0.0363960113238709,0.27));
#3887=CARTESIAN_POINT('',(0.0316637517294331,-0.0400211753259031,0.27));
#3888=CARTESIAN_POINT('',(0.0280385877274009,-0.0362931482393102,0.27));
#3889=CARTESIAN_POINT('',(-1.48270453270025E-11,-0.0655665997290526,0.27));
#3890=CARTESIAN_POINT('',(-1.5279318121299E-11,-0.0675665997290526,0.27));
#3891=CARTESIAN_POINT('',(0.,4.59242549680257E-18,0.27));
#3892=CARTESIAN_POINT('',(0.047042596532972,-0.0484998918594879,0.27));
#3893=CARTESIAN_POINT('',(0.0456501157296871,-0.0470642744966496,0.27));
#3894=CARTESIAN_POINT('',(0.0463625872720307,-0.0463625873034836,0.27));
#3895=CARTESIAN_POINT('',(0.0477768008339241,-0.0477768008663364,0.27));
#3896=CARTESIAN_POINT('',(0.,4.59242549680257E-18,0.27));
#3897=CARTESIAN_POINT('',(0.0675587414336289,-0.00103046341520964,0.27));
#3898=CARTESIAN_POINT('',(0.0655589740425053,-0.000999961261206323,0.27));
#3899=CARTESIAN_POINT('',(0.0655665997290526,2.96541534812695E-11,0.27));
#3900=CARTESIAN_POINT('',(0.0675665997290526,3.05587039387093E-11,0.27));
#3901=CARTESIAN_POINT('',(0.,4.59242549680257E-18,0.27));
#3902=CARTESIAN_POINT('',(0.0484998918275736,0.0470425965658749,0.27));
#3903=CARTESIAN_POINT('',(0.04706427446568,0.045650115761616,0.27));
#3904=CARTESIAN_POINT('',(0.0463625872720307,0.0463625873034836,0.27));
#3905=CARTESIAN_POINT('',(0.047776800833924,0.0477768008663365,0.27));
#3906=CARTESIAN_POINT('',(0.,4.59242549680257E-18,0.27));
#3907=CARTESIAN_POINT('',(0.00103046336937695,0.067558741434328,0.27));
#3908=CARTESIAN_POINT('',(0.000999961216730248,0.0655589740431837,0.27));
#3909=CARTESIAN_POINT('',(-1.48270890031317E-11,0.0655665997290526,0.27));
#3910=CARTESIAN_POINT('',(-1.52793646759409E-11,0.0675665997290526,0.27));
#3911=CARTESIAN_POINT('',(0.,4.59242549680257E-18,0.27));
#3912=CARTESIAN_POINT('',(-0.0470425965549073,0.0484998918382117,0.27));
#3913=CARTESIAN_POINT('',(-0.0456501157509731,0.0470642744760032,0.27));
#3914=CARTESIAN_POINT('',(-0.0463625872929993,0.046362587282515,0.27));
#3915=CARTESIAN_POINT('',(-0.0477768008555323,0.0477768008447282,0.27));
#3916=CARTESIAN_POINT('',(0.,4.59242549680257E-18,0.27));
#3917=CARTESIAN_POINT('',(-0.067558741434095,0.00103046338465452,0.27));
#3918=CARTESIAN_POINT('',(-0.0655589740429576,0.000999961231555598,0.27));
#3919=CARTESIAN_POINT('',(-0.0655665997290526,-2.77555756156289E-17,0.27));
#3920=CARTESIAN_POINT('',(-0.0675665997290526,-5.54187702750583E-17,0.27));
#3921=CARTESIAN_POINT('',(0.,4.59242549680257E-18,0.27));
#3922=CARTESIAN_POINT('',(-0.0484998918488498,-0.0470425965439397,0.27));
#3923=CARTESIAN_POINT('',(-0.0470642744863264,-0.0456501157403301,0.27));
#3924=CARTESIAN_POINT('',(-0.0463625872929993,-0.046362587282515,0.27));
#3925=CARTESIAN_POINT('',(-0.0477768008555323,-0.0477768008447282,0.27));
#3926=CARTESIAN_POINT('',(0.,4.59242549680257E-18,0.27));
#3927=CARTESIAN_POINT('',(-0.00103046339993209,-0.0675587414338619,0.27));
#3928=CARTESIAN_POINT('',(-0.000999961246380977,-0.0655589740427315,0.27));
#3929=CARTESIAN_POINT('',(0.0209680514251969,0.000570853983018932,0.27));
#3930=CARTESIAN_POINT('',(0.0206677584564469,0.000962292785102265,0.27));
#3931=CARTESIAN_POINT('',(0.0206677584564469,0.00149126413926893,0.27));
#3932=CARTESIAN_POINT('',(0.0209680514251969,0.000570853983018932,0.27));
#3933=CARTESIAN_POINT('',(0.0206677584564469,0.00149126413926893,0.27));
#3934=CARTESIAN_POINT('',(0.0206677584564469,0.00149126413926893,0.27));
#3935=CARTESIAN_POINT('',(0.0206677584564469,0.00192908966010226,0.27));
#3936=CARTESIAN_POINT('',(0.0208199394460302,0.00227495554551893,0.27));
#3937=CARTESIAN_POINT('',(0.0208199394460302,0.00227495554551893,0.27));
#3938=CARTESIAN_POINT('',(0.022496689361303,0.00155651917599374,0.27));
#3939=CARTESIAN_POINT('',(0.0212267110011377,0.00286509782333854,0.27));
#3940=CARTESIAN_POINT('',(0.0224768691576464,0.00154560138999518,0.27));
#3941=CARTESIAN_POINT('',(0.0218323244639317,0.00324577968607267,0.27));
#3942=CARTESIAN_POINT('',(0.0228547525365384,0.000573671909216699,0.27));
#3943=CARTESIAN_POINT('',(0.0225899589772802,0.00342283688773568,0.27));
#3944=CARTESIAN_POINT('',(0.0225899589772802,0.00293006622260227,0.27));
#3945=CARTESIAN_POINT('',(0.0225899589772802,0.00243690216010227,0.27));
#3946=CARTESIAN_POINT('',(0.0225899589772802,0.00243690216010227,0.27));
#3947=CARTESIAN_POINT('',(0.0221928235606135,0.0023766808059356,0.27));
#3948=CARTESIAN_POINT('',(0.0219543795501968,0.0021374229934356,0.27));
#3949=CARTESIAN_POINT('',(0.0219543795501968,0.0021374229934356,0.27));
#3950=CARTESIAN_POINT('',(0.0219543795501968,0.0021374229934356,0.27));
#3951=CARTESIAN_POINT('',(0.0217159355397802,0.0018981651809356,0.27));
#3952=CARTESIAN_POINT('',(0.0217159355397802,0.00147010528510226,0.27));
#3953=CARTESIAN_POINT('',(0.0217159355397802,0.00147010528510226,0.27));
#3954=CARTESIAN_POINT('',(0.0217159355397802,0.00147010528510226,0.27));
#3955=CARTESIAN_POINT('',(0.0217159355397802,0.00119666778510226,0.27));
#3956=CARTESIAN_POINT('',(0.0219649589772802,0.000972872212185599,0.27));
#3957=CARTESIAN_POINT('',(0.0219649589772802,0.000972872212185599,0.27));
#3958=CARTESIAN_POINT('',(0.0243574387964797,0.00373183770537734,0.27));
#3959=CARTESIAN_POINT('',(0.0225899589772802,0.000535193679859674,0.27));
#3960=CARTESIAN_POINT('',(0.0225899589772802,-8.10014857310683E-5,0.27));
#3961=CARTESIAN_POINT('',(0.0225899589772802,-0.000696235860731068,0.27));
#3962=CARTESIAN_POINT('',(0.0225085787689469,-0.000650662944064402,0.27));
#3963=CARTESIAN_POINT('',(0.0224271399686046,-0.000605057215872748,0.27));
#3964=CARTESIAN_POINT('',(0.0294906240892315,-0.00897769355552247,0.27));
#3965=CARTESIAN_POINT('',(0.0221374660580541,-0.000858161735262917,0.27));
#3966=CARTESIAN_POINT('',(0.0235141499686102,-0.00237361257633483,0.27));
#3967=CARTESIAN_POINT('',(0.021847708602086,-0.00118365945171366,0.27));
#3968=CARTESIAN_POINT('',(0.0235253810262484,-0.00237127609872155,0.27));
#3969=CARTESIAN_POINT('',(0.0216190689677687,-0.00160117401140727,0.27));
#3970=CARTESIAN_POINT('',(0.0228437403189583,-0.00209601977487483,0.27));
#3971=CARTESIAN_POINT('',(0.0215224831246035,-0.00211062717632661,0.27));
#3972=CARTESIAN_POINT('',(0.0225260344371726,-0.00212587761794815,0.27));
#3973=CARTESIAN_POINT('',(0.0218225436126969,-0.00284223195448107,0.27));
#3974=CARTESIAN_POINT('',(0.0218225436126969,-0.00284223195448107,0.27));
#3975=CARTESIAN_POINT('',(0.0221228365814468,-0.00314740773573107,0.27));
#3976=CARTESIAN_POINT('',(0.0225899589772802,-0.0032287879440644,0.27));
#3977=CARTESIAN_POINT('',(0.0225899589772802,-0.0032287879440644,0.27));
#3978=CARTESIAN_POINT('',(0.0225899589772802,-0.0037121863815644,0.27));
#3979=CARTESIAN_POINT('',(0.0225899589772802,-0.0041955848190644,0.27));
#3980=CARTESIAN_POINT('',(0.0225899589772802,-0.0041955848190644,0.27));
#3981=CARTESIAN_POINT('',(0.0215531751231135,-0.00413536346489774,0.27));
#3982=CARTESIAN_POINT('',(0.0209932792897802,-0.00360557830864773,0.27));
#3983=CARTESIAN_POINT('',(0.0209932792897802,-0.00360557830864773,0.27));
#3984=CARTESIAN_POINT('',(0.0209932792897802,-0.00360557830864773,0.27));
#3985=CARTESIAN_POINT('',(0.0204333834564468,-0.00307579315239773,0.27));
#3986=CARTESIAN_POINT('',(0.0204333834564468,-0.00217084523573107,0.27));
#3987=CARTESIAN_POINT('',(0.0204333834564468,-0.00217084523573107,0.27));
#3988=CARTESIAN_POINT('',(0.0204333834564468,-0.00217084523573107,0.27));
#3989=CARTESIAN_POINT('',(0.0204333834564468,-0.00141889211073107,0.27));
#3990=CARTESIAN_POINT('',(0.0207841321543636,-0.000904569194064401,0.27));
#3991=CARTESIAN_POINT('',(0.0207841321543636,-0.000904569194064401,0.27));
#3992=CARTESIAN_POINT('',(0.0225690324208934,-0.00210772072692342,0.27));
#3993=CARTESIAN_POINT('',(0.0217045423106136,-0.000136340027397735,0.27));
#3994=CARTESIAN_POINT('',(0.0237483634637744,0.00273483132347152,0.27));
#3995=CARTESIAN_POINT('',(0.0188775123603311,0.00560655965357714,0.27));
#3996=CARTESIAN_POINT('',(0.024181716015476,0.000189221653228105,0.27));
#3997=CARTESIAN_POINT('',(0.0237911829985375,-0.000167321360338308,0.27));
#3998=CARTESIAN_POINT('',(0.020644581393875,-0.00515926719791039,0.27));
#3999=CARTESIAN_POINT('',(0.0243143627600544,-0.000538412620313207,0.27));
#4000=CARTESIAN_POINT('',(0.0226713672514442,-0.00262101577107648,0.27));
#4001=CARTESIAN_POINT('',(0.0247522857723561,-0.000976140572118591,0.27));
#4002=CARTESIAN_POINT('',(0.0231354718927646,-0.00224749826159404,0.27));
#4003=CARTESIAN_POINT('',(0.0250518977476522,-0.0015002019078632,0.27));
#4004=CARTESIAN_POINT('',(0.0234754682686212,-0.00210116746929594,0.27));
#4005=CARTESIAN_POINT('',(0.0251632011647802,-0.0021203895065644,0.27));
#4006=CARTESIAN_POINT('',(0.0251632011647802,-0.0021203895065644,0.27));
#4007=CARTESIAN_POINT('',(0.0251632011647802,-0.00258751190239773,0.27));
#4008=CARTESIAN_POINT('',(0.0249906751231136,-0.00296430226698107,0.27));
#4009=CARTESIAN_POINT('',(0.0249906751231136,-0.00296430226698107,0.27));
#4010=CARTESIAN_POINT('',(0.0232350255908909,-0.00217649529782258,0.27));
#4011=CARTESIAN_POINT('',(0.0245228529669435,-0.00360570674183808,0.27));
#4012=CARTESIAN_POINT('',(0.0229840706768074,-0.00186884842609381,0.27));
#4013=CARTESIAN_POINT('',(0.0238358492117792,-0.0040278362734749,0.27));
#4014=CARTESIAN_POINT('',(0.0229077789150944,-0.00170983278813227,0.27));
#4015=CARTESIAN_POINT('',(0.0230066256439469,-0.004205072879651,0.27));
#4016=CARTESIAN_POINT('',(0.0230066256439469,-0.0037219520065644,0.27));
#4017=CARTESIAN_POINT('',(0.0230066256439469,-0.00323811801197293,0.27));
#4018=CARTESIAN_POINT('',(0.0229251012083566,-0.002065183415312,0.27));
#4019=CARTESIAN_POINT('',(0.0234290364057363,-0.00312716446147074,0.27));
#4020=CARTESIAN_POINT('',(0.0228673461563814,-0.00196076185718955,0.27));
#4021=CARTESIAN_POINT('',(0.0237593591121672,-0.00289834787950542,0.27));
#4022=CARTESIAN_POINT('',(0.0230104594276139,-0.00210370161125219,0.27));
#4023=CARTESIAN_POINT('',(0.0239831923486194,-0.00259890692453493,0.27));
#4024=CARTESIAN_POINT('',(0.0233205406306797,-0.00225985920955128,0.27));
#4025=CARTESIAN_POINT('',(0.0240645683522802,-0.0022619910690644,0.27));
#4026=CARTESIAN_POINT('',(0.0240645683522802,-0.0022619910690644,0.27));
#4027=CARTESIAN_POINT('',(0.0240645683522802,-0.00185509002739774,0.27));
#4028=CARTESIAN_POINT('',(0.0237545097585302,-0.00154503143364774,0.27));
#4029=CARTESIAN_POINT('',(0.0237545097585302,-0.00154503143364774,0.27));
#4030=CARTESIAN_POINT('',(0.0207775331432169,-0.00459046037639087,0.27));
#4031=CARTESIAN_POINT('',(0.0230066256439469,-0.000960772028243534,0.27));
#4032=CARTESIAN_POINT('',(0.0230066256439469,-0.000329211121147735,0.27));
#4033=CARTESIAN_POINT('',(0.0230066256439469,0.000301093012729554,0.27));
#4034=CARTESIAN_POINT('',(0.0234866108704543,0.000986569061859599,0.27));
#4035=CARTESIAN_POINT('',(0.0231292273629435,0.00022990516014653,0.27));
#4036=CARTESIAN_POINT('',(0.0211762662782558,0.00252472842605983,0.27));
#4037=CARTESIAN_POINT('',(0.0236177910085302,0.000758028462185599,0.27));
#4038=CARTESIAN_POINT('',(0.0236177910085302,0.000758028462185599,0.27));
#4039=CARTESIAN_POINT('',(0.0238415865814469,0.0010632042434356,0.27));
#4040=CARTESIAN_POINT('',(0.0238415865814469,0.00149126413926893,0.27));
#4041=CARTESIAN_POINT('',(0.0238415865814469,0.00149126413926893,0.27));
#4042=CARTESIAN_POINT('',(0.0238415865814469,0.00149126413926893,0.27));
#4043=CARTESIAN_POINT('',(0.0238415865814469,0.0020202354934356,0.27));
#4044=CARTESIAN_POINT('',(0.0235974459564469,0.00222368601426893,0.27));
#4045=CARTESIAN_POINT('',(0.0235974459564469,0.00222368601426893,0.27));
#4046=CARTESIAN_POINT('',(0.0235974459564469,0.00222368601426893,0.27));
#4047=CARTESIAN_POINT('',(0.0233533053314468,0.00242713653510226,0.27));
#4048=CARTESIAN_POINT('',(0.0230066256439469,0.00244666778510226,0.27));
#4049=CARTESIAN_POINT('',(0.0230066256439469,0.00244666778510226,0.27));
#4050=CARTESIAN_POINT('',(0.0230066256439469,0.0029406456496856,0.27));
#4051=CARTESIAN_POINT('',(0.0230066256439469,0.00343462351426893,0.27));
#4052=CARTESIAN_POINT('',(0.0230066256439469,0.00343462351426893,0.27));
#4053=CARTESIAN_POINT('',(0.0235160657481136,0.00341346466010227,0.27));
#4054=CARTESIAN_POINT('',(0.0238716972585302,0.0032507042434356,0.27));
#4055=CARTESIAN_POINT('',(0.0238716972585302,0.0032507042434356,0.27));
#4056=CARTESIAN_POINT('',(0.0232260102165734,0.00177444239209101,0.27));
#4057=CARTESIAN_POINT('',(0.0244513868082396,0.0028187994635518,0.27));
#4058=CARTESIAN_POINT('',(0.0231341502064078,0.00172037821432224,0.27));
#4059=CARTESIAN_POINT('',(0.0247766903624356,0.00221312008815735,0.27));
#4060=CARTESIAN_POINT('',(0.0224674151201895,0.00152141020296819,0.27));
#4061=CARTESIAN_POINT('',(0.0248782784246435,0.00151065884755748,0.27));
#4062=CARTESIAN_POINT('',(0.0236693762460804,0.00151052124732405,0.27));
#4063=CARTESIAN_POINT('',(0.0247823537236442,0.00103797136498796,0.27));
#4064=CARTESIAN_POINT('',(0.0227061274781659,0.00191829425688899,0.27));
#4065=CARTESIAN_POINT('',(0.0245333042879953,0.000596092150925892,0.27));
#4066=CARTESIAN_POINT('',(0.022047533969141,0.00239015623900629,0.27));
#4067=CARTESIAN_POINT('',(-0.0650661268171773,0.00119356074920489,0.27));
#4068=CARTESIAN_POINT('',(-0.0649159206511964,0.00103785224909572,0.27));
#4069=CARTESIAN_POINT('',(-0.04629784853186,-0.0182622348391694,0.27));
#4070=CARTESIAN_POINT('',(-0.032068758479515,0.0329787011506298,0.27));
#4071=CARTESIAN_POINT('',(-0.0184471210477331,0.0462244926965164,0.27));
#4072=CARTESIAN_POINT('',(0.000551513314393234,0.0459966937188322,0.27));
#4073=CARTESIAN_POINT('',(0.00836747571294319,0.0459029781280128,0.27));
#4074=CARTESIAN_POINT('',(0.00842030792993537,0.0458486468106211,0.27));
#4075=CARTESIAN_POINT('',(0.021666099475822,0.0322270093788391,0.27));
#4076=CARTESIAN_POINT('',(4.91531166899265E-5,0.0112065140994975,0.27));
#4077=CARTESIAN_POINT('',(0.00793579940925675,0.0188755533989685,0.27));
#4078=CARTESIAN_POINT('',(-0.0266928236893405,0.0194291832944616,0.27));
#4079=CARTESIAN_POINT('',(-0.00784619458876009,0.0191278702081848,0.27));
#4080=CARTESIAN_POINT('',(-0.0264659526406468,0.0384297049878779,0.27));
#4081=CARTESIAN_POINT('',(-0.0076976743553295,0.0189739093995036,0.27));
#4082=CARTESIAN_POINT('',(-0.0326233823066256,-0.00507098874735046,0.27));
#4083=CARTESIAN_POINT('',(-0.0266928236893405,0.0194291832944616,0.239998));
#4084=CARTESIAN_POINT('',(-0.00784619458876002,0.0191278702081848,0.239998));
#4085=CARTESIAN_POINT('',(-0.00784619458875993,0.0191278702081848,0.241));
#4086=CARTESIAN_POINT('',(0.00793579940925675,0.0188755533989684,0.270002));
#4087=CARTESIAN_POINT('',(0.00793579940925675,0.0188755533989684,0.24));
#4088=CARTESIAN_POINT('',(-0.0266928236893405,0.0194291832944616,0.24));
#4089=CARTESIAN_POINT('',(-0.0456903959112969,0.0197329096047432,0.24));
#4090=CARTESIAN_POINT('',(-0.0456903959112969,0.0197329096047432,0.239998));
#4091=CARTESIAN_POINT('',(-0.0456903959112968,0.0197329096047432,0.255500115800936));
#4092=CARTESIAN_POINT('',(-0.0239460489151861,0.019385268853312,0.247168706009191));
#4093=CARTESIAN_POINT('',(4.91531166899265E-5,0.0112065140994975,0.239998));
#4094=CARTESIAN_POINT('',(0.021666099475822,0.0322270093788391,0.239998));
#4095=CARTESIAN_POINT('',(0.021666099475822,0.0322270093788391,0.24));
#4096=CARTESIAN_POINT('',(4.91531166899265E-5,0.0112065140994975,0.24));
#4097=CARTESIAN_POINT('',(-0.032068758479515,0.0329787011506298,0.239998));
#4098=CARTESIAN_POINT('',(-0.0456900003232956,0.019733294277748,0.255499817448601));
#4099=CARTESIAN_POINT('',(-0.032068758479515,0.0329787011506298,0.24));
#4100=CARTESIAN_POINT('',(-0.0184471210477331,0.0462244926965164,0.24));
#4101=CARTESIAN_POINT('',(-0.0184471210477331,0.0462244926965164,0.270002));
#4102=CARTESIAN_POINT('',(0.00842030792993537,0.0458486468106211,0.239998));
#4103=CARTESIAN_POINT('',(0.00836747571294319,0.0459029781280128,0.270002));
#4104=CARTESIAN_POINT('',(0.00836747571294319,0.0459029781280128,0.24));
#4105=CARTESIAN_POINT('',(0.00842030792993537,0.0458486468106211,0.24));
#4106=CARTESIAN_POINT('',(0.,0.,0.24));
#4107=CARTESIAN_POINT('',(0.0354946419005868,-0.0290428202352459,0.24));
#4108=CARTESIAN_POINT('',(0.0318694778985546,-0.025314793148653,0.24));
#4109=CARTESIAN_POINT('',(0.0391198059026188,-0.0327708473218388,0.24));
#4110=CARTESIAN_POINT('',(0.0281414508119617,-0.0289399571506851,0.24));
#4111=CARTESIAN_POINT('',(0.0244134237253688,-0.0325651211527172,0.24));
#4112=CARTESIAN_POINT('',(0.0280385877274009,-0.0362931482393102,0.24));
#4113=CARTESIAN_POINT('',(0.0316637517294331,-0.0400211753259031,0.24));
#4114=CARTESIAN_POINT('',(0.035391778816026,-0.0363960113238709,0.24));
#4115=CARTESIAN_POINT('',(0.000551513314393234,0.0459966937188322,0.24));
#4116=CARTESIAN_POINT('',(0.0607652180285136,0.0246285866012851,0.24));
#4117=CARTESIAN_POINT('',(0.0626187598708425,0.0253798406453582,0.24));
#4118=CARTESIAN_POINT('',(0.,4.59242549680257E-18,0.24));
#4119=CARTESIAN_POINT('',(0.0626187598708426,-0.0253798406453581,0.24));
#4120=CARTESIAN_POINT('',(0.0607652180285137,-0.0246285866012851,0.24));
#4121=CARTESIAN_POINT('',(0.0603825383048256,-0.0255524571792238,0.24));
#4122=CARTESIAN_POINT('',(0.0622244071390904,-0.0263318923576474,0.24));
#4123=CARTESIAN_POINT('',(0.,4.59242549680257E-18,0.24));
#4124=CARTESIAN_POINT('',(0.0263318923154338,-0.0622244071569542,0.24));
#4125=CARTESIAN_POINT('',(0.0255524571382596,-0.0603825383221607,0.24));
#4126=CARTESIAN_POINT('',(0.0246285865600613,-0.060765218045222,0.24));
#4127=CARTESIAN_POINT('',(0.0253798406028769,-0.0626187598880605,0.24));
#4128=CARTESIAN_POINT('',(0.,4.59242549680257E-18,0.24));
#4129=CARTESIAN_POINT('',(-0.0253798406311977,-0.0626187598765819,0.24));
#4130=CARTESIAN_POINT('',(-0.0246285865875438,-0.0607652180340831,0.24));
#4131=CARTESIAN_POINT('',(-0.025552457165569,-0.060382538310604,0.24));
#4132=CARTESIAN_POINT('',(-0.0263318923435761,-0.062224407145045,0.24));
#4133=CARTESIAN_POINT('',(0.,4.59242549680257E-18,0.24));
#4134=CARTESIAN_POINT('',(-0.0622244071509996,-0.026331892329505,0.24));
#4135=CARTESIAN_POINT('',(-0.0603825383163824,-0.0255524571519143,0.24));
#4136=CARTESIAN_POINT('',(-0.0607652180396525,-0.0246285865738026,0.24));
#4137=CARTESIAN_POINT('',(-0.0626187598823211,-0.0253798406170374,0.24));
#4138=CARTESIAN_POINT('',(0.,4.59242549680257E-18,0.24));
#4139=CARTESIAN_POINT('',(-0.0626187598823212,0.0253798406170373,0.24));
#4140=CARTESIAN_POINT('',(-0.0607652180396525,0.0246285865738026,0.24));
#4141=CARTESIAN_POINT('',(-0.0603825383163824,0.0255524571519143,0.24));
#4142=CARTESIAN_POINT('',(-0.0622244071509996,0.026331892329505,0.24));
#4143=CARTESIAN_POINT('',(0.,4.59242549680257E-18,0.24));
#4144=CARTESIAN_POINT('',(-0.0263318923435762,0.062224407145045,0.24));
#4145=CARTESIAN_POINT('',(-0.025552457165569,0.060382538310604,0.24));
#4146=CARTESIAN_POINT('',(-0.0246285865875439,0.0607652180340831,0.24));
#4147=CARTESIAN_POINT('',(-0.0253798406311978,0.0626187598765818,0.24));
#4148=CARTESIAN_POINT('',(0.,4.59242549680257E-18,0.24));
#4149=CARTESIAN_POINT('',(0.0253798406028768,0.0626187598880605,0.24));
#4150=CARTESIAN_POINT('',(0.0246285865600613,0.060765218045222,0.24));
#4151=CARTESIAN_POINT('',(0.0255524571382595,0.0603825383221608,0.24));
#4152=CARTESIAN_POINT('',(0.0263318923154337,0.0622244071569542,0.24));
#4153=CARTESIAN_POINT('',(0.,4.59242549680257E-18,0.24));
#4154=CARTESIAN_POINT('',(0.0622244071390903,0.0263318923576475,0.24));
#4155=CARTESIAN_POINT('',(0.0603825383048256,0.0255524571792238,0.24));
#4156=CARTESIAN_POINT('',(0.0206677584564469,0.00149126413926893,0.269));
#4157=CARTESIAN_POINT('',(0.0206677584564469,0.00149126413926893,0.27));
#4158=CARTESIAN_POINT('',(0.0206677584564469,0.00178314781982449,0.269));
#4159=CARTESIAN_POINT('',(0.0206677584564469,0.00178314781982449,0.27));
#4160=CARTESIAN_POINT('',(0.0207184854529746,0.00204437828857449,0.269));
#4161=CARTESIAN_POINT('',(0.0207184854529746,0.00204437828857449,0.27));
#4162=CARTESIAN_POINT('',(0.0208199394460302,0.00227495554551893,0.269));
#4163=CARTESIAN_POINT('',(0.0208199394460302,0.00227495554551893,0.27));
#4164=CARTESIAN_POINT('',(0.0206677584564469,0.00149126413926893,0.269));
#4165=CARTESIAN_POINT('',(0.0206677584564469,0.00149126413926893,0.269));
#4166=CARTESIAN_POINT('',(0.0206677584564469,0.00149126413926893,0.269));
#4167=CARTESIAN_POINT('',(0.0206677584564469,0.00192908966010226,0.269));
#4168=CARTESIAN_POINT('',(0.0208199394460302,0.00227495554551893,0.269));
#4169=CARTESIAN_POINT('',(0.0208199394460302,0.00227495554551893,0.269));
#4170=CARTESIAN_POINT('',(0.0208199394460302,0.00227495554551893,0.269));
#4171=CARTESIAN_POINT('',(0.0209680514251969,0.000570853983018932,0.269));
#4172=CARTESIAN_POINT('',(0.0209680514251969,0.000570853983018932,0.27));
#4173=CARTESIAN_POINT('',(0.0207678561126968,0.000831813184407821,0.269));
#4174=CARTESIAN_POINT('',(0.0207678561126968,0.000831813184407821,0.27));
#4175=CARTESIAN_POINT('',(0.0206677584564469,0.00113861656982449,0.269));
#4176=CARTESIAN_POINT('',(0.0206677584564469,0.00113861656982449,0.27));
#4177=CARTESIAN_POINT('',(0.0206677584564469,0.00149126413926893,0.269));
#4178=CARTESIAN_POINT('',(0.0206677584564469,0.00149126413926893,0.27));
#4179=CARTESIAN_POINT('',(0.0209680514251969,0.000570853983018932,0.269));
#4180=CARTESIAN_POINT('',(0.0209680514251969,0.000570853983018932,0.269));
#4181=CARTESIAN_POINT('',(0.0209680514251969,0.000570853983018932,0.269));
#4182=CARTESIAN_POINT('',(0.0206677584564469,0.000962292785102265,0.269));
#4183=CARTESIAN_POINT('',(0.0206677584564469,0.00149126413926893,0.269));
#4184=CARTESIAN_POINT('',(0.0237483634637744,0.00273483132347152,0.269));
#4185=CARTESIAN_POINT('',(0.0217054494280919,-0.000136270840887591,0.269));
#4186=CARTESIAN_POINT('',(0.0217045423106136,-0.000136340027397735,0.269));
#4187=CARTESIAN_POINT('',(0.0237483634637744,0.00273483132347152,0.269));
#4188=CARTESIAN_POINT('',(0.0225690324208934,-0.00210772072692342,0.269));
#4189=CARTESIAN_POINT('',(0.0207841321543636,-0.000904569194064401,0.269));
#4190=CARTESIAN_POINT('',(0.0207841321543636,-0.000904569194064401,0.269));
#4191=CARTESIAN_POINT('',(0.0225690324208934,-0.00210772072692342,0.269));
#4192=CARTESIAN_POINT('',(0.0204333834564468,-0.00217084523573107,0.269));
#4193=CARTESIAN_POINT('',(0.0204333834564468,-0.00217084523573107,0.27));
#4194=CARTESIAN_POINT('',(0.0204333834564468,-0.00166954315239774,0.269));
#4195=CARTESIAN_POINT('',(0.0204333834564468,-0.00166954315239774,0.27));
#4196=CARTESIAN_POINT('',(0.0205502996890858,-0.00124745113850885,0.269));
#4197=CARTESIAN_POINT('',(0.0205502996890858,-0.00124745113850885,0.27));
#4198=CARTESIAN_POINT('',(0.0207841321543636,-0.000904569194064401,0.269));
#4199=CARTESIAN_POINT('',(0.0207841321543636,-0.000904569194064401,0.27));
#4200=CARTESIAN_POINT('',(0.0204333834564468,-0.00217084523573107,0.269));
#4201=CARTESIAN_POINT('',(0.0204333834564468,-0.00217084523573107,0.269));
#4202=CARTESIAN_POINT('',(0.0204333834564468,-0.00217084523573107,0.269));
#4203=CARTESIAN_POINT('',(0.0204333834564468,-0.00141889211073107,0.269));
#4204=CARTESIAN_POINT('',(0.0207841321543636,-0.000904569194064401,0.269));
#4205=CARTESIAN_POINT('',(0.0209932792897802,-0.00360557830864773,0.269));
#4206=CARTESIAN_POINT('',(0.0209932792897802,-0.00360557830864773,0.27));
#4207=CARTESIAN_POINT('',(0.0206200154008913,-0.00325238820448107,0.269));
#4208=CARTESIAN_POINT('',(0.0206200154008913,-0.00325238820448107,0.27));
#4209=CARTESIAN_POINT('',(0.0204333834564468,-0.00277414384684218,0.269));
#4210=CARTESIAN_POINT('',(0.0204333834564468,-0.00277414384684218,0.27));
#4211=CARTESIAN_POINT('',(0.0204333834564468,-0.00217084523573107,0.269));
#4212=CARTESIAN_POINT('',(0.0204333834564468,-0.00217084523573107,0.27));
#4213=CARTESIAN_POINT('',(0.0209932792897802,-0.00360557830864773,0.269));
#4214=CARTESIAN_POINT('',(0.0209932792897802,-0.00360557830864773,0.269));
#4215=CARTESIAN_POINT('',(0.0209932792897802,-0.00360557830864773,0.269));
#4216=CARTESIAN_POINT('',(0.0204333834564468,-0.00307579315239773,0.269));
#4217=CARTESIAN_POINT('',(0.0204333834564468,-0.00217084523573107,0.269));
#4218=CARTESIAN_POINT('',(0.0225899589772802,-0.0041955848190644,0.269));
#4219=CARTESIAN_POINT('',(0.0225899589772802,-0.0041955848190644,0.27));
#4220=CARTESIAN_POINT('',(0.0218987697411691,-0.00415543724961996,0.269));
#4221=CARTESIAN_POINT('',(0.0218987697411691,-0.00415543724961996,0.27));
#4222=CARTESIAN_POINT('',(0.0213665431786691,-0.0039587684128144,0.269));
#4223=CARTESIAN_POINT('',(0.0213665431786691,-0.0039587684128144,0.27));
#4224=CARTESIAN_POINT('',(0.0209932792897802,-0.00360557830864773,0.269));
#4225=CARTESIAN_POINT('',(0.0209932792897802,-0.00360557830864773,0.27));
#4226=CARTESIAN_POINT('',(0.0225899589772802,-0.0041955848190644,0.269));
#4227=CARTESIAN_POINT('',(0.0225899589772802,-0.0041955848190644,0.269));
#4228=CARTESIAN_POINT('',(0.0225899589772802,-0.0041955848190644,0.269));
#4229=CARTESIAN_POINT('',(0.0215531751231135,-0.00413536346489774,0.269));
#4230=CARTESIAN_POINT('',(0.0209932792897802,-0.00360557830864773,0.269));
#4231=CARTESIAN_POINT('',(0.0225899589772802,-0.0037121863815644,0.269));
#4232=CARTESIAN_POINT('',(0.0225899589772802,-0.0032287879440644,0.269));
#4233=CARTESIAN_POINT('',(0.0225899589772802,-0.0032287879440644,0.269));
#4234=CARTESIAN_POINT('',(0.0225899589772802,-0.0037121863815644,0.269));
#4235=CARTESIAN_POINT('',(0.0218225436126969,-0.00284223195448107,0.269));
#4236=CARTESIAN_POINT('',(0.0218225436126969,-0.00284223195448107,0.27));
#4237=CARTESIAN_POINT('',(0.0220227389251968,-0.0030456824753144,0.269));
#4238=CARTESIAN_POINT('',(0.0220227389251968,-0.0030456824753144,0.27));
#4239=CARTESIAN_POINT('',(0.0222785440467246,-0.00317453447184218,0.269));
#4240=CARTESIAN_POINT('',(0.0222785440467246,-0.00317453447184218,0.27));
#4241=CARTESIAN_POINT('',(0.0225899589772802,-0.0032287879440644,0.269));
#4242=CARTESIAN_POINT('',(0.0225899589772802,-0.0032287879440644,0.27));
#4243=CARTESIAN_POINT('',(0.0218225436126969,-0.00284223195448107,0.269));
#4244=CARTESIAN_POINT('',(0.0218225436126969,-0.00284223195448107,0.269));
#4245=CARTESIAN_POINT('',(0.0218225436126969,-0.00284223195448107,0.269));
#4246=CARTESIAN_POINT('',(0.0221228365814468,-0.00314740773573107,0.269));
#4247=CARTESIAN_POINT('',(0.0225899589772802,-0.0032287879440644,0.269));
#4248=CARTESIAN_POINT('',(0.0225260344371726,-0.00212587761794815,0.269));
#4249=CARTESIAN_POINT('',(0.0215222506439469,-0.0021106238815644,0.269));
#4250=CARTESIAN_POINT('',(0.0215224831246035,-0.00211062717632661,0.269));
#4251=CARTESIAN_POINT('',(0.0225260344371726,-0.00212587761794815,0.269));
#4252=CARTESIAN_POINT('',(0.0228437403189583,-0.00209601977487483,0.269));
#4253=CARTESIAN_POINT('',(0.0216190930918636,-0.00160118377739774,0.269));
#4254=CARTESIAN_POINT('',(0.0216190689677687,-0.00160117401140727,0.269));
#4255=CARTESIAN_POINT('',(0.0228437403189583,-0.00209601977487483,0.269));
#4256=CARTESIAN_POINT('',(0.0235253810262484,-0.00237127609872155,0.269));
#4257=CARTESIAN_POINT('',(0.0218477714772802,-0.00118370330864773,0.269));
#4258=CARTESIAN_POINT('',(0.021847708602086,-0.00118365945171366,0.269));
#4259=CARTESIAN_POINT('',(0.0235253810262484,-0.00237127609872155,0.269));
#4260=CARTESIAN_POINT('',(0.0235141499686102,-0.00237361257633483,0.269));
#4261=CARTESIAN_POINT('',(0.0221374850189468,-0.000858182475314401,0.269));
#4262=CARTESIAN_POINT('',(0.0221374660580541,-0.000858161735262917,0.269));
#4263=CARTESIAN_POINT('',(0.0235141499686102,-0.00237361257633483,0.269));
#4264=CARTESIAN_POINT('',(0.0294906240892315,-0.00897769355552247,0.269));
#4265=CARTESIAN_POINT('',(0.0224271399686046,-0.000605057215872747,0.269));
#4266=CARTESIAN_POINT('',(0.0224271399686046,-0.000605057215872748,0.269));
#4267=CARTESIAN_POINT('',(0.0294906240892315,-0.00897769355552247,0.269));
#4268=CARTESIAN_POINT('',(0.0225085787689469,-0.000650662944064402,0.269));
#4269=CARTESIAN_POINT('',(0.0225899589772802,-0.000696235860731068,0.269));
#4270=CARTESIAN_POINT('',(0.0225899589772802,-0.000696235860731068,0.269));
#4271=CARTESIAN_POINT('',(0.0225085787689469,-0.000650662944064402,0.269));
#4272=CARTESIAN_POINT('',(0.0225899589772802,-8.10014857310683E-5,0.269));
#4273=CARTESIAN_POINT('',(0.0225899589772802,0.000535193679859675,0.269));
#4274=CARTESIAN_POINT('',(0.0225899589772802,0.000535193679859674,0.269));
#4275=CARTESIAN_POINT('',(0.0225899589772802,-8.10014857310683E-5,0.269));
#4276=CARTESIAN_POINT('',(0.0243574387964797,0.00373183770537734,0.269));
#4277=CARTESIAN_POINT('',(0.0219649589772802,0.000972872212185599,0.269));
#4278=CARTESIAN_POINT('',(0.0219649589772802,0.000972872212185599,0.269));
#4279=CARTESIAN_POINT('',(0.0243574387964797,0.00373183770537734,0.269));
#4280=CARTESIAN_POINT('',(0.0217159355397802,0.00147010528510226,0.269));
#4281=CARTESIAN_POINT('',(0.0217159355397802,0.00147010528510226,0.27));
#4282=CARTESIAN_POINT('',(0.0217159355397802,0.0012878136184356,0.269));
#4283=CARTESIAN_POINT('',(0.0217159355397802,0.0012878136184356,0.27));
#4284=CARTESIAN_POINT('',(0.0217989433522802,0.00112206926079671,0.269));
#4285=CARTESIAN_POINT('',(0.0217989433522802,0.00112206926079671,0.27));
#4286=CARTESIAN_POINT('',(0.0219649589772802,0.000972872212185599,0.269));
#4287=CARTESIAN_POINT('',(0.0219649589772802,0.000972872212185599,0.27));
#4288=CARTESIAN_POINT('',(0.0217159355397802,0.00147010528510226,0.269));
#4289=CARTESIAN_POINT('',(0.0217159355397802,0.00147010528510226,0.269));
#4290=CARTESIAN_POINT('',(0.0217159355397802,0.00147010528510226,0.269));
#4291=CARTESIAN_POINT('',(0.0217159355397802,0.00119666778510226,0.269));
#4292=CARTESIAN_POINT('',(0.0219649589772802,0.000972872212185599,0.269));
#4293=CARTESIAN_POINT('',(0.0219543795501968,0.0021374229934356,0.269));
#4294=CARTESIAN_POINT('',(0.0219543795501968,0.0021374229934356,0.27));
#4295=CARTESIAN_POINT('',(0.0217954168765857,0.00197791778510227,0.269));
#4296=CARTESIAN_POINT('',(0.0217954168765857,0.00197791778510227,0.27));
#4297=CARTESIAN_POINT('',(0.0217159355397802,0.00175547854899115,0.269));
#4298=CARTESIAN_POINT('',(0.0217159355397802,0.00175547854899115,0.27));
#4299=CARTESIAN_POINT('',(0.0217159355397802,0.00147010528510226,0.269));
#4300=CARTESIAN_POINT('',(0.0217159355397802,0.00147010528510226,0.27));
#4301=CARTESIAN_POINT('',(0.0219543795501968,0.0021374229934356,0.269));
#4302=CARTESIAN_POINT('',(0.0219543795501968,0.0021374229934356,0.269));
#4303=CARTESIAN_POINT('',(0.0219543795501968,0.0021374229934356,0.269));
#4304=CARTESIAN_POINT('',(0.0217159355397802,0.0018981651809356,0.269));
#4305=CARTESIAN_POINT('',(0.0217159355397802,0.00147010528510226,0.269));
#4306=CARTESIAN_POINT('',(0.0225899589772802,0.00243690216010227,0.269));
#4307=CARTESIAN_POINT('',(0.0225899589772802,0.00243690216010227,0.27));
#4308=CARTESIAN_POINT('',(0.0223252020328358,0.00239675459065782,0.269));
#4309=CARTESIAN_POINT('',(0.0223252020328358,0.00239675459065782,0.27));
#4310=CARTESIAN_POINT('',(0.022113342223808,0.00229692820176893,0.269));
#4311=CARTESIAN_POINT('',(0.022113342223808,0.00229692820176893,0.27));
#4312=CARTESIAN_POINT('',(0.0219543795501968,0.0021374229934356,0.269));
#4313=CARTESIAN_POINT('',(0.0219543795501968,0.0021374229934356,0.27));
#4314=CARTESIAN_POINT('',(0.0225899589772802,0.00243690216010227,0.269));
#4315=CARTESIAN_POINT('',(0.0225899589772802,0.00243690216010227,0.269));
#4316=CARTESIAN_POINT('',(0.0225899589772802,0.00243690216010227,0.269));
#4317=CARTESIAN_POINT('',(0.0221928235606135,0.0023766808059356,0.269));
#4318=CARTESIAN_POINT('',(0.0219543795501968,0.0021374229934356,0.269));
#4319=CARTESIAN_POINT('',(0.0225899589772802,0.00293006622260227,0.269));
#4320=CARTESIAN_POINT('',(0.0225899589772802,0.00342283688773568,0.269));
#4321=CARTESIAN_POINT('',(0.0225899589772802,0.00342283688773568,0.269));
#4322=CARTESIAN_POINT('',(0.0225899589772802,0.00293006622260227,0.269));
#4323=CARTESIAN_POINT('',(0.0228547525365384,0.000573671909216699,0.269));
#4324=CARTESIAN_POINT('',(0.0218323092376968,0.0032458214309356,0.269));
#4325=CARTESIAN_POINT('',(0.0218323244639317,0.00324577968607267,0.269));
#4326=CARTESIAN_POINT('',(0.0228547525365384,0.000573671909216699,0.269));
#4327=CARTESIAN_POINT('',(0.0224768691576464,0.00154560138999518,0.269));
#4328=CARTESIAN_POINT('',(0.0212268404876968,0.0028649620559356,0.269));
#4329=CARTESIAN_POINT('',(0.0212267110011377,0.00286509782333854,0.269));
#4330=CARTESIAN_POINT('',(0.0224768691576464,0.00154560138999518,0.269));
#4331=CARTESIAN_POINT('',(0.022496689361303,0.00155651917599374,0.269));
#4332=CARTESIAN_POINT('',(0.022496689361303,0.00155651917599374,0.269));
#4333=CARTESIAN_POINT('',(0.,0.,0.269));
#4334=CARTESIAN_POINT('',(0.020644581393875,-0.00515926719791039,0.269));
#4335=CARTESIAN_POINT('',(0.023791182998536,-0.000167321360317082,0.269));
#4336=CARTESIAN_POINT('',(0.0237911829985375,-0.000167321360338306,0.269));
#4337=CARTESIAN_POINT('',(0.020644581393875,-0.00515926719791039,0.269));
#4338=CARTESIAN_POINT('',(0.0243143627716686,-0.000538412629475851,0.26900000025));
#4339=CARTESIAN_POINT('',(0.0243144055918636,-0.000538358256564401,0.269));
#4340=CARTESIAN_POINT('',(0.0188775123603311,0.00560655965357714,0.269));
#4341=CARTESIAN_POINT('',(0.0241817558522802,0.000189180805935599,0.269));
#4342=CARTESIAN_POINT('',(0.024181716015476,0.000189221653228105,0.269));
#4343=CARTESIAN_POINT('',(0.0188775123603311,0.00560655965357714,0.269));
#4344=CARTESIAN_POINT('',(0.022047533969141,0.00239015623900629,0.269));
#4345=CARTESIAN_POINT('',(0.0245333183522802,0.000596081847602265,0.269));
#4346=CARTESIAN_POINT('',(0.0245333042879953,0.000596092150925892,0.269));
#4347=CARTESIAN_POINT('',(0.022047533969141,0.00239015623900629,0.269));
#4348=CARTESIAN_POINT('',(0.0227061274781659,0.00191829425688899,0.269));
#4349=CARTESIAN_POINT('',(0.0247823417897802,0.00103797637885226,0.269));
#4350=CARTESIAN_POINT('',(0.0247823537236442,0.00103797136498796,0.269));
#4351=CARTESIAN_POINT('',(0.0227061274781659,0.00191829425688899,0.269));
#4352=CARTESIAN_POINT('',(0.0236693762460804,0.00151052124732405,0.269));
#4353=CARTESIAN_POINT('',(0.0248783704356135,0.00151079538926893,0.269));
#4354=CARTESIAN_POINT('',(0.0248782784246435,0.00151065884755748,0.269));
#4355=CARTESIAN_POINT('',(0.0236693762460804,0.00151052124732405,0.269));
#4356=CARTESIAN_POINT('',(0.0224674151201895,0.00152141020296819,0.269));
#4357=CARTESIAN_POINT('',(0.0247766451751969,0.0022131065871856,0.269));
#4358=CARTESIAN_POINT('',(0.0247766903624356,0.00221312008815735,0.269));
#4359=CARTESIAN_POINT('',(0.0224674151201895,0.00152141020296819,0.269));
#4360=CARTESIAN_POINT('',(0.0231341502064078,0.00172037821432224,0.269));
#4361=CARTESIAN_POINT('',(0.0244511243418636,0.0028185753371856,0.269));
#4362=CARTESIAN_POINT('',(0.0244513868082396,0.0028187994635518,0.269));
#4363=CARTESIAN_POINT('',(0.0231341502064078,0.00172037821432224,0.269));
#4364=CARTESIAN_POINT('',(0.0232260102165734,0.00177444239209101,0.269));
#4365=CARTESIAN_POINT('',(0.0238716972585302,0.0032507042434356,0.269));
#4366=CARTESIAN_POINT('',(0.0238716972585302,0.0032507042434356,0.269));
#4367=CARTESIAN_POINT('',(0.0232260102165734,0.00177444239209101,0.269));
#4368=CARTESIAN_POINT('',(0.0230066256439469,0.00343462351426893,0.269));
#4369=CARTESIAN_POINT('',(0.0230066256439469,0.00343462351426893,0.27));
#4370=CARTESIAN_POINT('',(0.023346252380058,0.00342051761149115,0.269));
#4371=CARTESIAN_POINT('',(0.023346252380058,0.00342051761149115,0.27));
#4372=CARTESIAN_POINT('',(0.0236346095849191,0.00335921118788004,0.269));
#4373=CARTESIAN_POINT('',(0.0236346095849191,0.00335921118788004,0.27));
#4374=CARTESIAN_POINT('',(0.0238716972585302,0.0032507042434356,0.269));
#4375=CARTESIAN_POINT('',(0.0238716972585302,0.0032507042434356,0.27));
#4376=CARTESIAN_POINT('',(0.0230066256439469,0.00343462351426893,0.269));
#4377=CARTESIAN_POINT('',(0.0230066256439469,0.00343462351426893,0.269));
#4378=CARTESIAN_POINT('',(0.0230066256439469,0.00343462351426893,0.269));
#4379=CARTESIAN_POINT('',(0.0235160657481136,0.00341346466010227,0.269));
#4380=CARTESIAN_POINT('',(0.0238716972585302,0.0032507042434356,0.269));
#4381=CARTESIAN_POINT('',(0.0230066256439469,0.0029406456496856,0.269));
#4382=CARTESIAN_POINT('',(0.0230066256439469,0.00244666778510226,0.269));
#4383=CARTESIAN_POINT('',(0.0230066256439469,0.00244666778510226,0.269));
#4384=CARTESIAN_POINT('',(0.0230066256439469,0.0029406456496856,0.269));
#4385=CARTESIAN_POINT('',(0.0235974459564469,0.00222368601426893,0.269));
#4386=CARTESIAN_POINT('',(0.0235974459564469,0.00222368601426893,0.27));
#4387=CARTESIAN_POINT('',(0.0234346855397802,0.00235931969482449,0.269));
#4388=CARTESIAN_POINT('',(0.0234346855397802,0.00235931969482449,0.27));
#4389=CARTESIAN_POINT('',(0.0232377454356135,0.00243364695176893,0.269));
#4390=CARTESIAN_POINT('',(0.0232377454356135,0.00243364695176893,0.27));
#4391=CARTESIAN_POINT('',(0.0230066256439469,0.00244666778510226,0.269));
#4392=CARTESIAN_POINT('',(0.0230066256439469,0.00244666778510226,0.27));
#4393=CARTESIAN_POINT('',(0.0235974459564469,0.00222368601426893,0.269));
#4394=CARTESIAN_POINT('',(0.0235974459564469,0.00222368601426893,0.269));
#4395=CARTESIAN_POINT('',(0.0235974459564469,0.00222368601426893,0.269));
#4396=CARTESIAN_POINT('',(0.0233533053314468,0.00242713653510226,0.269));
#4397=CARTESIAN_POINT('',(0.0230066256439469,0.00244666778510226,0.269));
#4398=CARTESIAN_POINT('',(0.0238415865814469,0.00149126413926893,0.269));
#4399=CARTESIAN_POINT('',(0.0238415865814469,0.00149126413926893,0.27));
#4400=CARTESIAN_POINT('',(0.0238415865814469,0.00184391170871338,0.269));
#4401=CARTESIAN_POINT('',(0.0238415865814469,0.00184391170871338,0.27));
#4402=CARTESIAN_POINT('',(0.0237602063731135,0.00208805233371338,0.269));
#4403=CARTESIAN_POINT('',(0.0237602063731135,0.00208805233371338,0.27));
#4404=CARTESIAN_POINT('',(0.0235974459564469,0.00222368601426893,0.269));
#4405=CARTESIAN_POINT('',(0.0235974459564469,0.00222368601426893,0.27));
#4406=CARTESIAN_POINT('',(0.0238415865814469,0.00149126413926893,0.269));
#4407=CARTESIAN_POINT('',(0.0238415865814469,0.00149126413926893,0.269));
#4408=CARTESIAN_POINT('',(0.0238415865814469,0.00149126413926893,0.269));
#4409=CARTESIAN_POINT('',(0.0238415865814469,0.0020202354934356,0.269));
#4410=CARTESIAN_POINT('',(0.0235974459564469,0.00222368601426893,0.269));
#4411=CARTESIAN_POINT('',(0.0236177910085302,0.000758028462185599,0.269));
#4412=CARTESIAN_POINT('',(0.0236177910085302,0.000758028462185599,0.27));
#4413=CARTESIAN_POINT('',(0.0237669880571413,0.000961478983018933,0.269));
#4414=CARTESIAN_POINT('',(0.0237669880571413,0.000961478983018933,0.27));
#4415=CARTESIAN_POINT('',(0.0238415865814469,0.00120589087538004,0.269));
#4416=CARTESIAN_POINT('',(0.0238415865814469,0.00120589087538004,0.27));
#4417=CARTESIAN_POINT('',(0.0238415865814469,0.00149126413926893,0.269));
#4418=CARTESIAN_POINT('',(0.0238415865814469,0.00149126413926893,0.27));
#4419=CARTESIAN_POINT('',(0.0236177910085302,0.000758028462185599,0.269));
#4420=CARTESIAN_POINT('',(0.0236177910085302,0.000758028462185599,0.269));
#4421=CARTESIAN_POINT('',(0.0236177910085302,0.000758028462185599,0.269));
#4422=CARTESIAN_POINT('',(0.0238415865814469,0.0010632042434356,0.269));
#4423=CARTESIAN_POINT('',(0.0238415865814469,0.00149126413926893,0.269));
#4424=CARTESIAN_POINT('',(0.0211762662782558,0.00252472842605983,0.269));
#4425=CARTESIAN_POINT('',(0.0231292273629435,0.00022990516014653,0.269));
#4426=CARTESIAN_POINT('',(0.0231292273629435,0.00022990516014653,0.269));
#4427=CARTESIAN_POINT('',(0.0211762662782558,0.00252472842605983,0.269));
#4428=CARTESIAN_POINT('',(0.0234866108704543,0.000986569061859599,0.269));
#4429=CARTESIAN_POINT('',(0.0230066256439469,0.000301093012729554,0.269));
#4430=CARTESIAN_POINT('',(0.0230066256439469,0.000301093012729554,0.269));
#4431=CARTESIAN_POINT('',(0.0234866108704543,0.000986569061859599,0.269));
#4432=CARTESIAN_POINT('',(0.0230066256439469,-0.000329211121147735,0.269));
#4433=CARTESIAN_POINT('',(0.0230066256439469,-0.000960772028243534,0.269));
#4434=CARTESIAN_POINT('',(0.0230066256439469,-0.000960772028243534,0.269));
#4435=CARTESIAN_POINT('',(0.0230066256439469,-0.000329211121147735,0.269));
#4436=CARTESIAN_POINT('',(0.0207775331432169,-0.00459046037639087,0.269));
#4437=CARTESIAN_POINT('',(0.0237545097585302,-0.00154503143364774,0.269));
#4438=CARTESIAN_POINT('',(0.0237545097585302,-0.00154503143364774,0.269));
#4439=CARTESIAN_POINT('',(0.0207775331432169,-0.00459046037639087,0.269));
#4440=CARTESIAN_POINT('',(0.0240645683522802,-0.0022619910690644,0.269));
#4441=CARTESIAN_POINT('',(0.0240645683522802,-0.0022619910690644,0.27));
#4442=CARTESIAN_POINT('',(0.0240645683522802,-0.00199072370795329,0.269));
#4443=CARTESIAN_POINT('',(0.0240645683522802,-0.00199072370795329,0.27));
#4444=CARTESIAN_POINT('',(0.0239612154876969,-0.0017517371628144,0.269));
#4445=CARTESIAN_POINT('',(0.0239612154876969,-0.0017517371628144,0.27));
#4446=CARTESIAN_POINT('',(0.0237545097585302,-0.00154503143364774,0.269));
#4447=CARTESIAN_POINT('',(0.0237545097585302,-0.00154503143364774,0.27));
#4448=CARTESIAN_POINT('',(0.0240645683522802,-0.0022619910690644,0.269));
#4449=CARTESIAN_POINT('',(0.0240645683522802,-0.0022619910690644,0.269));
#4450=CARTESIAN_POINT('',(0.0240645683522802,-0.0022619910690644,0.269));
#4451=CARTESIAN_POINT('',(0.0240645683522802,-0.00185509002739774,0.269));
#4452=CARTESIAN_POINT('',(0.0237545097585302,-0.00154503143364774,0.269));
#4453=CARTESIAN_POINT('',(0.0233205406306797,-0.00225985920955128,0.269));
#4454=CARTESIAN_POINT('',(0.0239831881439469,-0.0025989051315644,0.269));
#4455=CARTESIAN_POINT('',(0.0239831923486194,-0.00259890692453493,0.269));
#4456=CARTESIAN_POINT('',(0.0233205406306797,-0.00225985920955128,0.269));
#4457=CARTESIAN_POINT('',(0.0230104594276139,-0.00210370161125219,0.269));
#4458=CARTESIAN_POINT('',(0.0237593925710302,-0.00289838429823107,0.269));
#4459=CARTESIAN_POINT('',(0.0237593591121672,-0.00289834787950542,0.269));
#4460=CARTESIAN_POINT('',(0.0230104594276139,-0.00210370161125219,0.269));
#4461=CARTESIAN_POINT('',(0.0228673461563814,-0.00196076185718955,0.269));
#4462=CARTESIAN_POINT('',(0.0234289889251969,-0.00312706268364774,0.269));
#4463=CARTESIAN_POINT('',(0.0234290364057363,-0.00312716446147074,0.269));
#4464=CARTESIAN_POINT('',(0.0228673461563814,-0.00196076185718955,0.269));
#4465=CARTESIAN_POINT('',(0.0229251012083566,-0.002065183415312,0.269));
#4466=CARTESIAN_POINT('',(0.0230066256439469,-0.00323811801197293,0.269));
#4467=CARTESIAN_POINT('',(0.0230066256439469,-0.00323811801197293,0.269));
#4468=CARTESIAN_POINT('',(0.0229251012083566,-0.002065183415312,0.269));
#4469=CARTESIAN_POINT('',(0.0230066256439469,-0.0037219520065644,0.269));
#4470=CARTESIAN_POINT('',(0.0230066256439469,-0.004205072879651,0.269));
#4471=CARTESIAN_POINT('',(0.0230066256439469,-0.004205072879651,0.269));
#4472=CARTESIAN_POINT('',(0.0230066256439469,-0.0037219520065644,0.269));
#4473=CARTESIAN_POINT('',(0.0229077789150944,-0.00170983278813227,0.269));
#4474=CARTESIAN_POINT('',(0.0238358899668636,-0.00402794158989773,0.269));
#4475=CARTESIAN_POINT('',(0.0238358492117792,-0.0040278362734749,0.269));
#4476=CARTESIAN_POINT('',(0.0229077789150944,-0.00170983278813227,0.269));
#4477=CARTESIAN_POINT('',(0.0229840706768074,-0.00186884842609381,0.269));
#4478=CARTESIAN_POINT('',(0.0245227389251969,-0.00360557830864773,0.269));
#4479=CARTESIAN_POINT('',(0.0245228529669435,-0.00360570674183808,0.269));
#4480=CARTESIAN_POINT('',(0.0229840706768074,-0.00186884842609381,0.269));
#4481=CARTESIAN_POINT('',(0.0232350255908909,-0.00217649529782258,0.269));
#4482=CARTESIAN_POINT('',(0.0249906751231136,-0.00296430226698107,0.269));
#4483=CARTESIAN_POINT('',(0.0249906751231136,-0.00296430226698107,0.269));
#4484=CARTESIAN_POINT('',(0.0232350255908909,-0.00217649529782258,0.269));
#4485=CARTESIAN_POINT('',(0.0251632011647802,-0.0021203895065644,0.269));
#4486=CARTESIAN_POINT('',(0.0251632011647802,-0.0021203895065644,0.27));
#4487=CARTESIAN_POINT('',(0.0251632011647802,-0.00243180443711996,0.269));
#4488=CARTESIAN_POINT('',(0.0251632011647802,-0.00243180443711996,0.27));
#4489=CARTESIAN_POINT('',(0.0251056924842246,-0.00271310869059218,0.269));
#4490=CARTESIAN_POINT('',(0.0251056924842246,-0.00271310869059218,0.27));
#4491=CARTESIAN_POINT('',(0.0249906751231136,-0.00296430226698107,0.269));
#4492=CARTESIAN_POINT('',(0.0249906751231136,-0.00296430226698107,0.27));
#4493=CARTESIAN_POINT('',(0.0251632011647802,-0.0021203895065644,0.269));
#4494=CARTESIAN_POINT('',(0.0251632011647802,-0.0021203895065644,0.269));
#4495=CARTESIAN_POINT('',(0.0251632011647802,-0.0021203895065644,0.269));
#4496=CARTESIAN_POINT('',(0.0251632011647802,-0.00258751190239773,0.269));
#4497=CARTESIAN_POINT('',(0.0249906751231136,-0.00296430226698107,0.269));
#4498=CARTESIAN_POINT('',(0.0234754682686212,-0.00210116746929594,0.269));
#4499=CARTESIAN_POINT('',(0.0250517102793636,-0.0015002723190644,0.269));
#4500=CARTESIAN_POINT('',(0.0250518977476522,-0.0015002019078632,0.269));
#4501=CARTESIAN_POINT('',(0.0234754682686212,-0.00210116746929594,0.269));
#4502=CARTESIAN_POINT('',(0.0231354718927646,-0.00224749826159404,0.269));
#4503=CARTESIAN_POINT('',(0.0247522311126969,-0.000976183777397735,0.269));
#4504=CARTESIAN_POINT('',(0.0247522857723561,-0.000976140572118591,0.269));
#4505=CARTESIAN_POINT('',(0.0231354718927646,-0.00224749826159404,0.269));
#4506=CARTESIAN_POINT('',(0.0226713672514442,-0.00262101577107648,0.269));
#4507=CARTESIAN_POINT('',(0.0226713672514442,-0.00262101577107648,0.269));
#4508=CARTESIAN_POINT('',(0.,0.,0.269));
#4509=CARTESIAN_POINT('',(0.000551513314393234,0.0459966937188322,0.270002));
#4510=CARTESIAN_POINT('',(-0.0264659526406468,0.0384297049878779,0.2555));
#4511=CARTESIAN_POINT('',(-0.0264659526406468,0.0384297049878779,0.241));
#4512=CARTESIAN_POINT('',(-0.00769767435532946,0.0189739093995036,0.241));
#4513=CARTESIAN_POINT('',(-0.00769767435532947,0.0189739093995036,0.2555));
#4514=CARTESIAN_POINT('',(-0.0457660397289121,0.0198116328685414,0.2555));
#4515=CARTESIAN_POINT('',(-0.0269977614435947,0.000355837280167078,0.2555));
#4516=CARTESIAN_POINT('',(-0.0269977614435947,0.000355837280167078,0.27));
#4517=CARTESIAN_POINT('',(0.0354946419005868,-0.0290428202352459,0.239998));
#4518=CARTESIAN_POINT('',(0.0391198059026188,-0.0327708473218388,0.239998));
#4519=CARTESIAN_POINT('',(0.0318694778985546,-0.025314793148653,0.239998));
#4520=CARTESIAN_POINT('',(0.035391778816026,-0.0363960113238709,0.239998));
#4521=CARTESIAN_POINT('',(0.0316637517294331,-0.0400211753259031,0.239998));
#4522=CARTESIAN_POINT('',(0.0280385877274009,-0.0362931482393102,0.239998));
#4523=CARTESIAN_POINT('',(0.0244134237253688,-0.0325651211527172,0.239998));
#4524=CARTESIAN_POINT('',(0.0281414508119617,-0.0289399571506851,0.239998));
#4525=CARTESIAN_POINT('',(0.,0.,0.2998));
#4526=CARTESIAN_POINT('',(0.0607652180285136,0.0246285866012851,0.24725));
#4527=CARTESIAN_POINT('',(0.0607652180285136,0.0246285866012851,0.2545));
#4528=CARTESIAN_POINT('',(0.0626187598708425,0.0253798406453582,0.2545));
#4529=CARTESIAN_POINT('',(0.0626187598708425,0.0253798406453582,0.255));
#4530=CARTESIAN_POINT('',(0.,4.59242549680257E-18,0.2545));
#4531=CARTESIAN_POINT('',(0.0607652180285137,-0.0246285866012851,0.2545));
#4532=CARTESIAN_POINT('',(0.0626187598708426,-0.0253798406453581,0.2545));
#4533=CARTESIAN_POINT('',(0.,4.59242549680257E-18,0.2545));
#4534=CARTESIAN_POINT('',(0.,4.59242549680257E-18,0.255));
#4535=CARTESIAN_POINT('',(0.0626187598708426,-0.0253798406453581,0.255));
#4536=CARTESIAN_POINT('',(0.0607652180285137,-0.024628586601285,0.24725));
#4537=CARTESIAN_POINT('',(-0.0463625872929993,-0.046362587282515,0.26275));
#4538=CARTESIAN_POINT('',(-0.0463625872929993,-0.046362587282515,0.2555));
#4539=CARTESIAN_POINT('',(-0.0477768008555323,-0.0477768008447282,0.2555));
#4540=CARTESIAN_POINT('',(-0.0477768008555323,-0.0477768008447282,0.255));
#4541=CARTESIAN_POINT('',(0.,4.59242549680257E-18,0.2555));
#4542=CARTESIAN_POINT('',(-0.000999961246380977,-0.0655589740427315,0.2555));
#4543=CARTESIAN_POINT('',(-0.00103046339993209,-0.0675587414338619,0.2555));
#4544=CARTESIAN_POINT('',(0.,4.59242549680257E-18,0.2555));
#4545=CARTESIAN_POINT('',(-0.000999961246380947,-0.0655589740427315,0.26275));
#4546=CARTESIAN_POINT('',(-0.00103046339993209,-0.0675587414338619,0.255));
#4547=CARTESIAN_POINT('',(0.,4.59242549680257E-18,0.255));
#4548=CARTESIAN_POINT('',(0.,4.59242549680257E-18,0.2555));
#4549=CARTESIAN_POINT('',(-0.0655665997290526,-2.77555756156289E-17,0.2555));
#4550=CARTESIAN_POINT('',(-0.0675665997290526,-5.54187702750583E-17,0.2555));
#4551=CARTESIAN_POINT('',(-0.0470642744863264,-0.0456501157403301,0.2555));
#4552=CARTESIAN_POINT('',(-0.0484998918488498,-0.0470425965439397,0.2555));
#4553=CARTESIAN_POINT('',(0.,4.59242549680257E-18,0.2555));
#4554=CARTESIAN_POINT('',(-0.0470642744863263,-0.0456501157403301,0.26275));
#4555=CARTESIAN_POINT('',(-0.0484998918488498,-0.0470425965439397,0.255));
#4556=CARTESIAN_POINT('',(-0.0655665997290526,-2.77555756156289E-17,0.26275));
#4557=CARTESIAN_POINT('',(-0.0675665997290526,-5.54187702750583E-17,0.255));
#4558=CARTESIAN_POINT('',(0.,4.59242549680257E-18,0.255));
#4559=CARTESIAN_POINT('',(0.,4.59242549680257E-18,0.2555));
#4560=CARTESIAN_POINT('',(-0.0463625872929993,0.046362587282515,0.2555));
#4561=CARTESIAN_POINT('',(-0.0477768008555323,0.0477768008447282,0.2555));
#4562=CARTESIAN_POINT('',(-0.0655589740429576,0.000999961231555598,0.2555));
#4563=CARTESIAN_POINT('',(-0.067558741434095,0.00103046338465452,0.2555));
#4564=CARTESIAN_POINT('',(0.,4.59242549680257E-18,0.2555));
#4565=CARTESIAN_POINT('',(-0.0655589740429576,0.000999961231555598,0.26275));
#4566=CARTESIAN_POINT('',(-0.067558741434095,0.00103046338465452,0.255));
#4567=CARTESIAN_POINT('',(-0.0463625872929993,0.046362587282515,0.26275));
#4568=CARTESIAN_POINT('',(-0.0477768008555323,0.0477768008447282,0.255));
#4569=CARTESIAN_POINT('',(0.,4.59242549680257E-18,0.255));
#4570=CARTESIAN_POINT('',(-1.48270890031317E-11,0.0655665997290526,0.26275));
#4571=CARTESIAN_POINT('',(-1.48270890031317E-11,0.0655665997290526,0.2555));
#4572=CARTESIAN_POINT('',(-1.52793646759409E-11,0.0675665997290526,0.2555));
#4573=CARTESIAN_POINT('',(-1.52793646759409E-11,0.0675665997290526,0.255));
#4574=CARTESIAN_POINT('',(0.,4.59242549680257E-18,0.2555));
#4575=CARTESIAN_POINT('',(-0.0456501157509731,0.0470642744760032,0.2555));
#4576=CARTESIAN_POINT('',(-0.0470425965549073,0.0484998918382117,0.2555));
#4577=CARTESIAN_POINT('',(0.,4.59242549680257E-18,0.2555));
#4578=CARTESIAN_POINT('',(-0.0456501157509731,0.0470642744760032,0.26275));
#4579=CARTESIAN_POINT('',(-0.0470425965549073,0.0484998918382117,0.255));
#4580=CARTESIAN_POINT('',(0.,4.59242549680257E-18,0.255));
#4581=CARTESIAN_POINT('',(0.,4.59242549680257E-18,0.2555));
#4582=CARTESIAN_POINT('',(0.0655665997290526,2.9654182598689E-11,0.2555));
#4583=CARTESIAN_POINT('',(0.0675665997290526,3.05587039387093E-11,0.2555));
#4584=CARTESIAN_POINT('',(0.04706427446568,0.045650115761616,0.2555));
#4585=CARTESIAN_POINT('',(0.0484998918275736,0.0470425965658749,0.2555));
#4586=CARTESIAN_POINT('',(0.,4.59242549680257E-18,0.2555));
#4587=CARTESIAN_POINT('',(0.04706427446568,0.045650115761616,0.26275));
#4588=CARTESIAN_POINT('',(0.0484998918275736,0.0470425965658749,0.255));
#4589=CARTESIAN_POINT('',(0.0655665997290526,2.96541534812695E-11,0.26275));
#4590=CARTESIAN_POINT('',(0.0675665997290526,3.05587039387093E-11,0.255));
#4591=CARTESIAN_POINT('',(0.,4.59242549680257E-18,0.255));
#4592=CARTESIAN_POINT('',(0.000999961216730248,0.0655589740431837,0.26275));
#4593=CARTESIAN_POINT('',(0.000999961216730248,0.0655589740431837,0.2555));
#4594=CARTESIAN_POINT('',(0.00103046336937695,0.067558741434328,0.2555));
#4595=CARTESIAN_POINT('',(0.00103046336937695,0.067558741434328,0.255));
#4596=CARTESIAN_POINT('',(0.0463625872720307,0.0463625873034836,0.26275));
#4597=CARTESIAN_POINT('',(0.0463625872720307,0.0463625873034836,0.2555));
#4598=CARTESIAN_POINT('',(0.047776800833924,0.0477768008663365,0.2555));
#4599=CARTESIAN_POINT('',(0.047776800833924,0.0477768008663365,0.255));
#4600=CARTESIAN_POINT('',(0.,4.59242549680257E-18,0.2555));
#4601=CARTESIAN_POINT('',(0.,4.59242549680257E-18,0.2555));
#4602=CARTESIAN_POINT('',(0.,4.59242549680257E-18,0.255));
#4603=CARTESIAN_POINT('',(0.,4.59242549680257E-18,0.2555));
#4604=CARTESIAN_POINT('',(-1.48270453270025E-11,-0.0655665997290526,0.2555));
#4605=CARTESIAN_POINT('',(-1.5279318121299E-11,-0.0675665997290526,0.2555));
#4606=CARTESIAN_POINT('',(0.0456501157296871,-0.0470642744966496,0.2555));
#4607=CARTESIAN_POINT('',(0.047042596532972,-0.0484998918594879,0.2555));
#4608=CARTESIAN_POINT('',(0.,4.59242549680257E-18,0.2555));
#4609=CARTESIAN_POINT('',(0.0456501157296871,-0.0470642744966496,0.26275));
#4610=CARTESIAN_POINT('',(0.047042596532972,-0.0484998918594879,0.255));
#4611=CARTESIAN_POINT('',(-1.4827043826527E-11,-0.0655665997290526,0.26275));
#4612=CARTESIAN_POINT('',(-1.5279318121299E-11,-0.0675665997290526,0.255));
#4613=CARTESIAN_POINT('',(0.,4.59242549680257E-18,0.255));
#4614=CARTESIAN_POINT('',(0.,4.59242549680257E-18,0.2555));
#4615=CARTESIAN_POINT('',(0.0463625872720307,-0.0463625873034836,0.2555));
#4616=CARTESIAN_POINT('',(0.0477768008339241,-0.0477768008663364,0.2555));
#4617=CARTESIAN_POINT('',(0.0655589740425053,-0.000999961261206323,0.2555));
#4618=CARTESIAN_POINT('',(0.0675587414336289,-0.00103046341520964,0.2555));
#4619=CARTESIAN_POINT('',(0.,4.59242549680257E-18,0.2555));
#4620=CARTESIAN_POINT('',(0.0655589740425053,-0.000999961261206307,0.26275));
#4621=CARTESIAN_POINT('',(0.0675587414336289,-0.00103046341520964,0.255));
#4622=CARTESIAN_POINT('',(0.0463625872720307,-0.0463625873034836,0.26275));
#4623=CARTESIAN_POINT('',(0.0477768008339241,-0.0477768008663364,0.255));
#4624=CARTESIAN_POINT('',(0.,4.59242549680257E-18,0.255));
#4625=CARTESIAN_POINT('',(0.,4.59242549680257E-18,0.2545));
#4626=CARTESIAN_POINT('',(0.,4.59242549680257E-18,0.2545));
#4627=CARTESIAN_POINT('',(0.0622244071390904,-0.0263318923576474,0.2545));
#4628=CARTESIAN_POINT('',(0.0263318923154338,-0.0622244071569542,0.2545));
#4629=CARTESIAN_POINT('',(0.0603825383048256,-0.0255524571792238,0.2545));
#4630=CARTESIAN_POINT('',(0.0255524571382596,-0.0603825383221607,0.2545));
#4631=CARTESIAN_POINT('',(0.0255524571382596,-0.0603825383221607,0.24725));
#4632=CARTESIAN_POINT('',(0.0263318923154338,-0.0622244071569542,0.255));
#4633=CARTESIAN_POINT('',(0.0603825383048256,-0.0255524571792238,0.24725));
#4634=CARTESIAN_POINT('',(0.0622244071390904,-0.0263318923576474,0.255));
#4635=CARTESIAN_POINT('',(0.,4.59242549680257E-18,0.255));
#4636=CARTESIAN_POINT('',(-0.025552457165569,-0.060382538310604,0.24725));
#4637=CARTESIAN_POINT('',(-0.025552457165569,-0.060382538310604,0.2545));
#4638=CARTESIAN_POINT('',(-0.0263318923435761,-0.062224407145045,0.2545));
#4639=CARTESIAN_POINT('',(-0.0263318923435761,-0.062224407145045,0.255));
#4640=CARTESIAN_POINT('',(0.,4.59242549680257E-18,0.2545));
#4641=CARTESIAN_POINT('',(0.,4.59242549680257E-18,0.2545));
#4642=CARTESIAN_POINT('',(-0.0622244071509996,-0.026331892329505,0.2545));
#4643=CARTESIAN_POINT('',(-0.0603825383163824,-0.0255524571519143,0.2545));
#4644=CARTESIAN_POINT('',(-0.0603825383163824,-0.0255524571519143,0.24725));
#4645=CARTESIAN_POINT('',(-0.0622244071509996,-0.026331892329505,0.255));
#4646=CARTESIAN_POINT('',(0.,4.59242549680257E-18,0.255));
#4647=CARTESIAN_POINT('',(0.,4.59242549680257E-18,0.2545));
#4648=CARTESIAN_POINT('',(0.,4.59242549680257E-18,0.2545));
#4649=CARTESIAN_POINT('',(-0.0622244071509996,0.026331892329505,0.2545));
#4650=CARTESIAN_POINT('',(-0.0263318923435762,0.062224407145045,0.2545));
#4651=CARTESIAN_POINT('',(-0.0603825383163824,0.0255524571519143,0.2545));
#4652=CARTESIAN_POINT('',(-0.025552457165569,0.060382538310604,0.2545));
#4653=CARTESIAN_POINT('',(-0.025552457165569,0.060382538310604,0.24725));
#4654=CARTESIAN_POINT('',(-0.0263318923435762,0.062224407145045,0.255));
#4655=CARTESIAN_POINT('',(-0.0603825383163824,0.0255524571519143,0.24725));
#4656=CARTESIAN_POINT('',(-0.0622244071509996,0.026331892329505,0.255));
#4657=CARTESIAN_POINT('',(0.,4.59242549680257E-18,0.255));
#4658=CARTESIAN_POINT('',(0.,4.59242549680257E-18,0.2545));
#4659=CARTESIAN_POINT('',(0.,4.59242549680257E-18,0.2545));
#4660=CARTESIAN_POINT('',(0.0263318923154337,0.0622244071569542,0.2545));
#4661=CARTESIAN_POINT('',(0.0622244071390903,0.0263318923576475,0.2545));
#4662=CARTESIAN_POINT('',(0.0255524571382595,0.0603825383221608,0.2545));
#4663=CARTESIAN_POINT('',(0.0603825383048256,0.0255524571792238,0.2545));
#4664=CARTESIAN_POINT('',(0.0603825383048256,0.0255524571792238,0.24725));
#4665=CARTESIAN_POINT('',(0.0622244071390903,0.0263318923576475,0.255));
#4666=CARTESIAN_POINT('',(0.0255524571382595,0.0603825383221608,0.24725));
#4667=CARTESIAN_POINT('',(0.0263318923154337,0.0622244071569542,0.255));
#4668=CARTESIAN_POINT('',(0.,4.59242549680257E-18,0.255));
#4669=CARTESIAN_POINT('',(0.,4.59242549680257E-18,0.2545));
#4670=CARTESIAN_POINT('',(0.,4.59242549680257E-18,0.2545));
#4671=CARTESIAN_POINT('',(-0.0253798406311978,0.0626187598765818,0.2545));
#4672=CARTESIAN_POINT('',(0.0253798406028768,0.0626187598880605,0.2545));
#4673=CARTESIAN_POINT('',(-0.0246285865875439,0.0607652180340831,0.2545));
#4674=CARTESIAN_POINT('',(0.0246285865600613,0.060765218045222,0.2545));
#4675=CARTESIAN_POINT('',(0.0246285865600613,0.060765218045222,0.24725));
#4676=CARTESIAN_POINT('',(0.0253798406028768,0.0626187598880605,0.255));
#4677=CARTESIAN_POINT('',(-0.0246285865875439,0.0607652180340831,0.24725));
#4678=CARTESIAN_POINT('',(-0.0253798406311978,0.0626187598765818,0.255));
#4679=CARTESIAN_POINT('',(0.,4.59242549680257E-18,0.255));
#4680=CARTESIAN_POINT('',(0.,4.59242549680257E-18,0.2545));
#4681=CARTESIAN_POINT('',(0.,4.59242549680257E-18,0.2545));
#4682=CARTESIAN_POINT('',(-0.0626187598823211,-0.0253798406170374,0.2545));
#4683=CARTESIAN_POINT('',(-0.0626187598823212,0.0253798406170373,0.2545));
#4684=CARTESIAN_POINT('',(-0.0607652180396525,-0.0246285865738026,0.2545));
#4685=CARTESIAN_POINT('',(-0.0607652180396525,0.0246285865738026,0.2545));
#4686=CARTESIAN_POINT('',(-0.0607652180396525,0.0246285865738026,0.24725));
#4687=CARTESIAN_POINT('',(-0.0626187598823212,0.0253798406170373,0.255));
#4688=CARTESIAN_POINT('',(-0.0607652180396525,-0.0246285865738027,0.24725));
#4689=CARTESIAN_POINT('',(-0.0626187598823211,-0.0253798406170374,0.255));
#4690=CARTESIAN_POINT('',(0.,4.59242549680257E-18,0.255));
#4691=CARTESIAN_POINT('',(0.,4.59242549680257E-18,0.2545));
#4692=CARTESIAN_POINT('',(0.,4.59242549680257E-18,0.2545));
#4693=CARTESIAN_POINT('',(0.0253798406028769,-0.0626187598880605,0.2545));
#4694=CARTESIAN_POINT('',(-0.0253798406311977,-0.0626187598765819,0.2545));
#4695=CARTESIAN_POINT('',(0.0246285865600613,-0.060765218045222,0.2545));
#4696=CARTESIAN_POINT('',(-0.0246285865875439,-0.0607652180340831,0.2545));
#4697=CARTESIAN_POINT('',(-0.0246285865875438,-0.0607652180340831,0.24725));
#4698=CARTESIAN_POINT('',(-0.0253798406311977,-0.0626187598765819,0.255));
#4699=CARTESIAN_POINT('',(0.0246285865600613,-0.060765218045222,0.24725));
#4700=CARTESIAN_POINT('',(0.0253798406028769,-0.0626187598880605,0.255));
#4701=CARTESIAN_POINT('',(0.,4.59242549680257E-18,0.255));
#4702=MECHANICAL_DESIGN_GEOMETRIC_PRESENTATION_REPRESENTATION('',(#2709),
#4703);
#4703=(
GEOMETRIC_REPRESENTATION_CONTEXT(3)
GLOBAL_UNCERTAINTY_ASSIGNED_CONTEXT((#4704))
GLOBAL_UNIT_ASSIGNED_CONTEXT((#4707,#4706,#4705))
REPRESENTATION_CONTEXT('stage_8','TOP_LEVEL_ASSEMBLY_PART')
);
#4704=UNCERTAINTY_MEASURE_WITH_UNIT(LENGTH_MEASURE(2.E-5),#4707,
'DISTANCE_ACCURACY_VALUE','Maximum Tolerance applied to model');
#4705=(
NAMED_UNIT(*)
SI_UNIT($,.STERADIAN.)
SOLID_ANGLE_UNIT()
);
#4706=(
NAMED_UNIT(*)
PLANE_ANGLE_UNIT()
SI_UNIT($,.RADIAN.)
);
#4707=(
LENGTH_UNIT()
NAMED_UNIT(*)
SI_UNIT($,.METRE.)
);
#4708=PRODUCT_DEFINITION_SHAPE('','',#4709);
#4709=PRODUCT_DEFINITION('','',#4711,#4710);
#4710=PRODUCT_DEFINITION_CONTEXT('',#4717,'design');
#4711=PRODUCT_DEFINITION_FORMATION_WITH_SPECIFIED_SOURCE('','',#4713,
 .NOT_KNOWN.);
#4712=PRODUCT_RELATED_PRODUCT_CATEGORY('','',(#4713));
#4713=PRODUCT('stage_8','stage_8','stage_8',(#4715));
#4714=PRODUCT_CATEGORY('','');
#4715=PRODUCT_CONTEXT('',#4717,'mechanical');
#4716=APPLICATION_PROTOCOL_DEFINITION('international standard',
'ap242_managed_model_based_3d_engineering',2020,#4717);
#4717=APPLICATION_CONTEXT('managed model based 3d engineering');
ENDSEC;
END-ISO-10303-21;
