ISO-10303-21;
HEADER;
/* Generated by software containing ST-Developer
 * from STEP Tools, Inc. (www.steptools.com) 
 */
/* OPTION: using custom renumber hook */

FILE_DESCRIPTION(
/* description */ ('STEP AP242 Edition 2',
'CAx-IF Rec.Pracs.---Representation and Presentation of Product Manufa
cturing Information (PMI)---4.0---2014-10-13',
'CAx-IF Rec.Pracs.---3D Tessellated Geometry---0.4---2014-09-14','2;1',
'CAx-IF Rec.Pracs.---User Defined Attributes---1.5---2016-08-15'),
/* implementation_level */ '2;1');

FILE_NAME(
/* name */ '6969531f921b1754beb84525',
/* time_stamp */ '2026-01-15T20:50:40Z',
/* author */ (''),
/* organization */ (''),
/* preprocessor_version */ 'ST-DEVELOPER v20',
/* originating_system */ 'ONSHAPE BY PTC INC, 1.209',
/* authorisation */ '  ');

FILE_SCHEMA (('AP242_MANAGED_MODEL_BASED_3D_ENGINEERING_MIM_LF { 1 0 10303 442 3 1 4 }'));
ENDSEC;

DATA;
#10=SHAPE_REPRESENTATION_RELATIONSHIP('','',#1799,#11);
#11=ADVANCED_BREP_SHAPE_REPRESENTATION('',(#1797),#2985);
#12=PLANE('',#1834);
#13=PLANE('',#1835);
#14=PLANE('',#1836);
#15=PLANE('',#1837);
#16=PLANE('',#1838);
#17=PLANE('',#1847);
#18=PLANE('',#1848);
#19=PLANE('',#1849);
#20=PLANE('',#1850);
#21=PLANE('',#1859);
#22=PLANE('',#1860);
#23=PLANE('',#1861);
#24=PLANE('',#1862);
#25=PLANE('',#1863);
#26=PLANE('',#1864);
#27=PLANE('',#1865);
#28=PLANE('',#1866);
#29=PLANE('',#1867);
#30=PLANE('',#1868);
#31=PLANE('',#1869);
#32=PLANE('',#1870);
#33=PLANE('',#1871);
#34=PLANE('',#1872);
#35=PLANE('',#1873);
#36=PLANE('',#1874);
#37=PLANE('',#1875);
#38=PLANE('',#1876);
#39=PLANE('',#1877);
#40=PLANE('',#1880);
#41=PLANE('',#1881);
#42=PLANE('',#1883);
#43=PLANE('',#1884);
#44=PLANE('',#1886);
#45=PLANE('',#1888);
#46=PLANE('',#1889);
#47=PLANE('',#1891);
#48=PLANE('',#1893);
#49=PLANE('',#1894);
#50=PLANE('',#1896);
#51=PLANE('',#1898);
#52=PLANE('',#1899);
#53=PLANE('',#1901);
#54=PLANE('',#1903);
#55=PLANE('',#1904);
#56=PLANE('',#1906);
#57=PLANE('',#1907);
#58=PLANE('',#1909);
#59=PLANE('',#1911);
#60=PLANE('',#1913);
#61=PLANE('',#1914);
#62=PLANE('',#1916);
#63=PLANE('',#1918);
#64=PLANE('',#1919);
#65=PLANE('',#1921);
#66=PLANE('',#1923);
#67=PLANE('',#1924);
#68=PLANE('',#1926);
#69=PLANE('',#1927);
#70=PLANE('',#1929);
#71=PLANE('',#1931);
#72=PLANE('',#1933);
#73=PLANE('',#1934);
#74=PLANE('',#1936);
#75=PLANE('',#1938);
#76=PLANE('',#1939);
#77=PLANE('',#1941);
#78=PLANE('',#1943);
#79=PLANE('',#1944);
#80=PLANE('',#1946);
#81=PLANE('',#1948);
#82=PLANE('',#1949);
#83=PLANE('',#1951);
#84=PLANE('',#1953);
#85=PLANE('',#1954);
#86=LINE('',#2467,#280);
#87=LINE('',#2471,#281);
#88=LINE('',#2475,#282);
#89=LINE('',#2479,#283);
#90=LINE('',#2483,#284);
#91=LINE('',#2487,#285);
#92=LINE('',#2491,#286);
#93=LINE('',#2495,#287);
#94=LINE('',#2499,#288);
#95=LINE('',#2503,#289);
#96=LINE('',#2507,#290);
#97=LINE('',#2511,#291);
#98=LINE('',#2515,#292);
#99=LINE('',#2519,#293);
#100=LINE('',#2523,#294);
#101=LINE('',#2527,#295);
#102=LINE('',#2528,#296);
#103=LINE('',#2533,#297);
#104=LINE('',#2537,#298);
#105=LINE('',#2541,#299);
#106=LINE('',#2545,#300);
#107=LINE('',#2549,#301);
#108=LINE('',#2553,#302);
#109=LINE('',#2557,#303);
#110=LINE('',#2561,#304);
#111=LINE('',#2565,#305);
#112=LINE('',#2569,#306);
#113=LINE('',#2573,#307);
#114=LINE('',#2577,#308);
#115=LINE('',#2581,#309);
#116=LINE('',#2585,#310);
#117=LINE('',#2589,#311);
#118=LINE('',#2593,#312);
#119=LINE('',#2596,#313);
#120=LINE('',#2598,#314);
#121=LINE('',#2600,#315);
#122=LINE('',#2602,#316);
#123=LINE('',#2604,#317);
#124=LINE('',#2606,#318);
#125=LINE('',#2608,#319);
#126=LINE('',#2610,#320);
#127=LINE('',#2612,#321);
#128=LINE('',#2614,#322);
#129=LINE('',#2615,#323);
#130=LINE('',#2617,#324);
#131=LINE('',#2620,#325);
#132=LINE('',#2622,#326);
#133=LINE('',#2624,#327);
#134=LINE('',#2625,#328);
#135=LINE('',#2629,#329);
#136=LINE('',#2630,#330);
#137=LINE('',#2634,#331);
#138=LINE('',#2635,#332);
#139=LINE('',#2639,#333);
#140=LINE('',#2640,#334);
#141=LINE('',#2644,#335);
#142=LINE('',#2645,#336);
#143=LINE('',#2649,#337);
#144=LINE('',#2650,#338);
#145=LINE('',#2654,#339);
#146=LINE('',#2655,#340);
#147=LINE('',#2659,#341);
#148=LINE('',#2660,#342);
#149=LINE('',#2664,#343);
#150=LINE('',#2665,#344);
#151=LINE('',#2668,#345);
#152=LINE('',#2670,#346);
#153=LINE('',#2672,#347);
#154=LINE('',#2674,#348);
#155=LINE('',#2676,#349);
#156=LINE('',#2677,#350);
#157=LINE('',#2680,#351);
#158=LINE('',#2682,#352);
#159=LINE('',#2684,#353);
#160=LINE('',#2686,#354);
#161=LINE('',#2688,#355);
#162=LINE('',#2690,#356);
#163=LINE('',#2692,#357);
#164=LINE('',#2694,#358);
#165=LINE('',#2697,#359);
#166=LINE('',#2698,#360);
#167=LINE('',#2700,#361);
#168=LINE('',#2702,#362);
#169=LINE('',#2704,#363);
#170=LINE('',#2706,#364);
#171=LINE('',#2708,#365);
#172=LINE('',#2709,#366);
#173=LINE('',#2711,#367);
#174=LINE('',#2713,#368);
#175=LINE('',#2716,#369);
#176=LINE('',#2718,#370);
#177=LINE('',#2720,#371);
#178=LINE('',#2721,#372);
#179=LINE('',#2723,#373);
#180=LINE('',#2724,#374);
#181=LINE('',#2728,#375);
#182=LINE('',#2729,#376);
#183=LINE('',#2733,#377);
#184=LINE('',#2734,#378);
#185=LINE('',#2738,#379);
#186=LINE('',#2739,#380);
#187=LINE('',#2743,#381);
#188=LINE('',#2744,#382);
#189=LINE('',#2748,#383);
#190=LINE('',#2749,#384);
#191=LINE('',#2753,#385);
#192=LINE('',#2754,#386);
#193=LINE('',#2758,#387);
#194=LINE('',#2759,#388);
#195=LINE('',#2763,#389);
#196=LINE('',#2765,#390);
#197=LINE('',#2767,#391);
#198=LINE('',#2769,#392);
#199=LINE('',#2771,#393);
#200=LINE('',#2773,#394);
#201=LINE('',#2775,#395);
#202=LINE('',#2777,#396);
#203=LINE('',#2779,#397);
#204=LINE('',#2781,#398);
#205=LINE('',#2783,#399);
#206=LINE('',#2785,#400);
#207=LINE('',#2787,#401);
#208=LINE('',#2790,#402);
#209=LINE('',#2793,#403);
#210=LINE('',#2795,#404);
#211=LINE('',#2797,#405);
#212=LINE('',#2800,#406);
#213=LINE('',#2801,#407);
#214=LINE('',#2803,#408);
#215=LINE('',#2805,#409);
#216=LINE('',#2809,#410);
#217=LINE('',#2811,#411);
#218=LINE('',#2813,#412);
#219=LINE('',#2817,#413);
#220=LINE('',#2820,#414);
#221=LINE('',#2822,#415);
#222=LINE('',#2826,#416);
#223=LINE('',#2828,#417);
#224=LINE('',#2831,#418);
#225=LINE('',#2833,#419);
#226=LINE('',#2837,#420);
#227=LINE('',#2839,#421);
#228=LINE('',#2842,#422);
#229=LINE('',#2844,#423);
#230=LINE('',#2848,#424);
#231=LINE('',#2850,#425);
#232=LINE('',#2853,#426);
#233=LINE('',#2855,#427);
#234=LINE('',#2859,#428);
#235=LINE('',#2861,#429);
#236=LINE('',#2864,#430);
#237=LINE('',#2866,#431);
#238=LINE('',#2870,#432);
#239=LINE('',#2872,#433);
#240=LINE('',#2875,#434);
#241=LINE('',#2877,#435);
#242=LINE('',#2879,#436);
#243=LINE('',#2883,#437);
#244=LINE('',#2886,#438);
#245=LINE('',#2888,#439);
#246=LINE('',#2892,#440);
#247=LINE('',#2894,#441);
#248=LINE('',#2897,#442);
#249=LINE('',#2899,#443);
#250=LINE('',#2903,#444);
#251=LINE('',#2905,#445);
#252=LINE('',#2911,#446);
#253=LINE('',#2912,#447);
#254=LINE('',#2914,#448);
#255=LINE('',#2916,#449);
#256=LINE('',#2919,#450);
#257=LINE('',#2921,#451);
#258=LINE('',#2925,#452);
#259=LINE('',#2927,#453);
#260=LINE('',#2933,#454);
#261=LINE('',#2934,#455);
#262=LINE('',#2936,#456);
#263=LINE('',#2938,#457);
#264=LINE('',#2944,#458);
#265=LINE('',#2945,#459);
#266=LINE('',#2947,#460);
#267=LINE('',#2949,#461);
#268=LINE('',#2955,#462);
#269=LINE('',#2956,#463);
#270=LINE('',#2958,#464);
#271=LINE('',#2960,#465);
#272=LINE('',#2966,#466);
#273=LINE('',#2967,#467);
#274=LINE('',#2969,#468);
#275=LINE('',#2971,#469);
#276=LINE('',#2977,#470);
#277=LINE('',#2978,#471);
#278=LINE('',#2980,#472);
#279=LINE('',#2982,#473);
#280=VECTOR('',#1962,1.);
#281=VECTOR('',#1965,1.);
#282=VECTOR('',#1968,1.);
#283=VECTOR('',#1971,1.);
#284=VECTOR('',#1974,1.);
#285=VECTOR('',#1977,1.);
#286=VECTOR('',#1980,1.);
#287=VECTOR('',#1983,1.);
#288=VECTOR('',#1986,1.);
#289=VECTOR('',#1989,1.);
#290=VECTOR('',#1992,1.);
#291=VECTOR('',#1995,1.);
#292=VECTOR('',#1998,1.);
#293=VECTOR('',#2001,1.);
#294=VECTOR('',#2004,1.);
#295=VECTOR('',#2007,1.);
#296=VECTOR('',#2008,1.);
#297=VECTOR('',#2011,1.);
#298=VECTOR('',#2014,1.);
#299=VECTOR('',#2017,1.);
#300=VECTOR('',#2020,1.);
#301=VECTOR('',#2023,1.);
#302=VECTOR('',#2026,1.);
#303=VECTOR('',#2029,1.);
#304=VECTOR('',#2032,1.);
#305=VECTOR('',#2035,1.);
#306=VECTOR('',#2038,1.);
#307=VECTOR('',#2041,1.);
#308=VECTOR('',#2044,1.);
#309=VECTOR('',#2047,1.);
#310=VECTOR('',#2050,1.);
#311=VECTOR('',#2053,1.);
#312=VECTOR('',#2058,1.);
#313=VECTOR('',#2059,1.);
#314=VECTOR('',#2060,1.);
#315=VECTOR('',#2061,1.);
#316=VECTOR('',#2064,1.);
#317=VECTOR('',#2065,1.);
#318=VECTOR('',#2066,1.);
#319=VECTOR('',#2069,1.);
#320=VECTOR('',#2070,1.);
#321=VECTOR('',#2071,1.);
#322=VECTOR('',#2074,1.);
#323=VECTOR('',#2075,1.);
#324=VECTOR('',#2078,1.);
#325=VECTOR('',#2079,1.);
#326=VECTOR('',#2080,1.);
#327=VECTOR('',#2081,1.);
#328=VECTOR('',#2082,1.);
#329=VECTOR('',#2085,1.);
#330=VECTOR('',#2086,1.);
#331=VECTOR('',#2089,1.);
#332=VECTOR('',#2090,1.);
#333=VECTOR('',#2093,1.);
#334=VECTOR('',#2094,1.);
#335=VECTOR('',#2097,1.);
#336=VECTOR('',#2098,1.);
#337=VECTOR('',#2101,1.);
#338=VECTOR('',#2102,1.);
#339=VECTOR('',#2105,1.);
#340=VECTOR('',#2106,1.);
#341=VECTOR('',#2109,1.);
#342=VECTOR('',#2110,1.);
#343=VECTOR('',#2113,1.);
#344=VECTOR('',#2114,1.);
#345=VECTOR('',#2115,1.);
#346=VECTOR('',#2116,1.);
#347=VECTOR('',#2117,1.);
#348=VECTOR('',#2118,1.);
#349=VECTOR('',#2119,1.);
#350=VECTOR('',#2120,1.);
#351=VECTOR('',#2121,1.);
#352=VECTOR('',#2122,1.);
#353=VECTOR('',#2123,1.);
#354=VECTOR('',#2124,1.);
#355=VECTOR('',#2125,1.);
#356=VECTOR('',#2126,1.);
#357=VECTOR('',#2127,1.);
#358=VECTOR('',#2130,1.);
#359=VECTOR('',#2131,1.);
#360=VECTOR('',#2132,1.);
#361=VECTOR('',#2133,1.);
#362=VECTOR('',#2134,1.);
#363=VECTOR('',#2137,1.);
#364=VECTOR('',#2138,1.);
#365=VECTOR('',#2141,1.);
#366=VECTOR('',#2142,1.);
#367=VECTOR('',#2143,1.);
#368=VECTOR('',#2146,1.);
#369=VECTOR('',#2147,1.);
#370=VECTOR('',#2148,1.);
#371=VECTOR('',#2149,1.);
#372=VECTOR('',#2150,1.);
#373=VECTOR('',#2151,1.);
#374=VECTOR('',#2152,1.);
#375=VECTOR('',#2155,1.);
#376=VECTOR('',#2156,1.);
#377=VECTOR('',#2159,1.);
#378=VECTOR('',#2160,1.);
#379=VECTOR('',#2163,1.);
#380=VECTOR('',#2164,1.);
#381=VECTOR('',#2167,1.);
#382=VECTOR('',#2168,1.);
#383=VECTOR('',#2171,1.);
#384=VECTOR('',#2172,1.);
#385=VECTOR('',#2175,1.);
#386=VECTOR('',#2176,1.);
#387=VECTOR('',#2179,1.);
#388=VECTOR('',#2180,1.);
#389=VECTOR('',#2183,1.);
#390=VECTOR('',#2186,1.);
#391=VECTOR('',#2187,1.);
#392=VECTOR('',#2188,1.);
#393=VECTOR('',#2191,1.);
#394=VECTOR('',#2192,1.);
#395=VECTOR('',#2195,1.);
#396=VECTOR('',#2196,1.);
#397=VECTOR('',#2199,1.);
#398=VECTOR('',#2200,1.);
#399=VECTOR('',#2203,1.);
#400=VECTOR('',#2204,1.);
#401=VECTOR('',#2207,1.);
#402=VECTOR('',#2212,1.);
#403=VECTOR('',#2217,1.);
#404=VECTOR('',#2218,1.);
#405=VECTOR('',#2221,1.);
#406=VECTOR('',#2226,1.);
#407=VECTOR('',#2227,1.);
#408=VECTOR('',#2230,1.);
#409=VECTOR('',#2233,1.);
#410=VECTOR('',#2240,1.);
#411=VECTOR('',#2241,1.);
#412=VECTOR('',#2244,1.);
#413=VECTOR('',#2249,1.);
#414=VECTOR('',#2254,1.);
#415=VECTOR('',#2255,1.);
#416=VECTOR('',#2260,1.);
#417=VECTOR('',#2263,1.);
#418=VECTOR('',#2268,1.);
#419=VECTOR('',#2269,1.);
#420=VECTOR('',#2274,1.);
#421=VECTOR('',#2277,1.);
#422=VECTOR('',#2282,1.);
#423=VECTOR('',#2283,1.);
#424=VECTOR('',#2288,1.);
#425=VECTOR('',#2291,1.);
#426=VECTOR('',#2296,1.);
#427=VECTOR('',#2297,1.);
#428=VECTOR('',#2302,1.);
#429=VECTOR('',#2305,1.);
#430=VECTOR('',#2310,1.);
#431=VECTOR('',#2311,1.);
#432=VECTOR('',#2316,1.);
#433=VECTOR('',#2319,1.);
#434=VECTOR('',#2324,1.);
#435=VECTOR('',#2325,1.);
#436=VECTOR('',#2328,1.);
#437=VECTOR('',#2333,1.);
#438=VECTOR('',#2338,1.);
#439=VECTOR('',#2339,1.);
#440=VECTOR('',#2344,1.);
#441=VECTOR('',#2347,1.);
#442=VECTOR('',#2352,1.);
#443=VECTOR('',#2353,1.);
#444=VECTOR('',#2358,1.);
#445=VECTOR('',#2361,1.);
#446=VECTOR('',#2368,1.);
#447=VECTOR('',#2369,1.);
#448=VECTOR('',#2372,1.);
#449=VECTOR('',#2375,1.);
#450=VECTOR('',#2380,1.);
#451=VECTOR('',#2381,1.);
#452=VECTOR('',#2386,1.);
#453=VECTOR('',#2389,1.);
#454=VECTOR('',#2396,1.);
#455=VECTOR('',#2397,1.);
#456=VECTOR('',#2400,1.);
#457=VECTOR('',#2403,1.);
#458=VECTOR('',#2410,1.);
#459=VECTOR('',#2411,1.);
#460=VECTOR('',#2414,1.);
#461=VECTOR('',#2417,1.);
#462=VECTOR('',#2424,1.);
#463=VECTOR('',#2425,1.);
#464=VECTOR('',#2428,1.);
#465=VECTOR('',#2431,1.);
#466=VECTOR('',#2438,1.);
#467=VECTOR('',#2439,1.);
#468=VECTOR('',#2442,1.);
#469=VECTOR('',#2445,1.);
#470=VECTOR('',#2452,1.);
#471=VECTOR('',#2453,1.);
#472=VECTOR('',#2456,1.);
#473=VECTOR('',#2459,1.);
#474=ORIENTED_EDGE('',*,*,#990,.F.);
#475=ORIENTED_EDGE('',*,*,#991,.T.);
#476=ORIENTED_EDGE('',*,*,#992,.F.);
#477=ORIENTED_EDGE('',*,*,#993,.F.);
#478=ORIENTED_EDGE('',*,*,#994,.F.);
#479=ORIENTED_EDGE('',*,*,#995,.T.);
#480=ORIENTED_EDGE('',*,*,#996,.F.);
#481=ORIENTED_EDGE('',*,*,#997,.F.);
#482=ORIENTED_EDGE('',*,*,#998,.F.);
#483=ORIENTED_EDGE('',*,*,#999,.T.);
#484=ORIENTED_EDGE('',*,*,#1000,.F.);
#485=ORIENTED_EDGE('',*,*,#1001,.F.);
#486=ORIENTED_EDGE('',*,*,#1002,.F.);
#487=ORIENTED_EDGE('',*,*,#1003,.T.);
#488=ORIENTED_EDGE('',*,*,#1004,.F.);
#489=ORIENTED_EDGE('',*,*,#1005,.F.);
#490=ORIENTED_EDGE('',*,*,#1006,.F.);
#491=ORIENTED_EDGE('',*,*,#1007,.T.);
#492=ORIENTED_EDGE('',*,*,#1008,.F.);
#493=ORIENTED_EDGE('',*,*,#1009,.F.);
#494=ORIENTED_EDGE('',*,*,#1010,.F.);
#495=ORIENTED_EDGE('',*,*,#1011,.T.);
#496=ORIENTED_EDGE('',*,*,#1012,.F.);
#497=ORIENTED_EDGE('',*,*,#1013,.F.);
#498=ORIENTED_EDGE('',*,*,#1014,.F.);
#499=ORIENTED_EDGE('',*,*,#1015,.T.);
#500=ORIENTED_EDGE('',*,*,#1016,.F.);
#501=ORIENTED_EDGE('',*,*,#1017,.F.);
#502=ORIENTED_EDGE('',*,*,#1018,.F.);
#503=ORIENTED_EDGE('',*,*,#1019,.T.);
#504=ORIENTED_EDGE('',*,*,#1020,.F.);
#505=ORIENTED_EDGE('',*,*,#1021,.F.);
#506=ORIENTED_EDGE('',*,*,#1022,.F.);
#507=ORIENTED_EDGE('',*,*,#1023,.T.);
#508=ORIENTED_EDGE('',*,*,#1024,.F.);
#509=ORIENTED_EDGE('',*,*,#1025,.T.);
#510=ORIENTED_EDGE('',*,*,#1026,.F.);
#511=ORIENTED_EDGE('',*,*,#1027,.T.);
#512=ORIENTED_EDGE('',*,*,#1028,.F.);
#513=ORIENTED_EDGE('',*,*,#1029,.T.);
#514=ORIENTED_EDGE('',*,*,#1030,.F.);
#515=ORIENTED_EDGE('',*,*,#1031,.T.);
#516=ORIENTED_EDGE('',*,*,#1032,.F.);
#517=ORIENTED_EDGE('',*,*,#1033,.T.);
#518=ORIENTED_EDGE('',*,*,#1034,.F.);
#519=ORIENTED_EDGE('',*,*,#1035,.T.);
#520=ORIENTED_EDGE('',*,*,#1036,.F.);
#521=ORIENTED_EDGE('',*,*,#1037,.T.);
#522=ORIENTED_EDGE('',*,*,#1038,.F.);
#523=ORIENTED_EDGE('',*,*,#1039,.T.);
#524=ORIENTED_EDGE('',*,*,#1040,.F.);
#525=ORIENTED_EDGE('',*,*,#1041,.T.);
#526=ORIENTED_EDGE('',*,*,#1042,.F.);
#527=ORIENTED_EDGE('',*,*,#1043,.T.);
#528=ORIENTED_EDGE('',*,*,#1044,.F.);
#529=ORIENTED_EDGE('',*,*,#1045,.T.);
#530=ORIENTED_EDGE('',*,*,#1046,.F.);
#531=ORIENTED_EDGE('',*,*,#1047,.T.);
#532=ORIENTED_EDGE('',*,*,#1048,.F.);
#533=ORIENTED_EDGE('',*,*,#1049,.T.);
#534=ORIENTED_EDGE('',*,*,#1050,.F.);
#535=ORIENTED_EDGE('',*,*,#1051,.T.);
#536=ORIENTED_EDGE('',*,*,#1052,.F.);
#537=ORIENTED_EDGE('',*,*,#1053,.T.);
#538=ORIENTED_EDGE('',*,*,#1054,.F.);
#539=ORIENTED_EDGE('',*,*,#1055,.T.);
#540=ORIENTED_EDGE('',*,*,#1056,.T.);
#541=ORIENTED_EDGE('',*,*,#1057,.F.);
#542=ORIENTED_EDGE('',*,*,#1058,.F.);
#543=ORIENTED_EDGE('',*,*,#1057,.T.);
#544=ORIENTED_EDGE('',*,*,#1059,.T.);
#545=ORIENTED_EDGE('',*,*,#1060,.F.);
#546=ORIENTED_EDGE('',*,*,#1061,.F.);
#547=ORIENTED_EDGE('',*,*,#1060,.T.);
#548=ORIENTED_EDGE('',*,*,#1062,.T.);
#549=ORIENTED_EDGE('',*,*,#1063,.F.);
#550=ORIENTED_EDGE('',*,*,#1064,.F.);
#551=ORIENTED_EDGE('',*,*,#1063,.T.);
#552=ORIENTED_EDGE('',*,*,#1065,.T.);
#553=ORIENTED_EDGE('',*,*,#1055,.F.);
#554=ORIENTED_EDGE('',*,*,#1066,.F.);
#555=ORIENTED_EDGE('',*,*,#1067,.F.);
#556=ORIENTED_EDGE('',*,*,#1068,.F.);
#557=ORIENTED_EDGE('',*,*,#1069,.F.);
#558=ORIENTED_EDGE('',*,*,#1056,.F.);
#559=ORIENTED_EDGE('',*,*,#1065,.F.);
#560=ORIENTED_EDGE('',*,*,#1062,.F.);
#561=ORIENTED_EDGE('',*,*,#1059,.F.);
#562=ORIENTED_EDGE('',*,*,#1018,.T.);
#563=ORIENTED_EDGE('',*,*,#1070,.T.);
#564=ORIENTED_EDGE('',*,*,#1071,.T.);
#565=ORIENTED_EDGE('',*,*,#1072,.F.);
#566=ORIENTED_EDGE('',*,*,#1014,.T.);
#567=ORIENTED_EDGE('',*,*,#1073,.T.);
#568=ORIENTED_EDGE('',*,*,#1074,.T.);
#569=ORIENTED_EDGE('',*,*,#1075,.F.);
#570=ORIENTED_EDGE('',*,*,#1010,.T.);
#571=ORIENTED_EDGE('',*,*,#1076,.T.);
#572=ORIENTED_EDGE('',*,*,#1077,.T.);
#573=ORIENTED_EDGE('',*,*,#1078,.F.);
#574=ORIENTED_EDGE('',*,*,#1006,.T.);
#575=ORIENTED_EDGE('',*,*,#1079,.T.);
#576=ORIENTED_EDGE('',*,*,#1080,.T.);
#577=ORIENTED_EDGE('',*,*,#1081,.F.);
#578=ORIENTED_EDGE('',*,*,#1002,.T.);
#579=ORIENTED_EDGE('',*,*,#1082,.T.);
#580=ORIENTED_EDGE('',*,*,#1083,.T.);
#581=ORIENTED_EDGE('',*,*,#1084,.F.);
#582=ORIENTED_EDGE('',*,*,#998,.T.);
#583=ORIENTED_EDGE('',*,*,#1085,.T.);
#584=ORIENTED_EDGE('',*,*,#1086,.T.);
#585=ORIENTED_EDGE('',*,*,#1087,.F.);
#586=ORIENTED_EDGE('',*,*,#994,.T.);
#587=ORIENTED_EDGE('',*,*,#1088,.T.);
#588=ORIENTED_EDGE('',*,*,#1089,.T.);
#589=ORIENTED_EDGE('',*,*,#1090,.F.);
#590=ORIENTED_EDGE('',*,*,#990,.T.);
#591=ORIENTED_EDGE('',*,*,#1091,.T.);
#592=ORIENTED_EDGE('',*,*,#1092,.T.);
#593=ORIENTED_EDGE('',*,*,#1093,.F.);
#594=ORIENTED_EDGE('',*,*,#1094,.T.);
#595=ORIENTED_EDGE('',*,*,#1095,.T.);
#596=ORIENTED_EDGE('',*,*,#1096,.T.);
#597=ORIENTED_EDGE('',*,*,#1097,.T.);
#598=ORIENTED_EDGE('',*,*,#1098,.T.);
#599=ORIENTED_EDGE('',*,*,#1099,.T.);
#600=ORIENTED_EDGE('',*,*,#1100,.F.);
#601=ORIENTED_EDGE('',*,*,#1101,.F.);
#602=ORIENTED_EDGE('',*,*,#1102,.F.);
#603=ORIENTED_EDGE('',*,*,#1103,.F.);
#604=ORIENTED_EDGE('',*,*,#1104,.F.);
#605=ORIENTED_EDGE('',*,*,#1105,.T.);
#606=ORIENTED_EDGE('',*,*,#1106,.T.);
#607=ORIENTED_EDGE('',*,*,#1107,.T.);
#608=ORIENTED_EDGE('',*,*,#1108,.F.);
#609=ORIENTED_EDGE('',*,*,#1109,.T.);
#610=ORIENTED_EDGE('',*,*,#1105,.F.);
#611=ORIENTED_EDGE('',*,*,#1110,.T.);
#612=ORIENTED_EDGE('',*,*,#1111,.F.);
#613=ORIENTED_EDGE('',*,*,#1112,.T.);
#614=ORIENTED_EDGE('',*,*,#1110,.F.);
#615=ORIENTED_EDGE('',*,*,#1104,.T.);
#616=ORIENTED_EDGE('',*,*,#1113,.F.);
#617=ORIENTED_EDGE('',*,*,#1114,.T.);
#618=ORIENTED_EDGE('',*,*,#1101,.T.);
#619=ORIENTED_EDGE('',*,*,#1115,.F.);
#620=ORIENTED_EDGE('',*,*,#1112,.F.);
#621=ORIENTED_EDGE('',*,*,#1116,.T.);
#622=ORIENTED_EDGE('',*,*,#1117,.F.);
#623=ORIENTED_EDGE('',*,*,#1118,.F.);
#624=ORIENTED_EDGE('',*,*,#1119,.F.);
#625=ORIENTED_EDGE('',*,*,#1120,.F.);
#626=ORIENTED_EDGE('',*,*,#1121,.F.);
#627=ORIENTED_EDGE('',*,*,#1122,.F.);
#628=ORIENTED_EDGE('',*,*,#1123,.T.);
#629=ORIENTED_EDGE('',*,*,#1116,.F.);
#630=ORIENTED_EDGE('',*,*,#1111,.T.);
#631=ORIENTED_EDGE('',*,*,#1114,.F.);
#632=ORIENTED_EDGE('',*,*,#1033,.F.);
#633=ORIENTED_EDGE('',*,*,#1124,.T.);
#634=ORIENTED_EDGE('',*,*,#1125,.F.);
#635=ORIENTED_EDGE('',*,*,#1126,.F.);
#636=ORIENTED_EDGE('',*,*,#1029,.F.);
#637=ORIENTED_EDGE('',*,*,#1127,.T.);
#638=ORIENTED_EDGE('',*,*,#1128,.F.);
#639=ORIENTED_EDGE('',*,*,#1129,.F.);
#640=ORIENTED_EDGE('',*,*,#1025,.F.);
#641=ORIENTED_EDGE('',*,*,#1130,.T.);
#642=ORIENTED_EDGE('',*,*,#1131,.F.);
#643=ORIENTED_EDGE('',*,*,#1132,.F.);
#644=ORIENTED_EDGE('',*,*,#1053,.F.);
#645=ORIENTED_EDGE('',*,*,#1133,.T.);
#646=ORIENTED_EDGE('',*,*,#1134,.F.);
#647=ORIENTED_EDGE('',*,*,#1135,.F.);
#648=ORIENTED_EDGE('',*,*,#1049,.F.);
#649=ORIENTED_EDGE('',*,*,#1136,.T.);
#650=ORIENTED_EDGE('',*,*,#1137,.F.);
#651=ORIENTED_EDGE('',*,*,#1138,.F.);
#652=ORIENTED_EDGE('',*,*,#1045,.F.);
#653=ORIENTED_EDGE('',*,*,#1139,.T.);
#654=ORIENTED_EDGE('',*,*,#1140,.F.);
#655=ORIENTED_EDGE('',*,*,#1141,.F.);
#656=ORIENTED_EDGE('',*,*,#1041,.F.);
#657=ORIENTED_EDGE('',*,*,#1142,.T.);
#658=ORIENTED_EDGE('',*,*,#1143,.F.);
#659=ORIENTED_EDGE('',*,*,#1144,.F.);
#660=ORIENTED_EDGE('',*,*,#1037,.F.);
#661=ORIENTED_EDGE('',*,*,#1145,.T.);
#662=ORIENTED_EDGE('',*,*,#1146,.F.);
#663=ORIENTED_EDGE('',*,*,#1147,.F.);
#664=ORIENTED_EDGE('',*,*,#1095,.F.);
#665=ORIENTED_EDGE('',*,*,#1148,.F.);
#666=ORIENTED_EDGE('',*,*,#1149,.T.);
#667=ORIENTED_EDGE('',*,*,#1150,.T.);
#668=ORIENTED_EDGE('',*,*,#1094,.F.);
#669=ORIENTED_EDGE('',*,*,#1151,.F.);
#670=ORIENTED_EDGE('',*,*,#1152,.T.);
#671=ORIENTED_EDGE('',*,*,#1148,.T.);
#672=ORIENTED_EDGE('',*,*,#1099,.F.);
#673=ORIENTED_EDGE('',*,*,#1153,.F.);
#674=ORIENTED_EDGE('',*,*,#1154,.T.);
#675=ORIENTED_EDGE('',*,*,#1151,.T.);
#676=ORIENTED_EDGE('',*,*,#1098,.F.);
#677=ORIENTED_EDGE('',*,*,#1155,.F.);
#678=ORIENTED_EDGE('',*,*,#1156,.T.);
#679=ORIENTED_EDGE('',*,*,#1153,.T.);
#680=ORIENTED_EDGE('',*,*,#1097,.F.);
#681=ORIENTED_EDGE('',*,*,#1157,.F.);
#682=ORIENTED_EDGE('',*,*,#1158,.T.);
#683=ORIENTED_EDGE('',*,*,#1155,.T.);
#684=ORIENTED_EDGE('',*,*,#1096,.F.);
#685=ORIENTED_EDGE('',*,*,#1150,.F.);
#686=ORIENTED_EDGE('',*,*,#1159,.T.);
#687=ORIENTED_EDGE('',*,*,#1157,.T.);
#688=ORIENTED_EDGE('',*,*,#1149,.F.);
#689=ORIENTED_EDGE('',*,*,#1152,.F.);
#690=ORIENTED_EDGE('',*,*,#1154,.F.);
#691=ORIENTED_EDGE('',*,*,#1156,.F.);
#692=ORIENTED_EDGE('',*,*,#1158,.F.);
#693=ORIENTED_EDGE('',*,*,#1159,.F.);
#694=ORIENTED_EDGE('',*,*,#1103,.T.);
#695=ORIENTED_EDGE('',*,*,#1160,.T.);
#696=ORIENTED_EDGE('',*,*,#1122,.T.);
#697=ORIENTED_EDGE('',*,*,#1113,.T.);
#698=ORIENTED_EDGE('',*,*,#1160,.F.);
#699=ORIENTED_EDGE('',*,*,#1102,.T.);
#700=ORIENTED_EDGE('',*,*,#1117,.T.);
#701=ORIENTED_EDGE('',*,*,#1123,.F.);
#702=ORIENTED_EDGE('',*,*,#1107,.F.);
#703=ORIENTED_EDGE('',*,*,#1161,.T.);
#704=ORIENTED_EDGE('',*,*,#1162,.F.);
#705=ORIENTED_EDGE('',*,*,#1108,.T.);
#706=ORIENTED_EDGE('',*,*,#1115,.T.);
#707=ORIENTED_EDGE('',*,*,#1100,.T.);
#708=ORIENTED_EDGE('',*,*,#1162,.T.);
#709=ORIENTED_EDGE('',*,*,#1163,.F.);
#710=ORIENTED_EDGE('',*,*,#1163,.T.);
#711=ORIENTED_EDGE('',*,*,#1161,.F.);
#712=ORIENTED_EDGE('',*,*,#1106,.F.);
#713=ORIENTED_EDGE('',*,*,#1109,.F.);
#714=ORIENTED_EDGE('',*,*,#1118,.T.);
#715=ORIENTED_EDGE('',*,*,#1164,.T.);
#716=ORIENTED_EDGE('',*,*,#1067,.T.);
#717=ORIENTED_EDGE('',*,*,#1165,.F.);
#718=ORIENTED_EDGE('',*,*,#1121,.T.);
#719=ORIENTED_EDGE('',*,*,#1166,.T.);
#720=ORIENTED_EDGE('',*,*,#1068,.T.);
#721=ORIENTED_EDGE('',*,*,#1164,.F.);
#722=ORIENTED_EDGE('',*,*,#1120,.T.);
#723=ORIENTED_EDGE('',*,*,#1167,.T.);
#724=ORIENTED_EDGE('',*,*,#1069,.T.);
#725=ORIENTED_EDGE('',*,*,#1166,.F.);
#726=ORIENTED_EDGE('',*,*,#1119,.T.);
#727=ORIENTED_EDGE('',*,*,#1165,.T.);
#728=ORIENTED_EDGE('',*,*,#1066,.T.);
#729=ORIENTED_EDGE('',*,*,#1167,.F.);
#730=ORIENTED_EDGE('',*,*,#1064,.T.);
#731=ORIENTED_EDGE('',*,*,#1054,.T.);
#732=ORIENTED_EDGE('',*,*,#1058,.T.);
#733=ORIENTED_EDGE('',*,*,#1061,.T.);
#734=ORIENTED_EDGE('',*,*,#1124,.F.);
#735=ORIENTED_EDGE('',*,*,#1032,.T.);
#736=ORIENTED_EDGE('',*,*,#1168,.T.);
#737=ORIENTED_EDGE('',*,*,#1169,.F.);
#738=ORIENTED_EDGE('',*,*,#1031,.F.);
#739=ORIENTED_EDGE('',*,*,#1170,.T.);
#740=ORIENTED_EDGE('',*,*,#1171,.T.);
#741=ORIENTED_EDGE('',*,*,#1168,.F.);
#742=ORIENTED_EDGE('',*,*,#1169,.T.);
#743=ORIENTED_EDGE('',*,*,#1171,.F.);
#744=ORIENTED_EDGE('',*,*,#1172,.T.);
#745=ORIENTED_EDGE('',*,*,#1125,.T.);
#746=ORIENTED_EDGE('',*,*,#1170,.F.);
#747=ORIENTED_EDGE('',*,*,#1030,.T.);
#748=ORIENTED_EDGE('',*,*,#1126,.T.);
#749=ORIENTED_EDGE('',*,*,#1172,.F.);
#750=ORIENTED_EDGE('',*,*,#1173,.F.);
#751=ORIENTED_EDGE('',*,*,#1020,.T.);
#752=ORIENTED_EDGE('',*,*,#1174,.T.);
#753=ORIENTED_EDGE('',*,*,#1175,.F.);
#754=ORIENTED_EDGE('',*,*,#1174,.F.);
#755=ORIENTED_EDGE('',*,*,#1019,.F.);
#756=ORIENTED_EDGE('',*,*,#1093,.T.);
#757=ORIENTED_EDGE('',*,*,#1176,.T.);
#758=ORIENTED_EDGE('',*,*,#1021,.T.);
#759=ORIENTED_EDGE('',*,*,#1173,.T.);
#760=ORIENTED_EDGE('',*,*,#1177,.F.);
#761=ORIENTED_EDGE('',*,*,#1091,.F.);
#762=ORIENTED_EDGE('',*,*,#1092,.F.);
#763=ORIENTED_EDGE('',*,*,#1177,.T.);
#764=ORIENTED_EDGE('',*,*,#1175,.T.);
#765=ORIENTED_EDGE('',*,*,#1176,.F.);
#766=ORIENTED_EDGE('',*,*,#1178,.F.);
#767=ORIENTED_EDGE('',*,*,#1016,.T.);
#768=ORIENTED_EDGE('',*,*,#1179,.T.);
#769=ORIENTED_EDGE('',*,*,#1180,.F.);
#770=ORIENTED_EDGE('',*,*,#1179,.F.);
#771=ORIENTED_EDGE('',*,*,#1015,.F.);
#772=ORIENTED_EDGE('',*,*,#1072,.T.);
#773=ORIENTED_EDGE('',*,*,#1181,.T.);
#774=ORIENTED_EDGE('',*,*,#1017,.T.);
#775=ORIENTED_EDGE('',*,*,#1178,.T.);
#776=ORIENTED_EDGE('',*,*,#1182,.F.);
#777=ORIENTED_EDGE('',*,*,#1070,.F.);
#778=ORIENTED_EDGE('',*,*,#1071,.F.);
#779=ORIENTED_EDGE('',*,*,#1182,.T.);
#780=ORIENTED_EDGE('',*,*,#1180,.T.);
#781=ORIENTED_EDGE('',*,*,#1181,.F.);
#782=ORIENTED_EDGE('',*,*,#1183,.F.);
#783=ORIENTED_EDGE('',*,*,#1012,.T.);
#784=ORIENTED_EDGE('',*,*,#1184,.T.);
#785=ORIENTED_EDGE('',*,*,#1185,.F.);
#786=ORIENTED_EDGE('',*,*,#1184,.F.);
#787=ORIENTED_EDGE('',*,*,#1011,.F.);
#788=ORIENTED_EDGE('',*,*,#1075,.T.);
#789=ORIENTED_EDGE('',*,*,#1186,.T.);
#790=ORIENTED_EDGE('',*,*,#1013,.T.);
#791=ORIENTED_EDGE('',*,*,#1183,.T.);
#792=ORIENTED_EDGE('',*,*,#1187,.F.);
#793=ORIENTED_EDGE('',*,*,#1073,.F.);
#794=ORIENTED_EDGE('',*,*,#1074,.F.);
#795=ORIENTED_EDGE('',*,*,#1187,.T.);
#796=ORIENTED_EDGE('',*,*,#1185,.T.);
#797=ORIENTED_EDGE('',*,*,#1186,.F.);
#798=ORIENTED_EDGE('',*,*,#1188,.F.);
#799=ORIENTED_EDGE('',*,*,#1008,.T.);
#800=ORIENTED_EDGE('',*,*,#1189,.T.);
#801=ORIENTED_EDGE('',*,*,#1190,.F.);
#802=ORIENTED_EDGE('',*,*,#1189,.F.);
#803=ORIENTED_EDGE('',*,*,#1007,.F.);
#804=ORIENTED_EDGE('',*,*,#1078,.T.);
#805=ORIENTED_EDGE('',*,*,#1191,.T.);
#806=ORIENTED_EDGE('',*,*,#1009,.T.);
#807=ORIENTED_EDGE('',*,*,#1188,.T.);
#808=ORIENTED_EDGE('',*,*,#1192,.F.);
#809=ORIENTED_EDGE('',*,*,#1076,.F.);
#810=ORIENTED_EDGE('',*,*,#1077,.F.);
#811=ORIENTED_EDGE('',*,*,#1192,.T.);
#812=ORIENTED_EDGE('',*,*,#1190,.T.);
#813=ORIENTED_EDGE('',*,*,#1191,.F.);
#814=ORIENTED_EDGE('',*,*,#1193,.F.);
#815=ORIENTED_EDGE('',*,*,#1004,.T.);
#816=ORIENTED_EDGE('',*,*,#1194,.T.);
#817=ORIENTED_EDGE('',*,*,#1195,.F.);
#818=ORIENTED_EDGE('',*,*,#1194,.F.);
#819=ORIENTED_EDGE('',*,*,#1003,.F.);
#820=ORIENTED_EDGE('',*,*,#1081,.T.);
#821=ORIENTED_EDGE('',*,*,#1196,.T.);
#822=ORIENTED_EDGE('',*,*,#1005,.T.);
#823=ORIENTED_EDGE('',*,*,#1193,.T.);
#824=ORIENTED_EDGE('',*,*,#1197,.F.);
#825=ORIENTED_EDGE('',*,*,#1079,.F.);
#826=ORIENTED_EDGE('',*,*,#1080,.F.);
#827=ORIENTED_EDGE('',*,*,#1197,.T.);
#828=ORIENTED_EDGE('',*,*,#1195,.T.);
#829=ORIENTED_EDGE('',*,*,#1196,.F.);
#830=ORIENTED_EDGE('',*,*,#1082,.F.);
#831=ORIENTED_EDGE('',*,*,#1001,.T.);
#832=ORIENTED_EDGE('',*,*,#1198,.T.);
#833=ORIENTED_EDGE('',*,*,#1199,.F.);
#834=ORIENTED_EDGE('',*,*,#1198,.F.);
#835=ORIENTED_EDGE('',*,*,#1000,.T.);
#836=ORIENTED_EDGE('',*,*,#1200,.T.);
#837=ORIENTED_EDGE('',*,*,#1201,.F.);
#838=ORIENTED_EDGE('',*,*,#1200,.F.);
#839=ORIENTED_EDGE('',*,*,#999,.F.);
#840=ORIENTED_EDGE('',*,*,#1084,.T.);
#841=ORIENTED_EDGE('',*,*,#1202,.T.);
#842=ORIENTED_EDGE('',*,*,#1083,.F.);
#843=ORIENTED_EDGE('',*,*,#1199,.T.);
#844=ORIENTED_EDGE('',*,*,#1201,.T.);
#845=ORIENTED_EDGE('',*,*,#1202,.F.);
#846=ORIENTED_EDGE('',*,*,#1203,.F.);
#847=ORIENTED_EDGE('',*,*,#996,.T.);
#848=ORIENTED_EDGE('',*,*,#1204,.T.);
#849=ORIENTED_EDGE('',*,*,#1205,.F.);
#850=ORIENTED_EDGE('',*,*,#1204,.F.);
#851=ORIENTED_EDGE('',*,*,#995,.F.);
#852=ORIENTED_EDGE('',*,*,#1087,.T.);
#853=ORIENTED_EDGE('',*,*,#1206,.T.);
#854=ORIENTED_EDGE('',*,*,#997,.T.);
#855=ORIENTED_EDGE('',*,*,#1203,.T.);
#856=ORIENTED_EDGE('',*,*,#1207,.F.);
#857=ORIENTED_EDGE('',*,*,#1085,.F.);
#858=ORIENTED_EDGE('',*,*,#1086,.F.);
#859=ORIENTED_EDGE('',*,*,#1207,.T.);
#860=ORIENTED_EDGE('',*,*,#1205,.T.);
#861=ORIENTED_EDGE('',*,*,#1206,.F.);
#862=ORIENTED_EDGE('',*,*,#1208,.F.);
#863=ORIENTED_EDGE('',*,*,#992,.T.);
#864=ORIENTED_EDGE('',*,*,#1209,.T.);
#865=ORIENTED_EDGE('',*,*,#1210,.F.);
#866=ORIENTED_EDGE('',*,*,#1209,.F.);
#867=ORIENTED_EDGE('',*,*,#991,.F.);
#868=ORIENTED_EDGE('',*,*,#1090,.T.);
#869=ORIENTED_EDGE('',*,*,#1211,.T.);
#870=ORIENTED_EDGE('',*,*,#993,.T.);
#871=ORIENTED_EDGE('',*,*,#1208,.T.);
#872=ORIENTED_EDGE('',*,*,#1212,.F.);
#873=ORIENTED_EDGE('',*,*,#1088,.F.);
#874=ORIENTED_EDGE('',*,*,#1089,.F.);
#875=ORIENTED_EDGE('',*,*,#1212,.T.);
#876=ORIENTED_EDGE('',*,*,#1210,.T.);
#877=ORIENTED_EDGE('',*,*,#1211,.F.);
#878=ORIENTED_EDGE('',*,*,#1213,.F.);
#879=ORIENTED_EDGE('',*,*,#1214,.F.);
#880=ORIENTED_EDGE('',*,*,#1027,.F.);
#881=ORIENTED_EDGE('',*,*,#1215,.T.);
#882=ORIENTED_EDGE('',*,*,#1215,.F.);
#883=ORIENTED_EDGE('',*,*,#1026,.T.);
#884=ORIENTED_EDGE('',*,*,#1129,.T.);
#885=ORIENTED_EDGE('',*,*,#1216,.F.);
#886=ORIENTED_EDGE('',*,*,#1028,.T.);
#887=ORIENTED_EDGE('',*,*,#1214,.T.);
#888=ORIENTED_EDGE('',*,*,#1217,.F.);
#889=ORIENTED_EDGE('',*,*,#1127,.F.);
#890=ORIENTED_EDGE('',*,*,#1128,.T.);
#891=ORIENTED_EDGE('',*,*,#1217,.T.);
#892=ORIENTED_EDGE('',*,*,#1213,.T.);
#893=ORIENTED_EDGE('',*,*,#1216,.T.);
#894=ORIENTED_EDGE('',*,*,#1133,.F.);
#895=ORIENTED_EDGE('',*,*,#1052,.T.);
#896=ORIENTED_EDGE('',*,*,#1218,.T.);
#897=ORIENTED_EDGE('',*,*,#1219,.F.);
#898=ORIENTED_EDGE('',*,*,#1220,.F.);
#899=ORIENTED_EDGE('',*,*,#1218,.F.);
#900=ORIENTED_EDGE('',*,*,#1051,.F.);
#901=ORIENTED_EDGE('',*,*,#1221,.T.);
#902=ORIENTED_EDGE('',*,*,#1221,.F.);
#903=ORIENTED_EDGE('',*,*,#1050,.T.);
#904=ORIENTED_EDGE('',*,*,#1135,.T.);
#905=ORIENTED_EDGE('',*,*,#1222,.F.);
#906=ORIENTED_EDGE('',*,*,#1134,.T.);
#907=ORIENTED_EDGE('',*,*,#1219,.T.);
#908=ORIENTED_EDGE('',*,*,#1220,.T.);
#909=ORIENTED_EDGE('',*,*,#1222,.T.);
#910=ORIENTED_EDGE('',*,*,#1223,.F.);
#911=ORIENTED_EDGE('',*,*,#1224,.F.);
#912=ORIENTED_EDGE('',*,*,#1043,.F.);
#913=ORIENTED_EDGE('',*,*,#1225,.T.);
#914=ORIENTED_EDGE('',*,*,#1225,.F.);
#915=ORIENTED_EDGE('',*,*,#1042,.T.);
#916=ORIENTED_EDGE('',*,*,#1141,.T.);
#917=ORIENTED_EDGE('',*,*,#1226,.F.);
#918=ORIENTED_EDGE('',*,*,#1044,.T.);
#919=ORIENTED_EDGE('',*,*,#1224,.T.);
#920=ORIENTED_EDGE('',*,*,#1227,.F.);
#921=ORIENTED_EDGE('',*,*,#1139,.F.);
#922=ORIENTED_EDGE('',*,*,#1140,.T.);
#923=ORIENTED_EDGE('',*,*,#1227,.T.);
#924=ORIENTED_EDGE('',*,*,#1223,.T.);
#925=ORIENTED_EDGE('',*,*,#1226,.T.);
#926=ORIENTED_EDGE('',*,*,#1228,.F.);
#927=ORIENTED_EDGE('',*,*,#1229,.F.);
#928=ORIENTED_EDGE('',*,*,#1035,.F.);
#929=ORIENTED_EDGE('',*,*,#1230,.T.);
#930=ORIENTED_EDGE('',*,*,#1230,.F.);
#931=ORIENTED_EDGE('',*,*,#1034,.T.);
#932=ORIENTED_EDGE('',*,*,#1147,.T.);
#933=ORIENTED_EDGE('',*,*,#1231,.F.);
#934=ORIENTED_EDGE('',*,*,#1036,.T.);
#935=ORIENTED_EDGE('',*,*,#1229,.T.);
#936=ORIENTED_EDGE('',*,*,#1232,.F.);
#937=ORIENTED_EDGE('',*,*,#1145,.F.);
#938=ORIENTED_EDGE('',*,*,#1146,.T.);
#939=ORIENTED_EDGE('',*,*,#1232,.T.);
#940=ORIENTED_EDGE('',*,*,#1228,.T.);
#941=ORIENTED_EDGE('',*,*,#1231,.T.);
#942=ORIENTED_EDGE('',*,*,#1233,.F.);
#943=ORIENTED_EDGE('',*,*,#1234,.F.);
#944=ORIENTED_EDGE('',*,*,#1039,.F.);
#945=ORIENTED_EDGE('',*,*,#1235,.T.);
#946=ORIENTED_EDGE('',*,*,#1235,.F.);
#947=ORIENTED_EDGE('',*,*,#1038,.T.);
#948=ORIENTED_EDGE('',*,*,#1144,.T.);
#949=ORIENTED_EDGE('',*,*,#1236,.F.);
#950=ORIENTED_EDGE('',*,*,#1040,.T.);
#951=ORIENTED_EDGE('',*,*,#1234,.T.);
#952=ORIENTED_EDGE('',*,*,#1237,.F.);
#953=ORIENTED_EDGE('',*,*,#1142,.F.);
#954=ORIENTED_EDGE('',*,*,#1143,.T.);
#955=ORIENTED_EDGE('',*,*,#1237,.T.);
#956=ORIENTED_EDGE('',*,*,#1233,.T.);
#957=ORIENTED_EDGE('',*,*,#1236,.T.);
#958=ORIENTED_EDGE('',*,*,#1238,.F.);
#959=ORIENTED_EDGE('',*,*,#1239,.F.);
#960=ORIENTED_EDGE('',*,*,#1047,.F.);
#961=ORIENTED_EDGE('',*,*,#1240,.T.);
#962=ORIENTED_EDGE('',*,*,#1240,.F.);
#963=ORIENTED_EDGE('',*,*,#1046,.T.);
#964=ORIENTED_EDGE('',*,*,#1138,.T.);
#965=ORIENTED_EDGE('',*,*,#1241,.F.);
#966=ORIENTED_EDGE('',*,*,#1048,.T.);
#967=ORIENTED_EDGE('',*,*,#1239,.T.);
#968=ORIENTED_EDGE('',*,*,#1242,.F.);
#969=ORIENTED_EDGE('',*,*,#1136,.F.);
#970=ORIENTED_EDGE('',*,*,#1137,.T.);
#971=ORIENTED_EDGE('',*,*,#1242,.T.);
#972=ORIENTED_EDGE('',*,*,#1238,.T.);
#973=ORIENTED_EDGE('',*,*,#1241,.T.);
#974=ORIENTED_EDGE('',*,*,#1243,.F.);
#975=ORIENTED_EDGE('',*,*,#1244,.F.);
#976=ORIENTED_EDGE('',*,*,#1023,.F.);
#977=ORIENTED_EDGE('',*,*,#1245,.T.);
#978=ORIENTED_EDGE('',*,*,#1245,.F.);
#979=ORIENTED_EDGE('',*,*,#1022,.T.);
#980=ORIENTED_EDGE('',*,*,#1132,.T.);
#981=ORIENTED_EDGE('',*,*,#1246,.F.);
#982=ORIENTED_EDGE('',*,*,#1024,.T.);
#983=ORIENTED_EDGE('',*,*,#1244,.T.);
#984=ORIENTED_EDGE('',*,*,#1247,.F.);
#985=ORIENTED_EDGE('',*,*,#1130,.F.);
#986=ORIENTED_EDGE('',*,*,#1131,.T.);
#987=ORIENTED_EDGE('',*,*,#1247,.T.);
#988=ORIENTED_EDGE('',*,*,#1243,.T.);
#989=ORIENTED_EDGE('',*,*,#1246,.T.);
#990=EDGE_CURVE('',#1248,#1249,#1420,.T.);
#991=EDGE_CURVE('',#1248,#1250,#86,.T.);
#992=EDGE_CURVE('',#1251,#1250,#1421,.T.);
#993=EDGE_CURVE('',#1252,#1251,#87,.T.);
#994=EDGE_CURVE('',#1253,#1252,#1422,.T.);
#995=EDGE_CURVE('',#1253,#1254,#88,.T.);
#996=EDGE_CURVE('',#1255,#1254,#1423,.T.);
#997=EDGE_CURVE('',#1256,#1255,#89,.T.);
#998=EDGE_CURVE('',#1257,#1256,#1424,.T.);
#999=EDGE_CURVE('',#1257,#1258,#90,.T.);
#1000=EDGE_CURVE('',#1259,#1258,#1425,.T.);
#1001=EDGE_CURVE('',#1260,#1259,#91,.T.);
#1002=EDGE_CURVE('',#1261,#1260,#1426,.T.);
#1003=EDGE_CURVE('',#1261,#1262,#92,.T.);
#1004=EDGE_CURVE('',#1263,#1262,#1427,.T.);
#1005=EDGE_CURVE('',#1264,#1263,#93,.T.);
#1006=EDGE_CURVE('',#1265,#1264,#1428,.T.);
#1007=EDGE_CURVE('',#1265,#1266,#94,.T.);
#1008=EDGE_CURVE('',#1267,#1266,#1429,.T.);
#1009=EDGE_CURVE('',#1268,#1267,#95,.T.);
#1010=EDGE_CURVE('',#1269,#1268,#1430,.T.);
#1011=EDGE_CURVE('',#1269,#1270,#96,.T.);
#1012=EDGE_CURVE('',#1271,#1270,#1431,.T.);
#1013=EDGE_CURVE('',#1272,#1271,#97,.T.);
#1014=EDGE_CURVE('',#1273,#1272,#1432,.T.);
#1015=EDGE_CURVE('',#1273,#1274,#98,.T.);
#1016=EDGE_CURVE('',#1275,#1274,#1433,.T.);
#1017=EDGE_CURVE('',#1276,#1275,#99,.T.);
#1018=EDGE_CURVE('',#1277,#1276,#1434,.T.);
#1019=EDGE_CURVE('',#1277,#1278,#100,.T.);
#1020=EDGE_CURVE('',#1279,#1278,#1435,.T.);
#1021=EDGE_CURVE('',#1249,#1279,#101,.T.);
#1022=EDGE_CURVE('',#1280,#1281,#102,.T.);
#1023=EDGE_CURVE('',#1280,#1282,#1436,.T.);
#1024=EDGE_CURVE('',#1283,#1282,#103,.T.);
#1025=EDGE_CURVE('',#1283,#1284,#1437,.T.);
#1026=EDGE_CURVE('',#1285,#1284,#104,.T.);
#1027=EDGE_CURVE('',#1285,#1286,#1438,.T.);
#1028=EDGE_CURVE('',#1287,#1286,#105,.T.);
#1029=EDGE_CURVE('',#1287,#1288,#1439,.T.);
#1030=EDGE_CURVE('',#1289,#1288,#106,.T.);
#1031=EDGE_CURVE('',#1289,#1290,#1440,.T.);
#1032=EDGE_CURVE('',#1291,#1290,#107,.T.);
#1033=EDGE_CURVE('',#1291,#1292,#1441,.T.);
#1034=EDGE_CURVE('',#1293,#1292,#108,.T.);
#1035=EDGE_CURVE('',#1293,#1294,#1442,.T.);
#1036=EDGE_CURVE('',#1295,#1294,#109,.T.);
#1037=EDGE_CURVE('',#1295,#1296,#1443,.T.);
#1038=EDGE_CURVE('',#1297,#1296,#110,.T.);
#1039=EDGE_CURVE('',#1297,#1298,#1444,.T.);
#1040=EDGE_CURVE('',#1299,#1298,#111,.T.);
#1041=EDGE_CURVE('',#1299,#1300,#1445,.T.);
#1042=EDGE_CURVE('',#1301,#1300,#112,.T.);
#1043=EDGE_CURVE('',#1301,#1302,#1446,.T.);
#1044=EDGE_CURVE('',#1303,#1302,#113,.T.);
#1045=EDGE_CURVE('',#1303,#1304,#1447,.T.);
#1046=EDGE_CURVE('',#1305,#1304,#114,.T.);
#1047=EDGE_CURVE('',#1305,#1306,#1448,.T.);
#1048=EDGE_CURVE('',#1307,#1306,#115,.T.);
#1049=EDGE_CURVE('',#1307,#1308,#1449,.T.);
#1050=EDGE_CURVE('',#1309,#1308,#116,.T.);
#1051=EDGE_CURVE('',#1309,#1310,#1450,.T.);
#1052=EDGE_CURVE('',#1311,#1310,#117,.T.);
#1053=EDGE_CURVE('',#1311,#1281,#1451,.T.);
#1054=EDGE_CURVE('',#1312,#1313,#118,.T.);
#1055=EDGE_CURVE('',#1312,#1314,#119,.T.);
#1056=EDGE_CURVE('',#1314,#1315,#120,.T.);
#1057=EDGE_CURVE('',#1313,#1315,#121,.T.);
#1058=EDGE_CURVE('',#1313,#1316,#122,.T.);
#1059=EDGE_CURVE('',#1315,#1317,#123,.T.);
#1060=EDGE_CURVE('',#1316,#1317,#124,.T.);
#1061=EDGE_CURVE('',#1316,#1318,#125,.T.);
#1062=EDGE_CURVE('',#1317,#1319,#126,.T.);
#1063=EDGE_CURVE('',#1318,#1319,#127,.T.);
#1064=EDGE_CURVE('',#1318,#1312,#128,.T.);
#1065=EDGE_CURVE('',#1319,#1314,#129,.T.);
#1066=EDGE_CURVE('',#1320,#1321,#130,.T.);
#1067=EDGE_CURVE('',#1322,#1320,#131,.T.);
#1068=EDGE_CURVE('',#1323,#1322,#132,.T.);
#1069=EDGE_CURVE('',#1321,#1323,#133,.T.);
#1070=EDGE_CURVE('',#1276,#1324,#134,.T.);
#1071=EDGE_CURVE('',#1324,#1325,#1452,.F.);
#1072=EDGE_CURVE('',#1273,#1325,#135,.T.);
#1073=EDGE_CURVE('',#1272,#1326,#136,.T.);
#1074=EDGE_CURVE('',#1326,#1327,#1453,.F.);
#1075=EDGE_CURVE('',#1269,#1327,#137,.T.);
#1076=EDGE_CURVE('',#1268,#1328,#138,.T.);
#1077=EDGE_CURVE('',#1328,#1329,#1454,.F.);
#1078=EDGE_CURVE('',#1265,#1329,#139,.T.);
#1079=EDGE_CURVE('',#1264,#1330,#140,.T.);
#1080=EDGE_CURVE('',#1330,#1331,#1455,.F.);
#1081=EDGE_CURVE('',#1261,#1331,#141,.T.);
#1082=EDGE_CURVE('',#1260,#1332,#142,.T.);
#1083=EDGE_CURVE('',#1332,#1333,#1456,.F.);
#1084=EDGE_CURVE('',#1257,#1333,#143,.T.);
#1085=EDGE_CURVE('',#1256,#1334,#144,.T.);
#1086=EDGE_CURVE('',#1334,#1335,#1457,.F.);
#1087=EDGE_CURVE('',#1253,#1335,#145,.T.);
#1088=EDGE_CURVE('',#1252,#1336,#146,.T.);
#1089=EDGE_CURVE('',#1336,#1337,#1458,.F.);
#1090=EDGE_CURVE('',#1248,#1337,#147,.T.);
#1091=EDGE_CURVE('',#1249,#1338,#148,.T.);
#1092=EDGE_CURVE('',#1338,#1339,#1459,.F.);
#1093=EDGE_CURVE('',#1277,#1339,#149,.T.);
#1094=EDGE_CURVE('',#1340,#1341,#150,.T.);
#1095=EDGE_CURVE('',#1341,#1342,#151,.T.);
#1096=EDGE_CURVE('',#1342,#1343,#152,.T.);
#1097=EDGE_CURVE('',#1343,#1344,#153,.T.);
#1098=EDGE_CURVE('',#1344,#1345,#154,.T.);
#1099=EDGE_CURVE('',#1345,#1340,#155,.T.);
#1100=EDGE_CURVE('',#1346,#1347,#156,.T.);
#1101=EDGE_CURVE('',#1348,#1346,#157,.T.);
#1102=EDGE_CURVE('',#1349,#1348,#158,.T.);
#1103=EDGE_CURVE('',#1350,#1349,#159,.T.);
#1104=EDGE_CURVE('',#1351,#1350,#160,.T.);
#1105=EDGE_CURVE('',#1351,#1352,#161,.T.);
#1106=EDGE_CURVE('',#1352,#1353,#162,.T.);
#1107=EDGE_CURVE('',#1353,#1347,#163,.T.);
#1108=EDGE_CURVE('',#1354,#1355,#164,.T.);
#1109=EDGE_CURVE('',#1354,#1352,#165,.T.);
#1110=EDGE_CURVE('',#1351,#1356,#166,.T.);
#1111=EDGE_CURVE('',#1357,#1356,#167,.T.);
#1112=EDGE_CURVE('',#1357,#1355,#168,.T.);
#1113=EDGE_CURVE('',#1358,#1350,#169,.T.);
#1114=EDGE_CURVE('',#1358,#1356,#170,.T.);
#1115=EDGE_CURVE('',#1355,#1346,#171,.T.);
#1116=EDGE_CURVE('',#1357,#1359,#172,.T.);
#1117=EDGE_CURVE('',#1348,#1359,#173,.T.);
#1118=EDGE_CURVE('',#1360,#1361,#174,.T.);
#1119=EDGE_CURVE('',#1362,#1360,#175,.T.);
#1120=EDGE_CURVE('',#1363,#1362,#176,.T.);
#1121=EDGE_CURVE('',#1361,#1363,#177,.T.);
#1122=EDGE_CURVE('',#1364,#1358,#178,.T.);
#1123=EDGE_CURVE('',#1364,#1359,#179,.T.);
#1124=EDGE_CURVE('',#1291,#1365,#180,.T.);
#1125=EDGE_CURVE('',#1366,#1365,#1460,.F.);
#1126=EDGE_CURVE('',#1288,#1366,#181,.T.);
#1127=EDGE_CURVE('',#1287,#1367,#182,.T.);
#1128=EDGE_CURVE('',#1368,#1367,#1461,.F.);
#1129=EDGE_CURVE('',#1284,#1368,#183,.T.);
#1130=EDGE_CURVE('',#1283,#1369,#184,.T.);
#1131=EDGE_CURVE('',#1370,#1369,#1462,.F.);
#1132=EDGE_CURVE('',#1281,#1370,#185,.T.);
#1133=EDGE_CURVE('',#1311,#1371,#186,.T.);
#1134=EDGE_CURVE('',#1372,#1371,#1463,.F.);
#1135=EDGE_CURVE('',#1308,#1372,#187,.T.);
#1136=EDGE_CURVE('',#1307,#1373,#188,.T.);
#1137=EDGE_CURVE('',#1374,#1373,#1464,.F.);
#1138=EDGE_CURVE('',#1304,#1374,#189,.T.);
#1139=EDGE_CURVE('',#1303,#1375,#190,.T.);
#1140=EDGE_CURVE('',#1376,#1375,#1465,.F.);
#1141=EDGE_CURVE('',#1300,#1376,#191,.T.);
#1142=EDGE_CURVE('',#1299,#1377,#192,.T.);
#1143=EDGE_CURVE('',#1378,#1377,#1466,.F.);
#1144=EDGE_CURVE('',#1296,#1378,#193,.T.);
#1145=EDGE_CURVE('',#1295,#1379,#194,.T.);
#1146=EDGE_CURVE('',#1380,#1379,#1467,.F.);
#1147=EDGE_CURVE('',#1292,#1380,#195,.T.);
#1148=EDGE_CURVE('',#1381,#1341,#196,.T.);
#1149=EDGE_CURVE('',#1381,#1382,#197,.T.);
#1150=EDGE_CURVE('',#1382,#1342,#198,.T.);
#1151=EDGE_CURVE('',#1383,#1340,#199,.T.);
#1152=EDGE_CURVE('',#1383,#1381,#200,.T.);
#1153=EDGE_CURVE('',#1384,#1345,#201,.T.);
#1154=EDGE_CURVE('',#1384,#1383,#202,.T.);
#1155=EDGE_CURVE('',#1385,#1344,#203,.T.);
#1156=EDGE_CURVE('',#1385,#1384,#204,.T.);
#1157=EDGE_CURVE('',#1386,#1343,#205,.T.);
#1158=EDGE_CURVE('',#1386,#1385,#206,.T.);
#1159=EDGE_CURVE('',#1382,#1386,#207,.T.);
#1160=EDGE_CURVE('',#1349,#1364,#208,.T.);
#1161=EDGE_CURVE('',#1353,#1387,#209,.T.);
#1162=EDGE_CURVE('',#1347,#1387,#210,.T.);
#1163=EDGE_CURVE('',#1354,#1387,#211,.T.);
#1164=EDGE_CURVE('',#1361,#1322,#212,.T.);
#1165=EDGE_CURVE('',#1360,#1320,#213,.T.);
#1166=EDGE_CURVE('',#1363,#1323,#214,.T.);
#1167=EDGE_CURVE('',#1362,#1321,#215,.T.);
#1168=EDGE_CURVE('',#1290,#1388,#216,.T.);
#1169=EDGE_CURVE('',#1365,#1388,#217,.F.);
#1170=EDGE_CURVE('',#1289,#1389,#218,.T.);
#1171=EDGE_CURVE('',#1389,#1388,#1468,.F.);
#1172=EDGE_CURVE('',#1389,#1366,#219,.T.);
#1173=EDGE_CURVE('',#1279,#1390,#220,.T.);
#1174=EDGE_CURVE('',#1278,#1391,#221,.T.);
#1175=EDGE_CURVE('',#1390,#1391,#1469,.F.);
#1176=EDGE_CURVE('',#1339,#1391,#222,.T.);
#1177=EDGE_CURVE('',#1338,#1390,#223,.T.);
#1178=EDGE_CURVE('',#1275,#1392,#224,.T.);
#1179=EDGE_CURVE('',#1274,#1393,#225,.T.);
#1180=EDGE_CURVE('',#1392,#1393,#1470,.F.);
#1181=EDGE_CURVE('',#1325,#1393,#226,.T.);
#1182=EDGE_CURVE('',#1324,#1392,#227,.T.);
#1183=EDGE_CURVE('',#1271,#1394,#228,.T.);
#1184=EDGE_CURVE('',#1270,#1395,#229,.T.);
#1185=EDGE_CURVE('',#1394,#1395,#1471,.F.);
#1186=EDGE_CURVE('',#1327,#1395,#230,.T.);
#1187=EDGE_CURVE('',#1326,#1394,#231,.T.);
#1188=EDGE_CURVE('',#1267,#1396,#232,.T.);
#1189=EDGE_CURVE('',#1266,#1397,#233,.T.);
#1190=EDGE_CURVE('',#1396,#1397,#1472,.F.);
#1191=EDGE_CURVE('',#1329,#1397,#234,.T.);
#1192=EDGE_CURVE('',#1328,#1396,#235,.T.);
#1193=EDGE_CURVE('',#1263,#1398,#236,.T.);
#1194=EDGE_CURVE('',#1262,#1399,#237,.T.);
#1195=EDGE_CURVE('',#1398,#1399,#1473,.F.);
#1196=EDGE_CURVE('',#1331,#1399,#238,.T.);
#1197=EDGE_CURVE('',#1330,#1398,#239,.T.);
#1198=EDGE_CURVE('',#1259,#1400,#240,.T.);
#1199=EDGE_CURVE('',#1332,#1400,#241,.T.);
#1200=EDGE_CURVE('',#1258,#1401,#242,.T.);
#1201=EDGE_CURVE('',#1400,#1401,#1474,.F.);
#1202=EDGE_CURVE('',#1333,#1401,#243,.T.);
#1203=EDGE_CURVE('',#1255,#1402,#244,.T.);
#1204=EDGE_CURVE('',#1254,#1403,#245,.T.);
#1205=EDGE_CURVE('',#1402,#1403,#1475,.F.);
#1206=EDGE_CURVE('',#1335,#1403,#246,.T.);
#1207=EDGE_CURVE('',#1334,#1402,#247,.T.);
#1208=EDGE_CURVE('',#1251,#1404,#248,.T.);
#1209=EDGE_CURVE('',#1250,#1405,#249,.T.);
#1210=EDGE_CURVE('',#1404,#1405,#1476,.F.);
#1211=EDGE_CURVE('',#1337,#1405,#250,.T.);
#1212=EDGE_CURVE('',#1336,#1404,#251,.T.);
#1213=EDGE_CURVE('',#1406,#1407,#1477,.T.);
#1214=EDGE_CURVE('',#1286,#1406,#252,.T.);
#1215=EDGE_CURVE('',#1285,#1407,#253,.T.);
#1216=EDGE_CURVE('',#1407,#1368,#254,.T.);
#1217=EDGE_CURVE('',#1367,#1406,#255,.F.);
#1218=EDGE_CURVE('',#1310,#1408,#256,.T.);
#1219=EDGE_CURVE('',#1371,#1408,#257,.F.);
#1220=EDGE_CURVE('',#1408,#1409,#1478,.T.);
#1221=EDGE_CURVE('',#1309,#1409,#258,.T.);
#1222=EDGE_CURVE('',#1409,#1372,#259,.T.);
#1223=EDGE_CURVE('',#1410,#1411,#1479,.T.);
#1224=EDGE_CURVE('',#1302,#1410,#260,.T.);
#1225=EDGE_CURVE('',#1301,#1411,#261,.T.);
#1226=EDGE_CURVE('',#1411,#1376,#262,.T.);
#1227=EDGE_CURVE('',#1375,#1410,#263,.F.);
#1228=EDGE_CURVE('',#1412,#1413,#1480,.T.);
#1229=EDGE_CURVE('',#1294,#1412,#264,.T.);
#1230=EDGE_CURVE('',#1293,#1413,#265,.T.);
#1231=EDGE_CURVE('',#1413,#1380,#266,.T.);
#1232=EDGE_CURVE('',#1379,#1412,#267,.F.);
#1233=EDGE_CURVE('',#1414,#1415,#1481,.T.);
#1234=EDGE_CURVE('',#1298,#1414,#268,.T.);
#1235=EDGE_CURVE('',#1297,#1415,#269,.T.);
#1236=EDGE_CURVE('',#1415,#1378,#270,.T.);
#1237=EDGE_CURVE('',#1377,#1414,#271,.F.);
#1238=EDGE_CURVE('',#1416,#1417,#1482,.T.);
#1239=EDGE_CURVE('',#1306,#1416,#272,.T.);
#1240=EDGE_CURVE('',#1305,#1417,#273,.T.);
#1241=EDGE_CURVE('',#1417,#1374,#274,.T.);
#1242=EDGE_CURVE('',#1373,#1416,#275,.F.);
#1243=EDGE_CURVE('',#1418,#1419,#1483,.T.);
#1244=EDGE_CURVE('',#1282,#1418,#276,.T.);
#1245=EDGE_CURVE('',#1280,#1419,#277,.T.);
#1246=EDGE_CURVE('',#1419,#1370,#278,.T.);
#1247=EDGE_CURVE('',#1369,#1418,#279,.F.);
#1248=VERTEX_POINT('',#2465);
#1249=VERTEX_POINT('',#2466);
#1250=VERTEX_POINT('',#2468);
#1251=VERTEX_POINT('',#2470);
#1252=VERTEX_POINT('',#2472);
#1253=VERTEX_POINT('',#2474);
#1254=VERTEX_POINT('',#2476);
#1255=VERTEX_POINT('',#2478);
#1256=VERTEX_POINT('',#2480);
#1257=VERTEX_POINT('',#2482);
#1258=VERTEX_POINT('',#2484);
#1259=VERTEX_POINT('',#2486);
#1260=VERTEX_POINT('',#2488);
#1261=VERTEX_POINT('',#2490);
#1262=VERTEX_POINT('',#2492);
#1263=VERTEX_POINT('',#2494);
#1264=VERTEX_POINT('',#2496);
#1265=VERTEX_POINT('',#2498);
#1266=VERTEX_POINT('',#2500);
#1267=VERTEX_POINT('',#2502);
#1268=VERTEX_POINT('',#2504);
#1269=VERTEX_POINT('',#2506);
#1270=VERTEX_POINT('',#2508);
#1271=VERTEX_POINT('',#2510);
#1272=VERTEX_POINT('',#2512);
#1273=VERTEX_POINT('',#2514);
#1274=VERTEX_POINT('',#2516);
#1275=VERTEX_POINT('',#2518);
#1276=VERTEX_POINT('',#2520);
#1277=VERTEX_POINT('',#2522);
#1278=VERTEX_POINT('',#2524);
#1279=VERTEX_POINT('',#2526);
#1280=VERTEX_POINT('',#2529);
#1281=VERTEX_POINT('',#2530);
#1282=VERTEX_POINT('',#2532);
#1283=VERTEX_POINT('',#2534);
#1284=VERTEX_POINT('',#2536);
#1285=VERTEX_POINT('',#2538);
#1286=VERTEX_POINT('',#2540);
#1287=VERTEX_POINT('',#2542);
#1288=VERTEX_POINT('',#2544);
#1289=VERTEX_POINT('',#2546);
#1290=VERTEX_POINT('',#2548);
#1291=VERTEX_POINT('',#2550);
#1292=VERTEX_POINT('',#2552);
#1293=VERTEX_POINT('',#2554);
#1294=VERTEX_POINT('',#2556);
#1295=VERTEX_POINT('',#2558);
#1296=VERTEX_POINT('',#2560);
#1297=VERTEX_POINT('',#2562);
#1298=VERTEX_POINT('',#2564);
#1299=VERTEX_POINT('',#2566);
#1300=VERTEX_POINT('',#2568);
#1301=VERTEX_POINT('',#2570);
#1302=VERTEX_POINT('',#2572);
#1303=VERTEX_POINT('',#2574);
#1304=VERTEX_POINT('',#2576);
#1305=VERTEX_POINT('',#2578);
#1306=VERTEX_POINT('',#2580);
#1307=VERTEX_POINT('',#2582);
#1308=VERTEX_POINT('',#2584);
#1309=VERTEX_POINT('',#2586);
#1310=VERTEX_POINT('',#2588);
#1311=VERTEX_POINT('',#2590);
#1312=VERTEX_POINT('',#2594);
#1313=VERTEX_POINT('',#2595);
#1314=VERTEX_POINT('',#2597);
#1315=VERTEX_POINT('',#2599);
#1316=VERTEX_POINT('',#2603);
#1317=VERTEX_POINT('',#2605);
#1318=VERTEX_POINT('',#2609);
#1319=VERTEX_POINT('',#2611);
#1320=VERTEX_POINT('',#2618);
#1321=VERTEX_POINT('',#2619);
#1322=VERTEX_POINT('',#2621);
#1323=VERTEX_POINT('',#2623);
#1324=VERTEX_POINT('',#2626);
#1325=VERTEX_POINT('',#2628);
#1326=VERTEX_POINT('',#2631);
#1327=VERTEX_POINT('',#2633);
#1328=VERTEX_POINT('',#2636);
#1329=VERTEX_POINT('',#2638);
#1330=VERTEX_POINT('',#2641);
#1331=VERTEX_POINT('',#2643);
#1332=VERTEX_POINT('',#2646);
#1333=VERTEX_POINT('',#2648);
#1334=VERTEX_POINT('',#2651);
#1335=VERTEX_POINT('',#2653);
#1336=VERTEX_POINT('',#2656);
#1337=VERTEX_POINT('',#2658);
#1338=VERTEX_POINT('',#2661);
#1339=VERTEX_POINT('',#2663);
#1340=VERTEX_POINT('',#2666);
#1341=VERTEX_POINT('',#2667);
#1342=VERTEX_POINT('',#2669);
#1343=VERTEX_POINT('',#2671);
#1344=VERTEX_POINT('',#2673);
#1345=VERTEX_POINT('',#2675);
#1346=VERTEX_POINT('',#2678);
#1347=VERTEX_POINT('',#2679);
#1348=VERTEX_POINT('',#2681);
#1349=VERTEX_POINT('',#2683);
#1350=VERTEX_POINT('',#2685);
#1351=VERTEX_POINT('',#2687);
#1352=VERTEX_POINT('',#2689);
#1353=VERTEX_POINT('',#2691);
#1354=VERTEX_POINT('',#2695);
#1355=VERTEX_POINT('',#2696);
#1356=VERTEX_POINT('',#2699);
#1357=VERTEX_POINT('',#2701);
#1358=VERTEX_POINT('',#2705);
#1359=VERTEX_POINT('',#2710);
#1360=VERTEX_POINT('',#2714);
#1361=VERTEX_POINT('',#2715);
#1362=VERTEX_POINT('',#2717);
#1363=VERTEX_POINT('',#2719);
#1364=VERTEX_POINT('',#2722);
#1365=VERTEX_POINT('',#2725);
#1366=VERTEX_POINT('',#2727);
#1367=VERTEX_POINT('',#2730);
#1368=VERTEX_POINT('',#2732);
#1369=VERTEX_POINT('',#2735);
#1370=VERTEX_POINT('',#2737);
#1371=VERTEX_POINT('',#2740);
#1372=VERTEX_POINT('',#2742);
#1373=VERTEX_POINT('',#2745);
#1374=VERTEX_POINT('',#2747);
#1375=VERTEX_POINT('',#2750);
#1376=VERTEX_POINT('',#2752);
#1377=VERTEX_POINT('',#2755);
#1378=VERTEX_POINT('',#2757);
#1379=VERTEX_POINT('',#2760);
#1380=VERTEX_POINT('',#2762);
#1381=VERTEX_POINT('',#2766);
#1382=VERTEX_POINT('',#2768);
#1383=VERTEX_POINT('',#2772);
#1384=VERTEX_POINT('',#2776);
#1385=VERTEX_POINT('',#2780);
#1386=VERTEX_POINT('',#2784);
#1387=VERTEX_POINT('',#2794);
#1388=VERTEX_POINT('',#2810);
#1389=VERTEX_POINT('',#2814);
#1390=VERTEX_POINT('',#2821);
#1391=VERTEX_POINT('',#2823);
#1392=VERTEX_POINT('',#2832);
#1393=VERTEX_POINT('',#2834);
#1394=VERTEX_POINT('',#2843);
#1395=VERTEX_POINT('',#2845);
#1396=VERTEX_POINT('',#2854);
#1397=VERTEX_POINT('',#2856);
#1398=VERTEX_POINT('',#2865);
#1399=VERTEX_POINT('',#2867);
#1400=VERTEX_POINT('',#2876);
#1401=VERTEX_POINT('',#2880);
#1402=VERTEX_POINT('',#2887);
#1403=VERTEX_POINT('',#2889);
#1404=VERTEX_POINT('',#2898);
#1405=VERTEX_POINT('',#2900);
#1406=VERTEX_POINT('',#2909);
#1407=VERTEX_POINT('',#2910);
#1408=VERTEX_POINT('',#2920);
#1409=VERTEX_POINT('',#2924);
#1410=VERTEX_POINT('',#2931);
#1411=VERTEX_POINT('',#2932);
#1412=VERTEX_POINT('',#2942);
#1413=VERTEX_POINT('',#2943);
#1414=VERTEX_POINT('',#2953);
#1415=VERTEX_POINT('',#2954);
#1416=VERTEX_POINT('',#2964);
#1417=VERTEX_POINT('',#2965);
#1418=VERTEX_POINT('',#2975);
#1419=VERTEX_POINT('',#2976);
#1420=CIRCLE('',#1802,0.0655665997290526);
#1421=CIRCLE('',#1803,0.0655665997290526);
#1422=CIRCLE('',#1804,0.0655665997290526);
#1423=CIRCLE('',#1805,0.0655665997290526);
#1424=CIRCLE('',#1806,0.0655665997290526);
#1425=CIRCLE('',#1807,0.0655665997290526);
#1426=CIRCLE('',#1808,0.0655665997290526);
#1427=CIRCLE('',#1809,0.0655665997290526);
#1428=CIRCLE('',#1810,0.0655665997290526);
#1429=CIRCLE('',#1811,0.0655665997290526);
#1430=CIRCLE('',#1812,0.0655665997290526);
#1431=CIRCLE('',#1813,0.0655665997290526);
#1432=CIRCLE('',#1814,0.0655665997290526);
#1433=CIRCLE('',#1815,0.0655665997290526);
#1434=CIRCLE('',#1816,0.0655665997290526);
#1435=CIRCLE('',#1817,0.0655665997290526);
#1436=CIRCLE('',#1818,0.0655665997290526);
#1437=CIRCLE('',#1819,0.0655665997290526);
#1438=CIRCLE('',#1820,0.0655665997290526);
#1439=CIRCLE('',#1821,0.0655665997290526);
#1440=CIRCLE('',#1822,0.0655665997290526);
#1441=CIRCLE('',#1823,0.0655665997290526);
#1442=CIRCLE('',#1824,0.0655665997290526);
#1443=CIRCLE('',#1825,0.0655665997290526);
#1444=CIRCLE('',#1826,0.0655665997290526);
#1445=CIRCLE('',#1827,0.0655665997290526);
#1446=CIRCLE('',#1828,0.0655665997290526);
#1447=CIRCLE('',#1829,0.0655665997290526);
#1448=CIRCLE('',#1830,0.0655665997290526);
#1449=CIRCLE('',#1831,0.0655665997290526);
#1450=CIRCLE('',#1832,0.0655665997290526);
#1451=CIRCLE('',#1833,0.0655665997290526);
#1452=CIRCLE('',#1839,0.0675665997290526);
#1453=CIRCLE('',#1840,0.0675665997290526);
#1454=CIRCLE('',#1841,0.0675665997290526);
#1455=CIRCLE('',#1842,0.0675665997290526);
#1456=CIRCLE('',#1843,0.0675665997290526);
#1457=CIRCLE('',#1844,0.0675665997290526);
#1458=CIRCLE('',#1845,0.0675665997290526);
#1459=CIRCLE('',#1846,0.0675665997290526);
#1460=CIRCLE('',#1851,0.0675665997290526);
#1461=CIRCLE('',#1852,0.0675665997290526);
#1462=CIRCLE('',#1853,0.0675665997290526);
#1463=CIRCLE('',#1854,0.0675665997290526);
#1464=CIRCLE('',#1855,0.0675665997290526);
#1465=CIRCLE('',#1856,0.0675665997290526);
#1466=CIRCLE('',#1857,0.0675665997290526);
#1467=CIRCLE('',#1858,0.0675665997290526);
#1468=CIRCLE('',#1878,0.0675665997290526);
#1469=CIRCLE('',#1882,0.0675665997290526);
#1470=CIRCLE('',#1887,0.0675665997290526);
#1471=CIRCLE('',#1892,0.0675665997290526);
#1472=CIRCLE('',#1897,0.0675665997290526);
#1473=CIRCLE('',#1902,0.0675665997290526);
#1474=CIRCLE('',#1908,0.0675665997290526);
#1475=CIRCLE('',#1912,0.0675665997290526);
#1476=CIRCLE('',#1917,0.0675665997290526);
#1477=CIRCLE('',#1922,0.0675665997290526);
#1478=CIRCLE('',#1928,0.0675665997290526);
#1479=CIRCLE('',#1932,0.0675665997290526);
#1480=CIRCLE('',#1937,0.0675665997290526);
#1481=CIRCLE('',#1942,0.0675665997290526);
#1482=CIRCLE('',#1947,0.0675665997290526);
#1483=CIRCLE('',#1952,0.0675665997290526);
#1484=EDGE_LOOP('',(#474,#475,#476,#477,#478,#479,#480,#481,#482,#483,#484,
#485,#486,#487,#488,#489,#490,#491,#492,#493,#494,#495,#496,#497,#498,#499,
#500,#501,#502,#503,#504,#505));
#1485=EDGE_LOOP('',(#506,#507,#508,#509,#510,#511,#512,#513,#514,#515,#516,
#517,#518,#519,#520,#521,#522,#523,#524,#525,#526,#527,#528,#529,#530,#531,
#532,#533,#534,#535,#536,#537));
#1486=EDGE_LOOP('',(#538,#539,#540,#541));
#1487=EDGE_LOOP('',(#542,#543,#544,#545));
#1488=EDGE_LOOP('',(#546,#547,#548,#549));
#1489=EDGE_LOOP('',(#550,#551,#552,#553));
#1490=EDGE_LOOP('',(#554,#555,#556,#557));
#1491=EDGE_LOOP('',(#558,#559,#560,#561));
#1492=EDGE_LOOP('',(#562,#563,#564,#565,#566,#567,#568,#569,#570,#571,#572,
#573,#574,#575,#576,#577,#578,#579,#580,#581,#582,#583,#584,#585,#586,#587,
#588,#589,#590,#591,#592,#593));
#1493=EDGE_LOOP('',(#594,#595,#596,#597,#598,#599));
#1494=EDGE_LOOP('',(#600,#601,#602,#603,#604,#605,#606,#607));
#1495=EDGE_LOOP('',(#608,#609,#610,#611,#612,#613));
#1496=EDGE_LOOP('',(#614,#615,#616,#617));
#1497=EDGE_LOOP('',(#618,#619,#620,#621,#622));
#1498=EDGE_LOOP('',(#623,#624,#625,#626));
#1499=EDGE_LOOP('',(#627,#628,#629,#630,#631));
#1500=EDGE_LOOP('',(#632,#633,#634,#635,#636,#637,#638,#639,#640,#641,#642,
#643,#644,#645,#646,#647,#648,#649,#650,#651,#652,#653,#654,#655,#656,#657,
#658,#659,#660,#661,#662,#663));
#1501=EDGE_LOOP('',(#664,#665,#666,#667));
#1502=EDGE_LOOP('',(#668,#669,#670,#671));
#1503=EDGE_LOOP('',(#672,#673,#674,#675));
#1504=EDGE_LOOP('',(#676,#677,#678,#679));
#1505=EDGE_LOOP('',(#680,#681,#682,#683));
#1506=EDGE_LOOP('',(#684,#685,#686,#687));
#1507=EDGE_LOOP('',(#688,#689,#690,#691,#692,#693));
#1508=EDGE_LOOP('',(#694,#695,#696,#697));
#1509=EDGE_LOOP('',(#698,#699,#700,#701));
#1510=EDGE_LOOP('',(#702,#703,#704));
#1511=EDGE_LOOP('',(#705,#706,#707,#708,#709));
#1512=EDGE_LOOP('',(#710,#711,#712,#713));
#1513=EDGE_LOOP('',(#714,#715,#716,#717));
#1514=EDGE_LOOP('',(#718,#719,#720,#721));
#1515=EDGE_LOOP('',(#722,#723,#724,#725));
#1516=EDGE_LOOP('',(#726,#727,#728,#729));
#1517=EDGE_LOOP('',(#730,#731,#732,#733));
#1518=EDGE_LOOP('',(#734,#735,#736,#737));
#1519=EDGE_LOOP('',(#738,#739,#740,#741));
#1520=EDGE_LOOP('',(#742,#743,#744,#745));
#1521=EDGE_LOOP('',(#746,#747,#748,#749));
#1522=EDGE_LOOP('',(#750,#751,#752,#753));
#1523=EDGE_LOOP('',(#754,#755,#756,#757));
#1524=EDGE_LOOP('',(#758,#759,#760,#761));
#1525=EDGE_LOOP('',(#762,#763,#764,#765));
#1526=EDGE_LOOP('',(#766,#767,#768,#769));
#1527=EDGE_LOOP('',(#770,#771,#772,#773));
#1528=EDGE_LOOP('',(#774,#775,#776,#777));
#1529=EDGE_LOOP('',(#778,#779,#780,#781));
#1530=EDGE_LOOP('',(#782,#783,#784,#785));
#1531=EDGE_LOOP('',(#786,#787,#788,#789));
#1532=EDGE_LOOP('',(#790,#791,#792,#793));
#1533=EDGE_LOOP('',(#794,#795,#796,#797));
#1534=EDGE_LOOP('',(#798,#799,#800,#801));
#1535=EDGE_LOOP('',(#802,#803,#804,#805));
#1536=EDGE_LOOP('',(#806,#807,#808,#809));
#1537=EDGE_LOOP('',(#810,#811,#812,#813));
#1538=EDGE_LOOP('',(#814,#815,#816,#817));
#1539=EDGE_LOOP('',(#818,#819,#820,#821));
#1540=EDGE_LOOP('',(#822,#823,#824,#825));
#1541=EDGE_LOOP('',(#826,#827,#828,#829));
#1542=EDGE_LOOP('',(#830,#831,#832,#833));
#1543=EDGE_LOOP('',(#834,#835,#836,#837));
#1544=EDGE_LOOP('',(#838,#839,#840,#841));
#1545=EDGE_LOOP('',(#842,#843,#844,#845));
#1546=EDGE_LOOP('',(#846,#847,#848,#849));
#1547=EDGE_LOOP('',(#850,#851,#852,#853));
#1548=EDGE_LOOP('',(#854,#855,#856,#857));
#1549=EDGE_LOOP('',(#858,#859,#860,#861));
#1550=EDGE_LOOP('',(#862,#863,#864,#865));
#1551=EDGE_LOOP('',(#866,#867,#868,#869));
#1552=EDGE_LOOP('',(#870,#871,#872,#873));
#1553=EDGE_LOOP('',(#874,#875,#876,#877));
#1554=EDGE_LOOP('',(#878,#879,#880,#881));
#1555=EDGE_LOOP('',(#882,#883,#884,#885));
#1556=EDGE_LOOP('',(#886,#887,#888,#889));
#1557=EDGE_LOOP('',(#890,#891,#892,#893));
#1558=EDGE_LOOP('',(#894,#895,#896,#897));
#1559=EDGE_LOOP('',(#898,#899,#900,#901));
#1560=EDGE_LOOP('',(#902,#903,#904,#905));
#1561=EDGE_LOOP('',(#906,#907,#908,#909));
#1562=EDGE_LOOP('',(#910,#911,#912,#913));
#1563=EDGE_LOOP('',(#914,#915,#916,#917));
#1564=EDGE_LOOP('',(#918,#919,#920,#921));
#1565=EDGE_LOOP('',(#922,#923,#924,#925));
#1566=EDGE_LOOP('',(#926,#927,#928,#929));
#1567=EDGE_LOOP('',(#930,#931,#932,#933));
#1568=EDGE_LOOP('',(#934,#935,#936,#937));
#1569=EDGE_LOOP('',(#938,#939,#940,#941));
#1570=EDGE_LOOP('',(#942,#943,#944,#945));
#1571=EDGE_LOOP('',(#946,#947,#948,#949));
#1572=EDGE_LOOP('',(#950,#951,#952,#953));
#1573=EDGE_LOOP('',(#954,#955,#956,#957));
#1574=EDGE_LOOP('',(#958,#959,#960,#961));
#1575=EDGE_LOOP('',(#962,#963,#964,#965));
#1576=EDGE_LOOP('',(#966,#967,#968,#969));
#1577=EDGE_LOOP('',(#970,#971,#972,#973));
#1578=EDGE_LOOP('',(#974,#975,#976,#977));
#1579=EDGE_LOOP('',(#978,#979,#980,#981));
#1580=EDGE_LOOP('',(#982,#983,#984,#985));
#1581=EDGE_LOOP('',(#986,#987,#988,#989));
#1582=FACE_BOUND('',#1484,.T.);
#1583=FACE_BOUND('',#1485,.T.);
#1584=FACE_BOUND('',#1486,.T.);
#1585=FACE_BOUND('',#1487,.T.);
#1586=FACE_BOUND('',#1488,.T.);
#1587=FACE_BOUND('',#1489,.T.);
#1588=FACE_BOUND('',#1490,.T.);
#1589=FACE_BOUND('',#1491,.T.);
#1590=FACE_BOUND('',#1492,.T.);
#1591=FACE_BOUND('',#1493,.T.);
#1592=FACE_BOUND('',#1494,.T.);
#1593=FACE_BOUND('',#1495,.T.);
#1594=FACE_BOUND('',#1496,.T.);
#1595=FACE_BOUND('',#1497,.T.);
#1596=FACE_BOUND('',#1498,.T.);
#1597=FACE_BOUND('',#1499,.T.);
#1598=FACE_BOUND('',#1500,.T.);
#1599=FACE_BOUND('',#1501,.T.);
#1600=FACE_BOUND('',#1502,.T.);
#1601=FACE_BOUND('',#1503,.T.);
#1602=FACE_BOUND('',#1504,.T.);
#1603=FACE_BOUND('',#1505,.T.);
#1604=FACE_BOUND('',#1506,.T.);
#1605=FACE_BOUND('',#1507,.T.);
#1606=FACE_BOUND('',#1508,.T.);
#1607=FACE_BOUND('',#1509,.T.);
#1608=FACE_BOUND('',#1510,.T.);
#1609=FACE_BOUND('',#1511,.T.);
#1610=FACE_BOUND('',#1512,.T.);
#1611=FACE_BOUND('',#1513,.T.);
#1612=FACE_BOUND('',#1514,.T.);
#1613=FACE_BOUND('',#1515,.T.);
#1614=FACE_BOUND('',#1516,.T.);
#1615=FACE_BOUND('',#1517,.T.);
#1616=FACE_BOUND('',#1518,.T.);
#1617=FACE_BOUND('',#1519,.T.);
#1618=FACE_BOUND('',#1520,.T.);
#1619=FACE_BOUND('',#1521,.T.);
#1620=FACE_BOUND('',#1522,.T.);
#1621=FACE_BOUND('',#1523,.T.);
#1622=FACE_BOUND('',#1524,.T.);
#1623=FACE_BOUND('',#1525,.T.);
#1624=FACE_BOUND('',#1526,.T.);
#1625=FACE_BOUND('',#1527,.T.);
#1626=FACE_BOUND('',#1528,.T.);
#1627=FACE_BOUND('',#1529,.T.);
#1628=FACE_BOUND('',#1530,.T.);
#1629=FACE_BOUND('',#1531,.T.);
#1630=FACE_BOUND('',#1532,.T.);
#1631=FACE_BOUND('',#1533,.T.);
#1632=FACE_BOUND('',#1534,.T.);
#1633=FACE_BOUND('',#1535,.T.);
#1634=FACE_BOUND('',#1536,.T.);
#1635=FACE_BOUND('',#1537,.T.);
#1636=FACE_BOUND('',#1538,.T.);
#1637=FACE_BOUND('',#1539,.T.);
#1638=FACE_BOUND('',#1540,.T.);
#1639=FACE_BOUND('',#1541,.T.);
#1640=FACE_BOUND('',#1542,.T.);
#1641=FACE_BOUND('',#1543,.T.);
#1642=FACE_BOUND('',#1544,.T.);
#1643=FACE_BOUND('',#1545,.T.);
#1644=FACE_BOUND('',#1546,.T.);
#1645=FACE_BOUND('',#1547,.T.);
#1646=FACE_BOUND('',#1548,.T.);
#1647=FACE_BOUND('',#1549,.T.);
#1648=FACE_BOUND('',#1550,.T.);
#1649=FACE_BOUND('',#1551,.T.);
#1650=FACE_BOUND('',#1552,.T.);
#1651=FACE_BOUND('',#1553,.T.);
#1652=FACE_BOUND('',#1554,.T.);
#1653=FACE_BOUND('',#1555,.T.);
#1654=FACE_BOUND('',#1556,.T.);
#1655=FACE_BOUND('',#1557,.T.);
#1656=FACE_BOUND('',#1558,.T.);
#1657=FACE_BOUND('',#1559,.T.);
#1658=FACE_BOUND('',#1560,.T.);
#1659=FACE_BOUND('',#1561,.T.);
#1660=FACE_BOUND('',#1562,.T.);
#1661=FACE_BOUND('',#1563,.T.);
#1662=FACE_BOUND('',#1564,.T.);
#1663=FACE_BOUND('',#1565,.T.);
#1664=FACE_BOUND('',#1566,.T.);
#1665=FACE_BOUND('',#1567,.T.);
#1666=FACE_BOUND('',#1568,.T.);
#1667=FACE_BOUND('',#1569,.T.);
#1668=FACE_BOUND('',#1570,.T.);
#1669=FACE_BOUND('',#1571,.T.);
#1670=FACE_BOUND('',#1572,.T.);
#1671=FACE_BOUND('',#1573,.T.);
#1672=FACE_BOUND('',#1574,.T.);
#1673=FACE_BOUND('',#1575,.T.);
#1674=FACE_BOUND('',#1576,.T.);
#1675=FACE_BOUND('',#1577,.T.);
#1676=FACE_BOUND('',#1578,.T.);
#1677=FACE_BOUND('',#1579,.T.);
#1678=FACE_BOUND('',#1580,.T.);
#1679=FACE_BOUND('',#1581,.T.);
#1680=CYLINDRICAL_SURFACE('',#1801,0.0655665997290526);
#1681=CYLINDRICAL_SURFACE('',#1879,0.0675665997290526);
#1682=CYLINDRICAL_SURFACE('',#1885,0.0675665997290526);
#1683=CYLINDRICAL_SURFACE('',#1890,0.0675665997290526);
#1684=CYLINDRICAL_SURFACE('',#1895,0.0675665997290526);
#1685=CYLINDRICAL_SURFACE('',#1900,0.0675665997290526);
#1686=CYLINDRICAL_SURFACE('',#1905,0.0675665997290526);
#1687=CYLINDRICAL_SURFACE('',#1910,0.0675665997290526);
#1688=CYLINDRICAL_SURFACE('',#1915,0.0675665997290526);
#1689=CYLINDRICAL_SURFACE('',#1920,0.0675665997290526);
#1690=CYLINDRICAL_SURFACE('',#1925,0.0675665997290526);
#1691=CYLINDRICAL_SURFACE('',#1930,0.0675665997290526);
#1692=CYLINDRICAL_SURFACE('',#1935,0.0675665997290526);
#1693=CYLINDRICAL_SURFACE('',#1940,0.0675665997290526);
#1694=CYLINDRICAL_SURFACE('',#1945,0.0675665997290526);
#1695=CYLINDRICAL_SURFACE('',#1950,0.0675665997290526);
#1696=CYLINDRICAL_SURFACE('',#1955,0.0675665997290526);
#1697=ADVANCED_FACE('',(#1582,#1583),#1680,.T.);
#1698=ADVANCED_FACE('',(#1584),#12,.F.);
#1699=ADVANCED_FACE('',(#1585),#13,.F.);
#1700=ADVANCED_FACE('',(#1586),#14,.F.);
#1701=ADVANCED_FACE('',(#1587),#15,.F.);
#1702=ADVANCED_FACE('',(#1588,#1589,#1590,#1591,#1592),#16,.T.);
#1703=ADVANCED_FACE('',(#1593),#17,.T.);
#1704=ADVANCED_FACE('',(#1594),#18,.F.);
#1705=ADVANCED_FACE('',(#1595),#19,.F.);
#1706=ADVANCED_FACE('',(#1596,#1597,#1598),#20,.F.);
#1707=ADVANCED_FACE('',(#1599),#21,.T.);
#1708=ADVANCED_FACE('',(#1600),#22,.T.);
#1709=ADVANCED_FACE('',(#1601),#23,.T.);
#1710=ADVANCED_FACE('',(#1602),#24,.T.);
#1711=ADVANCED_FACE('',(#1603),#25,.T.);
#1712=ADVANCED_FACE('',(#1604),#26,.T.);
#1713=ADVANCED_FACE('',(#1605),#27,.T.);
#1714=ADVANCED_FACE('',(#1606),#28,.F.);
#1715=ADVANCED_FACE('',(#1607),#29,.T.);
#1716=ADVANCED_FACE('',(#1608),#30,.T.);
#1717=ADVANCED_FACE('',(#1609),#31,.F.);
#1718=ADVANCED_FACE('',(#1610),#32,.T.);
#1719=ADVANCED_FACE('',(#1611),#33,.F.);
#1720=ADVANCED_FACE('',(#1612),#34,.F.);
#1721=ADVANCED_FACE('',(#1613),#35,.F.);
#1722=ADVANCED_FACE('',(#1614),#36,.F.);
#1723=ADVANCED_FACE('',(#1615),#37,.T.);
#1724=ADVANCED_FACE('',(#1616),#38,.T.);
#1725=ADVANCED_FACE('',(#1617),#39,.F.);
#1726=ADVANCED_FACE('',(#1618),#1681,.T.);
#1727=ADVANCED_FACE('',(#1619),#40,.T.);
#1728=ADVANCED_FACE('',(#1620),#41,.T.);
#1729=ADVANCED_FACE('',(#1621),#42,.F.);
#1730=ADVANCED_FACE('',(#1622),#43,.T.);
#1731=ADVANCED_FACE('',(#1623),#1682,.T.);
#1732=ADVANCED_FACE('',(#1624),#44,.T.);
#1733=ADVANCED_FACE('',(#1625),#45,.F.);
#1734=ADVANCED_FACE('',(#1626),#46,.T.);
#1735=ADVANCED_FACE('',(#1627),#1683,.T.);
#1736=ADVANCED_FACE('',(#1628),#47,.T.);
#1737=ADVANCED_FACE('',(#1629),#48,.F.);
#1738=ADVANCED_FACE('',(#1630),#49,.T.);
#1739=ADVANCED_FACE('',(#1631),#1684,.T.);
#1740=ADVANCED_FACE('',(#1632),#50,.T.);
#1741=ADVANCED_FACE('',(#1633),#51,.F.);
#1742=ADVANCED_FACE('',(#1634),#52,.T.);
#1743=ADVANCED_FACE('',(#1635),#1685,.T.);
#1744=ADVANCED_FACE('',(#1636),#53,.T.);
#1745=ADVANCED_FACE('',(#1637),#54,.F.);
#1746=ADVANCED_FACE('',(#1638),#55,.T.);
#1747=ADVANCED_FACE('',(#1639),#1686,.T.);
#1748=ADVANCED_FACE('',(#1640),#56,.T.);
#1749=ADVANCED_FACE('',(#1641),#57,.T.);
#1750=ADVANCED_FACE('',(#1642),#58,.F.);
#1751=ADVANCED_FACE('',(#1643),#1687,.T.);
#1752=ADVANCED_FACE('',(#1644),#59,.T.);
#1753=ADVANCED_FACE('',(#1645),#60,.F.);
#1754=ADVANCED_FACE('',(#1646),#61,.T.);
#1755=ADVANCED_FACE('',(#1647),#1688,.T.);
#1756=ADVANCED_FACE('',(#1648),#62,.T.);
#1757=ADVANCED_FACE('',(#1649),#63,.F.);
#1758=ADVANCED_FACE('',(#1650),#64,.T.);
#1759=ADVANCED_FACE('',(#1651),#1689,.T.);
#1760=ADVANCED_FACE('',(#1652),#65,.T.);
#1761=ADVANCED_FACE('',(#1653),#66,.T.);
#1762=ADVANCED_FACE('',(#1654),#67,.T.);
#1763=ADVANCED_FACE('',(#1655),#1690,.T.);
#1764=ADVANCED_FACE('',(#1656),#68,.T.);
#1765=ADVANCED_FACE('',(#1657),#69,.T.);
#1766=ADVANCED_FACE('',(#1658),#70,.T.);
#1767=ADVANCED_FACE('',(#1659),#1691,.T.);
#1768=ADVANCED_FACE('',(#1660),#71,.T.);
#1769=ADVANCED_FACE('',(#1661),#72,.T.);
#1770=ADVANCED_FACE('',(#1662),#73,.T.);
#1771=ADVANCED_FACE('',(#1663),#1692,.T.);
#1772=ADVANCED_FACE('',(#1664),#74,.T.);
#1773=ADVANCED_FACE('',(#1665),#75,.T.);
#1774=ADVANCED_FACE('',(#1666),#76,.T.);
#1775=ADVANCED_FACE('',(#1667),#1693,.T.);
#1776=ADVANCED_FACE('',(#1668),#77,.T.);
#1777=ADVANCED_FACE('',(#1669),#78,.T.);
#1778=ADVANCED_FACE('',(#1670),#79,.T.);
#1779=ADVANCED_FACE('',(#1671),#1694,.T.);
#1780=ADVANCED_FACE('',(#1672),#80,.T.);
#1781=ADVANCED_FACE('',(#1673),#81,.T.);
#1782=ADVANCED_FACE('',(#1674),#82,.T.);
#1783=ADVANCED_FACE('',(#1675),#1695,.T.);
#1784=ADVANCED_FACE('',(#1676),#83,.T.);
#1785=ADVANCED_FACE('',(#1677),#84,.T.);
#1786=ADVANCED_FACE('',(#1678),#85,.T.);
#1787=ADVANCED_FACE('',(#1679),#1696,.T.);
#1788=CLOSED_SHELL('',(#1697,#1698,#1699,#1700,#1701,#1702,#1703,#1704,
#1705,#1706,#1707,#1708,#1709,#1710,#1711,#1712,#1713,#1714,#1715,#1716,
#1717,#1718,#1719,#1720,#1721,#1722,#1723,#1724,#1725,#1726,#1727,#1728,
#1729,#1730,#1731,#1732,#1733,#1734,#1735,#1736,#1737,#1738,#1739,#1740,
#1741,#1742,#1743,#1744,#1745,#1746,#1747,#1748,#1749,#1750,#1751,#1752,
#1753,#1754,#1755,#1756,#1757,#1758,#1759,#1760,#1761,#1762,#1763,#1764,
#1765,#1766,#1767,#1768,#1769,#1770,#1771,#1772,#1773,#1774,#1775,#1776,
#1777,#1778,#1779,#1780,#1781,#1782,#1783,#1784,#1785,#1786,#1787));
#1789=STYLED_ITEM('',(#1790),#1797);
#1790=PRESENTATION_STYLE_ASSIGNMENT((#1791));
#1791=SURFACE_STYLE_USAGE(.BOTH.,#1792);
#1792=SURFACE_SIDE_STYLE('',(#1793));
#1793=SURFACE_STYLE_FILL_AREA(#1794);
#1794=FILL_AREA_STYLE('',(#1795));
#1795=FILL_AREA_STYLE_COLOUR('',#1796);
#1796=COLOUR_RGB('',0.647058823529412,0.647058823529412,0.647058823529412);
#1797=MANIFOLD_SOLID_BREP('stage_7',#1788);
#1798=SHAPE_DEFINITION_REPRESENTATION(#2990,#1799);
#1799=SHAPE_REPRESENTATION('stage_7',(#1800),#2985);
#1800=AXIS2_PLACEMENT_3D('',#2462,#1956,#1957);
#1801=AXIS2_PLACEMENT_3D('',#2463,#1958,#1959);
#1802=AXIS2_PLACEMENT_3D('',#2464,#1960,#1961);
#1803=AXIS2_PLACEMENT_3D('',#2469,#1963,#1964);
#1804=AXIS2_PLACEMENT_3D('',#2473,#1966,#1967);
#1805=AXIS2_PLACEMENT_3D('',#2477,#1969,#1970);
#1806=AXIS2_PLACEMENT_3D('',#2481,#1972,#1973);
#1807=AXIS2_PLACEMENT_3D('',#2485,#1975,#1976);
#1808=AXIS2_PLACEMENT_3D('',#2489,#1978,#1979);
#1809=AXIS2_PLACEMENT_3D('',#2493,#1981,#1982);
#1810=AXIS2_PLACEMENT_3D('',#2497,#1984,#1985);
#1811=AXIS2_PLACEMENT_3D('',#2501,#1987,#1988);
#1812=AXIS2_PLACEMENT_3D('',#2505,#1990,#1991);
#1813=AXIS2_PLACEMENT_3D('',#2509,#1993,#1994);
#1814=AXIS2_PLACEMENT_3D('',#2513,#1996,#1997);
#1815=AXIS2_PLACEMENT_3D('',#2517,#1999,#2000);
#1816=AXIS2_PLACEMENT_3D('',#2521,#2002,#2003);
#1817=AXIS2_PLACEMENT_3D('',#2525,#2005,#2006);
#1818=AXIS2_PLACEMENT_3D('',#2531,#2009,#2010);
#1819=AXIS2_PLACEMENT_3D('',#2535,#2012,#2013);
#1820=AXIS2_PLACEMENT_3D('',#2539,#2015,#2016);
#1821=AXIS2_PLACEMENT_3D('',#2543,#2018,#2019);
#1822=AXIS2_PLACEMENT_3D('',#2547,#2021,#2022);
#1823=AXIS2_PLACEMENT_3D('',#2551,#2024,#2025);
#1824=AXIS2_PLACEMENT_3D('',#2555,#2027,#2028);
#1825=AXIS2_PLACEMENT_3D('',#2559,#2030,#2031);
#1826=AXIS2_PLACEMENT_3D('',#2563,#2033,#2034);
#1827=AXIS2_PLACEMENT_3D('',#2567,#2036,#2037);
#1828=AXIS2_PLACEMENT_3D('',#2571,#2039,#2040);
#1829=AXIS2_PLACEMENT_3D('',#2575,#2042,#2043);
#1830=AXIS2_PLACEMENT_3D('',#2579,#2045,#2046);
#1831=AXIS2_PLACEMENT_3D('',#2583,#2048,#2049);
#1832=AXIS2_PLACEMENT_3D('',#2587,#2051,#2052);
#1833=AXIS2_PLACEMENT_3D('',#2591,#2054,#2055);
#1834=AXIS2_PLACEMENT_3D('',#2592,#2056,#2057);
#1835=AXIS2_PLACEMENT_3D('',#2601,#2062,#2063);
#1836=AXIS2_PLACEMENT_3D('',#2607,#2067,#2068);
#1837=AXIS2_PLACEMENT_3D('',#2613,#2072,#2073);
#1838=AXIS2_PLACEMENT_3D('',#2616,#2076,#2077);
#1839=AXIS2_PLACEMENT_3D('',#2627,#2083,#2084);
#1840=AXIS2_PLACEMENT_3D('',#2632,#2087,#2088);
#1841=AXIS2_PLACEMENT_3D('',#2637,#2091,#2092);
#1842=AXIS2_PLACEMENT_3D('',#2642,#2095,#2096);
#1843=AXIS2_PLACEMENT_3D('',#2647,#2099,#2100);
#1844=AXIS2_PLACEMENT_3D('',#2652,#2103,#2104);
#1845=AXIS2_PLACEMENT_3D('',#2657,#2107,#2108);
#1846=AXIS2_PLACEMENT_3D('',#2662,#2111,#2112);
#1847=AXIS2_PLACEMENT_3D('',#2693,#2128,#2129);
#1848=AXIS2_PLACEMENT_3D('',#2703,#2135,#2136);
#1849=AXIS2_PLACEMENT_3D('',#2707,#2139,#2140);
#1850=AXIS2_PLACEMENT_3D('',#2712,#2144,#2145);
#1851=AXIS2_PLACEMENT_3D('',#2726,#2153,#2154);
#1852=AXIS2_PLACEMENT_3D('',#2731,#2157,#2158);
#1853=AXIS2_PLACEMENT_3D('',#2736,#2161,#2162);
#1854=AXIS2_PLACEMENT_3D('',#2741,#2165,#2166);
#1855=AXIS2_PLACEMENT_3D('',#2746,#2169,#2170);
#1856=AXIS2_PLACEMENT_3D('',#2751,#2173,#2174);
#1857=AXIS2_PLACEMENT_3D('',#2756,#2177,#2178);
#1858=AXIS2_PLACEMENT_3D('',#2761,#2181,#2182);
#1859=AXIS2_PLACEMENT_3D('',#2764,#2184,#2185);
#1860=AXIS2_PLACEMENT_3D('',#2770,#2189,#2190);
#1861=AXIS2_PLACEMENT_3D('',#2774,#2193,#2194);
#1862=AXIS2_PLACEMENT_3D('',#2778,#2197,#2198);
#1863=AXIS2_PLACEMENT_3D('',#2782,#2201,#2202);
#1864=AXIS2_PLACEMENT_3D('',#2786,#2205,#2206);
#1865=AXIS2_PLACEMENT_3D('',#2788,#2208,#2209);
#1866=AXIS2_PLACEMENT_3D('',#2789,#2210,#2211);
#1867=AXIS2_PLACEMENT_3D('',#2791,#2213,#2214);
#1868=AXIS2_PLACEMENT_3D('',#2792,#2215,#2216);
#1869=AXIS2_PLACEMENT_3D('',#2796,#2219,#2220);
#1870=AXIS2_PLACEMENT_3D('',#2798,#2222,#2223);
#1871=AXIS2_PLACEMENT_3D('',#2799,#2224,#2225);
#1872=AXIS2_PLACEMENT_3D('',#2802,#2228,#2229);
#1873=AXIS2_PLACEMENT_3D('',#2804,#2231,#2232);
#1874=AXIS2_PLACEMENT_3D('',#2806,#2234,#2235);
#1875=AXIS2_PLACEMENT_3D('',#2807,#2236,#2237);
#1876=AXIS2_PLACEMENT_3D('',#2808,#2238,#2239);
#1877=AXIS2_PLACEMENT_3D('',#2812,#2242,#2243);
#1878=AXIS2_PLACEMENT_3D('',#2815,#2245,#2246);
#1879=AXIS2_PLACEMENT_3D('',#2816,#2247,#2248);
#1880=AXIS2_PLACEMENT_3D('',#2818,#2250,#2251);
#1881=AXIS2_PLACEMENT_3D('',#2819,#2252,#2253);
#1882=AXIS2_PLACEMENT_3D('',#2824,#2256,#2257);
#1883=AXIS2_PLACEMENT_3D('',#2825,#2258,#2259);
#1884=AXIS2_PLACEMENT_3D('',#2827,#2261,#2262);
#1885=AXIS2_PLACEMENT_3D('',#2829,#2264,#2265);
#1886=AXIS2_PLACEMENT_3D('',#2830,#2266,#2267);
#1887=AXIS2_PLACEMENT_3D('',#2835,#2270,#2271);
#1888=AXIS2_PLACEMENT_3D('',#2836,#2272,#2273);
#1889=AXIS2_PLACEMENT_3D('',#2838,#2275,#2276);
#1890=AXIS2_PLACEMENT_3D('',#2840,#2278,#2279);
#1891=AXIS2_PLACEMENT_3D('',#2841,#2280,#2281);
#1892=AXIS2_PLACEMENT_3D('',#2846,#2284,#2285);
#1893=AXIS2_PLACEMENT_3D('',#2847,#2286,#2287);
#1894=AXIS2_PLACEMENT_3D('',#2849,#2289,#2290);
#1895=AXIS2_PLACEMENT_3D('',#2851,#2292,#2293);
#1896=AXIS2_PLACEMENT_3D('',#2852,#2294,#2295);
#1897=AXIS2_PLACEMENT_3D('',#2857,#2298,#2299);
#1898=AXIS2_PLACEMENT_3D('',#2858,#2300,#2301);
#1899=AXIS2_PLACEMENT_3D('',#2860,#2303,#2304);
#1900=AXIS2_PLACEMENT_3D('',#2862,#2306,#2307);
#1901=AXIS2_PLACEMENT_3D('',#2863,#2308,#2309);
#1902=AXIS2_PLACEMENT_3D('',#2868,#2312,#2313);
#1903=AXIS2_PLACEMENT_3D('',#2869,#2314,#2315);
#1904=AXIS2_PLACEMENT_3D('',#2871,#2317,#2318);
#1905=AXIS2_PLACEMENT_3D('',#2873,#2320,#2321);
#1906=AXIS2_PLACEMENT_3D('',#2874,#2322,#2323);
#1907=AXIS2_PLACEMENT_3D('',#2878,#2326,#2327);
#1908=AXIS2_PLACEMENT_3D('',#2881,#2329,#2330);
#1909=AXIS2_PLACEMENT_3D('',#2882,#2331,#2332);
#1910=AXIS2_PLACEMENT_3D('',#2884,#2334,#2335);
#1911=AXIS2_PLACEMENT_3D('',#2885,#2336,#2337);
#1912=AXIS2_PLACEMENT_3D('',#2890,#2340,#2341);
#1913=AXIS2_PLACEMENT_3D('',#2891,#2342,#2343);
#1914=AXIS2_PLACEMENT_3D('',#2893,#2345,#2346);
#1915=AXIS2_PLACEMENT_3D('',#2895,#2348,#2349);
#1916=AXIS2_PLACEMENT_3D('',#2896,#2350,#2351);
#1917=AXIS2_PLACEMENT_3D('',#2901,#2354,#2355);
#1918=AXIS2_PLACEMENT_3D('',#2902,#2356,#2357);
#1919=AXIS2_PLACEMENT_3D('',#2904,#2359,#2360);
#1920=AXIS2_PLACEMENT_3D('',#2906,#2362,#2363);
#1921=AXIS2_PLACEMENT_3D('',#2907,#2364,#2365);
#1922=AXIS2_PLACEMENT_3D('',#2908,#2366,#2367);
#1923=AXIS2_PLACEMENT_3D('',#2913,#2370,#2371);
#1924=AXIS2_PLACEMENT_3D('',#2915,#2373,#2374);
#1925=AXIS2_PLACEMENT_3D('',#2917,#2376,#2377);
#1926=AXIS2_PLACEMENT_3D('',#2918,#2378,#2379);
#1927=AXIS2_PLACEMENT_3D('',#2922,#2382,#2383);
#1928=AXIS2_PLACEMENT_3D('',#2923,#2384,#2385);
#1929=AXIS2_PLACEMENT_3D('',#2926,#2387,#2388);
#1930=AXIS2_PLACEMENT_3D('',#2928,#2390,#2391);
#1931=AXIS2_PLACEMENT_3D('',#2929,#2392,#2393);
#1932=AXIS2_PLACEMENT_3D('',#2930,#2394,#2395);
#1933=AXIS2_PLACEMENT_3D('',#2935,#2398,#2399);
#1934=AXIS2_PLACEMENT_3D('',#2937,#2401,#2402);
#1935=AXIS2_PLACEMENT_3D('',#2939,#2404,#2405);
#1936=AXIS2_PLACEMENT_3D('',#2940,#2406,#2407);
#1937=AXIS2_PLACEMENT_3D('',#2941,#2408,#2409);
#1938=AXIS2_PLACEMENT_3D('',#2946,#2412,#2413);
#1939=AXIS2_PLACEMENT_3D('',#2948,#2415,#2416);
#1940=AXIS2_PLACEMENT_3D('',#2950,#2418,#2419);
#1941=AXIS2_PLACEMENT_3D('',#2951,#2420,#2421);
#1942=AXIS2_PLACEMENT_3D('',#2952,#2422,#2423);
#1943=AXIS2_PLACEMENT_3D('',#2957,#2426,#2427);
#1944=AXIS2_PLACEMENT_3D('',#2959,#2429,#2430);
#1945=AXIS2_PLACEMENT_3D('',#2961,#2432,#2433);
#1946=AXIS2_PLACEMENT_3D('',#2962,#2434,#2435);
#1947=AXIS2_PLACEMENT_3D('',#2963,#2436,#2437);
#1948=AXIS2_PLACEMENT_3D('',#2968,#2440,#2441);
#1949=AXIS2_PLACEMENT_3D('',#2970,#2443,#2444);
#1950=AXIS2_PLACEMENT_3D('',#2972,#2446,#2447);
#1951=AXIS2_PLACEMENT_3D('',#2973,#2448,#2449);
#1952=AXIS2_PLACEMENT_3D('',#2974,#2450,#2451);
#1953=AXIS2_PLACEMENT_3D('',#2979,#2454,#2455);
#1954=AXIS2_PLACEMENT_3D('',#2981,#2457,#2458);
#1955=AXIS2_PLACEMENT_3D('',#2983,#2460,#2461);
#1956=DIRECTION('',(0.,0.,1.));
#1957=DIRECTION('',(1.,0.,0.));
#1958=DIRECTION('',(0.,0.,-1.));
#1959=DIRECTION('',(-1.,0.,0.));
#1960=DIRECTION('',(0.,0.,1.));
#1961=DIRECTION('',(1.,0.,0.));
#1962=DIRECTION('',(0.,0.,-1.));
#1963=DIRECTION('',(0.,0.,1.));
#1964=DIRECTION('',(-1.,0.,0.));
#1965=DIRECTION('',(0.,0.,-1.));
#1966=DIRECTION('',(0.,0.,1.));
#1967=DIRECTION('',(1.,0.,0.));
#1968=DIRECTION('',(0.,0.,-1.));
#1969=DIRECTION('',(0.,0.,1.));
#1970=DIRECTION('',(-1.,0.,0.));
#1971=DIRECTION('',(0.,0.,-1.));
#1972=DIRECTION('',(0.,0.,1.));
#1973=DIRECTION('',(1.,0.,0.));
#1974=DIRECTION('',(0.,0.,-1.));
#1975=DIRECTION('',(0.,0.,1.));
#1976=DIRECTION('',(-1.,0.,0.));
#1977=DIRECTION('',(0.,0.,-1.));
#1978=DIRECTION('',(0.,0.,1.));
#1979=DIRECTION('',(1.,0.,0.));
#1980=DIRECTION('',(0.,0.,-1.));
#1981=DIRECTION('',(0.,0.,1.));
#1982=DIRECTION('',(-1.,0.,0.));
#1983=DIRECTION('',(0.,0.,-1.));
#1984=DIRECTION('',(0.,0.,1.));
#1985=DIRECTION('',(1.,0.,0.));
#1986=DIRECTION('',(0.,0.,-1.));
#1987=DIRECTION('',(0.,0.,1.));
#1988=DIRECTION('',(-1.,0.,0.));
#1989=DIRECTION('',(0.,0.,-1.));
#1990=DIRECTION('',(0.,0.,1.));
#1991=DIRECTION('',(1.,0.,0.));
#1992=DIRECTION('',(0.,0.,-1.));
#1993=DIRECTION('',(0.,0.,1.));
#1994=DIRECTION('',(-1.,0.,0.));
#1995=DIRECTION('',(0.,0.,-1.));
#1996=DIRECTION('',(0.,0.,1.));
#1997=DIRECTION('',(1.,0.,0.));
#1998=DIRECTION('',(0.,0.,-1.));
#1999=DIRECTION('',(0.,0.,1.));
#2000=DIRECTION('',(-1.,0.,0.));
#2001=DIRECTION('',(0.,0.,-1.));
#2002=DIRECTION('',(0.,0.,1.));
#2003=DIRECTION('',(1.,0.,0.));
#2004=DIRECTION('',(0.,0.,-1.));
#2005=DIRECTION('',(0.,0.,1.));
#2006=DIRECTION('',(-1.,0.,0.));
#2007=DIRECTION('',(0.,0.,-1.));
#2008=DIRECTION('',(0.,0.,-1.));
#2009=DIRECTION('',(0.,0.,1.));
#2010=DIRECTION('',(-1.,0.,0.));
#2011=DIRECTION('',(0.,0.,1.));
#2012=DIRECTION('',(0.,0.,1.));
#2013=DIRECTION('',(1.,0.,0.));
#2014=DIRECTION('',(0.,0.,-1.));
#2015=DIRECTION('',(0.,0.,1.));
#2016=DIRECTION('',(-1.,0.,0.));
#2017=DIRECTION('',(0.,0.,1.));
#2018=DIRECTION('',(0.,0.,1.));
#2019=DIRECTION('',(1.,0.,0.));
#2020=DIRECTION('',(0.,0.,-1.));
#2021=DIRECTION('',(0.,0.,1.));
#2022=DIRECTION('',(-1.,0.,0.));
#2023=DIRECTION('',(0.,0.,1.));
#2024=DIRECTION('',(0.,0.,1.));
#2025=DIRECTION('',(1.,0.,0.));
#2026=DIRECTION('',(0.,0.,-1.));
#2027=DIRECTION('',(0.,0.,1.));
#2028=DIRECTION('',(-1.,0.,0.));
#2029=DIRECTION('',(0.,0.,1.));
#2030=DIRECTION('',(0.,0.,1.));
#2031=DIRECTION('',(1.,0.,0.));
#2032=DIRECTION('',(0.,0.,-1.));
#2033=DIRECTION('',(0.,0.,1.));
#2034=DIRECTION('',(-1.,0.,0.));
#2035=DIRECTION('',(0.,0.,1.));
#2036=DIRECTION('',(0.,0.,1.));
#2037=DIRECTION('',(1.,0.,0.));
#2038=DIRECTION('',(0.,0.,-1.));
#2039=DIRECTION('',(0.,0.,1.));
#2040=DIRECTION('',(-1.,0.,0.));
#2041=DIRECTION('',(0.,0.,1.));
#2042=DIRECTION('',(0.,0.,1.));
#2043=DIRECTION('',(1.,0.,0.));
#2044=DIRECTION('',(0.,0.,-1.));
#2045=DIRECTION('',(0.,0.,1.));
#2046=DIRECTION('',(-1.,0.,0.));
#2047=DIRECTION('',(0.,0.,1.));
#2048=DIRECTION('',(0.,0.,1.));
#2049=DIRECTION('',(1.,0.,0.));
#2050=DIRECTION('',(0.,0.,-1.));
#2051=DIRECTION('',(0.,0.,1.));
#2052=DIRECTION('',(-1.,0.,0.));
#2053=DIRECTION('',(0.,0.,1.));
#2054=DIRECTION('',(0.,0.,1.));
#2055=DIRECTION('',(1.,0.,0.));
#2056=DIRECTION('',(0.716928285883253,0.697146923467716,0.));
#2057=DIRECTION('',(-0.697146923467716,0.716928285883253,0.));
#2058=DIRECTION('',(0.697146923467716,-0.716928285883253,0.));
#2059=DIRECTION('',(0.,0.,-1.));
#2060=DIRECTION('',(0.697146923467716,-0.716928285883253,0.));
#2061=DIRECTION('',(0.,0.,-1.));
#2062=DIRECTION('',(-0.697146923467715,0.716928285883253,0.));
#2063=DIRECTION('',(-0.716928285883253,-0.697146923467715,0.));
#2064=DIRECTION('',(0.716928285883253,0.697146923467715,0.));
#2065=DIRECTION('',(0.716928285883253,0.697146923467715,0.));
#2066=DIRECTION('',(0.,0.,-1.));
#2067=DIRECTION('',(-0.716928285883253,-0.697146923467715,0.));
#2068=DIRECTION('',(0.697146923467715,-0.716928285883253,0.));
#2069=DIRECTION('',(-0.697146923467715,0.716928285883253,0.));
#2070=DIRECTION('',(-0.697146923467715,0.716928285883253,0.));
#2071=DIRECTION('',(0.,0.,-1.));
#2072=DIRECTION('',(0.697146923467715,-0.716928285883253,0.));
#2073=DIRECTION('',(0.716928285883253,0.697146923467715,0.));
#2074=DIRECTION('',(-0.716928285883253,-0.697146923467715,0.));
#2075=DIRECTION('',(-0.716928285883253,-0.697146923467715,0.));
#2076=DIRECTION('',(0.,0.,1.));
#2077=DIRECTION('',(1.,0.,0.));
#2078=DIRECTION('',(-0.999928124322437,0.011989419878114,0.));
#2079=DIRECTION('',(0.0119894198781135,0.999928124322437,0.));
#2080=DIRECTION('',(0.999928124322437,-0.011989419878114,0.));
#2081=DIRECTION('',(-0.0119894198781144,-0.999928124322437,0.));
#2082=DIRECTION('',(0.707106780946692,0.707106781426403,0.));
#2083=DIRECTION('',(0.,0.,-1.));
#2084=DIRECTION('',(-1.,0.,0.));
#2085=DIRECTION('',(0.0152510763233489,0.99988369557213,0.));
#2086=DIRECTION('',(-2.2613783640456E-10,1.,0.));
#2087=DIRECTION('',(0.,0.,-1.));
#2088=DIRECTION('',(-1.,0.,0.));
#2089=DIRECTION('',(-0.696240401967123,0.717808681104275,0.));
#2090=DIRECTION('',(-0.7071067812665,0.707106781106596,0.));
#2091=DIRECTION('',(0.,0.,-1.));
#2092=DIRECTION('',(-1.,0.,0.));
#2093=DIRECTION('',(-0.999883695568681,0.0152510765494601,0.));
#2094=DIRECTION('',(-1.,-4.93360968024976E-16,0.));
#2095=DIRECTION('',(0.,0.,-1.));
#2096=DIRECTION('',(-1.,0.,0.));
#2097=DIRECTION('',(-0.717808681261721,-0.6962404018048,0.));
#2098=DIRECTION('',(-0.707106781266499,-0.707106781106596,0.));
#2099=DIRECTION('',(0.,0.,-1.));
#2100=DIRECTION('',(-1.,0.,0.));
#2101=DIRECTION('',(-0.0152510767755719,-0.999883695565232,0.));
#2102=DIRECTION('',(-2.26137170270745E-10,-1.,0.));
#2103=DIRECTION('',(0.,0.,-1.));
#2104=DIRECTION('',(-1.,0.,0.));
#2105=DIRECTION('',(0.696240401642476,-0.717808681419167,0.));
#2106=DIRECTION('',(0.707106780946693,-0.707106781426402,0.));
#2107=DIRECTION('',(0.,0.,-1.));
#2108=DIRECTION('',(-1.,0.,0.));
#2109=DIRECTION('',(0.999883695561783,-0.0152510770016833,0.));
#2110=DIRECTION('',(1.,4.52275228719909E-10,0.));
#2111=DIRECTION('',(0.,0.,-1.));
#2112=DIRECTION('',(-1.,0.,0.));
#2113=DIRECTION('',(0.717808680946829,0.696240402129446,0.));
#2114=DIRECTION('',(-1.,0.,0.));
#2115=DIRECTION('',(0.371871494857016,0.928284219036825,0.));
#2116=DIRECTION('',(-1.,0.,0.));
#2117=DIRECTION('',(0.,1.,0.));
#2118=DIRECTION('',(1.,0.,0.));
#2119=DIRECTION('',(-0.361879709242902,-0.932224799089937,0.));
#2120=DIRECTION('',(-0.0159855952779755,-0.999872222208222,0.));
#2121=DIRECTION('',(-0.999928124322437,0.0119894198781135,0.));
#2122=DIRECTION('',(-0.700006601630575,0.714136371902184,0.));
#2123=DIRECTION('',(0.0119894198781146,0.999928124322437,0.));
#2124=DIRECTION('',(0.999928124322437,-0.0119894198781136,0.));
#2125=DIRECTION('',(-0.697146923467715,0.716928285883254,0.));
#2126=DIRECTION('',(-0.0159855952779755,-0.999872222208222,0.));
#2127=DIRECTION('',(-0.999872222208222,0.0159855952779755,0.));
#2128=DIRECTION('',(0.716928285883254,0.697146923467715,0.));
#2129=DIRECTION('',(-0.697146923467715,0.716928285883254,0.));
#2130=DIRECTION('',(-0.651008129388807,0.669480315536952,0.35774924539156));
#2131=DIRECTION('',(0.,0.,1.));
#2132=DIRECTION('',(0.,0.,-1.));
#2133=DIRECTION('',(0.697146923467715,-0.716928285883254,0.));
#2134=DIRECTION('',(0.,0.,1.));
#2135=DIRECTION('',(-0.0119894198781136,-0.999928124322437,0.));
#2136=DIRECTION('',(0.999928124322437,-0.0119894198781136,0.));
#2137=DIRECTION('',(0.,0.,1.));
#2138=DIRECTION('',(-0.999928124322437,0.0119894198781136,0.));
#2139=DIRECTION('',(0.0119894198781135,0.999928124322437,0.));
#2140=DIRECTION('',(-0.999928124322437,0.0119894198781135,0.));
#2141=DIRECTION('',(-0.87958200398379,0.0105464359952272,0.4756303932211));
#2142=DIRECTION('',(0.999928124322437,-0.0119894198781135,0.));
#2143=DIRECTION('',(0.,0.,-1.));
#2144=DIRECTION('',(0.,0.,1.));
#2145=DIRECTION('',(1.,0.,0.));
#2146=DIRECTION('',(-0.0119894198781135,-0.999928124322437,0.));
#2147=DIRECTION('',(0.999928124322437,-0.011989419878114,0.));
#2148=DIRECTION('',(0.0119894198781144,0.999928124322437,0.));
#2149=DIRECTION('',(-0.999928124322437,0.011989419878114,0.));
#2150=DIRECTION('',(-0.0119894198781146,-0.999928124322437,0.));
#2151=DIRECTION('',(-0.700006601630575,0.714136371902184,0.));
#2152=DIRECTION('',(0.926770921164431,0.375627022036529,0.));
#2153=DIRECTION('',(0.,0.,-1.));
#2154=DIRECTION('',(-1.,0.,0.));
#2155=DIRECTION('',(0.926770921164432,-0.375627022036528,0.));
#2156=DIRECTION('',(0.920934417132357,-0.389717589211836,0.));
#2157=DIRECTION('',(0.,0.,-1.));
#2158=DIRECTION('',(-1.,0.,0.));
#2159=DIRECTION('',(0.389717588587064,-0.920934417396746,0.));
#2160=DIRECTION('',(0.375627021407797,-0.926770921419261,0.));
#2161=DIRECTION('',(0.,0.,-1.));
#2162=DIRECTION('',(-1.,0.,0.));
#2163=DIRECTION('',(-0.375627021826952,-0.926770921249375,0.));
#2164=DIRECTION('',(-0.389717589003578,-0.920934417220487,0.));
#2165=DIRECTION('',(0.,0.,-1.));
#2166=DIRECTION('',(-1.,0.,0.));
#2167=DIRECTION('',(-0.920934417308617,-0.38971758879532,0.));
#2168=DIRECTION('',(-0.926770921334318,-0.375627021617374,0.));
#2169=DIRECTION('',(0.,0.,-1.));
#2170=DIRECTION('',(-1.,0.,0.));
#2171=DIRECTION('',(-0.926770921334318,0.375627021617373,0.));
#2172=DIRECTION('',(-0.920934417308617,0.38971758879532,0.));
#2173=DIRECTION('',(0.,0.,-1.));
#2174=DIRECTION('',(-1.,0.,0.));
#2175=DIRECTION('',(-0.389717589003579,0.920934417220487,0.));
#2176=DIRECTION('',(-0.375627021826952,0.926770921249375,0.));
#2177=DIRECTION('',(0.,0.,-1.));
#2178=DIRECTION('',(-1.,0.,0.));
#2179=DIRECTION('',(0.375627021407797,0.926770921419261,0.));
#2180=DIRECTION('',(0.389717588587063,0.920934417396747,0.));
#2181=DIRECTION('',(0.,0.,-1.));
#2182=DIRECTION('',(-1.,0.,0.));
#2183=DIRECTION('',(0.920934417132357,0.389717589211836,0.));
#2184=DIRECTION('',(0.928284219036825,-0.371871494857016,0.));
#2185=DIRECTION('',(0.371871494857016,0.928284219036825,0.));
#2186=DIRECTION('',(0.,0.,1.));
#2187=DIRECTION('',(0.371871494857016,0.928284219036825,0.));
#2188=DIRECTION('',(0.,0.,1.));
#2189=DIRECTION('',(0.,1.,0.));
#2190=DIRECTION('',(0.,0.,1.));
#2191=DIRECTION('',(0.,0.,1.));
#2192=DIRECTION('',(-1.,0.,0.));
#2193=DIRECTION('',(-0.932224799089937,0.361879709242902,0.));
#2194=DIRECTION('',(-0.361879709242902,-0.932224799089937,0.));
#2195=DIRECTION('',(0.,0.,1.));
#2196=DIRECTION('',(-0.361879709242902,-0.932224799089937,0.));
#2197=DIRECTION('',(0.,-1.,0.));
#2198=DIRECTION('',(0.,0.,-1.));
#2199=DIRECTION('',(0.,0.,1.));
#2200=DIRECTION('',(1.,0.,0.));
#2201=DIRECTION('',(1.,0.,0.));
#2202=DIRECTION('',(0.,0.,-1.));
#2203=DIRECTION('',(0.,0.,1.));
#2204=DIRECTION('',(0.,1.,0.));
#2205=DIRECTION('',(0.,1.,0.));
#2206=DIRECTION('',(0.,0.,1.));
#2207=DIRECTION('',(-1.,0.,0.));
#2208=DIRECTION('',(0.,0.,1.));
#2209=DIRECTION('',(1.,0.,0.));
#2210=DIRECTION('',(0.999928124322437,-0.0119894198781146,0.));
#2211=DIRECTION('',(0.0119894198781146,0.999928124322437,0.));
#2212=DIRECTION('',(0.,0.,-1.));
#2213=DIRECTION('',(-0.714136371902183,-0.700006601630575,0.));
#2214=DIRECTION('',(0.700006601630575,-0.714136371902184,0.));
#2215=DIRECTION('',(0.0159855952779755,0.999872222208222,0.));
#2216=DIRECTION('',(-0.999872222208222,0.0159855952779755,0.));
#2217=DIRECTION('',(0.,0.,-1.));
#2218=DIRECTION('',(0.879531240899206,-0.0140616272150246,-0.475633332434102));
#2219=DIRECTION('',(-0.475572557057188,0.00760328195300632,-0.879643639821053));
#2220=DIRECTION('',(-0.879669066977383,0.,0.475586304053366));
#2221=DIRECTION('',(-0.0159855952779755,-0.999872222208222,0.));
#2222=DIRECTION('',(-0.999872222208222,0.0159855952779755,0.));
#2223=DIRECTION('',(-0.0159855952779755,-0.999872222208222,0.));
#2224=DIRECTION('',(0.999928124322437,-0.0119894198781135,0.));
#2225=DIRECTION('',(0.0119894198781135,0.999928124322437,0.));
#2226=DIRECTION('',(0.,0.,1.));
#2227=DIRECTION('',(0.,0.,1.));
#2228=DIRECTION('',(-0.011989419878114,-0.999928124322437,0.));
#2229=DIRECTION('',(0.999928124322437,-0.011989419878114,0.));
#2230=DIRECTION('',(0.,0.,1.));
#2231=DIRECTION('',(-0.999928124322437,0.0119894198781144,0.));
#2232=DIRECTION('',(-0.0119894198781144,-0.999928124322437,0.));
#2233=DIRECTION('',(0.,0.,1.));
#2234=DIRECTION('',(0.011989419878114,0.999928124322437,0.));
#2235=DIRECTION('',(-0.999928124322437,0.011989419878114,0.));
#2236=DIRECTION('',(0.,0.,1.));
#2237=DIRECTION('',(1.,0.,0.));
#2238=DIRECTION('',(-0.375627022036529,0.926770921164431,0.));
#2239=DIRECTION('',(0.,0.,1.));
#2240=DIRECTION('',(0.926770921164431,0.375627022036529,0.));
#2241=DIRECTION('',(0.,0.,-1.));
#2242=DIRECTION('',(0.,0.,-1.));
#2243=DIRECTION('',(-1.,0.,0.));
#2244=DIRECTION('',(0.926770921164432,-0.375627022036528,0.));
#2245=DIRECTION('',(0.,0.,-1.));
#2246=DIRECTION('',(-1.,0.,0.));
#2247=DIRECTION('',(0.,0.,-1.));
#2248=DIRECTION('',(-1.,0.,0.));
#2249=DIRECTION('',(0.,0.,-1.));
#2250=DIRECTION('',(-0.375627022036528,-0.926770921164432,0.));
#2251=DIRECTION('',(0.,0.,-1.));
#2252=DIRECTION('',(0.,0.,-1.));
#2253=DIRECTION('',(-1.,0.,0.));
#2254=DIRECTION('',(1.,4.52275672809119E-10,0.));
#2255=DIRECTION('',(0.717808680946829,0.696240402129446,0.));
#2256=DIRECTION('',(0.,0.,-1.));
#2257=DIRECTION('',(-1.,0.,0.));
#2258=DIRECTION('',(0.696240402129446,-0.717808680946829,0.));
#2259=DIRECTION('',(0.,0.,-1.));
#2260=DIRECTION('',(0.,0.,-1.));
#2261=DIRECTION('',(4.52275228719909E-10,-1.,0.));
#2262=DIRECTION('',(0.,0.,-1.));
#2263=DIRECTION('',(0.,0.,-1.));
#2264=DIRECTION('',(0.,0.,-1.));
#2265=DIRECTION('',(-1.,0.,0.));
#2266=DIRECTION('',(0.,0.,-1.));
#2267=DIRECTION('',(-1.,0.,0.));
#2268=DIRECTION('',(0.707106780946692,0.707106781426403,0.));
#2269=DIRECTION('',(0.0152510763233489,0.99988369557213,0.));
#2270=DIRECTION('',(0.,0.,-1.));
#2271=DIRECTION('',(-1.,0.,0.));
#2272=DIRECTION('',(0.99988369557213,-0.0152510763233489,0.));
#2273=DIRECTION('',(0.,0.,-1.));
#2274=DIRECTION('',(0.,0.,-1.));
#2275=DIRECTION('',(0.707106781426403,-0.707106780946692,0.));
#2276=DIRECTION('',(0.,0.,-1.));
#2277=DIRECTION('',(0.,0.,-1.));
#2278=DIRECTION('',(0.,0.,-1.));
#2279=DIRECTION('',(-1.,0.,0.));
#2280=DIRECTION('',(0.,0.,-1.));
#2281=DIRECTION('',(-1.,0.,0.));
#2282=DIRECTION('',(-2.2613783640456E-10,1.,0.));
#2283=DIRECTION('',(-0.696240401967123,0.717808681104275,0.));
#2284=DIRECTION('',(0.,0.,-1.));
#2285=DIRECTION('',(-1.,0.,0.));
#2286=DIRECTION('',(0.717808681104275,0.696240401967123,0.));
#2287=DIRECTION('',(0.,0.,-1.));
#2288=DIRECTION('',(0.,0.,-1.));
#2289=DIRECTION('',(1.,2.2613783640456E-10,0.));
#2290=DIRECTION('',(0.,0.,-1.));
#2291=DIRECTION('',(0.,0.,-1.));
#2292=DIRECTION('',(0.,0.,-1.));
#2293=DIRECTION('',(-1.,0.,0.));
#2294=DIRECTION('',(0.,0.,-1.));
#2295=DIRECTION('',(-1.,0.,0.));
#2296=DIRECTION('',(-0.7071067812665,0.707106781106596,0.));
#2297=DIRECTION('',(-0.999883695568681,0.0152510765494601,0.));
#2298=DIRECTION('',(0.,0.,-1.));
#2299=DIRECTION('',(-1.,0.,0.));
#2300=DIRECTION('',(0.0152510765494601,0.999883695568681,0.));
#2301=DIRECTION('',(0.,0.,-1.));
#2302=DIRECTION('',(0.,0.,-1.));
#2303=DIRECTION('',(0.707106781106596,0.7071067812665,0.));
#2304=DIRECTION('',(0.,0.,-1.));
#2305=DIRECTION('',(0.,0.,-1.));
#2306=DIRECTION('',(0.,0.,-1.));
#2307=DIRECTION('',(-1.,0.,0.));
#2308=DIRECTION('',(0.,0.,-1.));
#2309=DIRECTION('',(-1.,0.,0.));
#2310=DIRECTION('',(-1.,-4.93360968024976E-16,0.));
#2311=DIRECTION('',(-0.717808681261721,-0.6962404018048,0.));
#2312=DIRECTION('',(0.,0.,-1.));
#2313=DIRECTION('',(-1.,0.,0.));
#2314=DIRECTION('',(-0.6962404018048,0.717808681261721,0.));
#2315=DIRECTION('',(0.,0.,-1.));
#2316=DIRECTION('',(0.,0.,-1.));
#2317=DIRECTION('',(-4.93360968024976E-16,1.,0.));
#2318=DIRECTION('',(0.,0.,-1.));
#2319=DIRECTION('',(0.,0.,-1.));
#2320=DIRECTION('',(0.,0.,-1.));
#2321=DIRECTION('',(-1.,0.,0.));
#2322=DIRECTION('',(-0.707106781106596,0.707106781266499,0.));
#2323=DIRECTION('',(0.,0.,-1.));
#2324=DIRECTION('',(-0.707106781266499,-0.707106781106596,0.));
#2325=DIRECTION('',(0.,0.,-1.));
#2326=DIRECTION('',(0.,0.,-1.));
#2327=DIRECTION('',(-1.,0.,0.));
#2328=DIRECTION('',(-0.0152510767755719,-0.999883695565232,0.));
#2329=DIRECTION('',(0.,0.,-1.));
#2330=DIRECTION('',(-1.,0.,0.));
#2331=DIRECTION('',(-0.999883695565232,0.0152510767755715,0.));
#2332=DIRECTION('',(0.,0.,-1.));
#2333=DIRECTION('',(0.,0.,-1.));
#2334=DIRECTION('',(0.,0.,-1.));
#2335=DIRECTION('',(-1.,0.,0.));
#2336=DIRECTION('',(0.,0.,-1.));
#2337=DIRECTION('',(-1.,0.,0.));
#2338=DIRECTION('',(-2.26137170270745E-10,-1.,0.));
#2339=DIRECTION('',(0.696240401642476,-0.717808681419167,0.));
#2340=DIRECTION('',(0.,0.,-1.));
#2341=DIRECTION('',(-1.,0.,0.));
#2342=DIRECTION('',(-0.717808681419167,-0.696240401642477,0.));
#2343=DIRECTION('',(0.,0.,-1.));
#2344=DIRECTION('',(0.,0.,-1.));
#2345=DIRECTION('',(-1.,2.2613714738599E-10,0.));
#2346=DIRECTION('',(0.,0.,-1.));
#2347=DIRECTION('',(0.,0.,-1.));
#2348=DIRECTION('',(0.,0.,-1.));
#2349=DIRECTION('',(-1.,0.,0.));
#2350=DIRECTION('',(0.,0.,-1.));
#2351=DIRECTION('',(-1.,0.,0.));
#2352=DIRECTION('',(0.707106780946693,-0.707106781426402,0.));
#2353=DIRECTION('',(0.999883695561783,-0.0152510770016833,0.));
#2354=DIRECTION('',(0.,0.,-1.));
#2355=DIRECTION('',(-1.,0.,0.));
#2356=DIRECTION('',(-0.015251077001683,-0.999883695561783,0.));
#2357=DIRECTION('',(0.,0.,-1.));
#2358=DIRECTION('',(0.,0.,-1.));
#2359=DIRECTION('',(-0.707106781426402,-0.707106780946693,0.));
#2360=DIRECTION('',(0.,0.,-1.));
#2361=DIRECTION('',(0.,0.,-1.));
#2362=DIRECTION('',(0.,0.,-1.));
#2363=DIRECTION('',(-1.,0.,0.));
#2364=DIRECTION('',(0.,0.,1.));
#2365=DIRECTION('',(1.,0.,0.));
#2366=DIRECTION('',(0.,0.,-1.));
#2367=DIRECTION('',(-1.,0.,0.));
#2368=DIRECTION('',(0.920934417132357,-0.389717589211835,0.));
#2369=DIRECTION('',(0.389717588587064,-0.920934417396746,0.));
#2370=DIRECTION('',(-0.920934417396746,-0.389717588587064,0.));
#2371=DIRECTION('',(0.,0.,-1.));
#2372=DIRECTION('',(0.,0.,-1.));
#2373=DIRECTION('',(0.389717589211836,0.920934417132357,0.));
#2374=DIRECTION('',(0.,0.,1.));
#2375=DIRECTION('',(0.,0.,-1.));
#2376=DIRECTION('',(0.,0.,-1.));
#2377=DIRECTION('',(-1.,0.,0.));
#2378=DIRECTION('',(0.920934417220487,-0.389717589003578,0.));
#2379=DIRECTION('',(0.,0.,1.));
#2380=DIRECTION('',(-0.389717589003578,-0.920934417220487,0.));
#2381=DIRECTION('',(0.,0.,-1.));
#2382=DIRECTION('',(0.,0.,1.));
#2383=DIRECTION('',(1.,0.,0.));
#2384=DIRECTION('',(0.,0.,-1.));
#2385=DIRECTION('',(-1.,0.,0.));
#2386=DIRECTION('',(-0.920934417308617,-0.389717588795321,0.));
#2387=DIRECTION('',(-0.389717588795321,0.920934417308617,0.));
#2388=DIRECTION('',(0.,0.,-1.));
#2389=DIRECTION('',(0.,0.,-1.));
#2390=DIRECTION('',(0.,0.,-1.));
#2391=DIRECTION('',(-1.,0.,0.));
#2392=DIRECTION('',(0.,0.,1.));
#2393=DIRECTION('',(1.,0.,0.));
#2394=DIRECTION('',(0.,0.,-1.));
#2395=DIRECTION('',(-1.,0.,0.));
#2396=DIRECTION('',(-0.920934417308617,0.38971758879532,0.));
#2397=DIRECTION('',(-0.389717589003579,0.920934417220487,0.));
#2398=DIRECTION('',(0.920934417220487,0.389717589003579,0.));
#2399=DIRECTION('',(0.,0.,-1.));
#2400=DIRECTION('',(0.,0.,-1.));
#2401=DIRECTION('',(-0.38971758879532,-0.920934417308617,0.));
#2402=DIRECTION('',(0.,0.,1.));
#2403=DIRECTION('',(0.,0.,-1.));
#2404=DIRECTION('',(0.,0.,-1.));
#2405=DIRECTION('',(-1.,0.,0.));
#2406=DIRECTION('',(0.,0.,1.));
#2407=DIRECTION('',(1.,0.,0.));
#2408=DIRECTION('',(0.,0.,-1.));
#2409=DIRECTION('',(-1.,0.,0.));
#2410=DIRECTION('',(0.389717588587063,0.920934417396747,0.));
#2411=DIRECTION('',(0.920934417132357,0.389717589211836,0.));
#2412=DIRECTION('',(0.389717589211836,-0.920934417132357,0.));
#2413=DIRECTION('',(0.,0.,-1.));
#2414=DIRECTION('',(0.,0.,-1.));
#2415=DIRECTION('',(-0.920934417396747,0.389717588587063,0.));
#2416=DIRECTION('',(0.,0.,1.));
#2417=DIRECTION('',(0.,0.,-1.));
#2418=DIRECTION('',(0.,0.,-1.));
#2419=DIRECTION('',(-1.,0.,0.));
#2420=DIRECTION('',(0.,0.,1.));
#2421=DIRECTION('',(1.,0.,0.));
#2422=DIRECTION('',(0.,0.,-1.));
#2423=DIRECTION('',(-1.,0.,0.));
#2424=DIRECTION('',(-0.375627021826952,0.926770921249375,0.));
#2425=DIRECTION('',(0.375627021407797,0.926770921419261,0.));
#2426=DIRECTION('',(0.926770921419261,-0.375627021407797,0.));
#2427=DIRECTION('',(0.,0.,-1.));
#2428=DIRECTION('',(0.,0.,-1.));
#2429=DIRECTION('',(-0.926770921249375,-0.375627021826952,0.));
#2430=DIRECTION('',(0.,0.,1.));
#2431=DIRECTION('',(0.,0.,-1.));
#2432=DIRECTION('',(0.,0.,-1.));
#2433=DIRECTION('',(-1.,0.,0.));
#2434=DIRECTION('',(0.,0.,1.));
#2435=DIRECTION('',(1.,0.,0.));
#2436=DIRECTION('',(0.,0.,-1.));
#2437=DIRECTION('',(-1.,0.,0.));
#2438=DIRECTION('',(-0.926770921334318,-0.375627021617374,0.));
#2439=DIRECTION('',(-0.926770921334318,0.375627021617373,0.));
#2440=DIRECTION('',(0.375627021617373,0.926770921334318,0.));
#2441=DIRECTION('',(0.,0.,-1.));
#2442=DIRECTION('',(0.,0.,-1.));
#2443=DIRECTION('',(0.375627021617375,-0.926770921334318,0.));
#2444=DIRECTION('',(0.,0.,1.));
#2445=DIRECTION('',(0.,0.,-1.));
#2446=DIRECTION('',(0.,0.,-1.));
#2447=DIRECTION('',(-1.,0.,0.));
#2448=DIRECTION('',(0.,0.,1.));
#2449=DIRECTION('',(1.,0.,0.));
#2450=DIRECTION('',(0.,0.,-1.));
#2451=DIRECTION('',(-1.,0.,0.));
#2452=DIRECTION('',(0.375627021407797,-0.926770921419261,0.));
#2453=DIRECTION('',(-0.375627021826952,-0.926770921249375,0.));
#2454=DIRECTION('',(-0.926770921249375,0.375627021826951,0.));
#2455=DIRECTION('',(0.,0.,-1.));
#2456=DIRECTION('',(0.,0.,-1.));
#2457=DIRECTION('',(0.926770921419261,0.375627021407797,0.));
#2458=DIRECTION('',(0.,0.,1.));
#2459=DIRECTION('',(0.,0.,-1.));
#2460=DIRECTION('',(0.,0.,-1.));
#2461=DIRECTION('',(-1.,0.,0.));
#2462=CARTESIAN_POINT('',(0.,0.,0.));
#2463=CARTESIAN_POINT('',(0.,4.59242549680257E-18,0.24));
#2464=CARTESIAN_POINT('',(0.,4.59242549680257E-18,0.24));
#2465=CARTESIAN_POINT('',(0.0655589740425053,-0.000999961261206323,0.24));
#2466=CARTESIAN_POINT('',(0.0655665997290526,2.96541534812695E-11,0.24));
#2467=CARTESIAN_POINT('',(0.0655589740425053,-0.000999961261206307,0.225));
#2468=CARTESIAN_POINT('',(0.0655589740425053,-0.000999961261206323,0.2255));
#2469=CARTESIAN_POINT('',(0.,4.59242549680257E-18,0.2255));
#2470=CARTESIAN_POINT('',(0.0463625872720307,-0.0463625873034836,0.2255));
#2471=CARTESIAN_POINT('',(0.0463625872720307,-0.0463625873034836,0.225));
#2472=CARTESIAN_POINT('',(0.0463625872720307,-0.0463625873034836,0.24));
#2473=CARTESIAN_POINT('',(0.,4.59242549680257E-18,0.24));
#2474=CARTESIAN_POINT('',(0.0456501157296871,-0.0470642744966496,0.24));
#2475=CARTESIAN_POINT('',(0.0456501157296871,-0.0470642744966496,0.225));
#2476=CARTESIAN_POINT('',(0.0456501157296871,-0.0470642744966496,0.2255));
#2477=CARTESIAN_POINT('',(0.,4.59242549680257E-18,0.2255));
#2478=CARTESIAN_POINT('',(-1.50531817241508E-11,-0.0655665997290526,0.2255));
#2479=CARTESIAN_POINT('',(-1.4827043826527E-11,-0.0655665997290526,0.225));
#2480=CARTESIAN_POINT('',(-1.48270453270025E-11,-0.0655665997290526,0.24));
#2481=CARTESIAN_POINT('',(0.,4.59242549680257E-18,0.24));
#2482=CARTESIAN_POINT('',(-0.000999961246380977,-0.0655589740427315,0.24));
#2483=CARTESIAN_POINT('',(-0.000999961246380947,-0.0655589740427315,0.225));
#2484=CARTESIAN_POINT('',(-0.000999961246380977,-0.0655589740427315,0.2255));
#2485=CARTESIAN_POINT('',(0.,4.59242549680257E-18,0.2255));
#2486=CARTESIAN_POINT('',(-0.0463625872929993,-0.046362587282515,0.2255));
#2487=CARTESIAN_POINT('',(-0.0463625872929993,-0.046362587282515,0.225));
#2488=CARTESIAN_POINT('',(-0.0463625872929993,-0.046362587282515,0.24));
#2489=CARTESIAN_POINT('',(0.,4.59242549680257E-18,0.24));
#2490=CARTESIAN_POINT('',(-0.0470642744863264,-0.0456501157403301,0.24));
#2491=CARTESIAN_POINT('',(-0.0470642744863263,-0.0456501157403301,0.225));
#2492=CARTESIAN_POINT('',(-0.0470642744863264,-0.0456501157403301,0.2255));
#2493=CARTESIAN_POINT('',(0.,4.59242549680257E-18,0.2255));
#2494=CARTESIAN_POINT('',(-0.0655665997290526,4.59242549680257E-18,0.2255));
#2495=CARTESIAN_POINT('',(-0.0655665997290526,-2.77555756156289E-17,0.225));
#2496=CARTESIAN_POINT('',(-0.0655665997290526,-2.77555756156289E-17,0.24));
#2497=CARTESIAN_POINT('',(0.,4.59242549680257E-18,0.24));
#2498=CARTESIAN_POINT('',(-0.0655589740429576,0.000999961231555598,0.24));
#2499=CARTESIAN_POINT('',(-0.0655589740429576,0.000999961231555598,0.225));
#2500=CARTESIAN_POINT('',(-0.0655589740429576,0.000999961231555598,0.2255));
#2501=CARTESIAN_POINT('',(0.,4.59242549680257E-18,0.2255));
#2502=CARTESIAN_POINT('',(-0.0463625872929993,0.046362587282515,0.2255));
#2503=CARTESIAN_POINT('',(-0.0463625872929993,0.046362587282515,0.225));
#2504=CARTESIAN_POINT('',(-0.0463625872929993,0.046362587282515,0.24));
#2505=CARTESIAN_POINT('',(0.,4.59242549680257E-18,0.24));
#2506=CARTESIAN_POINT('',(-0.0456501157509731,0.0470642744760032,0.24));
#2507=CARTESIAN_POINT('',(-0.0456501157509731,0.0470642744760032,0.225));
#2508=CARTESIAN_POINT('',(-0.0456501157509731,0.0470642744760032,0.2255));
#2509=CARTESIAN_POINT('',(0.,4.59242549680257E-18,0.2255));
#2510=CARTESIAN_POINT('',(-1.50532268395363E-11,0.0655665997290526,0.2255));
#2511=CARTESIAN_POINT('',(-1.48270890031317E-11,0.0655665997290526,0.225));
#2512=CARTESIAN_POINT('',(-1.48270890031317E-11,0.0655665997290526,0.24));
#2513=CARTESIAN_POINT('',(0.,4.59242549680257E-18,0.24));
#2514=CARTESIAN_POINT('',(0.000999961216730248,0.0655589740431837,0.24));
#2515=CARTESIAN_POINT('',(0.000999961216730248,0.0655589740431837,0.225));
#2516=CARTESIAN_POINT('',(0.000999961216730248,0.0655589740431837,0.2255));
#2517=CARTESIAN_POINT('',(0.,4.59242549680257E-18,0.2255));
#2518=CARTESIAN_POINT('',(0.0463625872720307,0.0463625873034836,0.2255));
#2519=CARTESIAN_POINT('',(0.0463625872720307,0.0463625873034836,0.225));
#2520=CARTESIAN_POINT('',(0.0463625872720307,0.0463625873034836,0.24));
#2521=CARTESIAN_POINT('',(0.,4.59242549680257E-18,0.24));
#2522=CARTESIAN_POINT('',(0.04706427446568,0.045650115761616,0.24));
#2523=CARTESIAN_POINT('',(0.04706427446568,0.045650115761616,0.225));
#2524=CARTESIAN_POINT('',(0.04706427446568,0.045650115761616,0.2255));
#2525=CARTESIAN_POINT('',(0.,4.59242549680257E-18,0.2255));
#2526=CARTESIAN_POINT('',(0.0655665997290526,3.01064432686991E-11,0.2255));
#2527=CARTESIAN_POINT('',(0.0655665997290526,2.96541534812695E-11,0.225));
#2528=CARTESIAN_POINT('',(-0.0246285865875438,-0.0607652180340831,0.225));
#2529=CARTESIAN_POINT('',(-0.0246285865875439,-0.0607652180340831,0.2245));
#2530=CARTESIAN_POINT('',(-0.0246285865875438,-0.0607652180340831,0.21));
#2531=CARTESIAN_POINT('',(0.,4.59242549680257E-18,0.2245));
#2532=CARTESIAN_POINT('',(0.0246285865600613,-0.060765218045222,0.2245));
#2533=CARTESIAN_POINT('',(0.0246285865600613,-0.060765218045222,0.225));
#2534=CARTESIAN_POINT('',(0.0246285865600613,-0.060765218045222,0.21));
#2535=CARTESIAN_POINT('',(0.,4.59242549680257E-18,0.21));
#2536=CARTESIAN_POINT('',(0.0255524571382596,-0.0603825383221607,0.21));
#2537=CARTESIAN_POINT('',(0.0255524571382596,-0.0603825383221607,0.225));
#2538=CARTESIAN_POINT('',(0.0255524571382596,-0.0603825383221607,0.2245));
#2539=CARTESIAN_POINT('',(0.,4.59242549680257E-18,0.2245));
#2540=CARTESIAN_POINT('',(0.0603825383048256,-0.0255524571792237,0.2245));
#2541=CARTESIAN_POINT('',(0.0603825383048256,-0.0255524571792238,0.225));
#2542=CARTESIAN_POINT('',(0.0603825383048256,-0.0255524571792238,0.21));
#2543=CARTESIAN_POINT('',(0.,4.59242549680257E-18,0.21));
#2544=CARTESIAN_POINT('',(0.0607652180285137,-0.0246285866012851,0.21));
#2545=CARTESIAN_POINT('',(0.0607652180285137,-0.024628586601285,0.225));
#2546=CARTESIAN_POINT('',(0.0607652180285137,-0.0246285866012851,0.2245));
#2547=CARTESIAN_POINT('',(0.,4.59242549680257E-18,0.2245));
#2548=CARTESIAN_POINT('',(0.0607652180285136,0.0246285866012851,0.2245));
#2549=CARTESIAN_POINT('',(0.0607652180285136,0.0246285866012851,0.225));
#2550=CARTESIAN_POINT('',(0.0607652180285136,0.0246285866012851,0.21));
#2551=CARTESIAN_POINT('',(0.,4.59242549680257E-18,0.21));
#2552=CARTESIAN_POINT('',(0.0603825383048256,0.0255524571792238,0.21));
#2553=CARTESIAN_POINT('',(0.0603825383048256,0.0255524571792238,0.225));
#2554=CARTESIAN_POINT('',(0.0603825383048256,0.0255524571792238,0.2245));
#2555=CARTESIAN_POINT('',(0.,4.59242549680257E-18,0.2245));
#2556=CARTESIAN_POINT('',(0.0255524571382595,0.0603825383221608,0.2245));
#2557=CARTESIAN_POINT('',(0.0255524571382595,0.0603825383221608,0.225));
#2558=CARTESIAN_POINT('',(0.0255524571382595,0.0603825383221608,0.21));
#2559=CARTESIAN_POINT('',(0.,4.59242549680257E-18,0.21));
#2560=CARTESIAN_POINT('',(0.0246285865600613,0.060765218045222,0.21));
#2561=CARTESIAN_POINT('',(0.0246285865600613,0.060765218045222,0.225));
#2562=CARTESIAN_POINT('',(0.0246285865600613,0.060765218045222,0.2245));
#2563=CARTESIAN_POINT('',(0.,4.59242549680257E-18,0.2245));
#2564=CARTESIAN_POINT('',(-0.0246285865875439,0.0607652180340831,0.2245));
#2565=CARTESIAN_POINT('',(-0.0246285865875439,0.0607652180340831,0.225));
#2566=CARTESIAN_POINT('',(-0.0246285865875439,0.0607652180340831,0.21));
#2567=CARTESIAN_POINT('',(0.,4.59242549680257E-18,0.21));
#2568=CARTESIAN_POINT('',(-0.025552457165569,0.060382538310604,0.21));
#2569=CARTESIAN_POINT('',(-0.0255524571655691,0.060382538310604,0.225));
#2570=CARTESIAN_POINT('',(-0.025552457165569,0.060382538310604,0.2245));
#2571=CARTESIAN_POINT('',(0.,4.59242549680257E-18,0.2245));
#2572=CARTESIAN_POINT('',(-0.0603825383163824,0.0255524571519143,0.2245));
#2573=CARTESIAN_POINT('',(-0.0603825383163824,0.0255524571519143,0.225));
#2574=CARTESIAN_POINT('',(-0.0603825383163824,0.0255524571519143,0.21));
#2575=CARTESIAN_POINT('',(0.,4.59242549680257E-18,0.21));
#2576=CARTESIAN_POINT('',(-0.0607652180396525,0.0246285865738026,0.21));
#2577=CARTESIAN_POINT('',(-0.0607652180396525,0.0246285865738026,0.225));
#2578=CARTESIAN_POINT('',(-0.0607652180396525,0.0246285865738026,0.2245));
#2579=CARTESIAN_POINT('',(0.,4.59242549680257E-18,0.2245));
#2580=CARTESIAN_POINT('',(-0.0607652180396525,-0.0246285865738026,0.2245));
#2581=CARTESIAN_POINT('',(-0.0607652180396525,-0.0246285865738027,0.225));
#2582=CARTESIAN_POINT('',(-0.0607652180396525,-0.0246285865738026,0.21));
#2583=CARTESIAN_POINT('',(0.,4.59242549680257E-18,0.21));
#2584=CARTESIAN_POINT('',(-0.0603825383163824,-0.0255524571519143,0.21));
#2585=CARTESIAN_POINT('',(-0.0603825383163824,-0.0255524571519143,0.225));
#2586=CARTESIAN_POINT('',(-0.0603825383163824,-0.0255524571519143,0.2245));
#2587=CARTESIAN_POINT('',(0.,4.59242549680257E-18,0.2245));
#2588=CARTESIAN_POINT('',(-0.025552457165569,-0.060382538310604,0.2245));
#2589=CARTESIAN_POINT('',(-0.025552457165569,-0.060382538310604,0.225));
#2590=CARTESIAN_POINT('',(-0.025552457165569,-0.060382538310604,0.21));
#2591=CARTESIAN_POINT('',(0.,4.59242549680257E-18,0.21));
#2592=CARTESIAN_POINT('',(0.0281819733845775,-0.0361537188546166,0.270002));
#2593=CARTESIAN_POINT('',(0.0281819733845775,-0.0361537188546166,0.2698));
#2594=CARTESIAN_POINT('',(0.024696238767239,-0.0325690774252003,0.2698));
#2595=CARTESIAN_POINT('',(0.0316677080019162,-0.0397383602840329,0.2698));
#2596=CARTESIAN_POINT('',(0.024696238767239,-0.0325690774252003,0.270002));
#2597=CARTESIAN_POINT('',(0.024696238767239,-0.0325690774252003,0.24));
#2598=CARTESIAN_POINT('',(0.0281819733845775,-0.0361537188546166,0.24));
#2599=CARTESIAN_POINT('',(0.0316677080019162,-0.0397383602840329,0.24));
#2600=CARTESIAN_POINT('',(0.0316677080019162,-0.0397383602840329,0.270002));
#2601=CARTESIAN_POINT('',(0.0352523494313324,-0.0362526256666943,0.270002));
#2602=CARTESIAN_POINT('',(0.0352523494313324,-0.0362526256666943,0.2698));
#2603=CARTESIAN_POINT('',(0.0388369908607487,-0.0327668910493557,0.2698));
#2604=CARTESIAN_POINT('',(0.0352523494313324,-0.0362526256666943,0.24));
#2605=CARTESIAN_POINT('',(0.0388369908607487,-0.0327668910493557,0.24));
#2606=CARTESIAN_POINT('',(0.0388369908607487,-0.0327668910493557,0.270002));
#2607=CARTESIAN_POINT('',(0.0353512562434101,-0.0291822496199395,0.270002));
#2608=CARTESIAN_POINT('',(0.0353512562434101,-0.0291822496199395,0.2698));
#2609=CARTESIAN_POINT('',(0.0318655216260715,-0.0255976081905232,0.2698));
#2610=CARTESIAN_POINT('',(0.0353512562434101,-0.0291822496199395,0.24));
#2611=CARTESIAN_POINT('',(0.0318655216260715,-0.0255976081905232,0.24));
#2612=CARTESIAN_POINT('',(0.0318655216260715,-0.0255976081905232,0.270002));
#2613=CARTESIAN_POINT('',(0.0282808801966552,-0.0290833428078617,0.270002));
#2614=CARTESIAN_POINT('',(0.0282808801966552,-0.0290833428078617,0.2698));
#2615=CARTESIAN_POINT('',(0.0282808801966552,-0.0290833428078617,0.24));
#2616=CARTESIAN_POINT('',(0.,0.,0.24));
#2617=CARTESIAN_POINT('',(-0.000483972113203353,-0.0403636983523461,0.24));
#2618=CARTESIAN_POINT('',(0.00471565413327332,-0.0404260433357123,0.24));
#2619=CARTESIAN_POINT('',(-0.00568359835968003,-0.0403013533689799,0.24));
#2620=CARTESIAN_POINT('',(0.00465330914990713,-0.045625669582189,0.24));
#2621=CARTESIAN_POINT('',(0.00459096416654094,-0.0508252958286657,0.24));
#2622=CARTESIAN_POINT('',(-0.000608662079935737,-0.0507629508452995,0.24));
#2623=CARTESIAN_POINT('',(-0.00580828832641242,-0.0507006058619333,0.24));
#2624=CARTESIAN_POINT('',(-0.00574594334304622,-0.0455009796154566,0.24));
#2625=CARTESIAN_POINT('',(0.0463625872720307,0.0463625873034836,0.24));
#2626=CARTESIAN_POINT('',(0.047776800833924,0.0477768008663365,0.24));
#2627=CARTESIAN_POINT('',(0.,4.59242549680257E-18,0.24));
#2628=CARTESIAN_POINT('',(0.00103046336937695,0.067558741434328,0.24));
#2629=CARTESIAN_POINT('',(0.000999961216730248,0.0655589740431837,0.24));
#2630=CARTESIAN_POINT('',(-1.48270890031317E-11,0.0655665997290526,0.24));
#2631=CARTESIAN_POINT('',(-1.52793646759409E-11,0.0675665997290526,0.24));
#2632=CARTESIAN_POINT('',(0.,4.59242549680257E-18,0.24));
#2633=CARTESIAN_POINT('',(-0.0470425965549073,0.0484998918382117,0.24));
#2634=CARTESIAN_POINT('',(-0.0456501157509731,0.0470642744760032,0.24));
#2635=CARTESIAN_POINT('',(-0.0463625872929993,0.046362587282515,0.24));
#2636=CARTESIAN_POINT('',(-0.0477768008555323,0.0477768008447282,0.24));
#2637=CARTESIAN_POINT('',(0.,4.59242549680257E-18,0.24));
#2638=CARTESIAN_POINT('',(-0.067558741434095,0.00103046338465452,0.24));
#2639=CARTESIAN_POINT('',(-0.0655589740429576,0.000999961231555598,0.24));
#2640=CARTESIAN_POINT('',(-0.0655665997290526,-2.77555756156289E-17,0.24));
#2641=CARTESIAN_POINT('',(-0.0675665997290526,-5.54187702750583E-17,0.24));
#2642=CARTESIAN_POINT('',(0.,4.59242549680257E-18,0.24));
#2643=CARTESIAN_POINT('',(-0.0484998918488498,-0.0470425965439397,0.24));
#2644=CARTESIAN_POINT('',(-0.0470642744863264,-0.0456501157403301,0.24));
#2645=CARTESIAN_POINT('',(-0.0463625872929993,-0.046362587282515,0.24));
#2646=CARTESIAN_POINT('',(-0.0477768008555323,-0.0477768008447282,0.24));
#2647=CARTESIAN_POINT('',(0.,4.59242549680257E-18,0.24));
#2648=CARTESIAN_POINT('',(-0.00103046339993209,-0.0675587414338619,0.24));
#2649=CARTESIAN_POINT('',(-0.000999961246380977,-0.0655589740427315,0.24));
#2650=CARTESIAN_POINT('',(-1.48270453270025E-11,-0.0655665997290526,0.24));
#2651=CARTESIAN_POINT('',(-1.5279318121299E-11,-0.0675665997290526,0.24));
#2652=CARTESIAN_POINT('',(0.,4.59242549680257E-18,0.24));
#2653=CARTESIAN_POINT('',(0.047042596532972,-0.0484998918594879,0.24));
#2654=CARTESIAN_POINT('',(0.0456501157296871,-0.0470642744966496,0.24));
#2655=CARTESIAN_POINT('',(0.0463625872720307,-0.0463625873034836,0.24));
#2656=CARTESIAN_POINT('',(0.0477768008339241,-0.0477768008663364,0.24));
#2657=CARTESIAN_POINT('',(0.,4.59242549680257E-18,0.24));
#2658=CARTESIAN_POINT('',(0.0675587414336289,-0.00103046341520964,0.24));
#2659=CARTESIAN_POINT('',(0.0655589740425053,-0.000999961261206323,0.24));
#2660=CARTESIAN_POINT('',(0.0655665997290526,2.96541534812695E-11,0.24));
#2661=CARTESIAN_POINT('',(0.0675665997290526,3.05587039387093E-11,0.24));
#2662=CARTESIAN_POINT('',(0.,4.59242549680257E-18,0.24));
#2663=CARTESIAN_POINT('',(0.0484998918275736,0.0470425965658749,0.24));
#2664=CARTESIAN_POINT('',(0.04706427446568,0.045650115761616,0.24));
#2665=CARTESIAN_POINT('',(0.0147309636569969,-0.020083992118639,0.24));
#2666=CARTESIAN_POINT('',(0.0153006251153303,-0.020083992118639,0.24));
#2667=CARTESIAN_POINT('',(0.0141613021986636,-0.020083992118639,0.24));
#2668=CARTESIAN_POINT('',(0.0154633855319969,-0.0168336665978057,0.24));
#2669=CARTESIAN_POINT('',(0.0167654688653303,-0.0135833410769723,0.24));
#2670=CARTESIAN_POINT('',(0.0151329818861636,-0.0135833410769723,0.24));
#2671=CARTESIAN_POINT('',(0.0135004949069969,-0.0135833410769723,0.24));
#2672=CARTESIAN_POINT('',(0.0135004949069969,-0.0130852942019723,0.24));
#2673=CARTESIAN_POINT('',(0.0135004949069969,-0.0125872473269723,0.24));
#2674=CARTESIAN_POINT('',(0.0158556381361635,-0.0125872473269723,0.24));
#2675=CARTESIAN_POINT('',(0.0182107813653303,-0.0125872473269723,0.24));
#2676=CARTESIAN_POINT('',(0.0167557032403302,-0.0163356197228057,0.24));
#2677=CARTESIAN_POINT('',(-0.0452582593357029,0.0467623289427858,0.24));
#2678=CARTESIAN_POINT('',(-0.0452617178084095,0.0465460072650198,0.24));
#2679=CARTESIAN_POINT('',(-0.0456903959112969,0.0197329096047432,0.24));
#2680=CARTESIAN_POINT('',(0.000551513314393234,0.0459966937188322,0.24));
#2681=CARTESIAN_POINT('',(0.0195501476765195,0.045768894741148,0.24));
#2682=CARTESIAN_POINT('',(0.0328502731075005,0.0322003036750065,0.24));
#2683=CARTESIAN_POINT('',(0.0383218916608727,0.0266182394301323,0.24));
#2684=CARTESIAN_POINT('',(0.0383209830609617,0.0265424614013375,0.24));
#2685=CARTESIAN_POINT('',(0.0380931840832776,0.00754382703921112,0.24));
#2686=CARTESIAN_POINT('',(0.00794317737816409,0.00790533411249256,0.24));
#2687=CARTESIAN_POINT('',(0.0189429936635617,0.00777344321671732,0.24));
#2688=CARTESIAN_POINT('',(-0.00520132950184647,0.0326028552647345,0.24));
#2689=CARTESIAN_POINT('',(0.00793921906363875,0.0190894470555175,0.24));
#2690=CARTESIAN_POINT('',(0.00836793598485076,0.045904972737011,0.24));
#2691=CARTESIAN_POINT('',(0.00793579940925675,0.0188755533989684,0.24));
#2692=CARTESIAN_POINT('',(-0.0266928236893405,0.0194291832944616,0.24));
#2693=CARTESIAN_POINT('',(-0.00520132950184647,0.0326028552647345,0.209998));
#2694=CARTESIAN_POINT('',(-0.00328617920491012,0.0306333630768299,0.217168706009191));
#2695=CARTESIAN_POINT('',(0.0079392190636388,0.0190894470555175,0.211));
#2696=CARTESIAN_POINT('',(-0.0184471210477331,0.0462244926965163,0.225500115800936));
#2697=CARTESIAN_POINT('',(0.00793921906363875,0.0190894470555176,0.209998));
#2698=CARTESIAN_POINT('',(0.0189429936635617,0.00777344321671732,0.240002));
#2699=CARTESIAN_POINT('',(0.0189429936635617,0.00777344321671732,0.21));
#2700=CARTESIAN_POINT('',(-0.00520132950184647,0.0326028552647345,0.21));
#2701=CARTESIAN_POINT('',(-0.0184471210477331,0.0462244926965164,0.21));
#2702=CARTESIAN_POINT('',(-0.0184471210477331,0.0462244926965164,0.209998));
#2703=CARTESIAN_POINT('',(0.00794317737816409,0.00790533411249256,0.209998));
#2704=CARTESIAN_POINT('',(0.0380931840832776,0.00754382703921112,0.209998));
#2705=CARTESIAN_POINT('',(0.0380931840832776,0.00754382703921112,0.21));
#2706=CARTESIAN_POINT('',(0.00794317737816409,0.00790533411249256,0.21));
#2707=CARTESIAN_POINT('',(0.000551513314393234,0.0459966937188322,0.209998));
#2708=CARTESIAN_POINT('',(-0.0184465693055633,0.0462244860809723,0.2254998174486));
#2709=CARTESIAN_POINT('',(0.000551513314393234,0.0459966937188322,0.21));
#2710=CARTESIAN_POINT('',(0.0195501476765195,0.045768894741148,0.21));
#2711=CARTESIAN_POINT('',(0.0195501476765195,0.045768894741148,0.240002));
#2712=CARTESIAN_POINT('',(0.,0.,0.21));
#2713=CARTESIAN_POINT('',(0.00465330914990713,-0.045625669582189,0.21));
#2714=CARTESIAN_POINT('',(0.00471565413327332,-0.0404260433357123,0.21));
#2715=CARTESIAN_POINT('',(0.00459096416654094,-0.0508252958286657,0.21));
#2716=CARTESIAN_POINT('',(-0.000483972113203353,-0.0403636983523461,0.21));
#2717=CARTESIAN_POINT('',(-0.00568359835968003,-0.0403013533689799,0.21));
#2718=CARTESIAN_POINT('',(-0.00574594334304622,-0.0455009796154566,0.21));
#2719=CARTESIAN_POINT('',(-0.00580828832641242,-0.0507006058619333,0.21));
#2720=CARTESIAN_POINT('',(-0.000608662079935737,-0.0507629508452995,0.21));
#2721=CARTESIAN_POINT('',(0.0383209830609617,0.0265424614013375,0.21));
#2722=CARTESIAN_POINT('',(0.0383218916608727,0.0266182394301323,0.21));
#2723=CARTESIAN_POINT('',(0.0328502731075005,0.0322003036750065,0.21));
#2724=CARTESIAN_POINT('',(0.0607652180285136,0.0246285866012851,0.21));
#2725=CARTESIAN_POINT('',(0.0626187598708425,0.0253798406453582,0.21));
#2726=CARTESIAN_POINT('',(0.,4.59242549680257E-18,0.21));
#2727=CARTESIAN_POINT('',(0.0626187598708426,-0.0253798406453581,0.21));
#2728=CARTESIAN_POINT('',(0.0607652180285137,-0.0246285866012851,0.21));
#2729=CARTESIAN_POINT('',(0.0603825383048256,-0.0255524571792238,0.21));
#2730=CARTESIAN_POINT('',(0.0622244071390904,-0.0263318923576474,0.21));
#2731=CARTESIAN_POINT('',(0.,4.59242549680257E-18,0.21));
#2732=CARTESIAN_POINT('',(0.0263318923154338,-0.0622244071569542,0.21));
#2733=CARTESIAN_POINT('',(0.0255524571382596,-0.0603825383221607,0.21));
#2734=CARTESIAN_POINT('',(0.0246285865600613,-0.060765218045222,0.21));
#2735=CARTESIAN_POINT('',(0.0253798406028769,-0.0626187598880605,0.21));
#2736=CARTESIAN_POINT('',(0.,4.59242549680257E-18,0.21));
#2737=CARTESIAN_POINT('',(-0.0253798406311977,-0.0626187598765819,0.21));
#2738=CARTESIAN_POINT('',(-0.0246285865875438,-0.0607652180340831,0.21));
#2739=CARTESIAN_POINT('',(-0.025552457165569,-0.060382538310604,0.21));
#2740=CARTESIAN_POINT('',(-0.0263318923435761,-0.062224407145045,0.21));
#2741=CARTESIAN_POINT('',(0.,4.59242549680257E-18,0.21));
#2742=CARTESIAN_POINT('',(-0.0622244071509996,-0.026331892329505,0.21));
#2743=CARTESIAN_POINT('',(-0.0603825383163824,-0.0255524571519143,0.21));
#2744=CARTESIAN_POINT('',(-0.0607652180396525,-0.0246285865738026,0.21));
#2745=CARTESIAN_POINT('',(-0.0626187598823211,-0.0253798406170374,0.21));
#2746=CARTESIAN_POINT('',(0.,4.59242549680257E-18,0.21));
#2747=CARTESIAN_POINT('',(-0.0626187598823212,0.0253798406170373,0.21));
#2748=CARTESIAN_POINT('',(-0.0607652180396525,0.0246285865738026,0.21));
#2749=CARTESIAN_POINT('',(-0.0603825383163824,0.0255524571519143,0.21));
#2750=CARTESIAN_POINT('',(-0.0622244071509996,0.026331892329505,0.21));
#2751=CARTESIAN_POINT('',(0.,4.59242549680257E-18,0.21));
#2752=CARTESIAN_POINT('',(-0.0263318923435762,0.062224407145045,0.21));
#2753=CARTESIAN_POINT('',(-0.025552457165569,0.060382538310604,0.21));
#2754=CARTESIAN_POINT('',(-0.0246285865875439,0.0607652180340831,0.21));
#2755=CARTESIAN_POINT('',(-0.0253798406311978,0.0626187598765818,0.21));
#2756=CARTESIAN_POINT('',(0.,4.59242549680257E-18,0.21));
#2757=CARTESIAN_POINT('',(0.0253798406028768,0.0626187598880605,0.21));
#2758=CARTESIAN_POINT('',(0.0246285865600613,0.060765218045222,0.21));
#2759=CARTESIAN_POINT('',(0.0255524571382595,0.0603825383221608,0.21));
#2760=CARTESIAN_POINT('',(0.0263318923154337,0.0622244071569542,0.21));
#2761=CARTESIAN_POINT('',(0.,4.59242549680257E-18,0.21));
#2762=CARTESIAN_POINT('',(0.0622244071390903,0.0263318923576475,0.21));
#2763=CARTESIAN_POINT('',(0.0603825383048256,0.0255524571792238,0.21));
#2764=CARTESIAN_POINT('',(0.0154633855319969,-0.0168336665978057,0.239));
#2765=CARTESIAN_POINT('',(0.0141613021986636,-0.020083992118639,0.239));
#2766=CARTESIAN_POINT('',(0.0141613021986636,-0.020083992118639,0.239));
#2767=CARTESIAN_POINT('',(0.0154633855319969,-0.0168336665978057,0.239));
#2768=CARTESIAN_POINT('',(0.0167654688653303,-0.0135833410769723,0.239));
#2769=CARTESIAN_POINT('',(0.0167654688653303,-0.0135833410769723,0.239));
#2770=CARTESIAN_POINT('',(0.0147309636569969,-0.020083992118639,0.239));
#2771=CARTESIAN_POINT('',(0.0153006251153303,-0.020083992118639,0.239));
#2772=CARTESIAN_POINT('',(0.0153006251153303,-0.020083992118639,0.239));
#2773=CARTESIAN_POINT('',(0.0147309636569969,-0.020083992118639,0.239));
#2774=CARTESIAN_POINT('',(0.0167557032403302,-0.0163356197228057,0.239));
#2775=CARTESIAN_POINT('',(0.0182107813653303,-0.0125872473269723,0.239));
#2776=CARTESIAN_POINT('',(0.0182107813653303,-0.0125872473269723,0.239));
#2777=CARTESIAN_POINT('',(0.0167557032403302,-0.0163356197228057,0.239));
#2778=CARTESIAN_POINT('',(0.0158556381361635,-0.0125872473269723,0.239));
#2779=CARTESIAN_POINT('',(0.0135004949069969,-0.0125872473269723,0.239));
#2780=CARTESIAN_POINT('',(0.0135004949069969,-0.0125872473269723,0.239));
#2781=CARTESIAN_POINT('',(0.0158556381361635,-0.0125872473269723,0.239));
#2782=CARTESIAN_POINT('',(0.0135004949069969,-0.0130852942019723,0.239));
#2783=CARTESIAN_POINT('',(0.0135004949069969,-0.0135833410769723,0.239));
#2784=CARTESIAN_POINT('',(0.0135004949069969,-0.0135833410769723,0.239));
#2785=CARTESIAN_POINT('',(0.0135004949069969,-0.0130852942019723,0.239));
#2786=CARTESIAN_POINT('',(0.0151329818861636,-0.0135833410769723,0.239));
#2787=CARTESIAN_POINT('',(0.0151329818861636,-0.0135833410769723,0.239));
#2788=CARTESIAN_POINT('',(0.,0.,0.239));
#2789=CARTESIAN_POINT('',(0.0383209830609617,0.0265424614013375,0.209998));
#2790=CARTESIAN_POINT('',(0.0383218916608727,0.0266182394301323,0.240002));
#2791=CARTESIAN_POINT('',(0.0328502731075005,0.0322003036750065,0.240002));
#2792=CARTESIAN_POINT('',(-0.01887729825102,0.0193042315018558,0.24));
#2793=CARTESIAN_POINT('',(0.00793579940925675,0.0188755533989685,0.2255));
#2794=CARTESIAN_POINT('',(0.00793579940925677,0.0188755533989685,0.211));
#2795=CARTESIAN_POINT('',(-0.01887729825102,0.0193042315018558,0.2255));
#2796=CARTESIAN_POINT('',(-0.0184451616754261,0.0463336508398984,0.2255));
#2797=CARTESIAN_POINT('',(0.00836793598485078,0.045904972737011,0.211));
#2798=CARTESIAN_POINT('',(0.00836793598485076,0.045904972737011,0.2255));
#2799=CARTESIAN_POINT('',(0.00465330914990713,-0.045625669582189,0.209998));
#2800=CARTESIAN_POINT('',(0.00459096416654094,-0.0508252958286657,0.209998));
#2801=CARTESIAN_POINT('',(0.00471565413327332,-0.0404260433357123,0.209998));
#2802=CARTESIAN_POINT('',(-0.000608662079935737,-0.0507629508452995,0.209998));
#2803=CARTESIAN_POINT('',(-0.00580828832641242,-0.0507006058619333,0.209998));
#2804=CARTESIAN_POINT('',(-0.00574594334304622,-0.0455009796154566,0.209998));
#2805=CARTESIAN_POINT('',(-0.00568359835968003,-0.0403013533689799,0.209998));
#2806=CARTESIAN_POINT('',(-0.000483972113203353,-0.0403636983523461,0.209998));
#2807=CARTESIAN_POINT('',(0.,0.,0.2698));
#2808=CARTESIAN_POINT('',(0.0607652180285136,0.0246285866012851,0.21725));
#2809=CARTESIAN_POINT('',(0.0607652180285136,0.0246285866012851,0.2245));
#2810=CARTESIAN_POINT('',(0.0626187598708425,0.0253798406453582,0.2245));
#2811=CARTESIAN_POINT('',(0.0626187598708425,0.0253798406453582,0.225));
#2812=CARTESIAN_POINT('',(0.,4.59242549680257E-18,0.2245));
#2813=CARTESIAN_POINT('',(0.0607652180285137,-0.0246285866012851,0.2245));
#2814=CARTESIAN_POINT('',(0.0626187598708426,-0.0253798406453581,0.2245));
#2815=CARTESIAN_POINT('',(0.,4.59242549680257E-18,0.2245));
#2816=CARTESIAN_POINT('',(0.,4.59242549680257E-18,0.225));
#2817=CARTESIAN_POINT('',(0.0626187598708426,-0.0253798406453581,0.225));
#2818=CARTESIAN_POINT('',(0.0607652180285137,-0.024628586601285,0.21725));
#2819=CARTESIAN_POINT('',(0.,4.59242549680257E-18,0.2255));
#2820=CARTESIAN_POINT('',(0.0655665997290526,2.9654182598689E-11,0.2255));
#2821=CARTESIAN_POINT('',(0.0675665997290526,3.05587039387093E-11,0.2255));
#2822=CARTESIAN_POINT('',(0.04706427446568,0.045650115761616,0.2255));
#2823=CARTESIAN_POINT('',(0.0484998918275736,0.0470425965658749,0.2255));
#2824=CARTESIAN_POINT('',(0.,4.59242549680257E-18,0.2255));
#2825=CARTESIAN_POINT('',(0.04706427446568,0.045650115761616,0.23275));
#2826=CARTESIAN_POINT('',(0.0484998918275736,0.0470425965658749,0.225));
#2827=CARTESIAN_POINT('',(0.0655665997290526,2.96541534812695E-11,0.23275));
#2828=CARTESIAN_POINT('',(0.0675665997290526,3.05587039387093E-11,0.225));
#2829=CARTESIAN_POINT('',(0.,4.59242549680257E-18,0.225));
#2830=CARTESIAN_POINT('',(0.,4.59242549680257E-18,0.2255));
#2831=CARTESIAN_POINT('',(0.0463625872720307,0.0463625873034836,0.2255));
#2832=CARTESIAN_POINT('',(0.047776800833924,0.0477768008663365,0.2255));
#2833=CARTESIAN_POINT('',(0.000999961216730248,0.0655589740431837,0.2255));
#2834=CARTESIAN_POINT('',(0.00103046336937695,0.067558741434328,0.2255));
#2835=CARTESIAN_POINT('',(0.,4.59242549680257E-18,0.2255));
#2836=CARTESIAN_POINT('',(0.000999961216730248,0.0655589740431837,0.23275));
#2837=CARTESIAN_POINT('',(0.00103046336937695,0.067558741434328,0.225));
#2838=CARTESIAN_POINT('',(0.0463625872720307,0.0463625873034836,0.23275));
#2839=CARTESIAN_POINT('',(0.047776800833924,0.0477768008663365,0.225));
#2840=CARTESIAN_POINT('',(0.,4.59242549680257E-18,0.225));
#2841=CARTESIAN_POINT('',(0.,4.59242549680257E-18,0.2255));
#2842=CARTESIAN_POINT('',(-1.48270890031317E-11,0.0655665997290526,0.2255));
#2843=CARTESIAN_POINT('',(-1.52793646759409E-11,0.0675665997290526,0.2255));
#2844=CARTESIAN_POINT('',(-0.0456501157509731,0.0470642744760032,0.2255));
#2845=CARTESIAN_POINT('',(-0.0470425965549073,0.0484998918382117,0.2255));
#2846=CARTESIAN_POINT('',(0.,4.59242549680257E-18,0.2255));
#2847=CARTESIAN_POINT('',(-0.0456501157509731,0.0470642744760032,0.23275));
#2848=CARTESIAN_POINT('',(-0.0470425965549073,0.0484998918382117,0.225));
#2849=CARTESIAN_POINT('',(-1.48270890031317E-11,0.0655665997290526,0.23275));
#2850=CARTESIAN_POINT('',(-1.52793646759409E-11,0.0675665997290526,0.225));
#2851=CARTESIAN_POINT('',(0.,4.59242549680257E-18,0.225));
#2852=CARTESIAN_POINT('',(0.,4.59242549680257E-18,0.2255));
#2853=CARTESIAN_POINT('',(-0.0463625872929993,0.046362587282515,0.2255));
#2854=CARTESIAN_POINT('',(-0.0477768008555323,0.0477768008447282,0.2255));
#2855=CARTESIAN_POINT('',(-0.0655589740429576,0.000999961231555598,0.2255));
#2856=CARTESIAN_POINT('',(-0.067558741434095,0.00103046338465452,0.2255));
#2857=CARTESIAN_POINT('',(0.,4.59242549680257E-18,0.2255));
#2858=CARTESIAN_POINT('',(-0.0655589740429576,0.000999961231555598,0.23275));
#2859=CARTESIAN_POINT('',(-0.067558741434095,0.00103046338465452,0.225));
#2860=CARTESIAN_POINT('',(-0.0463625872929993,0.046362587282515,0.23275));
#2861=CARTESIAN_POINT('',(-0.0477768008555323,0.0477768008447282,0.225));
#2862=CARTESIAN_POINT('',(0.,4.59242549680257E-18,0.225));
#2863=CARTESIAN_POINT('',(0.,4.59242549680257E-18,0.2255));
#2864=CARTESIAN_POINT('',(-0.0655665997290526,-2.77555756156289E-17,0.2255));
#2865=CARTESIAN_POINT('',(-0.0675665997290526,-5.54187702750583E-17,0.2255));
#2866=CARTESIAN_POINT('',(-0.0470642744863264,-0.0456501157403301,0.2255));
#2867=CARTESIAN_POINT('',(-0.0484998918488498,-0.0470425965439397,0.2255));
#2868=CARTESIAN_POINT('',(0.,4.59242549680257E-18,0.2255));
#2869=CARTESIAN_POINT('',(-0.0470642744863263,-0.0456501157403301,0.23275));
#2870=CARTESIAN_POINT('',(-0.0484998918488498,-0.0470425965439397,0.225));
#2871=CARTESIAN_POINT('',(-0.0655665997290526,-2.77555756156289E-17,0.23275));
#2872=CARTESIAN_POINT('',(-0.0675665997290526,-5.54187702750583E-17,0.225));
#2873=CARTESIAN_POINT('',(0.,4.59242549680257E-18,0.225));
#2874=CARTESIAN_POINT('',(-0.0463625872929993,-0.046362587282515,0.23275));
#2875=CARTESIAN_POINT('',(-0.0463625872929993,-0.046362587282515,0.2255));
#2876=CARTESIAN_POINT('',(-0.0477768008555323,-0.0477768008447282,0.2255));
#2877=CARTESIAN_POINT('',(-0.0477768008555323,-0.0477768008447282,0.225));
#2878=CARTESIAN_POINT('',(0.,4.59242549680257E-18,0.2255));
#2879=CARTESIAN_POINT('',(-0.000999961246380977,-0.0655589740427315,0.2255));
#2880=CARTESIAN_POINT('',(-0.00103046339993209,-0.0675587414338619,0.2255));
#2881=CARTESIAN_POINT('',(0.,4.59242549680257E-18,0.2255));
#2882=CARTESIAN_POINT('',(-0.000999961246380947,-0.0655589740427315,0.23275));
#2883=CARTESIAN_POINT('',(-0.00103046339993209,-0.0675587414338619,0.225));
#2884=CARTESIAN_POINT('',(0.,4.59242549680257E-18,0.225));
#2885=CARTESIAN_POINT('',(0.,4.59242549680257E-18,0.2255));
#2886=CARTESIAN_POINT('',(-1.48270453270025E-11,-0.0655665997290526,0.2255));
#2887=CARTESIAN_POINT('',(-1.5279318121299E-11,-0.0675665997290526,0.2255));
#2888=CARTESIAN_POINT('',(0.0456501157296871,-0.0470642744966496,0.2255));
#2889=CARTESIAN_POINT('',(0.047042596532972,-0.0484998918594879,0.2255));
#2890=CARTESIAN_POINT('',(0.,4.59242549680257E-18,0.2255));
#2891=CARTESIAN_POINT('',(0.0456501157296871,-0.0470642744966496,0.23275));
#2892=CARTESIAN_POINT('',(0.047042596532972,-0.0484998918594879,0.225));
#2893=CARTESIAN_POINT('',(-1.4827043826527E-11,-0.0655665997290526,0.23275));
#2894=CARTESIAN_POINT('',(-1.5279318121299E-11,-0.0675665997290526,0.225));
#2895=CARTESIAN_POINT('',(0.,4.59242549680257E-18,0.225));
#2896=CARTESIAN_POINT('',(0.,4.59242549680257E-18,0.2255));
#2897=CARTESIAN_POINT('',(0.0463625872720307,-0.0463625873034836,0.2255));
#2898=CARTESIAN_POINT('',(0.0477768008339241,-0.0477768008663364,0.2255));
#2899=CARTESIAN_POINT('',(0.0655589740425053,-0.000999961261206323,0.2255));
#2900=CARTESIAN_POINT('',(0.0675587414336289,-0.00103046341520964,0.2255));
#2901=CARTESIAN_POINT('',(0.,4.59242549680257E-18,0.2255));
#2902=CARTESIAN_POINT('',(0.0655589740425053,-0.000999961261206307,0.23275));
#2903=CARTESIAN_POINT('',(0.0675587414336289,-0.00103046341520964,0.225));
#2904=CARTESIAN_POINT('',(0.0463625872720307,-0.0463625873034836,0.23275));
#2905=CARTESIAN_POINT('',(0.0477768008339241,-0.0477768008663364,0.225));
#2906=CARTESIAN_POINT('',(0.,4.59242549680257E-18,0.225));
#2907=CARTESIAN_POINT('',(0.,4.59242549680257E-18,0.2245));
#2908=CARTESIAN_POINT('',(0.,4.59242549680257E-18,0.2245));
#2909=CARTESIAN_POINT('',(0.0622244071390904,-0.0263318923576474,0.2245));
#2910=CARTESIAN_POINT('',(0.0263318923154338,-0.0622244071569542,0.2245));
#2911=CARTESIAN_POINT('',(0.0603825383048256,-0.0255524571792238,0.2245));
#2912=CARTESIAN_POINT('',(0.0255524571382596,-0.0603825383221607,0.2245));
#2913=CARTESIAN_POINT('',(0.0255524571382596,-0.0603825383221607,0.21725));
#2914=CARTESIAN_POINT('',(0.0263318923154338,-0.0622244071569542,0.225));
#2915=CARTESIAN_POINT('',(0.0603825383048256,-0.0255524571792238,0.21725));
#2916=CARTESIAN_POINT('',(0.0622244071390904,-0.0263318923576474,0.225));
#2917=CARTESIAN_POINT('',(0.,4.59242549680257E-18,0.225));
#2918=CARTESIAN_POINT('',(-0.025552457165569,-0.060382538310604,0.21725));
#2919=CARTESIAN_POINT('',(-0.025552457165569,-0.060382538310604,0.2245));
#2920=CARTESIAN_POINT('',(-0.0263318923435761,-0.062224407145045,0.2245));
#2921=CARTESIAN_POINT('',(-0.0263318923435761,-0.062224407145045,0.225));
#2922=CARTESIAN_POINT('',(0.,4.59242549680257E-18,0.2245));
#2923=CARTESIAN_POINT('',(0.,4.59242549680257E-18,0.2245));
#2924=CARTESIAN_POINT('',(-0.0622244071509996,-0.026331892329505,0.2245));
#2925=CARTESIAN_POINT('',(-0.0603825383163824,-0.0255524571519143,0.2245));
#2926=CARTESIAN_POINT('',(-0.0603825383163824,-0.0255524571519143,0.21725));
#2927=CARTESIAN_POINT('',(-0.0622244071509996,-0.026331892329505,0.225));
#2928=CARTESIAN_POINT('',(0.,4.59242549680257E-18,0.225));
#2929=CARTESIAN_POINT('',(0.,4.59242549680257E-18,0.2245));
#2930=CARTESIAN_POINT('',(0.,4.59242549680257E-18,0.2245));
#2931=CARTESIAN_POINT('',(-0.0622244071509996,0.026331892329505,0.2245));
#2932=CARTESIAN_POINT('',(-0.0263318923435762,0.062224407145045,0.2245));
#2933=CARTESIAN_POINT('',(-0.0603825383163824,0.0255524571519143,0.2245));
#2934=CARTESIAN_POINT('',(-0.025552457165569,0.060382538310604,0.2245));
#2935=CARTESIAN_POINT('',(-0.0255524571655691,0.060382538310604,0.21725));
#2936=CARTESIAN_POINT('',(-0.0263318923435762,0.062224407145045,0.225));
#2937=CARTESIAN_POINT('',(-0.0603825383163824,0.0255524571519143,0.21725));
#2938=CARTESIAN_POINT('',(-0.0622244071509996,0.026331892329505,0.225));
#2939=CARTESIAN_POINT('',(0.,4.59242549680257E-18,0.225));
#2940=CARTESIAN_POINT('',(0.,4.59242549680257E-18,0.2245));
#2941=CARTESIAN_POINT('',(0.,4.59242549680257E-18,0.2245));
#2942=CARTESIAN_POINT('',(0.0263318923154337,0.0622244071569542,0.2245));
#2943=CARTESIAN_POINT('',(0.0622244071390903,0.0263318923576475,0.2245));
#2944=CARTESIAN_POINT('',(0.0255524571382595,0.0603825383221608,0.2245));
#2945=CARTESIAN_POINT('',(0.0603825383048256,0.0255524571792238,0.2245));
#2946=CARTESIAN_POINT('',(0.0603825383048256,0.0255524571792238,0.21725));
#2947=CARTESIAN_POINT('',(0.0622244071390903,0.0263318923576475,0.225));
#2948=CARTESIAN_POINT('',(0.0255524571382595,0.0603825383221608,0.21725));
#2949=CARTESIAN_POINT('',(0.0263318923154337,0.0622244071569542,0.225));
#2950=CARTESIAN_POINT('',(0.,4.59242549680257E-18,0.225));
#2951=CARTESIAN_POINT('',(0.,4.59242549680257E-18,0.2245));
#2952=CARTESIAN_POINT('',(0.,4.59242549680257E-18,0.2245));
#2953=CARTESIAN_POINT('',(-0.0253798406311978,0.0626187598765818,0.2245));
#2954=CARTESIAN_POINT('',(0.0253798406028768,0.0626187598880605,0.2245));
#2955=CARTESIAN_POINT('',(-0.0246285865875439,0.0607652180340831,0.2245));
#2956=CARTESIAN_POINT('',(0.0246285865600613,0.060765218045222,0.2245));
#2957=CARTESIAN_POINT('',(0.0246285865600613,0.060765218045222,0.21725));
#2958=CARTESIAN_POINT('',(0.0253798406028768,0.0626187598880605,0.225));
#2959=CARTESIAN_POINT('',(-0.0246285865875439,0.0607652180340831,0.21725));
#2960=CARTESIAN_POINT('',(-0.0253798406311978,0.0626187598765818,0.225));
#2961=CARTESIAN_POINT('',(0.,4.59242549680257E-18,0.225));
#2962=CARTESIAN_POINT('',(0.,4.59242549680257E-18,0.2245));
#2963=CARTESIAN_POINT('',(0.,4.59242549680257E-18,0.2245));
#2964=CARTESIAN_POINT('',(-0.0626187598823211,-0.0253798406170374,0.2245));
#2965=CARTESIAN_POINT('',(-0.0626187598823212,0.0253798406170373,0.2245));
#2966=CARTESIAN_POINT('',(-0.0607652180396525,-0.0246285865738026,0.2245));
#2967=CARTESIAN_POINT('',(-0.0607652180396525,0.0246285865738026,0.2245));
#2968=CARTESIAN_POINT('',(-0.0607652180396525,0.0246285865738026,0.21725));
#2969=CARTESIAN_POINT('',(-0.0626187598823212,0.0253798406170373,0.225));
#2970=CARTESIAN_POINT('',(-0.0607652180396525,-0.0246285865738027,0.21725));
#2971=CARTESIAN_POINT('',(-0.0626187598823211,-0.0253798406170374,0.225));
#2972=CARTESIAN_POINT('',(0.,4.59242549680257E-18,0.225));
#2973=CARTESIAN_POINT('',(0.,4.59242549680257E-18,0.2245));
#2974=CARTESIAN_POINT('',(0.,4.59242549680257E-18,0.2245));
#2975=CARTESIAN_POINT('',(0.0253798406028769,-0.0626187598880605,0.2245));
#2976=CARTESIAN_POINT('',(-0.0253798406311977,-0.0626187598765819,0.2245));
#2977=CARTESIAN_POINT('',(0.0246285865600613,-0.060765218045222,0.2245));
#2978=CARTESIAN_POINT('',(-0.0246285865875439,-0.0607652180340831,0.2245));
#2979=CARTESIAN_POINT('',(-0.0246285865875438,-0.0607652180340831,0.21725));
#2980=CARTESIAN_POINT('',(-0.0253798406311977,-0.0626187598765819,0.225));
#2981=CARTESIAN_POINT('',(0.0246285865600613,-0.060765218045222,0.21725));
#2982=CARTESIAN_POINT('',(0.0253798406028769,-0.0626187598880605,0.225));
#2983=CARTESIAN_POINT('',(0.,4.59242549680257E-18,0.225));
#2984=MECHANICAL_DESIGN_GEOMETRIC_PRESENTATION_REPRESENTATION('',(#1789),
#2985);
#2985=(
GEOMETRIC_REPRESENTATION_CONTEXT(3)
GLOBAL_UNCERTAINTY_ASSIGNED_CONTEXT((#2986))
GLOBAL_UNIT_ASSIGNED_CONTEXT((#2989,#2988,#2987))
REPRESENTATION_CONTEXT('stage_7','TOP_LEVEL_ASSEMBLY_PART')
);
#2986=UNCERTAINTY_MEASURE_WITH_UNIT(LENGTH_MEASURE(1.E-8),#2989,
'DISTANCE_ACCURACY_VALUE','Maximum Tolerance applied to model');
#2987=(
NAMED_UNIT(*)
SI_UNIT($,.STERADIAN.)
SOLID_ANGLE_UNIT()
);
#2988=(
NAMED_UNIT(*)
PLANE_ANGLE_UNIT()
SI_UNIT($,.RADIAN.)
);
#2989=(
LENGTH_UNIT()
NAMED_UNIT(*)
SI_UNIT($,.METRE.)
);
#2990=PRODUCT_DEFINITION_SHAPE('','',#2991);
#2991=PRODUCT_DEFINITION('','',#2993,#2992);
#2992=PRODUCT_DEFINITION_CONTEXT('',#2999,'design');
#2993=PRODUCT_DEFINITION_FORMATION_WITH_SPECIFIED_SOURCE('','',#2995,
 .NOT_KNOWN.);
#2994=PRODUCT_RELATED_PRODUCT_CATEGORY('','',(#2995));
#2995=PRODUCT('stage_7','stage_7','stage_7',(#2997));
#2996=PRODUCT_CATEGORY('','');
#2997=PRODUCT_CONTEXT('',#2999,'mechanical');
#2998=APPLICATION_PROTOCOL_DEFINITION('international standard',
'ap242_managed_model_based_3d_engineering',2020,#2999);
#2999=APPLICATION_CONTEXT('managed model based 3d engineering');
ENDSEC;
END-ISO-10303-21;
