ISO-10303-21;
HEADER;
/* Generated by software containing ST-Developer
 * from STEP Tools, Inc. (www.steptools.com) 
 */
/* OPTION: using custom renumber hook */

FILE_DESCRIPTION(
/* description */ ('STEP AP242 Edition 2',
'CAx-IF Rec.Pracs.---Representation and Presentation of Product Manufa
cturing Information (PMI)---4.0---2014-10-13',
'CAx-IF Rec.Pracs.---3D Tessellated Geometry---0.4---2014-09-14','2;1',
'CAx-IF Rec.Pracs.---User Defined Attributes---1.5---2016-08-15'),
/* implementation_level */ '2;1');

FILE_NAME(
/* name */ 'Dice_Tower - stage_4',
/* time_stamp */ '2026-01-17T20:47:06Z',
/* author */ (''),
/* organization */ (''),
/* preprocessor_version */ 'ST-DEVELOPER v20',
/* originating_system */ 'ONSHAPE BY PTC INC, 1.209',
/* authorisation */ '  ');

FILE_SCHEMA (('AP242_MANAGED_MODEL_BASED_3D_ENGINEERING_MIM_LF { 1 0 10303 442 3 1 4 }'));
ENDSEC;

DATA;
#10=SHAPE_REPRESENTATION_RELATIONSHIP('','',#2722,#11);
#11=ADVANCED_BREP_SHAPE_REPRESENTATION('',(#2720),#4516);
#12=CYLINDRICAL_SURFACE('',#2848,0.0477832998645263);
#13=CYLINDRICAL_SURFACE('',#2855,0.0477832998645263);
#14=CYLINDRICAL_SURFACE('',#2942,0.0530312441666581);
#15=CYLINDRICAL_SURFACE('',#2943,0.0530312441666581);
#16=CYLINDRICAL_SURFACE('',#2944,0.0530312441666582);
#17=CYLINDRICAL_SURFACE('',#2945,0.0530312441666582);
#18=CYLINDRICAL_SURFACE('',#2946,0.0530312441666581);
#19=CYLINDRICAL_SURFACE('',#2947,0.0530312441666582);
#20=CYLINDRICAL_SURFACE('',#2948,0.0530312441666582);
#21=CYLINDRICAL_SURFACE('',#2949,0.0530312441666582);
#22=CYLINDRICAL_SURFACE('',#2950,0.0530312441666583);
#23=CYLINDRICAL_SURFACE('',#2951,0.053031244166658);
#24=CYLINDRICAL_SURFACE('',#2956,0.0433541248306579);
#25=ELLIPSE('',#2830,0.054321202020226,0.0477832998645263);
#26=ELLIPSE('',#2831,0.054321202020226,0.0477832998645263);
#27=CONICAL_SURFACE('',#2787,0.0515332998645263,0.0523598775598298);
#28=CONICAL_SURFACE('',#2841,0.0530312441666582,0.0523598775598298);
#29=CONICAL_SURFACE('',#2847,0.0530312441666582,0.0523598775598298);
#30=CONICAL_SURFACE('',#2854,0.0530312441666582,0.0523598775598298);
#31=CONICAL_SURFACE('',#2861,0.0530312441666582,0.0523598775598298);
#32=CONICAL_SURFACE('',#2866,0.0530312441666582,0.0523598775598298);
#33=CONICAL_SURFACE('',#2870,0.0530312441666582,0.0523598775598298);
#34=CONICAL_SURFACE('',#2875,0.0530312441666582,0.0523598775598298);
#35=CONICAL_SURFACE('',#2880,0.0530312441666582,0.0523598775598298);
#36=CONICAL_SURFACE('',#2886,0.0530312441666582,0.0523598775598298);
#37=CONICAL_SURFACE('',#2891,0.0530312441666582,0.0523598775598298);
#38=CONICAL_SURFACE('',#2896,0.0530312441666582,0.0523598775598298);
#39=CONICAL_SURFACE('',#2901,0.0530312441666582,0.0523598775598298);
#40=CONICAL_SURFACE('',#2906,0.0530312441666582,0.0523598775598298);
#41=CONICAL_SURFACE('',#2911,0.0530312441666582,0.0523598775598298);
#42=CONICAL_SURFACE('',#2915,0.0530312441666582,0.0523598775598298);
#43=CONICAL_SURFACE('',#2920,0.0530312441666582,0.0523598775598298);
#44=CONICAL_SURFACE('',#2925,0.0530312441666582,0.0523598775598298);
#45=CONICAL_SURFACE('',#2930,0.0530312441666582,0.0523598775598298);
#46=CONICAL_SURFACE('',#2935,0.0530312441666582,0.0523598775598298);
#47=CONICAL_SURFACE('',#2940,0.0530312441666582,0.0523598775598298);
#48=CIRCLE('',#2725,0.0530312441666582);
#49=CIRCLE('',#2726,0.0515332998645263);
#50=CIRCLE('',#2727,0.0530312441666583);
#51=CIRCLE('',#2728,0.0515332998645263);
#52=CIRCLE('',#2729,0.0530312441666582);
#53=CIRCLE('',#2730,0.0515332998645263);
#54=CIRCLE('',#2731,0.053031244166658);
#55=CIRCLE('',#2732,0.0515332998645263);
#56=CIRCLE('',#2733,0.0530312441666582);
#57=CIRCLE('',#2734,0.0515332998645263);
#58=CIRCLE('',#2735,0.0530312441666582);
#59=CIRCLE('',#2736,0.0515332998645263);
#60=CIRCLE('',#2737,0.0530312441666581);
#61=CIRCLE('',#2738,0.0515332998645263);
#62=CIRCLE('',#2739,0.0530312441666582);
#63=CIRCLE('',#2740,0.0515332998645263);
#64=CIRCLE('',#2741,0.0530312441666581);
#65=CIRCLE('',#2742,0.0515332998645263);
#66=CIRCLE('',#2743,0.0530312441666581);
#67=CIRCLE('',#2744,0.0515332998645263);
#68=CIRCLE('',#2745,0.0433541248306579);
#69=CIRCLE('',#2747,0.0503541248306579);
#70=CIRCLE('',#2748,0.0518561833496548);
#71=CIRCLE('',#2749,0.0503541248306579);
#72=CIRCLE('',#2750,0.0518561833496548);
#73=CIRCLE('',#2751,0.0503541248306579);
#74=CIRCLE('',#2752,0.0518561833496548);
#75=CIRCLE('',#2753,0.0503541248306579);
#76=CIRCLE('',#2754,0.0518561833496548);
#77=CIRCLE('',#2755,0.0503541248306579);
#78=CIRCLE('',#2756,0.0518561833496548);
#79=CIRCLE('',#2757,0.0503541248306579);
#80=CIRCLE('',#2758,0.0518561833496548);
#81=CIRCLE('',#2759,0.0503541248306579);
#82=CIRCLE('',#2760,0.0518561833496548);
#83=CIRCLE('',#2761,0.0503541248306579);
#84=CIRCLE('',#2762,0.0518561833496548);
#85=CIRCLE('',#2763,0.0503541248306579);
#86=CIRCLE('',#2764,0.0518561833496548);
#87=CIRCLE('',#2765,0.0503541248306579);
#88=CIRCLE('',#2766,0.0518561833496548);
#89=CIRCLE('',#2767,0.0477832998645263);
#90=CIRCLE('',#2768,0.0477832998645263);
#91=CIRCLE('',#2769,0.0433541248306579);
#92=CIRCLE('',#2788,0.0509240594303609);
#93=CIRCLE('',#2789,0.0509240594303609);
#94=CIRCLE('',#2790,0.0509240594303609);
#95=CIRCLE('',#2791,0.0509240594303609);
#96=CIRCLE('',#2792,0.0509240594303609);
#97=CIRCLE('',#2793,0.0509240594303609);
#98=CIRCLE('',#2794,0.0509240594303609);
#99=CIRCLE('',#2795,0.0509240594303609);
#100=CIRCLE('',#2796,0.0509240594303609);
#101=CIRCLE('',#2797,0.0509240594303609);
#102=CIRCLE('',#2798,0.0509633652648232);
#103=CIRCLE('',#2799,0.0509633652648232);
#104=CIRCLE('',#2800,0.0509633652648232);
#105=CIRCLE('',#2801,0.0509633652648232);
#106=CIRCLE('',#2802,0.0509633652648232);
#107=CIRCLE('',#2803,0.0509633652648232);
#108=CIRCLE('',#2804,0.0509633652648232);
#109=CIRCLE('',#2805,0.0509633652648232);
#110=CIRCLE('',#2806,0.0509633652648232);
#111=CIRCLE('',#2807,0.0509633652648232);
#112=CIRCLE('',#2840,0.0524654237838201);
#113=CIRCLE('',#2842,0.0530312441666582);
#114=CIRCLE('',#2846,0.0524261179493578);
#115=CIRCLE('',#2853,0.0524261179493578);
#116=CIRCLE('',#2860,0.0524261179493578);
#117=CIRCLE('',#2865,0.0524261179493578);
#118=CIRCLE('',#2869,0.0524654237838201);
#119=CIRCLE('',#2871,0.0530312441666582);
#120=CIRCLE('',#2874,0.0524654237838201);
#121=CIRCLE('',#2876,0.0530312441666582);
#122=CIRCLE('',#2879,0.0524654237838201);
#123=CIRCLE('',#2881,0.0530312441666582);
#124=CIRCLE('',#2885,0.0524261179493578);
#125=CIRCLE('',#2890,0.0524261179493578);
#126=CIRCLE('',#2895,0.0524261179493578);
#127=CIRCLE('',#2900,0.0524261179493578);
#128=CIRCLE('',#2905,0.0524261179493578);
#129=CIRCLE('',#2910,0.0524261179493578);
#130=CIRCLE('',#2914,0.0524654237838201);
#131=CIRCLE('',#2916,0.0530312441666582);
#132=CIRCLE('',#2919,0.0524654237838201);
#133=CIRCLE('',#2921,0.0530312441666582);
#134=CIRCLE('',#2924,0.0524654237838201);
#135=CIRCLE('',#2926,0.0530312441666582);
#136=CIRCLE('',#2929,0.0524654237838201);
#137=CIRCLE('',#2931,0.0530312441666582);
#138=CIRCLE('',#2934,0.0524654237838201);
#139=CIRCLE('',#2936,0.0530312441666582);
#140=CIRCLE('',#2939,0.0524654237838201);
#141=CIRCLE('',#2941,0.0530312441666582);
#142=ORIENTED_EDGE('',*,*,#928,.T.);
#143=ORIENTED_EDGE('',*,*,#929,.T.);
#144=ORIENTED_EDGE('',*,*,#930,.F.);
#145=ORIENTED_EDGE('',*,*,#931,.F.);
#146=ORIENTED_EDGE('',*,*,#932,.T.);
#147=ORIENTED_EDGE('',*,*,#933,.T.);
#148=ORIENTED_EDGE('',*,*,#934,.F.);
#149=ORIENTED_EDGE('',*,*,#935,.F.);
#150=ORIENTED_EDGE('',*,*,#936,.T.);
#151=ORIENTED_EDGE('',*,*,#937,.T.);
#152=ORIENTED_EDGE('',*,*,#938,.F.);
#153=ORIENTED_EDGE('',*,*,#939,.F.);
#154=ORIENTED_EDGE('',*,*,#940,.T.);
#155=ORIENTED_EDGE('',*,*,#941,.T.);
#156=ORIENTED_EDGE('',*,*,#942,.F.);
#157=ORIENTED_EDGE('',*,*,#943,.F.);
#158=ORIENTED_EDGE('',*,*,#944,.T.);
#159=ORIENTED_EDGE('',*,*,#945,.T.);
#160=ORIENTED_EDGE('',*,*,#946,.F.);
#161=ORIENTED_EDGE('',*,*,#947,.F.);
#162=ORIENTED_EDGE('',*,*,#948,.T.);
#163=ORIENTED_EDGE('',*,*,#949,.T.);
#164=ORIENTED_EDGE('',*,*,#950,.F.);
#165=ORIENTED_EDGE('',*,*,#951,.F.);
#166=ORIENTED_EDGE('',*,*,#952,.T.);
#167=ORIENTED_EDGE('',*,*,#953,.T.);
#168=ORIENTED_EDGE('',*,*,#954,.F.);
#169=ORIENTED_EDGE('',*,*,#955,.F.);
#170=ORIENTED_EDGE('',*,*,#956,.T.);
#171=ORIENTED_EDGE('',*,*,#957,.T.);
#172=ORIENTED_EDGE('',*,*,#958,.F.);
#173=ORIENTED_EDGE('',*,*,#959,.F.);
#174=ORIENTED_EDGE('',*,*,#960,.T.);
#175=ORIENTED_EDGE('',*,*,#961,.T.);
#176=ORIENTED_EDGE('',*,*,#962,.F.);
#177=ORIENTED_EDGE('',*,*,#963,.F.);
#178=ORIENTED_EDGE('',*,*,#964,.T.);
#179=ORIENTED_EDGE('',*,*,#965,.T.);
#180=ORIENTED_EDGE('',*,*,#966,.F.);
#181=ORIENTED_EDGE('',*,*,#967,.F.);
#182=ORIENTED_EDGE('',*,*,#968,.T.);
#183=ORIENTED_EDGE('',*,*,#969,.T.);
#184=ORIENTED_EDGE('',*,*,#970,.T.);
#185=ORIENTED_EDGE('',*,*,#971,.F.);
#186=ORIENTED_EDGE('',*,*,#972,.T.);
#187=ORIENTED_EDGE('',*,*,#973,.F.);
#188=ORIENTED_EDGE('',*,*,#974,.F.);
#189=ORIENTED_EDGE('',*,*,#975,.F.);
#190=ORIENTED_EDGE('',*,*,#976,.F.);
#191=ORIENTED_EDGE('',*,*,#977,.T.);
#192=ORIENTED_EDGE('',*,*,#978,.T.);
#193=ORIENTED_EDGE('',*,*,#979,.T.);
#194=ORIENTED_EDGE('',*,*,#980,.T.);
#195=ORIENTED_EDGE('',*,*,#981,.T.);
#196=ORIENTED_EDGE('',*,*,#982,.T.);
#197=ORIENTED_EDGE('',*,*,#983,.T.);
#198=ORIENTED_EDGE('',*,*,#984,.F.);
#199=ORIENTED_EDGE('',*,*,#985,.F.);
#200=ORIENTED_EDGE('',*,*,#986,.T.);
#201=ORIENTED_EDGE('',*,*,#987,.T.);
#202=ORIENTED_EDGE('',*,*,#988,.F.);
#203=ORIENTED_EDGE('',*,*,#989,.F.);
#204=ORIENTED_EDGE('',*,*,#990,.T.);
#205=ORIENTED_EDGE('',*,*,#991,.T.);
#206=ORIENTED_EDGE('',*,*,#992,.F.);
#207=ORIENTED_EDGE('',*,*,#993,.F.);
#208=ORIENTED_EDGE('',*,*,#994,.T.);
#209=ORIENTED_EDGE('',*,*,#995,.T.);
#210=ORIENTED_EDGE('',*,*,#996,.F.);
#211=ORIENTED_EDGE('',*,*,#997,.F.);
#212=ORIENTED_EDGE('',*,*,#998,.T.);
#213=ORIENTED_EDGE('',*,*,#999,.T.);
#214=ORIENTED_EDGE('',*,*,#1000,.F.);
#215=ORIENTED_EDGE('',*,*,#1001,.F.);
#216=ORIENTED_EDGE('',*,*,#1002,.T.);
#217=ORIENTED_EDGE('',*,*,#1003,.T.);
#218=ORIENTED_EDGE('',*,*,#1004,.F.);
#219=ORIENTED_EDGE('',*,*,#1005,.F.);
#220=ORIENTED_EDGE('',*,*,#1006,.T.);
#221=ORIENTED_EDGE('',*,*,#1007,.T.);
#222=ORIENTED_EDGE('',*,*,#1008,.F.);
#223=ORIENTED_EDGE('',*,*,#1009,.F.);
#224=ORIENTED_EDGE('',*,*,#1010,.T.);
#225=ORIENTED_EDGE('',*,*,#1011,.T.);
#226=ORIENTED_EDGE('',*,*,#1012,.F.);
#227=ORIENTED_EDGE('',*,*,#1013,.F.);
#228=ORIENTED_EDGE('',*,*,#1014,.T.);
#229=ORIENTED_EDGE('',*,*,#1015,.T.);
#230=ORIENTED_EDGE('',*,*,#1016,.F.);
#231=ORIENTED_EDGE('',*,*,#1017,.F.);
#232=ORIENTED_EDGE('',*,*,#1018,.T.);
#233=ORIENTED_EDGE('',*,*,#1019,.T.);
#234=ORIENTED_EDGE('',*,*,#1020,.F.);
#235=ORIENTED_EDGE('',*,*,#1021,.F.);
#236=ORIENTED_EDGE('',*,*,#1022,.T.);
#237=ORIENTED_EDGE('',*,*,#1023,.F.);
#238=ORIENTED_EDGE('',*,*,#1024,.F.);
#239=ORIENTED_EDGE('',*,*,#1025,.T.);
#240=ORIENTED_EDGE('',*,*,#1026,.T.);
#241=ORIENTED_EDGE('',*,*,#1027,.T.);
#242=ORIENTED_EDGE('',*,*,#1028,.T.);
#243=ORIENTED_EDGE('',*,*,#1029,.T.);
#244=ORIENTED_EDGE('',*,*,#1030,.T.);
#245=ORIENTED_EDGE('',*,*,#1031,.F.);
#246=ORIENTED_EDGE('',*,*,#1032,.F.);
#247=ORIENTED_EDGE('',*,*,#1033,.F.);
#248=ORIENTED_EDGE('',*,*,#1034,.T.);
#249=ORIENTED_EDGE('',*,*,#1035,.F.);
#250=ORIENTED_EDGE('',*,*,#1036,.F.);
#251=ORIENTED_EDGE('',*,*,#1037,.F.);
#252=ORIENTED_EDGE('',*,*,#1038,.F.);
#253=ORIENTED_EDGE('',*,*,#1039,.F.);
#254=ORIENTED_EDGE('',*,*,#1040,.T.);
#255=ORIENTED_EDGE('',*,*,#1041,.T.);
#256=ORIENTED_EDGE('',*,*,#1042,.T.);
#257=ORIENTED_EDGE('',*,*,#1043,.T.);
#258=ORIENTED_EDGE('',*,*,#1044,.T.);
#259=ORIENTED_EDGE('',*,*,#1045,.T.);
#260=ORIENTED_EDGE('',*,*,#1046,.T.);
#261=ORIENTED_EDGE('',*,*,#1047,.T.);
#262=ORIENTED_EDGE('',*,*,#1048,.T.);
#263=ORIENTED_EDGE('',*,*,#1049,.T.);
#264=ORIENTED_EDGE('',*,*,#1050,.T.);
#265=ORIENTED_EDGE('',*,*,#1051,.T.);
#266=ORIENTED_EDGE('',*,*,#1052,.T.);
#267=ORIENTED_EDGE('',*,*,#1053,.T.);
#268=ORIENTED_EDGE('',*,*,#1054,.T.);
#269=ORIENTED_EDGE('',*,*,#1055,.T.);
#270=ORIENTED_EDGE('',*,*,#1056,.T.);
#271=ORIENTED_EDGE('',*,*,#1057,.T.);
#272=ORIENTED_EDGE('',*,*,#1058,.T.);
#273=ORIENTED_EDGE('',*,*,#1059,.T.);
#274=ORIENTED_EDGE('',*,*,#1060,.T.);
#275=ORIENTED_EDGE('',*,*,#1061,.T.);
#276=ORIENTED_EDGE('',*,*,#1062,.T.);
#277=ORIENTED_EDGE('',*,*,#1063,.T.);
#278=ORIENTED_EDGE('',*,*,#1064,.F.);
#279=ORIENTED_EDGE('',*,*,#1065,.T.);
#280=ORIENTED_EDGE('',*,*,#940,.F.);
#281=ORIENTED_EDGE('',*,*,#1066,.F.);
#282=ORIENTED_EDGE('',*,*,#1067,.T.);
#283=ORIENTED_EDGE('',*,*,#1068,.F.);
#284=ORIENTED_EDGE('',*,*,#1069,.T.);
#285=ORIENTED_EDGE('',*,*,#932,.F.);
#286=ORIENTED_EDGE('',*,*,#1070,.F.);
#287=ORIENTED_EDGE('',*,*,#1071,.T.);
#288=ORIENTED_EDGE('',*,*,#1072,.F.);
#289=ORIENTED_EDGE('',*,*,#1073,.T.);
#290=ORIENTED_EDGE('',*,*,#928,.F.);
#291=ORIENTED_EDGE('',*,*,#1074,.F.);
#292=ORIENTED_EDGE('',*,*,#1075,.T.);
#293=ORIENTED_EDGE('',*,*,#1076,.F.);
#294=ORIENTED_EDGE('',*,*,#1077,.T.);
#295=ORIENTED_EDGE('',*,*,#936,.F.);
#296=ORIENTED_EDGE('',*,*,#1078,.F.);
#297=ORIENTED_EDGE('',*,*,#1079,.T.);
#298=ORIENTED_EDGE('',*,*,#1080,.F.);
#299=ORIENTED_EDGE('',*,*,#1081,.T.);
#300=ORIENTED_EDGE('',*,*,#956,.F.);
#301=ORIENTED_EDGE('',*,*,#1082,.F.);
#302=ORIENTED_EDGE('',*,*,#1083,.T.);
#303=ORIENTED_EDGE('',*,*,#1084,.F.);
#304=ORIENTED_EDGE('',*,*,#1085,.T.);
#305=ORIENTED_EDGE('',*,*,#952,.F.);
#306=ORIENTED_EDGE('',*,*,#1086,.F.);
#307=ORIENTED_EDGE('',*,*,#1087,.T.);
#308=ORIENTED_EDGE('',*,*,#1088,.F.);
#309=ORIENTED_EDGE('',*,*,#1089,.T.);
#310=ORIENTED_EDGE('',*,*,#948,.F.);
#311=ORIENTED_EDGE('',*,*,#1090,.F.);
#312=ORIENTED_EDGE('',*,*,#1091,.T.);
#313=ORIENTED_EDGE('',*,*,#1092,.F.);
#314=ORIENTED_EDGE('',*,*,#1093,.T.);
#315=ORIENTED_EDGE('',*,*,#944,.F.);
#316=ORIENTED_EDGE('',*,*,#1094,.F.);
#317=ORIENTED_EDGE('',*,*,#1095,.T.);
#318=ORIENTED_EDGE('',*,*,#1096,.F.);
#319=ORIENTED_EDGE('',*,*,#1097,.T.);
#320=ORIENTED_EDGE('',*,*,#964,.F.);
#321=ORIENTED_EDGE('',*,*,#1098,.F.);
#322=ORIENTED_EDGE('',*,*,#1099,.T.);
#323=ORIENTED_EDGE('',*,*,#1100,.F.);
#324=ORIENTED_EDGE('',*,*,#1101,.T.);
#325=ORIENTED_EDGE('',*,*,#960,.F.);
#326=ORIENTED_EDGE('',*,*,#1102,.F.);
#327=ORIENTED_EDGE('',*,*,#1103,.T.);
#328=ORIENTED_EDGE('',*,*,#1104,.F.);
#329=ORIENTED_EDGE('',*,*,#1105,.F.);
#330=ORIENTED_EDGE('',*,*,#972,.F.);
#331=ORIENTED_EDGE('',*,*,#1106,.F.);
#332=ORIENTED_EDGE('',*,*,#1025,.F.);
#333=ORIENTED_EDGE('',*,*,#1107,.T.);
#334=ORIENTED_EDGE('',*,*,#1108,.F.);
#335=ORIENTED_EDGE('',*,*,#1109,.T.);
#336=ORIENTED_EDGE('',*,*,#1110,.T.);
#337=ORIENTED_EDGE('',*,*,#1055,.F.);
#338=ORIENTED_EDGE('',*,*,#1111,.F.);
#339=ORIENTED_EDGE('',*,*,#1112,.T.);
#340=ORIENTED_EDGE('',*,*,#1108,.T.);
#341=ORIENTED_EDGE('',*,*,#1058,.F.);
#342=ORIENTED_EDGE('',*,*,#1110,.F.);
#343=ORIENTED_EDGE('',*,*,#1113,.T.);
#344=ORIENTED_EDGE('',*,*,#1114,.T.);
#345=ORIENTED_EDGE('',*,*,#1056,.F.);
#346=ORIENTED_EDGE('',*,*,#1114,.F.);
#347=ORIENTED_EDGE('',*,*,#1115,.T.);
#348=ORIENTED_EDGE('',*,*,#1111,.T.);
#349=ORIENTED_EDGE('',*,*,#1057,.F.);
#350=ORIENTED_EDGE('',*,*,#1116,.T.);
#351=ORIENTED_EDGE('',*,*,#968,.F.);
#352=ORIENTED_EDGE('',*,*,#1105,.T.);
#353=ORIENTED_EDGE('',*,*,#1117,.T.);
#354=ORIENTED_EDGE('',*,*,#1118,.T.);
#355=ORIENTED_EDGE('',*,*,#1029,.F.);
#356=ORIENTED_EDGE('',*,*,#1119,.T.);
#357=ORIENTED_EDGE('',*,*,#970,.F.);
#358=ORIENTED_EDGE('',*,*,#1120,.T.);
#359=ORIENTED_EDGE('',*,*,#1027,.F.);
#360=ORIENTED_EDGE('',*,*,#986,.F.);
#361=ORIENTED_EDGE('',*,*,#1121,.T.);
#362=ORIENTED_EDGE('',*,*,#1122,.T.);
#363=ORIENTED_EDGE('',*,*,#1123,.T.);
#364=ORIENTED_EDGE('',*,*,#982,.F.);
#365=ORIENTED_EDGE('',*,*,#1124,.T.);
#366=ORIENTED_EDGE('',*,*,#1125,.T.);
#367=ORIENTED_EDGE('',*,*,#1126,.T.);
#368=ORIENTED_EDGE('',*,*,#1018,.F.);
#369=ORIENTED_EDGE('',*,*,#1127,.T.);
#370=ORIENTED_EDGE('',*,*,#1128,.T.);
#371=ORIENTED_EDGE('',*,*,#1129,.T.);
#372=ORIENTED_EDGE('',*,*,#1014,.F.);
#373=ORIENTED_EDGE('',*,*,#1130,.T.);
#374=ORIENTED_EDGE('',*,*,#1131,.T.);
#375=ORIENTED_EDGE('',*,*,#1132,.T.);
#376=ORIENTED_EDGE('',*,*,#1010,.F.);
#377=ORIENTED_EDGE('',*,*,#1133,.T.);
#378=ORIENTED_EDGE('',*,*,#1134,.T.);
#379=ORIENTED_EDGE('',*,*,#1135,.T.);
#380=ORIENTED_EDGE('',*,*,#1006,.F.);
#381=ORIENTED_EDGE('',*,*,#1136,.T.);
#382=ORIENTED_EDGE('',*,*,#1137,.T.);
#383=ORIENTED_EDGE('',*,*,#1138,.T.);
#384=ORIENTED_EDGE('',*,*,#1002,.F.);
#385=ORIENTED_EDGE('',*,*,#1139,.T.);
#386=ORIENTED_EDGE('',*,*,#1140,.T.);
#387=ORIENTED_EDGE('',*,*,#1141,.T.);
#388=ORIENTED_EDGE('',*,*,#998,.F.);
#389=ORIENTED_EDGE('',*,*,#1142,.T.);
#390=ORIENTED_EDGE('',*,*,#1143,.T.);
#391=ORIENTED_EDGE('',*,*,#1144,.T.);
#392=ORIENTED_EDGE('',*,*,#994,.F.);
#393=ORIENTED_EDGE('',*,*,#1145,.T.);
#394=ORIENTED_EDGE('',*,*,#1146,.T.);
#395=ORIENTED_EDGE('',*,*,#1147,.T.);
#396=ORIENTED_EDGE('',*,*,#990,.F.);
#397=ORIENTED_EDGE('',*,*,#1148,.T.);
#398=ORIENTED_EDGE('',*,*,#1149,.T.);
#399=ORIENTED_EDGE('',*,*,#1150,.T.);
#400=ORIENTED_EDGE('',*,*,#1151,.T.);
#401=ORIENTED_EDGE('',*,*,#1102,.T.);
#402=ORIENTED_EDGE('',*,*,#959,.T.);
#403=ORIENTED_EDGE('',*,*,#1152,.T.);
#404=ORIENTED_EDGE('',*,*,#1153,.T.);
#405=ORIENTED_EDGE('',*,*,#1082,.T.);
#406=ORIENTED_EDGE('',*,*,#955,.T.);
#407=ORIENTED_EDGE('',*,*,#1154,.T.);
#408=ORIENTED_EDGE('',*,*,#1155,.T.);
#409=ORIENTED_EDGE('',*,*,#1086,.T.);
#410=ORIENTED_EDGE('',*,*,#951,.T.);
#411=ORIENTED_EDGE('',*,*,#1156,.T.);
#412=ORIENTED_EDGE('',*,*,#1157,.T.);
#413=ORIENTED_EDGE('',*,*,#1090,.T.);
#414=ORIENTED_EDGE('',*,*,#947,.T.);
#415=ORIENTED_EDGE('',*,*,#1158,.T.);
#416=ORIENTED_EDGE('',*,*,#1159,.T.);
#417=ORIENTED_EDGE('',*,*,#1094,.T.);
#418=ORIENTED_EDGE('',*,*,#943,.T.);
#419=ORIENTED_EDGE('',*,*,#1160,.T.);
#420=ORIENTED_EDGE('',*,*,#1161,.T.);
#421=ORIENTED_EDGE('',*,*,#1066,.T.);
#422=ORIENTED_EDGE('',*,*,#939,.T.);
#423=ORIENTED_EDGE('',*,*,#1162,.T.);
#424=ORIENTED_EDGE('',*,*,#1163,.T.);
#425=ORIENTED_EDGE('',*,*,#1078,.T.);
#426=ORIENTED_EDGE('',*,*,#935,.T.);
#427=ORIENTED_EDGE('',*,*,#1164,.T.);
#428=ORIENTED_EDGE('',*,*,#1165,.T.);
#429=ORIENTED_EDGE('',*,*,#1070,.T.);
#430=ORIENTED_EDGE('',*,*,#931,.T.);
#431=ORIENTED_EDGE('',*,*,#1166,.T.);
#432=ORIENTED_EDGE('',*,*,#1167,.T.);
#433=ORIENTED_EDGE('',*,*,#1074,.T.);
#434=ORIENTED_EDGE('',*,*,#967,.T.);
#435=ORIENTED_EDGE('',*,*,#1168,.T.);
#436=ORIENTED_EDGE('',*,*,#1169,.T.);
#437=ORIENTED_EDGE('',*,*,#1098,.T.);
#438=ORIENTED_EDGE('',*,*,#963,.T.);
#439=ORIENTED_EDGE('',*,*,#1170,.T.);
#440=ORIENTED_EDGE('',*,*,#1028,.F.);
#441=ORIENTED_EDGE('',*,*,#1120,.F.);
#442=ORIENTED_EDGE('',*,*,#969,.F.);
#443=ORIENTED_EDGE('',*,*,#1116,.F.);
#444=ORIENTED_EDGE('',*,*,#1171,.F.);
#445=ORIENTED_EDGE('',*,*,#1022,.F.);
#446=ORIENTED_EDGE('',*,*,#1172,.F.);
#447=ORIENTED_EDGE('',*,*,#1041,.F.);
#448=ORIENTED_EDGE('',*,*,#1173,.F.);
#449=ORIENTED_EDGE('',*,*,#1174,.T.);
#450=ORIENTED_EDGE('',*,*,#1175,.T.);
#451=ORIENTED_EDGE('',*,*,#1040,.F.);
#452=ORIENTED_EDGE('',*,*,#1176,.F.);
#453=ORIENTED_EDGE('',*,*,#1177,.T.);
#454=ORIENTED_EDGE('',*,*,#1173,.T.);
#455=ORIENTED_EDGE('',*,*,#1046,.F.);
#456=ORIENTED_EDGE('',*,*,#1178,.F.);
#457=ORIENTED_EDGE('',*,*,#1179,.T.);
#458=ORIENTED_EDGE('',*,*,#1176,.T.);
#459=ORIENTED_EDGE('',*,*,#1045,.F.);
#460=ORIENTED_EDGE('',*,*,#1180,.F.);
#461=ORIENTED_EDGE('',*,*,#1181,.T.);
#462=ORIENTED_EDGE('',*,*,#1178,.T.);
#463=ORIENTED_EDGE('',*,*,#1044,.F.);
#464=ORIENTED_EDGE('',*,*,#1182,.F.);
#465=ORIENTED_EDGE('',*,*,#1183,.T.);
#466=ORIENTED_EDGE('',*,*,#1180,.T.);
#467=ORIENTED_EDGE('',*,*,#1043,.F.);
#468=ORIENTED_EDGE('',*,*,#1184,.F.);
#469=ORIENTED_EDGE('',*,*,#1185,.T.);
#470=ORIENTED_EDGE('',*,*,#1182,.T.);
#471=ORIENTED_EDGE('',*,*,#1042,.F.);
#472=ORIENTED_EDGE('',*,*,#1175,.F.);
#473=ORIENTED_EDGE('',*,*,#1186,.T.);
#474=ORIENTED_EDGE('',*,*,#1184,.T.);
#475=ORIENTED_EDGE('',*,*,#1174,.F.);
#476=ORIENTED_EDGE('',*,*,#1177,.F.);
#477=ORIENTED_EDGE('',*,*,#1179,.F.);
#478=ORIENTED_EDGE('',*,*,#1181,.F.);
#479=ORIENTED_EDGE('',*,*,#1183,.F.);
#480=ORIENTED_EDGE('',*,*,#1185,.F.);
#481=ORIENTED_EDGE('',*,*,#1186,.F.);
#482=ORIENTED_EDGE('',*,*,#1048,.F.);
#483=ORIENTED_EDGE('',*,*,#1187,.F.);
#484=ORIENTED_EDGE('',*,*,#1188,.T.);
#485=ORIENTED_EDGE('',*,*,#1189,.T.);
#486=ORIENTED_EDGE('',*,*,#1047,.F.);
#487=ORIENTED_EDGE('',*,*,#1190,.F.);
#488=ORIENTED_EDGE('',*,*,#1191,.T.);
#489=ORIENTED_EDGE('',*,*,#1187,.T.);
#490=ORIENTED_EDGE('',*,*,#1054,.F.);
#491=ORIENTED_EDGE('',*,*,#1192,.F.);
#492=ORIENTED_EDGE('',*,*,#1193,.T.);
#493=ORIENTED_EDGE('',*,*,#1190,.T.);
#494=ORIENTED_EDGE('',*,*,#1053,.F.);
#495=ORIENTED_EDGE('',*,*,#1194,.F.);
#496=ORIENTED_EDGE('',*,*,#1195,.T.);
#497=ORIENTED_EDGE('',*,*,#1192,.T.);
#498=ORIENTED_EDGE('',*,*,#1052,.F.);
#499=ORIENTED_EDGE('',*,*,#1196,.F.);
#500=ORIENTED_EDGE('',*,*,#1197,.T.);
#501=ORIENTED_EDGE('',*,*,#1194,.T.);
#502=ORIENTED_EDGE('',*,*,#1051,.F.);
#503=ORIENTED_EDGE('',*,*,#1198,.F.);
#504=ORIENTED_EDGE('',*,*,#1199,.T.);
#505=ORIENTED_EDGE('',*,*,#1196,.T.);
#506=ORIENTED_EDGE('',*,*,#1050,.F.);
#507=ORIENTED_EDGE('',*,*,#1200,.F.);
#508=ORIENTED_EDGE('',*,*,#1201,.T.);
#509=ORIENTED_EDGE('',*,*,#1198,.T.);
#510=ORIENTED_EDGE('',*,*,#1049,.F.);
#511=ORIENTED_EDGE('',*,*,#1189,.F.);
#512=ORIENTED_EDGE('',*,*,#1202,.T.);
#513=ORIENTED_EDGE('',*,*,#1200,.T.);
#514=ORIENTED_EDGE('',*,*,#1188,.F.);
#515=ORIENTED_EDGE('',*,*,#1191,.F.);
#516=ORIENTED_EDGE('',*,*,#1193,.F.);
#517=ORIENTED_EDGE('',*,*,#1195,.F.);
#518=ORIENTED_EDGE('',*,*,#1197,.F.);
#519=ORIENTED_EDGE('',*,*,#1199,.F.);
#520=ORIENTED_EDGE('',*,*,#1201,.F.);
#521=ORIENTED_EDGE('',*,*,#1202,.F.);
#522=ORIENTED_EDGE('',*,*,#1106,.T.);
#523=ORIENTED_EDGE('',*,*,#971,.T.);
#524=ORIENTED_EDGE('',*,*,#1119,.F.);
#525=ORIENTED_EDGE('',*,*,#1026,.F.);
#526=ORIENTED_EDGE('',*,*,#1203,.T.);
#527=ORIENTED_EDGE('',*,*,#1204,.F.);
#528=ORIENTED_EDGE('',*,*,#1030,.F.);
#529=ORIENTED_EDGE('',*,*,#1118,.F.);
#530=ORIENTED_EDGE('',*,*,#1205,.F.);
#531=ORIENTED_EDGE('',*,*,#1172,.T.);
#532=ORIENTED_EDGE('',*,*,#1035,.T.);
#533=ORIENTED_EDGE('',*,*,#1206,.F.);
#534=ORIENTED_EDGE('',*,*,#1207,.T.);
#535=ORIENTED_EDGE('',*,*,#1032,.T.);
#536=ORIENTED_EDGE('',*,*,#1208,.F.);
#537=ORIENTED_EDGE('',*,*,#1203,.F.);
#538=ORIENTED_EDGE('',*,*,#1117,.F.);
#539=ORIENTED_EDGE('',*,*,#1104,.T.);
#540=ORIENTED_EDGE('',*,*,#1209,.T.);
#541=ORIENTED_EDGE('',*,*,#1031,.T.);
#542=ORIENTED_EDGE('',*,*,#1204,.T.);
#543=ORIENTED_EDGE('',*,*,#1208,.T.);
#544=ORIENTED_EDGE('',*,*,#1037,.T.);
#545=ORIENTED_EDGE('',*,*,#1210,.F.);
#546=ORIENTED_EDGE('',*,*,#973,.T.);
#547=ORIENTED_EDGE('',*,*,#1211,.T.);
#548=ORIENTED_EDGE('',*,*,#1038,.T.);
#549=ORIENTED_EDGE('',*,*,#1211,.F.);
#550=ORIENTED_EDGE('',*,*,#976,.T.);
#551=ORIENTED_EDGE('',*,*,#1212,.T.);
#552=ORIENTED_EDGE('',*,*,#1039,.T.);
#553=ORIENTED_EDGE('',*,*,#1212,.F.);
#554=ORIENTED_EDGE('',*,*,#975,.T.);
#555=ORIENTED_EDGE('',*,*,#1213,.T.);
#556=ORIENTED_EDGE('',*,*,#1036,.T.);
#557=ORIENTED_EDGE('',*,*,#1213,.F.);
#558=ORIENTED_EDGE('',*,*,#974,.T.);
#559=ORIENTED_EDGE('',*,*,#1210,.T.);
#560=ORIENTED_EDGE('',*,*,#1113,.F.);
#561=ORIENTED_EDGE('',*,*,#1109,.F.);
#562=ORIENTED_EDGE('',*,*,#1112,.F.);
#563=ORIENTED_EDGE('',*,*,#1115,.F.);
#564=ORIENTED_EDGE('',*,*,#1214,.F.);
#565=ORIENTED_EDGE('',*,*,#1215,.F.);
#566=ORIENTED_EDGE('',*,*,#1216,.F.);
#567=ORIENTED_EDGE('',*,*,#1160,.F.);
#568=ORIENTED_EDGE('',*,*,#942,.T.);
#569=ORIENTED_EDGE('',*,*,#1161,.F.);
#570=ORIENTED_EDGE('',*,*,#1216,.T.);
#571=ORIENTED_EDGE('',*,*,#1217,.F.);
#572=ORIENTED_EDGE('',*,*,#1067,.F.);
#573=ORIENTED_EDGE('',*,*,#1217,.T.);
#574=ORIENTED_EDGE('',*,*,#1215,.T.);
#575=ORIENTED_EDGE('',*,*,#1218,.T.);
#576=ORIENTED_EDGE('',*,*,#1064,.T.);
#577=ORIENTED_EDGE('',*,*,#1124,.F.);
#578=ORIENTED_EDGE('',*,*,#1021,.T.);
#579=ORIENTED_EDGE('',*,*,#1219,.F.);
#580=ORIENTED_EDGE('',*,*,#1220,.F.);
#581=ORIENTED_EDGE('',*,*,#1126,.F.);
#582=ORIENTED_EDGE('',*,*,#1221,.T.);
#583=ORIENTED_EDGE('',*,*,#1222,.F.);
#584=ORIENTED_EDGE('',*,*,#1019,.F.);
#585=ORIENTED_EDGE('',*,*,#1125,.F.);
#586=ORIENTED_EDGE('',*,*,#1220,.T.);
#587=ORIENTED_EDGE('',*,*,#1223,.F.);
#588=ORIENTED_EDGE('',*,*,#1221,.F.);
#589=ORIENTED_EDGE('',*,*,#1219,.T.);
#590=ORIENTED_EDGE('',*,*,#1020,.T.);
#591=ORIENTED_EDGE('',*,*,#1222,.T.);
#592=ORIENTED_EDGE('',*,*,#1223,.T.);
#593=ORIENTED_EDGE('',*,*,#1207,.F.);
#594=ORIENTED_EDGE('',*,*,#1224,.F.);
#595=ORIENTED_EDGE('',*,*,#1033,.T.);
#596=ORIENTED_EDGE('',*,*,#1224,.T.);
#597=ORIENTED_EDGE('',*,*,#1206,.T.);
#598=ORIENTED_EDGE('',*,*,#1034,.F.);
#599=ORIENTED_EDGE('',*,*,#1145,.F.);
#600=ORIENTED_EDGE('',*,*,#993,.T.);
#601=ORIENTED_EDGE('',*,*,#1225,.F.);
#602=ORIENTED_EDGE('',*,*,#1226,.F.);
#603=ORIENTED_EDGE('',*,*,#1147,.F.);
#604=ORIENTED_EDGE('',*,*,#1227,.T.);
#605=ORIENTED_EDGE('',*,*,#1228,.F.);
#606=ORIENTED_EDGE('',*,*,#991,.F.);
#607=ORIENTED_EDGE('',*,*,#1146,.F.);
#608=ORIENTED_EDGE('',*,*,#1226,.T.);
#609=ORIENTED_EDGE('',*,*,#1229,.F.);
#610=ORIENTED_EDGE('',*,*,#1227,.F.);
#611=ORIENTED_EDGE('',*,*,#1225,.T.);
#612=ORIENTED_EDGE('',*,*,#992,.T.);
#613=ORIENTED_EDGE('',*,*,#1228,.T.);
#614=ORIENTED_EDGE('',*,*,#1229,.T.);
#615=ORIENTED_EDGE('',*,*,#1107,.F.);
#616=ORIENTED_EDGE('',*,*,#1024,.T.);
#617=ORIENTED_EDGE('',*,*,#1230,.T.);
#618=ORIENTED_EDGE('',*,*,#1209,.F.);
#619=ORIENTED_EDGE('',*,*,#1023,.T.);
#620=ORIENTED_EDGE('',*,*,#1171,.T.);
#621=ORIENTED_EDGE('',*,*,#1205,.T.);
#622=ORIENTED_EDGE('',*,*,#1230,.F.);
#623=ORIENTED_EDGE('',*,*,#1150,.F.);
#624=ORIENTED_EDGE('',*,*,#1231,.T.);
#625=ORIENTED_EDGE('',*,*,#1232,.F.);
#626=ORIENTED_EDGE('',*,*,#987,.F.);
#627=ORIENTED_EDGE('',*,*,#1148,.F.);
#628=ORIENTED_EDGE('',*,*,#989,.T.);
#629=ORIENTED_EDGE('',*,*,#1233,.F.);
#630=ORIENTED_EDGE('',*,*,#1234,.F.);
#631=ORIENTED_EDGE('',*,*,#1149,.F.);
#632=ORIENTED_EDGE('',*,*,#1234,.T.);
#633=ORIENTED_EDGE('',*,*,#1235,.F.);
#634=ORIENTED_EDGE('',*,*,#1231,.F.);
#635=ORIENTED_EDGE('',*,*,#1233,.T.);
#636=ORIENTED_EDGE('',*,*,#988,.T.);
#637=ORIENTED_EDGE('',*,*,#1232,.T.);
#638=ORIENTED_EDGE('',*,*,#1235,.T.);
#639=ORIENTED_EDGE('',*,*,#1142,.F.);
#640=ORIENTED_EDGE('',*,*,#997,.T.);
#641=ORIENTED_EDGE('',*,*,#1236,.F.);
#642=ORIENTED_EDGE('',*,*,#1237,.F.);
#643=ORIENTED_EDGE('',*,*,#1144,.F.);
#644=ORIENTED_EDGE('',*,*,#1238,.T.);
#645=ORIENTED_EDGE('',*,*,#1239,.F.);
#646=ORIENTED_EDGE('',*,*,#995,.F.);
#647=ORIENTED_EDGE('',*,*,#1143,.F.);
#648=ORIENTED_EDGE('',*,*,#1237,.T.);
#649=ORIENTED_EDGE('',*,*,#1240,.F.);
#650=ORIENTED_EDGE('',*,*,#1238,.F.);
#651=ORIENTED_EDGE('',*,*,#1236,.T.);
#652=ORIENTED_EDGE('',*,*,#996,.T.);
#653=ORIENTED_EDGE('',*,*,#1239,.T.);
#654=ORIENTED_EDGE('',*,*,#1240,.T.);
#655=ORIENTED_EDGE('',*,*,#1241,.F.);
#656=ORIENTED_EDGE('',*,*,#1242,.F.);
#657=ORIENTED_EDGE('',*,*,#1243,.F.);
#658=ORIENTED_EDGE('',*,*,#1164,.F.);
#659=ORIENTED_EDGE('',*,*,#934,.T.);
#660=ORIENTED_EDGE('',*,*,#1165,.F.);
#661=ORIENTED_EDGE('',*,*,#1243,.T.);
#662=ORIENTED_EDGE('',*,*,#1244,.F.);
#663=ORIENTED_EDGE('',*,*,#1071,.F.);
#664=ORIENTED_EDGE('',*,*,#1068,.T.);
#665=ORIENTED_EDGE('',*,*,#1244,.T.);
#666=ORIENTED_EDGE('',*,*,#1242,.T.);
#667=ORIENTED_EDGE('',*,*,#1245,.T.);
#668=ORIENTED_EDGE('',*,*,#1246,.F.);
#669=ORIENTED_EDGE('',*,*,#1247,.F.);
#670=ORIENTED_EDGE('',*,*,#1248,.F.);
#671=ORIENTED_EDGE('',*,*,#1166,.F.);
#672=ORIENTED_EDGE('',*,*,#930,.T.);
#673=ORIENTED_EDGE('',*,*,#1167,.F.);
#674=ORIENTED_EDGE('',*,*,#1248,.T.);
#675=ORIENTED_EDGE('',*,*,#1249,.F.);
#676=ORIENTED_EDGE('',*,*,#1075,.F.);
#677=ORIENTED_EDGE('',*,*,#1247,.T.);
#678=ORIENTED_EDGE('',*,*,#1250,.T.);
#679=ORIENTED_EDGE('',*,*,#1072,.T.);
#680=ORIENTED_EDGE('',*,*,#1249,.T.);
#681=ORIENTED_EDGE('',*,*,#1251,.F.);
#682=ORIENTED_EDGE('',*,*,#1252,.F.);
#683=ORIENTED_EDGE('',*,*,#1253,.F.);
#684=ORIENTED_EDGE('',*,*,#1162,.F.);
#685=ORIENTED_EDGE('',*,*,#938,.T.);
#686=ORIENTED_EDGE('',*,*,#1163,.F.);
#687=ORIENTED_EDGE('',*,*,#1253,.T.);
#688=ORIENTED_EDGE('',*,*,#1254,.F.);
#689=ORIENTED_EDGE('',*,*,#1079,.F.);
#690=ORIENTED_EDGE('',*,*,#1076,.T.);
#691=ORIENTED_EDGE('',*,*,#1254,.T.);
#692=ORIENTED_EDGE('',*,*,#1252,.T.);
#693=ORIENTED_EDGE('',*,*,#1255,.T.);
#694=ORIENTED_EDGE('',*,*,#1139,.F.);
#695=ORIENTED_EDGE('',*,*,#1001,.T.);
#696=ORIENTED_EDGE('',*,*,#1256,.F.);
#697=ORIENTED_EDGE('',*,*,#1257,.F.);
#698=ORIENTED_EDGE('',*,*,#1141,.F.);
#699=ORIENTED_EDGE('',*,*,#1258,.T.);
#700=ORIENTED_EDGE('',*,*,#1259,.F.);
#701=ORIENTED_EDGE('',*,*,#999,.F.);
#702=ORIENTED_EDGE('',*,*,#1140,.F.);
#703=ORIENTED_EDGE('',*,*,#1257,.T.);
#704=ORIENTED_EDGE('',*,*,#1260,.F.);
#705=ORIENTED_EDGE('',*,*,#1258,.F.);
#706=ORIENTED_EDGE('',*,*,#1256,.T.);
#707=ORIENTED_EDGE('',*,*,#1000,.T.);
#708=ORIENTED_EDGE('',*,*,#1259,.T.);
#709=ORIENTED_EDGE('',*,*,#1260,.T.);
#710=ORIENTED_EDGE('',*,*,#1136,.F.);
#711=ORIENTED_EDGE('',*,*,#1005,.T.);
#712=ORIENTED_EDGE('',*,*,#1261,.F.);
#713=ORIENTED_EDGE('',*,*,#1262,.F.);
#714=ORIENTED_EDGE('',*,*,#1138,.F.);
#715=ORIENTED_EDGE('',*,*,#1263,.T.);
#716=ORIENTED_EDGE('',*,*,#1264,.F.);
#717=ORIENTED_EDGE('',*,*,#1003,.F.);
#718=ORIENTED_EDGE('',*,*,#1137,.F.);
#719=ORIENTED_EDGE('',*,*,#1262,.T.);
#720=ORIENTED_EDGE('',*,*,#1265,.F.);
#721=ORIENTED_EDGE('',*,*,#1263,.F.);
#722=ORIENTED_EDGE('',*,*,#1261,.T.);
#723=ORIENTED_EDGE('',*,*,#1004,.T.);
#724=ORIENTED_EDGE('',*,*,#1264,.T.);
#725=ORIENTED_EDGE('',*,*,#1265,.T.);
#726=ORIENTED_EDGE('',*,*,#1133,.F.);
#727=ORIENTED_EDGE('',*,*,#1009,.T.);
#728=ORIENTED_EDGE('',*,*,#1266,.F.);
#729=ORIENTED_EDGE('',*,*,#1267,.F.);
#730=ORIENTED_EDGE('',*,*,#1135,.F.);
#731=ORIENTED_EDGE('',*,*,#1268,.T.);
#732=ORIENTED_EDGE('',*,*,#1269,.F.);
#733=ORIENTED_EDGE('',*,*,#1007,.F.);
#734=ORIENTED_EDGE('',*,*,#1134,.F.);
#735=ORIENTED_EDGE('',*,*,#1267,.T.);
#736=ORIENTED_EDGE('',*,*,#1270,.F.);
#737=ORIENTED_EDGE('',*,*,#1268,.F.);
#738=ORIENTED_EDGE('',*,*,#1266,.T.);
#739=ORIENTED_EDGE('',*,*,#1008,.T.);
#740=ORIENTED_EDGE('',*,*,#1269,.T.);
#741=ORIENTED_EDGE('',*,*,#1270,.T.);
#742=ORIENTED_EDGE('',*,*,#1130,.F.);
#743=ORIENTED_EDGE('',*,*,#1013,.T.);
#744=ORIENTED_EDGE('',*,*,#1271,.F.);
#745=ORIENTED_EDGE('',*,*,#1272,.F.);
#746=ORIENTED_EDGE('',*,*,#1132,.F.);
#747=ORIENTED_EDGE('',*,*,#1273,.T.);
#748=ORIENTED_EDGE('',*,*,#1274,.F.);
#749=ORIENTED_EDGE('',*,*,#1011,.F.);
#750=ORIENTED_EDGE('',*,*,#1131,.F.);
#751=ORIENTED_EDGE('',*,*,#1272,.T.);
#752=ORIENTED_EDGE('',*,*,#1275,.F.);
#753=ORIENTED_EDGE('',*,*,#1273,.F.);
#754=ORIENTED_EDGE('',*,*,#1271,.T.);
#755=ORIENTED_EDGE('',*,*,#1012,.T.);
#756=ORIENTED_EDGE('',*,*,#1274,.T.);
#757=ORIENTED_EDGE('',*,*,#1275,.T.);
#758=ORIENTED_EDGE('',*,*,#1127,.F.);
#759=ORIENTED_EDGE('',*,*,#1017,.T.);
#760=ORIENTED_EDGE('',*,*,#1276,.F.);
#761=ORIENTED_EDGE('',*,*,#1277,.F.);
#762=ORIENTED_EDGE('',*,*,#1129,.F.);
#763=ORIENTED_EDGE('',*,*,#1278,.T.);
#764=ORIENTED_EDGE('',*,*,#1279,.F.);
#765=ORIENTED_EDGE('',*,*,#1015,.F.);
#766=ORIENTED_EDGE('',*,*,#1128,.F.);
#767=ORIENTED_EDGE('',*,*,#1277,.T.);
#768=ORIENTED_EDGE('',*,*,#1280,.F.);
#769=ORIENTED_EDGE('',*,*,#1278,.F.);
#770=ORIENTED_EDGE('',*,*,#1276,.T.);
#771=ORIENTED_EDGE('',*,*,#1016,.T.);
#772=ORIENTED_EDGE('',*,*,#1279,.T.);
#773=ORIENTED_EDGE('',*,*,#1280,.T.);
#774=ORIENTED_EDGE('',*,*,#1121,.F.);
#775=ORIENTED_EDGE('',*,*,#985,.T.);
#776=ORIENTED_EDGE('',*,*,#1281,.F.);
#777=ORIENTED_EDGE('',*,*,#1282,.F.);
#778=ORIENTED_EDGE('',*,*,#1123,.F.);
#779=ORIENTED_EDGE('',*,*,#1283,.T.);
#780=ORIENTED_EDGE('',*,*,#1284,.F.);
#781=ORIENTED_EDGE('',*,*,#983,.F.);
#782=ORIENTED_EDGE('',*,*,#1122,.F.);
#783=ORIENTED_EDGE('',*,*,#1282,.T.);
#784=ORIENTED_EDGE('',*,*,#1285,.F.);
#785=ORIENTED_EDGE('',*,*,#1283,.F.);
#786=ORIENTED_EDGE('',*,*,#1281,.T.);
#787=ORIENTED_EDGE('',*,*,#984,.T.);
#788=ORIENTED_EDGE('',*,*,#1284,.T.);
#789=ORIENTED_EDGE('',*,*,#1285,.T.);
#790=ORIENTED_EDGE('',*,*,#1286,.F.);
#791=ORIENTED_EDGE('',*,*,#1287,.F.);
#792=ORIENTED_EDGE('',*,*,#1288,.F.);
#793=ORIENTED_EDGE('',*,*,#1152,.F.);
#794=ORIENTED_EDGE('',*,*,#958,.T.);
#795=ORIENTED_EDGE('',*,*,#1153,.F.);
#796=ORIENTED_EDGE('',*,*,#1288,.T.);
#797=ORIENTED_EDGE('',*,*,#1289,.F.);
#798=ORIENTED_EDGE('',*,*,#1083,.F.);
#799=ORIENTED_EDGE('',*,*,#1287,.T.);
#800=ORIENTED_EDGE('',*,*,#1290,.T.);
#801=ORIENTED_EDGE('',*,*,#1080,.T.);
#802=ORIENTED_EDGE('',*,*,#1289,.T.);
#803=ORIENTED_EDGE('',*,*,#1291,.F.);
#804=ORIENTED_EDGE('',*,*,#1292,.F.);
#805=ORIENTED_EDGE('',*,*,#1293,.F.);
#806=ORIENTED_EDGE('',*,*,#1154,.F.);
#807=ORIENTED_EDGE('',*,*,#954,.T.);
#808=ORIENTED_EDGE('',*,*,#1155,.F.);
#809=ORIENTED_EDGE('',*,*,#1293,.T.);
#810=ORIENTED_EDGE('',*,*,#1294,.F.);
#811=ORIENTED_EDGE('',*,*,#1087,.F.);
#812=ORIENTED_EDGE('',*,*,#1292,.T.);
#813=ORIENTED_EDGE('',*,*,#1295,.T.);
#814=ORIENTED_EDGE('',*,*,#1084,.T.);
#815=ORIENTED_EDGE('',*,*,#1294,.T.);
#816=ORIENTED_EDGE('',*,*,#1296,.F.);
#817=ORIENTED_EDGE('',*,*,#1297,.F.);
#818=ORIENTED_EDGE('',*,*,#1298,.F.);
#819=ORIENTED_EDGE('',*,*,#1156,.F.);
#820=ORIENTED_EDGE('',*,*,#950,.T.);
#821=ORIENTED_EDGE('',*,*,#1157,.F.);
#822=ORIENTED_EDGE('',*,*,#1298,.T.);
#823=ORIENTED_EDGE('',*,*,#1299,.F.);
#824=ORIENTED_EDGE('',*,*,#1091,.F.);
#825=ORIENTED_EDGE('',*,*,#1297,.T.);
#826=ORIENTED_EDGE('',*,*,#1300,.T.);
#827=ORIENTED_EDGE('',*,*,#1088,.T.);
#828=ORIENTED_EDGE('',*,*,#1299,.T.);
#829=ORIENTED_EDGE('',*,*,#1301,.F.);
#830=ORIENTED_EDGE('',*,*,#1302,.F.);
#831=ORIENTED_EDGE('',*,*,#1303,.F.);
#832=ORIENTED_EDGE('',*,*,#1158,.F.);
#833=ORIENTED_EDGE('',*,*,#946,.T.);
#834=ORIENTED_EDGE('',*,*,#1159,.F.);
#835=ORIENTED_EDGE('',*,*,#1303,.T.);
#836=ORIENTED_EDGE('',*,*,#1304,.F.);
#837=ORIENTED_EDGE('',*,*,#1095,.F.);
#838=ORIENTED_EDGE('',*,*,#1302,.T.);
#839=ORIENTED_EDGE('',*,*,#1305,.T.);
#840=ORIENTED_EDGE('',*,*,#1092,.T.);
#841=ORIENTED_EDGE('',*,*,#1304,.T.);
#842=ORIENTED_EDGE('',*,*,#1306,.F.);
#843=ORIENTED_EDGE('',*,*,#1307,.F.);
#844=ORIENTED_EDGE('',*,*,#1308,.F.);
#845=ORIENTED_EDGE('',*,*,#1168,.F.);
#846=ORIENTED_EDGE('',*,*,#966,.T.);
#847=ORIENTED_EDGE('',*,*,#1169,.F.);
#848=ORIENTED_EDGE('',*,*,#1308,.T.);
#849=ORIENTED_EDGE('',*,*,#1309,.F.);
#850=ORIENTED_EDGE('',*,*,#1099,.F.);
#851=ORIENTED_EDGE('',*,*,#1307,.T.);
#852=ORIENTED_EDGE('',*,*,#1310,.T.);
#853=ORIENTED_EDGE('',*,*,#1096,.T.);
#854=ORIENTED_EDGE('',*,*,#1309,.T.);
#855=ORIENTED_EDGE('',*,*,#1311,.F.);
#856=ORIENTED_EDGE('',*,*,#1312,.F.);
#857=ORIENTED_EDGE('',*,*,#1313,.F.);
#858=ORIENTED_EDGE('',*,*,#1170,.F.);
#859=ORIENTED_EDGE('',*,*,#962,.T.);
#860=ORIENTED_EDGE('',*,*,#1151,.F.);
#861=ORIENTED_EDGE('',*,*,#1313,.T.);
#862=ORIENTED_EDGE('',*,*,#1314,.F.);
#863=ORIENTED_EDGE('',*,*,#1103,.F.);
#864=ORIENTED_EDGE('',*,*,#1100,.T.);
#865=ORIENTED_EDGE('',*,*,#1314,.T.);
#866=ORIENTED_EDGE('',*,*,#1312,.T.);
#867=ORIENTED_EDGE('',*,*,#1315,.T.);
#868=ORIENTED_EDGE('',*,*,#1315,.F.);
#869=ORIENTED_EDGE('',*,*,#1311,.T.);
#870=ORIENTED_EDGE('',*,*,#961,.F.);
#871=ORIENTED_EDGE('',*,*,#1101,.F.);
#872=ORIENTED_EDGE('',*,*,#1310,.F.);
#873=ORIENTED_EDGE('',*,*,#1306,.T.);
#874=ORIENTED_EDGE('',*,*,#965,.F.);
#875=ORIENTED_EDGE('',*,*,#1097,.F.);
#876=ORIENTED_EDGE('',*,*,#1305,.F.);
#877=ORIENTED_EDGE('',*,*,#1301,.T.);
#878=ORIENTED_EDGE('',*,*,#945,.F.);
#879=ORIENTED_EDGE('',*,*,#1093,.F.);
#880=ORIENTED_EDGE('',*,*,#1300,.F.);
#881=ORIENTED_EDGE('',*,*,#1296,.T.);
#882=ORIENTED_EDGE('',*,*,#949,.F.);
#883=ORIENTED_EDGE('',*,*,#1089,.F.);
#884=ORIENTED_EDGE('',*,*,#1295,.F.);
#885=ORIENTED_EDGE('',*,*,#1291,.T.);
#886=ORIENTED_EDGE('',*,*,#953,.F.);
#887=ORIENTED_EDGE('',*,*,#1085,.F.);
#888=ORIENTED_EDGE('',*,*,#1290,.F.);
#889=ORIENTED_EDGE('',*,*,#1286,.T.);
#890=ORIENTED_EDGE('',*,*,#957,.F.);
#891=ORIENTED_EDGE('',*,*,#1081,.F.);
#892=ORIENTED_EDGE('',*,*,#1255,.F.);
#893=ORIENTED_EDGE('',*,*,#1251,.T.);
#894=ORIENTED_EDGE('',*,*,#937,.F.);
#895=ORIENTED_EDGE('',*,*,#1077,.F.);
#896=ORIENTED_EDGE('',*,*,#1250,.F.);
#897=ORIENTED_EDGE('',*,*,#1246,.T.);
#898=ORIENTED_EDGE('',*,*,#929,.F.);
#899=ORIENTED_EDGE('',*,*,#1073,.F.);
#900=ORIENTED_EDGE('',*,*,#1245,.F.);
#901=ORIENTED_EDGE('',*,*,#1241,.T.);
#902=ORIENTED_EDGE('',*,*,#933,.F.);
#903=ORIENTED_EDGE('',*,*,#1069,.F.);
#904=ORIENTED_EDGE('',*,*,#1218,.F.);
#905=ORIENTED_EDGE('',*,*,#1214,.T.);
#906=ORIENTED_EDGE('',*,*,#941,.F.);
#907=ORIENTED_EDGE('',*,*,#1065,.F.);
#908=ORIENTED_EDGE('',*,*,#1316,.T.);
#909=ORIENTED_EDGE('',*,*,#1062,.F.);
#910=ORIENTED_EDGE('',*,*,#1317,.F.);
#911=ORIENTED_EDGE('',*,*,#980,.F.);
#912=ORIENTED_EDGE('',*,*,#1318,.T.);
#913=ORIENTED_EDGE('',*,*,#1063,.F.);
#914=ORIENTED_EDGE('',*,*,#1316,.F.);
#915=ORIENTED_EDGE('',*,*,#979,.F.);
#916=ORIENTED_EDGE('',*,*,#1317,.T.);
#917=ORIENTED_EDGE('',*,*,#1061,.F.);
#918=ORIENTED_EDGE('',*,*,#1319,.F.);
#919=ORIENTED_EDGE('',*,*,#981,.F.);
#920=ORIENTED_EDGE('',*,*,#1320,.T.);
#921=ORIENTED_EDGE('',*,*,#1059,.F.);
#922=ORIENTED_EDGE('',*,*,#1318,.F.);
#923=ORIENTED_EDGE('',*,*,#978,.F.);
#924=ORIENTED_EDGE('',*,*,#1319,.T.);
#925=ORIENTED_EDGE('',*,*,#1060,.F.);
#926=ORIENTED_EDGE('',*,*,#1320,.F.);
#927=ORIENTED_EDGE('',*,*,#977,.F.);
#928=EDGE_CURVE('',#1321,#1322,#1583,.T.);
#929=EDGE_CURVE('',#1322,#1323,#48,.T.);
#930=EDGE_CURVE('',#1324,#1323,#1584,.T.);
#931=EDGE_CURVE('',#1325,#1324,#49,.T.);
#932=EDGE_CURVE('',#1325,#1326,#1585,.T.);
#933=EDGE_CURVE('',#1326,#1327,#50,.T.);
#934=EDGE_CURVE('',#1328,#1327,#1586,.T.);
#935=EDGE_CURVE('',#1329,#1328,#51,.T.);
#936=EDGE_CURVE('',#1329,#1330,#1587,.T.);
#937=EDGE_CURVE('',#1330,#1331,#52,.T.);
#938=EDGE_CURVE('',#1332,#1331,#1588,.T.);
#939=EDGE_CURVE('',#1333,#1332,#53,.T.);
#940=EDGE_CURVE('',#1333,#1334,#1589,.T.);
#941=EDGE_CURVE('',#1334,#1335,#54,.T.);
#942=EDGE_CURVE('',#1336,#1335,#1590,.T.);
#943=EDGE_CURVE('',#1337,#1336,#55,.T.);
#944=EDGE_CURVE('',#1337,#1338,#1591,.T.);
#945=EDGE_CURVE('',#1338,#1339,#56,.T.);
#946=EDGE_CURVE('',#1340,#1339,#1592,.T.);
#947=EDGE_CURVE('',#1341,#1340,#57,.T.);
#948=EDGE_CURVE('',#1341,#1342,#1593,.T.);
#949=EDGE_CURVE('',#1342,#1343,#58,.T.);
#950=EDGE_CURVE('',#1344,#1343,#1594,.T.);
#951=EDGE_CURVE('',#1345,#1344,#59,.T.);
#952=EDGE_CURVE('',#1345,#1346,#1595,.T.);
#953=EDGE_CURVE('',#1346,#1347,#60,.T.);
#954=EDGE_CURVE('',#1348,#1347,#1596,.T.);
#955=EDGE_CURVE('',#1349,#1348,#61,.T.);
#956=EDGE_CURVE('',#1349,#1350,#1597,.T.);
#957=EDGE_CURVE('',#1350,#1351,#62,.T.);
#958=EDGE_CURVE('',#1352,#1351,#1598,.T.);
#959=EDGE_CURVE('',#1353,#1352,#63,.T.);
#960=EDGE_CURVE('',#1353,#1354,#1599,.T.);
#961=EDGE_CURVE('',#1354,#1355,#64,.T.);
#962=EDGE_CURVE('',#1356,#1355,#1600,.T.);
#963=EDGE_CURVE('',#1357,#1356,#65,.T.);
#964=EDGE_CURVE('',#1357,#1358,#1601,.T.);
#965=EDGE_CURVE('',#1358,#1359,#66,.T.);
#966=EDGE_CURVE('',#1360,#1359,#1602,.T.);
#967=EDGE_CURVE('',#1321,#1360,#67,.T.);
#968=EDGE_CURVE('',#1361,#1362,#1603,.T.);
#969=EDGE_CURVE('',#1362,#1363,#1604,.T.);
#970=EDGE_CURVE('',#1363,#1364,#1605,.T.);
#971=EDGE_CURVE('',#1365,#1364,#1606,.T.);
#972=EDGE_CURVE('',#1365,#1361,#1607,.T.);
#973=EDGE_CURVE('',#1366,#1367,#1608,.T.);
#974=EDGE_CURVE('',#1368,#1366,#1609,.T.);
#975=EDGE_CURVE('',#1369,#1368,#1610,.T.);
#976=EDGE_CURVE('',#1367,#1369,#1611,.T.);
#977=EDGE_CURVE('',#1370,#1371,#68,.T.);
#978=EDGE_CURVE('',#1371,#1372,#1612,.T.);
#979=EDGE_CURVE('',#1372,#1373,#1613,.T.);
#980=EDGE_CURVE('',#1373,#1374,#1614,.T.);
#981=EDGE_CURVE('',#1374,#1370,#1615,.T.);
#982=EDGE_CURVE('',#1375,#1376,#69,.T.);
#983=EDGE_CURVE('',#1376,#1377,#1616,.T.);
#984=EDGE_CURVE('',#1378,#1377,#70,.T.);
#985=EDGE_CURVE('',#1379,#1378,#1617,.T.);
#986=EDGE_CURVE('',#1379,#1380,#71,.T.);
#987=EDGE_CURVE('',#1380,#1381,#1618,.T.);
#988=EDGE_CURVE('',#1382,#1381,#72,.T.);
#989=EDGE_CURVE('',#1383,#1382,#1619,.T.);
#990=EDGE_CURVE('',#1383,#1384,#73,.T.);
#991=EDGE_CURVE('',#1384,#1385,#1620,.T.);
#992=EDGE_CURVE('',#1386,#1385,#74,.T.);
#993=EDGE_CURVE('',#1387,#1386,#1621,.T.);
#994=EDGE_CURVE('',#1387,#1388,#75,.T.);
#995=EDGE_CURVE('',#1388,#1389,#1622,.T.);
#996=EDGE_CURVE('',#1390,#1389,#76,.T.);
#997=EDGE_CURVE('',#1391,#1390,#1623,.T.);
#998=EDGE_CURVE('',#1391,#1392,#77,.T.);
#999=EDGE_CURVE('',#1392,#1393,#1624,.T.);
#1000=EDGE_CURVE('',#1394,#1393,#78,.T.);
#1001=EDGE_CURVE('',#1395,#1394,#1625,.T.);
#1002=EDGE_CURVE('',#1395,#1396,#79,.T.);
#1003=EDGE_CURVE('',#1396,#1397,#1626,.T.);
#1004=EDGE_CURVE('',#1398,#1397,#80,.T.);
#1005=EDGE_CURVE('',#1399,#1398,#1627,.T.);
#1006=EDGE_CURVE('',#1399,#1400,#81,.T.);
#1007=EDGE_CURVE('',#1400,#1401,#1628,.T.);
#1008=EDGE_CURVE('',#1402,#1401,#82,.T.);
#1009=EDGE_CURVE('',#1403,#1402,#1629,.T.);
#1010=EDGE_CURVE('',#1403,#1404,#83,.T.);
#1011=EDGE_CURVE('',#1404,#1405,#1630,.T.);
#1012=EDGE_CURVE('',#1406,#1405,#84,.T.);
#1013=EDGE_CURVE('',#1407,#1406,#1631,.T.);
#1014=EDGE_CURVE('',#1407,#1408,#85,.T.);
#1015=EDGE_CURVE('',#1408,#1409,#1632,.T.);
#1016=EDGE_CURVE('',#1410,#1409,#86,.T.);
#1017=EDGE_CURVE('',#1411,#1410,#1633,.T.);
#1018=EDGE_CURVE('',#1411,#1412,#87,.T.);
#1019=EDGE_CURVE('',#1412,#1413,#1634,.T.);
#1020=EDGE_CURVE('',#1414,#1413,#88,.T.);
#1021=EDGE_CURVE('',#1375,#1414,#1635,.T.);
#1022=EDGE_CURVE('',#1415,#1416,#1636,.T.);
#1023=EDGE_CURVE('',#1417,#1416,#1637,.T.);
#1024=EDGE_CURVE('',#1418,#1417,#89,.T.);
#1025=EDGE_CURVE('',#1418,#1419,#1638,.T.);
#1026=EDGE_CURVE('',#1419,#1420,#1639,.T.);
#1027=EDGE_CURVE('',#1420,#1421,#1640,.T.);
#1028=EDGE_CURVE('',#1421,#1422,#1641,.T.);
#1029=EDGE_CURVE('',#1422,#1423,#1642,.T.);
#1030=EDGE_CURVE('',#1423,#1424,#1643,.T.);
#1031=EDGE_CURVE('',#1425,#1424,#1644,.T.);
#1032=EDGE_CURVE('',#1426,#1425,#1645,.T.);
#1033=EDGE_CURVE('',#1427,#1426,#90,.T.);
#1034=EDGE_CURVE('',#1427,#1428,#1646,.T.);
#1035=EDGE_CURVE('',#1415,#1428,#1647,.T.);
#1036=EDGE_CURVE('',#1429,#1430,#1648,.T.);
#1037=EDGE_CURVE('',#1431,#1429,#1649,.T.);
#1038=EDGE_CURVE('',#1432,#1431,#1650,.T.);
#1039=EDGE_CURVE('',#1430,#1432,#1651,.T.);
#1040=EDGE_CURVE('',#1433,#1434,#1652,.T.);
#1041=EDGE_CURVE('',#1434,#1435,#1653,.T.);
#1042=EDGE_CURVE('',#1435,#1436,#1654,.T.);
#1043=EDGE_CURVE('',#1436,#1437,#1655,.T.);
#1044=EDGE_CURVE('',#1437,#1438,#1656,.T.);
#1045=EDGE_CURVE('',#1438,#1439,#1657,.T.);
#1046=EDGE_CURVE('',#1439,#1433,#1658,.T.);
#1047=EDGE_CURVE('',#1440,#1441,#1659,.T.);
#1048=EDGE_CURVE('',#1441,#1442,#1660,.T.);
#1049=EDGE_CURVE('',#1442,#1443,#1661,.T.);
#1050=EDGE_CURVE('',#1443,#1444,#1662,.T.);
#1051=EDGE_CURVE('',#1444,#1445,#1663,.T.);
#1052=EDGE_CURVE('',#1445,#1446,#1664,.T.);
#1053=EDGE_CURVE('',#1446,#1447,#1665,.T.);
#1054=EDGE_CURVE('',#1447,#1440,#1666,.T.);
#1055=EDGE_CURVE('',#1448,#1449,#1667,.T.);
#1056=EDGE_CURVE('',#1449,#1450,#1668,.T.);
#1057=EDGE_CURVE('',#1450,#1451,#1669,.T.);
#1058=EDGE_CURVE('',#1451,#1448,#1670,.T.);
#1059=EDGE_CURVE('',#1452,#1453,#1671,.T.);
#1060=EDGE_CURVE('',#1453,#1454,#91,.T.);
#1061=EDGE_CURVE('',#1454,#1455,#1672,.T.);
#1062=EDGE_CURVE('',#1455,#1456,#1673,.T.);
#1063=EDGE_CURVE('',#1456,#1452,#1674,.T.);
#1064=EDGE_CURVE('',#1457,#1458,#1675,.F.);
#1065=EDGE_CURVE('',#1457,#1334,#1676,.T.);
#1066=EDGE_CURVE('',#1459,#1333,#1677,.T.);
#1067=EDGE_CURVE('',#1459,#1458,#1678,.T.);
#1068=EDGE_CURVE('',#1460,#1461,#1679,.F.);
#1069=EDGE_CURVE('',#1460,#1326,#1680,.T.);
#1070=EDGE_CURVE('',#1462,#1325,#1681,.T.);
#1071=EDGE_CURVE('',#1462,#1461,#1682,.T.);
#1072=EDGE_CURVE('',#1463,#1464,#1683,.F.);
#1073=EDGE_CURVE('',#1463,#1322,#1684,.T.);
#1074=EDGE_CURVE('',#1465,#1321,#1685,.T.);
#1075=EDGE_CURVE('',#1465,#1464,#1686,.T.);
#1076=EDGE_CURVE('',#1466,#1467,#1687,.F.);
#1077=EDGE_CURVE('',#1466,#1330,#1688,.T.);
#1078=EDGE_CURVE('',#1468,#1329,#1689,.T.);
#1079=EDGE_CURVE('',#1468,#1467,#1690,.T.);
#1080=EDGE_CURVE('',#1469,#1470,#1691,.F.);
#1081=EDGE_CURVE('',#1469,#1350,#1692,.T.);
#1082=EDGE_CURVE('',#1471,#1349,#1693,.T.);
#1083=EDGE_CURVE('',#1471,#1470,#1694,.T.);
#1084=EDGE_CURVE('',#1472,#1473,#1695,.F.);
#1085=EDGE_CURVE('',#1472,#1346,#1696,.T.);
#1086=EDGE_CURVE('',#1474,#1345,#1697,.T.);
#1087=EDGE_CURVE('',#1474,#1473,#1698,.T.);
#1088=EDGE_CURVE('',#1475,#1476,#1699,.F.);
#1089=EDGE_CURVE('',#1475,#1342,#1700,.T.);
#1090=EDGE_CURVE('',#1477,#1341,#1701,.T.);
#1091=EDGE_CURVE('',#1477,#1476,#1702,.T.);
#1092=EDGE_CURVE('',#1478,#1479,#1703,.F.);
#1093=EDGE_CURVE('',#1478,#1338,#1704,.T.);
#1094=EDGE_CURVE('',#1480,#1337,#1705,.T.);
#1095=EDGE_CURVE('',#1480,#1479,#1706,.T.);
#1096=EDGE_CURVE('',#1481,#1482,#1707,.F.);
#1097=EDGE_CURVE('',#1481,#1358,#1708,.T.);
#1098=EDGE_CURVE('',#1483,#1357,#1709,.T.);
#1099=EDGE_CURVE('',#1483,#1482,#1710,.T.);
#1100=EDGE_CURVE('',#1484,#1485,#1711,.F.);
#1101=EDGE_CURVE('',#1484,#1354,#1712,.T.);
#1102=EDGE_CURVE('',#1486,#1353,#1713,.T.);
#1103=EDGE_CURVE('',#1486,#1485,#1714,.T.);
#1104=EDGE_CURVE('',#1487,#1488,#1715,.T.);
#1105=EDGE_CURVE('',#1361,#1487,#1716,.T.);
#1106=EDGE_CURVE('',#1419,#1365,#1717,.T.);
#1107=EDGE_CURVE('',#1418,#1488,#1718,.F.);
#1108=EDGE_CURVE('',#1489,#1448,#1719,.T.);
#1109=EDGE_CURVE('',#1489,#1490,#1720,.T.);
#1110=EDGE_CURVE('',#1490,#1449,#1721,.T.);
#1111=EDGE_CURVE('',#1491,#1451,#1722,.T.);
#1112=EDGE_CURVE('',#1491,#1489,#1723,.T.);
#1113=EDGE_CURVE('',#1490,#1492,#1724,.T.);
#1114=EDGE_CURVE('',#1492,#1450,#1725,.T.);
#1115=EDGE_CURVE('',#1492,#1491,#1726,.T.);
#1116=EDGE_CURVE('',#1422,#1362,#1727,.T.);
#1117=EDGE_CURVE('',#1487,#1493,#1728,.T.);
#1118=EDGE_CURVE('',#1493,#1423,#1729,.T.);
#1119=EDGE_CURVE('',#1420,#1364,#1730,.T.);
#1120=EDGE_CURVE('',#1363,#1421,#1731,.T.);
#1121=EDGE_CURVE('',#1379,#1494,#1732,.F.);
#1122=EDGE_CURVE('',#1494,#1495,#92,.T.);
#1123=EDGE_CURVE('',#1495,#1376,#1733,.T.);
#1124=EDGE_CURVE('',#1375,#1496,#1734,.F.);
#1125=EDGE_CURVE('',#1496,#1497,#93,.T.);
#1126=EDGE_CURVE('',#1497,#1412,#1735,.T.);
#1127=EDGE_CURVE('',#1411,#1498,#1736,.F.);
#1128=EDGE_CURVE('',#1498,#1499,#94,.T.);
#1129=EDGE_CURVE('',#1499,#1408,#1737,.T.);
#1130=EDGE_CURVE('',#1407,#1500,#1738,.F.);
#1131=EDGE_CURVE('',#1500,#1501,#95,.T.);
#1132=EDGE_CURVE('',#1501,#1404,#1739,.T.);
#1133=EDGE_CURVE('',#1403,#1502,#1740,.F.);
#1134=EDGE_CURVE('',#1502,#1503,#96,.T.);
#1135=EDGE_CURVE('',#1503,#1400,#1741,.T.);
#1136=EDGE_CURVE('',#1399,#1504,#1742,.F.);
#1137=EDGE_CURVE('',#1504,#1505,#97,.T.);
#1138=EDGE_CURVE('',#1505,#1396,#1743,.T.);
#1139=EDGE_CURVE('',#1395,#1506,#1744,.F.);
#1140=EDGE_CURVE('',#1506,#1507,#98,.T.);
#1141=EDGE_CURVE('',#1507,#1392,#1745,.T.);
#1142=EDGE_CURVE('',#1391,#1508,#1746,.F.);
#1143=EDGE_CURVE('',#1508,#1509,#99,.T.);
#1144=EDGE_CURVE('',#1509,#1388,#1747,.T.);
#1145=EDGE_CURVE('',#1387,#1510,#1748,.F.);
#1146=EDGE_CURVE('',#1510,#1511,#100,.T.);
#1147=EDGE_CURVE('',#1511,#1384,#1749,.T.);
#1148=EDGE_CURVE('',#1383,#1512,#1750,.F.);
#1149=EDGE_CURVE('',#1512,#1513,#101,.T.);
#1150=EDGE_CURVE('',#1513,#1380,#1751,.T.);
#1151=EDGE_CURVE('',#1514,#1486,#102,.T.);
#1152=EDGE_CURVE('',#1352,#1515,#1752,.F.);
#1153=EDGE_CURVE('',#1515,#1471,#103,.T.);
#1154=EDGE_CURVE('',#1348,#1516,#1753,.F.);
#1155=EDGE_CURVE('',#1516,#1474,#104,.T.);
#1156=EDGE_CURVE('',#1344,#1517,#1754,.F.);
#1157=EDGE_CURVE('',#1517,#1477,#105,.T.);
#1158=EDGE_CURVE('',#1340,#1518,#1755,.F.);
#1159=EDGE_CURVE('',#1518,#1480,#106,.T.);
#1160=EDGE_CURVE('',#1336,#1519,#1756,.F.);
#1161=EDGE_CURVE('',#1519,#1459,#107,.T.);
#1162=EDGE_CURVE('',#1332,#1520,#1757,.F.);
#1163=EDGE_CURVE('',#1520,#1468,#108,.T.);
#1164=EDGE_CURVE('',#1328,#1521,#1758,.F.);
#1165=EDGE_CURVE('',#1521,#1462,#109,.T.);
#1166=EDGE_CURVE('',#1324,#1522,#1759,.F.);
#1167=EDGE_CURVE('',#1522,#1465,#110,.T.);
#1168=EDGE_CURVE('',#1360,#1523,#1760,.F.);
#1169=EDGE_CURVE('',#1523,#1483,#111,.T.);
#1170=EDGE_CURVE('',#1356,#1514,#1761,.F.);
#1171=EDGE_CURVE('',#1416,#1524,#1762,.F.);
#1172=EDGE_CURVE('',#1524,#1415,#1763,.T.);
#1173=EDGE_CURVE('',#1525,#1434,#1764,.T.);
#1174=EDGE_CURVE('',#1525,#1526,#1765,.T.);
#1175=EDGE_CURVE('',#1526,#1435,#1766,.T.);
#1176=EDGE_CURVE('',#1527,#1433,#1767,.T.);
#1177=EDGE_CURVE('',#1527,#1525,#1768,.T.);
#1178=EDGE_CURVE('',#1528,#1439,#1769,.T.);
#1179=EDGE_CURVE('',#1528,#1527,#1770,.T.);
#1180=EDGE_CURVE('',#1529,#1438,#1771,.T.);
#1181=EDGE_CURVE('',#1529,#1528,#1772,.T.);
#1182=EDGE_CURVE('',#1530,#1437,#1773,.T.);
#1183=EDGE_CURVE('',#1530,#1529,#1774,.T.);
#1184=EDGE_CURVE('',#1531,#1436,#1775,.T.);
#1185=EDGE_CURVE('',#1531,#1530,#1776,.T.);
#1186=EDGE_CURVE('',#1526,#1531,#1777,.T.);
#1187=EDGE_CURVE('',#1532,#1441,#1778,.T.);
#1188=EDGE_CURVE('',#1532,#1533,#1779,.T.);
#1189=EDGE_CURVE('',#1533,#1442,#1780,.T.);
#1190=EDGE_CURVE('',#1534,#1440,#1781,.T.);
#1191=EDGE_CURVE('',#1534,#1532,#1782,.T.);
#1192=EDGE_CURVE('',#1535,#1447,#1783,.T.);
#1193=EDGE_CURVE('',#1535,#1534,#1784,.T.);
#1194=EDGE_CURVE('',#1536,#1446,#1785,.T.);
#1195=EDGE_CURVE('',#1536,#1535,#1786,.T.);
#1196=EDGE_CURVE('',#1537,#1445,#1787,.T.);
#1197=EDGE_CURVE('',#1537,#1536,#1788,.T.);
#1198=EDGE_CURVE('',#1538,#1444,#1789,.T.);
#1199=EDGE_CURVE('',#1538,#1537,#1790,.T.);
#1200=EDGE_CURVE('',#1539,#1443,#1791,.T.);
#1201=EDGE_CURVE('',#1539,#1538,#1792,.T.);
#1202=EDGE_CURVE('',#1533,#1539,#1793,.T.);
#1203=EDGE_CURVE('',#1493,#1540,#1794,.T.);
#1204=EDGE_CURVE('',#1424,#1540,#1795,.T.);
#1205=EDGE_CURVE('',#1524,#1541,#1796,.F.);
#1206=EDGE_CURVE('',#1542,#1428,#1797,.T.);
#1207=EDGE_CURVE('',#1542,#1426,#25,.T.);
#1208=EDGE_CURVE('',#1540,#1425,#1798,.T.);
#1209=EDGE_CURVE('',#1488,#1541,#26,.T.);
#1210=EDGE_CURVE('',#1366,#1429,#1799,.T.);
#1211=EDGE_CURVE('',#1367,#1431,#1800,.T.);
#1212=EDGE_CURVE('',#1369,#1432,#1801,.T.);
#1213=EDGE_CURVE('',#1368,#1430,#1802,.T.);
#1214=EDGE_CURVE('',#1543,#1335,#1803,.T.);
#1215=EDGE_CURVE('',#1544,#1543,#1804,.T.);
#1216=EDGE_CURVE('',#1519,#1544,#1805,.T.);
#1217=EDGE_CURVE('',#1458,#1544,#112,.F.);
#1218=EDGE_CURVE('',#1543,#1457,#113,.F.);
#1219=EDGE_CURVE('',#1545,#1414,#1806,.T.);
#1220=EDGE_CURVE('',#1496,#1545,#1807,.T.);
#1221=EDGE_CURVE('',#1497,#1546,#1808,.T.);
#1222=EDGE_CURVE('',#1413,#1546,#1809,.F.);
#1223=EDGE_CURVE('',#1546,#1545,#114,.F.);
#1224=EDGE_CURVE('',#1427,#1542,#1810,.F.);
#1225=EDGE_CURVE('',#1547,#1386,#1811,.T.);
#1226=EDGE_CURVE('',#1510,#1547,#1812,.T.);
#1227=EDGE_CURVE('',#1511,#1548,#1813,.T.);
#1228=EDGE_CURVE('',#1385,#1548,#1814,.F.);
#1229=EDGE_CURVE('',#1548,#1547,#115,.F.);
#1230=EDGE_CURVE('',#1417,#1541,#1815,.F.);
#1231=EDGE_CURVE('',#1513,#1549,#1816,.T.);
#1232=EDGE_CURVE('',#1381,#1549,#1817,.F.);
#1233=EDGE_CURVE('',#1550,#1382,#1818,.T.);
#1234=EDGE_CURVE('',#1512,#1550,#1819,.T.);
#1235=EDGE_CURVE('',#1549,#1550,#116,.F.);
#1236=EDGE_CURVE('',#1551,#1390,#1820,.T.);
#1237=EDGE_CURVE('',#1508,#1551,#1821,.T.);
#1238=EDGE_CURVE('',#1509,#1552,#1822,.T.);
#1239=EDGE_CURVE('',#1389,#1552,#1823,.F.);
#1240=EDGE_CURVE('',#1552,#1551,#117,.F.);
#1241=EDGE_CURVE('',#1553,#1327,#1824,.T.);
#1242=EDGE_CURVE('',#1554,#1553,#1825,.T.);
#1243=EDGE_CURVE('',#1521,#1554,#1826,.T.);
#1244=EDGE_CURVE('',#1461,#1554,#118,.F.);
#1245=EDGE_CURVE('',#1553,#1460,#119,.F.);
#1246=EDGE_CURVE('',#1555,#1323,#1827,.T.);
#1247=EDGE_CURVE('',#1556,#1555,#1828,.T.);
#1248=EDGE_CURVE('',#1522,#1556,#1829,.T.);
#1249=EDGE_CURVE('',#1464,#1556,#120,.F.);
#1250=EDGE_CURVE('',#1555,#1463,#121,.F.);
#1251=EDGE_CURVE('',#1557,#1331,#1830,.T.);
#1252=EDGE_CURVE('',#1558,#1557,#1831,.T.);
#1253=EDGE_CURVE('',#1520,#1558,#1832,.T.);
#1254=EDGE_CURVE('',#1467,#1558,#122,.F.);
#1255=EDGE_CURVE('',#1557,#1466,#123,.F.);
#1256=EDGE_CURVE('',#1559,#1394,#1833,.T.);
#1257=EDGE_CURVE('',#1506,#1559,#1834,.T.);
#1258=EDGE_CURVE('',#1507,#1560,#1835,.T.);
#1259=EDGE_CURVE('',#1393,#1560,#1836,.F.);
#1260=EDGE_CURVE('',#1560,#1559,#124,.F.);
#1261=EDGE_CURVE('',#1561,#1398,#1837,.T.);
#1262=EDGE_CURVE('',#1504,#1561,#1838,.T.);
#1263=EDGE_CURVE('',#1505,#1562,#1839,.T.);
#1264=EDGE_CURVE('',#1397,#1562,#1840,.F.);
#1265=EDGE_CURVE('',#1562,#1561,#125,.F.);
#1266=EDGE_CURVE('',#1563,#1402,#1841,.T.);
#1267=EDGE_CURVE('',#1502,#1563,#1842,.T.);
#1268=EDGE_CURVE('',#1503,#1564,#1843,.T.);
#1269=EDGE_CURVE('',#1401,#1564,#1844,.F.);
#1270=EDGE_CURVE('',#1564,#1563,#126,.F.);
#1271=EDGE_CURVE('',#1565,#1406,#1845,.T.);
#1272=EDGE_CURVE('',#1500,#1565,#1846,.T.);
#1273=EDGE_CURVE('',#1501,#1566,#1847,.T.);
#1274=EDGE_CURVE('',#1405,#1566,#1848,.F.);
#1275=EDGE_CURVE('',#1566,#1565,#127,.F.);
#1276=EDGE_CURVE('',#1567,#1410,#1849,.T.);
#1277=EDGE_CURVE('',#1498,#1567,#1850,.T.);
#1278=EDGE_CURVE('',#1499,#1568,#1851,.T.);
#1279=EDGE_CURVE('',#1409,#1568,#1852,.F.);
#1280=EDGE_CURVE('',#1568,#1567,#128,.F.);
#1281=EDGE_CURVE('',#1569,#1378,#1853,.T.);
#1282=EDGE_CURVE('',#1494,#1569,#1854,.T.);
#1283=EDGE_CURVE('',#1495,#1570,#1855,.T.);
#1284=EDGE_CURVE('',#1377,#1570,#1856,.F.);
#1285=EDGE_CURVE('',#1570,#1569,#129,.F.);
#1286=EDGE_CURVE('',#1571,#1351,#1857,.T.);
#1287=EDGE_CURVE('',#1572,#1571,#1858,.T.);
#1288=EDGE_CURVE('',#1515,#1572,#1859,.T.);
#1289=EDGE_CURVE('',#1470,#1572,#130,.F.);
#1290=EDGE_CURVE('',#1571,#1469,#131,.F.);
#1291=EDGE_CURVE('',#1573,#1347,#1860,.T.);
#1292=EDGE_CURVE('',#1574,#1573,#1861,.T.);
#1293=EDGE_CURVE('',#1516,#1574,#1862,.T.);
#1294=EDGE_CURVE('',#1473,#1574,#132,.F.);
#1295=EDGE_CURVE('',#1573,#1472,#133,.F.);
#1296=EDGE_CURVE('',#1575,#1343,#1863,.T.);
#1297=EDGE_CURVE('',#1576,#1575,#1864,.T.);
#1298=EDGE_CURVE('',#1517,#1576,#1865,.T.);
#1299=EDGE_CURVE('',#1476,#1576,#134,.F.);
#1300=EDGE_CURVE('',#1575,#1475,#135,.F.);
#1301=EDGE_CURVE('',#1577,#1339,#1866,.T.);
#1302=EDGE_CURVE('',#1578,#1577,#1867,.T.);
#1303=EDGE_CURVE('',#1518,#1578,#1868,.T.);
#1304=EDGE_CURVE('',#1479,#1578,#136,.F.);
#1305=EDGE_CURVE('',#1577,#1478,#137,.F.);
#1306=EDGE_CURVE('',#1579,#1359,#1869,.T.);
#1307=EDGE_CURVE('',#1580,#1579,#1870,.T.);
#1308=EDGE_CURVE('',#1523,#1580,#1871,.T.);
#1309=EDGE_CURVE('',#1482,#1580,#138,.F.);
#1310=EDGE_CURVE('',#1579,#1481,#139,.F.);
#1311=EDGE_CURVE('',#1581,#1355,#1872,.T.);
#1312=EDGE_CURVE('',#1582,#1581,#1873,.T.);
#1313=EDGE_CURVE('',#1514,#1582,#1874,.T.);
#1314=EDGE_CURVE('',#1485,#1582,#140,.F.);
#1315=EDGE_CURVE('',#1581,#1484,#141,.F.);
#1316=EDGE_CURVE('',#1373,#1456,#1875,.T.);
#1317=EDGE_CURVE('',#1374,#1455,#1876,.T.);
#1318=EDGE_CURVE('',#1372,#1452,#1877,.T.);
#1319=EDGE_CURVE('',#1370,#1454,#1878,.T.);
#1320=EDGE_CURVE('',#1371,#1453,#1879,.T.);
#1321=VERTEX_POINT('',#3725);
#1322=VERTEX_POINT('',#3726);
#1323=VERTEX_POINT('',#3728);
#1324=VERTEX_POINT('',#3730);
#1325=VERTEX_POINT('',#3732);
#1326=VERTEX_POINT('',#3734);
#1327=VERTEX_POINT('',#3736);
#1328=VERTEX_POINT('',#3738);
#1329=VERTEX_POINT('',#3740);
#1330=VERTEX_POINT('',#3742);
#1331=VERTEX_POINT('',#3744);
#1332=VERTEX_POINT('',#3746);
#1333=VERTEX_POINT('',#3748);
#1334=VERTEX_POINT('',#3750);
#1335=VERTEX_POINT('',#3752);
#1336=VERTEX_POINT('',#3754);
#1337=VERTEX_POINT('',#3756);
#1338=VERTEX_POINT('',#3758);
#1339=VERTEX_POINT('',#3760);
#1340=VERTEX_POINT('',#3762);
#1341=VERTEX_POINT('',#3764);
#1342=VERTEX_POINT('',#3766);
#1343=VERTEX_POINT('',#3768);
#1344=VERTEX_POINT('',#3770);
#1345=VERTEX_POINT('',#3772);
#1346=VERTEX_POINT('',#3774);
#1347=VERTEX_POINT('',#3776);
#1348=VERTEX_POINT('',#3778);
#1349=VERTEX_POINT('',#3780);
#1350=VERTEX_POINT('',#3782);
#1351=VERTEX_POINT('',#3784);
#1352=VERTEX_POINT('',#3786);
#1353=VERTEX_POINT('',#3788);
#1354=VERTEX_POINT('',#3790);
#1355=VERTEX_POINT('',#3792);
#1356=VERTEX_POINT('',#3794);
#1357=VERTEX_POINT('',#3796);
#1358=VERTEX_POINT('',#3798);
#1359=VERTEX_POINT('',#3800);
#1360=VERTEX_POINT('',#3802);
#1361=VERTEX_POINT('',#3805);
#1362=VERTEX_POINT('',#3806);
#1363=VERTEX_POINT('',#3808);
#1364=VERTEX_POINT('',#3810);
#1365=VERTEX_POINT('',#3812);
#1366=VERTEX_POINT('',#3815);
#1367=VERTEX_POINT('',#3816);
#1368=VERTEX_POINT('',#3818);
#1369=VERTEX_POINT('',#3820);
#1370=VERTEX_POINT('',#3823);
#1371=VERTEX_POINT('',#3824);
#1372=VERTEX_POINT('',#3826);
#1373=VERTEX_POINT('',#3828);
#1374=VERTEX_POINT('',#3830);
#1375=VERTEX_POINT('',#3834);
#1376=VERTEX_POINT('',#3835);
#1377=VERTEX_POINT('',#3837);
#1378=VERTEX_POINT('',#3839);
#1379=VERTEX_POINT('',#3841);
#1380=VERTEX_POINT('',#3843);
#1381=VERTEX_POINT('',#3845);
#1382=VERTEX_POINT('',#3847);
#1383=VERTEX_POINT('',#3849);
#1384=VERTEX_POINT('',#3851);
#1385=VERTEX_POINT('',#3853);
#1386=VERTEX_POINT('',#3855);
#1387=VERTEX_POINT('',#3857);
#1388=VERTEX_POINT('',#3859);
#1389=VERTEX_POINT('',#3861);
#1390=VERTEX_POINT('',#3863);
#1391=VERTEX_POINT('',#3865);
#1392=VERTEX_POINT('',#3867);
#1393=VERTEX_POINT('',#3869);
#1394=VERTEX_POINT('',#3871);
#1395=VERTEX_POINT('',#3873);
#1396=VERTEX_POINT('',#3875);
#1397=VERTEX_POINT('',#3877);
#1398=VERTEX_POINT('',#3879);
#1399=VERTEX_POINT('',#3881);
#1400=VERTEX_POINT('',#3883);
#1401=VERTEX_POINT('',#3885);
#1402=VERTEX_POINT('',#3887);
#1403=VERTEX_POINT('',#3889);
#1404=VERTEX_POINT('',#3891);
#1405=VERTEX_POINT('',#3893);
#1406=VERTEX_POINT('',#3895);
#1407=VERTEX_POINT('',#3897);
#1408=VERTEX_POINT('',#3899);
#1409=VERTEX_POINT('',#3901);
#1410=VERTEX_POINT('',#3903);
#1411=VERTEX_POINT('',#3905);
#1412=VERTEX_POINT('',#3907);
#1413=VERTEX_POINT('',#3909);
#1414=VERTEX_POINT('',#3911);
#1415=VERTEX_POINT('',#3914);
#1416=VERTEX_POINT('',#3915);
#1417=VERTEX_POINT('',#3917);
#1418=VERTEX_POINT('',#3919);
#1419=VERTEX_POINT('',#3921);
#1420=VERTEX_POINT('',#3923);
#1421=VERTEX_POINT('',#3925);
#1422=VERTEX_POINT('',#3927);
#1423=VERTEX_POINT('',#3929);
#1424=VERTEX_POINT('',#3931);
#1425=VERTEX_POINT('',#3933);
#1426=VERTEX_POINT('',#3935);
#1427=VERTEX_POINT('',#3937);
#1428=VERTEX_POINT('',#3939);
#1429=VERTEX_POINT('',#3942);
#1430=VERTEX_POINT('',#3943);
#1431=VERTEX_POINT('',#3945);
#1432=VERTEX_POINT('',#3947);
#1433=VERTEX_POINT('',#3950);
#1434=VERTEX_POINT('',#3951);
#1435=VERTEX_POINT('',#3953);
#1436=VERTEX_POINT('',#3955);
#1437=VERTEX_POINT('',#3957);
#1438=VERTEX_POINT('',#3959);
#1439=VERTEX_POINT('',#3961);
#1440=VERTEX_POINT('',#3964);
#1441=VERTEX_POINT('',#3965);
#1442=VERTEX_POINT('',#3967);
#1443=VERTEX_POINT('',#3969);
#1444=VERTEX_POINT('',#3971);
#1445=VERTEX_POINT('',#3973);
#1446=VERTEX_POINT('',#3975);
#1447=VERTEX_POINT('',#3977);
#1448=VERTEX_POINT('',#3980);
#1449=VERTEX_POINT('',#3981);
#1450=VERTEX_POINT('',#3983);
#1451=VERTEX_POINT('',#3985);
#1452=VERTEX_POINT('',#3988);
#1453=VERTEX_POINT('',#3989);
#1454=VERTEX_POINT('',#3991);
#1455=VERTEX_POINT('',#3993);
#1456=VERTEX_POINT('',#3995);
#1457=VERTEX_POINT('',#3999);
#1458=VERTEX_POINT('',#4000);
#1459=VERTEX_POINT('',#4003);
#1460=VERTEX_POINT('',#4007);
#1461=VERTEX_POINT('',#4008);
#1462=VERTEX_POINT('',#4011);
#1463=VERTEX_POINT('',#4015);
#1464=VERTEX_POINT('',#4016);
#1465=VERTEX_POINT('',#4019);
#1466=VERTEX_POINT('',#4023);
#1467=VERTEX_POINT('',#4024);
#1468=VERTEX_POINT('',#4027);
#1469=VERTEX_POINT('',#4031);
#1470=VERTEX_POINT('',#4032);
#1471=VERTEX_POINT('',#4035);
#1472=VERTEX_POINT('',#4039);
#1473=VERTEX_POINT('',#4040);
#1474=VERTEX_POINT('',#4043);
#1475=VERTEX_POINT('',#4047);
#1476=VERTEX_POINT('',#4048);
#1477=VERTEX_POINT('',#4051);
#1478=VERTEX_POINT('',#4055);
#1479=VERTEX_POINT('',#4056);
#1480=VERTEX_POINT('',#4059);
#1481=VERTEX_POINT('',#4063);
#1482=VERTEX_POINT('',#4064);
#1483=VERTEX_POINT('',#4067);
#1484=VERTEX_POINT('',#4071);
#1485=VERTEX_POINT('',#4072);
#1486=VERTEX_POINT('',#4075);
#1487=VERTEX_POINT('',#4079);
#1488=VERTEX_POINT('',#4080);
#1489=VERTEX_POINT('',#4086);
#1490=VERTEX_POINT('',#4088);
#1491=VERTEX_POINT('',#4092);
#1492=VERTEX_POINT('',#4096);
#1493=VERTEX_POINT('',#4103);
#1494=VERTEX_POINT('',#4110);
#1495=VERTEX_POINT('',#4112);
#1496=VERTEX_POINT('',#4115);
#1497=VERTEX_POINT('',#4117);
#1498=VERTEX_POINT('',#4120);
#1499=VERTEX_POINT('',#4122);
#1500=VERTEX_POINT('',#4125);
#1501=VERTEX_POINT('',#4127);
#1502=VERTEX_POINT('',#4130);
#1503=VERTEX_POINT('',#4132);
#1504=VERTEX_POINT('',#4135);
#1505=VERTEX_POINT('',#4137);
#1506=VERTEX_POINT('',#4140);
#1507=VERTEX_POINT('',#4142);
#1508=VERTEX_POINT('',#4145);
#1509=VERTEX_POINT('',#4147);
#1510=VERTEX_POINT('',#4150);
#1511=VERTEX_POINT('',#4152);
#1512=VERTEX_POINT('',#4155);
#1513=VERTEX_POINT('',#4157);
#1514=VERTEX_POINT('',#4160);
#1515=VERTEX_POINT('',#4162);
#1516=VERTEX_POINT('',#4165);
#1517=VERTEX_POINT('',#4168);
#1518=VERTEX_POINT('',#4171);
#1519=VERTEX_POINT('',#4174);
#1520=VERTEX_POINT('',#4177);
#1521=VERTEX_POINT('',#4180);
#1522=VERTEX_POINT('',#4183);
#1523=VERTEX_POINT('',#4186);
#1524=VERTEX_POINT('',#4192);
#1525=VERTEX_POINT('',#4196);
#1526=VERTEX_POINT('',#4198);
#1527=VERTEX_POINT('',#4202);
#1528=VERTEX_POINT('',#4206);
#1529=VERTEX_POINT('',#4210);
#1530=VERTEX_POINT('',#4214);
#1531=VERTEX_POINT('',#4218);
#1532=VERTEX_POINT('',#4225);
#1533=VERTEX_POINT('',#4227);
#1534=VERTEX_POINT('',#4231);
#1535=VERTEX_POINT('',#4235);
#1536=VERTEX_POINT('',#4239);
#1537=VERTEX_POINT('',#4243);
#1538=VERTEX_POINT('',#4247);
#1539=VERTEX_POINT('',#4251);
#1540=VERTEX_POINT('',#4259);
#1541=VERTEX_POINT('',#4263);
#1542=VERTEX_POINT('',#4265);
#1543=VERTEX_POINT('',#4281);
#1544=VERTEX_POINT('',#4283);
#1545=VERTEX_POINT('',#4291);
#1546=VERTEX_POINT('',#4295);
#1547=VERTEX_POINT('',#4305);
#1548=VERTEX_POINT('',#4309);
#1549=VERTEX_POINT('',#4319);
#1550=VERTEX_POINT('',#4323);
#1551=VERTEX_POINT('',#4330);
#1552=VERTEX_POINT('',#4334);
#1553=VERTEX_POINT('',#4341);
#1554=VERTEX_POINT('',#4343);
#1555=VERTEX_POINT('',#4351);
#1556=VERTEX_POINT('',#4353);
#1557=VERTEX_POINT('',#4361);
#1558=VERTEX_POINT('',#4363);
#1559=VERTEX_POINT('',#4371);
#1560=VERTEX_POINT('',#4375);
#1561=VERTEX_POINT('',#4382);
#1562=VERTEX_POINT('',#4386);
#1563=VERTEX_POINT('',#4393);
#1564=VERTEX_POINT('',#4397);
#1565=VERTEX_POINT('',#4404);
#1566=VERTEX_POINT('',#4408);
#1567=VERTEX_POINT('',#4415);
#1568=VERTEX_POINT('',#4419);
#1569=VERTEX_POINT('',#4426);
#1570=VERTEX_POINT('',#4430);
#1571=VERTEX_POINT('',#4437);
#1572=VERTEX_POINT('',#4439);
#1573=VERTEX_POINT('',#4447);
#1574=VERTEX_POINT('',#4449);
#1575=VERTEX_POINT('',#4457);
#1576=VERTEX_POINT('',#4459);
#1577=VERTEX_POINT('',#4467);
#1578=VERTEX_POINT('',#4469);
#1579=VERTEX_POINT('',#4477);
#1580=VERTEX_POINT('',#4479);
#1581=VERTEX_POINT('',#4487);
#1582=VERTEX_POINT('',#4489);
#1583=LINE('',#3724,#1880);
#1584=LINE('',#3729,#1881);
#1585=LINE('',#3733,#1882);
#1586=LINE('',#3737,#1883);
#1587=LINE('',#3741,#1884);
#1588=LINE('',#3745,#1885);
#1589=LINE('',#3749,#1886);
#1590=LINE('',#3753,#1887);
#1591=LINE('',#3757,#1888);
#1592=LINE('',#3761,#1889);
#1593=LINE('',#3765,#1890);
#1594=LINE('',#3769,#1891);
#1595=LINE('',#3773,#1892);
#1596=LINE('',#3777,#1893);
#1597=LINE('',#3781,#1894);
#1598=LINE('',#3785,#1895);
#1599=LINE('',#3789,#1896);
#1600=LINE('',#3793,#1897);
#1601=LINE('',#3797,#1898);
#1602=LINE('',#3801,#1899);
#1603=LINE('',#3804,#1900);
#1604=LINE('',#3807,#1901);
#1605=LINE('',#3809,#1902);
#1606=LINE('',#3811,#1903);
#1607=LINE('',#3813,#1904);
#1608=LINE('',#3814,#1905);
#1609=LINE('',#3817,#1906);
#1610=LINE('',#3819,#1907);
#1611=LINE('',#3821,#1908);
#1612=LINE('',#3825,#1909);
#1613=LINE('',#3827,#1910);
#1614=LINE('',#3829,#1911);
#1615=LINE('',#3831,#1912);
#1616=LINE('',#3836,#1913);
#1617=LINE('',#3840,#1914);
#1618=LINE('',#3844,#1915);
#1619=LINE('',#3848,#1916);
#1620=LINE('',#3852,#1917);
#1621=LINE('',#3856,#1918);
#1622=LINE('',#3860,#1919);
#1623=LINE('',#3864,#1920);
#1624=LINE('',#3868,#1921);
#1625=LINE('',#3872,#1922);
#1626=LINE('',#3876,#1923);
#1627=LINE('',#3880,#1924);
#1628=LINE('',#3884,#1925);
#1629=LINE('',#3888,#1926);
#1630=LINE('',#3892,#1927);
#1631=LINE('',#3896,#1928);
#1632=LINE('',#3900,#1929);
#1633=LINE('',#3904,#1930);
#1634=LINE('',#3908,#1931);
#1635=LINE('',#3912,#1932);
#1636=LINE('',#3913,#1933);
#1637=LINE('',#3916,#1934);
#1638=LINE('',#3920,#1935);
#1639=LINE('',#3922,#1936);
#1640=LINE('',#3924,#1937);
#1641=LINE('',#3926,#1938);
#1642=LINE('',#3928,#1939);
#1643=LINE('',#3930,#1940);
#1644=LINE('',#3932,#1941);
#1645=LINE('',#3934,#1942);
#1646=LINE('',#3938,#1943);
#1647=LINE('',#3940,#1944);
#1648=LINE('',#3941,#1945);
#1649=LINE('',#3944,#1946);
#1650=LINE('',#3946,#1947);
#1651=LINE('',#3948,#1948);
#1652=LINE('',#3949,#1949);
#1653=LINE('',#3952,#1950);
#1654=LINE('',#3954,#1951);
#1655=LINE('',#3956,#1952);
#1656=LINE('',#3958,#1953);
#1657=LINE('',#3960,#1954);
#1658=LINE('',#3962,#1955);
#1659=LINE('',#3963,#1956);
#1660=LINE('',#3966,#1957);
#1661=LINE('',#3968,#1958);
#1662=LINE('',#3970,#1959);
#1663=LINE('',#3972,#1960);
#1664=LINE('',#3974,#1961);
#1665=LINE('',#3976,#1962);
#1666=LINE('',#3978,#1963);
#1667=LINE('',#3979,#1964);
#1668=LINE('',#3982,#1965);
#1669=LINE('',#3984,#1966);
#1670=LINE('',#3986,#1967);
#1671=LINE('',#3987,#1968);
#1672=LINE('',#3992,#1969);
#1673=LINE('',#3994,#1970);
#1674=LINE('',#3996,#1971);
#1675=LINE('',#3998,#1972);
#1676=LINE('',#4001,#1973);
#1677=LINE('',#4002,#1974);
#1678=LINE('',#4004,#1975);
#1679=LINE('',#4006,#1976);
#1680=LINE('',#4009,#1977);
#1681=LINE('',#4010,#1978);
#1682=LINE('',#4012,#1979);
#1683=LINE('',#4014,#1980);
#1684=LINE('',#4017,#1981);
#1685=LINE('',#4018,#1982);
#1686=LINE('',#4020,#1983);
#1687=LINE('',#4022,#1984);
#1688=LINE('',#4025,#1985);
#1689=LINE('',#4026,#1986);
#1690=LINE('',#4028,#1987);
#1691=LINE('',#4030,#1988);
#1692=LINE('',#4033,#1989);
#1693=LINE('',#4034,#1990);
#1694=LINE('',#4036,#1991);
#1695=LINE('',#4038,#1992);
#1696=LINE('',#4041,#1993);
#1697=LINE('',#4042,#1994);
#1698=LINE('',#4044,#1995);
#1699=LINE('',#4046,#1996);
#1700=LINE('',#4049,#1997);
#1701=LINE('',#4050,#1998);
#1702=LINE('',#4052,#1999);
#1703=LINE('',#4054,#2000);
#1704=LINE('',#4057,#2001);
#1705=LINE('',#4058,#2002);
#1706=LINE('',#4060,#2003);
#1707=LINE('',#4062,#2004);
#1708=LINE('',#4065,#2005);
#1709=LINE('',#4066,#2006);
#1710=LINE('',#4068,#2007);
#1711=LINE('',#4070,#2008);
#1712=LINE('',#4073,#2009);
#1713=LINE('',#4074,#2010);
#1714=LINE('',#4076,#2011);
#1715=LINE('',#4078,#2012);
#1716=LINE('',#4081,#2013);
#1717=LINE('',#4082,#2014);
#1718=LINE('',#4083,#2015);
#1719=LINE('',#4085,#2016);
#1720=LINE('',#4087,#2017);
#1721=LINE('',#4089,#2018);
#1722=LINE('',#4091,#2019);
#1723=LINE('',#4093,#2020);
#1724=LINE('',#4095,#2021);
#1725=LINE('',#4097,#2022);
#1726=LINE('',#4099,#2023);
#1727=LINE('',#4101,#2024);
#1728=LINE('',#4102,#2025);
#1729=LINE('',#4104,#2026);
#1730=LINE('',#4106,#2027);
#1731=LINE('',#4107,#2028);
#1732=LINE('',#4109,#2029);
#1733=LINE('',#4113,#2030);
#1734=LINE('',#4114,#2031);
#1735=LINE('',#4118,#2032);
#1736=LINE('',#4119,#2033);
#1737=LINE('',#4123,#2034);
#1738=LINE('',#4124,#2035);
#1739=LINE('',#4128,#2036);
#1740=LINE('',#4129,#2037);
#1741=LINE('',#4133,#2038);
#1742=LINE('',#4134,#2039);
#1743=LINE('',#4138,#2040);
#1744=LINE('',#4139,#2041);
#1745=LINE('',#4143,#2042);
#1746=LINE('',#4144,#2043);
#1747=LINE('',#4148,#2044);
#1748=LINE('',#4149,#2045);
#1749=LINE('',#4153,#2046);
#1750=LINE('',#4154,#2047);
#1751=LINE('',#4158,#2048);
#1752=LINE('',#4161,#2049);
#1753=LINE('',#4164,#2050);
#1754=LINE('',#4167,#2051);
#1755=LINE('',#4170,#2052);
#1756=LINE('',#4173,#2053);
#1757=LINE('',#4176,#2054);
#1758=LINE('',#4179,#2055);
#1759=LINE('',#4182,#2056);
#1760=LINE('',#4185,#2057);
#1761=LINE('',#4188,#2058);
#1762=LINE('',#4191,#2059);
#1763=LINE('',#4193,#2060);
#1764=LINE('',#4195,#2061);
#1765=LINE('',#4197,#2062);
#1766=LINE('',#4199,#2063);
#1767=LINE('',#4201,#2064);
#1768=LINE('',#4203,#2065);
#1769=LINE('',#4205,#2066);
#1770=LINE('',#4207,#2067);
#1771=LINE('',#4209,#2068);
#1772=LINE('',#4211,#2069);
#1773=LINE('',#4213,#2070);
#1774=LINE('',#4215,#2071);
#1775=LINE('',#4217,#2072);
#1776=LINE('',#4219,#2073);
#1777=LINE('',#4221,#2074);
#1778=LINE('',#4224,#2075);
#1779=LINE('',#4226,#2076);
#1780=LINE('',#4228,#2077);
#1781=LINE('',#4230,#2078);
#1782=LINE('',#4232,#2079);
#1783=LINE('',#4234,#2080);
#1784=LINE('',#4236,#2081);
#1785=LINE('',#4238,#2082);
#1786=LINE('',#4240,#2083);
#1787=LINE('',#4242,#2084);
#1788=LINE('',#4244,#2085);
#1789=LINE('',#4246,#2086);
#1790=LINE('',#4248,#2087);
#1791=LINE('',#4250,#2088);
#1792=LINE('',#4252,#2089);
#1793=LINE('',#4254,#2090);
#1794=LINE('',#4258,#2091);
#1795=LINE('',#4260,#2092);
#1796=LINE('',#4262,#2093);
#1797=LINE('',#4264,#2094);
#1798=LINE('',#4267,#2095);
#1799=LINE('',#4271,#2096);
#1800=LINE('',#4272,#2097);
#1801=LINE('',#4274,#2098);
#1802=LINE('',#4276,#2099);
#1803=LINE('',#4280,#2100);
#1804=LINE('',#4282,#2101);
#1805=LINE('',#4284,#2102);
#1806=LINE('',#4290,#2103);
#1807=LINE('',#4292,#2104);
#1808=LINE('',#4294,#2105);
#1809=LINE('',#4296,#2106);
#1810=LINE('',#4301,#2107);
#1811=LINE('',#4304,#2108);
#1812=LINE('',#4306,#2109);
#1813=LINE('',#4308,#2110);
#1814=LINE('',#4310,#2111);
#1815=LINE('',#4315,#2112);
#1816=LINE('',#4318,#2113);
#1817=LINE('',#4320,#2114);
#1818=LINE('',#4322,#2115);
#1819=LINE('',#4324,#2116);
#1820=LINE('',#4329,#2117);
#1821=LINE('',#4331,#2118);
#1822=LINE('',#4333,#2119);
#1823=LINE('',#4335,#2120);
#1824=LINE('',#4340,#2121);
#1825=LINE('',#4342,#2122);
#1826=LINE('',#4344,#2123);
#1827=LINE('',#4350,#2124);
#1828=LINE('',#4352,#2125);
#1829=LINE('',#4354,#2126);
#1830=LINE('',#4360,#2127);
#1831=LINE('',#4362,#2128);
#1832=LINE('',#4364,#2129);
#1833=LINE('',#4370,#2130);
#1834=LINE('',#4372,#2131);
#1835=LINE('',#4374,#2132);
#1836=LINE('',#4376,#2133);
#1837=LINE('',#4381,#2134);
#1838=LINE('',#4383,#2135);
#1839=LINE('',#4385,#2136);
#1840=LINE('',#4387,#2137);
#1841=LINE('',#4392,#2138);
#1842=LINE('',#4394,#2139);
#1843=LINE('',#4396,#2140);
#1844=LINE('',#4398,#2141);
#1845=LINE('',#4403,#2142);
#1846=LINE('',#4405,#2143);
#1847=LINE('',#4407,#2144);
#1848=LINE('',#4409,#2145);
#1849=LINE('',#4414,#2146);
#1850=LINE('',#4416,#2147);
#1851=LINE('',#4418,#2148);
#1852=LINE('',#4420,#2149);
#1853=LINE('',#4425,#2150);
#1854=LINE('',#4427,#2151);
#1855=LINE('',#4429,#2152);
#1856=LINE('',#4431,#2153);
#1857=LINE('',#4436,#2154);
#1858=LINE('',#4438,#2155);
#1859=LINE('',#4440,#2156);
#1860=LINE('',#4446,#2157);
#1861=LINE('',#4448,#2158);
#1862=LINE('',#4450,#2159);
#1863=LINE('',#4456,#2160);
#1864=LINE('',#4458,#2161);
#1865=LINE('',#4460,#2162);
#1866=LINE('',#4466,#2163);
#1867=LINE('',#4468,#2164);
#1868=LINE('',#4470,#2165);
#1869=LINE('',#4476,#2166);
#1870=LINE('',#4478,#2167);
#1871=LINE('',#4480,#2168);
#1872=LINE('',#4486,#2169);
#1873=LINE('',#4488,#2170);
#1874=LINE('',#4490,#2171);
#1875=LINE('',#4506,#2172);
#1876=LINE('',#4507,#2173);
#1877=LINE('',#4509,#2174);
#1878=LINE('',#4511,#2175);
#1879=LINE('',#4513,#2176);
#1880=VECTOR('',#2961,1.);
#1881=VECTOR('',#2964,1.);
#1882=VECTOR('',#2967,1.);
#1883=VECTOR('',#2970,1.);
#1884=VECTOR('',#2973,1.);
#1885=VECTOR('',#2976,1.);
#1886=VECTOR('',#2979,1.);
#1887=VECTOR('',#2982,1.);
#1888=VECTOR('',#2985,1.);
#1889=VECTOR('',#2988,1.);
#1890=VECTOR('',#2991,1.);
#1891=VECTOR('',#2994,1.);
#1892=VECTOR('',#2997,1.);
#1893=VECTOR('',#3000,1.);
#1894=VECTOR('',#3003,1.);
#1895=VECTOR('',#3006,1.);
#1896=VECTOR('',#3009,1.);
#1897=VECTOR('',#3012,1.);
#1898=VECTOR('',#3015,1.);
#1899=VECTOR('',#3018,1.);
#1900=VECTOR('',#3021,1.);
#1901=VECTOR('',#3022,1.);
#1902=VECTOR('',#3023,1.);
#1903=VECTOR('',#3024,1.);
#1904=VECTOR('',#3025,1.);
#1905=VECTOR('',#3026,1.);
#1906=VECTOR('',#3027,1.);
#1907=VECTOR('',#3028,1.);
#1908=VECTOR('',#3029,1.);
#1909=VECTOR('',#3032,1.);
#1910=VECTOR('',#3033,1.);
#1911=VECTOR('',#3034,1.);
#1912=VECTOR('',#3035,1.);
#1913=VECTOR('',#3040,1.);
#1914=VECTOR('',#3043,1.);
#1915=VECTOR('',#3046,1.);
#1916=VECTOR('',#3049,1.);
#1917=VECTOR('',#3052,1.);
#1918=VECTOR('',#3055,1.);
#1919=VECTOR('',#3058,1.);
#1920=VECTOR('',#3061,1.);
#1921=VECTOR('',#3064,1.);
#1922=VECTOR('',#3067,1.);
#1923=VECTOR('',#3070,1.);
#1924=VECTOR('',#3073,1.);
#1925=VECTOR('',#3076,1.);
#1926=VECTOR('',#3079,1.);
#1927=VECTOR('',#3082,1.);
#1928=VECTOR('',#3085,1.);
#1929=VECTOR('',#3088,1.);
#1930=VECTOR('',#3091,1.);
#1931=VECTOR('',#3094,1.);
#1932=VECTOR('',#3097,1.);
#1933=VECTOR('',#3098,1.);
#1934=VECTOR('',#3099,1.);
#1935=VECTOR('',#3102,1.);
#1936=VECTOR('',#3103,1.);
#1937=VECTOR('',#3104,1.);
#1938=VECTOR('',#3105,1.);
#1939=VECTOR('',#3106,1.);
#1940=VECTOR('',#3107,1.);
#1941=VECTOR('',#3108,1.);
#1942=VECTOR('',#3109,1.);
#1943=VECTOR('',#3112,1.);
#1944=VECTOR('',#3113,1.);
#1945=VECTOR('',#3114,1.);
#1946=VECTOR('',#3115,1.);
#1947=VECTOR('',#3116,1.);
#1948=VECTOR('',#3117,1.);
#1949=VECTOR('',#3118,1.);
#1950=VECTOR('',#3119,1.);
#1951=VECTOR('',#3120,1.);
#1952=VECTOR('',#3121,1.);
#1953=VECTOR('',#3122,1.);
#1954=VECTOR('',#3123,1.);
#1955=VECTOR('',#3124,1.);
#1956=VECTOR('',#3125,1.);
#1957=VECTOR('',#3126,1.);
#1958=VECTOR('',#3127,1.);
#1959=VECTOR('',#3128,1.);
#1960=VECTOR('',#3129,1.);
#1961=VECTOR('',#3130,1.);
#1962=VECTOR('',#3131,1.);
#1963=VECTOR('',#3132,1.);
#1964=VECTOR('',#3133,1.);
#1965=VECTOR('',#3134,1.);
#1966=VECTOR('',#3135,1.);
#1967=VECTOR('',#3136,1.);
#1968=VECTOR('',#3137,1.);
#1969=VECTOR('',#3140,1.);
#1970=VECTOR('',#3141,1.);
#1971=VECTOR('',#3142,1.);
#1972=VECTOR('',#3145,1.);
#1973=VECTOR('',#3146,1.);
#1974=VECTOR('',#3147,1.);
#1975=VECTOR('',#3148,1.);
#1976=VECTOR('',#3151,1.);
#1977=VECTOR('',#3152,1.);
#1978=VECTOR('',#3153,1.);
#1979=VECTOR('',#3154,1.);
#1980=VECTOR('',#3157,1.);
#1981=VECTOR('',#3158,1.);
#1982=VECTOR('',#3159,1.);
#1983=VECTOR('',#3160,1.);
#1984=VECTOR('',#3163,1.);
#1985=VECTOR('',#3164,1.);
#1986=VECTOR('',#3165,1.);
#1987=VECTOR('',#3166,1.);
#1988=VECTOR('',#3169,1.);
#1989=VECTOR('',#3170,1.);
#1990=VECTOR('',#3171,1.);
#1991=VECTOR('',#3172,1.);
#1992=VECTOR('',#3175,1.);
#1993=VECTOR('',#3176,1.);
#1994=VECTOR('',#3177,1.);
#1995=VECTOR('',#3178,1.);
#1996=VECTOR('',#3181,1.);
#1997=VECTOR('',#3182,1.);
#1998=VECTOR('',#3183,1.);
#1999=VECTOR('',#3184,1.);
#2000=VECTOR('',#3187,1.);
#2001=VECTOR('',#3188,1.);
#2002=VECTOR('',#3189,1.);
#2003=VECTOR('',#3190,1.);
#2004=VECTOR('',#3193,1.);
#2005=VECTOR('',#3194,1.);
#2006=VECTOR('',#3195,1.);
#2007=VECTOR('',#3196,1.);
#2008=VECTOR('',#3199,1.);
#2009=VECTOR('',#3200,1.);
#2010=VECTOR('',#3201,1.);
#2011=VECTOR('',#3202,1.);
#2012=VECTOR('',#3205,1.);
#2013=VECTOR('',#3206,1.);
#2014=VECTOR('',#3207,1.);
#2015=VECTOR('',#3208,1.);
#2016=VECTOR('',#3211,1.);
#2017=VECTOR('',#3212,1.);
#2018=VECTOR('',#3213,1.);
#2019=VECTOR('',#3216,1.);
#2020=VECTOR('',#3217,1.);
#2021=VECTOR('',#3220,1.);
#2022=VECTOR('',#3221,1.);
#2023=VECTOR('',#3224,1.);
#2024=VECTOR('',#3227,1.);
#2025=VECTOR('',#3228,1.);
#2026=VECTOR('',#3229,1.);
#2027=VECTOR('',#3232,1.);
#2028=VECTOR('',#3233,1.);
#2029=VECTOR('',#3236,1.);
#2030=VECTOR('',#3239,1.);
#2031=VECTOR('',#3240,1.);
#2032=VECTOR('',#3243,1.);
#2033=VECTOR('',#3244,1.);
#2034=VECTOR('',#3247,1.);
#2035=VECTOR('',#3248,1.);
#2036=VECTOR('',#3251,1.);
#2037=VECTOR('',#3252,1.);
#2038=VECTOR('',#3255,1.);
#2039=VECTOR('',#3256,1.);
#2040=VECTOR('',#3259,1.);
#2041=VECTOR('',#3260,1.);
#2042=VECTOR('',#3263,1.);
#2043=VECTOR('',#3264,1.);
#2044=VECTOR('',#3267,1.);
#2045=VECTOR('',#3268,1.);
#2046=VECTOR('',#3271,1.);
#2047=VECTOR('',#3272,1.);
#2048=VECTOR('',#3275,1.);
#2049=VECTOR('',#3278,1.);
#2050=VECTOR('',#3281,1.);
#2051=VECTOR('',#3284,1.);
#2052=VECTOR('',#3287,1.);
#2053=VECTOR('',#3290,1.);
#2054=VECTOR('',#3293,1.);
#2055=VECTOR('',#3296,1.);
#2056=VECTOR('',#3299,1.);
#2057=VECTOR('',#3302,1.);
#2058=VECTOR('',#3305,1.);
#2059=VECTOR('',#3310,1.);
#2060=VECTOR('',#3311,1.);
#2061=VECTOR('',#3314,1.);
#2062=VECTOR('',#3315,1.);
#2063=VECTOR('',#3316,1.);
#2064=VECTOR('',#3319,1.);
#2065=VECTOR('',#3320,1.);
#2066=VECTOR('',#3323,1.);
#2067=VECTOR('',#3324,1.);
#2068=VECTOR('',#3327,1.);
#2069=VECTOR('',#3328,1.);
#2070=VECTOR('',#3331,1.);
#2071=VECTOR('',#3332,1.);
#2072=VECTOR('',#3335,1.);
#2073=VECTOR('',#3336,1.);
#2074=VECTOR('',#3339,1.);
#2075=VECTOR('',#3344,1.);
#2076=VECTOR('',#3345,1.);
#2077=VECTOR('',#3346,1.);
#2078=VECTOR('',#3349,1.);
#2079=VECTOR('',#3350,1.);
#2080=VECTOR('',#3353,1.);
#2081=VECTOR('',#3354,1.);
#2082=VECTOR('',#3357,1.);
#2083=VECTOR('',#3358,1.);
#2084=VECTOR('',#3361,1.);
#2085=VECTOR('',#3362,1.);
#2086=VECTOR('',#3365,1.);
#2087=VECTOR('',#3366,1.);
#2088=VECTOR('',#3369,1.);
#2089=VECTOR('',#3370,1.);
#2090=VECTOR('',#3373,1.);
#2091=VECTOR('',#3380,1.);
#2092=VECTOR('',#3381,1.);
#2093=VECTOR('',#3384,1.);
#2094=VECTOR('',#3385,1.);
#2095=VECTOR('',#3388,1.);
#2096=VECTOR('',#3395,1.);
#2097=VECTOR('',#3396,1.);
#2098=VECTOR('',#3399,1.);
#2099=VECTOR('',#3402,1.);
#2100=VECTOR('',#3409,1.);
#2101=VECTOR('',#3410,1.);
#2102=VECTOR('',#3411,1.);
#2103=VECTOR('',#3422,1.);
#2104=VECTOR('',#3423,1.);
#2105=VECTOR('',#3426,1.);
#2106=VECTOR('',#3427,1.);
#2107=VECTOR('',#3436,1.);
#2108=VECTOR('',#3441,1.);
#2109=VECTOR('',#3442,1.);
#2110=VECTOR('',#3445,1.);
#2111=VECTOR('',#3446,1.);
#2112=VECTOR('',#3455,1.);
#2113=VECTOR('',#3460,1.);
#2114=VECTOR('',#3461,1.);
#2115=VECTOR('',#3464,1.);
#2116=VECTOR('',#3465,1.);
#2117=VECTOR('',#3474,1.);
#2118=VECTOR('',#3475,1.);
#2119=VECTOR('',#3478,1.);
#2120=VECTOR('',#3479,1.);
#2121=VECTOR('',#3488,1.);
#2122=VECTOR('',#3489,1.);
#2123=VECTOR('',#3490,1.);
#2124=VECTOR('',#3501,1.);
#2125=VECTOR('',#3502,1.);
#2126=VECTOR('',#3503,1.);
#2127=VECTOR('',#3514,1.);
#2128=VECTOR('',#3515,1.);
#2129=VECTOR('',#3516,1.);
#2130=VECTOR('',#3527,1.);
#2131=VECTOR('',#3528,1.);
#2132=VECTOR('',#3531,1.);
#2133=VECTOR('',#3532,1.);
#2134=VECTOR('',#3541,1.);
#2135=VECTOR('',#3542,1.);
#2136=VECTOR('',#3545,1.);
#2137=VECTOR('',#3546,1.);
#2138=VECTOR('',#3555,1.);
#2139=VECTOR('',#3556,1.);
#2140=VECTOR('',#3559,1.);
#2141=VECTOR('',#3560,1.);
#2142=VECTOR('',#3569,1.);
#2143=VECTOR('',#3570,1.);
#2144=VECTOR('',#3573,1.);
#2145=VECTOR('',#3574,1.);
#2146=VECTOR('',#3583,1.);
#2147=VECTOR('',#3584,1.);
#2148=VECTOR('',#3587,1.);
#2149=VECTOR('',#3588,1.);
#2150=VECTOR('',#3597,1.);
#2151=VECTOR('',#3598,1.);
#2152=VECTOR('',#3601,1.);
#2153=VECTOR('',#3602,1.);
#2154=VECTOR('',#3611,1.);
#2155=VECTOR('',#3612,1.);
#2156=VECTOR('',#3613,1.);
#2157=VECTOR('',#3624,1.);
#2158=VECTOR('',#3625,1.);
#2159=VECTOR('',#3626,1.);
#2160=VECTOR('',#3637,1.);
#2161=VECTOR('',#3638,1.);
#2162=VECTOR('',#3639,1.);
#2163=VECTOR('',#3650,1.);
#2164=VECTOR('',#3651,1.);
#2165=VECTOR('',#3652,1.);
#2166=VECTOR('',#3663,1.);
#2167=VECTOR('',#3664,1.);
#2168=VECTOR('',#3665,1.);
#2169=VECTOR('',#3676,1.);
#2170=VECTOR('',#3677,1.);
#2171=VECTOR('',#3678,1.);
#2172=VECTOR('',#3709,1.);
#2173=VECTOR('',#3710,1.);
#2174=VECTOR('',#3713,1.);
#2175=VECTOR('',#3716,1.);
#2176=VECTOR('',#3719,1.);
#2177=EDGE_LOOP('',(#142,#143,#144,#145,#146,#147,#148,#149,#150,#151,#152,
#153,#154,#155,#156,#157,#158,#159,#160,#161,#162,#163,#164,#165,#166,#167,
#168,#169,#170,#171,#172,#173,#174,#175,#176,#177,#178,#179,#180,#181));
#2178=EDGE_LOOP('',(#182,#183,#184,#185,#186));
#2179=EDGE_LOOP('',(#187,#188,#189,#190));
#2180=EDGE_LOOP('',(#191,#192,#193,#194,#195));
#2181=EDGE_LOOP('',(#196,#197,#198,#199,#200,#201,#202,#203,#204,#205,#206,
#207,#208,#209,#210,#211,#212,#213,#214,#215,#216,#217,#218,#219,#220,#221,
#222,#223,#224,#225,#226,#227,#228,#229,#230,#231,#232,#233,#234,#235));
#2182=EDGE_LOOP('',(#236,#237,#238,#239,#240,#241,#242,#243,#244,#245,#246,
#247,#248,#249));
#2183=EDGE_LOOP('',(#250,#251,#252,#253));
#2184=EDGE_LOOP('',(#254,#255,#256,#257,#258,#259,#260));
#2185=EDGE_LOOP('',(#261,#262,#263,#264,#265,#266,#267,#268));
#2186=EDGE_LOOP('',(#269,#270,#271,#272));
#2187=EDGE_LOOP('',(#273,#274,#275,#276,#277));
#2188=EDGE_LOOP('',(#278,#279,#280,#281,#282));
#2189=EDGE_LOOP('',(#283,#284,#285,#286,#287));
#2190=EDGE_LOOP('',(#288,#289,#290,#291,#292));
#2191=EDGE_LOOP('',(#293,#294,#295,#296,#297));
#2192=EDGE_LOOP('',(#298,#299,#300,#301,#302));
#2193=EDGE_LOOP('',(#303,#304,#305,#306,#307));
#2194=EDGE_LOOP('',(#308,#309,#310,#311,#312));
#2195=EDGE_LOOP('',(#313,#314,#315,#316,#317));
#2196=EDGE_LOOP('',(#318,#319,#320,#321,#322));
#2197=EDGE_LOOP('',(#323,#324,#325,#326,#327));
#2198=EDGE_LOOP('',(#328,#329,#330,#331,#332,#333));
#2199=EDGE_LOOP('',(#334,#335,#336,#337));
#2200=EDGE_LOOP('',(#338,#339,#340,#341));
#2201=EDGE_LOOP('',(#342,#343,#344,#345));
#2202=EDGE_LOOP('',(#346,#347,#348,#349));
#2203=EDGE_LOOP('',(#350,#351,#352,#353,#354,#355));
#2204=EDGE_LOOP('',(#356,#357,#358,#359));
#2205=EDGE_LOOP('',(#360,#361,#362,#363,#364,#365,#366,#367,#368,#369,#370,
#371,#372,#373,#374,#375,#376,#377,#378,#379,#380,#381,#382,#383,#384,#385,
#386,#387,#388,#389,#390,#391,#392,#393,#394,#395,#396,#397,#398,#399));
#2206=EDGE_LOOP('',(#400,#401,#402,#403,#404,#405,#406,#407,#408,#409,#410,
#411,#412,#413,#414,#415,#416,#417,#418,#419,#420,#421,#422,#423,#424,#425,
#426,#427,#428,#429,#430,#431,#432,#433,#434,#435,#436,#437,#438,#439));
#2207=EDGE_LOOP('',(#440,#441,#442,#443));
#2208=EDGE_LOOP('',(#444,#445,#446));
#2209=EDGE_LOOP('',(#447,#448,#449,#450));
#2210=EDGE_LOOP('',(#451,#452,#453,#454));
#2211=EDGE_LOOP('',(#455,#456,#457,#458));
#2212=EDGE_LOOP('',(#459,#460,#461,#462));
#2213=EDGE_LOOP('',(#463,#464,#465,#466));
#2214=EDGE_LOOP('',(#467,#468,#469,#470));
#2215=EDGE_LOOP('',(#471,#472,#473,#474));
#2216=EDGE_LOOP('',(#475,#476,#477,#478,#479,#480,#481));
#2217=EDGE_LOOP('',(#482,#483,#484,#485));
#2218=EDGE_LOOP('',(#486,#487,#488,#489));
#2219=EDGE_LOOP('',(#490,#491,#492,#493));
#2220=EDGE_LOOP('',(#494,#495,#496,#497));
#2221=EDGE_LOOP('',(#498,#499,#500,#501));
#2222=EDGE_LOOP('',(#502,#503,#504,#505));
#2223=EDGE_LOOP('',(#506,#507,#508,#509));
#2224=EDGE_LOOP('',(#510,#511,#512,#513));
#2225=EDGE_LOOP('',(#514,#515,#516,#517,#518,#519,#520,#521));
#2226=EDGE_LOOP('',(#522,#523,#524,#525));
#2227=EDGE_LOOP('',(#526,#527,#528,#529));
#2228=EDGE_LOOP('',(#530,#531,#532,#533,#534,#535,#536,#537,#538,#539,#540));
#2229=EDGE_LOOP('',(#541,#542,#543));
#2230=EDGE_LOOP('',(#544,#545,#546,#547));
#2231=EDGE_LOOP('',(#548,#549,#550,#551));
#2232=EDGE_LOOP('',(#552,#553,#554,#555));
#2233=EDGE_LOOP('',(#556,#557,#558,#559));
#2234=EDGE_LOOP('',(#560,#561,#562,#563));
#2235=EDGE_LOOP('',(#564,#565,#566,#567,#568));
#2236=EDGE_LOOP('',(#569,#570,#571,#572));
#2237=EDGE_LOOP('',(#573,#574,#575,#576));
#2238=EDGE_LOOP('',(#577,#578,#579,#580));
#2239=EDGE_LOOP('',(#581,#582,#583,#584));
#2240=EDGE_LOOP('',(#585,#586,#587,#588));
#2241=EDGE_LOOP('',(#589,#590,#591,#592));
#2242=EDGE_LOOP('',(#593,#594,#595));
#2243=EDGE_LOOP('',(#596,#597,#598));
#2244=EDGE_LOOP('',(#599,#600,#601,#602));
#2245=EDGE_LOOP('',(#603,#604,#605,#606));
#2246=EDGE_LOOP('',(#607,#608,#609,#610));
#2247=EDGE_LOOP('',(#611,#612,#613,#614));
#2248=EDGE_LOOP('',(#615,#616,#617,#618));
#2249=EDGE_LOOP('',(#619,#620,#621,#622));
#2250=EDGE_LOOP('',(#623,#624,#625,#626));
#2251=EDGE_LOOP('',(#627,#628,#629,#630));
#2252=EDGE_LOOP('',(#631,#632,#633,#634));
#2253=EDGE_LOOP('',(#635,#636,#637,#638));
#2254=EDGE_LOOP('',(#639,#640,#641,#642));
#2255=EDGE_LOOP('',(#643,#644,#645,#646));
#2256=EDGE_LOOP('',(#647,#648,#649,#650));
#2257=EDGE_LOOP('',(#651,#652,#653,#654));
#2258=EDGE_LOOP('',(#655,#656,#657,#658,#659));
#2259=EDGE_LOOP('',(#660,#661,#662,#663));
#2260=EDGE_LOOP('',(#664,#665,#666,#667));
#2261=EDGE_LOOP('',(#668,#669,#670,#671,#672));
#2262=EDGE_LOOP('',(#673,#674,#675,#676));
#2263=EDGE_LOOP('',(#677,#678,#679,#680));
#2264=EDGE_LOOP('',(#681,#682,#683,#684,#685));
#2265=EDGE_LOOP('',(#686,#687,#688,#689));
#2266=EDGE_LOOP('',(#690,#691,#692,#693));
#2267=EDGE_LOOP('',(#694,#695,#696,#697));
#2268=EDGE_LOOP('',(#698,#699,#700,#701));
#2269=EDGE_LOOP('',(#702,#703,#704,#705));
#2270=EDGE_LOOP('',(#706,#707,#708,#709));
#2271=EDGE_LOOP('',(#710,#711,#712,#713));
#2272=EDGE_LOOP('',(#714,#715,#716,#717));
#2273=EDGE_LOOP('',(#718,#719,#720,#721));
#2274=EDGE_LOOP('',(#722,#723,#724,#725));
#2275=EDGE_LOOP('',(#726,#727,#728,#729));
#2276=EDGE_LOOP('',(#730,#731,#732,#733));
#2277=EDGE_LOOP('',(#734,#735,#736,#737));
#2278=EDGE_LOOP('',(#738,#739,#740,#741));
#2279=EDGE_LOOP('',(#742,#743,#744,#745));
#2280=EDGE_LOOP('',(#746,#747,#748,#749));
#2281=EDGE_LOOP('',(#750,#751,#752,#753));
#2282=EDGE_LOOP('',(#754,#755,#756,#757));
#2283=EDGE_LOOP('',(#758,#759,#760,#761));
#2284=EDGE_LOOP('',(#762,#763,#764,#765));
#2285=EDGE_LOOP('',(#766,#767,#768,#769));
#2286=EDGE_LOOP('',(#770,#771,#772,#773));
#2287=EDGE_LOOP('',(#774,#775,#776,#777));
#2288=EDGE_LOOP('',(#778,#779,#780,#781));
#2289=EDGE_LOOP('',(#782,#783,#784,#785));
#2290=EDGE_LOOP('',(#786,#787,#788,#789));
#2291=EDGE_LOOP('',(#790,#791,#792,#793,#794));
#2292=EDGE_LOOP('',(#795,#796,#797,#798));
#2293=EDGE_LOOP('',(#799,#800,#801,#802));
#2294=EDGE_LOOP('',(#803,#804,#805,#806,#807));
#2295=EDGE_LOOP('',(#808,#809,#810,#811));
#2296=EDGE_LOOP('',(#812,#813,#814,#815));
#2297=EDGE_LOOP('',(#816,#817,#818,#819,#820));
#2298=EDGE_LOOP('',(#821,#822,#823,#824));
#2299=EDGE_LOOP('',(#825,#826,#827,#828));
#2300=EDGE_LOOP('',(#829,#830,#831,#832,#833));
#2301=EDGE_LOOP('',(#834,#835,#836,#837));
#2302=EDGE_LOOP('',(#838,#839,#840,#841));
#2303=EDGE_LOOP('',(#842,#843,#844,#845,#846));
#2304=EDGE_LOOP('',(#847,#848,#849,#850));
#2305=EDGE_LOOP('',(#851,#852,#853,#854));
#2306=EDGE_LOOP('',(#855,#856,#857,#858,#859));
#2307=EDGE_LOOP('',(#860,#861,#862,#863));
#2308=EDGE_LOOP('',(#864,#865,#866,#867));
#2309=EDGE_LOOP('',(#868,#869,#870,#871));
#2310=EDGE_LOOP('',(#872,#873,#874,#875));
#2311=EDGE_LOOP('',(#876,#877,#878,#879));
#2312=EDGE_LOOP('',(#880,#881,#882,#883));
#2313=EDGE_LOOP('',(#884,#885,#886,#887));
#2314=EDGE_LOOP('',(#888,#889,#890,#891));
#2315=EDGE_LOOP('',(#892,#893,#894,#895));
#2316=EDGE_LOOP('',(#896,#897,#898,#899));
#2317=EDGE_LOOP('',(#900,#901,#902,#903));
#2318=EDGE_LOOP('',(#904,#905,#906,#907));
#2319=EDGE_LOOP('',(#908,#909,#910,#911));
#2320=EDGE_LOOP('',(#912,#913,#914,#915));
#2321=EDGE_LOOP('',(#916,#917,#918,#919));
#2322=EDGE_LOOP('',(#920,#921,#922,#923));
#2323=EDGE_LOOP('',(#924,#925,#926,#927));
#2324=FACE_BOUND('',#2177,.T.);
#2325=FACE_BOUND('',#2178,.T.);
#2326=FACE_BOUND('',#2179,.T.);
#2327=FACE_BOUND('',#2180,.T.);
#2328=FACE_BOUND('',#2181,.T.);
#2329=FACE_BOUND('',#2182,.T.);
#2330=FACE_BOUND('',#2183,.T.);
#2331=FACE_BOUND('',#2184,.T.);
#2332=FACE_BOUND('',#2185,.T.);
#2333=FACE_BOUND('',#2186,.T.);
#2334=FACE_BOUND('',#2187,.T.);
#2335=FACE_BOUND('',#2188,.T.);
#2336=FACE_BOUND('',#2189,.T.);
#2337=FACE_BOUND('',#2190,.T.);
#2338=FACE_BOUND('',#2191,.T.);
#2339=FACE_BOUND('',#2192,.T.);
#2340=FACE_BOUND('',#2193,.T.);
#2341=FACE_BOUND('',#2194,.T.);
#2342=FACE_BOUND('',#2195,.T.);
#2343=FACE_BOUND('',#2196,.T.);
#2344=FACE_BOUND('',#2197,.T.);
#2345=FACE_BOUND('',#2198,.T.);
#2346=FACE_BOUND('',#2199,.T.);
#2347=FACE_BOUND('',#2200,.T.);
#2348=FACE_BOUND('',#2201,.T.);
#2349=FACE_BOUND('',#2202,.T.);
#2350=FACE_BOUND('',#2203,.T.);
#2351=FACE_BOUND('',#2204,.T.);
#2352=FACE_BOUND('',#2205,.T.);
#2353=FACE_BOUND('',#2206,.T.);
#2354=FACE_BOUND('',#2207,.T.);
#2355=FACE_BOUND('',#2208,.T.);
#2356=FACE_BOUND('',#2209,.T.);
#2357=FACE_BOUND('',#2210,.T.);
#2358=FACE_BOUND('',#2211,.T.);
#2359=FACE_BOUND('',#2212,.T.);
#2360=FACE_BOUND('',#2213,.T.);
#2361=FACE_BOUND('',#2214,.T.);
#2362=FACE_BOUND('',#2215,.T.);
#2363=FACE_BOUND('',#2216,.T.);
#2364=FACE_BOUND('',#2217,.T.);
#2365=FACE_BOUND('',#2218,.T.);
#2366=FACE_BOUND('',#2219,.T.);
#2367=FACE_BOUND('',#2220,.T.);
#2368=FACE_BOUND('',#2221,.T.);
#2369=FACE_BOUND('',#2222,.T.);
#2370=FACE_BOUND('',#2223,.T.);
#2371=FACE_BOUND('',#2224,.T.);
#2372=FACE_BOUND('',#2225,.T.);
#2373=FACE_BOUND('',#2226,.T.);
#2374=FACE_BOUND('',#2227,.T.);
#2375=FACE_BOUND('',#2228,.T.);
#2376=FACE_BOUND('',#2229,.T.);
#2377=FACE_BOUND('',#2230,.T.);
#2378=FACE_BOUND('',#2231,.T.);
#2379=FACE_BOUND('',#2232,.T.);
#2380=FACE_BOUND('',#2233,.T.);
#2381=FACE_BOUND('',#2234,.T.);
#2382=FACE_BOUND('',#2235,.T.);
#2383=FACE_BOUND('',#2236,.T.);
#2384=FACE_BOUND('',#2237,.T.);
#2385=FACE_BOUND('',#2238,.T.);
#2386=FACE_BOUND('',#2239,.T.);
#2387=FACE_BOUND('',#2240,.T.);
#2388=FACE_BOUND('',#2241,.T.);
#2389=FACE_BOUND('',#2242,.T.);
#2390=FACE_BOUND('',#2243,.T.);
#2391=FACE_BOUND('',#2244,.T.);
#2392=FACE_BOUND('',#2245,.T.);
#2393=FACE_BOUND('',#2246,.T.);
#2394=FACE_BOUND('',#2247,.T.);
#2395=FACE_BOUND('',#2248,.T.);
#2396=FACE_BOUND('',#2249,.T.);
#2397=FACE_BOUND('',#2250,.T.);
#2398=FACE_BOUND('',#2251,.T.);
#2399=FACE_BOUND('',#2252,.T.);
#2400=FACE_BOUND('',#2253,.T.);
#2401=FACE_BOUND('',#2254,.T.);
#2402=FACE_BOUND('',#2255,.T.);
#2403=FACE_BOUND('',#2256,.T.);
#2404=FACE_BOUND('',#2257,.T.);
#2405=FACE_BOUND('',#2258,.T.);
#2406=FACE_BOUND('',#2259,.T.);
#2407=FACE_BOUND('',#2260,.T.);
#2408=FACE_BOUND('',#2261,.T.);
#2409=FACE_BOUND('',#2262,.T.);
#2410=FACE_BOUND('',#2263,.T.);
#2411=FACE_BOUND('',#2264,.T.);
#2412=FACE_BOUND('',#2265,.T.);
#2413=FACE_BOUND('',#2266,.T.);
#2414=FACE_BOUND('',#2267,.T.);
#2415=FACE_BOUND('',#2268,.T.);
#2416=FACE_BOUND('',#2269,.T.);
#2417=FACE_BOUND('',#2270,.T.);
#2418=FACE_BOUND('',#2271,.T.);
#2419=FACE_BOUND('',#2272,.T.);
#2420=FACE_BOUND('',#2273,.T.);
#2421=FACE_BOUND('',#2274,.T.);
#2422=FACE_BOUND('',#2275,.T.);
#2423=FACE_BOUND('',#2276,.T.);
#2424=FACE_BOUND('',#2277,.T.);
#2425=FACE_BOUND('',#2278,.T.);
#2426=FACE_BOUND('',#2279,.T.);
#2427=FACE_BOUND('',#2280,.T.);
#2428=FACE_BOUND('',#2281,.T.);
#2429=FACE_BOUND('',#2282,.T.);
#2430=FACE_BOUND('',#2283,.T.);
#2431=FACE_BOUND('',#2284,.T.);
#2432=FACE_BOUND('',#2285,.T.);
#2433=FACE_BOUND('',#2286,.T.);
#2434=FACE_BOUND('',#2287,.T.);
#2435=FACE_BOUND('',#2288,.T.);
#2436=FACE_BOUND('',#2289,.T.);
#2437=FACE_BOUND('',#2290,.T.);
#2438=FACE_BOUND('',#2291,.T.);
#2439=FACE_BOUND('',#2292,.T.);
#2440=FACE_BOUND('',#2293,.T.);
#2441=FACE_BOUND('',#2294,.T.);
#2442=FACE_BOUND('',#2295,.T.);
#2443=FACE_BOUND('',#2296,.T.);
#2444=FACE_BOUND('',#2297,.T.);
#2445=FACE_BOUND('',#2298,.T.);
#2446=FACE_BOUND('',#2299,.T.);
#2447=FACE_BOUND('',#2300,.T.);
#2448=FACE_BOUND('',#2301,.T.);
#2449=FACE_BOUND('',#2302,.T.);
#2450=FACE_BOUND('',#2303,.T.);
#2451=FACE_BOUND('',#2304,.T.);
#2452=FACE_BOUND('',#2305,.T.);
#2453=FACE_BOUND('',#2306,.T.);
#2454=FACE_BOUND('',#2307,.T.);
#2455=FACE_BOUND('',#2308,.T.);
#2456=FACE_BOUND('',#2309,.T.);
#2457=FACE_BOUND('',#2310,.T.);
#2458=FACE_BOUND('',#2311,.T.);
#2459=FACE_BOUND('',#2312,.T.);
#2460=FACE_BOUND('',#2313,.T.);
#2461=FACE_BOUND('',#2314,.T.);
#2462=FACE_BOUND('',#2315,.T.);
#2463=FACE_BOUND('',#2316,.T.);
#2464=FACE_BOUND('',#2317,.T.);
#2465=FACE_BOUND('',#2318,.T.);
#2466=FACE_BOUND('',#2319,.T.);
#2467=FACE_BOUND('',#2320,.T.);
#2468=FACE_BOUND('',#2321,.T.);
#2469=FACE_BOUND('',#2322,.T.);
#2470=FACE_BOUND('',#2323,.T.);
#2471=PLANE('',#2724);
#2472=PLANE('',#2746);
#2473=PLANE('',#2770);
#2474=PLANE('',#2771);
#2475=PLANE('',#2772);
#2476=PLANE('',#2773);
#2477=PLANE('',#2774);
#2478=PLANE('',#2775);
#2479=PLANE('',#2776);
#2480=PLANE('',#2777);
#2481=PLANE('',#2778);
#2482=PLANE('',#2779);
#2483=PLANE('',#2780);
#2484=PLANE('',#2781);
#2485=PLANE('',#2782);
#2486=PLANE('',#2783);
#2487=PLANE('',#2784);
#2488=PLANE('',#2785);
#2489=PLANE('',#2786);
#2490=PLANE('',#2808);
#2491=PLANE('',#2809);
#2492=PLANE('',#2810);
#2493=PLANE('',#2811);
#2494=PLANE('',#2812);
#2495=PLANE('',#2813);
#2496=PLANE('',#2814);
#2497=PLANE('',#2815);
#2498=PLANE('',#2816);
#2499=PLANE('',#2817);
#2500=PLANE('',#2818);
#2501=PLANE('',#2819);
#2502=PLANE('',#2820);
#2503=PLANE('',#2821);
#2504=PLANE('',#2822);
#2505=PLANE('',#2823);
#2506=PLANE('',#2824);
#2507=PLANE('',#2825);
#2508=PLANE('',#2826);
#2509=PLANE('',#2827);
#2510=PLANE('',#2828);
#2511=PLANE('',#2829);
#2512=PLANE('',#2832);
#2513=PLANE('',#2833);
#2514=PLANE('',#2834);
#2515=PLANE('',#2835);
#2516=PLANE('',#2836);
#2517=PLANE('',#2837);
#2518=PLANE('',#2838);
#2519=PLANE('',#2839);
#2520=PLANE('',#2843);
#2521=PLANE('',#2844);
#2522=PLANE('',#2845);
#2523=PLANE('',#2849);
#2524=PLANE('',#2850);
#2525=PLANE('',#2851);
#2526=PLANE('',#2852);
#2527=PLANE('',#2856);
#2528=PLANE('',#2857);
#2529=PLANE('',#2858);
#2530=PLANE('',#2859);
#2531=PLANE('',#2862);
#2532=PLANE('',#2863);
#2533=PLANE('',#2864);
#2534=PLANE('',#2867);
#2535=PLANE('',#2868);
#2536=PLANE('',#2872);
#2537=PLANE('',#2873);
#2538=PLANE('',#2877);
#2539=PLANE('',#2878);
#2540=PLANE('',#2882);
#2541=PLANE('',#2883);
#2542=PLANE('',#2884);
#2543=PLANE('',#2887);
#2544=PLANE('',#2888);
#2545=PLANE('',#2889);
#2546=PLANE('',#2892);
#2547=PLANE('',#2893);
#2548=PLANE('',#2894);
#2549=PLANE('',#2897);
#2550=PLANE('',#2898);
#2551=PLANE('',#2899);
#2552=PLANE('',#2902);
#2553=PLANE('',#2903);
#2554=PLANE('',#2904);
#2555=PLANE('',#2907);
#2556=PLANE('',#2908);
#2557=PLANE('',#2909);
#2558=PLANE('',#2912);
#2559=PLANE('',#2913);
#2560=PLANE('',#2917);
#2561=PLANE('',#2918);
#2562=PLANE('',#2922);
#2563=PLANE('',#2923);
#2564=PLANE('',#2927);
#2565=PLANE('',#2928);
#2566=PLANE('',#2932);
#2567=PLANE('',#2933);
#2568=PLANE('',#2937);
#2569=PLANE('',#2938);
#2570=PLANE('',#2952);
#2571=PLANE('',#2953);
#2572=PLANE('',#2954);
#2573=PLANE('',#2955);
#2574=ADVANCED_FACE('',(#2324,#2325,#2326,#2327),#2471,.F.);
#2575=ADVANCED_FACE('',(#2328,#2329,#2330,#2331,#2332,#2333,#2334),#2472,
 .T.);
#2576=ADVANCED_FACE('',(#2335),#2473,.T.);
#2577=ADVANCED_FACE('',(#2336),#2474,.T.);
#2578=ADVANCED_FACE('',(#2337),#2475,.T.);
#2579=ADVANCED_FACE('',(#2338),#2476,.T.);
#2580=ADVANCED_FACE('',(#2339),#2477,.T.);
#2581=ADVANCED_FACE('',(#2340),#2478,.T.);
#2582=ADVANCED_FACE('',(#2341),#2479,.T.);
#2583=ADVANCED_FACE('',(#2342),#2480,.T.);
#2584=ADVANCED_FACE('',(#2343),#2481,.T.);
#2585=ADVANCED_FACE('',(#2344),#2482,.T.);
#2586=ADVANCED_FACE('',(#2345),#2483,.T.);
#2587=ADVANCED_FACE('',(#2346),#2484,.T.);
#2588=ADVANCED_FACE('',(#2347),#2485,.T.);
#2589=ADVANCED_FACE('',(#2348),#2486,.T.);
#2590=ADVANCED_FACE('',(#2349),#2487,.T.);
#2591=ADVANCED_FACE('',(#2350),#2488,.T.);
#2592=ADVANCED_FACE('',(#2351),#2489,.T.);
#2593=ADVANCED_FACE('',(#2352,#2353),#27,.T.);
#2594=ADVANCED_FACE('',(#2354),#2490,.T.);
#2595=ADVANCED_FACE('',(#2355),#2491,.T.);
#2596=ADVANCED_FACE('',(#2356),#2492,.T.);
#2597=ADVANCED_FACE('',(#2357),#2493,.T.);
#2598=ADVANCED_FACE('',(#2358),#2494,.T.);
#2599=ADVANCED_FACE('',(#2359),#2495,.T.);
#2600=ADVANCED_FACE('',(#2360),#2496,.T.);
#2601=ADVANCED_FACE('',(#2361),#2497,.T.);
#2602=ADVANCED_FACE('',(#2362),#2498,.T.);
#2603=ADVANCED_FACE('',(#2363),#2499,.T.);
#2604=ADVANCED_FACE('',(#2364),#2500,.T.);
#2605=ADVANCED_FACE('',(#2365),#2501,.T.);
#2606=ADVANCED_FACE('',(#2366),#2502,.T.);
#2607=ADVANCED_FACE('',(#2367),#2503,.T.);
#2608=ADVANCED_FACE('',(#2368),#2504,.T.);
#2609=ADVANCED_FACE('',(#2369),#2505,.T.);
#2610=ADVANCED_FACE('',(#2370),#2506,.T.);
#2611=ADVANCED_FACE('',(#2371),#2507,.T.);
#2612=ADVANCED_FACE('',(#2372),#2508,.T.);
#2613=ADVANCED_FACE('',(#2373),#2509,.F.);
#2614=ADVANCED_FACE('',(#2374),#2510,.T.);
#2615=ADVANCED_FACE('',(#2375),#2511,.T.);
#2616=ADVANCED_FACE('',(#2376),#2512,.T.);
#2617=ADVANCED_FACE('',(#2377),#2513,.F.);
#2618=ADVANCED_FACE('',(#2378),#2514,.F.);
#2619=ADVANCED_FACE('',(#2379),#2515,.F.);
#2620=ADVANCED_FACE('',(#2380),#2516,.F.);
#2621=ADVANCED_FACE('',(#2381),#2517,.T.);
#2622=ADVANCED_FACE('',(#2382),#2518,.F.);
#2623=ADVANCED_FACE('',(#2383),#2519,.T.);
#2624=ADVANCED_FACE('',(#2384),#28,.T.);
#2625=ADVANCED_FACE('',(#2385),#2520,.F.);
#2626=ADVANCED_FACE('',(#2386),#2521,.T.);
#2627=ADVANCED_FACE('',(#2387),#2522,.T.);
#2628=ADVANCED_FACE('',(#2388),#29,.T.);
#2629=ADVANCED_FACE('',(#2389),#12,.F.);
#2630=ADVANCED_FACE('',(#2390),#2523,.T.);
#2631=ADVANCED_FACE('',(#2391),#2524,.F.);
#2632=ADVANCED_FACE('',(#2392),#2525,.T.);
#2633=ADVANCED_FACE('',(#2393),#2526,.T.);
#2634=ADVANCED_FACE('',(#2394),#30,.T.);
#2635=ADVANCED_FACE('',(#2395),#13,.F.);
#2636=ADVANCED_FACE('',(#2396),#2527,.F.);
#2637=ADVANCED_FACE('',(#2397),#2528,.T.);
#2638=ADVANCED_FACE('',(#2398),#2529,.F.);
#2639=ADVANCED_FACE('',(#2399),#2530,.T.);
#2640=ADVANCED_FACE('',(#2400),#31,.T.);
#2641=ADVANCED_FACE('',(#2401),#2531,.F.);
#2642=ADVANCED_FACE('',(#2402),#2532,.T.);
#2643=ADVANCED_FACE('',(#2403),#2533,.T.);
#2644=ADVANCED_FACE('',(#2404),#32,.T.);
#2645=ADVANCED_FACE('',(#2405),#2534,.F.);
#2646=ADVANCED_FACE('',(#2406),#2535,.T.);
#2647=ADVANCED_FACE('',(#2407),#33,.T.);
#2648=ADVANCED_FACE('',(#2408),#2536,.F.);
#2649=ADVANCED_FACE('',(#2409),#2537,.T.);
#2650=ADVANCED_FACE('',(#2410),#34,.T.);
#2651=ADVANCED_FACE('',(#2411),#2538,.F.);
#2652=ADVANCED_FACE('',(#2412),#2539,.T.);
#2653=ADVANCED_FACE('',(#2413),#35,.T.);
#2654=ADVANCED_FACE('',(#2414),#2540,.F.);
#2655=ADVANCED_FACE('',(#2415),#2541,.T.);
#2656=ADVANCED_FACE('',(#2416),#2542,.T.);
#2657=ADVANCED_FACE('',(#2417),#36,.T.);
#2658=ADVANCED_FACE('',(#2418),#2543,.F.);
#2659=ADVANCED_FACE('',(#2419),#2544,.T.);
#2660=ADVANCED_FACE('',(#2420),#2545,.T.);
#2661=ADVANCED_FACE('',(#2421),#37,.T.);
#2662=ADVANCED_FACE('',(#2422),#2546,.F.);
#2663=ADVANCED_FACE('',(#2423),#2547,.T.);
#2664=ADVANCED_FACE('',(#2424),#2548,.T.);
#2665=ADVANCED_FACE('',(#2425),#38,.T.);
#2666=ADVANCED_FACE('',(#2426),#2549,.F.);
#2667=ADVANCED_FACE('',(#2427),#2550,.T.);
#2668=ADVANCED_FACE('',(#2428),#2551,.T.);
#2669=ADVANCED_FACE('',(#2429),#39,.T.);
#2670=ADVANCED_FACE('',(#2430),#2552,.F.);
#2671=ADVANCED_FACE('',(#2431),#2553,.T.);
#2672=ADVANCED_FACE('',(#2432),#2554,.T.);
#2673=ADVANCED_FACE('',(#2433),#40,.T.);
#2674=ADVANCED_FACE('',(#2434),#2555,.F.);
#2675=ADVANCED_FACE('',(#2435),#2556,.T.);
#2676=ADVANCED_FACE('',(#2436),#2557,.T.);
#2677=ADVANCED_FACE('',(#2437),#41,.T.);
#2678=ADVANCED_FACE('',(#2438),#2558,.F.);
#2679=ADVANCED_FACE('',(#2439),#2559,.T.);
#2680=ADVANCED_FACE('',(#2440),#42,.T.);
#2681=ADVANCED_FACE('',(#2441),#2560,.F.);
#2682=ADVANCED_FACE('',(#2442),#2561,.T.);
#2683=ADVANCED_FACE('',(#2443),#43,.T.);
#2684=ADVANCED_FACE('',(#2444),#2562,.F.);
#2685=ADVANCED_FACE('',(#2445),#2563,.T.);
#2686=ADVANCED_FACE('',(#2446),#44,.T.);
#2687=ADVANCED_FACE('',(#2447),#2564,.F.);
#2688=ADVANCED_FACE('',(#2448),#2565,.T.);
#2689=ADVANCED_FACE('',(#2449),#45,.T.);
#2690=ADVANCED_FACE('',(#2450),#2566,.F.);
#2691=ADVANCED_FACE('',(#2451),#2567,.T.);
#2692=ADVANCED_FACE('',(#2452),#46,.T.);
#2693=ADVANCED_FACE('',(#2453),#2568,.F.);
#2694=ADVANCED_FACE('',(#2454),#2569,.T.);
#2695=ADVANCED_FACE('',(#2455),#47,.T.);
#2696=ADVANCED_FACE('',(#2456),#14,.T.);
#2697=ADVANCED_FACE('',(#2457),#15,.T.);
#2698=ADVANCED_FACE('',(#2458),#16,.T.);
#2699=ADVANCED_FACE('',(#2459),#17,.T.);
#2700=ADVANCED_FACE('',(#2460),#18,.T.);
#2701=ADVANCED_FACE('',(#2461),#19,.T.);
#2702=ADVANCED_FACE('',(#2462),#20,.T.);
#2703=ADVANCED_FACE('',(#2463),#21,.T.);
#2704=ADVANCED_FACE('',(#2464),#22,.T.);
#2705=ADVANCED_FACE('',(#2465),#23,.T.);
#2706=ADVANCED_FACE('',(#2466),#2570,.T.);
#2707=ADVANCED_FACE('',(#2467),#2571,.T.);
#2708=ADVANCED_FACE('',(#2468),#2572,.T.);
#2709=ADVANCED_FACE('',(#2469),#2573,.T.);
#2710=ADVANCED_FACE('',(#2470),#24,.F.);
#2711=CLOSED_SHELL('',(#2574,#2575,#2576,#2577,#2578,#2579,#2580,#2581,
#2582,#2583,#2584,#2585,#2586,#2587,#2588,#2589,#2590,#2591,#2592,#2593,
#2594,#2595,#2596,#2597,#2598,#2599,#2600,#2601,#2602,#2603,#2604,#2605,
#2606,#2607,#2608,#2609,#2610,#2611,#2612,#2613,#2614,#2615,#2616,#2617,
#2618,#2619,#2620,#2621,#2622,#2623,#2624,#2625,#2626,#2627,#2628,#2629,
#2630,#2631,#2632,#2633,#2634,#2635,#2636,#2637,#2638,#2639,#2640,#2641,
#2642,#2643,#2644,#2645,#2646,#2647,#2648,#2649,#2650,#2651,#2652,#2653,
#2654,#2655,#2656,#2657,#2658,#2659,#2660,#2661,#2662,#2663,#2664,#2665,
#2666,#2667,#2668,#2669,#2670,#2671,#2672,#2673,#2674,#2675,#2676,#2677,
#2678,#2679,#2680,#2681,#2682,#2683,#2684,#2685,#2686,#2687,#2688,#2689,
#2690,#2691,#2692,#2693,#2694,#2695,#2696,#2697,#2698,#2699,#2700,#2701,
#2702,#2703,#2704,#2705,#2706,#2707,#2708,#2709,#2710));
#2712=STYLED_ITEM('',(#2713),#2720);
#2713=PRESENTATION_STYLE_ASSIGNMENT((#2714));
#2714=SURFACE_STYLE_USAGE(.BOTH.,#2715);
#2715=SURFACE_SIDE_STYLE('',(#2716));
#2716=SURFACE_STYLE_FILL_AREA(#2717);
#2717=FILL_AREA_STYLE('',(#2718));
#2718=FILL_AREA_STYLE_COLOUR('',#2719);
#2719=COLOUR_RGB('',0.647058823529412,0.647058823529412,0.647058823529412);
#2720=MANIFOLD_SOLID_BREP('stage_4',#2711);
#2721=SHAPE_DEFINITION_REPRESENTATION(#4521,#2722);
#2722=SHAPE_REPRESENTATION('stage_4',(#2723),#4516);
#2723=AXIS2_PLACEMENT_3D('',#3722,#2957,#2958);
#2724=AXIS2_PLACEMENT_3D('',#3723,#2959,#2960);
#2725=AXIS2_PLACEMENT_3D('',#3727,#2962,#2963);
#2726=AXIS2_PLACEMENT_3D('',#3731,#2965,#2966);
#2727=AXIS2_PLACEMENT_3D('',#3735,#2968,#2969);
#2728=AXIS2_PLACEMENT_3D('',#3739,#2971,#2972);
#2729=AXIS2_PLACEMENT_3D('',#3743,#2974,#2975);
#2730=AXIS2_PLACEMENT_3D('',#3747,#2977,#2978);
#2731=AXIS2_PLACEMENT_3D('',#3751,#2980,#2981);
#2732=AXIS2_PLACEMENT_3D('',#3755,#2983,#2984);
#2733=AXIS2_PLACEMENT_3D('',#3759,#2986,#2987);
#2734=AXIS2_PLACEMENT_3D('',#3763,#2989,#2990);
#2735=AXIS2_PLACEMENT_3D('',#3767,#2992,#2993);
#2736=AXIS2_PLACEMENT_3D('',#3771,#2995,#2996);
#2737=AXIS2_PLACEMENT_3D('',#3775,#2998,#2999);
#2738=AXIS2_PLACEMENT_3D('',#3779,#3001,#3002);
#2739=AXIS2_PLACEMENT_3D('',#3783,#3004,#3005);
#2740=AXIS2_PLACEMENT_3D('',#3787,#3007,#3008);
#2741=AXIS2_PLACEMENT_3D('',#3791,#3010,#3011);
#2742=AXIS2_PLACEMENT_3D('',#3795,#3013,#3014);
#2743=AXIS2_PLACEMENT_3D('',#3799,#3016,#3017);
#2744=AXIS2_PLACEMENT_3D('',#3803,#3019,#3020);
#2745=AXIS2_PLACEMENT_3D('',#3822,#3030,#3031);
#2746=AXIS2_PLACEMENT_3D('',#3832,#3036,#3037);
#2747=AXIS2_PLACEMENT_3D('',#3833,#3038,#3039);
#2748=AXIS2_PLACEMENT_3D('',#3838,#3041,#3042);
#2749=AXIS2_PLACEMENT_3D('',#3842,#3044,#3045);
#2750=AXIS2_PLACEMENT_3D('',#3846,#3047,#3048);
#2751=AXIS2_PLACEMENT_3D('',#3850,#3050,#3051);
#2752=AXIS2_PLACEMENT_3D('',#3854,#3053,#3054);
#2753=AXIS2_PLACEMENT_3D('',#3858,#3056,#3057);
#2754=AXIS2_PLACEMENT_3D('',#3862,#3059,#3060);
#2755=AXIS2_PLACEMENT_3D('',#3866,#3062,#3063);
#2756=AXIS2_PLACEMENT_3D('',#3870,#3065,#3066);
#2757=AXIS2_PLACEMENT_3D('',#3874,#3068,#3069);
#2758=AXIS2_PLACEMENT_3D('',#3878,#3071,#3072);
#2759=AXIS2_PLACEMENT_3D('',#3882,#3074,#3075);
#2760=AXIS2_PLACEMENT_3D('',#3886,#3077,#3078);
#2761=AXIS2_PLACEMENT_3D('',#3890,#3080,#3081);
#2762=AXIS2_PLACEMENT_3D('',#3894,#3083,#3084);
#2763=AXIS2_PLACEMENT_3D('',#3898,#3086,#3087);
#2764=AXIS2_PLACEMENT_3D('',#3902,#3089,#3090);
#2765=AXIS2_PLACEMENT_3D('',#3906,#3092,#3093);
#2766=AXIS2_PLACEMENT_3D('',#3910,#3095,#3096);
#2767=AXIS2_PLACEMENT_3D('',#3918,#3100,#3101);
#2768=AXIS2_PLACEMENT_3D('',#3936,#3110,#3111);
#2769=AXIS2_PLACEMENT_3D('',#3990,#3138,#3139);
#2770=AXIS2_PLACEMENT_3D('',#3997,#3143,#3144);
#2771=AXIS2_PLACEMENT_3D('',#4005,#3149,#3150);
#2772=AXIS2_PLACEMENT_3D('',#4013,#3155,#3156);
#2773=AXIS2_PLACEMENT_3D('',#4021,#3161,#3162);
#2774=AXIS2_PLACEMENT_3D('',#4029,#3167,#3168);
#2775=AXIS2_PLACEMENT_3D('',#4037,#3173,#3174);
#2776=AXIS2_PLACEMENT_3D('',#4045,#3179,#3180);
#2777=AXIS2_PLACEMENT_3D('',#4053,#3185,#3186);
#2778=AXIS2_PLACEMENT_3D('',#4061,#3191,#3192);
#2779=AXIS2_PLACEMENT_3D('',#4069,#3197,#3198);
#2780=AXIS2_PLACEMENT_3D('',#4077,#3203,#3204);
#2781=AXIS2_PLACEMENT_3D('',#4084,#3209,#3210);
#2782=AXIS2_PLACEMENT_3D('',#4090,#3214,#3215);
#2783=AXIS2_PLACEMENT_3D('',#4094,#3218,#3219);
#2784=AXIS2_PLACEMENT_3D('',#4098,#3222,#3223);
#2785=AXIS2_PLACEMENT_3D('',#4100,#3225,#3226);
#2786=AXIS2_PLACEMENT_3D('',#4105,#3230,#3231);
#2787=AXIS2_PLACEMENT_3D('',#4108,#3234,#3235);
#2788=AXIS2_PLACEMENT_3D('',#4111,#3237,#3238);
#2789=AXIS2_PLACEMENT_3D('',#4116,#3241,#3242);
#2790=AXIS2_PLACEMENT_3D('',#4121,#3245,#3246);
#2791=AXIS2_PLACEMENT_3D('',#4126,#3249,#3250);
#2792=AXIS2_PLACEMENT_3D('',#4131,#3253,#3254);
#2793=AXIS2_PLACEMENT_3D('',#4136,#3257,#3258);
#2794=AXIS2_PLACEMENT_3D('',#4141,#3261,#3262);
#2795=AXIS2_PLACEMENT_3D('',#4146,#3265,#3266);
#2796=AXIS2_PLACEMENT_3D('',#4151,#3269,#3270);
#2797=AXIS2_PLACEMENT_3D('',#4156,#3273,#3274);
#2798=AXIS2_PLACEMENT_3D('',#4159,#3276,#3277);
#2799=AXIS2_PLACEMENT_3D('',#4163,#3279,#3280);
#2800=AXIS2_PLACEMENT_3D('',#4166,#3282,#3283);
#2801=AXIS2_PLACEMENT_3D('',#4169,#3285,#3286);
#2802=AXIS2_PLACEMENT_3D('',#4172,#3288,#3289);
#2803=AXIS2_PLACEMENT_3D('',#4175,#3291,#3292);
#2804=AXIS2_PLACEMENT_3D('',#4178,#3294,#3295);
#2805=AXIS2_PLACEMENT_3D('',#4181,#3297,#3298);
#2806=AXIS2_PLACEMENT_3D('',#4184,#3300,#3301);
#2807=AXIS2_PLACEMENT_3D('',#4187,#3303,#3304);
#2808=AXIS2_PLACEMENT_3D('',#4189,#3306,#3307);
#2809=AXIS2_PLACEMENT_3D('',#4190,#3308,#3309);
#2810=AXIS2_PLACEMENT_3D('',#4194,#3312,#3313);
#2811=AXIS2_PLACEMENT_3D('',#4200,#3317,#3318);
#2812=AXIS2_PLACEMENT_3D('',#4204,#3321,#3322);
#2813=AXIS2_PLACEMENT_3D('',#4208,#3325,#3326);
#2814=AXIS2_PLACEMENT_3D('',#4212,#3329,#3330);
#2815=AXIS2_PLACEMENT_3D('',#4216,#3333,#3334);
#2816=AXIS2_PLACEMENT_3D('',#4220,#3337,#3338);
#2817=AXIS2_PLACEMENT_3D('',#4222,#3340,#3341);
#2818=AXIS2_PLACEMENT_3D('',#4223,#3342,#3343);
#2819=AXIS2_PLACEMENT_3D('',#4229,#3347,#3348);
#2820=AXIS2_PLACEMENT_3D('',#4233,#3351,#3352);
#2821=AXIS2_PLACEMENT_3D('',#4237,#3355,#3356);
#2822=AXIS2_PLACEMENT_3D('',#4241,#3359,#3360);
#2823=AXIS2_PLACEMENT_3D('',#4245,#3363,#3364);
#2824=AXIS2_PLACEMENT_3D('',#4249,#3367,#3368);
#2825=AXIS2_PLACEMENT_3D('',#4253,#3371,#3372);
#2826=AXIS2_PLACEMENT_3D('',#4255,#3374,#3375);
#2827=AXIS2_PLACEMENT_3D('',#4256,#3376,#3377);
#2828=AXIS2_PLACEMENT_3D('',#4257,#3378,#3379);
#2829=AXIS2_PLACEMENT_3D('',#4261,#3382,#3383);
#2830=AXIS2_PLACEMENT_3D('',#4266,#3386,#3387);
#2831=AXIS2_PLACEMENT_3D('',#4268,#3389,#3390);
#2832=AXIS2_PLACEMENT_3D('',#4269,#3391,#3392);
#2833=AXIS2_PLACEMENT_3D('',#4270,#3393,#3394);
#2834=AXIS2_PLACEMENT_3D('',#4273,#3397,#3398);
#2835=AXIS2_PLACEMENT_3D('',#4275,#3400,#3401);
#2836=AXIS2_PLACEMENT_3D('',#4277,#3403,#3404);
#2837=AXIS2_PLACEMENT_3D('',#4278,#3405,#3406);
#2838=AXIS2_PLACEMENT_3D('',#4279,#3407,#3408);
#2839=AXIS2_PLACEMENT_3D('',#4285,#3412,#3413);
#2840=AXIS2_PLACEMENT_3D('',#4286,#3414,#3415);
#2841=AXIS2_PLACEMENT_3D('',#4287,#3416,#3417);
#2842=AXIS2_PLACEMENT_3D('',#4288,#3418,#3419);
#2843=AXIS2_PLACEMENT_3D('',#4289,#3420,#3421);
#2844=AXIS2_PLACEMENT_3D('',#4293,#3424,#3425);
#2845=AXIS2_PLACEMENT_3D('',#4297,#3428,#3429);
#2846=AXIS2_PLACEMENT_3D('',#4298,#3430,#3431);
#2847=AXIS2_PLACEMENT_3D('',#4299,#3432,#3433);
#2848=AXIS2_PLACEMENT_3D('',#4300,#3434,#3435);
#2849=AXIS2_PLACEMENT_3D('',#4302,#3437,#3438);
#2850=AXIS2_PLACEMENT_3D('',#4303,#3439,#3440);
#2851=AXIS2_PLACEMENT_3D('',#4307,#3443,#3444);
#2852=AXIS2_PLACEMENT_3D('',#4311,#3447,#3448);
#2853=AXIS2_PLACEMENT_3D('',#4312,#3449,#3450);
#2854=AXIS2_PLACEMENT_3D('',#4313,#3451,#3452);
#2855=AXIS2_PLACEMENT_3D('',#4314,#3453,#3454);
#2856=AXIS2_PLACEMENT_3D('',#4316,#3456,#3457);
#2857=AXIS2_PLACEMENT_3D('',#4317,#3458,#3459);
#2858=AXIS2_PLACEMENT_3D('',#4321,#3462,#3463);
#2859=AXIS2_PLACEMENT_3D('',#4325,#3466,#3467);
#2860=AXIS2_PLACEMENT_3D('',#4326,#3468,#3469);
#2861=AXIS2_PLACEMENT_3D('',#4327,#3470,#3471);
#2862=AXIS2_PLACEMENT_3D('',#4328,#3472,#3473);
#2863=AXIS2_PLACEMENT_3D('',#4332,#3476,#3477);
#2864=AXIS2_PLACEMENT_3D('',#4336,#3480,#3481);
#2865=AXIS2_PLACEMENT_3D('',#4337,#3482,#3483);
#2866=AXIS2_PLACEMENT_3D('',#4338,#3484,#3485);
#2867=AXIS2_PLACEMENT_3D('',#4339,#3486,#3487);
#2868=AXIS2_PLACEMENT_3D('',#4345,#3491,#3492);
#2869=AXIS2_PLACEMENT_3D('',#4346,#3493,#3494);
#2870=AXIS2_PLACEMENT_3D('',#4347,#3495,#3496);
#2871=AXIS2_PLACEMENT_3D('',#4348,#3497,#3498);
#2872=AXIS2_PLACEMENT_3D('',#4349,#3499,#3500);
#2873=AXIS2_PLACEMENT_3D('',#4355,#3504,#3505);
#2874=AXIS2_PLACEMENT_3D('',#4356,#3506,#3507);
#2875=AXIS2_PLACEMENT_3D('',#4357,#3508,#3509);
#2876=AXIS2_PLACEMENT_3D('',#4358,#3510,#3511);
#2877=AXIS2_PLACEMENT_3D('',#4359,#3512,#3513);
#2878=AXIS2_PLACEMENT_3D('',#4365,#3517,#3518);
#2879=AXIS2_PLACEMENT_3D('',#4366,#3519,#3520);
#2880=AXIS2_PLACEMENT_3D('',#4367,#3521,#3522);
#2881=AXIS2_PLACEMENT_3D('',#4368,#3523,#3524);
#2882=AXIS2_PLACEMENT_3D('',#4369,#3525,#3526);
#2883=AXIS2_PLACEMENT_3D('',#4373,#3529,#3530);
#2884=AXIS2_PLACEMENT_3D('',#4377,#3533,#3534);
#2885=AXIS2_PLACEMENT_3D('',#4378,#3535,#3536);
#2886=AXIS2_PLACEMENT_3D('',#4379,#3537,#3538);
#2887=AXIS2_PLACEMENT_3D('',#4380,#3539,#3540);
#2888=AXIS2_PLACEMENT_3D('',#4384,#3543,#3544);
#2889=AXIS2_PLACEMENT_3D('',#4388,#3547,#3548);
#2890=AXIS2_PLACEMENT_3D('',#4389,#3549,#3550);
#2891=AXIS2_PLACEMENT_3D('',#4390,#3551,#3552);
#2892=AXIS2_PLACEMENT_3D('',#4391,#3553,#3554);
#2893=AXIS2_PLACEMENT_3D('',#4395,#3557,#3558);
#2894=AXIS2_PLACEMENT_3D('',#4399,#3561,#3562);
#2895=AXIS2_PLACEMENT_3D('',#4400,#3563,#3564);
#2896=AXIS2_PLACEMENT_3D('',#4401,#3565,#3566);
#2897=AXIS2_PLACEMENT_3D('',#4402,#3567,#3568);
#2898=AXIS2_PLACEMENT_3D('',#4406,#3571,#3572);
#2899=AXIS2_PLACEMENT_3D('',#4410,#3575,#3576);
#2900=AXIS2_PLACEMENT_3D('',#4411,#3577,#3578);
#2901=AXIS2_PLACEMENT_3D('',#4412,#3579,#3580);
#2902=AXIS2_PLACEMENT_3D('',#4413,#3581,#3582);
#2903=AXIS2_PLACEMENT_3D('',#4417,#3585,#3586);
#2904=AXIS2_PLACEMENT_3D('',#4421,#3589,#3590);
#2905=AXIS2_PLACEMENT_3D('',#4422,#3591,#3592);
#2906=AXIS2_PLACEMENT_3D('',#4423,#3593,#3594);
#2907=AXIS2_PLACEMENT_3D('',#4424,#3595,#3596);
#2908=AXIS2_PLACEMENT_3D('',#4428,#3599,#3600);
#2909=AXIS2_PLACEMENT_3D('',#4432,#3603,#3604);
#2910=AXIS2_PLACEMENT_3D('',#4433,#3605,#3606);
#2911=AXIS2_PLACEMENT_3D('',#4434,#3607,#3608);
#2912=AXIS2_PLACEMENT_3D('',#4435,#3609,#3610);
#2913=AXIS2_PLACEMENT_3D('',#4441,#3614,#3615);
#2914=AXIS2_PLACEMENT_3D('',#4442,#3616,#3617);
#2915=AXIS2_PLACEMENT_3D('',#4443,#3618,#3619);
#2916=AXIS2_PLACEMENT_3D('',#4444,#3620,#3621);
#2917=AXIS2_PLACEMENT_3D('',#4445,#3622,#3623);
#2918=AXIS2_PLACEMENT_3D('',#4451,#3627,#3628);
#2919=AXIS2_PLACEMENT_3D('',#4452,#3629,#3630);
#2920=AXIS2_PLACEMENT_3D('',#4453,#3631,#3632);
#2921=AXIS2_PLACEMENT_3D('',#4454,#3633,#3634);
#2922=AXIS2_PLACEMENT_3D('',#4455,#3635,#3636);
#2923=AXIS2_PLACEMENT_3D('',#4461,#3640,#3641);
#2924=AXIS2_PLACEMENT_3D('',#4462,#3642,#3643);
#2925=AXIS2_PLACEMENT_3D('',#4463,#3644,#3645);
#2926=AXIS2_PLACEMENT_3D('',#4464,#3646,#3647);
#2927=AXIS2_PLACEMENT_3D('',#4465,#3648,#3649);
#2928=AXIS2_PLACEMENT_3D('',#4471,#3653,#3654);
#2929=AXIS2_PLACEMENT_3D('',#4472,#3655,#3656);
#2930=AXIS2_PLACEMENT_3D('',#4473,#3657,#3658);
#2931=AXIS2_PLACEMENT_3D('',#4474,#3659,#3660);
#2932=AXIS2_PLACEMENT_3D('',#4475,#3661,#3662);
#2933=AXIS2_PLACEMENT_3D('',#4481,#3666,#3667);
#2934=AXIS2_PLACEMENT_3D('',#4482,#3668,#3669);
#2935=AXIS2_PLACEMENT_3D('',#4483,#3670,#3671);
#2936=AXIS2_PLACEMENT_3D('',#4484,#3672,#3673);
#2937=AXIS2_PLACEMENT_3D('',#4485,#3674,#3675);
#2938=AXIS2_PLACEMENT_3D('',#4491,#3679,#3680);
#2939=AXIS2_PLACEMENT_3D('',#4492,#3681,#3682);
#2940=AXIS2_PLACEMENT_3D('',#4493,#3683,#3684);
#2941=AXIS2_PLACEMENT_3D('',#4494,#3685,#3686);
#2942=AXIS2_PLACEMENT_3D('',#4495,#3687,#3688);
#2943=AXIS2_PLACEMENT_3D('',#4496,#3689,#3690);
#2944=AXIS2_PLACEMENT_3D('',#4497,#3691,#3692);
#2945=AXIS2_PLACEMENT_3D('',#4498,#3693,#3694);
#2946=AXIS2_PLACEMENT_3D('',#4499,#3695,#3696);
#2947=AXIS2_PLACEMENT_3D('',#4500,#3697,#3698);
#2948=AXIS2_PLACEMENT_3D('',#4501,#3699,#3700);
#2949=AXIS2_PLACEMENT_3D('',#4502,#3701,#3702);
#2950=AXIS2_PLACEMENT_3D('',#4503,#3703,#3704);
#2951=AXIS2_PLACEMENT_3D('',#4504,#3705,#3706);
#2952=AXIS2_PLACEMENT_3D('',#4505,#3707,#3708);
#2953=AXIS2_PLACEMENT_3D('',#4508,#3711,#3712);
#2954=AXIS2_PLACEMENT_3D('',#4510,#3714,#3715);
#2955=AXIS2_PLACEMENT_3D('',#4512,#3717,#3718);
#2956=AXIS2_PLACEMENT_3D('',#4514,#3720,#3721);
#2957=DIRECTION('',(0.,0.,1.));
#2958=DIRECTION('',(1.,0.,0.));
#2959=DIRECTION('',(0.,0.,1.));
#2960=DIRECTION('',(1.,0.,0.));
#2961=DIRECTION('',(-0.581882648201939,0.813272760961228,0.));
#2962=DIRECTION('',(0.,0.,-1.));
#2963=DIRECTION('',(-1.,0.,0.));
#2964=DIRECTION('',(-0.00727678416368107,0.999973523855625,0.));
#2965=DIRECTION('',(0.,0.,1.));
#2966=DIRECTION('',(1.,0.,0.));
#2967=DIRECTION('',(0.00727678378023516,0.999973523858415,0.));
#2968=DIRECTION('',(0.,0.,-1.));
#2969=DIRECTION('',(-1.,0.,0.));
#2970=DIRECTION('',(0.581882647890085,0.813272761184354,0.));
#2971=DIRECTION('',(0.,0.,1.));
#2972=DIRECTION('',(1.,0.,0.));
#2973=DIRECTION('',(0.5936567316878,0.804718388581844,0.));
#2974=DIRECTION('',(0.,0.,-1.));
#2975=DIRECTION('',(-1.,0.,0.));
#2976=DIRECTION('',(0.948782685966085,0.315929445938458,0.));
#2977=DIRECTION('',(0.,0.,1.));
#2978=DIRECTION('',(1.,0.,0.));
#2979=DIRECTION('',(0.953279985794322,0.302088180311605,0.));
#2980=DIRECTION('',(0.,0.,-1.));
#2981=DIRECTION('',(-1.,0.,0.));
#2982=DIRECTION('',(0.953279985794321,-0.302088180311608,0.));
#2983=DIRECTION('',(0.,0.,1.));
#2984=DIRECTION('',(1.,0.,0.));
#2985=DIRECTION('',(0.948782685966086,-0.315929445938457,0.));
#2986=DIRECTION('',(0.,0.,-1.));
#2987=DIRECTION('',(-1.,0.,0.));
#2988=DIRECTION('',(0.593656731687801,-0.804718388581843,0.));
#2989=DIRECTION('',(0.,0.,1.));
#2990=DIRECTION('',(1.,0.,0.));
#2991=DIRECTION('',(0.581882647890085,-0.813272761184354,0.));
#2992=DIRECTION('',(0.,0.,-1.));
#2993=DIRECTION('',(-1.,0.,0.));
#2994=DIRECTION('',(0.00727678378023583,-0.999973523858415,0.));
#2995=DIRECTION('',(0.,0.,1.));
#2996=DIRECTION('',(1.,0.,0.));
#2997=DIRECTION('',(-0.0072767841636804,-0.999973523855625,0.));
#2998=DIRECTION('',(0.,0.,-1.));
#2999=DIRECTION('',(-1.,0.,0.));
#3000=DIRECTION('',(-0.581882648201938,-0.813272760961229,0.));
#3001=DIRECTION('',(0.,0.,1.));
#3002=DIRECTION('',(1.,0.,0.));
#3003=DIRECTION('',(-0.593656731996373,-0.804718388354204,0.));
#3004=DIRECTION('',(0.,0.,-1.));
#3005=DIRECTION('',(-1.,0.,0.));
#3006=DIRECTION('',(-0.94878268608723,-0.315929445574642,0.));
#3007=DIRECTION('',(0.,0.,1.));
#3008=DIRECTION('',(1.,0.,0.));
#3009=DIRECTION('',(-0.95327998591016,-0.302088179946065,0.));
#3010=DIRECTION('',(0.,0.,-1.));
#3011=DIRECTION('',(-1.,0.,0.));
#3012=DIRECTION('',(-0.95327998591016,0.302088179946064,0.));
#3013=DIRECTION('',(0.,0.,1.));
#3014=DIRECTION('',(1.,0.,0.));
#3015=DIRECTION('',(-0.94878268608723,0.315929445574642,0.));
#3016=DIRECTION('',(0.,0.,-1.));
#3017=DIRECTION('',(-1.,0.,0.));
#3018=DIRECTION('',(-0.593656731996374,0.804718388354203,0.));
#3019=DIRECTION('',(0.,0.,1.));
#3020=DIRECTION('',(1.,0.,0.));
#3021=DIRECTION('',(-0.999968055041815,0.00799305297672936,0.));
#3022=DIRECTION('',(-0.711333051347298,-0.702855098907977,0.));
#3023=DIRECTION('',(0.702855098907977,-0.711333051347298,0.));
#3024=DIRECTION('',(-0.999992013728564,0.00399655840596628,0.));
#3025=DIRECTION('',(0.711333051347298,0.702855098907977,0.));
#3026=DIRECTION('',(-0.711333051347298,-0.702855098907977,0.));
#3027=DIRECTION('',(0.702855098907977,-0.711333051347298,0.));
#3028=DIRECTION('',(0.711333051347298,0.702855098907977,0.));
#3029=DIRECTION('',(-0.702855098907977,0.711333051347298,0.));
#3030=DIRECTION('',(0.,0.,1.));
#3031=DIRECTION('',(1.,0.,0.));
#3032=DIRECTION('',(0.702855098907977,-0.711333051347298,0.));
#3033=DIRECTION('',(-0.711333051347298,-0.702855098907977,0.));
#3034=DIRECTION('',(0.702855098907977,-0.711333051347298,0.));
#3035=DIRECTION('',(0.714136371902184,0.700006601630575,0.));
#3036=DIRECTION('',(0.,0.,1.));
#3037=DIRECTION('',(1.,0.,0.));
#3038=DIRECTION('',(0.,0.,1.));
#3039=DIRECTION('',(1.,0.,0.));
#3040=DIRECTION('',(0.309016994156135,-0.95105651636625,0.));
#3041=DIRECTION('',(0.,0.,-1.));
#3042=DIRECTION('',(-1.,0.,0.));
#3043=DIRECTION('',(0.800377170607919,-0.599496776279625,0.));
#3044=DIRECTION('',(0.,0.,1.));
#3045=DIRECTION('',(1.,0.,0.));
#3046=DIRECTION('',(0.809016994194637,-0.58778525254065,0.));
#3047=DIRECTION('',(0.,0.,-1.));
#3048=DIRECTION('',(-1.,0.,0.));
#3049=DIRECTION('',(0.99989409682447,-0.0145531830049841,0.));
#3050=DIRECTION('',(0.,0.,1.));
#3051=DIRECTION('',(1.,0.,0.));
#3052=DIRECTION('',(1.,3.83455612047865E-10,0.));
#3053=DIRECTION('',(0.,0.,-1.));
#3054=DIRECTION('',(-1.,0.,0.));
#3055=DIRECTION('',(0.817485462852898,0.575949232158689,0.));
#3056=DIRECTION('',(0.,0.,1.));
#3057=DIRECTION('',(1.,0.,0.));
#3058=DIRECTION('',(0.809016994194636,0.587785252540651,0.));
#3059=DIRECTION('',(0.,0.,-1.));
#3060=DIRECTION('',(-1.,0.,0.));
#3061=DIRECTION('',(0.322825167442998,0.946458615717243,0.));
#3062=DIRECTION('',(0.,0.,1.));
#3063=DIRECTION('',(1.,0.,0.));
#3064=DIRECTION('',(0.309016994156134,0.95105651636625,0.));
#3065=DIRECTION('',(0.,0.,-1.));
#3066=DIRECTION('',(-1.,0.,0.));
#3067=DIRECTION('',(-0.295143369477147,0.955452977102315,0.));
#3068=DIRECTION('',(0.,0.,1.));
#3069=DIRECTION('',(1.,0.,0.));
#3070=DIRECTION('',(-0.309016994520823,0.951056516247756,0.));
#3071=DIRECTION('',(0.,0.,-1.));
#3072=DIRECTION('',(-1.,0.,0.));
#3073=DIRECTION('',(-0.800377170837799,0.599496775972716,0.));
#3074=DIRECTION('',(0.,0.,1.));
#3075=DIRECTION('',(1.,0.,0.));
#3076=DIRECTION('',(-0.809016994420026,0.587785252230428,0.));
#3077=DIRECTION('',(0.,0.,-1.));
#3078=DIRECTION('',(-1.,0.,0.));
#3079=DIRECTION('',(-0.999894096830051,0.0145531826215696,0.));
#3080=DIRECTION('',(0.,0.,1.));
#3081=DIRECTION('',(1.,0.,0.));
#3082=DIRECTION('',(-1.,-5.0528062030114E-16,0.));
#3083=DIRECTION('',(0.,0.,-1.));
#3084=DIRECTION('',(-1.,0.,0.));
#3085=DIRECTION('',(-0.817485463073748,-0.57594923184522,0.));
#3086=DIRECTION('',(0.,0.,1.));
#3087=DIRECTION('',(1.,0.,0.));
#3088=DIRECTION('',(-0.809016994420025,-0.587785252230429,0.));
#3089=DIRECTION('',(0.,0.,-1.));
#3090=DIRECTION('',(-1.,0.,0.));
#3091=DIRECTION('',(-0.322825167805922,-0.946458615593455,0.));
#3092=DIRECTION('',(0.,0.,1.));
#3093=DIRECTION('',(1.,0.,0.));
#3094=DIRECTION('',(-0.309016994520822,-0.951056516247756,0.));
#3095=DIRECTION('',(0.,0.,-1.));
#3096=DIRECTION('',(-1.,0.,0.));
#3097=DIRECTION('',(0.295143369110773,-0.955452977215489,0.));
#3098=DIRECTION('',(-0.711333051347298,-0.702855098907977,0.));
#3099=DIRECTION('',(0.99989409682447,-0.0145531830049841,0.));
#3100=DIRECTION('',(0.,0.,1.));
#3101=DIRECTION('',(1.,0.,0.));
#3102=DIRECTION('',(-0.711333051347298,-0.702855098907977,0.));
#3103=DIRECTION('',(-0.999992013728564,0.00399655840596628,0.));
#3104=DIRECTION('',(-0.702855098907977,0.711333051347298,0.));
#3105=DIRECTION('',(0.711333051347298,0.702855098907977,0.));
#3106=DIRECTION('',(0.999968055041815,-0.00799305297672935,0.));
#3107=DIRECTION('',(-0.700006601630575,0.714136371902184,0.));
#3108=DIRECTION('',(-0.714136371902184,-0.700006601630575,0.));
#3109=DIRECTION('',(-0.700006601630575,0.714136371902184,0.));
#3110=DIRECTION('',(0.,0.,1.));
#3111=DIRECTION('',(1.,0.,0.));
#3112=DIRECTION('',(1.,3.83455612047865E-10,0.));
#3113=DIRECTION('',(-0.700006601630575,0.714136371902184,0.));
#3114=DIRECTION('',(-0.702855098907977,0.711333051347298,0.));
#3115=DIRECTION('',(0.711333051347298,0.702855098907977,0.));
#3116=DIRECTION('',(0.702855098907977,-0.711333051347298,0.));
#3117=DIRECTION('',(-0.711333051347298,-0.702855098907977,0.));
#3118=DIRECTION('',(-1.,0.,0.));
#3119=DIRECTION('',(0.,1.,0.));
#3120=DIRECTION('',(0.561169558112373,0.82770086809666,0.));
#3121=DIRECTION('',(0.,-1.,0.));
#3122=DIRECTION('',(-0.539354324988059,-0.842078922736269,0.));
#3123=DIRECTION('',(1.,0.,0.));
#3124=DIRECTION('',(0.,-1.,0.));
#3125=DIRECTION('',(0.,-1.,0.));
#3126=DIRECTION('',(1.,0.,0.));
#3127=DIRECTION('',(0.,-1.,0.));
#3128=DIRECTION('',(-1.,0.,0.));
#3129=DIRECTION('',(0.,-1.,0.));
#3130=DIRECTION('',(-1.,0.,0.));
#3131=DIRECTION('',(0.,1.,0.));
#3132=DIRECTION('',(1.,0.,0.));
#3133=DIRECTION('',(-0.999968055041815,0.00799305297672914,0.));
#3134=DIRECTION('',(0.00799305297672845,0.999968055041815,0.));
#3135=DIRECTION('',(0.999968055041815,-0.00799305297672924,0.));
#3136=DIRECTION('',(-0.00799305297672915,-0.999968055041815,0.));
#3137=DIRECTION('',(-0.702855098907977,0.711333051347298,0.));
#3138=DIRECTION('',(0.,0.,-1.));
#3139=DIRECTION('',(1.,0.,0.));
#3140=DIRECTION('',(-0.714136371902184,-0.700006601630575,0.));
#3141=DIRECTION('',(-0.702855098907977,0.711333051347298,0.));
#3142=DIRECTION('',(0.711333051347298,0.702855098907977,0.));
#3143=DIRECTION('',(-0.302088180311604,0.953279985794322,0.));
#3144=DIRECTION('',(0.,0.,1.));
#3145=DIRECTION('',(0.0498908196238058,0.0158100737862986,-0.998629534754574));
#3146=DIRECTION('',(0.,0.,-1.));
#3147=DIRECTION('',(0.0498908196238058,0.0158100737862986,-0.998629534754574));
#3148=DIRECTION('',(0.953279985794322,0.302088180311605,0.));
#3149=DIRECTION('',(-0.999973523858415,0.00727678378023541,0.));
#3150=DIRECTION('',(0.,0.,1.));
#3151=DIRECTION('',(0.000380837437511764,0.0523345705887564,-0.998629534754574));
#3152=DIRECTION('',(0.,0.,-1.));
#3153=DIRECTION('',(0.000380837437511764,0.0523345705887564,-0.998629534754574));
#3154=DIRECTION('',(0.00727678378023516,0.999973523858415,0.));
#3155=DIRECTION('',(-0.813272760961228,-0.581882648201939,0.));
#3156=DIRECTION('',(0.,0.,1.));
#3157=DIRECTION('',(-0.030453384814825,0.0425634076312449,-0.998629534754574));
#3158=DIRECTION('',(0.,0.,-1.));
#3159=DIRECTION('',(-0.030453384814825,0.0425634076312449,-0.998629534754574));
#3160=DIRECTION('',(-0.581882648201939,0.813272760961228,0.));
#3161=DIRECTION('',(-0.804718388581844,0.5936567316878,0.));
#3162=DIRECTION('',(0.,0.,1.));
#3163=DIRECTION('',(0.0310695927329417,0.0421157063727116,-0.998629534754574));
#3164=DIRECTION('',(0.,0.,-1.));
#3165=DIRECTION('',(0.0310695927329417,0.0421157063727116,-0.998629534754574));
#3166=DIRECTION('',(0.5936567316878,0.804718388581844,0.));
#3167=DIRECTION('',(0.804718388354204,-0.593656731996373,0.));
#3168=DIRECTION('',(0.,0.,1.));
#3169=DIRECTION('',(-0.0310695927490912,-0.0421157063607979,-0.998629534754574));
#3170=DIRECTION('',(0.,0.,-1.));
#3171=DIRECTION('',(-0.0310695927490912,-0.0421157063607979,-0.998629534754574));
#3172=DIRECTION('',(-0.593656731996373,-0.804718388354204,0.));
#3173=DIRECTION('',(0.999973523855625,-0.0072767841636804,0.));
#3174=DIRECTION('',(0.,0.,1.));
#3175=DIRECTION('',(-0.000380837457579724,-0.0523345705886103,-0.998629534754574));
#3176=DIRECTION('',(0.,0.,-1.));
#3177=DIRECTION('',(-0.000380837457579724,-0.0523345705886103,-0.998629534754574));
#3178=DIRECTION('',(-0.0072767841636804,-0.999973523855625,0.));
#3179=DIRECTION('',(0.813272761184354,0.581882647890085,0.));
#3180=DIRECTION('',(0.,0.,1.));
#3181=DIRECTION('',(0.0304533847985038,-0.0425634076429224,-0.998629534754574));
#3182=DIRECTION('',(0.,0.,-1.));
#3183=DIRECTION('',(0.0304533847985038,-0.0425634076429224,-0.998629534754574));
#3184=DIRECTION('',(0.581882647890085,-0.813272761184354,0.));
#3185=DIRECTION('',(0.315929445938457,0.948782685966086,0.));
#3186=DIRECTION('',(0.,0.,1.));
#3187=DIRECTION('',(0.0496554491367838,-0.0165344696584926,-0.998629534754574));
#3188=DIRECTION('',(0.,0.,-1.));
#3189=DIRECTION('',(0.0496554491367838,-0.0165344696584926,-0.998629534754574));
#3190=DIRECTION('',(0.948782685966086,-0.315929445938457,0.));
#3191=DIRECTION('',(-0.315929445574642,-0.94878268608723,0.));
#3192=DIRECTION('',(0.,0.,1.));
#3193=DIRECTION('',(-0.049655449143124,0.016534469639452,-0.998629534754574));
#3194=DIRECTION('',(0.,0.,-1.));
#3195=DIRECTION('',(-0.049655449143124,0.016534469639452,-0.998629534754574));
#3196=DIRECTION('',(-0.94878268608723,0.315929445574642,0.));
#3197=DIRECTION('',(0.302088179946065,-0.95327998591016,0.));
#3198=DIRECTION('',(0.,0.,1.));
#3199=DIRECTION('',(-0.0498908196298682,-0.0158100737671678,-0.998629534754574));
#3200=DIRECTION('',(0.,0.,-1.));
#3201=DIRECTION('',(-0.0498908196298682,-0.0158100737671678,-0.998629534754574));
#3202=DIRECTION('',(-0.95327998591016,-0.302088179946065,0.));
#3203=DIRECTION('',(-0.702855098907977,0.711333051347298,0.));
#3204=DIRECTION('',(-0.711333051347298,-0.702855098907977,0.));
#3205=DIRECTION('',(0.625720724905028,0.618263134489407,0.475630393221102));
#3206=DIRECTION('',(0.,0.,1.));
#3207=DIRECTION('',(0.,0.,-1.));
#3208=DIRECTION('',(0.,0.,1.));
#3209=DIRECTION('',(-0.00799305297672914,-0.999968055041815,0.));
#3210=DIRECTION('',(0.999968055041815,-0.00799305297672914,0.));
#3211=DIRECTION('',(0.,0.,-1.));
#3212=DIRECTION('',(-0.999968055041815,0.00799305297672914,0.));
#3213=DIRECTION('',(0.,0.,-1.));
#3214=DIRECTION('',(0.999968055041815,-0.00799305297672915,0.));
#3215=DIRECTION('',(0.00799305297672915,0.999968055041815,0.));
#3216=DIRECTION('',(0.,0.,-1.));
#3217=DIRECTION('',(-0.00799305297672915,-0.999968055041815,0.));
#3218=DIRECTION('',(-0.999968055041815,0.00799305297672845,0.));
#3219=DIRECTION('',(-0.00799305297672845,-0.999968055041815,0.));
#3220=DIRECTION('',(0.00799305297672845,0.999968055041815,0.));
#3221=DIRECTION('',(0.,0.,-1.));
#3222=DIRECTION('',(0.00799305297672924,0.999968055041815,0.));
#3223=DIRECTION('',(-0.999968055041815,0.00799305297672924,0.));
#3224=DIRECTION('',(0.999968055041815,-0.00799305297672924,0.));
#3225=DIRECTION('',(-0.00799305297672936,-0.999968055041815,0.));
#3226=DIRECTION('',(0.999968055041815,-0.00799305297672936,0.));
#3227=DIRECTION('',(0.,0.,-1.));
#3228=DIRECTION('',(-0.933787858839318,0.00746405426363068,-0.35774924539156));
#3229=DIRECTION('',(0.,0.,1.));
#3230=DIRECTION('',(0.711333051347298,0.702855098907977,0.));
#3231=DIRECTION('',(-0.702855098907977,0.711333051347298,0.));
#3232=DIRECTION('',(0.,0.,-1.));
#3233=DIRECTION('',(0.,0.,1.));
#3234=DIRECTION('',(0.,0.,-1.));
#3235=DIRECTION('',(1.,0.,0.));
#3236=DIRECTION('',(-0.0418885045787872,0.0313752370511564,0.998629534754574));
#3237=DIRECTION('',(0.,0.,-1.));
#3238=DIRECTION('',(-1.,0.,0.));
#3239=DIRECTION('',(-0.0161726998844815,0.0497744522251107,0.998629534754574));
#3240=DIRECTION('',(-0.0154466104511765,0.0500045452077402,0.998629534754574));
#3241=DIRECTION('',(0.,0.,-1.));
#3242=DIRECTION('',(-1.,0.,0.));
#3243=DIRECTION('',(0.0161726999035678,0.0497744522189092,0.998629534754574));
#3244=DIRECTION('',(0.0168953638564118,0.0495338166914562,0.998629534754574));
#3245=DIRECTION('',(0.,0.,-1.));
#3246=DIRECTION('',(-1.,0.,0.));
#3247=DIRECTION('',(0.0423406780197643,0.0307623032409794,0.998629534754574));
#3248=DIRECTION('',(0.0427838834246704,0.0301428537960085,0.998629534754574));
#3249=DIRECTION('',(0.,0.,-1.));
#3250=DIRECTION('',(-1.,0.,0.));
#3251=DIRECTION('',(0.0523359562429438,2.6444344434488E-17,0.998629534754574));
#3252=DIRECTION('',(0.0523304136992754,-0.000761654728878049,0.998629534754574));
#3253=DIRECTION('',(0.,0.,-1.));
#3254=DIRECTION('',(-1.,0.,0.));
#3255=DIRECTION('',(0.0423406780197644,-0.0307623032409794,0.998629534754574));
#3256=DIRECTION('',(0.0418885045908182,-0.031375237035094,0.998629534754574));
#3257=DIRECTION('',(0.,0.,-1.));
#3258=DIRECTION('',(-1.,0.,0.));
#3259=DIRECTION('',(0.0161726999035678,-0.0497744522189091,0.998629534754574));
#3260=DIRECTION('',(0.015446610470351,-0.0500045452018172,0.998629534754574));
#3261=DIRECTION('',(0.,0.,-1.));
#3262=DIRECTION('',(-1.,0.,0.));
#3263=DIRECTION('',(-0.0161726998844815,-0.0497744522251107,0.998629534754574));
#3264=DIRECTION('',(-0.0168953638374177,-0.0495338166979348,0.998629534754574));
#3265=DIRECTION('',(0.,0.,-1.));
#3266=DIRECTION('',(-1.,0.,0.));
#3267=DIRECTION('',(-0.0423406780079684,-0.0307623032572152,0.998629534754574));
#3268=DIRECTION('',(-0.0427838834131119,-0.0301428538124143,0.998629534754574));
#3269=DIRECTION('',(0.,0.,-1.));
#3270=DIRECTION('',(-1.,0.,0.));
#3271=DIRECTION('',(-0.0523359562429438,-2.0068503314636E-11,0.998629534754574));
#3272=DIRECTION('',(-0.0523304136989834,0.000761654748944404,0.998629534754574));
#3273=DIRECTION('',(0.,0.,-1.));
#3274=DIRECTION('',(-1.,0.,0.));
#3275=DIRECTION('',(-0.0423406780079685,0.0307623032572151,0.998629534754574));
#3276=DIRECTION('',(0.,0.,1.));
#3277=DIRECTION('',(1.,0.,0.));
#3278=DIRECTION('',(-0.049655449143124,-0.016534469639452,-0.998629534754574));
#3279=DIRECTION('',(0.,0.,1.));
#3280=DIRECTION('',(1.,0.,0.));
#3281=DIRECTION('',(-0.0304533848148249,-0.042563407631245,-0.998629534754574));
#3282=DIRECTION('',(0.,0.,1.));
#3283=DIRECTION('',(1.,0.,0.));
#3284=DIRECTION('',(0.000380837437511786,-0.0523345705887564,-0.998629534754574));
#3285=DIRECTION('',(0.,0.,1.));
#3286=DIRECTION('',(1.,0.,0.));
#3287=DIRECTION('',(0.0310695927329418,-0.0421157063727116,-0.998629534754574));
#3288=DIRECTION('',(0.,0.,1.));
#3289=DIRECTION('',(1.,0.,0.));
#3290=DIRECTION('',(0.0498908196238057,-0.0158100737862988,-0.998629534754574));
#3291=DIRECTION('',(0.,0.,1.));
#3292=DIRECTION('',(1.,0.,0.));
#3293=DIRECTION('',(0.0496554491367838,0.0165344696584926,-0.998629534754574));
#3294=DIRECTION('',(0.,0.,1.));
#3295=DIRECTION('',(1.,0.,0.));
#3296=DIRECTION('',(0.0304533847985038,0.0425634076429224,-0.998629534754574));
#3297=DIRECTION('',(0.,0.,1.));
#3298=DIRECTION('',(1.,0.,0.));
#3299=DIRECTION('',(-0.000380837457579746,0.0523345705886103,-0.998629534754574));
#3300=DIRECTION('',(0.,0.,1.));
#3301=DIRECTION('',(1.,0.,0.));
#3302=DIRECTION('',(-0.0310695927490912,0.0421157063607979,-0.998629534754574));
#3303=DIRECTION('',(0.,0.,1.));
#3304=DIRECTION('',(1.,0.,0.));
#3305=DIRECTION('',(-0.0498908196298682,0.0158100737671678,-0.998629534754574));
#3306=DIRECTION('',(0.702855098907977,-0.711333051347298,0.));
#3307=DIRECTION('',(0.711333051347298,0.702855098907977,0.));
#3308=DIRECTION('',(-0.702855098907977,0.711333051347298,0.));
#3309=DIRECTION('',(-0.711333051347298,-0.702855098907977,0.));
#3310=DIRECTION('',(0.,0.,1.));
#3311=DIRECTION('',(0.625720724905028,0.618263134489407,0.475630393221102));
#3312=DIRECTION('',(1.,0.,0.));
#3313=DIRECTION('',(0.,0.,-1.));
#3314=DIRECTION('',(0.,0.,1.));
#3315=DIRECTION('',(0.,1.,0.));
#3316=DIRECTION('',(0.,0.,1.));
#3317=DIRECTION('',(0.,1.,0.));
#3318=DIRECTION('',(0.,0.,1.));
#3319=DIRECTION('',(0.,0.,1.));
#3320=DIRECTION('',(-1.,0.,0.));
#3321=DIRECTION('',(-1.,0.,0.));
#3322=DIRECTION('',(0.,0.,1.));
#3323=DIRECTION('',(0.,0.,1.));
#3324=DIRECTION('',(0.,-1.,0.));
#3325=DIRECTION('',(0.,-1.,0.));
#3326=DIRECTION('',(0.,0.,-1.));
#3327=DIRECTION('',(0.,0.,1.));
#3328=DIRECTION('',(1.,0.,0.));
#3329=DIRECTION('',(-0.842078922736269,0.539354324988059,0.));
#3330=DIRECTION('',(-0.539354324988059,-0.842078922736269,0.));
#3331=DIRECTION('',(0.,0.,1.));
#3332=DIRECTION('',(-0.539354324988059,-0.842078922736269,0.));
#3333=DIRECTION('',(-1.,0.,0.));
#3334=DIRECTION('',(0.,0.,1.));
#3335=DIRECTION('',(0.,0.,1.));
#3336=DIRECTION('',(0.,-1.,0.));
#3337=DIRECTION('',(0.82770086809666,-0.561169558112373,0.));
#3338=DIRECTION('',(0.561169558112373,0.82770086809666,0.));
#3339=DIRECTION('',(0.561169558112373,0.82770086809666,0.));
#3340=DIRECTION('',(0.,0.,1.));
#3341=DIRECTION('',(1.,0.,0.));
#3342=DIRECTION('',(0.,-1.,0.));
#3343=DIRECTION('',(0.,0.,-1.));
#3344=DIRECTION('',(0.,0.,1.));
#3345=DIRECTION('',(1.,0.,0.));
#3346=DIRECTION('',(0.,0.,1.));
#3347=DIRECTION('',(-1.,0.,0.));
#3348=DIRECTION('',(0.,0.,1.));
#3349=DIRECTION('',(0.,0.,1.));
#3350=DIRECTION('',(0.,-1.,0.));
#3351=DIRECTION('',(0.,-1.,0.));
#3352=DIRECTION('',(0.,0.,-1.));
#3353=DIRECTION('',(0.,0.,1.));
#3354=DIRECTION('',(1.,0.,0.));
#3355=DIRECTION('',(1.,0.,0.));
#3356=DIRECTION('',(0.,0.,-1.));
#3357=DIRECTION('',(0.,0.,1.));
#3358=DIRECTION('',(0.,1.,0.));
#3359=DIRECTION('',(0.,1.,0.));
#3360=DIRECTION('',(0.,0.,1.));
#3361=DIRECTION('',(0.,0.,1.));
#3362=DIRECTION('',(-1.,0.,0.));
#3363=DIRECTION('',(-1.,0.,0.));
#3364=DIRECTION('',(0.,0.,1.));
#3365=DIRECTION('',(0.,0.,1.));
#3366=DIRECTION('',(0.,-1.,0.));
#3367=DIRECTION('',(0.,1.,0.));
#3368=DIRECTION('',(0.,0.,1.));
#3369=DIRECTION('',(0.,0.,1.));
#3370=DIRECTION('',(-1.,0.,0.));
#3371=DIRECTION('',(-1.,0.,0.));
#3372=DIRECTION('',(0.,0.,1.));
#3373=DIRECTION('',(0.,-1.,0.));
#3374=DIRECTION('',(0.,0.,1.));
#3375=DIRECTION('',(1.,0.,0.));
#3376=DIRECTION('',(-0.00399655840596628,-0.999992013728564,0.));
#3377=DIRECTION('',(0.999992013728564,-0.00399655840596628,0.));
#3378=DIRECTION('',(0.714136371902184,0.700006601630575,0.));
#3379=DIRECTION('',(-0.700006601630575,0.714136371902184,0.));
#3380=DIRECTION('',(-0.700006601630575,0.714136371902184,0.));
#3381=DIRECTION('',(0.,0.,-1.));
#3382=DIRECTION('',(-0.339667062380236,-0.332946472659422,0.879643639821053));
#3383=DIRECTION('',(0.93286772876502,0.,0.360219100866116));
#3384=DIRECTION('',(0.934500644246946,-0.0136013993253816,0.355701486978103));
#3385=DIRECTION('',(0.932867728719523,3.5771313738915E-10,0.360219100983942));
#3386=DIRECTION('',(-0.339667062380236,-0.332946472659422,0.879643639821053));
#3387=DIRECTION('',(0.628185517508638,0.615756354957084,0.475633332434103));
#3388=DIRECTION('',(0.628185517508638,0.615756354957085,0.475633332434103));
#3389=DIRECTION('',(-0.339667062380236,-0.332946472659422,0.879643639821053));
#3390=DIRECTION('',(0.628185517508638,0.615756354957084,0.475633332434103));
#3391=DIRECTION('',(0.700006601630575,-0.714136371902184,0.));
#3392=DIRECTION('',(0.714136371902184,0.700006601630575,0.));
#3393=DIRECTION('',(0.702855098907977,-0.711333051347298,0.));
#3394=DIRECTION('',(0.711333051347298,0.702855098907977,0.));
#3395=DIRECTION('',(0.,0.,1.));
#3396=DIRECTION('',(0.,0.,1.));
#3397=DIRECTION('',(-0.711333051347298,-0.702855098907977,0.));
#3398=DIRECTION('',(0.702855098907977,-0.711333051347298,0.));
#3399=DIRECTION('',(0.,0.,1.));
#3400=DIRECTION('',(-0.702855098907977,0.711333051347298,0.));
#3401=DIRECTION('',(-0.711333051347298,-0.702855098907977,0.));
#3402=DIRECTION('',(0.,0.,1.));
#3403=DIRECTION('',(0.711333051347298,0.702855098907977,0.));
#3404=DIRECTION('',(-0.702855098907977,0.711333051347298,0.));
#3405=DIRECTION('',(0.,0.,1.));
#3406=DIRECTION('',(1.,0.,0.));
#3407=DIRECTION('',(0.302088180311608,0.953279985794321,0.));
#3408=DIRECTION('',(0.,0.,1.));
#3409=DIRECTION('',(0.,0.,-1.));
#3410=DIRECTION('',(0.0498908196238057,-0.0158100737862988,-0.998629534754574));
#3411=DIRECTION('',(0.953279985794321,-0.302088180311608,0.));
#3412=DIRECTION('',(0.,0.,1.));
#3413=DIRECTION('',(1.,0.,0.));
#3414=DIRECTION('',(0.,0.,1.));
#3415=DIRECTION('',(1.,0.,0.));
#3416=DIRECTION('',(0.,0.,-1.));
#3417=DIRECTION('',(1.,0.,0.));
#3418=DIRECTION('',(0.,0.,-1.));
#3419=DIRECTION('',(-1.,0.,0.));
#3420=DIRECTION('',(-0.955452977215489,-0.295143369110774,0.));
#3421=DIRECTION('',(0.,0.,-1.));
#3422=DIRECTION('',(-0.0154466104511765,0.0500045452077402,0.998629534754574));
#3423=DIRECTION('',(0.295143369110774,-0.955452977215489,0.));
#3424=DIRECTION('',(-0.951056516247756,0.309016994520822,0.));
#3425=DIRECTION('',(0.,0.,-1.));
#3426=DIRECTION('',(-0.309016994520822,-0.951056516247756,0.));
#3427=DIRECTION('',(0.0161726999035678,0.0497744522189092,0.998629534754574));
#3428=DIRECTION('',(0.,0.,-1.));
#3429=DIRECTION('',(-1.,0.,0.));
#3430=DIRECTION('',(0.,0.,-1.));
#3431=DIRECTION('',(-1.,0.,0.));
#3432=DIRECTION('',(0.,0.,-1.));
#3433=DIRECTION('',(1.,0.,0.));
#3434=DIRECTION('',(0.,0.,1.));
#3435=DIRECTION('',(-1.,0.,0.));
#3436=DIRECTION('',(0.,0.,1.));
#3437=DIRECTION('',(3.83455367118504E-10,-1.,0.));
#3438=DIRECTION('',(0.,0.,-1.));
#3439=DIRECTION('',(0.575949232158689,-0.817485462852898,0.));
#3440=DIRECTION('',(0.,0.,-1.));
#3441=DIRECTION('',(-0.0427838834131119,-0.0301428538124143,0.998629534754574));
#3442=DIRECTION('',(0.817485462852898,0.575949232158689,0.));
#3443=DIRECTION('',(3.83455367118504E-10,-1.,0.));
#3444=DIRECTION('',(0.,0.,-1.));
#3445=DIRECTION('',(1.,3.83455612047865E-10,0.));
#3446=DIRECTION('',(-0.0523359562429438,-2.0068503314636E-11,0.998629534754574));
#3447=DIRECTION('',(0.,0.,-1.));
#3448=DIRECTION('',(-1.,0.,0.));
#3449=DIRECTION('',(0.,0.,-1.));
#3450=DIRECTION('',(-1.,0.,0.));
#3451=DIRECTION('',(0.,0.,-1.));
#3452=DIRECTION('',(1.,0.,0.));
#3453=DIRECTION('',(0.,0.,1.));
#3454=DIRECTION('',(-1.,0.,0.));
#3455=DIRECTION('',(0.,0.,1.));
#3456=DIRECTION('',(-0.0145531830049841,-0.99989409682447,0.));
#3457=DIRECTION('',(0.,0.,-1.));
#3458=DIRECTION('',(-0.58778525254065,-0.809016994194637,0.));
#3459=DIRECTION('',(0.,0.,-1.));
#3460=DIRECTION('',(0.809016994194637,-0.58778525254065,0.));
#3461=DIRECTION('',(-0.0423406780079685,0.0307623032572151,0.998629534754574));
#3462=DIRECTION('',(-0.0145531830049841,-0.99989409682447,0.));
#3463=DIRECTION('',(0.,0.,-1.));
#3464=DIRECTION('',(-0.0523304136989834,0.000761654748944404,0.998629534754574));
#3465=DIRECTION('',(0.99989409682447,-0.0145531830049841,0.));
#3466=DIRECTION('',(0.,0.,-1.));
#3467=DIRECTION('',(-1.,0.,0.));
#3468=DIRECTION('',(0.,0.,-1.));
#3469=DIRECTION('',(-1.,0.,0.));
#3470=DIRECTION('',(0.,0.,-1.));
#3471=DIRECTION('',(1.,0.,0.));
#3472=DIRECTION('',(0.946458615717243,-0.322825167442998,0.));
#3473=DIRECTION('',(0.,0.,-1.));
#3474=DIRECTION('',(-0.0168953638374177,-0.0495338166979348,0.998629534754574));
#3475=DIRECTION('',(0.322825167442998,0.946458615717243,0.));
#3476=DIRECTION('',(0.587785252540651,-0.809016994194636,0.));
#3477=DIRECTION('',(0.,0.,-1.));
#3478=DIRECTION('',(0.809016994194636,0.587785252540651,0.));
#3479=DIRECTION('',(-0.0423406780079684,-0.0307623032572152,0.998629534754574));
#3480=DIRECTION('',(0.,0.,-1.));
#3481=DIRECTION('',(-1.,0.,0.));
#3482=DIRECTION('',(0.,0.,-1.));
#3483=DIRECTION('',(-1.,0.,0.));
#3484=DIRECTION('',(0.,0.,-1.));
#3485=DIRECTION('',(1.,0.,0.));
#3486=DIRECTION('',(-0.813272761184354,0.581882647890085,0.));
#3487=DIRECTION('',(0.,0.,1.));
#3488=DIRECTION('',(0.,0.,-1.));
#3489=DIRECTION('',(0.0304533847985038,0.0425634076429224,-0.998629534754574));
#3490=DIRECTION('',(0.581882647890085,0.813272761184354,0.));
#3491=DIRECTION('',(0.,0.,1.));
#3492=DIRECTION('',(1.,0.,0.));
#3493=DIRECTION('',(0.,0.,1.));
#3494=DIRECTION('',(1.,0.,0.));
#3495=DIRECTION('',(0.,0.,-1.));
#3496=DIRECTION('',(1.,0.,0.));
#3497=DIRECTION('',(0.,0.,-1.));
#3498=DIRECTION('',(-1.,0.,0.));
#3499=DIRECTION('',(-0.999973523855625,-0.00727678416368082,0.));
#3500=DIRECTION('',(0.,0.,1.));
#3501=DIRECTION('',(0.,0.,-1.));
#3502=DIRECTION('',(-0.000380837457579746,0.0523345705886103,-0.998629534754574));
#3503=DIRECTION('',(-0.00727678416368107,0.999973523855625,0.));
#3504=DIRECTION('',(0.,0.,1.));
#3505=DIRECTION('',(1.,0.,0.));
#3506=DIRECTION('',(0.,0.,1.));
#3507=DIRECTION('',(1.,0.,0.));
#3508=DIRECTION('',(0.,0.,-1.));
#3509=DIRECTION('',(1.,0.,0.));
#3510=DIRECTION('',(0.,0.,-1.));
#3511=DIRECTION('',(-1.,0.,0.));
#3512=DIRECTION('',(-0.315929445938458,0.948782685966085,0.));
#3513=DIRECTION('',(0.,0.,1.));
#3514=DIRECTION('',(0.,0.,-1.));
#3515=DIRECTION('',(0.0496554491367838,0.0165344696584926,-0.998629534754574));
#3516=DIRECTION('',(0.948782685966085,0.315929445938458,0.));
#3517=DIRECTION('',(0.,0.,1.));
#3518=DIRECTION('',(1.,0.,0.));
#3519=DIRECTION('',(0.,0.,1.));
#3520=DIRECTION('',(1.,0.,0.));
#3521=DIRECTION('',(0.,0.,-1.));
#3522=DIRECTION('',(1.,0.,0.));
#3523=DIRECTION('',(0.,0.,-1.));
#3524=DIRECTION('',(-1.,0.,0.));
#3525=DIRECTION('',(0.955452977102315,0.295143369477147,0.));
#3526=DIRECTION('',(0.,0.,-1.));
#3527=DIRECTION('',(0.015446610470351,-0.0500045452018172,0.998629534754574));
#3528=DIRECTION('',(-0.295143369477147,0.955452977102315,0.));
#3529=DIRECTION('',(0.95105651636625,-0.309016994156134,0.));
#3530=DIRECTION('',(0.,0.,-1.));
#3531=DIRECTION('',(0.309016994156135,0.95105651636625,0.));
#3532=DIRECTION('',(-0.0161726998844815,-0.0497744522251107,0.998629534754574));
#3533=DIRECTION('',(0.,0.,-1.));
#3534=DIRECTION('',(-1.,0.,0.));
#3535=DIRECTION('',(0.,0.,-1.));
#3536=DIRECTION('',(-1.,0.,0.));
#3537=DIRECTION('',(0.,0.,-1.));
#3538=DIRECTION('',(1.,0.,0.));
#3539=DIRECTION('',(0.599496775972717,0.800377170837798,0.));
#3540=DIRECTION('',(0.,0.,-1.));
#3541=DIRECTION('',(0.0418885045908182,-0.031375237035094,0.998629534754574));
#3542=DIRECTION('',(-0.800377170837799,0.599496775972716,0.));
#3543=DIRECTION('',(0.951056516247756,0.309016994520823,0.));
#3544=DIRECTION('',(0.,0.,-1.));
#3545=DIRECTION('',(-0.309016994520822,0.951056516247756,0.));
#3546=DIRECTION('',(0.0161726999035678,-0.0497744522189091,0.998629534754574));
#3547=DIRECTION('',(0.,0.,-1.));
#3548=DIRECTION('',(-1.,0.,0.));
#3549=DIRECTION('',(0.,0.,-1.));
#3550=DIRECTION('',(-1.,0.,0.));
#3551=DIRECTION('',(0.,0.,-1.));
#3552=DIRECTION('',(1.,0.,0.));
#3553=DIRECTION('',(0.0145531826215698,0.999894096830051,0.));
#3554=DIRECTION('',(0.,0.,-1.));
#3555=DIRECTION('',(0.0523304136992754,-0.000761654728878049,0.998629534754574));
#3556=DIRECTION('',(-0.999894096830051,0.0145531826215695,0.));
#3557=DIRECTION('',(0.587785252230429,0.809016994420026,0.));
#3558=DIRECTION('',(0.,0.,-1.));
#3559=DIRECTION('',(-0.809016994420025,0.587785252230429,0.));
#3560=DIRECTION('',(0.0423406780197644,-0.0307623032409794,0.998629534754574));
#3561=DIRECTION('',(0.,0.,-1.));
#3562=DIRECTION('',(-1.,0.,0.));
#3563=DIRECTION('',(0.,0.,-1.));
#3564=DIRECTION('',(-1.,0.,0.));
#3565=DIRECTION('',(0.,0.,-1.));
#3566=DIRECTION('',(1.,0.,0.));
#3567=DIRECTION('',(-0.57594923184522,0.817485463073748,0.));
#3568=DIRECTION('',(0.,0.,-1.));
#3569=DIRECTION('',(0.0427838834246704,0.0301428537960085,0.998629534754574));
#3570=DIRECTION('',(-0.817485463073748,-0.57594923184522,0.));
#3571=DIRECTION('',(-5.0528062030114E-16,1.,0.));
#3572=DIRECTION('',(0.,0.,-1.));
#3573=DIRECTION('',(-1.,-1.27177949428676E-16,0.));
#3574=DIRECTION('',(0.0523359562429438,2.6444344434488E-17,0.998629534754574));
#3575=DIRECTION('',(0.,0.,-1.));
#3576=DIRECTION('',(-1.,0.,0.));
#3577=DIRECTION('',(0.,0.,-1.));
#3578=DIRECTION('',(-1.,0.,0.));
#3579=DIRECTION('',(0.,0.,-1.));
#3580=DIRECTION('',(1.,0.,0.));
#3581=DIRECTION('',(-0.946458615593454,0.322825167805922,0.));
#3582=DIRECTION('',(0.,0.,-1.));
#3583=DIRECTION('',(0.0168953638564118,0.0495338166914562,0.998629534754574));
#3584=DIRECTION('',(-0.322825167805922,-0.946458615593454,0.));
#3585=DIRECTION('',(-0.587785252230429,0.809016994420025,0.));
#3586=DIRECTION('',(0.,0.,-1.));
#3587=DIRECTION('',(-0.809016994420025,-0.587785252230429,0.));
#3588=DIRECTION('',(0.0423406780197643,0.0307623032409794,0.998629534754574));
#3589=DIRECTION('',(0.,0.,-1.));
#3590=DIRECTION('',(-1.,0.,0.));
#3591=DIRECTION('',(0.,0.,-1.));
#3592=DIRECTION('',(-1.,0.,0.));
#3593=DIRECTION('',(0.,0.,-1.));
#3594=DIRECTION('',(1.,0.,0.));
#3595=DIRECTION('',(-0.599496776279625,-0.800377170607918,0.));
#3596=DIRECTION('',(0.,0.,-1.));
#3597=DIRECTION('',(-0.0418885045787872,0.0313752370511564,0.998629534754574));
#3598=DIRECTION('',(0.800377170607918,-0.599496776279625,0.));
#3599=DIRECTION('',(-0.95105651636625,-0.309016994156135,0.));
#3600=DIRECTION('',(0.,0.,-1.));
#3601=DIRECTION('',(0.309016994156135,-0.95105651636625,0.));
#3602=DIRECTION('',(-0.0161726998844815,0.0497744522251107,0.998629534754574));
#3603=DIRECTION('',(0.,0.,-1.));
#3604=DIRECTION('',(-1.,0.,0.));
#3605=DIRECTION('',(0.,0.,-1.));
#3606=DIRECTION('',(-1.,0.,0.));
#3607=DIRECTION('',(0.,0.,-1.));
#3608=DIRECTION('',(1.,0.,0.));
#3609=DIRECTION('',(0.315929445574642,-0.94878268608723,0.));
#3610=DIRECTION('',(0.,0.,1.));
#3611=DIRECTION('',(0.,0.,-1.));
#3612=DIRECTION('',(-0.049655449143124,-0.016534469639452,-0.998629534754574));
#3613=DIRECTION('',(-0.94878268608723,-0.315929445574643,0.));
#3614=DIRECTION('',(0.,0.,1.));
#3615=DIRECTION('',(1.,0.,0.));
#3616=DIRECTION('',(0.,0.,1.));
#3617=DIRECTION('',(1.,0.,0.));
#3618=DIRECTION('',(0.,0.,-1.));
#3619=DIRECTION('',(1.,0.,0.));
#3620=DIRECTION('',(0.,0.,-1.));
#3621=DIRECTION('',(-1.,0.,0.));
#3622=DIRECTION('',(0.813272760961229,-0.581882648201938,0.));
#3623=DIRECTION('',(0.,0.,1.));
#3624=DIRECTION('',(0.,0.,-1.));
#3625=DIRECTION('',(-0.0304533848148249,-0.042563407631245,-0.998629534754574));
#3626=DIRECTION('',(-0.581882648201938,-0.813272760961228,0.));
#3627=DIRECTION('',(0.,0.,1.));
#3628=DIRECTION('',(1.,0.,0.));
#3629=DIRECTION('',(0.,0.,1.));
#3630=DIRECTION('',(1.,0.,0.));
#3631=DIRECTION('',(0.,0.,-1.));
#3632=DIRECTION('',(1.,0.,0.));
#3633=DIRECTION('',(0.,0.,-1.));
#3634=DIRECTION('',(-1.,0.,0.));
#3635=DIRECTION('',(0.999973523858415,0.00727678378023583,0.));
#3636=DIRECTION('',(0.,0.,1.));
#3637=DIRECTION('',(0.,0.,-1.));
#3638=DIRECTION('',(0.000380837437511786,-0.0523345705887564,-0.998629534754574));
#3639=DIRECTION('',(0.00727678378023628,-0.999973523858415,0.));
#3640=DIRECTION('',(0.,0.,1.));
#3641=DIRECTION('',(1.,0.,0.));
#3642=DIRECTION('',(0.,0.,1.));
#3643=DIRECTION('',(1.,0.,0.));
#3644=DIRECTION('',(0.,0.,-1.));
#3645=DIRECTION('',(1.,0.,0.));
#3646=DIRECTION('',(0.,0.,-1.));
#3647=DIRECTION('',(-1.,0.,0.));
#3648=DIRECTION('',(0.804718388581843,0.593656731687801,0.));
#3649=DIRECTION('',(0.,0.,1.));
#3650=DIRECTION('',(0.,0.,-1.));
#3651=DIRECTION('',(0.0310695927329418,-0.0421157063727116,-0.998629534754574));
#3652=DIRECTION('',(0.5936567316878,-0.804718388581844,0.));
#3653=DIRECTION('',(0.,0.,1.));
#3654=DIRECTION('',(1.,0.,0.));
#3655=DIRECTION('',(0.,0.,1.));
#3656=DIRECTION('',(1.,0.,0.));
#3657=DIRECTION('',(0.,0.,-1.));
#3658=DIRECTION('',(1.,0.,0.));
#3659=DIRECTION('',(0.,0.,-1.));
#3660=DIRECTION('',(-1.,0.,0.));
#3661=DIRECTION('',(-0.804718388354203,-0.593656731996374,0.));
#3662=DIRECTION('',(0.,0.,1.));
#3663=DIRECTION('',(0.,0.,-1.));
#3664=DIRECTION('',(-0.0310695927490912,0.0421157063607979,-0.998629534754574));
#3665=DIRECTION('',(-0.593656731996374,0.804718388354203,0.));
#3666=DIRECTION('',(0.,0.,1.));
#3667=DIRECTION('',(1.,0.,0.));
#3668=DIRECTION('',(0.,0.,1.));
#3669=DIRECTION('',(1.,0.,0.));
#3670=DIRECTION('',(0.,0.,-1.));
#3671=DIRECTION('',(1.,0.,0.));
#3672=DIRECTION('',(0.,0.,-1.));
#3673=DIRECTION('',(-1.,0.,0.));
#3674=DIRECTION('',(-0.302088179946064,-0.95327998591016,0.));
#3675=DIRECTION('',(0.,0.,1.));
#3676=DIRECTION('',(0.,0.,-1.));
#3677=DIRECTION('',(-0.0498908196298682,0.0158100737671678,-0.998629534754574));
#3678=DIRECTION('',(-0.95327998591016,0.302088179946064,0.));
#3679=DIRECTION('',(0.,0.,1.));
#3680=DIRECTION('',(1.,0.,0.));
#3681=DIRECTION('',(0.,0.,1.));
#3682=DIRECTION('',(1.,0.,0.));
#3683=DIRECTION('',(0.,0.,-1.));
#3684=DIRECTION('',(1.,0.,0.));
#3685=DIRECTION('',(0.,0.,-1.));
#3686=DIRECTION('',(-1.,0.,0.));
#3687=DIRECTION('',(0.,0.,-1.));
#3688=DIRECTION('',(-1.,0.,0.));
#3689=DIRECTION('',(0.,0.,-1.));
#3690=DIRECTION('',(-1.,0.,0.));
#3691=DIRECTION('',(0.,0.,-1.));
#3692=DIRECTION('',(-1.,0.,0.));
#3693=DIRECTION('',(0.,0.,-1.));
#3694=DIRECTION('',(-1.,0.,0.));
#3695=DIRECTION('',(0.,0.,-1.));
#3696=DIRECTION('',(-1.,0.,0.));
#3697=DIRECTION('',(0.,0.,-1.));
#3698=DIRECTION('',(-1.,0.,0.));
#3699=DIRECTION('',(0.,0.,-1.));
#3700=DIRECTION('',(-1.,0.,0.));
#3701=DIRECTION('',(0.,0.,-1.));
#3702=DIRECTION('',(-1.,0.,0.));
#3703=DIRECTION('',(0.,0.,-1.));
#3704=DIRECTION('',(-1.,0.,0.));
#3705=DIRECTION('',(0.,0.,-1.));
#3706=DIRECTION('',(-1.,0.,0.));
#3707=DIRECTION('',(0.711333051347298,0.702855098907977,0.));
#3708=DIRECTION('',(-0.702855098907977,0.711333051347298,0.));
#3709=DIRECTION('',(0.,0.,1.));
#3710=DIRECTION('',(0.,0.,1.));
#3711=DIRECTION('',(0.702855098907977,-0.711333051347298,0.));
#3712=DIRECTION('',(0.711333051347298,0.702855098907977,0.));
#3713=DIRECTION('',(0.,0.,1.));
#3714=DIRECTION('',(-0.700006601630575,0.714136371902184,0.));
#3715=DIRECTION('',(-0.714136371902184,-0.700006601630575,0.));
#3716=DIRECTION('',(0.,0.,1.));
#3717=DIRECTION('',(0.711333051347298,0.702855098907977,0.));
#3718=DIRECTION('',(-0.702855098907977,0.711333051347298,0.));
#3719=DIRECTION('',(0.,0.,1.));
#3720=DIRECTION('',(0.,0.,1.));
#3721=DIRECTION('',(1.,0.,0.));
#3722=CARTESIAN_POINT('',(0.,0.,0.));
#3723=CARTESIAN_POINT('',(-0.0075,-1.6073489238809E-18,0.08845));
#3724=CARTESIAN_POINT('',(-0.0374863329957552,0.0419106290622662,0.08845));
#3725=CARTESIAN_POINT('',(-0.0374863329957552,0.0419106290622662,0.08845));
#3726=CARTESIAN_POINT('',(-0.0383579607931387,0.0431288663606271,0.08845));
#3727=CARTESIAN_POINT('',(-0.0075,-1.98219454216374E-17,0.08845));
#3728=CARTESIAN_POINT('',(-0.00788589691773224,0.0530298401037812,0.08845));
#3729=CARTESIAN_POINT('',(-0.00787499670035641,0.051531935461439,0.08845));
#3730=CARTESIAN_POINT('',(-0.00787499670035641,0.051531935461439,0.08845));
#3731=CARTESIAN_POINT('',(-0.0075,1.83697019872103E-18,0.08845));
#3732=CARTESIAN_POINT('',(-0.00712500331940382,0.0515319354615828,0.08845));
#3733=CARTESIAN_POINT('',(-0.00712500331940382,0.0515319354615828,0.08845));
#3734=CARTESIAN_POINT('',(-0.00711410310260237,0.0530298401039292,0.08845));
#3735=CARTESIAN_POINT('',(-0.0075,-9.26803314126633E-17,0.08845));
#3736=CARTESIAN_POINT('',(0.0233579607766006,0.0431288663724597,0.08845));
#3737=CARTESIAN_POINT('',(0.0224863329796843,0.0419106290737646,0.08845));
#3738=CARTESIAN_POINT('',(0.0224863329796843,0.0419106290737646,0.08845));
#3739=CARTESIAN_POINT('',(-0.0075,1.83697019872103E-18,0.08845));
#3740=CARTESIAN_POINT('',(0.023093090370662,0.0414697940252866,0.08845));
#3741=CARTESIAN_POINT('',(0.023093090370662,0.0414697940252866,0.08845));
#3742=CARTESIAN_POINT('',(0.023982355089316,0.0426752173502835,0.08845));
#3743=CARTESIAN_POINT('',(-0.0075,1.40051623599104E-17,0.08845));
#3744=CARTESIAN_POINT('',(0.0428151262805652,0.0167541315869994,0.08845));
#3745=CARTESIAN_POINT('',(0.0413939026621609,0.0162808868735802,0.08845));
#3746=CARTESIAN_POINT('',(0.0413939026621609,0.0162808868735802,0.08845));
#3747=CARTESIAN_POINT('',(-0.0075,1.83697019872103E-18,0.08845));
#3748=CARTESIAN_POINT('',(0.0416256633627902,0.015567600781527,0.08845));
#3749=CARTESIAN_POINT('',(0.0416256633627902,0.015567600781527,0.08845));
#3750=CARTESIAN_POINT('',(0.0430536236858471,0.0160201120499661,0.08845));
#3751=CARTESIAN_POINT('',(-0.00749999999999986,-6.81151935181132E-18,0.08845));
#3752=CARTESIAN_POINT('',(0.0430536236858471,-0.0160201120499663,0.08845));
#3753=CARTESIAN_POINT('',(0.0416256633627901,-0.0155676007815271,0.08845));
#3754=CARTESIAN_POINT('',(0.0416256633627901,-0.0155676007815271,0.08845));
#3755=CARTESIAN_POINT('',(-0.0075,1.83697019872103E-18,0.08845));
#3756=CARTESIAN_POINT('',(0.041393902662161,-0.0162808868735802,0.08845));
#3757=CARTESIAN_POINT('',(0.041393902662161,-0.0162808868735802,0.08845));
#3758=CARTESIAN_POINT('',(0.0428151262805652,-0.0167541315869994,0.08845));
#3759=CARTESIAN_POINT('',(-0.0075,2.70155884297364E-17,0.08845));
#3760=CARTESIAN_POINT('',(0.0239823550893161,-0.0426752173502834,0.08845));
#3761=CARTESIAN_POINT('',(0.023093090370662,-0.0414697940252865,0.08845));
#3762=CARTESIAN_POINT('',(0.023093090370662,-0.0414697940252865,0.08845));
#3763=CARTESIAN_POINT('',(-0.0075,1.83697019872103E-18,0.08845));
#3764=CARTESIAN_POINT('',(0.0224863329796843,-0.0419106290737646,0.08845));
#3765=CARTESIAN_POINT('',(0.0224863329796843,-0.0419106290737646,0.08845));
#3766=CARTESIAN_POINT('',(0.0233579607766007,-0.0431288663724597,0.08845));
#3767=CARTESIAN_POINT('',(-0.0075,1.40051623599104E-17,0.08845));
#3768=CARTESIAN_POINT('',(-0.00711410310260234,-0.0530298401039292,0.08845));
#3769=CARTESIAN_POINT('',(-0.00712500331940379,-0.0515319354615827,0.08845));
#3770=CARTESIAN_POINT('',(-0.00712500331940379,-0.0515319354615828,0.08845));
#3771=CARTESIAN_POINT('',(-0.0075,1.83697019872103E-18,0.08845));
#3772=CARTESIAN_POINT('',(-0.00787499670035638,-0.0515319354614389,0.08845));
#3773=CARTESIAN_POINT('',(-0.00787499670035638,-0.0515319354614389,0.08845));
#3774=CARTESIAN_POINT('',(-0.00788589691773221,-0.0530298401037812,0.08845));
#3775=CARTESIAN_POINT('',(-0.0075,-4.0638627133359E-17,0.08845));
#3776=CARTESIAN_POINT('',(-0.0383579607931386,-0.0431288663606271,0.08845));
#3777=CARTESIAN_POINT('',(-0.0374863329957551,-0.0419106290622662,0.08845));
#3778=CARTESIAN_POINT('',(-0.0374863329957551,-0.0419106290622662,0.08845));
#3779=CARTESIAN_POINT('',(-0.0075,1.83697019872103E-18,0.08845));
#3780=CARTESIAN_POINT('',(-0.0380930903865638,-0.0414697940135555,0.08845));
#3781=CARTESIAN_POINT('',(-0.0380930903865638,-0.0414697940135555,0.08845));
#3782=CARTESIAN_POINT('',(-0.03898235510568,-0.0426752173382114,0.08845));
#3783=CARTESIAN_POINT('',(-0.0075,3.87249718925798E-17,0.08845));
#3784=CARTESIAN_POINT('',(-0.0578151262869897,-0.0167541315677058,0.08845));
#3785=CARTESIAN_POINT('',(-0.056393902668404,-0.0162808868548316,0.08845));
#3786=CARTESIAN_POINT('',(-0.056393902668404,-0.0162808868548316,0.08845));
#3787=CARTESIAN_POINT('',(-0.0075,1.83697019872103E-18,0.08845));
#3788=CARTESIAN_POINT('',(-0.0566256633687597,-0.0155676007626895,0.08845));
#3789=CARTESIAN_POINT('',(-0.0566256633687597,-0.0155676007626895,0.08845));
#3790=CARTESIAN_POINT('',(-0.0580536236919901,-0.0160201120305811,0.08845));
#3791=CARTESIAN_POINT('',(-0.00750000000000013,1.40051623599104E-17,0.08845));
#3792=CARTESIAN_POINT('',(-0.0580536236919902,0.016020112030581,0.08845));
#3793=CARTESIAN_POINT('',(-0.0566256633687597,0.0155676007626895,0.08845));
#3794=CARTESIAN_POINT('',(-0.0566256633687597,0.0155676007626895,0.08845));
#3795=CARTESIAN_POINT('',(-0.0075,1.83697019872103E-18,0.08845));
#3796=CARTESIAN_POINT('',(-0.056393902668404,0.0162808868548316,0.08845));
#3797=CARTESIAN_POINT('',(-0.056393902668404,0.0162808868548315,0.08845));
#3798=CARTESIAN_POINT('',(-0.0578151262869897,0.0167541315677057,0.08845));
#3799=CARTESIAN_POINT('',(-0.0075,3.61228866786146E-17,0.08845));
#3800=CARTESIAN_POINT('',(-0.03898235510568,0.0426752173382114,0.08845));
#3801=CARTESIAN_POINT('',(-0.0380930903865639,0.0414697940135555,0.08845));
#3802=CARTESIAN_POINT('',(-0.0380930903865639,0.0414697940135555,0.08845));
#3803=CARTESIAN_POINT('',(-0.0075,1.83697019872103E-18,0.08845));
#3804=CARTESIAN_POINT('',(0.0126354521096784,-0.0144114041071246,0.08845));
#3805=CARTESIAN_POINT('',(0.0268849968940243,-0.014525305112043,0.08845));
#3806=CARTESIAN_POINT('',(-0.013338504451645,-0.0142037862639714,0.08845));
#3807=CARTESIAN_POINT('',(-0.00746968296421042,-0.0084049117435041,0.08845));
#3808=CARTESIAN_POINT('',(-0.0235558613699502,-0.0242993686269611,0.08845));
#3809=CARTESIAN_POINT('',(-0.0135401762105115,-0.0344358646086601,0.08845));
#3810=CARTESIAN_POINT('',(-0.0135002276087359,-0.0344762950769632,0.08845));
#3811=CARTESIAN_POINT('',(-0.00763788126500584,-0.0344997244736354,0.08845));
#3812=CARTESIAN_POINT('',(0.00661200493062618,-0.0345566754309204,0.08845));
#3813=CARTESIAN_POINT('',(0.0167485009123252,-0.0245409902714818,0.08845));
#3814=CARTESIAN_POINT('',(-0.0304364812039753,0.0232131447681648,0.08845));
#3815=CARTESIAN_POINT('',(-0.0276622823037209,0.025954279653906,0.08845));
#3816=CARTESIAN_POINT('',(-0.0332106801042298,0.0204720098824237,0.08845));
#3817=CARTESIAN_POINT('',(-0.0304034171894619,0.0287284785541605,0.08845));
#3818=CARTESIAN_POINT('',(-0.0331445520752031,0.0315026774544149,0.08845));
#3819=CARTESIAN_POINT('',(-0.0359187509754575,0.0287615425686738,0.08845));
#3820=CARTESIAN_POINT('',(-0.038692949875712,0.0260204076829327,0.08845));
#3821=CARTESIAN_POINT('',(-0.0359518149899709,0.0232462087826782,0.08845));
#3822=CARTESIAN_POINT('',(-0.0075,-5.20417042793042E-18,0.08845));
#3823=CARTESIAN_POINT('',(0.0280998264919955,0.024743332305332,0.08845));
#3824=CARTESIAN_POINT('',(-0.0292393462303838,0.0375097449379194,0.08845));
#3825=CARTESIAN_POINT('',(-0.0235011557411589,0.0317023394623751,0.08845));
#3826=CARTESIAN_POINT('',(-0.0177629652519339,0.0258949339868308,0.08845));
#3827=CARTESIAN_POINT('',(-0.0225624266960588,0.0211526744480308,0.08845));
#3828=CARTESIAN_POINT('',(-0.0273618881401837,0.0164104149092308,0.08845));
#3829=CARTESIAN_POINT('',(-0.0158094139912502,0.00471859293946871,0.08845));
#3830=CARTESIAN_POINT('',(-0.00425693984231681,-0.00697322903029338,0.08845));
#3831=CARTESIAN_POINT('',(0.0119214433248393,0.00888505163751929,0.08845));
#3832=CARTESIAN_POINT('',(-0.0075,-1.6073489238809E-18,0.11095));
#3833=CARTESIAN_POINT('',(-0.0075,1.83697019872103E-18,0.11095));
#3834=CARTESIAN_POINT('',(0.00736168605114483,-0.0481109984845325,0.11095));
#3835=CARTESIAN_POINT('',(0.00806028029853271,-0.0478896185461168,0.11095));
#3836=CARTESIAN_POINT('',(0.00842466542308268,-0.0490110806460137,0.11095));
#3837=CARTESIAN_POINT('',(0.00852444190711974,-0.0493181610885722,0.11095));
#3838=CARTESIAN_POINT('',(-0.0075,1.83697019872103E-18,0.11095));
#3839=CARTESIAN_POINT('',(0.0340045053079222,-0.0310876147482832,0.11095));
#3840=CARTESIAN_POINT('',(0.033746076737659,-0.0308940471398347,0.11095));
#3841=CARTESIAN_POINT('',(0.0328022919604,-0.0301871355083612,0.11095));
#3842=CARTESIAN_POINT('',(-0.0075,1.83697019872103E-18,0.11095));
#3843=CARTESIAN_POINT('',(0.0332373427158003,-0.0295974119800516,0.11095));
#3844=CARTESIAN_POINT('',(0.03419131535733,-0.0302905136751236,0.11095));
#3845=CARTESIAN_POINT('',(0.0344525335839437,-0.0304802998259711,0.11095));
#3846=CARTESIAN_POINT('',(-0.0075,1.83697019872103E-18,0.11095));
#3847=CARTESIAN_POINT('',(0.0443506916151672,-0.000754672526227532,0.11095));
#3848=CARTESIAN_POINT('',(0.0440278423244252,-0.000749973543779171,0.11095));
#3849=CARTESIAN_POINT('',(0.0428487921689373,-0.000732812793716376,0.11095));
#3850=CARTESIAN_POINT('',(-0.0075,1.83697019872103E-18,0.11095));
#3851=CARTESIAN_POINT('',(0.0428541248306579,1.9417836655927E-11,0.11095));
#3852=CARTESIAN_POINT('',(0.0440332998645263,1.97607380328728E-11,0.11095));
#3853=CARTESIAN_POINT('',(0.0443561833496548,1.98845368161811E-11,0.11095));
#3854=CARTESIAN_POINT('',(-0.0075,1.83697019872103E-18,0.11095));
#3855=CARTESIAN_POINT('',(0.0348916760473773,0.0298665289829139,0.11095));
#3856=CARTESIAN_POINT('',(0.0346277234920894,0.0296805644875774,0.11095));
#3857=CARTESIAN_POINT('',(0.0336637650437429,0.0290014195322402,0.11095));
#3858=CARTESIAN_POINT('',(-0.0075,1.83697019872103E-18,0.11095));
#3859=CARTESIAN_POINT('',(0.0332373427158003,0.0295974119800517,0.11095));
#3860=CARTESIAN_POINT('',(0.0341913153573299,0.0302905136751237,0.11095));
#3861=CARTESIAN_POINT('',(0.0344525335839436,0.0304802998259711,0.11095));
#3862=CARTESIAN_POINT('',(-0.0075,1.83697019872103E-18,0.11095));
#3863=CARTESIAN_POINT('',(0.0092404810728071,0.0490797315094938,0.11095));
#3864=CARTESIAN_POINT('',(0.00913624615765593,0.0487741356531212,0.11095));
#3865=CARTESIAN_POINT('',(0.00875557877990275,0.0476580952828777,0.11095));
#3866=CARTESIAN_POINT('',(-0.0075,1.83697019872103E-18,0.11095));
#3867=CARTESIAN_POINT('',(0.00806028029853267,0.0478896185461168,0.11095));
#3868=CARTESIAN_POINT('',(0.00842466542308266,0.0490110806460137,0.11095));
#3869=CARTESIAN_POINT('',(0.00852444190711969,0.0493181610885722,0.11095));
#3870=CARTESIAN_POINT('',(-0.0075,1.83697019872103E-18,0.11095));
#3871=CARTESIAN_POINT('',(-0.0228050086820418,0.0495461447625911,0.11095));
#3872=CARTESIAN_POINT('',(-0.0227097117622925,0.049237644775468,0.11095));
#3873=CARTESIAN_POINT('',(-0.0223616860695932,0.0481109984788337,0.11095));
#3874=CARTESIAN_POINT('',(-0.0075,1.83697019872103E-18,0.11095));
#3875=CARTESIAN_POINT('',(-0.0230602803168962,0.0478896185401501,0.11095));
#3876=CARTESIAN_POINT('',(-0.0234246654418762,0.0490110806399073,0.11095));
#3877=CARTESIAN_POINT('',(-0.0235244419260311,0.0493181610824275,0.11095));
#3878=CARTESIAN_POINT('',(-0.0075,1.83697019872103E-18,0.11095));
#3879=CARTESIAN_POINT('',(-0.0490045053198428,0.0310876147323681,0.11095));
#3880=CARTESIAN_POINT('',(-0.0487460767495055,0.0308940471240187,0.11095));
#3881=CARTESIAN_POINT('',(-0.0478022919719753,0.0301871354929071,0.11095));
#3882=CARTESIAN_POINT('',(-0.0075,1.83697019872103E-18,0.11095));
#3883=CARTESIAN_POINT('',(-0.0482373427271496,0.0295974119644307,0.11095));
#3884=CARTESIAN_POINT('',(-0.049191315368945,0.0302905136591369,0.11095));
#3885=CARTESIAN_POINT('',(-0.0494525335956315,0.0304802998098841,0.11095));
#3886=CARTESIAN_POINT('',(-0.0075,1.83697019872103E-18,0.11095));
#3887=CARTESIAN_POINT('',(-0.0593506916154566,0.000754672506345126,0.11095));
#3888=CARTESIAN_POINT('',(-0.0590278423247127,0.000749973524020563,0.11095));
#3889=CARTESIAN_POINT('',(-0.0578487921692183,0.000732812774409887,0.11095));
#3890=CARTESIAN_POINT('',(-0.0075,1.83697019872103E-18,0.11095));
#3891=CARTESIAN_POINT('',(-0.0578541248306579,-2.05944771480397E-17,0.11095));
#3892=CARTESIAN_POINT('',(-0.0590332998645263,-2.10463029865618E-17,0.11095));
#3893=CARTESIAN_POINT('',(-0.0593561833496548,-2.12094497542125E-17,0.11095));
#3894=CARTESIAN_POINT('',(-0.0075,1.83697019872103E-18,0.11095));
#3895=CARTESIAN_POINT('',(-0.0498916760588297,-0.0298665289666586,0.11095));
#3896=CARTESIAN_POINT('',(-0.0496277235034706,-0.0296805644714233,0.11095));
#3897=CARTESIAN_POINT('',(-0.0486637650548637,-0.0290014195164558,0.11095));
#3898=CARTESIAN_POINT('',(-0.0075,1.83697019872103E-18,0.11095));
#3899=CARTESIAN_POINT('',(-0.0482373427271496,-0.0295974119644307,0.11095));
#3900=CARTESIAN_POINT('',(-0.049191315368945,-0.0302905136591369,0.11095));
#3901=CARTESIAN_POINT('',(-0.0494525335956315,-0.0304802998098842,0.11095));
#3902=CARTESIAN_POINT('',(-0.0075,1.83697019872103E-18,0.11095));
#3903=CARTESIAN_POINT('',(-0.024240481091627,-0.0490797315030746,0.11095));
#3904=CARTESIAN_POINT('',(-0.0241362461763586,-0.0487741356467419,0.11095));
#3905=CARTESIAN_POINT('',(-0.0237555787981775,-0.0476580952766445,0.11095));
#3906=CARTESIAN_POINT('',(-0.0075,1.83697019872103E-18,0.11095));
#3907=CARTESIAN_POINT('',(-0.0230602803168962,-0.0478896185401501,0.11095));
#3908=CARTESIAN_POINT('',(-0.0234246654418762,-0.0490110806399073,0.11095));
#3909=CARTESIAN_POINT('',(-0.023524441926031,-0.0493181610824275,0.11095));
#3910=CARTESIAN_POINT('',(-0.0075,1.83697019872103E-18,0.11095));
#3911=CARTESIAN_POINT('',(0.00780500866304309,-0.0495461447684599,0.11095));
#3912=CARTESIAN_POINT('',(0.00770971174341205,-0.0492376447813002,0.11095));
#3913=CARTESIAN_POINT('',(0.0167485009123252,-0.0245409902714818,0.11095));
#3914=CARTESIAN_POINT('',(0.041191606892126,-0.00038920702661305,0.11095));
#3915=CARTESIAN_POINT('',(0.0408729610535299,-0.000704055116377558,0.11095));
#3916=CARTESIAN_POINT('',(0.0440278423244252,-0.000749973543779171,0.11095));
#3917=CARTESIAN_POINT('',(0.0402782394613333,-0.00069539910751048,0.11095));
#3918=CARTESIAN_POINT('',(-0.0075,4.99247473515067E-18,0.11095));
#3919=CARTESIAN_POINT('',(0.0402654959041126,-0.00130428025264549,0.11095));
#3920=CARTESIAN_POINT('',(0.0167485009123252,-0.0245409902714818,0.11095));
#3921=CARTESIAN_POINT('',(0.00661200493062618,-0.0345566754309204,0.11095));
#3922=CARTESIAN_POINT('',(-0.00763788126500584,-0.0344997244736354,0.11095));
#3923=CARTESIAN_POINT('',(-0.0135002276087359,-0.0344762950769632,0.11095));
#3924=CARTESIAN_POINT('',(-0.0135401762105115,-0.0344358646086601,0.11095));
#3925=CARTESIAN_POINT('',(-0.0235558613699502,-0.0242993686269611,0.11095));
#3926=CARTESIAN_POINT('',(-0.00746968296421042,-0.0084049117435041,0.11095));
#3927=CARTESIAN_POINT('',(-0.013338504451645,-0.0142037862639714,0.11095));
#3928=CARTESIAN_POINT('',(0.0126354521096784,-0.0144114041071246,0.11095));
#3929=CARTESIAN_POINT('',(-0.00150087448326891,-0.0142984080901178,0.11095));
#3930=CARTESIAN_POINT('',(0.0125792083910585,-0.0286627001932668,0.11095));
#3931=CARTESIAN_POINT('',(-0.00161318406266245,-0.014183831519881,0.11095));
#3932=CARTESIAN_POINT('',(0.016936355604255,0.00399869038341303,0.11095));
#3933=CARTESIAN_POINT('',(0.027112798903861,0.0139737844566487,0.11095));
#3934=CARTESIAN_POINT('',(0.041305191357582,-0.0005050842167371,0.11095));
#3935=CARTESIAN_POINT('',(0.0402802422307706,0.000540553708820131,0.11095));
#3936=CARTESIAN_POINT('',(-0.0075,4.99247473515067E-18,0.11095));
#3937=CARTESIAN_POINT('',(0.0402832998645263,1.83227465641124E-11,0.11095));
#3938=CARTESIAN_POINT('',(0.0440332998645263,1.97607380328728E-11,0.11095));
#3939=CARTESIAN_POINT('',(0.040810100625652,1.85247785469311E-11,0.11095));
#3940=CARTESIAN_POINT('',(0.041305191357582,-0.0005050842167371,0.11095));
#3941=CARTESIAN_POINT('',(-0.0304034171894619,0.0287284785541605,0.11095));
#3942=CARTESIAN_POINT('',(-0.0276622823037209,0.025954279653906,0.11095));
#3943=CARTESIAN_POINT('',(-0.0331445520752031,0.0315026774544149,0.11095));
#3944=CARTESIAN_POINT('',(-0.0304364812039753,0.0232131447681648,0.11095));
#3945=CARTESIAN_POINT('',(-0.0332106801042298,0.0204720098824237,0.11095));
#3946=CARTESIAN_POINT('',(-0.0359518149899709,0.0232462087826782,0.11095));
#3947=CARTESIAN_POINT('',(-0.038692949875712,0.0260204076829327,0.11095));
#3948=CARTESIAN_POINT('',(-0.0359187509754575,0.0287615425686738,0.11095));
#3949=CARTESIAN_POINT('',(-0.0262079918629343,-0.00135895044426632,0.11095));
#3950=CARTESIAN_POINT('',(-0.0251478111988718,-0.00135895044426632,0.11095));
#3951=CARTESIAN_POINT('',(-0.0272681725269967,-0.00135895044426632,0.11095));
#3952=CARTESIAN_POINT('',(-0.0272681725269967,-0.00099640161614132,0.11095));
#3953=CARTESIAN_POINT('',(-0.0272681725269967,-0.000633852788016321,0.11095));
#3954=CARTESIAN_POINT('',(-0.0262079918629343,0.000929867915108679,0.11095));
#3955=CARTESIAN_POINT('',(-0.0251478111988718,0.00249358861823368,0.11095));
#3956=CARTESIAN_POINT('',(-0.0251478111988718,0.00194854467292118,0.11095));
#3957=CARTESIAN_POINT('',(-0.0251478111988718,0.00140350072760868,0.11095));
#3958=CARTESIAN_POINT('',(-0.0258002770191843,0.00038482396979618,0.11095));
#3959=CARTESIAN_POINT('',(-0.0264527428394968,-0.00063385278801632,0.11095));
#3960=CARTESIAN_POINT('',(-0.0258002770191843,-0.00063385278801632,0.11095));
#3961=CARTESIAN_POINT('',(-0.0251478111988718,-0.00063385278801632,0.11095));
#3962=CARTESIAN_POINT('',(-0.0251478111988718,-0.00099640161614132,0.11095));
#3963=CARTESIAN_POINT('',(-0.0239039147144968,0.00115874975104618,0.11095));
#3964=CARTESIAN_POINT('',(-0.0239039147144968,0.00295135229010868,0.11095));
#3965=CARTESIAN_POINT('',(-0.0239039147144968,-0.00063385278801632,0.11095));
#3966=CARTESIAN_POINT('',(-0.0236103356129343,-0.00063385278801632,0.11095));
#3967=CARTESIAN_POINT('',(-0.0233167565113718,-0.00063385278801632,0.11095));
#3968=CARTESIAN_POINT('',(-0.0233167565113718,-0.00099640161614132,0.11095));
#3969=CARTESIAN_POINT('',(-0.0233167565113718,-0.00135895044426632,0.11095));
#3970=CARTESIAN_POINT('',(-0.0236103356129343,-0.00135895044426632,0.11095));
#3971=CARTESIAN_POINT('',(-0.0239039147144968,-0.00135895044426632,0.11095));
#3972=CARTESIAN_POINT('',(-0.0239039147144968,-0.00201507837395382,0.11095));
#3973=CARTESIAN_POINT('',(-0.0239039147144968,-0.00267120630364132,0.11095));
#3974=CARTESIAN_POINT('',(-0.0243696129566843,-0.00267120630364132,0.11095));
#3975=CARTESIAN_POINT('',(-0.0248353111988718,-0.00267120630364132,0.11095));
#3976=CARTESIAN_POINT('',(-0.0248353111988718,0.00014007299323368,0.11095));
#3977=CARTESIAN_POINT('',(-0.0248353111988718,0.00295135229010868,0.11095));
#3978=CARTESIAN_POINT('',(-0.0243696129566843,0.00295135229010868,0.11095));
#3979=CARTESIAN_POINT('',(-0.042912943341944,-0.00346705322267614,0.11095));
#3980=CARTESIAN_POINT('',(-0.0391630631355371,-0.00349702717133888,0.11095));
#3981=CARTESIAN_POINT('',(-0.0466628235483508,-0.00343707927401341,0.11095));
#3982=CARTESIAN_POINT('',(-0.0466328495996881,0.000312800932393398,0.11095));
#3983=CARTESIAN_POINT('',(-0.0466028756510253,0.0040626811388002,0.11095));
#3984=CARTESIAN_POINT('',(-0.0428529954446185,0.00403270719013746,0.11095));
#3985=CARTESIAN_POINT('',(-0.0391031152382117,0.00400273324147474,0.11095));
#3986=CARTESIAN_POINT('',(-0.0391330891868744,0.000252853035067927,0.11095));
#3987=CARTESIAN_POINT('',(-0.0235011557411589,0.0317023394623751,0.11095));
#3988=CARTESIAN_POINT('',(-0.0177629652519339,0.0258949339868308,0.11095));
#3989=CARTESIAN_POINT('',(-0.0292393462303838,0.0375097449379194,0.11095));
#3990=CARTESIAN_POINT('',(-0.0075,-5.20417042793042E-18,0.11095));
#3991=CARTESIAN_POINT('',(0.0280998264919955,0.024743332305332,0.11095));
#3992=CARTESIAN_POINT('',(0.0119214433248393,0.00888505163751929,0.11095));
#3993=CARTESIAN_POINT('',(-0.00425693984231682,-0.00697322903029338,0.11095));
#3994=CARTESIAN_POINT('',(-0.0158094139912502,0.00471859293946871,0.11095));
#3995=CARTESIAN_POINT('',(-0.0273618881401837,0.0164104149092308,0.11095));
#3996=CARTESIAN_POINT('',(-0.0225624266960588,0.0211526744480308,0.11095));
#3997=CARTESIAN_POINT('',(0.0416256633627902,0.015567600781527,0.0938875));
#3998=CARTESIAN_POINT('',(-0.0075,6.79800171032977E-18,1.10042492259866));
#3999=CARTESIAN_POINT('',(0.0430536236858471,0.0160201120499661,0.0885285039343644));
#4000=CARTESIAN_POINT('',(0.0425142384393331,0.0158491844001314,0.099325));
#4001=CARTESIAN_POINT('',(0.0430536236858471,0.0160201120499661,0.1072));
#4002=CARTESIAN_POINT('',(-0.0075,6.79800171032977E-18,1.07176393868471));
#4003=CARTESIAN_POINT('',(0.0410823561156816,0.0153954302754061,0.099325));
#4004=CARTESIAN_POINT('',(0.0416256633627902,0.015567600781527,0.099325));
#4005=CARTESIAN_POINT('',(-0.00712500331940381,0.0515319354615828,0.0938875));
#4006=CARTESIAN_POINT('',(-0.0075,1.83756191157977E-18,1.10042492259866));
#4007=CARTESIAN_POINT('',(-0.00711410310260236,0.0530298401039292,0.0885285039343644));
#4008=CARTESIAN_POINT('',(-0.00711822045518673,0.0524640347018317,0.099325));
#4009=CARTESIAN_POINT('',(-0.00711410310260237,0.0530298401039292,0.1072));
#4010=CARTESIAN_POINT('',(-0.0075,1.83756191157977E-18,1.07176393868471));
#4011=CARTESIAN_POINT('',(-0.00712915061025473,0.0509620159515488,0.099325));
#4012=CARTESIAN_POINT('',(-0.00712500331940382,0.0515319354615828,0.099325));
#4013=CARTESIAN_POINT('',(-0.0374863329957552,0.0419106290622662,0.0938875));
#4014=CARTESIAN_POINT('',(-0.0075,1.83697019872103E-18,1.10042492259866));
#4015=CARTESIAN_POINT('',(-0.0383579607931387,0.0431288663606271,0.0885285039343644));
#4016=CARTESIAN_POINT('',(-0.0380287197303662,0.0426687000556682,0.099325));
#4017=CARTESIAN_POINT('',(-0.0383579607931387,0.0431288663606271,0.1072));
#4018=CARTESIAN_POINT('',(-0.0075,1.83697019872103E-18,1.07176393868471));
#4019=CARTESIAN_POINT('',(-0.037154697941578,0.0414471167767984,0.099325));
#4020=CARTESIAN_POINT('',(-0.0374863329957552,0.0419106290622662,0.099325));
#4021=CARTESIAN_POINT('',(0.023093090370662,0.0414697940252866,0.0938875));
#4022=CARTESIAN_POINT('',(-0.0075,1.83697019872103E-18,1.10042492259866));
#4023=CARTESIAN_POINT('',(0.023982355089316,0.0426752173502835,0.0885285039343644));
#4024=CARTESIAN_POINT('',(0.023646452010118,0.0422198912835793,0.099325));
#4025=CARTESIAN_POINT('',(0.023982355089316,0.0426752173502835,0.1072));
#4026=CARTESIAN_POINT('',(-0.0075,1.83697019872103E-18,1.07176393868471));
#4027=CARTESIAN_POINT('',(0.0227547448589265,0.0410111571726165,0.099325));
#4028=CARTESIAN_POINT('',(0.023093090370662,0.0414697940252866,0.099325));
#4029=CARTESIAN_POINT('',(-0.0380930903865638,-0.0414697940135555,0.0938875));
#4030=CARTESIAN_POINT('',(-0.0075,1.83697019872103E-18,1.10042492259866));
#4031=CARTESIAN_POINT('',(-0.03898235510568,-0.0426752173382114,0.0885285039343644));
#4032=CARTESIAN_POINT('',(-0.0386464520263074,-0.042219891271636,0.099325));
#4033=CARTESIAN_POINT('',(-0.03898235510568,-0.0426752173382114,0.1072));
#4034=CARTESIAN_POINT('',(-0.0075,1.83697019872103E-18,1.07176393868471));
#4035=CARTESIAN_POINT('',(-0.0377547448746524,-0.0410111571610152,0.099325));
#4036=CARTESIAN_POINT('',(-0.0380930903865638,-0.0414697940135555,0.099325));
#4037=CARTESIAN_POINT('',(-0.00787499670035638,-0.0515319354614389,0.0938875));
#4038=CARTESIAN_POINT('',(-0.0075,1.83756191161095E-18,1.10042492259866));
#4039=CARTESIAN_POINT('',(-0.00788589691773221,-0.0530298401037812,0.0885285039343644));
#4040=CARTESIAN_POINT('',(-0.00788177956493089,-0.0524640347016853,0.099325));
#4041=CARTESIAN_POINT('',(-0.00788589691773221,-0.0530298401037812,0.1072));
#4042=CARTESIAN_POINT('',(-0.0075,1.83756191161095E-18,1.07176393868471));
#4043=CARTESIAN_POINT('',(-0.00787084940928693,-0.0509620159514066,0.099325));
#4044=CARTESIAN_POINT('',(-0.00787499670035638,-0.0515319354614389,0.099325));
#4045=CARTESIAN_POINT('',(0.0224863329796843,-0.0419106290737646,0.0938875));
#4046=CARTESIAN_POINT('',(-0.0075,-1.1912462699544E-18,1.10042492259866));
#4047=CARTESIAN_POINT('',(0.0233579607766007,-0.0431288663724597,0.0885285039343644));
#4048=CARTESIAN_POINT('',(0.0230287197140047,-0.0426687000673746,0.099325));
#4049=CARTESIAN_POINT('',(0.0233579607766007,-0.0431288663724597,0.1072));
#4050=CARTESIAN_POINT('',(-0.0075,-1.1912462699544E-18,1.07176393868471));
#4051=CARTESIAN_POINT('',(0.0221546979256849,-0.0414471167881696,0.099325));
#4052=CARTESIAN_POINT('',(0.0224863329796843,-0.0419106290737646,0.099325));
#4053=CARTESIAN_POINT('',(0.041393902662161,-0.0162808868735802,0.0938875));
#4054=CARTESIAN_POINT('',(-0.0075,4.30578359713957E-18,1.10042492259866));
#4055=CARTESIAN_POINT('',(0.0428151262805652,-0.0167541315869994,0.0885285039343644));
#4056=CARTESIAN_POINT('',(0.0422782856979618,-0.0165753722669486,0.099325));
#4057=CARTESIAN_POINT('',(0.0428151262805652,-0.0167541315869994,0.1072));
#4058=CARTESIAN_POINT('',(-0.0075,4.30578359713957E-18,1.07176393868471));
#4059=CARTESIAN_POINT('',(0.0408531585818297,-0.0161008277512748,0.099325));
#4060=CARTESIAN_POINT('',(0.041393902662161,-0.0162808868735802,0.099325));
#4061=CARTESIAN_POINT('',(-0.056393902668404,0.0162808868548316,0.0938875));
#4062=CARTESIAN_POINT('',(-0.0075,6.77459699618858E-18,1.10042492259866));
#4063=CARTESIAN_POINT('',(-0.0578151262869897,0.0167541315677058,0.0885285039343644));
#4064=CARTESIAN_POINT('',(-0.0572782857043177,0.016575372247861,0.099325));
#4065=CARTESIAN_POINT('',(-0.0578151262869897,0.0167541315677057,0.1072));
#4066=CARTESIAN_POINT('',(-0.0075,6.77459699618858E-18,1.07176393868471));
#4067=CARTESIAN_POINT('',(-0.0558531585880036,0.0161008277327336,0.099325));
#4068=CARTESIAN_POINT('',(-0.056393902668404,0.0162808868548315,0.099325));
#4069=CARTESIAN_POINT('',(-0.0566256633687597,-0.0155676007626895,0.0938875));
#4070=CARTESIAN_POINT('',(-0.0075,4.31748595482682E-18,1.10042492259866));
#4071=CARTESIAN_POINT('',(-0.0580536236919901,-0.0160201120305811,0.0885285039343644));
#4072=CARTESIAN_POINT('',(-0.0575142384454106,-0.0158491843809532,0.099325));
#4073=CARTESIAN_POINT('',(-0.0580536236919901,-0.0160201120305811,0.1072));
#4074=CARTESIAN_POINT('',(-0.0075,4.31748595482682E-18,1.07176393868471));
#4075=CARTESIAN_POINT('',(-0.056082356121585,-0.015395430256777,0.099325));
#4076=CARTESIAN_POINT('',(-0.0566256633687597,-0.0155676007626895,0.099325));
#4077=CARTESIAN_POINT('',(0.0167485009123252,-0.0245409902714818,0.0884485));
#4078=CARTESIAN_POINT('',(0.0268847025185349,-0.0145255959790473,0.10007486308645));
#4079=CARTESIAN_POINT('',(0.0268849968940243,-0.014525305112043,0.100075086850702));
#4080=CARTESIAN_POINT('',(0.0402654959041126,-0.0013042802526455,0.110246033332663));
#4081=CARTESIAN_POINT('',(0.0268849968940243,-0.014525305112043,0.0884485));
#4082=CARTESIAN_POINT('',(0.00661200493062618,-0.0345566754309204,0.1109515));
#4083=CARTESIAN_POINT('',(0.0402654959041126,-0.00130428025264549,0.0997));
#4084=CARTESIAN_POINT('',(-0.042912943341944,-0.00346705322267614,0.1334515));
#4085=CARTESIAN_POINT('',(-0.0391630631355371,-0.00349702717133888,0.1334515));
#4086=CARTESIAN_POINT('',(-0.0391630631355371,-0.00349702717133888,0.1333));
#4087=CARTESIAN_POINT('',(-0.042912943341944,-0.00346705322267614,0.1333));
#4088=CARTESIAN_POINT('',(-0.0466628235483508,-0.00343707927401341,0.1333));
#4089=CARTESIAN_POINT('',(-0.0466628235483508,-0.00343707927401341,0.1334515));
#4090=CARTESIAN_POINT('',(-0.0391330891868744,0.000252853035067927,0.1334515));
#4091=CARTESIAN_POINT('',(-0.0391031152382117,0.00400273324147474,0.1334515));
#4092=CARTESIAN_POINT('',(-0.0391031152382117,0.00400273324147474,0.1333));
#4093=CARTESIAN_POINT('',(-0.0391330891868744,0.000252853035067927,0.1333));
#4094=CARTESIAN_POINT('',(-0.0466328495996881,0.000312800932393398,0.1334515));
#4095=CARTESIAN_POINT('',(-0.0466328495996881,0.000312800932393398,0.1333));
#4096=CARTESIAN_POINT('',(-0.0466028756510253,0.0040626811388002,0.1333));
#4097=CARTESIAN_POINT('',(-0.0466028756510253,0.0040626811388002,0.1334515));
#4098=CARTESIAN_POINT('',(-0.0428529954446185,0.00403270719013746,0.1334515));
#4099=CARTESIAN_POINT('',(-0.0428529954446185,0.00403270719013746,0.1333));
#4100=CARTESIAN_POINT('',(0.0126354521096784,-0.0144114041071246,0.0884485));
#4101=CARTESIAN_POINT('',(-0.013338504451645,-0.0142037862639714,0.1109515));
#4102=CARTESIAN_POINT('',(0.0105751735804256,-0.0143949356656098,0.0938265295068934));
#4103=CARTESIAN_POINT('',(-0.00150087448326898,-0.0142984080901178,0.0892));
#4104=CARTESIAN_POINT('',(-0.0015008744832689,-0.0142984080901178,0.0884485));
#4105=CARTESIAN_POINT('',(-0.0135401762105115,-0.0344358646086601,0.0884485));
#4106=CARTESIAN_POINT('',(-0.0135002276087359,-0.0344762950769632,0.1109515));
#4107=CARTESIAN_POINT('',(-0.0235558613699502,-0.0242993686269611,0.0884485));
#4108=CARTESIAN_POINT('',(-0.0075,1.83697019872103E-18,0.08845));
#4109=CARTESIAN_POINT('',(-0.0075,1.83697019872103E-18,1.07176393868471));
#4110=CARTESIAN_POINT('',(0.0332584546027418,-0.0305288094635734,0.100075));
#4111=CARTESIAN_POINT('',(-0.0075,1.83697019872103E-18,0.100075));
#4112=CARTESIAN_POINT('',(0.00823639977539854,-0.048431658561067,0.100075));
#4113=CARTESIAN_POINT('',(-0.0075,3.44514730143633E-18,1.07176393868471));
#4114=CARTESIAN_POINT('',(-0.0075,3.37294659224707E-18,1.07176393868471));
#4115=CARTESIAN_POINT('',(0.00752989846907401,-0.0486555441946369,0.100075));
#4116=CARTESIAN_POINT('',(-0.0075,1.83697019872103E-18,0.100075));
#4117=CARTESIAN_POINT('',(-0.0232363997939699,-0.0484316585550328,0.100075));
#4118=CARTESIAN_POINT('',(-0.0075,3.44514730333422E-18,1.07176393868471));
#4119=CARTESIAN_POINT('',(-0.0075,3.51700739040828E-18,1.07176393868471));
#4120=CARTESIAN_POINT('',(-0.0239395680309651,-0.0481975147888583,0.100075));
#4121=CARTESIAN_POINT('',(-0.0075,1.83697019872103E-18,0.100075));
#4122=CARTESIAN_POINT('',(-0.0486984295040174,-0.029932411116872,0.100075));
#4123=CARTESIAN_POINT('',(-0.0075,1.83697019872103E-18,1.07176393868471));
#4124=CARTESIAN_POINT('',(-0.0075,6.09130387091244E-18,1.07176393868471));
#4125=CARTESIAN_POINT('',(-0.0491296783050237,-0.0293296729113567,0.100075));
#4126=CARTESIAN_POINT('',(-0.0075,1.83697019872103E-18,0.100075));
#4127=CARTESIAN_POINT('',(-0.058424059430361,-1.11112041609304E-17,0.100075));
#4128=CARTESIAN_POINT('',(-0.0075,4.99247473515067E-18,1.07176393868471));
#4129=CARTESIAN_POINT('',(-0.0075,5.08923225483675E-18,1.07176393868471));
#4130=CARTESIAN_POINT('',(-0.0584186664110406,0.000741107136721716,0.100075));
#4131=CARTESIAN_POINT('',(-0.0075,1.83697019872103E-18,0.100075));
#4132=CARTESIAN_POINT('',(-0.0486984295040174,0.029932411116872,0.100075));
#4133=CARTESIAN_POINT('',(-0.0075,-2.37329211933282E-18,1.07176393868471));
#4134=CARTESIAN_POINT('',(-0.0075,-2.32832900494365E-18,1.07176393868471));
#4135=CARTESIAN_POINT('',(-0.0482584546144482,0.0305288094479444,0.100075));
#4136=CARTESIAN_POINT('',(-0.0075,1.83697019872103E-18,0.100075));
#4137=CARTESIAN_POINT('',(-0.0232363997939699,0.0484316585550328,0.100075));
#4138=CARTESIAN_POINT('',(-0.0075,2.64105875102763E-18,1.07176393868471));
#4139=CARTESIAN_POINT('',(-0.0075,2.60495839643738E-18,1.07176393868471));
#4140=CARTESIAN_POINT('',(-0.0225298984877312,0.0486555441888736,0.100075));
#4141=CARTESIAN_POINT('',(-0.0075,1.83697019872103E-18,0.100075));
#4142=CARTESIAN_POINT('',(0.0082363997753985,0.048431658561067,0.100075));
#4143=CARTESIAN_POINT('',(-0.0075,3.44514730143633E-18,1.07176393868471));
#4144=CARTESIAN_POINT('',(-0.0075,3.51700738851957E-18,1.07176393868471));
#4145=CARTESIAN_POINT('',(0.00893956801248344,0.0481975147951621,0.100075));
#4146=CARTESIAN_POINT('',(-0.0075,1.83697019872103E-18,0.100075));
#4147=CARTESIAN_POINT('',(0.0336984294925396,0.0299324111326698,0.100075));
#4148=CARTESIAN_POINT('',(-0.0075,1.83697019872103E-18,1.07176393868471));
#4149=CARTESIAN_POINT('',(-0.0075,1.83697019872103E-18,1.07176393868471));
#4150=CARTESIAN_POINT('',(0.0341296782937771,0.0293296729273199,0.100075));
#4151=CARTESIAN_POINT('',(-0.0075,1.83697019872103E-18,0.100075));
#4152=CARTESIAN_POINT('',(0.0434240594303609,1.95271151329069E-11,0.100075));
#4153=CARTESIAN_POINT('',(-0.0075,4.99247473531796E-18,1.07176393868471));
#4154=CARTESIAN_POINT('',(-0.0075,5.08923225481859E-18,1.07176393868471));
#4155=CARTESIAN_POINT('',(0.0434186664107565,-0.000741107156246727,0.100075));
#4156=CARTESIAN_POINT('',(-0.0075,1.83697019872103E-18,0.100075));
#4157=CARTESIAN_POINT('',(0.0336984294925396,-0.0299324111326697,0.100075));
#4158=CARTESIAN_POINT('',(-0.0075,1.83697019872103E-18,1.07176393868471));
#4159=CARTESIAN_POINT('',(-0.0075,1.83697019872103E-18,0.099325));
#4160=CARTESIAN_POINT('',(-0.056082356121585,0.0153954302567769,0.099325));
#4161=CARTESIAN_POINT('',(-0.0075,4.3057835974548E-18,1.07176393868471));
#4162=CARTESIAN_POINT('',(-0.0558531585880037,-0.0161008277327336,0.099325));
#4163=CARTESIAN_POINT('',(-0.0075,1.83697019872103E-18,0.099325));
#4164=CARTESIAN_POINT('',(-0.0075,4.8651866690194E-18,1.07176393868471));
#4165=CARTESIAN_POINT('',(-0.037154697941578,-0.0414471167767984,0.099325));
#4166=CARTESIAN_POINT('',(-0.0075,1.83697019872103E-18,0.099325));
#4167=CARTESIAN_POINT('',(-0.0075,1.83756191157977E-18,1.07176393868471));
#4168=CARTESIAN_POINT('',(-0.00712915061025469,-0.0509620159515488,0.099325));
#4169=CARTESIAN_POINT('',(-0.0075,1.83697019872103E-18,0.099325));
#4170=CARTESIAN_POINT('',(-0.0075,1.83697019872103E-18,1.07176393868471));
#4171=CARTESIAN_POINT('',(0.0227547448589266,-0.0410111571726164,0.099325));
#4172=CARTESIAN_POINT('',(-0.0075,1.83697019872103E-18,0.099325));
#4173=CARTESIAN_POINT('',(-0.0075,6.79800171032977E-18,1.07176393868471));
#4174=CARTESIAN_POINT('',(0.0410823561156815,-0.0153954302754062,0.099325));
#4175=CARTESIAN_POINT('',(-0.0075,1.83697019872103E-18,0.099325));
#4176=CARTESIAN_POINT('',(-0.0075,9.24341039397667E-18,1.07176393868471));
#4177=CARTESIAN_POINT('',(0.0408531585818297,0.0161008277512748,0.099325));
#4178=CARTESIAN_POINT('',(-0.0075,1.83697019872103E-18,0.099325));
#4179=CARTESIAN_POINT('',(-0.0075,1.83697019872103E-18,1.07176393868471));
#4180=CARTESIAN_POINT('',(0.0221546979256849,0.0414471167881696,0.099325));
#4181=CARTESIAN_POINT('',(-0.0075,1.83697019872103E-18,0.099325));
#4182=CARTESIAN_POINT('',(-0.0075,1.83756191161095E-18,1.07176393868471));
#4183=CARTESIAN_POINT('',(-0.00787084940928695,0.0509620159514066,0.099325));
#4184=CARTESIAN_POINT('',(-0.0075,1.83697019872103E-18,0.099325));
#4185=CARTESIAN_POINT('',(-0.0075,1.83697019872103E-18,1.07176393868471));
#4186=CARTESIAN_POINT('',(-0.0377547448746524,0.0410111571610152,0.099325));
#4187=CARTESIAN_POINT('',(-0.0075,1.83697019872103E-18,0.099325));
#4188=CARTESIAN_POINT('',(-0.0075,6.79800171093261E-18,1.07176393868471));
#4189=CARTESIAN_POINT('',(-0.00746968296421042,-0.0084049117435041,0.0884485));
#4190=CARTESIAN_POINT('',(0.0167485009123252,-0.0245409902714818,0.0884485));
#4191=CARTESIAN_POINT('',(0.0408729610535299,-0.000704055116377555,0.0884485));
#4192=CARTESIAN_POINT('',(0.0408729610535299,-0.000704055116377557,0.110707787077401));
#4193=CARTESIAN_POINT('',(0.0268847025185349,-0.0145255959790473,0.10007486308645));
#4194=CARTESIAN_POINT('',(-0.0272681725269967,-0.00099640161614132,0.1102));
#4195=CARTESIAN_POINT('',(-0.0272681725269967,-0.00135895044426632,0.1102));
#4196=CARTESIAN_POINT('',(-0.0272681725269967,-0.00135895044426632,0.1102));
#4197=CARTESIAN_POINT('',(-0.0272681725269967,-0.00099640161614132,0.1102));
#4198=CARTESIAN_POINT('',(-0.0272681725269967,-0.000633852788016321,0.1102));
#4199=CARTESIAN_POINT('',(-0.0272681725269967,-0.000633852788016321,0.1102));
#4200=CARTESIAN_POINT('',(-0.0262079918629343,-0.00135895044426632,0.1102));
#4201=CARTESIAN_POINT('',(-0.0251478111988718,-0.00135895044426632,0.1102));
#4202=CARTESIAN_POINT('',(-0.0251478111988718,-0.00135895044426632,0.1102));
#4203=CARTESIAN_POINT('',(-0.0262079918629343,-0.00135895044426632,0.1102));
#4204=CARTESIAN_POINT('',(-0.0251478111988718,-0.00099640161614132,0.1102));
#4205=CARTESIAN_POINT('',(-0.0251478111988718,-0.00063385278801632,0.1102));
#4206=CARTESIAN_POINT('',(-0.0251478111988718,-0.00063385278801632,0.1102));
#4207=CARTESIAN_POINT('',(-0.0251478111988718,-0.00099640161614132,0.1102));
#4208=CARTESIAN_POINT('',(-0.0258002770191843,-0.00063385278801632,0.1102));
#4209=CARTESIAN_POINT('',(-0.0264527428394968,-0.00063385278801632,0.1102));
#4210=CARTESIAN_POINT('',(-0.0264527428394968,-0.00063385278801632,0.1102));
#4211=CARTESIAN_POINT('',(-0.0258002770191843,-0.00063385278801632,0.1102));
#4212=CARTESIAN_POINT('',(-0.0258002770191843,0.00038482396979618,0.1102));
#4213=CARTESIAN_POINT('',(-0.0251478111988718,0.00140350072760868,0.1102));
#4214=CARTESIAN_POINT('',(-0.0251478111988718,0.00140350072760868,0.1102));
#4215=CARTESIAN_POINT('',(-0.0258002770191843,0.00038482396979618,0.1102));
#4216=CARTESIAN_POINT('',(-0.0251478111988718,0.00194854467292118,0.1102));
#4217=CARTESIAN_POINT('',(-0.0251478111988718,0.00249358861823368,0.1102));
#4218=CARTESIAN_POINT('',(-0.0251478111988718,0.00249358861823368,0.1102));
#4219=CARTESIAN_POINT('',(-0.0251478111988718,0.00194854467292118,0.1102));
#4220=CARTESIAN_POINT('',(-0.0262079918629343,0.000929867915108679,0.1102));
#4221=CARTESIAN_POINT('',(-0.0262079918629343,0.000929867915108679,0.1102));
#4222=CARTESIAN_POINT('',(-0.0075,-1.6073489238809E-18,0.1102));
#4223=CARTESIAN_POINT('',(-0.0236103356129343,-0.00063385278801632,0.1102));
#4224=CARTESIAN_POINT('',(-0.0239039147144968,-0.00063385278801632,0.1102));
#4225=CARTESIAN_POINT('',(-0.0239039147144968,-0.00063385278801632,0.1102));
#4226=CARTESIAN_POINT('',(-0.0236103356129343,-0.00063385278801632,0.1102));
#4227=CARTESIAN_POINT('',(-0.0233167565113718,-0.00063385278801632,0.1102));
#4228=CARTESIAN_POINT('',(-0.0233167565113718,-0.00063385278801632,0.1102));
#4229=CARTESIAN_POINT('',(-0.0239039147144968,0.00115874975104618,0.1102));
#4230=CARTESIAN_POINT('',(-0.0239039147144968,0.00295135229010868,0.1102));
#4231=CARTESIAN_POINT('',(-0.0239039147144968,0.00295135229010868,0.1102));
#4232=CARTESIAN_POINT('',(-0.0239039147144968,0.00115874975104618,0.1102));
#4233=CARTESIAN_POINT('',(-0.0243696129566843,0.00295135229010868,0.1102));
#4234=CARTESIAN_POINT('',(-0.0248353111988718,0.00295135229010868,0.1102));
#4235=CARTESIAN_POINT('',(-0.0248353111988718,0.00295135229010868,0.1102));
#4236=CARTESIAN_POINT('',(-0.0243696129566843,0.00295135229010868,0.1102));
#4237=CARTESIAN_POINT('',(-0.0248353111988718,0.00014007299323368,0.1102));
#4238=CARTESIAN_POINT('',(-0.0248353111988718,-0.00267120630364132,0.1102));
#4239=CARTESIAN_POINT('',(-0.0248353111988718,-0.00267120630364132,0.1102));
#4240=CARTESIAN_POINT('',(-0.0248353111988718,0.00014007299323368,0.1102));
#4241=CARTESIAN_POINT('',(-0.0243696129566843,-0.00267120630364132,0.1102));
#4242=CARTESIAN_POINT('',(-0.0239039147144968,-0.00267120630364132,0.1102));
#4243=CARTESIAN_POINT('',(-0.0239039147144968,-0.00267120630364132,0.1102));
#4244=CARTESIAN_POINT('',(-0.0243696129566843,-0.00267120630364132,0.1102));
#4245=CARTESIAN_POINT('',(-0.0239039147144968,-0.00201507837395382,0.1102));
#4246=CARTESIAN_POINT('',(-0.0239039147144968,-0.00135895044426632,0.1102));
#4247=CARTESIAN_POINT('',(-0.0239039147144968,-0.00135895044426632,0.1102));
#4248=CARTESIAN_POINT('',(-0.0239039147144968,-0.00201507837395382,0.1102));
#4249=CARTESIAN_POINT('',(-0.0236103356129343,-0.00135895044426632,0.1102));
#4250=CARTESIAN_POINT('',(-0.0233167565113718,-0.00135895044426632,0.1102));
#4251=CARTESIAN_POINT('',(-0.0233167565113718,-0.00135895044426632,0.1102));
#4252=CARTESIAN_POINT('',(-0.0236103356129343,-0.00135895044426632,0.1102));
#4253=CARTESIAN_POINT('',(-0.0233167565113718,-0.00099640161614132,0.1102));
#4254=CARTESIAN_POINT('',(-0.0233167565113718,-0.00099640161614132,0.1102));
#4255=CARTESIAN_POINT('',(-0.0075,-1.6073489238809E-18,0.1102));
#4256=CARTESIAN_POINT('',(-0.00763788126500584,-0.0344997244736354,0.1109515));
#4257=CARTESIAN_POINT('',(0.0125792083910585,-0.0286627001932668,0.100075));
#4258=CARTESIAN_POINT('',(0.0125792083910585,-0.0286627001932668,0.0892));
#4259=CARTESIAN_POINT('',(-0.00161318406266246,-0.014183831519881,0.0892));
#4260=CARTESIAN_POINT('',(-0.00161318406266245,-0.014183831519881,0.100075));
#4261=CARTESIAN_POINT('',(0.0269421998743203,-0.014583892205002,0.100075));
#4262=CARTESIAN_POINT('',(0.0253493930836867,-0.000478113862925897,0.104799009759727));
#4263=CARTESIAN_POINT('',(0.0402782394613333,-0.00069539910751048,0.110481416602448));
#4264=CARTESIAN_POINT('',(0.025087268247945,1.24957684363478E-11,0.104878759276738));
#4265=CARTESIAN_POINT('',(0.0402832998645263,1.83227465641124E-11,0.110746580275286));
#4266=CARTESIAN_POINT('',(-0.0075,4.99247473515067E-18,0.0922954571531777));
#4267=CARTESIAN_POINT('',(0.0127498074205993,-0.000105023531616141,0.100075));
#4268=CARTESIAN_POINT('',(-0.0075,4.99247473515067E-18,0.0922954571531777));
#4269=CARTESIAN_POINT('',(0.0127498074205993,-0.000105023531616137,0.11095));
#4270=CARTESIAN_POINT('',(-0.0304364812039753,0.0232131447681648,0.0884485));
#4271=CARTESIAN_POINT('',(-0.0276622823037209,0.025954279653906,0.0884485));
#4272=CARTESIAN_POINT('',(-0.0332106801042298,0.0204720098824237,0.0884485));
#4273=CARTESIAN_POINT('',(-0.0359518149899709,0.0232462087826782,0.0884485));
#4274=CARTESIAN_POINT('',(-0.038692949875712,0.0260204076829327,0.0884485));
#4275=CARTESIAN_POINT('',(-0.0359187509754575,0.0287615425686738,0.0884485));
#4276=CARTESIAN_POINT('',(-0.0331445520752031,0.0315026774544149,0.0884485));
#4277=CARTESIAN_POINT('',(-0.0304034171894619,0.0287284785541605,0.0884485));
#4278=CARTESIAN_POINT('',(-0.0075,-1.6073489238809E-18,0.1333));
#4279=CARTESIAN_POINT('',(0.0416256633627901,-0.0155676007815271,0.0938875));
#4280=CARTESIAN_POINT('',(0.0430536236858471,-0.0160201120499663,0.1072));
#4281=CARTESIAN_POINT('',(0.0430536236858471,-0.0160201120499663,0.0885285039343668));
#4282=CARTESIAN_POINT('',(-0.0075,6.79800171032977E-18,1.10042492259866));
#4283=CARTESIAN_POINT('',(0.0425142384393331,-0.0158491844001316,0.099325));
#4284=CARTESIAN_POINT('',(0.0416256633627901,-0.0155676007815271,0.099325));
#4285=CARTESIAN_POINT('',(-0.0075,4.99247473515067E-18,0.099325));
#4286=CARTESIAN_POINT('',(-0.0075,1.83697019872103E-18,0.099325));
#4287=CARTESIAN_POINT('',(-0.0075,1.83697019872103E-18,0.0885285039343644));
#4288=CARTESIAN_POINT('',(-0.0075,1.83697019872103E-18,0.0885285039343644));
#4289=CARTESIAN_POINT('',(0.00770971174341207,-0.0492376447813002,0.1055125));
#4290=CARTESIAN_POINT('',(-0.0075,3.37294659224707E-18,1.10042492259866));
#4291=CARTESIAN_POINT('',(0.00797322108097228,-0.0500906904785643,0.100075));
#4292=CARTESIAN_POINT('',(0.00770971174341207,-0.0492376447813002,0.100075));
#4293=CARTESIAN_POINT('',(-0.0234246654418762,-0.0490110806399073,0.1055125));
#4294=CARTESIAN_POINT('',(-0.0234246654418762,-0.0490110806399073,0.100075));
#4295=CARTESIAN_POINT('',(-0.0237005614031047,-0.0498602010973102,0.100075));
#4296=CARTESIAN_POINT('',(-0.0075,3.44514730333422E-18,1.10042492259866));
#4297=CARTESIAN_POINT('',(-0.0075,4.99247473515067E-18,0.100075));
#4298=CARTESIAN_POINT('',(-0.0075,1.83697019872103E-18,0.100075));
#4299=CARTESIAN_POINT('',(-0.0075,1.83697019872103E-18,0.0885285039343644));
#4300=CARTESIAN_POINT('',(-0.0075,4.99247473515067E-18,0.0997));
#4301=CARTESIAN_POINT('',(0.0402832998645263,1.83227465641124E-11,0.0997));
#4302=CARTESIAN_POINT('',(0.0440332998645263,1.97607254108546E-11,0.1055125));
#4303=CARTESIAN_POINT('',(0.0346277234920894,0.0296805644875774,0.1055125));
#4304=CARTESIAN_POINT('',(-0.0075,1.83697019872103E-18,1.10042492259866));
#4305=CARTESIAN_POINT('',(0.0353575892974114,0.0301947823779935,0.100075));
#4306=CARTESIAN_POINT('',(0.0346277234920894,0.0296805644875774,0.100075));
#4307=CARTESIAN_POINT('',(0.0440332998645263,1.97607254108546E-11,0.1055125));
#4308=CARTESIAN_POINT('',(0.0440332998645263,1.97607380328728E-11,0.100075));
#4309=CARTESIAN_POINT('',(0.0449261179493579,2.01030941380392E-11,0.100075));
#4310=CARTESIAN_POINT('',(-0.0075,4.99247473531796E-18,1.10042492259866));
#4311=CARTESIAN_POINT('',(-0.0075,4.99247473515067E-18,0.100075));
#4312=CARTESIAN_POINT('',(-0.0075,1.83697019872103E-18,0.100075));
#4313=CARTESIAN_POINT('',(-0.0075,1.83697019872103E-18,0.0885285039343644));
#4314=CARTESIAN_POINT('',(-0.0075,4.99247473515067E-18,0.0997));
#4315=CARTESIAN_POINT('',(0.0402782394613333,-0.00069539910751048,0.0997));
#4316=CARTESIAN_POINT('',(0.0440278423244252,-0.000749973543779171,0.1055125));
#4317=CARTESIAN_POINT('',(0.03419131535733,-0.0302905136751236,0.1055125));
#4318=CARTESIAN_POINT('',(0.03419131535733,-0.0302905136751236,0.100075));
#4319=CARTESIAN_POINT('',(0.034913620360683,-0.0308152989785892,0.100075));
#4320=CARTESIAN_POINT('',(-0.0075,1.83697019872103E-18,1.10042492259866));
#4321=CARTESIAN_POINT('',(0.0440278423244252,-0.000749973543779171,0.1055125));
#4322=CARTESIAN_POINT('',(-0.0075,5.08923225481859E-18,1.10042492259866));
#4323=CARTESIAN_POINT('',(0.0449205658569863,-0.000762966888757883,0.100075));
#4324=CARTESIAN_POINT('',(0.0440278423244252,-0.000749973543779171,0.100075));
#4325=CARTESIAN_POINT('',(-0.0075,4.99247473515067E-18,0.100075));
#4326=CARTESIAN_POINT('',(-0.0075,1.83697019872103E-18,0.100075));
#4327=CARTESIAN_POINT('',(-0.0075,1.83697019872103E-18,0.0885285039343644));
#4328=CARTESIAN_POINT('',(0.00913624615765592,0.0487741356531212,0.1055125));
#4329=CARTESIAN_POINT('',(-0.0075,3.51700738851957E-18,1.10042492259866));
#4330=CARTESIAN_POINT('',(0.00942447030538778,0.0496191510217781,0.100075));
#4331=CARTESIAN_POINT('',(0.00913624615765591,0.0487741356531212,0.100075));
#4332=CARTESIAN_POINT('',(0.0341913153573299,0.0302905136751237,0.1055125));
#4333=CARTESIAN_POINT('',(0.0341913153573299,0.0302905136751236,0.100075));
#4334=CARTESIAN_POINT('',(0.034913620360683,0.0308152989785892,0.100075));
#4335=CARTESIAN_POINT('',(-0.0075,1.83697019872103E-18,1.10042492259866));
#4336=CARTESIAN_POINT('',(-0.0075,4.99247473515067E-18,0.100075));
#4337=CARTESIAN_POINT('',(-0.0075,1.83697019872103E-18,0.100075));
#4338=CARTESIAN_POINT('',(-0.0075,1.83697019872103E-18,0.0885285039343644));
#4339=CARTESIAN_POINT('',(0.0224863329796843,0.0419106290737646,0.0938875));
#4340=CARTESIAN_POINT('',(0.0233579607766006,0.0431288663724597,0.1072));
#4341=CARTESIAN_POINT('',(0.0233579607766006,0.0431288663724597,0.0885285039343622));
#4342=CARTESIAN_POINT('',(-0.0075,1.83697019872103E-18,1.10042492259866));
#4343=CARTESIAN_POINT('',(0.0230287197140047,0.0426687000673747,0.099325));
#4344=CARTESIAN_POINT('',(0.0224863329796843,0.0419106290737646,0.099325));
#4345=CARTESIAN_POINT('',(-0.0075,4.99247473515067E-18,0.099325));
#4346=CARTESIAN_POINT('',(-0.0075,1.83697019872103E-18,0.099325));
#4347=CARTESIAN_POINT('',(-0.0075,1.83697019872103E-18,0.0885285039343644));
#4348=CARTESIAN_POINT('',(-0.0075,1.83697019872103E-18,0.0885285039343644));
#4349=CARTESIAN_POINT('',(-0.0078749967003564,0.051531935461439,0.0938875));
#4350=CARTESIAN_POINT('',(-0.00788589691773224,0.0530298401037812,0.1072));
#4351=CARTESIAN_POINT('',(-0.00788589691773224,0.0530298401037812,0.0885285039343642));
#4352=CARTESIAN_POINT('',(-0.0075,1.83756191161095E-18,1.10042492259866));
#4353=CARTESIAN_POINT('',(-0.00788177956493092,0.0524640347016853,0.099325));
#4354=CARTESIAN_POINT('',(-0.00787499670035641,0.051531935461439,0.099325));
#4355=CARTESIAN_POINT('',(-0.0075,4.99247473515067E-18,0.099325));
#4356=CARTESIAN_POINT('',(-0.0075,1.83697019872103E-18,0.099325));
#4357=CARTESIAN_POINT('',(-0.0075,1.83697019872103E-18,0.0885285039343644));
#4358=CARTESIAN_POINT('',(-0.0075,1.83697019872103E-18,0.0885285039343644));
#4359=CARTESIAN_POINT('',(0.0413939026621609,0.0162808868735802,0.0938875));
#4360=CARTESIAN_POINT('',(0.0428151262805652,0.0167541315869994,0.1072));
#4361=CARTESIAN_POINT('',(0.0428151262805652,0.0167541315869994,0.0885285039343644));
#4362=CARTESIAN_POINT('',(-0.0075,9.24341039397667E-18,1.10042492259866));
#4363=CARTESIAN_POINT('',(0.0422782856979618,0.0165753722669487,0.099325));
#4364=CARTESIAN_POINT('',(0.0413939026621609,0.0162808868735802,0.099325));
#4365=CARTESIAN_POINT('',(-0.0075,4.99247473515067E-18,0.099325));
#4366=CARTESIAN_POINT('',(-0.0075,1.83697019872103E-18,0.099325));
#4367=CARTESIAN_POINT('',(-0.0075,1.83697019872103E-18,0.0885285039343644));
#4368=CARTESIAN_POINT('',(-0.0075,1.83697019872103E-18,0.0885285039343644));
#4369=CARTESIAN_POINT('',(-0.0227097117622925,0.049237644775468,0.1055125));
#4370=CARTESIAN_POINT('',(-0.0075,2.60495839643738E-18,1.10042492259866));
#4371=CARTESIAN_POINT('',(-0.0229732211001798,0.050090690472631,0.100075));
#4372=CARTESIAN_POINT('',(-0.0227097117622925,0.049237644775468,0.100075));
#4373=CARTESIAN_POINT('',(0.00842466542308265,0.0490110806460138,0.1055125));
#4374=CARTESIAN_POINT('',(0.00842466542308268,0.0490110806460137,0.100075));
#4375=CARTESIAN_POINT('',(0.00870056138398555,0.0498602011035224,0.100075));
#4376=CARTESIAN_POINT('',(-0.0075,3.44514730143633E-18,1.10042492259866));
#4377=CARTESIAN_POINT('',(-0.0075,4.99247473515067E-18,0.100075));
#4378=CARTESIAN_POINT('',(-0.0075,1.83697019872103E-18,0.100075));
#4379=CARTESIAN_POINT('',(-0.0075,1.83697019872103E-18,0.0885285039343644));
#4380=CARTESIAN_POINT('',(-0.0487460767495055,0.0308940471240187,0.1055125));
#4381=CARTESIAN_POINT('',(-0.0075,-2.32832900494365E-18,1.10042492259866));
#4382=CARTESIAN_POINT('',(-0.0494606679623158,0.0314292886874054,0.100075));
#4383=CARTESIAN_POINT('',(-0.0487460767495055,0.0308940471240187,0.100075));
#4384=CARTESIAN_POINT('',(-0.0234246654418762,0.0490110806399073,0.1055125));
#4385=CARTESIAN_POINT('',(-0.0234246654418762,0.0490110806399074,0.100075));
#4386=CARTESIAN_POINT('',(-0.0237005614031047,0.0498602010973102,0.100075));
#4387=CARTESIAN_POINT('',(-0.0075,2.64105875102763E-18,1.10042492259866));
#4388=CARTESIAN_POINT('',(-0.0075,4.99247473515067E-18,0.100075));
#4389=CARTESIAN_POINT('',(-0.0075,1.83697019872103E-18,0.100075));
#4390=CARTESIAN_POINT('',(-0.0075,1.83697019872103E-18,0.0885285039343644));
#4391=CARTESIAN_POINT('',(-0.0590278423247127,0.000749973524020576,0.1055125));
#4392=CARTESIAN_POINT('',(-0.0075,5.08923225483675E-18,1.10042492259866));
#4393=CARTESIAN_POINT('',(-0.0599205658572789,0.000762966868656955,0.100075));
#4394=CARTESIAN_POINT('',(-0.0590278423247127,0.000749973524020562,0.100075));
#4395=CARTESIAN_POINT('',(-0.049191315368945,0.0302905136591369,0.1055125));
#4396=CARTESIAN_POINT('',(-0.049191315368945,0.0302905136591369,0.100075));
#4397=CARTESIAN_POINT('',(-0.0499136203724992,0.0308152989623255,0.100075));
#4398=CARTESIAN_POINT('',(-0.0075,-2.37329211933282E-18,1.10042492259866));
#4399=CARTESIAN_POINT('',(-0.0075,4.99247473515067E-18,0.100075));
#4400=CARTESIAN_POINT('',(-0.0075,1.83697019872103E-18,0.100075));
#4401=CARTESIAN_POINT('',(-0.0075,1.83697019872103E-18,0.0885285039343644));
#4402=CARTESIAN_POINT('',(-0.0496277235034706,-0.0296805644714233,0.1055125));
#4403=CARTESIAN_POINT('',(-0.0075,6.09130387091244E-18,1.10042492259866));
#4404=CARTESIAN_POINT('',(-0.0503575893089897,-0.0301947823615595,0.100075));
#4405=CARTESIAN_POINT('',(-0.0496277235034706,-0.0296805644714233,0.100075));
#4406=CARTESIAN_POINT('',(-0.0590332998645263,-2.10463029865618E-17,0.1055125));
#4407=CARTESIAN_POINT('',(-0.0590332998645263,-1.56142466891286E-18,0.100075));
#4408=CARTESIAN_POINT('',(-0.0599261179493578,-1.67497144215458E-18,0.100075));
#4409=CARTESIAN_POINT('',(-0.0075,4.99247473515067E-18,1.10042492259866));
#4410=CARTESIAN_POINT('',(-0.0075,4.99247473515067E-18,0.100075));
#4411=CARTESIAN_POINT('',(-0.0075,1.83697019872103E-18,0.100075));
#4412=CARTESIAN_POINT('',(-0.0075,1.83697019872103E-18,0.0885285039343644));
#4413=CARTESIAN_POINT('',(-0.0241362461763586,-0.0487741356467419,0.1055125));
#4414=CARTESIAN_POINT('',(-0.0075,3.51700739040828E-18,1.10042492259866));
#4415=CARTESIAN_POINT('',(-0.0244244703244145,-0.0496191510152884,0.100075));
#4416=CARTESIAN_POINT('',(-0.0241362461763586,-0.0487741356467419,0.100075));
#4417=CARTESIAN_POINT('',(-0.049191315368945,-0.0302905136591369,0.1055125));
#4418=CARTESIAN_POINT('',(-0.049191315368945,-0.0302905136591369,0.100075));
#4419=CARTESIAN_POINT('',(-0.0499136203724992,-0.0308152989623255,0.100075));
#4420=CARTESIAN_POINT('',(-0.0075,1.83697019872103E-18,1.10042492259866));
#4421=CARTESIAN_POINT('',(-0.0075,4.99247473515067E-18,0.100075));
#4422=CARTESIAN_POINT('',(-0.0075,1.83697019872103E-18,0.100075));
#4423=CARTESIAN_POINT('',(-0.0075,1.83697019872103E-18,0.0885285039343644));
#4424=CARTESIAN_POINT('',(0.033746076737659,-0.0308940471398347,0.1055125));
#4425=CARTESIAN_POINT('',(-0.0075,1.83697019872103E-18,1.10042492259866));
#4426=CARTESIAN_POINT('',(0.034460667950264,-0.0314292887034954,0.100075));
#4427=CARTESIAN_POINT('',(0.033746076737659,-0.0308940471398347,0.100075));
#4428=CARTESIAN_POINT('',(0.00842466542308268,-0.0490110806460137,0.1055125));
#4429=CARTESIAN_POINT('',(0.00842466542308268,-0.0490110806460137,0.100075));
#4430=CARTESIAN_POINT('',(0.00870056138398556,-0.0498602011035224,0.100075));
#4431=CARTESIAN_POINT('',(-0.0075,3.44514730143633E-18,1.10042492259866));
#4432=CARTESIAN_POINT('',(-0.0075,4.99247473515067E-18,0.100075));
#4433=CARTESIAN_POINT('',(-0.0075,1.83697019872103E-18,0.100075));
#4434=CARTESIAN_POINT('',(-0.0075,1.83697019872103E-18,0.0885285039343644));
#4435=CARTESIAN_POINT('',(-0.056393902668404,-0.0162808868548316,0.0938875));
#4436=CARTESIAN_POINT('',(-0.0578151262869897,-0.0167541315677058,0.1072));
#4437=CARTESIAN_POINT('',(-0.0578151262869897,-0.0167541315677058,0.088528503934363));
#4438=CARTESIAN_POINT('',(-0.0075,4.3057835974548E-18,1.10042492259866));
#4439=CARTESIAN_POINT('',(-0.0572782857043177,-0.016575372247861,0.099325));
#4440=CARTESIAN_POINT('',(-0.0563939026684039,-0.0162808868548316,0.099325));
#4441=CARTESIAN_POINT('',(-0.0075,4.99247473515067E-18,0.099325));
#4442=CARTESIAN_POINT('',(-0.0075,1.83697019872103E-18,0.099325));
#4443=CARTESIAN_POINT('',(-0.0075,1.83697019872103E-18,0.0885285039343644));
#4444=CARTESIAN_POINT('',(-0.0075,1.83697019872103E-18,0.0885285039343644));
#4445=CARTESIAN_POINT('',(-0.0374863329957551,-0.0419106290622662,0.0938875));
#4446=CARTESIAN_POINT('',(-0.0383579607931386,-0.0431288663606271,0.1072));
#4447=CARTESIAN_POINT('',(-0.0383579607931386,-0.0431288663606271,0.0885285039343654));
#4448=CARTESIAN_POINT('',(-0.0075,4.8651866690194E-18,1.10042492259866));
#4449=CARTESIAN_POINT('',(-0.0380287197303662,-0.0426687000556683,0.099325));
#4450=CARTESIAN_POINT('',(-0.0374863329957551,-0.0419106290622662,0.099325));
#4451=CARTESIAN_POINT('',(-0.0075,4.99247473515067E-18,0.099325));
#4452=CARTESIAN_POINT('',(-0.0075,1.83697019872103E-18,0.099325));
#4453=CARTESIAN_POINT('',(-0.0075,1.83697019872103E-18,0.0885285039343644));
#4454=CARTESIAN_POINT('',(-0.0075,1.83697019872103E-18,0.0885285039343644));
#4455=CARTESIAN_POINT('',(-0.00712500331940379,-0.0515319354615827,0.0938875));
#4456=CARTESIAN_POINT('',(-0.00711410310260234,-0.0530298401039292,0.1072));
#4457=CARTESIAN_POINT('',(-0.00711410310260234,-0.0530298401039292,0.0885285039343642));
#4458=CARTESIAN_POINT('',(-0.0075,1.83756191157977E-18,1.10042492259866));
#4459=CARTESIAN_POINT('',(-0.00711822045518668,-0.0524640347018317,0.099325));
#4460=CARTESIAN_POINT('',(-0.00712500331940377,-0.0515319354615827,0.099325));
#4461=CARTESIAN_POINT('',(-0.0075,4.99247473515067E-18,0.099325));
#4462=CARTESIAN_POINT('',(-0.0075,1.83697019872103E-18,0.099325));
#4463=CARTESIAN_POINT('',(-0.0075,1.83697019872103E-18,0.0885285039343644));
#4464=CARTESIAN_POINT('',(-0.0075,1.83697019872103E-18,0.0885285039343644));
#4465=CARTESIAN_POINT('',(0.023093090370662,-0.0414697940252865,0.0938875));
#4466=CARTESIAN_POINT('',(0.0239823550893161,-0.0426752173502834,0.1072));
#4467=CARTESIAN_POINT('',(0.0239823550893161,-0.0426752173502834,0.0885285039343638));
#4468=CARTESIAN_POINT('',(-0.0075,1.83697019872103E-18,1.10042492259866));
#4469=CARTESIAN_POINT('',(0.023646452010118,-0.0422198912835792,0.099325));
#4470=CARTESIAN_POINT('',(0.023093090370662,-0.0414697940252865,0.099325));
#4471=CARTESIAN_POINT('',(-0.0075,4.99247473515067E-18,0.099325));
#4472=CARTESIAN_POINT('',(-0.0075,1.83697019872103E-18,0.099325));
#4473=CARTESIAN_POINT('',(-0.0075,1.83697019872103E-18,0.0885285039343644));
#4474=CARTESIAN_POINT('',(-0.0075,1.83697019872103E-18,0.0885285039343644));
#4475=CARTESIAN_POINT('',(-0.0380930903865639,0.0414697940135555,0.0938875));
#4476=CARTESIAN_POINT('',(-0.03898235510568,0.0426752173382114,0.1072));
#4477=CARTESIAN_POINT('',(-0.03898235510568,0.0426752173382114,0.0885285039343654));
#4478=CARTESIAN_POINT('',(-0.0075,1.83697019872103E-18,1.10042492259866));
#4479=CARTESIAN_POINT('',(-0.0386464520263074,0.042219891271636,0.099325));
#4480=CARTESIAN_POINT('',(-0.0380930903865639,0.0414697940135555,0.099325));
#4481=CARTESIAN_POINT('',(-0.0075,4.99247473515067E-18,0.099325));
#4482=CARTESIAN_POINT('',(-0.0075,1.83697019872103E-18,0.099325));
#4483=CARTESIAN_POINT('',(-0.0075,1.83697019872103E-18,0.0885285039343644));
#4484=CARTESIAN_POINT('',(-0.0075,1.83697019872103E-18,0.0885285039343644));
#4485=CARTESIAN_POINT('',(-0.0566256633687597,0.0155676007626895,0.0938875));
#4486=CARTESIAN_POINT('',(-0.0580536236919902,0.016020112030581,0.1072));
#4487=CARTESIAN_POINT('',(-0.0580536236919902,0.016020112030581,0.0885285039343666));
#4488=CARTESIAN_POINT('',(-0.0075,6.79800171093261E-18,1.10042492259866));
#4489=CARTESIAN_POINT('',(-0.0575142384454106,0.0158491843809531,0.099325));
#4490=CARTESIAN_POINT('',(-0.0566256633687597,0.0155676007626895,0.099325));
#4491=CARTESIAN_POINT('',(-0.0075,4.99247473515067E-18,0.099325));
#4492=CARTESIAN_POINT('',(-0.0075,1.83697019872103E-18,0.099325));
#4493=CARTESIAN_POINT('',(-0.0075,1.83697019872103E-18,0.0885285039343644));
#4494=CARTESIAN_POINT('',(-0.0075,1.83697019872103E-18,0.0885285039343644));
#4495=CARTESIAN_POINT('',(-0.00750000000000013,1.40051623599104E-17,0.1072));
#4496=CARTESIAN_POINT('',(-0.0075,3.61228866786146E-17,0.1072));
#4497=CARTESIAN_POINT('',(-0.0075,2.70155884297364E-17,0.1072));
#4498=CARTESIAN_POINT('',(-0.0075,1.40051623599104E-17,0.1072));
#4499=CARTESIAN_POINT('',(-0.0075,-4.0638627133359E-17,0.1072));
#4500=CARTESIAN_POINT('',(-0.0075,3.87249718925798E-17,0.1072));
#4501=CARTESIAN_POINT('',(-0.0075,1.40051623599104E-17,0.1072));
#4502=CARTESIAN_POINT('',(-0.0075,-1.98219454216374E-17,0.1072));
#4503=CARTESIAN_POINT('',(-0.0075,-9.26803314126633E-17,0.1072));
#4504=CARTESIAN_POINT('',(-0.00749999999999986,-6.81151935181132E-18,0.1072));
#4505=CARTESIAN_POINT('',(-0.0158094139912502,0.00471859293946871,0.088448));
#4506=CARTESIAN_POINT('',(-0.0273618881401837,0.0164104149092308,0.088448));
#4507=CARTESIAN_POINT('',(-0.00425693984231682,-0.00697322903029338,0.088448));
#4508=CARTESIAN_POINT('',(-0.0225624266960588,0.0211526744480308,0.088448));
#4509=CARTESIAN_POINT('',(-0.0177629652519339,0.0258949339868308,0.088448));
#4510=CARTESIAN_POINT('',(0.0119214433248393,0.00888505163751929,0.088448));
#4511=CARTESIAN_POINT('',(0.0280998264919955,0.024743332305332,0.088448));
#4512=CARTESIAN_POINT('',(-0.0235011557411589,0.0317023394623751,0.088448));
#4513=CARTESIAN_POINT('',(-0.0292393462303838,0.0375097449379194,0.088448));
#4514=CARTESIAN_POINT('',(-0.0075,-5.20417042793042E-18,0.088448));
#4515=MECHANICAL_DESIGN_GEOMETRIC_PRESENTATION_REPRESENTATION('',(#2712),
#4516);
#4516=(
GEOMETRIC_REPRESENTATION_CONTEXT(3)
GLOBAL_UNCERTAINTY_ASSIGNED_CONTEXT((#4517))
GLOBAL_UNIT_ASSIGNED_CONTEXT((#4520,#4519,#4518))
REPRESENTATION_CONTEXT('stage_4','TOP_LEVEL_ASSEMBLY_PART')
);
#4517=UNCERTAINTY_MEASURE_WITH_UNIT(LENGTH_MEASURE(1.E-8),#4520,
'DISTANCE_ACCURACY_VALUE','Maximum Tolerance applied to model');
#4518=(
NAMED_UNIT(*)
SI_UNIT($,.STERADIAN.)
SOLID_ANGLE_UNIT()
);
#4519=(
NAMED_UNIT(*)
PLANE_ANGLE_UNIT()
SI_UNIT($,.RADIAN.)
);
#4520=(
LENGTH_UNIT()
NAMED_UNIT(*)
SI_UNIT($,.METRE.)
);
#4521=PRODUCT_DEFINITION_SHAPE('','',#4522);
#4522=PRODUCT_DEFINITION('','',#4524,#4523);
#4523=PRODUCT_DEFINITION_CONTEXT('',#4530,'design');
#4524=PRODUCT_DEFINITION_FORMATION_WITH_SPECIFIED_SOURCE('','',#4526,
 .NOT_KNOWN.);
#4525=PRODUCT_RELATED_PRODUCT_CATEGORY('','',(#4526));
#4526=PRODUCT('stage_4','stage_4','stage_4',(#4528));
#4527=PRODUCT_CATEGORY('','');
#4528=PRODUCT_CONTEXT('',#4530,'mechanical');
#4529=APPLICATION_PROTOCOL_DEFINITION('international standard',
'ap242_managed_model_based_3d_engineering',2020,#4530);
#4530=APPLICATION_CONTEXT('managed model based 3d engineering');
ENDSEC;
END-ISO-10303-21;
