ISO-10303-21;
HEADER;
/* Generated by software containing ST-Developer
 * from STEP Tools, Inc. (www.steptools.com) 
 */
/* OPTION: using custom renumber hook */

FILE_DESCRIPTION(
/* description */ ('STEP AP242 Edition 2',
'CAx-IF Rec.Pracs.---Representation and Presentation of Product Manufa
cturing Information (PMI)---4.0---2014-10-13',
'CAx-IF Rec.Pracs.---3D Tessellated Geometry---0.4---2014-09-14','2;1',
'CAx-IF Rec.Pracs.---User Defined Attributes---1.5---2016-08-15'),
/* implementation_level */ '2;1');

FILE_NAME(
/* name */ 'Dice_Tower - stage_9',
/* time_stamp */ '2026-01-12T20:29:21Z',
/* author */ (''),
/* organization */ (''),
/* preprocessor_version */ 'ST-DEVELOPER v20',
/* originating_system */ 'ONSHAPE BY PTC INC, 1.209',
/* authorisation */ '  ');

FILE_SCHEMA (('AP242_MANAGED_MODEL_BASED_3D_ENGINEERING_MIM_LF { 1 0 10303 442 3 1 4 }'));
ENDSEC;

DATA;
#10=SHAPE_REPRESENTATION_RELATIONSHIP('','',#1404,#11);
#11=ADVANCED_BREP_SHAPE_REPRESENTATION('',(#1402),#2440);
#12=B_SPLINE_SURFACE_WITH_KNOTS('',3,1,((#2064,#2065),(#2066,#2067),(#2068,
#2069),(#2070,#2071)),.SURF_OF_LINEAR_EXTRUSION.,.F.,.F.,.F.,(4,4),(2,2),
(0.,1.),(0.,1.),.PIECEWISE_BEZIER_KNOTS.);
#13=B_SPLINE_SURFACE_WITH_KNOTS('',3,1,((#2119,#2120),(#2121,#2122),(#2123,
#2124),(#2125,#2126)),.SURF_OF_LINEAR_EXTRUSION.,.F.,.F.,.F.,(4,4),(2,2),
(0.,1.),(0.,1.),.PIECEWISE_BEZIER_KNOTS.);
#14=B_SPLINE_SURFACE_WITH_KNOTS('',3,1,((#2132,#2133),(#2134,#2135),(#2136,
#2137),(#2138,#2139)),.SURF_OF_LINEAR_EXTRUSION.,.F.,.F.,.F.,(4,4),(2,2),
(0.,1.),(0.,1.),.PIECEWISE_BEZIER_KNOTS.);
#15=B_SPLINE_SURFACE_WITH_KNOTS('',3,1,((#2165,#2166),(#2167,#2168),(#2169,
#2170),(#2171,#2172)),.SURF_OF_LINEAR_EXTRUSION.,.F.,.F.,.F.,(4,4),(2,2),
(0.,1.),(0.,1.),.PIECEWISE_BEZIER_KNOTS.);
#16=B_SPLINE_SURFACE_WITH_KNOTS('',3,1,((#2190,#2191),(#2192,#2193),(#2194,
#2195),(#2196,#2197)),.SURF_OF_LINEAR_EXTRUSION.,.F.,.F.,.F.,(4,4),(2,2),
(0.,1.),(0.,1.),.PIECEWISE_BEZIER_KNOTS.);
#17=B_SPLINE_SURFACE_WITH_KNOTS('',3,1,((#2211,#2212),(#2213,#2214),(#2215,
#2216),(#2217,#2218)),.SURF_OF_LINEAR_EXTRUSION.,.F.,.F.,.F.,(4,4),(2,2),
(0.,1.),(0.,1.),.PIECEWISE_BEZIER_KNOTS.);
#18=B_SPLINE_SURFACE_WITH_KNOTS('',3,1,((#2224,#2225),(#2226,#2227),(#2228,
#2229),(#2230,#2231)),.SURF_OF_LINEAR_EXTRUSION.,.F.,.F.,.F.,(4,4),(2,2),
(0.,1.),(0.,1.),.PIECEWISE_BEZIER_KNOTS.);
#19=B_SPLINE_SURFACE_WITH_KNOTS('',3,1,((#2237,#2238),(#2239,#2240),(#2241,
#2242),(#2243,#2244)),.SURF_OF_LINEAR_EXTRUSION.,.F.,.F.,.F.,(4,4),(2,2),
(0.,1.),(0.,1.),.PIECEWISE_BEZIER_KNOTS.);
#20=B_SPLINE_SURFACE_WITH_KNOTS('',3,1,((#2254,#2255),(#2256,#2257),(#2258,
#2259),(#2260,#2261)),.SURF_OF_LINEAR_EXTRUSION.,.F.,.F.,.F.,(4,4),(2,2),
(0.,1.),(0.,1.),.PIECEWISE_BEZIER_KNOTS.);
#21=B_SPLINE_SURFACE_WITH_KNOTS('',3,1,((#2270,#2271),(#2272,#2273),(#2274,
#2275),(#2276,#2277)),.SURF_OF_LINEAR_EXTRUSION.,.F.,.F.,.F.,(4,4),(2,2),
(0.,1.),(0.,1.),.PIECEWISE_BEZIER_KNOTS.);
#22=B_SPLINE_SURFACE_WITH_KNOTS('',3,1,((#2289,#2290),(#2291,#2292),(#2293,
#2294),(#2295,#2296)),.SURF_OF_LINEAR_EXTRUSION.,.F.,.F.,.F.,(4,4),(2,2),
(0.,1.),(0.,1.),.PIECEWISE_BEZIER_KNOTS.);
#23=B_SPLINE_SURFACE_WITH_KNOTS('',3,1,((#2302,#2303),(#2304,#2305),(#2306,
#2307),(#2308,#2309)),.SURF_OF_LINEAR_EXTRUSION.,.F.,.F.,.F.,(4,4),(2,2),
(0.,1.),(0.,1.),.PIECEWISE_BEZIER_KNOTS.);
#24=B_SPLINE_SURFACE_WITH_KNOTS('',3,1,((#2315,#2316),(#2317,#2318),(#2319,
#2320),(#2321,#2322)),.SURF_OF_LINEAR_EXTRUSION.,.F.,.F.,.F.,(4,4),(2,2),
(0.,1.),(0.,1.),.PIECEWISE_BEZIER_KNOTS.);
#25=B_SPLINE_SURFACE_WITH_KNOTS('',3,1,((#2328,#2329),(#2330,#2331),(#2332,
#2333),(#2334,#2335)),.SURF_OF_LINEAR_EXTRUSION.,.F.,.F.,.F.,(4,4),(2,2),
(0.,1.),(0.,1.),.PIECEWISE_BEZIER_KNOTS.);
#26=B_SPLINE_SURFACE_WITH_KNOTS('',3,1,((#2353,#2354),(#2355,#2356),(#2357,
#2358),(#2359,#2360)),.SURF_OF_LINEAR_EXTRUSION.,.F.,.F.,.F.,(4,4),(2,2),
(0.,1.),(0.,1.),.PIECEWISE_BEZIER_KNOTS.);
#27=B_SPLINE_SURFACE_WITH_KNOTS('',3,1,((#2366,#2367),(#2368,#2369),(#2370,
#2371),(#2372,#2373)),.SURF_OF_LINEAR_EXTRUSION.,.F.,.F.,.F.,(4,4),(2,2),
(0.,1.),(0.,1.),.PIECEWISE_BEZIER_KNOTS.);
#28=CYLINDRICAL_SURFACE('',#1435,0.0655665997290526);
#29=CYLINDRICAL_SURFACE('',#1439,0.00132320382838312);
#30=CYLINDRICAL_SURFACE('',#1441,0.00138249078406317);
#31=CYLINDRICAL_SURFACE('',#1443,0.00176537451821023);
#32=CYLINDRICAL_SURFACE('',#1445,0.0018325728140447);
#33=CYLINDRICAL_SURFACE('',#1447,0.00176050146613419);
#34=CYLINDRICAL_SURFACE('',#1449,0.00162711159357393);
#35=CYLINDRICAL_SURFACE('',#1451,0.00134622472647872);
#36=CYLINDRICAL_SURFACE('',#1453,0.00139477056188065);
#37=CYLINDRICAL_SURFACE('',#1456,5.52812796813926E-5);
#38=CYLINDRICAL_SURFACE('',#1458,6.9130516362862E-5);
#39=CYLINDRICAL_SURFACE('',#1460,0.00324591445774349);
#40=CYLINDRICAL_SURFACE('',#1462,0.00228847192368771);
#41=CYLINDRICAL_SURFACE('',#1464,0.00155749550903428);
#42=CYLINDRICAL_SURFACE('',#1466,0.00548329574090817);
#43=CYLINDRICAL_SURFACE('',#1468,0.00158305912673696);
#44=CYLINDRICAL_SURFACE('',#1471,0.00705114137348945);
#45=CYLINDRICAL_SURFACE('',#1473,0.00241566903909118);
#46=CYLINDRICAL_SURFACE('',#1475,0.0046279592286915);
#47=CYLINDRICAL_SURFACE('',#1477,0.00225562072629609);
#48=CYLINDRICAL_SURFACE('',#1482,0.00270146813439813);
#49=CYLINDRICAL_SURFACE('',#1484,0.00215364704383223);
#50=CYLINDRICAL_SURFACE('',#1486,0.00246269785219139);
#51=CYLINDRICAL_SURFACE('',#1488,0.00232972451319233);
#52=CYLINDRICAL_SURFACE('',#1490,0.0025402515308162);
#53=CIRCLE('',#1407,0.0025402515308162);
#54=CIRCLE('',#1408,0.00232972451319233);
#55=CIRCLE('',#1409,0.00246269785219139);
#56=CIRCLE('',#1410,0.00215364704383223);
#57=CIRCLE('',#1411,0.00270146813439813);
#58=CIRCLE('',#1412,0.00225562072629609);
#59=CIRCLE('',#1413,0.0046279592286915);
#60=CIRCLE('',#1414,0.00241566903909118);
#61=CIRCLE('',#1415,0.00705114137348945);
#62=CIRCLE('',#1416,0.00158305912673696);
#63=CIRCLE('',#1417,0.00548329574090817);
#64=CIRCLE('',#1418,0.00155749550903428);
#65=CIRCLE('',#1419,0.00228847192368771);
#66=CIRCLE('',#1420,0.00324591445774349);
#67=CIRCLE('',#1421,6.9130516362862E-5);
#68=CIRCLE('',#1422,5.52812796813926E-5);
#69=CIRCLE('',#1423,0.00139477056188065);
#70=CIRCLE('',#1424,0.00134622472647872);
#71=CIRCLE('',#1425,0.00162711159357393);
#72=CIRCLE('',#1426,0.00176050146613419);
#73=CIRCLE('',#1427,0.0018325728140447);
#74=CIRCLE('',#1428,0.00176537451821023);
#75=CIRCLE('',#1429,0.00138249078406317);
#76=CIRCLE('',#1430,0.00132320382838312);
#77=CIRCLE('',#1431,0.0655665997290526);
#78=CIRCLE('',#1433,0.0655665997290526);
#79=CIRCLE('',#1440,0.00132320382838312);
#80=CIRCLE('',#1442,0.00138249078406317);
#81=CIRCLE('',#1444,0.00176537451821023);
#82=CIRCLE('',#1446,0.0018325728140447);
#83=CIRCLE('',#1448,0.00176050146613419);
#84=CIRCLE('',#1450,0.00162711159357393);
#85=CIRCLE('',#1452,0.00134622472647872);
#86=CIRCLE('',#1454,0.00139477056188065);
#87=CIRCLE('',#1457,5.52812796813926E-5);
#88=CIRCLE('',#1459,6.9130516362862E-5);
#89=CIRCLE('',#1461,0.00324591445774349);
#90=CIRCLE('',#1463,0.00228847192368771);
#91=CIRCLE('',#1465,0.00155749550903428);
#92=CIRCLE('',#1467,0.00548329574090817);
#93=CIRCLE('',#1469,0.00158305912673696);
#94=CIRCLE('',#1472,0.00705114137348945);
#95=CIRCLE('',#1474,0.00241566903909118);
#96=CIRCLE('',#1476,0.0046279592286915);
#97=CIRCLE('',#1478,0.00225562072629609);
#98=CIRCLE('',#1483,0.00270146813439813);
#99=CIRCLE('',#1485,0.00215364704383223);
#100=CIRCLE('',#1487,0.00246269785219139);
#101=CIRCLE('',#1489,0.00232972451319233);
#102=CIRCLE('',#1491,0.0025402515308162);
#103=B_SPLINE_CURVE_WITH_KNOTS('',2,(#1871,#1872,#1873),.UNSPECIFIED.,.F.,
 .F.,(3,3),(0.,1.),.PIECEWISE_BEZIER_KNOTS.);
#104=B_SPLINE_CURVE_WITH_KNOTS('',2,(#1881,#1882,#1883),.UNSPECIFIED.,.F.,
 .F.,(3,3),(0.,1.),.PIECEWISE_BEZIER_KNOTS.);
#105=B_SPLINE_CURVE_WITH_KNOTS('',2,(#1885,#1886,#1887),.UNSPECIFIED.,.F.,
 .F.,(3,3),(0.,1.),.PIECEWISE_BEZIER_KNOTS.);
#106=B_SPLINE_CURVE_WITH_KNOTS('',2,(#1895,#1896,#1897),.UNSPECIFIED.,.F.,
 .F.,(3,3),(0.,1.),.PIECEWISE_BEZIER_KNOTS.);
#107=B_SPLINE_CURVE_WITH_KNOTS('',2,(#1899,#1900,#1901),.UNSPECIFIED.,.F.,
 .F.,(3,3),(0.,1.),.PIECEWISE_BEZIER_KNOTS.);
#108=B_SPLINE_CURVE_WITH_KNOTS('',2,(#1903,#1904,#1905),.UNSPECIFIED.,.F.,
 .F.,(3,3),(0.,1.),.PIECEWISE_BEZIER_KNOTS.);
#109=B_SPLINE_CURVE_WITH_KNOTS('',2,(#1907,#1908,#1909),.UNSPECIFIED.,.F.,
 .F.,(3,3),(0.,1.),.PIECEWISE_BEZIER_KNOTS.);
#110=B_SPLINE_CURVE_WITH_KNOTS('',2,(#1913,#1914,#1915),.UNSPECIFIED.,.F.,
 .F.,(3,3),(0.,1.),.PIECEWISE_BEZIER_KNOTS.);
#111=B_SPLINE_CURVE_WITH_KNOTS('',2,(#1919,#1920,#1921),.UNSPECIFIED.,.F.,
 .F.,(3,3),(0.,1.),.PIECEWISE_BEZIER_KNOTS.);
#112=B_SPLINE_CURVE_WITH_KNOTS('',2,(#1925,#1926,#1927),.UNSPECIFIED.,.F.,
 .F.,(3,3),(0.,1.),.PIECEWISE_BEZIER_KNOTS.);
#113=B_SPLINE_CURVE_WITH_KNOTS('',2,(#1929,#1930,#1931),.UNSPECIFIED.,.F.,
 .F.,(3,3),(0.,1.),.PIECEWISE_BEZIER_KNOTS.);
#114=B_SPLINE_CURVE_WITH_KNOTS('',2,(#1933,#1934,#1935),.UNSPECIFIED.,.F.,
 .F.,(3,3),(0.,1.),.PIECEWISE_BEZIER_KNOTS.);
#115=B_SPLINE_CURVE_WITH_KNOTS('',2,(#1941,#1942,#1943),.UNSPECIFIED.,.F.,
 .F.,(3,3),(0.,1.),.PIECEWISE_BEZIER_KNOTS.);
#116=B_SPLINE_CURVE_WITH_KNOTS('',2,(#1951,#1952,#1953),.UNSPECIFIED.,.F.,
 .F.,(3,3),(0.,1.),.PIECEWISE_BEZIER_KNOTS.);
#117=B_SPLINE_CURVE_WITH_KNOTS('',2,(#1965,#1966,#1967),.UNSPECIFIED.,.F.,
 .F.,(3,3),(0.,1.),.PIECEWISE_BEZIER_KNOTS.);
#118=B_SPLINE_CURVE_WITH_KNOTS('',2,(#1969,#1970,#1971),.UNSPECIFIED.,.F.,
 .F.,(3,3),(0.,1.),.PIECEWISE_BEZIER_KNOTS.);
#119=B_SPLINE_CURVE_WITH_KNOTS('',2,(#2074,#2075,#2076),.UNSPECIFIED.,.F.,
 .F.,(3,3),(0.,1.),.PIECEWISE_BEZIER_KNOTS.);
#120=B_SPLINE_CURVE_WITH_KNOTS('',2,(#2129,#2130,#2131),.UNSPECIFIED.,.F.,
 .F.,(3,3),(0.,1.),.PIECEWISE_BEZIER_KNOTS.);
#121=B_SPLINE_CURVE_WITH_KNOTS('',2,(#2142,#2143,#2144),.UNSPECIFIED.,.F.,
 .F.,(3,3),(0.,1.),.PIECEWISE_BEZIER_KNOTS.);
#122=B_SPLINE_CURVE_WITH_KNOTS('',2,(#2175,#2176,#2177),.UNSPECIFIED.,.F.,
 .F.,(3,3),(0.,1.),.PIECEWISE_BEZIER_KNOTS.);
#123=B_SPLINE_CURVE_WITH_KNOTS('',2,(#2200,#2201,#2202),.UNSPECIFIED.,.F.,
 .F.,(3,3),(0.,1.),.PIECEWISE_BEZIER_KNOTS.);
#124=B_SPLINE_CURVE_WITH_KNOTS('',2,(#2221,#2222,#2223),.UNSPECIFIED.,.F.,
 .F.,(3,3),(0.,1.),.PIECEWISE_BEZIER_KNOTS.);
#125=B_SPLINE_CURVE_WITH_KNOTS('',2,(#2234,#2235,#2236),.UNSPECIFIED.,.F.,
 .F.,(3,3),(0.,1.),.PIECEWISE_BEZIER_KNOTS.);
#126=B_SPLINE_CURVE_WITH_KNOTS('',2,(#2247,#2248,#2249),.UNSPECIFIED.,.F.,
 .F.,(3,3),(0.,1.),.PIECEWISE_BEZIER_KNOTS.);
#127=B_SPLINE_CURVE_WITH_KNOTS('',2,(#2264,#2265,#2266),.UNSPECIFIED.,.F.,
 .F.,(3,3),(0.,1.),.PIECEWISE_BEZIER_KNOTS.);
#128=B_SPLINE_CURVE_WITH_KNOTS('',2,(#2280,#2281,#2282),.UNSPECIFIED.,.F.,
 .F.,(3,3),(0.,1.),.PIECEWISE_BEZIER_KNOTS.);
#129=B_SPLINE_CURVE_WITH_KNOTS('',2,(#2299,#2300,#2301),.UNSPECIFIED.,.F.,
 .F.,(3,3),(0.,1.),.PIECEWISE_BEZIER_KNOTS.);
#130=B_SPLINE_CURVE_WITH_KNOTS('',2,(#2312,#2313,#2314),.UNSPECIFIED.,.F.,
 .F.,(3,3),(0.,1.),.PIECEWISE_BEZIER_KNOTS.);
#131=B_SPLINE_CURVE_WITH_KNOTS('',2,(#2325,#2326,#2327),.UNSPECIFIED.,.F.,
 .F.,(3,3),(0.,1.),.PIECEWISE_BEZIER_KNOTS.);
#132=B_SPLINE_CURVE_WITH_KNOTS('',2,(#2338,#2339,#2340),.UNSPECIFIED.,.F.,
 .F.,(3,3),(0.,1.),.PIECEWISE_BEZIER_KNOTS.);
#133=B_SPLINE_CURVE_WITH_KNOTS('',2,(#2363,#2364,#2365),.UNSPECIFIED.,.F.,
 .F.,(3,3),(0.,1.),.PIECEWISE_BEZIER_KNOTS.);
#134=B_SPLINE_CURVE_WITH_KNOTS('',2,(#2376,#2377,#2378),.UNSPECIFIED.,.F.,
 .F.,(3,3),(0.,1.),.PIECEWISE_BEZIER_KNOTS.);
#135=ORIENTED_EDGE('',*,*,#541,.F.);
#136=ORIENTED_EDGE('',*,*,#542,.F.);
#137=ORIENTED_EDGE('',*,*,#543,.F.);
#138=ORIENTED_EDGE('',*,*,#544,.F.);
#139=ORIENTED_EDGE('',*,*,#545,.T.);
#140=ORIENTED_EDGE('',*,*,#546,.T.);
#141=ORIENTED_EDGE('',*,*,#547,.T.);
#142=ORIENTED_EDGE('',*,*,#548,.T.);
#143=ORIENTED_EDGE('',*,*,#549,.T.);
#144=ORIENTED_EDGE('',*,*,#550,.T.);
#145=ORIENTED_EDGE('',*,*,#551,.T.);
#146=ORIENTED_EDGE('',*,*,#552,.T.);
#147=ORIENTED_EDGE('',*,*,#553,.T.);
#148=ORIENTED_EDGE('',*,*,#554,.T.);
#149=ORIENTED_EDGE('',*,*,#555,.T.);
#150=ORIENTED_EDGE('',*,*,#556,.T.);
#151=ORIENTED_EDGE('',*,*,#557,.T.);
#152=ORIENTED_EDGE('',*,*,#558,.T.);
#153=ORIENTED_EDGE('',*,*,#559,.T.);
#154=ORIENTED_EDGE('',*,*,#560,.T.);
#155=ORIENTED_EDGE('',*,*,#561,.T.);
#156=ORIENTED_EDGE('',*,*,#562,.T.);
#157=ORIENTED_EDGE('',*,*,#563,.T.);
#158=ORIENTED_EDGE('',*,*,#564,.T.);
#159=ORIENTED_EDGE('',*,*,#565,.T.);
#160=ORIENTED_EDGE('',*,*,#566,.T.);
#161=ORIENTED_EDGE('',*,*,#567,.T.);
#162=ORIENTED_EDGE('',*,*,#568,.T.);
#163=ORIENTED_EDGE('',*,*,#569,.T.);
#164=ORIENTED_EDGE('',*,*,#570,.T.);
#165=ORIENTED_EDGE('',*,*,#571,.T.);
#166=ORIENTED_EDGE('',*,*,#572,.T.);
#167=ORIENTED_EDGE('',*,*,#573,.T.);
#168=ORIENTED_EDGE('',*,*,#574,.T.);
#169=ORIENTED_EDGE('',*,*,#575,.T.);
#170=ORIENTED_EDGE('',*,*,#576,.T.);
#171=ORIENTED_EDGE('',*,*,#577,.T.);
#172=ORIENTED_EDGE('',*,*,#578,.T.);
#173=ORIENTED_EDGE('',*,*,#579,.T.);
#174=ORIENTED_EDGE('',*,*,#580,.T.);
#175=ORIENTED_EDGE('',*,*,#581,.T.);
#176=ORIENTED_EDGE('',*,*,#582,.T.);
#177=ORIENTED_EDGE('',*,*,#583,.T.);
#178=ORIENTED_EDGE('',*,*,#584,.T.);
#179=ORIENTED_EDGE('',*,*,#585,.T.);
#180=ORIENTED_EDGE('',*,*,#586,.T.);
#181=ORIENTED_EDGE('',*,*,#587,.T.);
#182=ORIENTED_EDGE('',*,*,#588,.T.);
#183=ORIENTED_EDGE('',*,*,#589,.T.);
#184=ORIENTED_EDGE('',*,*,#590,.T.);
#185=ORIENTED_EDGE('',*,*,#591,.T.);
#186=ORIENTED_EDGE('',*,*,#592,.T.);
#187=ORIENTED_EDGE('',*,*,#593,.T.);
#188=ORIENTED_EDGE('',*,*,#594,.T.);
#189=ORIENTED_EDGE('',*,*,#595,.F.);
#190=ORIENTED_EDGE('',*,*,#596,.T.);
#191=ORIENTED_EDGE('',*,*,#597,.T.);
#192=ORIENTED_EDGE('',*,*,#598,.F.);
#193=ORIENTED_EDGE('',*,*,#599,.F.);
#194=ORIENTED_EDGE('',*,*,#600,.T.);
#195=ORIENTED_EDGE('',*,*,#601,.F.);
#196=ORIENTED_EDGE('',*,*,#602,.F.);
#197=ORIENTED_EDGE('',*,*,#603,.T.);
#198=ORIENTED_EDGE('',*,*,#604,.T.);
#199=ORIENTED_EDGE('',*,*,#605,.T.);
#200=ORIENTED_EDGE('',*,*,#606,.T.);
#201=ORIENTED_EDGE('',*,*,#607,.T.);
#202=ORIENTED_EDGE('',*,*,#608,.F.);
#203=ORIENTED_EDGE('',*,*,#609,.F.);
#204=ORIENTED_EDGE('',*,*,#610,.F.);
#205=ORIENTED_EDGE('',*,*,#611,.F.);
#206=ORIENTED_EDGE('',*,*,#612,.F.);
#207=ORIENTED_EDGE('',*,*,#613,.F.);
#208=ORIENTED_EDGE('',*,*,#614,.T.);
#209=ORIENTED_EDGE('',*,*,#615,.T.);
#210=ORIENTED_EDGE('',*,*,#616,.F.);
#211=ORIENTED_EDGE('',*,*,#617,.T.);
#212=ORIENTED_EDGE('',*,*,#618,.T.);
#213=ORIENTED_EDGE('',*,*,#619,.T.);
#214=ORIENTED_EDGE('',*,*,#620,.T.);
#215=ORIENTED_EDGE('',*,*,#621,.T.);
#216=ORIENTED_EDGE('',*,*,#622,.T.);
#217=ORIENTED_EDGE('',*,*,#623,.T.);
#218=ORIENTED_EDGE('',*,*,#624,.T.);
#219=ORIENTED_EDGE('',*,*,#625,.F.);
#220=ORIENTED_EDGE('',*,*,#595,.T.);
#221=ORIENTED_EDGE('',*,*,#626,.T.);
#222=ORIENTED_EDGE('',*,*,#616,.T.);
#223=ORIENTED_EDGE('',*,*,#627,.T.);
#224=ORIENTED_EDGE('',*,*,#594,.F.);
#225=ORIENTED_EDGE('',*,*,#612,.T.);
#226=ORIENTED_EDGE('',*,*,#626,.F.);
#227=ORIENTED_EDGE('',*,*,#603,.F.);
#228=ORIENTED_EDGE('',*,*,#628,.F.);
#229=ORIENTED_EDGE('',*,*,#617,.F.);
#230=ORIENTED_EDGE('',*,*,#600,.F.);
#231=ORIENTED_EDGE('',*,*,#629,.T.);
#232=ORIENTED_EDGE('',*,*,#627,.F.);
#233=ORIENTED_EDGE('',*,*,#615,.F.);
#234=ORIENTED_EDGE('',*,*,#630,.F.);
#235=ORIENTED_EDGE('',*,*,#564,.F.);
#236=ORIENTED_EDGE('',*,*,#631,.F.);
#237=ORIENTED_EDGE('',*,*,#632,.T.);
#238=ORIENTED_EDGE('',*,*,#633,.T.);
#239=ORIENTED_EDGE('',*,*,#563,.F.);
#240=ORIENTED_EDGE('',*,*,#634,.F.);
#241=ORIENTED_EDGE('',*,*,#635,.T.);
#242=ORIENTED_EDGE('',*,*,#631,.T.);
#243=ORIENTED_EDGE('',*,*,#593,.F.);
#244=ORIENTED_EDGE('',*,*,#636,.F.);
#245=ORIENTED_EDGE('',*,*,#637,.T.);
#246=ORIENTED_EDGE('',*,*,#634,.T.);
#247=ORIENTED_EDGE('',*,*,#592,.F.);
#248=ORIENTED_EDGE('',*,*,#638,.F.);
#249=ORIENTED_EDGE('',*,*,#639,.T.);
#250=ORIENTED_EDGE('',*,*,#636,.T.);
#251=ORIENTED_EDGE('',*,*,#591,.F.);
#252=ORIENTED_EDGE('',*,*,#640,.F.);
#253=ORIENTED_EDGE('',*,*,#641,.T.);
#254=ORIENTED_EDGE('',*,*,#638,.T.);
#255=ORIENTED_EDGE('',*,*,#590,.F.);
#256=ORIENTED_EDGE('',*,*,#642,.F.);
#257=ORIENTED_EDGE('',*,*,#643,.T.);
#258=ORIENTED_EDGE('',*,*,#640,.T.);
#259=ORIENTED_EDGE('',*,*,#589,.F.);
#260=ORIENTED_EDGE('',*,*,#644,.F.);
#261=ORIENTED_EDGE('',*,*,#645,.T.);
#262=ORIENTED_EDGE('',*,*,#642,.T.);
#263=ORIENTED_EDGE('',*,*,#588,.F.);
#264=ORIENTED_EDGE('',*,*,#646,.F.);
#265=ORIENTED_EDGE('',*,*,#647,.T.);
#266=ORIENTED_EDGE('',*,*,#644,.T.);
#267=ORIENTED_EDGE('',*,*,#587,.F.);
#268=ORIENTED_EDGE('',*,*,#648,.F.);
#269=ORIENTED_EDGE('',*,*,#649,.T.);
#270=ORIENTED_EDGE('',*,*,#646,.T.);
#271=ORIENTED_EDGE('',*,*,#586,.F.);
#272=ORIENTED_EDGE('',*,*,#650,.F.);
#273=ORIENTED_EDGE('',*,*,#651,.T.);
#274=ORIENTED_EDGE('',*,*,#648,.T.);
#275=ORIENTED_EDGE('',*,*,#585,.F.);
#276=ORIENTED_EDGE('',*,*,#652,.F.);
#277=ORIENTED_EDGE('',*,*,#653,.T.);
#278=ORIENTED_EDGE('',*,*,#650,.T.);
#279=ORIENTED_EDGE('',*,*,#584,.F.);
#280=ORIENTED_EDGE('',*,*,#654,.F.);
#281=ORIENTED_EDGE('',*,*,#655,.T.);
#282=ORIENTED_EDGE('',*,*,#652,.T.);
#283=ORIENTED_EDGE('',*,*,#583,.F.);
#284=ORIENTED_EDGE('',*,*,#656,.F.);
#285=ORIENTED_EDGE('',*,*,#657,.T.);
#286=ORIENTED_EDGE('',*,*,#654,.T.);
#287=ORIENTED_EDGE('',*,*,#582,.F.);
#288=ORIENTED_EDGE('',*,*,#658,.F.);
#289=ORIENTED_EDGE('',*,*,#659,.T.);
#290=ORIENTED_EDGE('',*,*,#656,.T.);
#291=ORIENTED_EDGE('',*,*,#581,.F.);
#292=ORIENTED_EDGE('',*,*,#660,.F.);
#293=ORIENTED_EDGE('',*,*,#661,.T.);
#294=ORIENTED_EDGE('',*,*,#658,.T.);
#295=ORIENTED_EDGE('',*,*,#580,.F.);
#296=ORIENTED_EDGE('',*,*,#662,.F.);
#297=ORIENTED_EDGE('',*,*,#663,.T.);
#298=ORIENTED_EDGE('',*,*,#660,.T.);
#299=ORIENTED_EDGE('',*,*,#579,.F.);
#300=ORIENTED_EDGE('',*,*,#664,.F.);
#301=ORIENTED_EDGE('',*,*,#665,.T.);
#302=ORIENTED_EDGE('',*,*,#662,.T.);
#303=ORIENTED_EDGE('',*,*,#578,.F.);
#304=ORIENTED_EDGE('',*,*,#666,.F.);
#305=ORIENTED_EDGE('',*,*,#667,.T.);
#306=ORIENTED_EDGE('',*,*,#664,.T.);
#307=ORIENTED_EDGE('',*,*,#577,.F.);
#308=ORIENTED_EDGE('',*,*,#668,.F.);
#309=ORIENTED_EDGE('',*,*,#669,.T.);
#310=ORIENTED_EDGE('',*,*,#666,.T.);
#311=ORIENTED_EDGE('',*,*,#576,.F.);
#312=ORIENTED_EDGE('',*,*,#670,.F.);
#313=ORIENTED_EDGE('',*,*,#671,.T.);
#314=ORIENTED_EDGE('',*,*,#668,.T.);
#315=ORIENTED_EDGE('',*,*,#575,.F.);
#316=ORIENTED_EDGE('',*,*,#672,.F.);
#317=ORIENTED_EDGE('',*,*,#673,.T.);
#318=ORIENTED_EDGE('',*,*,#670,.T.);
#319=ORIENTED_EDGE('',*,*,#574,.F.);
#320=ORIENTED_EDGE('',*,*,#674,.F.);
#321=ORIENTED_EDGE('',*,*,#675,.T.);
#322=ORIENTED_EDGE('',*,*,#672,.T.);
#323=ORIENTED_EDGE('',*,*,#573,.F.);
#324=ORIENTED_EDGE('',*,*,#676,.F.);
#325=ORIENTED_EDGE('',*,*,#677,.T.);
#326=ORIENTED_EDGE('',*,*,#674,.T.);
#327=ORIENTED_EDGE('',*,*,#572,.F.);
#328=ORIENTED_EDGE('',*,*,#678,.F.);
#329=ORIENTED_EDGE('',*,*,#679,.T.);
#330=ORIENTED_EDGE('',*,*,#676,.T.);
#331=ORIENTED_EDGE('',*,*,#571,.F.);
#332=ORIENTED_EDGE('',*,*,#680,.F.);
#333=ORIENTED_EDGE('',*,*,#681,.T.);
#334=ORIENTED_EDGE('',*,*,#678,.T.);
#335=ORIENTED_EDGE('',*,*,#570,.F.);
#336=ORIENTED_EDGE('',*,*,#682,.F.);
#337=ORIENTED_EDGE('',*,*,#683,.T.);
#338=ORIENTED_EDGE('',*,*,#680,.T.);
#339=ORIENTED_EDGE('',*,*,#569,.F.);
#340=ORIENTED_EDGE('',*,*,#684,.F.);
#341=ORIENTED_EDGE('',*,*,#685,.T.);
#342=ORIENTED_EDGE('',*,*,#682,.T.);
#343=ORIENTED_EDGE('',*,*,#568,.F.);
#344=ORIENTED_EDGE('',*,*,#686,.F.);
#345=ORIENTED_EDGE('',*,*,#687,.T.);
#346=ORIENTED_EDGE('',*,*,#684,.T.);
#347=ORIENTED_EDGE('',*,*,#567,.F.);
#348=ORIENTED_EDGE('',*,*,#688,.F.);
#349=ORIENTED_EDGE('',*,*,#689,.T.);
#350=ORIENTED_EDGE('',*,*,#686,.T.);
#351=ORIENTED_EDGE('',*,*,#566,.F.);
#352=ORIENTED_EDGE('',*,*,#690,.F.);
#353=ORIENTED_EDGE('',*,*,#691,.T.);
#354=ORIENTED_EDGE('',*,*,#688,.T.);
#355=ORIENTED_EDGE('',*,*,#565,.F.);
#356=ORIENTED_EDGE('',*,*,#633,.F.);
#357=ORIENTED_EDGE('',*,*,#692,.T.);
#358=ORIENTED_EDGE('',*,*,#690,.T.);
#359=ORIENTED_EDGE('',*,*,#632,.F.);
#360=ORIENTED_EDGE('',*,*,#635,.F.);
#361=ORIENTED_EDGE('',*,*,#637,.F.);
#362=ORIENTED_EDGE('',*,*,#639,.F.);
#363=ORIENTED_EDGE('',*,*,#641,.F.);
#364=ORIENTED_EDGE('',*,*,#643,.F.);
#365=ORIENTED_EDGE('',*,*,#645,.F.);
#366=ORIENTED_EDGE('',*,*,#647,.F.);
#367=ORIENTED_EDGE('',*,*,#649,.F.);
#368=ORIENTED_EDGE('',*,*,#651,.F.);
#369=ORIENTED_EDGE('',*,*,#653,.F.);
#370=ORIENTED_EDGE('',*,*,#655,.F.);
#371=ORIENTED_EDGE('',*,*,#657,.F.);
#372=ORIENTED_EDGE('',*,*,#659,.F.);
#373=ORIENTED_EDGE('',*,*,#661,.F.);
#374=ORIENTED_EDGE('',*,*,#663,.F.);
#375=ORIENTED_EDGE('',*,*,#665,.F.);
#376=ORIENTED_EDGE('',*,*,#667,.F.);
#377=ORIENTED_EDGE('',*,*,#669,.F.);
#378=ORIENTED_EDGE('',*,*,#671,.F.);
#379=ORIENTED_EDGE('',*,*,#673,.F.);
#380=ORIENTED_EDGE('',*,*,#675,.F.);
#381=ORIENTED_EDGE('',*,*,#677,.F.);
#382=ORIENTED_EDGE('',*,*,#679,.F.);
#383=ORIENTED_EDGE('',*,*,#681,.F.);
#384=ORIENTED_EDGE('',*,*,#683,.F.);
#385=ORIENTED_EDGE('',*,*,#685,.F.);
#386=ORIENTED_EDGE('',*,*,#687,.F.);
#387=ORIENTED_EDGE('',*,*,#689,.F.);
#388=ORIENTED_EDGE('',*,*,#691,.F.);
#389=ORIENTED_EDGE('',*,*,#692,.F.);
#390=ORIENTED_EDGE('',*,*,#550,.F.);
#391=ORIENTED_EDGE('',*,*,#693,.F.);
#392=ORIENTED_EDGE('',*,*,#694,.T.);
#393=ORIENTED_EDGE('',*,*,#695,.T.);
#394=ORIENTED_EDGE('',*,*,#549,.F.);
#395=ORIENTED_EDGE('',*,*,#696,.F.);
#396=ORIENTED_EDGE('',*,*,#697,.T.);
#397=ORIENTED_EDGE('',*,*,#693,.T.);
#398=ORIENTED_EDGE('',*,*,#562,.F.);
#399=ORIENTED_EDGE('',*,*,#698,.F.);
#400=ORIENTED_EDGE('',*,*,#699,.T.);
#401=ORIENTED_EDGE('',*,*,#696,.T.);
#402=ORIENTED_EDGE('',*,*,#561,.F.);
#403=ORIENTED_EDGE('',*,*,#700,.F.);
#404=ORIENTED_EDGE('',*,*,#701,.T.);
#405=ORIENTED_EDGE('',*,*,#698,.T.);
#406=ORIENTED_EDGE('',*,*,#560,.F.);
#407=ORIENTED_EDGE('',*,*,#702,.F.);
#408=ORIENTED_EDGE('',*,*,#703,.T.);
#409=ORIENTED_EDGE('',*,*,#700,.T.);
#410=ORIENTED_EDGE('',*,*,#559,.F.);
#411=ORIENTED_EDGE('',*,*,#704,.F.);
#412=ORIENTED_EDGE('',*,*,#705,.T.);
#413=ORIENTED_EDGE('',*,*,#702,.T.);
#414=ORIENTED_EDGE('',*,*,#558,.F.);
#415=ORIENTED_EDGE('',*,*,#706,.F.);
#416=ORIENTED_EDGE('',*,*,#707,.T.);
#417=ORIENTED_EDGE('',*,*,#704,.T.);
#418=ORIENTED_EDGE('',*,*,#557,.F.);
#419=ORIENTED_EDGE('',*,*,#708,.F.);
#420=ORIENTED_EDGE('',*,*,#709,.T.);
#421=ORIENTED_EDGE('',*,*,#706,.T.);
#422=ORIENTED_EDGE('',*,*,#556,.F.);
#423=ORIENTED_EDGE('',*,*,#710,.F.);
#424=ORIENTED_EDGE('',*,*,#711,.T.);
#425=ORIENTED_EDGE('',*,*,#708,.T.);
#426=ORIENTED_EDGE('',*,*,#555,.F.);
#427=ORIENTED_EDGE('',*,*,#712,.F.);
#428=ORIENTED_EDGE('',*,*,#713,.T.);
#429=ORIENTED_EDGE('',*,*,#710,.T.);
#430=ORIENTED_EDGE('',*,*,#554,.F.);
#431=ORIENTED_EDGE('',*,*,#714,.F.);
#432=ORIENTED_EDGE('',*,*,#715,.T.);
#433=ORIENTED_EDGE('',*,*,#712,.T.);
#434=ORIENTED_EDGE('',*,*,#553,.F.);
#435=ORIENTED_EDGE('',*,*,#716,.F.);
#436=ORIENTED_EDGE('',*,*,#717,.T.);
#437=ORIENTED_EDGE('',*,*,#714,.T.);
#438=ORIENTED_EDGE('',*,*,#552,.F.);
#439=ORIENTED_EDGE('',*,*,#718,.F.);
#440=ORIENTED_EDGE('',*,*,#719,.T.);
#441=ORIENTED_EDGE('',*,*,#716,.T.);
#442=ORIENTED_EDGE('',*,*,#551,.F.);
#443=ORIENTED_EDGE('',*,*,#695,.F.);
#444=ORIENTED_EDGE('',*,*,#720,.T.);
#445=ORIENTED_EDGE('',*,*,#718,.T.);
#446=ORIENTED_EDGE('',*,*,#694,.F.);
#447=ORIENTED_EDGE('',*,*,#697,.F.);
#448=ORIENTED_EDGE('',*,*,#699,.F.);
#449=ORIENTED_EDGE('',*,*,#701,.F.);
#450=ORIENTED_EDGE('',*,*,#703,.F.);
#451=ORIENTED_EDGE('',*,*,#705,.F.);
#452=ORIENTED_EDGE('',*,*,#707,.F.);
#453=ORIENTED_EDGE('',*,*,#709,.F.);
#454=ORIENTED_EDGE('',*,*,#711,.F.);
#455=ORIENTED_EDGE('',*,*,#713,.F.);
#456=ORIENTED_EDGE('',*,*,#715,.F.);
#457=ORIENTED_EDGE('',*,*,#717,.F.);
#458=ORIENTED_EDGE('',*,*,#719,.F.);
#459=ORIENTED_EDGE('',*,*,#720,.F.);
#460=ORIENTED_EDGE('',*,*,#602,.T.);
#461=ORIENTED_EDGE('',*,*,#721,.T.);
#462=ORIENTED_EDGE('',*,*,#613,.T.);
#463=ORIENTED_EDGE('',*,*,#628,.T.);
#464=ORIENTED_EDGE('',*,*,#546,.F.);
#465=ORIENTED_EDGE('',*,*,#722,.F.);
#466=ORIENTED_EDGE('',*,*,#723,.T.);
#467=ORIENTED_EDGE('',*,*,#724,.T.);
#468=ORIENTED_EDGE('',*,*,#545,.F.);
#469=ORIENTED_EDGE('',*,*,#725,.F.);
#470=ORIENTED_EDGE('',*,*,#726,.T.);
#471=ORIENTED_EDGE('',*,*,#722,.T.);
#472=ORIENTED_EDGE('',*,*,#548,.F.);
#473=ORIENTED_EDGE('',*,*,#727,.F.);
#474=ORIENTED_EDGE('',*,*,#728,.T.);
#475=ORIENTED_EDGE('',*,*,#725,.T.);
#476=ORIENTED_EDGE('',*,*,#547,.F.);
#477=ORIENTED_EDGE('',*,*,#724,.F.);
#478=ORIENTED_EDGE('',*,*,#729,.T.);
#479=ORIENTED_EDGE('',*,*,#727,.T.);
#480=ORIENTED_EDGE('',*,*,#723,.F.);
#481=ORIENTED_EDGE('',*,*,#726,.F.);
#482=ORIENTED_EDGE('',*,*,#728,.F.);
#483=ORIENTED_EDGE('',*,*,#729,.F.);
#484=ORIENTED_EDGE('',*,*,#721,.F.);
#485=ORIENTED_EDGE('',*,*,#601,.T.);
#486=ORIENTED_EDGE('',*,*,#630,.T.);
#487=ORIENTED_EDGE('',*,*,#614,.F.);
#488=ORIENTED_EDGE('',*,*,#730,.T.);
#489=ORIENTED_EDGE('',*,*,#731,.T.);
#490=ORIENTED_EDGE('',*,*,#622,.F.);
#491=ORIENTED_EDGE('',*,*,#629,.F.);
#492=ORIENTED_EDGE('',*,*,#599,.T.);
#493=ORIENTED_EDGE('',*,*,#732,.F.);
#494=ORIENTED_EDGE('',*,*,#730,.F.);
#495=ORIENTED_EDGE('',*,*,#598,.T.);
#496=ORIENTED_EDGE('',*,*,#623,.F.);
#497=ORIENTED_EDGE('',*,*,#731,.F.);
#498=ORIENTED_EDGE('',*,*,#732,.T.);
#499=ORIENTED_EDGE('',*,*,#597,.F.);
#500=ORIENTED_EDGE('',*,*,#733,.T.);
#501=ORIENTED_EDGE('',*,*,#734,.T.);
#502=ORIENTED_EDGE('',*,*,#624,.F.);
#503=ORIENTED_EDGE('',*,*,#734,.F.);
#504=ORIENTED_EDGE('',*,*,#735,.F.);
#505=ORIENTED_EDGE('',*,*,#596,.F.);
#506=ORIENTED_EDGE('',*,*,#625,.T.);
#507=ORIENTED_EDGE('',*,*,#735,.T.);
#508=ORIENTED_EDGE('',*,*,#733,.F.);
#509=ORIENTED_EDGE('',*,*,#736,.T.);
#510=ORIENTED_EDGE('',*,*,#607,.F.);
#511=ORIENTED_EDGE('',*,*,#737,.F.);
#512=ORIENTED_EDGE('',*,*,#620,.F.);
#513=ORIENTED_EDGE('',*,*,#738,.T.);
#514=ORIENTED_EDGE('',*,*,#604,.F.);
#515=ORIENTED_EDGE('',*,*,#736,.F.);
#516=ORIENTED_EDGE('',*,*,#619,.F.);
#517=ORIENTED_EDGE('',*,*,#737,.T.);
#518=ORIENTED_EDGE('',*,*,#606,.F.);
#519=ORIENTED_EDGE('',*,*,#739,.F.);
#520=ORIENTED_EDGE('',*,*,#621,.F.);
#521=ORIENTED_EDGE('',*,*,#739,.T.);
#522=ORIENTED_EDGE('',*,*,#605,.F.);
#523=ORIENTED_EDGE('',*,*,#738,.F.);
#524=ORIENTED_EDGE('',*,*,#618,.F.);
#525=ORIENTED_EDGE('',*,*,#608,.T.);
#526=ORIENTED_EDGE('',*,*,#740,.T.);
#527=ORIENTED_EDGE('',*,*,#542,.T.);
#528=ORIENTED_EDGE('',*,*,#741,.F.);
#529=ORIENTED_EDGE('',*,*,#611,.T.);
#530=ORIENTED_EDGE('',*,*,#742,.T.);
#531=ORIENTED_EDGE('',*,*,#543,.T.);
#532=ORIENTED_EDGE('',*,*,#740,.F.);
#533=ORIENTED_EDGE('',*,*,#610,.T.);
#534=ORIENTED_EDGE('',*,*,#743,.T.);
#535=ORIENTED_EDGE('',*,*,#544,.T.);
#536=ORIENTED_EDGE('',*,*,#742,.F.);
#537=ORIENTED_EDGE('',*,*,#609,.T.);
#538=ORIENTED_EDGE('',*,*,#741,.T.);
#539=ORIENTED_EDGE('',*,*,#541,.T.);
#540=ORIENTED_EDGE('',*,*,#743,.F.);
#541=EDGE_CURVE('',#744,#745,#880,.T.);
#542=EDGE_CURVE('',#746,#744,#881,.T.);
#543=EDGE_CURVE('',#747,#746,#882,.T.);
#544=EDGE_CURVE('',#745,#747,#883,.T.);
#545=EDGE_CURVE('',#748,#749,#884,.T.);
#546=EDGE_CURVE('',#749,#750,#885,.T.);
#547=EDGE_CURVE('',#750,#751,#886,.T.);
#548=EDGE_CURVE('',#751,#748,#887,.T.);
#549=EDGE_CURVE('',#752,#753,#888,.T.);
#550=EDGE_CURVE('',#753,#754,#103,.T.);
#551=EDGE_CURVE('',#754,#755,#53,.F.);
#552=EDGE_CURVE('',#755,#756,#54,.F.);
#553=EDGE_CURVE('',#756,#757,#55,.F.);
#554=EDGE_CURVE('',#757,#758,#104,.T.);
#555=EDGE_CURVE('',#758,#759,#105,.T.);
#556=EDGE_CURVE('',#759,#760,#56,.F.);
#557=EDGE_CURVE('',#760,#761,#57,.F.);
#558=EDGE_CURVE('',#761,#762,#889,.T.);
#559=EDGE_CURVE('',#762,#763,#106,.T.);
#560=EDGE_CURVE('',#763,#764,#107,.T.);
#561=EDGE_CURVE('',#764,#765,#108,.T.);
#562=EDGE_CURVE('',#765,#752,#109,.T.);
#563=EDGE_CURVE('',#766,#767,#890,.T.);
#564=EDGE_CURVE('',#767,#768,#110,.T.);
#565=EDGE_CURVE('',#768,#769,#58,.F.);
#566=EDGE_CURVE('',#769,#770,#111,.T.);
#567=EDGE_CURVE('',#770,#771,#59,.F.);
#568=EDGE_CURVE('',#771,#772,#112,.T.);
#569=EDGE_CURVE('',#772,#773,#113,.T.);
#570=EDGE_CURVE('',#773,#774,#114,.T.);
#571=EDGE_CURVE('',#774,#775,#60,.F.);
#572=EDGE_CURVE('',#775,#776,#61,.F.);
#573=EDGE_CURVE('',#776,#777,#115,.T.);
#574=EDGE_CURVE('',#777,#778,#891,.T.);
#575=EDGE_CURVE('',#778,#779,#62,.T.);
#576=EDGE_CURVE('',#779,#780,#63,.T.);
#577=EDGE_CURVE('',#780,#781,#116,.T.);
#578=EDGE_CURVE('',#781,#782,#64,.T.);
#579=EDGE_CURVE('',#782,#783,#65,.T.);
#580=EDGE_CURVE('',#783,#784,#66,.T.);
#581=EDGE_CURVE('',#784,#785,#67,.F.);
#582=EDGE_CURVE('',#785,#786,#68,.T.);
#583=EDGE_CURVE('',#786,#787,#117,.T.);
#584=EDGE_CURVE('',#787,#788,#118,.T.);
#585=EDGE_CURVE('',#788,#789,#892,.T.);
#586=EDGE_CURVE('',#789,#790,#69,.T.);
#587=EDGE_CURVE('',#790,#791,#70,.T.);
#588=EDGE_CURVE('',#791,#792,#71,.T.);
#589=EDGE_CURVE('',#792,#793,#72,.T.);
#590=EDGE_CURVE('',#793,#794,#73,.T.);
#591=EDGE_CURVE('',#794,#795,#74,.T.);
#592=EDGE_CURVE('',#795,#796,#75,.T.);
#593=EDGE_CURVE('',#796,#766,#76,.T.);
#594=EDGE_CURVE('',#797,#797,#77,.T.);
#595=EDGE_CURVE('',#798,#799,#893,.T.);
#596=EDGE_CURVE('',#798,#800,#894,.T.);
#597=EDGE_CURVE('',#800,#801,#895,.T.);
#598=EDGE_CURVE('',#802,#801,#896,.T.);
#599=EDGE_CURVE('',#803,#802,#897,.T.);
#600=EDGE_CURVE('',#803,#804,#898,.T.);
#601=EDGE_CURVE('',#805,#804,#899,.T.);
#602=EDGE_CURVE('',#806,#805,#900,.T.);
#603=EDGE_CURVE('',#806,#799,#901,.T.);
#604=EDGE_CURVE('',#807,#808,#902,.T.);
#605=EDGE_CURVE('',#808,#809,#903,.T.);
#606=EDGE_CURVE('',#809,#810,#904,.T.);
#607=EDGE_CURVE('',#810,#807,#905,.T.);
#608=EDGE_CURVE('',#811,#812,#906,.T.);
#609=EDGE_CURVE('',#813,#811,#907,.T.);
#610=EDGE_CURVE('',#814,#813,#908,.T.);
#611=EDGE_CURVE('',#812,#814,#909,.T.);
#612=EDGE_CURVE('',#815,#815,#78,.T.);
#613=EDGE_CURVE('',#816,#817,#910,.T.);
#614=EDGE_CURVE('',#816,#818,#911,.T.);
#615=EDGE_CURVE('',#818,#819,#912,.T.);
#616=EDGE_CURVE('',#820,#819,#913,.T.);
#617=EDGE_CURVE('',#820,#817,#914,.T.);
#618=EDGE_CURVE('',#821,#822,#915,.T.);
#619=EDGE_CURVE('',#822,#823,#916,.T.);
#620=EDGE_CURVE('',#823,#824,#917,.T.);
#621=EDGE_CURVE('',#824,#821,#918,.T.);
#622=EDGE_CURVE('',#825,#826,#919,.T.);
#623=EDGE_CURVE('',#826,#827,#920,.T.);
#624=EDGE_CURVE('',#827,#828,#921,.T.);
#625=EDGE_CURVE('',#798,#828,#922,.T.);
#626=EDGE_CURVE('',#799,#820,#923,.T.);
#627=EDGE_CURVE('',#819,#825,#924,.T.);
#628=EDGE_CURVE('',#817,#806,#925,.T.);
#629=EDGE_CURVE('',#803,#825,#926,.T.);
#630=EDGE_CURVE('',#804,#818,#927,.T.);
#631=EDGE_CURVE('',#829,#767,#928,.T.);
#632=EDGE_CURVE('',#829,#830,#119,.T.);
#633=EDGE_CURVE('',#830,#768,#929,.T.);
#634=EDGE_CURVE('',#831,#766,#930,.T.);
#635=EDGE_CURVE('',#831,#829,#931,.T.);
#636=EDGE_CURVE('',#832,#796,#932,.T.);
#637=EDGE_CURVE('',#832,#831,#79,.T.);
#638=EDGE_CURVE('',#833,#795,#933,.T.);
#639=EDGE_CURVE('',#833,#832,#80,.T.);
#640=EDGE_CURVE('',#834,#794,#934,.T.);
#641=EDGE_CURVE('',#834,#833,#81,.T.);
#642=EDGE_CURVE('',#835,#793,#935,.T.);
#643=EDGE_CURVE('',#835,#834,#82,.T.);
#644=EDGE_CURVE('',#836,#792,#936,.T.);
#645=EDGE_CURVE('',#836,#835,#83,.T.);
#646=EDGE_CURVE('',#837,#791,#937,.T.);
#647=EDGE_CURVE('',#837,#836,#84,.T.);
#648=EDGE_CURVE('',#838,#790,#938,.T.);
#649=EDGE_CURVE('',#838,#837,#85,.T.);
#650=EDGE_CURVE('',#839,#789,#939,.T.);
#651=EDGE_CURVE('',#839,#838,#86,.T.);
#652=EDGE_CURVE('',#840,#788,#940,.T.);
#653=EDGE_CURVE('',#840,#839,#941,.T.);
#654=EDGE_CURVE('',#841,#787,#942,.T.);
#655=EDGE_CURVE('',#841,#840,#120,.T.);
#656=EDGE_CURVE('',#842,#786,#943,.T.);
#657=EDGE_CURVE('',#842,#841,#121,.T.);
#658=EDGE_CURVE('',#843,#785,#944,.T.);
#659=EDGE_CURVE('',#843,#842,#87,.T.);
#660=EDGE_CURVE('',#844,#784,#945,.T.);
#661=EDGE_CURVE('',#844,#843,#88,.F.);
#662=EDGE_CURVE('',#845,#783,#946,.T.);
#663=EDGE_CURVE('',#845,#844,#89,.T.);
#664=EDGE_CURVE('',#846,#782,#947,.T.);
#665=EDGE_CURVE('',#846,#845,#90,.T.);
#666=EDGE_CURVE('',#847,#781,#948,.T.);
#667=EDGE_CURVE('',#847,#846,#91,.T.);
#668=EDGE_CURVE('',#848,#780,#949,.T.);
#669=EDGE_CURVE('',#848,#847,#122,.T.);
#670=EDGE_CURVE('',#849,#779,#950,.T.);
#671=EDGE_CURVE('',#849,#848,#92,.T.);
#672=EDGE_CURVE('',#850,#778,#951,.T.);
#673=EDGE_CURVE('',#850,#849,#93,.T.);
#674=EDGE_CURVE('',#851,#777,#952,.T.);
#675=EDGE_CURVE('',#851,#850,#953,.T.);
#676=EDGE_CURVE('',#852,#776,#954,.T.);
#677=EDGE_CURVE('',#852,#851,#123,.T.);
#678=EDGE_CURVE('',#853,#775,#955,.T.);
#679=EDGE_CURVE('',#853,#852,#94,.F.);
#680=EDGE_CURVE('',#854,#774,#956,.T.);
#681=EDGE_CURVE('',#854,#853,#95,.F.);
#682=EDGE_CURVE('',#855,#773,#957,.T.);
#683=EDGE_CURVE('',#855,#854,#124,.T.);
#684=EDGE_CURVE('',#856,#772,#958,.T.);
#685=EDGE_CURVE('',#856,#855,#125,.T.);
#686=EDGE_CURVE('',#857,#771,#959,.T.);
#687=EDGE_CURVE('',#857,#856,#126,.T.);
#688=EDGE_CURVE('',#858,#770,#960,.T.);
#689=EDGE_CURVE('',#858,#857,#96,.F.);
#690=EDGE_CURVE('',#859,#769,#961,.T.);
#691=EDGE_CURVE('',#859,#858,#127,.T.);
#692=EDGE_CURVE('',#830,#859,#97,.F.);
#693=EDGE_CURVE('',#860,#753,#962,.T.);
#694=EDGE_CURVE('',#860,#861,#128,.T.);
#695=EDGE_CURVE('',#861,#754,#963,.T.);
#696=EDGE_CURVE('',#862,#752,#964,.T.);
#697=EDGE_CURVE('',#862,#860,#965,.T.);
#698=EDGE_CURVE('',#863,#765,#966,.T.);
#699=EDGE_CURVE('',#863,#862,#129,.T.);
#700=EDGE_CURVE('',#864,#764,#967,.T.);
#701=EDGE_CURVE('',#864,#863,#130,.T.);
#702=EDGE_CURVE('',#865,#763,#968,.T.);
#703=EDGE_CURVE('',#865,#864,#131,.T.);
#704=EDGE_CURVE('',#866,#762,#969,.T.);
#705=EDGE_CURVE('',#866,#865,#132,.T.);
#706=EDGE_CURVE('',#867,#761,#970,.T.);
#707=EDGE_CURVE('',#867,#866,#971,.T.);
#708=EDGE_CURVE('',#868,#760,#972,.T.);
#709=EDGE_CURVE('',#868,#867,#98,.F.);
#710=EDGE_CURVE('',#869,#759,#973,.T.);
#711=EDGE_CURVE('',#869,#868,#99,.F.);
#712=EDGE_CURVE('',#870,#758,#974,.T.);
#713=EDGE_CURVE('',#870,#869,#133,.T.);
#714=EDGE_CURVE('',#871,#757,#975,.T.);
#715=EDGE_CURVE('',#871,#870,#134,.T.);
#716=EDGE_CURVE('',#872,#756,#976,.T.);
#717=EDGE_CURVE('',#872,#871,#100,.F.);
#718=EDGE_CURVE('',#873,#755,#977,.T.);
#719=EDGE_CURVE('',#873,#872,#101,.F.);
#720=EDGE_CURVE('',#861,#873,#102,.F.);
#721=EDGE_CURVE('',#805,#816,#978,.T.);
#722=EDGE_CURVE('',#874,#749,#979,.T.);
#723=EDGE_CURVE('',#874,#875,#980,.T.);
#724=EDGE_CURVE('',#875,#750,#981,.T.);
#725=EDGE_CURVE('',#876,#748,#982,.T.);
#726=EDGE_CURVE('',#876,#874,#983,.T.);
#727=EDGE_CURVE('',#877,#751,#984,.T.);
#728=EDGE_CURVE('',#877,#876,#985,.T.);
#729=EDGE_CURVE('',#875,#877,#986,.T.);
#730=EDGE_CURVE('',#802,#878,#987,.T.);
#731=EDGE_CURVE('',#878,#826,#988,.T.);
#732=EDGE_CURVE('',#878,#801,#989,.T.);
#733=EDGE_CURVE('',#800,#879,#990,.T.);
#734=EDGE_CURVE('',#879,#827,#991,.T.);
#735=EDGE_CURVE('',#828,#879,#992,.T.);
#736=EDGE_CURVE('',#823,#807,#993,.T.);
#737=EDGE_CURVE('',#824,#810,#994,.T.);
#738=EDGE_CURVE('',#822,#808,#995,.T.);
#739=EDGE_CURVE('',#821,#809,#996,.T.);
#740=EDGE_CURVE('',#812,#746,#997,.T.);
#741=EDGE_CURVE('',#811,#744,#998,.T.);
#742=EDGE_CURVE('',#814,#747,#999,.T.);
#743=EDGE_CURVE('',#813,#745,#1000,.T.);
#744=VERTEX_POINT('',#1853);
#745=VERTEX_POINT('',#1854);
#746=VERTEX_POINT('',#1856);
#747=VERTEX_POINT('',#1858);
#748=VERTEX_POINT('',#1861);
#749=VERTEX_POINT('',#1862);
#750=VERTEX_POINT('',#1864);
#751=VERTEX_POINT('',#1866);
#752=VERTEX_POINT('',#1869);
#753=VERTEX_POINT('',#1870);
#754=VERTEX_POINT('',#1874);
#755=VERTEX_POINT('',#1876);
#756=VERTEX_POINT('',#1878);
#757=VERTEX_POINT('',#1880);
#758=VERTEX_POINT('',#1884);
#759=VERTEX_POINT('',#1888);
#760=VERTEX_POINT('',#1890);
#761=VERTEX_POINT('',#1892);
#762=VERTEX_POINT('',#1894);
#763=VERTEX_POINT('',#1898);
#764=VERTEX_POINT('',#1902);
#765=VERTEX_POINT('',#1906);
#766=VERTEX_POINT('',#1911);
#767=VERTEX_POINT('',#1912);
#768=VERTEX_POINT('',#1916);
#769=VERTEX_POINT('',#1918);
#770=VERTEX_POINT('',#1922);
#771=VERTEX_POINT('',#1924);
#772=VERTEX_POINT('',#1928);
#773=VERTEX_POINT('',#1932);
#774=VERTEX_POINT('',#1936);
#775=VERTEX_POINT('',#1938);
#776=VERTEX_POINT('',#1940);
#777=VERTEX_POINT('',#1944);
#778=VERTEX_POINT('',#1946);
#779=VERTEX_POINT('',#1948);
#780=VERTEX_POINT('',#1950);
#781=VERTEX_POINT('',#1954);
#782=VERTEX_POINT('',#1956);
#783=VERTEX_POINT('',#1958);
#784=VERTEX_POINT('',#1960);
#785=VERTEX_POINT('',#1962);
#786=VERTEX_POINT('',#1964);
#787=VERTEX_POINT('',#1968);
#788=VERTEX_POINT('',#1972);
#789=VERTEX_POINT('',#1974);
#790=VERTEX_POINT('',#1976);
#791=VERTEX_POINT('',#1978);
#792=VERTEX_POINT('',#1980);
#793=VERTEX_POINT('',#1982);
#794=VERTEX_POINT('',#1984);
#795=VERTEX_POINT('',#1986);
#796=VERTEX_POINT('',#1988);
#797=VERTEX_POINT('',#1991);
#798=VERTEX_POINT('',#1993);
#799=VERTEX_POINT('',#1994);
#800=VERTEX_POINT('',#1996);
#801=VERTEX_POINT('',#1998);
#802=VERTEX_POINT('',#2000);
#803=VERTEX_POINT('',#2002);
#804=VERTEX_POINT('',#2004);
#805=VERTEX_POINT('',#2006);
#806=VERTEX_POINT('',#2008);
#807=VERTEX_POINT('',#2011);
#808=VERTEX_POINT('',#2012);
#809=VERTEX_POINT('',#2014);
#810=VERTEX_POINT('',#2016);
#811=VERTEX_POINT('',#2020);
#812=VERTEX_POINT('',#2021);
#813=VERTEX_POINT('',#2023);
#814=VERTEX_POINT('',#2025);
#815=VERTEX_POINT('',#2028);
#816=VERTEX_POINT('',#2030);
#817=VERTEX_POINT('',#2031);
#818=VERTEX_POINT('',#2033);
#819=VERTEX_POINT('',#2035);
#820=VERTEX_POINT('',#2037);
#821=VERTEX_POINT('',#2040);
#822=VERTEX_POINT('',#2041);
#823=VERTEX_POINT('',#2043);
#824=VERTEX_POINT('',#2045);
#825=VERTEX_POINT('',#2049);
#826=VERTEX_POINT('',#2050);
#827=VERTEX_POINT('',#2052);
#828=VERTEX_POINT('',#2054);
#829=VERTEX_POINT('',#2073);
#830=VERTEX_POINT('',#2077);
#831=VERTEX_POINT('',#2081);
#832=VERTEX_POINT('',#2085);
#833=VERTEX_POINT('',#2089);
#834=VERTEX_POINT('',#2093);
#835=VERTEX_POINT('',#2097);
#836=VERTEX_POINT('',#2101);
#837=VERTEX_POINT('',#2105);
#838=VERTEX_POINT('',#2109);
#839=VERTEX_POINT('',#2113);
#840=VERTEX_POINT('',#2117);
#841=VERTEX_POINT('',#2128);
#842=VERTEX_POINT('',#2141);
#843=VERTEX_POINT('',#2147);
#844=VERTEX_POINT('',#2151);
#845=VERTEX_POINT('',#2155);
#846=VERTEX_POINT('',#2159);
#847=VERTEX_POINT('',#2163);
#848=VERTEX_POINT('',#2174);
#849=VERTEX_POINT('',#2180);
#850=VERTEX_POINT('',#2184);
#851=VERTEX_POINT('',#2188);
#852=VERTEX_POINT('',#2199);
#853=VERTEX_POINT('',#2205);
#854=VERTEX_POINT('',#2209);
#855=VERTEX_POINT('',#2220);
#856=VERTEX_POINT('',#2233);
#857=VERTEX_POINT('',#2246);
#858=VERTEX_POINT('',#2252);
#859=VERTEX_POINT('',#2263);
#860=VERTEX_POINT('',#2279);
#861=VERTEX_POINT('',#2283);
#862=VERTEX_POINT('',#2287);
#863=VERTEX_POINT('',#2298);
#864=VERTEX_POINT('',#2311);
#865=VERTEX_POINT('',#2324);
#866=VERTEX_POINT('',#2337);
#867=VERTEX_POINT('',#2343);
#868=VERTEX_POINT('',#2347);
#869=VERTEX_POINT('',#2351);
#870=VERTEX_POINT('',#2362);
#871=VERTEX_POINT('',#2375);
#872=VERTEX_POINT('',#2381);
#873=VERTEX_POINT('',#2385);
#874=VERTEX_POINT('',#2394);
#875=VERTEX_POINT('',#2396);
#876=VERTEX_POINT('',#2400);
#877=VERTEX_POINT('',#2404);
#878=VERTEX_POINT('',#2412);
#879=VERTEX_POINT('',#2418);
#880=LINE('',#1852,#1001);
#881=LINE('',#1855,#1002);
#882=LINE('',#1857,#1003);
#883=LINE('',#1859,#1004);
#884=LINE('',#1860,#1005);
#885=LINE('',#1863,#1006);
#886=LINE('',#1865,#1007);
#887=LINE('',#1867,#1008);
#888=LINE('',#1868,#1009);
#889=LINE('',#1893,#1010);
#890=LINE('',#1910,#1011);
#891=LINE('',#1945,#1012);
#892=LINE('',#1973,#1013);
#893=LINE('',#1992,#1014);
#894=LINE('',#1995,#1015);
#895=LINE('',#1997,#1016);
#896=LINE('',#1999,#1017);
#897=LINE('',#2001,#1018);
#898=LINE('',#2003,#1019);
#899=LINE('',#2005,#1020);
#900=LINE('',#2007,#1021);
#901=LINE('',#2009,#1022);
#902=LINE('',#2010,#1023);
#903=LINE('',#2013,#1024);
#904=LINE('',#2015,#1025);
#905=LINE('',#2017,#1026);
#906=LINE('',#2019,#1027);
#907=LINE('',#2022,#1028);
#908=LINE('',#2024,#1029);
#909=LINE('',#2026,#1030);
#910=LINE('',#2029,#1031);
#911=LINE('',#2032,#1032);
#912=LINE('',#2034,#1033);
#913=LINE('',#2036,#1034);
#914=LINE('',#2038,#1035);
#915=LINE('',#2039,#1036);
#916=LINE('',#2042,#1037);
#917=LINE('',#2044,#1038);
#918=LINE('',#2046,#1039);
#919=LINE('',#2048,#1040);
#920=LINE('',#2051,#1041);
#921=LINE('',#2053,#1042);
#922=LINE('',#2055,#1043);
#923=LINE('',#2056,#1044);
#924=LINE('',#2057,#1045);
#925=LINE('',#2060,#1046);
#926=LINE('',#2062,#1047);
#927=LINE('',#2063,#1048);
#928=LINE('',#2072,#1049);
#929=LINE('',#2078,#1050);
#930=LINE('',#2080,#1051);
#931=LINE('',#2082,#1052);
#932=LINE('',#2084,#1053);
#933=LINE('',#2088,#1054);
#934=LINE('',#2092,#1055);
#935=LINE('',#2096,#1056);
#936=LINE('',#2100,#1057);
#937=LINE('',#2104,#1058);
#938=LINE('',#2108,#1059);
#939=LINE('',#2112,#1060);
#940=LINE('',#2116,#1061);
#941=LINE('',#2118,#1062);
#942=LINE('',#2127,#1063);
#943=LINE('',#2140,#1064);
#944=LINE('',#2146,#1065);
#945=LINE('',#2150,#1066);
#946=LINE('',#2154,#1067);
#947=LINE('',#2158,#1068);
#948=LINE('',#2162,#1069);
#949=LINE('',#2173,#1070);
#950=LINE('',#2179,#1071);
#951=LINE('',#2183,#1072);
#952=LINE('',#2187,#1073);
#953=LINE('',#2189,#1074);
#954=LINE('',#2198,#1075);
#955=LINE('',#2204,#1076);
#956=LINE('',#2208,#1077);
#957=LINE('',#2219,#1078);
#958=LINE('',#2232,#1079);
#959=LINE('',#2245,#1080);
#960=LINE('',#2251,#1081);
#961=LINE('',#2262,#1082);
#962=LINE('',#2278,#1083);
#963=LINE('',#2284,#1084);
#964=LINE('',#2286,#1085);
#965=LINE('',#2288,#1086);
#966=LINE('',#2297,#1087);
#967=LINE('',#2310,#1088);
#968=LINE('',#2323,#1089);
#969=LINE('',#2336,#1090);
#970=LINE('',#2342,#1091);
#971=LINE('',#2344,#1092);
#972=LINE('',#2346,#1093);
#973=LINE('',#2350,#1094);
#974=LINE('',#2361,#1095);
#975=LINE('',#2374,#1096);
#976=LINE('',#2380,#1097);
#977=LINE('',#2384,#1098);
#978=LINE('',#2391,#1099);
#979=LINE('',#2393,#1100);
#980=LINE('',#2395,#1101);
#981=LINE('',#2397,#1102);
#982=LINE('',#2399,#1103);
#983=LINE('',#2401,#1104);
#984=LINE('',#2403,#1105);
#985=LINE('',#2405,#1106);
#986=LINE('',#2407,#1107);
#987=LINE('',#2411,#1108);
#988=LINE('',#2413,#1109);
#989=LINE('',#2415,#1110);
#990=LINE('',#2417,#1111);
#991=LINE('',#2419,#1112);
#992=LINE('',#2421,#1113);
#993=LINE('',#2424,#1114);
#994=LINE('',#2425,#1115);
#995=LINE('',#2427,#1116);
#996=LINE('',#2429,#1117);
#997=LINE('',#2432,#1118);
#998=LINE('',#2433,#1119);
#999=LINE('',#2435,#1120);
#1000=LINE('',#2437,#1121);
#1001=VECTOR('',#1517,1.);
#1002=VECTOR('',#1518,1.);
#1003=VECTOR('',#1519,1.);
#1004=VECTOR('',#1520,1.);
#1005=VECTOR('',#1521,1.);
#1006=VECTOR('',#1522,1.);
#1007=VECTOR('',#1523,1.);
#1008=VECTOR('',#1524,1.);
#1009=VECTOR('',#1525,1.);
#1010=VECTOR('',#1536,1.);
#1011=VECTOR('',#1537,1.);
#1012=VECTOR('',#1546,1.);
#1013=VECTOR('',#1561,1.);
#1014=VECTOR('',#1580,1.);
#1015=VECTOR('',#1581,1.);
#1016=VECTOR('',#1582,1.);
#1017=VECTOR('',#1583,1.);
#1018=VECTOR('',#1584,1.);
#1019=VECTOR('',#1585,1.);
#1020=VECTOR('',#1586,1.);
#1021=VECTOR('',#1587,1.);
#1022=VECTOR('',#1588,1.);
#1023=VECTOR('',#1589,1.);
#1024=VECTOR('',#1590,1.);
#1025=VECTOR('',#1591,1.);
#1026=VECTOR('',#1592,1.);
#1027=VECTOR('',#1595,1.);
#1028=VECTOR('',#1596,1.);
#1029=VECTOR('',#1597,1.);
#1030=VECTOR('',#1598,1.);
#1031=VECTOR('',#1601,1.);
#1032=VECTOR('',#1602,1.);
#1033=VECTOR('',#1603,1.);
#1034=VECTOR('',#1604,1.);
#1035=VECTOR('',#1605,1.);
#1036=VECTOR('',#1606,1.);
#1037=VECTOR('',#1607,1.);
#1038=VECTOR('',#1608,1.);
#1039=VECTOR('',#1609,1.);
#1040=VECTOR('',#1612,1.);
#1041=VECTOR('',#1613,1.);
#1042=VECTOR('',#1614,1.);
#1043=VECTOR('',#1615,1.);
#1044=VECTOR('',#1616,1.);
#1045=VECTOR('',#1617,1.);
#1046=VECTOR('',#1622,1.);
#1047=VECTOR('',#1625,1.);
#1048=VECTOR('',#1626,1.);
#1049=VECTOR('',#1627,1.);
#1050=VECTOR('',#1628,1.);
#1051=VECTOR('',#1631,1.);
#1052=VECTOR('',#1632,1.);
#1053=VECTOR('',#1635,1.);
#1054=VECTOR('',#1640,1.);
#1055=VECTOR('',#1645,1.);
#1056=VECTOR('',#1650,1.);
#1057=VECTOR('',#1655,1.);
#1058=VECTOR('',#1660,1.);
#1059=VECTOR('',#1665,1.);
#1060=VECTOR('',#1670,1.);
#1061=VECTOR('',#1675,1.);
#1062=VECTOR('',#1676,1.);
#1063=VECTOR('',#1677,1.);
#1064=VECTOR('',#1678,1.);
#1065=VECTOR('',#1681,1.);
#1066=VECTOR('',#1686,1.);
#1067=VECTOR('',#1691,1.);
#1068=VECTOR('',#1696,1.);
#1069=VECTOR('',#1701,1.);
#1070=VECTOR('',#1704,1.);
#1071=VECTOR('',#1707,1.);
#1072=VECTOR('',#1712,1.);
#1073=VECTOR('',#1717,1.);
#1074=VECTOR('',#1718,1.);
#1075=VECTOR('',#1719,1.);
#1076=VECTOR('',#1722,1.);
#1077=VECTOR('',#1727,1.);
#1078=VECTOR('',#1730,1.);
#1079=VECTOR('',#1731,1.);
#1080=VECTOR('',#1732,1.);
#1081=VECTOR('',#1735,1.);
#1082=VECTOR('',#1738,1.);
#1083=VECTOR('',#1745,1.);
#1084=VECTOR('',#1746,1.);
#1085=VECTOR('',#1749,1.);
#1086=VECTOR('',#1750,1.);
#1087=VECTOR('',#1751,1.);
#1088=VECTOR('',#1752,1.);
#1089=VECTOR('',#1753,1.);
#1090=VECTOR('',#1754,1.);
#1091=VECTOR('',#1757,1.);
#1092=VECTOR('',#1758,1.);
#1093=VECTOR('',#1761,1.);
#1094=VECTOR('',#1766,1.);
#1095=VECTOR('',#1769,1.);
#1096=VECTOR('',#1770,1.);
#1097=VECTOR('',#1773,1.);
#1098=VECTOR('',#1778,1.);
#1099=VECTOR('',#1789,1.);
#1100=VECTOR('',#1792,1.);
#1101=VECTOR('',#1793,1.);
#1102=VECTOR('',#1794,1.);
#1103=VECTOR('',#1797,1.);
#1104=VECTOR('',#1798,1.);
#1105=VECTOR('',#1801,1.);
#1106=VECTOR('',#1802,1.);
#1107=VECTOR('',#1805,1.);
#1108=VECTOR('',#1812,1.);
#1109=VECTOR('',#1813,1.);
#1110=VECTOR('',#1816,1.);
#1111=VECTOR('',#1819,1.);
#1112=VECTOR('',#1820,1.);
#1113=VECTOR('',#1823,1.);
#1114=VECTOR('',#1828,1.);
#1115=VECTOR('',#1829,1.);
#1116=VECTOR('',#1832,1.);
#1117=VECTOR('',#1835,1.);
#1118=VECTOR('',#1840,1.);
#1119=VECTOR('',#1841,1.);
#1120=VECTOR('',#1844,1.);
#1121=VECTOR('',#1847,1.);
#1122=EDGE_LOOP('',(#135,#136,#137,#138));
#1123=EDGE_LOOP('',(#139,#140,#141,#142));
#1124=EDGE_LOOP('',(#143,#144,#145,#146,#147,#148,#149,#150,#151,#152,#153,
#154,#155,#156));
#1125=EDGE_LOOP('',(#157,#158,#159,#160,#161,#162,#163,#164,#165,#166,#167,
#168,#169,#170,#171,#172,#173,#174,#175,#176,#177,#178,#179,#180,#181,#182,
#183,#184,#185,#186,#187));
#1126=EDGE_LOOP('',(#188));
#1127=EDGE_LOOP('',(#189,#190,#191,#192,#193,#194,#195,#196,#197));
#1128=EDGE_LOOP('',(#198,#199,#200,#201));
#1129=EDGE_LOOP('',(#202,#203,#204,#205));
#1130=EDGE_LOOP('',(#206));
#1131=EDGE_LOOP('',(#207,#208,#209,#210,#211));
#1132=EDGE_LOOP('',(#212,#213,#214,#215));
#1133=EDGE_LOOP('',(#216,#217,#218,#219,#220,#221,#222,#223));
#1134=EDGE_LOOP('',(#224));
#1135=EDGE_LOOP('',(#225));
#1136=EDGE_LOOP('',(#226,#227,#228,#229));
#1137=EDGE_LOOP('',(#230,#231,#232,#233,#234));
#1138=EDGE_LOOP('',(#235,#236,#237,#238));
#1139=EDGE_LOOP('',(#239,#240,#241,#242));
#1140=EDGE_LOOP('',(#243,#244,#245,#246));
#1141=EDGE_LOOP('',(#247,#248,#249,#250));
#1142=EDGE_LOOP('',(#251,#252,#253,#254));
#1143=EDGE_LOOP('',(#255,#256,#257,#258));
#1144=EDGE_LOOP('',(#259,#260,#261,#262));
#1145=EDGE_LOOP('',(#263,#264,#265,#266));
#1146=EDGE_LOOP('',(#267,#268,#269,#270));
#1147=EDGE_LOOP('',(#271,#272,#273,#274));
#1148=EDGE_LOOP('',(#275,#276,#277,#278));
#1149=EDGE_LOOP('',(#279,#280,#281,#282));
#1150=EDGE_LOOP('',(#283,#284,#285,#286));
#1151=EDGE_LOOP('',(#287,#288,#289,#290));
#1152=EDGE_LOOP('',(#291,#292,#293,#294));
#1153=EDGE_LOOP('',(#295,#296,#297,#298));
#1154=EDGE_LOOP('',(#299,#300,#301,#302));
#1155=EDGE_LOOP('',(#303,#304,#305,#306));
#1156=EDGE_LOOP('',(#307,#308,#309,#310));
#1157=EDGE_LOOP('',(#311,#312,#313,#314));
#1158=EDGE_LOOP('',(#315,#316,#317,#318));
#1159=EDGE_LOOP('',(#319,#320,#321,#322));
#1160=EDGE_LOOP('',(#323,#324,#325,#326));
#1161=EDGE_LOOP('',(#327,#328,#329,#330));
#1162=EDGE_LOOP('',(#331,#332,#333,#334));
#1163=EDGE_LOOP('',(#335,#336,#337,#338));
#1164=EDGE_LOOP('',(#339,#340,#341,#342));
#1165=EDGE_LOOP('',(#343,#344,#345,#346));
#1166=EDGE_LOOP('',(#347,#348,#349,#350));
#1167=EDGE_LOOP('',(#351,#352,#353,#354));
#1168=EDGE_LOOP('',(#355,#356,#357,#358));
#1169=EDGE_LOOP('',(#359,#360,#361,#362,#363,#364,#365,#366,#367,#368,#369,
#370,#371,#372,#373,#374,#375,#376,#377,#378,#379,#380,#381,#382,#383,#384,
#385,#386,#387,#388,#389));
#1170=EDGE_LOOP('',(#390,#391,#392,#393));
#1171=EDGE_LOOP('',(#394,#395,#396,#397));
#1172=EDGE_LOOP('',(#398,#399,#400,#401));
#1173=EDGE_LOOP('',(#402,#403,#404,#405));
#1174=EDGE_LOOP('',(#406,#407,#408,#409));
#1175=EDGE_LOOP('',(#410,#411,#412,#413));
#1176=EDGE_LOOP('',(#414,#415,#416,#417));
#1177=EDGE_LOOP('',(#418,#419,#420,#421));
#1178=EDGE_LOOP('',(#422,#423,#424,#425));
#1179=EDGE_LOOP('',(#426,#427,#428,#429));
#1180=EDGE_LOOP('',(#430,#431,#432,#433));
#1181=EDGE_LOOP('',(#434,#435,#436,#437));
#1182=EDGE_LOOP('',(#438,#439,#440,#441));
#1183=EDGE_LOOP('',(#442,#443,#444,#445));
#1184=EDGE_LOOP('',(#446,#447,#448,#449,#450,#451,#452,#453,#454,#455,#456,
#457,#458,#459));
#1185=EDGE_LOOP('',(#460,#461,#462,#463));
#1186=EDGE_LOOP('',(#464,#465,#466,#467));
#1187=EDGE_LOOP('',(#468,#469,#470,#471));
#1188=EDGE_LOOP('',(#472,#473,#474,#475));
#1189=EDGE_LOOP('',(#476,#477,#478,#479));
#1190=EDGE_LOOP('',(#480,#481,#482,#483));
#1191=EDGE_LOOP('',(#484,#485,#486,#487));
#1192=EDGE_LOOP('',(#488,#489,#490,#491,#492));
#1193=EDGE_LOOP('',(#493,#494,#495));
#1194=EDGE_LOOP('',(#496,#497,#498,#499,#500,#501));
#1195=EDGE_LOOP('',(#502,#503,#504));
#1196=EDGE_LOOP('',(#505,#506,#507,#508));
#1197=EDGE_LOOP('',(#509,#510,#511,#512));
#1198=EDGE_LOOP('',(#513,#514,#515,#516));
#1199=EDGE_LOOP('',(#517,#518,#519,#520));
#1200=EDGE_LOOP('',(#521,#522,#523,#524));
#1201=EDGE_LOOP('',(#525,#526,#527,#528));
#1202=EDGE_LOOP('',(#529,#530,#531,#532));
#1203=EDGE_LOOP('',(#533,#534,#535,#536));
#1204=EDGE_LOOP('',(#537,#538,#539,#540));
#1205=FACE_BOUND('',#1122,.T.);
#1206=FACE_BOUND('',#1123,.T.);
#1207=FACE_BOUND('',#1124,.T.);
#1208=FACE_BOUND('',#1125,.T.);
#1209=FACE_BOUND('',#1126,.T.);
#1210=FACE_BOUND('',#1127,.T.);
#1211=FACE_BOUND('',#1128,.T.);
#1212=FACE_BOUND('',#1129,.T.);
#1213=FACE_BOUND('',#1130,.T.);
#1214=FACE_BOUND('',#1131,.T.);
#1215=FACE_BOUND('',#1132,.T.);
#1216=FACE_BOUND('',#1133,.T.);
#1217=FACE_BOUND('',#1134,.T.);
#1218=FACE_BOUND('',#1135,.T.);
#1219=FACE_BOUND('',#1136,.T.);
#1220=FACE_BOUND('',#1137,.T.);
#1221=FACE_BOUND('',#1138,.T.);
#1222=FACE_BOUND('',#1139,.T.);
#1223=FACE_BOUND('',#1140,.T.);
#1224=FACE_BOUND('',#1141,.T.);
#1225=FACE_BOUND('',#1142,.T.);
#1226=FACE_BOUND('',#1143,.T.);
#1227=FACE_BOUND('',#1144,.T.);
#1228=FACE_BOUND('',#1145,.T.);
#1229=FACE_BOUND('',#1146,.T.);
#1230=FACE_BOUND('',#1147,.T.);
#1231=FACE_BOUND('',#1148,.T.);
#1232=FACE_BOUND('',#1149,.T.);
#1233=FACE_BOUND('',#1150,.T.);
#1234=FACE_BOUND('',#1151,.T.);
#1235=FACE_BOUND('',#1152,.T.);
#1236=FACE_BOUND('',#1153,.T.);
#1237=FACE_BOUND('',#1154,.T.);
#1238=FACE_BOUND('',#1155,.T.);
#1239=FACE_BOUND('',#1156,.T.);
#1240=FACE_BOUND('',#1157,.T.);
#1241=FACE_BOUND('',#1158,.T.);
#1242=FACE_BOUND('',#1159,.T.);
#1243=FACE_BOUND('',#1160,.T.);
#1244=FACE_BOUND('',#1161,.T.);
#1245=FACE_BOUND('',#1162,.T.);
#1246=FACE_BOUND('',#1163,.T.);
#1247=FACE_BOUND('',#1164,.T.);
#1248=FACE_BOUND('',#1165,.T.);
#1249=FACE_BOUND('',#1166,.T.);
#1250=FACE_BOUND('',#1167,.T.);
#1251=FACE_BOUND('',#1168,.T.);
#1252=FACE_BOUND('',#1169,.T.);
#1253=FACE_BOUND('',#1170,.T.);
#1254=FACE_BOUND('',#1171,.T.);
#1255=FACE_BOUND('',#1172,.T.);
#1256=FACE_BOUND('',#1173,.T.);
#1257=FACE_BOUND('',#1174,.T.);
#1258=FACE_BOUND('',#1175,.T.);
#1259=FACE_BOUND('',#1176,.T.);
#1260=FACE_BOUND('',#1177,.T.);
#1261=FACE_BOUND('',#1178,.T.);
#1262=FACE_BOUND('',#1179,.T.);
#1263=FACE_BOUND('',#1180,.T.);
#1264=FACE_BOUND('',#1181,.T.);
#1265=FACE_BOUND('',#1182,.T.);
#1266=FACE_BOUND('',#1183,.T.);
#1267=FACE_BOUND('',#1184,.T.);
#1268=FACE_BOUND('',#1185,.T.);
#1269=FACE_BOUND('',#1186,.T.);
#1270=FACE_BOUND('',#1187,.T.);
#1271=FACE_BOUND('',#1188,.T.);
#1272=FACE_BOUND('',#1189,.T.);
#1273=FACE_BOUND('',#1190,.T.);
#1274=FACE_BOUND('',#1191,.T.);
#1275=FACE_BOUND('',#1192,.T.);
#1276=FACE_BOUND('',#1193,.T.);
#1277=FACE_BOUND('',#1194,.T.);
#1278=FACE_BOUND('',#1195,.T.);
#1279=FACE_BOUND('',#1196,.T.);
#1280=FACE_BOUND('',#1197,.T.);
#1281=FACE_BOUND('',#1198,.T.);
#1282=FACE_BOUND('',#1199,.T.);
#1283=FACE_BOUND('',#1200,.T.);
#1284=FACE_BOUND('',#1201,.T.);
#1285=FACE_BOUND('',#1202,.T.);
#1286=FACE_BOUND('',#1203,.T.);
#1287=FACE_BOUND('',#1204,.T.);
#1288=PLANE('',#1406);
#1289=PLANE('',#1432);
#1290=PLANE('',#1434);
#1291=PLANE('',#1436);
#1292=PLANE('',#1437);
#1293=PLANE('',#1438);
#1294=PLANE('',#1455);
#1295=PLANE('',#1470);
#1296=PLANE('',#1479);
#1297=PLANE('',#1480);
#1298=PLANE('',#1481);
#1299=PLANE('',#1492);
#1300=PLANE('',#1493);
#1301=PLANE('',#1494);
#1302=PLANE('',#1495);
#1303=PLANE('',#1496);
#1304=PLANE('',#1497);
#1305=PLANE('',#1498);
#1306=PLANE('',#1499);
#1307=PLANE('',#1500);
#1308=PLANE('',#1501);
#1309=PLANE('',#1502);
#1310=PLANE('',#1503);
#1311=PLANE('',#1504);
#1312=PLANE('',#1505);
#1313=PLANE('',#1506);
#1314=PLANE('',#1507);
#1315=PLANE('',#1508);
#1316=PLANE('',#1509);
#1317=PLANE('',#1510);
#1318=PLANE('',#1511);
#1319=PLANE('',#1512);
#1320=ADVANCED_FACE('',(#1205,#1206,#1207,#1208,#1209,#1210,#1211),#1288,
 .T.);
#1321=ADVANCED_FACE('',(#1212,#1213,#1214,#1215),#1289,.F.);
#1322=ADVANCED_FACE('',(#1216),#1290,.F.);
#1323=ADVANCED_FACE('',(#1217,#1218),#28,.T.);
#1324=ADVANCED_FACE('',(#1219),#1291,.T.);
#1325=ADVANCED_FACE('',(#1220),#1292,.T.);
#1326=ADVANCED_FACE('',(#1221),#12,.T.);
#1327=ADVANCED_FACE('',(#1222),#1293,.T.);
#1328=ADVANCED_FACE('',(#1223),#29,.T.);
#1329=ADVANCED_FACE('',(#1224),#30,.T.);
#1330=ADVANCED_FACE('',(#1225),#31,.T.);
#1331=ADVANCED_FACE('',(#1226),#32,.T.);
#1332=ADVANCED_FACE('',(#1227),#33,.T.);
#1333=ADVANCED_FACE('',(#1228),#34,.T.);
#1334=ADVANCED_FACE('',(#1229),#35,.T.);
#1335=ADVANCED_FACE('',(#1230),#36,.T.);
#1336=ADVANCED_FACE('',(#1231),#1294,.T.);
#1337=ADVANCED_FACE('',(#1232),#13,.T.);
#1338=ADVANCED_FACE('',(#1233),#14,.T.);
#1339=ADVANCED_FACE('',(#1234),#37,.T.);
#1340=ADVANCED_FACE('',(#1235),#38,.F.);
#1341=ADVANCED_FACE('',(#1236),#39,.T.);
#1342=ADVANCED_FACE('',(#1237),#40,.T.);
#1343=ADVANCED_FACE('',(#1238),#41,.T.);
#1344=ADVANCED_FACE('',(#1239),#15,.T.);
#1345=ADVANCED_FACE('',(#1240),#42,.T.);
#1346=ADVANCED_FACE('',(#1241),#43,.T.);
#1347=ADVANCED_FACE('',(#1242),#1295,.T.);
#1348=ADVANCED_FACE('',(#1243),#16,.T.);
#1349=ADVANCED_FACE('',(#1244),#44,.F.);
#1350=ADVANCED_FACE('',(#1245),#45,.F.);
#1351=ADVANCED_FACE('',(#1246),#17,.T.);
#1352=ADVANCED_FACE('',(#1247),#18,.T.);
#1353=ADVANCED_FACE('',(#1248),#19,.T.);
#1354=ADVANCED_FACE('',(#1249),#46,.F.);
#1355=ADVANCED_FACE('',(#1250),#20,.T.);
#1356=ADVANCED_FACE('',(#1251),#47,.F.);
#1357=ADVANCED_FACE('',(#1252),#1296,.T.);
#1358=ADVANCED_FACE('',(#1253),#21,.T.);
#1359=ADVANCED_FACE('',(#1254),#1297,.T.);
#1360=ADVANCED_FACE('',(#1255),#22,.T.);
#1361=ADVANCED_FACE('',(#1256),#23,.T.);
#1362=ADVANCED_FACE('',(#1257),#24,.T.);
#1363=ADVANCED_FACE('',(#1258),#25,.T.);
#1364=ADVANCED_FACE('',(#1259),#1298,.T.);
#1365=ADVANCED_FACE('',(#1260),#48,.F.);
#1366=ADVANCED_FACE('',(#1261),#49,.F.);
#1367=ADVANCED_FACE('',(#1262),#26,.T.);
#1368=ADVANCED_FACE('',(#1263),#27,.T.);
#1369=ADVANCED_FACE('',(#1264),#50,.F.);
#1370=ADVANCED_FACE('',(#1265),#51,.F.);
#1371=ADVANCED_FACE('',(#1266),#52,.F.);
#1372=ADVANCED_FACE('',(#1267),#1299,.T.);
#1373=ADVANCED_FACE('',(#1268),#1300,.F.);
#1374=ADVANCED_FACE('',(#1269),#1301,.T.);
#1375=ADVANCED_FACE('',(#1270),#1302,.T.);
#1376=ADVANCED_FACE('',(#1271),#1303,.T.);
#1377=ADVANCED_FACE('',(#1272),#1304,.T.);
#1378=ADVANCED_FACE('',(#1273),#1305,.T.);
#1379=ADVANCED_FACE('',(#1274),#1306,.T.);
#1380=ADVANCED_FACE('',(#1275),#1307,.F.);
#1381=ADVANCED_FACE('',(#1276),#1308,.T.);
#1382=ADVANCED_FACE('',(#1277),#1309,.T.);
#1383=ADVANCED_FACE('',(#1278),#1310,.T.);
#1384=ADVANCED_FACE('',(#1279),#1311,.T.);
#1385=ADVANCED_FACE('',(#1280),#1312,.T.);
#1386=ADVANCED_FACE('',(#1281),#1313,.T.);
#1387=ADVANCED_FACE('',(#1282),#1314,.T.);
#1388=ADVANCED_FACE('',(#1283),#1315,.T.);
#1389=ADVANCED_FACE('',(#1284),#1316,.F.);
#1390=ADVANCED_FACE('',(#1285),#1317,.F.);
#1391=ADVANCED_FACE('',(#1286),#1318,.F.);
#1392=ADVANCED_FACE('',(#1287),#1319,.F.);
#1393=CLOSED_SHELL('',(#1320,#1321,#1322,#1323,#1324,#1325,#1326,#1327,
#1328,#1329,#1330,#1331,#1332,#1333,#1334,#1335,#1336,#1337,#1338,#1339,
#1340,#1341,#1342,#1343,#1344,#1345,#1346,#1347,#1348,#1349,#1350,#1351,
#1352,#1353,#1354,#1355,#1356,#1357,#1358,#1359,#1360,#1361,#1362,#1363,
#1364,#1365,#1366,#1367,#1368,#1369,#1370,#1371,#1372,#1373,#1374,#1375,
#1376,#1377,#1378,#1379,#1380,#1381,#1382,#1383,#1384,#1385,#1386,#1387,
#1388,#1389,#1390,#1391,#1392));
#1394=STYLED_ITEM('',(#1395),#1402);
#1395=PRESENTATION_STYLE_ASSIGNMENT((#1396));
#1396=SURFACE_STYLE_USAGE(.BOTH.,#1397);
#1397=SURFACE_SIDE_STYLE('',(#1398));
#1398=SURFACE_STYLE_FILL_AREA(#1399);
#1399=FILL_AREA_STYLE('',(#1400));
#1400=FILL_AREA_STYLE_COLOUR('',#1401);
#1401=COLOUR_RGB('',0.647058823529412,0.647058823529412,0.647058823529412);
#1402=MANIFOLD_SOLID_BREP('stage_9',#1393);
#1403=SHAPE_DEFINITION_REPRESENTATION(#2445,#1404);
#1404=SHAPE_REPRESENTATION('stage_9',(#1405),#2440);
#1405=AXIS2_PLACEMENT_3D('',#1850,#1513,#1514);
#1406=AXIS2_PLACEMENT_3D('',#1851,#1515,#1516);
#1407=AXIS2_PLACEMENT_3D('',#1875,#1526,#1527);
#1408=AXIS2_PLACEMENT_3D('',#1877,#1528,#1529);
#1409=AXIS2_PLACEMENT_3D('',#1879,#1530,#1531);
#1410=AXIS2_PLACEMENT_3D('',#1889,#1532,#1533);
#1411=AXIS2_PLACEMENT_3D('',#1891,#1534,#1535);
#1412=AXIS2_PLACEMENT_3D('',#1917,#1538,#1539);
#1413=AXIS2_PLACEMENT_3D('',#1923,#1540,#1541);
#1414=AXIS2_PLACEMENT_3D('',#1937,#1542,#1543);
#1415=AXIS2_PLACEMENT_3D('',#1939,#1544,#1545);
#1416=AXIS2_PLACEMENT_3D('',#1947,#1547,#1548);
#1417=AXIS2_PLACEMENT_3D('',#1949,#1549,#1550);
#1418=AXIS2_PLACEMENT_3D('',#1955,#1551,#1552);
#1419=AXIS2_PLACEMENT_3D('',#1957,#1553,#1554);
#1420=AXIS2_PLACEMENT_3D('',#1959,#1555,#1556);
#1421=AXIS2_PLACEMENT_3D('',#1961,#1557,#1558);
#1422=AXIS2_PLACEMENT_3D('',#1963,#1559,#1560);
#1423=AXIS2_PLACEMENT_3D('',#1975,#1562,#1563);
#1424=AXIS2_PLACEMENT_3D('',#1977,#1564,#1565);
#1425=AXIS2_PLACEMENT_3D('',#1979,#1566,#1567);
#1426=AXIS2_PLACEMENT_3D('',#1981,#1568,#1569);
#1427=AXIS2_PLACEMENT_3D('',#1983,#1570,#1571);
#1428=AXIS2_PLACEMENT_3D('',#1985,#1572,#1573);
#1429=AXIS2_PLACEMENT_3D('',#1987,#1574,#1575);
#1430=AXIS2_PLACEMENT_3D('',#1989,#1576,#1577);
#1431=AXIS2_PLACEMENT_3D('',#1990,#1578,#1579);
#1432=AXIS2_PLACEMENT_3D('',#2018,#1593,#1594);
#1433=AXIS2_PLACEMENT_3D('',#2027,#1599,#1600);
#1434=AXIS2_PLACEMENT_3D('',#2047,#1610,#1611);
#1435=AXIS2_PLACEMENT_3D('',#2058,#1618,#1619);
#1436=AXIS2_PLACEMENT_3D('',#2059,#1620,#1621);
#1437=AXIS2_PLACEMENT_3D('',#2061,#1623,#1624);
#1438=AXIS2_PLACEMENT_3D('',#2079,#1629,#1630);
#1439=AXIS2_PLACEMENT_3D('',#2083,#1633,#1634);
#1440=AXIS2_PLACEMENT_3D('',#2086,#1636,#1637);
#1441=AXIS2_PLACEMENT_3D('',#2087,#1638,#1639);
#1442=AXIS2_PLACEMENT_3D('',#2090,#1641,#1642);
#1443=AXIS2_PLACEMENT_3D('',#2091,#1643,#1644);
#1444=AXIS2_PLACEMENT_3D('',#2094,#1646,#1647);
#1445=AXIS2_PLACEMENT_3D('',#2095,#1648,#1649);
#1446=AXIS2_PLACEMENT_3D('',#2098,#1651,#1652);
#1447=AXIS2_PLACEMENT_3D('',#2099,#1653,#1654);
#1448=AXIS2_PLACEMENT_3D('',#2102,#1656,#1657);
#1449=AXIS2_PLACEMENT_3D('',#2103,#1658,#1659);
#1450=AXIS2_PLACEMENT_3D('',#2106,#1661,#1662);
#1451=AXIS2_PLACEMENT_3D('',#2107,#1663,#1664);
#1452=AXIS2_PLACEMENT_3D('',#2110,#1666,#1667);
#1453=AXIS2_PLACEMENT_3D('',#2111,#1668,#1669);
#1454=AXIS2_PLACEMENT_3D('',#2114,#1671,#1672);
#1455=AXIS2_PLACEMENT_3D('',#2115,#1673,#1674);
#1456=AXIS2_PLACEMENT_3D('',#2145,#1679,#1680);
#1457=AXIS2_PLACEMENT_3D('',#2148,#1682,#1683);
#1458=AXIS2_PLACEMENT_3D('',#2149,#1684,#1685);
#1459=AXIS2_PLACEMENT_3D('',#2152,#1687,#1688);
#1460=AXIS2_PLACEMENT_3D('',#2153,#1689,#1690);
#1461=AXIS2_PLACEMENT_3D('',#2156,#1692,#1693);
#1462=AXIS2_PLACEMENT_3D('',#2157,#1694,#1695);
#1463=AXIS2_PLACEMENT_3D('',#2160,#1697,#1698);
#1464=AXIS2_PLACEMENT_3D('',#2161,#1699,#1700);
#1465=AXIS2_PLACEMENT_3D('',#2164,#1702,#1703);
#1466=AXIS2_PLACEMENT_3D('',#2178,#1705,#1706);
#1467=AXIS2_PLACEMENT_3D('',#2181,#1708,#1709);
#1468=AXIS2_PLACEMENT_3D('',#2182,#1710,#1711);
#1469=AXIS2_PLACEMENT_3D('',#2185,#1713,#1714);
#1470=AXIS2_PLACEMENT_3D('',#2186,#1715,#1716);
#1471=AXIS2_PLACEMENT_3D('',#2203,#1720,#1721);
#1472=AXIS2_PLACEMENT_3D('',#2206,#1723,#1724);
#1473=AXIS2_PLACEMENT_3D('',#2207,#1725,#1726);
#1474=AXIS2_PLACEMENT_3D('',#2210,#1728,#1729);
#1475=AXIS2_PLACEMENT_3D('',#2250,#1733,#1734);
#1476=AXIS2_PLACEMENT_3D('',#2253,#1736,#1737);
#1477=AXIS2_PLACEMENT_3D('',#2267,#1739,#1740);
#1478=AXIS2_PLACEMENT_3D('',#2268,#1741,#1742);
#1479=AXIS2_PLACEMENT_3D('',#2269,#1743,#1744);
#1480=AXIS2_PLACEMENT_3D('',#2285,#1747,#1748);
#1481=AXIS2_PLACEMENT_3D('',#2341,#1755,#1756);
#1482=AXIS2_PLACEMENT_3D('',#2345,#1759,#1760);
#1483=AXIS2_PLACEMENT_3D('',#2348,#1762,#1763);
#1484=AXIS2_PLACEMENT_3D('',#2349,#1764,#1765);
#1485=AXIS2_PLACEMENT_3D('',#2352,#1767,#1768);
#1486=AXIS2_PLACEMENT_3D('',#2379,#1771,#1772);
#1487=AXIS2_PLACEMENT_3D('',#2382,#1774,#1775);
#1488=AXIS2_PLACEMENT_3D('',#2383,#1776,#1777);
#1489=AXIS2_PLACEMENT_3D('',#2386,#1779,#1780);
#1490=AXIS2_PLACEMENT_3D('',#2387,#1781,#1782);
#1491=AXIS2_PLACEMENT_3D('',#2388,#1783,#1784);
#1492=AXIS2_PLACEMENT_3D('',#2389,#1785,#1786);
#1493=AXIS2_PLACEMENT_3D('',#2390,#1787,#1788);
#1494=AXIS2_PLACEMENT_3D('',#2392,#1790,#1791);
#1495=AXIS2_PLACEMENT_3D('',#2398,#1795,#1796);
#1496=AXIS2_PLACEMENT_3D('',#2402,#1799,#1800);
#1497=AXIS2_PLACEMENT_3D('',#2406,#1803,#1804);
#1498=AXIS2_PLACEMENT_3D('',#2408,#1806,#1807);
#1499=AXIS2_PLACEMENT_3D('',#2409,#1808,#1809);
#1500=AXIS2_PLACEMENT_3D('',#2410,#1810,#1811);
#1501=AXIS2_PLACEMENT_3D('',#2414,#1814,#1815);
#1502=AXIS2_PLACEMENT_3D('',#2416,#1817,#1818);
#1503=AXIS2_PLACEMENT_3D('',#2420,#1821,#1822);
#1504=AXIS2_PLACEMENT_3D('',#2422,#1824,#1825);
#1505=AXIS2_PLACEMENT_3D('',#2423,#1826,#1827);
#1506=AXIS2_PLACEMENT_3D('',#2426,#1830,#1831);
#1507=AXIS2_PLACEMENT_3D('',#2428,#1833,#1834);
#1508=AXIS2_PLACEMENT_3D('',#2430,#1836,#1837);
#1509=AXIS2_PLACEMENT_3D('',#2431,#1838,#1839);
#1510=AXIS2_PLACEMENT_3D('',#2434,#1842,#1843);
#1511=AXIS2_PLACEMENT_3D('',#2436,#1845,#1846);
#1512=AXIS2_PLACEMENT_3D('',#2438,#1848,#1849);
#1513=DIRECTION('',(0.,0.,1.));
#1514=DIRECTION('',(1.,0.,0.));
#1515=DIRECTION('',(0.,0.,1.));
#1516=DIRECTION('',(1.,0.,0.));
#1517=DIRECTION('',(-0.999872222208222,0.015985595277976,0.));
#1518=DIRECTION('',(0.0159855952779758,0.999872222208222,0.));
#1519=DIRECTION('',(0.999872222208222,-0.0159855952779758,0.));
#1520=DIRECTION('',(-0.0159855952779758,-0.999872222208222,0.));
#1521=DIRECTION('',(0.,1.,0.));
#1522=DIRECTION('',(1.,0.,0.));
#1523=DIRECTION('',(0.,-1.,0.));
#1524=DIRECTION('',(-1.,0.,0.));
#1525=DIRECTION('',(0.,-1.,0.));
#1526=DIRECTION('',(0.,0.,1.));
#1527=DIRECTION('',(1.,0.,0.));
#1528=DIRECTION('',(0.,0.,1.));
#1529=DIRECTION('',(1.,0.,0.));
#1530=DIRECTION('',(0.,0.,1.));
#1531=DIRECTION('',(1.,0.,0.));
#1532=DIRECTION('',(0.,0.,1.));
#1533=DIRECTION('',(1.,0.,0.));
#1534=DIRECTION('',(0.,0.,1.));
#1535=DIRECTION('',(1.,0.,0.));
#1536=DIRECTION('',(0.,-1.,0.));
#1537=DIRECTION('',(0.,1.,0.));
#1538=DIRECTION('',(0.,0.,1.));
#1539=DIRECTION('',(1.,0.,0.));
#1540=DIRECTION('',(0.,0.,1.));
#1541=DIRECTION('',(1.,0.,0.));
#1542=DIRECTION('',(0.,0.,1.));
#1543=DIRECTION('',(1.,0.,0.));
#1544=DIRECTION('',(0.,0.,1.));
#1545=DIRECTION('',(1.,0.,0.));
#1546=DIRECTION('',(0.426133433236561,0.904660321379257,0.));
#1547=DIRECTION('',(0.,0.,1.));
#1548=DIRECTION('',(1.,0.,0.));
#1549=DIRECTION('',(0.,0.,1.));
#1550=DIRECTION('',(1.,0.,0.));
#1551=DIRECTION('',(0.,0.,1.));
#1552=DIRECTION('',(1.,0.,0.));
#1553=DIRECTION('',(0.,0.,1.));
#1554=DIRECTION('',(1.,0.,0.));
#1555=DIRECTION('',(0.,0.,1.));
#1556=DIRECTION('',(1.,0.,0.));
#1557=DIRECTION('',(0.,0.,1.));
#1558=DIRECTION('',(1.,0.,0.));
#1559=DIRECTION('',(0.,0.,1.));
#1560=DIRECTION('',(1.,0.,0.));
#1561=DIRECTION('',(0.,1.,0.));
#1562=DIRECTION('',(0.,0.,1.));
#1563=DIRECTION('',(1.,0.,0.));
#1564=DIRECTION('',(0.,0.,1.));
#1565=DIRECTION('',(1.,0.,0.));
#1566=DIRECTION('',(0.,0.,1.));
#1567=DIRECTION('',(1.,0.,0.));
#1568=DIRECTION('',(0.,0.,1.));
#1569=DIRECTION('',(1.,0.,0.));
#1570=DIRECTION('',(0.,0.,1.));
#1571=DIRECTION('',(1.,0.,0.));
#1572=DIRECTION('',(0.,0.,1.));
#1573=DIRECTION('',(1.,0.,0.));
#1574=DIRECTION('',(0.,0.,1.));
#1575=DIRECTION('',(1.,0.,0.));
#1576=DIRECTION('',(0.,0.,1.));
#1577=DIRECTION('',(1.,0.,0.));
#1578=DIRECTION('',(0.,0.,1.));
#1579=DIRECTION('',(1.,0.,0.));
#1580=DIRECTION('',(0.719708748696541,0.694276110095731,0.));
#1581=DIRECTION('',(-0.722477715930983,-0.691394207368814,0.));
#1582=DIRECTION('',(0.691394207368814,-0.722477715930983,0.));
#1583=DIRECTION('',(0.0199815153472314,0.999800349592072,0.));
#1584=DIRECTION('',(0.999800349592071,-0.0199815153472314,0.));
#1585=DIRECTION('',(0.0159855952779754,0.999872222208222,0.));
#1586=DIRECTION('',(-0.716928285883254,-0.697146923467715,0.));
#1587=DIRECTION('',(-0.999872222208222,0.0159855952779754,0.));
#1588=DIRECTION('',(-0.0159855952779756,-0.999872222208222,0.));
#1589=DIRECTION('',(-0.694276110095731,0.719708748696541,0.));
#1590=DIRECTION('',(0.719708748696541,0.694276110095731,0.));
#1591=DIRECTION('',(0.69427611009573,-0.719708748696541,0.));
#1592=DIRECTION('',(-0.719708748696541,-0.694276110095731,0.));
#1593=DIRECTION('',(0.,0.,1.));
#1594=DIRECTION('',(1.,0.,0.));
#1595=DIRECTION('',(-0.0159855952779758,-0.999872222208222,0.));
#1596=DIRECTION('',(0.999872222208222,-0.015985595277976,0.));
#1597=DIRECTION('',(0.0159855952779758,0.999872222208222,0.));
#1598=DIRECTION('',(-0.999872222208222,0.0159855952779758,0.));
#1599=DIRECTION('',(0.,0.,1.));
#1600=DIRECTION('',(1.,0.,0.));
#1601=DIRECTION('',(0.999872222208222,-0.0159855952779754,0.));
#1602=DIRECTION('',(-0.716928285883254,-0.697146923467715,0.));
#1603=DIRECTION('',(-0.0159855952779754,-0.999872222208222,0.));
#1604=DIRECTION('',(-0.719708748696541,-0.694276110095731,0.));
#1605=DIRECTION('',(0.0159855952779756,0.999872222208222,0.));
#1606=DIRECTION('',(-0.719708748696541,-0.694276110095731,0.));
#1607=DIRECTION('',(0.694276110095731,-0.719708748696541,0.));
#1608=DIRECTION('',(0.719708748696541,0.694276110095731,0.));
#1609=DIRECTION('',(-0.69427611009573,0.719708748696541,0.));
#1610=DIRECTION('',(0.694276110095731,-0.719708748696541,0.));
#1611=DIRECTION('',(0.719708748696541,0.694276110095731,0.));
#1612=DIRECTION('',(0.672076760897292,0.64832731307849,-0.357749245391559));
#1613=DIRECTION('',(0.,0.,-1.));
#1614=DIRECTION('',(0.719708748696541,0.694276110095731,0.));
#1615=DIRECTION('',(0.,0.,-1.));
#1616=DIRECTION('',(0.,0.,-1.));
#1617=DIRECTION('',(0.,0.,1.));
#1618=DIRECTION('',(0.,0.,-1.));
#1619=DIRECTION('',(-1.,0.,0.));
#1620=DIRECTION('',(-0.999872222208222,0.0159855952779756,0.));
#1621=DIRECTION('',(-0.0159855952779756,-0.999872222208222,0.));
#1622=DIRECTION('',(0.,0.,1.));
#1623=DIRECTION('',(0.999872222208222,-0.0159855952779754,0.));
#1624=DIRECTION('',(0.0159855952779754,0.999872222208222,0.));
#1625=DIRECTION('',(0.0140616526202852,0.879532829955726,-0.4756303932211));
#1626=DIRECTION('',(0.,0.,-1.));
#1627=DIRECTION('',(0.,0.,1.));
#1628=DIRECTION('',(0.,0.,1.));
#1629=DIRECTION('',(1.,0.,0.));
#1630=DIRECTION('',(0.,0.,-1.));
#1631=DIRECTION('',(0.,0.,1.));
#1632=DIRECTION('',(0.,1.,0.));
#1633=DIRECTION('',(0.,0.,1.));
#1634=DIRECTION('',(0.310051768070997,0.950719675359698,0.));
#1635=DIRECTION('',(0.,0.,1.));
#1636=DIRECTION('',(0.,0.,1.));
#1637=DIRECTION('',(1.,0.,0.));
#1638=DIRECTION('',(0.,0.,1.));
#1639=DIRECTION('',(0.653250526131965,0.757141829585654,0.));
#1640=DIRECTION('',(0.,0.,1.));
#1641=DIRECTION('',(0.,0.,1.));
#1642=DIRECTION('',(1.,0.,0.));
#1643=DIRECTION('',(0.,0.,1.));
#1644=DIRECTION('',(0.878536295830847,0.477675597982369,0.));
#1645=DIRECTION('',(0.,0.,1.));
#1646=DIRECTION('',(0.,0.,1.));
#1647=DIRECTION('',(1.,0.,0.));
#1648=DIRECTION('',(0.,0.,1.));
#1649=DIRECTION('',(0.986319975059622,0.164842066228215,0.));
#1650=DIRECTION('',(0.,0.,1.));
#1651=DIRECTION('',(0.,0.,1.));
#1652=DIRECTION('',(1.,0.,0.));
#1653=DIRECTION('',(0.,0.,1.));
#1654=DIRECTION('',(0.985737972238345,-0.168287403234574,0.));
#1655=DIRECTION('',(0.,0.,1.));
#1656=DIRECTION('',(0.,0.,1.));
#1657=DIRECTION('',(1.,0.,0.));
#1658=DIRECTION('',(0.,0.,1.));
#1659=DIRECTION('',(0.871810189902384,-0.489843845304164,0.));
#1660=DIRECTION('',(0.,0.,1.));
#1661=DIRECTION('',(0.,0.,1.));
#1662=DIRECTION('',(1.,0.,0.));
#1663=DIRECTION('',(0.,0.,1.));
#1664=DIRECTION('',(0.635222329727167,-0.77232932860017,0.));
#1665=DIRECTION('',(0.,0.,1.));
#1666=DIRECTION('',(0.,0.,1.));
#1667=DIRECTION('',(1.,0.,0.));
#1668=DIRECTION('',(0.,0.,1.));
#1669=DIRECTION('',(0.293226787981712,-0.956042912640394,0.));
#1670=DIRECTION('',(0.,0.,1.));
#1671=DIRECTION('',(0.,0.,1.));
#1672=DIRECTION('',(1.,0.,0.));
#1673=DIRECTION('',(1.,0.,0.));
#1674=DIRECTION('',(0.,0.,-1.));
#1675=DIRECTION('',(0.,0.,1.));
#1676=DIRECTION('',(0.,1.,0.));
#1677=DIRECTION('',(0.,0.,1.));
#1678=DIRECTION('',(0.,0.,1.));
#1679=DIRECTION('',(0.,0.,1.));
#1680=DIRECTION('',(-0.321141969260847,0.947031063682319,0.));
#1681=DIRECTION('',(0.,0.,1.));
#1682=DIRECTION('',(0.,0.,1.));
#1683=DIRECTION('',(1.,0.,0.));
#1684=DIRECTION('',(0.,0.,1.));
#1685=DIRECTION('',(0.265731086100844,-0.964047192765824,0.));
#1686=DIRECTION('',(0.,0.,1.));
#1687=DIRECTION('',(0.,0.,1.));
#1688=DIRECTION('',(1.,0.,0.));
#1689=DIRECTION('',(0.,0.,1.));
#1690=DIRECTION('',(0.992233606710998,-0.124388382549511,0.));
#1691=DIRECTION('',(0.,0.,1.));
#1692=DIRECTION('',(0.,0.,1.));
#1693=DIRECTION('',(1.,0.,0.));
#1694=DIRECTION('',(0.,0.,1.));
#1695=DIRECTION('',(0.915993306729546,-0.401193546840764,0.));
#1696=DIRECTION('',(0.,0.,1.));
#1697=DIRECTION('',(0.,0.,1.));
#1698=DIRECTION('',(1.,0.,0.));
#1699=DIRECTION('',(0.,0.,1.));
#1700=DIRECTION('',(0.692063277978432,-0.721836837016335,0.));
#1701=DIRECTION('',(0.,0.,1.));
#1702=DIRECTION('',(0.,0.,1.));
#1703=DIRECTION('',(1.,0.,0.));
#1704=DIRECTION('',(0.,0.,1.));
#1705=DIRECTION('',(0.,0.,1.));
#1706=DIRECTION('',(-0.0674853695723459,-0.997720263848381,0.));
#1707=DIRECTION('',(0.,0.,1.));
#1708=DIRECTION('',(0.,0.,1.));
#1709=DIRECTION('',(1.,0.,0.));
#1710=DIRECTION('',(0.,0.,1.));
#1711=DIRECTION('',(-0.350637730034525,-0.936511175734831,0.));
#1712=DIRECTION('',(0.,0.,1.));
#1713=DIRECTION('',(0.,0.,1.));
#1714=DIRECTION('',(1.,0.,0.));
#1715=DIRECTION('',(0.904660321379257,-0.426133433236561,0.));
#1716=DIRECTION('',(0.426133433236561,0.904660321379257,0.));
#1717=DIRECTION('',(0.,0.,1.));
#1718=DIRECTION('',(0.426133433236561,0.904660321379257,0.));
#1719=DIRECTION('',(0.,0.,1.));
#1720=DIRECTION('',(0.,0.,1.));
#1721=DIRECTION('',(-0.0730045676177987,-0.997331606391244,0.));
#1722=DIRECTION('',(0.,0.,1.));
#1723=DIRECTION('',(0.,0.,1.));
#1724=DIRECTION('',(1.,0.,0.));
#1725=DIRECTION('',(0.,0.,1.));
#1726=DIRECTION('',(0.208406728927554,-0.978042246192728,0.));
#1727=DIRECTION('',(0.,0.,1.));
#1728=DIRECTION('',(0.,0.,1.));
#1729=DIRECTION('',(1.,0.,0.));
#1730=DIRECTION('',(0.,0.,1.));
#1731=DIRECTION('',(0.,0.,1.));
#1732=DIRECTION('',(0.,0.,1.));
#1733=DIRECTION('',(0.,0.,1.));
#1734=DIRECTION('',(0.992442232701827,0.122712732631188,0.));
#1735=DIRECTION('',(0.,0.,1.));
#1736=DIRECTION('',(0.,0.,1.));
#1737=DIRECTION('',(1.,0.,0.));
#1738=DIRECTION('',(0.,0.,1.));
#1739=DIRECTION('',(0.,0.,1.));
#1740=DIRECTION('',(0.637889393872013,0.770127990132547,0.));
#1741=DIRECTION('',(0.,0.,1.));
#1742=DIRECTION('',(1.,0.,0.));
#1743=DIRECTION('',(0.,0.,1.));
#1744=DIRECTION('',(1.,0.,0.));
#1745=DIRECTION('',(0.,0.,1.));
#1746=DIRECTION('',(0.,0.,1.));
#1747=DIRECTION('',(-1.,0.,0.));
#1748=DIRECTION('',(0.,0.,1.));
#1749=DIRECTION('',(0.,0.,1.));
#1750=DIRECTION('',(0.,-1.,0.));
#1751=DIRECTION('',(0.,0.,1.));
#1752=DIRECTION('',(0.,0.,1.));
#1753=DIRECTION('',(0.,0.,1.));
#1754=DIRECTION('',(0.,0.,1.));
#1755=DIRECTION('',(-1.,0.,0.));
#1756=DIRECTION('',(0.,0.,1.));
#1757=DIRECTION('',(0.,0.,1.));
#1758=DIRECTION('',(0.,-1.,0.));
#1759=DIRECTION('',(0.,0.,1.));
#1760=DIRECTION('',(-0.235549131628348,0.971862442215528,0.));
#1761=DIRECTION('',(0.,0.,1.));
#1762=DIRECTION('',(0.,0.,1.));
#1763=DIRECTION('',(1.,0.,0.));
#1764=DIRECTION('',(0.,0.,1.));
#1765=DIRECTION('',(-0.549493250444019,0.835498155423737,0.));
#1766=DIRECTION('',(0.,0.,1.));
#1767=DIRECTION('',(0.,0.,1.));
#1768=DIRECTION('',(1.,0.,0.));
#1769=DIRECTION('',(0.,0.,1.));
#1770=DIRECTION('',(0.,0.,1.));
#1771=DIRECTION('',(0.,0.,1.));
#1772=DIRECTION('',(-0.984336072600434,-0.176302286365075,0.));
#1773=DIRECTION('',(0.,0.,1.));
#1774=DIRECTION('',(0.,0.,1.));
#1775=DIRECTION('',(1.,0.,0.));
#1776=DIRECTION('',(0.,0.,1.));
#1777=DIRECTION('',(-0.860905267318539,-0.508765290387615,0.));
#1778=DIRECTION('',(0.,0.,1.));
#1779=DIRECTION('',(0.,0.,1.));
#1780=DIRECTION('',(1.,0.,0.));
#1781=DIRECTION('',(0.,0.,1.));
#1782=DIRECTION('',(-0.618899515911081,-0.785470170792646,0.));
#1783=DIRECTION('',(0.,0.,1.));
#1784=DIRECTION('',(1.,0.,0.));
#1785=DIRECTION('',(0.,0.,1.));
#1786=DIRECTION('',(1.,0.,0.));
#1787=DIRECTION('',(0.0159855952779754,0.999872222208222,0.));
#1788=DIRECTION('',(-0.999872222208222,0.0159855952779754,0.));
#1789=DIRECTION('',(0.,0.,-1.));
#1790=DIRECTION('',(0.,-1.,0.));
#1791=DIRECTION('',(0.,0.,-1.));
#1792=DIRECTION('',(0.,0.,1.));
#1793=DIRECTION('',(1.,0.,0.));
#1794=DIRECTION('',(0.,0.,1.));
#1795=DIRECTION('',(1.,0.,0.));
#1796=DIRECTION('',(0.,0.,-1.));
#1797=DIRECTION('',(0.,0.,1.));
#1798=DIRECTION('',(0.,1.,0.));
#1799=DIRECTION('',(0.,1.,0.));
#1800=DIRECTION('',(0.,0.,1.));
#1801=DIRECTION('',(0.,0.,1.));
#1802=DIRECTION('',(-1.,0.,0.));
#1803=DIRECTION('',(-1.,0.,0.));
#1804=DIRECTION('',(0.,0.,1.));
#1805=DIRECTION('',(0.,-1.,0.));
#1806=DIRECTION('',(0.,0.,1.));
#1807=DIRECTION('',(1.,0.,0.));
#1808=DIRECTION('',(0.697146923467715,-0.716928285883254,0.));
#1809=DIRECTION('',(0.716928285883254,0.697146923467715,0.));
#1810=DIRECTION('',(-0.00950387473168681,-0.475538372045257,-0.879643639821054));
#1811=DIRECTION('',(0.,0.879683368817914,-0.475559849677373));
#1812=DIRECTION('',(0.0175766128891788,0.879468018609532,-0.475633332434102));
#1813=DIRECTION('',(-0.64563614133237,0.674662471482754,-0.357749245391559));
#1814=DIRECTION('',(-0.999800349592072,0.0199815153472314,0.));
#1815=DIRECTION('',(-0.0199815153472314,-0.999800349592072,0.));
#1816=DIRECTION('',(0.,0.,1.));
#1817=DIRECTION('',(-0.722477715930983,-0.691394207368814,0.));
#1818=DIRECTION('',(0.691394207368814,-0.722477715930983,0.));
#1819=DIRECTION('',(0.,0.,-1.));
#1820=DIRECTION('',(0.691394207368814,-0.722477715930983,0.));
#1821=DIRECTION('',(0.,0.,-1.));
#1822=DIRECTION('',(-1.,0.,0.));
#1823=DIRECTION('',(-0.722477715930983,-0.691394207368814,0.));
#1824=DIRECTION('',(-0.691394207368814,0.722477715930983,0.));
#1825=DIRECTION('',(-0.722477715930983,-0.691394207368814,0.));
#1826=DIRECTION('',(-0.694276110095731,0.719708748696541,0.));
#1827=DIRECTION('',(-0.719708748696541,-0.694276110095731,0.));
#1828=DIRECTION('',(0.,0.,1.));
#1829=DIRECTION('',(0.,0.,1.));
#1830=DIRECTION('',(0.719708748696541,0.694276110095731,0.));
#1831=DIRECTION('',(-0.694276110095731,0.719708748696541,0.));
#1832=DIRECTION('',(0.,0.,1.));
#1833=DIRECTION('',(-0.719708748696541,-0.69427611009573,0.));
#1834=DIRECTION('',(0.69427611009573,-0.719708748696541,0.));
#1835=DIRECTION('',(0.,0.,1.));
#1836=DIRECTION('',(0.694276110095731,-0.719708748696541,0.));
#1837=DIRECTION('',(0.719708748696541,0.694276110095731,0.));
#1838=DIRECTION('',(0.999872222208222,-0.0159855952779758,0.));
#1839=DIRECTION('',(0.0159855952779758,0.999872222208222,0.));
#1840=DIRECTION('',(0.,0.,1.));
#1841=DIRECTION('',(0.,0.,1.));
#1842=DIRECTION('',(-0.0159855952779758,-0.999872222208222,0.));
#1843=DIRECTION('',(0.999872222208222,-0.0159855952779758,0.));
#1844=DIRECTION('',(0.,0.,1.));
#1845=DIRECTION('',(-0.999872222208222,0.0159855952779758,0.));
#1846=DIRECTION('',(-0.0159855952779758,-0.999872222208222,0.));
#1847=DIRECTION('',(0.,0.,1.));
#1848=DIRECTION('',(0.015985595277976,0.999872222208222,0.));
#1849=DIRECTION('',(-0.999872222208222,0.015985595277976,0.));
#1850=CARTESIAN_POINT('',(0.,0.,0.));
#1851=CARTESIAN_POINT('',(0.,0.,0.3));
#1852=CARTESIAN_POINT('',(0.0456439024250059,0.00447092633402061,0.3));
#1853=CARTESIAN_POINT('',(0.0508432379804886,0.00438780123857514,0.3));
#1854=CARTESIAN_POINT('',(0.0404445668695231,0.00455405142946609,0.3));
#1855=CARTESIAN_POINT('',(0.0507601128850432,-0.000811534316907615,0.3));
#1856=CARTESIAN_POINT('',(0.0506769877895977,-0.00601086987239037,0.3));
#1857=CARTESIAN_POINT('',(0.0454776522341149,-0.0059277447769449,0.3));
#1858=CARTESIAN_POINT('',(0.0402783166786322,-0.00584461968149942,0.3));
#1859=CARTESIAN_POINT('',(0.0403614417740776,-0.000645284126016665,0.3));
#1860=CARTESIAN_POINT('',(0.013139690497093,0.0113519253785057,0.3));
#1861=CARTESIAN_POINT('',(0.013139690497093,0.0108859499519236,0.3));
#1862=CARTESIAN_POINT('',(0.013139690497093,0.0118179008050879,0.3));
#1863=CARTESIAN_POINT('',(0.0163973402366763,0.0118179008050879,0.3));
#1864=CARTESIAN_POINT('',(0.0196549899762596,0.0118179008050879,0.3));
#1865=CARTESIAN_POINT('',(0.0196549899762596,0.0113519253785057,0.3));
#1866=CARTESIAN_POINT('',(0.0196549899762596,0.0108859499519236,0.3));
#1867=CARTESIAN_POINT('',(0.0163973402366763,0.0108859499519236,0.3));
#1868=CARTESIAN_POINT('',(0.0161003024762596,0.0149520153884212,0.3));
#1869=CARTESIAN_POINT('',(0.0161003024762596,0.0154142549717546,0.3));
#1870=CARTESIAN_POINT('',(0.0161003024762596,0.0144897758050879,0.3));
#1871=CARTESIAN_POINT('',(0.0161003024762596,0.0144897758050879,0.3));
#1872=CARTESIAN_POINT('',(0.0155810967470929,0.0144995414300879,0.3));
#1873=CARTESIAN_POINT('',(0.0151644300804263,0.0147233370030046,0.3));
#1874=CARTESIAN_POINT('',(0.0151644300804263,0.0147233370030046,0.3));
#1875=CARTESIAN_POINT('',(0.0163502613928186,0.016970326810012,0.3));
#1876=CARTESIAN_POINT('',(0.0144522318845132,0.0152823109981671,0.3));
#1877=CARTESIAN_POINT('',(0.0161984558912891,0.0168247774012322,0.3));
#1878=CARTESIAN_POINT('',(0.0140050053876595,0.016040159645779,0.3));
#1879=CARTESIAN_POINT('',(0.0163147839122784,0.0168951934699684,0.3));
#1880=CARTESIAN_POINT('',(0.013852581122093,0.0168790987217546,0.3));
#1881=CARTESIAN_POINT('',(0.013852581122093,0.0168790987217546,0.3));
#1882=CARTESIAN_POINT('',(0.013852581122093,0.0176017549717546,0.3));
#1883=CARTESIAN_POINT('',(0.0140706800804263,0.0181054984613379,0.3));
#1884=CARTESIAN_POINT('',(0.0140706800804263,0.0181054984613379,0.3));
#1885=CARTESIAN_POINT('',(0.0140706800804263,0.0181054984613379,0.3));
#1886=CARTESIAN_POINT('',(0.0142887790387596,0.0186092419509213,0.3));
#1887=CARTESIAN_POINT('',(0.014614299872093,0.0189298799717546,0.3));
#1888=CARTESIAN_POINT('',(0.014614299872093,0.0189298799717546,0.3));
#1889=CARTESIAN_POINT('',(0.0161411680026784,0.0174102120028808,0.3));
#1890=CARTESIAN_POINT('',(0.0153370129278392,0.0194074472761291,0.3));
#1891=CARTESIAN_POINT('',(0.016362697629162,0.0169076192989307,0.3));
#1892=CARTESIAN_POINT('',(0.0161003024762596,0.0195955700759212,0.3));
#1893=CARTESIAN_POINT('',(0.0161003024762596,0.0191024060134212,0.3));
#1894=CARTESIAN_POINT('',(0.0161003024762596,0.0186092419509213,0.3));
#1895=CARTESIAN_POINT('',(0.0161003024762596,0.0186092419509213,0.3));
#1896=CARTESIAN_POINT('',(0.0155810967470929,0.0185067028884212,0.3));
#1897=CARTESIAN_POINT('',(0.0152506931012596,0.0180648083571712,0.3));
#1898=CARTESIAN_POINT('',(0.0152506931012596,0.0180648083571712,0.3));
#1899=CARTESIAN_POINT('',(0.0152506931012596,0.0180648083571712,0.3));
#1900=CARTESIAN_POINT('',(0.0149202894554263,0.0176229138259212,0.3));
#1901=CARTESIAN_POINT('',(0.0149202894554263,0.0169816377842546,0.3));
#1902=CARTESIAN_POINT('',(0.0149202894554263,0.0169816377842546,0.3));
#1903=CARTESIAN_POINT('',(0.0149202894554263,0.0169816377842546,0.3));
#1904=CARTESIAN_POINT('',(0.0149202894554263,0.0163501273675879,0.3));
#1905=CARTESIAN_POINT('',(0.0152506931012596,0.0159228812738379,0.3));
#1906=CARTESIAN_POINT('',(0.0152506931012596,0.0159228812738379,0.3));
#1907=CARTESIAN_POINT('',(0.0152506931012596,0.0159228812738379,0.3));
#1908=CARTESIAN_POINT('',(0.0155810967470929,0.0154956351800879,0.3));
#1909=CARTESIAN_POINT('',(0.0161003024762596,0.0154142549717546,0.3));
#1910=CARTESIAN_POINT('',(0.0165169691429263,0.0191178682530046,0.3));
#1911=CARTESIAN_POINT('',(0.0165169691429263,0.0186189374564106,0.3));
#1912=CARTESIAN_POINT('',(0.0165169691429263,0.0196167289300879,0.3));
#1913=CARTESIAN_POINT('',(0.0165169691429263,0.0196167289300879,0.3));
#1914=CARTESIAN_POINT('',(0.0171370863304263,0.0195858044509213,0.3));
#1915=CARTESIAN_POINT('',(0.017595256903343,0.0193514294509212,0.3));
#1916=CARTESIAN_POINT('',(0.017595256903343,0.0193514294509212,0.3));
#1917=CARTESIAN_POINT('',(0.0165775174497993,0.0173381755127883,0.3));
#1918=CARTESIAN_POINT('',(0.0183634860700096,0.0187158500238379,0.3));
#1919=CARTESIAN_POINT('',(0.0183634860700096,0.0187158500238379,0.3));
#1920=CARTESIAN_POINT('',(0.0186735446637596,0.0183146455967546,0.3));
#1921=CARTESIAN_POINT('',(0.018815960028343,0.0177750948155046,0.3));
#1922=CARTESIAN_POINT('',(0.018815960028343,0.0177750948155046,0.3));
#1923=CARTESIAN_POINT('',(0.0143297490343403,0.0166421982092879,0.3));
#1924=CARTESIAN_POINT('',(0.0189583753929263,0.0165942679925879,0.3));
#1925=CARTESIAN_POINT('',(0.0189583753929263,0.0165942679925879,0.3));
#1926=CARTESIAN_POINT('',(0.0189583753929263,0.0152514945550879,0.3));
#1927=CARTESIAN_POINT('',(0.0187142347679263,0.0143668916905046,0.3));
#1928=CARTESIAN_POINT('',(0.0187142347679263,0.0143668916905046,0.3));
#1929=CARTESIAN_POINT('',(0.0187142347679263,0.0143668916905046,0.3));
#1930=CARTESIAN_POINT('',(0.0184700941429263,0.0134822888259212,0.3));
#1931=CARTESIAN_POINT('',(0.018078655340843,0.0129582002842546,0.3));
#1932=CARTESIAN_POINT('',(0.018078655340843,0.0129582002842546,0.3));
#1933=CARTESIAN_POINT('',(0.018078655340843,0.0129582002842546,0.3));
#1934=CARTESIAN_POINT('',(0.0176872165387596,0.0124341117425879,0.3));
#1935=CARTESIAN_POINT('',(0.0172038181012596,0.0122257784092546,0.3));
#1936=CARTESIAN_POINT('',(0.0172038181012596,0.0122257784092546,0.3));
#1937=CARTESIAN_POINT('',(0.0162181840448129,0.014432223484566,0.3));
#1938=CARTESIAN_POINT('',(0.0162419067416406,0.0120172675309003,0.3));
#1939=CARTESIAN_POINT('',(0.0162049126946747,0.0190689084361658,0.3));
#1940=CARTESIAN_POINT('',(0.0151741957054263,0.0120939424717546,0.3));
#1941=CARTESIAN_POINT('',(0.0151741957054263,0.0120939424717546,0.3));
#1942=CARTESIAN_POINT('',(0.0146761488304263,0.0121704398675879,0.3));
#1943=CARTESIAN_POINT('',(0.0143099378929263,0.0124145804925879,0.3));
#1944=CARTESIAN_POINT('',(0.0143099378929263,0.0124145804925879,0.3));
#1945=CARTESIAN_POINT('',(0.0145085056012596,0.0128361299717546,0.3));
#1946=CARTESIAN_POINT('',(0.0147070551612946,0.0132576409231227,0.3));
#1947=CARTESIAN_POINT('',(0.0155608334424197,0.0145907346353657,0.3));
#1948=CARTESIAN_POINT('',(0.0153320348543257,0.0130238298166198,0.3));
#1949=CARTESIAN_POINT('',(0.0160719913549404,0.0184565021665354,0.3));
#1950=CARTESIAN_POINT('',(0.0161312269554263,0.0129728487217546,0.3));
#1951=CARTESIAN_POINT('',(0.0161312269554263,0.0129728487217546,0.3));
#1952=CARTESIAN_POINT('',(0.016547893622093,0.0129728487217546,0.3));
#1953=CARTESIAN_POINT('',(0.016853069403343,0.0131559541905046,0.3));
#1954=CARTESIAN_POINT('',(0.0168530690259245,0.0131559548215977,0.3));
#1955=CARTESIAN_POINT('',(0.0160536717389638,0.0144926516940546,0.3));
#1956=CARTESIAN_POINT('',(0.0173570016718411,0.0136392324601343,0.3));
#1957=CARTESIAN_POINT('',(0.015434911994982,0.0148805666895304,0.3));
#1958=CARTESIAN_POINT('',(0.0176569080047641,0.0143311323218212,0.3));
#1959=CARTESIAN_POINT('',(0.0145126807208491,0.0151354342381846,0.3));
#1960=CARTESIAN_POINT('',(0.0177585630079236,0.0151498857240657,0.3));
#1961=CARTESIAN_POINT('',(0.0177243706758751,0.0152099682732932,0.3));
#1962=CARTESIAN_POINT('',(0.0177173152823589,0.0151407681918099,0.3));
#1963=CARTESIAN_POINT('',(0.0177100852171961,0.0150855297407879,0.3));
#1964=CARTESIAN_POINT('',(0.0176774509137596,0.0151294242425879,0.3));
#1965=CARTESIAN_POINT('',(0.0176774509137596,0.0151294242425879,0.3));
#1966=CARTESIAN_POINT('',(0.0175651462262596,0.0149064424717546,0.3));
#1967=CARTESIAN_POINT('',(0.0172550876325096,0.0147331026280046,0.3));
#1968=CARTESIAN_POINT('',(0.0172550876325096,0.0147331026280046,0.3));
#1969=CARTESIAN_POINT('',(0.0172550876325096,0.0147331026280046,0.3));
#1970=CARTESIAN_POINT('',(0.0169450290387596,0.0145597627842546,0.3));
#1971=CARTESIAN_POINT('',(0.0165169691429263,0.0145093070550879,0.3));
#1972=CARTESIAN_POINT('',(0.0165169691429263,0.0145093070550879,0.3));
#1973=CARTESIAN_POINT('',(0.0165169691429263,0.0149568982009212,0.3));
#1974=CARTESIAN_POINT('',(0.0165169691429263,0.0154048630350907,0.3));
#1975=CARTESIAN_POINT('',(0.016380192799473,0.0167929109997376,0.3));
#1976=CARTESIAN_POINT('',(0.0170362243634474,0.0155622736225781,0.3));
#1977=CARTESIAN_POINT('',(0.0163986992384624,0.0167481923330713,0.3));
#1978=CARTESIAN_POINT('',(0.0174383829131047,0.0158926195119868,0.3));
#1979=CARTESIAN_POINT('',(0.0161707986333408,0.016912390527413,0.3));
#1980=CARTESIAN_POINT('',(0.0177075010425585,0.0163761891999193,0.3));
#1981=CARTESIAN_POINT('',(0.0160484344502574,0.0169637851702875,0.3));
#1982=CARTESIAN_POINT('',(0.0178090328394624,0.0169816395612099,0.3));
#1983=CARTESIAN_POINT('',(0.0159763225044577,0.017002220230753,0.3));
#1984=CARTESIAN_POINT('',(0.0177075732690656,0.0176017592489725,0.3));
#1985=CARTESIAN_POINT('',(0.0160383902351647,0.0170255977517733,0.3));
#1986=CARTESIAN_POINT('',(0.0174383542776491,0.0181007396050504,0.3));
#1987=CARTESIAN_POINT('',(0.0163495164402276,0.017248556545358,0.3));
#1988=CARTESIAN_POINT('',(0.0170312666800774,0.0184513197360361,0.3));
#1989=CARTESIAN_POINT('',(0.0163728113337935,0.0173036097795506,0.3));
#1990=CARTESIAN_POINT('',(0.,4.59242549680257E-18,0.3));
#1991=CARTESIAN_POINT('',(0.0655665997290526,4.59242549680257E-18,0.3));
#1992=CARTESIAN_POINT('',(-0.0326233823066256,-0.00507098874735046,0.3));
#1993=CARTESIAN_POINT('',(-0.0190575650493262,0.00801544774897532,0.3));
#1994=CARTESIAN_POINT('',(-0.0076976743553295,0.0189739093995036,0.3));
#1995=CARTESIAN_POINT('',(-0.00614939802575385,0.0203682604531662,0.3));
#1996=CARTESIAN_POINT('',(-0.0268409389135402,0.00056694174686425,0.3));
#1997=CARTESIAN_POINT('',(-0.00755336649695816,-0.0195877559883344,0.3));
#1998=CARTESIAN_POINT('',(0.00534045231872331,-0.0330612515257539,0.3));
#1999=CARTESIAN_POINT('',(0.00545930118317707,-0.0271144985310694,0.3));
#2000=CARTESIAN_POINT('',(0.00507965239157967,-0.0461107051733189,0.3));
#2001=CARTESIAN_POINT('',(-0.0469428327629214,-0.0450710095121402,0.3));
#2002=CARTESIAN_POINT('',(-0.0467265266347473,-0.0450753324994462,0.3));
#2003=CARTESIAN_POINT('',(-0.0459941222215784,0.000735337382786881,0.3));
#2004=CARTESIAN_POINT('',(-0.0456903959112969,0.0197329096047432,0.3));
#2005=CARTESIAN_POINT('',(-0.032068758479515,0.0329787011506298,0.3));
#2006=CARTESIAN_POINT('',(-0.0264648711713973,0.0384279669603905,0.3));
#2007=CARTESIAN_POINT('',(-0.0263890973790591,0.0384267555164179,0.3));
#2008=CARTESIAN_POINT('',(-0.00739152515710271,0.0381230292061363,0.3));
#2009=CARTESIAN_POINT('',(-0.00787352560602775,0.00797470807129273,0.3));
#2010=CARTESIAN_POINT('',(0.0290521949801306,0.0280255658376781,0.3));
#2011=CARTESIAN_POINT('',(0.0326624307526284,0.024283080344456,0.3));
#2012=CARTESIAN_POINT('',(0.0254419592076327,0.0317680513309001,0.3));
#2013=CARTESIAN_POINT('',(0.0291844447008548,0.0353782871033979,0.3));
#2014=CARTESIAN_POINT('',(0.0329269301940768,0.0389885228758957,0.3));
#2015=CARTESIAN_POINT('',(0.0365371659665746,0.0352460373826737,0.3));
#2016=CARTESIAN_POINT('',(0.0401474017390724,0.0315035518894516,0.3));
#2017=CARTESIAN_POINT('',(0.0364049162458503,0.0278933161169538,0.3));
#2018=CARTESIAN_POINT('',(0.,0.,0.27));
#2019=CARTESIAN_POINT('',(0.0507601128850432,-0.000811534316907615,0.27));
#2020=CARTESIAN_POINT('',(0.0508432379804886,0.00438780123857514,0.27));
#2021=CARTESIAN_POINT('',(0.0506769877895977,-0.00601086987239037,0.27));
#2022=CARTESIAN_POINT('',(0.0456439024250059,0.00447092633402061,0.27));
#2023=CARTESIAN_POINT('',(0.0404445668695231,0.00455405142946609,0.27));
#2024=CARTESIAN_POINT('',(0.0403614417740776,-0.000645284126016665,0.27));
#2025=CARTESIAN_POINT('',(0.0402783166786322,-0.00584461968149942,0.27));
#2026=CARTESIAN_POINT('',(0.0454776522341149,-0.0059277447769449,0.27));
#2027=CARTESIAN_POINT('',(0.,4.59242549680257E-18,0.27));
#2028=CARTESIAN_POINT('',(0.0655665997290526,4.59242549680257E-18,0.27));
#2029=CARTESIAN_POINT('',(-0.0263890973790591,0.0384267555164179,0.27));
#2030=CARTESIAN_POINT('',(-0.0264648711713973,0.0384279669603905,0.27));
#2031=CARTESIAN_POINT('',(-0.00739152515710271,0.0381230292061363,0.27));
#2032=CARTESIAN_POINT('',(-0.032068758479515,0.0329787011506298,0.27));
#2033=CARTESIAN_POINT('',(-0.0456903959112969,0.0197329096047432,0.27));
#2034=CARTESIAN_POINT('',(-0.0459941222215784,0.000735337382786881,0.27));
#2035=CARTESIAN_POINT('',(-0.04629784853186,-0.0182622348391694,0.27));
#2036=CARTESIAN_POINT('',(-0.0326233823066256,-0.00507098874735046,0.27));
#2037=CARTESIAN_POINT('',(-0.0076976743553295,0.0189739093995036,0.27));
#2038=CARTESIAN_POINT('',(-0.00787352560602775,0.00797470807129273,0.27));
#2039=CARTESIAN_POINT('',(0.0291844447008548,0.0353782871033979,0.27));
#2040=CARTESIAN_POINT('',(0.0329269301940768,0.0389885228758957,0.27));
#2041=CARTESIAN_POINT('',(0.0254419592076327,0.0317680513309001,0.27));
#2042=CARTESIAN_POINT('',(0.0290521949801306,0.0280255658376781,0.27));
#2043=CARTESIAN_POINT('',(0.0326624307526284,0.024283080344456,0.27));
#2044=CARTESIAN_POINT('',(0.0364049162458503,0.0278933161169538,0.27));
#2045=CARTESIAN_POINT('',(0.0401474017390724,0.0315035518894516,0.27));
#2046=CARTESIAN_POINT('',(0.0365371659665746,0.0352460373826737,0.27));
#2047=CARTESIAN_POINT('',(-0.0326233823066256,-0.00507098874735046,0.269998));
#2048=CARTESIAN_POINT('',(-0.0306462518376023,-0.00316372493588327,0.277168706009191));
#2049=CARTESIAN_POINT('',(-0.0462978485318599,-0.0182622348391694,0.285500115800936));
#2050=CARTESIAN_POINT('',(-0.0268111702865253,0.000535834790191845,0.275127276204237));
#2051=CARTESIAN_POINT('',(-0.0268111702865253,0.000535834790191849,0.269998));
#2052=CARTESIAN_POINT('',(-0.0268111702865253,0.000535834790191846,0.271));
#2053=CARTESIAN_POINT('',(-0.0326233823066256,-0.00507098874735046,0.271));
#2054=CARTESIAN_POINT('',(-0.0190575650493261,0.00801544774897536,0.271));
#2055=CARTESIAN_POINT('',(-0.0190575650493261,0.00801544774897535,0.269998));
#2056=CARTESIAN_POINT('',(-0.0076976743553295,0.0189739093995036,0.300002));
#2057=CARTESIAN_POINT('',(-0.04629784853186,-0.0182622348391694,0.269998));
#2058=CARTESIAN_POINT('',(0.,4.59242549680257E-18,0.3));
#2059=CARTESIAN_POINT('',(-0.00787352560602775,0.00797470807129273,0.269998));
#2060=CARTESIAN_POINT('',(-0.00739152515710271,0.0381230292061363,0.269998));
#2061=CARTESIAN_POINT('',(-0.0459941222215784,0.000735337382786881,0.269998));
#2062=CARTESIAN_POINT('',(-0.0462978397112989,-0.0182616831278453,0.2854998174486));
#2063=CARTESIAN_POINT('',(-0.0456903959112969,0.0197329096047432,0.300002));
#2064=CARTESIAN_POINT('',(0.0165169691429263,0.0196167289300879,0.299));
#2065=CARTESIAN_POINT('',(0.0165169691429263,0.0196167289300879,0.3));
#2066=CARTESIAN_POINT('',(0.0169303806012596,0.0195961126106435,0.299));
#2067=CARTESIAN_POINT('',(0.0169303806012596,0.0195961126106435,0.3));
#2068=CARTESIAN_POINT('',(0.0172898098547319,0.0195076794509212,0.299));
#2069=CARTESIAN_POINT('',(0.0172898098547319,0.0195076794509212,0.3));
#2070=CARTESIAN_POINT('',(0.017595256903343,0.0193514294509212,0.299));
#2071=CARTESIAN_POINT('',(0.017595256903343,0.0193514294509212,0.3));
#2072=CARTESIAN_POINT('',(0.0165169691429263,0.0196167289300879,0.299));
#2073=CARTESIAN_POINT('',(0.0165169691429263,0.0196167289300879,0.299));
#2074=CARTESIAN_POINT('',(0.0165169691429263,0.0196167289300879,0.299));
#2075=CARTESIAN_POINT('',(0.0171370863304263,0.0195858044509213,0.299));
#2076=CARTESIAN_POINT('',(0.017595256903343,0.0193514294509212,0.299));
#2077=CARTESIAN_POINT('',(0.017595256903343,0.0193514294509212,0.299));
#2078=CARTESIAN_POINT('',(0.017595256903343,0.0193514294509212,0.299));
#2079=CARTESIAN_POINT('',(0.0165169691429263,0.0191178682530046,0.299));
#2080=CARTESIAN_POINT('',(0.0165169691429263,0.0186189374564106,0.299));
#2081=CARTESIAN_POINT('',(0.0165169691429263,0.0186189374564106,0.299));
#2082=CARTESIAN_POINT('',(0.0165169691429263,0.0191178682530046,0.299));
#2083=CARTESIAN_POINT('',(0.0163728113337935,0.0173036097795506,0.299));
#2084=CARTESIAN_POINT('',(0.017031292059593,0.0184513643467546,0.299));
#2085=CARTESIAN_POINT('',(0.0170312666800774,0.0184513197360361,0.299));
#2086=CARTESIAN_POINT('',(0.0163728113337935,0.0173036097795506,0.299));
#2087=CARTESIAN_POINT('',(0.0163495164402276,0.017248556545358,0.299));
#2088=CARTESIAN_POINT('',(0.0174381931012596,0.0181006156488379,0.299));
#2089=CARTESIAN_POINT('',(0.0174383542776491,0.0181007396050504,0.299));
#2090=CARTESIAN_POINT('',(0.0163495164402276,0.017248556545358,0.299));
#2091=CARTESIAN_POINT('',(0.0160383902351647,0.0170255977517733,0.299));
#2092=CARTESIAN_POINT('',(0.017707561590843,0.0176017549717546,0.299));
#2093=CARTESIAN_POINT('',(0.0177075732690656,0.0176017592489725,0.299));
#2094=CARTESIAN_POINT('',(0.0160383902351647,0.0170255977517733,0.299));
#2095=CARTESIAN_POINT('',(0.0159763225044577,0.017002220230753,0.299));
#2096=CARTESIAN_POINT('',(0.0178092868512596,0.0169816377842546,0.299));
#2097=CARTESIAN_POINT('',(0.0178090328394624,0.0169816395612099,0.299));
#2098=CARTESIAN_POINT('',(0.0159763225044577,0.017002220230753,0.299));
#2099=CARTESIAN_POINT('',(0.0160484344502574,0.0169637851702875,0.299));
#2100=CARTESIAN_POINT('',(0.017707561590843,0.0163761690342546,0.299));
#2101=CARTESIAN_POINT('',(0.0177075010425585,0.0163761891999193,0.299));
#2102=CARTESIAN_POINT('',(0.0160484344502574,0.0169637851702875,0.299));
#2103=CARTESIAN_POINT('',(0.0161707986333408,0.016912390527413,0.299));
#2104=CARTESIAN_POINT('',(0.0174381931012596,0.0158927705967545,0.299));
#2105=CARTESIAN_POINT('',(0.0174383829131047,0.0158926195119868,0.299));
#2106=CARTESIAN_POINT('',(0.0161707986333408,0.016912390527413,0.299));
#2107=CARTESIAN_POINT('',(0.0163986992384624,0.0167481923330713,0.299));
#2108=CARTESIAN_POINT('',(0.017036174872093,0.0155623669509212,0.299));
#2109=CARTESIAN_POINT('',(0.0170362243634474,0.0155622736225781,0.299));
#2110=CARTESIAN_POINT('',(0.0163986992384624,0.0167481923330713,0.299));
#2111=CARTESIAN_POINT('',(0.016380192799473,0.0167929109997376,0.299));
#2112=CARTESIAN_POINT('',(0.0165169691429263,0.0154048630350907,0.299));
#2113=CARTESIAN_POINT('',(0.0165169691429263,0.0154048630350907,0.299));
#2114=CARTESIAN_POINT('',(0.016380192799473,0.0167929109997376,0.299));
#2115=CARTESIAN_POINT('',(0.0165169691429263,0.0149568982009212,0.299));
#2116=CARTESIAN_POINT('',(0.0165169691429263,0.0145093070550879,0.299));
#2117=CARTESIAN_POINT('',(0.0165169691429263,0.0145093070550879,0.299));
#2118=CARTESIAN_POINT('',(0.0165169691429263,0.0149568982009212,0.299));
#2119=CARTESIAN_POINT('',(0.0172550876325096,0.0147331026280046,0.299));
#2120=CARTESIAN_POINT('',(0.0172550876325096,0.0147331026280046,0.3));
#2121=CARTESIAN_POINT('',(0.0170483819033429,0.0146175427321712,0.299));
#2122=CARTESIAN_POINT('',(0.0170483819033429,0.0146175427321712,0.3));
#2123=CARTESIAN_POINT('',(0.0168023424068152,0.0145429442078657,0.299));
#2124=CARTESIAN_POINT('',(0.0168023424068152,0.0145429442078657,0.3));
#2125=CARTESIAN_POINT('',(0.0165169691429263,0.0145093070550879,0.299));
#2126=CARTESIAN_POINT('',(0.0165169691429263,0.0145093070550879,0.3));
#2127=CARTESIAN_POINT('',(0.0172550876325096,0.0147331026280046,0.299));
#2128=CARTESIAN_POINT('',(0.0172550876325096,0.0147331026280046,0.299));
#2129=CARTESIAN_POINT('',(0.0172550876325096,0.0147331026280046,0.299));
#2130=CARTESIAN_POINT('',(0.0169450290387596,0.0145597627842546,0.299));
#2131=CARTESIAN_POINT('',(0.0165169691429263,0.0145093070550879,0.299));
#2132=CARTESIAN_POINT('',(0.0176774509137596,0.0151294242425879,0.299));
#2133=CARTESIAN_POINT('',(0.0176774509137596,0.0151294242425879,0.3));
#2134=CARTESIAN_POINT('',(0.0176025811220929,0.014980769728699,0.299));
#2135=CARTESIAN_POINT('',(0.0176025811220929,0.014980769728699,0.3));
#2136=CARTESIAN_POINT('',(0.0174617933616763,0.0148486625238379,0.299));
#2137=CARTESIAN_POINT('',(0.0174617933616763,0.0148486625238379,0.3));
#2138=CARTESIAN_POINT('',(0.0172550876325096,0.0147331026280046,0.299));
#2139=CARTESIAN_POINT('',(0.0172550876325096,0.0147331026280046,0.3));
#2140=CARTESIAN_POINT('',(0.0176774509137596,0.0151294242425879,0.299));
#2141=CARTESIAN_POINT('',(0.0176774509137596,0.0151294242425879,0.299));
#2142=CARTESIAN_POINT('',(0.0176774509137596,0.0151294242425879,0.299));
#2143=CARTESIAN_POINT('',(0.0175651462262596,0.0149064424717546,0.299));
#2144=CARTESIAN_POINT('',(0.0172550876325096,0.0147331026280046,0.299));
#2145=CARTESIAN_POINT('',(0.0177100852171961,0.0150855297407879,0.299));
#2146=CARTESIAN_POINT('',(0.017717327215843,0.0151408174717546,0.299));
#2147=CARTESIAN_POINT('',(0.0177173152823589,0.0151407681918099,0.299));
#2148=CARTESIAN_POINT('',(0.0177100852171961,0.0150855297407879,0.299));
#2149=CARTESIAN_POINT('',(0.0177243706758751,0.0152099682732932,0.299));
#2150=CARTESIAN_POINT('',(0.0177585630079236,0.0151498857240657,0.299));
#2151=CARTESIAN_POINT('',(0.0177585630079236,0.0151498857240657,0.299));
#2152=CARTESIAN_POINT('',(0.0177243706758751,0.0152099682732932,0.299));
#2153=CARTESIAN_POINT('',(0.0145126807208491,0.0151354342381846,0.299));
#2154=CARTESIAN_POINT('',(0.0176571058616763,0.0143310843988379,0.299));
#2155=CARTESIAN_POINT('',(0.0176569080047641,0.0143311323218212,0.299));
#2156=CARTESIAN_POINT('',(0.0145126807208491,0.0151354342381846,0.299));
#2157=CARTESIAN_POINT('',(0.015434911994982,0.0148805666895304,0.299));
#2158=CARTESIAN_POINT('',(0.0173568128929263,0.0136393526280046,0.299));
#2159=CARTESIAN_POINT('',(0.0173570016718411,0.0136392324601343,0.299));
#2160=CARTESIAN_POINT('',(0.015434911994982,0.0148805666895304,0.299));
#2161=CARTESIAN_POINT('',(0.0160536717389638,0.0144926516940546,0.299));
#2162=CARTESIAN_POINT('',(0.016853069403343,0.0131559541905046,0.299));
#2163=CARTESIAN_POINT('',(0.0168530690259245,0.0131559548215977,0.299));
#2164=CARTESIAN_POINT('',(0.0160536717389638,0.0144926516940546,0.299));
#2165=CARTESIAN_POINT('',(0.0161312269554263,0.0129728487217546,0.299));
#2166=CARTESIAN_POINT('',(0.0161312269554263,0.0129728487217546,0.3));
#2167=CARTESIAN_POINT('',(0.0164090047332041,0.0129728487217546,0.299));
#2168=CARTESIAN_POINT('',(0.0164090047332041,0.0129728487217546,0.3));
#2169=CARTESIAN_POINT('',(0.0166496188825096,0.0130338838780046,0.299));
#2170=CARTESIAN_POINT('',(0.0166496188825096,0.0130338838780046,0.3));
#2171=CARTESIAN_POINT('',(0.016853069403343,0.0131559541905046,0.299));
#2172=CARTESIAN_POINT('',(0.016853069403343,0.0131559541905046,0.3));
#2173=CARTESIAN_POINT('',(0.0161312269554263,0.0129728487217546,0.299));
#2174=CARTESIAN_POINT('',(0.0161312269554263,0.0129728487217546,0.299));
#2175=CARTESIAN_POINT('',(0.0161312269554263,0.0129728487217546,0.299));
#2176=CARTESIAN_POINT('',(0.016547893622093,0.0129728487217546,0.299));
#2177=CARTESIAN_POINT('',(0.016853069403343,0.0131559541905046,0.299));
#2178=CARTESIAN_POINT('',(0.0160719913549404,0.0184565021665354,0.299));
#2179=CARTESIAN_POINT('',(0.015332073309593,0.0130241182530046,0.299));
#2180=CARTESIAN_POINT('',(0.0153320348543257,0.0130238298166198,0.299));
#2181=CARTESIAN_POINT('',(0.0160719913549404,0.0184565021665354,0.299));
#2182=CARTESIAN_POINT('',(0.0155608334424197,0.0145907346353657,0.299));
#2183=CARTESIAN_POINT('',(0.0147070551612148,0.0132576409230997,0.299));
#2184=CARTESIAN_POINT('',(0.0147070551612946,0.0132576409231227,0.299));
#2185=CARTESIAN_POINT('',(0.0155608334424197,0.0145907346353657,0.299));
#2186=CARTESIAN_POINT('',(0.0145085056012596,0.0128361299717546,0.299));
#2187=CARTESIAN_POINT('',(0.0143099378929263,0.0124145804925879,0.299));
#2188=CARTESIAN_POINT('',(0.0143099378929263,0.0124145804925879,0.299));
#2189=CARTESIAN_POINT('',(0.0145085056012596,0.0128361299717546,0.299));
#2190=CARTESIAN_POINT('',(0.0151741957054263,0.0120939424717546,0.299));
#2191=CARTESIAN_POINT('',(0.0151741957054263,0.0120939424717546,0.3));
#2192=CARTESIAN_POINT('',(0.0148421644554263,0.0121449407356435,0.299));
#2193=CARTESIAN_POINT('',(0.0148421644554263,0.0121449407356435,0.3));
#2194=CARTESIAN_POINT('',(0.0145540785179263,0.0122518200759212,0.299));
#2195=CARTESIAN_POINT('',(0.0145540785179263,0.0122518200759212,0.3));
#2196=CARTESIAN_POINT('',(0.0143099378929263,0.0124145804925879,0.299));
#2197=CARTESIAN_POINT('',(0.0143099378929263,0.0124145804925879,0.3));
#2198=CARTESIAN_POINT('',(0.0151741957054263,0.0120939424717546,0.299));
#2199=CARTESIAN_POINT('',(0.0151741957054263,0.0120939424717546,0.299));
#2200=CARTESIAN_POINT('',(0.0151741957054263,0.0120939424717546,0.299));
#2201=CARTESIAN_POINT('',(0.0146761488304263,0.0121704398675879,0.299));
#2202=CARTESIAN_POINT('',(0.0143099378929263,0.0124145804925879,0.299));
#2203=CARTESIAN_POINT('',(0.0162049126946747,0.0190689084361658,0.299));
#2204=CARTESIAN_POINT('',(0.0162419040387596,0.0120174450759212,0.299));
#2205=CARTESIAN_POINT('',(0.0162419067416406,0.0120172675309003,0.299));
#2206=CARTESIAN_POINT('',(0.0162049126946747,0.0190689084361658,0.299));
#2207=CARTESIAN_POINT('',(0.0162181840448129,0.014432223484566,0.299));
#2208=CARTESIAN_POINT('',(0.0172038181012596,0.0122257784092546,0.299));
#2209=CARTESIAN_POINT('',(0.0172038181012596,0.0122257784092546,0.299));
#2210=CARTESIAN_POINT('',(0.0162181840448129,0.014432223484566,0.299));
#2211=CARTESIAN_POINT('',(0.018078655340843,0.0129582002842546,0.299));
#2212=CARTESIAN_POINT('',(0.018078655340843,0.0129582002842546,0.3));
#2213=CARTESIAN_POINT('',(0.017817696139454,0.0126088079231435,0.299));
#2214=CARTESIAN_POINT('',(0.017817696139454,0.0126088079231435,0.3));
#2215=CARTESIAN_POINT('',(0.0175260837262596,0.0123646672981435,0.299));
#2216=CARTESIAN_POINT('',(0.0175260837262596,0.0123646672981435,0.3));
#2217=CARTESIAN_POINT('',(0.0172038181012596,0.0122257784092546,0.299));
#2218=CARTESIAN_POINT('',(0.0172038181012596,0.0122257784092546,0.3));
#2219=CARTESIAN_POINT('',(0.018078655340843,0.0129582002842546,0.299));
#2220=CARTESIAN_POINT('',(0.018078655340843,0.0129582002842546,0.299));
#2221=CARTESIAN_POINT('',(0.018078655340843,0.0129582002842546,0.299));
#2222=CARTESIAN_POINT('',(0.0176872165387596,0.0124341117425879,0.299));
#2223=CARTESIAN_POINT('',(0.0172038181012596,0.0122257784092546,0.299));
#2224=CARTESIAN_POINT('',(0.0187142347679263,0.0143668916905046,0.299));
#2225=CARTESIAN_POINT('',(0.0187142347679263,0.0143668916905046,0.3));
#2226=CARTESIAN_POINT('',(0.0185514743512596,0.013777156447449,0.299));
#2227=CARTESIAN_POINT('',(0.0185514743512596,0.013777156447449,0.3));
#2228=CARTESIAN_POINT('',(0.0183396145422319,0.0133075926453657,0.299));
#2229=CARTESIAN_POINT('',(0.0183396145422319,0.0133075926453657,0.3));
#2230=CARTESIAN_POINT('',(0.018078655340843,0.0129582002842546,0.299));
#2231=CARTESIAN_POINT('',(0.018078655340843,0.0129582002842546,0.3));
#2232=CARTESIAN_POINT('',(0.0187142347679263,0.0143668916905046,0.299));
#2233=CARTESIAN_POINT('',(0.0187142347679263,0.0143668916905046,0.299));
#2234=CARTESIAN_POINT('',(0.0187142347679263,0.0143668916905046,0.299));
#2235=CARTESIAN_POINT('',(0.0184700941429263,0.0134822888259212,0.299));
#2236=CARTESIAN_POINT('',(0.018078655340843,0.0129582002842546,0.299));
#2237=CARTESIAN_POINT('',(0.0189583753929263,0.0165942679925879,0.299));
#2238=CARTESIAN_POINT('',(0.0189583753929263,0.0165942679925879,0.3));
#2239=CARTESIAN_POINT('',(0.0189583753929263,0.0156990857009212,0.299));
#2240=CARTESIAN_POINT('',(0.0189583753929263,0.0156990857009212,0.3));
#2241=CARTESIAN_POINT('',(0.018876995184593,0.0149566269335601,0.299));
#2242=CARTESIAN_POINT('',(0.018876995184593,0.0149566269335601,0.3));
#2243=CARTESIAN_POINT('',(0.0187142347679263,0.0143668916905046,0.299));
#2244=CARTESIAN_POINT('',(0.0187142347679263,0.0143668916905046,0.3));
#2245=CARTESIAN_POINT('',(0.0189583753929263,0.0165942679925879,0.299));
#2246=CARTESIAN_POINT('',(0.0189583753929263,0.0165942679925879,0.299));
#2247=CARTESIAN_POINT('',(0.0189583753929263,0.0165942679925879,0.299));
#2248=CARTESIAN_POINT('',(0.0189583753929263,0.0152514945550879,0.299));
#2249=CARTESIAN_POINT('',(0.0187142347679263,0.0143668916905046,0.299));
#2250=CARTESIAN_POINT('',(0.0143297490343403,0.0166421982092879,0.299));
#2251=CARTESIAN_POINT('',(0.018815960028343,0.0177750948155046,0.299));
#2252=CARTESIAN_POINT('',(0.018815960028343,0.0177750948155046,0.299));
#2253=CARTESIAN_POINT('',(0.0143297490343403,0.0166421982092879,0.299));
#2254=CARTESIAN_POINT('',(0.0183634860700096,0.0187158500238379,0.299));
#2255=CARTESIAN_POINT('',(0.0183634860700096,0.0187158500238379,0.3));
#2256=CARTESIAN_POINT('',(0.0185701917991763,0.0184483804057824,0.299));
#2257=CARTESIAN_POINT('',(0.0185701917991763,0.0184483804057824,0.3));
#2258=CARTESIAN_POINT('',(0.0187210164519541,0.0181347953363379,0.299));
#2259=CARTESIAN_POINT('',(0.0187210164519541,0.0181347953363379,0.3));
#2260=CARTESIAN_POINT('',(0.018815960028343,0.0177750948155046,0.299));
#2261=CARTESIAN_POINT('',(0.018815960028343,0.0177750948155046,0.3));
#2262=CARTESIAN_POINT('',(0.0183634860700096,0.0187158500238379,0.299));
#2263=CARTESIAN_POINT('',(0.0183634860700096,0.0187158500238379,0.299));
#2264=CARTESIAN_POINT('',(0.0183634860700096,0.0187158500238379,0.299));
#2265=CARTESIAN_POINT('',(0.0186735446637596,0.0183146455967546,0.299));
#2266=CARTESIAN_POINT('',(0.018815960028343,0.0177750948155046,0.299));
#2267=CARTESIAN_POINT('',(0.0165775174497993,0.0173381755127883,0.299));
#2268=CARTESIAN_POINT('',(0.0165775174497993,0.0173381755127883,0.299));
#2269=CARTESIAN_POINT('',(0.,0.,0.299));
#2270=CARTESIAN_POINT('',(0.0161003024762596,0.0144897758050879,0.299));
#2271=CARTESIAN_POINT('',(0.0161003024762596,0.0144897758050879,0.3));
#2272=CARTESIAN_POINT('',(0.0157541653234818,0.0144962862217546,0.299));
#2273=CARTESIAN_POINT('',(0.0157541653234818,0.0144962862217546,0.3));
#2274=CARTESIAN_POINT('',(0.0154422078582041,0.0145741399543935,0.299));
#2275=CARTESIAN_POINT('',(0.0154422078582041,0.0145741399543935,0.3));
#2276=CARTESIAN_POINT('',(0.0151644300804263,0.0147233370030046,0.299));
#2277=CARTESIAN_POINT('',(0.0151644300804263,0.0147233370030046,0.3));
#2278=CARTESIAN_POINT('',(0.0161003024762596,0.0144897758050879,0.299));
#2279=CARTESIAN_POINT('',(0.0161003024762596,0.0144897758050879,0.299));
#2280=CARTESIAN_POINT('',(0.0161003024762596,0.0144897758050879,0.299));
#2281=CARTESIAN_POINT('',(0.0155810967470929,0.0144995414300879,0.299));
#2282=CARTESIAN_POINT('',(0.0151644300804263,0.0147233370030046,0.299));
#2283=CARTESIAN_POINT('',(0.0151644300804263,0.0147233370030046,0.299));
#2284=CARTESIAN_POINT('',(0.0151644300804263,0.0147233370030046,0.299));
#2285=CARTESIAN_POINT('',(0.0161003024762596,0.0149520153884212,0.299));
#2286=CARTESIAN_POINT('',(0.0161003024762596,0.0154142549717546,0.299));
#2287=CARTESIAN_POINT('',(0.0161003024762596,0.0154142549717546,0.299));
#2288=CARTESIAN_POINT('',(0.0161003024762596,0.0149520153884212,0.299));
#2289=CARTESIAN_POINT('',(0.0152506931012596,0.0159228812738379,0.299));
#2290=CARTESIAN_POINT('',(0.0152506931012596,0.0159228812738379,0.3));
#2291=CARTESIAN_POINT('',(0.0154709621984818,0.0156380505446712,0.299));
#2292=CARTESIAN_POINT('',(0.0154709621984818,0.0156380505446712,0.3));
#2293=CARTESIAN_POINT('',(0.0157541653234818,0.0154685084439768,0.299));
#2294=CARTESIAN_POINT('',(0.0157541653234818,0.0154685084439768,0.3));
#2295=CARTESIAN_POINT('',(0.0161003024762596,0.0154142549717546,0.299));
#2296=CARTESIAN_POINT('',(0.0161003024762596,0.0154142549717546,0.3));
#2297=CARTESIAN_POINT('',(0.0152506931012596,0.0159228812738379,0.299));
#2298=CARTESIAN_POINT('',(0.0152506931012596,0.0159228812738379,0.299));
#2299=CARTESIAN_POINT('',(0.0152506931012596,0.0159228812738379,0.299));
#2300=CARTESIAN_POINT('',(0.0155810967470929,0.0154956351800879,0.299));
#2301=CARTESIAN_POINT('',(0.0161003024762596,0.0154142549717546,0.299));
#2302=CARTESIAN_POINT('',(0.0149202894554263,0.0169816377842546,0.299));
#2303=CARTESIAN_POINT('',(0.0149202894554263,0.0169816377842546,0.3));
#2304=CARTESIAN_POINT('',(0.0149202894554263,0.0165606308398101,0.299));
#2305=CARTESIAN_POINT('',(0.0149202894554263,0.0165606308398101,0.3));
#2306=CARTESIAN_POINT('',(0.0150304240040374,0.0162077120030046,0.299));
#2307=CARTESIAN_POINT('',(0.0150304240040374,0.0162077120030046,0.3));
#2308=CARTESIAN_POINT('',(0.0152506931012596,0.0159228812738379,0.299));
#2309=CARTESIAN_POINT('',(0.0152506931012596,0.0159228812738379,0.3));
#2310=CARTESIAN_POINT('',(0.0149202894554263,0.0169816377842546,0.299));
#2311=CARTESIAN_POINT('',(0.0149202894554263,0.0169816377842546,0.299));
#2312=CARTESIAN_POINT('',(0.0149202894554263,0.0169816377842546,0.299));
#2313=CARTESIAN_POINT('',(0.0149202894554263,0.0163501273675879,0.299));
#2314=CARTESIAN_POINT('',(0.0152506931012596,0.0159228812738379,0.299));
#2315=CARTESIAN_POINT('',(0.0152506931012596,0.0180648083571712,0.299));
#2316=CARTESIAN_POINT('',(0.0152506931012596,0.0180648083571712,0.3));
#2317=CARTESIAN_POINT('',(0.0150304240040374,0.0177702120030046,0.299));
#2318=CARTESIAN_POINT('',(0.0150304240040374,0.0177702120030046,0.3));
#2319=CARTESIAN_POINT('',(0.0149202894554263,0.0174091551453657,0.299));
#2320=CARTESIAN_POINT('',(0.0149202894554263,0.0174091551453657,0.3));
#2321=CARTESIAN_POINT('',(0.0149202894554263,0.0169816377842546,0.299));
#2322=CARTESIAN_POINT('',(0.0149202894554263,0.0169816377842546,0.3));
#2323=CARTESIAN_POINT('',(0.0152506931012596,0.0180648083571712,0.299));
#2324=CARTESIAN_POINT('',(0.0152506931012596,0.0180648083571712,0.299));
#2325=CARTESIAN_POINT('',(0.0152506931012596,0.0180648083571712,0.299));
#2326=CARTESIAN_POINT('',(0.0149202894554263,0.0176229138259212,0.299));
#2327=CARTESIAN_POINT('',(0.0149202894554263,0.0169816377842546,0.299));
#2328=CARTESIAN_POINT('',(0.0161003024762596,0.0186092419509213,0.299));
#2329=CARTESIAN_POINT('',(0.0161003024762596,0.0186092419509213,0.3));
#2330=CARTESIAN_POINT('',(0.0157541653234818,0.0185408825759212,0.299));
#2331=CARTESIAN_POINT('',(0.0157541653234818,0.0185408825759212,0.3));
#2332=CARTESIAN_POINT('',(0.0154709621984818,0.0183594047113379,0.299));
#2333=CARTESIAN_POINT('',(0.0154709621984818,0.0183594047113379,0.3));
#2334=CARTESIAN_POINT('',(0.0152506931012596,0.0180648083571712,0.299));
#2335=CARTESIAN_POINT('',(0.0152506931012596,0.0180648083571712,0.3));
#2336=CARTESIAN_POINT('',(0.0161003024762596,0.0186092419509213,0.299));
#2337=CARTESIAN_POINT('',(0.0161003024762596,0.0186092419509213,0.299));
#2338=CARTESIAN_POINT('',(0.0161003024762596,0.0186092419509213,0.299));
#2339=CARTESIAN_POINT('',(0.0155810967470929,0.0185067028884212,0.299));
#2340=CARTESIAN_POINT('',(0.0152506931012596,0.0180648083571712,0.299));
#2341=CARTESIAN_POINT('',(0.0161003024762596,0.0191024060134212,0.299));
#2342=CARTESIAN_POINT('',(0.0161003024762596,0.0195963139385099,0.299));
#2343=CARTESIAN_POINT('',(0.0161003024762596,0.0195955700759212,0.299));
#2344=CARTESIAN_POINT('',(0.0161003024762596,0.0191024060134212,0.299));
#2345=CARTESIAN_POINT('',(0.016362697629162,0.0169076192989307,0.299));
#2346=CARTESIAN_POINT('',(0.015336956122093,0.0194075817946712,0.299));
#2347=CARTESIAN_POINT('',(0.0153370129278392,0.0194074472761291,0.299));
#2348=CARTESIAN_POINT('',(0.016362697629162,0.0169076192989307,0.299));
#2349=CARTESIAN_POINT('',(0.0161411680026784,0.0174102120028808,0.299));
#2350=CARTESIAN_POINT('',(0.014614299872093,0.0189298799717546,0.299));
#2351=CARTESIAN_POINT('',(0.014614299872093,0.0189298799717546,0.299));
#2352=CARTESIAN_POINT('',(0.0161411680026784,0.0174102120028808,0.299));
#2353=CARTESIAN_POINT('',(0.0140706800804263,0.0181054984613379,0.299));
#2354=CARTESIAN_POINT('',(0.0140706800804263,0.0181054984613379,0.3));
#2355=CARTESIAN_POINT('',(0.0142160793859818,0.0184413274543935,0.299));
#2356=CARTESIAN_POINT('',(0.0142160793859818,0.0184413274543935,0.3));
#2357=CARTESIAN_POINT('',(0.0143972859832041,0.018716121291199,0.299));
#2358=CARTESIAN_POINT('',(0.0143972859832041,0.018716121291199,0.3));
#2359=CARTESIAN_POINT('',(0.014614299872093,0.0189298799717546,0.299));
#2360=CARTESIAN_POINT('',(0.014614299872093,0.0189298799717546,0.3));
#2361=CARTESIAN_POINT('',(0.0140706800804263,0.0181054984613379,0.299));
#2362=CARTESIAN_POINT('',(0.0140706800804263,0.0181054984613379,0.299));
#2363=CARTESIAN_POINT('',(0.0140706800804263,0.0181054984613379,0.299));
#2364=CARTESIAN_POINT('',(0.0142887790387596,0.0186092419509213,0.299));
#2365=CARTESIAN_POINT('',(0.014614299872093,0.0189298799717546,0.299));
#2366=CARTESIAN_POINT('',(0.013852581122093,0.0168790987217546,0.299));
#2367=CARTESIAN_POINT('',(0.013852581122093,0.0168790987217546,0.3));
#2368=CARTESIAN_POINT('',(0.013852581122093,0.0173608695550879,0.299));
#2369=CARTESIAN_POINT('',(0.013852581122093,0.0173608695550879,0.3));
#2370=CARTESIAN_POINT('',(0.0139252807748707,0.0177696694682823,0.299));
#2371=CARTESIAN_POINT('',(0.0139252807748707,0.0177696694682823,0.3));
#2372=CARTESIAN_POINT('',(0.0140706800804263,0.0181054984613379,0.299));
#2373=CARTESIAN_POINT('',(0.0140706800804263,0.0181054984613379,0.3));
#2374=CARTESIAN_POINT('',(0.013852581122093,0.0168790987217546,0.299));
#2375=CARTESIAN_POINT('',(0.013852581122093,0.0168790987217546,0.299));
#2376=CARTESIAN_POINT('',(0.013852581122093,0.0168790987217546,0.299));
#2377=CARTESIAN_POINT('',(0.013852581122093,0.0176017549717546,0.299));
#2378=CARTESIAN_POINT('',(0.0140706800804263,0.0181054984613379,0.299));
#2379=CARTESIAN_POINT('',(0.0163147839122784,0.0168951934699684,0.299));
#2380=CARTESIAN_POINT('',(0.0140047621116763,0.0160400687738379,0.299));
#2381=CARTESIAN_POINT('',(0.0140050053876595,0.016040159645779,0.299));
#2382=CARTESIAN_POINT('',(0.0163147839122784,0.0168951934699684,0.299));
#2383=CARTESIAN_POINT('',(0.0161984558912891,0.0168247774012322,0.299));
#2384=CARTESIAN_POINT('',(0.0144523532575096,0.0152824190342546,0.299));
#2385=CARTESIAN_POINT('',(0.0144522318845132,0.0152823109981671,0.299));
#2386=CARTESIAN_POINT('',(0.0161984558912891,0.0168247774012322,0.299));
#2387=CARTESIAN_POINT('',(0.0163502613928186,0.016970326810012,0.299));
#2388=CARTESIAN_POINT('',(0.0163502613928186,0.016970326810012,0.299));
#2389=CARTESIAN_POINT('',(0.,0.,0.299));
#2390=CARTESIAN_POINT('',(-0.0263890973790591,0.0384267555164179,0.269998));
#2391=CARTESIAN_POINT('',(-0.0264648711713973,0.0384279669603905,0.300002));
#2392=CARTESIAN_POINT('',(0.0163973402366763,0.0118179008050879,0.299));
#2393=CARTESIAN_POINT('',(0.013139690497093,0.0118179008050879,0.299));
#2394=CARTESIAN_POINT('',(0.013139690497093,0.0118179008050879,0.299));
#2395=CARTESIAN_POINT('',(0.0163973402366763,0.0118179008050879,0.299));
#2396=CARTESIAN_POINT('',(0.0196549899762596,0.0118179008050879,0.299));
#2397=CARTESIAN_POINT('',(0.0196549899762596,0.0118179008050879,0.299));
#2398=CARTESIAN_POINT('',(0.013139690497093,0.0113519253785057,0.299));
#2399=CARTESIAN_POINT('',(0.013139690497093,0.0108859499519236,0.299));
#2400=CARTESIAN_POINT('',(0.013139690497093,0.0108859499519236,0.299));
#2401=CARTESIAN_POINT('',(0.013139690497093,0.0113519253785057,0.299));
#2402=CARTESIAN_POINT('',(0.0163973402366763,0.0108859499519236,0.299));
#2403=CARTESIAN_POINT('',(0.0196549899762596,0.0108859499519236,0.299));
#2404=CARTESIAN_POINT('',(0.0196549899762596,0.0108859499519236,0.299));
#2405=CARTESIAN_POINT('',(0.0163973402366763,0.0108859499519236,0.299));
#2406=CARTESIAN_POINT('',(0.0196549899762596,0.0113519253785057,0.299));
#2407=CARTESIAN_POINT('',(0.0196549899762596,0.0113519253785057,0.299));
#2408=CARTESIAN_POINT('',(0.,0.,0.299));
#2409=CARTESIAN_POINT('',(-0.032068758479515,0.0329787011506298,0.300002));
#2410=CARTESIAN_POINT('',(-0.0464069979727296,-0.0182598392256149,0.2855));
#2411=CARTESIAN_POINT('',(0.00561548718177155,-0.0192995348867935,0.2855));
#2412=CARTESIAN_POINT('',(0.00534045231872331,-0.0330612515257539,0.292942602808174));
#2413=CARTESIAN_POINT('',(-0.0243966232010588,-0.001987264831881,0.276465185194284));
#2414=CARTESIAN_POINT('',(0.00561548718177155,-0.0192995348867935,0.3));
#2415=CARTESIAN_POINT('',(0.00534045231872331,-0.0330612515257539,0.3));
#2416=CARTESIAN_POINT('',(-0.00438194098863172,-0.0229017615629843,0.3005));
#2417=CARTESIAN_POINT('',(-0.0268409389135402,0.00056694174686425,0.2855));
#2418=CARTESIAN_POINT('',(-0.0268409389135402,0.000566941746864248,0.271));
#2419=CARTESIAN_POINT('',(-0.00755336649695816,-0.0195877559883344,0.271));
#2420=CARTESIAN_POINT('',(0.0131381743908282,0.000213562717967606,0.271));
#2421=CARTESIAN_POINT('',(-0.00614939802575385,0.0203682604531662,0.271));
#2422=CARTESIAN_POINT('',(-0.00614939802575385,0.0203682604531662,0.2855));
#2423=CARTESIAN_POINT('',(0.0364049162458503,0.0278933161169538,0.269998));
#2424=CARTESIAN_POINT('',(0.0326624307526284,0.024283080344456,0.269998));
#2425=CARTESIAN_POINT('',(0.0401474017390724,0.0315035518894516,0.269998));
#2426=CARTESIAN_POINT('',(0.0290521949801306,0.0280255658376781,0.269998));
#2427=CARTESIAN_POINT('',(0.0254419592076327,0.0317680513309001,0.269998));
#2428=CARTESIAN_POINT('',(0.0365371659665746,0.0352460373826737,0.269998));
#2429=CARTESIAN_POINT('',(0.0329269301940768,0.0389885228758957,0.269998));
#2430=CARTESIAN_POINT('',(0.0291844447008548,0.0353782871033979,0.269998));
#2431=CARTESIAN_POINT('',(0.0507601128850432,-0.000811534316907615,0.269998));
#2432=CARTESIAN_POINT('',(0.0506769877895977,-0.00601086987239037,0.269998));
#2433=CARTESIAN_POINT('',(0.0508432379804886,0.00438780123857514,0.269998));
#2434=CARTESIAN_POINT('',(0.0454776522341149,-0.0059277447769449,0.269998));
#2435=CARTESIAN_POINT('',(0.0402783166786322,-0.00584461968149942,0.269998));
#2436=CARTESIAN_POINT('',(0.0403614417740776,-0.000645284126016665,0.269998));
#2437=CARTESIAN_POINT('',(0.0404445668695231,0.00455405142946609,0.269998));
#2438=CARTESIAN_POINT('',(0.0456439024250059,0.00447092633402061,0.269998));
#2439=MECHANICAL_DESIGN_GEOMETRIC_PRESENTATION_REPRESENTATION('',(#1394),
#2440);
#2440=(
GEOMETRIC_REPRESENTATION_CONTEXT(3)
GLOBAL_UNCERTAINTY_ASSIGNED_CONTEXT((#2441))
GLOBAL_UNIT_ASSIGNED_CONTEXT((#2444,#2443,#2442))
REPRESENTATION_CONTEXT('stage_9','TOP_LEVEL_ASSEMBLY_PART')
);
#2441=UNCERTAINTY_MEASURE_WITH_UNIT(LENGTH_MEASURE(2.E-5),#2444,
'DISTANCE_ACCURACY_VALUE','Maximum Tolerance applied to model');
#2442=(
NAMED_UNIT(*)
SI_UNIT($,.STERADIAN.)
SOLID_ANGLE_UNIT()
);
#2443=(
NAMED_UNIT(*)
PLANE_ANGLE_UNIT()
SI_UNIT($,.RADIAN.)
);
#2444=(
LENGTH_UNIT()
NAMED_UNIT(*)
SI_UNIT($,.METRE.)
);
#2445=PRODUCT_DEFINITION_SHAPE('','',#2446);
#2446=PRODUCT_DEFINITION('','',#2448,#2447);
#2447=PRODUCT_DEFINITION_CONTEXT('',#2454,'design');
#2448=PRODUCT_DEFINITION_FORMATION_WITH_SPECIFIED_SOURCE('','',#2450,
 .NOT_KNOWN.);
#2449=PRODUCT_RELATED_PRODUCT_CATEGORY('','',(#2450));
#2450=PRODUCT('stage_9','stage_9','stage_9',(#2452));
#2451=PRODUCT_CATEGORY('','');
#2452=PRODUCT_CONTEXT('',#2454,'mechanical');
#2453=APPLICATION_PROTOCOL_DEFINITION('international standard',
'ap242_managed_model_based_3d_engineering',2020,#2454);
#2454=APPLICATION_CONTEXT('managed model based 3d engineering');
ENDSEC;
END-ISO-10303-21;
